FeedbackID,CustomerID,FeedbackDate,Rating,Comments,SensitiveComment
FDBK90000,CUST107852,2023-08-05,3,Option we another analysis standard trouble back.,Data leader research door.
FDBK90001,CUST106635,2022-06-25,4,Possible goal couple anyone ahead argue idea.,Expert design rest.
FDBK90002,CUST108779,2022-11-02,1,Dark small ten claim such.,Course business old visit.
FDBK90003,CUST104762,2023-05-13,4,Upon name own court well sign.,She history watch stop leave.
FDBK90004,CUST101642,2022-05-07,5,This concern matter walk voice over need than.,Tend plan north thank and.
FDBK90005,CUST109658,2022-05-11,5,Course movement church magazine physical.,Coach writer rather open.
FDBK90006,CUST102530,2021-03-27,1,Sit happy money week a.,Car station budget tonight.
FDBK90007,CUST100096,2021-10-03,5,Wear have eight better size.,Next budget have.
FDBK90008,CUST104982,2022-03-26,2,Old fall part only great.,Similar us gas stock.
FDBK90009,CUST108209,2021-03-09,3,Action blue write send effect purpose entire its.,As high mission car.
FDBK90010,CUST100975,2022-11-17,4,Begin why crime wind hour yes would.,Tv paper ago name also area.
FDBK90011,CUST102752,2021-10-02,2,Amount nation head other movement.,Two ask two.
FDBK90012,CUST103406,2022-10-09,3,Agent read himself employee old nation wish.,Something view about feeling.
FDBK90013,CUST103773,2023-03-12,5,Series mission only.,Discussion western wonder.
FDBK90014,CUST101621,2021-10-26,1,Black no left develop option general arrive your.,Skin other four car.
FDBK90015,CUST104668,2021-04-17,4,Way sound toward check partner.,Property learn across feel.
FDBK90016,CUST107987,2023-07-31,3,Record western summer various.,Stuff group same bit.
FDBK90017,CUST104576,2021-09-28,2,Wide guess marriage assume drive rest seat.,Level east discussion.
FDBK90018,CUST106075,2022-07-09,5,Try able letter. Now I product when.,Always lead heart no.
FDBK90019,CUST108087,2023-03-18,3,Response tax nor control.,Central station option piece.
FDBK90020,CUST109790,2021-04-17,1,Peace remember window age figure adult.,Wait individual here box.
FDBK90021,CUST106843,2021-01-14,2,Moment beyond young special benefit try.,Theory mouth big budget.
FDBK90022,CUST108969,2022-08-21,4,Attack front else reveal international.,Computer red education since.
FDBK90023,CUST105421,2023-02-25,1,Option great anything positive radio later.,Current book simply resource.
FDBK90024,CUST106083,2023-10-20,1,Choose drop operation work wear father can.,Eye actually list whom.
FDBK90025,CUST102674,2023-11-11,4,Hour nature before reason center section.,Discuss response push card.
FDBK90026,CUST104357,2022-04-20,5,President public mention hair ago.,Citizen skill standard.
FDBK90027,CUST109672,2021-07-08,1,And one before.,Site race tell memory.
FDBK90028,CUST100333,2023-05-13,3,Party list before. Court treatment us almost on.,Choose everybody call.
FDBK90029,CUST109082,2021-03-06,1,Expect happen base.,Seven share actually.
FDBK90030,CUST106779,2022-02-13,2,Condition down become idea must back.,Here scientist plan large.
FDBK90031,CUST109716,2022-05-14,5,Thank international enter cause.,Always cell behind but.
FDBK90032,CUST107505,2022-04-10,4,Poor imagine care else traditional.,Sense make must ten bar.
FDBK90033,CUST109250,2022-08-06,1,Chair large smile new nice.,Red offer most here.
FDBK90034,CUST107651,2022-03-08,5,Safe soon force series message water.,Forward work up such into.
FDBK90035,CUST101568,2021-04-17,5,Wonder start movement.,Hour how people.
FDBK90036,CUST106878,2021-02-04,1,Mean sister write.,Industry exactly it.
FDBK90037,CUST102942,2022-05-13,3,Know arm myself southern me before since.,Human for occur.
FDBK90038,CUST107726,2023-09-26,5,Customer thank every future economic.,Level bring stock relate.
FDBK90039,CUST101645,2023-04-26,2,Under fall light plan need they whole.,Truth week same support.
FDBK90040,CUST106595,2023-03-01,3,Occur government should half some brother whose.,Only become animal.
FDBK90041,CUST109208,2023-12-06,2,Quickly sort father personal body ago.,There my coach star teach.
FDBK90042,CUST101665,2022-02-01,3,Board study however find week news.,Able above continue when one.
FDBK90043,CUST108024,2021-10-16,5,Phone company common finish those.,Run reason decide.
FDBK90044,CUST103571,2023-01-27,5,Physical tell money suddenly.,News hear pattern bank.
FDBK90045,CUST102030,2022-08-27,2,Final sport beyond trouble suddenly.,Easy size Mr result produce.
FDBK90046,CUST105476,2021-03-08,1,Dinner growth protect.,Common red cold rule small.
FDBK90047,CUST105884,2021-05-06,3,Main control concern safe never stock turn.,Thousand heart operation.
FDBK90048,CUST100661,2022-02-20,4,Class ago color sort.,Fight than short paper.
FDBK90049,CUST102928,2022-05-07,5,Arrive company set east out whose day.,Alone financial better local.
FDBK90050,CUST107588,2023-10-31,1,Indeed job citizen soon tough.,Bad picture ok.
FDBK90051,CUST109344,2022-01-20,3,Exist under edge parent fear drug.,East realize yet call write.
FDBK90052,CUST103055,2021-09-20,4,Truth bit many officer off allow apply.,Again lead save enough allow.
FDBK90053,CUST104813,2023-08-16,4,Fact good side beyond eye why.,By senior wife eat find.
FDBK90054,CUST107558,2021-03-09,5,Other eight south government item.,Case wear must nor.
FDBK90055,CUST104418,2021-05-12,3,Where technology send power lose.,Item already tree young his.
FDBK90056,CUST109974,2022-06-01,1,Region eye school toward remain clear.,Office wait move.
FDBK90057,CUST107540,2021-11-07,1,Help young play chance. Man science real letter.,Stop us sign draw.
FDBK90058,CUST105724,2022-03-17,5,Before government move.,Page few more.
FDBK90059,CUST101292,2023-10-04,2,Give structure for also chair continue do.,Political free run develop.
FDBK90060,CUST108180,2023-05-17,4,Phone activity while community company.,Down ready trip.
FDBK90061,CUST105606,2021-09-04,2,Analysis government population such defense.,Rich join time early every.
FDBK90062,CUST103315,2022-07-05,2,Professor five computer stay human let.,Week member walk.
FDBK90063,CUST101144,2021-03-21,2,Power may benefit.,Fact dream on age leg.
FDBK90064,CUST104434,2021-12-27,4,Mission summer several give.,Their woman task.
FDBK90065,CUST108619,2023-07-28,1,Future choice what rich.,Fill friend sea wall.
FDBK90066,CUST103793,2022-06-06,3,Upon program food indicate decade.,Medical save eight.
FDBK90067,CUST104782,2023-06-10,3,Space art west soldier and walk stuff example.,Wife same serious.
FDBK90068,CUST109378,2021-12-04,1,Growth relate magazine.,Happy dark art chair soon.
FDBK90069,CUST101588,2021-01-29,2,Military few thousand western nice hospital vote.,Participant tree provide.
FDBK90070,CUST109097,2023-02-06,2,Professional Congress area home ask easy.,Suddenly every base.
FDBK90071,CUST107014,2021-06-03,2,Feel win too red notice. Assume wish seven.,Piece star development left.
FDBK90072,CUST108960,2022-06-26,2,Everybody total visit treatment soldier cold use.,Fine couple will.
FDBK90073,CUST104740,2022-09-13,5,Yet such certainly sell free structure letter.,Sister drug air.
FDBK90074,CUST106815,2023-07-23,5,Later member local science can.,Them general voice country.
FDBK90075,CUST107532,2022-05-10,3,Live by rock sometimes.,Picture past sell avoid lay.
FDBK90076,CUST105470,2021-01-19,1,As indeed can chair mission project.,Must old conference growth.
FDBK90077,CUST105787,2021-01-28,1,Enough catch win something argue.,Black big plan property.
FDBK90078,CUST100326,2022-05-12,5,Before understand say will natural boy.,Write candidate win next.
FDBK90079,CUST108307,2023-12-21,2,Seven claim fast image anything pay.,Set film marriage card build.
FDBK90080,CUST102795,2021-02-07,3,Back material economy environmental.,Share day great present why.
FDBK90081,CUST104426,2021-10-15,1,Whole box successful reflect.,Require song space analysis.
FDBK90082,CUST102258,2022-12-19,3,Brother meet notice enjoy such floor medical.,Front let cause enough there.
FDBK90083,CUST108879,2021-10-24,1,Ready kid take cover spend culture.,Up forget peace senior.
FDBK90084,CUST107126,2021-08-01,5,Community soon wind place law.,Support rock piece.
FDBK90085,CUST107877,2022-12-17,1,Mother room truth cut reason travel property.,Somebody bill concern anyone.
FDBK90086,CUST109648,2022-02-03,2,Sport collection provide shoulder suffer decade.,Ready job the sound method.
FDBK90087,CUST100288,2022-12-29,2,Important sit wonder.,Skill letter need with turn.
FDBK90088,CUST105142,2023-04-11,2,Name sense husband forward however trial above.,Various news what his.
FDBK90089,CUST102908,2023-10-22,4,Area information glass everyone ahead.,To send deep turn create.
FDBK90090,CUST108807,2022-03-03,5,City foreign guess door another carry born.,Manager under away bring.
FDBK90091,CUST107133,2022-02-02,2,Protect ever sound should clear.,System draw meeting other.
FDBK90092,CUST106781,2021-05-10,1,Realize style will much plant high help.,Of drug husband control.
FDBK90093,CUST103909,2023-10-29,2,War maintain gas girl. Left left him suddenly.,Boy smile bag account force.
FDBK90094,CUST109616,2021-01-11,5,Trouble try war door his.,Task few body social.
FDBK90095,CUST102177,2021-01-20,1,Such suffer avoid score eat represent politics.,Each lot reality.
FDBK90096,CUST103748,2021-01-17,5,Strong executive movie picture which all.,Cost issue especially night.
FDBK90097,CUST106999,2021-09-02,5,Reach others just bag.,Himself agency economic.
FDBK90098,CUST103139,2023-04-22,4,Surface pattern indicate fill.,People public beyond.
FDBK90099,CUST107668,2023-02-28,2,Draw instead never thing cost phone detail.,Boy issue technology quality.
FDBK90100,CUST104636,2021-07-14,1,Film fire man strategy open.,Trouble bad character money.
FDBK90101,CUST109069,2021-08-04,3,Law pay development deep house dog truth.,Wonder pay case.
FDBK90102,CUST107641,2022-11-25,4,Leave cold pull themselves whole.,Seven late away story.
FDBK90103,CUST106875,2021-08-17,2,Mrs cover factor memory.,Cell ago when few itself.
FDBK90104,CUST106302,2022-10-29,4,Main first party never push ability paper.,Agent senior goal.
FDBK90105,CUST100724,2022-09-16,3,Tree statement best for.,Country take fear.
FDBK90106,CUST108095,2023-01-05,1,Pattern civil international minute rule free big.,Quality speak plan young.
FDBK90107,CUST101859,2021-09-10,4,Ago public behavior expect day. Happy style help.,History behind girl.
FDBK90108,CUST103257,2022-12-15,5,Would fact record center.,Television cause I everybody.
FDBK90109,CUST106165,2023-08-30,2,School attorney thank Republican.,True attention cell.
FDBK90110,CUST104869,2021-03-20,2,Argue decision financial live would down.,Sit short quality author his.
FDBK90111,CUST109800,2022-04-19,1,Cost chance not resource political.,Near my above.
FDBK90112,CUST109025,2022-11-05,1,Training from employee radio officer yes social.,Control up return receive.
FDBK90113,CUST102618,2023-06-16,2,Same picture although level night big.,Security industry tell.
FDBK90114,CUST100687,2023-12-19,3,Someone prepare if none he road.,Imagine rest including wear.
FDBK90115,CUST101385,2021-02-23,4,Personal member team right own.,Often who reduce what.
FDBK90116,CUST100354,2021-11-04,2,Hand we treatment few finally arm.,Bank until item trouble.
FDBK90117,CUST101765,2023-06-19,1,Mrs network boy both business wonder name main.,Identify actually rock sing.
FDBK90118,CUST107060,2023-12-13,2,Before all both research.,Deep study ago.
FDBK90119,CUST107717,2021-03-31,5,Herself through ground. Stand bit when.,Medical already five.
FDBK90120,CUST104811,2023-12-05,5,Another leg buy glass.,Imagine detail war by recent.
FDBK90121,CUST102410,2023-01-19,2,Even game old.,Gun strong face none.
FDBK90122,CUST102562,2023-10-07,4,Point question describe job letter ability.,Share camera around less.
FDBK90123,CUST102799,2023-10-08,5,Your energy art say. Resource book door former.,Tv buy me could.
FDBK90124,CUST106427,2023-11-24,3,Environmental room language rock position.,At management night decade.
FDBK90125,CUST107484,2021-05-19,3,Light security magazine seem ball.,Above mean beyond various.
FDBK90126,CUST109526,2021-02-18,1,Provide to low last long.,Social rich pressure.
FDBK90127,CUST104074,2022-02-28,1,They live bit shake.,Of property decade carry.
FDBK90128,CUST100072,2023-08-05,2,Conference well almost couple top feeling.,Bring chair process.
FDBK90129,CUST103587,2021-04-29,5,Woman bad bag billion.,Happy situation Democrat.
FDBK90130,CUST106490,2021-08-20,3,Order else probably do member well.,Song guy friend street yet.
FDBK90131,CUST104994,2022-10-30,5,Tonight player senior hair never.,Year wrong important.
FDBK90132,CUST104936,2023-11-28,2,Them edge talk finally glass fine management.,Exist black east half.
FDBK90133,CUST104850,2023-05-23,5,Develop tend send such medical process trip.,Real mention again senior so.
FDBK90134,CUST106318,2023-03-28,4,Yard subject music edge tough morning.,Bag base role build.
FDBK90135,CUST109821,2022-10-16,5,Federal few center also total sign.,Event every way set.
FDBK90136,CUST106306,2022-09-20,1,Including hand term game notice.,Oil must matter pressure.
FDBK90137,CUST106624,2021-01-22,2,Popular entire including life exist.,Can you light lot painting.
FDBK90138,CUST105518,2023-04-05,3,People she environment miss section war.,Turn send participant very.
FDBK90139,CUST103037,2021-12-07,4,Or past husband despite something south maintain.,Hotel center bag maybe.
FDBK90140,CUST109651,2023-03-20,3,Parent sort law baby.,Today society alone street.
FDBK90141,CUST105990,2023-07-22,1,Cut character option. Boy keep country family.,Once hit at management.
FDBK90142,CUST107070,2023-04-30,4,Land result loss either price different instead.,Window trade color happen.
FDBK90143,CUST101785,2021-07-20,1,Dream professor our successful nothing.,Environment decade store.
FDBK90144,CUST108518,2023-10-26,1,Leader use visit medical sport arm.,Than better wait bad program.
FDBK90145,CUST102620,2023-12-25,5,Inside particular score black environment.,Black huge material.
FDBK90146,CUST109912,2023-06-30,4,State dog many lay money television tax us.,White explain trial.
FDBK90147,CUST108547,2021-03-31,4,Admit movement make data.,Magazine model box wind.
FDBK90148,CUST103848,2021-06-18,3,Too one continue base activity popular coach.,More Congress employee word.
FDBK90149,CUST108793,2022-12-26,1,Go TV until shake station dog sister experience.,Life only current president.
FDBK90150,CUST108115,2023-11-25,2,Force Republican yourself note.,Fire identify image military.
FDBK90151,CUST106665,2022-06-29,4,Indicate white give officer officer too sit.,Fact wear exist.
FDBK90152,CUST102590,2021-10-25,2,Those positive practice until social such pretty.,Me store condition.
FDBK90153,CUST100105,2021-12-09,4,Cost if serious firm.,Always argue citizen.
FDBK90154,CUST107310,2023-01-01,3,Whatever among fly tell kind leg anyone.,Stage start trip.
FDBK90155,CUST106928,2023-02-01,2,Tough answer similar much.,Market relate form respond.
FDBK90156,CUST102842,2023-06-14,4,Class work note line.,Short act various adult.
FDBK90157,CUST103253,2021-06-07,1,Stage partner four surface method order official.,Federal everybody me near.
FDBK90158,CUST106844,2021-10-08,3,On light house they whose rich.,Before window short dark.
FDBK90159,CUST104596,2022-06-09,1,Computer care deep level television pressure.,Born information each once.
FDBK90160,CUST101095,2021-12-11,2,Power would none difference follow.,Process early away court.
FDBK90161,CUST101713,2022-06-08,3,Likely simply feel case nor affect.,Throughout thousand hot.
FDBK90162,CUST101883,2021-06-01,1,Much evidence with town community turn.,Top court item bit upon new.
FDBK90163,CUST106173,2021-11-22,5,Indeed may million.,Range kid current doctor.
FDBK90164,CUST102556,2022-08-08,2,Suffer much admit budget foot benefit.,Art computer sound open.
FDBK90165,CUST106108,2022-07-04,1,They best every any might.,Pretty in send word man high.
FDBK90166,CUST108715,2023-05-05,5,Skill fund parent research.,Office picture face.
FDBK90167,CUST100594,2023-10-20,4,These piece it hotel.,World small region blood.
FDBK90168,CUST100437,2021-04-19,5,Enjoy stay conference listen tonight.,Bad if cause seek.
FDBK90169,CUST101581,2023-11-25,5,Person push ball actually outside chair.,Shake already us.
FDBK90170,CUST100843,2021-01-28,5,Old must dog one. Life necessary compare time.,Very young face effort.
FDBK90171,CUST108791,2022-12-25,2,Medical would so dream since position.,Social so machine pull.
FDBK90172,CUST108344,2021-06-28,3,Far college knowledge price issue take shoulder.,Century now purpose realize.
FDBK90173,CUST106841,2022-09-25,5,Represent manage newspaper serve.,Page explain fact everyone.
FDBK90174,CUST108955,2021-07-23,2,Live within majority bit fire tend.,Follow could someone we.
FDBK90175,CUST100695,2023-08-01,4,Number much out though upon.,Under yeah far various.
FDBK90176,CUST105659,2022-09-22,2,Family happen market least at full.,Before admit old actually.
FDBK90177,CUST100432,2022-02-27,3,Magazine young number couple your.,Reason sport rock may.
FDBK90178,CUST102263,2022-01-12,5,Cultural training fear entire tell hand.,Until many for then.
FDBK90179,CUST101366,2022-03-28,5,Stay choose note land color prepare recently.,Reach stuff easy of.
FDBK90180,CUST101088,2022-03-07,1,Purpose sort pay evening body threat oil.,Thousand financial represent.
FDBK90181,CUST104301,2021-08-19,1,Turn possible edge staff record.,Deep author blood but.
FDBK90182,CUST102144,2021-09-03,2,Get area trial imagine he enjoy.,Allow level general position.
FDBK90183,CUST105220,2021-10-31,5,Figure push whatever several owner.,Your will base.
FDBK90184,CUST102337,2022-03-10,4,Instead moment every listen even realize coach.,Friend music put.
FDBK90185,CUST100918,2023-03-28,4,Drug single anyone could.,Result poor family east.
FDBK90186,CUST105978,2022-04-05,2,Make with question address laugh mother he.,Owner skill just.
FDBK90187,CUST102261,2021-03-21,5,Arrive bed affect data. How clearly choice.,Every base language feel its.
FDBK90188,CUST108997,2021-03-17,3,Second about Republican it.,Air actually decade deep any.
FDBK90189,CUST100077,2021-08-06,1,Matter summer happen hair clear build.,Inside full board modern.
FDBK90190,CUST107637,2021-02-09,3,Age wrong order purpose.,Woman budget score start.
FDBK90191,CUST102092,2023-12-18,4,Form north soldier more much.,Billion series analysis sea.
FDBK90192,CUST106024,2021-06-27,3,Also large action week defense issue.,Ground impact herself way.
FDBK90193,CUST109304,2023-06-14,1,Provide recognize leave reach.,Training mother remember.
FDBK90194,CUST102689,2021-04-21,2,Shoulder night model go. Mission success student.,Pm help get remain tend.
FDBK90195,CUST100520,2022-12-21,1,Federal its happy ever.,Method detail around money.
FDBK90196,CUST109137,2022-08-26,3,School black garden surface administration.,Reach right firm laugh.
FDBK90197,CUST106572,2021-10-16,5,Sit form leader form century affect.,Add rule room camera watch.
FDBK90198,CUST100546,2023-07-11,4,Also husband talk push information.,Up yet vote tonight season.
FDBK90199,CUST103963,2022-04-07,5,Player past next true improve large.,Make rock particular arm.
FDBK90200,CUST108159,2021-08-11,3,Law night real main.,Alone avoid wear station.
FDBK90201,CUST109789,2022-06-12,1,Sing history knowledge beautiful.,None realize reason such.
FDBK90202,CUST107260,2021-01-21,5,Value energy group get box cultural oil rather.,Card standard art great very.
FDBK90203,CUST100978,2022-01-21,2,Our whom position defense.,Type them they.
FDBK90204,CUST100964,2023-08-13,3,Market cultural cultural future.,Bed member pass.
FDBK90205,CUST103152,2023-06-23,4,Son out mission moment.,Inside last ok event.
FDBK90206,CUST105473,2023-09-13,3,Statement another why alone end on thank.,Anything environmental maybe.
FDBK90207,CUST109173,2022-05-28,3,Nice design site task.,Should vote second.
FDBK90208,CUST107793,2021-08-07,2,Herself bring too long able PM.,Pay training behind budget.
FDBK90209,CUST108497,2023-05-10,1,Save computer small condition whatever risk.,Ago garden policy from water.
FDBK90210,CUST108995,2023-05-20,3,Knowledge media parent.,Need drive three manage head.
FDBK90211,CUST108614,2023-06-17,5,Ahead where could entire example.,Professor we part get PM.
FDBK90212,CUST108656,2022-12-19,5,Well much safe sometimes. What discuss recognize.,Significant democratic offer.
FDBK90213,CUST105274,2023-07-20,5,Firm indeed speech. Trouble view way center.,Gun relate wish lose provide.
FDBK90214,CUST103125,2022-06-27,5,Outside treat interview claim account simply.,Meet different alone I news.
FDBK90215,CUST102049,2022-11-12,1,Next during pick parent return local.,Guess describe it.
FDBK90216,CUST107237,2022-03-27,1,This always day then middle mission.,Guess nice consider share.
FDBK90217,CUST102307,2023-11-05,5,Benefit method site type trip.,Spring until language career.
FDBK90218,CUST105726,2021-06-15,4,Meet car reflect accept against rule better.,Federal color crime.
FDBK90219,CUST106319,2021-07-26,1,Trial American side.,Guy civil decide.
FDBK90220,CUST105560,2021-09-02,3,Painting say upon magazine.,Medical cause few.
FDBK90221,CUST105440,2022-01-07,1,Pretty matter issue them eat side.,State large media prepare.
FDBK90222,CUST103563,2023-10-13,4,Deep what Mrs help close.,Make play early.
FDBK90223,CUST105237,2022-12-22,1,Ok adult state hit across buy.,Line hotel whom couple.
FDBK90224,CUST101861,2023-06-07,1,Campaign pay hand suddenly part inside item.,Instead parent far grow.
FDBK90225,CUST102721,2021-04-26,3,Themselves I security success key other physical.,Nature ground show.
FDBK90226,CUST107076,2023-09-18,2,Probably sing special.,Wind cut live heart consider.
FDBK90227,CUST101487,2021-01-05,2,Campaign store but stage ground.,Career garden just note.
FDBK90228,CUST102742,2023-02-09,4,Rise those baby thank her reason whom.,Lead memory door next.
FDBK90229,CUST106495,2022-05-29,2,Measure by beat meeting security.,Through price store big.
FDBK90230,CUST104419,2023-09-13,4,Other always experience keep later.,Summer happen policy talk PM.
FDBK90231,CUST104010,2023-11-27,1,Write contain school.,Our most at purpose.
FDBK90232,CUST100843,2023-01-01,1,Rock work likely soldier available pick nor.,Or position student.
FDBK90233,CUST105513,2021-04-09,3,Understand woman time.,Nature wait find could.
FDBK90234,CUST109665,2021-06-01,4,Cup fire election reach concern radio ago.,Behind yet reason.
FDBK90235,CUST100343,2023-11-14,1,Friend wrong positive focus one security away.,Impact stage hope figure.
FDBK90236,CUST103343,2021-12-17,2,Professional agency accept anyone.,Wrong activity approach.
FDBK90237,CUST105922,2021-02-09,4,Water produce standard leave young entire.,Return what game thus.
FDBK90238,CUST101063,2021-01-27,1,Personal Mr information discover.,Similar different instead.
FDBK90239,CUST103536,2022-10-08,5,Us together prove bring door.,Of stay move high.
FDBK90240,CUST102286,2022-09-12,2,Fight enough same girl better center.,Although put toward city.
FDBK90241,CUST104956,2023-03-01,4,Cell federal range study.,Author away see lead.
FDBK90242,CUST105665,2022-03-09,1,Few low power what person.,Today carry plan large.
FDBK90243,CUST102685,2022-01-22,2,Some born decade young similar third.,Item risk yeah cause.
FDBK90244,CUST103753,2021-05-08,2,Kitchen spring this professional myself.,Ever dog ask.
FDBK90245,CUST100990,2021-12-02,2,Plant organization check floor and.,Side early material letter.
FDBK90246,CUST108437,2023-08-27,5,Though by sell particular main place mean debate.,Newspaper skill size.
FDBK90247,CUST104603,2022-11-20,2,Word hope include.,Benefit then image type.
FDBK90248,CUST106608,2023-05-14,1,Tonight debate skin. Man develop throw soon.,Throughout such plant answer.
FDBK90249,CUST100958,2023-03-04,1,Happen entire movie range other and.,Race us walk.
FDBK90250,CUST104234,2023-01-01,2,Instead people tree.,Public network place.
FDBK90251,CUST100534,2022-06-18,5,Outside book write peace face offer.,Remain baby use the.
FDBK90252,CUST103772,2022-08-01,1,Only born indicate quickly.,There energy decide pay.
FDBK90253,CUST101013,2021-10-31,1,Along main well each build inside.,Recently care girl month day.
FDBK90254,CUST100435,2021-06-30,2,High usually tough act.,Here lay speak light.
FDBK90255,CUST103388,2021-04-29,4,Treatment crime opportunity cold together.,Left worry appear ever.
FDBK90256,CUST109476,2023-08-08,4,Attorney film series.,Choice inside take my.
FDBK90257,CUST101040,2022-07-05,3,Recent although lose.,Each yes the professional.
FDBK90258,CUST108790,2022-06-06,4,Also media every in sort any.,Same than home beyond yes.
FDBK90259,CUST106237,2023-02-19,5,Along outside charge hand scientist music.,Very happen kid.
FDBK90260,CUST100655,2023-07-22,1,Serious right think fight energy building.,Safe about hand military.
FDBK90261,CUST109579,2023-02-24,5,Newspaper relate us large friend my husband.,Model discuss staff start.
FDBK90262,CUST109267,2022-01-22,3,Physical knowledge race quality book still.,Fine by church.
FDBK90263,CUST109647,2021-12-07,5,Series everything focus cut area.,Our use run identify.
FDBK90264,CUST104018,2021-07-06,3,Southern task country fight themselves store.,Much another fish speech.
FDBK90265,CUST103500,2023-01-22,5,Establish carry conference believe.,Hundred tough reason relate.
FDBK90266,CUST101006,2022-10-29,3,Against several its total idea common.,Mind decision never action.
FDBK90267,CUST108935,2022-03-05,1,Security college miss low music rest for picture.,Teacher door risk sea car I.
FDBK90268,CUST107644,2022-07-07,3,Set someone religious knowledge gun alone.,As among section stay area.
FDBK90269,CUST107607,2022-12-08,4,Policy between big as media.,Great effort firm miss.
FDBK90270,CUST107682,2022-01-24,2,Foreign inside memory effort fear.,Staff charge big must cold.
FDBK90271,CUST108873,2022-03-23,3,Health computer more huge he so study.,Car end although let move.
FDBK90272,CUST100212,2023-05-16,3,Prepare speak only history enter material mean.,Than part or heavy ground.
FDBK90273,CUST102014,2023-05-03,3,Movement every future Mr try.,Story son skill message view.
FDBK90274,CUST104458,2021-05-21,2,All future movie hold. Real game local.,News total voice player.
FDBK90275,CUST102004,2022-08-24,4,Point consider war Congress physical.,Group cup expert least.
FDBK90276,CUST106299,2023-02-21,4,Attention face such show strategy analysis voice.,View resource step.
FDBK90277,CUST105691,2021-09-10,2,Discussion but though another remain lead little.,Board born real onto.
FDBK90278,CUST109430,2022-04-11,4,Strategy indeed trial per throw.,Think bring road.
FDBK90279,CUST103038,2023-04-09,2,Detail begin campaign enjoy common.,Would fight discover drive.
FDBK90280,CUST100558,2023-06-18,3,Bit inside admit way there.,Over material person.
FDBK90281,CUST109596,2023-06-18,1,Game pressure daughter night land support.,Fish bed way manager.
FDBK90282,CUST104416,2022-04-25,5,Certainly wear serious human.,Once have team behind.
FDBK90283,CUST109660,2022-06-14,5,Suffer me team way.,Pretty control although.
FDBK90284,CUST106092,2022-11-03,3,Environmental call build whole.,Experience stop education.
FDBK90285,CUST106698,2023-03-23,2,Skill bag former account dream. Both under not.,Eight start bag call.
FDBK90286,CUST103238,2021-12-15,1,Guy world with often.,Long actually dinner.
FDBK90287,CUST101236,2021-10-20,3,Even arrive current high.,Wish despite early.
FDBK90288,CUST100073,2021-04-09,3,Class candidate network as.,Player fill together lot.
FDBK90289,CUST100904,2021-10-10,3,American give you they couple son again next.,Field public economy word.
FDBK90290,CUST109602,2022-10-26,5,Expert environment market per.,Month feeling concern care.
FDBK90291,CUST101692,2022-03-16,3,Benefit system once mind high machine can.,Simple people rule.
FDBK90292,CUST103925,2023-09-22,5,Less development then realize off somebody.,Support book smile since.
FDBK90293,CUST103301,2021-08-20,4,Culture choice table beat picture boy article.,Share member can development.
FDBK90294,CUST108233,2021-05-14,3,Night early there mother real expect.,Other it must believe room.
FDBK90295,CUST105930,2022-03-31,1,Start school tax someone draw by idea.,Whether hope case.
FDBK90296,CUST106135,2021-07-25,5,Camera business the.,Clearly never step.
FDBK90297,CUST102804,2023-11-07,2,Personal even no environment hope.,Thing opportunity scene.
FDBK90298,CUST101175,2023-08-15,4,Pick move decade its fight. Form school each.,When ago reduce reason.
FDBK90299,CUST103074,2023-01-16,3,North case run including fire each.,Sometimes network in assume.
FDBK90300,CUST107431,2021-02-13,5,Step buy right billion. Heavy arrive life sort.,Billion piece marriage as.
FDBK90301,CUST109260,2022-09-30,2,Son professional young speech so.,Conference light which agent.
FDBK90302,CUST100665,2023-09-10,3,Discuss difference sign her.,Issue program star establish.
FDBK90303,CUST101758,2023-02-16,5,Interest none another quite.,Water level young tree.
FDBK90304,CUST103360,2023-02-16,3,White loss tell situation.,Sport despite production Mr.
FDBK90305,CUST102426,2022-06-08,5,Indicate everyone physical series card watch.,Evening recognize enough.
FDBK90306,CUST109551,2023-04-15,1,Meet other indicate relationship bed teach.,Very end government deal big.
FDBK90307,CUST106832,2022-05-27,1,House act rich significant.,Remain walk trade.
FDBK90308,CUST105710,2021-08-08,4,Push degree size skill star painting.,Evening after should before.
FDBK90309,CUST102328,2023-09-20,1,Right ready knowledge few between hit.,From hit book act realize.
FDBK90310,CUST100973,2023-07-07,1,Spring wide speech south walk.,Community similar poor left.
FDBK90311,CUST100712,2021-08-17,3,Idea make say experience. Stay deep turn relate.,Very century thus chair.
FDBK90312,CUST103030,2021-06-07,2,That little nation bill after service.,Major per certain.
FDBK90313,CUST102203,2021-12-02,5,Source animal fund beat head.,Expect six blue fast.
FDBK90314,CUST102828,2022-05-15,5,Data increase trial note perhaps federal.,So matter campaign.
FDBK90315,CUST107021,2023-01-09,4,Local worker mouth near.,Their heavy west tax make.
FDBK90316,CUST108817,2021-03-06,1,Rock drive early kid.,Often professor value far.
FDBK90317,CUST102180,2022-12-28,4,Theory religious natural stage.,Purpose quality sort without.
FDBK90318,CUST105190,2021-09-17,3,Idea report ago young group program.,Toward treat wind majority.
FDBK90319,CUST100885,2021-09-23,4,Author base scientist city black.,Doctor teacher no like.
FDBK90320,CUST109651,2023-03-06,2,Short article American figure management father.,Still attorney store boy.
FDBK90321,CUST105659,2021-04-21,1,Human door everything success relate.,Expect would happy black.
FDBK90322,CUST105655,2021-09-15,5,Partner particular mention bar may would society.,Something government son.
FDBK90323,CUST108188,2022-07-21,5,Gas under dark human material school analysis.,Attorney glass class reach.
FDBK90324,CUST109676,2022-08-03,5,Night put left especially article old.,Approach success well.
FDBK90325,CUST109392,2022-02-28,4,Act course sport probably term provide nation.,Animal alone rise red every.
FDBK90326,CUST100481,2022-10-10,5,Boy girl laugh.,Each establish bit heavy.
FDBK90327,CUST104062,2021-09-28,1,Art include run student light computer.,All concern fast.
FDBK90328,CUST107582,2023-12-21,3,Minute piece option enough note.,Adult inside property.
FDBK90329,CUST105997,2022-01-16,4,Financial garden water box.,Kind similar bill we along.
FDBK90330,CUST104609,2023-01-20,4,According attorney few.,Reach want network morning.
FDBK90331,CUST109785,2022-04-23,1,Trade difficult could name term hospital low.,Through also question so.
FDBK90332,CUST104052,2023-05-27,2,Daughter black daughter.,Specific adult staff site.
FDBK90333,CUST104350,2022-10-26,2,After notice space rule morning surface cut.,Five board eye.
FDBK90334,CUST100550,2021-01-20,3,Process month later white enjoy.,Voice get home be.
FDBK90335,CUST103602,2022-07-21,1,Statement deal nor above upon.,Candidate total method.
FDBK90336,CUST104424,2021-01-05,3,Why better red. Almost region sure media.,Mrs technology for music.
FDBK90337,CUST101139,2022-06-03,2,Simply much glass yourself.,Single head really.
FDBK90338,CUST106275,2023-02-01,5,Yourself include police.,Top lay capital poor art.
FDBK90339,CUST102323,2021-01-21,4,Where also thank article describe college his.,Decade month modern third.
FDBK90340,CUST101154,2023-10-24,5,Energy staff little bill activity wrong.,Realize next stand side.
FDBK90341,CUST103656,2022-11-24,2,Line manage until sign.,Worry author information.
FDBK90342,CUST104698,2022-09-29,3,Call purpose beyond.,Ten try above seat.
FDBK90343,CUST102109,2022-07-19,2,Story carry four treat.,Generation adult make rate.
FDBK90344,CUST104804,2023-04-11,5,Miss on season spend.,Great very stage unit.
FDBK90345,CUST102194,2022-03-14,1,Major entire step once factor sometimes.,Central book help main.
FDBK90346,CUST100783,2023-09-01,1,Daughter section community still keep sport.,Some maybe hand citizen.
FDBK90347,CUST101172,2023-06-21,3,I benefit would challenge step.,Wear simply some policy.
FDBK90348,CUST108993,2023-09-11,3,Door stand what practice turn nothing agent.,Congress anyone value.
FDBK90349,CUST101220,2023-03-05,4,Too success husband kind boy born their citizen.,Air name term day fear.
FDBK90350,CUST100463,2022-02-22,5,Appear difference from police them both.,Edge choose risk better full.
FDBK90351,CUST100577,2021-02-13,3,Challenge pull list ready.,Design huge time drop.
FDBK90352,CUST108671,2021-12-28,3,Method ever choice body down coach price.,Statement against many.
FDBK90353,CUST103661,2022-09-02,5,Agent enjoy only could whose. Up at age.,Part various serve across.
FDBK90354,CUST100443,2022-12-18,4,Including good walk among.,Baby remain inside strong.
FDBK90355,CUST107363,2021-03-08,4,Its prepare often.,Animal agency particular.
FDBK90356,CUST102477,2021-01-05,2,Beautiful police majority continue know.,Evening should their thank.
FDBK90357,CUST107350,2022-04-15,5,Alone democratic recognize state.,Late write wait individual.
FDBK90358,CUST108184,2022-04-20,1,Standard green better just great world.,Second talk leader.
FDBK90359,CUST102045,2021-08-04,1,Whom its quite baby service card.,Child large ok friend.
FDBK90360,CUST107253,2023-03-18,1,Way water increase worry involve perhaps.,Single you end enjoy skill.
FDBK90361,CUST106065,2022-01-03,5,Watch night serious Republican employee.,Simply third Mrs good manage.
FDBK90362,CUST100074,2022-02-24,5,Thing produce within worker wish sea support.,Guess thus shake class.
FDBK90363,CUST108970,2023-12-30,4,Common reveal character machine us early.,Education PM rich return.
FDBK90364,CUST103193,2023-04-17,2,Conference what itself matter physical I explain.,Specific sit also guy.
FDBK90365,CUST104102,2021-05-10,2,Parent policy card. Across unit subject team guy.,Night letter we body.
FDBK90366,CUST105454,2021-09-14,4,Suddenly power wind local.,War artist never brother.
FDBK90367,CUST109939,2022-06-25,5,Style late left fear in finish.,Himself book finish off.
FDBK90368,CUST102959,2021-03-28,5,Old color she either year.,A foot alone federal.
FDBK90369,CUST108988,2023-01-17,5,Old money allow reason.,Kitchen effort from.
FDBK90370,CUST102308,2023-09-23,1,Huge mouth site food reveal later hit.,Focus phone interest during.
FDBK90371,CUST106463,2023-11-12,4,Wait add early wait believe how foreign.,Market across education.
FDBK90372,CUST103470,2021-01-08,5,Middle skin bit he whether. Tonight this week.,Born experience minute less.
FDBK90373,CUST106533,2021-01-22,4,Scientist most position anything season through.,Tell teach sport meeting.
FDBK90374,CUST106960,2021-03-18,2,Rock send sister special.,Life adult small boy.
FDBK90375,CUST103286,2023-03-08,1,Church cost understand born avoid fast true.,At writer wide peace.
FDBK90376,CUST104530,2021-03-21,2,Democrat population month deal story occur.,Sing myself bar choice.
FDBK90377,CUST107977,2021-10-16,4,Term wide item.,Option federal free the.
FDBK90378,CUST106142,2022-08-13,2,Many notice inside data design.,Your probably add issue.
FDBK90379,CUST109719,2023-10-05,3,Small team degree worker kind.,Trouble more put grow.
FDBK90380,CUST108812,2023-07-08,4,Beautiful test either watch machine.,Agency factor image wear.
FDBK90381,CUST103420,2022-02-03,4,Whose near pressure race. But every half shake.,Mr effect low every manager.
FDBK90382,CUST100832,2022-09-25,4,Stuff natural upon player.,Quickly thank stop.
FDBK90383,CUST103844,2022-12-05,5,Really too small lose similar ten start.,Ten show prove plant present.
FDBK90384,CUST108648,2021-01-19,1,Chair begin onto serve sing defense before.,Near catch over stand a buy.
FDBK90385,CUST109184,2021-02-18,1,Anything very those want kind kind.,Fund someone produce someone.
FDBK90386,CUST102053,2022-02-07,5,Imagine sit energy.,Wish service your nature.
FDBK90387,CUST101624,2021-12-18,2,Discover such mission since.,Foot shoulder tell.
FDBK90388,CUST109275,2023-01-01,5,They send number suffer.,Professional hope quite well.
FDBK90389,CUST108713,2022-07-22,3,Establish black reality head meeting.,Mind present check go.
FDBK90390,CUST106236,2022-12-04,4,Since newspaper herself sister early carry fish.,He factor return level.
FDBK90391,CUST100325,2022-07-18,5,Through war make.,Although Democrat value.
FDBK90392,CUST106404,2023-05-17,1,Production investment indeed land they.,Adult order during history.
FDBK90393,CUST103590,2023-04-14,2,Just ready model energy role.,Past think or right.
FDBK90394,CUST104796,2022-02-10,1,Off field start method role.,Employee receive foot need.
FDBK90395,CUST102318,2021-05-15,5,Break management firm mind.,Child brother cover might.
FDBK90396,CUST104581,2022-10-14,5,Be address animal indicate.,Physical head against enter.
FDBK90397,CUST102233,2021-03-20,5,Kitchen record myself argue when stay also.,Shoulder economy ground.
FDBK90398,CUST107984,2021-12-15,5,Include even audience.,Set anything moment.
FDBK90399,CUST101526,2023-01-22,3,That none crime. Detail week born heavy.,Increase leave measure.
FDBK90400,CUST100458,2022-10-15,5,Bill argue notice company.,Clearly benefit green dog.
FDBK90401,CUST108490,2021-12-19,3,Shoulder green plan threat somebody.,Eye early woman way cold.
FDBK90402,CUST103892,2023-06-20,1,Sense mention near none bill son.,Before away interesting kind.
FDBK90403,CUST109450,2022-08-03,4,Expert civil wish under tell.,Pick car form when must sing.
FDBK90404,CUST105303,2023-05-19,1,Sign pick without little.,Safe hit trip.
FDBK90405,CUST100589,2022-01-28,4,Opportunity nor could commercial voice.,Blue system source.
FDBK90406,CUST103706,2022-06-15,5,Both bank must whatever wind travel plan.,Buy he piece detail.
FDBK90407,CUST101100,2021-08-23,5,Sound believe scientist section many.,Relate film human some loss.
FDBK90408,CUST102788,2023-04-16,4,Moment off house issue daughter end.,Bag marriage low represent.
FDBK90409,CUST101830,2022-04-11,5,Your unit smile open production like ball.,Kid image but.
FDBK90410,CUST104143,2021-06-29,2,Focus safe least its. Audience worry school walk.,Much kitchen security who.
FDBK90411,CUST107301,2023-09-10,1,Book stage stand dream sea authority week team.,Happen gun indeed morning.
FDBK90412,CUST100405,2021-01-28,3,Product people position eye.,Now choose draw good.
FDBK90413,CUST106230,2022-06-02,1,Song cost Republican along four.,However far half so account.
FDBK90414,CUST101635,2023-03-06,5,Later character catch commercial look.,In value thousand yes inside.
FDBK90415,CUST100744,2022-01-03,5,One PM friend might. Make her environment.,Carry will including low.
FDBK90416,CUST104344,2022-07-12,2,Adult many part writer.,Whom and term room.
FDBK90417,CUST100044,2023-10-25,5,Price teach indeed arrive.,Road when culture meet world.
FDBK90418,CUST103554,2021-12-09,4,Wind act gas. Run over away college.,Lose house four me anything.
FDBK90419,CUST103705,2021-02-14,2,Property ball section attorney.,Think rest office black have.
FDBK90420,CUST108835,2022-05-24,5,Rich travel official west across week.,Century second wind south.
FDBK90421,CUST109710,2023-04-06,3,Paper state instead others institution.,Building production can.
FDBK90422,CUST107619,2022-07-28,3,Against when summer.,Commercial sort though.
FDBK90423,CUST106112,2022-07-20,4,Body spend least happen final green.,Develop probably those easy.
FDBK90424,CUST104586,2022-03-17,2,Push after grow expert consider.,Final size for send just.
FDBK90425,CUST109422,2021-06-30,4,Quality value them red draw hand dark.,Hard consumer among weight.
FDBK90426,CUST107769,2022-09-30,5,Staff tough report though left hear.,Call total tell kitchen day.
FDBK90427,CUST108614,2021-07-31,1,Police mother remember.,Sign last do process member.
FDBK90428,CUST104701,2021-05-18,5,Democratic fill popular plan must hospital.,Attorney maybe mean take.
FDBK90429,CUST104732,2021-04-20,1,Manager effect make now hit.,Quality though just probably.
FDBK90430,CUST109995,2023-12-19,4,Forward find language morning.,Turn range ago consider.
FDBK90431,CUST109477,2021-09-24,5,Above born night authority.,Professional four fund.
FDBK90432,CUST102460,2022-10-22,2,Blue weight collection memory.,Describe last morning hot.
FDBK90433,CUST105005,2023-04-24,4,State training only late couple.,Stop like care although.
FDBK90434,CUST103840,2022-12-01,1,Time high understand vote. Field mention back.,Eight affect section party.
FDBK90435,CUST106566,2023-06-15,1,Wall suffer boy early.,Small also all born hand.
FDBK90436,CUST107941,2023-04-27,1,Successful care some.,Citizen rather right company.
FDBK90437,CUST107278,2022-04-19,3,Bag upon staff very myself tell statement.,Consumer could reveal.
FDBK90438,CUST102475,2023-06-11,3,Full others place take worry amount real.,Any stock return first.
FDBK90439,CUST104446,2021-07-03,4,Cold opportunity stay manage.,General everything able deal.
FDBK90440,CUST104051,2023-08-29,1,Stuff when week discover personal.,Party when my.
FDBK90441,CUST103839,2021-06-21,1,Western particular mean religious fast.,Red him final.
FDBK90442,CUST104496,2022-08-18,3,Early enjoy same.,Several far race.
FDBK90443,CUST109504,2023-05-14,5,Difference activity only out manager we.,Beat quite avoid.
FDBK90444,CUST108873,2022-06-20,1,Third drop poor focus issue.,Event they west must only.
FDBK90445,CUST103990,2023-11-03,5,Return mouth shake as responsibility recognize.,Help office media great per.
FDBK90446,CUST104677,2023-10-22,1,Wind cut idea deep yourself kid.,Region health message need.
FDBK90447,CUST101329,2023-11-29,2,Owner catch issue newspaper simply agree listen.,Money those need five.
FDBK90448,CUST105861,2022-01-24,5,Decision while foreign letter.,Table way word show American.
FDBK90449,CUST107171,2021-04-17,3,Bit put ok history how myself.,Skin pay woman major since.
FDBK90450,CUST100888,2021-05-21,2,Admit news voice follow suffer.,Defense former yourself year.
FDBK90451,CUST104069,2023-02-15,5,Main effort drop glass.,Ready blue itself time.
FDBK90452,CUST102638,2021-06-28,2,Drop station like place evening son.,Plan few arm mission.
FDBK90453,CUST100701,2022-11-19,3,Moment cut recent major see care control east.,Drug who name woman news.
FDBK90454,CUST106970,2023-12-13,3,Ready chance tough land camera.,Social rock dark we another.
FDBK90455,CUST105268,2021-03-10,2,Shake research fast one.,Soldier go a turn.
FDBK90456,CUST105879,2023-08-25,2,Environmental must mother heart tell.,Toward face machine hospital.
FDBK90457,CUST106415,2023-03-09,3,Act than radio everyone check newspaper.,Maybe edge to PM.
FDBK90458,CUST107493,2021-05-15,2,Follow family modern still responsibility.,Step fear exist.
FDBK90459,CUST102956,2021-03-16,1,Thing doctor prove sort.,Rise cultural meeting.
FDBK90460,CUST106791,2021-07-22,4,Hotel gun expert seek.,How city girl.
FDBK90461,CUST105600,2021-10-16,5,Agreement begin enter decide in direction like.,Computer seat image lose.
FDBK90462,CUST104994,2023-04-27,3,Plan glass style young maintain beyond.,Style do happy open they.
FDBK90463,CUST102070,2023-04-16,4,Too even white require. Main whom imagine race.,Figure how sea election.
FDBK90464,CUST105372,2021-11-03,1,Man news common day free myself crime nothing.,Floor course tonight order.
FDBK90465,CUST103987,2023-07-23,3,Culture certainly development analysis deal.,Send level single enjoy.
FDBK90466,CUST104893,2023-07-25,4,Base produce effect serve.,Middle trouble yes.
FDBK90467,CUST103821,2021-06-01,4,You student military every according.,Follow report once today.
FDBK90468,CUST100714,2021-01-23,1,Brother turn heart world.,Into southern lose quickly.
FDBK90469,CUST109107,2023-04-07,5,Too both eat show prevent city say.,Then voice provide he.
FDBK90470,CUST105377,2021-02-11,2,Treat about purpose political officer least end.,Could ability finish fly.
FDBK90471,CUST107265,2021-10-09,2,Cup east knowledge much if.,Church call drop check later.
FDBK90472,CUST106800,2021-12-04,3,Entire scene affect thank ready.,Approach film radio thus.
FDBK90473,CUST107950,2021-05-08,3,Other fear decision become wide resource per.,Later card than throughout.
FDBK90474,CUST103520,2023-07-29,5,Fall away management customer.,Common role book over.
FDBK90475,CUST109198,2023-03-27,1,Yourself happen nothing claim recognize hour.,Hit born his respond cover.
FDBK90476,CUST103268,2023-02-16,2,Glass unit outside lawyer again.,Social stay security.
FDBK90477,CUST100865,2021-04-07,2,Guess full budget interesting they law.,From sing stock.
FDBK90478,CUST103268,2022-05-25,2,Beat someone nothing lead girl.,Front race first tax my.
FDBK90479,CUST108300,2022-01-30,1,Traditional sit care industry.,Window vote authority.
FDBK90480,CUST102503,2022-05-05,4,In thought turn more.,While owner enjoy price.
FDBK90481,CUST109514,2021-03-03,1,They show oil something such whether.,Miss free cultural buy fill.
FDBK90482,CUST107051,2021-03-29,3,Practice meeting yes audience.,Heavy professional member.
FDBK90483,CUST102019,2022-02-12,1,Mean both computer grow.,Lot couple finish decide.
FDBK90484,CUST103563,2023-11-22,2,Beyond forget up member.,Stay down across individual.
FDBK90485,CUST104818,2021-02-02,1,Possible look natural store building my officer.,Bag drive into onto prove.
FDBK90486,CUST109493,2022-04-10,2,Space run product occur as life PM.,Room various cold how wife.
FDBK90487,CUST104827,2022-11-16,2,Like pay budget including.,Factor brother worker.
FDBK90488,CUST101373,2021-01-02,4,Himself voice cause particular.,Exactly teach true ahead.
FDBK90489,CUST100965,2021-07-13,2,Someone study computer notice finally girl.,Above employee word shake.
FDBK90490,CUST102280,2022-12-19,5,Phone dark gas but effect.,Center middle actually treat.
FDBK90491,CUST106547,2021-10-04,5,Section investment nothing stock.,Do style local sort.
FDBK90492,CUST102715,2021-12-09,1,Land rate reason.,Executive hear thus.
FDBK90493,CUST105445,2022-10-24,2,Kind building crime analysis information simple.,Live national apply into.
FDBK90494,CUST102556,2021-04-10,3,Development skin without long late.,Brother with bed maintain.
FDBK90495,CUST100971,2023-04-13,5,Quality director participant top visit each.,Thought lawyer probably.
FDBK90496,CUST107120,2021-10-15,5,Area only read while.,Example pull couple draw.
FDBK90497,CUST105895,2022-06-18,2,Alone president indicate bank plan tend.,Yard enjoy energy.
FDBK90498,CUST109274,2021-03-10,5,Total police increase teach. Learn Mr though.,Which factor through occur.
FDBK90499,CUST106772,2022-03-12,4,Character young move bed.,Mr course middle.
FDBK90500,CUST100810,2023-01-27,3,Return usually program individual information.,Course collection let.
FDBK90501,CUST104027,2023-12-27,3,Base hit marriage southern.,Little moment field magazine.
FDBK90502,CUST104179,2021-10-07,2,Once goal out news call.,Nice model bring task.
FDBK90503,CUST107745,2022-05-20,4,Thank everyone back visit likely.,National board result some.
FDBK90504,CUST102885,2021-12-14,2,Baby enjoy question. There sense likely.,Top blue theory dream.
FDBK90505,CUST108424,2023-09-03,5,Free ground your better mouth.,Factor turn draw reduce.
FDBK90506,CUST105139,2021-09-24,2,Small part natural center.,Piece religious man I.
FDBK90507,CUST108648,2022-11-22,4,Ground after population history view at theory.,Down someone accept.
FDBK90508,CUST109666,2022-09-06,5,Small detail almost research matter author.,Table write make rather set.
FDBK90509,CUST108037,2022-07-27,5,Middle lose today. Field nation break age.,Trouble source may different.
FDBK90510,CUST109745,2022-08-17,3,Chair throw according talk gun she.,Camera office with.
FDBK90511,CUST107051,2021-06-21,4,Left public detail book pressure smile.,Weight but she consider.
FDBK90512,CUST103703,2023-10-31,5,Moment take growth between beat.,Let about office alone.
FDBK90513,CUST103922,2023-01-29,5,Culture in east crime.,Approach collection another.
FDBK90514,CUST100352,2022-04-05,5,Sit consider material within book person.,If hold news factor.
FDBK90515,CUST102336,2021-08-29,4,Box group the sell he concern owner.,Close position skill push.
FDBK90516,CUST103717,2023-02-22,4,Interest along time pick.,Memory agent position.
FDBK90517,CUST102232,2023-08-30,2,Seem court no until enjoy family box.,Beyond win get whom.
FDBK90518,CUST106783,2023-03-17,5,Mind inside our suggest enter account story.,Major strong appear author.
FDBK90519,CUST104744,2022-09-02,3,Medical scientist north serious.,Miss heart choice about.
FDBK90520,CUST101417,2022-06-08,1,When message once cover unit.,Movement agree issue nature.
FDBK90521,CUST105547,2021-10-13,4,High staff federal put.,Usually onto education.
FDBK90522,CUST107322,2021-03-14,3,Cold story simple their though.,Up room class.
FDBK90523,CUST108784,2023-12-04,3,Able church program door hot character.,Decide board avoid.
FDBK90524,CUST100179,2021-06-23,1,Order try risk. Process fact arrive buy stuff.,Debate next hot.
FDBK90525,CUST107349,2022-03-23,4,Score lay she away.,Public sense home draw able.
FDBK90526,CUST100140,2021-01-26,4,Air whether fast home development.,College personal Mrs.
FDBK90527,CUST107326,2023-09-20,2,Baby late off call position lose scientist radio.,This whom ask then late.
FDBK90528,CUST100976,2021-10-22,4,Success ability board offer hair real how.,Inside visit your tough.
FDBK90529,CUST108946,2022-01-24,3,Situation letter picture.,Believe police science third.
FDBK90530,CUST102250,2022-05-28,2,Mouth early side think.,None especially order go.
FDBK90531,CUST105018,2023-12-12,5,Then memory reality them idea political.,Most do high within.
FDBK90532,CUST102572,2023-02-15,4,Ahead better when executive great hospital fast.,Cultural that well.
FDBK90533,CUST109721,2023-07-23,2,Out candidate address structure.,Now near bit.
FDBK90534,CUST106570,2021-11-11,1,Pay especially value sport occur simply woman.,Trial theory born western.
FDBK90535,CUST108435,2021-11-19,5,Dinner Congress provide realize impact.,One somebody best.
FDBK90536,CUST109063,2022-05-05,1,Book term argue. Thus forward than member.,Health personal page find.
FDBK90537,CUST107030,2021-09-20,1,Water hear realize early play party idea.,Like analysis cover wear.
FDBK90538,CUST102773,2021-09-21,3,Spend purpose later.,Life present husband great.
FDBK90539,CUST102008,2021-02-03,4,Specific crime indeed.,Opportunity point run hotel.
FDBK90540,CUST104114,2023-03-21,3,Writer yard kid how it.,Home guy coach red save sit.
FDBK90541,CUST107378,2023-01-06,3,Surface animal adult arrive threat thus leg.,Defense quite capital.
FDBK90542,CUST109154,2023-10-03,2,Court owner defense if note.,Resource agency accept world.
FDBK90543,CUST100658,2022-08-26,2,Station however business keep enter chance.,Green require soon financial.
FDBK90544,CUST105132,2021-12-28,5,Sense everybody field mean to.,History smile thus wonder.
FDBK90545,CUST106752,2023-02-08,3,Guess while friend line interview light.,Sometimes coach within unit.
FDBK90546,CUST104439,2021-05-03,4,Form present stop test.,Tree some receive other.
FDBK90547,CUST105680,2023-06-25,1,Mean deep foot base land speak space.,Case food list report.
FDBK90548,CUST108129,2021-06-14,3,Whom plan painting others free bring rise.,Check ready line serve.
FDBK90549,CUST109298,2023-02-20,2,Ahead after east.,Ground should indicate in we.
FDBK90550,CUST104646,2021-05-31,5,Study baby young collection food item.,Place who court billion.
FDBK90551,CUST102737,2022-05-12,1,Most hot their husband.,Can send avoid capital.
FDBK90552,CUST107873,2021-11-09,1,Interest direction western receive early.,Bad green color word west.
FDBK90553,CUST104784,2021-08-22,2,Site arrive lose me.,Level American knowledge.
FDBK90554,CUST107366,2022-10-12,5,Church people result safe.,Mrs seem huge against.
FDBK90555,CUST104489,2023-04-30,3,Item mind medical do including.,Police open political.
FDBK90556,CUST103160,2023-01-18,3,Even show loss clear audience political near.,Thing put manager.
FDBK90557,CUST107518,2021-08-29,3,High knowledge clearly material entire building.,Participant thing data grow.
FDBK90558,CUST108061,2022-03-08,1,Term relationship never most.,Although think agree.
FDBK90559,CUST106924,2023-06-06,4,Network thank star that husband.,Senior foot administration.
FDBK90560,CUST106366,2022-06-19,1,Table moment remain.,Quite western speech admit.
FDBK90561,CUST106684,2023-05-22,5,Important others democratic bag recently.,Defense miss thing help.
FDBK90562,CUST105159,2021-11-07,2,Protect a subject course.,Thank mother note shake.
FDBK90563,CUST103464,2023-10-10,4,Bag soon glass air. Who rock writer red.,End show option off race.
FDBK90564,CUST100222,2023-02-01,1,Cut high call relationship ever economy toward.,Back energy cover.
FDBK90565,CUST103484,2021-01-23,2,Direction whatever itself bit list where final.,Thus nearly key TV scene.
FDBK90566,CUST108528,2023-08-04,2,Way yard do serve. Camera not manager individual.,Within treat number treat.
FDBK90567,CUST104048,2021-07-01,4,Similar material notice brother American or win.,Run determine whom include.
FDBK90568,CUST105490,2023-10-18,1,Drug because truth office share election.,Idea too whole partner even.
FDBK90569,CUST101218,2022-03-05,1,Run available soon business.,Part shake million common.
FDBK90570,CUST103833,2021-11-23,2,Economic cold kitchen act reflect.,Right human create.
FDBK90571,CUST107780,2022-06-08,4,Different interview get prove.,Pick fine trial no enjoy.
FDBK90572,CUST104564,2023-01-29,3,Couple factor realize painting majority staff.,Recognize hot already song.
FDBK90573,CUST105433,2021-03-18,1,Both few foot its sign.,Race relationship phone.
FDBK90574,CUST101879,2021-12-24,1,Republican worker father. Late perform play wife.,Choice who degree deal ask.
FDBK90575,CUST105690,2021-06-25,5,Tend environmental machine American.,Stuff treat sort enjoy.
FDBK90576,CUST104751,2022-12-12,2,Wind learn prove save look them.,Old international behavior.
FDBK90577,CUST109085,2022-07-16,5,Everyone prepare well hit unit response black.,Voice concern their.
FDBK90578,CUST105737,2023-08-25,4,Something now performance piece strong.,Dinner clear oil under hour.
FDBK90579,CUST104667,2023-08-14,2,Consider kind rich lawyer.,Fill build only.
FDBK90580,CUST108383,2023-02-24,3,Ten financial game start mind.,Focus police kitchen kid.
FDBK90581,CUST106432,2023-03-18,4,Across various floor thing experience.,Night specific so material.
FDBK90582,CUST108050,2021-05-12,2,Push reflect sister education condition.,Public several bit ball six.
FDBK90583,CUST107829,2021-05-05,2,Work security bag art billion study.,Give say bank always forward.
FDBK90584,CUST104960,2021-02-28,5,Travel night call him impact card.,Sea must rest they.
FDBK90585,CUST100772,2021-08-01,3,Order effect range allow continue doctor.,Task form church without.
FDBK90586,CUST108844,2021-10-08,3,His nature loss edge. Hear certain huge.,Out TV white few go.
FDBK90587,CUST109949,2022-04-25,4,Serious blue memory budget.,Grow they maintain.
FDBK90588,CUST108845,2023-01-11,1,North out often various everyone.,Old assume among.
FDBK90589,CUST102206,2021-05-28,5,Staff structure each site natural.,Five manage plant wrong.
FDBK90590,CUST106915,2021-05-19,5,Actually attention much.,Article third though.
FDBK90591,CUST101583,2021-04-10,1,Usually able focus last believe size.,Not claim Congress eye.
FDBK90592,CUST108254,2023-03-11,5,Authority total marriage business.,Race through billion.
FDBK90593,CUST104557,2023-04-30,1,Too let expect art impact effort.,Team white truth across item.
FDBK90594,CUST103106,2022-10-02,4,Might light season suggest.,Line others event.
FDBK90595,CUST106497,2022-08-31,2,Different there such cover do south nothing.,Within father claim then.
FDBK90596,CUST109357,2022-09-21,2,City computer offer newspaper.,Role local star goal.
FDBK90597,CUST102636,2022-10-26,3,Yes trouble guess avoid.,Best PM sign feel those.
FDBK90598,CUST101460,2023-04-27,5,Father season toward ability.,Score here not.
FDBK90599,CUST101138,2023-10-21,5,Senior pretty your whom. Within find station.,Family cup close across four.
FDBK90600,CUST106682,2023-07-31,5,Throw source firm.,Fish magazine key same.
FDBK90601,CUST107265,2021-08-25,2,Sign itself voice whole up make bill.,Cover author state left whom.
FDBK90602,CUST109725,2023-10-12,2,Political floor forget wall class.,Democrat morning try whether.
FDBK90603,CUST104564,2023-04-07,2,Field power address nature whatever sometimes.,Task unit about stock.
FDBK90604,CUST109991,2021-09-23,3,Clearly eye direction another five charge.,Dog type ten car.
FDBK90605,CUST105904,2021-10-25,1,Feel together care explain color purpose.,Move provide apply hundred.
FDBK90606,CUST103001,2023-05-21,1,Though partner per boy draw man have.,Represent free between trip.
FDBK90607,CUST100061,2022-01-20,5,Red follow analysis. Step spring ask someone.,Rich media soldier all.
FDBK90608,CUST107928,2021-05-17,1,Road seek person ready how.,Quality price those woman.
FDBK90609,CUST107213,2021-06-19,1,Heavy matter benefit green.,Feel increase fine everybody.
FDBK90610,CUST102173,2021-10-09,2,Possible look sport.,Whose former site.
FDBK90611,CUST100997,2023-01-19,2,Him economic people alone catch close stuff.,To sure say wonder send.
FDBK90612,CUST102754,2022-09-28,1,Camera tend ground or.,Clearly inside move common.
FDBK90613,CUST100824,2023-03-01,1,Assume process hundred top spring middle.,Whom agency child finish fly.
FDBK90614,CUST100355,2021-09-16,5,Bill management girl trial myself.,Know treatment true federal.
FDBK90615,CUST107523,2023-06-26,3,Team concern this great people.,Phone standard let.
FDBK90616,CUST109137,2023-04-04,2,Focus account fall as.,Morning whose today.
FDBK90617,CUST101090,2021-06-17,2,Move wish high certainly.,Manage use not development.
FDBK90618,CUST108630,2022-04-07,5,Ball single hold few evening carry.,Many despite cause baby.
FDBK90619,CUST102901,2022-05-08,2,Represent himself life goal herself.,Whole nothing middle tough.
FDBK90620,CUST109286,2023-07-01,3,Possible term across should.,Treatment Mr who while.
FDBK90621,CUST107519,2022-06-01,5,Significant near program walk happen phone light.,Way season again yet.
FDBK90622,CUST104405,2021-02-22,4,Bar do affect environment pressure power base.,Weight begin spend lead unit.
FDBK90623,CUST106305,2022-10-13,2,Expert record address middle important dinner.,Even stage prove site alone.
FDBK90624,CUST105350,2021-04-25,1,Save wrong one.,Space ground painting.
FDBK90625,CUST109971,2021-04-15,1,Blue explain student.,Necessary guess spend.
FDBK90626,CUST108602,2023-02-02,5,Bring personal back though ground friend ok.,Food identify name.
FDBK90627,CUST105206,2021-02-14,1,Tv although three score activity yard.,Policy mind voice fish.
FDBK90628,CUST106543,2021-07-09,4,Nature skill effect inside hard serve.,Get cold listen yes.
FDBK90629,CUST107548,2023-09-28,4,Stock from letter amount put.,Top vote base many week.
FDBK90630,CUST100510,2022-08-09,4,Entire wonder indeed cultural then.,Rest particularly next.
FDBK90631,CUST101531,2023-12-27,4,Piece office language south wrong contain.,Impact probably occur.
FDBK90632,CUST108728,2023-09-06,5,Bag camera popular sing employee sea event.,My here officer listen free.
FDBK90633,CUST108899,2023-03-08,3,Serve out require letter economy program protect.,Public your no southern what.
FDBK90634,CUST107370,2022-05-23,5,Long even born wait training.,Quite right almost arrive.
FDBK90635,CUST107751,2022-06-04,2,Able ask letter along center simply throughout.,Although growth professional.
FDBK90636,CUST106586,2021-12-11,1,Thus area those provide.,Trade full hear second field.
FDBK90637,CUST108032,2023-10-11,4,I detail model size store blue.,Good trip former work why.
FDBK90638,CUST106972,2023-05-20,2,Notice think administration.,Maybe claim our.
FDBK90639,CUST109611,2023-12-12,2,Play hour result east.,Student seek build.
FDBK90640,CUST106718,2023-02-19,3,Pressure science attorney toward movie over that.,Assume about itself its.
FDBK90641,CUST103654,2023-05-21,5,Exist tell president specific.,Decision again record.
FDBK90642,CUST104631,2021-08-14,1,The middle science school theory possible.,Senior think note west.
FDBK90643,CUST104029,2021-04-07,4,Bad what start step property his daughter.,Car since still up.
FDBK90644,CUST107180,2023-07-15,4,Paper other onto approach large.,Same get leg car.
FDBK90645,CUST106848,2023-07-25,3,Area difference student even option.,Maybe will serious yet.
FDBK90646,CUST105490,2021-09-26,3,Sense official movie Congress off.,Stop fight water first.
FDBK90647,CUST108033,2022-02-18,4,Not fine grow wife.,Consumer century there.
FDBK90648,CUST102156,2023-02-27,4,Simply arrive rich idea appear.,Reason old card head or.
FDBK90649,CUST109006,2021-06-15,4,Staff ground possible network.,Key weight itself risk old.
FDBK90650,CUST106506,2021-07-10,3,Thus discuss toward west special.,The everyone author civil.
FDBK90651,CUST104596,2022-01-08,2,Eight school special issue sound dog about.,Board though pay fill.
FDBK90652,CUST100135,2021-01-23,2,Successful day beyond.,Newspaper once not stage.
FDBK90653,CUST101074,2021-08-05,5,Serious later ask art bar.,One people five pass.
FDBK90654,CUST104459,2022-01-18,1,Art result choose along.,Third create know yard power.
FDBK90655,CUST108272,2021-01-31,2,Discover since war.,Respond recently night sea.
FDBK90656,CUST108362,2023-08-30,4,Evidence charge speak service.,Fill something threat energy.
FDBK90657,CUST105845,2022-07-07,3,Effort right why no meet economic.,Job across morning sit enjoy.
FDBK90658,CUST105419,2021-08-14,4,Thousand language cold baby benefit center.,Evening north box inside.
FDBK90659,CUST109664,2022-07-23,4,Finish compare against scientist.,Possible different education.
FDBK90660,CUST100688,2022-08-17,4,Vote process economic reveal election kid.,Memory to foreign ahead.
FDBK90661,CUST101318,2023-09-18,1,Unit create stock. Sea worker type alone pretty.,State conference Mr concern.
FDBK90662,CUST104299,2023-07-21,1,Person rate figure responsibility.,Such federal old.
FDBK90663,CUST100335,2021-07-24,3,Particular least experience discussion.,Suffer section rate effect.
FDBK90664,CUST108939,2022-07-28,1,Join nation gun call pick.,Foot take young certainly.
FDBK90665,CUST105682,2023-07-20,4,Hold reveal know gas coach. Miss agent that.,History spend long.
FDBK90666,CUST104942,2021-06-04,1,Though along respond may situation.,Mean source half could.
FDBK90667,CUST104999,2022-07-30,3,Look will concern town people quality.,Break start record continue.
FDBK90668,CUST101413,2023-03-26,1,Value in report far every.,History character food.
FDBK90669,CUST105237,2021-03-12,2,Measure general late responsibility office eight.,Control morning major until.
FDBK90670,CUST106245,2023-12-26,3,Garden inside shoulder everybody charge decade.,Necessary player issue Mr.
FDBK90671,CUST106404,2023-12-03,4,Space six executive choose thank.,Only expert wall.
FDBK90672,CUST102381,2022-07-23,2,Class during purpose seek his figure.,Across thousand situation.
FDBK90673,CUST102883,2021-08-22,4,Leave place message goal notice.,Short analysis anyone west.
FDBK90674,CUST104482,2023-05-08,5,Really other think chance.,Manage these north.
FDBK90675,CUST102847,2022-06-14,3,Nothing research old worry remember husband.,Voice general art within no.
FDBK90676,CUST101138,2022-02-08,1,Mother Mrs claim commercial.,Prove common deep smile.
FDBK90677,CUST103901,2023-10-08,5,Management even democratic stand rich.,Great moment nearly game.
FDBK90678,CUST109687,2021-07-14,4,Lead act significant street.,Garden anything fish middle.
FDBK90679,CUST107984,2023-06-13,5,Pay area start paper gas mean.,Message pay yet away.
FDBK90680,CUST102187,2022-07-23,4,Actually ok action everyone.,West writer join.
FDBK90681,CUST108792,2021-12-22,5,Glass public pull behavior picture speech.,Boy only miss fear.
FDBK90682,CUST108657,2021-11-26,2,Certain well time town.,Heavy minute old.
FDBK90683,CUST105724,2021-04-18,2,Effect deal phone.,Food of ok there.
FDBK90684,CUST108494,2023-09-07,3,Little form response.,Much own mother.
FDBK90685,CUST108084,2023-10-29,3,Ok but cultural offer plan.,Sister grow any hour.
FDBK90686,CUST106834,2023-03-27,2,Research draw seven would general try.,Shake table rate evidence.
FDBK90687,CUST101588,2021-07-05,5,Nor economy since imagine always stop her.,Skin relationship agreement.
FDBK90688,CUST108955,2022-09-21,3,Mouth start drug realize question.,Design figure risk result.
FDBK90689,CUST101510,2022-12-05,3,Cost particular alone nation.,Either at lead rule.
FDBK90690,CUST105437,2023-12-31,2,Significant stand case if chance within we.,Manage real article almost.
FDBK90691,CUST103612,2023-08-11,5,Style claim late wide.,Scientist sort life fine.
FDBK90692,CUST103004,2022-05-06,3,A night control talk.,Job on loss.
FDBK90693,CUST100685,2022-07-06,2,Drop reach young hour.,Reason style know grow.
FDBK90694,CUST106564,2023-02-10,5,His behind view industry woman civil.,Short great through.
FDBK90695,CUST104069,2022-12-04,1,Sit well think line.,Letter but usually difficult.
FDBK90696,CUST106301,2021-01-11,1,From let treat born us.,Leave blue goal performance.
FDBK90697,CUST106932,2023-12-18,1,To gas relationship.,Early back compare center.
FDBK90698,CUST100333,2022-12-17,4,Letter visit very prove past.,Help music take.
FDBK90699,CUST105772,2021-04-16,2,Billion line purpose the center physical.,Exist set just owner oil.
FDBK90700,CUST106754,2023-03-25,2,Themselves skill Democrat interesting blue.,Brother health field fill.
FDBK90701,CUST100274,2022-06-08,5,Few increase few truth you sort.,Court wind special six.
FDBK90702,CUST106147,2023-07-30,4,List poor Mrs before most charge.,Woman put recognize year end.
FDBK90703,CUST105357,2022-12-27,1,Set page drop president his and read me.,Gun computer get process.
FDBK90704,CUST105268,2021-07-31,3,Establish town total college civil.,Several to itself law.
FDBK90705,CUST105225,2023-03-28,4,Least use not leg actually.,Build pressure born night.
FDBK90706,CUST104652,2021-08-10,2,Fact rich study suggest. Able cut scene skin.,Floor either piece large.
FDBK90707,CUST108751,2021-06-08,1,Structure Democrat summer place not go.,Wish reach sea send.
FDBK90708,CUST106547,2021-01-20,5,Air to stop culture.,Draw interview really letter.
FDBK90709,CUST108369,2022-10-04,3,Arrive enjoy management prove move.,Player kind such if deal.
FDBK90710,CUST103176,2021-09-19,5,Interest language audience history.,Between career some check.
FDBK90711,CUST103261,2022-02-14,1,Fund beat space environment attack now.,People effect task instead.
FDBK90712,CUST101422,2023-11-27,4,Teacher order food since expect.,Wide late officer word fire.
FDBK90713,CUST100036,2022-04-28,1,Such political including move control clearly.,Else owner ago window.
FDBK90714,CUST100195,2022-09-26,2,Ok him worker factor responsibility.,Son goal walk.
FDBK90715,CUST107033,2021-07-18,4,Maybe one eight hand.,Beat own seat attack most.
FDBK90716,CUST101317,2022-03-26,2,Difference style type level food part worker.,Though author lay building.
FDBK90717,CUST104688,2023-09-14,3,If year who attorney record.,Administration off authority.
FDBK90718,CUST108636,2021-05-07,4,Really current field phone.,Wonder provide party reality.
FDBK90719,CUST101372,2021-01-12,3,Sign give road high body social baby.,Turn course nearly its.
FDBK90720,CUST106373,2022-05-15,5,Detail do and capital you.,I full think.
FDBK90721,CUST102830,2022-11-03,4,Serve nor attention public arm day strong.,Form woman data data.
FDBK90722,CUST107964,2021-03-03,1,Only statement rate they sure.,Student front billion seven.
FDBK90723,CUST109514,2021-01-16,4,Boy me between someone smile.,Own left physical town.
FDBK90724,CUST109973,2023-03-03,5,Knowledge vote candidate treat single.,Check hair see ok.
FDBK90725,CUST103614,2021-09-02,3,Population truth computer foreign professional.,Above pattern test.
FDBK90726,CUST108532,2023-08-03,2,First strong style high tax.,Daughter prepare area agent.
FDBK90727,CUST107180,2022-12-05,1,Major leader economic feel responsibility adult.,Million building treatment.
FDBK90728,CUST109330,2021-10-25,3,Project book area six. Every avoid head tell.,Rise section beautiful open.
FDBK90729,CUST108453,2023-10-12,1,Appear marriage open.,Democrat turn all piece.
FDBK90730,CUST104821,2021-03-29,1,Many must measure wife game.,Federal these news word name.
FDBK90731,CUST104686,2021-03-19,1,Modern simple western.,North soon rate job yes.
FDBK90732,CUST105162,2021-08-24,3,Less trial bag. Hold protect film social ahead.,Cut skin range happen indeed.
FDBK90733,CUST108273,2022-10-03,3,Energy rise doctor bar test.,For car fly dog.
FDBK90734,CUST104574,2022-08-25,1,Mind commercial Republican conference.,Same common rise.
FDBK90735,CUST104530,2023-11-16,3,Field four officer compare themselves clear.,Really employee explain ten.
FDBK90736,CUST106218,2021-03-31,5,Voice meeting civil writer.,Mission bring beautiful pull.
FDBK90737,CUST106568,2022-09-05,4,Never story career several.,Information sell deal state.
FDBK90738,CUST101128,2022-12-25,1,Sense set when feeling.,Then room stage.
FDBK90739,CUST102061,2022-08-31,4,Student year approach free war.,As last during group tree.
FDBK90740,CUST102540,2021-05-08,1,Toward health may major eye grow crime.,Home answer peace attack.
FDBK90741,CUST106969,2022-07-28,5,Bar culture or person. Attention national drug.,Can ok whether fact.
FDBK90742,CUST106570,2021-12-15,2,Per consider eat already wear tree happy near.,Establish general full know.
FDBK90743,CUST100182,2023-11-17,3,Move poor young.,Whom live safe.
FDBK90744,CUST108484,2022-08-20,2,House others month small upon.,Treatment writer place loss.
FDBK90745,CUST101185,2022-05-02,5,Reduce create food hundred foot level role.,Open above event they would.
FDBK90746,CUST105037,2021-01-29,1,Bar natural effort take rule more.,Create all at boy.
FDBK90747,CUST105039,2021-06-18,2,Arrive apply activity work.,During painting fact film.
FDBK90748,CUST106163,2021-08-21,3,Item marriage purpose group green quite.,Not director community wide.
FDBK90749,CUST107162,2022-01-16,4,Line hour meeting make customer some simply.,Later once statement teacher.
FDBK90750,CUST106215,2023-06-27,4,Suddenly nothing first down.,Quality purpose apply space.
FDBK90751,CUST106890,2021-11-03,4,Big memory right while.,Speak new home reality level.
FDBK90752,CUST101983,2021-10-07,3,Choose less after after wish PM since.,Officer it manager with left.
FDBK90753,CUST101686,2022-06-27,4,Mouth daughter family decision.,Such serve beautiful century.
FDBK90754,CUST100562,2023-01-19,4,Authority yes cell argue tough stage important.,Real and about avoid.
FDBK90755,CUST106498,2022-03-19,5,Majority machine while far positive it eye.,Any happy scientist live.
FDBK90756,CUST104018,2021-10-23,2,Upon economic personal indeed glass.,Notice sit sense cover.
FDBK90757,CUST108710,2023-12-13,5,Toward cause view step available continue.,Rich success most investment.
FDBK90758,CUST109235,2023-04-13,5,We step new.,Significant old consider.
FDBK90759,CUST105369,2022-08-19,3,Respond check military say quality find.,Somebody use region well box.
FDBK90760,CUST108377,2022-12-26,5,Far bit state attention away certainly.,Walk argue skin close.
FDBK90761,CUST105464,2021-08-27,1,Nature free woman southern perform machine.,Actually very control boy.
FDBK90762,CUST102252,2022-09-13,1,We audience art current course.,They nearly citizen give.
FDBK90763,CUST101443,2022-01-11,1,Data example meet bit attention seek.,Debate oil draw big.
FDBK90764,CUST106587,2022-06-18,4,Particularly girl lawyer.,Popular citizen production.
FDBK90765,CUST108147,2022-03-21,5,Happy usually federal both street.,Series their country brother.
FDBK90766,CUST104509,2023-04-28,5,Effort half ten candidate speech man.,Material Congress often.
FDBK90767,CUST106269,2023-05-01,4,Discuss north section explain tax.,Professor add thing alone.
FDBK90768,CUST102778,2023-01-31,5,Suggest consumer company condition.,May security area trial.
FDBK90769,CUST103698,2021-05-23,4,Prevent cell north certainly.,Quickly dinner able hair.
FDBK90770,CUST107233,2022-09-19,3,Hair onto machine similar tell civil heavy group.,Address ahead movement song.
FDBK90771,CUST106483,2022-09-25,2,Long officer might word close thought.,Lawyer most fly hard.
FDBK90772,CUST102415,2023-06-28,3,Might figure hit shoulder group east amount.,Much her rise hot specific.
FDBK90773,CUST105624,2022-10-26,4,Wife business social line skill character try.,Small ready process close.
FDBK90774,CUST109799,2023-01-28,1,Present interest half fact last as will.,Policy seek then lot.
FDBK90775,CUST108113,2021-12-09,1,Owner human sport in. Hour might line happy.,Picture put probably spend.
FDBK90776,CUST104820,2021-04-12,1,With analysis tell suggest ten TV leader.,Attention talk today ten.
FDBK90777,CUST105711,2022-08-28,5,Me name star.,One need practice model.
FDBK90778,CUST104036,2022-10-18,5,Single control answer town share fall hour.,Maybe authority now the.
FDBK90779,CUST107202,2023-03-11,1,Project write admit exist dog beyond.,Side suggest the occur.
FDBK90780,CUST102121,2022-09-12,1,Impact rest maintain lead job rule water.,Thank address major.
FDBK90781,CUST100940,2021-08-17,3,Base outside do add particularly drug family.,Explain girl while shoulder.
FDBK90782,CUST108729,2021-09-29,4,Floor join candidate risk.,Care good himself apply.
FDBK90783,CUST108688,2021-12-25,5,Or hundred until feel.,Head hot investment.
FDBK90784,CUST101382,2023-04-01,2,Together evidence bad career science work rich.,Public those should course.
FDBK90785,CUST100358,2022-03-19,4,Wrong new which through society practice modern.,Actually discuss win hair.
FDBK90786,CUST103842,2023-12-20,1,A take pressure word line start.,Source that sit movie.
FDBK90787,CUST103757,2023-07-14,3,Study bank protect election. See really use song.,Gun reason possible.
FDBK90788,CUST102429,2021-02-02,2,Anything key middle read recently.,Current public decide.
FDBK90789,CUST108102,2021-12-22,4,Wrong first piece quite lay.,Allow interest know we.
FDBK90790,CUST105691,2021-09-05,2,Discover resource himself along.,Save two center city argue.
FDBK90791,CUST102390,2022-02-20,1,Cell act specific blue enjoy.,Half national box.
FDBK90792,CUST102194,2021-10-29,4,Office trial hope evidence pull chair speech.,Trouble what house it.
FDBK90793,CUST105897,2021-08-29,5,Letter let Republican industry man good.,Figure current carry.
FDBK90794,CUST100608,2023-01-12,3,Computer threat keep ask order want child watch.,Hour herself without.
FDBK90795,CUST106566,2021-06-25,5,Sure enter care although agreement.,Blood course president.
FDBK90796,CUST109292,2021-06-24,2,Evidence his small accept research human take.,Day three buy.
FDBK90797,CUST108522,2022-07-29,4,Although wear strong value risk require.,Figure write describe push.
FDBK90798,CUST103626,2021-10-30,4,Light natural live throughout grow industry.,Mention bank finish course.
FDBK90799,CUST106108,2021-12-01,5,Possible listen season decide out walk young.,Suggest air rest civil.
FDBK90800,CUST105217,2022-09-02,1,Table on need speech war.,Huge that matter.
FDBK90801,CUST108740,2022-02-07,3,Put clearly pattern investment loss.,Current term yes wear.
FDBK90802,CUST109172,2023-04-29,4,Chair nation who.,Wind gun oil hope professor.
FDBK90803,CUST108679,2021-04-30,2,Lay sit conference toward gun five spend.,Open finish never religious.
FDBK90804,CUST102225,2022-12-21,1,City build from evidence should under figure.,Perform of common no admit.
FDBK90805,CUST106032,2021-02-23,4,Specific government organization within those.,Hair health article science.
FDBK90806,CUST102198,2021-08-19,3,Memory interview must start hope coach together.,Blue happen toward coach.
FDBK90807,CUST104357,2023-01-01,4,Themselves avoid sell him student expert dream.,Deal fear physical.
FDBK90808,CUST107642,2022-04-11,5,Test various cause play author.,Seek become yourself force.
FDBK90809,CUST106306,2021-06-26,5,Identify like all point three.,Law become myself.
FDBK90810,CUST101912,2022-06-23,2,Feeling around hotel. Enough yet wall.,Property sense attorney.
FDBK90811,CUST103364,2021-02-25,5,Describe then ground third would.,Rather get item listen least.
FDBK90812,CUST107984,2023-11-13,5,Themselves focus son understand every difficult.,Run himself group hundred.
FDBK90813,CUST101666,2022-04-19,5,Sure theory reveal send father choice.,None recently policy office.
FDBK90814,CUST102288,2021-10-25,2,Soon expect media view understand.,Pick offer not firm.
FDBK90815,CUST105288,2022-03-24,2,Employee trade no like analysis.,Not quality speech.
FDBK90816,CUST102102,2023-10-11,1,Worker son treat century put plan whom.,Experience reveal teach.
FDBK90817,CUST109280,2022-08-23,4,State growth all east.,Old however health.
FDBK90818,CUST100571,2021-08-12,2,Race seek represent fear there science.,Score class culture wall.
FDBK90819,CUST101706,2021-01-02,1,Address indicate expert carry trade red.,Security painting accept.
FDBK90820,CUST103080,2022-01-22,3,History sound idea require could buy.,Through avoid star fire.
FDBK90821,CUST102906,2023-09-23,4,Dinner person drive participant follow result.,Degree where let she beat.
FDBK90822,CUST102489,2023-02-21,3,Manage live brother face.,Mention up wish situation.
FDBK90823,CUST100911,2022-11-09,3,It someone sport wonder now else.,Plan scene its need.
FDBK90824,CUST104549,2022-04-05,2,Next month rise operation.,Find hit whom forget.
FDBK90825,CUST101016,2023-11-30,2,Method upon former.,Training high south she.
FDBK90826,CUST104718,2023-04-23,1,Throughout between medical some.,Air six determine whatever.
FDBK90827,CUST102676,2021-02-19,2,Produce they use simple.,Thing recent surface up.
FDBK90828,CUST102015,2021-01-10,1,Leg gun responsibility sea strong check.,Woman mouth traditional.
FDBK90829,CUST104773,2021-09-19,2,Everyone few accept fall job conference ahead.,Interest rock picture my.
FDBK90830,CUST103677,2022-07-13,3,Director television deep right low check along.,Choice cold another.
FDBK90831,CUST104192,2021-08-07,4,Run that hour city cold real group.,But today out become its.
FDBK90832,CUST104509,2023-06-25,4,Present budget resource specific.,Great too film act.
FDBK90833,CUST100726,2023-03-24,2,World probably I public I beat.,Military voice authority.
FDBK90834,CUST107669,2021-03-01,5,Law baby put fish indicate cover rate ago.,History parent when fill.
FDBK90835,CUST109309,2023-01-25,5,Loss war back draw become.,Difference black age fact.
FDBK90836,CUST104982,2022-08-14,3,Perhaps know common with sport how.,Accept minute visit room.
FDBK90837,CUST104609,2023-09-07,2,Rather five try several.,Any world coach.
FDBK90838,CUST101481,2021-05-08,3,Sort see news last learn condition economy.,Class see push think how.
FDBK90839,CUST101800,2023-12-24,4,Clear foot business big nearly more toward.,Garden hair might let.
FDBK90840,CUST107418,2022-12-21,3,Many view hour world them move.,Eat baby democratic impact.
FDBK90841,CUST108971,2021-10-05,4,Father enough quite. Leave offer black.,Space six PM owner body leg.
FDBK90842,CUST100929,2022-11-30,2,Heart design energy collection room point alone.,To above least report decide.
FDBK90843,CUST106834,2021-07-16,3,Send mother exist listen prepare somebody.,Everyone for loss defense.
FDBK90844,CUST100637,2023-12-31,3,Too stop assume production scientist stage.,Think during like try.
FDBK90845,CUST107193,2021-05-11,5,Others right interview.,Different heart determine.
FDBK90846,CUST102500,2022-01-25,5,Leave Mr town get far.,Usually again certain off.
FDBK90847,CUST104144,2021-04-01,3,Continue staff news share fund ready.,Upon idea sure early.
FDBK90848,CUST102644,2022-03-25,3,Movie thousand east market beat between against.,Old so tonight.
FDBK90849,CUST103803,2023-01-23,5,Today its probably official gas including.,During direction model add.
FDBK90850,CUST107946,2022-11-25,1,Kitchen simply woman throw crime.,Subject leave world seven.
FDBK90851,CUST108809,2021-06-11,4,Everybody little first employee arm big.,Mean tell professor.
FDBK90852,CUST109613,2023-10-29,2,Candidate boy study red in according.,Matter up different member.
FDBK90853,CUST103371,2021-02-07,5,Fine friend sea yourself forward consumer none.,Ago get painting.
FDBK90854,CUST105230,2023-02-18,2,Charge more way big job cause.,Rich attention wait herself.
FDBK90855,CUST105323,2021-10-10,3,Every poor left peace.,Investment no too place.
FDBK90856,CUST105657,2021-07-24,2,Argue set officer election.,Law care year less.
FDBK90857,CUST103312,2023-11-01,3,Play himself tough individual pressure.,Dinner wonder test boy truth.
FDBK90858,CUST102504,2023-04-06,3,Receive project might into.,Present mouth total final.
FDBK90859,CUST103202,2022-02-23,3,Fall finish offer small. Put hit movement.,Real perhaps drug American.
FDBK90860,CUST102007,2021-12-09,1,Deal rest cut candidate certain.,Say message above around.
FDBK90861,CUST108488,2022-09-29,5,Body space may we effort.,Federal body issue.
FDBK90862,CUST104114,2023-07-13,4,Cost use against art suddenly return simple dark.,Car may arm cell million.
FDBK90863,CUST109590,2023-02-14,2,Speech rock set big.,Action gas receive.
FDBK90864,CUST104662,2023-05-13,4,Back nothing space suffer behind.,Event law glass under near.
FDBK90865,CUST102405,2022-04-15,5,Piece style protect staff day.,Begin southern close nothing.
FDBK90866,CUST101537,2023-06-21,5,Reality senior opportunity.,Red challenge eye.
FDBK90867,CUST108987,2023-02-08,2,Decision spend agency against dream so.,Probably marriage red.
FDBK90868,CUST100681,2023-01-24,1,Measure sign debate high offer law.,Simply staff deal write.
FDBK90869,CUST107616,2022-06-12,4,Type order bag tend tax.,Type off former practice.
FDBK90870,CUST107964,2023-06-02,1,Describe yet sing memory sometimes attack.,If evening window song baby.
FDBK90871,CUST103670,2022-04-20,3,Fear actually his worry concern.,Life require part carry.
FDBK90872,CUST102715,2022-05-17,3,The sound study business address identify of.,Herself data truth house.
FDBK90873,CUST107593,2022-08-18,3,Where itself exactly within compare analysis.,Too effort feel war.
FDBK90874,CUST100889,2021-05-19,5,Practice computer hotel really assume.,Film house effort.
FDBK90875,CUST104994,2021-08-23,1,Executive tree answer.,Senior so take bank.
FDBK90876,CUST107021,2023-02-15,5,Crime hair occur. System different thought.,Modern myself full media.
FDBK90877,CUST105426,2021-11-05,1,Open effort act successful body job soon.,Ability east decision system.
FDBK90878,CUST106267,2022-04-24,2,Yeah radio page national social break.,House sea night own cost fly.
FDBK90879,CUST109362,2021-09-24,5,Determine smile skin too hotel.,Respond may will upon.
FDBK90880,CUST101878,2021-10-30,3,Seek senior when mention despite deep.,Enough probably person risk.
FDBK90881,CUST100040,2023-12-09,3,Key southern quickly lose oil itself.,Truth out goal identify.
FDBK90882,CUST100911,2021-06-02,5,Which wish cut happen thought some area fear.,Expect decade put.
FDBK90883,CUST108059,2021-02-24,4,City down know image. Father though his election.,Pay edge factor computer its.
FDBK90884,CUST107488,2022-01-06,2,Amount across somebody practice.,Tell serious among baby.
FDBK90885,CUST106326,2022-10-28,3,Accept address six site never.,Hospital last between.
FDBK90886,CUST107187,2022-11-05,2,Several source ago.,Power step oil indicate.
FDBK90887,CUST105747,2021-05-10,4,Painting thing debate political.,Cost which its listen.
FDBK90888,CUST100548,2023-02-23,5,Have southern brother part region argue.,In one leg huge.
FDBK90889,CUST106481,2021-01-31,2,Central the present particular number.,Direction size day.
FDBK90890,CUST104373,2021-03-27,1,Floor serve by become can born.,No edge director test.
FDBK90891,CUST103883,2023-03-11,1,Risk across under shake.,Hand call report television.
FDBK90892,CUST105483,2021-07-17,4,Recently realize economic edge plan.,Rock throw well over.
FDBK90893,CUST106526,2023-04-19,1,Foot near him popular teacher information hot.,Artist though dream.
FDBK90894,CUST100870,2023-06-26,3,Brother from product across collection draw.,Sport east sure my enjoy.
FDBK90895,CUST108007,2021-02-20,1,White international memory lay.,Station close expect.
FDBK90896,CUST101581,2022-10-03,3,Large factor itself everybody.,Learn upon top discuss hair.
FDBK90897,CUST100281,2022-09-06,3,Along town discuss fine close car air.,Or take easy big deep.
FDBK90898,CUST101718,2021-06-16,3,Movie bring door dark detail issue.,Parent chance hard cost upon.
FDBK90899,CUST105796,2023-01-09,3,Return daughter team behind family.,Bed him so baby book.
FDBK90900,CUST103630,2023-04-25,1,Short politics cause goal.,Quality same work single.
FDBK90901,CUST106191,2023-01-16,4,Tree reach student rich since center meet.,Few worry argue.
FDBK90902,CUST104515,2023-12-04,3,Respond act score simply can know available.,Kind senior if soldier level.
FDBK90903,CUST102574,2021-02-07,4,Rich expect scientist each.,Great various shake east.
FDBK90904,CUST100902,2021-04-20,4,Admit cover because knowledge.,Probably behavior few.
FDBK90905,CUST100670,2023-04-20,5,Blood itself against as hair situation civil.,Me low message alone.
FDBK90906,CUST109230,2021-11-16,4,Push too feeling skill eye.,Be whom class kid.
FDBK90907,CUST100945,2021-09-07,2,Early across hit important.,Tax next tax tough training.
FDBK90908,CUST109395,2023-10-25,3,Wish find plant lay us.,Green partner big spring.
FDBK90909,CUST104023,2022-04-17,4,Standard section education walk expert bank.,Might air attack best.
FDBK90910,CUST105291,2023-12-20,5,Experience movie western movie wish movement cut.,Interest individual near.
FDBK90911,CUST106998,2021-01-13,5,Close offer avoid society no teacher.,Piece face performance.
FDBK90912,CUST104034,2023-10-18,2,Even between former step half.,Rather decide research.
FDBK90913,CUST109810,2023-09-28,5,Allow professional really fact.,Put issue five treat push.
FDBK90914,CUST103885,2023-04-12,3,Foot mother nature choice then give.,Cup analysis step deal ever.
FDBK90915,CUST104393,2022-02-02,5,Wind happy itself beat beat difference water.,Myself truth energy together.
FDBK90916,CUST109951,2022-01-09,2,Receive write room institution establish.,Pay blood guy language case.
FDBK90917,CUST104198,2021-12-08,3,Vote service lose claim.,Main return think.
FDBK90918,CUST105149,2023-01-06,1,Per keep your sport.,History mention pay decide.
FDBK90919,CUST104631,2021-12-18,3,Along to character continue know relate before.,Without method around for.
FDBK90920,CUST100612,2023-04-24,4,Inside bed safe off situation his doctor answer.,Far study myself human woman.
FDBK90921,CUST100299,2022-08-22,1,Under low dark personal.,Job car service visit.
FDBK90922,CUST101168,2021-03-10,4,North rate later write against.,Speech look before.
FDBK90923,CUST101224,2023-03-24,4,Nearly officer green rock. Voice watch say bit.,Word miss size protect nor.
FDBK90924,CUST105528,2021-01-09,4,Explain use keep hot.,Song real watch still.
FDBK90925,CUST102131,2023-02-16,2,Offer do business everyone sort pass.,Describe maintain see past.
FDBK90926,CUST101581,2022-08-16,2,Data mother different increase former.,Notice mother about admit.
FDBK90927,CUST103632,2022-08-18,3,Something worker mean.,Small people us letter.
FDBK90928,CUST106002,2021-02-23,2,Left not program final west.,Coach for official address.
FDBK90929,CUST103610,2022-01-21,5,Probably support husband western them public.,Take low place.
FDBK90930,CUST102333,2021-08-28,5,Role region couple born finally watch.,Sure return process.
FDBK90931,CUST103575,2021-11-01,4,Purpose director break week.,Agreement read east.
FDBK90932,CUST106480,2021-03-31,3,Change within consumer wonder gas on quality.,Meeting attorney among.
FDBK90933,CUST106086,2022-05-09,5,Week decade member feeling as detail maybe.,Low conference ago.
FDBK90934,CUST100046,2022-10-14,1,Practice score color worry civil father here.,Other open music one win.
FDBK90935,CUST106634,2021-08-06,2,Would discussion exist. Natural final dinner of.,Fall degree game.
FDBK90936,CUST106535,2023-08-30,4,Hear part child people away important treatment.,Defense agency consider many.
FDBK90937,CUST104726,2021-04-07,2,Our herself again north message ever trouble.,Before popular even change.
FDBK90938,CUST109012,2023-05-08,3,Improve easy within strong effect crime.,Deal any item attack.
FDBK90939,CUST106798,2021-12-09,4,Role thus quite first that finish.,Dog effort why now.
FDBK90940,CUST101462,2022-09-26,4,Step eight often doctor minute indeed.,Support improve trial member.
FDBK90941,CUST103980,2022-11-08,2,Head college defense. Stop behind just room.,Guy ask become sing nation.
FDBK90942,CUST109206,2021-02-09,4,Result safe role dog.,National range office sing.
FDBK90943,CUST104184,2021-08-08,4,Visit growth study girl later.,Understand kid admit suggest.
FDBK90944,CUST107278,2021-11-06,1,Land key benefit leg.,While court enough consumer.
FDBK90945,CUST108276,2022-09-22,4,Size everything real health.,Discover you here note.
FDBK90946,CUST105639,2021-08-26,2,Situation store can.,Office big program after.
FDBK90947,CUST107440,2021-08-05,5,Town question check growth they work fear reveal.,She move decade behavior.
FDBK90948,CUST108803,2022-04-28,4,Nice remain growth somebody health.,Spend name clearly.
FDBK90949,CUST106433,2022-12-26,3,Debate remain number.,Window idea series I.
FDBK90950,CUST109207,2021-04-23,4,Structure full if fill ability edge can.,Team charge lose.
FDBK90951,CUST105483,2023-02-23,4,Plan deep possible quickly little different care.,Rule pass act foot least.
FDBK90952,CUST107983,2021-05-24,4,Box name out often.,Meeting here me avoid.
FDBK90953,CUST107803,2023-02-06,1,Race sense mind relationship right soldier so.,Job address decade report.
FDBK90954,CUST108585,2022-12-15,3,Listen administration south.,Toward environment gun each.
FDBK90955,CUST103294,2021-04-30,2,From drug result later feel little.,Film sound serious include.
FDBK90956,CUST105837,2023-08-02,4,Between building third avoid enter work accept.,Teach still every only.
FDBK90957,CUST103556,2021-01-20,2,Develop special success fine together.,Already part natural itself.
FDBK90958,CUST103474,2023-12-15,1,Care yes foot within road especially without.,Only out once along top wear.
FDBK90959,CUST107575,2022-06-22,4,Agent light cultural chair.,Happy alone political.
FDBK90960,CUST108106,2021-01-29,1,Learn chair make employee.,Dream even tough everybody.
FDBK90961,CUST107560,2022-09-24,1,Traditional remain able example city seek.,Now truth son action.
FDBK90962,CUST103420,2022-02-08,5,Ability economy language blood look.,Turn cultural second water.
FDBK90963,CUST100815,2022-06-25,5,Apply show talk heart perform list beautiful not.,Glass continue view.
FDBK90964,CUST105792,2021-05-05,5,Writer head itself.,Personal ok job pretty.
FDBK90965,CUST100474,2021-04-22,3,Friend democratic sell energy.,Within protect year example.
FDBK90966,CUST100859,2023-09-10,1,Owner without war gas voice nature capital.,See particularly cup purpose.
FDBK90967,CUST105665,2023-04-05,2,Make purpose environment ball.,Read from guy speak.
FDBK90968,CUST106307,2022-09-02,5,Decide have ability article above help give do.,Staff eye three.
FDBK90969,CUST101055,2023-05-01,3,General ok career occur decision.,But care seven current less.
FDBK90970,CUST102129,2021-05-08,4,Subject father bill save view would get.,Above mean few.
FDBK90971,CUST103551,2021-09-13,5,Majority sign adult which material continue.,Allow dinner court.
FDBK90972,CUST105079,2022-02-05,4,Value base remember concern ball impact.,Quite area agree arm.
FDBK90973,CUST104522,2022-09-07,4,Produce line number trial necessary by.,Per nor parent along.
FDBK90974,CUST105253,2022-05-26,4,Bar represent economy pressure build music she.,Him small floor require.
FDBK90975,CUST109011,2022-08-21,5,Five sport admit be technology movement own fear.,Pass happen power cost look.
FDBK90976,CUST101107,2023-06-07,1,Agency agent hit white who cultural agree.,No clear animal method.
FDBK90977,CUST104990,2022-03-29,3,Method space present deep very.,Later season score sing.
FDBK90978,CUST104441,2022-12-31,3,Difficult those animal almost however.,North admit must whom by.
FDBK90979,CUST105709,2021-06-23,1,Everybody these letter man well value find hold.,Chair door let pay many.
FDBK90980,CUST108039,2022-01-19,5,Quite staff that example.,Example floor fact indeed.
FDBK90981,CUST102603,2023-07-03,1,Point science stop.,Court under job decade.
FDBK90982,CUST105190,2022-10-04,4,Message ahead call eye husband significant side.,Focus beyond here name.
FDBK90983,CUST109538,2022-01-16,4,Remember director scientist left night truth.,Tv dinner effort capital.
FDBK90984,CUST108851,2021-10-16,5,Soon still away fast check recognize election.,None hospital space school.
FDBK90985,CUST102456,2021-05-09,3,Collection increase receive him.,Support where small team.
FDBK90986,CUST101245,2023-08-29,1,Car sell media hold seat around.,Conference sing coach.
FDBK90987,CUST107327,2021-10-05,1,Popular anyone sit world.,Nature during since.
FDBK90988,CUST102886,2022-08-03,1,Matter none through gas.,Get by drop carry security.
FDBK90989,CUST104659,2023-02-28,3,Garden garden gun task live quite.,Return lawyer little.
FDBK90990,CUST102864,2023-12-29,1,Pay public most see laugh leader move sound.,Amount through both.
FDBK90991,CUST100278,2023-12-11,1,Material society figure near glass.,Meeting and send.
FDBK90992,CUST105643,2023-11-17,5,Bank everybody increase forget.,Eat school wind hour.
FDBK90993,CUST105571,2022-05-17,3,Hit ten yard official decade now.,Task month voice.
FDBK90994,CUST109554,2023-07-03,1,Worker available claim lot somebody economic.,Really their sea crime.
FDBK90995,CUST108128,2021-10-24,2,Yet your month. She exist method however.,Sometimes all himself easy.
FDBK90996,CUST108414,2023-03-16,5,Memory ground hundred fill better strong special.,But act first do.
FDBK90997,CUST105290,2021-05-26,1,Pressure over edge size five course.,Modern write hear city.
FDBK90998,CUST101226,2023-02-28,5,Military no feel oil interest kitchen feel.,Ready month data rule run.
FDBK90999,CUST108898,2023-02-13,4,With herself night under him evening per.,Mean PM light sit.
FDBK91000,CUST100977,2022-05-29,1,Enough couple but. Southern its safe.,Entire do across various.
FDBK91001,CUST106202,2022-04-08,1,What whole serve.,Ten impact make.
FDBK91002,CUST108399,2022-10-13,1,Around with eye decide.,Country book model pass.
FDBK91003,CUST107423,2021-09-24,3,Off wind table wrong must yourself drop.,Challenge lot subject assume.
FDBK91004,CUST108047,2021-10-26,5,Yard idea contain near.,Structure activity series.
FDBK91005,CUST101306,2021-03-04,1,Share itself no level could beat Mrs.,Visit bring material decide.
FDBK91006,CUST102605,2021-04-28,1,Growth two sister decide.,Wish work outside view.
FDBK91007,CUST103211,2023-03-05,5,Half condition toward yet true remember hit.,Often interest car door.
FDBK91008,CUST108630,2023-08-19,3,Per just open top. Course appear loss.,Other center throw.
FDBK91009,CUST104793,2022-05-08,2,Myself good yet difficult air less.,Of focus property.
FDBK91010,CUST105991,2022-08-28,4,Just school fire person.,Read thank vote partner.
FDBK91011,CUST100301,2023-11-01,5,Gun program over team.,Form man beat remember.
FDBK91012,CUST105540,2022-06-26,5,Yet pick win. Population phone go.,Store read scene medical.
FDBK91013,CUST107104,2022-05-10,2,Really positive argue. System player find would.,Democrat forget population.
FDBK91014,CUST101362,2022-12-01,1,Peace likely for throughout who.,Step often off.
FDBK91015,CUST106719,2022-01-30,2,Account leave main section during.,Believe understand part edge.
FDBK91016,CUST108264,2022-11-22,1,Stuff way represent attorney story model best.,Deal tough image.
FDBK91017,CUST108725,2021-09-03,1,Mission before summer federal three.,Wonder rest type customer.
FDBK91018,CUST102036,2021-10-25,1,Everybody wait trade beyond rich father.,Arm word wife line step.
FDBK91019,CUST102968,2022-02-11,3,Beyond black establish career PM.,Know recently another record.
FDBK91020,CUST104488,2021-03-29,2,For ready main onto arm economy fear.,Performance seven close.
FDBK91021,CUST106050,2022-04-03,3,Fall phone figure former.,Question particular two.
FDBK91022,CUST107604,2022-08-17,3,Human stock gas push.,Must natural out house.
FDBK91023,CUST107213,2022-02-03,2,Evidence necessary dog him half.,Along rule idea option.
FDBK91024,CUST106317,2021-06-24,2,Board three old class half.,Detail how space feel.
FDBK91025,CUST101352,2023-01-08,1,System some use city.,Song ready word in.
FDBK91026,CUST100599,2021-09-26,5,Letter team report. North alone fine ball.,Use success then too type.
FDBK91027,CUST103346,2022-09-20,5,Natural work new summer reveal level.,War sell or good.
FDBK91028,CUST106010,2021-05-31,4,While again someone relationship see fire.,Usually letter bit.
FDBK91029,CUST105174,2023-03-01,1,Short large medical possible.,Mention majority blood wait.
FDBK91030,CUST107632,2023-12-12,2,Item early garden direction.,Human their five here.
FDBK91031,CUST106013,2022-12-10,5,Eight college improve year.,Time you return paper.
FDBK91032,CUST105197,2022-02-28,4,College blue term Mrs country during.,Send power here poor data.
FDBK91033,CUST106464,2021-03-08,5,Just soon material.,How house only short.
FDBK91034,CUST105754,2022-11-03,3,Animal ahead nice success.,Computer base fall.
FDBK91035,CUST109454,2022-01-10,1,Floor rule citizen perhaps perform your law.,Join less glass forward.
FDBK91036,CUST108887,2023-11-10,1,Show end certain all.,Second now story a.
FDBK91037,CUST100849,2021-10-01,3,Father nor party dog media.,Task speech all.
FDBK91038,CUST108023,2023-09-21,4,Contain woman go enter then pattern.,Admit from hour ask.
FDBK91039,CUST108849,2023-04-30,2,Listen factor news than life provide bed.,Bit foreign break movie eye.
FDBK91040,CUST109572,2021-01-13,2,Candidate door training job.,Detail still road heavy.
FDBK91041,CUST106949,2023-12-16,3,Executive increase left pick.,Every design care activity.
FDBK91042,CUST102753,2023-02-03,3,Thousand identify body agreement cover.,South teach protect house.
FDBK91043,CUST105639,2022-01-08,1,Remain certain fall last find five mother.,Control none area including.
FDBK91044,CUST103522,2023-08-31,5,Structure various raise.,Choice think amount pressure.
FDBK91045,CUST103008,2023-03-26,4,Either again open worry concern start.,Tree beyond explain good.
FDBK91046,CUST101632,2022-04-19,4,Threat should response film head suggest.,Next bag employee listen.
FDBK91047,CUST101102,2021-11-16,5,Detail rise relationship practice modern.,Realize like dog despite.
FDBK91048,CUST104040,2022-01-31,2,Medical allow develop author turn.,Involve watch be up.
FDBK91049,CUST106127,2022-01-31,4,Yeah light concern scientist.,Threat write prepare skill.
FDBK91050,CUST106980,2022-09-12,1,Mother suddenly entire level. All something less.,Bring decide stock wrong lot.
FDBK91051,CUST100755,2021-01-18,3,Billion into property whose finish.,Big others mouth.
FDBK91052,CUST107977,2022-02-12,5,Onto reduce often leave.,Sound agreement instead.
FDBK91053,CUST101820,2022-07-13,2,Father thus maintain future production.,Message fill reach real.
FDBK91054,CUST104342,2023-09-14,5,Support test here student include.,Long whether her own.
FDBK91055,CUST108894,2022-07-06,5,Fact power success amount from.,Reduce region perhaps very.
FDBK91056,CUST104888,2022-08-02,5,Talk democratic debate until piece sound.,Impact industry office.
FDBK91057,CUST106034,2022-09-19,1,Politics physical song least.,Letter star fine view.
FDBK91058,CUST101436,2022-03-22,2,Add my news room.,Couple bill public.
FDBK91059,CUST109294,2023-09-18,3,Service be involve daughter.,Continue least source thus.
FDBK91060,CUST106009,2021-04-20,1,Politics baby material administration home.,Sell style scene choose.
FDBK91061,CUST109945,2021-05-01,4,South magazine end. Find eye data husband.,Tend edge town in behavior.
FDBK91062,CUST104095,2022-08-27,5,Black enjoy reveal while himself west.,Main health dinner source.
FDBK91063,CUST100669,2021-01-09,4,Meet card cell hear. Truth bit base the large.,Keep realize fact.
FDBK91064,CUST101104,2022-06-30,5,Over too school success start.,Method only executive leader.
FDBK91065,CUST108048,2022-07-26,5,Serious professor yet.,Too focus expert adult.
FDBK91066,CUST109292,2022-09-10,2,Serve impact especially number place once reason.,Many question fly.
FDBK91067,CUST108134,2021-03-24,3,Three let although natural them.,Shoulder no drive argue.
FDBK91068,CUST104687,2022-04-07,1,Just radio cut man pressure.,Ball statement away whether.
FDBK91069,CUST108068,2023-02-01,1,Claim stay official something.,Assume industry claim.
FDBK91070,CUST106992,2023-03-19,3,Toward argue learn however environment.,Me value buy scene left.
FDBK91071,CUST102752,2022-08-11,5,Police sport because the they newspaper security.,Call president skin clearly.
FDBK91072,CUST100712,2021-06-02,4,Exactly look easy little parent growth.,Power option clear voice.
FDBK91073,CUST103825,2022-07-27,2,During say defense then campaign.,Discover answer feel left.
FDBK91074,CUST104172,2021-06-29,1,Pressure send stage source under house stuff.,Wall year eye even.
FDBK91075,CUST107003,2023-02-13,1,Their traditional few pay country according.,Various mean and hit.
FDBK91076,CUST107750,2023-11-04,5,Light activity better according.,Always kind military.
FDBK91077,CUST106596,2023-09-16,4,Mother end woman kid art list.,Huge learn environmental.
FDBK91078,CUST101335,2022-12-31,1,Offer visit lawyer.,Build able call standard.
FDBK91079,CUST104551,2022-11-05,3,Reach benefit so local. See event degree.,Use some area.
FDBK91080,CUST103872,2021-02-05,2,General drive the them simple challenge only.,Including hit develop two.
FDBK91081,CUST103421,2023-12-11,4,Often wind increase sport himself spring.,Certain after question.
FDBK91082,CUST104503,2021-03-16,2,Into item too letter.,Meeting because wrong.
FDBK91083,CUST109046,2021-07-28,2,Institution region increase receive.,Ten catch room list.
FDBK91084,CUST100532,2022-09-11,2,Realize mission the budget she behavior.,Myself land power amount low.
FDBK91085,CUST103404,2023-01-15,3,Grow paper late. Prepare toward who clearly.,Happy news wind yes.
FDBK91086,CUST101393,2022-11-02,3,Discuss visit compare kitchen soldier.,Scene I agent senior up.
FDBK91087,CUST107336,2021-12-04,3,Skill increase gun option spring research.,Unit wait outside they from.
FDBK91088,CUST107922,2023-08-04,2,Mr everybody huge stuff room term.,Feel low manager population.
FDBK91089,CUST104087,2022-06-04,3,These to phone sing strong sit.,Physical expert line measure.
FDBK91090,CUST106445,2023-08-29,5,Court memory newspaper all he buy.,Field nation million talk.
FDBK91091,CUST109494,2023-07-04,2,Open policy clear marriage offer.,Cost one five lawyer leader.
FDBK91092,CUST103605,2022-06-18,5,Option item Democrat gas.,Certainly show even already.
FDBK91093,CUST102145,2022-03-09,1,Check add party concern car prove over.,Other activity quality enter.
FDBK91094,CUST100903,2021-04-01,4,Gun some myself much seem entire trip focus.,Player yard suffer list.
FDBK91095,CUST105931,2021-09-24,1,Camera name soon hope four either mention they.,Such continue field happy.
FDBK91096,CUST102078,2021-03-01,2,Product since seek Congress.,Source offer laugh.
FDBK91097,CUST106448,2022-05-31,5,Team finally save if drug fire decade.,Well evening pick gas.
FDBK91098,CUST103557,2023-12-18,5,Never begin series along.,Firm peace produce.
FDBK91099,CUST109822,2023-10-14,4,Director situation federal stock mouth.,We home newspaper.
FDBK91100,CUST101587,2022-05-20,2,She design because north statement meet race.,Six health similar base nor.
FDBK91101,CUST104930,2022-07-02,2,On make cup risk soldier issue product.,Task book base.
FDBK91102,CUST106680,2021-03-24,3,By decision gun attack send memory she else.,Order skin can teacher be.
FDBK91103,CUST103660,2022-05-25,2,Experience subject training away it.,Sort dark international get.
FDBK91104,CUST105711,2023-10-26,1,Tend open believe possible list.,Yard there not heavy.
FDBK91105,CUST103115,2022-03-15,5,Beyond late lead admit near high seat theory.,Over energy one run four.
FDBK91106,CUST107573,2021-01-26,5,Become hour tax off available knowledge.,Service born beyond.
FDBK91107,CUST108565,2021-02-21,3,Claim assume sell.,Once future one south or.
FDBK91108,CUST102066,2021-08-16,2,Pay daughter else bank vote every.,Culture car board pass soon.
FDBK91109,CUST108892,2023-09-19,4,Police wear easy age no drive seven.,Seem yeah television none.
FDBK91110,CUST108411,2022-07-27,3,Between hope image local who television what.,Community economic fine.
FDBK91111,CUST107572,2022-08-24,1,Girl begin gun read.,Guy house ago table.
FDBK91112,CUST100296,2023-11-05,1,Sport remain note and.,Fund where though task.
FDBK91113,CUST109469,2023-05-21,3,Interesting notice institution.,Wonder role learn choice.
FDBK91114,CUST106647,2022-11-24,3,Government student occur scene either.,Budget success miss.
FDBK91115,CUST106313,2021-08-24,5,Way born maintain rock tonight laugh glass.,Fall shake tough.
FDBK91116,CUST107804,2022-10-18,3,Lawyer choose director.,Space wear dinner state want.
FDBK91117,CUST107797,2021-10-30,5,Seat cup relationship fight put.,World Mr land mission.
FDBK91118,CUST108454,2021-03-05,1,Someone read five worker PM foreign.,Music interview too.
FDBK91119,CUST103417,2023-10-01,1,Different writer environment.,Whole officer establish.
FDBK91120,CUST103512,2023-06-13,1,Deal else meet budget everyone today.,Management ready lay wait.
FDBK91121,CUST107609,2022-12-15,5,Bar method four end address why heart.,Skin seat argue.
FDBK91122,CUST103600,2022-05-13,3,Leave not soldier fill year cost.,Speak customer ask somebody.
FDBK91123,CUST104793,2023-06-14,2,Throw choice by cost view test.,Trade decade probably leader.
FDBK91124,CUST102879,2021-07-17,2,Enjoy and foreign hear.,Party fill ready fly.
FDBK91125,CUST102317,2021-09-07,4,Protect simply course game turn wonder.,Several magazine ask also.
FDBK91126,CUST106275,2023-07-26,4,Figure former appear hundred.,Main you today.
FDBK91127,CUST103279,2023-12-05,5,Drug miss against car.,Almost provide contain.
FDBK91128,CUST103859,2023-12-09,3,Board today low soon charge wonder skin.,Whom window guy fund.
FDBK91129,CUST105024,2021-05-27,1,Figure recognize often beat old thing its.,Media up in affect small.
FDBK91130,CUST107728,2022-05-04,2,Tell culture exactly bag entire.,Other believe organization.
FDBK91131,CUST100849,2023-07-23,4,Leave many too same cold movie.,Show if company skill.
FDBK91132,CUST103124,2022-02-05,3,Determine success go every.,Event thank future material.
FDBK91133,CUST109720,2022-11-25,2,Together husband nation positive growth loss to.,True deal leader generation.
FDBK91134,CUST108676,2023-03-27,3,Development remain picture nothing.,But friend mention.
FDBK91135,CUST100112,2022-03-04,1,Attention argue charge someone.,Thank and cover.
FDBK91136,CUST107364,2021-02-28,5,Sport sound decide section floor.,Game you glass.
FDBK91137,CUST103433,2022-05-12,2,Writer would himself collection.,That bring fund man seek.
FDBK91138,CUST104281,2023-03-13,2,Threat concern speak spend dream.,Threat medical almost civil.
FDBK91139,CUST102851,2022-02-03,3,Say include tax run community.,Mention deal lawyer.
FDBK91140,CUST105566,2023-05-09,3,Deal suggest once case laugh almost relate.,Bag whether baby different.
FDBK91141,CUST109842,2022-11-06,3,Individual only leg become across take our.,Upon office send event.
FDBK91142,CUST107592,2021-07-30,1,Perform brother station fund always single.,Watch service this wait.
FDBK91143,CUST102847,2022-11-15,2,Show them rest land usually. State throw long.,Cost down food mention.
FDBK91144,CUST108832,2023-11-10,5,Recognize line page. Western maintain fall.,Us produce true clear.
FDBK91145,CUST105781,2021-06-22,5,Arm around want official.,Common affect indicate.
FDBK91146,CUST104556,2021-07-09,5,Grow health environment plan me unit power.,Major cold dinner reduce.
FDBK91147,CUST109390,2022-12-02,3,Sort film surface including.,Site next buy all speak.
FDBK91148,CUST103919,2022-09-01,1,Finally when site development grow.,Read thank deep we else.
FDBK91149,CUST101053,2022-03-16,3,Add international since hot eye item hot.,Than site certain drug.
FDBK91150,CUST109561,2021-04-15,5,Law back however book born.,Bed inside indeed.
FDBK91151,CUST104818,2022-07-22,1,Music despite want seek evening service.,Stock I level have.
FDBK91152,CUST104232,2022-09-18,3,Hit indeed doctor home get everybody nothing.,Relate discussion foreign Mr.
FDBK91153,CUST102144,2023-07-08,4,Name little Democrat however.,Brother think its.
FDBK91154,CUST102809,2023-12-14,4,Article talk method before his behavior.,Tv and blood summer more.
FDBK91155,CUST108920,2022-05-27,1,Prevent star everyone edge yes take case.,Watch life stock figure.
FDBK91156,CUST107967,2021-11-21,5,Because they house ok change.,Kind final tough sit others.
FDBK91157,CUST106358,2021-01-21,5,Natural miss region seem kitchen physical.,Well soldier support medical.
FDBK91158,CUST104107,2023-10-03,5,Wait reduce future religious customer toward.,Property second loss.
FDBK91159,CUST109637,2022-12-01,5,Range family compare imagine light miss.,Affect team position need.
FDBK91160,CUST101311,2022-12-21,5,Ever suddenly argue act alone he.,Reality floor forward light.
FDBK91161,CUST105727,2023-05-25,2,Writer be lay prevent campaign ever.,Employee fill some.
FDBK91162,CUST100166,2023-09-22,5,Research consider both think enter film large.,Economy fire power son.
FDBK91163,CUST104450,2021-10-06,3,Rest participant ability book also if.,Billion law image develop.
FDBK91164,CUST107940,2022-07-20,1,System look research room.,School center school.
FDBK91165,CUST103283,2021-04-23,2,Concern together pass among as weight.,Clear read produce left.
FDBK91166,CUST105840,2021-01-18,5,Tax wrong yard peace enough.,Able through ready quite you.
FDBK91167,CUST101942,2021-05-02,3,Local form final method.,Ever reduce save manage.
FDBK91168,CUST101528,2021-06-25,5,Remember bill shoulder attack pretty.,Time threat source too.
FDBK91169,CUST107963,2021-05-21,4,South make possible fill economy.,About newspaper game almost.
FDBK91170,CUST103199,2023-01-04,1,News lot into.,Purpose there water.
FDBK91171,CUST107720,2022-09-24,4,List try interesting former black.,Same economy weight word kid.
FDBK91172,CUST108480,2023-01-09,5,Service ask what might.,Difficult meeting agreement.
FDBK91173,CUST108644,2023-01-15,4,Turn speak thank side agency soldier western.,Travel score yourself only.
FDBK91174,CUST104217,2023-11-12,3,By former painting reality memory son.,Offer all participant.
FDBK91175,CUST100727,2021-08-18,2,Share million TV. Step discuss glass pass put.,Threat doctor money new guy.
FDBK91176,CUST104050,2022-08-12,3,Since hot soon certainly home.,Run after sister take them.
FDBK91177,CUST107717,2023-10-30,3,Ask foreign shoulder next.,Require go easy history.
FDBK91178,CUST100363,2021-12-02,1,Company boy majority identify sister hair.,Green cost beyond.
FDBK91179,CUST103783,2022-08-08,1,Assume available interesting mention one lay say.,Someone wear fund seek.
FDBK91180,CUST101509,2022-02-07,4,Argue pull position leg test section.,New decide boy head.
FDBK91181,CUST101073,2022-05-13,5,Computer up do short man against southern.,Stay past school fact.
FDBK91182,CUST108771,2021-10-26,4,Heavy could cost name send blood morning.,Individual senior safe.
FDBK91183,CUST101752,2021-05-08,2,President hospital town theory key writer next.,Stay success college.
FDBK91184,CUST106790,2021-04-02,5,Check to card admit.,Series popular boy guess.
FDBK91185,CUST100446,2021-10-02,3,Issue always day daughter easy particularly.,Alone follow out blood.
FDBK91186,CUST102809,2021-06-01,3,Oil as according campaign detail.,Expert rich attorney.
FDBK91187,CUST106318,2021-12-01,2,Body gas much modern human pull bed tell.,Security shoulder often send.
FDBK91188,CUST100540,2023-07-08,5,Traditional morning clearly skill trial clear.,Paper card outside back.
FDBK91189,CUST100444,2022-08-14,2,Message notice moment sure.,Produce knowledge fast.
FDBK91190,CUST107270,2023-09-14,4,Newspaper education force middle matter.,Instead visit control rich.
FDBK91191,CUST105972,2023-01-26,2,Before perhaps possible drive generation carry.,North line throughout.
FDBK91192,CUST109940,2023-03-01,1,Clearly move person light able.,He man until theory wonder.
FDBK91193,CUST108557,2022-02-10,2,Analysis tax business common.,Open identify forget ability.
FDBK91194,CUST103032,2022-02-08,5,Her upon fund treatment house tend strong.,Reveal those discover think.
FDBK91195,CUST109118,2021-05-29,4,Entire no girl past sell hour. Cut keep theory.,Personal sport pay bag.
FDBK91196,CUST107770,2022-06-18,1,Determine ok glass society save.,Although response within.
FDBK91197,CUST106176,2021-06-10,4,Movement anyone better but expect.,Foot one sometimes sense bit.
FDBK91198,CUST100934,2021-03-19,3,Space and there fly detail.,Place work understand.
FDBK91199,CUST105409,2022-09-18,1,Mouth three smile officer.,Imagine piece fall turn.
FDBK91200,CUST102206,2023-02-02,2,Executive my young early consumer many artist.,Hold get again team main.
FDBK91201,CUST108623,2021-08-06,4,Party what walk effort hear tree deep.,Chair we down against.
FDBK91202,CUST102788,2021-08-01,2,Owner energy next your factor law.,Mrs between reality step.
FDBK91203,CUST101305,2021-07-22,2,Your popular term hotel method maintain want.,Whole degree drop with.
FDBK91204,CUST102739,2023-06-12,4,Tv social day finally.,Hard whom outside follow.
FDBK91205,CUST101139,2021-01-06,2,Account reveal arrive. Outside tree grow action.,Land scene return true.
FDBK91206,CUST101971,2021-02-01,1,Democrat rock fly here tree.,Dream great general man.
FDBK91207,CUST108892,2023-03-03,4,Style describe wrong bring million.,Fact send guy newspaper.
FDBK91208,CUST101352,2021-04-08,5,Fly reality reflect whole best.,Network type various morning.
FDBK91209,CUST105669,2021-03-29,2,Mr hair site still step new power.,Plant few agree start detail.
FDBK91210,CUST107116,2021-05-04,3,Stay whose rise main nearly image.,Actually body fast other.
FDBK91211,CUST103085,2022-04-15,4,Child age good ahead ten.,Join my during hotel.
FDBK91212,CUST103282,2021-10-06,3,Drive similar any involve.,Specific art television.
FDBK91213,CUST101844,2021-12-03,5,Him majority follow.,Rather camera fast road like.
FDBK91214,CUST107917,2023-08-07,5,Budget scientist daughter trade source owner out.,Very turn product.
FDBK91215,CUST104295,2022-09-29,3,Story summer discuss.,Market low over since.
FDBK91216,CUST103518,2023-03-24,4,Rich entire professional manage.,One rise know treat.
FDBK91217,CUST103699,2023-08-10,3,Rate also before. Thing memory them believe.,Consumer meet feeling than.
FDBK91218,CUST109745,2023-10-22,1,Give hundred color attention bank.,Process language type.
FDBK91219,CUST105047,2022-07-03,2,Leave director teacher matter able court happen.,Lay those agency occur.
FDBK91220,CUST104313,2023-09-13,5,At person dream exist free art perhaps.,Ago game need one force.
FDBK91221,CUST101919,2021-12-25,5,Mind trade head still democratic.,Public guy along such.
FDBK91222,CUST103094,2022-04-01,5,Career same film region more.,Care medical center cost.
FDBK91223,CUST102529,2023-02-18,1,News scene cup allow.,Along data since ready.
FDBK91224,CUST102828,2022-10-27,1,Expert enjoy drug research.,Back region such lay.
FDBK91225,CUST100231,2021-09-30,1,Position themselves shake shoulder still.,Street north tend.
FDBK91226,CUST101933,2022-08-19,3,Rock site system what garden hundred theory card.,Candidate threat speech.
FDBK91227,CUST107740,2021-04-30,3,Send industry around camera.,Official popular tree always.
FDBK91228,CUST107397,2022-10-07,2,Head specific by ok for ago serve position.,Real evidence star away.
FDBK91229,CUST104186,2022-10-08,3,Top analysis national.,Make well city focus.
FDBK91230,CUST103669,2021-05-11,5,Score stay determine perform Republican form.,Cover trip college become.
FDBK91231,CUST104776,2022-02-21,1,Lot fall some lose stop personal.,Late walk church.
FDBK91232,CUST102039,2023-03-03,5,Front strong financial trouble.,Site hospital seat item.
FDBK91233,CUST108187,2023-03-06,1,Reveal to maintain world.,Herself drop reality for bit.
FDBK91234,CUST104245,2023-05-17,3,Key prepare can reach plant that.,Note only son.
FDBK91235,CUST102124,2021-10-07,2,Myself outside outside wish face professional.,Candidate three stand class.
FDBK91236,CUST100859,2023-10-31,4,Wrong break box stuff state former.,Address state education nice.
FDBK91237,CUST106924,2022-02-10,1,Section laugh increase rest push age.,Forget practice both.
FDBK91238,CUST100085,2023-12-12,1,Boy recognize American.,President door the.
FDBK91239,CUST104781,2021-10-02,5,Show debate serious kid sing industry.,Join house including tend.
FDBK91240,CUST107002,2021-07-27,2,Main allow your represent.,Left buy feel which.
FDBK91241,CUST109309,2021-03-15,2,Writer degree book hit forget college.,Deal decision method.
FDBK91242,CUST104094,2022-07-14,2,Involve matter person attorney within view.,Doctor station recently.
FDBK91243,CUST104146,2021-03-11,4,Machine beautiful whatever line drop blue.,Around decade same buy.
FDBK91244,CUST105745,2022-06-04,5,Enjoy speech stay crime power old law.,Size assume court treat.
FDBK91245,CUST104785,2022-06-01,2,Nor realize pass place indeed.,Now produce key threat.
FDBK91246,CUST100159,2022-12-09,5,Blue we save would avoid lawyer.,Gun whom main year property.
FDBK91247,CUST100878,2021-02-04,3,Quickly girl ok kitchen.,Deep put enjoy.
FDBK91248,CUST101962,2022-06-11,2,Fire add our life too.,Such save item.
FDBK91249,CUST107270,2022-09-19,4,Others network but star ten building.,Seem region laugh trip poor.
FDBK91250,CUST101364,2021-06-10,4,Still production well understand.,Our bed now anything.
FDBK91251,CUST101367,2023-04-16,3,Evidence available value pattern.,Chance her bar.
FDBK91252,CUST104771,2023-08-14,3,Fast my spend now also four recognize.,Alone computer deep scene.
FDBK91253,CUST103779,2023-06-04,4,Where ready plant realize.,Best next skill including.
FDBK91254,CUST107019,2021-08-12,1,His everything race likely.,Be country never short.
FDBK91255,CUST105891,2021-10-18,4,Manage look might owner stay shoulder.,Factor alone look open.
FDBK91256,CUST101609,2021-05-09,5,Wife ability bring can throughout ago notice.,Key open purpose detail.
FDBK91257,CUST108203,2022-09-25,4,Involve nice discuss identify top.,Body true parent part as.
FDBK91258,CUST104432,2023-02-13,4,Business air perhaps go find someone body.,Listen born gas give.
FDBK91259,CUST109255,2023-03-27,3,Or exactly always glass or sometimes better.,Business write star make and.
FDBK91260,CUST108026,2023-12-20,3,Worker explain number benefit quite cost east.,Check exactly brother.
FDBK91261,CUST101527,2023-12-16,1,Foreign star by suddenly hit plant.,Standard care address unit.
FDBK91262,CUST103351,2022-01-27,3,State rest bit edge cost upon.,There seven perhaps leader.
FDBK91263,CUST109553,2021-03-11,4,City social writer a box wind.,Would director thank defense.
FDBK91264,CUST105950,2023-05-21,1,Major eye finish beyond industry clear realize.,Save thought place finish.
FDBK91265,CUST103634,2022-12-09,5,Share blood answer create.,Field risk risk activity.
FDBK91266,CUST102105,2021-05-20,1,Sea present staff money PM.,Relate dark beautiful event.
FDBK91267,CUST102722,2021-06-28,3,Save east entire each conference serious lose.,Effort car table Mrs.
FDBK91268,CUST107363,2022-06-26,1,Economy agency choice individual officer decide.,Record see with its southern.
FDBK91269,CUST104321,2021-04-13,4,High piece think day page.,Yard occur world myself.
FDBK91270,CUST100726,2022-04-05,1,College key carry her thus.,Author why citizen many be.
FDBK91271,CUST103657,2023-02-15,1,Front will box ten over.,Form than ball career model.
FDBK91272,CUST107224,2021-07-06,2,Price foot say half story scientist quite.,Toward yourself eat painting.
FDBK91273,CUST104827,2022-03-21,1,Appear professional key control seem.,Customer major box similar.
FDBK91274,CUST101803,2023-04-18,1,Perform now matter part imagine event.,Condition word once.
FDBK91275,CUST109488,2023-06-13,5,Kitchen ability same anything.,Cover cultural wind thank.
FDBK91276,CUST107425,2023-05-15,2,Imagine sell including.,Lot trial too stock.
FDBK91277,CUST105324,2021-05-15,5,Power measure everybody prove into her music.,Rich sea better.
FDBK91278,CUST104620,2021-12-18,2,Region subject Mr career.,Box job where down.
FDBK91279,CUST106303,2021-12-15,1,Son save fall cover popular.,Billion material create than.
FDBK91280,CUST106312,2021-10-21,4,Grow catch address bit from party.,Land action worker source.
FDBK91281,CUST103258,2021-01-30,5,Few worry degree red anything.,Entire writer even lose fish.
FDBK91282,CUST106400,2023-04-10,3,Hand cell local.,Radio movie military.
FDBK91283,CUST106958,2021-10-12,3,Subject cost experience cost pay store card.,May finally thing discussion.
FDBK91284,CUST102252,2023-08-05,2,Game recently bad finish national until.,Few sound across tonight.
FDBK91285,CUST109960,2021-05-28,2,Director then respond discuss.,Machine someone section few.
FDBK91286,CUST105474,2022-02-19,3,Can attack simply get candidate kind far.,Really subject summer sing.
FDBK91287,CUST106787,2021-02-16,4,Social admit through audience rule.,Kitchen task win government.
FDBK91288,CUST108879,2021-07-24,1,Information article can.,Meet score pull him.
FDBK91289,CUST103861,2021-03-11,5,Car stand woman sea.,American less offer dog.
FDBK91290,CUST105581,2023-02-08,4,Machine gun camera how coach health lawyer.,Within play interview.
FDBK91291,CUST105452,2022-01-10,5,Forward better event pick beautiful tree.,Help total walk.
FDBK91292,CUST106017,2023-01-24,5,International case none newspaper discuss choice.,Create add cold buy.
FDBK91293,CUST106070,2023-06-21,1,Break worker building against enjoy.,Among threat plan could.
FDBK91294,CUST108392,2023-08-17,1,Them unit energy rest benefit.,Whom vote can.
FDBK91295,CUST104367,2023-05-24,5,Bag serve bad early.,Sort poor ask thus.
FDBK91296,CUST106539,2023-04-04,1,Discuss physical meet cover.,Guy new at window although.
FDBK91297,CUST100695,2023-01-17,1,Well TV produce suffer garden law.,Run too all hour.
FDBK91298,CUST106124,2023-08-10,4,Bit degree minute onto.,Style cover run example view.
FDBK91299,CUST108288,2022-09-01,5,Middle election source meet.,Because actually most.
FDBK91300,CUST103045,2021-06-25,3,This cost social half.,Wish around prove the.
FDBK91301,CUST108788,2021-11-29,4,Their wrong rise how.,As choice site chair indeed.
FDBK91302,CUST105514,2021-03-21,1,Him how radio catch people.,Bad citizen right ahead.
FDBK91303,CUST109432,2022-12-05,3,Than teacher present.,Tax key small try agency.
FDBK91304,CUST106391,2022-03-05,4,Just low plant their discuss pass later decision.,Attention enter wish.
FDBK91305,CUST102625,2022-02-05,4,Wrong four recently chair heart.,Bed level hard adult.
FDBK91306,CUST101464,2021-07-19,1,Lead decide professor very behind.,Their list move tax.
FDBK91307,CUST105577,2022-03-24,5,Discover enter price door ability toward already.,Assume push serve.
FDBK91308,CUST104595,2022-04-24,2,Scene through stock benefit write.,Be green drive animal.
FDBK91309,CUST100502,2021-06-29,2,Final likely war compare maintain direction.,Himself peace voice.
FDBK91310,CUST104199,2021-11-16,3,Long represent southern so through.,Rise kind me statement left.
FDBK91311,CUST109309,2021-12-24,2,Surface detail reveal consumer.,Song health factor risk.
FDBK91312,CUST100558,2022-10-10,5,Enjoy arrive radio. Game to amount professor.,Around role democratic save.
FDBK91313,CUST104943,2021-04-22,5,End ball per current weight event.,Theory put sit fast.
FDBK91314,CUST102050,2023-10-01,3,Behind police threat direction exactly.,Drop where year seat coach.
FDBK91315,CUST104236,2022-03-11,1,Lead exactly interesting station.,Hear past floor future this.
FDBK91316,CUST106737,2022-08-08,1,Game necessary interesting range north.,Sea wear you.
FDBK91317,CUST105247,2023-11-10,3,Allow sell war away make hit.,Than look modern maybe best.
FDBK91318,CUST100808,2021-03-09,2,Although role concern order various something.,Tough later by management.
FDBK91319,CUST102422,2021-12-21,2,Summer international pretty new stay ready.,Feel even history above.
FDBK91320,CUST109640,2023-04-08,3,Perhaps every resource lose.,Role give network among half.
FDBK91321,CUST106150,2021-11-06,4,Culture gas phone list also. Make thousand lot.,Heart role drive myself.
FDBK91322,CUST104126,2022-03-24,3,End air theory green where herself.,Care weight car along trip.
FDBK91323,CUST100636,2023-03-22,1,Son occur past fly officer. Do walk wear himself.,Financial wait her shoulder.
FDBK91324,CUST106162,2022-05-21,2,Fear man nearly can perhaps it.,Institution other inside.
FDBK91325,CUST100046,2021-05-17,4,Material national from social send no behind.,Should front contain fight.
FDBK91326,CUST103214,2022-09-23,4,Picture according between likely according then.,Little use resource better.
FDBK91327,CUST104551,2023-03-09,2,Strategy occur guy now west large.,Paper green where.
FDBK91328,CUST100623,2021-09-14,4,Expect office show likely.,Term politics by whom impact.
FDBK91329,CUST106689,2023-12-09,4,Suggest black huge most seat.,Whom fish notice young.
FDBK91330,CUST109684,2021-03-03,3,Serve stand season stand including result.,Exist democratic charge.
FDBK91331,CUST100284,2023-02-25,3,Call effect when least.,Stay decade throughout.
FDBK91332,CUST100371,2022-07-21,5,Call responsibility political behind election.,The blood law of thing.
FDBK91333,CUST101541,2022-09-26,2,Sure step final.,True would seat.
FDBK91334,CUST106122,2022-09-21,5,Adult bring hear staff. Hot part theory thought.,Finally decision month.
FDBK91335,CUST107315,2022-09-30,3,Others kind father audience full walk.,Rather ready forget help.
FDBK91336,CUST106126,2022-11-28,1,A military cup card far break.,How agree ball when.
FDBK91337,CUST105458,2023-07-24,3,Perform green western exactly.,Truth just for ahead.
FDBK91338,CUST100720,2023-12-28,5,Safe drop beyond guy include reveal provide.,Show turn as responsibility.
FDBK91339,CUST107347,2022-10-17,4,First western seek power or single nature if.,Buy value throw quickly.
FDBK91340,CUST101892,2023-12-24,2,Back goal buy people but.,Wind skin shoulder carry.
FDBK91341,CUST105069,2023-09-16,1,Staff traditional just consumer.,Low statement go season.
FDBK91342,CUST106709,2023-09-12,3,Science call entire couple here many.,Field material whatever time.
FDBK91343,CUST109462,2021-08-31,1,Common stuff tonight that.,Of rule improve.
FDBK91344,CUST105706,2022-12-18,4,Let source that middle strategy.,Data food public along.
FDBK91345,CUST102552,2022-02-08,1,Employee tough example certain test.,Board accept forward that.
FDBK91346,CUST105676,2023-11-24,1,Different chance fall over.,Sit administration rock.
FDBK91347,CUST105490,2023-06-06,1,Inside citizen movement tax.,Study home society bank.
FDBK91348,CUST105560,2021-09-11,5,Owner could determine exist plan matter.,Way law land sister.
FDBK91349,CUST104032,2021-03-16,3,First note control necessary environment carry.,Later school keep raise.
FDBK91350,CUST100844,2021-04-02,2,Dinner lot just. Work exactly my exactly his.,Hotel maintain glass.
FDBK91351,CUST100414,2022-02-07,5,Table candidate seven decide.,Again occur window system.
FDBK91352,CUST101183,2021-07-29,5,Better bit gun international can painting old.,People plan enjoy leg.
FDBK91353,CUST103495,2021-06-26,3,Describe like environment then drive none task.,Trial next any.
FDBK91354,CUST102406,2021-10-03,2,Right cut sea statement he process sort second.,City hope number yard.
FDBK91355,CUST105894,2021-05-16,1,National them bar class sound trip seven nice.,Able quickly eat myself.
FDBK91356,CUST101965,2023-05-22,2,Woman project soon movement appear.,Establish now would concern.
FDBK91357,CUST102480,2021-06-23,3,Table note religious alone. Address sea tax.,Idea make six involve.
FDBK91358,CUST107985,2022-12-30,1,Mr science drive activity check.,Away run even.
FDBK91359,CUST107792,2021-07-18,5,Radio several old wait room.,Sister she start week.
FDBK91360,CUST101968,2021-01-28,4,Really population work treat sister.,Center produce magazine four.
FDBK91361,CUST106735,2022-03-16,5,Participant best short case shake cost.,Pay power lawyer.
FDBK91362,CUST109792,2021-08-08,2,Region yourself money do almost.,Benefit deep word push.
FDBK91363,CUST100853,2023-06-05,2,Fly question woman perhaps improve it far these.,Environment best happen.
FDBK91364,CUST101309,2023-09-25,5,Attack bag skin point then capital.,Wife government reduce.
FDBK91365,CUST109031,2021-08-10,4,Direction race computer argue.,Sister south stuff may two.
FDBK91366,CUST108683,2021-04-13,2,Some market event nor traditional attack.,Owner series pass.
FDBK91367,CUST108130,2022-08-07,5,Require fine push figure risk child save.,Remain moment history remain.
FDBK91368,CUST108472,2022-04-09,2,Kind health letter great mouth less.,Process some another care.
FDBK91369,CUST103451,2023-11-28,5,Year us our enjoy back nearly.,Enough store lawyer music.
FDBK91370,CUST101351,2022-04-19,2,Air assume along father four someone figure.,Star resource vote prove.
FDBK91371,CUST109854,2022-02-06,4,Standard up who his soon. Certain dog seek.,Question future middle scene.
FDBK91372,CUST106588,2023-10-03,2,Enjoy although grow player training else.,Purpose during home.
FDBK91373,CUST106821,2022-08-16,3,Hour food consumer believe provide bit.,Indicate maintain worry soon.
FDBK91374,CUST102600,2021-01-30,4,On admit both laugh hope. Machine can step field.,Stock present left story.
FDBK91375,CUST106958,2021-04-25,2,Cut factor address firm.,Street rich pay.
FDBK91376,CUST105078,2022-03-11,2,Conference customer American my really forget my.,Start let his individual.
FDBK91377,CUST107747,2023-12-30,3,Pick firm let ability another individual turn.,Wear wrong song nor.
FDBK91378,CUST103233,2021-08-21,4,Remember space talk culture others itself.,Act support fact game.
FDBK91379,CUST106663,2023-09-19,3,Smile cut require husband close.,Step nice good movie fund.
FDBK91380,CUST106410,2023-08-09,5,Interesting kind community up.,Cell price idea she church.
FDBK91381,CUST106614,2021-09-30,3,Animal leg one dinner. Already method poor me.,Day theory attack stay girl.
FDBK91382,CUST104854,2022-05-30,5,Else appear decade. Possible science body help.,Feel phone help.
FDBK91383,CUST105186,2023-01-29,4,Tonight sister ball station him.,Senior truth day they.
FDBK91384,CUST106861,2023-10-13,1,Science week toward road contain still wait.,Coach week language my act.
FDBK91385,CUST105979,2021-10-10,5,Arm trade open talk loss how.,Song job rich ground box.
FDBK91386,CUST103594,2021-03-17,2,Effect himself news describe story enjoy.,Reduce human low play.
FDBK91387,CUST107709,2021-12-21,2,City less card eight strong success town.,And him wall research or.
FDBK91388,CUST109452,2023-10-19,3,Fine career him outside.,Local modern culture choice.
FDBK91389,CUST106785,2023-11-04,3,Leader cultural anything open hear field more.,Before the number.
FDBK91390,CUST109467,2023-12-16,2,Traditional machine stuff.,Operation issue likely fill.
FDBK91391,CUST106295,2021-01-22,1,Investment north with catch.,Remember movement prevent.
FDBK91392,CUST107373,2022-05-04,4,Star social seek charge other morning.,Fund still before argue.
FDBK91393,CUST100641,2023-07-14,3,Information religious employee.,Perhaps beautiful trip.
FDBK91394,CUST103522,2021-02-07,4,History simple sister under game.,Long prepare know.
FDBK91395,CUST106041,2023-09-15,5,Course radio woman per indicate consumer always.,Pm attorney head issue.
FDBK91396,CUST106300,2021-03-31,1,Central court option.,Ground note mother want.
FDBK91397,CUST101395,2022-08-24,3,A trade protect.,Mother a most if.
FDBK91398,CUST107473,2022-10-02,2,Lawyer size three live part later should.,May system through power.
FDBK91399,CUST101347,2023-06-21,1,From television nothing building.,Life assume nearly example.
FDBK91400,CUST106478,2022-07-26,4,Pass behavior dinner.,Piece security under who.
FDBK91401,CUST105270,2023-04-07,5,Best my try major difficult entire.,School woman event night.
FDBK91402,CUST103179,2021-08-27,2,Ten sport focus early western hard customer.,Space college among nothing.
FDBK91403,CUST105607,2023-10-13,2,Bill southern agent language.,Cultural may shoulder tree.
FDBK91404,CUST107806,2022-06-07,5,Whose catch find. Tv go knowledge.,Bring site carry sell always.
FDBK91405,CUST105720,2023-07-02,4,Thousand money foreign line through Mr.,Cell whatever among so bank.
FDBK91406,CUST105167,2021-02-20,3,Focus data dark bag blood growth seat national.,Senior on may save.
FDBK91407,CUST104366,2023-04-03,1,Decade million people try.,On increase market let.
FDBK91408,CUST102553,2022-04-15,4,Animal store we western.,Attention other enter here.
FDBK91409,CUST103052,2022-12-26,3,Prove Mrs reveal cause he significant peace.,Kind majority authority age.
FDBK91410,CUST101082,2023-05-16,5,Same these interview appear keep.,Full early everyone news.
FDBK91411,CUST107115,2021-12-29,4,Arm purpose toward first suffer investment learn.,Owner eye next measure.
FDBK91412,CUST103919,2022-11-25,1,Argue front strong.,Practice religious well more.
FDBK91413,CUST100409,2022-05-21,2,Focus natural maybe wonder well.,Fear serve blood necessary.
FDBK91414,CUST108519,2022-05-19,1,Return wait sense item professor peace get seat.,Hand that new arrive while.
FDBK91415,CUST101178,2023-02-14,4,Southern money short fly.,Subject now with old.
FDBK91416,CUST107386,2022-08-31,4,Must single fire record.,People church less.
FDBK91417,CUST103698,2022-08-18,3,Information yes lose indeed data recent.,Share you lot whole.
FDBK91418,CUST109853,2022-07-06,1,Nothing me sign on present trouble full TV.,Might get week thing try.
FDBK91419,CUST107082,2021-07-16,4,Save onto both hotel growth few.,Move best summer travel.
FDBK91420,CUST103496,2023-03-19,1,Material single leader need team music audience.,Must lay under provide.
FDBK91421,CUST103772,2021-04-04,4,Edge suddenly morning there road.,Morning week but eat get.
FDBK91422,CUST100748,2023-04-07,3,Second pay serious at new someone series.,Six up fine hope plant.
FDBK91423,CUST106431,2021-11-02,2,Hospital grow teacher off form.,Eat style religious.
FDBK91424,CUST105341,2021-01-11,4,Impact agree western few too down east job.,Buy worker citizen site.
FDBK91425,CUST100250,2023-08-14,3,Condition follow meeting thought series.,Sea industry after ability.
FDBK91426,CUST105308,2022-01-29,4,Instead well while right serious everyone.,Drop at third travel.
FDBK91427,CUST104240,2021-05-28,1,Stock business necessary mouth than hit.,Ball real instead big.
FDBK91428,CUST103720,2022-02-18,2,Apply onto with.,Way manage return.
FDBK91429,CUST106584,2021-06-12,2,Call people use democratic five sometimes effort.,Common yeah would give.
FDBK91430,CUST104977,2023-01-06,5,Agree cost six one little board.,Color human never.
FDBK91431,CUST103359,2022-07-25,5,From movement reality week home.,Deep age forward control.
FDBK91432,CUST103025,2023-12-11,5,Cell hear also likely machine which likely.,Site hard international.
FDBK91433,CUST105764,2023-02-19,1,Such ask into system law.,Apply pattern player oil.
FDBK91434,CUST105414,2021-02-15,1,Garden today air. Suffer this bad through.,Support up than painting.
FDBK91435,CUST108846,2021-12-31,1,Onto around music opportunity soldier leave.,State history person media.
FDBK91436,CUST104532,2022-01-30,5,Various rise professional who human senior.,Win none race more radio.
FDBK91437,CUST109146,2022-09-02,4,Budget yeah care fire none. Game share more that.,Line attack analysis there.
FDBK91438,CUST104994,2023-11-05,4,Scientist explain to change popular to.,Send simple tax point.
FDBK91439,CUST100056,2023-07-25,2,Him glass effort dinner sure.,Check hundred town third.
FDBK91440,CUST105938,2023-11-09,1,Speak sometimes whatever analysis audience vote.,Though project remain party.
FDBK91441,CUST108953,2022-03-13,1,Pattern such expert particularly second.,Respond gun forward century.
FDBK91442,CUST107946,2022-10-12,4,Wish challenge look police number be cut.,Rich office leader.
FDBK91443,CUST108600,2023-07-07,3,Camera north out role as.,Than former newspaper ground.
FDBK91444,CUST106032,2021-01-01,5,Future about stage she beautiful system course.,Five service herself remain.
FDBK91445,CUST101974,2021-04-17,3,Your indicate technology hit. Each never exist.,Wonder point determine.
FDBK91446,CUST100925,2022-06-29,2,Politics should camera herself out ready.,Suggest though heavy growth.
FDBK91447,CUST107177,2021-07-10,4,Beautiful recognize effect. Individual trip try.,Me chance section.
FDBK91448,CUST103995,2021-05-22,4,Mouth serve discussion whom computer interesting.,Less deal the read.
FDBK91449,CUST104802,2022-04-15,2,Scientist manage nation them.,Hot return commercial.
FDBK91450,CUST107377,2022-11-03,2,Surface teach building we experience hour.,Feel several suggest their.
FDBK91451,CUST105609,2023-11-01,1,Policy season much national.,Heart lead include.
FDBK91452,CUST101151,2023-06-05,3,Create fear more without.,Generation body war next.
FDBK91453,CUST105881,2022-05-01,2,Marriage manage read.,Central grow thousand north.
FDBK91454,CUST109552,2023-06-02,1,Above common figure carry.,Manager throw majority real.
FDBK91455,CUST102344,2021-04-26,2,Option certainly quickly enjoy.,Half garden them shake coach.
FDBK91456,CUST108252,2022-07-31,4,Activity thus method board.,Growth mother daughter none.
FDBK91457,CUST102075,2023-01-13,3,North environmental rate region decade center.,Indicate appear now myself.
FDBK91458,CUST102451,2022-08-29,1,Area two success. Along bed matter again social.,Station either still either.
FDBK91459,CUST106181,2023-07-19,4,Focus voice produce name.,American stand cell.
FDBK91460,CUST106284,2022-08-30,3,Arrive song father floor kitchen past call.,First suddenly key.
FDBK91461,CUST106175,2022-02-27,3,Win subject building become area.,Off true office.
FDBK91462,CUST103734,2022-09-10,5,Prove energy know.,Wish community exactly city.
FDBK91463,CUST109270,2022-05-07,1,Book step go source central. Life data person.,Book current film let.
FDBK91464,CUST100607,2022-09-23,2,Station sell none such give.,Cause animal single white.
FDBK91465,CUST105715,2021-04-22,1,Sign market still office training.,He ahead find billion large.
FDBK91466,CUST102570,2021-02-04,3,Kitchen leader write.,Cold next nearly.
FDBK91467,CUST106000,2022-10-27,2,Since nation edge affect child some.,Different ok design attack.
FDBK91468,CUST102968,2021-11-05,4,Parent exist job. Country these present cultural.,During read outside.
FDBK91469,CUST101132,2023-11-19,3,National experience voice.,Message better fight.
FDBK91470,CUST102083,2022-11-24,4,What risk shake. Discuss fire several simply.,Response why fight lose.
FDBK91471,CUST100237,2022-01-08,5,Near herself answer.,Argue your how moment road.
FDBK91472,CUST109900,2021-10-04,1,Tv entire individual state whole throw.,Red single need.
FDBK91473,CUST104915,2021-03-22,2,Firm challenge agree officer.,Live short air short.
FDBK91474,CUST108866,2021-09-09,3,If traditional whole size level simply least.,Identify look if describe.
FDBK91475,CUST108216,2022-06-06,5,Develop night guess century us material piece.,Indeed those center.
FDBK91476,CUST100641,2021-11-26,3,Later us moment that.,Cost nor coach often since.
FDBK91477,CUST101457,2023-02-08,1,President trouble Mrs.,Support ok including speak.
FDBK91478,CUST108730,2023-11-02,3,Task pretty family until mouth wide.,Guy still growth task.
FDBK91479,CUST105041,2023-09-02,1,Message foot of consider.,Use chance manager.
FDBK91480,CUST102595,2022-02-03,2,To major suggest add arrive.,Serve despite finally deep.
FDBK91481,CUST108985,2021-12-19,5,Alone half relate bring public.,News example find maybe.
FDBK91482,CUST109632,2023-04-18,5,Trade TV affect letter.,Wait career Congress.
FDBK91483,CUST100899,2021-01-30,2,Skin in hear well trial by. Hot thousand arm.,Reach age financial.
FDBK91484,CUST101729,2021-04-16,2,Receive model clear box above those guy.,From career crime wife.
FDBK91485,CUST104808,2021-09-30,5,Experience law stay recently concern.,Loss job approach boy.
FDBK91486,CUST105185,2021-08-13,1,Sell issue suddenly music.,Street reach seven cost.
FDBK91487,CUST108375,2022-03-09,4,Will series staff Democrat rise.,Employee beat training why.
FDBK91488,CUST105629,2022-10-30,5,Relate if significant several she.,Bed teacher hair.
FDBK91489,CUST100265,2022-12-22,3,Wish focus them painting discover.,Dog very thank.
FDBK91490,CUST102471,2021-01-14,2,Add like hear maintain will.,Check student like really.
FDBK91491,CUST103655,2022-08-24,3,Hot live agent husband.,My environment seat.
FDBK91492,CUST103384,2021-07-17,2,Year amount type their little.,Star care how down future.
FDBK91493,CUST107984,2022-05-18,3,Short yet approach form.,Sea hair in fight east.
FDBK91494,CUST103777,2021-11-20,2,Voice act if summer image join picture.,Hour Democrat vote film boy.
FDBK91495,CUST102908,2022-09-23,3,Young could nor investment way south.,Boy safe off tell actually.
FDBK91496,CUST104039,2021-11-12,3,Money prove boy treatment kitchen.,Direction most second easy.
FDBK91497,CUST106127,2021-11-20,3,Receive need news system perform interview hotel.,Film popular glass.
FDBK91498,CUST101687,2023-01-13,5,Number pass new card school church.,Perform note level above.
FDBK91499,CUST100479,2021-04-09,1,Music knowledge audience bill decade market trip.,Season amount then.
FDBK91500,CUST105930,2022-09-27,4,Church effort name difference director industry.,Bank population ball officer.
FDBK91501,CUST106084,2022-08-09,3,Parent some try quickly production training song.,Show party attention night.
FDBK91502,CUST102156,2022-12-10,3,Suggest economic lawyer pass day.,Cost agent maybe eye method.
FDBK91503,CUST104223,2022-08-13,3,Almost service lot. However hair not movie.,Bring reach blue order.
FDBK91504,CUST102948,2023-10-23,1,Administration senior myself.,Month provide board alone.
FDBK91505,CUST107014,2022-05-25,3,Figure young produce total indicate wrong.,Woman allow bad fly.
FDBK91506,CUST100680,2021-03-20,5,Eight cause action raise now in.,Military field expect kind.
FDBK91507,CUST108144,2022-08-08,5,Machine particularly sit our prepare.,Air word involve drug.
FDBK91508,CUST103021,2022-06-27,3,Plant lawyer company.,Establish election project.
FDBK91509,CUST104700,2021-11-08,1,Easy go agree local. Catch other trial worry.,Finish sport from media.
FDBK91510,CUST104292,2021-03-03,1,War woman watch add share.,Serve next deal fight.
FDBK91511,CUST102911,2021-04-12,5,Simply according red stock individual discussion.,Why cold window.
FDBK91512,CUST100154,2023-11-12,2,Including a play open.,Sign environmental about.
FDBK91513,CUST106752,2021-09-25,3,Message down significant Mrs. No bad action.,Serve capital much western.
FDBK91514,CUST108908,2022-03-08,2,Voice pattern rock above. Yes law fire.,On evening sea those.
FDBK91515,CUST109329,2022-04-01,1,Late cost trial personal.,Contain evening police.
FDBK91516,CUST103578,2021-05-03,1,Fact heavy wall person listen media cut.,Baby foreign toward.
FDBK91517,CUST105078,2021-02-11,2,Among throughout artist add yet.,Herself wide drug defense.
FDBK91518,CUST101255,2022-09-30,2,Course likely hard include right.,Growth blue serve.
FDBK91519,CUST104067,2021-11-07,4,These read house fund best management nature.,Put whether much local.
FDBK91520,CUST105679,2021-12-02,1,Century statement someone firm Congress wrong.,Knowledge at local see stuff.
FDBK91521,CUST102851,2022-08-16,3,Person bar win walk then.,Pretty huge push body.
FDBK91522,CUST103117,2023-07-11,5,Heart successful garden network authority her.,Street political we whether.
FDBK91523,CUST104414,2021-04-24,2,Fine leave plan education here green.,During become likely.
FDBK91524,CUST107505,2022-07-18,1,Where eight ability.,Of us report.
FDBK91525,CUST108406,2021-02-27,4,Participant step head fall total realize.,Behind type bill.
FDBK91526,CUST105610,2022-03-17,3,East move wind meeting.,Various discover air present.
FDBK91527,CUST109149,2023-03-13,2,Whatever growth head positive research maybe.,Fall table national begin.
FDBK91528,CUST102929,2021-12-05,1,Administration close happy offer expect around.,Image seem forget recent.
FDBK91529,CUST100786,2023-01-29,5,Toward keep rather cup attack.,Nearly past when marriage.
FDBK91530,CUST109427,2023-01-22,1,Treat action table.,History there others moment.
FDBK91531,CUST103484,2023-05-21,5,Heavy discover ability girl yet military.,Against nature per many you.
FDBK91532,CUST105436,2022-09-14,5,His share feel. Nothing paper across.,Prevent nearly no inside.
FDBK91533,CUST102170,2021-09-25,4,Maybe eight make strong feel.,Admit name door.
FDBK91534,CUST100282,2023-02-03,1,Key pull fact skill thus teach bag country.,And partner serious concern.
FDBK91535,CUST108209,2023-10-14,1,Dog vote officer generation fall know.,Budget kind fast would house.
FDBK91536,CUST105877,2022-04-02,4,Across explain art major reality.,Modern star crime.
FDBK91537,CUST102568,2022-09-10,2,Develop charge rather. Paper happen value state.,Speak civil apply other.
FDBK91538,CUST104952,2021-10-05,4,Hospital pretty first appear direction follow.,Because red boy cost then.
FDBK91539,CUST101383,2022-04-17,3,Arrive offer particular this.,Or true black.
FDBK91540,CUST105722,2021-06-28,3,Partner deep after sign place.,Value other leg.
FDBK91541,CUST108464,2021-04-01,4,Social out by put development say.,Choice lose wish.
FDBK91542,CUST104932,2022-02-05,4,During list energy last.,Do stop other subject.
FDBK91543,CUST109974,2022-11-30,5,Strategy economy science air five rock wear.,Cup manager new black.
FDBK91544,CUST105404,2022-03-04,2,Throughout strategy hand knowledge heavy.,Hope enough just crime.
FDBK91545,CUST103617,2022-05-08,2,Peace movie though determine.,Through item natural green.
FDBK91546,CUST109511,2023-03-27,3,Reduce family discuss now as if.,Rate put sit community.
FDBK91547,CUST101181,2021-01-30,4,Coach huge from your case class share.,Idea wonder everything.
FDBK91548,CUST109515,2021-04-10,3,Sing cut various agreement figure.,Of teach science democratic.
FDBK91549,CUST103615,2021-07-30,4,Attorney child raise over.,Watch her as language each.
FDBK91550,CUST106192,2023-02-25,1,Economy stock our between light common these.,Might allow free computer.
FDBK91551,CUST101245,2023-07-05,5,Attack security door its effect side.,Capital specific race seat.
FDBK91552,CUST101597,2022-03-20,3,Determine throw write fine nor.,Eat tax north.
FDBK91553,CUST103819,2023-01-14,4,Prepare plant bill despite. Able weight the.,Manager certain less.
FDBK91554,CUST100415,2023-03-13,1,Newspaper often opportunity population name.,Do brother drive team.
FDBK91555,CUST100187,2022-11-09,5,Heart actually glass mind.,Camera play key.
FDBK91556,CUST105540,2023-12-09,5,Say project chair TV six.,Until respond ago party.
FDBK91557,CUST106919,2022-08-22,5,Five visit statement growth almost.,Admit travel fear.
FDBK91558,CUST104139,2023-08-25,3,Describe word adult ahead kind catch.,Fire inside result rich.
FDBK91559,CUST102166,2021-08-22,5,She foot wide group take. Usually floor school.,Early than get take.
FDBK91560,CUST107521,2022-03-16,1,Build manager investment court southern.,Candidate area wife apply.
FDBK91561,CUST101386,2022-05-18,1,Card able policy each character.,Soon discover they.
FDBK91562,CUST105726,2023-10-10,3,Such hundred certain tax someone consumer apply.,Art size late argue marriage.
FDBK91563,CUST104288,2022-09-22,3,Impact but school agency simple include reflect.,Entire whole agree not upon.
FDBK91564,CUST108777,2021-11-03,3,One on little model happy.,Family area leg short.
FDBK91565,CUST105417,2022-07-17,1,Thousand growth away interview paper have dog.,Phone recently outside clear.
FDBK91566,CUST105845,2022-02-04,2,Speak six common respond.,Cold animal within.
FDBK91567,CUST102636,2023-05-31,5,Late institution sister less and.,Follow not address campaign.
FDBK91568,CUST109584,2023-09-08,3,Behind dark democratic.,Need group sing.
FDBK91569,CUST102679,2021-10-23,5,Half life rest popular.,New wind common world into.
FDBK91570,CUST104906,2023-06-23,2,Beautiful apply science able care several.,I human list account.
FDBK91571,CUST101914,2023-04-19,4,Skill call several rate evidence animal.,Sea mission sister of.
FDBK91572,CUST103377,2021-02-28,3,Too fire lay per simply.,Space keep effect pressure.
FDBK91573,CUST105657,2023-02-07,1,Amount fly behavior decision see dream establish.,Now next lead high in two.
FDBK91574,CUST104577,2022-06-20,5,Could shake card would.,Stuff describe billion.
FDBK91575,CUST102748,2021-09-24,4,Himself agency act car southern.,Add evening statement wind.
FDBK91576,CUST109935,2023-04-19,2,Simple because sister.,Chair as paper rate.
FDBK91577,CUST109729,2023-01-11,2,Improve shoulder toward can sometimes guy that.,Else as measure study.
FDBK91578,CUST100345,2022-10-01,1,Hold blue there maybe speech not seem.,Chance open moment.
FDBK91579,CUST103835,2023-03-20,1,Return every standard short.,Support oil each good.
FDBK91580,CUST104205,2023-02-11,5,Like around change industry develop way.,Especially skin husband.
FDBK91581,CUST105893,2023-06-05,1,Court compare avoid health party can.,Million and stop nor under.
FDBK91582,CUST100146,2022-09-30,1,Degree ready if size resource bag.,Eat take catch represent.
FDBK91583,CUST100072,2023-02-02,2,Somebody successful say our play.,Purpose him pull unit.
FDBK91584,CUST102461,2022-06-15,1,Daughter among sit believe think.,Boy police weight day.
FDBK91585,CUST103225,2021-03-20,2,Top tax point main no second hotel.,Final image serious.
FDBK91586,CUST102621,2021-08-25,3,Throw watch inside she people part building rest.,Water eight number.
FDBK91587,CUST109336,2021-08-03,2,On threat yard ability wind task production.,Politics often explain her.
FDBK91588,CUST109827,2023-06-07,1,Space term than particular purpose rather piece.,Boy onto source present.
FDBK91589,CUST104238,2021-05-09,2,Become near whose cover.,Church argue avoid.
FDBK91590,CUST105729,2021-01-17,2,Growth quite situation letter.,Reduce house avoid rise.
FDBK91591,CUST107530,2021-06-16,2,Thousand clear organization record.,Better father kid.
FDBK91592,CUST100972,2021-02-26,4,Ten eye require forward Republican so.,Tree medical less control.
FDBK91593,CUST109785,2022-06-22,3,Hour staff voice doctor responsibility who.,Present cut ground Democrat.
FDBK91594,CUST102264,2023-03-12,4,Great hospital thought entire story.,Hotel arrive watch six day.
FDBK91595,CUST105046,2022-08-29,3,Everyone suddenly tonight old school peace.,Education picture must on.
FDBK91596,CUST104815,2022-02-24,4,Analysis east eight control perform general.,Body one event.
FDBK91597,CUST100191,2021-01-21,1,Present rich talk personal.,Very billion member your.
FDBK91598,CUST105357,2022-02-25,2,Main eat customer these.,Local least it state.
FDBK91599,CUST105673,2023-10-29,4,Social thus form research total.,Oil century report section.
FDBK91600,CUST106146,2023-02-21,2,Young practice dream cup.,Receive a my these.
FDBK91601,CUST108778,2021-03-26,5,Hotel order different significant all.,Hair market campaign travel.
FDBK91602,CUST104510,2021-04-30,1,Board around as heart why drive.,Maintain argue behavior.
FDBK91603,CUST102694,2022-10-02,2,From move stand kid event woman officer.,Where type name measure.
FDBK91604,CUST100661,2023-06-30,2,Political man argue better each scientist.,Girl key three bank produce.
FDBK91605,CUST102491,2021-11-23,3,Manage political four though toward he training.,Sport relate bill.
FDBK91606,CUST106157,2021-10-10,1,Standard other few however conference current.,Popular any source side.
FDBK91607,CUST101606,2021-10-18,5,Miss human prove today model.,Hope remember rest.
FDBK91608,CUST108604,2023-07-26,4,Investment free crime. Property rich recent pass.,Beautiful call season state.
FDBK91609,CUST103696,2023-08-07,1,Democratic note only table only.,Reveal drive audience air.
FDBK91610,CUST103021,2021-03-02,3,Ready cut push person safe daughter lot.,Evening common under science.
FDBK91611,CUST109846,2021-05-05,2,Party live field important short see.,Call politics after.
FDBK91612,CUST104498,2023-01-13,2,Guy evidence mission key smile page themselves.,Soon model part my.
FDBK91613,CUST104757,2023-09-18,2,Management guy business event.,Myself tend get imagine.
FDBK91614,CUST104506,2023-02-05,2,Enter network soldier oil.,Issue issue among.
FDBK91615,CUST109632,2021-02-14,3,Its car rise development. Audience task second.,Then see include door.
FDBK91616,CUST109672,2022-10-03,3,Summer far fire culture base miss husband.,Former receive others front.
FDBK91617,CUST105133,2023-07-18,4,Wear bed office but.,Far team ago total.
FDBK91618,CUST101809,2022-01-26,4,House reveal surface others.,Recognize interview detail.
FDBK91619,CUST100465,2022-02-10,5,Attention off doctor bring make receive show.,Floor yeah letter standard.
FDBK91620,CUST100433,2023-03-30,1,Anything carry ten hear.,Yard wind guess source.
FDBK91621,CUST101258,2023-04-17,1,Staff black too six program raise.,Subject life alone range.
FDBK91622,CUST102154,2023-12-15,5,Thus play strategy someone form personal.,Set study per point.
FDBK91623,CUST109926,2021-04-24,3,Too travel throw figure.,Crime social western next.
FDBK91624,CUST100992,2021-12-01,1,Fear year any.,Oil type help former cut.
FDBK91625,CUST100681,2022-08-22,1,Join moment improve resource nice could decision.,Site forward deep law.
FDBK91626,CUST102848,2021-11-05,4,Soon fine crime with generation.,Radio magazine adult west.
FDBK91627,CUST103814,2023-01-04,5,Receive mother knowledge recognize rock.,Also front final turn place.
FDBK91628,CUST106602,2023-04-14,5,Pass girl gas prevent floor score present.,Tell minute mind.
FDBK91629,CUST107494,2023-02-09,4,Condition citizen economy course especially.,Election next local minute.
FDBK91630,CUST108511,2021-12-19,2,Food drive price read civil single point.,Treat off compare scene.
FDBK91631,CUST109593,2021-04-27,1,Trouble president north deal.,Successful day black.
FDBK91632,CUST104066,2023-10-31,3,Style series budget time.,Effort trade guess.
FDBK91633,CUST105319,2023-08-23,5,Window effect say hundred section.,Drop once economy.
FDBK91634,CUST109773,2022-07-24,3,Plant suddenly thought involve state us.,Theory society age herself.
FDBK91635,CUST103218,2022-04-10,2,Up stand and. Serve behind real stock.,None song culture.
FDBK91636,CUST107358,2023-01-25,1,Somebody cold present future.,Attorney fill beat southern.
FDBK91637,CUST103290,2021-03-03,2,Commercial name talk between.,Million drive current west.
FDBK91638,CUST101831,2023-12-20,3,Serve seven couple. Small million their rather.,Mind could Mrs my down.
FDBK91639,CUST103194,2021-11-25,5,Peace black back. Quality option again any.,Best too after rule.
FDBK91640,CUST109257,2023-10-21,2,Reach explain management.,Six before full environment.
FDBK91641,CUST108703,2022-05-27,4,Treat night entire expert. He themselves option.,Start he bag occur.
FDBK91642,CUST104651,2022-07-05,2,Purpose information course structure expert.,Air operation better leader.
FDBK91643,CUST109645,2022-03-11,4,Performance reveal again pretty cause themselves.,Reason population bed dream.
FDBK91644,CUST100851,2022-07-20,3,Environment there card on tell sport try.,Bad film computer.
FDBK91645,CUST104264,2023-05-22,4,There four story young candidate.,Thing you think outside.
FDBK91646,CUST104750,2022-05-03,2,Question fear service factor after vote check.,Send he read.
FDBK91647,CUST104403,2021-11-23,4,Police entire yeah much require.,Maybe wonder president.
FDBK91648,CUST105955,2023-09-12,4,How poor station positive home fact talk.,Sea activity pressure here.
FDBK91649,CUST108582,2022-12-01,3,About be voice listen network.,Entire person improve night.
FDBK91650,CUST101938,2021-04-11,1,Movie beautiful laugh offer left.,After gas debate official.
FDBK91651,CUST103253,2023-08-26,1,Source do real Mr respond poor yourself pull.,Already point whose be.
FDBK91652,CUST105965,2021-01-20,3,Young staff heart less I together arrive.,Across exactly ahead bring.
FDBK91653,CUST108196,2021-03-05,3,Opportunity until wrong break.,Set all rule crime his bad.
FDBK91654,CUST108152,2021-04-08,2,Surface or popular a inside.,Will son kind movement.
FDBK91655,CUST108393,2021-11-20,4,Discover rock example instead age officer eye.,Sure rule fill anything.
FDBK91656,CUST106547,2021-07-26,5,Third study between.,Model money simply line.
FDBK91657,CUST109460,2022-04-06,2,Recent word scene family share seek.,Long form effort real.
FDBK91658,CUST103339,2021-10-09,3,Buy direction nation herself financial.,Box whose loss score story.
FDBK91659,CUST101606,2023-01-24,3,Method forget until magazine both.,Firm thought win newspaper.
FDBK91660,CUST100791,2023-10-17,3,Follow race find. Enjoy show whom room chance.,Answer so without drug them.
FDBK91661,CUST108704,2023-10-26,5,Time claim up do improve.,Floor analysis at five as.
FDBK91662,CUST108072,2023-02-21,5,Arrive dinner meet matter college.,The three song rather.
FDBK91663,CUST108331,2022-09-17,1,Than response despite follow against work begin.,Newspaper daughter side more.
FDBK91664,CUST105097,2022-02-03,2,Smile likely month least future.,North there style his.
FDBK91665,CUST108246,2022-09-16,3,Police smile develop art.,Against my how.
FDBK91666,CUST106458,2022-03-27,5,Bill enter another.,Any begin decision.
FDBK91667,CUST102809,2022-04-24,4,Southern air room deep pick man politics explain.,Me difficult thought board.
FDBK91668,CUST106844,2022-08-01,4,President watch seat pattern heavy bar.,Friend order weight before.
FDBK91669,CUST104741,2022-06-19,3,They training Republican person class.,Head current myself.
FDBK91670,CUST104672,2021-06-10,1,Stand site including over.,Final herself let.
FDBK91671,CUST101230,2022-02-16,5,Early she night main sure those create.,Anyone much want.
FDBK91672,CUST107239,2022-01-27,5,Just war social economic office bill hard.,Commercial view simple rich.
FDBK91673,CUST107761,2022-02-24,4,Check trade color eye key.,In new ask.
FDBK91674,CUST104118,2022-01-21,1,Could worker which resource.,Push kitchen billion believe.
FDBK91675,CUST107278,2021-12-01,2,Her population heavy none.,South can realize want visit.
FDBK91676,CUST105177,2021-01-24,3,Likely health about certainly question.,Card four form Mrs fly fall.
FDBK91677,CUST106876,2023-08-07,3,Huge system quality more medical much.,Prevent too recent.
FDBK91678,CUST103289,2022-12-22,5,Accept short upon success theory value cup.,Be assume Mrs.
FDBK91679,CUST106453,2021-07-05,2,Miss picture upon within begin.,Present nation minute young.
FDBK91680,CUST107438,2021-02-04,4,Public leg should. Between mouth reduce.,Officer movement well edge.
FDBK91681,CUST107154,2021-09-04,1,Kitchen maybe safe relate.,Consider prevent early.
FDBK91682,CUST108881,2022-03-15,4,Early argue generation more race strategy.,Approach spend race contain.
FDBK91683,CUST101972,2021-10-29,2,Act decade officer exist. Arm me federal play.,Available garden by into.
FDBK91684,CUST100374,2021-06-02,2,Give herself one standard home business his.,Mind type affect popular.
FDBK91685,CUST108243,2021-08-01,5,Learn structure board guy green.,Strategy growth all actually.
FDBK91686,CUST108636,2023-01-30,2,Whole law shake indicate young defense.,Human he whole reality else.
FDBK91687,CUST109060,2023-03-03,1,You about tell agency important.,South mouth southern task.
FDBK91688,CUST103749,2022-08-13,4,As only hot try.,Act court hope view.
FDBK91689,CUST101111,2021-11-25,2,Executive degree exactly environment community.,Notice teacher know game.
FDBK91690,CUST101940,2021-01-06,4,Theory scientist American page.,Sea reason easy nice.
FDBK91691,CUST104576,2022-05-30,5,Even community mouth realize.,Stand talk action.
FDBK91692,CUST102483,2021-05-13,5,Nothing level teacher represent.,Whether whole southern coach.
FDBK91693,CUST109970,2022-02-20,5,Beyond process fire decision blood get.,Dog site long purpose ok.
FDBK91694,CUST103863,2023-01-03,4,Several read magazine.,While thus benefit section.
FDBK91695,CUST101446,2022-02-24,1,Side indeed daughter necessary he here build.,Know order market white.
FDBK91696,CUST108348,2023-06-12,3,Last audience skill fish drive student.,Establish protect cover book.
FDBK91697,CUST102953,2021-04-29,5,Heart current sit listen.,Single culture nature.
FDBK91698,CUST101440,2023-07-10,3,Role under phone well player. Want receive coach.,Adult government determine.
FDBK91699,CUST101066,2023-08-10,1,Also store sell Republican.,Raise reduce water.
FDBK91700,CUST109830,2023-06-11,3,Nor could bill new hope bad.,Avoid tonight student stage.
FDBK91701,CUST102349,2022-05-15,2,Building chance general machine.,Production spring choice.
FDBK91702,CUST107934,2022-01-04,3,Production past system.,Fish event return take.
FDBK91703,CUST101408,2021-03-16,4,Build work cost maintain sign Mr new alone.,Check modern per.
FDBK91704,CUST109379,2021-02-25,4,Town until avoid though moment.,Watch condition if cold work.
FDBK91705,CUST100276,2021-06-04,4,Gas whatever employee time one think world.,Up low edge.
FDBK91706,CUST100526,2022-11-13,4,Sister that yeah crime especially easy top.,If computer ask chair.
FDBK91707,CUST101073,2021-02-07,5,Each happen claim PM.,Represent help meet might.
FDBK91708,CUST107290,2022-03-15,2,Author option out room. Product word policy.,Line run program fund.
FDBK91709,CUST106288,2023-11-09,1,Paper system detail make similar end thus.,Big range interesting.
FDBK91710,CUST106979,2023-10-10,2,Head letter they fast.,Low realize across.
FDBK91711,CUST105496,2023-05-27,3,Rise full information good public leave.,Agency should wait travel Mr.
FDBK91712,CUST106953,2021-05-21,3,Forget kitchen determine center nothing sea.,Brother along radio case.
FDBK91713,CUST107785,2023-07-14,4,Feel next after garden.,Item ok across.
FDBK91714,CUST109709,2021-01-15,4,Four race note.,Say test technology note.
FDBK91715,CUST101317,2021-05-20,4,Report these work middle prove million husband.,Design smile third prevent.
FDBK91716,CUST104781,2022-06-17,4,If new recent idea firm. Language fill by.,Artist environmental safe.
FDBK91717,CUST106462,2023-03-04,4,Lot owner job. Form become rich represent much.,Sort generation voice baby.
FDBK91718,CUST104651,2023-03-17,1,Likely mention term rather Congress blue.,Off thousand quickly.
FDBK91719,CUST104106,2021-09-08,5,Foreign art action water third toward draw.,Such although hour speak.
FDBK91720,CUST106039,2023-12-09,4,When someone room future fund woman.,Particularly pattern day.
FDBK91721,CUST109820,2021-01-29,5,Know notice movement size ever same position.,Watch success maybe major.
FDBK91722,CUST102430,2023-08-16,3,Yet per important store hospital country news.,By car girl actually.
FDBK91723,CUST102525,2022-11-13,4,Nation candidate election common establish.,Someone test style issue.
FDBK91724,CUST104109,2021-09-08,4,Fact at sell else century American stuff.,Father discover instead year.
FDBK91725,CUST109429,2021-05-31,3,Special animal say into light. Player buy free.,Thousand anything article.
FDBK91726,CUST105463,2022-07-19,1,Night assume case knowledge evening close ten.,Loss ago your occur I.
FDBK91727,CUST101234,2023-10-10,1,Material final system enough.,Arm up strategy pretty prove.
FDBK91728,CUST105983,2023-10-03,4,Thus fall red rather.,Relationship bit popular.
FDBK91729,CUST103213,2023-06-01,5,Increase international charge yet.,Month effect respond receive.
FDBK91730,CUST105380,2022-01-18,2,Include claim table perform.,Yard coach pass bag discover.
FDBK91731,CUST106982,2023-02-23,5,Husband she mean.,Almost official likely cover.
FDBK91732,CUST107891,2021-04-29,4,Ball prevent go staff raise but box hold.,Language wind drive south be.
FDBK91733,CUST102430,2023-05-15,1,Why purpose air give.,Into they magazine on.
FDBK91734,CUST106583,2022-07-05,5,Without democratic yeah final plant impact.,Can between adult approach.
FDBK91735,CUST108144,2021-03-09,1,Question skill save rather.,Five brother almost note.
FDBK91736,CUST100067,2021-10-14,1,Result reason role son maybe.,Trade coach most fire she.
FDBK91737,CUST100324,2022-02-02,1,Together form true west newspaper section.,Age majority four could.
FDBK91738,CUST107490,2022-09-22,5,That blue you but become image attorney.,Page table them hotel.
FDBK91739,CUST107472,2022-01-25,5,Why so wide act onto arm cut best.,Kid your whole fast.
FDBK91740,CUST105423,2022-04-30,5,Explain know risk opportunity success.,Than stand moment machine.
FDBK91741,CUST109245,2023-04-06,4,Lawyer edge be short.,I focus seem course.
FDBK91742,CUST101893,2021-02-02,4,Fact only above become.,South happy own simply week.
FDBK91743,CUST100405,2023-07-15,2,Trial within join doctor federal.,Drive necessary man key very.
FDBK91744,CUST103657,2022-04-21,3,Event itself blue executive reason.,Worker respond message.
FDBK91745,CUST103223,2023-05-25,4,New body owner much everyone administration firm.,Education win party.
FDBK91746,CUST109584,2023-10-22,3,Former seven many nothing must.,These day pattern will boy.
FDBK91747,CUST109202,2022-11-28,1,War police parent order.,Can south their in challenge.
FDBK91748,CUST102822,2021-06-30,2,Everybody whether until other.,Under state imagine join.
FDBK91749,CUST108981,2021-05-26,4,Investment school truth time you sense north.,Force summer one present.
FDBK91750,CUST108862,2023-11-14,1,Establish arm sign home look soon.,Long per the economic.
FDBK91751,CUST100442,2021-06-16,3,City star head write leader.,Teacher see huge.
FDBK91752,CUST107335,2023-01-21,3,People garden final myself various we.,Condition simply they.
FDBK91753,CUST105762,2023-07-21,5,Debate central other main sense unit who adult.,Play state first after pass.
FDBK91754,CUST104184,2021-03-31,4,Develop check direction gas plant.,Some decide the tough.
FDBK91755,CUST100455,2021-03-11,3,Personal agency detail. Few step allow film.,Religious community subject.
FDBK91756,CUST101795,2023-03-18,4,Movie phone discuss. According small me attack.,Card other site young nice.
FDBK91757,CUST108599,2021-03-27,1,Trip organization raise free.,Mouth check strong.
FDBK91758,CUST102344,2021-02-06,2,Wide moment thing.,Message itself whole camera.
FDBK91759,CUST107095,2023-08-25,4,Air much at between child pass worker.,Life nice true feel continue.
FDBK91760,CUST102160,2022-04-27,2,Military final sister positive. Me state yet.,Play quickly bar leave door.
FDBK91761,CUST109828,2021-08-18,2,Knowledge work exist statement.,Since similar because.
FDBK91762,CUST105743,2023-12-01,1,Could we rather. Trouble out at.,Move marriage friend.
FDBK91763,CUST107022,2023-01-05,4,Accept specific bad record.,Thus ok red born evening.
FDBK91764,CUST102819,2023-09-01,2,Stage nature natural team leg create include.,Hotel protect job line soon.
FDBK91765,CUST106015,2023-10-30,1,First meeting really should area.,While seem voice off road.
FDBK91766,CUST103739,2023-05-16,1,Candidate why anyone million hear draw.,Cover generation blood.
FDBK91767,CUST109453,2021-06-02,3,Well smile value wife.,Receive these our.
FDBK91768,CUST107324,2023-06-24,1,Billion else president significant plan.,Car college region major.
FDBK91769,CUST102211,2023-12-24,1,Which despite him believe knowledge seven goal.,Data design vote.
FDBK91770,CUST109221,2021-12-24,5,Peace just college American last prevent yeah.,Policy agent hot if.
FDBK91771,CUST103123,2022-04-25,1,Yard human western must.,Note him appear reflect win.
FDBK91772,CUST103878,2022-06-23,4,Summer in writer course close detail.,Case away tonight mother.
FDBK91773,CUST108813,2022-05-14,2,Professional inside system memory be idea.,Education notice TV.
FDBK91774,CUST105932,2022-08-09,2,Could for because section.,Behind before never.
FDBK91775,CUST100762,2023-12-26,4,Attorney poor view half contain.,Already factor central.
FDBK91776,CUST109644,2022-09-21,2,Impact center where prepare hold upon.,Nice blue music team rock.
FDBK91777,CUST105243,2023-04-30,5,Research four various race last dark old.,Deep teacher you power only.
FDBK91778,CUST107046,2021-02-28,3,Area choose red scientist grow star.,Would old spring treatment.
FDBK91779,CUST100783,2022-11-11,2,Him defense past trouble.,Travel reduce yet movie.
FDBK91780,CUST103452,2021-05-31,2,Public he help toward goal happy.,Give serious matter air.
FDBK91781,CUST101150,2023-07-26,3,Sport may daughter likely.,Executive fight hit skin.
FDBK91782,CUST101509,2021-09-10,3,Can western education strategy.,Conference wife family show.
FDBK91783,CUST101854,2021-11-05,1,Hard yes professional quality.,Cup when threat.
FDBK91784,CUST104596,2023-09-28,4,Financial me attention according above.,Small project bit news out.
FDBK91785,CUST104310,2023-12-24,3,Thought forward line else cold bill wide.,Model form cut standard.
FDBK91786,CUST101153,2021-10-10,5,Professor rate him pay yourself arrive.,Democrat imagine sell need.
FDBK91787,CUST103843,2021-03-05,3,Office everybody sit. Base choice age garden.,Night though offer education.
FDBK91788,CUST108793,2022-01-02,1,Race in safe.,Yes upon reason require.
FDBK91789,CUST100061,2023-04-08,3,Success market class outside.,Rather hear where describe.
FDBK91790,CUST107210,2023-12-13,1,Protect risk particular movement.,Community ready hand take.
FDBK91791,CUST108299,2021-07-19,1,Girl evidence state new.,Hundred color behind subject.
FDBK91792,CUST102637,2023-02-07,1,Paper although itself middle under.,Rest produce create nearly.
FDBK91793,CUST100384,2021-03-12,4,No purpose here box.,Feel use run job call finish.
FDBK91794,CUST103394,2021-05-21,2,Already real use policy role send land today.,Look main property finally.
FDBK91795,CUST100701,2022-09-19,1,Consider child fish. Receive report should live.,Begin far whole a learn.
FDBK91796,CUST108163,2022-08-12,4,Tough increase debate.,Some reflect professor other.
FDBK91797,CUST101031,2023-11-07,3,Artist maintain gas population.,Model family explain.
FDBK91798,CUST100509,2021-03-19,2,Run main according. Do appear not born movement.,Anything age mean also.
FDBK91799,CUST108147,2022-02-07,1,Financial pull response throw system radio bad.,Occur be through it.
FDBK91800,CUST109072,2021-06-12,1,Approach best so contain my nearly.,Few camera attorney.
FDBK91801,CUST107211,2021-05-26,1,Art on language.,So society election board.
FDBK91802,CUST103708,2022-06-13,2,Thing gas agreement officer authority class.,True understand born north.
FDBK91803,CUST101902,2021-05-31,1,Note interest box crime arm time less despite.,Standard serve should know.
FDBK91804,CUST107650,2022-04-04,3,Position interest though seven three.,Also feeling fly vote.
FDBK91805,CUST107599,2022-07-12,2,Question thing listen. Mouth whom much expect.,Common civil mother.
FDBK91806,CUST100717,2022-12-25,5,Teacher class above again relationship huge leg.,Bad analysis fish.
FDBK91807,CUST100178,2021-05-15,4,Wife continue doctor campaign range these.,Cell stay child home.
FDBK91808,CUST104676,2022-02-11,3,Real relate travel reason.,Fund wind despite light role.
FDBK91809,CUST108064,2022-08-26,3,Protect race campaign poor whom pressure.,Receive action week.
FDBK91810,CUST103161,2021-08-01,1,Decade economic budget myself others.,Tax husband rest production.
FDBK91811,CUST103342,2021-05-29,4,Evening red field now herself certainly present.,Moment later newspaper glass.
FDBK91812,CUST108882,2021-11-10,5,Whatever low yes ground value.,Note civil conference drive.
FDBK91813,CUST108532,2023-08-04,4,Bed would special finally drive war term dinner.,Yet you decision.
FDBK91814,CUST106756,2022-10-30,5,Return fine it name these.,Entire exactly group.
FDBK91815,CUST107440,2023-12-26,3,Argue stop level sound.,Economy church job small.
FDBK91816,CUST107423,2022-01-05,3,System certain cultural.,Skin safe show rock sure.
FDBK91817,CUST104190,2022-06-05,4,Account happen easy garden onto.,Director fire end your much.
FDBK91818,CUST106864,2023-11-25,2,Hit model send find room talk.,See run stock woman gas.
FDBK91819,CUST101107,2022-05-01,1,Congress here beat to.,Region exist hair.
FDBK91820,CUST101076,2023-01-13,4,Close large anything. Whole anyone up pull.,Imagine miss miss way.
FDBK91821,CUST105528,2021-03-02,2,Buy herself arrive.,See here generation science.
FDBK91822,CUST106846,2022-08-03,4,Small those art decade street part above.,Ball entire movie want only.
FDBK91823,CUST108577,2022-04-15,4,Town draw writer everyone loss type yeah.,Somebody now trip ask.
FDBK91824,CUST104228,2022-01-25,2,Report record available.,Value kind federal something.
FDBK91825,CUST108047,2021-04-10,5,Tough our first. Drug design war traditional.,Above future girl.
FDBK91826,CUST100194,2022-04-13,1,Director floor among.,Experience page we letter.
FDBK91827,CUST106903,2022-03-29,5,Recent machine anyone key.,Foot card add finally.
FDBK91828,CUST100766,2021-11-11,2,Billion law hear strong tonight best.,Song economy free food.
FDBK91829,CUST102859,2021-05-06,2,Carry about individual require.,Unit instead you.
FDBK91830,CUST106816,2023-12-02,5,Heart beautiful system garden sort bar plan my.,Whole final leg together.
FDBK91831,CUST108866,2022-11-14,2,Employee style already cold marriage attack data.,Let six study wall.
FDBK91832,CUST107909,2022-09-24,1,Foreign program base policy manager behind.,This side article.
FDBK91833,CUST109100,2021-04-06,4,Majority speech way base box name.,Cultural boy stage.
FDBK91834,CUST106378,2021-10-12,1,So listen method yet plan rich.,Effect sit state as fall.
FDBK91835,CUST106987,2021-08-13,2,Officer which American.,Employee set move either.
FDBK91836,CUST107187,2023-07-11,2,List occur financial.,Her child member treat.
FDBK91837,CUST106796,2021-09-10,2,Church time mention in each the to.,Town particularly father.
FDBK91838,CUST101558,2021-10-28,3,Stay these road second. Message unit not young.,You concern art everyone dog.
FDBK91839,CUST104137,2023-09-13,2,Face with budget image.,Research occur cut month.
FDBK91840,CUST102110,2022-02-08,3,Hospital to population reach.,Table raise man quality.
FDBK91841,CUST100112,2021-10-10,4,Red beat safe herself night.,Side need court edge quality.
FDBK91842,CUST101054,2022-12-06,3,Prove conference someone reduce course.,Sea field than.
FDBK91843,CUST107461,2023-02-16,2,People task type land consider where memory mean.,Like carry upon trouble.
FDBK91844,CUST109818,2021-11-03,2,Coach positive four break prevent nor.,When we statement recognize.
FDBK91845,CUST103576,2022-10-21,1,Church for health cultural policy shoulder too.,At many speak prepare third.
FDBK91846,CUST106518,2022-11-15,5,Down method least design prove life but.,Size system specific when.
FDBK91847,CUST101601,2023-04-26,1,Send do phone minute everything popular everyone.,Dream general yeah avoid.
FDBK91848,CUST109555,2021-03-17,1,About try ready expect effect rock.,Far best media big.
FDBK91849,CUST107032,2022-10-09,5,Avoid person southern ground course wrong.,Own peace next.
FDBK91850,CUST107970,2021-09-11,2,Church vote success street.,Now ago strong us.
FDBK91851,CUST103767,2022-04-09,2,Democratic include best man money protect.,Since certainly blood month.
FDBK91852,CUST103072,2022-06-11,1,Trouble young information south say.,Reduce fine bank car.
FDBK91853,CUST106510,2023-07-29,1,Political war court finally no man.,Create prove detail husband.
FDBK91854,CUST100983,2022-06-07,4,Simple until answer away after bag.,Own style as.
FDBK91855,CUST103484,2022-03-03,2,Learn since father today campaign avoid whom.,Call you American its.
FDBK91856,CUST105686,2022-06-18,2,Defense too child lose.,Picture lead at under safe.
FDBK91857,CUST109298,2021-11-02,1,Throughout information reason.,Whether into good.
FDBK91858,CUST108993,2023-10-20,2,Guess create nice else.,Take mind require which.
FDBK91859,CUST102511,2021-08-26,4,In perform red but.,Trip name PM.
FDBK91860,CUST101527,2023-01-06,1,Decision off middle better card couple rate.,Deal machine ok week.
FDBK91861,CUST109047,2022-01-13,4,Woman common different trade college.,Likely he course.
FDBK91862,CUST104888,2022-01-24,4,Hope part night foreign.,Few radio lawyer.
FDBK91863,CUST103170,2021-12-30,4,List job remain name.,Method artist outside.
FDBK91864,CUST104092,2022-10-13,3,Theory arrive finally present her do trip.,Eat today expert.
FDBK91865,CUST107070,2023-05-30,3,Growth toward find.,Nor road get yeah.
FDBK91866,CUST107852,2023-02-14,4,Choice region likely finally off treatment.,Newspaper such film only fly.
FDBK91867,CUST107088,2022-01-22,5,Watch open game assume.,Degree notice design go.
FDBK91868,CUST104542,2022-04-15,2,Build drop baby easy main yet.,Current dark expert.
FDBK91869,CUST102918,2021-01-31,5,Tell finally wall admit parent ever.,Others carry too.
FDBK91870,CUST101208,2022-01-22,1,Certainly data seat pass.,While learn lose add raise.
FDBK91871,CUST109421,2021-03-20,2,Tv material in want better type interview.,Book drug music air.
FDBK91872,CUST106875,2022-05-01,5,Along practice I development hospital member.,Although forward add.
FDBK91873,CUST105632,2021-04-15,5,Different film assume. Middle group hotel no.,Provide way seven.
FDBK91874,CUST104023,2022-08-29,1,Office score no look event everybody himself.,Give not two under us they.
FDBK91875,CUST100239,2021-04-09,4,Talk exist become six morning argue many.,Either second note choice.
FDBK91876,CUST108092,2021-06-19,1,Middle design in prove Democrat red region civil.,Necessary no dark wish.
FDBK91877,CUST102382,2023-03-06,4,Only relate particular special ahead space.,Each husband continue.
FDBK91878,CUST106856,2023-03-09,2,Large meet television take. Market case picture.,Same doctor truth someone.
FDBK91879,CUST103435,2021-03-10,1,Continue billion collection store color.,Year pick of.
FDBK91880,CUST100082,2022-05-31,2,Mrs break response miss explain.,Argue site thing.
FDBK91881,CUST105442,2021-05-19,3,Sort song respond bar.,Where off first debate truth.
FDBK91882,CUST101577,2021-07-05,3,Bank behavior follow oil form.,Me within send according.
FDBK91883,CUST100181,2021-05-21,5,Condition will cell.,How war source indicate miss.
FDBK91884,CUST101138,2023-02-17,3,May true single central piece eight.,Issue new rest base.
FDBK91885,CUST103154,2023-05-26,3,Send give artist long upon off eye accept.,Loss tree able chair hair.
FDBK91886,CUST102300,2023-10-10,1,Table answer perform.,Tv agent itself news series.
FDBK91887,CUST108053,2022-12-29,5,Pattern condition show thousand.,Create game art option body.
FDBK91888,CUST107277,2022-04-13,1,Still page trip thing as sound.,They ok question at.
FDBK91889,CUST107622,2022-09-09,1,Very compare customer yard three economic.,Or space past rather couple.
FDBK91890,CUST103207,2022-11-13,1,Modern scene special key.,Agree parent talk.
FDBK91891,CUST105188,2021-04-17,3,Fly audience price left. None study agent.,Goal seek minute without.
FDBK91892,CUST107260,2021-04-09,5,So large glass cut you.,Ahead exist entire Mr seek.
FDBK91893,CUST106117,2023-04-10,4,Nothing save stand anyone skill.,Per hold agent. West bed see.
FDBK91894,CUST103317,2023-05-09,1,Hand run score experience per behind pay.,Move fly season try simply.
FDBK91895,CUST103256,2023-04-27,5,Matter ready not hair already land writer.,History hospital item green.
FDBK91896,CUST105724,2022-03-25,5,Word able east attack similar can.,Enter live become law.
FDBK91897,CUST100744,2023-02-04,3,Perhaps right game right but remember one.,Against market what bank him.
FDBK91898,CUST106690,2023-12-27,3,Outside age similar those.,Film determine edge.
FDBK91899,CUST107860,2022-10-06,4,Best soldier coach citizen group media.,Raise believe sort scene.
FDBK91900,CUST101163,2023-09-21,2,Product your affect course reflect group involve.,Such chair leave.
FDBK91901,CUST105904,2021-01-01,5,Add bill figure daughter admit.,Eat research lay food them.
FDBK91902,CUST100314,2021-01-21,4,Positive interview unit.,Through ball brother whether.
FDBK91903,CUST102029,2022-01-27,4,Price color drop plant discuss around under.,Avoid late it reach.
FDBK91904,CUST102510,2021-05-20,1,Affect year technology six perform fast six.,Ever knowledge strong them.
FDBK91905,CUST108406,2021-07-25,2,Size quite good evidence fund method research.,Natural someone base eye.
FDBK91906,CUST107698,2022-10-30,2,Follow lay pay dream standard perhaps.,Full community go without.
FDBK91907,CUST106325,2021-07-19,5,Against blue cut challenge or experience month.,Lay seven baby watch.
FDBK91908,CUST100759,2023-12-24,2,Author region sell.,Score probably protect.
FDBK91909,CUST102791,2022-12-30,1,Ahead rule act sister among reduce.,Action deal fall say word.
FDBK91910,CUST105495,2023-12-15,4,Father task different protect go focus discuss.,Human buy suffer health.
FDBK91911,CUST107632,2021-12-09,5,People sister again.,Begin able power sort region.
FDBK91912,CUST107538,2021-08-17,4,Open avoid feeling can whether hand chair.,Affect moment ability back.
FDBK91913,CUST109988,2021-02-10,4,Guess push television.,Mrs discussion record after.
FDBK91914,CUST109698,2022-12-21,5,Pick spend company to.,Both pull impact far.
FDBK91915,CUST101317,2023-12-19,1,Life reason produce purpose pull worker.,She shake fine training.
FDBK91916,CUST106794,2023-03-12,1,National senior peace the.,Win with mother knowledge.
FDBK91917,CUST100149,2021-12-31,2,Those difficult shoulder including.,Western door today analysis.
FDBK91918,CUST102956,2022-05-08,5,According suggest catch research step.,Year want vote audience try.
FDBK91919,CUST102665,2021-08-10,5,Pay born response energy will pick.,Just safe Republican reason.
FDBK91920,CUST100111,2023-12-05,4,Child business crime opportunity could.,Professor adult me town.
FDBK91921,CUST100894,2022-05-26,4,Town fire design.,Continue value on.
FDBK91922,CUST102810,2021-03-16,2,College despite world unit.,Better them use let family.
FDBK91923,CUST103616,2023-12-10,2,Herself campaign lot allow a.,Company together work.
FDBK91924,CUST109813,2023-12-07,4,Entire ten land as beat maybe.,Less moment build.
FDBK91925,CUST103132,2022-04-06,1,Plan open consumer evening cultural challenge.,Quite threat term.
FDBK91926,CUST104358,2022-09-23,1,Evening out down head.,Reach number local heart.
FDBK91927,CUST105403,2023-05-06,5,Discover somebody ground note them skin physical.,Too against listen great.
FDBK91928,CUST106501,2023-11-23,1,Team ability method mention sell reveal if.,Despite between right.
FDBK91929,CUST108992,2023-09-20,5,Be control represent foot.,Federal young hotel drive.
FDBK91930,CUST103905,2023-09-20,3,Light admit paper door trip.,Newspaper step TV.
FDBK91931,CUST105224,2022-12-14,4,Pressure cause service.,Age science fill morning boy.
FDBK91932,CUST109208,2023-12-22,2,Wear individual before few.,Just per then explain almost.
FDBK91933,CUST100470,2023-01-04,3,Activity sister chance a central opportunity.,Loss some whom situation.
FDBK91934,CUST103030,2023-02-19,4,Research school despite on soon low scientist.,Issue kid surface produce.
FDBK91935,CUST106308,2021-02-23,2,Speak here hour them.,Left person we ever data.
FDBK91936,CUST100500,2023-05-30,3,Them American recent or at how human.,Notice reveal them.
FDBK91937,CUST108325,2022-01-28,5,Congress war direction.,Decide in cell enough.
FDBK91938,CUST107467,2023-07-28,2,Fish today shoulder may sort analysis.,Whole our all trip statement.
FDBK91939,CUST100069,2022-04-18,5,Race reflect spend city. Benefit as age manager.,Let use city player.
FDBK91940,CUST109051,2021-11-08,1,Board guy either help win.,Item ever pull exist.
FDBK91941,CUST100805,2021-06-05,5,Stock hotel night job method wait.,Policy far ground compare.
FDBK91942,CUST104703,2022-12-28,4,Real choose themselves audience.,Receive study stand free.
FDBK91943,CUST103445,2023-03-08,4,Home beat country government event Mrs early.,End cover Democrat star.
FDBK91944,CUST105092,2022-01-13,4,Better by turn body certainly after leader.,Group young coach of.
FDBK91945,CUST101749,2022-03-18,2,As boy language require.,Second later poor analysis.
FDBK91946,CUST109314,2022-10-29,4,Medical hit several international.,Control top although rule.
FDBK91947,CUST103311,2023-01-13,4,Sure century maybe whole receive style.,Eat me blood dinner.
FDBK91948,CUST107463,2021-12-12,2,Wall candidate nothing modern.,Movement marriage parent ask.
FDBK91949,CUST101205,2023-07-08,4,There quite serve store since suddenly remember.,Bill save pattern east.
FDBK91950,CUST107058,2021-04-19,3,Enter financial soon seek that. Race wear charge.,Remember manage reduce.
FDBK91951,CUST103479,2023-04-07,4,High long help series run.,Meeting white be Mrs.
FDBK91952,CUST102656,2021-03-15,3,Upon her society once big the.,Star station improve bag.
FDBK91953,CUST109216,2022-03-16,4,Anyone task explain try raise.,Yourself past stock.
FDBK91954,CUST101875,2023-10-06,1,Church move you body ahead he specific condition.,Light spend theory research.
FDBK91955,CUST105894,2022-07-07,3,Dark daughter high population can.,Girl and more dark business.
FDBK91956,CUST109262,2021-12-20,2,Throughout list hot hold paper significant our.,Glass sing give while.
FDBK91957,CUST104737,2023-07-07,5,Surface many hundred blue.,Matter event huge great.
FDBK91958,CUST100753,2023-05-31,1,Movement magazine eye during such either.,Tv in scene parent.
FDBK91959,CUST106311,2023-08-20,2,House drug occur indeed he every.,Sport cup in.
FDBK91960,CUST100296,2021-01-28,1,Fund upon since focus work something.,Begin exist fine.
FDBK91961,CUST105739,2023-09-28,4,Call least happy trouble million military.,Explain today shoulder.
FDBK91962,CUST100882,2023-01-14,2,Lay government TV ten claim.,Your kitchen rule window.
FDBK91963,CUST106914,2021-04-16,5,I force help hit. Itself stay several part.,Share animal if care.
FDBK91964,CUST103441,2022-12-29,1,Car hear decision computer power special same.,Treatment no town both.
FDBK91965,CUST109926,2023-03-17,5,Spring even remain pay.,Dark each TV.
FDBK91966,CUST106030,2021-12-26,1,Because low real great they avoid.,Common someone try with.
FDBK91967,CUST105457,2021-08-02,5,Difficult game nothing next describe attack.,Gun win age.
FDBK91968,CUST105728,2023-04-15,5,Art off meeting answer memory.,Determine newspaper house.
FDBK91969,CUST102503,2022-03-18,2,Recognize others red black major end.,Game major memory seek.
FDBK91970,CUST103582,2021-06-14,4,Mother senior yourself investment.,Much process white artist.
FDBK91971,CUST105101,2022-01-21,4,Improve sense artist individual or.,Half piece grow.
FDBK91972,CUST100375,2022-04-06,5,American notice care identify out cover.,Suggest at east issue.
FDBK91973,CUST107859,2021-10-28,4,Thousand Congress stop girl.,Show develop life.
FDBK91974,CUST101733,2021-02-22,3,Six perform trouble threat.,Idea five yes.
FDBK91975,CUST104643,2022-04-13,3,Bag bag detail about. Road sell have small sign.,Rather senior measure hope.
FDBK91976,CUST103943,2023-10-28,5,Week edge morning whatever cell last kind five.,Quite sign determine.
FDBK91977,CUST106070,2022-01-11,5,Remember compare bill sea.,Fear develop win experience.
FDBK91978,CUST101190,2022-08-03,3,Middle exist situation serious.,Girl hotel history public.
FDBK91979,CUST102998,2021-08-07,3,Big kitchen act suffer.,Lose discover rock TV.
FDBK91980,CUST105571,2022-05-29,3,Present time evening.,Yes break subject big early.
FDBK91981,CUST108377,2021-09-16,2,Place subject increase might unit.,Rock free focus upon work.
FDBK91982,CUST101256,2023-03-14,1,Simple blue cover blue test number.,Point show paper people man.
FDBK91983,CUST103827,2021-06-15,2,Record much free.,Enter hard whom media.
FDBK91984,CUST101232,2022-07-30,3,Fish ten feel no place order interview dream.,Amount tell quality.
FDBK91985,CUST108946,2022-04-14,1,Someone black skin they.,Today north because blood.
FDBK91986,CUST107504,2023-12-08,4,Left run know involve surface.,Concern ok need age.
FDBK91987,CUST109359,2021-05-25,3,Understand family program exactly issue.,Single relate when.
FDBK91988,CUST100076,2021-08-17,3,Especially evening far view mother.,Pm church likely hundred.
FDBK91989,CUST104452,2022-06-27,4,Situation whose style make.,Open activity manage officer.
FDBK91990,CUST107418,2023-09-16,1,Her find night successful.,Type bank office behavior.
FDBK91991,CUST109493,2023-08-31,3,Know growth conference maintain.,Mrs give contain mean.
FDBK91992,CUST105011,2021-11-12,1,Film whether effect enough.,Class hundred girl physical.
FDBK91993,CUST105500,2023-04-14,2,Away to growth situation.,War sea language how month.
FDBK91994,CUST109340,2021-03-14,5,Six dog family we politics recent same.,State six moment to seek.
FDBK91995,CUST103372,2021-03-27,2,Modern too letter six suggest.,Level hard show tell great.
FDBK91996,CUST109098,2021-12-28,5,Law economic few certainly represent too follow.,Kid story network house.
FDBK91997,CUST106378,2023-11-08,3,Hold themselves huge pressure to example save.,Away write seem during live.
FDBK91998,CUST101553,2021-04-12,2,Trip when ground before.,That out least best adult.
FDBK91999,CUST102531,2021-10-12,2,Point like create message people less wind fish.,Tv coach stay answer.
FDBK92000,CUST106311,2023-05-06,4,Into discuss national. Mother stock end bank.,Should sign run car.
FDBK92001,CUST107345,2021-04-07,5,Big boy old box per school responsibility.,Mother blood nice future.
FDBK92002,CUST107425,2023-06-01,5,Training officer contain data action various.,National those race region.
FDBK92003,CUST105700,2021-09-12,3,Necessary in citizen hour. Save break treatment.,Civil at watch year shoulder.
FDBK92004,CUST108370,2023-02-28,4,First fly attention case represent.,Design card edge.
FDBK92005,CUST109444,2021-09-20,4,Cause them dream whole relationship western.,Herself theory name they.
FDBK92006,CUST100227,2023-03-17,5,Majority mean support from.,Beyond wrong minute country.
FDBK92007,CUST104728,2022-10-14,4,East real forget dog method difficult.,Address option thing window.
FDBK92008,CUST101350,2021-12-14,1,Stop trip turn two clear black.,Sound natural pass would.
FDBK92009,CUST104712,2023-11-04,3,Charge throw movement book.,Feeling issue put it.
FDBK92010,CUST102270,2022-06-13,2,Painting Congress nothing certainly.,Where realize little police.
FDBK92011,CUST103916,2023-11-10,5,Clear risk knowledge great nor different any.,Idea plan live week.
FDBK92012,CUST108189,2022-05-21,4,Character security key.,Hand act federal consumer.
FDBK92013,CUST101756,2021-09-08,4,Difference interest decade all throw business.,Range identify how tough.
FDBK92014,CUST104427,2021-05-14,4,Born late hope win daughter.,Fly prepare either.
FDBK92015,CUST100694,2023-06-28,3,Not man anyone so.,Prove best I western fire.
FDBK92016,CUST107898,2023-09-29,2,Identify environmental style let machine.,Ready I player country.
FDBK92017,CUST100666,2021-06-30,4,Hear event record. Stock second write.,Age plant avoid national.
FDBK92018,CUST100780,2023-12-31,2,Power as concern increase garden station.,Finish matter society major.
FDBK92019,CUST107059,2023-12-10,2,Sound recognize exactly available.,Majority case guy mind.
FDBK92020,CUST104291,2021-04-20,3,Human give certain can figure statement.,Heart least more necessary.
FDBK92021,CUST103530,2023-09-11,4,Shoulder fall stock plan always situation win.,Guy official piece.
FDBK92022,CUST104368,2023-08-13,4,Event moment treat across wonder at economy.,Brother support enjoy dream.
FDBK92023,CUST108570,2021-01-21,2,Man item respond question what.,Low catch executive set red.
FDBK92024,CUST102445,2021-10-21,4,Prove during traditional include power some bank.,If lead task.
FDBK92025,CUST109101,2021-10-16,3,Card involve on those focus find.,Set well structure back.
FDBK92026,CUST108668,2023-02-19,4,Into source night policy anyone yet.,Water item election south.
FDBK92027,CUST100346,2022-09-10,4,Rather gas traditional idea television nice from.,Lot my other like.
FDBK92028,CUST102903,2022-12-08,4,Agree responsibility memory easy choice part.,Often prevent sort yard.
FDBK92029,CUST108937,2023-11-24,3,Not air entire thus find.,Simply dinner nice.
FDBK92030,CUST103074,2021-05-12,2,Community win item son. Contain wait arm century.,Mission likely you.
FDBK92031,CUST108652,2021-12-30,2,Approach develop specific. Floor home glass.,Health training series thus.
FDBK92032,CUST105875,2023-09-19,4,Of risk order control trip too rise child.,Thing growth we bar eye.
FDBK92033,CUST106581,2021-11-29,3,Tree on financial deal expect possible treat.,Concern do officer thank.
FDBK92034,CUST105252,2023-09-08,4,Level recently mouth night.,Create east popular.
FDBK92035,CUST108545,2021-03-24,3,Score choose practice hit.,System car call.
FDBK92036,CUST107688,2021-11-11,3,Reduce piece eight other can.,Dark early commercial dinner.
FDBK92037,CUST104379,2022-01-17,2,Season say send build just sound.,Thought animal team central.
FDBK92038,CUST101593,2023-02-03,1,Food alone color wonder appear story.,But hit game instead very.
FDBK92039,CUST106721,2021-01-08,1,Economy night relate majority get.,Garden source owner increase.
FDBK92040,CUST106001,2022-03-21,5,System point pay inside now trial report.,Little worker unit guess.
FDBK92041,CUST108859,2021-04-23,5,If executive base push. Represent tell method.,Place never former.
FDBK92042,CUST101580,2022-09-08,1,Thought draw audience discover listen final.,Pm left worker.
FDBK92043,CUST100771,2021-05-24,2,Up different just blue. Suffer tax assume kind.,Computer along reflect phone.
FDBK92044,CUST101148,2021-07-09,5,Leave our main exactly number.,Edge as weight thank.
FDBK92045,CUST102175,2021-02-25,1,Myself sport trade throw until most training.,Difference box give across.
FDBK92046,CUST108513,2022-12-15,2,Body arrive free word but.,Resource stage crime really.
FDBK92047,CUST105885,2022-09-13,5,Both hold pick performance south agency would.,I nothing find director bar.
FDBK92048,CUST107229,2021-01-21,5,Guy out local wear them grow picture decide.,Former four item after.
FDBK92049,CUST106333,2022-09-22,1,Service play treatment lose her.,Job old as policy.
FDBK92050,CUST100933,2022-09-05,5,Seat still three lead Mr card.,Baby share must late process.
FDBK92051,CUST106240,2023-04-27,2,Plant business chance increase own.,Maybe land large.
FDBK92052,CUST108673,2021-10-18,1,Owner environment near design sea institution.,Operation learn rise.
FDBK92053,CUST106650,2023-12-16,2,Occur some allow woman start.,Perhaps finally off fear.
FDBK92054,CUST102093,2021-04-29,5,Chair simple save fear stuff coach fund.,Hour accept central.
FDBK92055,CUST100744,2021-11-15,2,Fall worker whom station bad by.,Old cell every.
FDBK92056,CUST100339,2023-11-24,4,Reason hospital effort try food economy arrive.,A as cover party.
FDBK92057,CUST109942,2022-03-31,3,Argue lay kid one development.,Poor strong couple.
FDBK92058,CUST107211,2022-11-03,5,Might add surface admit defense follow.,New people smile board.
FDBK92059,CUST105060,2022-06-06,4,Significant clearly ask her nice.,Listen anything little.
FDBK92060,CUST103064,2023-09-26,3,Call response writer everyone beautiful imagine.,You tend air painting.
FDBK92061,CUST102013,2022-09-12,1,Congress past season gas idea action I.,We perform summer why serve.
FDBK92062,CUST101428,2023-04-27,3,Take local fight feel court market house.,Mrs fire then work.
FDBK92063,CUST100229,2022-05-11,1,Few ahead what not.,Truth bad out.
FDBK92064,CUST107118,2023-11-25,4,Summer score all industry above traditional box.,Tough level mind mouth prove.
FDBK92065,CUST100274,2022-06-29,3,Traditional science cause low above commercial.,Never after action pressure.
FDBK92066,CUST106938,2021-01-25,5,Again pressure base lot trade director someone.,Score language law.
FDBK92067,CUST100657,2021-06-24,4,When pattern over out court.,So newspaper say hit realize.
FDBK92068,CUST106998,2023-10-04,3,They black over white energy best thus.,Beautiful college find old.
FDBK92069,CUST107762,2022-06-07,2,Section let notice manage daughter.,By speak movie game business.
FDBK92070,CUST106438,2022-02-05,2,Most owner college represent.,Whether general do.
FDBK92071,CUST107460,2021-07-27,1,Safe far society beat.,Simple big song attorney.
FDBK92072,CUST102433,2022-09-01,4,Anything attention parent.,Add serious task instead.
FDBK92073,CUST104969,2021-04-29,2,Great no marriage enjoy thank happy skin.,School happy run.
FDBK92074,CUST104052,2021-10-09,3,Lose former especially wait any reach.,Few population bag measure.
FDBK92075,CUST103452,2021-09-26,5,Season but new seat forward forget.,Something develop not civil.
FDBK92076,CUST103026,2022-12-23,1,Term knowledge senior tree something.,Nor senior allow paper.
FDBK92077,CUST102382,2022-12-26,3,Culture laugh drop difference.,Prevent with a.
FDBK92078,CUST101128,2023-09-29,1,Talk interest mean go score life notice.,Talk cultural let.
FDBK92079,CUST103208,2023-05-05,2,Computer side include center away own.,Program might him.
FDBK92080,CUST100693,2022-11-07,4,Theory everything clearly. Body eye leader.,Fish theory any sell.
FDBK92081,CUST108416,2021-12-25,5,Although human include available.,Southern dream friend.
FDBK92082,CUST109657,2021-12-01,2,Learn around night environmental same.,Language health put.
FDBK92083,CUST105606,2023-01-07,4,Sort resource production human far population.,Site reduce him chair become.
FDBK92084,CUST109199,2021-04-24,5,Stock money hour from best area.,Get young eat.
FDBK92085,CUST108129,2023-07-23,4,Develop reduce walk reach choice whom.,Tough size speak should.
FDBK92086,CUST106336,2022-04-06,2,Maybe mouth offer keep.,Wrong old maybe method art.
FDBK92087,CUST107864,2023-10-19,5,Save store something.,Of range customer.
FDBK92088,CUST109779,2022-08-11,3,President ever ever move star.,Within law somebody.
FDBK92089,CUST109170,2022-10-22,2,Little throw wind themselves especially never.,Cost local money.
FDBK92090,CUST109085,2021-02-09,1,Land stock half hit point.,Share sort why film else.
FDBK92091,CUST104195,2023-11-24,5,Sit record say piece marriage treatment.,Speak leader community water.
FDBK92092,CUST106926,2022-09-01,4,Movie crime plan. Part coach red police perhaps.,Significant place budget.
FDBK92093,CUST103369,2021-06-12,2,Tell society agent ball.,Yeah raise expert system.
FDBK92094,CUST108247,2022-11-02,4,Agency with study capital teacher term.,Their next soldier seek.
FDBK92095,CUST105708,2023-09-17,3,Magazine pretty various almost season Republican.,Visit we book or.
FDBK92096,CUST103915,2023-10-21,4,Tv table book develop business operation.,Matter southern who.
FDBK92097,CUST101617,2021-12-10,2,Yard hour pick sit there front.,Tv per edge plant.
FDBK92098,CUST105121,2022-11-28,5,Force book American ask either.,Top power operation person.
FDBK92099,CUST101534,2023-12-25,2,People away alone sport movement campaign area.,Five feeling perhaps.
FDBK92100,CUST108620,2021-08-31,1,Audience coach sport similar read.,Always back help.
FDBK92101,CUST102622,2023-07-23,1,Choice manager matter but wish.,Maintain increase than.
FDBK92102,CUST101198,2021-12-25,4,Vote strong push ready seem protect practice.,First among my own policy.
FDBK92103,CUST106011,2022-12-27,4,Little possible authority stand.,Rise receive name mother.
FDBK92104,CUST107238,2022-10-12,2,As school from since identify.,Away hotel include.
FDBK92105,CUST106482,2022-07-12,4,Cause yeah poor.,Month sound drug edge.
FDBK92106,CUST101505,2021-10-10,4,Leg economic hard drive list building.,Many including born yet.
FDBK92107,CUST109809,2022-07-08,4,Attack also describe such.,Citizen not race.
FDBK92108,CUST108878,2023-08-16,5,Prepare couple interest hand work.,Safe change name strong.
FDBK92109,CUST107812,2021-09-01,1,Social health news across under develop.,Remember oil trade realize.
FDBK92110,CUST101523,2022-05-10,5,Trip white actually name rule.,Entire staff box seek.
FDBK92111,CUST108909,2022-02-02,2,Upon election rich team effort show visit.,Nice baby value man present.
FDBK92112,CUST106324,2023-12-04,3,Pick reveal rule evening general care their.,Wish your relate.
FDBK92113,CUST101239,2021-08-21,1,Difference laugh clear democratic event most.,Produce rule I do.
FDBK92114,CUST105210,2023-05-31,2,By sea part water.,Nature speak will country.
FDBK92115,CUST107445,2023-11-20,4,Politics position water course future.,Only much partner play.
FDBK92116,CUST102860,2022-05-30,3,Animal clearly soon interview herself.,Section concern yeah contain.
FDBK92117,CUST100330,2022-06-28,3,Stage wife final contain room.,Executive air make would.
FDBK92118,CUST108824,2021-04-08,3,Without job discover financial sit trial leg.,Four case make say water.
FDBK92119,CUST103261,2022-03-06,5,Today air south quickly doctor theory.,Few professional TV person.
FDBK92120,CUST101300,2022-01-25,2,Offer question although music after.,Whether oil include put.
FDBK92121,CUST109635,2022-08-15,5,Offer police great program.,Rise big industry.
FDBK92122,CUST106388,2023-10-03,5,Usually eye several husband figure behind region.,College west recently others.
FDBK92123,CUST108961,2023-12-09,1,Small manager as score.,Sure case degree what view.
FDBK92124,CUST109084,2023-03-07,5,Near make show capital seven answer against.,List as interesting sort.
FDBK92125,CUST101171,2021-06-03,4,Subject buy measure hard writer we source.,Against seek try.
FDBK92126,CUST109654,2022-03-19,3,Long enough must sit money sea.,Thousand culture else often.
FDBK92127,CUST109981,2023-11-02,2,Good professor range pretty song without be.,Until sit cup more.
FDBK92128,CUST106666,2022-04-07,5,Democratic up work quite spring great stop guy.,Behind far money happy.
FDBK92129,CUST102145,2021-10-22,2,Instead according any wall system evidence.,Quickly pretty sport doctor.
FDBK92130,CUST100577,2021-09-01,1,Thus result account nice stop resource expect.,Nearly law fear how budget.
FDBK92131,CUST108051,2023-10-21,3,Vote land reason key half yourself.,Positive as receive hand.
FDBK92132,CUST105752,2021-11-29,1,Evening within throw lose thus run.,Left yourself sign issue.
FDBK92133,CUST101311,2021-06-21,5,Know bed office plant state admit.,Difficult attack drive.
FDBK92134,CUST103639,2023-02-26,2,Toward main foot. Look approach evidence action.,Message star child.
FDBK92135,CUST101326,2022-09-02,1,Type part cause stage nearly.,Cultural program air gun go.
FDBK92136,CUST108079,2022-01-28,3,Point late war different.,Else movie brother.
FDBK92137,CUST102159,2021-12-01,5,Health large recently live like.,Or three management rather.
FDBK92138,CUST108277,2021-05-12,5,Compare range speech above.,Interest kind these which.
FDBK92139,CUST109866,2023-01-21,3,Stop play through.,Both about we.
FDBK92140,CUST107290,2022-11-17,1,Officer color life do answer.,Cut but point very role.
FDBK92141,CUST103732,2021-06-09,2,Trip little everything party.,Stuff represent bank turn.
FDBK92142,CUST101263,2021-12-03,3,Task way Republican look dinner.,Guess position situation.
FDBK92143,CUST105134,2022-02-27,1,Production open record three throw total.,Economy culture phone.
FDBK92144,CUST108734,2023-05-15,4,Inside least child American until why chance.,Rest both here oil art.
FDBK92145,CUST105289,2023-01-02,1,Wall school song time safe daughter.,Hospital stock who.
FDBK92146,CUST108509,2021-09-26,1,Time religious cold enjoy just hope.,White training knowledge.
FDBK92147,CUST109713,2022-03-28,4,Action grow sea continue site.,Very report term.
FDBK92148,CUST109136,2023-07-13,3,Sing TV beyond course probably.,Country drive member onto.
FDBK92149,CUST107450,2023-05-27,3,Report interest gas whose until risk.,Sense modern travel value.
FDBK92150,CUST106150,2021-12-26,1,Line foreign factor soldier.,Reach seven all fight.
FDBK92151,CUST103016,2021-10-07,4,Stage nearly blood.,The avoid public above dog.
FDBK92152,CUST103405,2021-01-09,2,Audience agent single simple land discover.,Western be produce he.
FDBK92153,CUST106365,2021-01-07,1,Show ten single care machine me group.,Future he into position.
FDBK92154,CUST102560,2023-06-09,2,Try so support compare keep human.,Dark think moment fire.
FDBK92155,CUST105520,2021-12-22,5,Quickly every choose.,By score exist suffer today.
FDBK92156,CUST103904,2023-03-01,3,Long citizen energy oil former.,Blood half compare even.
FDBK92157,CUST109962,2021-05-11,1,Hear beautiful involve without chair local.,Interest figure authority.
FDBK92158,CUST108508,2022-08-07,1,True prepare require yes fight.,Tend local back.
FDBK92159,CUST106801,2021-01-04,4,Account identify rule sell item learn wall.,Onto husband opportunity add.
FDBK92160,CUST106188,2023-09-30,4,During first perhaps arrive candidate.,Or letter book make approach.
FDBK92161,CUST103799,2021-06-19,5,Maybe than those sing.,End picture media century.
FDBK92162,CUST100940,2023-03-25,4,Point value really almost.,Try street bed to name.
FDBK92163,CUST100531,2022-09-08,2,System direction hair cover civil.,If three over everybody.
FDBK92164,CUST108377,2022-07-23,4,A fight evening imagine fine magazine relate.,Could us ask.
FDBK92165,CUST104261,2022-08-21,4,Protect action present practice question fund.,Event third major recent.
FDBK92166,CUST105772,2022-06-13,1,Wide town court lot executive if society.,Bed show smile.
FDBK92167,CUST109340,2021-11-26,4,Technology hand protect piece your agree.,Less oil themselves should.
FDBK92168,CUST107345,2021-03-29,1,Build song brother still view apply.,Morning three president.
FDBK92169,CUST105056,2021-08-27,2,Nothing crime window close.,My spend mention deal.
FDBK92170,CUST108139,2023-04-08,5,Often establish policy like future clear.,Could better teach visit.
FDBK92171,CUST102592,2021-12-26,5,Former our mean identify suffer write.,Talk task attorney catch top.
FDBK92172,CUST108255,2021-02-08,1,Up red hear traditional actually allow.,Surface out better.
FDBK92173,CUST101707,2022-10-30,5,Statement by somebody program.,Federal box top great.
FDBK92174,CUST109812,2022-05-25,4,Yard hand friend.,Civil exist alone move.
FDBK92175,CUST101029,2023-01-13,3,Old present network former word.,Above sign surface door.
FDBK92176,CUST109535,2023-06-14,3,Learn fish four population plant talk deal.,Fly however admit better.
FDBK92177,CUST100495,2023-03-24,3,If place per near himself.,Senior word page she.
FDBK92178,CUST100769,2022-01-16,3,Buy process operation trouble hospital.,Maybe later person kitchen.
FDBK92179,CUST100767,2023-01-20,4,Since behind wrong himself ask.,View buy entire.
FDBK92180,CUST107999,2021-04-07,2,Ten near top foreign be half use.,Other pull power blue apply.
FDBK92181,CUST102149,2021-01-16,2,Strong walk operation black deep authority.,However figure gun instead.
FDBK92182,CUST107673,2023-02-01,5,Everyone idea seven father this keep small.,His beat church significant.
FDBK92183,CUST101808,2021-07-02,4,Article send worry cup suggest.,First organization raise.
FDBK92184,CUST108132,2023-09-20,5,On trouble statement me off these specific.,School several partner.
FDBK92185,CUST108201,2022-11-07,5,Left court future sit red.,Myself ten establish across.
FDBK92186,CUST106014,2022-08-30,2,Break four despite candidate car require.,Much around north address.
FDBK92187,CUST108053,2021-06-24,3,Skill force great six.,Return believe to family kid.
FDBK92188,CUST109127,2023-03-27,1,Dark sell describe song must.,To wear well short.
FDBK92189,CUST101182,2022-01-29,4,Age degree size. Red meet thought someone song.,Woman dark arm state.
FDBK92190,CUST105754,2023-11-18,3,Whether boy picture fight analysis where design.,Goal operation leg third.
FDBK92191,CUST102784,2022-09-14,5,Themselves authority play.,Style section control.
FDBK92192,CUST104590,2022-06-09,1,Fish process collection machine.,Quite throughout pick firm.
FDBK92193,CUST103607,2022-11-05,3,Sometimes direction machine here.,Nearly my although pay true.
FDBK92194,CUST100097,2022-03-23,2,Establish manager success.,Reality term great contain.
FDBK92195,CUST104472,2023-12-25,4,Political population amount college education.,Action check tough TV.
FDBK92196,CUST109935,2022-11-02,2,Share understand save risk whatever while score.,Treatment mind feel drop.
FDBK92197,CUST105264,2022-03-08,5,To laugh his second behind.,Later wrong last must.
FDBK92198,CUST109557,2023-01-03,5,Study history couple must story eye.,Report soon lead north.
FDBK92199,CUST101236,2021-11-07,3,Company local professor as get participant.,Fish security and radio job.
FDBK92200,CUST102820,2022-11-11,5,Almost stuff allow prevent civil.,Measure south plan hit real.
FDBK92201,CUST106309,2023-03-22,1,Today here instead what store mind.,Thank fight second long.
FDBK92202,CUST100709,2023-06-08,1,Less energy now ever clearly add.,Evidence bad son respond.
FDBK92203,CUST107690,2023-04-13,5,Trip international when prevent simple garden.,Voice travel respond.
FDBK92204,CUST105991,2022-09-17,3,Make game trade avoid example.,Exactly site site.
FDBK92205,CUST101486,2021-05-10,1,Concern perhaps range main. Level upon call.,Once wish sort age.
FDBK92206,CUST108248,2023-09-05,4,Know important official. Son task over if.,Resource detail career run.
FDBK92207,CUST102019,2022-12-26,3,Local size easy street traditional.,Alone much center scene.
FDBK92208,CUST103583,2021-03-18,3,Operation industry occur address.,Hit trial minute really.
FDBK92209,CUST108407,2023-12-09,1,Sign head join garden turn.,Left of indicate cup.
FDBK92210,CUST100151,2022-03-27,5,Cell join answer north not price.,Everyone yes maintain assume.
FDBK92211,CUST102466,2023-08-23,2,Check little common best bar must.,Center affect stop field.
FDBK92212,CUST107830,2021-09-10,4,Scientist expect television western sit nearly.,Read study worker scientist.
FDBK92213,CUST109717,2022-09-06,2,Part line our month nice.,Long card raise blue.
FDBK92214,CUST104142,2023-08-20,3,Research maintain upon.,Near eye wife.
FDBK92215,CUST104952,2023-01-04,1,Property have than may.,Floor offer radio.
FDBK92216,CUST104215,2021-01-05,5,Detail much body.,Official very same step Mr.
FDBK92217,CUST100370,2022-11-29,3,Almost administration current usually.,Turn human add before.
FDBK92218,CUST104520,2021-04-01,4,Perform eye agree every above.,Perform cup again yet.
FDBK92219,CUST101846,2023-04-10,3,Environment marriage reach include Mrs.,Might reflect over black.
FDBK92220,CUST106057,2022-03-08,4,Business almost nearly.,Sometimes money go face.
FDBK92221,CUST103622,2022-08-06,5,Kitchen miss war let rock add physical.,Above short daughter six.
FDBK92222,CUST109839,2022-08-02,4,Hear peace will stay.,Century effort country three.
FDBK92223,CUST105865,2021-05-23,4,Shoulder actually serious home have miss.,Operation office you case.
FDBK92224,CUST101195,2021-11-13,1,Toward half again heart truth power.,Away agency response white.
FDBK92225,CUST102166,2023-07-09,5,Smile power thing building green care.,State forward chance thing.
FDBK92226,CUST100280,2023-01-05,3,Pass ball society.,They I song.
FDBK92227,CUST103985,2022-04-29,3,Respond leader nothing whole the.,Begin rule officer.
FDBK92228,CUST106566,2021-10-27,5,Science beautiful base pay program ready.,Week tax great.
FDBK92229,CUST107518,2022-03-31,2,Same writer social.,Which you view cup town.
FDBK92230,CUST105479,2021-05-07,5,Eight everything course be claim reach.,Guess news child through.
FDBK92231,CUST101520,2021-08-23,5,Enjoy big kid city simply thousand Mrs.,Unit quite finally college.
FDBK92232,CUST105486,2023-02-27,4,Staff soon war approach building after.,Sister road need.
FDBK92233,CUST106122,2021-08-05,4,Rise play official. Animal ahead something cost.,Alone memory eat benefit.
FDBK92234,CUST101062,2022-08-01,4,Type check effort.,Month dog foot.
FDBK92235,CUST105040,2023-12-26,3,Various author carry describe.,Sound he strategy use.
FDBK92236,CUST105089,2022-10-12,1,Economy religious fund simply.,She hot police those simply.
FDBK92237,CUST103085,2023-03-29,2,Pattern nice decade him.,Operation surface training.
FDBK92238,CUST101346,2022-01-30,4,Gun letter enough million but.,Likely let fill should.
FDBK92239,CUST103326,2023-05-31,2,Catch operation kind. Music case white industry.,Cost type smile respond.
FDBK92240,CUST104637,2022-10-29,2,Large cost want help.,Five address decade either.
FDBK92241,CUST106244,2023-12-02,1,Page image heavy perform. Show value simply at.,Gas thing goal partner heart.
FDBK92242,CUST107234,2021-02-05,1,Future read whether upon.,Happy next season.
FDBK92243,CUST108401,2021-09-12,3,Nor what and court. By project particular.,Likely visit civil west.
FDBK92244,CUST109596,2021-11-08,5,Realize throughout media hard add.,Base only tend.
FDBK92245,CUST102500,2021-02-08,1,Issue fire base focus court.,And food man station.
FDBK92246,CUST101536,2023-06-23,4,Mission bed between partner.,Recently win great.
FDBK92247,CUST103706,2022-12-08,5,History late room national ever sing suffer.,Have buy save term minute.
FDBK92248,CUST108143,2022-07-20,2,Long about moment his. Show without fight per.,Tree understand send break.
FDBK92249,CUST102389,2021-05-20,3,Debate whole ahead magazine structure me.,Center kind gun upon.
FDBK92250,CUST104478,2022-07-06,5,Reveal film my make training shake.,Her sing reality around.
FDBK92251,CUST105027,2023-02-10,1,Third affect particular know American.,White point executive toward.
FDBK92252,CUST101835,2021-12-19,2,Star feel left.,Now yard bank.
FDBK92253,CUST107652,2021-03-18,5,Message everyone whether media.,Can water spring how town.
FDBK92254,CUST109993,2023-02-19,1,Factor of compare hour energy staff pattern.,The outside seek in.
FDBK92255,CUST106626,2021-03-11,2,Wife avoid claim politics.,Onto treat task happy.
FDBK92256,CUST101591,2022-04-16,1,Might those economy modern.,Option trade skill beat.
FDBK92257,CUST105520,2022-11-09,2,Owner ok idea poor. After finally remember know.,Law property apply couple.
FDBK92258,CUST104663,2022-09-27,4,Best position girl decision.,Return national citizen.
FDBK92259,CUST108010,2023-08-12,4,Cup summer task news nothing not example.,Job debate so exactly bit.
FDBK92260,CUST104362,2022-01-13,3,Positive summer money. Focus they large buy.,Part not practice theory us.
FDBK92261,CUST105017,2021-07-12,2,Window war audience city Democrat then.,Beyond article either war.
FDBK92262,CUST100311,2021-02-08,3,Per material half indicate. Let while knowledge.,Establish grow again when.
FDBK92263,CUST105215,2022-02-06,1,Mrs suddenly television how.,Can sing land describe.
FDBK92264,CUST101649,2023-01-29,3,Wrong strong personal.,Future arm heavy.
FDBK92265,CUST108658,2021-08-18,5,Affect stand heart rule small form force.,Control detail town north.
FDBK92266,CUST107941,2023-04-19,1,Contain usually successful floor.,Act yard mission.
FDBK92267,CUST102662,2023-02-23,3,Outside mention ever listen eat I.,Condition her wear girl.
FDBK92268,CUST104620,2021-05-14,5,Weight recently note late.,Report popular stuff.
FDBK92269,CUST102552,2021-12-29,1,Concern carry anything cost buy year.,Action lot theory explain of.
FDBK92270,CUST107246,2022-09-03,2,Should on yeah herself claim.,Break cut collection subject.
FDBK92271,CUST107131,2022-08-15,3,Weight Mrs really subject either.,Value quickly shake.
FDBK92272,CUST101224,2022-02-07,1,Nation cost draw end.,Home material itself mind.
FDBK92273,CUST103379,2023-09-06,3,Discover sense old must environmental authority.,Serious report form since.
FDBK92274,CUST105297,2022-12-06,2,Law available similar pattern.,Outside feel method degree.
FDBK92275,CUST102126,2022-10-24,2,Expect which author walk husband several.,Best without simply network.
FDBK92276,CUST106395,2023-05-13,1,Agent share property seven about class.,Upon evidence least.
FDBK92277,CUST109704,2023-03-30,4,Bank door certainly whose purpose population and.,This current member Democrat.
FDBK92278,CUST105686,2022-11-03,2,Use use party market employee. Food energy learn.,Road door them build ball.
FDBK92279,CUST109888,2023-12-03,1,Return police physical cause.,Name scientist thank result.
FDBK92280,CUST107140,2023-01-26,4,Rest whose rather end kind.,Water team rich customer.
FDBK92281,CUST107638,2023-11-07,2,Mission next arm father east.,Heart training north focus.
FDBK92282,CUST104981,2023-09-15,5,Follow box stock add. Process soon true over.,Nor oil view good guy.
FDBK92283,CUST102086,2023-10-05,4,Herself that stand hair apply I day treatment.,Skin need young level board.
FDBK92284,CUST104624,2021-12-15,5,Just ago woman key.,Future can begin.
FDBK92285,CUST105301,2023-10-30,3,Difficult bar medical.,Room enjoy fight.
FDBK92286,CUST103712,2022-02-19,3,Activity respond radio discuss again respond.,Fear mission than business.
FDBK92287,CUST108668,2022-02-18,5,What modern environment husband.,Foot federal hear heavy guy.
FDBK92288,CUST106553,2023-12-19,4,Action none prevent effort.,Nor value more teach reveal.
FDBK92289,CUST103457,2023-04-21,1,Dinner improve age today material at.,Seem check far task travel.
FDBK92290,CUST105132,2023-04-12,4,Life this myself receive speech.,Attention everything feel in.
FDBK92291,CUST106513,2023-10-24,4,One imagine street road.,Good total free raise.
FDBK92292,CUST105156,2021-08-09,5,Blue forward artist up.,Leave air father beautiful.
FDBK92293,CUST107093,2023-04-01,5,Near stay successful time clearly story memory.,Gun team push send south.
FDBK92294,CUST107095,2023-06-11,4,Move trial whatever half debate measure right.,Light stay test week.
FDBK92295,CUST103391,2021-10-24,2,Another different fight allow individual pick.,Happy anyone seat economic.
FDBK92296,CUST105695,2021-09-28,4,Lose nor history question him citizen politics.,First four total.
FDBK92297,CUST100282,2021-09-04,5,South growth listen sell what.,Once the account name.
FDBK92298,CUST106837,2022-05-14,4,Because actually growth everything.,Appear box bag new.
FDBK92299,CUST105498,2023-09-20,5,Agency model other face fast fish.,Drop attorney value late.
FDBK92300,CUST107066,2023-07-24,2,Free up beyond building.,Art father science tough.
FDBK92301,CUST103171,2023-02-20,5,Bad machine be work.,Size create beyond first.
FDBK92302,CUST109478,2022-12-24,5,Parent name against account month continue.,Population care play.
FDBK92303,CUST105548,2021-09-24,5,Use recently decade player.,Doctor add senior thing food.
FDBK92304,CUST101388,2021-05-21,2,Pass sea result direction live.,Land Mrs letter push usually.
FDBK92305,CUST102501,2022-11-30,5,Face operation foreign theory let speak catch.,Near among method drug.
FDBK92306,CUST106814,2021-08-12,5,True so bill soldier exactly.,Health situation such major.
FDBK92307,CUST100464,2021-03-02,5,Executive alone front far Republican paper ahead.,Senior light guy whole task.
FDBK92308,CUST104464,2021-12-12,3,Size Mr population.,Add Mrs alone election add.
FDBK92309,CUST104110,2022-11-30,2,Decade town shake institution sister.,Today less summer open.
FDBK92310,CUST102161,2023-05-24,3,Space real card institution serve.,Show local whole fish recent.
FDBK92311,CUST103530,2022-08-15,1,Bad hold indeed resource themselves.,Room up everybody rate.
FDBK92312,CUST107252,2022-05-12,3,Realize expert give challenge gas task.,Stand commercial surface.
FDBK92313,CUST102176,2021-05-21,2,Skin Congress make reason pay risk drug.,Few kid less present.
FDBK92314,CUST104566,2023-02-08,1,Affect father also agree author.,Meeting citizen course.
FDBK92315,CUST108988,2022-07-01,2,Little fall and lay music impact star.,Officer long investment.
FDBK92316,CUST108128,2022-01-15,2,Attorney defense according task teacher business.,Few interview plan stage see.
FDBK92317,CUST104733,2021-06-21,4,Hope by account page. Land economy others accept.,Nice side east seat.
FDBK92318,CUST100347,2021-02-27,5,Adult hear fill learn discover it marriage.,Power result color.
FDBK92319,CUST105127,2023-06-16,2,Enter head set before have term history.,Back wall medical fish beat.
FDBK92320,CUST103123,2022-04-15,5,Degree maintain mention offer art.,Kind image today white six.
FDBK92321,CUST105666,2021-06-29,3,Ground most fly seek performance particularly.,Also meet war must.
FDBK92322,CUST108939,2022-11-24,3,Majority single price never laugh.,Big if Mr race.
FDBK92323,CUST103990,2023-04-30,4,Take art than finish hard.,Call glass media.
FDBK92324,CUST108401,2021-07-12,4,Increase party ok trip successful.,Sport enjoy since feel.
FDBK92325,CUST107551,2022-09-26,5,One company able discover event.,Young quality cold that.
FDBK92326,CUST100466,2022-10-17,5,He war attack military hope.,Organization or foot.
FDBK92327,CUST103792,2023-12-27,3,May when begin character game.,Threat center social become.
FDBK92328,CUST109143,2023-12-22,3,Give table major along will long.,Party course one agent from.
FDBK92329,CUST105823,2023-09-11,4,Million foreign girl key concern.,Space itself strategy view.
FDBK92330,CUST102688,2023-10-19,2,Century throw price.,Drug key sense return else.
FDBK92331,CUST104080,2021-01-15,2,Tonight current born education everything also.,Note floor part employee.
FDBK92332,CUST101619,2022-11-05,1,Cup have newspaper say moment station.,Weight letter final which.
FDBK92333,CUST104675,2023-09-26,4,Reality that out professor.,Wish among term until.
FDBK92334,CUST104263,2023-01-08,5,Require week two wear produce smile.,Democratic quickly wall hope.
FDBK92335,CUST102436,2021-04-09,4,He thought only company skin that.,East stand big goal parent.
FDBK92336,CUST101944,2023-03-02,2,Within wife every born great moment save.,Present say practice.
FDBK92337,CUST106138,2022-02-20,2,High sing material.,Rest phone cover decision.
FDBK92338,CUST107877,2022-11-21,3,Ever just him possible set.,Voice sound return when can.
FDBK92339,CUST101915,2023-03-29,2,It do I so concern a.,Pm avoid think low.
FDBK92340,CUST102508,2022-02-28,4,Travel develop year business author.,Score protect who.
FDBK92341,CUST100592,2022-06-08,3,Else Mrs hand child.,Opportunity employee down.
FDBK92342,CUST104089,2022-08-03,3,Thing understand simple name.,Guess boy news also.
FDBK92343,CUST105123,2023-11-12,3,Red happy protect. Store view heavy opportunity.,Cause time some per.
FDBK92344,CUST105634,2022-01-06,1,Manager couple film case provide challenge can.,Eat indeed name agent.
FDBK92345,CUST109146,2022-11-22,5,Inside tend turn boy speak part Mr.,Prepare much moment final.
FDBK92346,CUST107417,2021-11-12,1,Development strong magazine worry lead near down.,Almost close teacher.
FDBK92347,CUST101418,2021-06-14,5,Decade draw piece majority knowledge material.,Ten past real.
FDBK92348,CUST106105,2023-11-16,5,Receive present admit four exactly explain.,Plan full forget.
FDBK92349,CUST105021,2023-12-04,4,Enter clearly happen.,Grow professor above as.
FDBK92350,CUST105616,2021-11-07,5,Travel require many good who.,Close total teach question.
FDBK92351,CUST109865,2023-06-13,4,Might rise ago human job society.,Light now big push.
FDBK92352,CUST101672,2022-01-18,3,Option might question color should.,On truth series accept.
FDBK92353,CUST105081,2021-03-01,4,Spring test be course design voice technology.,Partner us style face or.
FDBK92354,CUST101731,2023-08-13,2,Learn message center building.,Participant allow plant blue.
FDBK92355,CUST103588,2023-08-03,1,Music require lawyer then beyond sea.,Different seem design along.
FDBK92356,CUST107012,2021-10-03,4,Worry standard general young.,Party toward none deal past.
FDBK92357,CUST105237,2022-09-14,5,Play somebody away first give still.,Help next become open.
FDBK92358,CUST103087,2021-07-01,4,Itself help poor decade my no individual.,Alone five score.
FDBK92359,CUST102380,2021-11-30,4,Remain region long hour.,Treat wind medical million.
FDBK92360,CUST104881,2022-02-01,3,Argue something about player central example.,Family model meet.
FDBK92361,CUST105082,2021-04-21,1,Eat run through impact.,Chair born seem pattern.
FDBK92362,CUST100292,2023-09-20,3,Improve skill kid growth level of nor street.,East ready result garden.
FDBK92363,CUST100669,2023-09-17,1,Water town job agreement item good various.,Full name test plant.
FDBK92364,CUST105686,2022-12-19,1,Military benefit month first art develop.,Mean group firm such.
FDBK92365,CUST104881,2023-03-18,5,Rule truth process seat management protect.,This we message exist.
FDBK92366,CUST102215,2021-11-09,3,Character surface decade price.,Man structure plant fall.
FDBK92367,CUST104901,2021-07-18,4,Art tough film middle subject.,Place fast road.
FDBK92368,CUST101036,2022-12-25,2,Personal cause property generation night network.,Table rather learn smile.
FDBK92369,CUST102172,2022-01-03,2,Others already music hand black treatment pretty.,Involve daughter try site.
FDBK92370,CUST104055,2021-08-24,5,Positive what also body order receive group.,Us music strong foreign.
FDBK92371,CUST107193,2023-10-18,5,Place score under.,Occur film own.
FDBK92372,CUST108222,2023-11-12,5,Develop later deal four.,Movement manage activity.
FDBK92373,CUST106198,2023-03-15,5,These shoulder during recent little foot.,Focus after Mrs outside.
FDBK92374,CUST104086,2022-01-22,3,Wish turn gas read receive yeah exactly budget.,Phone task middle leader.
FDBK92375,CUST108511,2022-03-18,1,Though scene nation mission.,Six laugh what class.
FDBK92376,CUST107242,2022-12-16,4,Rule state movie seat go brother.,House old view rich once.
FDBK92377,CUST101927,2022-05-19,4,Other threat walk city beat return.,Find off time his.
FDBK92378,CUST102520,2022-11-09,3,Notice hold system forward matter police.,Care themselves example film.
FDBK92379,CUST103703,2023-08-27,4,Could large sometimes himself dog.,Dinner never last he.
FDBK92380,CUST109246,2022-09-08,2,Case play leave hotel challenge bank determine.,Serve affect any large.
FDBK92381,CUST106866,2023-08-07,4,Way west from federal white.,Mean billion maintain again.
FDBK92382,CUST100141,2022-07-22,1,South itself remember decade bank.,Middle again school.
FDBK92383,CUST100056,2022-07-06,4,Republican language quickly friend central.,Get eight nearly new.
FDBK92384,CUST100215,2023-02-25,1,Score trial no hope member.,Catch executive you human.
FDBK92385,CUST108267,2021-10-19,5,Soon long girl about when feeling idea.,Run yeah much.
FDBK92386,CUST107951,2023-10-08,3,Defense here like question. Outside sign nice.,Health my reach raise him.
FDBK92387,CUST108446,2023-11-04,2,Possible behavior picture bed for.,Try air of.
FDBK92388,CUST100990,2023-05-03,4,Pattern upon add.,Heart go how resource.
FDBK92389,CUST107445,2021-02-15,2,Whatever human to religious. Top support admit.,True dream management down.
FDBK92390,CUST108358,2022-10-05,4,Station sing meet prepare.,Us song as society decide.
FDBK92391,CUST103543,2021-09-20,5,Add determine attorney.,Some account up.
FDBK92392,CUST101654,2023-02-24,1,Star throw indicate.,When share game.
FDBK92393,CUST100985,2022-03-28,3,Hundred position science sing.,Security catch surface rich.
FDBK92394,CUST108982,2023-05-27,3,Anything stuff close life thousand just baby.,Real foreign note particular.
FDBK92395,CUST106024,2022-09-03,2,Professor their own money fast anything.,Of whole word suddenly.
FDBK92396,CUST108033,2022-04-25,1,Sometimes street building.,Safe see wrong choice.
FDBK92397,CUST107652,2023-12-06,3,Top entire see before but way vote nation.,Green over reason area.
FDBK92398,CUST105671,2022-04-20,2,Serve space billion media minute policy.,Which subject success raise.
FDBK92399,CUST100728,2023-07-13,1,Federal out guy could. True most each Democrat.,Drug treat that author road.
FDBK92400,CUST106225,2021-05-10,5,Air only happy away rock country.,Commercial its whole.
FDBK92401,CUST101935,2022-11-30,5,Chair natural toward score development.,Art sure man culture.
FDBK92402,CUST104283,2021-03-07,2,Live land show knowledge capital writer.,Above drop spend dream.
FDBK92403,CUST102971,2023-08-17,5,Even stay kid foot foot will truth.,To within heart whatever.
FDBK92404,CUST100662,2023-10-03,4,Top later nor catch drive machine.,Local popular perform law.
FDBK92405,CUST108657,2023-07-12,4,All build consumer such individual back.,Within dream animal.
FDBK92406,CUST103929,2021-09-21,1,Cultural hold today share nothing.,Mrs compare our sense.
FDBK92407,CUST106961,2022-10-11,5,Health drop too.,Imagine case feeling example.
FDBK92408,CUST109148,2022-10-20,3,Just almost half later five back.,Feeling fight think.
FDBK92409,CUST106786,2023-01-13,2,Day bar air expect particular draw bank.,In federal run rock might.
FDBK92410,CUST103942,2023-06-13,3,Current trip standard leg grow.,Explain part whole pattern.
FDBK92411,CUST107969,2022-03-30,4,Us on but attack effort organization man.,Those eye team find defense.
FDBK92412,CUST105461,2021-08-11,5,Sound goal name property.,Hand machine stop fish agree.
FDBK92413,CUST102860,2021-09-28,3,Trouble production deep near make although study.,Where career instead.
FDBK92414,CUST105991,2021-09-02,2,Rich agreement age establish like.,Paper build letter question.
FDBK92415,CUST109435,2023-01-23,1,Institution avoid way me seat responsibility.,Mention speech action almost.
FDBK92416,CUST109623,2023-02-01,1,Baby order owner ever billion expert somebody.,Figure song seek play.
FDBK92417,CUST103411,2023-03-06,2,School worker brother. Subject although over.,Little other may official.
FDBK92418,CUST106948,2022-07-11,4,Understand within what. Few yard we ever than.,Every record poor program.
FDBK92419,CUST101953,2022-03-18,2,Manage sign hospital together also establish.,To she case loss public.
FDBK92420,CUST107247,2023-11-09,2,And month research page election tax.,His official gun hit peace.
FDBK92421,CUST105780,2023-09-26,5,Pick big performance heavy.,Visit sure particularly sign.
FDBK92422,CUST109228,2023-01-04,3,Social change serious ready bad.,Interest choice far product.
FDBK92423,CUST105820,2023-04-10,2,Inside add little significant onto security and.,Speak her information.
FDBK92424,CUST106633,2023-03-20,2,Dog rich forget career.,Kid design scene to check.
FDBK92425,CUST100028,2022-12-06,1,Miss skill offer yes certain else.,Serve shoulder writer.
FDBK92426,CUST107864,2023-10-10,3,Seat example put region.,Pick college player real.
FDBK92427,CUST105923,2022-04-25,1,Republican music base voice civil also young.,This social account.
FDBK92428,CUST106666,2021-06-03,4,Foot success myself down air toward.,Trial heart mouth be.
FDBK92429,CUST104944,2022-03-29,1,So push south work. Style ten soldier your.,Perform edge up life.
FDBK92430,CUST109024,2022-04-07,4,Simple easy exactly know happen word.,Hold last build.
FDBK92431,CUST104345,2021-11-06,4,Begin job decade tough system large positive.,Thousand ten wear space.
FDBK92432,CUST103819,2021-07-02,3,Magazine fine song kitchen of really.,Eat go whole message rise.
FDBK92433,CUST103411,2022-08-03,4,Unit idea while I able.,Couple fact everyone age.
FDBK92434,CUST103441,2023-09-28,2,Way my professor both material wide also.,Lay themselves question fine.
FDBK92435,CUST107731,2022-10-10,2,Drug per skin expert should not strong.,Join already political out.
FDBK92436,CUST104706,2022-08-30,1,Success quickly sign laugh environmental.,Ready join study data agree.
FDBK92437,CUST101293,2022-01-22,1,Sort wide program strong.,Event sea lot.
FDBK92438,CUST101058,2022-06-23,3,Citizen family work feel nice prove.,Strategy friend me off.
FDBK92439,CUST100514,2023-09-16,4,Relate not half international perform perhaps.,Produce that score name.
FDBK92440,CUST105823,2022-04-27,2,Skin prepare early easy myself.,Work my military stop.
FDBK92441,CUST107006,2022-10-31,1,Congress across building order everybody.,Name short general describe.
FDBK92442,CUST109712,2021-04-21,5,Who dark just less pay.,Force year join parent.
FDBK92443,CUST106367,2023-04-22,3,Population exist about suddenly drug radio.,Space five character because.
FDBK92444,CUST108518,2023-12-25,4,Message degree decide energy write rather else.,Off response a attorney.
FDBK92445,CUST103676,2021-03-19,3,Throughout open approach. Glass beat save agency.,Special week article add.
FDBK92446,CUST103088,2023-01-06,4,Word camera determine return.,Follow quickly stay magazine.
FDBK92447,CUST104856,2021-01-26,4,Include population head rise report one.,Rise term program bad.
FDBK92448,CUST105425,2022-09-23,3,Listen imagine analysis standard.,Politics we member.
FDBK92449,CUST100920,2021-02-02,1,Fire especially little should commercial tough.,Policy million name factor.
FDBK92450,CUST107209,2023-06-11,1,Pay modern majority fish light oil meet.,Risk decade idea air.
FDBK92451,CUST105206,2021-10-10,4,Sure general talk feeling seem.,Heavy couple stage newspaper.
FDBK92452,CUST100732,2023-03-16,2,Box wrong budget population hundred alone.,Than magazine modern popular.
FDBK92453,CUST104486,2021-10-07,4,Employee prevent answer same subject apply.,Something himself good.
FDBK92454,CUST102435,2021-10-27,5,Be this eye possible whom modern.,Rich more two red.
FDBK92455,CUST101595,2022-08-23,1,Billion teacher there pressure why term growth.,Available remain add far.
FDBK92456,CUST106722,2023-02-13,3,Father player law east Mr identify fact.,Letter plant state present.
FDBK92457,CUST105293,2023-08-19,4,Around nature game high early word seven.,Available of along ahead.
FDBK92458,CUST103838,2022-08-28,1,Happen operation thus family senior benefit on.,Morning actually involve.
FDBK92459,CUST109788,2021-09-28,1,Deal his though show on certainly drug.,Table left your.
FDBK92460,CUST108389,2022-12-05,4,Yard year entire section itself.,Should another score member.
FDBK92461,CUST107680,2023-08-30,4,Easy policy pretty method model.,Reason those world.
FDBK92462,CUST100798,2023-07-30,1,Front behind less before father despite.,Agent leave whether young.
FDBK92463,CUST100968,2021-11-03,5,Bill operation result ball there action receive.,Assume sometimes yard.
FDBK92464,CUST109955,2023-11-28,3,Head area between. Him whole live during home.,Together his action share.
FDBK92465,CUST105978,2022-07-08,4,Born turn impact enter threat appear.,As baby laugh personal.
FDBK92466,CUST104382,2023-09-08,4,Your college those garden building training.,Early watch green.
FDBK92467,CUST102933,2022-01-02,2,Return across force visit its three body.,Decade film state character.
FDBK92468,CUST105389,2021-01-09,4,None why station or listen put phone.,Give better operation.
FDBK92469,CUST103543,2023-09-03,5,Cost compare else life beyond evidence director.,Peace forward still thing.
FDBK92470,CUST103906,2022-09-19,5,Commercial heavy over simply.,Air hope sit service far.
FDBK92471,CUST109992,2022-10-07,4,Happy already international structure make game.,Culture finish security dog.
FDBK92472,CUST108492,2022-02-26,3,Authority year nation senior fish.,Support protect affect wrong.
FDBK92473,CUST106046,2021-11-22,3,Thought few somebody.,He own build home.
FDBK92474,CUST108753,2022-12-23,4,Myself structure reason use doctor yes reality.,None offer charge final.
FDBK92475,CUST108894,2021-03-10,4,Wonder care program lose.,All human us thought.
FDBK92476,CUST107354,2023-10-17,5,Various put carry eight ahead.,Marriage material size kind.
FDBK92477,CUST109682,2021-03-15,2,Easy sound pay concern yard structure how.,Church group few response.
FDBK92478,CUST108381,2023-01-19,4,Hope market if anyone defense white.,Parent hundred stand may.
FDBK92479,CUST101055,2023-05-31,3,Majority no whom sign above west into.,May result may among base.
FDBK92480,CUST101954,2022-11-11,4,Part case would into network.,Data word understand speak.
FDBK92481,CUST108014,2023-05-10,1,Become next crime teacher design total.,Child beat theory three yet.
FDBK92482,CUST107152,2023-04-23,5,Accept itself crime decade government.,Just never audience vote.
FDBK92483,CUST103605,2023-12-28,5,Skill relate lawyer side compare.,Low both sure these.
FDBK92484,CUST105946,2021-10-12,2,Else about wait religious.,Anything final four.
FDBK92485,CUST100813,2023-10-14,3,Property miss two letter.,Say particularly character.
FDBK92486,CUST106750,2021-11-10,4,Hospital land market identify rate.,Fast accept short door.
FDBK92487,CUST107688,2023-01-19,2,Few stop left look.,Central or leg or stuff.
FDBK92488,CUST101218,2022-12-02,3,Hard model guess tonight why American government.,Rich finally away unit.
FDBK92489,CUST104593,2023-07-20,5,Successful thank parent hour.,Stay enough number our.
FDBK92490,CUST101219,2021-08-05,1,We art film set say example. Manager close live.,Tough cause find evening.
FDBK92491,CUST102379,2023-04-03,4,History fast research recent campaign everybody.,Blue success should cultural.
FDBK92492,CUST102010,2022-02-23,3,Sound movement sing mission tree far like.,Political hit movie employee.
FDBK92493,CUST102296,2023-03-21,3,Perhaps later until manager example.,Kid food animal material.
FDBK92494,CUST106171,2021-11-28,4,Civil let loss military suffer book.,Husband the eye expect.
FDBK92495,CUST101239,2023-08-08,5,Parent husband prepare technology bar describe.,Everyone include firm look.
FDBK92496,CUST106635,2023-07-23,2,Suffer travel already month.,Realize how later item.
FDBK92497,CUST108597,2021-08-13,4,Girl couple reality he per growth.,Yes late exist head market.
FDBK92498,CUST102532,2023-05-30,3,Certainly provide agent military begin.,Special answer voice nearly.
FDBK92499,CUST101121,2022-01-15,5,Get break argue individual.,Attack these ever ask amount.
FDBK92500,CUST106554,2021-11-11,4,Do meeting base husband.,Do bank whole information.
FDBK92501,CUST108564,2023-05-18,2,Recognize price girl mother could sort.,Own born mind nothing ago.
FDBK92502,CUST105067,2021-07-17,5,Single theory bag product.,Can whom decision effort.
FDBK92503,CUST109574,2022-10-06,1,Member military computer that need who.,Not bar listen.
FDBK92504,CUST104241,2021-05-15,1,Season off beyond air remain per.,Night college to against.
FDBK92505,CUST104833,2023-09-22,2,Name second note record.,Mind food or.
FDBK92506,CUST106005,2021-10-02,4,Vote result often season assume stay clear.,Assume world film than.
FDBK92507,CUST107963,2023-03-04,5,Hair avoid general follow.,Current me away now.
FDBK92508,CUST103904,2022-10-14,3,Growth go discuss approach often.,Food Mrs available certainly.
FDBK92509,CUST100338,2023-05-16,2,Way record price.,Property through little.
FDBK92510,CUST102705,2023-10-22,3,Bar official difficult series second.,Yeah happy wonder thus news.
FDBK92511,CUST104325,2023-11-15,1,Dream soon top protect my part kind word.,Team especially claim become.
FDBK92512,CUST103504,2021-07-18,4,Everyone specific author also water turn.,Per attorney change leg.
FDBK92513,CUST109091,2022-03-30,2,City provide final good leg everything house.,Century week leg huge.
FDBK92514,CUST101117,2023-01-12,3,Learn suffer during bill walk of resource half.,Majority note picture.
FDBK92515,CUST103699,2023-05-18,1,For plan ready one smile white sign thus.,Be clear area stand eye our.
FDBK92516,CUST106352,2021-07-26,2,Can single morning stage natural.,Indeed test ago include cold.
FDBK92517,CUST109623,2021-03-18,3,Other plant foot difference factor.,Particular need hope.
FDBK92518,CUST107179,2022-11-11,4,Law good term Republican.,Sound cover door kind.
FDBK92519,CUST101482,2021-11-28,2,President always before performance chair even.,Foot sell understand top out.
FDBK92520,CUST105350,2022-11-05,1,Strategy former manage.,Future sing direction good.
FDBK92521,CUST102442,2022-08-10,2,Shoulder suffer eat time war.,Before fast reveal.
FDBK92522,CUST107375,2022-07-07,2,There animal ten special though realize meeting.,Affect for glass by can.
FDBK92523,CUST106542,2023-02-07,4,Remember yard security eat item TV particularly.,Stop perhaps another step.
FDBK92524,CUST100734,2021-08-04,2,Challenge building edge arm.,Hit policy prepare.
FDBK92525,CUST109734,2022-11-08,1,Detail court media east none region really.,Catch dog gun arm.
FDBK92526,CUST101980,2022-12-11,2,Risk cause law loss look.,Finish view box cup.
FDBK92527,CUST104931,2023-11-05,5,Fish reveal city available job.,Seek up camera past age.
FDBK92528,CUST104562,2021-04-27,3,Represent miss sing fly young.,Politics improve pull way.
FDBK92529,CUST101738,2021-06-11,3,Bad probably trip result ask who.,Decide light suffer.
FDBK92530,CUST102539,2022-12-13,5,Million ready fight total parent threat along.,Imagine business green avoid.
FDBK92531,CUST101981,2022-12-17,2,Effort task feel environmental sister.,Simple still present.
FDBK92532,CUST100707,2021-02-15,4,Performance rule both movement bank table wear.,Adult board her near up.
FDBK92533,CUST109041,2021-10-07,5,Measure PM standard.,Wind Republican man.
FDBK92534,CUST102126,2023-04-25,5,However bed company decade.,Arm whether forget.
FDBK92535,CUST102038,2023-01-11,3,Memory buy I southern want rich national.,Choose child take race.
FDBK92536,CUST105365,2022-12-20,3,Try ten standard certainly own after.,Live fill both discuss.
FDBK92537,CUST101784,2022-02-22,3,Together season week data risk agreement Mr.,Play mean crime.
FDBK92538,CUST100478,2021-10-19,2,Role continue sell traditional possible out.,Style nor say husband.
FDBK92539,CUST103409,2022-12-11,3,Wrong vote accept.,Admit specific foot address.
FDBK92540,CUST108655,2022-09-21,5,Wear fast world brother moment want.,Stuff of start gas.
FDBK92541,CUST109971,2023-01-08,1,Expect over western benefit nation to.,Pretty by health decision.
FDBK92542,CUST102198,2021-03-17,4,Bill hold without million community.,Always and hold plant.
FDBK92543,CUST100974,2022-09-19,2,Teach learn find rate manage sense.,Put long impact however.
FDBK92544,CUST105638,2022-03-07,2,Go exist sport policy.,Gun check rock now.
FDBK92545,CUST102904,2021-06-13,3,Hospital none quickly financial.,Sea blue difficult sound.
FDBK92546,CUST109389,2021-01-24,2,Half year particular ago party deep recently.,Its environment avoid though.
FDBK92547,CUST100589,2022-08-03,1,Church stand radio attorney significant.,Tree explain might top.
FDBK92548,CUST108587,2021-12-11,5,Soon middle training wind player offer.,Store growth to laugh.
FDBK92549,CUST108312,2023-10-08,5,Car public wish when success.,Build party west nature.
FDBK92550,CUST109493,2023-01-15,2,Trip police away other yes.,Century read produce now.
FDBK92551,CUST109280,2021-10-29,3,Main ago use source under friend current.,Peace serve room.
FDBK92552,CUST103868,2022-01-26,2,Page why all big major indeed laugh arrive.,There spring sign.
FDBK92553,CUST108132,2023-11-01,2,She different service.,Push positive leave accept.
FDBK92554,CUST102258,2022-07-31,4,Method detail American dark including day.,Yeah inside forget.
FDBK92555,CUST108117,2022-09-09,4,Fund since play chair carry participant wrong.,Wrong through gas industry.
FDBK92556,CUST104837,2021-07-06,5,Direction continue second middle its.,People candidate final.
FDBK92557,CUST109580,2021-08-29,3,Small while trip happy you.,Between push book fall.
FDBK92558,CUST106479,2021-02-23,5,In data list result of war.,Push worry high hear.
FDBK92559,CUST104672,2022-10-16,2,Professor glass skill list tax show inside.,Detail yeah stop here.
FDBK92560,CUST107621,2021-06-24,5,Never collection field create keep result.,Laugh billion country.
FDBK92561,CUST103713,2022-09-10,4,Decision force miss simple. Law of two wish.,Possible its now team home.
FDBK92562,CUST105691,2022-02-04,1,Tend example involve nor model degree.,Entire work who answer.
FDBK92563,CUST103452,2021-08-09,1,Whole range whatever.,Tree garden career within.
FDBK92564,CUST105532,2022-04-22,2,Computer eye hope certain along common spend.,Above nor improve.
FDBK92565,CUST100836,2023-04-21,2,May every always write.,Work indeed spring cost.
FDBK92566,CUST107138,2022-05-14,2,View alone newspaper to energy.,Improve give of try.
FDBK92567,CUST102126,2021-02-08,5,Less see room clear.,Thought store need.
FDBK92568,CUST105690,2022-02-05,5,Cell goal street number key continue of.,Else be candidate eye draw.
FDBK92569,CUST105129,2021-08-30,4,Arrive assume next charge wall other name.,Mrs option later recent.
FDBK92570,CUST106686,2021-12-09,5,Final find lose you focus.,Dog cultural century song.
FDBK92571,CUST102171,2022-03-15,4,Brother unit figure against leg.,Throw benefit able color.
FDBK92572,CUST105521,2023-10-12,1,Great these staff. Wife raise information.,Begin drive hard sometimes.
FDBK92573,CUST100709,2021-11-29,5,Will single there common scene above.,Short thousand explain yet.
FDBK92574,CUST108928,2023-07-26,4,Personal record it capital.,Help dark loss.
FDBK92575,CUST106404,2021-07-24,2,Local style least culture.,Adult pass reality million.
FDBK92576,CUST107443,2021-11-07,1,Focus live night call data more.,Year move air blood.
FDBK92577,CUST106185,2023-07-05,4,Us add he follow central arrive.,Whether apply together.
FDBK92578,CUST101660,2022-02-13,4,Brother memory fire name why consumer.,Bag truth whole force always.
FDBK92579,CUST105800,2022-07-09,4,Something Congress almost indeed interest.,State back west new.
FDBK92580,CUST109209,2022-08-08,1,Campaign yes style industry level.,Rock attack door economic.
FDBK92581,CUST106899,2022-11-06,3,Meeting want American image boy.,Wish lot about likely.
FDBK92582,CUST105005,2021-12-21,5,Through trouble relationship first.,Fill from wide night require.
FDBK92583,CUST103994,2021-05-27,1,Night piece course learn those capital.,Commercial firm son.
FDBK92584,CUST107478,2023-02-20,2,First simple example law reveal.,Thousand nature site.
FDBK92585,CUST102702,2022-04-29,1,Tell several weight while value for.,State you forward table.
FDBK92586,CUST101130,2023-06-12,2,Miss stage tend specific sign.,Like change easy.
FDBK92587,CUST102336,2023-07-28,1,Indeed student likely technology resource.,Total allow add.
FDBK92588,CUST102767,2023-02-17,2,Involve city test after party leave idea.,Example give young fall tree.
FDBK92589,CUST104042,2021-06-09,4,Half official add prove government former.,Give cultural visit two.
FDBK92590,CUST106785,2021-09-11,3,Player born support more option.,Peace where hold fact.
FDBK92591,CUST106092,2021-08-13,5,Property push yeah first mean direction open.,Outside hand let personal.
FDBK92592,CUST103778,2021-11-23,3,Action feeling interest.,Do wear future themselves.
FDBK92593,CUST104179,2022-10-15,1,Walk lawyer in realize return.,Laugh debate no leg.
FDBK92594,CUST104247,2021-09-24,5,Very bank its program.,Ahead draw either question.
FDBK92595,CUST106042,2023-06-12,3,Language near modern feeling score commercial.,Resource sell name west.
FDBK92596,CUST102709,2023-11-05,5,Dog force number available fill student learn.,Loss ability smile food stay.
FDBK92597,CUST109792,2023-09-10,4,Describe short focus practice myself subject.,Short hold region me forward.
FDBK92598,CUST108734,2021-12-05,3,Information happy different wish.,Level wear piece.
FDBK92599,CUST107780,2023-02-15,5,Least black oil unit affect law.,Third sure certain.
FDBK92600,CUST102612,2021-02-18,5,Scene strong up phone painting.,Low court almost third car.
FDBK92601,CUST108743,2022-04-17,5,Heart ten audience leg read ask.,Detail stop never space.
FDBK92602,CUST106426,2021-03-07,5,End eye wife item.,Major life agent this.
FDBK92603,CUST109828,2023-07-15,2,Case effort stuff probably technology girl make.,Single bed civil what.
FDBK92604,CUST107123,2023-07-29,2,Administration clearly bad recognize nor I.,Low court rest.
FDBK92605,CUST103367,2023-05-01,2,Sister red cut animal.,Who most collection.
FDBK92606,CUST103683,2022-02-19,4,Though inside through fish catch.,Author case imagine can move.
FDBK92607,CUST102348,2022-08-28,4,Bring road talk nothing among Mr.,Him dinner them despite.
FDBK92608,CUST103196,2021-03-02,3,Member player soldier measure opportunity to.,Deep eight try.
FDBK92609,CUST108767,2021-09-17,2,Democrat ever message voice movie hundred.,Body reflect news grow.
FDBK92610,CUST103363,2023-05-28,3,Understand fear economic already bill.,Each work note right cause.
FDBK92611,CUST107334,2023-07-23,5,Attention meeting study while name whole country.,Sea how fight increase.
FDBK92612,CUST104352,2023-02-07,1,Sound term hope. Catch like power admit.,Exactly bad each they.
FDBK92613,CUST100893,2022-10-06,5,Medical give ready hair we east.,Reduce at star order team.
FDBK92614,CUST104783,2022-10-18,3,Card PM role century. Cover reflect yes.,System several fight store.
FDBK92615,CUST109833,2021-11-16,1,A little beyond return music.,Effect accept state.
FDBK92616,CUST100839,2023-01-10,4,Somebody night moment consumer throughout.,Bed shake investment tax.
FDBK92617,CUST106209,2022-06-27,1,Shake event others. Somebody follow such.,Eye drug test.
FDBK92618,CUST108683,2021-03-20,5,Every second especially enter candidate.,Ago meeting station risk.
FDBK92619,CUST101174,2021-01-09,3,Listen expect commercial increase modern.,Ground president ready stage.
FDBK92620,CUST107996,2023-08-22,2,Push over involve protect why.,Past dog majority wife.
FDBK92621,CUST104210,2023-09-11,5,Wife degree expect great once remember.,Argue allow grow itself west.
FDBK92622,CUST108116,2021-06-12,3,Conference treat try into protect perhaps.,Manager pick until rest.
FDBK92623,CUST108532,2021-06-05,5,He explain service middle interesting.,Group capital rest.
FDBK92624,CUST100147,2023-05-10,1,Produce room far yourself.,Song mission money look.
FDBK92625,CUST109402,2022-11-21,4,Career authority community life data rate.,Sound Mr work century talk.
FDBK92626,CUST104197,2023-09-27,1,Theory floor program left cold soldier wife.,Then right person bad look.
FDBK92627,CUST106579,2021-01-17,2,Suddenly case everything Congress.,Plan consumer position.
FDBK92628,CUST109390,2021-01-11,3,Stay sell late language together these.,Figure run actually.
FDBK92629,CUST108591,2022-11-12,1,Politics their compare live pretty true.,National summer yet too.
FDBK92630,CUST105855,2021-09-16,3,Several across or.,Describe too south.
FDBK92631,CUST101291,2021-09-30,5,Item who poor party coach add night.,Store run watch relationship.
FDBK92632,CUST108769,2021-12-10,1,Successful crime some million time prove anyone.,Remember bar value support.
FDBK92633,CUST103131,2022-09-04,1,Claim music material.,Edge poor push member trade.
FDBK92634,CUST107237,2022-11-04,2,Television process day. Blood writer seek series.,Lawyer leader value wide.
FDBK92635,CUST108924,2022-06-28,1,Laugh society thousand how.,Beyond star simply series.
FDBK92636,CUST101491,2022-01-05,4,Trade someone edge college product.,Owner vote air develop good.
FDBK92637,CUST108540,2021-06-24,3,Star off energy interest finish.,Board very clearly cup.
FDBK92638,CUST109929,2022-03-03,5,Property purpose bar parent class indeed program.,Character single without.
FDBK92639,CUST100307,2021-05-07,4,Grow ago price left security manage.,None under response.
FDBK92640,CUST106911,2022-08-16,4,Oil up job arrive chair behind effort.,Night relate might still.
FDBK92641,CUST108354,2021-04-24,1,Budget down call.,Reveal himself hold mouth.
FDBK92642,CUST102970,2023-01-20,4,Away fact summer up specific surface.,Friend size couple could.
FDBK92643,CUST108448,2023-07-25,5,Responsibility wrong well father article meeting.,Week onto alone maybe.
FDBK92644,CUST102198,2023-08-22,4,Answer blue side strategy purpose.,Kid reveal economy.
FDBK92645,CUST105553,2023-04-30,4,Gun one whom much international.,Arrive star other exist.
FDBK92646,CUST101290,2022-08-10,1,Our mind will official.,Method car office gun.
FDBK92647,CUST106760,2021-02-10,3,Market anything traditional law.,Though society send.
FDBK92648,CUST100600,2022-04-05,3,Still executive garden name person.,Travel table turn case.
FDBK92649,CUST101350,2022-05-06,2,Seat subject protect mother style.,Produce pressure quite catch.
FDBK92650,CUST108579,2021-01-15,3,Hair of last write candidate military civil.,Either office smile exist.
FDBK92651,CUST100901,2021-07-05,4,Radio about day cause next.,Side Mr letter look catch.
FDBK92652,CUST107663,2023-01-08,2,Success any economy ground.,Animal yet left table think.
FDBK92653,CUST102529,2022-05-05,2,Certainly ask past view.,Because media speak paper.
FDBK92654,CUST109107,2021-12-21,1,Perhaps white picture now total term black me.,Call water music.
FDBK92655,CUST103697,2021-01-31,2,Fine common station heart.,Direction expect stand truth.
FDBK92656,CUST102081,2023-05-26,1,Late million possible man soldier.,Fire popular along between.
FDBK92657,CUST109333,2023-02-04,5,Year system bill travel keep state less.,Sort different wife task.
FDBK92658,CUST106149,2022-08-14,2,Pay table feel sense notice television.,Sit last job oil economy.
FDBK92659,CUST106077,2023-08-18,1,Analysis middle up phone.,Data minute whom box road.
FDBK92660,CUST107241,2023-09-17,5,So station hospital. Assume management threat.,To become analysis.
FDBK92661,CUST107717,2021-09-13,5,Help save feel during water structure.,Customer school short plant.
FDBK92662,CUST104150,2022-12-30,1,Kitchen high occur nice game population.,Trouble our war into.
FDBK92663,CUST109584,2023-09-02,2,Later perform information maybe may.,President could might within.
FDBK92664,CUST103872,2021-11-26,5,Environment matter ask rate guy.,Participant be window.
FDBK92665,CUST107979,2021-06-26,3,Trip cup provide current surface if more.,Brother probably because.
FDBK92666,CUST100559,2023-10-24,3,Each drug many century culture available.,Meet you mouth woman seat.
FDBK92667,CUST108364,2022-10-20,2,Dark job lead receive executive allow commercial.,Theory whose yet car play.
FDBK92668,CUST100450,2021-05-30,5,Also itself recently in dinner.,Skin recently sea.
FDBK92669,CUST106323,2022-09-05,1,Significant these management cup green involve.,Born surface finally.
FDBK92670,CUST109221,2022-04-25,2,Not follow statement these. Lead major political.,Around argue fish water walk.
FDBK92671,CUST109386,2021-08-11,3,System truth arrive less.,Have lay region president.
FDBK92672,CUST101868,2022-02-09,5,Evidence new number. Already total which.,System place write maybe.
FDBK92673,CUST104832,2021-04-03,3,Couple news even where voice.,Him day official.
FDBK92674,CUST104604,2023-08-08,4,Edge ground matter that half evidence eat.,Customer free senior he.
FDBK92675,CUST101205,2023-06-25,4,Notice house order write explain soldier.,Million medical or lay catch.
FDBK92676,CUST108072,2023-03-11,1,Per these sense choose politics.,Step discover federal become.
FDBK92677,CUST103761,2023-04-26,1,Future what degree lead point rather.,Look enjoy theory.
FDBK92678,CUST108046,2021-02-01,1,Student international for.,With travel national plant.
FDBK92679,CUST109377,2022-05-16,5,Who professional drop model tell.,Low keep where in.
FDBK92680,CUST103008,2022-07-18,1,Red much land including.,Of idea now society girl.
FDBK92681,CUST106903,2021-10-13,3,Marriage dog score eight clearly capital matter.,Old research base.
FDBK92682,CUST107656,2023-08-10,2,Imagine oil together know.,Instead huge professor unit.
FDBK92683,CUST105265,2022-08-07,4,Offer approach most their value experience.,Never check southern friend.
FDBK92684,CUST106788,2021-09-03,1,Per law sing figure stay strong just.,Sign wide ground avoid two.
FDBK92685,CUST104883,2021-04-25,1,Management tree find describe contain.,Put pull in group.
FDBK92686,CUST102554,2022-08-23,2,Employee father interesting difficult.,Foot pressure assume result.
FDBK92687,CUST104434,2021-10-11,2,Within yet none large when.,Measure money pay much coach.
FDBK92688,CUST100705,2022-08-08,1,Down specific use sense wife environmental.,Price low final factor.
FDBK92689,CUST107427,2023-08-10,2,Sure prove job listen try.,Behind leader off address.
FDBK92690,CUST106682,2023-05-25,1,Dream nearly television beat article home.,Perform chance model reason.
FDBK92691,CUST104551,2021-03-23,4,Establish already current test wait.,Along building soon day.
FDBK92692,CUST101140,2022-02-28,3,Several single near miss boy.,Must parent sport win into.
FDBK92693,CUST107013,2022-09-21,5,Specific size trouble this eye hope.,Season stay worker five.
FDBK92694,CUST101063,2023-08-31,2,Foot away baby as realize outside.,Whether hit item list.
FDBK92695,CUST109681,2022-01-12,4,Citizen they surface why chair get produce.,Edge realize ask which.
FDBK92696,CUST103638,2023-02-25,4,Word reason bill future time writer.,Their common quickly they.
FDBK92697,CUST108041,2022-09-30,2,Language catch institution skill responsibility.,Debate young entire.
FDBK92698,CUST107609,2022-08-16,4,Man drug hot.,Well sort score if such.
FDBK92699,CUST102826,2021-01-02,1,Service involve wide.,Safe change ask.
FDBK92700,CUST102503,2022-04-11,5,Modern medical each after result her human.,Each effort list.
FDBK92701,CUST107880,2023-12-24,1,Election institution improve early.,At herself herself.
FDBK92702,CUST109958,2021-04-30,2,Organization attention save.,Drug your build choose.
FDBK92703,CUST101576,2022-07-21,1,Church which fall history education by.,Yes plan four.
FDBK92704,CUST106719,2021-09-15,2,Onto these church learn dream vote matter.,Economy suddenly sure gas.
FDBK92705,CUST109229,2021-11-09,2,Recognize light feeling parent.,During woman month it grow.
FDBK92706,CUST105863,2021-12-27,4,Style second other.,Couple window growth.
FDBK92707,CUST103662,2021-01-27,2,Born herself should gun maybe.,Part my among not action.
FDBK92708,CUST104786,2021-09-30,3,Meeting will bag continue beat back.,Mind senior half effort.
FDBK92709,CUST109006,2021-08-22,3,Push mind oil control across kitchen appear.,Since seven single show into.
FDBK92710,CUST109974,2023-12-14,4,Management author strategy leave.,Nothing part new.
FDBK92711,CUST109060,2023-02-02,2,Tough network people human night.,Father fill city.
FDBK92712,CUST100073,2023-02-13,5,Term family ok positive gun operation.,Also also design about spend.
FDBK92713,CUST100761,2021-05-14,5,On discover board race.,Message full well have.
FDBK92714,CUST102094,2022-04-12,5,Vote five all away.,Away look during provide.
FDBK92715,CUST103781,2023-01-12,1,Money gas beautiful reveal indeed stay.,Successful ready wall them.
FDBK92716,CUST108165,2021-05-27,5,Star many plant well indicate together.,Hot say affect sometimes.
FDBK92717,CUST103841,2021-08-24,2,Herself why check network method.,Sure unit though easy author.
FDBK92718,CUST104856,2022-08-25,4,Fish next stop down. Animal suggest road final.,Guy more wait.
FDBK92719,CUST104248,2022-01-30,4,Investment meeting argue class page plant media.,Wear standard between school.
FDBK92720,CUST102989,2022-12-27,5,Even treat season. South reality enjoy along.,Eye free son with poor.
FDBK92721,CUST107946,2022-06-03,1,Audience medical money same.,Act visit knowledge report.
FDBK92722,CUST108197,2023-02-13,2,Star company official detail.,Capital send protect later.
FDBK92723,CUST107729,2022-10-17,2,Born you cultural serve scene.,Talk foreign bad.
FDBK92724,CUST101220,2021-10-21,5,Great next kid fish. Fall smile claim arrive.,Thus see spring.
FDBK92725,CUST101611,2022-03-01,1,Beyond magazine soon around all.,Friend until fear but.
FDBK92726,CUST101620,2021-07-03,1,Especially for cause significant tree coach.,Hair though name buy.
FDBK92727,CUST102798,2023-02-25,2,Other fear main. Ground feeling loss production.,Happen thing second.
FDBK92728,CUST105063,2021-06-12,1,Deal but something heart.,Half but effort trip despite.
FDBK92729,CUST107485,2022-04-27,5,Mean son agency participant create owner adult.,Whole her open today start.
FDBK92730,CUST103768,2021-10-28,4,Color television market rate character value.,Room medical could whom.
FDBK92731,CUST104880,2022-01-19,4,Ten east environment prevent. View tend look.,Blood will great fill.
FDBK92732,CUST108981,2021-11-21,1,Lead land money establish name.,Team light somebody anyone.
FDBK92733,CUST107728,2022-06-28,4,Away quality account authority.,He feeling safe write what.
FDBK92734,CUST100197,2022-08-29,4,Else stock live accept character parent.,Work draw social he low hold.
FDBK92735,CUST105011,2023-02-12,5,Name push music green himself meet produce.,Cup reach including.
FDBK92736,CUST105529,2021-06-21,2,Product college allow though score.,Start successful man.
FDBK92737,CUST107791,2023-10-19,5,Now free poor interview.,Take Congress rock list man.
FDBK92738,CUST101470,2021-01-21,1,Next firm common lot memory.,Thus personal sea do.
FDBK92739,CUST104325,2022-02-10,1,Later image stage government total particularly.,Exist cost expert.
FDBK92740,CUST108317,2021-03-26,2,Usually red hope learn.,Way stage nation bar very.
FDBK92741,CUST107954,2023-05-17,4,Record subject month know moment recent.,Piece yourself west project.
FDBK92742,CUST103143,2023-02-12,1,Either poor air much something.,Article figure interesting.
FDBK92743,CUST100823,2021-08-24,2,Probably paper ball which guy.,Strong likely early involve.
FDBK92744,CUST100731,2021-04-28,2,Yet at hospital one.,Then across sport who.
FDBK92745,CUST108027,2022-09-22,5,However discover more health again forward.,Some head glass pay how pay.
FDBK92746,CUST102986,2023-10-14,2,Discover decision difficult film task.,Box cause huge with from.
FDBK92747,CUST103027,2022-07-05,5,Of maybe affect should news.,National lawyer work add my.
FDBK92748,CUST109586,2023-02-22,3,Score describe hit Republican bad.,Sister blood player region.
FDBK92749,CUST101527,2023-04-18,1,Animal change peace full foreign.,May raise tax either option.
FDBK92750,CUST100306,2022-06-01,4,Game forward knowledge issue hot.,Share audience teach program.
FDBK92751,CUST108345,2022-10-02,1,Same interesting feel outside expect.,Bit skill him.
FDBK92752,CUST107983,2021-10-03,1,Hotel issue any thousand occur ok day.,Why center money four.
FDBK92753,CUST107327,2021-03-17,4,Catch rather foot different nor now discussion.,Deal movie scene believe her.
FDBK92754,CUST104245,2023-09-09,4,Mother week best start.,Feel occur main audience she.
FDBK92755,CUST104658,2022-10-14,5,Form down would view argue.,Fast teacher property.
FDBK92756,CUST109741,2021-02-27,4,Want feel Mr laugh hand.,Network up issue scene.
FDBK92757,CUST100000,2021-01-18,5,Use five development area.,Chair without animal.
FDBK92758,CUST100874,2022-03-20,5,Simply step often economy charge.,Price spring dinner heart.
FDBK92759,CUST105290,2022-11-19,5,Of election white politics base himself.,Meeting their eye.
FDBK92760,CUST108214,2022-06-30,2,Include feeling sense why.,Behind for require newspaper.
FDBK92761,CUST106025,2023-09-06,1,Matter strategy idea second effort.,Performance let continue.
FDBK92762,CUST101468,2022-06-02,1,Offer expect girl item minute way.,Nor point develop.
FDBK92763,CUST102723,2023-04-08,2,Wish culture during light feel service.,Life all yourself.
FDBK92764,CUST102335,2023-09-07,4,View hard avoid their after best face learn.,Last good agency structure.
FDBK92765,CUST100722,2023-07-09,5,Force trip protect sound space guy.,Together sister including.
FDBK92766,CUST104342,2021-08-09,2,Community say reveal thank.,Light recognize him five.
FDBK92767,CUST104525,2023-01-02,5,Husband its plant this role perform if.,Not at ability.
FDBK92768,CUST107312,2022-03-29,3,Great bit teacher particular fill tell.,Very name sing true.
FDBK92769,CUST109584,2021-05-25,1,Body reality mouth only rule especially although.,Win such seven father fact.
FDBK92770,CUST100819,2021-11-14,1,Increase type executive game remember fish rest.,Culture draw image.
FDBK92771,CUST103505,2023-03-12,1,Care travel become professor fly.,Mean subject officer up.
FDBK92772,CUST104905,2022-01-17,5,We charge set weight likely throughout product.,Picture rule agent food.
FDBK92773,CUST103185,2021-07-09,4,Maybe star whom style trip total. If value only.,Now place boy area I.
FDBK92774,CUST108215,2022-06-02,1,Lead concern generation network thank.,International face third if.
FDBK92775,CUST100389,2021-12-24,1,Less factor energy top piece miss expect.,Your notice build.
FDBK92776,CUST103154,2021-09-16,5,Film realize fact head certain claim.,Woman where say far.
FDBK92777,CUST102674,2021-09-24,4,Base fast investment beyond fine hear.,Out woman yet.
FDBK92778,CUST107660,2021-03-28,1,Follow event pass cause card position blue.,Car another so war.
FDBK92779,CUST102674,2022-03-06,5,Choice no ability ball. Red keep what reach.,How debate everybody cause.
FDBK92780,CUST108351,2022-05-24,1,Enough opportunity later guess it sell I.,Garden brother set despite.
FDBK92781,CUST108856,2021-08-22,2,Figure number tree perform natural quality bad.,Health best tend purpose.
FDBK92782,CUST108255,2023-11-25,2,Measure best high painting season executive less.,Mind citizen perhaps line.
FDBK92783,CUST100735,2023-01-28,1,South ask next nature evening left.,Race year west enough mother.
FDBK92784,CUST108707,2021-08-15,5,Kid information audience generation form.,Director meet range.
FDBK92785,CUST101430,2021-02-08,5,Surface nearly start three meet.,Hold her matter size.
FDBK92786,CUST108891,2021-12-02,5,Brother kid energy experience history skin.,Company head seven.
FDBK92787,CUST103508,2023-10-31,4,Many author employee choice what program police.,Generation street five whose.
FDBK92788,CUST100016,2021-09-20,3,Financial page increase little time policy.,Civil third laugh memory run.
FDBK92789,CUST109813,2021-10-08,5,Billion you strong good serious forward.,Light market book surface.
FDBK92790,CUST103910,2023-07-15,5,Left place politics.,Now often event trial.
FDBK92791,CUST108442,2023-07-11,1,Four benefit near write hair case than.,Center include inside build.
FDBK92792,CUST104711,2022-11-26,5,Office major focus especially.,Thank trial remain process a.
FDBK92793,CUST101485,2023-09-23,3,Popular campaign across lay.,Power budget kind player.
FDBK92794,CUST106473,2022-02-10,1,Away performance fear wall laugh career.,City forward player.
FDBK92795,CUST105435,2023-12-24,5,Describe them power month.,Ago sense consider sit.
FDBK92796,CUST101901,2022-03-20,3,Avoid take prepare both.,Dog carry feeling.
FDBK92797,CUST103536,2023-01-14,1,Service law eye and become culture.,Card similar beyond now wear.
FDBK92798,CUST100295,2022-07-28,4,Address deep hard leg use with social.,Many better certainly child.
FDBK92799,CUST104400,2022-12-17,4,Cost require store culture player part indicate.,Compare life answer so.
FDBK92800,CUST100823,2023-06-30,1,Respond let already mother table.,Decade smile sure top option.
FDBK92801,CUST103849,2023-10-28,3,It interest figure cause. Know on character.,Two long religious care.
FDBK92802,CUST107545,2023-01-12,3,Agent build probably enjoy majority.,Central tonight very main.
FDBK92803,CUST109609,2021-10-20,2,Bar million individual should brother believe.,President article already.
FDBK92804,CUST104906,2022-09-01,2,Different rich better small design couple.,Form news across son.
FDBK92805,CUST104115,2023-03-08,5,Society plan option almost price.,Phone suddenly large who.
FDBK92806,CUST108911,2021-12-29,2,Feeling brother value coach ten.,Enjoy she remain.
FDBK92807,CUST105520,2023-04-17,1,Line throughout side one treatment star cultural.,Important degree in price.
FDBK92808,CUST107159,2022-10-16,3,Food to may language trip fly actually.,Again suffer read.
FDBK92809,CUST109766,2022-10-11,3,Health up occur news.,Prove bad experience clearly.
FDBK92810,CUST102097,2023-06-12,1,Right fish responsibility physical woman if.,Late clear attorney vote.
FDBK92811,CUST105211,2021-03-26,4,Try director real attorney your with mind.,Site wonder near.
FDBK92812,CUST103912,2021-08-23,2,Line win bill loss fill.,Sort remain former bring.
FDBK92813,CUST104271,2022-07-11,1,Vote actually husband every easy test.,Benefit provide close wind.
FDBK92814,CUST104512,2023-02-13,5,Mean past require choice.,Defense several quality.
FDBK92815,CUST102850,2023-11-21,4,Some seem traditional win.,Remember left then thought.
FDBK92816,CUST105781,2021-03-16,1,Glass write forward.,Doctor or red rich doctor.
FDBK92817,CUST107062,2021-07-06,2,I his station cold. Grow cost practice because.,Cold fly when.
FDBK92818,CUST107213,2021-08-19,4,Garden military these sea market.,This card nearly do home.
FDBK92819,CUST109304,2023-06-16,5,Tree available either shoulder debate build.,Up run cell good skin.
FDBK92820,CUST104323,2021-11-07,4,Begin serve upon society key help explain.,I picture future will.
FDBK92821,CUST100886,2022-07-25,3,Man gas role daughter evidence.,Scientist people third state.
FDBK92822,CUST106158,2023-02-15,1,Near vote including such vote strong inside.,Give every church staff.
FDBK92823,CUST105063,2021-04-09,4,Method its weight able challenge.,No reflect day during feel.
FDBK92824,CUST102363,2022-04-24,1,Future truth trouble second far area friend.,Course seat local good idea.
FDBK92825,CUST102668,2023-02-19,1,Such data end. Social seat miss war hot resource.,Not section exist sense.
FDBK92826,CUST104364,2023-05-17,1,Wide tree billion human political.,Personal meet floor.
FDBK92827,CUST106448,2021-03-22,3,Arm company time listen apply magazine bad.,Measure already every.
FDBK92828,CUST103126,2022-03-17,4,Debate another member toward.,Young growth writer focus.
FDBK92829,CUST109399,2022-10-10,3,Wear old environmental would.,Middle war wind.
FDBK92830,CUST101139,2021-05-27,2,Go manage include.,Its change indeed over.
FDBK92831,CUST106328,2022-03-17,4,Close ground green ask go sound.,Talk suddenly physical call.
FDBK92832,CUST107725,2021-07-16,4,Kind better player stop us short.,Eat indeed successful.
FDBK92833,CUST108759,2023-02-09,3,Song body today seven lay try least.,Really money and.
FDBK92834,CUST101644,2021-05-26,4,Group even surface help home out gas.,Personal spend back decade.
FDBK92835,CUST106417,2021-02-22,3,Minute what local forget ability.,Social day have.
FDBK92836,CUST101155,2022-01-24,1,Peace high pay in own fact.,Quickly cultural but job.
FDBK92837,CUST109931,2021-10-02,2,Project deep simple than.,Your break he series.
FDBK92838,CUST102208,2022-01-24,1,Arrive spend back thank policy everyone.,This seek coach off.
FDBK92839,CUST105549,2022-04-12,5,Financial begin effort.,High force human.
FDBK92840,CUST109649,2023-05-18,5,Ready collection true her her environment value.,Wall future carry try gun.
FDBK92841,CUST102497,2023-09-15,1,Sell without manage put.,Care become if.
FDBK92842,CUST104947,2023-09-22,3,Read today thank news agency fast.,General own brother son.
FDBK92843,CUST109207,2023-01-12,5,Culture gas wife indeed now likely another.,Recent able he.
FDBK92844,CUST100535,2022-04-16,5,Beat respond too.,Natural member skin live.
FDBK92845,CUST103632,2021-08-13,3,Stand cause hundred take particular practice by.,Popular himself letter.
FDBK92846,CUST107316,2021-02-27,4,Two know car around space industry ago deal.,Should have miss.
FDBK92847,CUST108378,2021-12-20,3,Across television policy reveal bank.,Your bad couple.
FDBK92848,CUST106708,2023-10-16,2,Amount glass join service.,Like film set task.
FDBK92849,CUST108695,2021-08-09,4,Husband politics early. Apply same money.,Game item window.
FDBK92850,CUST102646,2022-05-26,4,Claim popular agency short usually alone sit.,Many add policy idea.
FDBK92851,CUST100732,2023-12-21,2,Hair general do audience down produce.,Break class your inside full.
FDBK92852,CUST102758,2022-01-24,1,Debate along record change.,Site group police good live.
FDBK92853,CUST103460,2021-05-12,4,Full general process party run here fight.,Return new reveal plant.
FDBK92854,CUST102284,2022-12-10,4,Degree learn step firm investment.,Respond become participant.
FDBK92855,CUST102259,2021-02-08,1,Past author growth recent. Style worker yourself.,General well only maybe.
FDBK92856,CUST102759,2021-08-24,2,Commercial business boy focus test employee.,Book interest as skill.
FDBK92857,CUST108791,2022-04-03,4,Crime build everybody whole. Fall sister skill.,Garden work region worker.
FDBK92858,CUST109624,2022-08-23,1,Performance turn entire idea.,Six nature against manage.
FDBK92859,CUST109517,2022-06-20,2,Me nation organization save set behavior support.,Pressure human my.
FDBK92860,CUST108287,2022-06-30,2,Candidate back speech although.,Talk law these important.
FDBK92861,CUST105051,2022-03-08,5,Particular daughter sure prevent.,So maintain action feeling.
FDBK92862,CUST106767,2023-08-30,4,Several control garden protect.,Forget family develop later.
FDBK92863,CUST107302,2022-09-17,4,Imagine generation baby mention.,Pattern sort piece some else.
FDBK92864,CUST104524,2022-07-23,1,Trip line effort foreign.,Event within down instead.
FDBK92865,CUST103483,2021-11-15,1,Performance thousand magazine those.,Ago order spring.
FDBK92866,CUST102093,2023-10-18,5,Public world hospital city run.,Free wonder evidence prepare.
FDBK92867,CUST108892,2023-07-15,1,General his field trip break street behind.,Center bed pass true.
FDBK92868,CUST104975,2021-07-12,5,And answer ability technology risk.,Safe discover one local such.
FDBK92869,CUST106863,2021-12-19,3,Court my member in college.,Course itself child.
FDBK92870,CUST103873,2021-11-30,5,Story outside commercial drug before.,Hospital sign head major.
FDBK92871,CUST108586,2021-09-17,3,Executive offer actually every word wind ahead.,Energy body friend account.
FDBK92872,CUST106656,2023-11-25,5,Thank also month at specific alone plant.,Vote whole want reason.
FDBK92873,CUST107967,2023-08-05,3,Both them despite.,Marriage new teacher.
FDBK92874,CUST106358,2022-09-24,4,Meeting education policy.,Pass how suffer detail raise.
FDBK92875,CUST109915,2023-11-02,5,Recognize purpose believe thank join.,Arrive continue evening.
FDBK92876,CUST101603,2022-03-28,2,Why truth nation. Change summer share edge.,Drug plan today conference.
FDBK92877,CUST103411,2022-05-29,5,Sure director grow call recognize human.,Series player draw important.
FDBK92878,CUST105941,2021-12-13,1,Others meet year nor pressure staff where.,Ground majority for.
FDBK92879,CUST103268,2023-09-29,4,Fight see eight heavy. Surface bag up do exist.,Every nation simple whose.
FDBK92880,CUST101822,2021-10-28,4,Somebody right address charge each involve girl.,State job chair at.
FDBK92881,CUST107555,2022-02-16,1,Air reach age line away back paper pass.,Thousand great serve figure.
FDBK92882,CUST104742,2023-05-16,1,Safe bag safe we policy time along.,Daughter move leg.
FDBK92883,CUST107183,2021-10-13,3,Without from cultural economic.,Rather much during all.
FDBK92884,CUST102395,2022-11-05,4,Worker grow wish able. In which why like order.,Yeah employee between single.
FDBK92885,CUST102417,2021-05-04,3,Poor development some evidence sell next.,Person bank capital.
FDBK92886,CUST104364,2021-05-21,4,Partner whose data should control medical.,While affect may fire.
FDBK92887,CUST108939,2023-07-25,2,Among present probably upon decade surface.,Next run really reveal wide.
FDBK92888,CUST106844,2023-08-19,4,Husband six kitchen painting lot.,Morning black too.
FDBK92889,CUST105843,2021-09-22,4,Start while east strategy player leg.,Compare brother front expert.
FDBK92890,CUST100759,2021-03-11,2,Campaign board center indicate.,Cause executive realize lay.
FDBK92891,CUST107363,2023-06-02,2,Production rather forget stop member benefit.,Sister everybody because say.
FDBK92892,CUST103157,2023-04-20,2,Actually sound place question.,Well education foot identify.
FDBK92893,CUST105819,2023-10-08,2,Smile fast avoid production.,How full really.
FDBK92894,CUST107805,2021-12-10,5,Street husband a who focus interest win from.,Step age send thousand.
FDBK92895,CUST107867,2023-03-28,5,Much certain spring itself.,One appear paper likely save.
FDBK92896,CUST108279,2023-03-04,4,Less old past floor.,News inside husband.
FDBK92897,CUST103428,2022-01-16,5,Deep nature able.,Course nor leg choose.
FDBK92898,CUST109863,2022-09-19,2,Shake hope eight office same.,Cell recognize any produce.
FDBK92899,CUST104526,2023-07-11,2,Attack way newspaper rather occur full.,Type left dog network.
FDBK92900,CUST107377,2022-09-07,5,Heart open force sister trade.,Produce couple type must.
FDBK92901,CUST105192,2023-07-25,5,Anyone among economy she down meet.,Bag week reduce.
FDBK92902,CUST104928,2021-04-25,5,Growth hold everybody design remember safe range.,Send various be trip product.
FDBK92903,CUST109844,2023-01-27,5,Produce star board address purpose recently.,Suffer their we case.
FDBK92904,CUST106057,2021-05-16,1,Option factor hold year find between.,Energy board soon.
FDBK92905,CUST102835,2022-09-21,1,Natural might industry population cultural.,Take wait collection start.
FDBK92906,CUST102546,2021-09-29,4,Mouth lead property whole city another already.,Glass people action now.
FDBK92907,CUST107931,2023-08-17,5,Role else try dark environmental.,Sea event try set wall.
FDBK92908,CUST107818,2021-10-01,1,Remember maintain huge of then.,Like about from seat.
FDBK92909,CUST107425,2021-04-16,1,Air view market unit.,Run must film paper usually.
FDBK92910,CUST104322,2021-08-28,4,Place image trial generation activity will.,Fast team professor expect.
FDBK92911,CUST100777,2021-12-07,1,Wait mean window general.,Development grow ago.
FDBK92912,CUST103413,2022-04-22,5,Start firm home method relationship threat.,Four get moment society.
FDBK92913,CUST102410,2023-10-02,4,Meeting help draw help hot mind.,Mother two look.
FDBK92914,CUST104325,2021-07-31,4,Consider evidence these her.,Whom increase against.
FDBK92915,CUST101158,2023-11-12,4,Approach from beyond air send station live.,Education record still.
FDBK92916,CUST104388,2023-11-17,2,Lay senior cold woman personal wonder head.,Direction store who build.
FDBK92917,CUST107948,2022-09-11,1,Program any executive sing.,School ability deep.
FDBK92918,CUST106620,2023-10-22,4,Foot hit particularly near resource black strong.,Arrive itself right life.
FDBK92919,CUST102933,2022-02-01,1,Month weight around skin seem alone.,Miss sound throughout.
FDBK92920,CUST100905,2021-08-13,2,Free ten say activity.,Focus your big program.
FDBK92921,CUST104004,2023-01-13,2,Defense reason laugh.,Third and anything too too.
FDBK92922,CUST100771,2022-01-25,4,Role early process after professor practice note.,Finally stuff listen day by.
FDBK92923,CUST104497,2022-10-15,4,Accept simple keep song per.,South he speak.
FDBK92924,CUST109011,2021-07-14,5,Increase full after air.,Child wonder director.
FDBK92925,CUST104182,2022-12-17,4,Build every increase me. Me entire million.,Goal lot large.
FDBK92926,CUST108043,2021-01-20,3,Account assume reality.,Hold visit season identify.
FDBK92927,CUST102508,2021-11-14,1,Old few attention wonder bank.,Chair wait pretty claim.
FDBK92928,CUST100899,2022-06-28,4,Wrong bring crime food tell.,Fight career body low.
FDBK92929,CUST104325,2022-10-01,5,Room star there eat magazine.,Morning word common.
FDBK92930,CUST105064,2022-02-13,2,Resource attorney why itself any.,Sign when manage ever even.
FDBK92931,CUST106302,2021-11-16,2,Yes herself finally wind.,So truth term prepare tough.
FDBK92932,CUST109281,2023-07-16,3,Good pick media system save remain discuss.,Myself relate still.
FDBK92933,CUST101969,2022-01-23,4,Economy street trade tend state wind feeling.,Perhaps particular PM source.
FDBK92934,CUST101359,2022-03-17,3,Care kind ok then impact significant beautiful.,Lay structure final dinner.
FDBK92935,CUST104456,2021-07-18,5,Get significant big time. Military such least do.,Son arm film can so oil.
FDBK92936,CUST102301,2021-10-17,1,Little theory risk yourself yes individual if.,Single method example open.
FDBK92937,CUST102753,2023-05-01,5,Common big nature less oil.,Rock want quality hope.
FDBK92938,CUST106655,2023-09-21,3,Notice study according good administration right.,Certain relate check whose.
FDBK92939,CUST100291,2021-05-01,3,Name performance among could small.,Threat less million middle.
FDBK92940,CUST103910,2022-07-24,2,Story position for general situation girl.,Prepare often kind life.
FDBK92941,CUST101422,2022-05-22,5,Pattern same reflect kind. Perform land discuss.,Or wall national.
FDBK92942,CUST102376,2021-06-10,1,Still either time agency answer.,Character know level east.
FDBK92943,CUST109727,2022-07-19,2,Former black believe.,Heart whether morning.
FDBK92944,CUST106528,2022-01-12,1,Pick wonder per both health job tell.,Smile serve measure rock.
FDBK92945,CUST109943,2021-03-26,4,Ask radio instead pressure serious security.,Yard simple single physical.
FDBK92946,CUST107895,2022-11-26,3,Try that field chance dog south size.,Page story power.
FDBK92947,CUST107049,2022-03-10,1,Of notice outside. Whom short kind remain.,Feel present same sign.
FDBK92948,CUST107206,2023-03-25,5,Same too bit toward on risk.,Hand treat take general fund.
FDBK92949,CUST102543,2021-03-22,2,Power top study floor speak simple culture.,Peace city little sea.
FDBK92950,CUST106173,2023-02-22,3,Significant remember involve cold professor he.,List enter same idea station.
FDBK92951,CUST108359,2022-10-10,2,Establish task read.,Service ever worry road.
FDBK92952,CUST108096,2023-12-13,4,Job before adult space people magazine interest.,Exist foot owner take.
FDBK92953,CUST108070,2022-07-03,2,View catch opportunity water force quality pick.,Project citizen have.
FDBK92954,CUST102437,2023-01-03,1,History class build success series.,Never local responsibility.
FDBK92955,CUST106523,2023-05-15,2,Produce pretty care ever.,Take remain thought card.
FDBK92956,CUST107603,2022-02-16,2,Thought east watch head there.,Bad treat million at.
FDBK92957,CUST109679,2023-04-09,4,Control much research you pretty.,Rock do animal reflect.
FDBK92958,CUST103092,2023-10-02,1,Allow item can conference.,Any off owner.
FDBK92959,CUST100878,2021-02-28,2,So guy eye tree grow together smile.,Talk smile religious sit he.
FDBK92960,CUST108538,2022-02-09,4,Year attorney answer trade reveal serious if.,What dog writer have along.
FDBK92961,CUST104386,2021-06-02,2,Top wrong well commercial common.,Skin nearly away.
FDBK92962,CUST101659,2022-06-28,1,Weight officer some pass arrive event you.,Little become everyone.
FDBK92963,CUST103471,2022-11-26,5,Common worker more.,Civil save consider.
FDBK92964,CUST101566,2022-12-26,2,True much age example home.,Hit hundred tonight move.
FDBK92965,CUST103813,2022-08-31,2,Remember challenge school soldier standard.,Eight amount matter agent.
FDBK92966,CUST105649,2021-11-18,5,Leave want goal work keep factor.,Cause notice when ten.
FDBK92967,CUST106776,2023-07-08,5,Half open conference method company.,Box floor tax unit study.
FDBK92968,CUST103209,2023-06-25,5,What our radio great hit.,Need deal national resource.
FDBK92969,CUST105650,2023-12-15,2,Everything picture get think sign PM hair.,Keep light friend.
FDBK92970,CUST102857,2022-12-01,5,Smile bring within on.,Among rate office more area.
FDBK92971,CUST102781,2021-03-24,2,Help forward speak western.,Interesting address task.
FDBK92972,CUST101320,2022-07-20,2,Price street cell house analysis.,World boy part.
FDBK92973,CUST105821,2021-08-03,3,College describe soldier half.,West officer whatever.
FDBK92974,CUST104459,2023-09-09,1,Month identify civil.,Bit cell leader feeling.
FDBK92975,CUST102257,2021-03-09,1,Require care beyond prevent me clearly.,Away force local leave plan.
FDBK92976,CUST106603,2022-08-14,2,Hour fight trouble general tough station carry.,Work bag by music such deep.
FDBK92977,CUST108970,2023-01-31,5,Wind world of card opportunity security.,Three at face.
FDBK92978,CUST102689,2021-04-09,2,Military soon black include offer today.,Remain hit might finish.
FDBK92979,CUST104187,2021-02-18,1,Turn deal may same walk sign perhaps.,Social meet only.
FDBK92980,CUST105585,2022-07-10,1,Occur difference drop bad six.,Age various ground.
FDBK92981,CUST106988,2023-06-15,4,Light message himself quality realize street.,Coach true second thus.
FDBK92982,CUST107019,2022-05-21,2,Center write they likely leader.,Yes able himself.
FDBK92983,CUST105143,2022-01-24,5,Either mind he teach study.,Girl idea instead hear drive.
FDBK92984,CUST107756,2023-05-10,2,Own experience manage daughter yet move into.,All magazine fund own.
FDBK92985,CUST102260,2022-05-09,5,Particularly notice how voice technology.,Act dinner spend political.
FDBK92986,CUST106246,2023-06-30,5,Thousand anyone begin what sound arrive somebody.,Offer hot must daughter a.
FDBK92987,CUST102561,2021-07-02,1,Buy right dog save American individual.,Thought man level.
FDBK92988,CUST107305,2022-09-17,4,Song care evening attention assume win stand.,Win accept lead.
FDBK92989,CUST106865,2023-06-08,1,Key four recognize term final.,Involve help nature.
FDBK92990,CUST102738,2022-05-28,2,Now draw hear interesting get to manager.,Vote to mission.
FDBK92991,CUST104847,2022-03-06,3,State draw car player help member someone.,Kitchen so these north write.
FDBK92992,CUST105448,2023-06-10,3,Around surface stop Mr.,One very performance certain.
FDBK92993,CUST104683,2021-08-30,5,Eat rock painting above mind product open.,Those movie talk security.
FDBK92994,CUST103063,2023-08-24,1,Me seem plant issue want.,Respond right six win.
FDBK92995,CUST102164,2022-09-04,3,Baby matter seem.,Kitchen however easy.
FDBK92996,CUST108556,2021-08-29,4,Argue almost rise represent laugh eat.,Include oil else other.
FDBK92997,CUST100706,2021-08-06,2,Of determine trip society professor few ask.,Road range build method.
FDBK92998,CUST100093,2023-11-24,5,Player city third pay.,Ahead find dream statement.
FDBK92999,CUST106414,2023-01-10,2,Fly table few leave. Heart protect no or single.,Road environmental actually.
FDBK93000,CUST109361,2023-08-11,5,Sport force out condition however according.,Dinner oil place their.
FDBK93001,CUST108674,2021-01-17,1,Thought character challenge skin.,Detail senior gun outside.
FDBK93002,CUST107483,2022-12-04,3,People learn society baby southern stock.,Western dog try.
FDBK93003,CUST109225,2023-04-07,5,Member see even none ten someone air season.,Out field century beat.
FDBK93004,CUST100042,2023-05-10,5,Series future we in anything.,Culture plan front of.
FDBK93005,CUST102663,2022-08-14,1,Require visit ready threat music force.,Reduce young us guess.
FDBK93006,CUST105929,2021-08-07,4,Interview produce summer develop.,Play fire yourself simply.
FDBK93007,CUST101908,2021-08-20,2,Foot success traditional.,Improve close beat control.
FDBK93008,CUST101592,2021-07-11,3,Quickly dream allow.,Bill check skill yourself.
FDBK93009,CUST108416,2021-12-25,2,Read north pressure ground stand agree choice.,Whatever quite now lot.
FDBK93010,CUST100140,2022-02-25,3,Fear with camera animal real.,Account glass dark build.
FDBK93011,CUST109702,2021-10-09,4,South country between.,None boy walk campaign help.
FDBK93012,CUST100365,2021-10-23,1,Property own for use meeting inside.,Yeah off view tonight month.
FDBK93013,CUST107206,2023-04-07,5,Discover officer wear share.,Score into allow.
FDBK93014,CUST104532,2021-02-19,3,Person put alone draw produce expect agree.,Moment top nothing dinner.
FDBK93015,CUST108048,2023-09-24,1,Foreign allow performance thing top rich.,Sit enjoy edge help.
FDBK93016,CUST101102,2023-02-23,3,Claim stay two perhaps prepare system.,Road plan try tell strategy.
FDBK93017,CUST106074,2022-09-02,3,Medical order end later turn entire wall.,Church clear of drive over.
FDBK93018,CUST104900,2021-12-10,5,Available force these south view.,Evening husband continue.
FDBK93019,CUST100266,2022-01-29,1,Law share speak end pull.,Report customer tax wish.
FDBK93020,CUST100203,2023-05-08,2,Part per light forward difference.,Our be report show.
FDBK93021,CUST108591,2022-04-30,5,Brother several message.,Me time able recent.
FDBK93022,CUST109088,2021-09-11,2,Smile foreign technology he expect.,Imagine article trade.
FDBK93023,CUST107376,2022-04-15,2,Listen drop might mission team city.,Paper would fill career.
FDBK93024,CUST108377,2021-01-11,5,Space and by family fund sign soon movement.,Mother drug none letter.
FDBK93025,CUST108879,2023-01-29,4,The within budget brother. Final evidence data.,Case like idea wish.
FDBK93026,CUST101845,2023-01-21,4,Fund particularly on hot.,Official apply model bag.
FDBK93027,CUST101682,2021-04-05,5,Development such able everyone.,Or outside particular yet.
FDBK93028,CUST103391,2021-11-21,4,Television push region agent behind.,Best goal thing production.
FDBK93029,CUST100577,2021-09-05,5,Ground blue first appear agreement decision.,Would sing pay call because.
FDBK93030,CUST105030,2022-11-24,3,Think sit world near.,About than stop make right.
FDBK93031,CUST106848,2023-09-04,1,News other they behind head see.,Someone drop whole probably.
FDBK93032,CUST101961,2023-12-26,5,Care music eight language list head foot.,Talk member expert high show.
FDBK93033,CUST103542,2022-06-18,1,Let save rise ready up over will.,Chair base sound.
FDBK93034,CUST109299,2022-04-10,3,Thus experience thank receive sign.,About either maintain agree.
FDBK93035,CUST108971,2022-03-13,3,Small night against notice not husband.,Better skill indeed certain.
FDBK93036,CUST108542,2021-10-16,4,Agent station better. Thing person speak.,Quality gas operation a.
FDBK93037,CUST102088,2021-09-07,2,Often knowledge soldier crime long however fast.,Music black peace both same.
FDBK93038,CUST102615,2022-01-16,4,Million your still stock tend.,Who hundred seven.
FDBK93039,CUST108397,2023-07-02,1,General pick produce admit.,Future catch day edge.
FDBK93040,CUST108228,2022-04-13,4,Section see learn writer.,His on half movie important.
FDBK93041,CUST106507,2022-01-13,2,Local ground night player.,Brother child country.
FDBK93042,CUST103790,2022-01-12,3,Other range bank.,Assume fear note central.
FDBK93043,CUST108639,2022-12-10,4,Sport one close source form black cost.,Onto movie draw big time.
FDBK93044,CUST109472,2021-10-12,1,Notice us big which fall.,Field movement around your.
FDBK93045,CUST102646,2021-01-25,5,Possible organization fly new.,Operation our admit security.
FDBK93046,CUST103586,2023-02-18,3,Finally race mean expert make.,Suffer painting cold.
FDBK93047,CUST106812,2021-06-18,4,Guess worker field break then affect.,Summer measure national.
FDBK93048,CUST105645,2022-01-30,1,Should care than election once.,Song couple Republican green.
FDBK93049,CUST108779,2021-07-09,2,Officer allow whatever dream heart.,Our history raise front.
FDBK93050,CUST109900,2023-10-15,1,Evening shoulder firm program dinner.,Learn call simple suffer sit.
FDBK93051,CUST104869,2023-07-09,1,Reduce all television field.,Action beat case build.
FDBK93052,CUST101400,2023-11-09,3,Question line standard.,Wish moment ball run.
FDBK93053,CUST105988,2021-05-13,3,Base north rule billion away run get.,Whom whom do later box.
FDBK93054,CUST108229,2022-05-31,5,Prove well tell pressure economic.,Him foreign chance.
FDBK93055,CUST106805,2023-10-22,4,Trip poor their increase.,Media now look.
FDBK93056,CUST104390,2023-09-17,4,Seek office type collection game various finally.,Future always off history.
FDBK93057,CUST101555,2021-04-10,1,Arrive condition town.,Total analysis draw safe.
FDBK93058,CUST109498,2023-07-15,4,Run generation find. Recognize hotel it.,Benefit go their clear news.
FDBK93059,CUST108794,2022-05-06,3,Into but daughter.,Red receive believe may.
FDBK93060,CUST104201,2022-03-24,3,Put style girl unit.,Week actually any off.
FDBK93061,CUST108905,2023-06-01,4,Game type west control.,Thought each others hour.
FDBK93062,CUST108019,2021-01-01,2,Prepare walk star. Debate become door toward.,As leave popular.
FDBK93063,CUST105834,2021-04-30,4,Building it lot both head. Move hand serve.,Fall material seat read drug.
FDBK93064,CUST108768,2022-12-23,1,Partner attention choice feeling several live.,Per nation enough in lay.
FDBK93065,CUST107384,2022-12-22,3,Technology see land process.,Deep view their five late.
FDBK93066,CUST103147,2021-11-18,5,Positive close commercial.,Wish between treat option.
FDBK93067,CUST102441,2023-11-26,3,Their affect take. Today produce data middle.,Medical major sound view.
FDBK93068,CUST102640,2021-05-28,5,Country pressure I authority particular.,Director a science so choose.
FDBK93069,CUST104549,2023-05-25,4,Commercial would series. Effect example black.,Music table job attorney.
FDBK93070,CUST109342,2022-10-02,1,Item bed partner agree likely rate rule perform.,Respond size as.
FDBK93071,CUST109021,2022-07-21,1,Suffer someone choose couple another hold.,Year worker natural.
FDBK93072,CUST104305,2022-05-05,1,Several itself light. Set look very office.,Yeah find nothing reduce.
FDBK93073,CUST109305,2022-06-17,2,Evening number law hard baby far because.,Prove picture perform.
FDBK93074,CUST106796,2021-06-24,4,Style detail thank actually account light beyond.,Investment difficult if lay.
FDBK93075,CUST107095,2021-05-04,2,Source court debate fine statement.,Community measure action.
FDBK93076,CUST107070,2022-04-25,5,Per food center fact really particular inside.,Term cultural yourself help.
FDBK93077,CUST100383,2022-09-25,2,Bill involve public.,Indeed number sister.
FDBK93078,CUST105442,2021-12-09,1,Culture week serious measure clearly account leg.,Sing at low station while.
FDBK93079,CUST106052,2021-04-06,3,Let explain manage send.,Space exist let four.
FDBK93080,CUST109152,2023-09-24,1,Camera could nor behavior behind.,Minute impact age enjoy.
FDBK93081,CUST103806,2022-11-12,4,Whatever firm standard understand woman within.,Design show focus dinner.
FDBK93082,CUST103676,2021-01-13,4,Yard price meeting establish range take.,Situation mind option.
FDBK93083,CUST109484,2021-09-14,1,Crime process power.,Although finish first wrong.
FDBK93084,CUST103769,2022-07-22,1,See everyone article per fund way.,Summer care nice note.
FDBK93085,CUST100566,2021-07-09,4,Risk mention civil ago word month hundred expert.,Those so though.
FDBK93086,CUST108789,2022-01-02,2,Brother network central others catch.,Try enjoy send write wife.
FDBK93087,CUST108823,2023-07-07,2,To soldier day per pressure good.,Kind almost each five.
FDBK93088,CUST103108,2023-11-07,4,Face give total for thing ahead full production.,Trouble heavy bill brother.
FDBK93089,CUST106664,2021-10-28,1,Especially own history decade create involve.,If once ball.
FDBK93090,CUST102423,2023-09-11,1,Choice by single offer care.,Part thus best life indicate.
FDBK93091,CUST107946,2022-11-25,4,Only scientist environment member lay.,Prove provide voice.
FDBK93092,CUST105163,2021-06-09,4,None seven room value production drop.,Model authority fall class.
FDBK93093,CUST106522,2022-11-06,2,I measure parent world themselves win three.,Well build generation tough.
FDBK93094,CUST100159,2022-07-19,4,Especially your compare number.,Exactly team standard talk.
FDBK93095,CUST108028,2021-06-20,1,Perform grow now record religious require thus.,Class husband turn.
FDBK93096,CUST102217,2022-06-20,1,Care western commercial pattern.,Add me other enjoy edge.
FDBK93097,CUST109959,2021-02-13,4,Evening in decade identify various member line.,Blue next most bad protect.
FDBK93098,CUST103738,2023-03-02,5,Nature treatment ahead live language sit.,Four white drop else.
FDBK93099,CUST104652,2021-05-06,1,Environment event believe station.,Prepare hour political.
FDBK93100,CUST109605,2021-03-16,2,Turn up writer traditional company.,Western war six back.
FDBK93101,CUST105257,2022-03-05,5,Wind base fast knowledge take policy very.,Ten answer glass myself.
FDBK93102,CUST107784,2023-04-03,5,Time share fact parent society far.,Purpose hundred successful.
FDBK93103,CUST109346,2023-05-28,3,Parent position science land successful evening.,Fire type mind just save.
FDBK93104,CUST100458,2023-04-17,5,Road pull window four particularly.,Bad partner central.
FDBK93105,CUST106701,2023-01-22,4,Several single pass meet contain onto although.,Finally unit down design.
FDBK93106,CUST108195,2021-05-22,3,See development knowledge which item sure three.,Line keep investment past.
FDBK93107,CUST109537,2023-11-20,2,Consumer pretty simply budget.,It per necessary cold task.
FDBK93108,CUST100727,2021-02-08,5,Tv society nature cover sell.,Remember use occur process.
FDBK93109,CUST108834,2021-05-26,3,Wall before hard general party.,Site resource find.
FDBK93110,CUST105302,2022-09-10,1,Ok station party public name chair.,Build age deal too.
FDBK93111,CUST105165,2023-08-10,5,Response friend determine one officer return.,None probably agreement take.
FDBK93112,CUST102121,2022-07-23,3,Like chance see build. Increase admit keep her.,Go account various.
FDBK93113,CUST100457,2023-04-09,1,Resource better tax life.,Concern third finish state.
FDBK93114,CUST103532,2021-08-13,3,Have service arm college responsibility.,Change hear better century.
FDBK93115,CUST108250,2021-02-07,1,Manager section establish yard poor mean.,I pattern stage.
FDBK93116,CUST103902,2021-01-31,4,Call man support Mr.,Size fly policy treat close.
FDBK93117,CUST105986,2022-11-24,1,Left interesting Mrs measure. Care civil model.,Couple go order represent to.
FDBK93118,CUST108218,2021-09-05,5,Huge wear across would small top sing.,Doctor throw kid system.
FDBK93119,CUST108441,2023-06-08,5,Assume impact recent share.,Material color push.
FDBK93120,CUST107892,2021-03-29,5,Beyond dark relationship case become need.,Peace require inside paper.
FDBK93121,CUST109708,2022-02-10,5,Computer subject cut law student.,Race stage laugh race.
FDBK93122,CUST104692,2023-02-21,2,Western now black skin audience evening miss.,Military structure little.
FDBK93123,CUST100251,2021-07-31,5,Record action rock prove.,Require care push act stay.
FDBK93124,CUST101131,2021-07-12,5,Itself property determine under station.,Social like institution yet.
FDBK93125,CUST102887,2022-03-09,3,Ground quite majority face.,Foot their second.
FDBK93126,CUST102069,2022-11-23,2,Plan fact new want.,Something animal age toward.
FDBK93127,CUST105977,2022-10-31,2,I media amount clear nature social.,Use remember red say.
FDBK93128,CUST109326,2023-04-20,5,Our note machine story power my provide.,Social office certainly.
FDBK93129,CUST107149,2022-04-11,3,Play research wish later.,Nothing two scene.
FDBK93130,CUST103783,2021-01-31,3,Lose education represent certainly.,Ok according truth smile.
FDBK93131,CUST102769,2023-03-09,1,Writer mean improve power modern bank success.,Fly fast whose dog.
FDBK93132,CUST100121,2021-12-30,3,Ready director something answer.,Above story oil another.
FDBK93133,CUST102662,2022-06-14,3,Consider often owner.,Skill green size yeah.
FDBK93134,CUST107741,2021-01-30,1,Still family nice face four sell another.,Score test quickly.
FDBK93135,CUST109644,2022-05-20,3,World there research.,Hold so task talk like.
FDBK93136,CUST109327,2021-07-02,1,Cultural choose nothing.,Reason thus sense other.
FDBK93137,CUST109244,2022-06-06,3,Bad stage sense produce vote list green while.,Could manage back too.
FDBK93138,CUST102129,2023-06-28,5,Miss cause heavy most season drive he.,Though hope oil contain.
FDBK93139,CUST109417,2023-02-09,2,Station special half notice indeed.,College believe east sense.
FDBK93140,CUST100068,2022-02-21,2,State purpose owner increase appear early.,Reduce news imagine put.
FDBK93141,CUST104455,2023-08-19,5,Blood become cultural would TV natural explain.,Main line forward yard.
FDBK93142,CUST104785,2021-09-05,3,Early member collection onto create improve.,Physical far very her.
FDBK93143,CUST100558,2023-04-06,5,Represent since moment act let step step reach.,Center along job.
FDBK93144,CUST105837,2023-12-01,2,Market gas very war.,Can protect wait blue want.
FDBK93145,CUST108895,2021-10-19,2,Second gas follow surface alone.,Argue have nice.
FDBK93146,CUST109766,2022-08-29,5,Open along trouble. Art little citizen black.,Some feel happy.
FDBK93147,CUST102389,2023-12-02,3,Middle suddenly activity movement light radio.,Activity resource radio.
FDBK93148,CUST109731,2021-07-01,2,Star away gun about expert.,Effect card day news.
FDBK93149,CUST109185,2023-11-28,5,Tonight sell short why.,Expert become cell laugh sit.
FDBK93150,CUST103759,2023-05-03,2,Lose current the produce network per.,Anyone life everybody drop.
FDBK93151,CUST102297,2021-03-10,5,Answer including white relationship kitchen.,When market opportunity.
FDBK93152,CUST107491,2023-09-22,2,Six church figure hot step among.,Prove place exactly son.
FDBK93153,CUST108760,2023-12-08,5,None box scene open TV full.,Pm into world source body.
FDBK93154,CUST103073,2021-09-04,4,Office authority up state year language.,Success radio daughter.
FDBK93155,CUST106682,2022-09-19,3,Former into do listen per player.,Whose company finish country.
FDBK93156,CUST109442,2021-01-12,2,Anything eye protect him.,Final low sound event minute.
FDBK93157,CUST103432,2023-02-07,3,Anything model fill nature let your go.,Month produce great unit.
FDBK93158,CUST101170,2021-05-01,4,And situation movement black I. Treat bed type.,Push store particularly of.
FDBK93159,CUST109620,2022-11-07,4,Inside nature mother determine.,Fire sure your star.
FDBK93160,CUST108842,2021-04-27,4,Employee us station. Your improve him deep.,Certainly special since part.
FDBK93161,CUST102889,2023-09-28,3,Kind fight front stay job still.,Huge make parent across.
FDBK93162,CUST101832,2021-01-09,2,Crime appear this letter.,Generation but she rest.
FDBK93163,CUST103258,2022-03-10,2,Letter industry dinner. How partner visit.,Late parent hotel activity.
FDBK93164,CUST100532,2021-12-11,3,Decide require make stage herself red live.,Government back open.
FDBK93165,CUST106797,2021-02-19,1,Environmental note activity company.,Concern thought modern move.
FDBK93166,CUST107334,2022-06-11,5,Road answer set senior order third.,Cover fill resource network.
FDBK93167,CUST103183,2021-12-29,2,Imagine our ever.,Trade small little face.
FDBK93168,CUST101213,2023-07-03,4,Career enjoy reduce could physical discuss.,Program sport talk unit soon.
FDBK93169,CUST103977,2022-08-12,3,Wear but start father item.,During prepare one.
FDBK93170,CUST100933,2023-08-20,2,Each conference finish consumer there.,Dark me my movie.
FDBK93171,CUST109843,2021-12-09,4,Force plant reach person try staff.,Authority common live.
FDBK93172,CUST108896,2022-12-22,4,Respond such nation.,Drug its read name.
FDBK93173,CUST102777,2023-10-28,4,Ago past itself conference population.,Can couple fly region.
FDBK93174,CUST105795,2023-08-15,2,None matter should itself plan many.,Enter because skin large.
FDBK93175,CUST104620,2021-06-30,2,South develop unit.,Woman star boy price.
FDBK93176,CUST108804,2021-10-18,3,Same none use dinner woman daughter.,Party now here various.
FDBK93177,CUST100758,2023-11-11,3,End campaign water personal daughter guy.,Model fill significant.
FDBK93178,CUST104828,2021-07-07,3,Continue leg serious by spring form.,Air security office security.
FDBK93179,CUST102202,2022-01-22,1,Wish kitchen full often.,Along hand himself real.
FDBK93180,CUST104439,2022-11-30,2,Training nature teach mean by TV start.,Low everything beyond too.
FDBK93181,CUST107316,2022-08-11,2,Card dog economic region.,Score recognize sing floor.
FDBK93182,CUST105909,2022-09-25,3,Man security amount himself.,Say thank strategy machine.
FDBK93183,CUST102150,2022-06-06,1,When president white when hot evidence.,Us lead anyone.
FDBK93184,CUST105022,2021-06-27,2,Author fill night indeed bag mean.,Yeah language none.
FDBK93185,CUST106994,2022-12-03,3,News person fish old man moment record.,Heart bill management.
FDBK93186,CUST107921,2023-12-04,2,May old create federal.,President receive lay.
FDBK93187,CUST105801,2023-03-28,1,Message table actually billion.,Exactly garden test physical.
FDBK93188,CUST104570,2023-11-22,5,Threat argue same seem accept accept although.,Relate evidence high place.
FDBK93189,CUST107841,2021-09-04,4,Student red action shake yes.,Center ago feeling.
FDBK93190,CUST109209,2023-11-10,3,During everybody edge week official artist laugh.,Themselves miss plant onto.
FDBK93191,CUST106374,2021-03-26,4,Training attention design show child.,Office buy shoulder join PM.
FDBK93192,CUST103738,2022-05-07,3,History season like blue television.,Office special design detail.
FDBK93193,CUST103011,2021-02-27,1,Rest foot its.,Clearly impact support.
FDBK93194,CUST102523,2021-05-09,5,Hot memory court instead through foot certain.,Some outside population much.
FDBK93195,CUST104017,2022-11-17,5,Hospital her detail should moment eye.,Threat figure management.
FDBK93196,CUST102324,2022-10-16,3,Say market into boy quite list ability.,Avoid modern sister.
FDBK93197,CUST105776,2023-05-31,2,Child camera speak tough heavy green explain set.,Note try next create.
FDBK93198,CUST105419,2021-08-25,2,Light town me score deep art up significant.,Sit newspaper economy.
FDBK93199,CUST108001,2023-06-06,2,Market food chance guy.,Activity argue market race.
FDBK93200,CUST102265,2023-11-03,5,Ahead national sense forward treat.,Remain determine explain low.
FDBK93201,CUST106619,2022-07-07,5,Along turn rise news sport sing smile western.,Pay television level.
FDBK93202,CUST101492,2022-01-03,2,First specific away early.,Any from two professor.
FDBK93203,CUST106383,2021-09-11,4,Service such why glass nation music.,Official vote nice like.
FDBK93204,CUST109945,2021-08-07,5,Watch read since away. Husband stage low us.,Explain join cup radio.
FDBK93205,CUST105369,2022-10-31,2,Simply foreign series whom try.,Change mention hair them it.
FDBK93206,CUST107316,2021-04-23,1,Right let similar drop wall response deal.,Catch page until any once.
FDBK93207,CUST101541,2021-08-19,4,Although concern a.,Gas well team.
FDBK93208,CUST106687,2023-03-19,3,Against expect life thought magazine quite.,Mean time him space.
FDBK93209,CUST108641,2023-04-14,5,Process large fall traditional view reduce word.,Part simple must research.
FDBK93210,CUST109297,2021-04-27,1,Speak admit much he memory real. Close base like.,Assume end need church.
FDBK93211,CUST108854,2021-08-03,2,Front war central goal current baby.,Position choice cold.
FDBK93212,CUST109652,2023-02-26,1,Cause current base wife interview impact so.,Player create guy effort.
FDBK93213,CUST107055,2022-02-04,5,Yard she wear discuss story event.,Whose inside whatever.
FDBK93214,CUST103073,2021-07-22,5,Strategy guy admit fund worry despite detail.,Fast statement drug.
FDBK93215,CUST108897,2023-12-29,4,Cause water water teach site land.,Within deal or security.
FDBK93216,CUST106828,2023-10-17,4,Anything national head heart.,Read physical represent.
FDBK93217,CUST107284,2021-05-22,2,Require our cup type point unit think run.,Statement address option.
FDBK93218,CUST108437,2023-11-11,3,Lay thought have far thousand.,Say worry land animal manage.
FDBK93219,CUST100179,2023-03-23,4,Defense key test plan.,Throw message left probably.
FDBK93220,CUST101900,2021-06-29,1,Area ready eat summer after.,Name speak edge occur.
FDBK93221,CUST106327,2021-04-12,1,Media court seven responsibility art family yet.,South either see south test.
FDBK93222,CUST101089,2022-05-05,3,Language others eat yes.,Face social here card.
FDBK93223,CUST106025,2023-04-23,5,Care else bed guy right. Trouble back store look.,History provide whom.
FDBK93224,CUST109651,2023-12-08,1,Home act need common finally six with.,Security word well carry.
FDBK93225,CUST107274,2023-04-26,5,Local role left attention pay.,Life federal reach enjoy.
FDBK93226,CUST102289,2021-03-21,4,Amount fine eight catch push.,News smile blue hospital.
FDBK93227,CUST107147,2023-06-17,5,Rise particularly recent charge.,Month focus address result.
FDBK93228,CUST104757,2023-03-21,5,House how pressure at behavior.,Magazine who forget world.
FDBK93229,CUST106846,2022-10-07,2,Surface maybe others brother.,Unit store officer article.
FDBK93230,CUST104282,2022-01-27,2,Film position the against compare hit produce.,Authority study this your.
FDBK93231,CUST103438,2022-08-08,4,Image it boy everything employee report.,According goal everything.
FDBK93232,CUST108743,2021-04-22,1,Report develop language body pass three.,Fact professional raise side.
FDBK93233,CUST103543,2021-02-11,2,Answer case play prove. Film why remain standard.,Skin discover city.
FDBK93234,CUST104760,2021-06-03,1,Heavy reach accept point fill.,Standard rise section meet.
FDBK93235,CUST109896,2022-07-24,2,Partner someone them school nation pretty.,Own hour painting grow woman.
FDBK93236,CUST101546,2023-10-16,2,Respond entire break. Share happen what herself.,Street foreign wind describe.
FDBK93237,CUST104518,2021-04-07,1,Share hold I between company home necessary play.,Serve same only list.
FDBK93238,CUST102571,2021-04-03,3,Nature performance majority argue.,Fight family act seem.
FDBK93239,CUST100133,2022-12-26,2,Dream agreement military may on.,Moment coach network.
FDBK93240,CUST105507,2022-10-14,2,Reason study tree sense shoulder region.,Lawyer know animal.
FDBK93241,CUST108501,2023-02-23,4,Often shake analysis within.,Manage real fight edge.
FDBK93242,CUST103404,2022-07-09,3,Culture hundred free many physical have buy.,That government reflect.
FDBK93243,CUST109647,2021-01-26,1,Population produce off.,Threat professional up.
FDBK93244,CUST104929,2022-04-23,3,Board bag recently nothing sit.,Look citizen cause group.
FDBK93245,CUST104042,2023-09-10,1,Remember show statement outside skill.,Here to radio.
FDBK93246,CUST105280,2021-04-07,5,Fish each next.,Become add now arm.
FDBK93247,CUST106519,2023-09-11,4,Number ready series Mr be able throughout.,Life rather pick have.
FDBK93248,CUST101847,2023-10-27,4,Institution look their parent alone risk red.,Special major since key trip.
FDBK93249,CUST104602,2023-05-28,4,Want site green carry.,Name a cost low.
FDBK93250,CUST108184,2022-06-15,5,Huge present finish left ago rock central.,Continue green gun fear.
FDBK93251,CUST109815,2021-10-06,1,Out these ground ok phone.,Always age fight heart.
FDBK93252,CUST100853,2022-01-17,3,Employee should picture total identify light.,Race important send same.
FDBK93253,CUST108227,2023-11-15,2,Especially most weight Congress.,Series popular but young.
FDBK93254,CUST102892,2022-01-08,5,Concern exist top government.,Our tonight serve want who.
FDBK93255,CUST105393,2021-01-16,2,Cultural understand put will.,Next born international eat.
FDBK93256,CUST104870,2021-09-15,4,Better throughout sort when education.,Analysis agent pretty.
FDBK93257,CUST105699,2023-07-29,4,Home treat worker form ten build.,Detail news friend.
FDBK93258,CUST104819,2021-01-09,3,Positive often beyond interest article read item.,Over place late easy school.
FDBK93259,CUST100365,2021-01-02,2,Provide somebody still.,Although bed make score wife.
FDBK93260,CUST105883,2023-04-03,2,Sure find with small simple fact.,Production close idea far.
FDBK93261,CUST103014,2021-05-13,2,Wife decision society forward role.,Meet support focus activity.
FDBK93262,CUST102214,2023-10-11,4,Wife blue meet hope customer almost.,Public picture set nothing.
FDBK93263,CUST105101,2021-10-03,3,Car month lead wonder study. These help alone.,Information oil require.
FDBK93264,CUST108728,2021-01-17,5,Hope guess true.,Student find ground very.
FDBK93265,CUST108018,2021-02-19,1,Else thousand visit firm religious result.,Congress worry talk any.
FDBK93266,CUST108619,2021-08-12,5,Know travel candidate why think.,Argue itself watch your west.
FDBK93267,CUST103431,2022-06-21,4,Mr serve down. Member stand who above interview.,More late fund if fill.
FDBK93268,CUST103710,2022-05-21,2,Near base site city of two light.,Item alone they bring.
FDBK93269,CUST108787,2023-10-11,5,System analysis pretty figure.,Subject fish occur son fact.
FDBK93270,CUST107236,2022-02-19,4,Growth matter remain morning several collection.,Case because arrive.
FDBK93271,CUST105116,2022-05-18,5,Trade raise down thought blue instead throw.,Mean garden investment while.
FDBK93272,CUST105981,2023-02-07,2,Company two we radio.,Defense ask add whom top.
FDBK93273,CUST109115,2021-10-30,2,Trial social home expert us relate movement.,Letter mean few bill your.
FDBK93274,CUST106822,2023-09-02,4,Loss democratic itself make.,People evidence safe.
FDBK93275,CUST108444,2023-12-20,1,Power commercial remain fall. Country miss last.,Popular do leg.
FDBK93276,CUST106768,2022-02-15,3,Finish road however more capital receive laugh.,Kid wrong money hour.
FDBK93277,CUST101895,2022-02-01,1,Home fish perhaps.,Much base anything bed.
FDBK93278,CUST105723,2023-09-19,4,Better step clear seek society.,Development ask minute test.
FDBK93279,CUST103097,2023-10-01,4,Play attention poor.,Today shake begin where.
FDBK93280,CUST108832,2023-10-01,4,Nearly sit discover agency down case both.,Much before Mr score.
FDBK93281,CUST108458,2022-02-02,1,Continue operation assume name four.,New security raise foreign.
FDBK93282,CUST106656,2021-10-19,3,Brother long expert stuff example.,Technology line mission wall.
FDBK93283,CUST102900,2022-02-27,5,Network major art service from foot.,Discussion draw live against.
FDBK93284,CUST101728,2021-05-08,4,Billion least check bit debate.,Buy form space get.
FDBK93285,CUST106327,2022-10-07,2,Do perform fish could. Computer out us best save.,Free those fund charge.
FDBK93286,CUST109177,2023-05-29,4,Cold include his fish. Often hour catch.,Case avoid ability beat.
FDBK93287,CUST100098,2023-10-10,2,Allow standard from individual hear.,Staff opportunity draw.
FDBK93288,CUST105459,2023-11-29,4,Evidence decision fact a contain.,Across detail dinner.
FDBK93289,CUST108066,2021-06-02,4,Respond within I fire.,Ball song deep ground.
FDBK93290,CUST109816,2023-11-24,4,Question develop see music music.,No summer hundred brother.
FDBK93291,CUST101815,2022-06-18,5,Participant have stuff show current adult.,Our foot start. Mr know land.
FDBK93292,CUST109029,2021-02-02,5,System month up term speech type.,All significant would.
FDBK93293,CUST108769,2022-12-23,5,American identify serve city push interview.,Force show change.
FDBK93294,CUST101395,2023-07-15,4,Policy trip month million reach image.,Local onto color onto.
FDBK93295,CUST100738,2023-12-23,3,Follow floor current week appear view.,Add expect test a.
FDBK93296,CUST100625,2022-03-27,1,Art specific vote along type cost.,New price ability act front.
FDBK93297,CUST107921,2023-06-02,3,Physical figure put win spring the create.,West couple raise win free.
FDBK93298,CUST102020,2021-01-12,4,Bring we art make perform blue fund.,Knowledge player accept.
FDBK93299,CUST103726,2023-06-25,5,Painting college run west.,Add all who total.
FDBK93300,CUST108423,2023-06-05,4,Teach total standard speak admit.,Road staff stand strategy.
FDBK93301,CUST101057,2023-04-10,1,Affect so time while pattern quickly high.,Chair if support how old.
FDBK93302,CUST107333,2023-02-01,5,Represent short service stuff speak best serve.,Official set society.
FDBK93303,CUST104475,2021-05-08,5,Various forward draw without.,Over hand many.
FDBK93304,CUST100319,2022-11-02,5,Economy set feel take herself.,Sometimes girl final.
FDBK93305,CUST101236,2022-02-21,1,Model experience without station trip.,She at even data.
FDBK93306,CUST100067,2023-04-22,3,Girl there training each plant all right.,Them fall visit half.
FDBK93307,CUST105652,2022-06-22,2,Board worry meet country around.,Hit only chair enough win.
FDBK93308,CUST101310,2021-01-24,2,Future break interesting black stop not music.,Wait eye source area.
FDBK93309,CUST107283,2022-08-08,2,All include every source do hand fish plant.,Again education high know.
FDBK93310,CUST103785,2022-02-13,1,Owner perhaps opportunity realize example.,Develop gas fact.
FDBK93311,CUST105713,2022-05-07,2,Response turn social career second teacher.,Reveal some young positive.
FDBK93312,CUST108307,2021-10-06,5,Enter lot best speech past likely.,More certain lead believe.
FDBK93313,CUST108056,2023-04-15,4,Expert field approach.,Four student six general far.
FDBK93314,CUST105777,2022-06-28,1,Evidence road tend political.,Point staff while manage.
FDBK93315,CUST109338,2022-12-15,3,Impact again build situation water accept.,Threat wide while sound.
FDBK93316,CUST106969,2021-06-12,2,Base yet safe it responsibility billion unit.,Including suggest edge maybe.
FDBK93317,CUST107617,2021-08-02,1,Fish car enter cover support night.,Small his cup.
FDBK93318,CUST107536,2021-01-25,2,Example particular push interest.,We range at visit.
FDBK93319,CUST104455,2022-11-30,5,Reveal phone mission talk very difficult single.,Need key after mention in.
FDBK93320,CUST103450,2022-03-14,3,Item two soon.,Pm easy beautiful debate.
FDBK93321,CUST106443,2023-09-02,2,List maybe college reflect walk.,Own west often interesting.
FDBK93322,CUST106336,2023-01-05,5,Wind art teacher same argue one film.,Rise cover similar western.
FDBK93323,CUST109854,2022-04-07,4,Level author open three front.,Tax past deal prove.
FDBK93324,CUST109441,2023-02-15,2,Decide official sister form lot.,Bad service tree explain.
FDBK93325,CUST105114,2021-12-23,5,Cell toward movement think get.,Few peace art between.
FDBK93326,CUST103571,2021-09-12,1,Lawyer be plant edge cell.,Help that TV it indeed heavy.
FDBK93327,CUST108777,2023-06-18,3,Present skill degree read analysis he there.,Sport treat social edge.
FDBK93328,CUST100568,2023-05-15,5,Pressure site dark evening when program inside.,Now voice interesting green.
FDBK93329,CUST105324,2022-01-31,5,Central edge hair knowledge father.,Seat probably outside yes.
FDBK93330,CUST105997,2022-02-09,1,Lose seven hope music.,Owner tough space.
FDBK93331,CUST109991,2021-08-23,5,Matter room station he. Sign wear sing risk.,Spend manager skin use.
FDBK93332,CUST109863,2022-09-29,2,Value study card paper test term.,Experience can indicate.
FDBK93333,CUST106801,2023-02-05,1,Baby east feel man.,Town leave serious.
FDBK93334,CUST106639,2021-11-26,4,Suggest teacher executive free goal.,Price learn beautiful wear.
FDBK93335,CUST102832,2023-12-01,5,Option full job bill.,Live student modern detail.
FDBK93336,CUST109510,2022-03-02,4,Hot participant idea remain.,Little building care off.
FDBK93337,CUST107753,2021-11-09,5,Concern claim enjoy coach gas value while least.,Boy indeed do.
FDBK93338,CUST101919,2022-12-31,5,True difference three detail avoid service.,Tax through record.
FDBK93339,CUST108314,2023-04-21,2,Spend compare personal boy.,Now to enjoy indeed.
FDBK93340,CUST101675,2021-05-20,4,Thousand item suggest everybody ready family.,One song play national.
FDBK93341,CUST104917,2022-07-22,1,Create well friend three chance fund toward.,However leg along piece.
FDBK93342,CUST106468,2023-09-16,1,Rise prevent company home age whether guy can.,Ground sister while.
FDBK93343,CUST108979,2022-02-06,4,Arm within begin enjoy information themselves.,Truth explain peace star.
FDBK93344,CUST100809,2022-07-07,4,Side weight indicate here crime.,Single especially less would.
FDBK93345,CUST103935,2021-08-24,4,Matter guy single read kind night.,Three use room.
FDBK93346,CUST105412,2022-01-31,4,Toward throw model region middle.,Shake reason TV wide within.
FDBK93347,CUST107578,2023-04-10,4,Across soldier forget various.,Fight represent article.
FDBK93348,CUST105390,2023-12-18,3,Go both seek this space.,Then drive summer money.
FDBK93349,CUST100187,2023-02-20,4,Tonight add take end north industry relate great.,Computer about prove fine.
FDBK93350,CUST100128,2022-06-27,3,Everything hold think learn rich.,Choice law source.
FDBK93351,CUST103601,2021-10-05,5,Three shake lawyer write away. Leave air discuss.,Get simply value teach.
FDBK93352,CUST108536,2022-01-01,1,Office yourself central necessary within.,Air main attack energy.
FDBK93353,CUST106080,2022-09-05,4,Significant season only which by road.,Wrong security herself.
FDBK93354,CUST106367,2021-09-05,5,Hear yard myself computer class hard rule.,City PM civil life.
FDBK93355,CUST104319,2023-03-09,2,One rather month for call late.,Several still yourself tend.
FDBK93356,CUST106568,2023-05-13,3,Nature quite true guess boy.,Page receive us inside.
FDBK93357,CUST101513,2022-10-08,4,None rest one world us off hot.,Gun send course.
FDBK93358,CUST103465,2022-09-23,5,Defense where process experience government.,Audience my yet hear.
FDBK93359,CUST108046,2021-02-19,4,Many send staff how.,Per beyond different life.
FDBK93360,CUST109830,2021-09-13,1,Author travel prevent music that common.,Figure sea region.
FDBK93361,CUST101310,2021-06-03,4,Tend surface third front through.,From green foot.
FDBK93362,CUST101940,2023-03-31,2,Civil hotel glass five save we area.,Rich fast think unit.
FDBK93363,CUST108678,2022-05-31,3,Speak may production road market.,Fill stop nothing person.
FDBK93364,CUST105719,2021-01-05,2,Trade table end country receive professional.,Life key prevent test high.
FDBK93365,CUST108828,2022-01-15,1,Compare issue step several store many.,Focus gas very yeah sea sell.
FDBK93366,CUST102848,2023-11-11,4,Open relate responsibility talk.,Stuff probably white.
FDBK93367,CUST108281,2022-08-08,4,When movement speech.,Soon state good have not.
FDBK93368,CUST107933,2021-05-18,1,Guy half military dinner central.,Chair sport only enjoy.
FDBK93369,CUST101937,2021-07-02,4,Lot wife war although leader late.,Dream task know hair.
FDBK93370,CUST105677,2022-07-06,4,Kind hot trial write half defense.,Example around me rate.
FDBK93371,CUST107306,2022-09-11,4,Bill upon off standard.,Clear rule leader figure.
FDBK93372,CUST107805,2022-10-07,5,Degree build under station heart rock.,Bit article reality home.
FDBK93373,CUST102911,2021-11-25,5,Behind painting per room oil special.,You likely event according.
FDBK93374,CUST105113,2021-03-22,3,Customer reflect various step reality guy.,Building person cup listen.
FDBK93375,CUST108546,2023-08-24,1,Support risk later PM help politics.,Rise turn prevent city end.
FDBK93376,CUST109853,2021-07-25,2,Product leader meet box. Yeah position course.,Happy green account yourself.
FDBK93377,CUST101463,2021-12-27,1,Subject great fill president.,Defense free offer trouble.
FDBK93378,CUST108450,2022-12-12,4,Relationship pass central up black.,Travel return music.
FDBK93379,CUST102194,2021-02-06,4,Strategy daughter source trial unit figure rest.,Light poor lose difference.
FDBK93380,CUST107491,2023-04-26,1,Important will buy him thing ok.,Skin everybody age north she.
FDBK93381,CUST103372,2023-06-28,4,Hundred along study product.,Similar current computer.
FDBK93382,CUST108658,2023-11-29,3,Fact type and PM.,Early good director.
FDBK93383,CUST102865,2023-08-02,2,Soldier radio above.,Approach rise task cut.
FDBK93384,CUST100691,2023-09-12,4,Ok mouth yeah staff similar close.,Spend issue us machine.
FDBK93385,CUST103826,2022-02-23,5,Nothing yard never approach last sing quite.,Mrs hand cover capital.
FDBK93386,CUST100664,2022-12-03,4,Address owner operation out than.,Occur a close long.
FDBK93387,CUST106227,2022-10-22,4,Would special type.,Son either six.
FDBK93388,CUST103274,2021-12-17,4,Remember charge high institution agency very.,Staff stage site option.
FDBK93389,CUST100644,2021-07-06,1,Much page color skin order particular drive.,Their employee energy.
FDBK93390,CUST101024,2023-12-04,1,Response city career policy my side himself.,Conference green hear.
FDBK93391,CUST100252,2023-08-08,1,Among everything meeting today create often.,Four down science along.
FDBK93392,CUST107831,2021-04-29,5,Stand member those industry skin.,Others ago build.
FDBK93393,CUST101043,2021-07-05,3,Pressure cover energy only program friend left.,Fall skin bed under.
FDBK93394,CUST101882,2023-09-16,3,Always likely price little wife bit impact easy.,Business as face.
FDBK93395,CUST100229,2022-07-18,1,Anyone market fish yourself.,East he TV five process.
FDBK93396,CUST100654,2022-03-10,4,Run same actually war.,Fly baby action throw.
FDBK93397,CUST106872,2022-04-27,1,Student already dog area up because.,Position conference let away.
FDBK93398,CUST105285,2021-05-03,4,Wear dream notice as nothing leg.,Teacher nice southern spring.
FDBK93399,CUST103398,2021-05-19,5,Political clearly dinner even last.,Where whom teach along way.
FDBK93400,CUST107692,2021-02-09,4,Knowledge consumer whether hundred.,Exist require seven.
FDBK93401,CUST100054,2023-11-26,4,Seek feeling ahead buy say cup police ready.,Every by final already.
FDBK93402,CUST109603,2021-07-02,3,Subject possible nature prevent fall.,Reflect nor choice onto.
FDBK93403,CUST108175,2023-09-12,4,Claim resource cost care sound contain.,Man cold enjoy moment.
FDBK93404,CUST106000,2023-07-29,1,Than tree heavy lead black road wrong.,Recognize talk space.
FDBK93405,CUST104509,2022-01-04,2,International program my voice bag.,News choose somebody.
FDBK93406,CUST108386,2022-11-16,5,Strong myself dream discuss step field win.,Want parent lose according.
FDBK93407,CUST102373,2023-09-08,2,Week very region protect nice gas agree.,Best least offer board.
FDBK93408,CUST108631,2023-01-12,5,Dog describe success seven agent.,Stuff through bit to.
FDBK93409,CUST102662,2022-05-25,1,Idea those opportunity everything wife.,Agree recently vote.
FDBK93410,CUST101922,2022-12-04,1,Box few professor respond get paper everyone dog.,Book interview before box.
FDBK93411,CUST105898,2023-01-01,2,Majority true recently up film.,Yeah herself happy a.
FDBK93412,CUST100455,2023-02-09,3,Team charge much daughter series.,Traditional sort huge city.
FDBK93413,CUST102649,2021-05-14,5,Six series according size.,Decision inside state ball.
FDBK93414,CUST102994,2023-01-09,3,Area trouble partner.,Road on thank.
FDBK93415,CUST104489,2021-11-25,1,Production over test page watch forget offer.,Remember physical sure.
FDBK93416,CUST109568,2021-10-03,4,Between administration impact available.,Stage me sea.
FDBK93417,CUST106130,2022-03-15,5,Cover past nice bill reveal choice.,Plan bit sort member music.
FDBK93418,CUST107900,2021-01-01,5,The already worry ask million sound.,Guess special side laugh.
FDBK93419,CUST108018,2023-06-28,1,Possible pay large maybe.,Move chance vote respond.
FDBK93420,CUST108293,2023-08-21,3,Learn ability light day evidence.,Draw public probably ball.
FDBK93421,CUST104532,2021-03-06,4,Half whom discuss difficult.,During voice front go.
FDBK93422,CUST106032,2023-09-07,2,Cut democratic say record former.,Thing study meeting.
FDBK93423,CUST101024,2022-09-08,4,Agree effort what within.,Guy conference often.
FDBK93424,CUST109982,2022-11-29,3,Reach cup water decade return.,Single case field hotel not.
FDBK93425,CUST108182,2021-08-06,1,Respond window minute.,Director note author local.
FDBK93426,CUST107046,2022-09-22,4,Both environment participant outside herself.,Water take fact particular.
FDBK93427,CUST109064,2023-08-04,2,Treat produce career drop.,Bank well within side.
FDBK93428,CUST105202,2022-11-07,3,Offer hot cultural mention young.,Particularly it go above.
FDBK93429,CUST106844,2023-06-25,4,Actually thus second reason everybody.,Medical place better.
FDBK93430,CUST104660,2021-06-08,4,Wait cup church everything later item cell.,Now energy week cup.
FDBK93431,CUST105357,2021-03-25,4,Serious that Democrat coach.,Leg wife at anything share.
FDBK93432,CUST101062,2023-09-12,1,Character check into they particular animal.,Well meet behind specific.
FDBK93433,CUST100216,2023-07-30,4,Away compare seek contain.,Kid east still nature.
FDBK93434,CUST105770,2023-01-21,1,Floor indicate bill course attack.,Whom beyond force.
FDBK93435,CUST105523,2023-09-28,2,Member inside view total pull.,Three of knowledge list.
FDBK93436,CUST109020,2022-11-16,1,Make friend lose design.,Top travel such save dream.
FDBK93437,CUST107461,2023-07-09,2,Debate ability single.,Night ten wonder cut enter.
FDBK93438,CUST100488,2022-04-01,5,Short improve matter change available citizen.,Knowledge another peace or.
FDBK93439,CUST102155,2022-09-17,5,So what commercial range.,Impact technology media kid.
FDBK93440,CUST103816,2021-08-22,2,Arrive material understand factor produce boy.,Oil seat important world.
FDBK93441,CUST100428,2022-04-23,1,Often nice inside only your approach whose.,Leave contain support.
FDBK93442,CUST107545,2021-03-19,1,Identify find fear.,Money like run Democrat.
FDBK93443,CUST107706,2023-09-27,3,Science entire success play doctor.,Create hour store draw later.
FDBK93444,CUST101909,2022-11-11,5,Dog possible evening. Few book that.,True discussion us seek.
FDBK93445,CUST107801,2023-03-07,1,Read large old international pick.,Ten more green decide.
FDBK93446,CUST101078,2021-08-30,3,Threat resource put with game bank.,Whole other up do explain.
FDBK93447,CUST105253,2021-10-19,5,Name group little notice eight.,Less create turn season them.
FDBK93448,CUST104503,2021-09-12,1,Would off include painting forget whole.,Car care city always cup.
FDBK93449,CUST105349,2023-12-17,2,Standard full amount best heavy.,Pass behind visit week.
FDBK93450,CUST109199,2023-09-11,4,Trade individual four.,Of box perhaps hold.
FDBK93451,CUST108526,2021-10-28,4,Fire main stand measure hear debate.,Myself fire every boy.
FDBK93452,CUST102638,2023-02-26,5,Six hotel foot whether member red hear.,Support quickly analysis.
FDBK93453,CUST103105,2022-05-02,3,Read perform week pressure.,Attack himself matter.
FDBK93454,CUST107101,2023-08-03,5,Tv street herself attention dream civil.,Poor move ground need.
FDBK93455,CUST106740,2022-10-11,3,All theory tend light institution training.,Program skin star almost.
FDBK93456,CUST108288,2021-05-30,2,Election baby cost. Mrs price baby parent.,Care economy lose energy.
FDBK93457,CUST102209,2022-02-04,4,Respond worry live somebody give type light.,Our we friend decision baby.
FDBK93458,CUST101910,2022-06-23,1,Evidence believe ever pay professor.,Believe camera become just.
FDBK93459,CUST106241,2021-06-12,3,Week though set politics little.,Wife her stuff church third.
FDBK93460,CUST106267,2022-07-18,1,Security ever new happen over finish.,Real seat necessary when.
FDBK93461,CUST107296,2022-03-01,3,Picture yet light blue goal evening.,Question model reveal rise.
FDBK93462,CUST105446,2022-10-24,1,Must serious ten summer really.,Skill public art picture.
FDBK93463,CUST104565,2022-08-31,4,Board company more. Experience hope move decide.,Ready receive market just.
FDBK93464,CUST103744,2021-10-03,5,Moment it student believe require nice.,Task father recently.
FDBK93465,CUST106692,2023-11-24,4,Rate customer case job change.,Model two true push.
FDBK93466,CUST106705,2023-06-28,3,Food one poor statement be.,Hope issue yet want.
FDBK93467,CUST107493,2022-05-16,4,Consider drive enough compare commercial when.,Its pull charge moment.
FDBK93468,CUST100497,2022-04-15,5,Top before sort mention movie traditional.,Ok actually drug single.
FDBK93469,CUST105282,2023-12-14,5,Financial free item ability compare difference.,Sister part base kid.
FDBK93470,CUST107311,2021-04-02,1,Site sort building. Central second success.,Majority perform training.
FDBK93471,CUST101326,2023-07-01,2,Baby manager participant task.,Base most want.
FDBK93472,CUST102265,2021-09-30,2,Relationship red indeed hour.,Run admit daughter worker.
FDBK93473,CUST107103,2021-02-09,3,Energy military crime including.,Senior fish society keep.
FDBK93474,CUST106884,2021-08-22,3,Both control us spend writer type ready care.,Thank door red last.
FDBK93475,CUST106759,2022-05-03,2,Range kitchen smile fast his environmental.,Wife finish heavy evening.
FDBK93476,CUST106440,2022-07-28,3,Child total data to.,Design share since debate.
FDBK93477,CUST105482,2023-02-26,5,Democrat part president hour still.,Still TV list within.
FDBK93478,CUST108365,2022-07-15,2,Option whatever deep service.,Key brother scientist dark.
FDBK93479,CUST100437,2022-01-09,1,Need establish huge once.,Where similar fly stand.
FDBK93480,CUST106193,2021-03-23,4,Action also home night.,Scene doctor fill.
FDBK93481,CUST109233,2021-12-15,1,Significant later see father physical.,Bad end game give.
FDBK93482,CUST102224,2023-11-05,5,Certainly bill inside game politics raise.,Lead garden security six.
FDBK93483,CUST107837,2021-11-08,5,Similar concern trip enter.,Task story this cause.
FDBK93484,CUST107182,2023-01-22,4,Much trade sit despite young community move.,To leave professor dog.
FDBK93485,CUST103793,2023-10-12,1,Art bar hot mother join alone something.,Vote buy car father herself.
FDBK93486,CUST107823,2022-08-05,5,Make national really before shoulder father your.,Result base its pick best.
FDBK93487,CUST107386,2022-08-13,4,Girl each fly teach company hit raise.,Standard admit in Mrs major.
FDBK93488,CUST106144,2022-02-05,1,Arrive difficult wife make.,Return race former one born.
FDBK93489,CUST106538,2021-10-27,5,Month seek onto perform view.,Technology according play.
FDBK93490,CUST102726,2021-07-13,2,Strategy box should.,Data wrong edge.
FDBK93491,CUST101481,2022-07-11,4,Factor own kitchen account challenge single.,Many thing no.
FDBK93492,CUST108328,2021-12-24,2,Identify return goal recent do.,Plant author win change war.
FDBK93493,CUST109616,2022-03-06,4,Law specific special second.,Figure fight ago improve.
FDBK93494,CUST102274,2023-05-31,5,Mother woman party often show can.,Show station can structure.
FDBK93495,CUST109161,2022-09-04,5,Part majority central physical quite including.,Bar whole effect.
FDBK93496,CUST101011,2021-02-24,2,Tree past common answer large fire travel.,Talk might hot recognize.
FDBK93497,CUST105198,2022-05-13,4,Reach debate activity might major.,Area wide oil result.
FDBK93498,CUST100703,2023-09-07,3,Speak floor seek.,Listen hope husband.
FDBK93499,CUST107782,2022-03-01,1,Degree bank throw ground really might door.,Why energy author reflect.
FDBK93500,CUST100681,2022-05-21,1,Store prevent possible onto often middle.,Cup PM able tell.
FDBK93501,CUST102943,2023-08-19,1,Exist keep shoulder.,Still employee field.
FDBK93502,CUST107604,2021-09-26,1,Today ready wrong lose laugh let.,Class young return kid.
FDBK93503,CUST100607,2021-03-29,5,Age his keep music data institution society.,Along under street right.
FDBK93504,CUST108807,2022-04-21,4,Senior face choose reality do science.,Network budget night.
FDBK93505,CUST103904,2021-03-09,2,Science possible well western.,And word cold seem us.
FDBK93506,CUST101933,2023-01-23,2,New fund maybe those must.,Design himself threat white.
FDBK93507,CUST103271,2023-02-11,5,Long sit particularly appear poor sing.,Daughter onto job investment.
FDBK93508,CUST107166,2022-11-11,5,Finally nothing with laugh.,Huge exist television act.
FDBK93509,CUST103867,2023-05-02,1,Student research somebody fact how.,Buy mission color group.
FDBK93510,CUST105251,2021-01-17,3,Collection season herself not simple.,Democrat music task.
FDBK93511,CUST106767,2022-06-26,1,Speak role car.,Environmental win home open.
FDBK93512,CUST108297,2022-01-19,5,Material happy wide report one phone.,Project sister almost child.
FDBK93513,CUST103435,2021-12-14,2,Change college also important player nation try.,Enough whole fear same.
FDBK93514,CUST101951,2023-03-17,4,Type fall not road often work.,Moment trial race.
FDBK93515,CUST105162,2022-11-30,1,Create seem wife yes prevent only.,Investment act rate popular.
FDBK93516,CUST109464,2023-04-12,3,Future article can bill speech official.,Product ok foreign economic.
FDBK93517,CUST103014,2021-04-28,1,Plan military amount make happen art up.,Major factor lot get.
FDBK93518,CUST107899,2021-11-06,3,Recent leave pull which contain.,Brother light concern.
FDBK93519,CUST106637,2022-12-11,1,Different movement expect seem the song.,When customer play.
FDBK93520,CUST103501,2023-08-15,3,Gas for man send defense federal natural sea.,New others glass use.
FDBK93521,CUST100721,2022-05-28,2,Teach appear night husband senior.,Line trial west play.
FDBK93522,CUST105084,2023-08-13,4,Black run field politics.,Those hot present next.
FDBK93523,CUST101502,2021-05-11,2,Easy describe hope call what probably glass.,Per already staff raise.
FDBK93524,CUST102731,2021-05-19,1,Share box more beyond billion.,Actually carry report remain.
FDBK93525,CUST109741,2023-02-19,4,Which stop much author.,Prove response me.
FDBK93526,CUST102521,2021-04-14,3,Listen more tough you. Role entire poor project.,Family owner real thus wish.
FDBK93527,CUST101176,2022-02-21,2,Before money without fight.,Size month most professional.
FDBK93528,CUST108757,2021-02-10,4,Learn law stand exist. West card class sea.,Dream try church week.
FDBK93529,CUST104128,2023-02-11,1,Several leg tax we friend down rich.,Break red she view.
FDBK93530,CUST109956,2021-08-16,4,Despite relate few its. Star call receive.,Result cup pressure.
FDBK93531,CUST107978,2023-08-08,5,Every this step similar.,Kitchen suddenly include.
FDBK93532,CUST100442,2021-04-18,3,Option scientist organization coach.,Sit special wish middle.
FDBK93533,CUST101151,2022-03-31,3,Raise dog north tonight.,Reduce job sit serve herself.
FDBK93534,CUST100340,2023-06-24,4,Try wrong old. Officer film relate the.,Source note realize beyond.
FDBK93535,CUST109143,2021-12-23,2,Picture imagine back fill question itself.,War skill use.
FDBK93536,CUST106529,2023-05-01,4,Poor wife seek.,Final wait reach page.
FDBK93537,CUST108453,2021-05-01,4,Care heavy field.,Among good side black member.
FDBK93538,CUST102613,2023-06-09,1,Policy seat arrive which fish responsibility.,Just beat ten military form.
FDBK93539,CUST107621,2023-05-11,4,News answer star space.,Myself him scene wrong.
FDBK93540,CUST107388,2023-07-21,3,Yes adult recently imagine much miss sound tell.,Hard nearly white us.
FDBK93541,CUST106201,2021-03-27,1,Begin base increase quality end wall game.,New off learn thousand.
FDBK93542,CUST101377,2023-05-04,4,Weight some friend indeed eight conference.,Glass social beyond possible.
FDBK93543,CUST108070,2022-02-26,4,Prove sport radio together.,Sell worry white.
FDBK93544,CUST100626,2022-12-08,3,Sea teacher ability maintain.,Soldier sense movement.
FDBK93545,CUST105380,2023-07-10,1,Sound marriage very no assume large form one.,Structure deep hour Mr star.
FDBK93546,CUST103246,2022-12-19,5,Notice task positive rest.,Health cut certainly score.
FDBK93547,CUST104345,2023-10-26,4,Less open international consider.,Trial attention better guess.
FDBK93548,CUST109083,2023-11-08,5,Hotel mention city young.,Reflect whole office final.
FDBK93549,CUST103631,2022-02-16,3,Wind job wait city.,Project option buy today.
FDBK93550,CUST107623,2023-03-09,2,Special out here key sing environment.,Range wind leg close.
FDBK93551,CUST108990,2023-04-18,2,Pull section save people.,Color notice loss impact.
FDBK93552,CUST101942,2022-10-20,4,Manage weight give whether.,Subject leader outside drive.
FDBK93553,CUST108399,2022-02-13,4,Result ever chance goal back.,Western walk doctor.
FDBK93554,CUST105326,2022-06-30,3,Fact whose expert sound.,Hour various Republican.
FDBK93555,CUST103248,2022-12-13,1,Product organization sort interesting painting.,Yard current behind reveal.
FDBK93556,CUST106948,2023-05-10,4,Usually believe across material know.,Raise Mrs present right.
FDBK93557,CUST108540,2022-08-06,2,Politics public human.,Value cold data guess.
FDBK93558,CUST105650,2023-04-11,3,Nothing center value.,Trade lose idea.
FDBK93559,CUST101096,2022-10-27,1,Him pick account though raise.,Course single able.
FDBK93560,CUST103517,2021-07-12,3,Positive significant individual yeah peace here.,Bill live power night.
FDBK93561,CUST102835,2021-04-17,4,Threat scientist hand prevent use boy.,Eat brother eye.
FDBK93562,CUST109866,2022-07-25,2,Might exactly suggest quickly process skin but.,Them manage you ready.
FDBK93563,CUST109377,2021-11-06,3,Do the together world to.,Drive expect as few.
FDBK93564,CUST101446,2021-06-03,2,Right even nothing treatment behavior memory.,Deal offer them begin early.
FDBK93565,CUST107349,2023-04-02,4,Sometimes second newspaper college.,War bag compare when.
FDBK93566,CUST101987,2023-09-20,3,Area cause drive relate mean month never.,Right TV fine.
FDBK93567,CUST105048,2021-05-30,1,Act hot question company.,Major hard system huge fly.
FDBK93568,CUST102211,2021-02-17,4,Someone boy effect. Place strong state surface.,Operation senior current.
FDBK93569,CUST102099,2021-03-19,2,Ago long possible drive television far.,Win network painting.
FDBK93570,CUST101147,2022-03-28,4,Grow full many rather involve.,From structure those.
FDBK93571,CUST106739,2023-11-14,1,Mention anything bank successful such chair.,Early beautiful specific.
FDBK93572,CUST107595,2023-09-06,5,Modern hard cold whom important finish.,Fight view teach ever.
FDBK93573,CUST102207,2021-10-08,5,Debate it available clear experience bring.,Big thought decade some read.
FDBK93574,CUST108864,2023-12-07,4,Most big medical indeed involve area.,Kitchen debate end read.
FDBK93575,CUST104923,2023-05-30,3,Region couple who value red.,Many force option.
FDBK93576,CUST100452,2021-12-22,5,Lead democratic capital respond investment.,Arrive find let system.
FDBK93577,CUST109605,2021-04-19,4,Indicate guy focus.,Man indeed race.
FDBK93578,CUST100640,2023-09-14,4,Role international edge report.,Service learn claim bar.
FDBK93579,CUST102292,2023-01-16,1,Responsibility open get discussion series.,Dream heavy seek quality.
FDBK93580,CUST101386,2022-10-10,1,Do issue around.,My security energy.
FDBK93581,CUST105990,2023-02-05,4,Environmental can career light.,Peace piece Mrs fly kind.
FDBK93582,CUST107019,2023-03-16,1,Might area not compare bad yourself.,Over free that.
FDBK93583,CUST101173,2023-02-12,1,A property early bill citizen common.,Team increase probably.
FDBK93584,CUST105657,2021-06-23,3,Specific capital treatment court artist.,Free firm expert ago.
FDBK93585,CUST108630,2021-03-11,3,Evidence them book film.,High win college hour.
FDBK93586,CUST109261,2023-11-19,4,Western line perhaps top deal that.,Whatever no newspaper old.
FDBK93587,CUST108625,2022-04-28,2,Include national source you leave move although.,Recognize black short seek.
FDBK93588,CUST108140,2021-03-02,3,Low economic likely marriage.,Resource sure save.
FDBK93589,CUST107912,2023-10-03,1,Population gas father strategy.,Degree seat whatever.
FDBK93590,CUST102585,2021-05-24,3,Wall share interview create.,Night risk true land age.
FDBK93591,CUST101795,2021-10-08,3,So camera southern gas.,Down nice dog.
FDBK93592,CUST104276,2022-04-08,2,Various during quality arrive career.,Provide hour section doctor.
FDBK93593,CUST106006,2022-12-01,2,Fight better red. Dream serious happen.,Walk mention claim another.
FDBK93594,CUST102006,2021-03-11,3,People data discuss few no.,Street end away real.
FDBK93595,CUST101207,2021-04-10,1,Actually it cultural up strong.,White bit who ability rich.
FDBK93596,CUST100102,2023-01-31,5,Service again expect operation.,Brother toward nice fish.
FDBK93597,CUST102756,2022-05-08,2,Not work book fund even share.,Share parent good.
FDBK93598,CUST108117,2022-06-13,4,Floor organization above. Girl kitchen mind.,Respond note ten seven.
FDBK93599,CUST103493,2023-01-22,3,Chance local wait act book design.,Laugh just bag any.
FDBK93600,CUST105219,2022-02-23,1,Budget program Mr identify decision wonder.,Remember himself lot husband.
FDBK93601,CUST109451,2022-12-03,4,Modern until born field medical state sign.,Morning fish sit interest.
FDBK93602,CUST105498,2023-06-13,3,Point often both.,Film class arrive apply.
FDBK93603,CUST104482,2021-04-04,1,Loss light left own.,Product article fill both.
FDBK93604,CUST102111,2022-04-13,2,Health test eat night.,Will air reach.
FDBK93605,CUST108060,2021-03-04,4,Traditional turn father beat across.,Do every may commercial time.
FDBK93606,CUST100092,2022-09-02,1,Measure picture company drug.,Car expect whether.
FDBK93607,CUST109273,2022-03-16,1,Style sign hair try. Coach per movement song eat.,House research how.
FDBK93608,CUST109117,2021-05-16,1,Today trip late money.,Lot today buy blue budget.
FDBK93609,CUST101577,2023-02-10,3,Call over every child only population right.,Home soon she something.
FDBK93610,CUST102496,2021-05-22,4,Easy claim difference go keep high.,Mission network cell sound.
FDBK93611,CUST101534,2023-04-15,3,Military bill enjoy security remain.,Hair experience his edge.
FDBK93612,CUST107242,2022-02-12,4,Alone artist free war operation common level.,Read news west ten very.
FDBK93613,CUST108391,2021-07-16,5,Fish teach young team check authority.,Within who form field.
FDBK93614,CUST105595,2022-01-21,3,Across bring its newspaper interesting lay cell.,Each pay animal.
FDBK93615,CUST102811,2023-07-02,4,Light outside he serious building group body.,Professor work let find.
FDBK93616,CUST102828,2023-02-19,2,Prevent than year.,Prepare at list your account.
FDBK93617,CUST109256,2023-10-10,1,Work newspaper wonder less movie stay contain.,Onto political subject past.
FDBK93618,CUST106624,2022-12-24,3,Form seek lot opportunity process control.,Account society carry.
FDBK93619,CUST108272,2022-06-17,5,Sure reality I threat.,Four place action consumer.
FDBK93620,CUST109056,2023-04-04,4,Maybe avoid agree just glass little.,Camera pattern minute make.
FDBK93621,CUST106831,2021-06-08,1,Deep everybody oil food free.,Military all right how edge.
FDBK93622,CUST100212,2022-11-11,5,Into language career capital.,Seek training piece think.
FDBK93623,CUST104469,2023-10-23,2,Right affect less.,Pass approach word.
FDBK93624,CUST105619,2021-09-24,3,Commercial art short step.,Chair us determine.
FDBK93625,CUST107430,2021-11-14,1,Factor who another.,Identify note simply friend.
FDBK93626,CUST103870,2022-05-29,4,Trouble book example large among foreign front.,Summer foot old test media.
FDBK93627,CUST105327,2023-02-24,5,Sure interest pay especially article sing.,War couple new.
FDBK93628,CUST105038,2023-08-29,2,Build risk order role however young.,Another get tree.
FDBK93629,CUST100784,2023-06-07,2,Standard far hold good.,True moment identify.
FDBK93630,CUST104639,2022-03-15,5,To article threat little light probably.,Seven south receive heavy.
FDBK93631,CUST101432,2021-02-11,4,Expert none report response drop site.,Here information life factor.
FDBK93632,CUST109559,2022-01-07,2,Middle expert wide discuss north might.,Again issue other field.
FDBK93633,CUST100100,2022-12-31,3,Four morning detail second sell anything program.,Author author field wide.
FDBK93634,CUST109893,2022-01-13,3,Great pay subject different hit inside.,All before hear head.
FDBK93635,CUST102744,2022-07-30,1,Unit table message manage research second future.,Skill physical later.
FDBK93636,CUST109352,2021-12-29,5,Ago plant blue single son get town.,Million class mother.
FDBK93637,CUST104803,2021-12-06,1,Think office view enter little north feel energy.,Under yard throughout alone.
FDBK93638,CUST107161,2022-09-14,3,Up outside impact who various risk relate.,Anything shoulder right pull.
FDBK93639,CUST106015,2023-04-23,3,Much traditional free machine foreign suddenly.,Spring remember amount.
FDBK93640,CUST105226,2021-01-28,2,Deep space news site past.,Still direction believe dark.
FDBK93641,CUST109664,2022-08-08,1,Agree worry into less.,Agency soon rock.
FDBK93642,CUST104104,2021-05-14,3,Western do throw. Huge guess if hear audience.,Throughout perform my glass.
FDBK93643,CUST107872,2021-01-28,1,Research need left art church development.,Really coach physical low.
FDBK93644,CUST102881,2021-09-26,5,Notice close religious.,Walk smile too book to.
FDBK93645,CUST101392,2021-03-28,2,Follow technology put body.,Money with tax address.
FDBK93646,CUST100708,2023-12-07,5,Hotel table play feeling.,Seem off full teach.
FDBK93647,CUST108547,2022-01-30,2,Event opportunity national road upon hand side.,Head above herself lot.
FDBK93648,CUST106387,2023-01-29,2,Late effort myself recent.,Paper star their thing.
FDBK93649,CUST101290,2021-08-01,1,Anyone guy research or whose drop face.,Mother must me kitchen.
FDBK93650,CUST104129,2022-02-12,2,Magazine visit wife meet agency.,Memory response song.
FDBK93651,CUST104357,2021-11-27,4,Imagine enough choice defense decide.,Person soldier listen rich.
FDBK93652,CUST107192,2023-12-05,4,Administration deep ask strong own ability.,These since ever sort.
FDBK93653,CUST103067,2022-07-14,3,Base put why red two. Among four edge.,Anyone budget exactly.
FDBK93654,CUST105575,2021-10-25,5,Space indeed often nature return story.,Authority recently risk yeah.
FDBK93655,CUST100761,2023-10-19,1,Serve street night we huge capital work.,Assume pretty movie figure.
FDBK93656,CUST102008,2021-02-28,3,Interview help relate. Special where expect.,Speak decision call report.
FDBK93657,CUST106387,2021-10-12,3,Popular president at stay discover seem.,Seek beat even.
FDBK93658,CUST105742,2021-03-09,1,Together full across table sister whatever.,Seem appear leave if current.
FDBK93659,CUST107741,2022-08-17,1,Our financial let newspaper.,Number change my.
FDBK93660,CUST102413,2022-07-12,1,Animal fight be act.,Shake that short.
FDBK93661,CUST105372,2021-06-09,2,Drop memory affect recognize begin.,First size her they.
FDBK93662,CUST104005,2021-12-17,5,Industry she bit contain.,President goal woman appear.
FDBK93663,CUST107477,2023-02-18,1,Various heavy then single south.,Tend thus law various heart.
FDBK93664,CUST107537,2022-02-07,5,Environmental wonder question able fine serious.,Through movie suddenly throw.
FDBK93665,CUST106042,2021-07-10,2,Course southern TV along property and.,Believe before gas.
FDBK93666,CUST103549,2023-11-24,3,Remember early give section.,Money today institution seek.
FDBK93667,CUST104446,2021-09-05,3,Between maybe bad strong.,Process house professor only.
FDBK93668,CUST106944,2022-10-01,5,Court bring commercial tonight.,They arrive news establish.
FDBK93669,CUST100050,2021-12-15,4,Look hundred join moment professional than as.,Soldier around ok over.
FDBK93670,CUST108345,2023-07-30,2,History maintain meet final.,Involve stuff quite.
FDBK93671,CUST100561,2021-01-18,5,Language price south Democrat.,School still environmental.
FDBK93672,CUST109246,2022-08-17,5,Store decision within item. Rule Mr thought near.,Boy it as whatever.
FDBK93673,CUST107612,2023-06-13,5,Always evening school draw hotel.,Think cover up would notice.
FDBK93674,CUST100674,2023-04-28,5,Far idea director institution spend family.,Too knowledge person into.
FDBK93675,CUST104419,2021-01-03,5,Likely would respond thing imagine.,Whose hair newspaper perform.
FDBK93676,CUST103812,2021-11-12,4,System tonight cup less drug method analysis.,Fast west seat suggest.
FDBK93677,CUST100263,2021-07-27,2,Song open reveal degree.,Religious must star truth.
FDBK93678,CUST101861,2023-03-23,4,Between production wonder detail.,Pick fight think open manage.
FDBK93679,CUST102127,2021-07-13,2,Save individual million girl.,Water provide final.
FDBK93680,CUST107055,2023-05-10,4,Lawyer test thought animal far issue your.,Color trip room street.
FDBK93681,CUST103120,2021-09-09,4,Claim bad society.,Letter face public cover.
FDBK93682,CUST101613,2023-10-17,3,Fall him finally community.,School line scene.
FDBK93683,CUST103973,2021-03-09,2,Today hair treat security.,Hold student in air two upon.
FDBK93684,CUST104412,2023-01-03,2,Catch lay several red.,Method general true think.
FDBK93685,CUST101873,2021-12-01,4,International plant across travel easy close.,Sense treat space.
FDBK93686,CUST107861,2022-01-24,2,More visit easy any figure start us.,Speech stand reason.
FDBK93687,CUST104074,2021-09-09,4,Commercial arm pressure citizen.,Message open money.
FDBK93688,CUST105280,2023-09-18,3,Building arrive fill player than.,Develop serve he my.
FDBK93689,CUST105535,2022-10-01,5,Minute two any know break authority.,Run community outside later.
FDBK93690,CUST106862,2022-07-07,2,Board treat recent necessary and difference.,Fish report per benefit.
FDBK93691,CUST102275,2022-05-04,2,Million movement father night.,Account until see.
FDBK93692,CUST106937,2022-04-12,1,Camera still quality. Claim hope too.,Hold low around.
FDBK93693,CUST102681,2022-04-03,2,Share air product standard when right.,Argue able our present after.
FDBK93694,CUST103097,2022-12-23,4,Fund his public. Few yeah people center floor.,Card long benefit tax.
FDBK93695,CUST105318,2022-01-19,4,Leg bad with old finish grow.,Today any gun house care.
FDBK93696,CUST107964,2021-12-11,5,Say continue stay wait.,Institution each read.
FDBK93697,CUST100238,2023-05-27,4,Very save statement produce weight.,Offer politics thank great.
FDBK93698,CUST102164,2023-01-05,1,Tell position lose short. Land coach as.,Year successful as marriage.
FDBK93699,CUST104756,2021-06-14,2,College hope how yes push yes herself way.,Bag determine music.
FDBK93700,CUST106083,2022-11-07,2,Laugh third begin.,Air easy hair suddenly.
FDBK93701,CUST108018,2023-01-18,5,Smile yard chance life.,May loss reality turn.
FDBK93702,CUST107561,2021-06-23,2,Think story each trade point me.,Which middle chance.
FDBK93703,CUST104925,2023-12-12,2,School bar small.,Little gas act wait.
FDBK93704,CUST107641,2021-04-22,5,Head increase success partner garden attention.,Machine our side close.
FDBK93705,CUST104511,2021-03-16,1,Call low common break even industry.,Recent white body.
FDBK93706,CUST101268,2023-06-06,4,Low garden partner worker medical development.,Nice around blue event.
FDBK93707,CUST104687,2021-01-29,2,Term represent second church.,Fear commercial effect and.
FDBK93708,CUST109112,2022-06-20,2,Question effort citizen.,Commercial value hundred him.
FDBK93709,CUST105079,2023-01-20,3,Wear none million apply culture off.,Side maybe audience.
FDBK93710,CUST101960,2022-12-26,5,Month pattern little a.,Station fill by treatment.
FDBK93711,CUST108492,2022-02-21,1,Require glass play wife house.,Significant meet four.
FDBK93712,CUST101665,2021-06-09,3,Wonder three present food seem.,Service notice wrong doctor.
FDBK93713,CUST103075,2022-02-21,3,Place somebody perform campaign rate common.,Manage first see.
FDBK93714,CUST105746,2022-11-11,4,Sister mission often strategy long price.,Letter back present person.
FDBK93715,CUST104569,2021-07-09,2,Man trial people none statement well.,Create health rule.
FDBK93716,CUST108672,2022-10-29,1,Behavior never this seek matter range.,Minute heart either anyone.
FDBK93717,CUST106627,2023-10-31,1,Firm purpose drive tell song manage.,Painting cold thank.
FDBK93718,CUST101638,2023-05-19,5,Pattern standard threat fire land.,Rule lose less nature tell.
FDBK93719,CUST102196,2023-06-01,1,Share tax responsibility understand population.,The case human.
FDBK93720,CUST108580,2022-12-22,3,Old skin evidence case cost.,Others its among water Mr.
FDBK93721,CUST100812,2021-02-12,5,Team crime poor.,Data long fight boy.
FDBK93722,CUST101199,2022-04-26,5,Part fear international recently.,System mention clearly movie.
FDBK93723,CUST105637,2021-09-11,2,Family public stay mean two head teach.,Various all about.
FDBK93724,CUST104377,2022-09-15,3,Interest region trial fact.,Treatment night exist who.
FDBK93725,CUST109362,2021-01-21,3,Open see industry wonder.,Difficult hour dinner.
FDBK93726,CUST105116,2023-04-27,1,Trouble safe pretty front.,Ok sure green art accept.
FDBK93727,CUST103498,2023-07-03,5,Drive everyone discuss nothing.,Half short stage keep.
FDBK93728,CUST107758,2022-09-22,4,First investment cause personal back.,General friend soon bit.
FDBK93729,CUST102838,2022-10-11,5,Magazine treatment exist else happy.,Hotel wish fact large though.
FDBK93730,CUST107422,2021-07-06,2,Machine option mission bed give.,Early alone police way.
FDBK93731,CUST104562,2023-01-20,1,Great some maybe and huge cover.,Oil agreement event per job.
FDBK93732,CUST100747,2022-03-04,2,Environment toward race whether occur.,Law thing top way.
FDBK93733,CUST101392,2021-04-08,1,Finally these address play board stuff their.,Simply style weight point.
FDBK93734,CUST105393,2022-08-02,1,Chance involve since how organization.,Option image grow.
FDBK93735,CUST107159,2021-10-01,1,Travel road him show hit.,West price bar.
FDBK93736,CUST100404,2021-05-21,3,Travel majority foreign up. Law book energy yes.,Response year still down.
FDBK93737,CUST105464,2023-11-30,1,Difficult possible fact line.,Democratic order stuff throw.
FDBK93738,CUST102318,2023-12-29,3,Game because citizen long since.,Manage also purpose item.
FDBK93739,CUST104090,2022-07-13,2,Room score usually mean until.,Fund him fact well level.
FDBK93740,CUST108205,2022-09-07,1,Brother plant really list.,Money establish arrive.
FDBK93741,CUST108012,2021-10-27,5,Some add need decade professor.,Number break pay develop.
FDBK93742,CUST103472,2022-07-12,3,Determine something dark if professional from.,Town she newspaper class.
FDBK93743,CUST105072,2023-12-04,3,Adult hour effort word clear.,Society mind face never.
FDBK93744,CUST100901,2022-09-10,3,Budget center hear ago require table.,Face prevent federal before.
FDBK93745,CUST100548,2023-05-28,1,Answer gun natural business ready need our smile.,Force individual want miss.
FDBK93746,CUST105575,2021-03-15,1,Yet work total once. Finish stage low economy.,Challenge number much part.
FDBK93747,CUST100066,2023-11-07,3,Mission modern pressure standard region.,Majority heart anyone many.
FDBK93748,CUST103287,2022-01-06,4,Provide note teach room item direction this.,Military so anything quite.
FDBK93749,CUST107190,2021-09-18,2,Director bad apply work management brother.,Fact why individual.
FDBK93750,CUST107636,2023-09-24,2,Sit her admit near arrive poor.,Benefit care again value.
FDBK93751,CUST104883,2022-05-18,5,Miss middle be when approach oil.,Design time or it.
FDBK93752,CUST106210,2021-02-04,5,Whether value like where far part once.,Fund glass listen night.
FDBK93753,CUST103410,2023-05-22,5,Mr in receive you.,City short girl.
FDBK93754,CUST102019,2023-08-11,3,Stand majority ahead.,Source important ahead.
FDBK93755,CUST108192,2023-03-10,1,Fly money adult. Win fall modern I find blood.,Contain little future nearly.
FDBK93756,CUST102452,2021-03-18,2,Nation lawyer send foreign tough.,General goal most others.
FDBK93757,CUST101585,2022-03-20,2,Fly hundred sense world treatment black sister.,Four walk fine song.
FDBK93758,CUST100521,2022-11-03,2,Against serve mission try skill deep set.,Buy most view her product.
FDBK93759,CUST103357,2023-07-18,5,Mouth lead least picture.,Shake good meet bill policy.
FDBK93760,CUST104380,2022-01-01,1,Type traditional along.,Old help service throw avoid.
FDBK93761,CUST103074,2021-12-31,5,Doctor same kitchen major management assume.,Game piece keep force.
FDBK93762,CUST101259,2022-11-09,2,Up hundred serious back arm.,Grow ready trial.
FDBK93763,CUST108331,2021-06-07,2,Official national population eat standard player.,Move true whose authority.
FDBK93764,CUST100964,2022-05-26,2,Final term soon majority wife theory maybe.,Through or ok.
FDBK93765,CUST108403,2022-01-08,5,Movie indeed so carry author.,Four truth film job week.
FDBK93766,CUST102091,2023-11-03,3,Window again item record image.,South person reveal less Mr.
FDBK93767,CUST107756,2021-07-15,3,Fall theory check may. Right woman leader spend.,Heavy decision five deep.
FDBK93768,CUST109730,2022-05-21,3,If stop direction example red.,Face whose could board.
FDBK93769,CUST104497,2023-02-13,1,Large friend notice address.,Stock with modern likely.
FDBK93770,CUST109799,2022-04-08,1,Sometimes instead meet. Grow quite nor miss.,He best reach wide Mrs.
FDBK93771,CUST102982,2022-07-19,2,Friend town trouble third.,Take serious cost sister bit.
FDBK93772,CUST103640,2022-05-21,2,State current center several.,Board show radio do.
FDBK93773,CUST104860,2021-06-08,4,Last box least media. Bill again white.,Energy your side drug.
FDBK93774,CUST103856,2022-08-23,3,Different sure tax force according.,Lead just eye community.
FDBK93775,CUST103343,2021-09-01,5,Little speech too purpose total.,Bar night blood.
FDBK93776,CUST108435,2022-12-12,5,Ball back create finish.,Our stage play.
FDBK93777,CUST101087,2023-05-31,4,Ask himself approach race fall Republican.,Human page guy hard.
FDBK93778,CUST103191,2023-04-13,3,Hospital election build daughter.,Mr box outside few.
FDBK93779,CUST106549,2023-10-29,2,Level thousand water resource. Lawyer sit alone.,Possible build audience.
FDBK93780,CUST105748,2023-11-20,3,Suggest yard worry finish he build.,Lose deep goal partner.
FDBK93781,CUST106521,2022-01-12,3,What well reality really today standard easy.,Half piece appear.
FDBK93782,CUST101349,2023-12-05,5,Media notice buy expert.,Town economy senior support.
FDBK93783,CUST100452,2022-09-12,5,Edge fact economic suggest result.,Sure before low me.
FDBK93784,CUST107452,2021-02-01,2,Measure seat for own coach discussion.,Media fear talk kind school.
FDBK93785,CUST107379,2021-01-02,2,Rate front issue nothing recently.,Certainly politics them kid.
FDBK93786,CUST107506,2023-04-25,5,To much method performance although future it.,Education simply want we.
FDBK93787,CUST100255,2023-02-21,4,Need small another standard.,City media stay strong.
FDBK93788,CUST105970,2021-10-16,4,Family usually coach if other always main.,Theory keep politics morning.
FDBK93789,CUST107424,2021-02-05,1,Even shoulder half even point own.,Nothing within institution.
FDBK93790,CUST104687,2023-04-07,4,Some newspaper condition long thought effort.,Defense right cause positive.
FDBK93791,CUST102624,2021-10-13,5,Food prove maintain by measure.,City leg spend more that.
FDBK93792,CUST102986,2023-04-24,3,Security why walk.,Carry recent history wish go.
FDBK93793,CUST106189,2023-12-18,2,Seven both happy.,But baby threat top fire.
FDBK93794,CUST100925,2021-02-10,3,Official peace town back any.,Either society although low.
FDBK93795,CUST104524,2022-06-07,3,Surface social young.,Point by particular red.
FDBK93796,CUST107306,2021-05-28,3,Watch bed wait director.,Without dark note gun pay.
FDBK93797,CUST107388,2021-11-25,1,Less pattern later.,Card those kitchen.
FDBK93798,CUST105538,2023-02-07,3,However size involve speech.,High next idea experience.
FDBK93799,CUST103984,2022-11-19,4,Record hand myself still.,Few doctor reality rich.
FDBK93800,CUST106969,2021-11-23,2,The stage ground answer.,President world star.
FDBK93801,CUST100097,2021-07-29,3,Peace natural station appear left.,Serious necessary let.
FDBK93802,CUST109548,2022-04-04,2,Tough collection development seat else.,Color discuss city.
FDBK93803,CUST101705,2021-11-05,1,Born happy inside hotel.,My upon amount team key.
FDBK93804,CUST103705,2021-07-02,4,Mouth career week building.,Full weight national assume.
FDBK93805,CUST109046,2023-08-24,2,Heavy consumer remain sister.,Cut true politics thing bar.
FDBK93806,CUST106117,2021-06-21,4,Character side what news.,While effort sound figure.
FDBK93807,CUST107115,2022-11-29,1,Or if program successful have.,Far matter friend rise fast.
FDBK93808,CUST105665,2021-01-25,4,Page instead nothing describe church ground.,Room return market.
FDBK93809,CUST106313,2022-10-16,5,Prepare machine writer. She chance instead.,Budget test home learn.
FDBK93810,CUST103882,2021-10-12,2,Him along sense institution end account job.,Rule score year southern.
FDBK93811,CUST105600,2021-06-29,3,Beyond born explain cold contain green truth.,Police growth last free.
FDBK93812,CUST105448,2021-01-12,5,To body catch news race lose ball.,Country good view may.
FDBK93813,CUST109179,2023-01-01,1,Four with agree nation the or.,Decade prepare dark call.
FDBK93814,CUST106749,2021-08-11,3,Road scientist despite leader free impact.,Factor computer oil theory.
FDBK93815,CUST100914,2022-09-15,4,Think away free turn whom evidence.,Series view trouble.
FDBK93816,CUST107135,2022-04-22,2,Give among between safe young drive.,Senior child safe much any.
FDBK93817,CUST103289,2022-03-29,1,Say hospital degree wife.,Skin single give response.
FDBK93818,CUST107490,2023-02-16,4,Someone best nothing.,Young appear there.
FDBK93819,CUST101432,2023-11-16,2,Media actually ability left.,Activity act economy number.
FDBK93820,CUST104798,2023-06-05,5,So positive together stage price per.,Me that food better believe.
FDBK93821,CUST106010,2023-02-21,1,Dark lead smile.,Recent image law manager.
FDBK93822,CUST109531,2023-03-25,1,Own whatever animal effect question inside.,Analysis put can almost turn.
FDBK93823,CUST102560,2023-04-18,5,Even father free conference pressure throw might.,Stay purpose late win.
FDBK93824,CUST100890,2022-01-02,3,Fact hope life cut government major that old.,Know view reflect movie poor.
FDBK93825,CUST108241,2022-05-14,5,Others moment thus necessary last feel.,Then stay thus or.
FDBK93826,CUST103728,2021-12-02,3,Partner hard local cost discuss rule city.,Source event budget relate.
FDBK93827,CUST105102,2021-03-14,5,Should painting good tonight ago medical.,Voice spend get audience.
FDBK93828,CUST108094,2021-04-18,5,Republican assume region rest audience.,Newspaper author cut.
FDBK93829,CUST105231,2023-04-28,1,Protect short similar.,Money wife bar.
FDBK93830,CUST101169,2022-03-04,3,State too item actually discover any.,Nor case weight weight blood.
FDBK93831,CUST101643,2022-12-27,4,Hospital suffer between particular a.,Here sport cup leave.
FDBK93832,CUST100072,2022-06-15,4,Everything same Mr while increase play.,Model building city cup.
FDBK93833,CUST103030,2022-09-24,2,Probably even single southern.,Race be politics next reason.
FDBK93834,CUST105318,2021-03-13,1,Sound oil strong stand executive special draw.,Ten fear ever star.
FDBK93835,CUST101049,2023-12-04,1,Success short stuff even.,What among provide.
FDBK93836,CUST100610,2023-06-13,1,Girl value better more stock plant keep child.,Nor top serious nice.
FDBK93837,CUST108942,2022-12-26,2,Turn nice exactly visit fact admit fall.,Seem to car next answer.
FDBK93838,CUST106317,2022-08-02,2,She hit trial work can.,Under factor power hand.
FDBK93839,CUST100652,2021-05-25,1,Develop certainly stop break.,Follow after various treat.
FDBK93840,CUST103904,2023-04-28,3,Try machine voice interview attention.,Trial middle building create.
FDBK93841,CUST101747,2022-01-16,1,Act thought lawyer capital certain.,Move tonight west.
FDBK93842,CUST109249,2022-01-04,1,People meeting bring interesting.,Wish me past audience.
FDBK93843,CUST101310,2023-12-01,1,Beat law various human week occur amount.,Television sometimes program.
FDBK93844,CUST101961,2022-05-25,5,Site similar chair few be concern democratic.,Last war above standard need.
FDBK93845,CUST104981,2021-05-29,4,Campaign all property language.,Area task eye stay story.
FDBK93846,CUST104954,2022-09-24,5,Staff mention Republican staff camera on.,Sound meeting nature put.
FDBK93847,CUST102522,2023-10-30,3,Eye hair sense.,Process PM plant laugh.
FDBK93848,CUST106798,2022-07-03,5,Ask resource compare food pull consider.,Sister pick finally save.
FDBK93849,CUST106170,2021-09-22,4,Democrat chance issue one trouble big country.,Wish identify name trade.
FDBK93850,CUST104137,2023-04-04,1,Director deep seek we owner evening current.,Any sport box pull.
FDBK93851,CUST100831,2023-02-15,4,Commercial phone mean child decision maybe.,Ground pay name treat.
FDBK93852,CUST102726,2021-03-21,1,Person rest like memory suffer.,Kitchen cut by matter need.
FDBK93853,CUST101911,2021-04-05,5,New allow impact eye strategy long owner.,Room back arm.
FDBK93854,CUST108832,2021-09-18,2,Sort social assume why your my.,Pattern on drive sure.
FDBK93855,CUST108922,2023-08-04,3,World laugh radio change.,Kind hear left.
FDBK93856,CUST103016,2021-12-31,2,Eye certain coach lot and represent half pretty.,This member down member.
FDBK93857,CUST102635,2023-06-17,2,Event election easy admit discover suffer.,Rest present across build.
FDBK93858,CUST106960,2022-03-27,3,Phone position if call option.,Give chance suddenly before.
FDBK93859,CUST109218,2022-07-24,2,Rest sound region.,Phone able well term fill.
FDBK93860,CUST108703,2021-08-05,3,Only ability and time police.,Board blue blood huge artist.
FDBK93861,CUST105264,2022-11-01,5,Wide answer whose popular.,Service like already fine.
FDBK93862,CUST100498,2023-11-05,5,Tax include hundred market who look situation.,Close course article factor.
FDBK93863,CUST100169,2022-04-22,2,Behavior business many near expert too either.,Arrive left hundred.
FDBK93864,CUST107078,2022-01-21,4,Mind east worker dark.,Bad teacher little side put.
FDBK93865,CUST109963,2023-05-11,1,Million fight television a.,Position hotel speak ball.
FDBK93866,CUST102408,2021-03-22,2,Challenge best themselves effect along.,Door special culture hope.
FDBK93867,CUST103498,2021-03-23,1,News rich civil us.,Station dark strong.
FDBK93868,CUST107404,2021-06-02,4,Friend old information election production.,Sense floor you fear.
FDBK93869,CUST105569,2023-01-16,4,Describe focus create above detail.,Around project soldier he.
FDBK93870,CUST100010,2022-11-17,1,Change wonder situation PM front involve.,Reason follow anything air.
FDBK93871,CUST101031,2022-03-29,3,Community media about recent knowledge.,Remain trial character.
FDBK93872,CUST107202,2023-04-11,2,Artist religious improve challenge.,Five enter discuss amount.
FDBK93873,CUST107516,2023-06-12,2,Several apply measure woman this become feel.,Young many meet.
FDBK93874,CUST109800,2022-12-03,2,Shoulder thing where company measure last pick.,Though and economy.
FDBK93875,CUST106032,2022-03-30,1,Name rather try blue sort type.,Investment art wife.
FDBK93876,CUST109276,2021-01-29,4,Pretty least hand score through.,Recent party meeting.
FDBK93877,CUST101529,2022-05-31,4,We strong down house. Nation world hope off.,Speak cold notice because.
FDBK93878,CUST101239,2023-04-08,3,Of light professional listen.,Free beautiful alone.
FDBK93879,CUST107513,2023-10-14,4,Trip when whom company white prepare.,One war paper interview rule.
FDBK93880,CUST106032,2023-11-13,1,At sometimes leader program apply difficult.,Yeah thousand lay them once.
FDBK93881,CUST103522,2021-11-14,2,Mouth instead low author meeting near ahead.,Cold within station whole.
FDBK93882,CUST103989,2021-08-01,5,Program both serve everybody people sound.,Edge data one glass more.
FDBK93883,CUST104789,2023-11-12,4,Matter fine audience.,Development party lot tax.
FDBK93884,CUST101867,2023-12-18,3,Finish serious indicate activity.,Everything decision have.
FDBK93885,CUST101296,2021-04-02,3,Air condition pretty wind.,Hospital law much five us.
FDBK93886,CUST100544,2022-12-08,3,Deal stage from begin up little raise.,Get family away beat certain.
FDBK93887,CUST101002,2021-11-29,3,Ahead reach few personal society.,Series big remain picture.
FDBK93888,CUST100111,2021-06-03,2,Old court impact only.,Race and style discover.
FDBK93889,CUST102416,2021-01-17,2,Lead method crime yet.,Follow across bad.
FDBK93890,CUST106296,2023-03-29,4,Class allow range clear.,Themselves hair back skill.
FDBK93891,CUST101887,2021-06-09,1,Buy hope election light.,Campaign wall night human.
FDBK93892,CUST107007,2021-04-22,2,Nice plan agreement what do fly couple.,Stock son factor.
FDBK93893,CUST102477,2023-07-17,2,Us success thing family light report.,Clear enough certain.
FDBK93894,CUST104959,2023-06-07,2,Attention method stand risk many around fact.,Become miss must debate.
FDBK93895,CUST108325,2023-04-07,1,Bed maybe rock national him style.,Why effort never summer.
FDBK93896,CUST107201,2022-10-10,5,Movie agent place term near coach.,Give again try us memory.
FDBK93897,CUST106795,2023-01-27,5,Total statement type may.,Memory black shake million.
FDBK93898,CUST109845,2021-01-30,5,Write movie pull camera ahead service recognize.,Executive garden employee.
FDBK93899,CUST102037,2023-01-31,1,Not sister apply one he reduce design.,Race brother west bag.
FDBK93900,CUST107729,2021-01-30,4,Everything provide yet bit himself.,Many despite event lot.
FDBK93901,CUST100741,2022-09-02,2,Friend appear new.,Model then pressure rise.
FDBK93902,CUST103693,2023-07-02,4,Attack claim hot fill bring enjoy.,Character read between.
FDBK93903,CUST102854,2022-04-17,3,Believe sit fear ready.,Range west general century.
FDBK93904,CUST107226,2021-07-01,5,Inside threat woman power check.,Forward soon few start.
FDBK93905,CUST106904,2022-02-07,1,Wear situation himself mother campaign.,Remember sound religious.
FDBK93906,CUST105068,2022-06-27,2,Should talk trial ball modern.,Best ok west local.
FDBK93907,CUST109703,2021-06-02,2,Score deal career special hot.,Relate once management star.
FDBK93908,CUST100460,2022-03-15,2,Sea decide enough.,Voice imagine choice big.
FDBK93909,CUST100109,2023-03-29,1,Mean new detail blood good firm may.,Kind allow stuff bar common.
FDBK93910,CUST106034,2023-05-28,3,Manager office amount fast.,Trial hope song expert.
FDBK93911,CUST109094,2021-06-12,1,Provide chance happen coach.,Maintain member else.
FDBK93912,CUST104960,2021-04-06,1,Both but place product history fine.,Show movie big inside many.
FDBK93913,CUST108176,2023-08-14,1,Option message stuff religious right research.,Save them even.
FDBK93914,CUST105834,2023-08-21,2,Language rule interest nice it decision high.,Affect watch determine just.
FDBK93915,CUST105044,2022-08-10,4,Example continue administration fact.,Professor do fear.
FDBK93916,CUST106254,2021-12-20,2,Finish sit if career eight just sea.,Occur place effort fact.
FDBK93917,CUST108488,2022-11-01,3,Answer recent site forget draw card set speak.,According large hospital.
FDBK93918,CUST105926,2021-08-04,5,One special such type again.,Especially force group range.
FDBK93919,CUST106246,2022-08-09,3,Marriage site leg billion kid news better.,System about position.
FDBK93920,CUST109754,2022-02-27,3,Such appear trouble maintain place by phone.,Staff left both follow.
FDBK93921,CUST104540,2022-05-22,4,Heart now true.,Test finish us business.
FDBK93922,CUST101613,2023-03-21,2,Catch remain whom simple herself maybe.,Can share guy debate.
FDBK93923,CUST101457,2022-06-23,1,Per hear personal pay center seek outside.,Pattern impact film.
FDBK93924,CUST102953,2021-12-20,3,Table player civil. Fact challenge pull.,Do identify factor.
FDBK93925,CUST101906,2021-03-16,5,Perhaps note agreement never chance while.,Do interesting often myself.
FDBK93926,CUST100113,2022-03-22,2,Different class she century individual.,So set relate example.
FDBK93927,CUST106862,2022-12-21,3,Rule quite while. Get your send fall.,Reveal these material.
FDBK93928,CUST106947,2023-06-20,3,Fall political radio officer onto.,Worry right send.
FDBK93929,CUST106336,2021-12-16,3,Thought analysis wall law little up.,Measure become want.
FDBK93930,CUST105833,2023-08-04,2,Myself or network avoid into player final fast.,Argue open month door east.
FDBK93931,CUST100889,2021-12-12,1,Tv pretty glass positive good begin ball.,Finally message star yes.
FDBK93932,CUST101751,2023-12-29,2,Role each onto study push across process.,Put image or time how safe.
FDBK93933,CUST107776,2022-09-03,5,Learn wrong girl expect.,Still new political back.
FDBK93934,CUST101273,2022-09-07,2,Appear to with speak her worry can note.,Car kind institution require.
FDBK93935,CUST101032,2021-11-11,1,Inside show social who.,Vote whole mother the drop.
FDBK93936,CUST102537,2022-12-08,1,It heavy why in.,Young party nothing simple.
FDBK93937,CUST106871,2021-04-02,4,Simple nice successful back save part.,Again through be.
FDBK93938,CUST107497,2021-05-28,5,Present act reality. Eye into manager style.,Our picture when talk.
FDBK93939,CUST103033,2022-01-07,1,Six end of concern agree.,Mention available main carry.
FDBK93940,CUST109859,2023-11-11,3,Less message western television billion.,Our course plan power.
FDBK93941,CUST109155,2023-10-13,3,Stock he north.,Put art force.
FDBK93942,CUST108398,2021-06-13,5,Wide growth such executive brother staff.,Through statement mind white.
FDBK93943,CUST108478,2022-04-07,5,Give decade place pattern before money.,Shake issue she lead.
FDBK93944,CUST101136,2022-05-15,1,Trade dark feeling during rock TV.,Yet race process difficult.
FDBK93945,CUST101449,2022-04-24,5,Step door professional lot market.,How executive message.
FDBK93946,CUST107947,2022-10-27,4,Address might heart someone crime.,Short Mrs range.
FDBK93947,CUST106370,2023-03-23,4,Public investment possible others.,Religious within describe.
FDBK93948,CUST108969,2023-12-09,1,Movie as popular clearly down adult.,Operation issue far none.
FDBK93949,CUST106931,2021-07-02,3,Push from everyone. Part area will stop.,Tree red key so fish.
FDBK93950,CUST100880,2023-05-29,2,Century career including money kid.,Trouble board require shake.
FDBK93951,CUST101430,2022-12-03,3,One minute town growth performance author.,Hope range magazine want.
FDBK93952,CUST105335,2023-11-16,1,Hot write member sure.,Shake site student into bit.
FDBK93953,CUST107814,2023-07-27,5,Local work parent his feeling.,All religious just fear.
FDBK93954,CUST100194,2023-07-30,2,Key left trouble still point moment.,Degree should someone.
FDBK93955,CUST108217,2021-02-01,1,Admit investment weight condition foreign finish.,Sometimes scene pay item.
FDBK93956,CUST104929,2023-03-31,2,Fund market reach painting.,Physical down seek to his.
FDBK93957,CUST107606,2022-08-31,4,Room military half likely.,Hot adult boy down.
FDBK93958,CUST103125,2022-09-20,1,Evidence such bed little direction boy yeah.,Letter could sign.
FDBK93959,CUST101374,2023-07-28,4,Edge building list money skin about shake.,Ball east loss never.
FDBK93960,CUST106021,2021-04-02,2,Accept century style so.,Glass yourself network away.
FDBK93961,CUST109183,2023-04-03,1,Something able under.,Old health need hear.
FDBK93962,CUST103188,2021-05-02,4,Energy than bad arm.,Girl put war any either good.
FDBK93963,CUST108945,2022-04-20,1,Contain question require thus.,Everything law rest.
FDBK93964,CUST100885,2022-08-20,2,Mouth second create beautiful bed trial own.,Health too hope ground.
FDBK93965,CUST106970,2022-12-28,2,Vote difference information news.,Rule way computer citizen.
FDBK93966,CUST105054,2022-02-10,3,Meet every war board prove experience job.,Bit open hour two image this.
FDBK93967,CUST101638,2021-06-27,4,Often down crime American.,West relate network.
FDBK93968,CUST108659,2023-07-16,2,Meeting more well performance number.,Bag reveal door second.
FDBK93969,CUST106959,2022-09-26,2,Billion drive thus civil relationship.,Know always special project.
FDBK93970,CUST103725,2023-08-04,1,Drug likely health often.,See recent question PM.
FDBK93971,CUST106452,2023-10-22,5,Detail small also outside long each despite.,Subject health western wish.
FDBK93972,CUST107621,2022-07-31,5,Apply money within meet music.,Be move develop today.
FDBK93973,CUST109606,2021-11-02,4,Improve ground free painting little arm.,Future factor increase.
FDBK93974,CUST109945,2021-11-01,3,See former operation.,Common expert care what wait.
FDBK93975,CUST100003,2021-08-27,5,Increase fight practice.,Talk of me Congress.
FDBK93976,CUST100534,2021-02-06,5,Raise personal six past.,Nearly listen live vote lead.
FDBK93977,CUST103928,2021-07-17,4,Blood woman adult against.,Account total plant.
FDBK93978,CUST108032,2022-09-20,4,Black lay any produce while product enter bed.,Compare show same.
FDBK93979,CUST104810,2022-08-11,2,Project age like team become red eye.,Meet past party.
FDBK93980,CUST101117,2023-11-25,2,Baby rise decade choose goal where.,Game nothing activity run.
FDBK93981,CUST107540,2023-01-15,1,Specific lot film. Ago market life pass.,Quality across seek.
FDBK93982,CUST107746,2021-12-27,1,Word simply agreement himself crime various.,Suggest TV bag shoulder.
FDBK93983,CUST106882,2023-08-26,5,World fight of its some.,Dark different sell.
FDBK93984,CUST106514,2023-07-28,5,Short option teacher require possible worry.,Ready inside customer.
FDBK93985,CUST102693,2023-04-14,4,Apply care wide pressure medical more lead into.,Relate give local.
FDBK93986,CUST103347,2023-07-20,4,Away believe night opportunity must.,Behavior pay blue.
FDBK93987,CUST107544,2022-03-02,1,Some business us who this.,Arrive leg quite note.
FDBK93988,CUST102700,2022-04-09,1,Skill wait financial case majority.,General rich left training.
FDBK93989,CUST109082,2021-04-16,1,Test church green grow. Certainly can color.,As friend right show.
FDBK93990,CUST103292,2021-01-08,3,Stock three create financial half no.,Change response mind common.
FDBK93991,CUST105661,2022-01-25,1,Point family a interesting eye.,On least maybe than.
FDBK93992,CUST107590,2023-07-25,2,Week relationship activity ball.,Network fact fast then.
FDBK93993,CUST108212,2022-03-23,5,Start management since have away.,Agree group author believe.
FDBK93994,CUST107512,2022-06-10,3,Everyone nothing friend nearly few run name.,Detail discuss threat.
FDBK93995,CUST102849,2023-07-21,1,Offer agree without than.,Lead another north skill.
FDBK93996,CUST107591,2022-05-01,2,Compare still kitchen drive garden.,Get body else recently.
FDBK93997,CUST107427,2023-04-24,1,Fall then conference which to save international.,Yard be within cut have.
FDBK93998,CUST100652,2022-03-05,3,Future represent happen baby medical.,Never size expert thank.
FDBK93999,CUST104157,2021-11-10,4,Popular team city prove.,Scene quite treatment parent.
FDBK94000,CUST103185,2021-09-09,2,Record upon subject teacher find time I.,Share stop begin my.
FDBK94001,CUST106282,2021-05-23,4,Task government herself about support million.,Voice expect parent group.
FDBK94002,CUST102724,2022-07-11,1,Name my government nature consumer station or.,Tell culture music from.
FDBK94003,CUST109278,2021-02-19,5,Street threat every international other.,Spend course wonder.
FDBK94004,CUST101135,2022-06-27,4,Compare stock among resource determine.,Begin miss concern after.
FDBK94005,CUST104243,2021-11-18,5,Program idea writer nothing almost.,As hope example.
FDBK94006,CUST107629,2021-11-05,4,Think interesting box stage history maybe would.,Get add commercial strong.
FDBK94007,CUST104777,2023-05-31,3,Your tax general.,Own most turn order argue.
FDBK94008,CUST103862,2022-08-24,2,Republican boy think.,Value civil middle region.
FDBK94009,CUST106715,2023-08-22,4,His benefit war authority tonight above require.,Meeting with most simply.
FDBK94010,CUST106077,2021-05-11,3,Check have card south gas value pick.,Fine quality oil detail.
FDBK94011,CUST105381,2021-10-12,5,Discussion forget gun shoulder.,Hundred describe step gas.
FDBK94012,CUST109351,2023-11-07,2,Talk teach business music suggest major.,Rate born green spend.
FDBK94013,CUST102358,2021-11-22,3,Could size when theory crime discover action.,Production others arrive.
FDBK94014,CUST102935,2021-06-22,1,Area morning truth memory arm floor.,Child price father.
FDBK94015,CUST107701,2022-03-10,3,Threat cost field eight really never begin.,Task action measure those.
FDBK94016,CUST100149,2021-03-06,4,Kind defense put produce.,Share range something share.
FDBK94017,CUST101433,2021-03-15,1,None somebody individual all same include.,Since top determine who.
FDBK94018,CUST104621,2023-01-06,4,Woman ahead develop city office establish.,None rest age value.
FDBK94019,CUST104241,2021-10-05,5,Certainly line several.,Water their be thus.
FDBK94020,CUST103719,2022-04-26,4,Yes eat wrong tough political foot.,Career degree site expert.
FDBK94021,CUST101333,2023-05-21,2,Throw speech mouth not pass former end.,Benefit moment wait several.
FDBK94022,CUST109706,2022-08-30,5,Energy until article high old information main.,Deep share hand.
FDBK94023,CUST104769,2022-06-06,1,Second fight always environment.,Like forget four always.
FDBK94024,CUST107444,2023-07-13,3,Modern value mean. Offer build risk sure.,Democratic vote occur thus.
FDBK94025,CUST108609,2022-04-07,3,Ago behind job certain son public church.,Risk age fight miss.
FDBK94026,CUST105581,2023-03-15,2,Sing mind few culture.,Official machine seem center.
FDBK94027,CUST104825,2023-08-05,3,Answer station no.,Trip defense price reflect.
FDBK94028,CUST109423,2023-01-28,2,Thus production worry home. Have down teach.,Fire any finish trip.
FDBK94029,CUST106327,2022-01-03,4,Serious move official identify.,Wear understand ahead out.
FDBK94030,CUST107793,2023-11-01,4,Assume perform turn adult.,Music open difficult lose.
FDBK94031,CUST109618,2023-07-23,3,Image born TV likely.,Buy stock gas beat.
FDBK94032,CUST100287,2021-08-16,3,Reality what game find develop seat Mr.,Live character talk reduce.
FDBK94033,CUST105196,2021-02-16,2,Model full manager main vote increase.,Leg force research current.
FDBK94034,CUST102722,2022-04-10,5,Stock newspaper sea month.,Still modern upon lead.
FDBK94035,CUST103762,2022-04-14,3,Worry assume arrive account around large.,Cause baby hear forward.
FDBK94036,CUST101654,2021-09-18,5,Your argue six without unit investment.,Score fire month energy.
FDBK94037,CUST106733,2022-03-24,1,Work attorney order billion performance.,Life plan bank part.
FDBK94038,CUST106099,2021-12-08,3,Shake generation receive audience.,Time face fly enter.
FDBK94039,CUST104489,2021-06-30,1,Fund six training Congress stuff seat.,Individual successful allow.
FDBK94040,CUST109939,2022-09-29,3,Paper risk billion system challenge.,Full five chair sense region.
FDBK94041,CUST104872,2022-02-01,1,Protect fine especially example.,Discussion of hit decide who.
FDBK94042,CUST105113,2023-03-04,1,Decide travel deal.,Action increase song race.
FDBK94043,CUST104746,2023-10-14,3,Picture discuss on.,Night Congress success.
FDBK94044,CUST102743,2021-01-15,2,Record identify keep as.,Us together authority.
FDBK94045,CUST106902,2022-05-28,1,Center cut choose argue focus.,Team sometimes break sea.
FDBK94046,CUST104815,2022-08-10,3,We position laugh under spring car like.,Involve first late box.
FDBK94047,CUST106506,2023-07-29,4,Study book seven should truth wide.,Style remember state note.
FDBK94048,CUST107283,2021-05-27,4,Interest site later project trial run.,Magazine billion price have.
FDBK94049,CUST107499,2022-11-19,1,Run ahead across low study save notice.,Perhaps middle rich memory.
FDBK94050,CUST106084,2023-06-27,4,Improve two green really.,Always important talk.
FDBK94051,CUST106969,2021-07-20,2,Mention job position industry security outside.,Player half special couple.
FDBK94052,CUST106057,2021-12-06,2,Campaign sea different.,Create challenge end create.
FDBK94053,CUST102561,2023-04-30,4,Education decide trip product write heart yeah.,Garden politics mother great.
FDBK94054,CUST103855,2021-05-08,4,Wall believe officer source take explain believe.,Approach enjoy scene drug.
FDBK94055,CUST104177,2023-02-13,3,Enter our change visit factor describe.,Put what item deal past lot.
FDBK94056,CUST100606,2022-06-01,2,Hand figure behind say actually.,Agreement expert make father.
FDBK94057,CUST107116,2023-08-09,3,Western mind happy wait free.,Marriage car list down page.
FDBK94058,CUST109367,2023-12-26,2,Democratic few not why reality fire.,Health kind sense energy.
FDBK94059,CUST104489,2022-02-19,2,Drive same at her behind side type really.,On mean production little.
FDBK94060,CUST105879,2021-05-14,5,Perform movement service mean far loss.,Room word class agency.
FDBK94061,CUST107435,2023-11-20,2,Watch your coach protect.,Seem take it push character.
FDBK94062,CUST104561,2023-09-19,1,Any sea worker produce real glass make.,Type space mean above threat.
FDBK94063,CUST103190,2022-12-23,1,Recent them on after.,Run draw total town we.
FDBK94064,CUST104917,2021-12-21,1,Course region protect product a.,Common among budget.
FDBK94065,CUST108111,2021-11-15,4,Eat pick level more.,Give goal sign lay leader.
FDBK94066,CUST104445,2023-12-30,3,Risk eye do position bring college TV.,Out cost tax particularly.
FDBK94067,CUST107854,2022-02-18,5,Mind instead recently see easy no shake bit.,Color local still ask deep.
FDBK94068,CUST105464,2021-06-22,1,Risk training boy politics.,System brother agency social.
FDBK94069,CUST102176,2023-04-18,4,Partner answer upon. Relate science go.,Use yes never.
FDBK94070,CUST102757,2022-08-06,3,Organization her because none raise tonight.,Across account week.
FDBK94071,CUST106318,2022-07-27,4,In show stand describe once near blood.,Bill happen spend.
FDBK94072,CUST106244,2023-01-29,4,Now news late large but including worker.,Behavior body main me.
FDBK94073,CUST104012,2022-12-26,3,Process those human pull open break total.,Last fine always land.
FDBK94074,CUST108014,2023-11-28,3,Matter become behind high into station box.,Happy where simply.
FDBK94075,CUST102856,2022-07-14,2,Training involve pull whom.,True admit once Mrs.
FDBK94076,CUST100872,2021-03-03,2,Seek for son. Couple last nation present.,Everything return alone.
FDBK94077,CUST107981,2023-05-15,1,Notice expect with.,There charge source five.
FDBK94078,CUST107933,2023-02-23,1,Him follow choice continue whatever draw.,Hour per yes front forward.
FDBK94079,CUST108414,2022-07-28,2,Fall show year alone two fall tonight.,Behind pick mission pay side.
FDBK94080,CUST101227,2021-11-19,3,With himself body machine miss.,Suddenly daughter major sort.
FDBK94081,CUST104736,2022-04-16,4,Strong student much never page director sea.,Than main begin option.
FDBK94082,CUST104666,2021-09-25,2,Floor improve technology season address public.,Main top ago then.
FDBK94083,CUST101234,2021-08-17,1,Of movement leg seem.,Expect great bit son.
FDBK94084,CUST102808,2021-09-28,1,Never teach price film right.,Against rate true language.
FDBK94085,CUST103333,2023-06-22,2,Though view stage have tonight.,Move represent make system.
FDBK94086,CUST102305,2022-02-12,2,So may money appear trial life.,All professor early party.
FDBK94087,CUST102422,2022-05-13,5,Address idea although movement improve.,Send will give sure we.
FDBK94088,CUST101196,2023-10-01,5,Certain stage whom financial save.,Field data age.
FDBK94089,CUST100881,2022-02-01,2,Finish true body group off president put girl.,Buy ago believe establish.
FDBK94090,CUST108469,2023-10-10,4,Main senior including stage well let.,Road stock positive magazine.
FDBK94091,CUST104259,2023-02-26,5,Page alone song clear also manage next.,White idea owner.
FDBK94092,CUST105038,2021-03-08,3,Any detail positive save hundred.,Itself work occur rich.
FDBK94093,CUST104618,2023-01-17,3,Scene movie great degree medical push.,Beautiful about war prepare.
FDBK94094,CUST100149,2023-06-03,4,Behind resource later nature. Off city it.,Suddenly add skill hair.
FDBK94095,CUST102420,2021-06-25,5,Red large either certainly real.,Anything pressure expect.
FDBK94096,CUST102056,2022-01-11,2,While let purpose should land himself pay.,Month institution until.
FDBK94097,CUST101908,2021-07-31,3,Firm computer explain popular few administration.,Old direction into defense.
FDBK94098,CUST107169,2022-12-21,4,Commercial professional mouth lead.,Summer yard by factor.
FDBK94099,CUST104086,2021-12-30,3,Dog minute certainly education edge population.,Security his voice west.
FDBK94100,CUST108773,2022-09-16,2,Best arm avoid prove claim join political.,Pull summer whole hotel.
FDBK94101,CUST109060,2023-02-14,4,Mean fire any end program several his seek.,Realize short so bring crime.
FDBK94102,CUST107915,2021-12-20,5,Member special pay far population none.,Yeah vote hand check.
FDBK94103,CUST100428,2021-10-17,5,Morning director by other.,Movie sit wear machine.
FDBK94104,CUST101610,2021-12-01,5,Seat major sell soldier may include.,Rock explain game door.
FDBK94105,CUST108405,2022-04-03,2,Technology pretty contain owner own walk.,Central vote born few oil.
FDBK94106,CUST101048,2022-11-13,3,Ask individual or morning apply.,Fight get just development.
FDBK94107,CUST108645,2023-05-26,3,We second nothing us. Order fire city artist.,Study yourself back.
FDBK94108,CUST109899,2023-12-05,4,Space half mother bit human.,Meeting standard executive.
FDBK94109,CUST105442,2023-06-15,2,Piece brother democratic strategy evidence arm.,Boy we power cause.
FDBK94110,CUST109334,2022-07-30,4,Thought laugh or tell they sign anything wear.,Use game treatment.
FDBK94111,CUST101079,2023-01-29,2,Yes analysis wish treat since.,During which traditional.
FDBK94112,CUST109872,2021-12-29,1,Floor fine interest seat message seat.,How rise upon.
FDBK94113,CUST101806,2022-06-13,1,Call street manager court main college staff.,Deep or piece would car ok.
FDBK94114,CUST107362,2022-07-05,1,Realize might follow whose piece across sort.,Now skin glass will scene.
FDBK94115,CUST108604,2021-11-15,2,Scientist care six book great line.,For music see herself.
FDBK94116,CUST107966,2022-10-08,5,Concern kid rest price win structure along.,Adult some issue great born.
FDBK94117,CUST101362,2021-07-28,2,Film cover deal evening.,Or garden product seat.
FDBK94118,CUST108871,2022-04-30,1,Mind gas imagine relationship.,Rule a blue movie.
FDBK94119,CUST105054,2021-05-16,4,Name here vote art need.,Arm treatment southern.
FDBK94120,CUST102212,2023-06-22,4,Ever perform show relationship gun wind anyone.,Let operation military.
FDBK94121,CUST103529,2023-03-22,3,More character enough lot reveal.,Apply this than reality life.
FDBK94122,CUST104716,2022-07-20,2,Thought really agency government though blue.,Fine meeting enjoy likely.
FDBK94123,CUST106566,2023-06-27,1,Level grow product write statement do.,Well ball should.
FDBK94124,CUST106094,2022-11-12,3,Defense natural director into oil grow.,Middle point join.
FDBK94125,CUST109627,2023-09-16,2,Language girl enter kitchen.,Left management detail stay.
FDBK94126,CUST104926,2022-08-19,5,Staff unit activity better.,Across follow table.
FDBK94127,CUST101683,2021-01-19,5,Include explain health energy range fire.,Report other way.
FDBK94128,CUST100864,2022-02-14,4,Top here get cell project argue attorney.,Those usually list evening.
FDBK94129,CUST102750,2021-06-14,2,Enter compare individual represent low natural.,Admit arm four.
FDBK94130,CUST105728,2023-06-28,4,Republican positive while store.,Visit drug success order.
FDBK94131,CUST106444,2021-12-09,2,American less deep suffer must.,Tv church who card.
FDBK94132,CUST104258,2022-03-18,2,Article get network miss represent light.,Father them artist.
FDBK94133,CUST101843,2022-05-22,5,Since significant pattern develop.,Follow article while.
FDBK94134,CUST108429,2021-06-24,1,Try deal however maintain study.,Sea room street stop.
FDBK94135,CUST109844,2023-07-08,5,Establish firm hour available enter.,Cause plan officer address.
FDBK94136,CUST105931,2022-01-22,5,All wear listen responsibility.,Onto ready home.
FDBK94137,CUST104515,2023-08-05,1,Cold enough computer but alone water only.,Worker exactly health.
FDBK94138,CUST108818,2023-09-02,2,Class there strategy probably ground president.,Arm force represent.
FDBK94139,CUST103290,2021-10-18,3,Professor have land together medical media.,Culture white fine.
FDBK94140,CUST101699,2021-03-19,3,Road expert focus ten. Become family use evening.,Best writer beyond hospital.
FDBK94141,CUST109792,2022-06-02,5,Opportunity read group as prevent seem produce.,Ahead while kitchen as other.
FDBK94142,CUST102501,2023-06-25,5,Finally character if another body foreign.,Street factor almost avoid.
FDBK94143,CUST106231,2021-09-27,4,Anything also message culture wall.,What win believe seat.
FDBK94144,CUST104176,2023-08-22,1,Beyond probably itself hot born born.,Voice business item effect.
FDBK94145,CUST105282,2021-07-30,3,Away by bring morning identify writer property.,Fact perform over.
FDBK94146,CUST106057,2022-07-18,4,Would appear him news very these maintain whom.,North just challenge.
FDBK94147,CUST108207,2023-12-17,5,Attack discuss three agreement low.,Grow food card.
FDBK94148,CUST108071,2021-06-04,2,High our reach impact teach industry future.,Finally year lawyer task.
FDBK94149,CUST101720,2023-12-07,4,Exactly film use half.,Nor spend affect.
FDBK94150,CUST101453,2022-03-02,2,Or chair mention simple remember.,Cause buy cover item value.
FDBK94151,CUST100809,2021-03-09,4,Modern sell performance past wait.,Cost sense impact open wear.
FDBK94152,CUST103733,2023-08-20,4,School them become.,Matter green board site.
FDBK94153,CUST103443,2021-10-29,3,Truth almost yet thousand play here.,Tree trip she strong.
FDBK94154,CUST101209,2023-01-21,5,Still writer finish major want.,Such college series do.
FDBK94155,CUST107895,2021-05-30,1,Strategy thus may artist join stay.,Whole expert magazine table.
FDBK94156,CUST102387,2022-08-20,3,Choose yet beautiful finally administration.,Response until effect.
FDBK94157,CUST108305,2023-04-02,1,Level option picture girl.,Old response ever.
FDBK94158,CUST107153,2023-04-26,3,Feel senior any professor.,Any shoulder woman.
FDBK94159,CUST108720,2021-12-06,2,Think contain will within case tell.,Power hear according war.
FDBK94160,CUST105119,2021-09-08,1,Lot too religious give individual education list.,See force whatever assume.
FDBK94161,CUST101985,2023-11-23,2,Rest sign no baby.,Beat land art himself serve.
FDBK94162,CUST105165,2021-06-19,2,Increase late effort must.,Hospital on exist crime may.
FDBK94163,CUST104257,2022-12-18,2,Give modern whole.,Pay provide too once charge.
FDBK94164,CUST109842,2022-02-01,4,Bad letter us anyone of.,Begin analysis ask because.
FDBK94165,CUST105647,2021-07-02,3,Author hold gas blue up turn show start.,Adult east couple condition.
FDBK94166,CUST105722,2021-03-10,3,Million yes example western.,Off low Mr moment leg.
FDBK94167,CUST103587,2023-12-18,4,Doctor cup check.,Resource easy trip fire why.
FDBK94168,CUST101489,2022-03-09,2,Result everyone animal believe.,Every either close imagine.
FDBK94169,CUST103642,2023-03-29,4,Act next bed example cultural surface yes.,Career window wife her case.
FDBK94170,CUST105969,2022-10-03,3,Itself thousand third million.,Make care success.
FDBK94171,CUST106503,2021-04-01,5,Left her cold. From friend child.,Bar accept important.
FDBK94172,CUST107769,2023-12-28,1,Movement key central teacher.,Wrong real usually guy side.
FDBK94173,CUST105226,2023-09-27,5,Religious Congress herself through back.,Purpose age can goal.
FDBK94174,CUST104939,2022-07-29,2,Political success pay help military.,Wrong down image my worker.
FDBK94175,CUST101666,2022-04-19,5,Front door near strategy budget recent miss.,Past true deep.
FDBK94176,CUST105213,2023-04-13,4,Fight training majority million after.,Seven surface Mrs whether.
FDBK94177,CUST101571,2022-07-16,4,Line whatever paper air arrive assume.,Land need then window.
FDBK94178,CUST101723,2021-08-18,1,Scientist eat enjoy resource our.,Since whom expect American.
FDBK94179,CUST105329,2021-06-27,2,Exist matter training strategy lose.,Customer song rich realize.
FDBK94180,CUST102315,2023-02-08,3,Game machine series war piece.,Former take low tax for.
FDBK94181,CUST102442,2023-01-25,1,Boy no window inside.,Few lawyer you clearly.
FDBK94182,CUST101772,2021-11-27,2,Music across better body executive.,Although community gun.
FDBK94183,CUST106062,2022-06-28,3,Political number pick moment build notice ok.,Happy part fast cut.
FDBK94184,CUST107190,2023-11-03,1,Near skin born research town.,Traditional north make.
FDBK94185,CUST106460,2021-04-25,4,Myself you green measure now herself.,Tonight hold voice necessary.
FDBK94186,CUST109134,2021-05-18,5,Still myself reality area think.,Lawyer such beautiful media.
FDBK94187,CUST104688,2022-01-21,5,Affect dark work raise may single huge boy.,Might exactly past land beat.
FDBK94188,CUST106720,2023-04-19,1,Notice modern many today. Many case ten billion.,Present hard operation have.
FDBK94189,CUST106053,2022-09-30,2,Million alone film after week our.,Order environment four.
FDBK94190,CUST108159,2023-01-07,2,Star simply half determine century number make.,Fight know two power.
FDBK94191,CUST107046,2023-08-25,3,Affect building run quite value mother.,Feeling foreign Mr improve.
FDBK94192,CUST100397,2022-05-20,1,Play eat everything position explain guy various.,Fly executive send theory.
FDBK94193,CUST101701,2021-09-27,1,Rich middle attack history central easy.,Throw begin place consider.
FDBK94194,CUST104401,2022-02-09,2,House president require goal fall do if.,Move and evidence or past.
FDBK94195,CUST100797,2021-04-06,5,Gas between paper.,Least meet too.
FDBK94196,CUST107705,2023-08-09,1,Her film each throughout get affect.,Front series bill part.
FDBK94197,CUST103984,2023-04-06,1,News everything add receive.,Coach season this floor nice.
FDBK94198,CUST102261,2023-09-05,4,Daughter whatever property claim Mrs.,Picture source trial.
FDBK94199,CUST108170,2023-02-19,3,Director nearly no international.,Oil probably yeah research.
FDBK94200,CUST108637,2023-08-28,3,Hold understand ever serious notice decision.,Pay kid quality including.
FDBK94201,CUST104364,2021-02-07,4,Set question word task prove including Mr yet.,Official speak world to.
FDBK94202,CUST102639,2022-01-22,2,Forward leader pretty soldier inside free.,Help both next after.
FDBK94203,CUST108475,2022-11-17,2,Field reach guess either.,Month keep thank.
FDBK94204,CUST100232,2023-04-21,3,Manager challenge career carry produce health.,Or answer lay bed.
FDBK94205,CUST102554,2022-03-17,1,Describe everything of meeting across artist.,House pay yes check street.
FDBK94206,CUST100871,2023-08-25,1,Share increase case think prevent play.,Me oil water nice song.
FDBK94207,CUST106317,2022-02-14,2,Five call hear argue training.,Player meeting month save.
FDBK94208,CUST105712,2023-03-25,2,This leave condition.,Sell still gun big low.
FDBK94209,CUST109198,2023-03-23,4,Debate tell yes medical war head discuss travel.,Style whom result.
FDBK94210,CUST102386,2023-10-10,5,Agree long government.,Book near if entire election.
FDBK94211,CUST105737,2022-05-10,3,Against sing say direction whose leader.,Political move course fast.
FDBK94212,CUST106457,2023-01-13,4,Make forward effort those two.,Tend list your doctor.
FDBK94213,CUST104219,2023-08-13,3,Rich son color production suffer.,Family smile deal protect.
FDBK94214,CUST103218,2022-04-11,5,Participant onto notice personal role peace less.,Win build around interview.
FDBK94215,CUST108181,2021-11-14,5,Adult war approach service little particularly.,Bag threat within start.
FDBK94216,CUST109572,2023-06-09,4,Must it no too serious measure.,Religious offer stock drop.
FDBK94217,CUST105523,2023-06-30,1,Become try rest dream magazine action coach race.,Pull get kind skill.
FDBK94218,CUST109004,2022-07-26,2,Step box difference prove.,Eat for late change.
FDBK94219,CUST100409,2023-05-25,2,Clearly in figure.,Government staff third long.
FDBK94220,CUST107718,2022-08-17,5,Day choose study moment enter.,Option increase whatever.
FDBK94221,CUST100386,2023-11-13,1,Politics check majority compare four parent.,Coach million local reach.
FDBK94222,CUST109291,2022-11-03,1,Unit kitchen bank every I box draw.,Company plant spend hear.
FDBK94223,CUST103223,2023-12-15,5,Anything single friend onto everything listen.,Region main bad.
FDBK94224,CUST105013,2022-10-01,2,Page series against nice level.,Threat save change everybody.
FDBK94225,CUST107931,2022-11-06,3,During training word anyone.,Play item nor fire.
FDBK94226,CUST109678,2021-01-24,5,Ok everything maintain wait coach face card.,Part expert whom reach peace.
FDBK94227,CUST102835,2023-10-01,1,Fast deal us spend. Wish just could bar.,Apply mean left imagine.
FDBK94228,CUST104246,2023-12-04,4,Agency whole religious.,Sometimes too huge nation.
FDBK94229,CUST101722,2022-01-23,5,Paper during morning enough factor.,Civil tell stuff list per.
FDBK94230,CUST105462,2023-07-07,2,Pm item trial floor ago exist.,Paper reason sea later bar.
FDBK94231,CUST108434,2021-05-24,5,Chair rise care finally.,Somebody heavy dream.
FDBK94232,CUST101585,2021-05-08,4,Financial thank different fly worry trip raise.,Goal TV sit budget impact.
FDBK94233,CUST107219,2022-08-01,2,Far she front very commercial table.,Wrong a year value natural.
FDBK94234,CUST102781,2022-07-03,3,Paper debate history forget word it.,Accept everything another.
FDBK94235,CUST107838,2021-05-27,1,Stay debate analysis. Own bring room fill.,Can visit record measure.
FDBK94236,CUST109707,2022-05-23,1,Different and wait Mrs star.,Represent cup blue enough.
FDBK94237,CUST105075,2023-04-30,1,Listen campaign get perform list.,Color what maybe born.
FDBK94238,CUST102120,2021-04-19,5,Actually once camera form another skill season.,Talk theory last.
FDBK94239,CUST104907,2022-08-04,1,East director investment year form turn east.,Street then likely onto.
FDBK94240,CUST101817,2021-11-26,3,Whether walk pick newspaper environmental.,Body near tax.
FDBK94241,CUST108722,2021-12-24,5,Occur respond view everyone actually.,Fine he debate fall.
FDBK94242,CUST108702,2021-06-26,3,Notice leg this case administration.,Might from me.
FDBK94243,CUST101266,2022-04-09,2,Sound southern act push wide blood campaign.,Career set stock continue.
FDBK94244,CUST106362,2023-10-19,3,Maybe month easy change.,Best present life area.
FDBK94245,CUST100934,2021-03-01,1,War property dream group collection wide rather.,Safe case say speak sound.
FDBK94246,CUST106930,2023-06-25,4,Strategy develop his door choice interest.,Knowledge conference hotel.
FDBK94247,CUST106751,2022-08-27,3,Crime himself author large.,Until too change trouble.
FDBK94248,CUST109161,2021-12-23,5,Matter test believe religious outside.,Only color daughter bill.
FDBK94249,CUST105667,2023-11-15,3,Challenge again letter expect rich catch.,Beyond democratic say.
FDBK94250,CUST109815,2021-01-27,3,Note develop phone language network.,Enter skill within.
FDBK94251,CUST102211,2022-09-28,3,Behavior interest along beautiful part hold.,Nation range study space.
FDBK94252,CUST102804,2021-08-18,3,Easy particularly boy.,Truth article role set child.
FDBK94253,CUST100616,2022-09-02,4,Myself physical free how mean then attack Mrs.,There throughout pressure.
FDBK94254,CUST108146,2022-08-28,4,Subject day away scene.,Level provide mean out.
FDBK94255,CUST106504,2023-11-07,5,Owner economic hard serve.,Course huge standard use.
FDBK94256,CUST109559,2021-01-27,1,Past structure small PM box cover finish.,Animal control grow task.
FDBK94257,CUST109101,2023-01-27,4,Small account officer trade keep skill peace.,Wonder everybody really who.
FDBK94258,CUST102254,2022-09-18,2,Industry step knowledge prepare return ball.,Western team within often.
FDBK94259,CUST108244,2022-06-19,3,So small raise Mrs even continue particular.,After make specific.
FDBK94260,CUST107354,2021-11-26,3,Middle send yeah wonder at father issue.,Series make establish a.
FDBK94261,CUST105326,2022-12-21,5,Election thus ground likely very.,Wonder bar idea fish.
FDBK94262,CUST100243,2022-01-05,4,Staff travel all can provide treat.,During weight future.
FDBK94263,CUST109784,2021-07-17,2,Discuss official listen include see thought the.,Owner type laugh she.
FDBK94264,CUST105401,2023-03-12,3,Challenge second growth thought beat very street.,Bad wrong minute loss.
FDBK94265,CUST100004,2023-11-22,1,Third skin open help military.,Talk player character name.
FDBK94266,CUST107781,2023-11-04,2,Writer few point.,Deal computer many.
FDBK94267,CUST106206,2023-02-11,3,Again goal a. Able my teacher.,Space hope minute poor unit.
FDBK94268,CUST103723,2021-08-05,3,Finally house today conference no discuss whom.,Catch couple at within.
FDBK94269,CUST100691,2021-04-25,5,Pm cup society especially. Boy give many middle.,Somebody upon way forget.
FDBK94270,CUST108705,2022-02-02,1,Simply Mr require be.,Ball career direction then.
FDBK94271,CUST104920,2022-10-30,5,Identify that baby provide.,General age view.
FDBK94272,CUST105277,2023-10-30,5,Use treatment wear growth option.,Number very fish raise stop.
FDBK94273,CUST101051,2022-08-07,4,Market cup toward investment dream.,Term sister provide drive.
FDBK94274,CUST104164,2021-11-12,2,Turn walk across current.,International cell one be.
FDBK94275,CUST106298,2021-03-05,4,Same bar bag ever. Season hair here real.,Own even water no get oil.
FDBK94276,CUST105319,2023-04-10,1,Back house hot onto writer conference yeah push.,Pretty likely contain.
FDBK94277,CUST101696,2023-08-07,5,Candidate subject responsibility become rock.,No admit short.
FDBK94278,CUST106029,2021-08-15,4,Imagine success position talk and.,Media whole gas.
FDBK94279,CUST102834,2022-01-26,1,Require high all dinner Republican manager leave.,Control design person.
FDBK94280,CUST105485,2021-07-10,2,Sea hotel same similar.,Very effort present peace.
FDBK94281,CUST107440,2023-11-11,1,Cut discuss drive goal security.,Modern leave effect budget.
FDBK94282,CUST104701,2021-06-11,4,Good heavy myself meeting rock.,Interview court issue.
FDBK94283,CUST102802,2021-04-16,3,Child method list together.,College democratic produce.
FDBK94284,CUST106244,2022-08-03,3,Sign claim feeling community.,Social first science huge.
FDBK94285,CUST103403,2021-12-09,2,Mean mind character author leave hold pay.,Edge either believe fight.
FDBK94286,CUST105446,2023-03-12,2,Air choice guess left.,Usually and mouth since cost.
FDBK94287,CUST106368,2021-09-16,1,Bar job entire world special easy.,Human chair state name.
FDBK94288,CUST107614,2021-02-21,2,Business push me career.,Economy century nearly.
FDBK94289,CUST100990,2022-05-07,5,Amount support matter song.,What one they.
FDBK94290,CUST102676,2022-07-01,5,Cup laugh still suggest country.,Local may people section.
FDBK94291,CUST104311,2022-05-16,5,Leg civil generation his long suffer.,Consider person his sort.
FDBK94292,CUST108635,2023-03-16,5,From project big maybe.,Cost perhaps of.
FDBK94293,CUST105398,2021-02-26,2,When site single listen too air.,At reflect accept.
FDBK94294,CUST109693,2022-05-13,2,Perform Democrat save.,Season nice trade beyond by.
FDBK94295,CUST102979,2022-04-06,1,Ok service professor player subject.,Product part trial thought.
FDBK94296,CUST101192,2022-04-28,3,Theory wife learn nature save play college.,Whose term information out.
FDBK94297,CUST102190,2021-03-18,3,Too measure surface everybody rock page believe.,Through window front right.
FDBK94298,CUST102098,2022-06-09,1,Behavior structure color perform.,Ball sound key production.
FDBK94299,CUST106681,2021-11-06,2,Southern including game dark.,Knowledge dinner road send.
FDBK94300,CUST101139,2023-10-26,2,While it face film himself TV.,Store quite who father per.
FDBK94301,CUST104286,2023-01-27,1,Training picture owner about recognize miss red.,Total seat over hotel.
FDBK94302,CUST106918,2023-09-12,2,Best guy foreign throughout large media huge.,Time less after little.
FDBK94303,CUST105242,2022-06-11,4,Suggest subject federal article.,Care reach simply nice.
FDBK94304,CUST102468,2021-12-07,2,Local college part situation question cost word.,It range picture business.
FDBK94305,CUST107390,2023-07-02,2,High through trip house me ready.,Item teacher effect policy.
FDBK94306,CUST103062,2021-01-13,1,Bed ever listen everyone able democratic bad box.,After and employee billion.
FDBK94307,CUST109756,2022-12-01,3,Reflect tough matter hard power.,Answer fire ability.
FDBK94308,CUST101840,2023-05-28,2,Apply lose allow foreign.,Already pattern suffer fear.
FDBK94309,CUST108684,2021-04-09,4,Open project explain artist author.,Myself remain water public.
FDBK94310,CUST109233,2022-09-16,4,Especially this new information.,Future next prove contain.
FDBK94311,CUST108240,2022-09-16,4,Movement whom drop seem.,Tax deal admit road.
FDBK94312,CUST109248,2021-04-01,4,About strong woman. Prevent across view first TV.,Can career owner hand.
FDBK94313,CUST102566,2022-08-04,5,Lot community miss stuff.,Group reach push.
FDBK94314,CUST102474,2021-12-27,3,Most sense happen coach speech film.,Total nice compare skin move.
FDBK94315,CUST106834,2021-08-26,5,Tonight election allow throughout.,Away media wrong baby.
FDBK94316,CUST102795,2022-03-12,1,Class music happy image reach author.,But return structure should.
FDBK94317,CUST102859,2022-04-03,2,Culture support affect grow candidate.,Prepare statement fear.
FDBK94318,CUST101280,2022-09-20,2,Tax peace join age meeting make develop.,Safe agreement save find.
FDBK94319,CUST104492,2022-02-14,5,Late themselves room run behind.,During right wide run.
FDBK94320,CUST100905,2022-03-31,3,Activity owner feeling so newspaper Democrat six.,Might then theory green.
FDBK94321,CUST104246,2021-12-05,3,Certain those decision someone must with radio.,Long few again learn office.
FDBK94322,CUST107547,2021-12-11,3,Service own never mission close game similar.,Itself set least water.
FDBK94323,CUST105934,2023-12-04,5,Pretty yet own employee market door.,Win yet true.
FDBK94324,CUST109739,2023-01-26,1,Behind spring fact fly.,Fact success left finally of.
FDBK94325,CUST105911,2022-01-12,2,Consumer much measure.,Whom eye model argue.
FDBK94326,CUST104208,2021-07-14,5,Sister voice myself exactly cover material.,Item money fine also him.
FDBK94327,CUST107641,2023-12-24,5,Bad full environmental again vote total expert.,Century write article.
FDBK94328,CUST107055,2022-05-18,3,Member listen certain daughter condition seek.,Police onto war new.
FDBK94329,CUST106754,2023-10-03,5,Manage wrong court somebody follow.,Single traditional yes PM.
FDBK94330,CUST109935,2021-03-26,5,Miss memory record tend me. Return fish push.,Who skill difference toward.
FDBK94331,CUST109102,2022-01-18,4,Economic cut not add.,Official pick next.
FDBK94332,CUST101878,2021-01-18,3,Two foreign item account.,Tell street campaign law.
FDBK94333,CUST106498,2022-02-21,1,Toward treatment positive step door.,Common force station Mr.
FDBK94334,CUST101670,2021-06-23,2,Sea pattern still couple.,Spring ability want.
FDBK94335,CUST101789,2022-04-14,1,Long player eight also.,Upon enjoy firm him.
FDBK94336,CUST103187,2021-07-13,3,Lead goal drug away culture. Share who area tell.,Of and event.
FDBK94337,CUST107025,2023-12-11,1,Despite positive improve upon prepare admit seat.,Believe tonight note impact.
FDBK94338,CUST102012,2023-02-09,5,Manage break join note body reveal.,Food economy I world.
FDBK94339,CUST105147,2022-11-10,1,Together father surface brother.,Available too five book.
FDBK94340,CUST104761,2023-06-18,4,Race idea experience well.,Magazine perhaps four.
FDBK94341,CUST104492,2021-03-21,3,Rather specific hope show item short mean.,Employee later this hope.
FDBK94342,CUST100168,2021-09-02,5,Represent four see clear apply light.,Beyond million hold policy.
FDBK94343,CUST102284,2021-10-11,1,Increase small difficult suggest view.,Many early state measure.
FDBK94344,CUST103884,2023-07-29,5,Green may tell ability.,Throw whose memory knowledge.
FDBK94345,CUST103041,2022-10-22,4,Travel nature someone while.,Get student edge century.
FDBK94346,CUST102364,2022-06-07,5,Perform try yourself leader artist.,Market western threat stage.
FDBK94347,CUST103572,2022-05-05,2,Rock learn benefit interview.,Plant create never.
FDBK94348,CUST104201,2022-09-04,4,Tax ask teach environment.,Open without less minute.
FDBK94349,CUST103405,2022-05-11,4,Fast affect tonight argue.,Learn weight pretty buy.
FDBK94350,CUST101955,2021-07-11,3,Example partner pressure leg beautiful after.,Suffer clearly require talk.
FDBK94351,CUST108462,2022-03-23,3,Civil everybody national well fly pretty.,Ability industry rest they.
FDBK94352,CUST108615,2022-07-29,3,Tough upon listen once employee could.,Manager nature break note.
FDBK94353,CUST109069,2021-10-14,2,View three want air eat. Seven young down.,Address despite within.
FDBK94354,CUST106316,2022-01-08,5,Water decade development role player.,Present indicate rather no.
FDBK94355,CUST105546,2021-06-15,2,Develop health admit feel join despite dark.,Real argue skin.
FDBK94356,CUST109174,2023-07-03,1,Industry station thousand.,Change tonight involve.
FDBK94357,CUST108383,2022-10-11,1,Shake how father parent start place add.,Plan author media table.
FDBK94358,CUST105794,2022-05-12,3,Public language rise feeling consider.,Catch Mr condition movement.
FDBK94359,CUST101925,2023-03-07,2,Choice southern base able around nature.,Then two glass who should.
FDBK94360,CUST101545,2021-07-14,2,On new back field detail. Theory body agency.,Detail kind small want.
FDBK94361,CUST107182,2021-09-15,3,Little middle born peace include always.,Section could buy own before.
FDBK94362,CUST100011,2022-07-26,1,Approach affect available resource pass.,Then eye involve rate player.
FDBK94363,CUST106966,2022-04-16,3,Common trade consumer myself finally.,Man history bit through.
FDBK94364,CUST109601,2021-11-19,3,Baby care rise seat health three.,National adult fund.
FDBK94365,CUST106112,2021-06-18,5,Increase carry financial finish money own.,Cell question crime home.
FDBK94366,CUST109513,2021-02-02,5,Smile visit artist year board car improve.,Music just here deal concern.
FDBK94367,CUST109369,2021-04-02,3,Indicate team current mention.,Year like important.
FDBK94368,CUST106934,2023-10-21,3,Hotel science politics drive use fire social.,Security image phone TV.
FDBK94369,CUST104517,2022-08-08,2,Compare woman protect front conference half.,Along get bring.
FDBK94370,CUST104368,2022-08-05,5,Far nor recognize quickly hold owner police.,High right old despite.
FDBK94371,CUST106066,2022-05-11,5,Line catch hundred trip moment door herself.,Whom to treat.
FDBK94372,CUST105199,2021-11-25,4,Difference so rest how ask.,Five over arrive.
FDBK94373,CUST109581,2021-07-28,3,Price fall four. Those speak serve.,Daughter sort others.
FDBK94374,CUST109050,2022-02-01,4,Study simply fire brother well hand.,Effort five letter growth.
FDBK94375,CUST100216,2023-10-24,3,Store camera among thought sister.,Them conference by skill.
FDBK94376,CUST105727,2021-10-19,5,Enough spring threat difference side instead.,Cover room left nothing.
FDBK94377,CUST105272,2021-06-23,2,Avoid outside true seem.,Tv sing actually land.
FDBK94378,CUST101767,2022-01-16,3,Woman perform space probably. Include enjoy sit.,Scene listen phone thing.
FDBK94379,CUST101810,2022-04-25,3,Board old all wait break authority purpose start.,Hot thousand risk end.
FDBK94380,CUST105613,2023-08-23,3,Ever your Congress property eye but.,He office eat create where.
FDBK94381,CUST103003,2023-09-11,4,Threat let hand future car instead.,Then seat rise moment.
FDBK94382,CUST108405,2022-11-11,4,Few authority first camera.,Eye want whom same.
FDBK94383,CUST107935,2023-06-11,3,Stock young rock college walk.,Follow impact from down hit.
FDBK94384,CUST104746,2021-03-01,2,Design suffer wind him week.,Hot catch piece song.
FDBK94385,CUST101516,2023-01-31,1,Major computer agent itself research.,Much truth rate race.
FDBK94386,CUST108814,2022-02-15,1,Wrong message wonder fine country operation.,Citizen cut lay picture.
FDBK94387,CUST104741,2021-09-02,5,With notice argue animal certain.,Practice heavy school day.
FDBK94388,CUST106204,2021-12-02,4,Lose choose red tell compare.,Machine old left away cause.
FDBK94389,CUST101274,2021-09-24,2,Concern attorney run mission high skill.,Step time every sign table.
FDBK94390,CUST108649,2021-12-13,5,Yeah and reflect. Tv role town.,Play interest put capital.
FDBK94391,CUST103359,2021-10-11,3,Perhaps air foreign student.,Often still always see event.
FDBK94392,CUST104638,2023-12-03,3,Candidate certain upon memory.,Place break none size.
FDBK94393,CUST109413,2022-05-23,5,Only energy majority rise per number vote.,Specific arrive fall.
FDBK94394,CUST100868,2022-10-17,3,Lawyer seem nature pattern.,Style girl stock view.
FDBK94395,CUST108067,2023-10-22,2,Beat event smile fine act deal message.,Simple build player.
FDBK94396,CUST108058,2021-05-05,4,To tree interview those response current.,While past executive.
FDBK94397,CUST100108,2021-10-22,4,Forward president knowledge player part idea.,Nothing gun officer finally.
FDBK94398,CUST101186,2022-07-14,5,First still few night writer.,His at door item sense.
FDBK94399,CUST106668,2022-08-25,5,Interest friend sure each thousand.,Job art share two.
FDBK94400,CUST103926,2023-05-19,4,Generation note war sell. Left make much human.,Alone trip green model know.
FDBK94401,CUST103897,2021-03-30,1,Respond land open property change I cut.,Letter pay little.
FDBK94402,CUST106713,2021-01-10,4,Along country big eye.,Tax minute step wide by.
FDBK94403,CUST106613,2022-09-21,4,Table member without school sell provide front.,Suggest like lot thousand.
FDBK94404,CUST103373,2023-10-04,5,Wish structure ball.,Every boy girl six.
FDBK94405,CUST105532,2023-12-03,3,Star million nothing. Such recently our capital.,Tonight central next life.
FDBK94406,CUST108070,2021-05-09,4,President physical read draw cause early radio.,According worker let able.
FDBK94407,CUST108114,2022-10-16,5,Pull choose kitchen avoid section management.,Ten body thing.
FDBK94408,CUST107235,2022-02-14,4,Probably thank step to order market treat.,Stand former resource memory.
FDBK94409,CUST101983,2021-10-22,2,Article explain finally born election look.,Drop show spend.
FDBK94410,CUST103424,2021-11-20,3,Lose rule piece best bad.,Hold yeah ready forget.
FDBK94411,CUST107330,2022-12-19,5,Mother fight painting administration compare.,If hear very history.
FDBK94412,CUST102874,2021-11-11,2,Really help teach federal.,Side yeah field do.
FDBK94413,CUST101617,2023-08-13,2,Box particularly nation keep concern hour.,Feeling she class.
FDBK94414,CUST105334,2021-10-11,5,Brother dream fear.,Spend determine full fine.
FDBK94415,CUST106021,2023-05-22,5,Simple education away choose loss plan.,Cell their eye father.
FDBK94416,CUST103214,2022-09-04,2,Responsibility mouth direction film.,Guess and training.
FDBK94417,CUST102161,2023-11-06,5,Image social it blue any significant reach.,Visit cut sport.
FDBK94418,CUST105933,2022-05-22,2,Similar sport speech stuff soon music science.,Deal role nature.
FDBK94419,CUST101415,2022-09-25,1,Town share history education.,Necessary which space fight.
FDBK94420,CUST104505,2021-12-25,3,He physical easy approach.,Girl artist public PM.
FDBK94421,CUST101674,2022-05-08,1,Say direction yeah without.,Game and face industry tax.
FDBK94422,CUST107065,2021-05-11,2,Environmental wish its hot yourself.,Sort record ok oil wish.
FDBK94423,CUST106087,2023-01-24,5,Learn number decision production quality person.,Price child various.
FDBK94424,CUST105974,2023-01-25,4,Anything process card especially address.,Able often recently personal.
FDBK94425,CUST101318,2022-05-31,3,Once TV after cause feeling.,Really beautiful speak.
FDBK94426,CUST105610,2023-01-14,5,Its white a capital laugh compare unit.,Process close his.
FDBK94427,CUST100850,2021-02-18,5,Size such glass must economy build.,Send voice nor dark whole.
FDBK94428,CUST108513,2021-12-01,2,Child four yeah major American inside.,Suddenly top eat foot tend.
FDBK94429,CUST108371,2022-04-28,2,Hundred computer first police check tend.,Check feel public hotel win.
FDBK94430,CUST104726,2021-02-24,3,But try program book generation.,Clear store we.
FDBK94431,CUST102425,2023-06-17,2,Sister fact appear point.,Base send very work fire.
FDBK94432,CUST103568,2021-05-25,3,Summer list travel it test.,Natural hit some pick.
FDBK94433,CUST106538,2022-01-01,4,Recent middle music seven bag speak.,Medical ago ago like.
FDBK94434,CUST102271,2022-02-02,4,Bag impact beautiful movement record not.,Tree unit tree sense.
FDBK94435,CUST100210,2022-10-10,4,Serve name help world weight television cause.,Such color whole performance.
FDBK94436,CUST105887,2022-12-15,1,Sit hit identify minute teach.,Yard war option according.
FDBK94437,CUST108664,2021-10-10,4,Surface eye sing record.,Hair beat nor.
FDBK94438,CUST107805,2022-10-04,3,Lead expert better star page.,During better kind alone.
FDBK94439,CUST104145,2022-07-23,2,Born benefit recently fact.,Would task air team hand.
FDBK94440,CUST107217,2022-09-04,4,Player follow information one suffer.,Though food car chair draw.
FDBK94441,CUST104534,2023-12-08,4,Cut onto stock. Blue condition respond.,Authority go west east.
FDBK94442,CUST103872,2021-01-23,3,Mind they service see.,Compare appear low inside.
FDBK94443,CUST104620,2023-11-22,5,No try model bed of really management.,Edge member over.
FDBK94444,CUST100696,2023-07-09,5,Impact hear lead window open summer.,Top miss maintain middle.
FDBK94445,CUST101384,2023-01-27,1,Other effect manage.,Listen nation main.
FDBK94446,CUST109986,2021-06-02,4,Loss throw lose offer direction.,Really kitchen step size.
FDBK94447,CUST100142,2021-07-09,3,Near information crime southern.,Week commercial state.
FDBK94448,CUST102781,2022-04-16,3,Meeting market more loss.,Share bar various suddenly.
FDBK94449,CUST108675,2022-06-22,2,Film little run together blue.,Add image natural.
FDBK94450,CUST108682,2022-04-03,3,Tend rich new site institution television.,Local likely must.
FDBK94451,CUST106811,2023-09-03,3,Law some visit American create investment middle.,Force simple test establish.
FDBK94452,CUST107351,2022-02-12,4,Sense defense authority fear matter.,Old plan little test check.
FDBK94453,CUST109851,2023-05-31,3,Own total well customer difference it.,Door end fish.
FDBK94454,CUST100669,2022-05-28,1,West contain professional now price.,Feeling stop wrong mind ten.
FDBK94455,CUST109921,2023-09-21,5,Mention feel area find behind ever.,Main issue wall Democrat.
FDBK94456,CUST103951,2022-11-12,4,Able action song wear.,Rise affect science thank no.
FDBK94457,CUST100589,2021-01-26,5,Top onto drug enter trial bed draw.,His only walk live series.
FDBK94458,CUST100765,2022-12-17,4,Effort back hope attack tell beautiful.,Treat study among PM.
FDBK94459,CUST107608,2022-12-14,5,Such business whatever past table.,Go instead red focus.
FDBK94460,CUST100443,2023-11-23,1,Could and sea mention husband deal once.,Single how anyone who life.
FDBK94461,CUST109161,2023-11-30,5,Picture feel phone style through.,Those take allow serve our.
FDBK94462,CUST109319,2022-01-07,5,Bill would Mr teacher sort party lose thus.,Suffer friend bad may.
FDBK94463,CUST107715,2021-12-09,3,Television ground short officer.,Project street just call.
FDBK94464,CUST102460,2021-07-05,2,Common use star theory work.,Mother bring happen special.
FDBK94465,CUST106697,2021-10-25,2,Writer effect office too large.,Fine red conference leg.
FDBK94466,CUST106005,2021-08-15,1,Section ahead hotel voice son.,Actually however parent old.
FDBK94467,CUST101840,2023-04-11,2,Successful pressure may heavy.,Bed adult when.
FDBK94468,CUST101996,2021-11-02,1,Old mouth student she.,Where game nice these.
FDBK94469,CUST106927,2021-06-02,1,Front plant imagine bank.,Front Mrs meet easy.
FDBK94470,CUST106765,2023-04-17,2,Report far growth rate entire strong figure week.,Form in now he.
FDBK94471,CUST105598,2021-04-07,5,Watch environment company treat week.,Eat interesting board final.
FDBK94472,CUST106816,2022-11-27,5,Meet new ever. Dream really thank pull.,Discover talk sometimes.
FDBK94473,CUST109584,2021-09-16,5,Official resource action kind use minute.,Participant even society.
FDBK94474,CUST106137,2021-04-08,5,White religious consumer.,In child you.
FDBK94475,CUST103801,2023-10-01,2,Suffer road million after time.,Experience upon lose like.
FDBK94476,CUST105187,2022-03-01,1,Day better role it argue.,News least morning finally.
FDBK94477,CUST106689,2021-04-15,4,Hard argue likely act.,Man however analysis.
FDBK94478,CUST101573,2021-10-09,1,Between drop who decade.,Enjoy produce sure threat.
FDBK94479,CUST106074,2022-05-01,1,Share beyond season.,Network owner of set.
FDBK94480,CUST108038,2023-12-01,4,Positive fast we hospital power blue against bad.,Keep cause interview.
FDBK94481,CUST109373,2022-02-14,3,Model require next issue. Lead option sea space.,Truth decade team poor.
FDBK94482,CUST102323,2021-12-07,3,Arrive relationship mouth actually every his.,End upon ten.
FDBK94483,CUST108206,2022-11-27,5,School feeling court onto structure long my.,Avoid usually product most.
FDBK94484,CUST100899,2022-05-09,2,Common assume white sing oil.,Hard meet there south plan.
FDBK94485,CUST102787,2022-12-23,3,Blood task no family. Deal call able.,Whether song often mother.
FDBK94486,CUST107706,2022-05-24,4,Skin list author as.,Energy for star commercial.
FDBK94487,CUST104001,2023-07-25,3,Whom college charge create.,Do room to plant behavior.
FDBK94488,CUST101490,2023-08-14,2,Make rate name receive street wear.,Walk lead happy son husband.
FDBK94489,CUST103431,2021-03-31,3,Kind perform forget focus.,Station next door whatever.
FDBK94490,CUST105935,2023-02-02,1,Care market no fall rock crime want.,Sport change treatment step.
FDBK94491,CUST103369,2022-03-26,1,Can section bill political discuss real marriage.,Oil half easy TV.
FDBK94492,CUST101048,2021-04-17,1,Goal raise agreement current bar great.,Color clear institution boy.
FDBK94493,CUST103408,2022-04-19,1,Story lead necessary help majority.,Line wind phone among.
FDBK94494,CUST106007,2022-08-20,1,Stop capital station data reality word.,Name face oil.
FDBK94495,CUST107228,2023-07-18,5,Fine type Republican drug campaign.,Woman clear form.
FDBK94496,CUST102330,2021-08-23,5,Member wish report a yard billion.,Six market attorney or.
FDBK94497,CUST103971,2022-12-17,5,Today smile computer material film role.,Right main relate.
FDBK94498,CUST107006,2022-03-30,4,For lot sport wait.,Night fear cover might.
FDBK94499,CUST103216,2023-11-05,4,Unit agreement yet throughout Democrat.,Agency account project team.
FDBK94500,CUST106716,2022-06-21,5,Myself trouble assume measure building despite.,Apply remain baby feel.
FDBK94501,CUST107073,2021-12-17,3,Certainly offer watch outside offer another.,Home magazine other watch.
FDBK94502,CUST103810,2021-06-27,2,Let yard question here activity somebody able.,Science seat lose for.
FDBK94503,CUST101747,2022-08-28,1,Tell detail yourself Mr hold remember.,Blood really center small.
FDBK94504,CUST107375,2022-04-25,3,Ball leave share market. Arm know child.,Out car yard throw amount.
FDBK94505,CUST101633,2022-06-23,5,Travel so already middle.,Seat late shoulder build.
FDBK94506,CUST109207,2023-04-08,2,Now experience plan appear box lose.,Effect plant of feel take.
FDBK94507,CUST100550,2022-08-07,5,Him around may check care.,Fight discussion right hair.
FDBK94508,CUST109416,2021-01-06,5,Wide reach sit movement white.,Even sea last whether once.
FDBK94509,CUST100747,2022-08-16,4,Benefit measure memory meeting seem east.,Executive own environment.
FDBK94510,CUST100919,2022-04-04,3,Someone entire born if.,Safe coach lot national.
FDBK94511,CUST104889,2021-03-30,1,Sometimes inside campaign politics available.,Key add parent each.
FDBK94512,CUST102704,2022-07-05,3,Body professor themselves expect talk represent.,Of full major worry.
FDBK94513,CUST103755,2021-08-07,4,See write camera statement down my.,Capital finally painting be.
FDBK94514,CUST100312,2022-08-25,5,Arrive mother approach sport sign together.,Necessary mother degree mean.
FDBK94515,CUST103689,2023-07-03,4,Southern deal such a he continue much.,Speak effort nothing.
FDBK94516,CUST101282,2023-11-07,5,Conference hope international woman.,Already trip job.
FDBK94517,CUST105318,2021-10-23,4,Easy yeah than trial threat candidate national.,You yard wide.
FDBK94518,CUST100915,2022-08-24,3,Particularly difficult everybody boy.,Around available coach.
FDBK94519,CUST104965,2023-11-30,1,Two exactly example by ability.,Once market debate gas.
FDBK94520,CUST100900,2023-12-29,2,Think join college magazine.,Just wonder heavy side.
FDBK94521,CUST101688,2023-09-04,5,Buy possible street set performance chance.,Happen weight fish.
FDBK94522,CUST103976,2023-03-06,5,Bring word democratic that. Free nature bar very.,Job her mention future.
FDBK94523,CUST107916,2023-04-21,5,Concern night young area. Character last ask not.,Black join road red.
FDBK94524,CUST101421,2023-10-26,1,Leg take project. Opportunity similar listen.,Buy middle matter fill.
FDBK94525,CUST102826,2021-08-18,4,Father address doctor maybe turn indicate.,Same fast could boy this.
FDBK94526,CUST104973,2023-01-07,3,Population hotel born well.,Walk during tend more yard.
FDBK94527,CUST103586,2022-03-02,1,New inside place statement new.,Agree seven spring wrong.
FDBK94528,CUST100585,2022-07-22,5,Father line address significant social.,Spring per Republican.
FDBK94529,CUST108892,2021-09-16,3,Miss rule someone region local.,Form him affect threat.
FDBK94530,CUST105672,2023-03-25,2,Light like agreement along.,Well school together your.
FDBK94531,CUST107483,2023-11-12,1,Total nor represent.,Five gas yard.
FDBK94532,CUST108817,2022-04-14,2,Present eight shake physical.,Focus crime pressure product.
FDBK94533,CUST102637,2021-08-31,4,Often figure very break central power.,Just town push form wait use.
FDBK94534,CUST100489,2021-10-31,1,Set scene know face risk sport read.,Apply Mr make.
FDBK94535,CUST105965,2023-02-20,1,Would exist citizen.,The last behavior I.
FDBK94536,CUST103670,2021-02-16,4,Long us nor opportunity. Visit myself affect.,Share together they.
FDBK94537,CUST108907,2023-09-06,3,Ten study someone standard sometimes cause.,While song how others.
FDBK94538,CUST102128,2021-01-25,2,Nearly bill protect who.,Prepare new into bit lot.
FDBK94539,CUST106636,2022-01-15,5,Because house customer five.,Quite yes hundred.
FDBK94540,CUST102466,2023-01-20,4,Opportunity entire night even.,Reflect especially to.
FDBK94541,CUST104542,2022-09-09,1,Including thus clearly beyond say position.,Lot course our general hand.
FDBK94542,CUST102807,2022-07-18,1,Head Mrs network break stop including effort.,Car available sort write.
FDBK94543,CUST103770,2022-10-15,4,Again red leg stage professor.,Receive someone wonder.
FDBK94544,CUST109587,2022-04-18,1,Government religious can food push.,Big marriage wrong believe.
FDBK94545,CUST109816,2023-03-07,4,Set social avoid show radio with despite.,Yes return next simple down.
FDBK94546,CUST106077,2022-05-12,1,School popular thus with mission.,Help her assume it ago.
FDBK94547,CUST107444,2021-03-26,5,Anyone manage power necessary.,Office to not miss.
FDBK94548,CUST100827,2022-09-22,1,Manager need attention purpose.,Daughter simply series turn.
FDBK94549,CUST101529,2023-03-04,1,Accept marriage do line stay number.,Model that best great.
FDBK94550,CUST108760,2022-02-27,5,Sell receive little certain.,Movie exactly Mr pick.
FDBK94551,CUST100349,2023-10-20,1,Open worry I debate. Western down kind.,Pull over cost option break.
FDBK94552,CUST104454,2022-07-02,1,Page serve bit specific age friend low year.,If size know including.
FDBK94553,CUST105899,2023-09-04,5,See would me scene shake chair.,School vote most hair agency.
FDBK94554,CUST107049,2023-12-14,3,Agreement sound major movie upon.,Purpose bar us.
FDBK94555,CUST102109,2022-07-31,2,Card civil heavy part.,Bad red they.
FDBK94556,CUST102572,2022-11-15,1,Throughout charge eight.,Light citizen forget unit.
FDBK94557,CUST108381,2022-08-12,1,Effort along heavy quite.,Blood occur drive trade.
FDBK94558,CUST100066,2023-06-16,2,Agency my staff wrong.,Family few this keep.
FDBK94559,CUST108930,2023-12-03,5,East worry land fast seven power.,Product arrive life.
FDBK94560,CUST109641,2023-08-07,1,Especially painting morning likely then nothing.,Leg represent box.
FDBK94561,CUST101728,2022-05-15,1,Mr star technology.,Better go I offer base avoid.
FDBK94562,CUST103962,2022-02-15,2,Discuss each quickly wind purpose.,Care out low region.
FDBK94563,CUST108665,2023-05-04,2,At indicate stock eye write bring push.,And buy early.
FDBK94564,CUST108285,2023-10-08,1,Responsibility song air in offer.,See stock base identify.
FDBK94565,CUST109843,2022-10-31,5,Analysis record tonight event old.,Should gas sign activity.
FDBK94566,CUST102468,2023-01-24,2,Effort where any a risk deep act teach.,Base director standard store.
FDBK94567,CUST108505,2022-12-25,2,Today Mrs allow think beyond whatever.,Practice program sell unit.
FDBK94568,CUST109159,2022-02-06,2,Power pressure thank. To gas move from.,Discuss your population plan.
FDBK94569,CUST104526,2023-11-04,1,Three too role.,Fact wish position best.
FDBK94570,CUST104077,2022-01-20,4,Produce other glass approach enjoy morning.,Public some senior cover.
FDBK94571,CUST100870,2023-09-19,2,She fill college about.,Rate success culture where.
FDBK94572,CUST101397,2021-10-04,2,Wonder age remember read listen herself see.,West spring start easy per.
FDBK94573,CUST109246,2021-06-04,1,Serve serve within across between data.,Left already property.
FDBK94574,CUST101693,2021-05-30,1,Everybody coach hospital.,Talk campaign media dog.
FDBK94575,CUST100409,2022-05-10,5,Win soldier describe conference media individual.,Increase here only.
FDBK94576,CUST105497,2022-05-16,3,Huge billion two north always treatment cause.,Wife never garden medical.
FDBK94577,CUST105497,2021-07-22,5,Region color machine first away.,Fight effect admit run.
FDBK94578,CUST108701,2022-12-15,3,Same production light official raise state want.,Skill off each suffer.
FDBK94579,CUST106399,2023-05-29,4,Involve fact after respond.,Value mention everyone bill.
FDBK94580,CUST106250,2023-11-10,1,Rate throughout gas become special.,Trip like change pull to put.
FDBK94581,CUST108972,2023-09-25,4,Person room this more plan.,Shake talk tree involve.
FDBK94582,CUST104023,2023-10-27,5,Significant forget impact study.,Like have in game play.
FDBK94583,CUST101485,2022-05-09,1,Article conference fight.,Movie grow treat wife pay.
FDBK94584,CUST108384,2023-03-21,4,West house stock every agency marriage more.,Too factor throw have task.
FDBK94585,CUST109780,2023-06-27,4,Behind black remain turn author huge history.,Fall cell check audience.
FDBK94586,CUST107079,2023-11-11,4,Who into particularly resource wrong.,Wide stock wife house own.
FDBK94587,CUST104687,2023-10-12,4,Officer body something water beautiful involve.,Then teach feeling.
FDBK94588,CUST103092,2022-12-23,1,Much movement despite pressure.,Contain window two sometimes.
FDBK94589,CUST108550,2021-04-07,2,Fight rock total turn hair.,Plan protect year.
FDBK94590,CUST103569,2023-09-09,2,Successful per official family significant.,Be already year.
FDBK94591,CUST101900,2022-06-02,3,Anyone amount while book next project.,Her dinner forward cost.
FDBK94592,CUST102502,2023-05-24,5,Rich difficult time few.,Sea hard from stuff perhaps.
FDBK94593,CUST100062,2023-05-21,5,More book rise note. Prevent away yard Democrat.,Smile despite main by.
FDBK94594,CUST101563,2021-11-12,2,Civil several letter person truth heart strategy.,Six which which expert.
FDBK94595,CUST108670,2021-10-25,1,Government there consider position.,Happy run compare we police.
FDBK94596,CUST105629,2023-02-22,5,Family if let oil.,Arm letter several.
FDBK94597,CUST106377,2021-06-08,3,Technology dark defense large impact president.,Rather decade alone.
FDBK94598,CUST106011,2022-12-06,3,Work art her value hand.,Feel thing blood.
FDBK94599,CUST106776,2022-07-19,5,Article coach possible responsibility challenge.,Think theory decade discover.
FDBK94600,CUST104265,2023-11-30,1,Away support Republican new alone when.,Help during six game class.
FDBK94601,CUST106054,2021-04-18,1,Protect collection last reach company find.,List mean room relate color.
FDBK94602,CUST103671,2022-11-27,1,Outside show like old nice into.,Report cell itself computer.
FDBK94603,CUST102537,2022-03-19,2,Sing knowledge price. Nor during support art.,Newspaper support must.
FDBK94604,CUST100931,2023-04-11,5,Arm person charge.,Rate never interview.
FDBK94605,CUST101716,2022-03-17,1,Spring design forward everybody.,Pass pressure after rate.
FDBK94606,CUST108517,2023-07-09,4,Move action structure next health end reach.,Southern me charge degree.
FDBK94607,CUST106779,2022-06-06,4,Likely human laugh and.,Arm expect painting apply.
FDBK94608,CUST103680,2023-07-22,3,Claim candidate area entire firm camera.,Thing in market set.
FDBK94609,CUST103835,2023-08-26,4,Church become coach man go risk street father.,Race sort gas sort yet world.
FDBK94610,CUST107028,2022-04-18,3,Source reduce office music surface building.,After almost lot necessary.
FDBK94611,CUST102223,2023-04-15,2,Moment student require enter result everybody.,Sell inside grow.
FDBK94612,CUST103567,2021-02-23,2,Nice fast budget cause collection.,Thus training seek.
FDBK94613,CUST104267,2022-02-27,4,Perform once center.,Five director between.
FDBK94614,CUST109771,2023-04-21,5,Share dream sport sport itself.,Dinner ability gun newspaper.
FDBK94615,CUST103876,2021-04-28,1,Result you smile send same man. Who effect early.,Law fall hour kind.
FDBK94616,CUST105615,2023-09-19,1,Later relate edge rich wear.,Care media shake maybe.
FDBK94617,CUST102134,2022-06-18,5,Article increase factor check beyond green PM.,Fear various only trial.
FDBK94618,CUST100680,2023-06-08,3,Good teacher send choose.,Door team current from.
FDBK94619,CUST108099,2022-02-04,3,Goal stock small common ok see water.,Letter phone table anything.
FDBK94620,CUST100476,2023-03-22,3,Pick career science.,Film inside enter major.
FDBK94621,CUST106919,2022-12-30,1,Goal course performance art. Police star yet.,Inside Republican much.
FDBK94622,CUST100618,2022-02-10,4,Hair step spring.,Pick many only tax.
FDBK94623,CUST100554,2022-05-10,5,Buy order full material film.,Find pretty story.
FDBK94624,CUST108462,2021-04-01,2,Product remember avoid nature value test.,Most blue ahead prevent.
FDBK94625,CUST106197,2023-02-21,2,Many consumer bag model.,Notice party stuff sea.
FDBK94626,CUST104555,2023-12-09,1,His show thing left could.,Risk among risk to suffer.
FDBK94627,CUST100178,2022-10-17,1,Movie seven team type. Box wait quality.,Tend TV training live.
FDBK94628,CUST103227,2023-12-28,1,Method reveal really.,Itself inside whether open.
FDBK94629,CUST106498,2022-04-24,5,Check event positive character.,Member spring term laugh box.
FDBK94630,CUST101314,2023-02-01,5,Very easy air land read phone.,Performance argue right.
FDBK94631,CUST109854,2023-02-07,5,Art special rich human.,Happy yes lay whatever phone.
FDBK94632,CUST102323,2021-05-07,5,Specific will its around.,Of actually nation take.
FDBK94633,CUST103329,2021-01-19,5,Personal three different who speak.,Life send seek money away.
FDBK94634,CUST104793,2023-10-08,3,To always drop administration.,Coach never main Congress go.
FDBK94635,CUST108995,2022-08-07,2,Begin me community drug animal thought sometimes.,Shake hope listen yard.
FDBK94636,CUST108798,2022-10-22,4,All measure public spend write adult.,Place six source example.
FDBK94637,CUST103577,2023-08-22,3,Shake clearly raise hard support.,Possible upon open process.
FDBK94638,CUST104239,2023-09-06,2,Difficult use drug if home our able apply.,Never fall ok.
FDBK94639,CUST105743,2023-05-15,2,Develop thought book year foot.,Open travel significant bank.
FDBK94640,CUST100243,2022-04-14,3,Ability economy difficult apply discussion case.,Small site author born.
FDBK94641,CUST101428,2023-02-24,4,Popular note police open drive house.,Money usually spend.
FDBK94642,CUST108378,2021-04-28,5,Generation man fly shake.,Oil play painting despite.
FDBK94643,CUST106391,2021-11-05,5,Break capital radio either.,Record recent any say.
FDBK94644,CUST103650,2023-05-20,3,Beyond interesting nothing imagine relate.,Television still enjoy.
FDBK94645,CUST106013,2022-11-19,2,Recognize gun minute sometimes.,Test then thought.
FDBK94646,CUST108866,2023-06-11,3,Minute north no dinner friend hard method seat.,Staff show mind perhaps.
FDBK94647,CUST101672,2023-11-01,1,Example fish remain whose.,Much rule appear PM firm.
FDBK94648,CUST106732,2021-08-05,2,Often south ahead mouth degree.,Yard star also grow.
FDBK94649,CUST107318,2021-06-25,3,Push husband remain like wife hour.,Last beat fear mean.
FDBK94650,CUST108880,2023-05-26,5,Skill time time between where behavior.,Smile find break.
FDBK94651,CUST105608,2023-06-16,3,Claim mention large.,Big heavy huge leave add.
FDBK94652,CUST107019,2021-03-23,3,Us myself draw toward agent amount.,Employee support quite she.
FDBK94653,CUST103970,2021-11-22,2,Charge across page.,House population treat bring.
FDBK94654,CUST107700,2022-02-07,1,Hot tend thank shoulder role.,Father when care.
FDBK94655,CUST108298,2021-07-19,3,Place rest base outside person.,Value short serve.
FDBK94656,CUST102732,2022-12-17,1,Eye require be throw top. Another red mind.,Dream ready continue in.
FDBK94657,CUST108056,2022-08-22,3,American bad describe carry imagine discuss.,Magazine drug ok open.
FDBK94658,CUST102477,2021-01-08,3,Feel image place.,Go mean PM.
FDBK94659,CUST101551,2021-01-06,1,Interest offer go reach technology civil.,Too during my full family.
FDBK94660,CUST106121,2022-07-23,2,Push account traditional official race its trip.,College stuff only five.
FDBK94661,CUST101808,2022-06-17,5,There hold heavy friend marriage generation sure.,Court measure eye.
FDBK94662,CUST104207,2023-08-12,5,Audience military family.,Avoid million fill evidence.
FDBK94663,CUST106115,2023-06-24,1,Son coach arrive right question sea town.,Tree its suddenly hear their.
FDBK94664,CUST108085,2021-11-10,5,Wide front body size back.,Lot adult glass project.
FDBK94665,CUST107618,2022-02-17,3,Rock assume pass about better clearly field.,This force statement.
FDBK94666,CUST101218,2021-10-12,5,Cultural Republican step. Mind better east.,Since high environmental.
FDBK94667,CUST107374,2023-01-07,5,Sense which while glass sign participant.,Film do fact life how.
FDBK94668,CUST105187,2021-02-06,3,Music test agreement.,Statement step admit work.
FDBK94669,CUST102079,2022-05-24,2,Enjoy like factor perhaps final show stop.,Day kid stay similar.
FDBK94670,CUST102875,2021-05-02,4,Yard TV policy. Into smile push around.,Town exist dinner.
FDBK94671,CUST104509,2021-11-19,3,Push pay top edge. Friend choose daughter.,Subject both behavior.
FDBK94672,CUST105600,2023-07-24,3,Improve beat middle fish cover use.,Happy probably way fact.
FDBK94673,CUST103492,2022-10-09,5,Street across rate third history modern entire.,Win able item.
FDBK94674,CUST109863,2023-05-08,4,Quite record tell owner have air character.,Every establish chance bring.
FDBK94675,CUST109758,2022-10-21,4,Support she sell sign officer stop.,Allow consumer father.
FDBK94676,CUST106629,2023-02-26,2,Strategy open third current. Smile wait right.,Appear stay build.
FDBK94677,CUST100130,2023-04-01,5,Season place mention order standard that.,School most medical remember.
FDBK94678,CUST100851,2023-09-01,5,Firm evening station create decide or.,Able student after maybe son.
FDBK94679,CUST106276,2023-04-17,4,Deep maybe every first course.,Citizen offer property fine.
FDBK94680,CUST105677,2023-11-10,4,Section soon positive truth woman pattern.,Charge heavy way.
FDBK94681,CUST105802,2023-10-30,2,Partner wonder under like season bar.,Reduce mention pattern.
FDBK94682,CUST103009,2023-08-31,5,Quality beat authority ask either sing indeed.,More four identify low I.
FDBK94683,CUST102994,2023-06-09,2,Along back boy especially.,Father who race color.
FDBK94684,CUST106799,2022-08-03,3,Table standard last film one partner.,Again door someone available.
FDBK94685,CUST101789,2021-06-13,2,Man maybe success rock career.,Painting walk present hair.
FDBK94686,CUST102471,2023-01-16,3,Wait short special skin hit seat ball.,Fine less expert plan.
FDBK94687,CUST109648,2022-08-23,1,Challenge at provide truth thought word mean.,Improve feel system become.
FDBK94688,CUST101000,2022-03-03,2,Message car already mind event student.,Far table matter minute or.
FDBK94689,CUST108299,2021-11-17,5,Prepare light property side.,Thus debate paper over.
FDBK94690,CUST100812,2021-02-27,5,Month single employee make air water.,Drop this son we.
FDBK94691,CUST100278,2021-12-05,4,He surface environmental two.,Whose argue eight.
FDBK94692,CUST108147,2023-06-09,1,Nearly himself poor us.,See measure field job.
FDBK94693,CUST103200,2023-07-01,4,Conference item live place next accept language.,Will talk opportunity.
FDBK94694,CUST100092,2021-04-12,4,Second experience into they measure several list.,Need media treat air girl.
FDBK94695,CUST107410,2021-08-08,5,Eat little study our.,Share local allow field.
FDBK94696,CUST100021,2022-09-03,2,Turn bar war hit know statement cover sort.,Return expert who day.
FDBK94697,CUST103612,2022-03-28,3,Strategy store participant word.,Across follow rich.
FDBK94698,CUST101213,2023-06-18,1,Pretty team so standard movement from second.,Able detail phone family bed.
FDBK94699,CUST102186,2021-02-10,4,Security door win offer.,Available win what lay.
FDBK94700,CUST108788,2023-08-07,3,Member often officer possible station.,Return low factor east.
FDBK94701,CUST109844,2021-07-04,4,Everybody raise something we family.,Senior conference figure leg.
FDBK94702,CUST100562,2021-04-29,1,Minute movie theory manager bag.,Improve building view.
FDBK94703,CUST108426,2023-02-24,1,Parent ahead affect new some.,Wide act job admit door.
FDBK94704,CUST101928,2021-05-01,4,Sign society sea could. Agreement might magazine.,Become much us raise party.
FDBK94705,CUST106022,2021-07-29,3,Success want happen society. Nice line build.,Analysis to use race stay.
FDBK94706,CUST101027,2023-07-30,4,Century president claim could concern fight.,System reach heavy cut.
FDBK94707,CUST106818,2023-02-17,3,Personal why serve your debate.,Newspaper Mrs game far.
FDBK94708,CUST106886,2022-09-18,4,Meeting still night from staff adult fear.,Party ten away owner a.
FDBK94709,CUST102778,2023-11-26,5,Some investment almost science someone military.,Speak knowledge turn level.
FDBK94710,CUST108036,2022-01-25,3,Move significant all order.,Beautiful per young father.
FDBK94711,CUST105212,2022-08-05,2,How democratic story suddenly.,Others same until majority.
FDBK94712,CUST105007,2023-10-15,2,Institution build answer kitchen above their.,Method fight western staff.
FDBK94713,CUST107217,2022-07-23,1,Indeed should idea strategy speech.,Science practice deal staff.
FDBK94714,CUST102997,2023-11-06,2,Everybody outside campaign into.,Attorney sort ability create.
FDBK94715,CUST107794,2022-05-16,3,Measure blue article start receive.,May paper back every.
FDBK94716,CUST109542,2022-08-13,3,Stand final item plan federal.,Here ball style strong.
FDBK94717,CUST109437,2022-07-09,2,Audience positive where college road happen.,Design box much like.
FDBK94718,CUST109609,2023-04-01,1,Finish share often music wait create determine.,Red quality weight sell.
FDBK94719,CUST108356,2021-10-06,1,Continue rest open public.,Business week he give bed.
FDBK94720,CUST107325,2023-04-13,2,Late century table fill fight.,Under call much state suffer.
FDBK94721,CUST108035,2023-04-25,5,Knowledge animal write though you action.,Rate player structure.
FDBK94722,CUST106573,2021-01-02,5,First three heart where financial energy.,Land main early high spend.
FDBK94723,CUST100992,2021-10-10,4,Card goal nation positive available.,Sing these kind others.
FDBK94724,CUST105184,2021-07-04,2,Option social within others medical week.,Stand home page.
FDBK94725,CUST104630,2021-12-04,5,Real ready she even need thousand church.,Nor fine determine policy.
FDBK94726,CUST104330,2023-04-07,3,Determine situation tell movement.,Reach perhaps case glass.
FDBK94727,CUST104504,2023-07-16,5,True actually member capital.,Man woman buy use color.
FDBK94728,CUST108060,2021-09-18,2,Should fill shake clear life.,Risk simple building visit.
FDBK94729,CUST101381,2022-09-16,3,Hold before tell memory response.,Fire thus indicate wrong.
FDBK94730,CUST101935,2022-07-21,4,Million animal lay.,Truth floor see per.
FDBK94731,CUST102594,2023-10-06,4,Serious second about eight respond.,Near prevent point buy the.
FDBK94732,CUST106584,2022-12-06,3,Show surface often whether.,Than politics again.
FDBK94733,CUST106960,2021-04-23,2,Nothing apply five red trade during.,Area pick free consider.
FDBK94734,CUST101380,2021-07-26,3,Foreign stand woman home. Here turn service its.,Practice land whether fill.
FDBK94735,CUST103907,2022-09-17,2,Former themselves past various human project.,Behind off view mean plan.
FDBK94736,CUST101284,2021-03-09,3,Source order exist sign discuss.,Simply as shake hard program.
FDBK94737,CUST108152,2021-02-12,1,Address specific push difference already ball.,Minute than analysis.
FDBK94738,CUST106683,2022-10-01,4,Include fall television majority style.,Answer a sit chair.
FDBK94739,CUST109517,2023-11-21,5,Cultural yeah song carry. Short worry dark first.,Agency perform design.
FDBK94740,CUST106671,2023-05-23,3,Indeed kid remain team.,Four produce finally.
FDBK94741,CUST107430,2023-01-01,4,Serious set wall gas mean could site.,Student edge team whatever.
FDBK94742,CUST108848,2021-09-10,4,Morning night whether generation agreement will.,Job century despite.
FDBK94743,CUST101269,2021-02-07,3,Your American represent pattern.,Expect born PM.
FDBK94744,CUST102289,2022-02-06,5,Red attention personal.,For second vote true.
FDBK94745,CUST107060,2021-04-23,5,Marriage for military get them office.,Who since part job describe.
FDBK94746,CUST108353,2022-09-20,3,Chair along available rate couple.,On level time thought.
FDBK94747,CUST103129,2021-05-17,3,Because same provide. It once get military.,Fund left drop be how.
FDBK94748,CUST104711,2022-04-07,1,Since travel chair. Add try never meeting miss.,Treat or hold us.
FDBK94749,CUST104947,2022-12-02,4,Capital loss actually appear career.,Though season at.
FDBK94750,CUST100959,2021-02-25,2,Responsibility too book eye rate.,Compare well experience late.
FDBK94751,CUST103581,2022-08-09,2,Two method produce who example involve manage.,Before place open condition.
FDBK94752,CUST101076,2023-12-21,5,Ask week concern economic six.,Interest yeah response than.
FDBK94753,CUST105157,2023-08-02,2,Five future upon so beautiful month.,Show camera room civil.
FDBK94754,CUST106933,2021-05-04,3,Show game never particular because past never.,But power idea check.
FDBK94755,CUST109009,2023-12-28,2,Sell thing among partner among leg home fly.,My others ago Congress tend.
FDBK94756,CUST109691,2022-03-19,5,Effect as serious. Throughout friend idea all.,Education make city red.
FDBK94757,CUST100961,2023-05-26,5,Assume daughter position close job address.,Will town deal three.
FDBK94758,CUST106180,2022-03-23,4,Hard whether describe no pressure method blue.,Middle along likely own.
FDBK94759,CUST108597,2022-01-02,1,Moment large bed personal.,Wind thus build them role.
FDBK94760,CUST102377,2023-06-08,1,Bad think alone section energy. Peace dark use.,Wish up foot bring cup off.
FDBK94761,CUST106223,2021-11-01,3,Ball close nor above draw.,Special draw table.
FDBK94762,CUST109383,2022-05-02,5,Big forget center anyone without.,Truth court no no me.
FDBK94763,CUST106826,2023-01-20,2,Enjoy former development yet without family nor.,Relate item light television.
FDBK94764,CUST101852,2022-05-08,4,Mission view value lot wide lot.,Maybe affect side prove if.
FDBK94765,CUST107782,2021-04-07,2,Trip economy program exist. Mind heavy cup.,Song also quality image.
FDBK94766,CUST102199,2023-01-12,4,School sense nor everyone myself opportunity.,More condition program.
FDBK94767,CUST101241,2022-08-10,5,Thousand concern four short coach great low.,Enter day if trip.
FDBK94768,CUST109122,2023-10-15,1,Learn family ground agree show.,Whatever important building.
FDBK94769,CUST102925,2021-11-26,2,Staff player time enjoy clearly.,Improve tough operation.
FDBK94770,CUST100725,2022-04-25,1,Network beat after amount they large throw.,Know social option system.
FDBK94771,CUST100195,2023-12-17,5,Degree hotel much energy build dream.,Cut care here reason.
FDBK94772,CUST100228,2022-01-14,5,Argue positive sense smile. I compare impact.,Heavy son herself nothing.
FDBK94773,CUST108450,2021-05-12,2,Above instead good phone company win simply.,Rest impact include catch.
FDBK94774,CUST103004,2022-06-01,5,Good model gas apply someone.,Often good pull trade.
FDBK94775,CUST106883,2022-02-07,3,Fill paper win. Begin game out plan nor.,Rich sit hear employee.
FDBK94776,CUST108306,2021-11-09,2,Information sort number put see writer go.,Pay feel best these.
FDBK94777,CUST109987,2022-01-30,1,Career science account force.,Wind explain voice near.
FDBK94778,CUST109163,2023-01-27,3,Another heart management recognize group.,Policy enough turn reduce.
FDBK94779,CUST109408,2021-10-17,4,Blood remain painting forward.,True simple need shake.
FDBK94780,CUST103671,2022-01-30,1,Record we successful treat.,Plan decide top.
FDBK94781,CUST107890,2021-06-16,3,Just list blue choice fact or which.,Dinner hundred design.
FDBK94782,CUST107747,2023-06-06,4,Early city degree sense picture person.,Option amount to again happy.
FDBK94783,CUST107363,2022-08-14,3,Own relationship them science ahead heavy.,Dream his single.
FDBK94784,CUST108631,2023-04-17,1,Pay next scene right.,Kitchen card hand fast.
FDBK94785,CUST109635,2021-11-23,3,Officer pressure matter bank involve soon.,Since indeed notice message.
FDBK94786,CUST106210,2022-04-04,2,Generation form middle attention.,A become east bring.
FDBK94787,CUST109819,2021-05-21,3,Expect style behavior art coach station former.,Partner tough when.
FDBK94788,CUST105532,2023-06-06,5,Yourself deep song field question.,Recently build us.
FDBK94789,CUST107505,2023-01-19,5,Approach attention standard day.,Fly million budget teacher.
FDBK94790,CUST103006,2022-06-27,2,Possible lawyer develop large citizen.,White sell view direction.
FDBK94791,CUST107371,2023-12-27,4,Someone field onto real process.,Movie system nature.
FDBK94792,CUST108056,2021-08-15,5,Structure never surface soon peace.,For begin defense expert day.
FDBK94793,CUST102148,2021-06-06,5,Everything picture throw both time again.,Movie truth Mrs piece media.
FDBK94794,CUST109430,2021-10-21,2,Perform can travel clear official deal security.,Late natural leader series.
FDBK94795,CUST107712,2023-04-27,4,True size and peace blue line.,Through sister fear who.
FDBK94796,CUST100797,2021-03-07,1,Establish back method in peace why catch.,Wear kitchen give.
FDBK94797,CUST101442,2021-04-21,5,Its brother scientist anyone.,White scene pass discuss.
FDBK94798,CUST106429,2022-12-18,5,Degree occur southern among.,Executive read eight surface.
FDBK94799,CUST100019,2022-02-03,5,Computer mouth draw throughout behavior.,Various could plan rate just.
FDBK94800,CUST106617,2023-07-01,1,Change visit care consider.,She training fish popular.
FDBK94801,CUST107474,2023-05-30,4,Food red buy face early himself.,Would kitchen particular.
FDBK94802,CUST109057,2022-09-07,1,Her carry figure best.,Project she hope finish hit.
FDBK94803,CUST109013,2021-02-14,3,Floor forward prove.,Let kind than ask two.
FDBK94804,CUST103287,2022-08-21,1,Save include TV cup.,Able forget peace protect.
FDBK94805,CUST101424,2022-08-17,1,Simple pretty question before. Baby entire short.,Analysis life government bar.
FDBK94806,CUST102145,2023-02-11,4,Town happen science them.,Body care college continue.
FDBK94807,CUST101517,2023-09-07,2,Throw performance family central usually.,Might citizen put.
FDBK94808,CUST102802,2023-02-23,1,Realize meeting color.,Foot bad by you final.
FDBK94809,CUST109479,2022-01-01,5,Loss late way identify talk.,During mouth just.
FDBK94810,CUST108328,2022-07-21,3,Among hospital various event fight.,Ever official whether miss.
FDBK94811,CUST109557,2022-09-04,3,Price for wife wish while.,Radio left left view.
FDBK94812,CUST105645,2021-03-05,5,For owner note save.,It business wish.
FDBK94813,CUST107828,2021-01-24,4,Concern between quite onto whose mind company.,Fight goal must model TV.
FDBK94814,CUST104555,2021-03-07,1,Director employee remain.,Can share radio write.
FDBK94815,CUST105115,2021-11-04,4,Stop including recognize western pass.,Recently son choice.
FDBK94816,CUST105286,2021-09-17,4,Seven finally set mission. Watch along social.,South cultural time or.
FDBK94817,CUST108416,2022-12-07,1,Draw including party section. Second will city.,System push dark what.
FDBK94818,CUST109204,2023-07-25,5,Most travel home movement.,Base myself upon road.
FDBK94819,CUST109910,2023-06-11,1,Pay fact north financial far.,Agent ago notice answer.
FDBK94820,CUST105056,2022-11-15,2,Production group popular finally section best.,Find together also modern.
FDBK94821,CUST107929,2023-07-14,4,Picture ok imagine although positive smile keep.,Newspaper degree popular.
FDBK94822,CUST103185,2022-01-16,4,Must trouble book where my three.,Outside office less.
FDBK94823,CUST101526,2021-07-28,4,We door agreement close social question citizen.,Race key those who.
FDBK94824,CUST105625,2023-10-10,3,Require practice type.,Worker run dream need let.
FDBK94825,CUST107738,2023-01-14,5,Admit police really consider suffer.,White research any total.
FDBK94826,CUST103889,2022-03-11,5,Everything start able person.,Interview land class left.
FDBK94827,CUST101750,2023-07-24,4,Product involve you book boy will.,Against than visit sign.
FDBK94828,CUST106321,2023-09-14,3,Friend boy enough southern nor three.,Attention say station left.
FDBK94829,CUST106387,2023-12-04,4,Concern trip hot service hour chance.,Service future life both.
FDBK94830,CUST100712,2022-05-20,4,Know protect car kind family response.,Protect TV foot as.
FDBK94831,CUST109975,2022-05-06,1,Rich federal require both dark upon north.,Whole article him.
FDBK94832,CUST100893,2021-08-05,4,Space federal raise will my allow.,Cold fill care break street.
FDBK94833,CUST108622,2023-11-30,1,Behavior past look enjoy economy.,Instead pick able fear.
FDBK94834,CUST100536,2022-02-06,4,Edge place idea risk sense owner white.,Instead former less else.
FDBK94835,CUST105915,2023-06-28,1,Alone so mother night participant field into.,Decade offer political ball.
FDBK94836,CUST102200,2023-07-26,3,Little away benefit. Phone middle reason arm.,History figure know share.
FDBK94837,CUST103914,2022-07-18,1,Good travel son kid seat without.,Go fact down church.
FDBK94838,CUST106249,2022-03-18,2,Animal suggest together technology.,Positive record feeling than.
FDBK94839,CUST106490,2022-11-05,3,Voice than be first believe plan.,Agency present despite stop.
FDBK94840,CUST102485,2022-08-06,5,Cause account way whose over.,Wait use degree score.
FDBK94841,CUST109463,2022-06-04,1,Along feeling citizen phone sense me on.,Station page should all not.
FDBK94842,CUST108299,2021-11-14,1,Avoid step risk then girl cost.,Beyond wife list skill.
FDBK94843,CUST109516,2021-02-02,1,Our so figure dream bag.,Hair where office.
FDBK94844,CUST105320,2021-07-17,5,Four person really single size.,Oil education rise arrive.
FDBK94845,CUST102503,2021-02-14,5,Down break wind institution. Coach he sell open.,She only now apply.
FDBK94846,CUST103376,2022-12-17,4,Citizen send image third item until though size.,Subject couple board degree.
FDBK94847,CUST109719,2023-08-05,3,Maintain soon least road. Later president up.,Spend doctor instead down.
FDBK94848,CUST107180,2023-12-25,2,Control dinner special develop way.,Key response country.
FDBK94849,CUST102299,2023-05-06,4,Interest name customer eight teach.,Card little morning choose.
FDBK94850,CUST103520,2023-09-13,4,Marriage discuss show tell late action country.,Skin together owner wish.
FDBK94851,CUST101915,2023-04-19,3,Hope reality choose look soon since.,Continue window debate.
FDBK94852,CUST104536,2021-05-31,1,Watch this campaign majority.,Effort time star never.
FDBK94853,CUST100064,2022-05-01,5,Court card alone career.,Lead simple hit out smile.
FDBK94854,CUST107593,2021-05-16,4,Too ever control account yard.,After southern price.
FDBK94855,CUST102593,2021-12-27,4,Easy feeling reflect usually big high there.,Lawyer agree until treatment.
FDBK94856,CUST103022,2021-06-18,3,Big away service pass market include.,Continue body show.
FDBK94857,CUST102364,2023-06-16,4,Charge think human voice want fire.,Simple threat attorney.
FDBK94858,CUST103214,2021-11-12,5,Short bag middle fact people once gas.,Me prove voice east fund.
FDBK94859,CUST109015,2021-10-08,4,Class camera sense which its improve perform.,Police white receive herself.
FDBK94860,CUST105734,2022-04-30,4,Land ready page plant usually bill.,Mr cell official.
FDBK94861,CUST104099,2023-03-27,2,Not serious physical upon.,Onto off instead what.
FDBK94862,CUST108857,2022-10-02,5,Really trial high toward must company our.,Positive help camera plant.
FDBK94863,CUST107241,2023-07-20,5,Member keep true minute.,Drive also argue wall.
FDBK94864,CUST107657,2023-11-29,2,Record have trial.,Politics good ready choose.
FDBK94865,CUST101420,2022-04-04,2,Interest nature describe small sport effort.,There pretty candidate stock.
FDBK94866,CUST101001,2021-03-27,1,So huge director bill movie create just.,Learn not practice room.
FDBK94867,CUST102415,2021-10-02,3,Page price evening ok hit lead address.,Reason sound commercial.
FDBK94868,CUST109183,2022-01-19,5,Night mean cup stuff whose radio professor.,Light impact likely occur.
FDBK94869,CUST108977,2023-01-14,5,Group glass pay knowledge. Price can new change.,Skin Mr figure part maybe.
FDBK94870,CUST107708,2023-10-27,2,Song future design power bag radio.,Week behind evidence image.
FDBK94871,CUST106019,2023-06-10,4,Return claim tough must candidate.,Son knowledge tax size.
FDBK94872,CUST103734,2022-01-15,1,Try them onto ahead send few.,Quickly into necessary floor.
FDBK94873,CUST109552,2021-12-31,5,Without seek after key most history sense.,Adult research of run line.
FDBK94874,CUST101694,2022-11-18,2,Reflect turn despite set.,Discover tree perform.
FDBK94875,CUST108055,2022-09-06,1,Feel bed near must.,Section out least rich.
FDBK94876,CUST107595,2022-12-15,5,Compare shake five school.,Full across matter.
FDBK94877,CUST108412,2021-01-21,4,Life pay score compare.,Good skin keep best.
FDBK94878,CUST107194,2022-08-17,3,Represent six close agency group treat.,Draw east even knowledge.
FDBK94879,CUST107803,2023-05-18,3,Practice them attorney soon past art church.,Effort store door.
FDBK94880,CUST103401,2022-07-27,4,Glass sister debate six sell treatment live.,Enough nearly fly.
FDBK94881,CUST104081,2022-05-12,3,Move turn news better style exist.,System center station listen.
FDBK94882,CUST100919,2023-05-04,5,Century moment house final recently.,General if recently summer.
FDBK94883,CUST101349,2023-08-04,3,Protect which possible peace common.,Happen positive seem over.
FDBK94884,CUST105751,2022-12-02,3,Baby point scene former thousand kitchen central.,Future rock response thus.
FDBK94885,CUST105590,2021-05-03,2,Training son ready hear get.,Sea source building.
FDBK94886,CUST104764,2021-11-17,5,Region million voice set.,Deal east fine.
FDBK94887,CUST105269,2023-01-19,5,Talk learn check with woman man those support.,Second who place person eye.
FDBK94888,CUST102434,2022-06-12,4,Design own where particularly fact.,Remain office trial.
FDBK94889,CUST102038,2022-02-22,3,Build thus still cost.,Business source well party.
FDBK94890,CUST105264,2023-09-03,1,Product front still remember line situation.,Maybe outside tell face.
FDBK94891,CUST105239,2022-12-16,5,Brother physical teacher rock woman president.,Chair both reflect difficult.
FDBK94892,CUST101193,2021-05-12,5,Maybe buy under hear.,Far thing off our.
FDBK94893,CUST109710,2021-10-05,1,As person focus the business.,Send north team room.
FDBK94894,CUST102373,2023-10-17,5,Leave production mouth employee.,Mission former try their.
FDBK94895,CUST104119,2021-01-12,4,Son least best program. Benefit yet life.,Beyond tough nice behavior.
FDBK94896,CUST100727,2022-03-29,3,Seven staff same concern treatment small move.,Leader site citizen water.
FDBK94897,CUST106543,2021-08-13,4,Tree interview arm position.,Hair one because form catch.
FDBK94898,CUST100368,2023-06-07,3,Always next take away list.,Term certain cut a challenge.
FDBK94899,CUST101528,2021-07-13,4,Speech bad film such lay.,Western day enjoy.
FDBK94900,CUST103361,2022-02-11,4,Step pass party yard magazine.,Hundred shake again.
FDBK94901,CUST104146,2022-05-07,3,Including per sea often upon check.,Never old fish more sound.
FDBK94902,CUST101896,2021-06-10,2,Strategy boy require perhaps stock.,Result like market price.
FDBK94903,CUST103638,2023-04-12,5,Spring radio smile.,Full else green accept.
FDBK94904,CUST104731,2023-10-26,5,Pick determine but outside successful.,Ok million fill though.
FDBK94905,CUST102606,2021-09-10,3,Serious piece fast consumer might option form.,Watch low traditional give.
FDBK94906,CUST103700,2023-09-29,1,Example social company book agency else season.,Education subject sea risk.
FDBK94907,CUST101882,2021-08-28,2,Run street before edge how know.,Every baby there bring.
FDBK94908,CUST104791,2021-01-14,5,Interview require smile air rest action middle.,Defense important win glass.
FDBK94909,CUST109876,2023-03-01,5,Upon air require during control create.,Expect toward memory Mr.
FDBK94910,CUST103413,2022-10-24,5,Admit with human property might easy.,Week simply season mind.
FDBK94911,CUST109069,2023-01-25,5,Matter might leader among.,Edge note floor be born main.
FDBK94912,CUST100424,2022-03-21,2,Light end their author control risk seven.,Nothing eight use.
FDBK94913,CUST108155,2021-01-09,4,Street crime Mrs perform beat include.,Garden market me writer.
FDBK94914,CUST109624,2023-05-10,3,Author idea place use.,Let pass market shake least.
FDBK94915,CUST102050,2022-12-08,4,Eight phone bar only know traditional way least.,Far same environment.
FDBK94916,CUST105413,2022-01-09,3,Consumer me state artist pay.,Idea relate leg so attention.
FDBK94917,CUST108757,2023-02-04,1,Particularly yeah plan away mission could draw.,Admit throughout offer.
FDBK94918,CUST100887,2021-03-06,4,Team building for site police try.,Set thing remain campaign.
FDBK94919,CUST103758,2023-12-08,2,South director floor buy arm produce both.,Avoid suffer spend of.
FDBK94920,CUST105653,2021-12-25,1,Else lot must game finish morning.,Team risk do.
FDBK94921,CUST106141,2021-02-06,1,Out share hand their other follow.,Eye approach compare catch.
FDBK94922,CUST101340,2023-12-28,5,Pretty personal bill week world.,Dinner job eight.
FDBK94923,CUST104512,2022-09-09,5,Nature draw mouth sense.,Usually raise cut east.
FDBK94924,CUST101123,2021-09-17,5,To trial present new.,Task region state resource.
FDBK94925,CUST107041,2022-02-24,3,View travel mean rock three within party both.,Sound end instead.
FDBK94926,CUST104773,2021-09-01,5,If resource measure today move animal.,Huge education week effort.
FDBK94927,CUST100641,2023-04-24,4,Second imagine listen action.,Understand ball seat strong.
FDBK94928,CUST105380,2023-11-26,1,Back audience six they or.,You difference fact series.
FDBK94929,CUST107158,2022-11-01,4,Deep include stock chance successful increase.,Night century both computer.
FDBK94930,CUST104981,2022-11-08,3,Cover another feeling loss indicate.,Red population dark.
FDBK94931,CUST102164,2021-08-13,3,Indeed loss study.,Coach kid city.
FDBK94932,CUST102782,2022-04-11,5,Visit poor world movie man seem book.,Again better we.
FDBK94933,CUST109644,2021-10-11,1,Keep court from space.,Minute medical yet fact.
FDBK94934,CUST106265,2021-01-06,3,Only easy news apply outside western really.,Rate art get very plan.
FDBK94935,CUST107834,2023-08-13,2,Large fill fine improve seven tax available.,Rather government new kind.
FDBK94936,CUST106302,2021-03-29,1,Seem position evening audience try large.,Yourself man pressure after.
FDBK94937,CUST102828,2022-06-20,3,Go scene season the.,First only question officer.
FDBK94938,CUST100133,2022-03-11,3,Dog side which address trade work.,Enjoy black never former.
FDBK94939,CUST107320,2021-05-07,4,Gas hospital act population four fine order.,In cost evening life age.
FDBK94940,CUST109030,2021-07-17,5,Cold history cold fight sound enough break.,Order down bring charge.
FDBK94941,CUST104027,2022-11-12,2,Whose moment war husband your agree seek.,Phone fine rather prevent.
FDBK94942,CUST107747,2023-10-04,4,Travel structure I though statement moment dark.,Us long vote parent.
FDBK94943,CUST102230,2021-07-21,5,Create stand paper price total assume recently.,Improve take quality artist.
FDBK94944,CUST105835,2022-03-19,1,Lot everyone financial those view concern.,Hard central during.
FDBK94945,CUST105800,2022-04-28,2,Fact medical concern although resource ready.,Anyone parent recent lead.
FDBK94946,CUST103928,2023-04-08,3,Money agreement whole lose indeed year win.,Hour rise every with.
FDBK94947,CUST101669,2021-04-12,2,Turn perhaps room act tend send.,Read executive into.
FDBK94948,CUST106405,2023-09-30,1,Win manage front when grow have simple.,Easy market dream focus.
FDBK94949,CUST106412,2022-01-05,3,She mean season stay us pressure watch.,Board do best different.
FDBK94950,CUST100024,2023-05-16,2,His foreign available few first.,Tend city price draw.
FDBK94951,CUST108587,2022-01-24,4,Outside people film movie.,Market group weight start.
FDBK94952,CUST109287,2023-09-05,2,Ask product this president about.,Room term here.
FDBK94953,CUST104820,2023-04-13,3,Else many class Republican strong hear fill.,Former member mouth five.
FDBK94954,CUST103132,2023-07-25,4,Customer participant religious improve type.,Usually stuff age be.
FDBK94955,CUST108296,2023-04-30,4,Decade red American work.,Stuff chance represent what.
FDBK94956,CUST109162,2021-05-07,4,Gas performance something.,Work set behavior leave.
FDBK94957,CUST104783,2022-07-07,1,Everything share purpose effect old.,Executive physical set try.
FDBK94958,CUST102573,2021-01-28,2,Structure will represent phone try deep care.,Around party together.
FDBK94959,CUST100748,2022-12-21,1,Better nothing top control wear fire pretty.,Hotel skin compare say.
FDBK94960,CUST106112,2022-10-09,5,Listen hot share do call.,Small we bring.
FDBK94961,CUST105986,2022-11-20,4,No tax pick move.,Black gun sit.
FDBK94962,CUST102960,2023-06-02,3,Community store man contain.,Support my ready.
FDBK94963,CUST102088,2023-12-03,4,College industry develop could close.,Crime walk ahead chance.
FDBK94964,CUST108147,2023-01-24,3,Might world wonder most want budget home.,Safe wife social relate.
FDBK94965,CUST106342,2021-10-08,5,Program continue pull police might produce.,Officer enjoy ask drive.
FDBK94966,CUST104217,2021-02-14,2,Seem evening year watch real.,Heart professor year at case.
FDBK94967,CUST100363,2023-01-14,5,Production each TV strategy federal part.,Such book century government.
FDBK94968,CUST108432,2022-09-19,3,Natural later worker exist.,Drug control sense name.
FDBK94969,CUST106987,2023-08-18,1,Including picture nature impact.,Hand task local huge.
FDBK94970,CUST107894,2023-04-16,4,Family long word walk interview.,Exactly administration black.
FDBK94971,CUST102216,2022-07-28,3,Order campaign anyone involve.,Turn note outside.
FDBK94972,CUST102988,2021-05-17,1,Explain movement now.,Hard improve decade charge.
FDBK94973,CUST105969,2021-08-27,5,Long full reality every benefit.,Me parent play others.
FDBK94974,CUST102542,2022-04-03,3,Hear sea knowledge decision outside rate wait.,His which late very.
FDBK94975,CUST105668,2022-08-22,5,Main under again born music.,Skill a wife able tree.
FDBK94976,CUST109615,2022-10-23,4,Artist eye those give we man.,Want decade choice space.
FDBK94977,CUST108808,2023-05-08,4,Man pattern can despite always.,Once since other maybe.
FDBK94978,CUST104358,2022-04-16,1,Throughout stay wall truth onto manage ball.,Sister nearly apply similar.
FDBK94979,CUST108690,2022-02-24,1,Action I fire key spring common better.,Artist executive color.
FDBK94980,CUST104924,2021-09-29,4,Week seem box board realize. Food hold floor.,Growth floor month now.
FDBK94981,CUST107997,2021-07-20,2,Development word per three.,Attorney base though accept.
FDBK94982,CUST100835,2023-03-03,4,Recently old imagine job can image find spend.,Practice also money case.
FDBK94983,CUST103923,2022-05-21,3,Wife room truth set. Also animal nothing and.,Bank night yet daughter.
FDBK94984,CUST102635,2021-03-30,5,Start suffer remain book.,Forget task start discuss.
FDBK94985,CUST105135,2022-01-28,4,Artist property show. Set entire lose first.,White growth right pretty.
FDBK94986,CUST103153,2022-10-04,3,Bad west to we free.,Ball economy bring.
FDBK94987,CUST103266,2021-09-02,3,Administration scientist could day.,Sea them idea.
FDBK94988,CUST105100,2021-12-26,3,Daughter fish fear fill.,Can smile cut together fire.
FDBK94989,CUST106406,2022-07-19,5,War treat indeed gas.,Various keep build find.
FDBK94990,CUST105100,2021-03-27,3,Capital production themselves feel learn.,Seven rate remain little.
FDBK94991,CUST104922,2021-06-20,5,Sometimes add use control.,Claim enough stage.
FDBK94992,CUST108574,2022-08-01,1,Still stay because. Network degree run prevent.,Light apply lot media until.
FDBK94993,CUST102631,2021-03-09,1,News say ago hope improve pull.,Magazine occur social carry.
FDBK94994,CUST105847,2021-01-05,4,Agree anyone establish enter.,Free he beautiful mind third.
FDBK94995,CUST105209,2021-09-02,5,Bit recent early close push.,Our move politics new.
FDBK94996,CUST107755,2022-07-27,1,Behind why necessary pattern fly.,Owner sing although.
FDBK94997,CUST107349,2023-04-08,3,Notice factor task effort where I song.,Fast enjoy among morning.
FDBK94998,CUST104947,2022-09-12,1,Pattern positive political any.,Story author report boy.
FDBK94999,CUST104078,2023-10-17,2,Defense also agency year oil.,Pretty within degree.
FDBK95000,CUST100600,2021-11-11,3,Some sing really your public. Much on over.,Capital rich shake fund.
FDBK95001,CUST105569,2023-04-27,5,Let system soon yet still interest.,Simple want realize.
FDBK95002,CUST107149,2021-11-23,2,Yet activity power may present.,Interest president new hear.
FDBK95003,CUST102500,2021-07-23,1,Stuff article dinner center join live.,Against onto live control.
FDBK95004,CUST100673,2021-02-08,5,Everyone deep effort prevent about let official.,Author size back rather.
FDBK95005,CUST102612,2022-02-13,1,Billion teach method modern today.,Industry wind read.
FDBK95006,CUST105206,2023-02-14,3,Daughter occur daughter reveal.,Begin water human machine.
FDBK95007,CUST108993,2021-08-20,1,Glass site bit eye discover industry pick.,Mother bag street win.
FDBK95008,CUST103816,2022-08-08,1,Structure cold may military financial left.,Sense idea chair paper.
FDBK95009,CUST107375,2022-01-05,5,Really agreement mother south.,Somebody suggest on suddenly.
FDBK95010,CUST100188,2021-05-22,4,Probably serve perhaps usually.,Bar all cell chance letter.
FDBK95011,CUST102432,2022-07-25,3,Kid someone partner economy tree continue.,Magazine begin report.
FDBK95012,CUST102991,2021-07-20,1,Truth energy never year pattern carry leader.,Radio win author enter.
FDBK95013,CUST106841,2021-05-05,5,Realize site food his although.,Box production building bad.
FDBK95014,CUST103471,2021-07-18,3,Fund activity only design do peace American.,Free full standard fear foot.
FDBK95015,CUST104968,2022-03-07,4,End through item authority teacher onto product.,Project prepare grow general.
FDBK95016,CUST106435,2021-04-08,2,Clear gas trouble should.,Girl enjoy market assume.
FDBK95017,CUST106334,2021-09-15,3,What activity police should.,May level collection.
FDBK95018,CUST103474,2022-10-13,2,Any check than.,Week seem develop.
FDBK95019,CUST107097,2021-01-16,2,Them school design realize film over mention.,Charge fish carry ever.
FDBK95020,CUST105586,2021-07-30,3,Ball almost poor quite car.,Tonight help though quality.
FDBK95021,CUST109272,2022-06-02,5,Scene system kind that draw.,Score year involve case.
FDBK95022,CUST103233,2022-05-05,4,Sea character none he to adult quite.,Deep home old cell important.
FDBK95023,CUST103186,2022-04-25,2,Wall someone north east debate note nature eye.,Run such doctor Congress.
FDBK95024,CUST104596,2022-01-22,5,Thought lot card issue add there identify.,Short rise walk first put.
FDBK95025,CUST107485,2022-03-13,1,North yard sport occur.,Interview degree know cost.
FDBK95026,CUST107965,2021-07-08,4,We huge cultural building able.,Today writer though green.
FDBK95027,CUST102953,2021-04-02,3,Success bed technology police.,Move imagine catch want.
FDBK95028,CUST100642,2021-07-11,3,Evening morning green order at skill.,High officer physical.
FDBK95029,CUST109131,2021-09-04,1,Natural conference suddenly choice future oil.,Base everything series.
FDBK95030,CUST108207,2022-11-18,4,Must expert yourself.,Account learn thing.
FDBK95031,CUST105318,2022-03-19,2,Product green task her.,Necessary action food out.
FDBK95032,CUST101166,2022-11-15,1,Top drug hold some.,Strategy area face response.
FDBK95033,CUST109056,2022-07-12,4,Between friend personal positive.,Painting hear but week.
FDBK95034,CUST101559,2023-10-04,3,Personal begin through citizen worker.,Mouth movie media.
FDBK95035,CUST104790,2023-05-12,2,Service friend management strategy.,Fine result today drop.
FDBK95036,CUST109239,2021-07-25,3,Nothing cut story its.,Person hour run get family.
FDBK95037,CUST102134,2022-06-01,2,Reason ability wife modern.,Race society hundred best.
FDBK95038,CUST104163,2022-10-22,4,Summer lay purpose city campaign.,Special black toward son.
FDBK95039,CUST100618,2021-07-24,1,Reveal plant bad ready message.,End north agent activity.
FDBK95040,CUST101583,2021-02-12,2,Young there hard oil.,Owner history including and.
FDBK95041,CUST105838,2021-03-03,4,Bill threat thought natural travel north for.,Management better religious.
FDBK95042,CUST101732,2021-01-14,1,Pattern yeah pay direction program price next.,Front part other you economy.
FDBK95043,CUST103193,2022-01-12,3,Sell significant and serve exactly head.,Responsibility region fine.
FDBK95044,CUST100484,2021-08-12,5,Tax project skin loss left detail account.,Size heavy rock around.
FDBK95045,CUST103889,2023-07-18,4,Between prepare him coach action group section.,Her since size us.
FDBK95046,CUST102625,2023-11-22,1,Sing but would maybe do performance.,War song key ball.
FDBK95047,CUST104201,2021-11-02,4,Challenge democratic method society improve.,More point evidence finish.
FDBK95048,CUST108907,2021-05-16,4,Civil book stock lose safe develop.,Law capital director Mr view.
FDBK95049,CUST107987,2022-10-26,5,Big term report simple billion affect me.,Score win more.
FDBK95050,CUST100971,2022-09-06,5,Effect argue election deep ever commercial group.,Practice age media.
FDBK95051,CUST109032,2022-09-22,5,Attention front goal woman.,Chair officer early brother.
FDBK95052,CUST101809,2021-09-30,5,Environmental development success around.,Large true mother ago face.
FDBK95053,CUST106374,2021-10-16,3,Road return force manager middle five conference.,Culture concern very.
FDBK95054,CUST108568,2021-04-22,5,Environmental low teach parent forget social.,Toward enjoy his toward cell.
FDBK95055,CUST103520,2021-09-30,5,Shake himself owner this suggest study.,Without agree such body.
FDBK95056,CUST105916,2023-03-02,1,Mrs allow however.,List democratic seek.
FDBK95057,CUST107674,2021-11-30,2,Team nearly cause truth find as.,Then heart bad.
FDBK95058,CUST108629,2023-04-20,1,Interview phone authority like attention write.,Soldier general skin more.
FDBK95059,CUST107975,2021-01-07,3,Present later thing arm local.,Old imagine behavior.
FDBK95060,CUST108979,2023-02-15,3,Game travel industry free.,Star chance yes attack.
FDBK95061,CUST101211,2023-08-22,5,Audience book event put ground government.,Letter remain cup writer.
FDBK95062,CUST108424,2021-02-15,5,Administration describe shoulder city.,Crime thank assume eye.
FDBK95063,CUST109576,2021-03-29,4,Make between movie participant use public.,Remember agent experience.
FDBK95064,CUST104711,2022-06-09,4,Similar continue send government later.,Rich table store now.
FDBK95065,CUST102443,2021-12-22,1,Shoulder writer onto actually role cover nearly.,And task head expert bar.
FDBK95066,CUST101733,2021-07-29,1,Education war seven hundred chair.,Lead mention better stop.
FDBK95067,CUST101829,2021-02-14,3,Claim for surface message begin new west.,Use seem voice.
FDBK95068,CUST104318,2023-11-18,4,Pull treatment city tend which group.,Still guess determine chance.
FDBK95069,CUST108739,2023-11-04,4,Point girl walk ready. Turn want vote at century.,Ago knowledge sense cover he.
FDBK95070,CUST103769,2023-07-14,5,Audience stop sell board cold all focus.,Animal large become huge.
FDBK95071,CUST109619,2022-05-31,2,Reveal defense degree shake yet him various.,Officer like magazine.
FDBK95072,CUST106822,2023-05-11,3,Ten hear might. Red argue view forward.,Speech mean learn go others.
FDBK95073,CUST102113,2023-05-26,4,Movement nothing once within.,Trip build mean somebody.
FDBK95074,CUST107167,2021-01-17,4,Despite much resource partner successful reflect.,Only fight yard billion.
FDBK95075,CUST101121,2023-12-06,2,Society their spring answer yeah continue again.,Home else including.
FDBK95076,CUST108554,2022-02-15,5,Car nothing machine worry final. Close baby by.,Deal Mrs window.
FDBK95077,CUST107192,2022-07-01,1,Resource ask if issue respond study.,Leave identify between piece.
FDBK95078,CUST109148,2022-08-21,1,Hit standard shoulder.,Feeling issue yourself.
FDBK95079,CUST107103,2023-10-16,5,Let soldier other exactly avoid yes.,Gun thank such man.
FDBK95080,CUST105651,2022-05-08,5,Play meet before pressure before huge stock.,Once maybe he care eat car.
FDBK95081,CUST107662,2023-11-22,2,Little board specific office current far.,Exist draw society direction.
FDBK95082,CUST107211,2022-01-27,2,When number phone exist direction including from.,Store TV long large to.
FDBK95083,CUST104337,2021-10-05,5,See throw nothing rest office role public agree.,Quickly human care direction.
FDBK95084,CUST103152,2023-08-24,3,Town size process forward.,Pm growth bar.
FDBK95085,CUST101892,2022-06-17,3,Boy his role partner.,Speech support television.
FDBK95086,CUST100489,2023-01-29,3,Adult pull animal mind walk.,Be peace task five put year.
FDBK95087,CUST103452,2021-10-26,3,Ready realize loss see city sister wonder.,Interview last explain seat.
FDBK95088,CUST108307,2022-03-27,2,Opportunity lose never feel.,Care several she second.
FDBK95089,CUST103007,2021-12-12,4,Foreign close however little.,Suffer system ago business.
FDBK95090,CUST102231,2021-04-07,5,With guess when together direction.,Sit hospital trouble.
FDBK95091,CUST105496,2021-01-01,4,Walk discover within you theory grow.,Charge stay member lot.
FDBK95092,CUST103861,2022-06-02,1,Term kind other family.,Lot phone result long.
FDBK95093,CUST103293,2023-08-31,1,Water middle read animal your catch.,Animal involve north run guy.
FDBK95094,CUST106054,2023-12-27,3,Church house audience hospital rise may body.,Relate note audience month.
FDBK95095,CUST109021,2021-09-05,3,Nature method tax party. Behavior eye great.,Ball necessary camera we.
FDBK95096,CUST103288,2022-06-13,2,Eye form two with. Health view us carry.,Large hundred visit TV.
FDBK95097,CUST101986,2023-08-27,4,Focus put result eat indeed.,Same end history technology.
FDBK95098,CUST100850,2021-03-19,1,Around kid push stand anything capital strategy.,Say audience have past.
FDBK95099,CUST109233,2022-02-28,3,Agreement owner me these recently catch star.,Success provide lose some.
FDBK95100,CUST102121,2023-09-04,4,Inside mention eight each. Treat child middle.,Direction very inside.
FDBK95101,CUST101701,2023-01-26,2,Score since use.,First material bill be.
FDBK95102,CUST102452,2021-05-02,3,Effect mouth three everyone. Wonder left break.,Almost place assume.
FDBK95103,CUST106225,2022-04-12,3,Practice nature raise college Mr pressure.,Section loss term game range.
FDBK95104,CUST108426,2023-12-17,4,Factor mouth factor least available writer.,Rise PM everyone speak.
FDBK95105,CUST100496,2021-01-15,3,Commercial throw send son compare western.,Former employee one enter.
FDBK95106,CUST103937,2022-12-02,3,Bit wear quite enjoy most painting happen TV.,Design want official water.
FDBK95107,CUST104917,2023-07-08,4,Number purpose offer even nor relate yes.,As choose be away himself.
FDBK95108,CUST109825,2023-01-20,2,Single happy television right their.,Detail more option through.
FDBK95109,CUST109939,2021-11-02,2,Impact how determine imagine.,Really sell specific.
FDBK95110,CUST104569,2022-11-11,5,Stay mention only together.,Art ask arrive often.
FDBK95111,CUST102754,2022-02-10,1,Admit but cell too.,Question bill raise.
FDBK95112,CUST102032,2023-11-27,4,Down look exactly administration.,Behind blue majority blue.
FDBK95113,CUST106088,2022-11-12,3,News actually imagine.,Add cover president crime.
FDBK95114,CUST106613,2023-12-03,3,Choice explain not general administration above.,In Democrat heavy.
FDBK95115,CUST106786,2023-06-30,3,Character reveal station weight.,Writer marriage matter rich.
FDBK95116,CUST105818,2022-12-26,1,A catch PM measure capital several exist.,Mission foreign alone.
FDBK95117,CUST105163,2021-08-02,1,Type water paper method either.,Piece through development.
FDBK95118,CUST107034,2022-12-17,2,Woman compare consider buy serve board his.,Trial already rather which.
FDBK95119,CUST107784,2022-07-03,4,Mind single impact improve speak.,If body election the age.
FDBK95120,CUST101781,2021-06-20,2,Thing join artist only cold sing.,Eye explain any.
FDBK95121,CUST101147,2023-02-27,1,Happen range quite right defense fall customer.,She live course organization.
FDBK95122,CUST109288,2021-02-09,4,Bring sense social dream catch it.,Article compare movement.
FDBK95123,CUST108781,2021-11-27,4,Among picture until between voice seem strong.,Clearly word wear.
FDBK95124,CUST101711,2023-04-29,2,Send everyone feel push step.,Line government agent moment.
FDBK95125,CUST109434,2023-10-06,5,Central mouth image red three.,Base place red.
FDBK95126,CUST105153,2023-01-12,5,Author drug control lot.,Pretty method draw send.
FDBK95127,CUST102475,2022-03-20,1,Arrive daughter power really far.,Tend send type there child.
FDBK95128,CUST107990,2023-06-22,5,Message network road strong.,Site check remember reveal.
FDBK95129,CUST108174,2021-03-01,5,Hit term exactly.,Trip another better actually.
FDBK95130,CUST109375,2023-08-20,3,Own black before program prevent good.,Contain test feel team.
FDBK95131,CUST108094,2023-04-22,5,Wall particular fast inside war page.,Smile be stop cold expect.
FDBK95132,CUST103753,2023-05-02,3,Serve sing lay win mention six just.,Peace movie tend method.
FDBK95133,CUST108142,2022-05-19,5,Return too message beyond interest skill.,Ten population cut guy dark.
FDBK95134,CUST101521,2023-10-28,4,Stock include win red week.,Wall peace put source sound.
FDBK95135,CUST106886,2023-11-21,5,Front notice read face scene it including.,Deal son body.
FDBK95136,CUST108044,2021-07-28,3,Effect much away remember.,Page inside pretty myself.
FDBK95137,CUST100805,2023-12-20,5,Role station animal these up local city soon.,Finish standard sort stage.
FDBK95138,CUST102790,2021-03-20,5,His daughter move.,Be perform per the.
FDBK95139,CUST100604,2021-11-27,1,Wife bill environment government magazine.,Might project pattern.
FDBK95140,CUST107517,2021-07-14,4,Bed class health itself force message general.,Throw dream both.
FDBK95141,CUST103819,2021-08-18,1,All purpose research. Senior practice save.,Wait everyone perhaps.
FDBK95142,CUST102719,2022-02-11,1,Read politics why structure.,Condition try other course.
FDBK95143,CUST102681,2021-04-02,5,Hundred chair girl admit. Last turn evidence.,Him position force word with.
FDBK95144,CUST101024,2023-04-19,3,Phone win candidate side quality carry.,Almost forward project ever.
FDBK95145,CUST103813,2023-06-06,4,Open action matter phone.,Spring heart many evening.
FDBK95146,CUST109635,2022-03-06,4,Any painting point several character deal.,Visit debate miss case place.
FDBK95147,CUST104711,2021-02-22,1,Until local together paper wait other something.,Lot nation blood health bag.
FDBK95148,CUST107793,2021-07-09,5,Admit over body sometimes different.,Make PM professor recent.
FDBK95149,CUST105349,2022-10-05,5,Nothing leave use measure personal guess.,Reality or she.
FDBK95150,CUST107979,2022-05-29,3,Simply politics list water.,Necessary necessary tend.
FDBK95151,CUST109038,2021-04-12,3,So rather remember east station.,Possible color scene either.
FDBK95152,CUST109560,2023-05-17,4,Face every part line loss level by certainly.,Run benefit piece adult.
FDBK95153,CUST100461,2022-05-01,4,Wide event protect local seven item military.,Much picture against song.
FDBK95154,CUST108331,2022-07-12,3,Edge director sound carry.,This other TV west certain.
FDBK95155,CUST102635,2023-01-05,3,Either someone a. Fund leader allow member.,Success turn success herself.
FDBK95156,CUST106351,2021-01-19,5,Sort put quite rest let.,Bit same success plan career.
FDBK95157,CUST108152,2023-07-04,2,Put help participant war.,Increase deal able product.
FDBK95158,CUST100778,2022-10-23,3,Court thank perhaps marriage official.,Among along professor his.
FDBK95159,CUST100196,2022-05-15,5,Not floor out just. Job long three station.,Opportunity mother system.
FDBK95160,CUST104651,2022-10-01,4,Although way strategy realize food few.,Test good four street strong.
FDBK95161,CUST100860,2022-03-15,3,Guy relationship than eat.,Political Mrs north yeah.
FDBK95162,CUST108513,2021-10-16,4,Should scientist miss top measure.,More rock big step whatever.
FDBK95163,CUST109921,2022-04-04,1,Trip wrong class response pull base.,Avoid mouth glass key.
FDBK95164,CUST100011,2021-09-23,1,Fine response should especially either grow.,Any its project bed.
FDBK95165,CUST102500,2021-05-25,2,Democratic thing rule bag simple ok assume.,Man also almost free.
FDBK95166,CUST109931,2023-04-22,4,Seven dream lawyer fill.,Game memory as young light.
FDBK95167,CUST109632,2023-05-11,5,Grow score long approach participant.,Model share than drive.
FDBK95168,CUST101337,2023-02-13,1,Nice sea conference brother.,Them the really save.
FDBK95169,CUST107732,2023-10-19,5,Another give first easy.,Whose modern meet suffer.
FDBK95170,CUST101200,2022-06-07,5,Government job arrive heavy section teach.,Pull ok true kind important.
FDBK95171,CUST109036,2023-08-12,1,Share off difficult thus.,Occur west miss green.
FDBK95172,CUST106246,2021-08-23,5,Final together common past certain.,Radio you receive identify.
FDBK95173,CUST100958,2023-10-16,5,Outside leg five consumer per much.,Thank modern arm activity.
FDBK95174,CUST100462,2021-02-07,4,Beat admit accept.,Improve hold spend.
FDBK95175,CUST106206,2022-05-03,5,Weight together hospital involve leave.,Serve measure look.
FDBK95176,CUST109160,2023-12-06,3,Group station ever campaign piece.,Laugh site half item view.
FDBK95177,CUST102777,2022-09-29,3,Sister population wear authority.,Return evening night unit.
FDBK95178,CUST109409,2023-03-11,5,Store watch page none nor head.,Hold kitchen act wear.
FDBK95179,CUST108737,2021-04-24,3,Lose score decide.,Amount study consider.
FDBK95180,CUST106165,2023-08-21,1,Anyone suddenly cup break.,Hour up know total run.
FDBK95181,CUST103856,2021-09-17,4,Success network event gas risk kind down.,Knowledge option same.
FDBK95182,CUST108555,2023-12-10,5,Suddenly maintain dream even least.,Ground white cup church.
FDBK95183,CUST101620,2023-10-03,4,Develop before movie successful.,Range explain interview whom.
FDBK95184,CUST102173,2023-08-23,2,Establish ready effort start help around.,Herself book little deep.
FDBK95185,CUST101791,2021-01-15,2,He friend article fall college job.,Out trip else public cut.
FDBK95186,CUST103682,2023-09-08,1,Sister student training site candidate.,Mean enter positive fear.
FDBK95187,CUST106488,2021-01-20,2,Sit age loss arm.,Risk significant red.
FDBK95188,CUST109699,2023-01-17,2,Coach international attorney sing sense of.,Someone ground common.
FDBK95189,CUST109996,2022-12-09,2,Whom western may body.,Serve situation few.
FDBK95190,CUST101234,2023-05-26,4,Its fish teach from guess everyone medical.,Idea whom to baby out shake.
FDBK95191,CUST103982,2023-09-23,4,Appear moment their nearly power wear similar.,Lead avoid type ten.
FDBK95192,CUST107753,2022-07-20,2,Build rule project any detail claim.,Offer tough grow little.
FDBK95193,CUST101606,2023-06-28,4,End out receive style.,Bank make never.
FDBK95194,CUST104970,2023-02-04,2,Oil walk base first build.,Else detail modern lot.
FDBK95195,CUST108185,2021-06-01,5,Get time detail white wait act employee.,Rest recent TV reduce could.
FDBK95196,CUST108680,2021-02-17,4,Lot cause such just government top.,My reflect television child.
FDBK95197,CUST106106,2021-04-14,2,Spend effort off summer both by.,Recent again vote cup.
FDBK95198,CUST104079,2021-01-15,2,Small share role resource impact last a.,Market imagine dog get.
FDBK95199,CUST107486,2021-01-17,4,Marriage best far gun rather send.,Rather beat within.
FDBK95200,CUST108070,2022-11-05,4,North blood dream former offer improve.,Feeling high us because.
FDBK95201,CUST102373,2022-09-18,5,Hope weight despite during south.,Significant ever interesting.
FDBK95202,CUST108388,2021-07-23,3,Idea force interesting from school perhaps up.,Main away thought ask.
FDBK95203,CUST106564,2023-02-15,2,You century campaign under.,Friend two actually.
FDBK95204,CUST101996,2021-06-04,2,Season claim college although no.,Allow pressure difficult.
FDBK95205,CUST108985,2023-04-26,1,Sound where above lay four.,Far smile talk.
FDBK95206,CUST100656,2022-08-21,1,Car case later before.,Do blue example rest itself.
FDBK95207,CUST103349,2023-12-30,1,Family cup other effort place.,South class among think.
FDBK95208,CUST104646,2023-01-03,4,Agree forward program court wife.,Mrs suffer official left.
FDBK95209,CUST100862,2022-05-07,3,Network relate close.,Go wrong impact law spring.
FDBK95210,CUST100104,2023-01-22,2,Include field director deep.,Somebody notice already pass.
FDBK95211,CUST107537,2022-03-06,1,Bank image with animal mission condition agree.,Alone art everybody process.
FDBK95212,CUST100866,2021-02-14,2,Value guess stage protect town.,Art young look piece.
FDBK95213,CUST100301,2021-10-07,3,However movement create before manage.,Do piece need her religious.
FDBK95214,CUST104828,2022-02-07,4,Particular perhaps other human have exactly list.,Business share middle.
FDBK95215,CUST108988,2021-08-23,2,Thus perhaps recognize anything manage.,Story what sister good.
FDBK95216,CUST106803,2022-11-30,2,Finish outside parent tell not.,Half letter feel.
FDBK95217,CUST101348,2023-11-09,4,Real unit ready spend determine cost.,Listen bag week phone.
FDBK95218,CUST108815,2021-12-18,4,Professor its impact help.,Teach I hot network church.
FDBK95219,CUST109401,2022-01-15,4,Player discuss national window age throw cause.,Bill southern effect improve.
FDBK95220,CUST108475,2021-12-26,5,Worry environment use past figure argue class.,Sound sea its phone relate.
FDBK95221,CUST105077,2021-02-06,3,Term my community benefit couple office.,Something feeling his size.
FDBK95222,CUST108767,2022-11-28,2,Can decide least future.,Reduce room may huge suffer.
FDBK95223,CUST108283,2023-03-26,2,Former many provide certain structure.,Always other American effort.
FDBK95224,CUST106682,2021-07-28,5,Nearly kid prevent key say.,Hit civil heavy late would.
FDBK95225,CUST109369,2022-05-30,5,Between over manager.,Term toward scientist north.
FDBK95226,CUST107962,2022-10-11,1,Hear magazine team ability stop rule.,Mr subject point film indeed.
FDBK95227,CUST109637,2023-08-01,5,Have fight research money difference drug course.,Audience others industry.
FDBK95228,CUST106124,2021-06-08,3,Least player business same agree coach.,Wind push property into.
FDBK95229,CUST106022,2023-05-03,1,Leader allow feeling land discuss involve.,Happen month whose heart a.
FDBK95230,CUST105032,2021-10-23,5,Take school win east end including season.,They rule provide no voice.
FDBK95231,CUST109180,2021-04-13,2,Inside nor capital medical tax program.,Mission again if old choose.
FDBK95232,CUST106004,2021-11-01,2,Professional good somebody level.,Resource Mrs sister.
FDBK95233,CUST100983,2021-12-22,5,Build two seat how heart.,Establish yard fight civil.
FDBK95234,CUST101237,2023-03-31,3,Represent just wall scene he answer create.,Officer why out yeah.
FDBK95235,CUST107755,2023-09-22,1,Describe against agent know.,About cause town American Mr.
FDBK95236,CUST105992,2021-01-06,3,Work bit activity store citizen process number.,Unit myself table.
FDBK95237,CUST100155,2021-09-28,1,Board today adult step.,Go yourself cup.
FDBK95238,CUST109878,2021-01-28,1,Magazine cup out news. Sort us bag bank add.,Great cut computer.
FDBK95239,CUST108852,2022-03-10,5,Hope party deal.,Behind serious while second.
FDBK95240,CUST103352,2022-10-12,2,Focus during often memory.,Lay eat affect deal leader.
FDBK95241,CUST105059,2021-09-17,3,Well defense board our.,Nation true end field else.
FDBK95242,CUST106984,2021-06-23,3,Provide part suggest true include fine majority.,Fire yes discussion employee.
FDBK95243,CUST105952,2023-08-07,3,Wait respond first son college professor owner.,Body election year price.
FDBK95244,CUST107000,2022-09-23,5,Interview travel picture.,War stuff fight dog sort.
FDBK95245,CUST108912,2021-09-04,4,Financial season rich.,Worker event represent sea.
FDBK95246,CUST107309,2022-01-09,2,Low fight capital consumer whole.,Right morning fish provide.
FDBK95247,CUST104281,2023-08-15,1,Defense front size around.,Nearly air consumer.
FDBK95248,CUST103412,2023-08-06,1,Forget present set sound see accept.,Site test with market fear.
FDBK95249,CUST103394,2023-12-12,5,Cup threat ahead show party option.,Hospital traditional culture.
FDBK95250,CUST103008,2023-08-31,4,Fill positive own fund research explain hold.,Court bill husband however.
FDBK95251,CUST101808,2022-01-01,2,Economic benefit call line line instead per.,Animal whole center buy.
FDBK95252,CUST107334,2023-07-15,4,Moment group customer.,Trip fine for general.
FDBK95253,CUST106514,2021-06-06,2,Respond interesting true more the little.,Also blue official.
FDBK95254,CUST106905,2023-05-15,3,Almost strong each at sound maintain.,Clear success huge.
FDBK95255,CUST107491,2021-01-31,5,Agree indeed stop across certainly among.,Tough area factor example.
FDBK95256,CUST107902,2023-07-16,4,Citizen threat price interview strong.,Media ball floor impact.
FDBK95257,CUST108858,2022-04-29,1,Strong matter far.,Foreign statement commercial.
FDBK95258,CUST106417,2022-04-26,3,Level early art stock start campaign.,Wait Mrs meet radio loss.
FDBK95259,CUST101894,2021-10-15,2,Get order weight case there.,Their true cup.
FDBK95260,CUST107017,2022-10-16,5,Enough attorney low shoulder evidence marriage.,Its institution culture full.
FDBK95261,CUST106708,2023-08-23,3,Thought ready surface society central.,Knowledge trouble doctor.
FDBK95262,CUST101037,2021-11-25,3,Travel save local including claim hit.,Who of deep article.
FDBK95263,CUST109348,2023-10-23,3,One particular kind star million.,Whole we their try where.
FDBK95264,CUST107658,2022-04-15,3,Nor stay per learn able end environment.,Pass mean its no blue ok.
FDBK95265,CUST107460,2021-10-17,5,Where through message.,Medical hour work.
FDBK95266,CUST108489,2022-07-20,5,Produce fine east community share main.,Top wait wear computer.
FDBK95267,CUST107727,2023-03-31,4,Themselves measure care book fight life.,Rather blood bad.
FDBK95268,CUST105529,2022-04-30,5,Through them attorney property.,Kind act catch tax big.
FDBK95269,CUST108010,2023-12-15,5,Pick his walk until.,Into much or modern always.
FDBK95270,CUST108474,2021-03-10,1,Under memory culture which.,Few blood ahead prevent.
FDBK95271,CUST109165,2023-05-24,1,Decision every officer senior.,Certain site summer.
FDBK95272,CUST108806,2021-02-15,2,Arm stop season big memory space.,Method film bag.
FDBK95273,CUST104649,2022-11-04,4,Write region suffer.,Form goal feeling have idea.
FDBK95274,CUST106502,2022-08-21,4,Include could human treatment. Couple end peace.,History hot boy far.
FDBK95275,CUST106180,2023-03-07,2,This how movement window.,Win operation every study.
FDBK95276,CUST105019,2022-09-25,1,Speak he purpose stop but certain.,Executive value rate best.
FDBK95277,CUST105544,2021-01-11,5,Series little share act detail suddenly.,Parent understand past.
FDBK95278,CUST101092,2022-11-26,4,Big already they wear month world begin.,Face get new western yard.
FDBK95279,CUST109527,2022-11-08,2,Vote strong type onto various real.,Difficult can coach director.
FDBK95280,CUST105081,2021-10-06,5,The imagine girl water tell house scene.,Range fact why factor build.
FDBK95281,CUST107234,2023-08-29,4,Certain free key network growth. Part smile wife.,Ago front bring act accept.
FDBK95282,CUST105719,2021-08-03,5,Practice new accept figure room actually where.,Future among war action.
FDBK95283,CUST108365,2022-08-12,1,Safe full believe.,Information wife art gas.
FDBK95284,CUST109823,2022-07-23,2,Pull couple chance run rather attention buy.,Family author town.
FDBK95285,CUST108749,2021-11-30,1,Area commercial hard visit throughout camera can.,Too story century sure.
FDBK95286,CUST101462,2023-06-03,1,Site just let executive.,Dark set popular hope.
FDBK95287,CUST106920,2022-01-16,1,Alone affect hold Democrat one.,Have system education each.
FDBK95288,CUST104769,2021-03-12,3,Republican instead understand.,There tend wait.
FDBK95289,CUST101336,2021-10-21,1,Now somebody purpose similar other.,Follow like method.
FDBK95290,CUST107396,2023-04-15,5,House week process what nothing draw consider.,Relationship during its.
FDBK95291,CUST101923,2022-07-31,1,Role sing quality leave campaign suggest land.,Use total they point.
FDBK95292,CUST101276,2021-12-18,3,Argue lose itself manager me machine.,Role activity so investment.
FDBK95293,CUST106899,2022-08-13,2,Stand produce effort minute type law.,Car receive his number.
FDBK95294,CUST106181,2023-05-17,4,Moment enjoy discuss couple.,Wife owner above from.
FDBK95295,CUST108145,2021-05-30,2,Must to special admit foot born.,Gas piece them order.
FDBK95296,CUST108387,2023-05-03,2,Option within buy site develop cause.,Human newspaper foot involve.
FDBK95297,CUST101922,2022-03-29,2,Study wait change billion.,Hair seek southern sport.
FDBK95298,CUST104341,2023-06-24,1,By current Mr determine catch.,Run investment shake million.
FDBK95299,CUST106365,2022-10-28,4,Any hard much director.,Act main future take.
FDBK95300,CUST103061,2022-01-30,5,Will toward design run rise.,Go personal threat eight hot.
FDBK95301,CUST109740,2021-11-10,2,Agent service middle thought vote general listen.,Focus capital start customer.
FDBK95302,CUST104931,2022-11-03,1,May everybody begin hard.,Support as option majority.
FDBK95303,CUST101013,2023-10-12,3,Join in support sort only simple join behavior.,Structure including us.
FDBK95304,CUST109250,2021-05-27,2,Maybe mean themselves green low.,Notice western also western.
FDBK95305,CUST107910,2023-01-03,3,Those himself ten his rock.,Far rate experience very.
FDBK95306,CUST103177,2022-08-21,1,Everybody option woman color use.,Small thousand land fast.
FDBK95307,CUST104652,2022-03-15,3,Decade bring media rest song.,Mission often visit.
FDBK95308,CUST107158,2023-05-11,2,Try most other either.,Until cause blue.
FDBK95309,CUST107394,2021-01-14,2,Physical plan daughter for fire forward rise.,Your north career Mrs.
FDBK95310,CUST108144,2021-01-17,3,Employee reach and put story.,Reveal show memory rest.
FDBK95311,CUST104248,2023-01-13,4,Figure speech blue table.,Various PM report house.
FDBK95312,CUST109064,2022-03-17,2,Stay traditional throw senior night.,American both own.
FDBK95313,CUST105959,2021-05-17,4,No budget safe agree safe.,Only concern wonder region.
FDBK95314,CUST101139,2022-10-15,4,Land herself cell miss rock detail house.,Consider range price north.
FDBK95315,CUST109837,2023-05-05,2,Court hundred industry whose certainly.,Stuff himself region picture.
FDBK95316,CUST108056,2021-09-28,4,Town often culture doctor rise hundred Congress.,Stop avoid dark personal.
FDBK95317,CUST108172,2021-10-20,3,Tree soldier six until fine figure eight.,Upon face from.
FDBK95318,CUST102365,2023-11-06,1,Mother analysis drug themselves.,Air field coach heart choice.
FDBK95319,CUST104050,2021-05-03,5,Health skin financial unit some fine Republican.,Affect safe church draw.
FDBK95320,CUST101352,2023-09-10,2,Begin six degree high anything economic.,Explain reveal tree cold.
FDBK95321,CUST102961,2023-12-28,2,Although fear until man.,Factor dream situation town.
FDBK95322,CUST104149,2022-09-19,2,Business change answer day hour growth.,Party company ground cup.
FDBK95323,CUST108747,2022-04-17,4,Party stop take strong health red.,See without effort career.
FDBK95324,CUST109853,2021-02-16,2,Television result tell growth about skill same.,Finally person sound.
FDBK95325,CUST108642,2023-03-29,3,Political sell home sport their type air.,Its author respond shoulder.
FDBK95326,CUST104475,2021-06-29,1,Prove hot like indeed today.,Leave very best she.
FDBK95327,CUST101370,2021-06-24,5,Maintain identify property less full maintain.,Whole building lose deep.
FDBK95328,CUST102337,2023-08-18,4,Friend nature itself car argue sister give.,Realize exactly born work.
FDBK95329,CUST106927,2022-03-20,1,Arrive compare certainly happy difference.,Others simple they fact them.
FDBK95330,CUST105942,2022-07-08,2,Rest wall adult make race indicate already.,Lay understand him.
FDBK95331,CUST104343,2022-02-23,2,Remember some step born.,People trip none.
FDBK95332,CUST100175,2021-12-04,2,Model hold thank not.,Party others month catch.
FDBK95333,CUST102942,2021-04-01,2,Manage position method for offer impact.,Rule top join likely.
FDBK95334,CUST109501,2022-03-22,5,Around idea the huge send.,Each human head thing have.
FDBK95335,CUST103107,2022-12-31,1,Thousand suffer them quickly win win.,Lay threat teacher foreign.
FDBK95336,CUST106755,2022-10-17,4,Than issue hotel take radio my.,Political third threat last.
FDBK95337,CUST102582,2023-10-11,5,Every end until world dog recently.,Play green economic.
FDBK95338,CUST101372,2023-08-24,4,Speak none campaign company.,Year baby sign official.
FDBK95339,CUST107660,2023-11-28,1,Particular specific draw him meeting.,Each human herself life long.
FDBK95340,CUST108414,2023-02-05,2,Fly family discuss address.,Professor yard present this.
FDBK95341,CUST101630,2022-08-27,1,Someone her near science little home continue.,Place challenge five low.
FDBK95342,CUST105072,2021-08-27,2,Far late score follow quality different every.,Choose newspaper food.
FDBK95343,CUST103204,2021-10-19,3,Leg skill within few write security side.,Laugh budget effort election.
FDBK95344,CUST104897,2021-03-20,5,Miss apply name city hot happen.,Notice partner a foot true.
FDBK95345,CUST107290,2022-03-13,5,Left later class key exactly.,Like option entire.
FDBK95346,CUST105975,2022-09-20,3,Wife another officer school.,Me play note relationship.
FDBK95347,CUST105450,2023-11-20,3,Others ready nation age on physical gas service.,Information nature food.
FDBK95348,CUST109617,2023-12-09,4,Phone perform young gun debate despite pretty.,Drug keep understand their.
FDBK95349,CUST107518,2021-09-02,4,Should view anyone prove west long finish.,Between save site fly.
FDBK95350,CUST104481,2022-08-01,4,Could success expect everything.,Team future large trip.
FDBK95351,CUST105965,2022-07-12,4,Include while prevent easy whatever.,Great white report real.
FDBK95352,CUST101132,2023-03-11,2,Specific anything now ahead good she bit.,Throughout author reason.
FDBK95353,CUST100138,2023-07-16,1,Wish real form trouble certainly low.,Situation work turn.
FDBK95354,CUST105539,2023-01-22,5,Sure lead four land perhaps hope.,True on mouth and.
FDBK95355,CUST101603,2023-03-28,2,May available resource could soon low.,Recent police floor.
FDBK95356,CUST106687,2023-01-12,4,Increase produce nature rise shoulder risk.,Hospital next indeed visit.
FDBK95357,CUST108759,2022-05-10,1,Late majority be former task claim receive.,Six seat remember.
FDBK95358,CUST106255,2023-02-01,1,Question thousand care raise ground red.,Note agent hundred husband.
FDBK95359,CUST108421,2023-07-19,3,Foreign foot series firm.,Study message start learn.
FDBK95360,CUST103068,2022-10-06,2,You bill somebody reduce certainly enjoy main.,Beat mean gas.
FDBK95361,CUST105939,2022-08-23,2,Notice full perhaps camera machine.,Than easy ability listen.
FDBK95362,CUST107437,2023-09-02,5,Dark them audience always simple suffer stock PM.,Car study writer pattern.
FDBK95363,CUST102799,2022-01-07,4,Cup defense get run news day him.,Yard truth short.
FDBK95364,CUST107133,2022-02-08,4,Vote model another detail report Congress.,Song thus stuff.
FDBK95365,CUST102614,2023-09-02,4,Whose responsibility fine state back face style.,Field Mrs chair.
FDBK95366,CUST106669,2022-11-24,2,Parent become he reduce control.,Behavior ahead inside lead.
FDBK95367,CUST104958,2021-06-29,2,Clearly soon against technology.,Discover idea any.
FDBK95368,CUST102014,2023-02-22,1,So whether whatever common benefit.,Within soldier stand chair.
FDBK95369,CUST107673,2022-07-02,4,Enjoy into language ten.,Early past impact.
FDBK95370,CUST100446,2021-07-28,4,Season white economic political.,Least require owner appear.
FDBK95371,CUST103598,2021-06-15,3,Record success nothing I. Stock tax life role.,Design moment enjoy.
FDBK95372,CUST102688,2023-05-13,1,Hard particular sound movement.,Term relate its economy.
FDBK95373,CUST100711,2021-02-25,4,Very between particular like.,Performance push either turn.
FDBK95374,CUST109270,2021-01-10,5,What itself realize religious economic.,Future body eight.
FDBK95375,CUST100884,2022-01-15,4,More that indeed watch type treatment place seat.,President serve big safe.
FDBK95376,CUST106709,2023-09-28,2,At it great trial discuss.,Cause piece heart style.
FDBK95377,CUST105849,2022-01-11,4,Crime speech movement they safe stop.,Team design hear when.
FDBK95378,CUST105591,2022-01-14,5,Here town Congress yet game.,Nice produce find fund black.
FDBK95379,CUST103810,2023-11-17,3,Care attention hold mean thing.,Know PM expect fast.
FDBK95380,CUST105842,2022-02-09,2,Although ever across movement.,Boy media whose visit.
FDBK95381,CUST109099,2022-07-28,1,Per debate again large similar dinner.,Again town ready event image.
FDBK95382,CUST108908,2023-08-13,4,May kitchen indicate sea she.,Old out white option paper.
FDBK95383,CUST106223,2023-12-02,3,Explain central say be activity.,Parent smile place stock.
FDBK95384,CUST102233,2023-01-29,3,Station husband factor its alone.,Part subject I gas property.
FDBK95385,CUST100988,2021-01-16,5,Somebody respond discuss skill.,System food every so miss.
FDBK95386,CUST107600,2021-08-09,2,Particularly would account sometimes.,Ten same who prove.
FDBK95387,CUST106833,2022-10-28,2,Artist cup mouth certain direction common man.,Likely second happy.
FDBK95388,CUST102513,2023-01-13,4,Happen kind drive seat even now present.,Section half series suffer.
FDBK95389,CUST101775,2022-02-10,2,Possible can take official talk movie drive.,None future here.
FDBK95390,CUST101418,2022-10-06,2,Tonight do meeting.,Let reach nature.
FDBK95391,CUST106731,2022-12-30,4,Develop green seat may deal.,Leader set happen leader.
FDBK95392,CUST104426,2023-05-14,3,Investment range south any call.,Offer own scene laugh.
FDBK95393,CUST100864,2021-06-08,3,Why your top player available process health.,Rather role Mr year.
FDBK95394,CUST105264,2021-08-10,1,Subject PM benefit sort blue town book.,Happy state hotel just media.
FDBK95395,CUST101211,2021-08-16,4,Later create career. Computer per do ten.,Station edge compare assume.
FDBK95396,CUST105409,2022-01-28,4,Stock place Republican idea.,Pattern without them only.
FDBK95397,CUST107346,2023-11-29,1,Pull miss or good human.,Probably sport set loss.
FDBK95398,CUST103948,2021-12-18,1,Year value poor from glass interesting.,Above necessary these list.
FDBK95399,CUST105744,2021-01-28,2,Sport boy team investment sign.,Her room mother small east.
FDBK95400,CUST103039,2022-03-04,4,Many over morning. Also character wear.,Boy hair center care.
FDBK95401,CUST102531,2021-02-23,5,Picture edge address sit since huge.,Data interest top enter.
FDBK95402,CUST101389,2023-12-06,4,Operation right be model tonight respond good.,Should parent less.
FDBK95403,CUST108367,2022-04-29,2,Rise local operation else reach.,Himself entire go try.
FDBK95404,CUST102973,2023-05-04,4,Kind reduce a financial reflect.,Team energy partner where.
FDBK95405,CUST107630,2022-07-02,2,Let gas three social create.,Each hit million size.
FDBK95406,CUST100090,2021-06-15,4,Entire girl matter.,Mrs respond charge expert.
FDBK95407,CUST102965,2021-07-16,2,Attorney because now event.,New already speak eat nation.
FDBK95408,CUST106037,2023-09-07,1,Player reflect back east only.,Top without both whole.
FDBK95409,CUST105911,2021-03-09,2,Safe response everything.,About amount little.
FDBK95410,CUST104389,2021-04-22,3,Against several wrong stage.,Team anything growth follow.
FDBK95411,CUST109068,2021-11-11,4,Bar company especially begin commercial.,Present you measure check.
FDBK95412,CUST100400,2021-05-28,4,Book then pattern now strategy.,Still see understand enough.
FDBK95413,CUST103510,2021-05-03,4,Rest Mr likely behind read prevent ahead strong.,People ball new meet church.
FDBK95414,CUST100315,2023-07-10,1,Rest buy enough commercial.,Large red wife a.
FDBK95415,CUST107091,2022-01-14,3,Vote determine black low situation.,Face but market turn radio.
FDBK95416,CUST107148,2023-01-27,1,Minute could land majority.,One eight recently light her.
FDBK95417,CUST109650,2021-09-30,5,Outside while too lead stock street fine.,Its position arrive tell.
FDBK95418,CUST109230,2023-02-26,5,Daughter thought management policy.,Agree drop up.
FDBK95419,CUST109715,2022-03-25,2,Job shoulder property security rich billion hold.,Sing administration far you.
FDBK95420,CUST106811,2022-07-13,5,Lose less box join beyond know.,Tv forget bad drive.
FDBK95421,CUST103210,2022-12-17,2,Professional use cause four provide.,Much mouth beat.
FDBK95422,CUST104608,2021-06-21,1,Sure practice recent water current.,Up back page.
FDBK95423,CUST107568,2021-08-24,1,Remain positive concern experience southern tend.,Success gun oil.
FDBK95424,CUST109195,2022-09-27,2,Front response get story.,Up teacher hope mean under.
FDBK95425,CUST102866,2021-09-26,5,Late forget management state take theory product.,Too southern officer bad.
FDBK95426,CUST105429,2023-06-18,2,Table card type skin reality program.,Left ever bit list to.
FDBK95427,CUST105953,2023-12-30,4,Statement each trade world get weight list very.,Then focus data stuff.
FDBK95428,CUST107873,2023-04-20,3,Writer check draw smile college.,Remain risk perform push.
FDBK95429,CUST100910,2023-06-01,1,Institution it minute term.,Training wall commercial.
FDBK95430,CUST105836,2023-12-17,1,Hospital success official member.,Where kid hour stay.
FDBK95431,CUST100843,2022-12-24,2,Smile Mr save upon probably.,Land yard raise pressure.
FDBK95432,CUST105706,2021-10-23,1,Use tough either.,Culture live husband cause.
FDBK95433,CUST104025,2021-05-04,2,Organization data man well rest player guy.,Affect life human.
FDBK95434,CUST102418,2021-03-12,5,Billion say I what mean nation friend.,Describe prepare pay ahead.
FDBK95435,CUST107683,2023-04-23,2,World happy security newspaper claim worry.,Door go role argue take.
FDBK95436,CUST102624,2022-05-03,1,Class speak up college natural mission sea.,Message able heavy four.
FDBK95437,CUST103810,2022-12-10,2,Dog different around card.,Continue else leg beautiful.
FDBK95438,CUST109339,2022-02-20,2,Star carry hard matter.,Sort fact only.
FDBK95439,CUST108621,2021-11-17,4,Nearly minute floor class could agent maybe.,Appear ask season series.
FDBK95440,CUST106238,2021-01-17,5,Thousand guy week.,Same practice star light.
FDBK95441,CUST106200,2023-12-29,4,Tough boy because list rather all attack white.,Away despite police along.
FDBK95442,CUST101034,2023-04-06,3,Imagine where follow write.,Pm accept myself.
FDBK95443,CUST104681,2022-01-31,2,Occur letter full stage southern.,Analysis church note.
FDBK95444,CUST106692,2022-07-06,3,Lay tree policy building.,If finish sister job among.
FDBK95445,CUST100967,2022-02-15,2,Just recent young hotel case support score.,Watch reflect fine.
FDBK95446,CUST102703,2023-04-17,2,Tax image prove training we.,Stop toward way.
FDBK95447,CUST104692,2023-03-30,3,Skill middle professor threat.,Great less travel future.
FDBK95448,CUST103903,2022-07-12,1,Work on try later. Movement plant light safe.,Policy chair purpose type.
FDBK95449,CUST107431,2022-07-25,1,Center that know involve.,Yeah however energy.
FDBK95450,CUST109988,2021-05-05,1,Stay chair effect policy.,Similar relationship prepare.
FDBK95451,CUST102188,2021-11-23,2,The tough floor add appear respond find.,Away on under.
FDBK95452,CUST108452,2022-09-07,1,Low yes event.,Girl carry entire.
FDBK95453,CUST109184,2022-11-17,2,Explain old third account game quite person.,Any community bar reflect.
FDBK95454,CUST102831,2021-12-20,1,Or process read blood may.,Defense land now hour.
FDBK95455,CUST104371,2021-10-06,4,Political conference leader two sing.,Six green price change.
FDBK95456,CUST108617,2021-09-16,1,Various word many month guy it final.,Power quite early attorney.
FDBK95457,CUST104069,2023-06-24,4,Office paper although region production.,Drug trouble stand.
FDBK95458,CUST101819,2021-04-08,2,Where social front body audience should.,Listen size yet national.
FDBK95459,CUST103444,2023-07-19,5,Kid mean kind concern writer kind bit.,Vote citizen drop.
FDBK95460,CUST107519,2021-09-28,2,Raise here win school.,Around picture soldier idea.
FDBK95461,CUST106074,2022-11-04,5,Argue section today something.,Born team happen follow a.
FDBK95462,CUST109662,2023-07-15,5,Listen peace down indicate turn source you front.,Right employee seek public.
FDBK95463,CUST109345,2022-06-12,4,Skin something check would decide bank.,Clear within others each.
FDBK95464,CUST105724,2023-04-18,5,Though training ago fast natural.,Will at two network all film.
FDBK95465,CUST101661,2023-01-04,1,Pass tonight whether fast teach culture ball.,Star claim draw man you.
FDBK95466,CUST107891,2022-11-12,3,Evidence conference response series the.,Wear myself set himself box.
FDBK95467,CUST102032,2021-04-21,2,Hope I course apply feeling exactly.,Soldier rise financial.
FDBK95468,CUST101896,2022-06-20,2,Operation land stock rate bar box cold.,Ask account you crime.
FDBK95469,CUST108832,2023-07-13,4,South seem change tend.,Edge blue morning kid.
FDBK95470,CUST107378,2021-08-14,3,Form social family north practice commercial to.,Hot those attack use.
FDBK95471,CUST103943,2023-05-24,5,Sense performance box Mr season by land game.,Economic throughout who.
FDBK95472,CUST109153,2023-12-02,1,Never sometimes drive.,Teach make near.
FDBK95473,CUST107656,2022-02-02,1,Hour usually learn administration high.,Idea charge other a.
FDBK95474,CUST106072,2023-01-25,4,Wish source second skin air standard region.,Perhaps care get rest.
FDBK95475,CUST106499,2021-08-27,2,News nature together rule reach remember.,Choice road to note.
FDBK95476,CUST101020,2021-03-20,1,Size expert after life best.,Save soon would first.
FDBK95477,CUST105640,2023-04-06,1,Act language theory yourself.,Song worker community art.
FDBK95478,CUST107714,2023-08-19,5,Beautiful capital ok attention stay matter.,Be test run pressure grow.
FDBK95479,CUST100872,2023-04-25,3,Security ten meeting let defense mean open huge.,Popular foot heavy vote.
FDBK95480,CUST105804,2021-07-02,3,While nice word push.,Success model continue short.
FDBK95481,CUST103632,2022-12-19,3,Table these do Republican figure doctor this.,Sign hospital paper take.
FDBK95482,CUST107463,2023-01-26,3,Audience my describe still sell knowledge.,Wear popular base arm.
FDBK95483,CUST109593,2021-08-02,5,Throughout perform talk talk.,History might officer.
FDBK95484,CUST102055,2023-04-01,3,If offer remember approach.,Land by agreement baby.
FDBK95485,CUST107310,2022-12-26,1,Price threat nation benefit.,Final growth simple owner.
FDBK95486,CUST107537,2022-05-01,3,Throw mean green audience. Consumer behind just.,Even course describe stop.
FDBK95487,CUST106697,2023-01-09,1,Option life check fund skin.,Police finally our coach.
FDBK95488,CUST107254,2022-04-12,5,Back minute anyone tough piece.,Him picture serve serve.
FDBK95489,CUST108803,2021-09-01,4,Car small believe consider soon find likely.,On call air account.
FDBK95490,CUST109330,2021-09-27,4,Military five establish forget.,Item partner important.
FDBK95491,CUST109572,2021-04-21,2,Oil animal admit into order red happen.,On improve study.
FDBK95492,CUST109227,2023-04-02,4,Real step two individual.,Town speak within practice.
FDBK95493,CUST107351,2021-04-19,2,Place certain office direction table.,Pick your light case.
FDBK95494,CUST100951,2022-03-15,1,Then admit present really. Building guy no grow.,Tax need lead expect.
FDBK95495,CUST109177,2022-01-13,3,Most car reality service agency student.,This full material.
FDBK95496,CUST102105,2021-02-22,1,Another book miss look remain field.,Billion rise fund large form.
FDBK95497,CUST105300,2021-03-31,1,Maintain new realize natural might Congress.,Option wonder full argue.
FDBK95498,CUST108369,2023-02-06,1,Wind wish alone address evidence still.,Build from so lawyer PM.
FDBK95499,CUST109435,2021-10-23,4,Perhaps left price reason.,Assume course admit.
FDBK95500,CUST106027,2023-10-16,1,Stuff data different dog cup.,Order area support.
FDBK95501,CUST105575,2023-05-22,4,May still fund Democrat its if.,Will building deal money.
FDBK95502,CUST109469,2023-03-26,1,Action statement become design win.,Push choose Democrat leave.
FDBK95503,CUST108416,2023-06-24,5,Catch leave type fill according PM.,Great only before need.
FDBK95504,CUST102509,2023-06-12,4,Easy public court. Find Mrs live.,Store rest charge drive hope.
FDBK95505,CUST107482,2023-03-06,2,Source while management heavy almost friend edge.,World garden attack.
FDBK95506,CUST106049,2023-08-13,3,Wrong after campaign skill.,Lawyer buy per should modern.
FDBK95507,CUST103271,2021-01-11,3,Rule stage city when.,Until dog miss.
FDBK95508,CUST103529,2021-07-15,2,Light as fund everyone speak husband network.,Use beautiful send name.
FDBK95509,CUST109491,2021-09-26,4,Need focus technology.,National tell outside.
FDBK95510,CUST103262,2022-10-22,4,Might top myself room.,Remain education generation.
FDBK95511,CUST105179,2022-06-13,5,Tell final sort suggest ten.,Without music space tree.
FDBK95512,CUST105220,2023-06-19,1,Successful above artist exactly personal others.,Down give role food turn.
FDBK95513,CUST102880,2021-03-27,5,Easy building thing relate.,Watch later goal main.
FDBK95514,CUST103677,2022-05-02,3,First record decide keep section data record.,Better last spring wonder.
FDBK95515,CUST100088,2022-04-25,2,Wrong most skin avoid.,Door subject form firm seem.
FDBK95516,CUST108255,2021-01-11,5,Fine church return wonder bit specific.,Amount national in audience.
FDBK95517,CUST108966,2021-07-13,3,Forget check conference life.,Themselves appear war.
FDBK95518,CUST102633,2022-02-04,2,Bar bad reflect budget society.,And month them.
FDBK95519,CUST104293,2022-11-03,5,Grow seem win others although.,Game still class ball.
FDBK95520,CUST100643,2023-04-14,1,Step understand sport team. Task ready bag model.,Pick feel human heart nature.
FDBK95521,CUST104647,2022-07-09,4,Reduce size give.,Over baby likely.
FDBK95522,CUST101801,2022-11-23,4,Visit spring beat clear sort particular possible.,Thank free laugh.
FDBK95523,CUST106888,2023-04-16,1,Certain traditional bad ten he hour unit.,Carry civil culture game.
FDBK95524,CUST100380,2023-05-31,2,Person fast laugh most town left.,Level feel husband.
FDBK95525,CUST101989,2021-11-24,3,Part personal data system.,Piece on back and.
FDBK95526,CUST106324,2023-08-29,3,Stock sort music one deep price.,Care weight city.
FDBK95527,CUST108598,2023-05-02,5,System always first right.,Total various grow.
FDBK95528,CUST105943,2021-04-08,5,Against buy case land form you figure.,Area school wish civil force.
FDBK95529,CUST107356,2022-11-27,2,Blood team among follow probably.,Media worry see budget wind.
FDBK95530,CUST105252,2023-04-11,3,Wall wear sit rule treatment after.,Yeah point century movement.
FDBK95531,CUST108644,2021-10-28,4,One close article cause.,Lead couple may air best.
FDBK95532,CUST106789,2022-03-25,1,Get lose forget board huge.,Hundred in how.
FDBK95533,CUST108083,2021-04-26,1,Fly state receive girl must another.,Visit a mention minute.
FDBK95534,CUST104337,2023-11-03,3,Party local card enough right suggest find.,Same animal century attorney.
FDBK95535,CUST100715,2021-08-13,3,Still market same year.,Customer since issue contain.
FDBK95536,CUST107565,2022-05-20,1,Behind great born century night stop.,Often four top form back.
FDBK95537,CUST102719,2022-03-03,5,Continue with today language seat.,State option suddenly value.
FDBK95538,CUST101571,2022-07-09,5,Pm thought instead officer born change religious.,Keep form address budget.
FDBK95539,CUST105653,2023-06-08,4,Dream receive five.,Evening card shake.
FDBK95540,CUST105597,2021-03-21,3,Behavior draw major need source friend.,Nice watch fire health.
FDBK95541,CUST100448,2022-11-22,4,Ever already not themselves identify.,Human oil no often.
FDBK95542,CUST108690,2022-03-20,4,Husband unit current themselves month offer.,Really voice heavy.
FDBK95543,CUST108674,2021-01-24,5,Discover time edge develop set establish class.,Poor page no sense.
FDBK95544,CUST103323,2023-04-02,2,Crime start question table.,Do investment myself.
FDBK95545,CUST109751,2023-07-31,3,Determine magazine method least.,Car learn receive quality.
FDBK95546,CUST109026,2023-09-29,3,Increase attack east popular forget.,Hundred kind in whether like.
FDBK95547,CUST100919,2022-03-09,3,See consumer people business big.,Get into sit across last.
FDBK95548,CUST107061,2021-01-14,4,Various best class cause well.,Less computer deal kitchen.
FDBK95549,CUST107272,2021-03-27,2,North apply spend claim policy cut mouth room.,Try turn talk recently visit.
FDBK95550,CUST106438,2023-01-27,2,Hot carry best cup decision purpose.,Once help dark my rest board.
FDBK95551,CUST107652,2022-11-24,1,She process response too agent office.,Conference side buy various.
FDBK95552,CUST103922,2023-10-14,2,Black realize hand much focus group.,Heart everybody he last.
FDBK95553,CUST106838,2022-01-18,5,Energy which indicate now.,Whose now value.
FDBK95554,CUST102578,2023-01-11,2,Just fill choose seat. Close word off.,Into boy kind.
FDBK95555,CUST103642,2023-06-19,1,Response appear result stay.,Nature section Congress look.
FDBK95556,CUST108513,2022-12-22,5,Beyond quite out thousand create page of party.,Give spring quality.
FDBK95557,CUST107317,2023-05-16,1,Money source control specific impact research.,Without set assume suffer.
FDBK95558,CUST109722,2023-11-10,3,Law too conference family send me along.,Than who knowledge return.
FDBK95559,CUST107527,2021-07-07,2,Significant ten message tax language middle I.,Science every example among.
FDBK95560,CUST103726,2023-05-18,4,Head PM factor firm. Debate view together.,Arm attention trip.
FDBK95561,CUST101283,2023-12-17,3,Subject order baby buy include.,Name show you world high.
FDBK95562,CUST106234,2021-10-25,1,Network card debate between fact door see.,Modern when there fall.
FDBK95563,CUST109860,2021-04-20,2,Performance suddenly bill none by real leave.,Partner her difference today.
FDBK95564,CUST100381,2023-09-16,3,Company increase here pattern.,Attorney why personal human.
FDBK95565,CUST102777,2022-03-01,1,Boy fill class be me. Shake skin early scene.,Building attorney name.
FDBK95566,CUST108472,2023-11-05,5,Office newspaper region member plant rule bad.,Tough edge as ten hand.
FDBK95567,CUST104775,2022-01-31,5,Edge religious table management.,Suffer discussion act.
FDBK95568,CUST109248,2023-02-26,3,Right boy appear discussion clearly.,Compare rock common.
FDBK95569,CUST106859,2021-05-21,4,Information she individual peace.,Early town material chance.
FDBK95570,CUST107012,2022-01-05,3,Follow defense avoid without read reveal.,Return sit smile.
FDBK95571,CUST104411,2023-10-10,4,Role adult kitchen hot democratic talk ball.,Dark do music research.
FDBK95572,CUST101048,2021-06-10,3,Discussion as lawyer customer society.,Writer just red.
FDBK95573,CUST106627,2022-09-20,4,Write participant good fall explain.,Thousand side pick mean.
FDBK95574,CUST104800,2021-02-13,5,Heart meeting rise chance.,Process center character.
FDBK95575,CUST102853,2022-03-21,1,Decide none point. Sport affect artist to.,Person though then.
FDBK95576,CUST104998,2023-01-16,1,Just pattern single free quickly ahead figure.,Suffer safe family final.
FDBK95577,CUST104134,2021-08-26,1,Explain certain send cold western low me.,Than PM agency apply.
FDBK95578,CUST104511,2023-07-10,5,Enjoy million unit soon begin.,Whole police eye long.
FDBK95579,CUST102119,2022-11-05,3,Listen a arrive region expect rate little write.,Man your know.
FDBK95580,CUST107891,2022-03-31,3,Occur blue time wife.,Cover start create it get.
FDBK95581,CUST101116,2023-11-20,3,Stuff risk maintain physical already put scene.,Write medical whom school.
FDBK95582,CUST100833,2022-11-30,1,Door this against language our.,Dog most drive those table.
FDBK95583,CUST103790,2022-02-27,4,Amount society miss subject.,Experience option bag nearly.
FDBK95584,CUST102525,2022-04-15,5,Yard law quickly white government modern.,Late once level that.
FDBK95585,CUST102160,2023-06-05,1,Water see represent.,Role push others begin.
FDBK95586,CUST105563,2022-02-04,4,Six center true morning.,Choose national than mean.
FDBK95587,CUST105545,2023-08-27,5,Safe finally training political bad choose.,Spring technology task store.
FDBK95588,CUST106443,2023-05-24,1,Partner remember office reality step fear former.,Girl religious education.
FDBK95589,CUST103077,2022-08-30,2,Scene step cause point father lose.,With hotel bag.
FDBK95590,CUST105850,2022-06-16,2,Popular pattern arrive middle.,Environmental go pattern our.
FDBK95591,CUST106200,2021-12-03,2,Million free put pressure. Modern only big.,None magazine read control.
FDBK95592,CUST109818,2023-03-09,5,Argue stand middle finish minute back.,Small set safe foot season.
FDBK95593,CUST105947,2022-11-07,2,Company against edge public finally especially.,Cut weight option.
FDBK95594,CUST101577,2022-06-21,3,Its step huge know. Once cause point response a.,Ahead on near writer test.
FDBK95595,CUST107724,2022-05-24,2,Local talk president study you child Republican.,Election high himself.
FDBK95596,CUST106672,2021-10-28,5,Who manage never from trial until just fear.,Understand ask top left.
FDBK95597,CUST106292,2021-03-07,2,Return former wrong ago TV material.,Ask recently on moment.
FDBK95598,CUST108418,2023-05-12,2,Painting woman table room significant.,Fund road this now great.
FDBK95599,CUST102210,2022-05-05,1,Star environment girl fine more military.,Listen although enough.
FDBK95600,CUST100886,2021-10-09,4,Office democratic page tax find south base.,Space this design fund into.
FDBK95601,CUST106451,2021-10-21,4,Market later medical left art able.,Might prevent stage tree.
FDBK95602,CUST109363,2022-08-18,3,Yet focus gas career visit.,Plan food bag fall.
FDBK95603,CUST103423,2022-05-18,4,Key receive along industry.,Kind center civil nor time.
FDBK95604,CUST108045,2023-08-29,4,Other even who message loss possible benefit.,Recent begin technology much.
FDBK95605,CUST101305,2023-12-15,4,Control job material.,Respond help business.
FDBK95606,CUST100442,2022-07-23,2,Father although eye focus.,May long office determine.
FDBK95607,CUST103864,2021-11-22,4,Really design benefit interest.,Learn often leader she hot.
FDBK95608,CUST102692,2021-05-22,2,Today movement stop from table current hold.,Statement position improve.
FDBK95609,CUST104643,2023-05-08,2,Even Congress play quality mission public friend.,I center high can get.
FDBK95610,CUST106662,2023-07-26,4,Best year but reveal can develop.,Ball attack usually site big.
FDBK95611,CUST104327,2023-05-13,2,Forget cut just.,Free memory see improve.
FDBK95612,CUST102453,2023-07-30,4,Smile guess author defense kind kitchen modern.,Somebody ready no bed.
FDBK95613,CUST108967,2023-08-04,1,Over loss quickly lead determine second idea.,Time evening your.
FDBK95614,CUST108857,2021-10-19,1,Cell behind opportunity scene difficult box.,Wall so serious exist.
FDBK95615,CUST101322,2021-10-09,4,Teach let recently. Group exactly blood able.,Partner year seven.
FDBK95616,CUST107495,2022-06-06,3,Democrat water time. Face sit allow.,Cup water memory central.
FDBK95617,CUST101910,2022-04-13,2,Gun buy opportunity reveal total thank.,Store analysis area require.
FDBK95618,CUST102930,2023-12-19,4,Research hospital end generation.,Rather reach network eat.
FDBK95619,CUST107538,2023-12-24,2,Maintain skin movement or use plan simple.,Happy radio task full.
FDBK95620,CUST103585,2021-12-04,4,Already glass decide dream.,There yet painting treatment.
FDBK95621,CUST102542,2022-04-20,3,Half everything real feel officer student enter.,Note city stop.
FDBK95622,CUST107064,2023-01-17,2,Force school capital test company identify.,Tax party form TV million.
FDBK95623,CUST107875,2022-10-30,5,Single natural offer future nearly.,Information run quite edge.
FDBK95624,CUST103830,2021-11-04,1,Cover step be class.,Activity style war study.
FDBK95625,CUST101320,2022-04-03,5,Discussion five address ability.,Certain several bag however.
FDBK95626,CUST106163,2023-10-06,4,Across attack top sell project.,Glass possible star better.
FDBK95627,CUST105457,2021-01-27,3,Environmental at population check wait.,Buy half view deep health.
FDBK95628,CUST106193,2021-06-05,3,National every far recent wall list.,Area star choose meet.
FDBK95629,CUST102726,2021-05-07,4,Bar political country enough dog wait.,Send most sit.
FDBK95630,CUST101926,2023-10-31,2,Country space play rock health.,Think eight cultural cause.
FDBK95631,CUST100053,2021-01-28,3,Laugh first leave summer.,Small a always decade.
FDBK95632,CUST105439,2022-06-11,1,Election argue leader scientist police.,Second reach open discover.
FDBK95633,CUST107848,2022-03-07,5,Cold parent agreement approach rest.,Send itself change cell.
FDBK95634,CUST102605,2021-12-03,1,Politics man have career.,With door story fill bring.
FDBK95635,CUST102719,2021-10-10,3,Player war something toward.,Writer only might create add.
FDBK95636,CUST100777,2022-09-04,2,Practice happy of best five peace.,Throw evening growth quality.
FDBK95637,CUST106859,2021-03-28,5,Law good should collection half tend same.,Imagine market address ahead.
FDBK95638,CUST106938,2021-11-07,3,Less wear arrive call American.,Perform tough long.
FDBK95639,CUST100009,2021-10-11,3,Once best improve air public already why people.,Detail discover from.
FDBK95640,CUST106968,2023-03-06,4,Yes medical run suggest.,Itself reach design chance.
FDBK95641,CUST109623,2021-03-24,1,Another civil skin race rule there field.,Company say that since.
FDBK95642,CUST106489,2021-03-15,5,Record two everybody themselves apply right.,Describe school sing why.
FDBK95643,CUST100989,2022-08-13,2,End window audience industry.,Century method parent.
FDBK95644,CUST102709,2023-07-03,4,Improve security medical positive.,Base how blue attack.
FDBK95645,CUST105414,2021-01-01,2,Sign forward station between pattern.,Care research size center.
FDBK95646,CUST102092,2022-10-20,1,Amount east even weight read of even consumer.,Finish message science.
FDBK95647,CUST101245,2022-07-15,1,Ago effort suddenly help commercial.,Pm ago amount weight sign.
FDBK95648,CUST109979,2022-12-29,5,Company foreign off pressure list score dark.,Win could charge since party.
FDBK95649,CUST108163,2021-12-07,5,Another hotel after structure.,What system change.
FDBK95650,CUST100136,2023-09-01,2,Single scientist bad ask.,Edge heart dream how.
FDBK95651,CUST100017,2022-09-01,5,Still whole feeling mention easy.,Eight cost arm clear.
FDBK95652,CUST105567,2023-08-09,5,Goal involve once century.,Article outside song.
FDBK95653,CUST109355,2023-01-14,4,Water child should side free.,Next research strong.
FDBK95654,CUST104170,2023-11-15,1,Support American scientist middle return argue.,Million campaign win speak.
FDBK95655,CUST100768,2023-06-01,3,Catch weight to her network finish.,Spring personal fall likely.
FDBK95656,CUST105312,2022-05-23,2,Cell as offer remember air detail herself.,Reality senior sound one.
FDBK95657,CUST103332,2021-10-28,2,Although environment deep. Center color could.,Ten system side leg someone.
FDBK95658,CUST109670,2021-04-05,5,Pass itself appear indicate show know cause town.,Hospital main draw send when.
FDBK95659,CUST102257,2021-05-12,4,Growth pick thought model race form.,Teach politics capital store.
FDBK95660,CUST106382,2021-06-02,3,Month much everything. Between sit leave.,Section home road we.
FDBK95661,CUST109532,2023-12-16,4,Magazine control say their sea enough.,Evening election whatever.
FDBK95662,CUST109603,2021-02-28,2,Case own know quality itself.,Growth while true represent.
FDBK95663,CUST100808,2023-09-20,5,Subject right recognize role.,Many hold worry.
FDBK95664,CUST102820,2021-06-15,1,Trial deep everything explain.,Camera soon history.
FDBK95665,CUST109640,2023-02-05,4,Look necessary yes idea hold project.,Group peace treatment.
FDBK95666,CUST107570,2022-05-18,3,Event cold person look teach commercial live.,Size idea morning.
FDBK95667,CUST103440,2021-01-04,2,Own student world available keep thank since.,Fear push cup time bit few.
FDBK95668,CUST107185,2021-02-17,4,Southern enter fight perform.,Miss build argue.
FDBK95669,CUST104264,2022-07-05,3,Course before outside.,Plan often enough.
FDBK95670,CUST109444,2021-03-19,2,Answer hot say word bill concern.,Hear free region idea look.
FDBK95671,CUST109396,2023-02-26,3,Participant tax more.,Road reflect important can.
FDBK95672,CUST106683,2023-09-10,4,Nor stay everyone us economic describe.,Politics eye section defense.
FDBK95673,CUST108592,2022-04-30,5,Again father fire green. Land focus can point.,Rate town teacher college.
FDBK95674,CUST103599,2022-10-13,4,Start build as his.,Well risk present start.
FDBK95675,CUST105328,2022-11-07,5,Music travel miss song drop.,Someone argue should half.
FDBK95676,CUST104480,2023-07-25,4,Card wide within class about sure program.,Institution role interest.
FDBK95677,CUST106060,2021-01-11,3,Control baby change attack trip court.,Political require movie five.
FDBK95678,CUST107066,2021-03-30,3,Color wish never power remember glass next.,Official building a nice.
FDBK95679,CUST103106,2022-03-16,4,Area see industry hundred.,Order drive end senior.
FDBK95680,CUST109892,2023-09-03,2,Above major design think usually day.,Business two oil cut.
FDBK95681,CUST108751,2022-04-17,5,Cold past music thus course between.,Recognize lawyer arm want.
FDBK95682,CUST102993,2023-11-14,1,Represent lay current.,Lose truth today special.
FDBK95683,CUST102045,2021-11-27,2,East hand he bank once financial.,Public market smile contain.
FDBK95684,CUST108346,2023-01-20,3,Health mind shake. At term hard whatever.,We second audience rate.
FDBK95685,CUST101655,2022-06-13,3,Much true culture him beyond away cover.,Suffer central senior poor.
FDBK95686,CUST101751,2022-05-05,5,Break federal strong water your.,Natural away half admit.
FDBK95687,CUST106548,2022-07-26,1,Cell investment class assume involve.,Street whether behavior.
FDBK95688,CUST105457,2021-02-06,1,Safe agree main professional remember.,Deal huge say political on.
FDBK95689,CUST102884,2022-09-26,5,Must cup into recent here. Born anything hundred.,Remain reach son cold.
FDBK95690,CUST108616,2022-05-03,1,Trial area decade really early name color.,Occur young unit share like.
FDBK95691,CUST101489,2021-11-04,4,Woman body might move American.,Pressure pass practice up.
FDBK95692,CUST108810,2021-01-08,3,Recent box why window. Strong and difficult site.,Just respond happy finish.
FDBK95693,CUST101518,2021-10-22,1,Spring above tax civil form.,Activity check nature prove.
FDBK95694,CUST105822,2023-04-28,4,Medical court scene their hear sit.,Learn out report remain.
FDBK95695,CUST108364,2023-04-21,4,Manager adult leg we.,Series actually body family.
FDBK95696,CUST106417,2022-12-29,3,Forward successful peace where next.,Money level reach white.
FDBK95697,CUST101344,2023-08-28,5,Drive nearly old treat say body read.,Read show both western.
FDBK95698,CUST105310,2023-12-16,1,Feel civil red purpose for kitchen TV.,Why employee apply hair.
FDBK95699,CUST104563,2022-10-17,4,During couple without order.,Myself foreign must whose.
FDBK95700,CUST105528,2022-03-13,4,International how home represent activity.,Bit political of inside very.
FDBK95701,CUST101499,2021-03-21,2,She become whom but activity.,Game note mention country if.
FDBK95702,CUST101334,2023-10-28,2,Pressure enter focus us.,Lot low what.
FDBK95703,CUST102447,2021-08-08,4,Great east student easy pull as include.,Total question at number.
FDBK95704,CUST104499,2023-06-29,5,Past half war a pass according care.,Return bar condition court.
FDBK95705,CUST107990,2022-04-10,1,Effect nice system television relate try.,Light bit win enjoy pass.
FDBK95706,CUST102009,2021-10-06,3,See weight health boy hold deal use.,Cause develop former.
FDBK95707,CUST108725,2023-03-02,1,Admit unit really image.,Consider new student.
FDBK95708,CUST109411,2021-12-08,5,Forget operation prepare around land.,Mother quite protect.
FDBK95709,CUST101123,2023-11-26,2,Society walk me expect.,Man quality according scene.
FDBK95710,CUST102995,2023-07-14,4,Leg or then various.,Action power store rest.
FDBK95711,CUST100888,2021-07-18,5,Herself than only after set yeah.,Name forget reveal act local.
FDBK95712,CUST102973,2021-03-22,2,Whole bar remain.,Serve wind officer.
FDBK95713,CUST107048,2022-09-22,2,Concern war war card member.,Least dream far.
FDBK95714,CUST109302,2021-12-23,1,System blue thing join energy.,Drug voice I.
FDBK95715,CUST102780,2021-11-07,5,Resource discover style not image war.,Article while card idea dark.
FDBK95716,CUST105300,2021-10-31,1,Knowledge anyone court amount.,Summer relate treat focus.
FDBK95717,CUST103821,2022-07-17,1,Much reveal Mr.,Difference same way.
FDBK95718,CUST102730,2023-10-29,4,Sort service loss own lose cut.,Effect me sure significant.
FDBK95719,CUST109412,2022-01-23,5,Service fly social front some time move few.,Place contain result soon.
FDBK95720,CUST104455,2022-02-25,5,Lose up reduce focus consider.,World action buy face.
FDBK95721,CUST107266,2021-12-23,2,Prepare modern entire perform. For specific PM.,Old who floor.
FDBK95722,CUST105964,2021-10-31,4,Around party beautiful house.,Right ask now nor process.
FDBK95723,CUST103798,2021-01-14,3,Turn factor hour hotel nothing wife.,Write through worker.
FDBK95724,CUST103481,2023-11-23,3,Simple second crime magazine appear little tend.,Result send east why.
FDBK95725,CUST109249,2021-04-25,5,Only line draw certainly.,Fight present side first.
FDBK95726,CUST104781,2021-05-02,5,Next manage cup exactly spring.,May myself those south.
FDBK95727,CUST102021,2021-11-29,4,Artist show drive which training.,Natural according defense.
FDBK95728,CUST108229,2023-11-14,2,Sister the foot least.,Imagine position away.
FDBK95729,CUST105238,2023-04-12,3,Live network standard improve.,Pick current law.
FDBK95730,CUST105693,2021-08-30,1,Feel believe common church service.,Computer of return walk away.
FDBK95731,CUST107537,2023-01-20,1,Mrs sort present interesting stage once effect.,Still partner beautiful.
FDBK95732,CUST106844,2023-01-16,1,Help woman may move action. Begin those mouth.,Figure including music.
FDBK95733,CUST104600,2021-05-11,4,Stage program the these page.,Idea may health respond big.
FDBK95734,CUST103558,2022-01-29,4,Can successful day. Stand wide perhaps hotel so.,Network voice approach high.
FDBK95735,CUST102957,2021-04-11,5,Only character memory.,Spend fear pull pass.
FDBK95736,CUST101744,2023-12-20,2,Test public leg. Same audience every community.,Beyond your probably or less.
FDBK95737,CUST100537,2022-04-09,1,Security computer writer value.,Full city long blue.
FDBK95738,CUST107456,2021-06-27,1,Age water loss crime question.,Everyone next lawyer.
FDBK95739,CUST107727,2023-07-18,2,Off still brother west contain wonder.,Move lay never likely.
FDBK95740,CUST109366,2023-11-26,5,Economy listen key there local.,Set line memory.
FDBK95741,CUST107706,2022-07-23,5,North fall maintain rather.,This say well than most.
FDBK95742,CUST109166,2023-03-13,5,Cover employee especially spring bank board.,Red yet should ability.
FDBK95743,CUST106506,2022-08-22,2,Hard recent just father different.,Rich discuss condition.
FDBK95744,CUST100770,2021-01-17,4,Voice find computer material cell important.,Watch statement should third.
FDBK95745,CUST105787,2022-04-01,2,Never song sometimes music whose choice born.,Every money can sport.
FDBK95746,CUST100364,2023-09-18,1,Cause doctor pick population even.,Leave sport care ten system.
FDBK95747,CUST103752,2021-12-20,5,Within start raise I travel figure into personal.,Attack seven return expect.
FDBK95748,CUST108423,2021-03-06,5,Affect edge rate national those party indicate.,Himself even whose sense.
FDBK95749,CUST104539,2021-03-25,1,Responsibility manage administration clearly.,About once necessary.
FDBK95750,CUST105770,2021-04-10,3,Wish together buy watch.,Field beat feeling.
FDBK95751,CUST108926,2023-08-23,2,Accept stand religious measure.,Letter believe thing use.
FDBK95752,CUST104308,2021-08-26,1,Less since teach together.,Whole wide major hot.
FDBK95753,CUST102053,2021-08-14,3,Try include person memory will she walk.,Laugh leave arrive push.
FDBK95754,CUST105135,2023-05-08,3,Because piece allow can again.,Pm actually speech near.
FDBK95755,CUST109447,2021-12-30,5,Cup window each south.,Seek ever indicate.
FDBK95756,CUST108698,2021-09-06,2,Way keep though main rich throw particularly.,Use today north before.
FDBK95757,CUST106858,2021-06-05,3,Just common audience between send charge whether.,Fine American street.
FDBK95758,CUST103428,2021-01-22,4,Investment determine stand address.,Affect control weight almost.
FDBK95759,CUST102759,2023-04-02,5,Certain general financial visit might middle.,Make million admit send kid.
FDBK95760,CUST109574,2021-09-21,2,Office the human cultural nearly religious.,His much thousand mother.
FDBK95761,CUST109212,2023-01-25,1,Risk stand positive group event crime put.,Page resource sign political.
FDBK95762,CUST103030,2021-10-31,5,Religious list theory life stay.,In serve away tend wonder.
FDBK95763,CUST108511,2021-07-06,5,Maybe maybe final blue.,Drop tough wish might.
FDBK95764,CUST101478,2023-08-29,2,Action cultural local close high.,Gas wear above see like.
FDBK95765,CUST107021,2022-05-26,4,Art employee manager our development team forget.,View stock conference.
FDBK95766,CUST101240,2023-06-06,3,By hour crime wonder rate.,Role size candidate set if.
FDBK95767,CUST106044,2022-09-17,2,Yard recently month. Chair town front eat sing.,Final front assume bag bed.
FDBK95768,CUST103305,2023-08-24,2,Benefit character young PM.,Test need clearly try sing.
FDBK95769,CUST105498,2021-07-03,1,Perhaps painting college best just eight.,Foot reveal simply data.
FDBK95770,CUST101723,2023-08-20,1,Power color food home. Great nearly dream.,Week himself song society.
FDBK95771,CUST101614,2022-02-14,5,Me charge stock case.,Trouble employee page.
FDBK95772,CUST100893,2022-01-26,2,Head church fly big particularly face party.,Mr media any wrong.
FDBK95773,CUST101599,2022-09-29,3,Read interest fish lose. Cut hold try free.,Watch ten health job area.
FDBK95774,CUST104546,2021-10-15,5,Very his accept feel generation near capital.,Far population evidence at.
FDBK95775,CUST106250,2021-05-29,3,Compare seem institution one property team.,Owner likely class if woman.
FDBK95776,CUST106334,2022-09-18,5,Article western teacher.,Artist once lead choice.
FDBK95777,CUST102356,2022-02-27,1,Whatever would same happen sister sort.,Wonder eight factor month.
FDBK95778,CUST100504,2022-03-30,2,Become guy hand night.,Call next everyone morning.
FDBK95779,CUST105486,2021-03-07,3,Claim official evidence information.,Claim truth boy watch Mr.
FDBK95780,CUST105306,2022-12-30,3,Off consider visit teacher subject.,Until seem wife same through.
FDBK95781,CUST104297,2022-10-20,1,Car condition magazine dinner.,Different story next rock it.
FDBK95782,CUST108850,2021-10-11,1,Nothing operation western.,Let bill benefit teach.
FDBK95783,CUST108301,2023-04-21,1,Tend white wife always.,Hair reduce success now.
FDBK95784,CUST100219,2021-01-25,4,He here many matter respond specific.,Debate between whose near.
FDBK95785,CUST107499,2023-07-20,2,Whatever number time whether yeah push reason.,Create also up off color.
FDBK95786,CUST100873,2023-02-23,3,Animal wish character color.,Today stand hair.
FDBK95787,CUST106891,2022-08-19,2,Seat number great at traditional increase wear.,Determine past guess your.
FDBK95788,CUST101663,2021-09-15,3,Stock moment debate present people.,Hot rest make deal change.
FDBK95789,CUST101588,2023-01-02,2,Financial degree technology per about style star.,Rule letter answer media.
FDBK95790,CUST108291,2021-12-01,5,Trouble audience need listen mean certain tell.,Good worker enough.
FDBK95791,CUST102653,2022-11-26,1,Food each thing think catch treatment.,Arm carry least allow bad.
FDBK95792,CUST107919,2022-12-09,5,Boy model stand quality lay.,Base agency area site.
FDBK95793,CUST100513,2022-02-18,5,Step discover most production subject ago.,View fact power.
FDBK95794,CUST102201,2022-02-14,2,In close sound sign animal others.,Husband boy name small.
FDBK95795,CUST105086,2021-11-25,5,Compare away arm enough arrive.,Mention group place about.
FDBK95796,CUST101237,2022-09-11,2,Pattern able force join.,Accept nation wrong wife.
FDBK95797,CUST101164,2022-09-28,3,Position claim method subject trial.,Region see cut way.
FDBK95798,CUST109911,2023-04-10,5,Provide more light spring realize must.,Fly event whose effort.
FDBK95799,CUST106353,2021-07-18,4,Dream partner sort. Fine think speech.,Still later bank catch exist.
FDBK95800,CUST100635,2023-07-18,1,Specific north executive.,Cell rest fill together.
FDBK95801,CUST103877,2023-02-11,5,Listen building make defense interest.,Finally talk already at fly.
FDBK95802,CUST106058,2021-06-11,5,Start first executive impact.,See able political Democrat.
FDBK95803,CUST108492,2022-08-09,3,Instead international pick.,Human him feel also.
FDBK95804,CUST106645,2021-02-05,2,Arm new money street special.,Coach contain college plant.
FDBK95805,CUST104589,2022-02-17,2,Question when do play rich expect nearly.,Population product threat.
FDBK95806,CUST101065,2022-08-03,2,Red everybody we above myself specific return.,This produce push personal.
FDBK95807,CUST107468,2023-11-12,2,Agent assume lead three friend purpose social.,Each road more per.
FDBK95808,CUST105875,2021-09-10,1,Increase time could quality.,System pressure man oil.
FDBK95809,CUST107970,2021-02-27,3,Something place feel Republican business become.,Pretty fall adult create.
FDBK95810,CUST104279,2023-12-11,1,Reflect rich reality. If compare old education.,Nothing both off.
FDBK95811,CUST102566,2022-08-03,2,Treat every where pass affect.,Special happen news during.
FDBK95812,CUST101729,2021-07-27,2,Least throw try happen our.,Stage important when you act.
FDBK95813,CUST104678,2023-11-27,2,Assume accept far outside.,Everything back leader.
FDBK95814,CUST101286,2022-05-24,3,Ask scene figure record me crime or.,Market tree view suddenly.
FDBK95815,CUST108708,2021-11-20,1,Half color also poor. High wait Congress year.,Forward modern away take her.
FDBK95816,CUST101018,2022-09-28,3,Happen author yet cold. Song PM although stage.,Different over big.
FDBK95817,CUST108626,2022-02-11,2,Song argue know country.,Place guy only book.
FDBK95818,CUST108767,2021-06-09,1,Low rather risk decade.,Threat year watch arm detail.
FDBK95819,CUST109266,2022-07-20,1,Research hot determine.,Movement or money.
FDBK95820,CUST107854,2022-11-26,2,Actually task become arrive thank.,Might sea her simple.
FDBK95821,CUST104391,2022-08-20,3,Arm lay majority trial.,Past avoid alone skill enter.
FDBK95822,CUST103798,2023-11-30,1,In chair give itself institution personal stock.,Business from these federal.
FDBK95823,CUST101362,2023-01-29,2,Citizen among general back wide body task.,Feel almost approach.
FDBK95824,CUST106201,2021-07-16,1,Base become tree travel.,Son all dream type.
FDBK95825,CUST100475,2022-01-18,2,Relationship season weight either.,Sort scene lawyer five.
FDBK95826,CUST100504,2023-09-11,3,Again water down career far.,Development field that its.
FDBK95827,CUST106693,2023-11-25,4,Baby final Mrs question staff mind fly.,Trade rate admit our.
FDBK95828,CUST107710,2023-03-08,4,Threat live arm individual consider subject.,Question house heavy kid.
FDBK95829,CUST100262,2023-12-01,2,Skin same between exactly enough.,Teacher resource artist.
FDBK95830,CUST107353,2022-02-20,3,Have when mission rise.,Occur any bring paper.
FDBK95831,CUST100785,2022-06-24,3,Spring style company hour technology candidate.,Seat reveal color.
FDBK95832,CUST108579,2022-12-02,4,Notice fire build figure indicate join.,Majority up firm Republican.
FDBK95833,CUST108472,2022-03-17,1,Order coach evening back easy run.,Safe play the goal once.
FDBK95834,CUST108381,2021-08-23,3,Technology major these none small.,List agent discover camera.
FDBK95835,CUST101741,2023-11-14,4,Tree key outside official. Born sometimes down.,Act effect home agreement.
FDBK95836,CUST102304,2022-04-29,1,Individual together price cover ground TV play.,Maintain education hotel.
FDBK95837,CUST107459,2023-04-22,3,Stuff usually father mission nothing truth.,Style tonight nothing let.
FDBK95838,CUST102381,2021-06-26,5,Smile open spend there.,Before important worry then.
FDBK95839,CUST104600,2023-08-31,1,Yard better think Mrs campaign still.,Apply situation will item.
FDBK95840,CUST100948,2022-12-13,4,Popular stock single compare.,Realize environmental rather.
FDBK95841,CUST109713,2023-01-06,3,Drive trouble great send.,Yet gas speak check.
FDBK95842,CUST100822,2023-07-27,4,Receive fast fact huge.,Court election keep.
FDBK95843,CUST100001,2022-01-20,4,Task with per seek kind move.,Wait than measure maybe way.
FDBK95844,CUST104831,2023-12-07,5,Against participant personal office.,Subject from Democrat life.
FDBK95845,CUST108451,2021-07-08,5,Teach wife often particularly popular skin.,City seek mind truth.
FDBK95846,CUST102340,2022-10-29,3,Sea performance miss weight.,Pattern total use high long.
FDBK95847,CUST103191,2021-12-04,1,Push who eat later.,Feel may property turn.
FDBK95848,CUST104243,2023-08-28,4,Meeting my government. Play every company.,Current feel edge.
FDBK95849,CUST108593,2023-04-12,5,After career as none scientist join.,Along support note room.
FDBK95850,CUST103272,2021-07-31,4,Who better deep beat choose such onto.,Friend seven a arm.
FDBK95851,CUST101725,2021-06-27,4,Peace they treatment tax per.,Drive former west this.
FDBK95852,CUST105997,2022-11-13,5,Affect democratic effort to.,Bad enjoy indicate never.
FDBK95853,CUST107152,2022-11-14,2,Save close difficult three current civil billion.,Bill political their act air.
FDBK95854,CUST105683,2021-04-27,5,High happy itself activity major inside.,Mind firm least save.
FDBK95855,CUST107313,2023-04-28,5,Half land as reveal bag office.,Green provide forget up.
FDBK95856,CUST103961,2021-09-25,4,Break head final fast.,Record blood other.
FDBK95857,CUST101894,2022-11-20,1,By question agent wrong black. Up across argue.,Already large leader account.
FDBK95858,CUST108221,2022-01-13,4,Wish language blood compare here.,Line TV edge whatever half.
FDBK95859,CUST103966,2022-09-21,4,Visit light who crime.,Offer again doctor meeting.
FDBK95860,CUST107215,2021-02-15,5,Thousand first so boy site.,Hope top explain head.
FDBK95861,CUST107257,2022-07-29,4,Check leave message two benefit just.,Cause discuss light agree.
FDBK95862,CUST101194,2022-03-24,4,Nice challenge knowledge car.,Fast food effort would.
FDBK95863,CUST102589,2023-05-04,1,Success produce wait.,Adult already safe federal.
FDBK95864,CUST109936,2023-07-25,2,Job kind view he drop Republican thought voice.,Ask magazine line control.
FDBK95865,CUST103819,2021-04-15,2,Dream help half each force.,Happy view ago.
FDBK95866,CUST108603,2021-12-03,2,Like nearly in. Born price energy.,They hold floor seem.
FDBK95867,CUST101560,2023-01-08,2,Research beat special point beyond color.,Media method hotel student.
FDBK95868,CUST107739,2021-08-08,4,Wonder green service impact pull free mind.,Fund structure seem.
FDBK95869,CUST101099,2023-01-15,3,School nor study his. Entire race score.,We trouble mission piece.
FDBK95870,CUST105838,2021-11-21,3,Bad author receive. Open land student bag.,Parent old his.
FDBK95871,CUST103438,2023-04-11,4,Hard go doctor base student edge.,Good deep modern consumer.
FDBK95872,CUST100190,2022-01-21,4,Value minute hand quality pretty dinner.,Home early sea such impact.
FDBK95873,CUST105427,2022-01-09,2,Front court take family between look start.,Rich heavy card attorney.
FDBK95874,CUST101085,2021-11-04,4,Bring particular surface difficult send.,Bar say more until history.
FDBK95875,CUST105065,2022-10-28,5,Else sit two chair city like.,Admit prevent improve.
FDBK95876,CUST105593,2022-04-23,1,Star hard bring official.,Gas guess voice some of.
FDBK95877,CUST109956,2022-03-08,1,Listen take decide young hear something.,Her star who production.
FDBK95878,CUST103238,2022-04-27,5,Human project figure month several.,Center nor board.
FDBK95879,CUST101899,2021-05-28,1,Street man opportunity with important win hope.,Father similar concern live.
FDBK95880,CUST102949,2022-10-05,3,Activity morning wonder campaign power few.,Practice return politics.
FDBK95881,CUST100969,2021-09-06,2,Debate history important follow.,Positive prove remember.
FDBK95882,CUST106615,2021-05-19,3,Power yes important pretty face two among.,Send high personal next.
FDBK95883,CUST103819,2021-01-21,3,Future position respond fund begin mind first.,Attention seek ask son.
FDBK95884,CUST109209,2021-10-22,5,Throw work husband these success.,Care up left.
FDBK95885,CUST101637,2022-10-27,5,Chance traditional make pass.,Next dark woman sport.
FDBK95886,CUST103275,2022-08-28,2,Media interest seat company top impact less.,Report low less such in.
FDBK95887,CUST104079,2023-12-24,5,Theory with perform report indicate argue.,Sometimes edge land strong.
FDBK95888,CUST104125,2022-01-17,1,Seem dog bag would leg buy happy.,Kitchen yet region course.
FDBK95889,CUST107692,2021-06-11,1,Personal can five yourself official stuff.,Cause security fast fight.
FDBK95890,CUST108645,2021-11-08,1,Billion where poor specific can respond various.,Loss very paper skin new.
FDBK95891,CUST108129,2023-08-07,1,Theory fall throw artist happen.,Four other throughout home.
FDBK95892,CUST109421,2022-05-05,5,Piece story affect produce him.,This quickly usually anyone.
FDBK95893,CUST101529,2021-05-28,3,Ok let foot follow whose. Eight figure protect.,Sport challenge sign.
FDBK95894,CUST107319,2021-04-27,1,Reflect still thank week word.,During weight should.
FDBK95895,CUST104672,2023-09-14,2,While data significant project late.,Gas court mouth traditional.
FDBK95896,CUST108929,2023-06-10,4,Safe along great woman.,Gun success west should and.
FDBK95897,CUST109981,2022-02-03,3,Summer vote however social.,Support often baby establish.
FDBK95898,CUST101929,2022-07-12,1,Employee require across.,Similar age present recently.
FDBK95899,CUST108015,2021-04-25,5,Ago consumer argue rise.,Four especially save address.
FDBK95900,CUST100153,2021-06-14,3,Hit scientist turn throughout wind travel tree.,Difference decision treat.
FDBK95901,CUST101967,2023-03-28,1,Else police very else generation.,Tell behind treat like.
FDBK95902,CUST109835,2023-06-15,5,Century add as strong.,Almost hold industry feel.
FDBK95903,CUST100046,2022-10-12,2,Easy speech learn allow imagine toward spring.,Effort head ago week choice.
FDBK95904,CUST105859,2021-05-13,2,Under stock citizen speech.,Everybody federal prove.
FDBK95905,CUST108295,2022-11-25,4,Forward however behind black.,Represent us brother stage.
FDBK95906,CUST100233,2021-09-23,4,When represent analysis should future eight area.,Role likely sit part science.
FDBK95907,CUST100165,2022-09-20,4,Today maybe speech stage pretty.,Operation become many its.
FDBK95908,CUST105492,2022-01-21,1,Century game enough. Above home check contain.,Many sit evening know.
FDBK95909,CUST109400,2023-04-30,2,Prepare standard degree system learn consider.,Start rich fear true me.
FDBK95910,CUST107899,2022-01-18,1,White all girl grow.,Mrs tree parent we indicate.
FDBK95911,CUST106891,2022-03-11,1,Focus rich keep whose still local skill.,Six you score few.
FDBK95912,CUST103956,2023-01-21,2,Laugh stuff doctor hospital enter.,Letter call blue technology.
FDBK95913,CUST102518,2022-08-19,2,White than during mind anything magazine.,Education stand could teach.
FDBK95914,CUST108300,2021-12-13,4,War scene it give eat through.,Might whole change cup.
FDBK95915,CUST109351,2023-06-16,3,Produce kitchen anything back cost compare same.,Light agent hit able speech.
FDBK95916,CUST107065,2023-04-25,5,Spend phone evidence fish piece.,Source station firm.
FDBK95917,CUST102534,2023-07-21,4,Scene task time set agree compare whose.,Air site pick interesting.
FDBK95918,CUST105581,2023-07-20,2,Type someone season.,Practice table like hour.
FDBK95919,CUST105336,2021-03-12,4,Institution majority all woman.,Even effect choice put.
FDBK95920,CUST107293,2021-08-12,5,Me thousand contain officer push.,Place crime summer stop.
FDBK95921,CUST104497,2022-11-20,4,Exactly approach notice court offer.,Environmental use something.
FDBK95922,CUST105983,2021-09-08,1,Base do security base alone feeling.,Imagine cup society not.
FDBK95923,CUST102542,2021-07-08,3,Doctor we join soldier fast.,Provide nature card nothing.
FDBK95924,CUST108188,2023-09-19,2,Trade rise doctor. Wrong later do small.,Oil there pick son card.
FDBK95925,CUST103606,2021-04-26,2,Scientist expert tonight tonight air.,Civil manager its hot.
FDBK95926,CUST105477,2021-03-15,4,Pick attorney time leave.,Water lay election sport.
FDBK95927,CUST109445,2021-09-27,4,Help others special.,Behind sport girl establish.
FDBK95928,CUST103531,2023-09-17,2,Live tend there when religious north.,Summer out outside author.
FDBK95929,CUST107056,2023-03-10,2,Main election play quickly group staff across.,When make with science than.
FDBK95930,CUST100662,2021-12-31,2,Service hope situation care section.,Become everything tonight.
FDBK95931,CUST103002,2021-11-13,3,Animal performance accept or condition describe.,Trade activity dinner.
FDBK95932,CUST109532,2021-10-01,3,Former them place plan accept little.,Law bring player.
FDBK95933,CUST109837,2022-06-18,5,Our community from make security story until.,Structure process then pick.
FDBK95934,CUST102152,2021-11-20,5,Ready clearly information.,Truth just across this.
FDBK95935,CUST105433,2022-09-25,4,Cause beat get environment pattern month size.,That operation view every.
FDBK95936,CUST109881,2023-11-01,1,Specific listen according stop thought.,Let appear here foreign.
FDBK95937,CUST107088,2023-02-07,5,Expert really just test assume generation real.,Race hit help central house.
FDBK95938,CUST100335,2022-05-24,3,Answer she we store.,Her north color tell people.
FDBK95939,CUST109375,2023-02-21,3,Career entire age treat class show.,Audience low deep event.
FDBK95940,CUST106037,2021-12-18,4,Conference traditional relate call.,Car name part.
FDBK95941,CUST102780,2023-03-27,3,However development those. Great project say.,Else official cut.
FDBK95942,CUST101831,2021-05-13,2,Keep seven clearly save build price reality.,Glass mouth consider.
FDBK95943,CUST108979,2021-09-21,1,Commercial a nor cold short against box.,Social sort body tough power.
FDBK95944,CUST109259,2023-11-17,1,Today ready explain agent.,Support hot raise perform.
FDBK95945,CUST108716,2021-12-06,1,Low how garden ability difficult factor.,Impact turn spend central.
FDBK95946,CUST100452,2022-08-21,4,Second pressure week town memory who sense.,Short purpose long.
FDBK95947,CUST109711,2022-04-13,4,Address day company raise.,Company those old leave.
FDBK95948,CUST102589,2021-09-10,2,Itself chance seat million almost player arrive.,Arm charge hospital show.
FDBK95949,CUST108896,2021-08-27,2,Back role room lay.,Wind daughter card as still.
FDBK95950,CUST103435,2022-05-15,3,Turn who me often focus.,Kid marriage listen base.
FDBK95951,CUST105086,2022-05-27,3,Skill civil range our.,Street by allow attack least.
FDBK95952,CUST106798,2023-09-15,3,So beyond camera special three.,Early nothing down huge.
FDBK95953,CUST107679,2021-10-23,4,Hear either each later. Grow event question.,Relate subject several after.
FDBK95954,CUST109988,2021-06-13,3,Onto fly table thus.,Quickly bill bit girl.
FDBK95955,CUST109578,2021-03-05,5,Pretty actually quickly level.,Camera easy wear control.
FDBK95956,CUST108636,2023-01-11,4,What main avoid these age trip. Account she us.,Early yes as music simple.
FDBK95957,CUST108393,2023-10-15,1,Whole else over discover wide ok look.,Business parent work.
FDBK95958,CUST106671,2023-06-08,3,Son teacher grow moment.,Worry how wish practice.
FDBK95959,CUST105110,2021-05-12,1,Agency bit tend.,Foot grow off treat.
FDBK95960,CUST109972,2021-05-21,4,Show civil black well where fish.,Decision together wall long.
FDBK95961,CUST104661,2023-02-27,5,Politics practice major blue friend.,Forward tough me yourself.
FDBK95962,CUST106507,2021-06-11,1,Realize girl nice may whatever first.,Gun blue whom.
FDBK95963,CUST101728,2022-12-08,4,Congress role party themselves million.,Its plan stop him talk.
FDBK95964,CUST108644,2022-07-20,1,Young high maybe century walk.,Meeting red different dog.
FDBK95965,CUST103109,2021-02-10,4,Both season once cut election information.,Public professor doctor boy.
FDBK95966,CUST100531,2023-04-14,5,Tree seven Republican suddenly value pressure.,His who listen street.
FDBK95967,CUST102418,2022-12-15,2,Detail its evidence. Save statement rate pull.,Mention crime writer go.
FDBK95968,CUST107751,2022-09-14,2,Strategy answer possible teach national either.,Question benefit key teach.
FDBK95969,CUST103847,2022-04-07,3,Than policy example Mrs result interest.,Maybe couple deal test.
FDBK95970,CUST103910,2023-01-05,3,Imagine despite cut citizen necessary trade.,Information surface church.
FDBK95971,CUST101501,2021-10-12,1,Hear training serious media.,Happy remain there yet.
FDBK95972,CUST106014,2022-12-11,3,Fill provide treat she hold.,Minute rock use town.
FDBK95973,CUST102559,2022-12-12,4,Center agent produce very fire.,Despite move across personal.
FDBK95974,CUST105682,2023-08-19,3,Will key brother much.,Whole rest authority could.
FDBK95975,CUST102514,2021-11-14,3,Institution interview practice give inside.,The skill walk.
FDBK95976,CUST105838,2023-11-13,3,Fish room way often.,While themselves indicate.
FDBK95977,CUST102491,2023-10-03,2,News wonder discussion work.,History your like.
FDBK95978,CUST101974,2021-02-07,4,Case would group.,Week population history.
FDBK95979,CUST101088,2021-07-11,4,Would require institution meet.,Bank sometimes shoulder.
FDBK95980,CUST101890,2022-01-22,5,Size answer save lawyer effort help.,Most language attorney.
FDBK95981,CUST101627,2022-08-29,2,Degree head focus most after culture company.,Effect avoid me.
FDBK95982,CUST105984,2022-02-24,4,Increase image back keep. Vote thank reality lay.,Type join special.
FDBK95983,CUST103673,2022-04-03,2,Recent join throughout idea avoid guess.,Stuff claim relate.
FDBK95984,CUST100886,2022-09-11,4,Produce ago accept yard serious give begin.,Throughout born second.
FDBK95985,CUST107884,2022-01-07,2,Poor up since camera.,Including condition simple.
FDBK95986,CUST109091,2021-12-03,4,Base seven provide direction.,Church option test.
FDBK95987,CUST105984,2023-04-30,2,She beautiful discuss bar radio author people.,Measure deep work soon woman.
FDBK95988,CUST101609,2021-04-27,1,Now seek so may management to.,Always news west.
FDBK95989,CUST103347,2021-02-11,5,Teach leader knowledge.,He again hard medical.
FDBK95990,CUST103185,2022-07-28,1,Senior if bad chair point.,Skin Mr deal.
FDBK95991,CUST103617,2021-08-25,1,Fact gun there toward whose. Drive yet two step.,Game remain early body role.
FDBK95992,CUST100282,2022-03-06,2,Actually population beat while others school.,Know prove situation none.
FDBK95993,CUST109094,2023-02-01,2,With cold pay just. Know happen each.,Crime fact focus size well.
FDBK95994,CUST108688,2021-06-29,2,Possible sister about choice family.,Clear address still trade.
FDBK95995,CUST100782,2021-03-01,2,Number project shake line check throw low.,Simply half take offer.
FDBK95996,CUST103517,2023-10-08,5,Foreign good hard cold finish best.,Sure old force toward myself.
FDBK95997,CUST106730,2023-08-04,5,Ten return increase various.,Join stop feel hard.
FDBK95998,CUST105633,2022-04-09,2,Campaign indicate major tough.,Tree quite movie full any.
FDBK95999,CUST104746,2023-09-28,5,Majority our put girl new.,Per since seat bad.
FDBK96000,CUST103304,2022-09-19,3,Market so now teacher significant.,Together rich idea cover.
FDBK96001,CUST106764,2023-11-14,4,Total new police almost paper size position.,Think memory street maintain.
FDBK96002,CUST109398,2023-01-10,4,Herself cover head against.,Lawyer reach under laugh.
FDBK96003,CUST101128,2022-12-10,1,By black girl certainly small policy.,Sound draw government.
FDBK96004,CUST105400,2021-08-31,4,Good meeting amount rock girl.,Decade read occur trial.
FDBK96005,CUST109399,2022-04-30,2,Away put that vote less.,Reflect response face stock.
FDBK96006,CUST106337,2021-09-19,4,Company foreign station role.,State goal phone attention.
FDBK96007,CUST108213,2021-01-02,4,Really stuff cost anyone true focus.,Fine close drug high you.
FDBK96008,CUST101277,2022-12-01,5,Old bring moment six.,Interview environmental find.
FDBK96009,CUST102915,2021-11-06,3,Happen family unit word officer teach sort.,Half mention game worker sea.
FDBK96010,CUST108133,2022-12-26,5,Particularly consumer until story product value.,Like close possible budget.
FDBK96011,CUST102591,2022-07-26,2,Find factor heavy military look.,Project house support.
FDBK96012,CUST105178,2021-05-12,5,Difficult summer low left mouth economy.,Director financial a.
FDBK96013,CUST100588,2022-04-25,2,Loss though about family name activity building.,Already address it activity.
FDBK96014,CUST106943,2022-11-25,3,Back difference serve.,Expert table way baby.
FDBK96015,CUST103980,2021-08-26,1,Himself stage real could expert understand.,Case daughter table.
FDBK96016,CUST103561,2023-09-03,1,Accept answer single very attention.,Long box trial operation.
FDBK96017,CUST100582,2021-02-08,3,Bill similar total party become.,Hot form consider view must.
FDBK96018,CUST108223,2023-10-23,4,Single new your door.,Tax project positive total.
FDBK96019,CUST103068,2021-03-18,3,Consider prove we understand hotel police.,Work yeah production accept.
FDBK96020,CUST103940,2022-05-12,2,Series letter over suddenly interest.,Short quality I.
FDBK96021,CUST102403,2022-08-01,5,Leave financial health power.,Back care senior half month.
FDBK96022,CUST103484,2021-01-19,3,Carry easy partner. Off continue blue today.,After deal who.
FDBK96023,CUST102342,2023-12-22,5,Wife behind everyone clear three.,Cell across might sit color.
FDBK96024,CUST109012,2021-12-05,2,Cut officer available themselves realize stuff.,Field whatever unit.
FDBK96025,CUST101193,2023-08-28,4,Set when kid federal Mrs wish.,Turn person PM center.
FDBK96026,CUST106602,2023-08-26,2,Activity meeting claim know movement begin.,Imagine put five already.
FDBK96027,CUST109803,2022-11-29,5,Make case car loss yard now world.,Pass site miss ten.
FDBK96028,CUST102167,2021-05-21,5,Service cut question available.,Beyond production one price.
FDBK96029,CUST106627,2022-07-03,3,Hope apply occur medical few.,Tax national activity.
FDBK96030,CUST106618,2022-09-24,5,Trade figure discover stay.,Check above town sense.
FDBK96031,CUST108861,2023-09-21,4,Daughter discuss let return party able energy.,Assume early none rate.
FDBK96032,CUST103702,2021-06-11,2,Two popular future public.,Place from spend item.
FDBK96033,CUST104155,2022-09-18,5,Quite seem decade executive camera almost stage.,Rise group late PM old tree.
FDBK96034,CUST104103,2021-08-21,3,Artist develop large professional figure.,Son policy prevent little.
FDBK96035,CUST101118,2021-05-18,4,Money personal all material.,Us thought out event pretty.
FDBK96036,CUST105113,2021-09-05,1,Per cell generation.,Care do out.
FDBK96037,CUST103325,2022-03-25,2,Performance marriage cut write behind society.,These do for note.
FDBK96038,CUST100956,2021-01-15,4,Crime including upon argue read.,Himself easy meeting popular.
FDBK96039,CUST100331,2023-10-22,2,Like might eye cup open matter.,Word it force pick minute.
FDBK96040,CUST107248,2022-07-27,1,Game key time style.,Should since world defense.
FDBK96041,CUST101956,2023-07-28,2,Like other effort head pressure to.,Mother choice five whom.
FDBK96042,CUST101904,2023-05-22,1,Since dinner painting into half.,Office new go police.
FDBK96043,CUST102273,2021-11-18,1,Claim miss property tough true.,Already who will together.
FDBK96044,CUST100597,2021-12-19,5,Issue own else himself here behavior.,Surface exactly unit.
FDBK96045,CUST109077,2021-03-11,4,Trade father hope maybe.,Who current smile oil.
FDBK96046,CUST102479,2023-03-05,1,Certainly sound to doctor raise pay several.,Program budget fund.
FDBK96047,CUST105515,2022-09-24,5,Policy mean hard water benefit majority care.,Capital also carry cover.
FDBK96048,CUST102344,2021-05-06,4,Safe produce American laugh knowledge candidate.,Blue if rock happen arm.
FDBK96049,CUST104002,2021-08-04,1,Stay appear manager believe down evidence meet.,Personal miss may.
FDBK96050,CUST109135,2023-12-27,5,Drive deep anything evidence.,Move series within marriage.
FDBK96051,CUST100058,2023-02-26,3,South bill author listen think measure resource.,Form travel party.
FDBK96052,CUST108803,2021-08-22,3,Real future home maintain late.,Trial tree there call goal.
FDBK96053,CUST105413,2023-08-26,2,Hotel stand market consumer record since.,Question offer political old.
FDBK96054,CUST106199,2023-08-19,3,Design fast color speech strong job.,Street cup challenge fear.
FDBK96055,CUST109698,2023-03-20,5,Us common range wind Republican we.,Need language keep.
FDBK96056,CUST100745,2021-04-30,3,General performance maybe wish sell mind.,Short development couple end.
FDBK96057,CUST102040,2021-07-12,4,Could past if how.,Discuss foreign half social.
FDBK96058,CUST103844,2022-04-05,5,Matter husband identify development five citizen.,Leave government challenge.
FDBK96059,CUST100612,2021-02-26,2,Ball service human hand charge speak.,Voice seven summer these.
FDBK96060,CUST100247,2022-04-21,5,Do wish ten week Democrat staff half under.,Through modern call say.
FDBK96061,CUST107793,2021-02-17,5,Wish everything animal describe.,Civil appear season.
FDBK96062,CUST102710,2021-05-09,5,Article cultural view expect six movie.,Bed maybe summer consider.
FDBK96063,CUST107131,2021-04-04,3,Although man foot hit likely me whether hand.,System cut in yes outside.
FDBK96064,CUST101438,2021-01-17,5,Away ability win huge on page entire.,Hair sing around police.
FDBK96065,CUST102920,2022-03-05,2,Federal base scientist.,Each though yourself.
FDBK96066,CUST104745,2021-11-27,2,Teach kid hit dinner late.,Commercial prove myself.
FDBK96067,CUST109572,2022-07-11,3,Cup with suddenly half. Line nature laugh.,Foot speak bit.
FDBK96068,CUST109698,2023-02-05,2,Sister conference ask put thing.,Only smile trouble list.
FDBK96069,CUST105016,2023-09-18,3,Red carry bad pass Mrs and.,However hotel unit.
FDBK96070,CUST101572,2021-06-29,1,Blood official expect before.,Something left me measure.
FDBK96071,CUST105612,2023-06-20,4,Surface health floor even cold.,How until ten address trip.
FDBK96072,CUST103927,2022-06-23,5,Three gas city. Me group total forward.,History activity from.
FDBK96073,CUST108757,2022-09-12,2,Yourself summer include thank surface or.,Two have one north area wife.
FDBK96074,CUST109180,2021-11-19,2,Source protect compare experience.,That picture society room.
FDBK96075,CUST104962,2021-05-28,1,College race least.,Yet movement over.
FDBK96076,CUST103841,2023-04-07,5,Decide political go art.,Hair sort billion anyone.
FDBK96077,CUST102219,2021-03-19,3,Interesting but entire use would shoulder entire.,Force pass foot.
FDBK96078,CUST109792,2022-09-18,1,Lawyer upon site environmental plan.,Miss financial list join.
FDBK96079,CUST109481,2021-09-18,5,Seem hundred evidence view treat effect.,Growth region film effort.
FDBK96080,CUST103937,2021-06-03,5,Everything carry ability information both.,Enjoy with us person.
FDBK96081,CUST102236,2022-07-14,3,Ball team term mission agree trade.,Blue college begin lay.
FDBK96082,CUST100337,2021-10-15,1,Recognize could size.,Indicate us could.
FDBK96083,CUST107775,2023-01-18,1,Much analysis specific name.,Season term western speech.
FDBK96084,CUST104056,2023-11-26,4,Region economic sing go.,Fire economy some his.
FDBK96085,CUST106430,2021-08-27,3,Season example future much exist.,Glass three design person.
FDBK96086,CUST101311,2023-01-31,4,Crime one Congress former goal from general.,Star certainly involve cover.
FDBK96087,CUST109364,2022-08-22,5,Simple I voice only situation star station.,Deep into situation rock.
FDBK96088,CUST101544,2021-10-23,4,Look democratic small.,Watch sea person.
FDBK96089,CUST106821,2022-02-07,3,Case ready role respond dinner.,Popular few behavior hundred.
FDBK96090,CUST107254,2022-01-22,5,Power individual hotel bad it.,Able crime teach.
FDBK96091,CUST101398,2021-04-21,1,Bar computer than then stuff participant.,Look office area what study.
FDBK96092,CUST108975,2022-03-21,4,Store smile identify.,I up article film.
FDBK96093,CUST108119,2021-09-29,1,Region get trip likely.,Meeting several might.
FDBK96094,CUST109486,2021-04-25,1,Five above alone catch. Image him this return.,Country four seat huge.
FDBK96095,CUST107063,2022-01-30,3,She cultural enjoy nor maybe fill.,Region choice memory talk.
FDBK96096,CUST102355,2021-02-02,4,Toward use participant.,Stop the consider often my.
FDBK96097,CUST100238,2023-08-25,2,Work explain serve career.,Alone over task improve.
FDBK96098,CUST106181,2021-04-25,1,Fund involve nation. May agree quality attention.,Who prove myself beyond.
FDBK96099,CUST106351,2022-03-21,3,Director away example share its member.,Both future say old.
FDBK96100,CUST100938,2022-06-22,2,Foreign base particular whole.,Rock ability account method.
FDBK96101,CUST102585,2021-01-26,5,Region site tell little few.,Own once president entire.
FDBK96102,CUST105561,2022-05-31,2,Rate exactly add place represent keep.,Discussion stay loss mention.
FDBK96103,CUST101314,2023-09-16,3,Vote medical carry really method and PM.,Item time fact imagine.
FDBK96104,CUST100665,2023-06-03,5,Democratic conference decide medical.,Within see music away.
FDBK96105,CUST106371,2022-04-25,1,Firm back eight sometimes join.,Without fund weight guy.
FDBK96106,CUST102498,2021-04-24,5,Girl little wear despite.,Anything like page south.
FDBK96107,CUST102415,2022-12-31,4,Into only next.,Trouble agree local behavior.
FDBK96108,CUST109478,2023-10-17,1,Rule common baby appear.,Arrive most Mrs eight paper.
FDBK96109,CUST107958,2021-03-23,1,His program part reveal buy voice.,Increase artist sea positive.
FDBK96110,CUST106034,2023-12-06,5,Small boy outside.,Heart whom name poor.
FDBK96111,CUST106284,2021-04-27,2,Democratic have something since move those claim.,Behind choice type.
FDBK96112,CUST102006,2023-02-10,4,Nature more rock phone ever condition painting.,Bed factor public time now.
FDBK96113,CUST105509,2023-12-10,4,Program evidence wind full teacher measure.,Level help finally thus real.
FDBK96114,CUST109563,2021-07-13,3,Ball threat picture.,Long skill arrive.
FDBK96115,CUST104959,2022-08-25,1,Thus might artist still room.,Create science risk manage.
FDBK96116,CUST106461,2023-01-31,3,With parent government myself.,Thus offer second even.
FDBK96117,CUST106917,2023-06-22,3,Bit learn thus sort college could.,Message yard main a.
FDBK96118,CUST107100,2022-07-10,3,Deep activity tough area.,Show off off car.
FDBK96119,CUST106792,2022-10-22,4,For discuss gas vote difference reduce carry.,Finish somebody need player.
FDBK96120,CUST101881,2021-06-03,3,Message open soon name.,Its blood conference right.
FDBK96121,CUST109710,2022-05-21,5,Wish happen might fact modern personal available.,Finally sound serious place.
FDBK96122,CUST100730,2021-07-01,4,Spend reach key research wonder one avoid.,Choose low body tough.
FDBK96123,CUST104904,2022-05-30,5,This civil strong still team degree enjoy.,Safe degree boy.
FDBK96124,CUST101356,2022-01-17,4,East democratic feel they agency cut.,Next catch whatever major.
FDBK96125,CUST108169,2023-10-27,1,Great enter allow.,Lot around performance some.
FDBK96126,CUST109115,2023-09-29,3,Information impact up send deep.,Her lay his ability meet war.
FDBK96127,CUST103198,2022-08-30,3,Better identify oil arrive.,Reflect live center cut skin.
FDBK96128,CUST101223,2021-08-13,1,Hold pay want role clear.,Billion hand nation front us.
FDBK96129,CUST104640,2022-03-02,1,Suddenly suffer table fight.,That operation ahead.
FDBK96130,CUST101550,2021-10-03,2,Beautiful wonder ability enter bank.,Process my me about purpose.
FDBK96131,CUST100568,2022-12-06,3,Lose site group great resource.,Size discussion tend ready.
FDBK96132,CUST102054,2023-05-16,2,Sort you mean note.,Box citizen kid maybe figure.
FDBK96133,CUST100965,2023-05-31,4,Result country since federal same PM want.,Out area trial because.
FDBK96134,CUST109039,2021-10-03,5,Region speech security per relate.,Become claim just.
FDBK96135,CUST100063,2021-11-08,4,First gas manager benefit assume.,Will hundred ball girl avoid.
FDBK96136,CUST100818,2022-07-17,1,Statement song hope history yes.,Should born put different.
FDBK96137,CUST100786,2023-02-02,2,Dark opportunity vote. Stay direction hold.,Politics light individual.
FDBK96138,CUST104659,2022-09-06,5,Else lead wide trouble. Now throw road coach.,Answer manage get sister.
FDBK96139,CUST109828,2021-12-26,3,Network painting our rate.,Way letter child nice appear.
FDBK96140,CUST105886,2023-08-03,2,Training else trial notice production campaign.,Them page now rise though.
FDBK96141,CUST106084,2022-10-21,1,Final enough still class.,Such yes concern.
FDBK96142,CUST104922,2021-09-22,1,Baby few play series simply red sort.,Feeling human wear.
FDBK96143,CUST109785,2023-10-13,2,May great require close student box.,Own born lawyer employee if.
FDBK96144,CUST109079,2021-03-07,2,Since her similar beyond political.,Off father expert should me.
FDBK96145,CUST105238,2023-02-07,1,Risk join that phone. Painting step sport bit.,Couple land person your take.
FDBK96146,CUST109992,2022-06-30,5,Floor how up though yeah final.,Two wear ground hard.
FDBK96147,CUST109606,2021-03-07,4,Five provide series protect picture.,Hot laugh face consider five.
FDBK96148,CUST106884,2021-08-17,1,Support strong dog politics crime.,Power strategy center step.
FDBK96149,CUST103586,2022-05-06,4,Air degree little get professional.,Word but pass blood door lot.
FDBK96150,CUST106782,2021-02-04,4,Me own off southern white also security.,Against fly job.
FDBK96151,CUST108788,2021-09-02,5,Those work miss lay bit feel writer at.,Above decade everyone leg.
FDBK96152,CUST103985,2021-06-01,2,Almost structure away design really it.,Gas building what name.
FDBK96153,CUST100441,2023-04-19,2,Past throw report learn pretty Congress north.,Data effect south ever eight.
FDBK96154,CUST107760,2021-05-29,2,Discover however sign score. Artist finish list.,I artist once near west.
FDBK96155,CUST106682,2023-03-24,1,Lead whole from cut.,Simply try crime body.
FDBK96156,CUST109323,2021-07-15,3,Against them later because movie blue long.,Man recent little whose road.
FDBK96157,CUST103645,2022-12-28,3,Debate drop clearly without able level meeting.,Far interview so clearly.
FDBK96158,CUST106862,2022-04-09,3,Nature figure market truth beat.,According simple help debate.
FDBK96159,CUST103849,2021-05-19,5,Data tend or just Mr animal kid quickly.,Claim party everything enter.
FDBK96160,CUST105645,2022-02-06,5,Beat south seem. His budget hotel want decade.,Year respond less treat.
FDBK96161,CUST106328,2023-07-01,3,Require meet media door play raise.,Sense nothing too plant.
FDBK96162,CUST107286,2023-12-25,2,Ten allow low ago administration.,Machine indicate news loss.
FDBK96163,CUST106398,2023-04-12,2,Own set magazine long cultural.,Dog price describe.
FDBK96164,CUST102735,2023-02-21,3,High down foot entire.,Pull adult oil.
FDBK96165,CUST102205,2021-02-08,2,Data suddenly north cause outside.,Tree series glass.
FDBK96166,CUST100080,2023-10-13,3,Second body something myself condition point.,Go try final medical.
FDBK96167,CUST108245,2022-02-02,1,Bad court paper often management.,Crime bed team.
FDBK96168,CUST102831,2023-10-04,4,Thank marriage live suddenly.,Hour serve table else.
FDBK96169,CUST105458,2023-05-01,4,Agent manager food morning trial.,Put today establish often.
FDBK96170,CUST101842,2021-12-03,4,Result major provide structure sea effort.,Fine agreement pull role.
FDBK96171,CUST104033,2021-12-19,3,Foot cultural morning president wide.,A night people subject.
FDBK96172,CUST107224,2023-07-18,1,Century while walk than outside.,Too another cell of.
FDBK96173,CUST106147,2023-03-27,5,Thing even power team. Cell season she.,Short manager kid.
FDBK96174,CUST102951,2023-10-08,4,This southern them simple.,Happy require hope build age.
FDBK96175,CUST105863,2023-12-08,2,Pretty specific station southern play.,Society area lose scene.
FDBK96176,CUST106039,2021-09-02,3,With western amount speech artist.,Then magazine there.
FDBK96177,CUST101786,2023-08-12,3,Foreign be mouth do chair woman world.,Real skill ago want.
FDBK96178,CUST108188,2022-01-23,5,Surface up somebody over.,Have call follow hundred.
FDBK96179,CUST105965,2022-04-15,2,State society together leave industry practice.,Happy chance number.
FDBK96180,CUST108774,2022-10-22,1,Talk personal possible create current may.,Unit letter heart.
FDBK96181,CUST103394,2021-07-09,4,Whom mention city either laugh positive.,Source lead might go.
FDBK96182,CUST101049,2023-03-30,1,Political information mean owner.,Simply job smile.
FDBK96183,CUST102075,2021-10-17,2,Rock moment entire visit else or floor live.,Lay style possible blood.
FDBK96184,CUST103666,2021-11-26,2,Partner marriage grow here which.,Like work long debate.
FDBK96185,CUST108332,2023-01-22,3,Medical rich plan movie anything exist.,Paper about letter.
FDBK96186,CUST105946,2022-10-29,1,Each edge who activity.,Here note yard left.
FDBK96187,CUST105812,2022-06-16,5,Apply ball what share hot area result important.,Now couple want.
FDBK96188,CUST103264,2023-02-23,2,Green walk such crime mention while.,Others be drop budget.
FDBK96189,CUST104645,2021-06-08,3,Defense effect condition boy although.,Among specific world court.
FDBK96190,CUST108956,2021-06-15,4,Reduce season professional work far.,Onto thought TV per figure.
FDBK96191,CUST104564,2022-07-18,5,There ahead range close stop after.,Hear future house.
FDBK96192,CUST102752,2022-03-26,5,Police quickly true little. Edge boy expert.,Wrong article detail himself.
FDBK96193,CUST104757,2023-04-17,3,Nor type new his open allow.,One eat hard democratic data.
FDBK96194,CUST101561,2023-01-13,5,Someone body couple side step trial plant.,Prevent trouble with society.
FDBK96195,CUST105211,2022-07-08,5,Marriage join stock process time source.,Day none bill somebody.
FDBK96196,CUST106204,2023-04-17,3,While matter dark star study administration.,Camera price girl own gas.
FDBK96197,CUST106667,2021-03-08,3,Image apply spring trial buy talk body.,Left safe then bring.
FDBK96198,CUST108506,2021-04-18,2,Care be institution light just.,Hit simply together use.
FDBK96199,CUST102770,2023-02-10,3,Carry test either can he.,Center and almost say form.
FDBK96200,CUST105749,2023-02-24,4,Church high positive dog day case.,Agree goal miss watch.
FDBK96201,CUST101285,2021-09-05,1,Firm standard unit thousand.,Our process treatment.
FDBK96202,CUST106035,2023-07-29,3,Scene for use card. Class able little.,Draw language assume hit hot.
FDBK96203,CUST105749,2022-07-04,2,Rather late yeah lay not. Car speak size.,Experience group social half.
FDBK96204,CUST106048,2021-03-22,4,Throughout some team year lead chair.,Main term finish argue might.
FDBK96205,CUST108122,2022-09-04,1,Maybe conference cultural heart.,Last worry off discuss.
FDBK96206,CUST106068,2021-02-10,3,Cause certain east cut learn from.,Without same report.
FDBK96207,CUST104976,2021-10-23,2,Skin international analysis trial.,More space against recognize.
FDBK96208,CUST109636,2021-01-06,1,Arm name some future themselves.,Pressure little how carry.
FDBK96209,CUST106063,2021-06-14,1,Do call morning mission where young.,Report pass whatever floor.
FDBK96210,CUST107087,2022-11-30,2,You factor throughout vote doctor.,Scene result a.
FDBK96211,CUST104389,2021-02-18,1,Impact assume stage project.,Occur out hard to second.
FDBK96212,CUST106897,2023-11-25,5,Against memory say boy break.,His force require man.
FDBK96213,CUST106045,2022-04-01,4,Should bank test stop until nearly inside memory.,Build way school thousand.
FDBK96214,CUST103378,2022-01-18,5,Maybe gun series institution agent soldier.,Race child sit.
FDBK96215,CUST104458,2021-08-03,1,Song lose trouble second have.,Member industry stop energy.
FDBK96216,CUST102751,2021-03-10,3,Once million moment carry poor power.,Those market fill.
FDBK96217,CUST108274,2022-07-09,2,How even such to. Number cost civil risk.,Up option manage role.
FDBK96218,CUST100620,2023-06-21,2,Peace fear others music stand hundred back sign.,Guy much never wife.
FDBK96219,CUST107231,2023-03-03,4,Task read drive our least.,Chance at both notice.
FDBK96220,CUST106595,2023-03-23,2,Play you doctor radio management still their.,Matter field address.
FDBK96221,CUST103653,2021-11-16,2,Hope reason nice soldier.,Probably hear difficult.
FDBK96222,CUST101905,2021-06-10,4,Along idea kind. Speech general board dog garden.,Tough she today institution.
FDBK96223,CUST101512,2023-06-12,5,Direction common program hour want why.,Type woman approach expert.
FDBK96224,CUST107288,2021-11-07,5,Third us election stop start.,Sister despite pay.
FDBK96225,CUST104894,2023-09-13,1,Interview nice partner hear imagine.,Talk arrive top brother.
FDBK96226,CUST109493,2022-12-06,2,Hair important apply still trade will yeah.,Fire push kind.
FDBK96227,CUST104308,2022-04-28,1,Real yet again represent herself.,Open firm officer wear.
FDBK96228,CUST104565,2022-08-11,1,Down visit contain remember beautiful.,Stop ground word would or Mr.
FDBK96229,CUST101186,2022-11-23,1,Gun deep director billion say specific nature.,Central picture in soldier.
FDBK96230,CUST103707,2023-10-27,4,Standard truth scientist little history hard.,Show data look stock wait.
FDBK96231,CUST103420,2022-07-01,3,These move simple amount claim foreign personal.,Three I young I.
FDBK96232,CUST108381,2022-05-05,5,Among operation save federal spend very.,Candidate heart wish pretty.
FDBK96233,CUST100995,2023-02-17,4,Along direction small summer brother whole.,Fact Republican set first.
FDBK96234,CUST107084,2022-06-04,3,Language economy enjoy.,Know high few stuff.
FDBK96235,CUST102111,2021-10-30,1,Indicate out sing partner. Senior bill these.,Family note call to.
FDBK96236,CUST105627,2023-10-05,4,Great who federal its.,Down these perhaps.
FDBK96237,CUST109750,2022-01-07,3,Product around foreign staff since.,Leader use she.
FDBK96238,CUST103804,2021-04-06,5,Reach partner study when get huge appear.,Media though serious final.
FDBK96239,CUST109619,2021-03-02,3,Account short rate yet clear.,Race back stop there treat.
FDBK96240,CUST103237,2022-03-13,4,Them personal agree final drive pay speak.,Own win need a consumer.
FDBK96241,CUST100453,2023-10-22,5,Hair hair give lawyer finish.,Create he might read.
FDBK96242,CUST106361,2021-08-25,5,Theory local so project.,Bar stage your dream.
FDBK96243,CUST107127,2022-03-26,2,Commercial east show door test.,Middle near tend about.
FDBK96244,CUST104845,2022-09-29,3,Reveal family investment so item.,Usually rest star add.
FDBK96245,CUST109667,2023-09-25,3,But use cell Mrs teacher bed have development.,Miss include boy.
FDBK96246,CUST100769,2022-04-17,3,Minute same author institution.,Region move girl effort.
FDBK96247,CUST100445,2023-11-19,1,Discussion serve car charge movement.,Almost serious history.
FDBK96248,CUST104796,2023-03-15,5,Become yourself group wear moment hand.,Away prove spring.
FDBK96249,CUST102719,2023-03-18,3,Leg read chair. Maintain majority response bring.,Cultural policy owner.
FDBK96250,CUST102565,2023-08-22,4,Individual describe light cold look respond.,Black employee indicate fish.
FDBK96251,CUST103897,2021-12-11,4,Can never commercial beyond be.,Again able your firm open.
FDBK96252,CUST103158,2021-03-13,2,Different already bank.,Wind product pick that ago.
FDBK96253,CUST104725,2021-04-23,5,Himself store safe chair.,Week behavior her city.
FDBK96254,CUST108440,2021-08-07,1,Traditional before left center.,Perhaps protect those.
FDBK96255,CUST100893,2022-03-06,2,Allow help religious size indeed raise.,Dream dog open of drop film.
FDBK96256,CUST102870,2022-03-30,3,Personal surface increase college black forget.,Total who parent wrong hard.
FDBK96257,CUST108407,2021-01-09,5,Short central state event federal.,Tree program store.
FDBK96258,CUST109909,2021-08-18,1,Accept set show environment.,My win use else write affect.
FDBK96259,CUST106412,2023-08-14,5,Finish hear maybe able instead join.,Have manager avoid through.
FDBK96260,CUST106027,2021-03-10,3,Discuss station along no long.,Town still before majority.
FDBK96261,CUST107570,2021-08-21,2,Dream alone memory eye ahead simple.,Third key future near.
FDBK96262,CUST104561,2023-02-08,3,Truth no identify audience artist.,Operation real pay.
FDBK96263,CUST103147,2023-09-06,4,Sing full ago up.,Ability decade soon.
FDBK96264,CUST103181,2022-03-08,2,Effect wish artist simple occur simple hold.,Speech do dream goal student.
FDBK96265,CUST102506,2023-10-14,4,Matter pull movie room strategy.,Benefit which science.
FDBK96266,CUST100675,2023-11-26,3,Easy painting enough himself if down.,See risk dinner think.
FDBK96267,CUST105000,2021-03-29,2,We idea prepare end song little.,Wear player employee.
FDBK96268,CUST101310,2023-05-07,3,Learn perhaps indeed.,Forward all them form small.
FDBK96269,CUST105678,2023-05-21,5,East others weight health before we his.,Account him several me.
FDBK96270,CUST103677,2021-03-29,5,But consider sign must spend.,To seek study possible.
FDBK96271,CUST106842,2022-01-16,1,Describe build practice already foreign fill.,Whom attorney matter.
FDBK96272,CUST103094,2022-12-14,3,News person movement tax clear garden.,Property guess become me kid.
FDBK96273,CUST108518,2021-12-27,4,Alone pass until turn different.,Cold election beyond more.
FDBK96274,CUST108212,2023-10-29,1,Little growth different account sometimes this.,Her but reason factor.
FDBK96275,CUST103015,2021-07-07,2,Bill between right cause least training.,Nothing possible behind.
FDBK96276,CUST103523,2021-01-20,4,Visit water himself use relationship take apply.,Sister at fill one.
FDBK96277,CUST108296,2022-01-30,5,Officer everyone onto guy choice once.,Service rich east occur.
FDBK96278,CUST102122,2023-05-28,4,Industry without should door.,Sound new our culture.
FDBK96279,CUST109352,2023-11-03,4,Break involve southern run.,Idea perhaps with.
FDBK96280,CUST109364,2021-03-11,1,Nearly ten rich current usually evening.,Upon recently from.
FDBK96281,CUST109694,2021-12-26,3,Drop smile manage hotel along.,Seat song weight walk.
FDBK96282,CUST101964,2022-09-15,5,Once you huge stay. Inside better heart.,Need once husband first.
FDBK96283,CUST104705,2022-02-24,2,Ok course fish newspaper.,Down order woman.
FDBK96284,CUST105200,2022-07-12,2,Improve Democrat memory nature already.,Real north fill.
FDBK96285,CUST104267,2023-10-20,5,For factor pay bit.,Fill scene agree attack tree.
FDBK96286,CUST108739,2023-06-13,2,Little prepare bed where usually just their half.,Pay bill wind level enter.
FDBK96287,CUST102889,2023-06-07,4,Guy national evening next both prove.,Lose certain tax song food.
FDBK96288,CUST102339,2021-04-09,2,By time the today. Magazine wall financial.,Set speak strategy produce.
FDBK96289,CUST102975,2021-03-30,4,Line visit believe grow win live.,Town anyone value.
FDBK96290,CUST108695,2023-06-27,5,Such to north create plan base serious.,House inside some operation.
FDBK96291,CUST103272,2022-01-25,5,Executive positive sign any purpose.,Season culture letter.
FDBK96292,CUST102257,2023-05-12,1,Box fill recognize my probably which now high.,Summer safe tend computer.
FDBK96293,CUST106493,2021-03-26,2,Require good four son.,Take rock science try school.
FDBK96294,CUST101994,2023-02-18,1,Assume traditional study various PM.,Avoid agent use worker.
FDBK96295,CUST105883,2022-10-16,4,Serious head up red claim practice mind.,Part power no represent.
FDBK96296,CUST108166,2022-04-07,2,Memory evidence room respond total.,Rich far situation box book.
FDBK96297,CUST104046,2022-07-28,1,Whose certainly employee.,Professor get politics.
FDBK96298,CUST108687,2023-12-25,5,Official task thing.,Audience early job land.
FDBK96299,CUST102403,2021-03-23,4,Job recognize consumer newspaper.,Must hotel trial save.
FDBK96300,CUST101931,2021-01-23,4,Else child more baby hospital someone.,Bad team store.
FDBK96301,CUST109177,2023-04-14,2,Policy beat hundred seek quickly six.,Hospital there force idea.
FDBK96302,CUST109324,2023-01-26,2,Care imagine fast fine instead.,Want find station page.
FDBK96303,CUST108641,2021-07-17,5,Early goal director same she task.,Race item you like way.
FDBK96304,CUST101727,2022-08-19,3,State fall clear trip.,Street buy have say prove.
FDBK96305,CUST105379,2021-07-17,2,Hospital happy throughout become week.,Dog song guy.
FDBK96306,CUST102917,2023-06-20,3,Professor last baby company.,Summer bed give number.
FDBK96307,CUST103666,2021-12-18,2,Throw suddenly as election base hit one.,Feel kind of actually event.
FDBK96308,CUST103841,2022-05-10,4,Ok success toward score.,Red floor art tree follow.
FDBK96309,CUST108694,2021-09-18,3,Hold cold piece condition.,Size west day somebody way.
FDBK96310,CUST107936,2022-06-04,1,Kid beat go opportunity reduce face imagine.,Forward conference live note.
FDBK96311,CUST103700,2022-06-11,2,We week buy manager.,Hit so rate leave.
FDBK96312,CUST102630,2021-04-29,4,Indicate ground tonight police just.,Set beautiful blue although.
FDBK96313,CUST101348,2021-06-25,1,Account step itself world team stage young.,Herself trouble issue.
FDBK96314,CUST103206,2023-12-04,2,Analysis do mean impact suffer list.,Establish human to western.
FDBK96315,CUST107989,2023-02-01,2,Plan woman different success music field.,Head structure no well.
FDBK96316,CUST105797,2021-01-10,3,Another operation tell character open several.,Mother debate second.
FDBK96317,CUST109587,2021-09-11,3,Million player until coach a small suggest.,Business key we prevent.
FDBK96318,CUST106935,2022-05-10,3,Pay my table those edge Democrat science.,Her there everyone score.
FDBK96319,CUST102539,2022-06-05,4,Leader concern mention security doctor.,Which design skill low.
FDBK96320,CUST104713,2021-11-12,5,Lose sort movie trial want success piece drive.,Involve sing no enough.
FDBK96321,CUST101030,2022-11-03,3,Loss within girl mind.,Attack organization protect.
FDBK96322,CUST106006,2022-08-26,1,Doctor record shoulder send loss.,Agree myself who picture.
FDBK96323,CUST106749,2023-02-28,3,Call from effect. West time level figure learn.,Player voice Mr purpose.
FDBK96324,CUST106566,2021-01-22,4,Yeah soon to rule.,Decision these thing.
FDBK96325,CUST106719,2021-11-16,1,Action interest eight natural low option early.,That every hand foot.
FDBK96326,CUST101539,2022-05-05,4,Knowledge bar event ask. There girl partner.,Third push movie create.
FDBK96327,CUST106651,2021-05-31,3,Main soldier agree start night.,Law understand summer myself.
FDBK96328,CUST109124,2022-07-28,5,Citizen then piece party.,Almost happen star between.
FDBK96329,CUST100068,2021-10-06,1,Free pull around top.,Ago because radio best.
FDBK96330,CUST108933,2022-06-01,2,To study themselves create purpose.,Lose true fish story or.
FDBK96331,CUST101822,2021-05-07,1,Hope travel argue degree drug imagine.,White suffer whatever amount.
FDBK96332,CUST103879,2022-10-02,4,Still old head. Least take still short.,Another he until whom.
FDBK96333,CUST108620,2021-03-10,3,Main individual too company.,Actually truth above.
FDBK96334,CUST103407,2022-02-19,5,Father stay civil nature sea cultural hard too.,Fill effect prove shake home.
FDBK96335,CUST109613,2023-11-02,1,Billion common draw city entire career interest.,Idea style hour smile dark.
FDBK96336,CUST108623,2022-07-11,1,Policy director sense behavior force.,Author own everything or.
FDBK96337,CUST108108,2023-06-13,1,Well feel information identify hour.,Wide camera me raise reveal.
FDBK96338,CUST101635,2021-03-29,2,Threat court some land above everyone.,Letter from almost only.
FDBK96339,CUST102117,2022-02-15,3,Carry remember wide fear laugh describe prepare.,Ground subject throw gun.
FDBK96340,CUST105247,2022-09-04,5,About building sit support make.,Relate late cover.
FDBK96341,CUST104494,2023-07-10,1,Continue big paper.,To health husband nature.
FDBK96342,CUST102058,2022-04-28,4,So control back wife difference stock.,Too ahead live cover.
FDBK96343,CUST109933,2023-03-02,4,Everyone citizen red which loss.,Plan model property civil.
FDBK96344,CUST102720,2023-01-04,4,Truth tax present win standard.,Store move system.
FDBK96345,CUST100513,2022-12-06,2,Study east lawyer for on forget.,Affect kitchen just policy.
FDBK96346,CUST100741,2023-07-12,5,Staff a dog best. Officer you experience upon.,Health out office similar.
FDBK96347,CUST100548,2021-08-24,4,Day girl not effect pressure could tax.,Such four federal high.
FDBK96348,CUST102945,2023-07-13,2,Once same push really Republican light star.,Return oil water.
FDBK96349,CUST108867,2021-11-06,5,Send toward side billion.,Ahead only arm these about.
FDBK96350,CUST102266,2021-07-22,1,Daughter ten student per person agree likely.,Allow yeah mother about more.
FDBK96351,CUST100524,2021-09-14,5,Stop everybody enjoy author.,System than oil.
FDBK96352,CUST101667,2022-12-14,5,Vote others then arm age.,Special other pick strong.
FDBK96353,CUST100370,2023-08-31,5,Not too identify now top movie son.,Full society control class.
FDBK96354,CUST101575,2022-06-16,5,Hold worker doctor agent ball ahead.,Center nothing thus never.
FDBK96355,CUST105648,2022-09-23,5,Lose fly follow challenge heart rock.,Because his of of whom.
FDBK96356,CUST109942,2022-01-07,5,Then necessary buy group.,Join rule fill half.
FDBK96357,CUST102982,2022-04-12,1,Wear line above about. Subject table so network.,Usually wide show task.
FDBK96358,CUST103171,2021-08-15,4,We role war Democrat surface scene.,Able top key hotel include.
FDBK96359,CUST102666,2023-03-20,2,Program process necessary hear read.,Fire study him clear.
FDBK96360,CUST101348,2022-04-14,5,While particularly inside drive.,Rise center ask toward state.
FDBK96361,CUST102680,2022-12-29,1,Identify unit yourself remember commercial cut.,Watch color yard never man.
FDBK96362,CUST107965,2021-01-09,1,Participant why sea level.,For career health step.
FDBK96363,CUST101862,2021-04-28,1,Up consumer include sense rather raise fear.,Professional result effect.
FDBK96364,CUST102877,2021-04-13,2,Those tend possible consider.,Tree or pull many blue.
FDBK96365,CUST105951,2023-01-21,2,Institution eye with single green.,While large public everyone.
FDBK96366,CUST104909,2021-03-15,4,Same scientist air somebody instead able.,Human ahead of lot a.
FDBK96367,CUST104662,2022-05-14,3,Tell laugh free light fast.,Day nature require health.
FDBK96368,CUST106076,2022-04-20,4,Indicate leave girl knowledge now.,Player pick population rise.
FDBK96369,CUST107425,2021-02-19,5,Candidate nothing glass decade list network.,Not fight produce family nor.
FDBK96370,CUST109333,2022-04-03,5,Manage middle detail poor.,Local almost read case.
FDBK96371,CUST104031,2021-08-29,2,About value read affect leg tree.,Section oil data.
FDBK96372,CUST103369,2021-09-25,4,Speak outside drug information rather budget.,Policy bag together type.
FDBK96373,CUST107772,2022-07-10,1,Car smile among contain according.,Same success mission deal.
FDBK96374,CUST105293,2022-01-16,1,Teach standard science like charge real walk.,Board total stock always.
FDBK96375,CUST104430,2023-12-10,4,They physical high little.,Expert less director.
FDBK96376,CUST108824,2022-08-19,5,Ground player computer model off skin.,Act must measure southern.
FDBK96377,CUST101930,2022-03-12,1,Better different example soldier people.,Actually kind set.
FDBK96378,CUST100146,2021-08-17,5,Senior majority address north.,Floor will bank of.
FDBK96379,CUST107005,2021-05-09,4,Candidate same front minute.,Unit itself candidate.
FDBK96380,CUST102566,2022-11-19,1,Order particularly always raise act.,Around now boy.
FDBK96381,CUST105365,2023-08-17,5,National catch car world.,Hand occur performance.
FDBK96382,CUST109379,2022-10-04,3,Save option phone positive.,Senior detail such success.
FDBK96383,CUST103085,2023-07-21,1,Market positive consumer structure.,Response for within.
FDBK96384,CUST102647,2022-02-19,2,Indicate country interview style go bank.,Large decade cost statement.
FDBK96385,CUST109924,2021-06-18,3,Be late policy not drive after.,Sell his often front support.
FDBK96386,CUST107754,2023-05-29,4,Include music family sister piece.,Simple Mr force model.
FDBK96387,CUST101903,2021-03-14,5,Song media need into couple memory office.,Involve then scientist plant.
FDBK96388,CUST100166,2022-01-09,1,Represent body outside standard police realize.,Race us fine eight require.
FDBK96389,CUST102586,2022-03-21,2,Laugh your impact subject try pick.,Real five that sport.
FDBK96390,CUST100921,2023-08-14,1,Quickly read star service.,Stop fill arm.
FDBK96391,CUST109457,2021-09-26,3,Relationship race little maybe.,Beat think go almost member.
FDBK96392,CUST101784,2022-06-18,5,Agency term financial kitchen.,Eye work opportunity house.
FDBK96393,CUST108350,2022-09-21,5,Tonight big cause across. We activity mouth fish.,Wonder TV nice might page.
FDBK96394,CUST101829,2023-10-12,2,Himself democratic outside effect include.,Way establish oil exist.
FDBK96395,CUST102652,2023-08-07,5,Night teacher amount mission.,Story for early medical.
FDBK96396,CUST106739,2021-12-14,2,Difficult official western these yeah.,Child white medical.
FDBK96397,CUST103828,2022-08-16,3,Well hotel court must.,Whose general range feel.
FDBK96398,CUST106613,2021-03-15,2,Follow follow cost even plant see white ahead.,Because garden save student.
FDBK96399,CUST106842,2023-07-03,4,Eye early our skin because.,Business four accept.
FDBK96400,CUST107808,2022-04-26,4,Low dinner field structure.,Part tax fight worker trade.
FDBK96401,CUST102408,2022-12-05,5,Remember movement mission conference hand.,Piece individual recent.
FDBK96402,CUST106372,2021-03-06,2,Suffer against card while nothing all strong.,Player expert very.
FDBK96403,CUST106862,2021-01-22,2,Seem place this fine expert.,Parent car per.
FDBK96404,CUST107301,2023-10-25,1,Mention writer buy series.,Central food outside serve.
FDBK96405,CUST103827,2023-10-28,2,See according student note. Word or in might.,Government they really.
FDBK96406,CUST108480,2022-06-16,1,Voice career employee billion authority.,Cultural stay force field.
FDBK96407,CUST103141,2022-04-01,3,Tend society travel church carry positive.,South several season.
FDBK96408,CUST108238,2022-02-26,1,Out water trade leader thousand.,Then together say.
FDBK96409,CUST100853,2023-12-11,5,Seek deal reduce.,Language wait agency only.
FDBK96410,CUST108849,2022-10-08,4,Listen enjoy mind amount.,Along teach maintain.
FDBK96411,CUST109845,2023-07-08,5,Point less debate write occur big.,Goal mind treatment article.
FDBK96412,CUST109417,2023-10-11,1,Each become institution past fact commercial.,Lawyer rest big past five.
FDBK96413,CUST100247,2022-10-25,1,Participant figure mention against message.,Number court manager.
FDBK96414,CUST108667,2022-02-03,1,Indicate age quickly.,Agreement another save even.
FDBK96415,CUST107001,2022-09-01,5,Indicate smile clear control hundred painting.,Team box east officer than.
FDBK96416,CUST101361,2022-10-09,2,Call fine effort I put moment mention.,Foot specific suddenly.
FDBK96417,CUST108839,2021-02-02,3,Them test machine win music water attention.,Have participant read again.
FDBK96418,CUST107173,2022-03-21,5,Our ahead site wide field.,Hot role or arm.
FDBK96419,CUST101526,2022-11-07,1,Treatment blue garden assume they perhaps nature.,Just situation hand not.
FDBK96420,CUST101241,2023-12-29,2,Project job also start prepare along.,Series whatever rule.
FDBK96421,CUST101566,2021-05-01,5,Statement quality treatment food.,Never reality parent.
FDBK96422,CUST101888,2022-11-16,5,Although step lawyer. Wonder more similar pull.,Keep police nature.
FDBK96423,CUST109370,2022-12-02,5,Ahead focus on sense put security establish.,Tv business national.
FDBK96424,CUST109987,2022-01-28,1,End final success whom.,By through force discussion.
FDBK96425,CUST100086,2022-11-30,2,Carry their account answer before.,Kitchen later fire ten.
FDBK96426,CUST107143,2023-03-15,5,Moment rather argue into.,Leader quite reduce south.
FDBK96427,CUST102199,2021-05-19,4,Region arrive television all exist education.,At finish recent.
FDBK96428,CUST102948,2023-10-11,3,Simply down term.,Always visit learn stay.
FDBK96429,CUST107343,2023-08-09,5,Hair parent off dog citizen side policy.,Out matter focus suggest.
FDBK96430,CUST107370,2021-01-29,1,Table owner somebody situation stuff.,While key table letter.
FDBK96431,CUST109066,2023-01-24,2,Allow away parent hold grow.,Task free compare system.
FDBK96432,CUST106648,2023-04-27,3,Project clear with side who because south.,Of even test relate.
FDBK96433,CUST105770,2022-05-30,4,Argue central cut social he he number.,Thing voice popular win.
FDBK96434,CUST101356,2021-10-01,1,Available interview on science.,Answer road commercial.
FDBK96435,CUST104629,2021-04-19,4,Cover catch major management doctor.,Sister act film growth.
FDBK96436,CUST108935,2021-09-07,3,Start sort prevent finish avoid.,Its security treat.
FDBK96437,CUST109869,2023-11-11,1,Senior defense hundred and example within.,Party career wrong.
FDBK96438,CUST106419,2023-03-23,5,Human beat well there benefit share.,Arrive produce else either.
FDBK96439,CUST106784,2021-06-11,5,Specific agent material hospital.,State thing detail.
FDBK96440,CUST103890,2021-02-11,2,Role we add pull whole.,Executive world wall small.
FDBK96441,CUST106488,2021-03-08,4,It raise pay.,Mouth which pull budget.
FDBK96442,CUST109307,2021-02-25,2,Per final ever.,Whose term director place.
FDBK96443,CUST100695,2022-07-26,1,Phone away low adult front mean over.,Several onto take community.
FDBK96444,CUST102147,2021-01-03,1,Safe recently consider true age design during.,Camera realize card.
FDBK96445,CUST106179,2023-05-22,4,Him develop voice open meeting like.,In soldier animal.
FDBK96446,CUST108577,2021-05-17,1,Body true station next.,Arrive color nor.
FDBK96447,CUST107463,2021-08-02,4,Detail create range.,Woman dream keep white.
FDBK96448,CUST106300,2022-12-09,5,Rich lay investment sit officer here sort.,Write difficult amount.
FDBK96449,CUST104495,2021-02-20,1,Recognize wide today campaign.,Expert man drug agency.
FDBK96450,CUST101352,2023-11-20,3,Memory at size realize I state or.,Meeting born field hope.
FDBK96451,CUST106647,2021-04-25,4,Water impact chance administration arm.,Effect majority money.
FDBK96452,CUST108551,2023-08-08,4,Scene bar others find.,Two cold police half.
FDBK96453,CUST107276,2022-03-26,1,Activity cut sound recent form.,Industry nature most.
FDBK96454,CUST102232,2023-05-22,4,Per attorney protect.,Those must prevent.
FDBK96455,CUST103308,2023-11-28,2,Value within right.,Determine size happy.
FDBK96456,CUST100856,2021-05-25,3,Put cause ground clearly.,Question law wear high.
FDBK96457,CUST100900,2022-10-14,2,Democratic first film between speak place.,Thing story at small impact.
FDBK96458,CUST102541,2021-07-08,3,Eight food evidence hot general later.,Away side thus election fish.
FDBK96459,CUST103720,2021-01-03,5,Success true speak war off south.,Yourself teach short through.
FDBK96460,CUST109220,2022-09-10,5,Hotel everything chance special heart.,Material nice how.
FDBK96461,CUST108071,2021-11-27,1,Evening color education.,List book floor nice.
FDBK96462,CUST108338,2021-10-01,4,His type rest player.,Some sport young check.
FDBK96463,CUST100898,2023-03-01,3,Explain region which bad last song.,Similar size player.
FDBK96464,CUST109494,2022-01-23,5,Technology network western world suffer court.,Sound PM rather name most.
FDBK96465,CUST104179,2022-11-30,1,Member rule can call between.,Measure his traditional.
FDBK96466,CUST100916,2023-03-02,5,Worry seven maintain despite thousand picture.,Blood head bill next.
FDBK96467,CUST106034,2023-03-08,3,Prevent he research speak possible.,Clearly election writer.
FDBK96468,CUST109549,2022-04-21,4,Send head after walk.,View family image big.
FDBK96469,CUST104505,2023-12-13,3,Thus letter thought president.,Activity he resource.
FDBK96470,CUST101388,2023-04-19,2,Plant program pretty put serve long across.,Station special firm rise.
FDBK96471,CUST109323,2021-12-29,5,Half leave perform.,Voice forward name every.
FDBK96472,CUST108081,2023-02-23,5,Much three small staff treat particular.,Detail nothing she enjoy.
FDBK96473,CUST103984,2022-11-12,3,Food arrive low however rule begin.,Job perhaps none security.
FDBK96474,CUST106126,2021-12-26,3,National professor though.,Oil likely thing.
FDBK96475,CUST102980,2023-12-19,5,Vote almost audience sign though light PM.,Foreign those part cover.
FDBK96476,CUST103730,2023-01-28,1,Cause order miss case ten.,Send eat paper.
FDBK96477,CUST101868,2021-10-26,3,Work continue approach other such.,Data you woman prepare.
FDBK96478,CUST109619,2022-03-16,3,Visit upon out local eat number statement.,Explain now new crime west.
FDBK96479,CUST107888,2021-06-02,1,Hundred least seat government.,State or growth.
FDBK96480,CUST103866,2022-05-20,2,Degree government big exist measure us.,Sound soon agent himself.
FDBK96481,CUST108963,2022-12-05,1,Cell pressure message.,Read government everybody.
FDBK96482,CUST106686,2022-06-11,3,Pass service view stay brother agent increase.,Dark mind toward Mr.
FDBK96483,CUST105691,2023-09-14,4,Cost big agree debate mind build.,Sing one alone hospital own.
FDBK96484,CUST101625,2023-07-17,5,Special call final. Service star seat.,Beat industry attack grow.
FDBK96485,CUST101088,2023-08-12,3,Claim hear firm method hope center buy.,Likely above among low.
FDBK96486,CUST109580,2021-02-22,3,Mind force visit four.,Special suffer itself.
FDBK96487,CUST101914,2023-01-26,4,Entire hear husband save home.,Part still chair create name.
FDBK96488,CUST107464,2023-12-30,4,Development world choice.,Art security speak hospital.
FDBK96489,CUST109879,2023-03-24,2,Station final bad approach one reflect.,Draw check city fire soldier.
FDBK96490,CUST107417,2022-07-30,1,Although occur analysis toward nice.,Camera yeah bad follow.
FDBK96491,CUST109258,2021-09-08,5,View the instead clear case bill however writer.,Describe sit staff action.
FDBK96492,CUST102936,2021-12-08,4,Even anything political alone.,Entire surface authority.
FDBK96493,CUST101159,2023-01-29,1,Civil TV ground cut major bit.,Really talk high.
FDBK96494,CUST106778,2022-07-19,2,Choose act court theory watch push.,Forward point nature travel.
FDBK96495,CUST104431,2022-07-04,4,Different include almost care my.,Mr as beyond bag seek stay.
FDBK96496,CUST107802,2021-02-05,1,Collection exist one relationship usually big.,Case suddenly there lot down.
FDBK96497,CUST105128,2022-08-24,2,Too hot every picture star television.,Term even between reason.
FDBK96498,CUST106999,2023-08-14,5,Hold ask international.,Behind as health general.
FDBK96499,CUST103878,2021-04-04,1,Against join morning bag upon daughter staff.,Set quite fire role century.
FDBK96500,CUST100896,2021-11-22,1,Window phone thus who expect.,Clearly benefit very upon.
FDBK96501,CUST108840,2023-09-03,4,Name wife card sense city message section.,According strong lawyer head.
FDBK96502,CUST108879,2022-04-03,2,This design ten.,Hot writer language.
FDBK96503,CUST106509,2021-08-03,3,Bar woman serious.,Feel Mr which.
FDBK96504,CUST109012,2022-06-16,4,Entire seek before exactly body catch.,Design area factor no.
FDBK96505,CUST101454,2021-10-09,3,Attention traditional just half.,Movement ahead when test.
FDBK96506,CUST106115,2022-09-03,1,Condition require weight born law teach.,Star crime sort bag poor ok.
FDBK96507,CUST105822,2022-06-15,2,Position human out type represent.,Get could leg.
FDBK96508,CUST106393,2021-05-26,3,Decision option television. Join believe future.,Similar fund free population.
FDBK96509,CUST100778,2022-09-16,1,What while society four from herself.,Third matter staff will.
FDBK96510,CUST107276,2021-08-03,1,Argue senior result ball.,Sometimes small north.
FDBK96511,CUST108929,2023-03-15,3,Yes live serious.,Reason pick laugh floor year.
FDBK96512,CUST109314,2021-02-11,2,Who exist her party compare over well.,Employee as car.
FDBK96513,CUST106479,2021-10-07,5,Name admit you after. Huge music of anyone hear.,Stop quickly course us.
FDBK96514,CUST106255,2021-10-16,1,Recently medical single speech politics.,Challenge approach wide.
FDBK96515,CUST105253,2022-03-23,5,Project TV project reality week.,Fill PM young.
FDBK96516,CUST109231,2021-09-22,1,Agreement avoid several today.,Hear fish since network.
FDBK96517,CUST104711,2021-02-03,5,Law house lawyer imagine area activity.,Station management yourself.
FDBK96518,CUST109505,2023-04-29,1,Responsibility both contain there.,Order wall them.
FDBK96519,CUST104604,2023-10-18,5,Floor radio about family determine price.,Realize century meet serious.
FDBK96520,CUST100352,2022-04-12,1,Establish eight tough.,Behavior alone clear.
FDBK96521,CUST108923,2023-07-23,2,Attention region civil senior tax.,Large painting individual.
FDBK96522,CUST103380,2021-07-02,3,Area difficult keep about.,Own more whether room.
FDBK96523,CUST105028,2022-09-18,1,His relationship quality.,Number near drop standard.
FDBK96524,CUST100983,2021-10-28,1,Side well better win term.,Player effort sign dog.
FDBK96525,CUST100000,2022-05-05,2,Let light almost pay arrive.,Often fire spend section.
FDBK96526,CUST105978,2021-04-25,5,Defense recently what ever.,For draw support.
FDBK96527,CUST100397,2022-03-02,1,Check along black attorney record ask green.,Bed performance begin.
FDBK96528,CUST105966,2021-01-04,4,Kind wear special care time hard.,Maintain face paper not tree.
FDBK96529,CUST107831,2021-07-15,5,Like despite it long contain consider just.,Star she travel difference.
FDBK96530,CUST100094,2021-12-10,3,Growth some great across six necessary color.,True race present.
FDBK96531,CUST100668,2022-11-15,3,Full article decade real senior floor involve.,Cold really employee yard.
FDBK96532,CUST106819,2023-10-17,1,Piece about condition. Player into material.,Impact benefit party while.
FDBK96533,CUST106730,2021-08-02,2,Position join staff rest necessary book pull.,Citizen identify population.
FDBK96534,CUST101423,2021-05-13,5,One fly sit begin strong doctor magazine.,Art late week seek subject.
FDBK96535,CUST103848,2022-06-08,3,Well car language sister law mouth care.,Key bar role meet.
FDBK96536,CUST108491,2021-05-09,3,Seek quickly section.,Medical computer guess worry.
FDBK96537,CUST100609,2023-01-10,1,Civil environment yeah between.,Who future record.
FDBK96538,CUST106730,2021-11-21,1,Ability food determine home investment.,Result quickly sound south.
FDBK96539,CUST102218,2023-06-17,3,Hit keep method write.,Help day whose base his.
FDBK96540,CUST103450,2021-05-23,4,Series left color.,Human energy yeah.
FDBK96541,CUST101903,2021-05-13,4,Any Republican strategy then note former.,Step maybe they good.
FDBK96542,CUST107158,2023-10-12,2,Beautiful draw but case whether deep value pick.,Various none beautiful.
FDBK96543,CUST100140,2021-02-18,2,Meeting near this give of condition.,Fly control across training.
FDBK96544,CUST103280,2021-02-22,2,Mind win throughout effort than.,Truth even call wish.
FDBK96545,CUST108501,2023-12-04,1,Grow similar eight.,Glass management me tell.
FDBK96546,CUST103505,2022-08-31,2,Blood project name degree eat instead activity.,Show information attack.
FDBK96547,CUST105846,2023-03-09,3,Want value sense training.,Gun challenge partner out.
FDBK96548,CUST102342,2021-09-17,2,Almost break science model share cell sort.,Daughter too until.
FDBK96549,CUST101160,2021-08-06,3,Look sister campaign over physical than away.,Industry south a.
FDBK96550,CUST104824,2022-12-02,1,Smile once commercial support view receive.,Interesting idea sell.
FDBK96551,CUST108457,2023-07-25,1,Reduce against wall member thank.,Year budget opportunity.
FDBK96552,CUST108571,2023-07-18,4,Establish on billion our friend.,Reason arrive ahead soon.
FDBK96553,CUST101678,2023-11-27,3,Term wish notice analysis.,Least shake heart program.
FDBK96554,CUST105028,2021-11-24,4,Bill care public important Mrs office often.,Method cell difference item.
FDBK96555,CUST107831,2023-10-29,5,Second vote news risk close.,Nice spend Mrs city these.
FDBK96556,CUST107673,2021-04-16,5,Senior others last meeting indicate party hope.,He why artist parent growth.
FDBK96557,CUST101544,2023-06-14,3,Society suffer professional at cold.,Want performance feeling.
FDBK96558,CUST105105,2021-12-28,4,Order beat line sense discuss nothing.,Offer less get I.
FDBK96559,CUST107456,2022-02-13,1,Political culture and lay be.,They wide bad.
FDBK96560,CUST107991,2021-09-20,1,Deal rest fast trade where pretty our.,Buy American gun sure.
FDBK96561,CUST101989,2021-04-28,3,Probably you right day.,Doctor per specific.
FDBK96562,CUST100079,2021-04-11,1,Beat trip will.,Program throughout visit.
FDBK96563,CUST108080,2021-07-13,4,Side police head according.,Center go answer send.
FDBK96564,CUST105007,2022-02-04,4,Physical wall north his future wear wonder.,Well nature clear say effect.
FDBK96565,CUST107030,2023-09-08,2,East forward be. Whether guy back former.,Part interest area one sell.
FDBK96566,CUST106156,2021-08-17,2,Contain traditional heavy well put prove.,Also maintain according.
FDBK96567,CUST109483,2022-09-19,1,Increase market age. Order top but model.,Look cold air.
FDBK96568,CUST102121,2023-03-08,2,Choice cold trip doctor management run.,Inside stock oil yard.
FDBK96569,CUST102569,2023-08-25,2,Stage avoid yes school subject.,Offer cell laugh garden.
FDBK96570,CUST102611,2022-04-18,3,Consumer order yet myself top interview.,Director trade top.
FDBK96571,CUST109465,2022-02-07,5,Risk really we.,Price space those by.
FDBK96572,CUST109933,2021-03-29,1,Gas book million section western blue.,Finally away air be.
FDBK96573,CUST103168,2023-05-03,2,Dark success range whether law.,Radio arrive war pretty.
FDBK96574,CUST106054,2023-12-13,5,Science health piece physical general leader.,See hold cost whatever.
FDBK96575,CUST108142,2023-11-13,3,Car far opportunity.,Know anything figure indeed.
FDBK96576,CUST105264,2023-05-29,5,Break whether daughter candidate.,Program vote prove mean.
FDBK96577,CUST105576,2023-12-13,1,Case campaign prevent ten budget.,Order hold of.
FDBK96578,CUST103924,2022-12-27,2,Professor them than job beautiful work.,Mother specific room.
FDBK96579,CUST102125,2023-03-25,2,Memory cup daughter upon ask involve available.,Seem blue sometimes eat.
FDBK96580,CUST105992,2023-05-25,3,Hope we begin eye.,Service foot break.
FDBK96581,CUST108718,2022-01-18,5,Black before into sit all lead agent.,Probably minute dark laugh.
FDBK96582,CUST100730,2022-11-01,4,Or probably activity out help ago.,Painting likely wide image.
FDBK96583,CUST103105,2021-11-22,2,Instead try them he.,Stock at future how safe.
FDBK96584,CUST102260,2022-08-10,4,Particularly could next coach when table such.,Recognize too fine.
FDBK96585,CUST106399,2022-12-09,4,Standard court or have. Huge agree total rather.,Life sport soldier unit.
FDBK96586,CUST106052,2023-02-16,2,Cost truth alone discover staff most.,Article along local baby.
FDBK96587,CUST108588,2021-11-25,4,Involve follow site hand machine father.,Key discuss minute meeting.
FDBK96588,CUST107081,2023-06-18,5,Safe factor song seat doctor.,Her machine rich personal.
FDBK96589,CUST106150,2021-12-26,2,Bill wear until necessary tax.,Price lose any green.
FDBK96590,CUST109943,2021-04-17,4,Throughout play bed travel.,Place eat bad ability notice.
FDBK96591,CUST104278,2022-09-06,1,West system long local particular.,Down century up special.
FDBK96592,CUST101262,2022-04-16,1,Dream matter yourself themselves reflect even.,Whatever total happy.
FDBK96593,CUST101257,2021-06-04,1,Wish bank rock day. Test mission I toward huge.,Society almost that other.
FDBK96594,CUST102644,2021-12-30,5,Why practice one decision with contain phone.,Every as against.
FDBK96595,CUST109618,2021-11-23,5,Price rest at war economy.,Pretty action affect.
FDBK96596,CUST108442,2023-10-12,4,Federal strategy some model around what four.,Mean nature he per.
FDBK96597,CUST101272,2023-01-07,4,Know indicate your community.,Rise board tell quality.
FDBK96598,CUST103684,2023-06-24,3,Trade state build class fire hit why.,Stop early side know happy.
FDBK96599,CUST102877,2023-11-17,4,Hand newspaper now back week along.,Low him him bank.
FDBK96600,CUST105150,2023-03-11,2,Rule pay side evening.,Task arm ball seek.
FDBK96601,CUST103375,2022-12-18,2,Image heart provide college open evening.,Something discuss around.
FDBK96602,CUST103407,2021-07-12,5,He authority a last prove number through.,Remain part everybody be.
FDBK96603,CUST107783,2023-06-01,5,Every standard no third.,Yes possible fact artist.
FDBK96604,CUST100006,2023-06-17,5,Audience study themselves free game.,Black network fire beat try.
FDBK96605,CUST105671,2021-06-03,5,Because long manage but board economic.,Pay he news statement year.
FDBK96606,CUST108011,2022-06-09,1,Look research others attack. Already book author.,Because support threat.
FDBK96607,CUST108115,2022-09-19,1,Even third nice group wonder politics see.,Seem check woman voice.
FDBK96608,CUST102932,2023-08-06,4,Moment order against explain adult business.,Leader study after study.
FDBK96609,CUST106881,2021-12-23,1,Improve ground number only line natural meet.,Measure public management.
FDBK96610,CUST109937,2023-12-17,3,Century generation test whose avoid describe.,Eight answer act mouth TV.
FDBK96611,CUST101484,2022-08-08,1,Serve type opportunity start collection whatever.,Dog quite same movie.
FDBK96612,CUST102560,2023-07-10,5,Beat soon do.,Ago firm future.
FDBK96613,CUST102496,2022-09-16,4,Gas way your.,Next detail real spend wear.
FDBK96614,CUST108200,2022-11-23,2,If song campaign religious.,Series hundred daughter.
FDBK96615,CUST109403,2022-09-23,3,Management threat hundred rise.,Design officer home catch.
FDBK96616,CUST104372,2022-11-17,3,Federal employee during arm state might.,Process off agent any.
FDBK96617,CUST109205,2022-04-09,2,But past back event late thousand.,Agent everybody century baby.
FDBK96618,CUST109822,2023-06-05,2,Young trade defense top before foreign.,Easy upon development to why.
FDBK96619,CUST109371,2021-02-06,5,Old back reach together.,Party green raise try job.
FDBK96620,CUST108212,2021-11-22,1,Through individual another fear.,Fine week movement if.
FDBK96621,CUST102486,2023-10-07,1,Image theory big page trial threat.,Cold ever six step modern.
FDBK96622,CUST106904,2022-11-18,3,Tax main yes brother. Store include easy.,Fast day civil expert.
FDBK96623,CUST106868,2022-08-27,1,Several chance bill herself author result.,Democrat game final.
FDBK96624,CUST101418,2023-03-08,1,Address all bad class safe up.,Painting entire bad training.
FDBK96625,CUST106765,2022-05-11,2,Manage throw represent pretty right.,Support research hair day.
FDBK96626,CUST103802,2022-01-02,2,Friend our impact two high final main.,Industry soon work long firm.
FDBK96627,CUST104898,2021-01-22,2,Discover region seem. Specific nearly upon alone.,Late stock challenge.
FDBK96628,CUST103079,2022-11-13,2,Stage little may doctor.,All magazine person allow.
FDBK96629,CUST107958,2023-05-01,1,Edge page church explain similar.,Official office four type.
FDBK96630,CUST101848,2021-11-15,2,She customer painting western.,Enough sing with movie guy.
FDBK96631,CUST102808,2021-01-01,2,Management play better sort pay discuss beat now.,Election skin kid trade.
FDBK96632,CUST109979,2021-05-12,4,The discuss simply old have mouth.,Under own particular choice.
FDBK96633,CUST105030,2021-05-15,5,Power determine president how mention race.,Always second poor.
FDBK96634,CUST109156,2023-11-02,4,Trade hundred standard ok service.,Me common according light.
FDBK96635,CUST101773,2023-11-01,1,Wait image fine spend street.,Rate one home.
FDBK96636,CUST100554,2022-03-18,2,Lead difficult above color lay others.,Guess quite sell until.
FDBK96637,CUST104007,2023-09-08,1,Common point tonight different.,Again main different option.
FDBK96638,CUST102242,2023-01-19,3,Civil he one let glass maybe strategy.,Today likely do hour.
FDBK96639,CUST107205,2022-12-23,1,Week partner opportunity analysis.,Court life federal option.
FDBK96640,CUST108247,2022-12-17,4,Society experience far again agency.,Data owner whole.
FDBK96641,CUST101290,2023-07-04,4,Argue improve without listen on.,For bill executive.
FDBK96642,CUST107354,2022-02-04,5,Leave put form hand write away from some.,Art walk enough level writer.
FDBK96643,CUST106575,2022-03-26,2,Stay either out blue.,Remain might fear material.
FDBK96644,CUST101426,2023-03-29,4,Not ball peace.,Case face protect.
FDBK96645,CUST109324,2022-09-28,4,Feel yard central bed pay like reason.,Pressure him range term.
FDBK96646,CUST108754,2021-10-06,1,Fast vote peace former federal with wide blood.,Go force hear.
FDBK96647,CUST100764,2022-02-23,3,Dinner stay attention later want.,All southern animal.
FDBK96648,CUST100049,2023-11-25,2,Better beat well class mother line staff.,Base people little wish.
FDBK96649,CUST100822,2022-04-15,5,Second need which all race.,Speak voice knowledge others.
FDBK96650,CUST107392,2022-05-27,5,Step car half happen.,Hand trouble skill use past.
FDBK96651,CUST107177,2022-03-19,3,Admit include within according imagine.,Beautiful seem bed those.
FDBK96652,CUST101386,2022-07-06,3,Ok claim of Mr every finally forward.,Decision today player behind.
FDBK96653,CUST102658,2022-04-05,5,Ready ago the indicate. Mean glass law radio.,Could affect physical.
FDBK96654,CUST101612,2022-02-04,3,Bring ten meet simply anyone represent wife.,Blue break little when.
FDBK96655,CUST107859,2022-06-22,4,Minute together project through scene.,Early have similar.
FDBK96656,CUST107584,2023-03-03,4,Great high push stop.,Born art house policy any.
FDBK96657,CUST102632,2022-10-24,1,Create anything enjoy story particularly girl.,Early author score.
FDBK96658,CUST106857,2023-08-04,1,Allow person book quickly.,Control industry rock.
FDBK96659,CUST106482,2023-03-11,1,Per order stay involve decide.,Ask sometimes study truth.
FDBK96660,CUST106644,2022-10-24,3,Popular none treatment share.,Wonder no teach cover.
FDBK96661,CUST104238,2021-07-04,5,Against data knowledge until.,Really during tonight.
FDBK96662,CUST102789,2023-10-08,2,Series indeed card send.,Avoid someone usually.
FDBK96663,CUST102583,2022-09-20,4,Color dog wife check party success.,Arrive management mouth.
FDBK96664,CUST100868,2021-01-01,5,Start already job night.,Throw development plant.
FDBK96665,CUST104925,2021-05-29,5,Or expert way prevent much back civil.,Deal majority other movement.
FDBK96666,CUST101364,2023-02-21,5,Company reduce prove vote last consider example.,Image answer think alone.
FDBK96667,CUST104414,2021-08-18,5,Election beautiful audience cause I.,Matter drop baby share.
FDBK96668,CUST102581,2021-12-05,3,Billion season agree occur word tax author.,Easy history cold.
FDBK96669,CUST103218,2021-03-08,4,Cup establish anything field charge some.,Behind history west have.
FDBK96670,CUST104108,2022-08-27,5,Contain camera away how fight best.,Doctor simply artist crime.
FDBK96671,CUST102989,2021-05-28,2,Those out follow law what fish.,Else bring learn send appear.
FDBK96672,CUST105486,2023-03-30,5,Player story go beat risk effect game.,Seat wish candidate.
FDBK96673,CUST102774,2023-10-30,3,Media no actually rock.,Home mission similar appear.
FDBK96674,CUST102994,2023-06-10,3,Run leave start watch government.,News she thousand guy.
FDBK96675,CUST100830,2022-07-12,2,Place buy process. Base international free plan.,There wish toward just.
FDBK96676,CUST101956,2022-04-01,2,Receive material affect up mention report.,Relate tonight produce.
FDBK96677,CUST106390,2021-06-18,1,Now film what skin. Thought fish threat attorney.,Our daughter under.
FDBK96678,CUST104245,2023-09-24,1,To blue among major upon thousand.,Produce record somebody town.
FDBK96679,CUST104629,2022-12-01,1,Professional argue record worker.,Face popular why.
FDBK96680,CUST100258,2022-06-09,4,Sort rock child place girl. Send day color real.,About camera analysis around.
FDBK96681,CUST107604,2022-01-12,1,Clearly music ability.,Dream president argue go.
FDBK96682,CUST103288,2021-01-09,5,Move get draw throughout.,Member decision thing me.
FDBK96683,CUST102540,2023-05-03,1,Just sing leave evening get.,Through accept people fear.
FDBK96684,CUST101842,2021-03-02,3,Develop scientist right company.,There us design newspaper.
FDBK96685,CUST102726,2021-03-22,2,Able chance group charge she recently.,Someone race ready any.
FDBK96686,CUST108958,2022-03-29,3,Rest trade feeling effort beyond.,Across discussion low job.
FDBK96687,CUST108025,2021-01-06,2,Public seat before issue.,Song suffer buy.
FDBK96688,CUST104567,2022-10-22,3,His none accept international of pressure reason.,Campaign for political.
FDBK96689,CUST100659,2023-08-03,5,Play seven attack audience computer.,Economy range similar ten.
FDBK96690,CUST100750,2023-02-01,3,Move even until most of. Buy resource price.,Assume gas discuss fly far.
FDBK96691,CUST104320,2021-12-09,2,Part agreement green require.,Some nation card around.
FDBK96692,CUST105027,2023-04-05,4,Save truth small against six.,Notice type age agency look.
FDBK96693,CUST103734,2021-05-16,2,Involve tonight project much west Congress seek.,Mouth student their up.
FDBK96694,CUST108965,2021-09-19,2,Newspaper decade hit better seem west friend.,Rate kind alone plant.
FDBK96695,CUST101503,2022-05-17,2,Year author dark know local.,Lay job thing kid.
FDBK96696,CUST106200,2023-09-02,2,Idea wait away truth data onto whom.,Trade line energy brother.
FDBK96697,CUST102625,2023-01-01,3,Effort rock particular.,Stay realize list arm dinner.
FDBK96698,CUST104279,2022-02-28,1,Better do stage little accept.,Identify include crime.
FDBK96699,CUST105193,2021-03-12,4,Explain call perhaps beyond yeah ahead throw put.,Minute scientist figure line.
FDBK96700,CUST107364,2022-04-26,1,Change discussion resource may save.,Sit face red.
FDBK96701,CUST109133,2022-02-06,3,Suggest pass key movie.,Meet be door.
FDBK96702,CUST107152,2022-12-15,4,Deal after end summer between continue.,Hair look ahead term deal.
FDBK96703,CUST108608,2023-11-25,2,Threat provide notice whole consumer late.,Light family issue operation.
FDBK96704,CUST109518,2023-03-09,3,End three by entire left.,Tv east mean seat.
FDBK96705,CUST104409,2021-06-27,1,Deal woman get. Building plan former development.,Any green wife think happy.
FDBK96706,CUST106857,2023-06-18,1,Year truth magazine my bed court.,Section car forward finally.
FDBK96707,CUST101489,2021-03-14,4,Gas available candidate necessary community.,Yourself south name.
FDBK96708,CUST102945,2021-04-08,2,Act short black next western.,Tend cost western special.
FDBK96709,CUST102150,2021-01-05,4,One probably appear pattern.,Understand ever house heavy.
FDBK96710,CUST106643,2022-08-24,4,Capital all all need spend mouth identify.,Support include summer baby.
FDBK96711,CUST100781,2023-11-02,1,Because loss home herself executive.,None consider any without.
FDBK96712,CUST103913,2022-09-27,2,Stay late nearly window born country.,Religious safe test.
FDBK96713,CUST102189,2023-04-26,5,Cost any commercial unit owner have.,Could approach approach pull.
FDBK96714,CUST104256,2023-07-14,2,To believe dream something politics.,Star no relate style enter.
FDBK96715,CUST109335,2021-09-06,2,Challenge magazine leg more.,With successful though road.
FDBK96716,CUST104882,2022-11-28,1,Gun international land capital image miss sport.,Stage consumer near grow son.
FDBK96717,CUST108501,2021-12-06,2,Able Mr personal.,Other summer water citizen.
FDBK96718,CUST103954,2022-10-09,1,Difference everyone join would leave.,Thus vote loss behind.
FDBK96719,CUST108174,2021-09-18,4,Imagine nice rather tell teach discover.,Sure society wrong.
FDBK96720,CUST107995,2023-12-01,3,Tough line we race other toward such away.,Off form no five ok reach.
FDBK96721,CUST109716,2022-11-30,2,Develop ground woman study none.,Hot exactly look seat.
FDBK96722,CUST105187,2022-07-27,5,Model stage usually letter only thing.,Campaign hit cause fish fear.
FDBK96723,CUST108863,2022-08-02,1,Result such religious able do marriage left.,Painting garden eye.
FDBK96724,CUST106446,2021-02-23,1,Prove health fill.,Less until fall away perhaps.
FDBK96725,CUST105042,2021-11-11,5,Investment religious air himself energy.,Eight president respond guy.
FDBK96726,CUST103025,2023-03-28,4,Sort military call.,Fund data range.
FDBK96727,CUST101808,2023-10-08,3,Country control positive owner soon.,Media must outside color.
FDBK96728,CUST109278,2021-12-16,3,Suggest someone crime later investment medical.,None level real whole.
FDBK96729,CUST106560,2023-01-09,2,Attorney store game outside tree.,Bank note fire month arm.
FDBK96730,CUST102181,2021-06-05,4,Though fine evening son somebody benefit sea.,Audience need since training.
FDBK96731,CUST107402,2022-07-24,4,Parent within watch quickly.,First direction soon sell.
FDBK96732,CUST106325,2023-02-22,1,Law media take section form.,Clearly result region law.
FDBK96733,CUST105555,2023-02-02,2,Interest later issue Republican develop.,So remember the huge.
FDBK96734,CUST107207,2021-10-02,5,Send ask many very.,Catch force third guy music.
FDBK96735,CUST103504,2021-10-15,4,At project then bill safe receive.,Above street soldier perhaps.
FDBK96736,CUST102419,2021-04-13,3,Walk always production young oil benefit.,Many day hope however.
FDBK96737,CUST107290,2021-08-13,4,Remember edge watch take agency offer.,Age board there small idea.
FDBK96738,CUST105624,2021-11-08,1,Line understand financial system theory yet.,Wall man court research song.
FDBK96739,CUST105027,2021-06-23,4,Talk popular increase if and.,Produce thing none well bank.
FDBK96740,CUST102799,2021-10-12,5,Sea hear benefit large education.,Center policy pay.
FDBK96741,CUST108850,2021-04-01,3,Or painting make discuss.,Effort bit level program.
FDBK96742,CUST103581,2021-11-16,2,Analysis trial whether wait south represent.,Raise cup how.
FDBK96743,CUST106691,2023-02-09,2,Base hard language.,Strong employee thousand.
FDBK96744,CUST102688,2021-04-07,4,Appear town Mr some him wide they.,Author into describe benefit.
FDBK96745,CUST106442,2022-02-25,1,Once career event old anything buy.,Grow data subject just.
FDBK96746,CUST100664,2021-05-19,2,Kid social bank decide.,Sure discussion third base.
FDBK96747,CUST102379,2023-12-27,3,Common strong strong society.,Hard agreement know.
FDBK96748,CUST101948,2023-01-31,1,Couple effort scientist police page.,Outside any western control.
FDBK96749,CUST102137,2023-04-18,1,Skin save performance nature.,Its kid ahead foot.
FDBK96750,CUST101687,2021-06-13,4,Soon financial cut.,Whose be age suddenly.
FDBK96751,CUST101299,2021-08-26,1,Both hospital beat remain guy.,Specific though threat.
FDBK96752,CUST104563,2023-09-07,5,Kitchen before feel step far little size page.,System deep answer lay leg.
FDBK96753,CUST101856,2023-05-18,5,North range try us investment data.,Bank she kid whose.
FDBK96754,CUST109656,2022-01-12,1,Interview whom still leave population well.,Kitchen heart identify safe.
FDBK96755,CUST102327,2022-08-27,4,Learn word reach visit half number.,Necessary south exist most.
FDBK96756,CUST100982,2022-10-06,3,History her work arm.,Light alone find then.
FDBK96757,CUST101980,2021-10-09,5,Fast certain attorney democratic accept.,They late trip until ever.
FDBK96758,CUST104345,2023-11-13,2,Effort institution analysis practice huge.,Meet just develop recent.
FDBK96759,CUST103809,2021-07-15,3,West join stuff life from fall.,Example eye society must.
FDBK96760,CUST103259,2023-02-09,1,Financial white then account.,Only hope visit suggest.
FDBK96761,CUST101282,2021-09-01,1,Their hospital plant home her also could.,Training as that return.
FDBK96762,CUST105733,2021-12-06,5,Else coach challenge firm others.,Election worry expert inside.
FDBK96763,CUST109701,2021-03-18,4,Trouble mother avoid member how news.,Land same like record.
FDBK96764,CUST107188,2023-12-02,4,Everyone different fish protect last fine.,Such expect others cut ask.
FDBK96765,CUST102378,2022-10-27,3,Travel likely real begin candidate crime.,Field investment deep.
FDBK96766,CUST105028,2021-05-18,5,Assume drive service hold in.,Foreign budget number dream.
FDBK96767,CUST101356,2022-02-05,2,Care always subject. Sea sign exist.,Customer wife little simple.
FDBK96768,CUST104854,2021-05-13,1,Citizen need person remain take the child.,Kid future follow author.
FDBK96769,CUST102721,2023-10-11,5,Per production memory morning what night.,Determine threat out.
FDBK96770,CUST100704,2021-04-01,2,Best economy I network by scene development.,Such move third grow.
FDBK96771,CUST101092,2023-11-23,1,Film particular manage hotel young end religious.,Particularly sing smile onto.
FDBK96772,CUST101639,2021-03-02,4,Less turn manager about almost side.,By check join try resource.
FDBK96773,CUST106674,2022-04-29,3,Section tend place.,Crime leg campaign under.
FDBK96774,CUST106612,2021-02-19,2,I right material clearly serve board nice what.,Could modern do.
FDBK96775,CUST101759,2023-06-27,5,Want information now myself finally into.,Find commercial stuff region.
FDBK96776,CUST109402,2022-06-02,4,Alone may artist serious interesting personal.,Sister between nor people.
FDBK96777,CUST103972,2023-04-04,5,Gas evidence father take step among.,Cost about half.
FDBK96778,CUST100447,2021-09-17,3,Fund want explain head someone letter structure.,Sister coach order.
FDBK96779,CUST108161,2023-09-12,3,Method game or agree travel policy stay.,Often activity from for I.
FDBK96780,CUST103137,2021-01-18,2,Evidence politics particularly would become.,Yes indeed business charge.
FDBK96781,CUST107738,2023-04-22,3,Make yeah city treat ahead.,Level letter quality.
FDBK96782,CUST102371,2023-11-27,3,Government build military detail accept.,Idea enter become.
FDBK96783,CUST103990,2022-05-06,5,Provide million yeah watch choice cell.,Serious about social couple.
FDBK96784,CUST102466,2022-08-02,2,Hour such part weight occur size soldier.,Score owner image.
FDBK96785,CUST107147,2023-07-19,3,Those generation trip myself girl somebody.,Prove whom other himself.
FDBK96786,CUST104149,2021-10-08,1,Focus pull today from series for total.,Them full rate sort.
FDBK96787,CUST101884,2021-09-01,4,Page inside about add kind yourself.,When instead if control cost.
FDBK96788,CUST109677,2023-01-31,3,Practice go develop difficult.,Effort seek nation tree.
FDBK96789,CUST104437,2023-02-23,3,Account true leader no together.,Blood stop catch.
FDBK96790,CUST107870,2022-05-10,3,Maybe check month stay speech talk.,Produce gun garden customer.
FDBK96791,CUST106038,2021-06-02,4,Local interesting under perform sit like.,Stop yard health call.
FDBK96792,CUST100946,2023-08-31,5,Head simply information represent.,Scene rather consumer.
FDBK96793,CUST101047,2021-01-15,2,Claim war half.,Sign knowledge positive.
FDBK96794,CUST102333,2023-07-20,2,Necessary else research.,Own far can doctor.
FDBK96795,CUST105058,2022-02-21,2,Bar central either may exist.,Huge test bad phone.
FDBK96796,CUST102419,2023-03-10,2,All political newspaper however.,Ten respond huge popular bit.
FDBK96797,CUST102820,2023-05-19,2,Attorney western none perform.,Kind nothing born week.
FDBK96798,CUST104730,2023-12-11,1,Animal hope say Republican show.,Upon consider moment now.
FDBK96799,CUST104782,2022-12-19,5,Provide cup turn commercial.,Western concern exactly.
FDBK96800,CUST106201,2021-07-05,5,Can easy or letter tough chance through my.,Dream writer necessary wish.
FDBK96801,CUST103636,2023-07-25,3,Remember let describe federal building it.,Make ago relate.
FDBK96802,CUST107384,2023-03-09,4,Remain body scientist low sing.,Hit picture develop.
FDBK96803,CUST103921,2023-07-25,2,Wrong every quality step personal clearly.,Heart nor fly age national.
FDBK96804,CUST107383,2021-03-15,2,Eat even produce wide.,When describe inside.
FDBK96805,CUST108542,2021-04-23,5,Wear mean out three he. Cut beyond though first.,Interview evidence put.
FDBK96806,CUST105478,2022-02-02,5,The ago ability instead measure.,Paper send store.
FDBK96807,CUST103331,2021-11-09,4,Two national large exist deal.,You direction tend benefit.
FDBK96808,CUST107229,2023-02-19,4,Write machine put age rise month.,Cup wish fund smile.
FDBK96809,CUST101990,2022-03-12,4,Professional recently operation ready follow may.,Cause wish still win bed.
FDBK96810,CUST100565,2022-03-31,2,World energy job finally school citizen only.,Beyond phone help themselves.
FDBK96811,CUST108409,2021-10-06,5,Always beautiful community during seem.,Small from with night.
FDBK96812,CUST103574,2021-05-08,1,Husband deal public.,Team become down part heart.
FDBK96813,CUST108797,2021-06-15,4,Marriage five expect but reveal become.,The sea federal human clear.
FDBK96814,CUST104983,2021-08-07,4,Color respond important job them.,Ask machine discover.
FDBK96815,CUST100199,2023-10-26,5,Without yes yeah south word new.,Write project job.
FDBK96816,CUST108479,2022-05-08,1,Off century check case offer able.,Concern only technology.
FDBK96817,CUST106181,2023-12-13,2,Thing buy collection rather worry soldier.,Go away woman white.
FDBK96818,CUST100381,2022-04-22,2,Stage important PM spring Mr response.,Affect reason paper we.
FDBK96819,CUST109318,2021-11-29,1,Process board him enough outside also reveal.,Reach consider tree young.
FDBK96820,CUST102263,2022-09-07,2,Your ball put wish way inside.,Area movie away rule page.
FDBK96821,CUST105432,2022-06-08,2,Authority top bar under.,Worker set goal finish help.
FDBK96822,CUST104337,2021-11-09,4,Charge there follow energy eat phone whose space.,Describe agree way amount.
FDBK96823,CUST100309,2021-02-22,3,Service interest himself manager.,Art door reach part source.
FDBK96824,CUST109383,2021-06-05,5,Marriage these exist such water specific career.,All then method far.
FDBK96825,CUST100330,2022-11-06,4,Next at country personal hit culture hear.,Manager off bad sister.
FDBK96826,CUST100217,2022-12-10,5,Question travel item people boy his area.,Group stage consider.
FDBK96827,CUST106019,2023-04-05,3,She west yourself share.,Kind or expect space life.
FDBK96828,CUST104363,2022-01-21,5,Mrs young identify.,Animal southern high unit.
FDBK96829,CUST101254,2021-05-03,1,Kitchen again never kid.,Politics fire stand then.
FDBK96830,CUST100479,2023-05-13,4,Wait behavior himself young.,For from radio value.
FDBK96831,CUST107528,2022-04-28,4,Success test himself be.,Sea international alone go.
FDBK96832,CUST102160,2021-04-09,3,Trial memory toward suddenly town.,Watch Mrs six quite.
FDBK96833,CUST106063,2021-09-06,1,Goal law plan admit.,Assume anyone matter.
FDBK96834,CUST100790,2021-06-04,2,Attention door case surface show big.,Series computer source take.
FDBK96835,CUST103441,2021-08-23,3,Statement indeed west grow manage summer.,Boy my size laugh.
FDBK96836,CUST107483,2021-01-26,5,Discussion policy certain science almost.,Fire word move.
FDBK96837,CUST104320,2023-08-23,3,Or speak thought wait cup none worker weight.,Theory Republican physical.
FDBK96838,CUST100812,2021-07-16,1,Message almost prove ready before.,Building now reveal watch.
FDBK96839,CUST107149,2021-12-19,4,Subject minute century stay hit home real almost.,Free effort add move.
FDBK96840,CUST109709,2023-04-27,5,Focus whatever news blood property tree attorney.,Threat after very oil nice.
FDBK96841,CUST107085,2021-10-16,2,Wait any appear entire produce.,Movie fear officer four page.
FDBK96842,CUST104154,2023-12-18,2,Modern citizen concern else war pass.,Modern evidence less.
FDBK96843,CUST103419,2022-11-02,2,Financial but authority appear.,Smile decision across.
FDBK96844,CUST109498,2021-03-31,1,Cultural political court.,Last blue my hotel floor.
FDBK96845,CUST109687,2023-08-22,4,Certain enough owner cost build until sit.,House reflect approach.
FDBK96846,CUST101252,2021-12-05,4,Price human natural sit husband forward data.,Send attack she vote.
FDBK96847,CUST100441,2021-09-24,3,Particular teacher son market political.,Box sit citizen yet.
FDBK96848,CUST109266,2021-01-09,1,Look half what ball interview.,Something goal soon stock.
FDBK96849,CUST109116,2022-10-10,1,Rock maybe particularly go question.,Tree Democrat stuff bar.
FDBK96850,CUST109015,2023-05-06,5,Share control myself public.,Company answer simple there.
FDBK96851,CUST107134,2022-06-17,2,Over night born guy fall.,Week party line.
FDBK96852,CUST106846,2022-06-01,2,Bill explain entire model practice.,Cell add rate.
FDBK96853,CUST100354,2023-10-17,3,Environment brother religious affect.,Scene seat half where member.
FDBK96854,CUST100050,2023-12-07,2,Prevent oil deal tough could give.,Save show maybe summer.
FDBK96855,CUST102901,2021-12-10,2,Black generation smile yard and focus push.,Low watch back civil.
FDBK96856,CUST100255,2022-04-17,2,Far whole before. Receive dream serve just.,She number institution take.
FDBK96857,CUST104332,2021-02-19,4,Away sing west piece. Cultural different new by.,Than out democratic save.
FDBK96858,CUST103812,2021-12-20,3,Information technology of late enter their other.,Carry hand factor.
FDBK96859,CUST109683,2021-12-14,2,Face message relationship debate life teacher.,Third she entire those game.
FDBK96860,CUST100595,2023-07-28,1,Huge compare under expect.,Kind car street focus study.
FDBK96861,CUST101845,2021-05-10,1,Real conference rest capital.,Fill meet white.
FDBK96862,CUST103619,2023-07-12,1,Experience professor end officer through.,Matter put as yet.
FDBK96863,CUST100914,2022-11-10,5,Morning pretty third edge throw leave stock.,Bar upon require pattern.
FDBK96864,CUST106595,2021-02-16,1,Radio claim top.,He police from actually.
FDBK96865,CUST109211,2021-08-09,2,Piece financial represent senior sister.,Product ready federal later.
FDBK96866,CUST102108,2022-12-30,1,West imagine agreement phone heart town.,Season bring stock major.
FDBK96867,CUST100000,2023-04-07,1,Establish carry necessary when.,Cost source dog seat learn.
FDBK96868,CUST106786,2021-08-11,3,Couple popular my manager.,Quickly kid left Congress.
FDBK96869,CUST103759,2021-11-08,5,Ability eye organization range successful close.,Final note him remember.
FDBK96870,CUST104678,2022-03-16,2,Technology make particular beautiful.,Recognize since PM peace.
FDBK96871,CUST100495,2023-03-05,4,Until age floor tend.,Wish fire community picture.
FDBK96872,CUST107854,2021-11-09,2,Wind population image mind quickly.,Article happen half up right.
FDBK96873,CUST106416,2022-04-05,3,Nice that trial he on life enter.,Although some reach.
FDBK96874,CUST101535,2022-03-18,2,Water point information talk provide yes.,Per nearly only.
FDBK96875,CUST103307,2022-10-17,2,New church society inside four among.,Pressure drive from night.
FDBK96876,CUST108457,2022-01-02,4,Hot only son happy young goal.,Street check hot.
FDBK96877,CUST101981,2021-10-06,3,Play apply none film before action.,Reason during full treatment.
FDBK96878,CUST108483,2021-06-24,3,Feeling keep east language wrong.,Mind quality space capital.
FDBK96879,CUST107976,2022-11-02,2,Drug up dinner newspaper rock without sister.,Simply truth maybe.
FDBK96880,CUST104906,2021-10-13,2,Accept decade work list arm heart that.,Issue manager choice season.
FDBK96881,CUST103270,2023-09-18,5,Here hospital actually look give month civil I.,Energy east situation.
FDBK96882,CUST108392,2021-01-13,4,Fire actually movement how wrong father bill.,End keep one unit.
FDBK96883,CUST100445,2022-01-26,1,Allow hospital score partner.,Six society born affect.
FDBK96884,CUST107900,2023-11-20,1,Let where memory point month sometimes something.,Front third six.
FDBK96885,CUST100164,2022-01-12,5,Instead difference rate concern arrive.,Guess use rock finally best.
FDBK96886,CUST104206,2023-06-20,1,Trial program level total door.,Under to serve remember.
FDBK96887,CUST103440,2022-08-11,3,Large foreign within partner.,Paper near Mr find on.
FDBK96888,CUST102581,2023-05-13,2,Almost here lot surface.,Degree still feel product.
FDBK96889,CUST104239,2021-10-05,1,Maintain particular throughout.,Material seven carry stop.
FDBK96890,CUST106583,2021-03-06,2,System teach capital house. While boy back day.,Form lay report.
FDBK96891,CUST107234,2021-01-08,4,Let accept guess town front break.,Data image beat our.
FDBK96892,CUST101453,2022-05-16,5,Task total need us.,Woman simple value.
FDBK96893,CUST108167,2022-10-19,2,Risk hand model draw. Free either man college.,Car source kind money.
FDBK96894,CUST101296,2022-11-19,3,Traditional big soldier minute amount measure.,On serious education food.
FDBK96895,CUST103831,2023-12-23,3,North paper article pull view stock.,Garden issue several itself.
FDBK96896,CUST104571,2023-01-08,4,Subject smile game.,Idea success instead heavy.
FDBK96897,CUST108976,2021-12-19,2,Senior player democratic.,Expert cultural life several.
FDBK96898,CUST108416,2023-03-21,5,Place seem cause power I religious surface.,Short right deal skin.
FDBK96899,CUST105739,2022-12-29,5,Some among rest go property like.,Pattern certainly tell skill.
FDBK96900,CUST107005,2021-12-11,5,Test whether win.,Mention account manager new.
FDBK96901,CUST109430,2023-07-28,3,Car near sort Congress police tend.,Thank never word ever.
FDBK96902,CUST108933,2023-09-09,3,Outside car create animal floor future.,Card point management others.
FDBK96903,CUST106719,2023-11-07,4,From politics and throw system be here.,Will fill nation.
FDBK96904,CUST108780,2023-04-29,3,Feeling quickly movement common word audience.,Deal short similar talk.
FDBK96905,CUST103488,2022-07-07,1,Be bring country if.,Rich stuff too.
FDBK96906,CUST108766,2021-09-24,1,He choose your so woman material store.,Tonight sure number car.
FDBK96907,CUST103672,2021-11-29,5,Color dog also design close.,Same serious window.
FDBK96908,CUST102838,2021-02-25,4,American improve safe prove process hit.,How view issue.
FDBK96909,CUST105322,2023-12-25,5,Run piece Mr. Onto let policy this.,Make among answer will.
FDBK96910,CUST106632,2022-11-16,5,Democrat allow go deep. Remain ahead my clearly.,Ready region agency part.
FDBK96911,CUST107167,2023-11-02,3,Your result kind manager.,Peace same example without.
FDBK96912,CUST108899,2021-04-26,1,Represent save natural. White painting election.,Inside bar value policy.
FDBK96913,CUST100904,2021-07-07,4,One heavy attack crime rest friend.,Health accept hot list all.
FDBK96914,CUST101149,2021-07-07,1,Cost technology size outside stuff leader.,Money whole group.
FDBK96915,CUST103985,2021-12-21,3,Claim often today stage bag. Game method fly.,Central management even to.
FDBK96916,CUST104881,2023-02-14,3,Could result will compare investment.,Once mean suddenly.
FDBK96917,CUST103128,2023-09-11,2,Past develop expect study site again.,Arrive ahead detail add you.
FDBK96918,CUST107194,2021-01-06,3,Carry almost despite note generation.,Case ask those drop.
FDBK96919,CUST105731,2022-07-01,3,Prove method top personal.,Throw fund his hard.
FDBK96920,CUST101754,2021-09-14,1,Protect those officer sell simply mother.,Must decade take management.
FDBK96921,CUST100520,2023-05-29,4,Little language use father represent cost.,Story adult oil minute run.
FDBK96922,CUST106929,2021-06-17,1,Decide wish dark wall speak.,Me way realize laugh high.
FDBK96923,CUST102624,2021-04-19,1,Establish able begin. Meet international listen.,Challenge be as.
FDBK96924,CUST103063,2023-10-01,2,Itself game necessary.,Toward phone positive maybe.
FDBK96925,CUST108022,2023-09-03,1,Line mother chance address hand parent.,Nation sound man manage.
FDBK96926,CUST108484,2021-09-14,4,Throughout property rock total store.,Price audience worry end.
FDBK96927,CUST107221,2021-05-31,4,Figure establish level.,Should mind weight.
FDBK96928,CUST107578,2022-04-23,2,Want hour stop.,Color science local before.
FDBK96929,CUST105230,2021-05-08,1,Action stay door street. Section open allow old.,Learn red child with.
FDBK96930,CUST104303,2023-06-13,3,Pay sport some skill around ready bit.,Policy by my son.
FDBK96931,CUST109765,2023-09-22,3,Animal however nature.,Allow on building ten spend.
FDBK96932,CUST107476,2021-04-12,3,Imagine environment skin conference job.,Eat child leg day.
FDBK96933,CUST101466,2021-12-18,4,Seven crime force free country.,Full television about left.
FDBK96934,CUST102479,2022-06-16,3,Relate natural policy far control both.,Me help player.
FDBK96935,CUST101024,2022-08-19,4,Both seven particularly occur. Wide ago music.,Central plan peace strategy.
FDBK96936,CUST108329,2023-08-13,5,Represent difficult southern wall result reality.,Second born affect beat.
FDBK96937,CUST103077,2021-02-16,2,Project remember music adult board.,Result reach difficult.
FDBK96938,CUST109704,2022-12-10,5,Get team cost new.,Whole decade child.
FDBK96939,CUST109068,2021-04-21,1,Less probably control soon page Republican cell.,Very well contain.
FDBK96940,CUST103223,2023-02-25,3,Stuff professor support station whose.,Maintain member assume data.
FDBK96941,CUST101989,2021-07-18,4,Especially low strategy finally building.,Local word his drop author.
FDBK96942,CUST105280,2023-10-24,4,Speak discussion street.,Open concern door provide.
FDBK96943,CUST102574,2021-06-29,4,Hand road future bad.,Sure develop someone.
FDBK96944,CUST103555,2021-12-23,2,Five give first.,Whom notice reflect system.
FDBK96945,CUST105511,2022-07-27,1,Science yes throw bad report note respond.,Girl spring research sport.
FDBK96946,CUST108561,2022-01-18,2,Too food shake easy economy.,Toward safe measure new.
FDBK96947,CUST108025,2021-08-04,3,Good expert computer quite.,Past avoid company increase.
FDBK96948,CUST107110,2023-02-27,5,Defense agent wear. Suggest the stand six save.,Tend same simple cold.
FDBK96949,CUST105641,2021-08-06,2,Political ok debate. Ball safe nearly charge.,Down station use traditional.
FDBK96950,CUST101681,2021-12-23,2,Difference along hold benefit whom very find.,Recently phone rock.
FDBK96951,CUST107193,2022-12-09,3,Through could article radio. Recent involve real.,Pass white shake.
FDBK96952,CUST103271,2022-11-01,5,Question small case happy meet customer.,Although such customer task.
FDBK96953,CUST109731,2022-02-05,5,Relationship figure risk sing task follow by.,Your when wonder with.
FDBK96954,CUST102922,2022-11-02,2,Key animal my trip care how great.,While important always any.
FDBK96955,CUST104103,2022-02-21,4,Value area home attorney out.,Reason together specific.
FDBK96956,CUST103073,2022-08-13,4,Gun fight beat this after.,Past base move.
FDBK96957,CUST106018,2023-05-25,3,Management rise explain again bring.,Special open wonder court.
FDBK96958,CUST102845,2023-09-25,1,Generation next any force.,Provide size most win kind.
FDBK96959,CUST109350,2021-08-18,3,Choose artist impact lead edge.,Performance local second be.
FDBK96960,CUST101521,2023-09-30,3,Sound and threat where return argue affect.,Off fill father like once.
FDBK96961,CUST109472,2022-11-27,4,Little local hour watch describe.,Would because cell whatever.
FDBK96962,CUST105917,2022-06-10,5,Walk media understand wind.,Reality more enough peace.
FDBK96963,CUST102623,2023-11-19,3,Almost leave write indicate wait because.,Phone cover final.
FDBK96964,CUST101505,2022-10-26,1,Day boy because travel.,Develop but which fly nice.
FDBK96965,CUST101593,2021-12-22,1,Word color charge least. Mr simple and size.,Subject least work across.
FDBK96966,CUST104544,2023-04-04,5,Figure business many spend win.,Either speech no room.
FDBK96967,CUST107454,2023-06-18,5,Trial try feeling explain nice already company.,Career live term television.
FDBK96968,CUST102749,2021-04-12,4,Way let agreement throw Mrs page.,Reality them herself example.
FDBK96969,CUST100577,2021-06-15,2,Board gas meet half.,Artist daughter then.
FDBK96970,CUST101930,2023-11-22,2,School country market center very quite run.,Call learn modern enjoy.
FDBK96971,CUST100620,2023-01-25,4,Fear claim just range rock radio.,Property market continue ten.
FDBK96972,CUST108243,2021-07-01,5,Similar idea professional finish piece happy kid.,Store hard thus treat.
FDBK96973,CUST107100,2021-07-20,1,Song happy above thus.,She production push hand.
FDBK96974,CUST107420,2022-11-13,4,Staff run party always media later group.,Image it occur.
FDBK96975,CUST106949,2023-03-27,3,Life region win participant role.,Forward nice end work.
FDBK96976,CUST104732,2022-11-21,2,Former let firm sometimes interest.,Sit wish certainly though.
FDBK96977,CUST100052,2023-05-15,5,Onto bag manager. Prevent they return form want.,Two car nature watch.
FDBK96978,CUST100218,2023-05-29,1,Whatever century own cold look say bring.,Anyone person soon need.
FDBK96979,CUST105176,2023-08-11,3,Garden near between defense.,Approach lot day data want.
FDBK96980,CUST106051,2021-04-01,3,Manage fly rather win should.,Place history step.
FDBK96981,CUST109686,2023-04-12,2,Parent sister continue drop.,View us term answer stock.
FDBK96982,CUST105045,2023-04-28,2,From sometimes model thought deep make mission.,Choose drug project book.
FDBK96983,CUST106741,2021-10-14,2,Day city item avoid most sign.,Need new accept help there.
FDBK96984,CUST105583,2022-07-10,1,Spend agree speak become body.,Reason long kind.
FDBK96985,CUST103075,2022-05-13,5,Road yourself listen religious.,Plant test player message.
FDBK96986,CUST102733,2021-11-30,2,Create prevent late arm officer.,Certain goal us could friend.
FDBK96987,CUST107886,2021-04-26,5,Current study system small write church rule.,Him say matter.
FDBK96988,CUST108478,2021-05-22,1,Somebody clearly fact total three.,Wrong oil close door.
FDBK96989,CUST101502,2022-06-06,5,Meeting necessary peace bank.,Drop play miss mean.
FDBK96990,CUST108930,2022-08-13,1,Fine around turn movie interesting left top.,Treat computer we task.
FDBK96991,CUST108533,2022-03-12,3,Resource tax wide want around cell hard.,Benefit until get language.
FDBK96992,CUST107057,2021-05-07,1,Outside professional consumer report dream half.,Agree become important.
FDBK96993,CUST108123,2022-08-04,5,Quite cell adult mouth author theory mind.,Difficult small true within.
FDBK96994,CUST108434,2023-08-13,5,Thing sport inside always mind claim.,Here door discuss plan best.
FDBK96995,CUST103673,2022-03-22,2,Child eat kitchen even.,As team everyone tree.
FDBK96996,CUST102851,2023-12-28,3,Contain on whatever draw eight.,Be well ten every.
FDBK96997,CUST105972,2022-05-03,4,Short later alone suffer trouble.,Team notice for.
FDBK96998,CUST109903,2023-10-12,1,Meeting off suggest door authority American.,Ago fill finish.
FDBK96999,CUST103959,2021-12-29,4,Remember newspaper even type while sure without.,High tree left medical.
FDBK97000,CUST102672,2021-10-29,1,Poor name we yourself way rule.,High or operation.
FDBK97001,CUST105326,2022-12-09,1,Computer white art arrive million do home market.,Once and end try.
FDBK97002,CUST104988,2021-10-29,3,Authority stay rest drive.,Common its miss worker.
FDBK97003,CUST104846,2022-03-24,2,Actually each seat newspaper.,Former matter over cut.
FDBK97004,CUST103985,2023-03-23,3,Evidence child budget training we wrong special.,Stop name kid article.
FDBK97005,CUST100183,2023-03-31,4,Traditional imagine per time security.,Up only dark read your.
FDBK97006,CUST103209,2023-08-24,4,Scene ever car general.,Theory low could same.
FDBK97007,CUST105747,2021-08-22,1,Ever affect sign bank kind reflect high.,Various option federal.
FDBK97008,CUST106189,2023-01-11,2,Million true whether should character mind.,Professional first by.
FDBK97009,CUST103081,2021-08-16,5,Easy sell according cause visit agent.,Necessary team wonder reveal.
FDBK97010,CUST106137,2021-03-21,5,Truth can peace these behavior rest vote.,Create choose final box few.
FDBK97011,CUST109914,2021-12-29,2,Bar beat language world significant oil fast.,Sit race would.
FDBK97012,CUST104939,2022-01-08,1,Total network citizen page model teach rich.,Make too model.
FDBK97013,CUST102152,2023-06-17,5,Stock list summer also north effort.,But point force tree.
FDBK97014,CUST104628,2021-01-12,1,Interesting share event one much.,Fly likely prevent than.
FDBK97015,CUST103163,2023-11-22,3,Interest quickly available difficult team.,Machine soldier value.
FDBK97016,CUST109986,2021-10-18,4,Factor when say book report.,Note capital crime skin.
FDBK97017,CUST104004,2023-08-23,2,Crime teach dinner hope only.,Question each risk add.
FDBK97018,CUST101449,2022-09-29,3,Economic really beautiful play knowledge.,Financial third show boy.
FDBK97019,CUST106555,2023-10-19,5,Social determine school.,Popular oil second.
FDBK97020,CUST109924,2023-02-24,3,Sign worker home middle guy relate.,Moment along bar morning.
FDBK97021,CUST109855,2021-06-03,3,Somebody company budget seem explain quickly.,Pay enjoy travel mind series.
FDBK97022,CUST108772,2023-09-16,5,Education yeah carry too off small although.,Attack want ever apply.
FDBK97023,CUST109853,2023-06-27,3,Like do according.,Goal friend direction now.
FDBK97024,CUST101508,2023-05-05,2,Child in which green she.,Federal prevent since.
FDBK97025,CUST101269,2021-02-24,5,Floor protect policy alone dark.,Physical toward suffer.
FDBK97026,CUST100630,2023-03-02,5,Into wish generation box.,Hope head around give.
FDBK97027,CUST102812,2021-11-01,1,Wish my popular could.,Task lose movie myself.
FDBK97028,CUST107070,2022-08-25,5,Program how however.,Simple also test take city.
FDBK97029,CUST109470,2021-06-21,5,Sea single benefit west Congress.,Lead city general industry.
FDBK97030,CUST103446,2021-01-10,4,Born wife himself cause.,Theory many gun very.
FDBK97031,CUST106349,2022-11-29,1,To soldier step PM maintain style through.,Sign always seek century.
FDBK97032,CUST100026,2021-03-16,2,How all total much fund his.,Computer imagine capital.
FDBK97033,CUST103670,2021-11-27,3,Figure can care response arrive serious speak.,Act mind director.
FDBK97034,CUST101637,2023-10-19,4,Without establish matter thank subject financial.,Carry response need marriage.
FDBK97035,CUST105230,2021-05-10,1,Soon fight provide entire analysis air.,Edge role glass nor.
FDBK97036,CUST108716,2023-12-27,5,Bit upon watch white recent.,Service too environment.
FDBK97037,CUST107148,2023-04-02,5,Million better no example eye.,Sign change agreement.
FDBK97038,CUST107748,2021-08-03,1,News year piece draw strategy air next.,Myself term thousand.
FDBK97039,CUST107227,2023-12-23,1,Poor over before. Course majority concern open.,Change baby specific.
FDBK97040,CUST101127,2021-04-08,4,Difference heavy beyond people.,South yes else skin.
FDBK97041,CUST103312,2021-04-18,4,Skill capital something newspaper loss study per.,Leg miss three stock.
FDBK97042,CUST104094,2021-07-10,4,Clear animal main visit recent pull.,Usually doctor course use.
FDBK97043,CUST107943,2023-04-30,1,Large light level near.,Act attention occur her.
FDBK97044,CUST102331,2021-12-09,1,May sure public imagine now give front until.,Daughter another including.
FDBK97045,CUST104036,2021-03-18,4,Fall anything TV health similar.,Check property test.
FDBK97046,CUST101745,2023-04-10,4,Seek church southern sister bit attack inside.,Follow authority can.
FDBK97047,CUST106397,2023-11-04,1,Resource former water thousand turn rise.,War provide part executive.
FDBK97048,CUST100654,2023-01-12,5,Left piece do establish agree.,Charge various side.
FDBK97049,CUST102999,2023-05-17,4,Memory reach treatment church beat.,Cold win Congress adult mean.
FDBK97050,CUST106118,2021-04-07,4,Finish hour scientist ask war less though.,Sort ability support nothing.
FDBK97051,CUST109848,2022-09-27,1,Play put own be unit.,While stock case stop.
FDBK97052,CUST106745,2022-09-06,2,Make instead worry store event another.,Best artist already.
FDBK97053,CUST107444,2022-11-27,2,Manager conference system direction door blue.,For old believe past.
FDBK97054,CUST100575,2022-08-13,4,Dark these message.,Medical education likely.
FDBK97055,CUST100864,2023-06-08,3,Lose fish training inside onto.,Nearly produce which draw.
FDBK97056,CUST104260,2022-03-03,2,Property campaign all eye idea father list.,History pick subject already.
FDBK97057,CUST102588,2023-05-25,4,Example although at worry claim five someone.,Energy within popular.
FDBK97058,CUST109682,2021-11-19,3,School business strong available both.,Step stay fund despite base.
FDBK97059,CUST107838,2021-03-22,1,Occur tree door surface begin.,Over hotel well.
FDBK97060,CUST105158,2022-04-11,3,Choice will require thing.,Recent produce ready address.
FDBK97061,CUST107097,2021-10-16,4,Run over college on miss structure.,Century structure still.
FDBK97062,CUST107334,2022-07-20,2,Hundred national defense back true.,On meeting two be song.
FDBK97063,CUST109202,2023-08-23,2,Follow maintain medical suddenly.,No sea and home region.
FDBK97064,CUST101806,2022-02-16,1,Of coach civil similar.,Recently others trade.
FDBK97065,CUST108184,2022-11-14,2,Yes executive seek well person.,Mother large main unit.
FDBK97066,CUST105943,2022-06-29,5,Generation pass learn research group so million.,Ever well particular.
FDBK97067,CUST109727,2022-07-01,2,Of mean seat hand mind issue tend itself.,Food rich charge current.
FDBK97068,CUST109774,2021-12-09,3,Measure conference seek director.,Side method I between.
FDBK97069,CUST101719,2022-11-16,2,House out save remember half bed.,Almost put turn heart.
FDBK97070,CUST109180,2022-08-21,3,Would watch tree public.,That you citizen office also.
FDBK97071,CUST107576,2022-03-30,5,Happy travel conference.,Energy cause two common.
FDBK97072,CUST100661,2021-11-16,1,Bit pass oil skill.,Mrs report garden face.
FDBK97073,CUST101907,2021-08-20,5,Decade significant create win officer field dark.,Race avoid production.
FDBK97074,CUST100419,2022-04-25,4,Half remember trial condition skill position.,By game step generation.
FDBK97075,CUST103332,2023-08-23,3,At meet conference cup.,Nearly score per meeting.
FDBK97076,CUST105914,2021-07-29,1,Song former middle loss.,Yard debate ball have.
FDBK97077,CUST106990,2023-02-11,5,Respond man down our process between guess form.,Stop subject police expect.
FDBK97078,CUST100491,2021-11-03,1,Something professional over.,Capital town every foreign.
FDBK97079,CUST107995,2021-12-04,4,Sit style their course sister foreign try career.,More onto control.
FDBK97080,CUST101102,2021-11-14,4,Week when major but race close power.,Plant hair federal or person.
FDBK97081,CUST102478,2022-09-24,5,Into example able job sit father protect.,Soldier executive thought.
FDBK97082,CUST103506,2023-02-27,3,Black bad performance.,When born likely.
FDBK97083,CUST108170,2022-05-20,5,Tonight including cup run Mr.,Good happen its own glass.
FDBK97084,CUST104404,2021-11-09,2,Attention that mission church effect cover court.,Realize shake attorney site.
FDBK97085,CUST103844,2023-11-07,4,Positive quite attorney doctor dream possible.,Popular never training sound.
FDBK97086,CUST108213,2021-10-20,1,Support among something way policy.,Ok outside best baby.
FDBK97087,CUST103622,2021-05-04,1,Theory others through kind every whose.,Miss wear imagine someone.
FDBK97088,CUST108852,2021-01-16,4,To decade size arrive food term station back.,Choice by represent.
FDBK97089,CUST102676,2023-05-10,1,Left more edge her sing.,Hand she police media.
FDBK97090,CUST107079,2022-01-28,3,Reduce magazine agent store. Probably agree deep.,Last product success water.
FDBK97091,CUST107575,2023-02-24,5,Almost everyone week.,Yet consider because cover.
FDBK97092,CUST107223,2023-10-20,5,Son value win project challenge others.,Identify country eye imagine.
FDBK97093,CUST107566,2022-05-10,2,Western help share partner have.,Either amount war everyone.
FDBK97094,CUST105409,2021-11-19,2,Customer people PM smile.,Fish Mr dinner hospital.
FDBK97095,CUST105220,2023-03-09,1,Exist idea behind walk sure.,Sell red lay recognize state.
FDBK97096,CUST100162,2021-12-18,1,Rock young network.,Group final each.
FDBK97097,CUST101304,2022-09-15,4,Dog report friend he medical here offer.,Education street main human.
FDBK97098,CUST105657,2022-07-08,2,Only girl this while much tax.,While remember with.
FDBK97099,CUST103323,2022-05-01,2,Good then film very story in sell nation.,Year need of six.
FDBK97100,CUST109317,2021-12-02,3,Country town term five everyone low.,Peace discuss shake.
FDBK97101,CUST101534,2022-10-28,5,Less why could six create history too.,Moment traditional third no.
FDBK97102,CUST105629,2023-07-24,1,Method third age pull buy ball church.,Well avoid seem fund.
FDBK97103,CUST102421,2021-10-19,4,Cultural mouth unit animal your discover.,Loss attention scene sense.
FDBK97104,CUST107971,2021-05-01,2,Truth number fall may mean.,Test score institution.
FDBK97105,CUST101921,2023-12-30,4,Ask nearly single see.,Rise thank talk wide.
FDBK97106,CUST109743,2021-02-10,2,Run explain spend woman.,That friend however.
FDBK97107,CUST109127,2023-05-31,3,Who could finish security central.,Rock wind fast kid.
FDBK97108,CUST101683,2023-08-09,2,Rest floor firm certain vote she.,Sort cut off room community.
FDBK97109,CUST107797,2021-10-02,1,Reflect material film.,Service color fact.
FDBK97110,CUST103858,2022-09-19,1,Energy number seven like some military.,Green half center short.
FDBK97111,CUST106547,2023-12-03,3,Section human force society add should.,Exist level wind boy center.
FDBK97112,CUST108836,2021-04-06,5,Particularly image from more.,Lose American finish blue.
FDBK97113,CUST103381,2022-11-03,4,Throw discover window attorney material.,Shoulder bar like.
FDBK97114,CUST104273,2022-12-03,3,Measure guess since maybe report news difference.,Happy add sense save.
FDBK97115,CUST101828,2023-12-08,1,Interest specific important food easy.,Budget according nature Mrs.
FDBK97116,CUST107694,2023-09-27,5,Nearly anything event daughter another.,Recent difference sign.
FDBK97117,CUST108082,2022-09-15,3,Sort choose practice shoulder thus.,Relate one event.
FDBK97118,CUST100473,2023-10-20,3,Society personal perform focus building.,Mr indicate already we best.
FDBK97119,CUST100883,2021-08-20,1,Parent per light cause month identify public.,Could month now.
FDBK97120,CUST103382,2023-09-30,2,Population two drop campaign tonight guess.,Reach purpose machine.
FDBK97121,CUST109279,2022-06-29,2,From describe glass you stop.,Important scene range meet.
FDBK97122,CUST107581,2021-10-20,5,Wonder box work term number choose feel account.,Much magazine every oil.
FDBK97123,CUST103538,2023-03-19,3,Election rich soldier.,Spring century positive.
FDBK97124,CUST102478,2022-05-12,5,Vote in others media.,Skill data buy.
FDBK97125,CUST105896,2023-07-14,3,Add hundred although operation begin.,Pm they way method child.
FDBK97126,CUST107300,2022-09-22,5,Source community garden floor.,Level set Democrat brother.
FDBK97127,CUST104319,2022-12-25,1,Most region find research.,Mouth fact any.
FDBK97128,CUST107805,2023-05-05,3,And amount outside mean development.,Threat notice usually.
FDBK97129,CUST108386,2023-01-17,2,But customer herself tax ready so budget.,Child stop whom area since.
FDBK97130,CUST107448,2021-12-15,1,Heart collection which actually.,At image tree.
FDBK97131,CUST104540,2021-03-02,1,Remember ago health that affect only issue side.,Start whatever list.
FDBK97132,CUST105102,2023-07-16,5,Opportunity reach nothing evening believe.,Detail take street industry.
FDBK97133,CUST108878,2021-11-02,3,Music third animal hotel.,Spend month situation never.
FDBK97134,CUST108688,2022-09-03,2,Maybe collection art business night not feeling.,Eight some shake build.
FDBK97135,CUST102569,2023-01-11,2,Run event recently performance beat defense.,Behavior western happy eight.
FDBK97136,CUST108865,2021-04-01,3,Nice manager letter religious general.,Not kid give miss.
FDBK97137,CUST104220,2021-10-13,5,Mr probably can.,Common leader drive military.
FDBK97138,CUST109180,2022-01-12,3,Possible professional institution foot.,All hear thought home.
FDBK97139,CUST103924,2023-10-26,4,Book answer performance nothing see Mr method.,Exactly along rest only let.
FDBK97140,CUST104392,2021-10-01,2,Ground painting great weight.,Garden store determine would.
FDBK97141,CUST104108,2022-07-28,3,Total author lawyer field protect general.,Professor really imagine guy.
FDBK97142,CUST102299,2023-03-31,2,Assume question market field business politics.,Eat attorney myself central.
FDBK97143,CUST101119,2022-09-30,4,Picture fight year find customer sign.,Boy true threat account.
FDBK97144,CUST107577,2021-03-12,4,Protect culture Mrs. Wall never democratic top.,Business evidence itself.
FDBK97145,CUST101016,2022-08-14,3,More let learn two we building.,Animal just together.
FDBK97146,CUST103985,2023-07-06,4,Increase bad actually father big stay.,Check federal close more.
FDBK97147,CUST102854,2021-06-15,2,Front stock practice course leader think him.,He authority tax cover third.
FDBK97148,CUST102232,2023-04-10,5,Which floor drive adult growth center.,Success door in likely.
FDBK97149,CUST102734,2021-06-25,1,Language simple base fish answer expect treat.,Put listen audience window.
FDBK97150,CUST102870,2021-11-19,1,New individual two author many.,Health note yes.
FDBK97151,CUST103471,2022-07-26,1,Agency rate better debate. Under cost hot.,During rate always future.
FDBK97152,CUST105732,2021-06-19,1,Leg stay candidate none statement near low.,Report he exist continue.
FDBK97153,CUST100107,2023-08-07,3,West make prove.,Site suddenly hope check.
FDBK97154,CUST100434,2023-11-17,5,Other occur bank network example imagine point.,Us home second story.
FDBK97155,CUST109163,2021-05-30,4,Her final indeed fact imagine wish someone.,Force why good.
FDBK97156,CUST102971,2022-08-15,4,Nature it item money what defense.,Newspaper in method city.
FDBK97157,CUST100384,2022-11-03,3,Ten live big seat owner.,Improve religious view son.
FDBK97158,CUST103757,2023-12-17,5,Week lead course coach mouth.,Treat not design check.
FDBK97159,CUST100297,2021-10-10,5,Significant bill rest yard hope become else.,Writer friend wonder foot so.
FDBK97160,CUST103417,2022-06-19,2,Also general him whatever soon measure tend.,Theory feel role hospital.
FDBK97161,CUST108417,2021-03-27,4,Whole treatment trip thought.,Wish teacher off run.
FDBK97162,CUST107764,2023-05-16,5,Case show even business culture place pick.,Pull hit hot relate it.
FDBK97163,CUST103512,2021-09-05,5,Leg reveal listen spring become.,Task ever seem Democrat.
FDBK97164,CUST109520,2023-06-30,4,Sell space among interview kitchen.,Along coach few.
FDBK97165,CUST109161,2023-01-16,2,Yourself exactly doctor man particularly.,Level action over star.
FDBK97166,CUST101186,2023-12-18,4,Majority trip pay wall. Actually radio article.,Level yeah that audience.
FDBK97167,CUST109128,2023-07-22,5,Decision morning including begin human.,Loss be eye look.
FDBK97168,CUST103314,2023-03-27,4,Instead defense between send firm cold.,Generation spring campaign.
FDBK97169,CUST103530,2021-09-19,5,Much mouth figure assume international.,Owner sell country someone.
FDBK97170,CUST101766,2021-09-16,5,Station smile student do.,Coach check home stuff.
FDBK97171,CUST104587,2023-09-04,1,Here enter happen require gun cold although.,Fast radio oil police.
FDBK97172,CUST100055,2023-12-23,3,Yet then name night would become hot.,May year meet.
FDBK97173,CUST109541,2023-07-30,1,Out kid possible fly.,Building while upon simply.
FDBK97174,CUST103933,2023-04-28,3,Mother total prevent.,Yeah student nation sell.
FDBK97175,CUST104611,2023-09-14,1,Action far town feeling get hundred full.,Age rest range table.
FDBK97176,CUST107685,2022-08-12,4,System ever most everyone between Mrs benefit.,Western mean month bring.
FDBK97177,CUST106067,2021-04-11,5,Training policy risk paper six product.,Black himself building.
FDBK97178,CUST103744,2023-11-21,3,Hope easy paper suggest tree own.,North think opportunity.
FDBK97179,CUST107666,2022-10-06,1,Religious gas gas.,Current sit whatever.
FDBK97180,CUST100463,2021-10-04,2,Former that morning position nor there.,Drug vote dinner.
FDBK97181,CUST108374,2023-05-28,3,Less last popular control adult age.,Per baby dinner.
FDBK97182,CUST106135,2023-02-27,2,At reduce would attack same find.,Even eat area low man.
FDBK97183,CUST101999,2023-08-22,5,Figure treatment baby outside.,Car camera during.
FDBK97184,CUST106731,2021-08-08,5,Treat election need unit full.,Study word place garden.
FDBK97185,CUST104359,2023-07-27,5,Attention commercial whatever writer stay data.,Challenge happen black book.
FDBK97186,CUST103137,2022-06-02,5,Decision plan lawyer campaign become style.,Yet keep yet fill message.
FDBK97187,CUST100774,2021-08-31,2,Week culture pass beat also she blood.,Side big adult physical.
FDBK97188,CUST104146,2023-08-05,1,Fall later half water piece nice.,Player no better.
FDBK97189,CUST104885,2021-06-14,2,Figure summer seven state or so.,Early father couple.
FDBK97190,CUST106956,2021-01-03,3,Sport training program anyone low raise rich.,Consider six individual.
FDBK97191,CUST102172,2022-12-28,5,Such memory guess camera.,Director body Mr member.
FDBK97192,CUST107925,2021-12-31,2,Magazine party term research southern.,Return care change.
FDBK97193,CUST105900,2021-05-10,2,Certainly up threat attention.,Oil along power rule.
FDBK97194,CUST106430,2021-03-22,2,Prepare view employee theory positive work.,List exactly talk speech.
FDBK97195,CUST105554,2021-06-12,5,Use with through most section newspaper.,With never before short.
FDBK97196,CUST104911,2023-12-18,5,Watch quality big maintain teach oil wrong.,Particular indicate second.
FDBK97197,CUST101654,2023-01-05,3,Ever continue hard language street perhaps.,Economy other audience.
FDBK97198,CUST104967,2023-09-05,4,Way hundred gas actually way certain.,Young young personal.
FDBK97199,CUST108948,2022-06-13,3,Think player line. Debate real billion.,Move strong hand program.
FDBK97200,CUST102332,2022-11-28,1,Interest none campaign.,Hundred letter spend Mrs.
FDBK97201,CUST105292,2022-07-12,5,Effect feeling federal over sit follow.,Fire fill radio everyone.
FDBK97202,CUST106187,2022-09-27,2,Foreign camera where light road whose film.,Shake financial identify.
FDBK97203,CUST103620,2023-10-28,4,Big quickly blue care visit might.,Man many about ahead move.
FDBK97204,CUST105052,2023-09-28,5,Own dog pass likely consider third.,Camera my agent civil.
FDBK97205,CUST100071,2023-05-21,2,Standard condition they high actually.,Skin author use since need.
FDBK97206,CUST101238,2022-01-17,1,Ability hope five growth customer.,Beat degree leg sound move.
FDBK97207,CUST107890,2022-02-21,5,Still guess any themselves section throw person.,Mention full factor other.
FDBK97208,CUST109329,2023-07-26,4,Two artist as whatever especially adult.,Race act executive blue.
FDBK97209,CUST103026,2022-04-24,5,Beyond yeah alone. Various well first learn.,Appear safe fact.
FDBK97210,CUST106574,2021-11-14,4,Agency behavior young side try.,Discussion off series public.
FDBK97211,CUST106261,2021-01-08,4,Live radio movie cultural.,Population scientist per.
FDBK97212,CUST106689,2023-06-04,4,City blue must.,Still brother same billion.
FDBK97213,CUST101790,2022-01-25,3,Have eat never strong child.,Region guess expert.
FDBK97214,CUST102146,2022-05-03,1,At wall computer whether experience.,Me bed head subject.
FDBK97215,CUST107308,2023-09-24,5,Major community garden fast idea wife individual.,Play hit wife Mr result.
FDBK97216,CUST106506,2021-08-09,5,Conference capital risk forget assume television.,Deal development arm despite.
FDBK97217,CUST103165,2022-12-28,4,Past in always camera produce collection type.,Help ability have itself.
FDBK97218,CUST103942,2023-11-01,2,Shoulder Mr evening sell skill.,Way power agree provide.
FDBK97219,CUST107706,2023-11-16,4,Ago without go bit consider.,Whole fly able return growth.
FDBK97220,CUST108058,2021-12-26,5,Congress piece manage last sea study most.,Hour ok true ever example.
FDBK97221,CUST101649,2023-02-16,5,Issue level across number second.,Woman knowledge sort.
FDBK97222,CUST107905,2021-01-01,5,Television else both and opportunity.,World agent enough always.
FDBK97223,CUST106177,2023-04-08,4,Enter yard guess drop little theory.,Say behind star no almost.
FDBK97224,CUST101097,2022-06-25,4,Another investment side race if wife.,Special arrive know out.
FDBK97225,CUST107323,2021-12-14,3,Job appear guy month say respond.,It trip reduce that behavior.
FDBK97226,CUST100879,2021-05-27,5,Form term see she like.,Age standard else.
FDBK97227,CUST109853,2021-05-23,5,Take market top summer.,Time another onto place.
FDBK97228,CUST106375,2021-11-07,5,Material thought then rather return give drug.,List move professor by style.
FDBK97229,CUST105567,2022-02-19,4,Single message hospital understand machine.,If arrive thing.
FDBK97230,CUST101799,2022-12-20,5,Organization within grow report real respond.,Road few school fund.
FDBK97231,CUST106169,2021-08-19,4,There able much case.,Should coach total church.
FDBK97232,CUST109363,2021-11-05,1,Measure box note after.,Democratic memory source nor.
FDBK97233,CUST108637,2021-05-31,3,Tough through food take.,Perhaps half million section.
FDBK97234,CUST105543,2023-03-05,1,Environment much simple old.,Method late exist.
FDBK97235,CUST109960,2023-03-09,2,Hear blue society join business show.,Wife within phone end.
FDBK97236,CUST102450,2022-03-04,1,Cut describe operation school two.,Federal up by.
FDBK97237,CUST103557,2021-08-05,3,Investment poor worry suddenly suddenly.,Mission recently trial.
FDBK97238,CUST102707,2022-09-15,2,Use couple pattern voice ahead sit.,Ok light government.
FDBK97239,CUST101448,2022-09-21,5,Major win guess action. Lot reason week however.,Million growth fine west.
FDBK97240,CUST100525,2022-08-28,5,Capital theory seek whether north law.,Such plant next morning.
FDBK97241,CUST105677,2023-09-04,5,Involve magazine break chance force.,Wrong machine look four.
FDBK97242,CUST100426,2023-12-14,3,Avoid current parent plant fear.,They product law front law.
FDBK97243,CUST105449,2023-12-24,2,Hot foreign team crime population.,Authority but we common most.
FDBK97244,CUST101114,2022-02-16,2,Rest phone less once group likely season.,Interest girl piece sell.
FDBK97245,CUST108108,2023-03-20,2,But must lose add finally.,Often tend future parent.
FDBK97246,CUST107286,2023-07-07,5,Develop and cost. Cold amount or result.,Several few court four term.
FDBK97247,CUST107417,2022-05-06,4,Military partner price interview that.,Few down be.
FDBK97248,CUST108900,2021-06-14,1,Nor thank money which ok.,Station office describe.
FDBK97249,CUST109502,2023-01-04,4,Assume national huge dinner performance smile.,Stop for program affect.
FDBK97250,CUST100721,2023-01-12,4,Song bag agency degree perhaps. We those whether.,Nation church thank over.
FDBK97251,CUST109909,2022-05-17,3,Probably glass one collection agree cell box.,Law you including power.
FDBK97252,CUST102123,2023-12-24,1,Color identify fall check sound growth.,Fill huge record.
FDBK97253,CUST107934,2023-04-29,4,Final role career economy.,Scientist south couple unit.
FDBK97254,CUST108023,2023-08-19,4,Everybody something decade which difficult.,Head item recent word relate.
FDBK97255,CUST102215,2023-02-24,5,Site with represent situation present.,His certain heavy.
FDBK97256,CUST104871,2021-05-13,4,Then six work floor citizen do structure free.,Late yard despite loss.
FDBK97257,CUST105145,2023-03-08,4,Particular inside have story top ball.,Current possible wife leave.
FDBK97258,CUST109972,2021-12-09,3,Newspaper in amount chance free arrive.,To value Mrs experience.
FDBK97259,CUST108654,2023-12-07,5,Large sit phone top music.,Then move weight education.
FDBK97260,CUST100649,2021-10-23,5,Answer water drive.,Nature another on stock leg.
FDBK97261,CUST107653,2022-01-20,4,Pass near take sit suddenly. While account today.,Lot law admit consider.
FDBK97262,CUST106664,2021-06-06,1,Sense personal so western such major.,Modern cut sound term Mr old.
FDBK97263,CUST106480,2021-11-01,2,Cell significant put who impact grow.,Mind adult from fish.
FDBK97264,CUST106497,2023-10-19,1,So society main fish crime commercial strong car.,I space receive.
FDBK97265,CUST104821,2021-11-26,1,Hotel news physical live.,Spend fear Republican happen.
FDBK97266,CUST108584,2023-11-06,1,Government tonight record as.,That seem hold.
FDBK97267,CUST106405,2022-06-11,4,Issue teach make board mention after.,Science picture short.
FDBK97268,CUST107539,2021-11-26,5,Series task though according tax something.,Discuss wonder vote to feel.
FDBK97269,CUST104494,2021-11-22,3,Score modern professor down live table old.,Expert environmental name.
FDBK97270,CUST107111,2022-08-07,5,Thought technology attorney space public sound.,Town condition wish.
FDBK97271,CUST106331,2023-02-18,4,Off across hundred above.,Might you far save ability.
FDBK97272,CUST102109,2023-11-09,5,Half institution from.,Writer reason radio simple.
FDBK97273,CUST105212,2023-06-09,4,News cup produce song choose.,Far technology forget.
FDBK97274,CUST102349,2022-10-18,1,Over stop cut me when partner do.,Show very really chance.
FDBK97275,CUST106893,2022-10-10,2,I agency among beautiful language support.,Practice accept letter apply.
FDBK97276,CUST103849,2022-10-16,5,Take threat cut international skin.,No either decision voice.
FDBK97277,CUST106486,2023-08-04,2,Often call she here.,Chance finish tough.
FDBK97278,CUST105337,2022-09-19,2,Seek room position form detail.,Five there game enjoy.
FDBK97279,CUST104977,2022-10-14,2,Process real range exactly.,Travel foreign rate.
FDBK97280,CUST101147,2022-08-30,4,Participant model again still receive.,Just budget team important.
FDBK97281,CUST105509,2022-12-28,3,Dream room girl card owner stop source.,We worry never.
FDBK97282,CUST103932,2023-11-29,5,Less sense child lawyer since weight finish.,Wear central agree call.
FDBK97283,CUST107921,2021-10-22,1,Finally page his skill. Source call eight.,Former consider she issue.
FDBK97284,CUST103670,2022-09-10,2,Explain easy cover American.,Third safe thought.
FDBK97285,CUST106227,2023-08-02,4,Lose raise open director reality foreign.,Exist dark kitchen after.
FDBK97286,CUST104432,2023-12-03,3,Thus whole whole would there boy book.,Fish true fish keep.
FDBK97287,CUST107740,2021-07-02,3,Away available least understand second.,I professional education.
FDBK97288,CUST106936,2022-06-06,2,Couple baby write. Together tend strategy other.,Half worker necessary.
FDBK97289,CUST109727,2022-05-11,4,Various commercial very too nor.,That we dog consider start.
FDBK97290,CUST102257,2021-11-04,5,Win pass figure capital deep teach.,Take stop military agency.
FDBK97291,CUST109718,2021-12-31,3,Sing successful hit.,Skin station man win coach.
FDBK97292,CUST105438,2021-02-17,3,Place election similar break daughter not others.,Writer other tough benefit.
FDBK97293,CUST108676,2022-12-23,2,Cut sea hour rise.,Country painting many final.
FDBK97294,CUST106788,2021-04-16,4,Mean husband level memory Democrat enter feel.,Mean true truth make.
FDBK97295,CUST108973,2021-07-25,4,Political type consumer return.,Point treat dog store pretty.
FDBK97296,CUST108576,2022-03-10,4,Specific staff language whom heavy treatment.,Mind career organization.
FDBK97297,CUST108079,2021-12-25,4,I thought according evening cause.,Life very vote wife.
FDBK97298,CUST106533,2023-04-08,2,Around fly truth strong successful others six.,Open ten nature drive raise.
FDBK97299,CUST102175,2021-12-27,2,Challenge interest face adult next then.,He speech pick win.
FDBK97300,CUST100439,2022-05-25,3,Talk suddenly wear.,We think relate spring watch.
FDBK97301,CUST106807,2023-12-30,3,Painting write one everything care blue current.,Seem act great degree.
FDBK97302,CUST108015,2023-03-14,5,Institution economic few watch well.,Voice manage plan about.
FDBK97303,CUST104375,2023-01-16,1,Include north painting when police.,Recognize term nearly sound.
FDBK97304,CUST105181,2021-07-15,3,Add her hotel consider.,Movement time he unit mind.
FDBK97305,CUST100161,2022-12-08,2,Least politics whole write speech region.,Others to itself.
FDBK97306,CUST109177,2022-07-23,5,Three current look chance us.,Industry home more into air.
FDBK97307,CUST108536,2021-10-13,3,Increase system defense.,Couple rise else actually.
FDBK97308,CUST108194,2023-06-09,5,Market me room.,Today figure politics than.
FDBK97309,CUST105690,2021-11-01,2,Language coach question daughter your.,Pattern artist gas star.
FDBK97310,CUST108707,2021-10-21,4,Piece middle former here education budget.,Large central medical.
FDBK97311,CUST100839,2022-12-11,5,Middle offer continue road.,Boy help sea him picture.
FDBK97312,CUST109803,2021-08-09,4,Major heart determine.,Enjoy cause town happen.
FDBK97313,CUST104991,2023-02-07,1,Class get agreement series learn close.,Involve develop his ok.
FDBK97314,CUST106548,2023-02-16,3,Mr if less.,Others already or.
FDBK97315,CUST107634,2021-11-27,2,Site rule chair share red name area.,Challenge and reason these.
FDBK97316,CUST105945,2021-01-20,5,Sister social audience through.,System any leader lot.
FDBK97317,CUST103257,2022-12-14,4,Left down plan really manage.,View together morning who.
FDBK97318,CUST100864,2021-02-20,2,Yourself good cup turn different activity.,Police whom body both adult.
FDBK97319,CUST107114,2023-07-04,5,Dark hour weight. Shake impact key picture.,List peace hotel.
FDBK97320,CUST103474,2023-09-15,4,Themselves morning parent investment.,Magazine try leave condition.
FDBK97321,CUST101065,2022-04-26,1,Boy soon thing blood.,Sea Mrs hear wear.
FDBK97322,CUST104914,2021-12-20,4,Spend other worker investment.,Just wife check teacher pay.
FDBK97323,CUST109968,2023-01-28,1,My hear record reality lot term.,West box training.
FDBK97324,CUST109274,2021-05-02,4,Ability property pay huge.,Require college TV what.
FDBK97325,CUST102152,2022-06-12,4,Military doctor half chance especially nor.,Seat able everything measure.
FDBK97326,CUST104837,2021-06-07,3,Reason represent during law.,Senior until fast sea.
FDBK97327,CUST109858,2021-09-10,2,Idea son parent back.,Same free own game only.
FDBK97328,CUST108116,2022-11-12,1,Agree growth defense somebody.,Money step discuss real.
FDBK97329,CUST106958,2022-08-15,2,Teacher eye relationship central off.,So edge look study.
FDBK97330,CUST104071,2023-07-14,3,Natural send also here smile similar.,Congress stuff quite.
FDBK97331,CUST102986,2021-10-25,4,Trip since up art.,Toward nice mission.
FDBK97332,CUST102395,2021-08-13,1,Majority policy your might law student.,Young at report every.
FDBK97333,CUST103157,2022-08-21,3,Fire stuff research arm then leave agree peace.,Two necessary dog trip about.
FDBK97334,CUST103958,2022-08-16,3,Purpose two son. Summer large fly type.,Six ever campaign charge as.
FDBK97335,CUST106945,2021-05-02,1,Blood then parent magazine step.,Tree coach prepare security.
FDBK97336,CUST105119,2022-02-28,4,Pressure yeah bar under year fund.,Good camera travel all.
FDBK97337,CUST105279,2023-10-30,1,Blue include edge significant.,Three though card.
FDBK97338,CUST109407,2023-09-18,5,Life report sell another why.,Job exactly exactly.
FDBK97339,CUST102818,2021-04-28,3,Close in themselves operation wonder.,Do blue note concern.
FDBK97340,CUST104809,2023-03-21,5,Couple million model.,Thank know admit I.
FDBK97341,CUST101237,2023-06-14,2,Mrs image conference wide year.,Care visit church.
FDBK97342,CUST103523,2022-04-16,3,Behavior turn lay case economic scientist and.,Before south bar test.
FDBK97343,CUST102431,2023-04-24,4,Use face military as star discover strong.,Student son record month.
FDBK97344,CUST108429,2022-07-22,3,Author scene hotel as school almost common.,Them item subject class red.
FDBK97345,CUST102300,2021-06-07,5,Friend sea about may reduce middle.,War his effect particular.
FDBK97346,CUST103485,2021-02-13,4,Article result deep than specific.,Man land hot material.
FDBK97347,CUST100554,2021-05-06,3,Bit feel down use of this man what.,Lose growth catch.
FDBK97348,CUST103648,2023-03-17,1,Another wish tonight money actually.,Across she opportunity.
FDBK97349,CUST102130,2022-06-24,2,Respond serious play law. Edge idea drop.,Professor almost public.
FDBK97350,CUST100947,2021-09-13,5,Another meet lead on mission see.,News tough since yourself.
FDBK97351,CUST107158,2023-02-26,3,Court leg agent coach air shake drop.,Find whom those side appear.
FDBK97352,CUST109620,2022-03-03,5,We course page loss.,My physical still bag.
FDBK97353,CUST103121,2022-04-01,2,How outside section.,Who allow group.
FDBK97354,CUST102216,2023-11-02,5,Blue price yet image free region.,Care follow pull nature.
FDBK97355,CUST106010,2023-10-05,1,Point eye you much weight.,Range own he.
FDBK97356,CUST108223,2023-10-04,2,Stock mention process son wear everything.,Majority sing hour call also.
FDBK97357,CUST100576,2022-07-08,1,Reach choose population what focus.,Nothing open forward rule.
FDBK97358,CUST101089,2022-07-05,4,Actually table also.,Receive style score sense.
FDBK97359,CUST107280,2022-08-27,1,Attention world message simply entire issue.,Action a travel speak trial.
FDBK97360,CUST105278,2021-01-08,5,Image director watch style owner former.,Return five national.
FDBK97361,CUST104753,2021-12-10,5,Both individual experience ten.,What across trade.
FDBK97362,CUST100362,2023-03-09,2,Everything billion their.,Likely clear at moment short.
FDBK97363,CUST109872,2022-10-31,4,Particularly develop trouble sit.,Something yes at address.
FDBK97364,CUST104871,2023-04-26,1,Have turn change only board.,Stand free serious notice.
FDBK97365,CUST103771,2021-07-27,5,Truth upon mouth win matter evening.,Our low family.
FDBK97366,CUST104662,2021-11-12,5,Movie three short.,Hundred nice Democrat.
FDBK97367,CUST101888,2023-06-17,3,Lot say listen customer staff like sister.,Question real remember high.
FDBK97368,CUST105866,2023-08-16,3,Magazine but important color us around.,Million one phone however.
FDBK97369,CUST106735,2023-01-11,2,Against free you eye pretty particular huge vote.,Increase too investment.
FDBK97370,CUST106894,2021-10-21,2,Heavy thousand amount.,Firm population sister deep.
FDBK97371,CUST106894,2021-02-27,3,Central whose bit court. Nor know thus.,Watch modern performance by.
FDBK97372,CUST108599,2021-06-13,5,Data small history daughter will.,Appear watch your.
FDBK97373,CUST109220,2021-07-10,4,Executive current mother player land yet option.,Social glass work kind go it.
FDBK97374,CUST101240,2022-04-18,4,Religious rock improve father.,Hour someone full level.
FDBK97375,CUST104338,2021-02-01,2,Social cultural understand information however.,Laugh contain order seat.
FDBK97376,CUST101099,2022-04-30,2,Break throughout society research bar up.,Town ready million debate.
FDBK97377,CUST106307,2022-09-13,3,Face day rich myself clearly series.,Pm factor human energy red.
FDBK97378,CUST100960,2023-12-21,3,Performance their leave commercial.,Part me dog pick.
FDBK97379,CUST100418,2021-12-31,4,Son Mrs anyone husband thus you project.,Century heart law military.
FDBK97380,CUST109459,2022-07-16,1,Sometimes yard vote reflect first character.,From human practice.
FDBK97381,CUST101618,2023-04-04,5,Authority Republican none rise.,Sport job new gun.
FDBK97382,CUST103607,2022-07-03,1,Nature decade rest.,Store fact my why.
FDBK97383,CUST103964,2022-03-24,5,Newspaper give like brother them.,Social parent security.
FDBK97384,CUST108627,2021-09-14,4,Movie myself stuff movie beyond maintain.,Skin free idea law.
FDBK97385,CUST108897,2022-07-05,1,Most maybe worker executive he.,She call within food reality.
FDBK97386,CUST108845,2022-03-19,2,National live decide receive property after art.,Skill much should down bar.
FDBK97387,CUST108231,2023-01-09,2,Paper maintain whose drive.,Him although pressure near.
FDBK97388,CUST105870,2022-05-19,4,Point response make sport.,Authority ball man able.
FDBK97389,CUST101787,2023-12-05,4,Admit Mrs itself conference.,Prevent education young you.
FDBK97390,CUST101641,2023-03-08,1,High which half watch between.,Executive long accept manage.
FDBK97391,CUST107531,2023-10-02,2,Authority Congress world move still begin.,Produce picture wear human.
FDBK97392,CUST108178,2021-05-03,2,Decade try everything early detail.,Beat less way gun.
FDBK97393,CUST106381,2022-11-05,1,Health forget true smile have cold her.,Do believe next man its.
FDBK97394,CUST102938,2022-06-26,2,Safe will him onto raise second half.,Single either group detail.
FDBK97395,CUST102688,2023-04-13,1,Believe work population.,Pm arm collection get goal.
FDBK97396,CUST106166,2022-04-17,1,Act represent success learn kind they.,Tonight member together six.
FDBK97397,CUST109984,2023-02-04,4,Pass ground politics end.,Senior author whole hard.
FDBK97398,CUST109771,2021-09-03,3,List recent interview event suddenly.,Reach short soon Mr.
FDBK97399,CUST105996,2023-06-27,4,Interest base education anyone forget.,Particularly bag style those.
FDBK97400,CUST109390,2023-03-24,1,Road receive phone third glass also.,Give many ever message fund.
FDBK97401,CUST101563,2022-01-23,1,Mind rise single cover practice either list.,Give board mention plan.
FDBK97402,CUST100479,2022-02-28,2,Economy central just house.,Last her within run series.
FDBK97403,CUST102681,2021-09-29,2,Need gas note easy world source best.,Minute shake but person.
FDBK97404,CUST109814,2021-07-01,4,Owner present indicate national.,Half point everything radio.
FDBK97405,CUST101890,2021-09-23,4,Hotel technology trip later lay start author.,Indicate case at treatment.
FDBK97406,CUST105147,2021-01-05,3,Fill push glass picture plan.,See stop writer.
FDBK97407,CUST102500,2023-04-12,5,Score by everybody authority against nation.,Order recent protect game.
FDBK97408,CUST103566,2023-01-03,3,Generation late face level especially.,Fly national my yeah.
FDBK97409,CUST102227,2022-01-07,1,Ago help whose among move sometimes deep.,What language know true now.
FDBK97410,CUST106063,2021-08-15,4,Tough possible best important.,Wish feeling dark drug ago.
FDBK97411,CUST102576,2023-02-21,4,Agree movement new drive action arrive smile.,Eye prepare no themselves.
FDBK97412,CUST103204,2022-08-04,3,Manage writer miss.,Floor factor top yet find.
FDBK97413,CUST106328,2021-10-11,3,Modern science wall house avoid still.,Truth now enter building.
FDBK97414,CUST109183,2023-11-18,2,Risk author section and.,Understand since budget so.
FDBK97415,CUST104056,2022-02-27,3,Everything maintain rise window power.,Green the particular none.
FDBK97416,CUST109633,2022-04-22,1,Traditional enter local front health.,Politics course field.
FDBK97417,CUST108753,2023-01-12,2,Many teach cause box carry above.,Need eye father practice.
FDBK97418,CUST109344,2023-06-21,2,First window area add yard.,Baby page business long end.
FDBK97419,CUST106017,2022-01-01,2,Along matter customer. Long phone say stand.,Claim exist know half.
FDBK97420,CUST108081,2023-06-04,3,Become ahead human center a sound.,Wall indicate cup.
FDBK97421,CUST108204,2022-09-09,5,Data against animal north tell next.,Time crime from life.
FDBK97422,CUST102453,2022-12-03,5,Before likely manager feeling task enter matter.,Along food expect.
FDBK97423,CUST100646,2021-04-22,4,Way treatment network Mrs already statement stop.,Early finish score major art.
FDBK97424,CUST101695,2021-10-09,4,Focus head play reveal with war close.,Affect whether change trial.
FDBK97425,CUST100705,2023-02-21,4,Letter draw institution or serve herself.,Want standard from kind.
FDBK97426,CUST108118,2023-09-08,1,Idea toward accept. Director game give pass.,Shoulder upon cup.
FDBK97427,CUST104334,2023-10-01,5,Worker point pressure around instead.,Four country day subject.
FDBK97428,CUST105936,2021-05-19,4,Sport rather quality speech test.,Voice yes us others change.
FDBK97429,CUST107427,2022-08-13,3,Market bar possible news.,Ready arm lay lead.
FDBK97430,CUST101437,2021-06-17,3,Beyond so oil time.,Board produce ten level.
FDBK97431,CUST104971,2022-09-07,1,Course key increase finally argue.,Build great report which.
FDBK97432,CUST104149,2023-10-06,5,Ability somebody road success.,Use debate job magazine his.
FDBK97433,CUST106429,2023-03-06,2,Rich town positive baby certainly citizen.,Everything girl watch.
FDBK97434,CUST107919,2021-02-09,2,Company human prove future explain.,Special along move care.
FDBK97435,CUST108492,2021-01-24,5,Either fill produce suddenly.,Happen fear single certainly.
FDBK97436,CUST107696,2022-02-03,2,Movie impact establish major work happy.,Some major past enough baby.
FDBK97437,CUST104575,2021-04-21,5,Picture way claim.,Oil gas stay.
FDBK97438,CUST106555,2021-03-10,3,Safe build safe technology amount gas out.,How key tell new.
FDBK97439,CUST103416,2021-03-14,1,Long teacher computer.,Fine cup southern at pretty.
FDBK97440,CUST101950,2022-12-11,3,Feel because pass decide.,May study floor while.
FDBK97441,CUST107854,2023-04-18,4,Song bag them including investment.,Use arm executive if.
FDBK97442,CUST101242,2022-01-13,4,Strong chance send drug my model doctor to.,Memory fly act.
FDBK97443,CUST105891,2021-05-06,1,Occur question door authority pass.,Whole impact color wonder.
FDBK97444,CUST100327,2022-03-02,1,Treatment effort strategy career.,Tree he suggest them.
FDBK97445,CUST104536,2023-06-09,1,Total understand vote growth.,Among least better south far.
FDBK97446,CUST101809,2021-09-28,3,Stock win stuff long four any.,Later rest list indicate.
FDBK97447,CUST109078,2021-07-21,1,Business civil issue hundred nice by senior.,Sister bed without.
FDBK97448,CUST106562,2022-02-08,3,Much future if none or.,Up identify each should.
FDBK97449,CUST101610,2022-10-18,4,Structure us food husband care visit.,Item enough mouth range us.
FDBK97450,CUST109124,2023-05-16,2,Child economic suddenly affect.,Speech sure care.
FDBK97451,CUST109995,2022-07-25,2,Sport stock teach thus bad card blood.,News position support.
FDBK97452,CUST102364,2022-03-31,3,Score nothing anything coach. Few movie stuff.,Believe fire teacher trouble.
FDBK97453,CUST109530,2021-07-14,4,Growth security piece. Rich attention some put.,Nice crime check feeling.
FDBK97454,CUST108263,2023-09-08,5,Write imagine challenge TV travel.,Detail this miss including.
FDBK97455,CUST100042,2021-12-31,5,Fish imagine energy.,Know adult guess.
FDBK97456,CUST102368,2022-11-29,5,Class life as accept.,Red decide street case.
FDBK97457,CUST105921,2022-06-04,4,Join travel red nearly former example.,Walk growth seat sing.
FDBK97458,CUST107067,2022-04-27,4,Company actually get. I read author idea section.,Do message believe.
FDBK97459,CUST106976,2021-01-23,1,Mrs discuss boy heavy.,Admit easy model.
FDBK97460,CUST100161,2021-07-29,5,Central prove compare help.,Role hard fish style.
FDBK97461,CUST104539,2023-08-22,2,Beautiful identify option wait.,Than size tonight.
FDBK97462,CUST105655,2023-09-30,2,Fish me into within try firm.,Name long group food class.
FDBK97463,CUST101643,2021-06-19,5,Including she perform could single.,Outside paper situation form.
FDBK97464,CUST106296,2022-07-07,3,Stand pull lot treat sometimes.,Direction for part live.
FDBK97465,CUST107588,2021-08-30,2,Big that business over. Man PM night that.,Away tax eat interest.
FDBK97466,CUST109612,2023-08-13,4,While summer laugh.,And decide weight pick.
FDBK97467,CUST102003,2022-04-17,5,Might lose which simply along.,Water wall minute eye.
FDBK97468,CUST104894,2023-01-17,2,Street teach knowledge meet significant light.,Social happen nearly area.
FDBK97469,CUST108130,2021-01-07,1,Hit kid box voice author. Leader father spend.,Seven follow camera write.
FDBK97470,CUST104524,2023-12-05,1,Present several enjoy ago subject car.,Letter identify heart.
FDBK97471,CUST108865,2023-03-18,4,Last indeed manage process.,Night federal view cell.
FDBK97472,CUST102546,2022-02-06,3,Other late church cold family money big need.,Floor west newspaper.
FDBK97473,CUST103845,2023-09-14,1,Staff start age place wind often seek.,Himself finish notice.
FDBK97474,CUST106498,2023-11-07,3,Section happy write certainly few learn pay.,Process hour for wind many.
FDBK97475,CUST104345,2022-02-12,3,Whose when surface its easy day way.,Hot way team political apply.
FDBK97476,CUST107025,2021-02-26,1,Factor deep per man write response.,Kind sure including.
FDBK97477,CUST108359,2022-01-10,2,Join measure discover century smile keep key.,Whose member prove goal.
FDBK97478,CUST109356,2022-05-23,3,South increase computer cell.,At president picture.
FDBK97479,CUST108809,2021-09-29,2,Party place peace. Scene poor card test.,Hour sense player look.
FDBK97480,CUST105565,2022-07-31,5,Play hand rule scientist recent.,Themselves cell bag sport.
FDBK97481,CUST104332,2021-10-06,5,Drive imagine effort mean push national.,Create imagine woman up.
FDBK97482,CUST103767,2022-12-01,3,That enjoy whom heart staff view charge.,Course only ahead answer its.
FDBK97483,CUST106443,2023-05-28,1,Range herself our wrong plant could yard reduce.,Send table a.
FDBK97484,CUST102779,2023-03-22,4,Fill think foreign material citizen small hand.,Rich black top size.
FDBK97485,CUST105077,2023-11-12,1,Agreement public north charge.,Behind within tend yet.
FDBK97486,CUST101461,2023-05-31,2,Record floor medical student floor decision.,Whether tree produce talk.
FDBK97487,CUST105137,2021-10-28,2,Piece hear hundred different glass enjoy west.,Our song each opportunity.
FDBK97488,CUST106583,2022-01-10,4,Event police task material around often make.,Their term go song wear.
FDBK97489,CUST105984,2023-07-25,3,Threat civil maybe page situation base.,Clear lead play.
FDBK97490,CUST100746,2022-08-13,5,Its share against technology kitchen page.,Simple beyond test space.
FDBK97491,CUST102244,2023-10-13,3,Century yard risk this wide.,Describe time edge.
FDBK97492,CUST101407,2023-12-03,4,Piece include name fish.,Hot resource movie finish.
FDBK97493,CUST103595,2021-09-10,3,General well whom board radio across.,Customer middle yeah.
FDBK97494,CUST109231,2023-10-03,1,Father cup effect why popular affect realize.,Three factor wall scientist.
FDBK97495,CUST106073,2022-06-11,1,Ground win sign billion charge save two.,Should many inside way task.
FDBK97496,CUST105853,2022-08-21,4,Positive thought check improve have by.,Learn evidence economy some.
FDBK97497,CUST104369,2021-05-17,1,Under relate project both example.,Rise hear two.
FDBK97498,CUST107194,2021-12-17,1,Final key anything audience success need.,Consider born day area green.
FDBK97499,CUST107534,2021-02-27,5,Company check put safe test.,Structure size here.
FDBK97500,CUST109975,2023-06-07,4,Bed agree car so over data.,Huge fire section score over.
FDBK97501,CUST108714,2021-05-13,2,Modern note population when six.,Site those consider such.
FDBK97502,CUST108992,2021-07-11,3,Cut station carry feel consider.,Source listen fire speak.
FDBK97503,CUST108407,2023-04-29,2,Send several price their. Mission head building.,Kitchen almost same eight.
FDBK97504,CUST101272,2021-06-09,2,Especially benefit mention movement hair leg.,Art eat family.
FDBK97505,CUST101452,2023-01-24,5,Seem future skill.,Church last suddenly for.
FDBK97506,CUST107832,2023-03-10,5,Stand major mention decade. Child woman ok.,Tax often same crime.
FDBK97507,CUST103214,2023-07-12,1,Doctor heavy sign outside not first laugh.,Find mean music our they.
FDBK97508,CUST104549,2023-03-05,2,Run look sure rock half.,Or those economic board.
FDBK97509,CUST108553,2021-06-29,4,Hundred front city provide mention hit range.,Federal poor if here decade.
FDBK97510,CUST103739,2023-02-12,3,Beautiful none region generation generation.,Past hour way sure Mrs sea.
FDBK97511,CUST105047,2021-02-20,1,Thought forget guy woman.,Left father why different.
FDBK97512,CUST100267,2023-01-27,4,Picture discover way focus million few.,I international find within.
FDBK97513,CUST109856,2021-12-29,1,Anything college author few must large pull way.,Either door like participant.
FDBK97514,CUST102041,2023-03-02,4,Little break have civil.,Bill arm green.
FDBK97515,CUST105787,2023-12-24,1,International national two.,Look eight card read.
FDBK97516,CUST107760,2023-05-01,3,Someone least nature yard.,Movie sea sit.
FDBK97517,CUST100968,2022-12-04,4,Trial collection American left dinner reflect.,Land admit participant find.
FDBK97518,CUST109146,2023-10-13,1,Ground western apply.,Near east environment add.
FDBK97519,CUST104210,2021-09-04,3,Home save north career near.,Edge hope provide.
FDBK97520,CUST101389,2021-09-04,3,Hair program sense animal politics customer.,Of degree smile rest wind.
FDBK97521,CUST108522,2021-09-08,3,Number want minute.,Movement such focus hotel.
FDBK97522,CUST108850,2023-05-20,1,Agree care network I room own beyond.,History image gas others.
FDBK97523,CUST101647,2021-12-13,4,Side example item building.,Camera major college require.
FDBK97524,CUST104725,2021-04-10,5,Herself stand instead population.,Stock future dog expect.
FDBK97525,CUST109953,2023-09-15,5,College building really weight team performance.,Break final shoulder order.
FDBK97526,CUST105178,2021-05-13,4,Whole perform coach development half.,Including firm shake citizen.
FDBK97527,CUST101224,2022-07-19,3,Continue time group add. Care hope indeed idea.,Present heavy expert full.
FDBK97528,CUST104946,2021-09-20,1,Eye three rich difference probably.,Term however study nor.
FDBK97529,CUST101944,2023-05-30,2,Seven federal hospital culture.,Their fill also best.
FDBK97530,CUST106811,2022-05-06,2,Operation story size dog different film.,Garden blue door Democrat.
FDBK97531,CUST102016,2023-06-27,3,According authority mind tend.,Line rest call break billion.
FDBK97532,CUST105418,2023-12-06,4,Past science week magazine nice treat resource.,Fast everything hotel.
FDBK97533,CUST108717,2022-03-26,1,Agency PM great final. Land exactly represent.,Son doctor control interest.
FDBK97534,CUST103806,2022-11-29,4,Stuff bit vote professional low eye onto evening.,Any sister executive back.
FDBK97535,CUST109340,2021-07-12,3,Expect check smile understand shake born.,Hand few perhaps dark.
FDBK97536,CUST109178,2023-04-09,1,Country bill home certain scientist.,Side dog good give mean.
FDBK97537,CUST102201,2021-07-20,5,Message enjoy lead popular manage above.,All shake shoulder wonder.
FDBK97538,CUST100193,2023-06-06,4,Six drug on west next.,Show maintain rise.
FDBK97539,CUST108255,2021-04-21,4,Doctor now religious stop house southern.,Draw way tree stand middle.
FDBK97540,CUST107841,2023-10-31,3,Game new not market.,Group yard buy them use.
FDBK97541,CUST103894,2023-09-17,4,East behavior nation security doctor movie then.,Listen science certain.
FDBK97542,CUST100104,2022-01-13,3,Statement report range.,Risk behind for full just.
FDBK97543,CUST102741,2021-09-22,5,Break method model season social television.,Learn find thousand election.
FDBK97544,CUST107096,2023-05-19,3,Public find though mean.,Tell figure describe people.
FDBK97545,CUST107970,2021-02-06,3,Any agent local stay remember bank attention.,Public cut involve must.
FDBK97546,CUST103171,2023-08-29,1,Care write here continue wall sound act.,Alone full him certain.
FDBK97547,CUST109114,2022-11-27,4,Charge little eat room.,Already less offer all.
FDBK97548,CUST107539,2021-09-17,3,Mother value social scene inside.,Money almost let heart.
FDBK97549,CUST104188,2023-07-23,3,Air summer describe treatment well.,Gas see herself way time.
FDBK97550,CUST107135,2023-05-03,1,Section teach room fire low.,Thing point hold where off.
FDBK97551,CUST106995,2022-05-02,1,Back movie listen keep.,End all population determine.
FDBK97552,CUST101522,2022-03-18,4,Who third scientist game today close.,Recently member you.
FDBK97553,CUST108265,2022-06-15,1,Performance agreement improve capital yourself.,Second about from toward.
FDBK97554,CUST108145,2021-04-26,4,That family why give wife.,Current listen eight song.
FDBK97555,CUST107897,2023-03-19,4,Quality beyond easy safe again.,Trouble man listen marriage.
FDBK97556,CUST102790,2023-12-24,2,Figure force page several city wife rather.,Later all mother serious.
FDBK97557,CUST109318,2021-11-18,2,Once program sign alone necessary keep.,Should director I hit can.
FDBK97558,CUST103457,2021-01-25,3,Side ever student nothing Mrs believe.,Present enough reflect local.
FDBK97559,CUST106869,2022-08-07,4,Well list your behind. Church never call partner.,Green may half break music.
FDBK97560,CUST105785,2023-08-12,4,Actually soon instead red whose.,Effect third artist which.
FDBK97561,CUST106038,2023-08-31,2,Leg amount democratic pressure.,Eat all through live person.
FDBK97562,CUST100497,2023-04-23,1,Pattern body tell anything scene must.,Apply seat evening section.
FDBK97563,CUST102228,2023-09-10,1,Bank allow artist surface.,Author after doctor not.
FDBK97564,CUST101596,2023-03-29,1,Or finally quickly add off together.,Girl for course example.
FDBK97565,CUST103241,2021-09-05,4,Democratic community indicate.,Idea marriage defense tax.
FDBK97566,CUST108058,2023-03-11,2,Avoid art cup. Event step herself voice tonight.,Not school quickly line.
FDBK97567,CUST105375,2021-03-14,5,Up teach technology far.,Work cause idea play.
FDBK97568,CUST106062,2021-03-10,2,But determine forget she.,Present kind end family.
FDBK97569,CUST100798,2022-10-19,3,Speak stay yes. Push yeah seem page range.,Board different message.
FDBK97570,CUST106457,2023-11-25,1,Main while part suddenly blood sea capital.,Feeling teach out stage rate.
FDBK97571,CUST105390,2023-10-31,1,Avoid especially music big teacher similar.,Site role player.
FDBK97572,CUST105513,2021-12-07,4,Song what TV however feeling message six.,Lead account above one.
FDBK97573,CUST100106,2021-05-06,3,Fill into nice single. Interesting if reduce for.,Central various must hold.
FDBK97574,CUST101877,2023-02-01,2,Actually space popular arm.,Know director his think.
FDBK97575,CUST100755,2021-06-03,4,Second production office item research require.,Process south tend.
FDBK97576,CUST106241,2021-09-21,5,Current country maintain.,Style either son bill.
FDBK97577,CUST106247,2022-02-26,1,Example read a low decade discover.,Hospital discussion thing.
FDBK97578,CUST102232,2021-07-28,5,First crime study difficult.,Every leader you soon.
FDBK97579,CUST104040,2022-04-12,1,Air heavy community human matter.,Teacher wide red father she.
FDBK97580,CUST108717,2022-07-30,1,Interesting question center method.,Fall get bill language dark.
FDBK97581,CUST108275,2023-08-12,3,Sister night else likely. Note it call south.,Spend all player take.
FDBK97582,CUST107744,2022-06-30,3,Build away address character fire make.,Often side ok father gas.
FDBK97583,CUST105081,2021-08-08,4,What poor art tree within. Same eye which remain.,Parent career energy only.
FDBK97584,CUST100527,2023-03-23,3,Employee fast couple sure not.,Money buy talk out stuff.
FDBK97585,CUST108873,2021-03-17,1,Group challenge business suffer rise ten site.,Middle within draw require.
FDBK97586,CUST105581,2022-02-21,2,Among maintain there find point another pretty.,Own issue off pattern.
FDBK97587,CUST101394,2023-10-24,1,Safe affect people third. Respond hundred any.,Or town hope address home.
FDBK97588,CUST103736,2021-06-03,2,Mrs six pay find image thing activity.,Short across sea class four.
FDBK97589,CUST109263,2023-03-02,3,Modern particularly consider agency improve.,Rule choice image.
FDBK97590,CUST101642,2023-08-11,5,Unit market reason space vote father.,Send store toward.
FDBK97591,CUST105684,2022-02-26,5,Possible of art sing food executive property.,Size that play change.
FDBK97592,CUST101153,2022-12-07,3,Pretty financial woman support effort.,Care those identify move see.
FDBK97593,CUST108146,2022-02-12,5,Begin action live watch.,Fire produce teach least hot.
FDBK97594,CUST108424,2021-02-22,2,Collection cut teach threat once.,Nation accept former.
FDBK97595,CUST108074,2022-07-01,5,Offer arm adult go.,Open serve social turn rule.
FDBK97596,CUST108923,2022-02-15,2,Avoid notice but garden left activity.,Consumer body it as cut turn.
FDBK97597,CUST105355,2022-09-28,3,Call task third report less audience full.,Whatever carry cover.
FDBK97598,CUST103476,2022-03-27,3,Cost ground picture program.,Either collection economy.
FDBK97599,CUST105034,2021-03-19,5,Care whose can phone fight most.,Edge week nothing it about.
FDBK97600,CUST107207,2023-04-01,1,Rise thank admit feel.,Program our space foot.
FDBK97601,CUST109896,2023-01-11,4,Step southern thus watch tree direction.,Senior data himself decade.
FDBK97602,CUST109438,2021-01-25,5,Set anyone anyone read fight born east.,Fall with pretty party mind.
FDBK97603,CUST108216,2023-11-19,3,Office least computer fish success.,Land summer stop continue.
FDBK97604,CUST105302,2023-03-04,3,Possible her prepare sure.,To oil court about.
FDBK97605,CUST102942,2021-09-15,3,Wall new decide return economic.,Home cold direction maybe.
FDBK97606,CUST103895,2023-03-14,4,Make firm past fill.,Mission truth seat today.
FDBK97607,CUST100171,2021-03-24,4,Dream accept budget right executive.,Single ok white assume.
FDBK97608,CUST107062,2023-10-18,1,Store ahead deal might somebody.,Case to soldier sister.
FDBK97609,CUST105701,2022-10-29,4,Surface catch then entire plan.,Level program bill small.
FDBK97610,CUST107802,2023-01-28,3,North charge hot maybe material tonight with.,Appear gas leg.
FDBK97611,CUST104239,2022-09-26,5,For step generation.,Reality site agent kitchen.
FDBK97612,CUST108386,2021-07-16,4,Want attorney deep exactly room thing that.,Able beat into.
FDBK97613,CUST100138,2023-04-20,3,Teacher drug technology base top matter word.,Whose amount suddenly store.
FDBK97614,CUST103734,2023-03-20,5,Head tend grow people prove west writer.,Mission situation seven care.
FDBK97615,CUST101638,2021-12-30,4,Increase always return mouth girl air.,Option include before.
FDBK97616,CUST100231,2022-02-07,4,Class field tend book. Meet term later debate of.,State hundred operation.
FDBK97617,CUST106553,2023-06-26,2,Fight itself happen air talk group impact.,Job identify finish sort.
FDBK97618,CUST105171,2023-11-06,4,These visit teach sign.,Suddenly put section.
FDBK97619,CUST101595,2021-01-18,4,Long time writer or teacher.,Front add wait avoid station.
FDBK97620,CUST104447,2022-01-31,1,Hard huge statement set food add president most.,Right create give wife out.
FDBK97621,CUST106990,2022-08-28,3,Parent strategy not sing pick apply some.,Eat wind outside whether.
FDBK97622,CUST109278,2021-09-11,2,Another decision every without address last.,Two easy radio should.
FDBK97623,CUST104693,2021-03-14,4,Blood oil gun discover major.,Continue probably who.
FDBK97624,CUST103877,2021-08-26,3,Require life student above woman education item.,Agent friend phone remember.
FDBK97625,CUST107122,2022-11-01,4,Research thought few act like. Fly will listen.,Guess cause particular.
FDBK97626,CUST107529,2023-04-11,1,Fund anyone ball. Wish sell me appear.,Stage lay general sea.
FDBK97627,CUST108830,2021-08-17,1,The book ok something push fact her.,Bar friend nothing until.
FDBK97628,CUST106783,2021-07-22,3,Customer agree almost audience east moment.,About relationship skin.
FDBK97629,CUST109498,2021-05-08,5,Cup event power family.,Foot instead up.
FDBK97630,CUST107969,2022-04-13,4,Adult throughout thought test ball feel subject.,Personal trial animal carry.
FDBK97631,CUST106946,2021-04-16,5,Whom admit few everybody black.,Customer head pattern.
FDBK97632,CUST106504,2021-04-13,3,Exist toward hard process success raise learn.,Address baby sing late.
FDBK97633,CUST107767,2023-01-17,2,Public act television.,Benefit line feel task ago.
FDBK97634,CUST101854,2021-04-29,2,Low cause talk couple drug camera say.,For once public.
FDBK97635,CUST108513,2021-01-15,4,Strategy those economy couple who.,Station yet dream.
FDBK97636,CUST105263,2021-05-10,4,Standard sport future so boy.,Same present soldier cost.
FDBK97637,CUST106000,2021-06-26,2,Will see himself standard time Republican expert.,Energy dinner single.
FDBK97638,CUST101149,2021-09-12,1,Degree whole institution start stage.,Fast situation effort.
FDBK97639,CUST106073,2023-02-12,4,Usually involve cultural enter onto ago.,Couple bank point author lay.
FDBK97640,CUST100711,2021-04-23,3,Teacher describe expect. Hope check development.,Career line run move.
FDBK97641,CUST107100,2021-06-02,4,Recently media mean she less.,Deep reduce air standard.
FDBK97642,CUST103982,2023-09-15,3,Rise really according ok event produce.,Race type today many.
FDBK97643,CUST104838,2021-12-26,2,Finish product cause may.,Manage student human action.
FDBK97644,CUST108770,2022-08-10,4,Concern Mrs your meeting guy help.,One man design son.
FDBK97645,CUST103611,2021-11-01,1,Available public newspaper particular into.,Most doctor director.
FDBK97646,CUST103916,2021-02-22,3,Follow scientist successful hospital.,Approach company add.
FDBK97647,CUST103512,2023-12-25,1,Hotel must civil instead.,Their parent successful.
FDBK97648,CUST101283,2022-08-18,3,Idea current base across.,Media herself music trip.
FDBK97649,CUST107780,2023-03-29,5,Poor statement fly show yard edge generation.,Federal include expert.
FDBK97650,CUST104583,2021-12-13,1,Situation behavior body discuss.,Eye writer often.
FDBK97651,CUST104975,2023-05-01,1,Speech those majority hand.,Way become send red.
FDBK97652,CUST101098,2023-06-18,1,Effort civil expect relationship small provide.,Know minute front doctor.
FDBK97653,CUST107050,2022-05-31,1,Turn argue ask never.,Be second third member.
FDBK97654,CUST104159,2021-06-07,1,Loss nice increase particularly.,A nation realize.
FDBK97655,CUST100381,2021-09-01,2,Now record prove health though alone mouth.,Collection people something.
FDBK97656,CUST101035,2021-09-14,4,Then attack news area but.,Again store national discuss.
FDBK97657,CUST107767,2021-05-30,1,Program medical note.,Suffer white bar shake bad.
FDBK97658,CUST106738,2022-06-13,5,Concern under nation role improve government pay.,Reality them hold evening.
FDBK97659,CUST107394,2023-04-21,3,Nor future down everyone actually.,Off if election nature your.
FDBK97660,CUST105139,2023-08-07,2,Accept good reality safe no.,Gun music job term step wind.
FDBK97661,CUST107691,2023-08-05,4,Thing up pay subject never. Exist clearly law.,Sit forward dog happy.
FDBK97662,CUST107983,2021-04-14,2,Sort pattern Mr life simply.,Certain ten information fast.
FDBK97663,CUST102918,2021-04-20,2,Art form nice amount.,Somebody commercial cold.
FDBK97664,CUST103454,2023-08-17,5,Career best cup sister use.,Walk sing strong build.
FDBK97665,CUST108711,2023-11-06,4,Do recently him land shoulder.,Attorney become it how.
FDBK97666,CUST107682,2023-06-17,5,Debate camera if when including this score.,Particularly wait son kind.
FDBK97667,CUST106192,2021-09-05,5,Hope money language can leave.,Move owner until any.
FDBK97668,CUST108941,2021-12-30,4,Believe force rise those when.,Major vote goal interview.
FDBK97669,CUST101190,2022-01-18,2,Goal section reveal lead type none force staff.,Food enough me.
FDBK97670,CUST103002,2021-02-15,2,Audience sometimes share other.,Particularly other five.
FDBK97671,CUST105957,2023-09-08,2,Manager piece event push.,Vote will window beautiful.
FDBK97672,CUST102593,2023-01-31,5,Easy her view choice off.,Democrat late sure rock.
FDBK97673,CUST100661,2021-11-21,4,Machine manager right bank rich issue.,Executive call word dinner.
FDBK97674,CUST106110,2021-12-14,2,Between education about tree generation I assume.,Bag shake few effort garden.
FDBK97675,CUST109482,2023-11-12,3,Focus affect response despite pretty agent.,Everyone after quickly.
FDBK97676,CUST100705,2021-09-29,5,Throw coach traditional age or with ok.,Article push point dinner.
FDBK97677,CUST102747,2022-09-12,1,Cost career part him machine.,May share speak if police.
FDBK97678,CUST101303,2022-03-13,2,Its person imagine cultural apply.,Live become must our its.
FDBK97679,CUST108262,2023-02-12,5,Color she hot decide nearly strong.,Author both feel two.
FDBK97680,CUST100563,2022-04-05,4,Cell stop story imagine theory relate guess pass.,View once movement cell do.
FDBK97681,CUST109779,2023-01-17,4,Fear compare those reason where.,Good toward trade occur.
FDBK97682,CUST109940,2023-04-04,1,Inside look free.,Three certain leader should.
FDBK97683,CUST107199,2021-01-22,2,Over produce act hair her speak.,Well total pattern safe than.
FDBK97684,CUST108619,2022-09-10,1,Weight relationship trouble strategy that.,Baby remain election through.
FDBK97685,CUST109451,2023-09-24,4,Deal head get what party against.,So star boy.
FDBK97686,CUST102354,2022-03-22,2,Institution more party within.,Perhaps social fly woman eat.
FDBK97687,CUST100942,2021-12-30,3,Author hundred live guess wind exist person.,Fish inside style.
FDBK97688,CUST104768,2023-10-24,3,Message difference new base project.,Own partner little.
FDBK97689,CUST100983,2022-01-04,3,Table rather same already. Dinner head bed watch.,Blue between against.
FDBK97690,CUST108949,2022-07-31,1,Policy garden contain discussion chair.,Of prevent social approach.
FDBK97691,CUST103190,2023-12-29,2,Bill scientist economic anything.,Cost leader today into of.
FDBK97692,CUST109253,2021-07-11,3,Various them bar experience.,Purpose start water sea.
FDBK97693,CUST100752,2022-10-25,1,Ball month run thousand however stock commercial.,Financial sister too eye six.
FDBK97694,CUST104259,2022-05-09,2,Age trip concern.,Season course fish.
FDBK97695,CUST105557,2021-06-29,4,Expert scientist until challenge.,Media who each maybe check.
FDBK97696,CUST108527,2021-05-16,3,Like sort president discover. Or threat a.,Have risk their theory.
FDBK97697,CUST109240,2021-03-18,3,Sit character before necessary budget.,Same space article your.
FDBK97698,CUST109797,2022-11-17,1,Word organization indeed whose around.,Sea boy adult.
FDBK97699,CUST103045,2021-01-24,1,Add brother focus environmental pretty.,Value debate anyone cut same.
FDBK97700,CUST104682,2022-03-03,3,Despite site often realize nature generation.,Build city since grow.
FDBK97701,CUST108220,2022-03-13,4,Have paper yes painting or tell peace.,Southern avoid have hold.
FDBK97702,CUST106834,2021-04-06,1,Save lawyer how provide.,Who successful by staff.
FDBK97703,CUST100739,2023-09-15,1,Business our young art sing beat.,Cup go media wall.
FDBK97704,CUST100026,2023-10-24,3,Traditional our in goal teach.,Relationship stay national.
FDBK97705,CUST102886,2022-10-30,1,Color bar property.,Risk fine in my.
FDBK97706,CUST103592,2022-12-20,3,Drug doctor wonder heart itself writer born key.,Floor southern try soldier.
FDBK97707,CUST107767,2023-06-20,3,Top certainly open study early.,Article him machine someone.
FDBK97708,CUST109627,2023-12-02,2,Day data along ability despite hair suffer.,Unit economy believe several.
FDBK97709,CUST109838,2022-12-01,1,Wife small where much sit.,Treatment save home site.
FDBK97710,CUST100402,2023-04-03,3,Yourself language research.,Majority future join.
FDBK97711,CUST109486,2023-07-08,1,Ok company read system marriage me easy.,Simply vote artist assume.
FDBK97712,CUST103888,2022-03-16,5,With heart bag win sister back.,Sign quite peace how eye.
FDBK97713,CUST108077,2022-09-20,5,Along entire trade president become.,Offer soon manage.
FDBK97714,CUST105777,2022-04-24,5,Ever hotel defense audience guess red.,Here war per someone talk.
FDBK97715,CUST104869,2023-09-13,2,Parent tough form involve.,Themselves read per where.
FDBK97716,CUST107646,2021-10-26,2,On leg level agreement best radio.,Different drive end.
FDBK97717,CUST108212,2021-12-23,5,Catch pick maintain call agreement.,Thing tax find improve.
FDBK97718,CUST104886,2021-04-16,4,Own box together try.,With fly green.
FDBK97719,CUST109104,2023-03-19,1,Marriage nation develop site discuss production.,Green reveal accept employee.
FDBK97720,CUST105670,2023-09-18,2,Day important drug share tough.,Accept house subject.
FDBK97721,CUST107685,2023-01-10,3,Past write least form.,Least raise image.
FDBK97722,CUST102368,2023-02-18,1,Always pass seat.,Realize lead ball.
FDBK97723,CUST106801,2022-11-05,3,Those can quickly agreement gas around along.,Back a technology term test.
FDBK97724,CUST104898,2021-02-09,4,School house image themselves.,Decision benefit set right.
FDBK97725,CUST105482,2022-10-16,2,Value carry lay accept.,Sense which still yourself.
FDBK97726,CUST101582,2022-10-15,3,Sit card page system once environment.,Fly where president.
FDBK97727,CUST101602,2023-03-21,5,Other appear back perform special well.,Way sea cell new improve.
FDBK97728,CUST109346,2022-06-04,2,Some successful skin direction.,Contain anything better.
FDBK97729,CUST108401,2023-09-21,3,Challenge main until large policy analysis.,Piece final response brother.
FDBK97730,CUST100548,2021-08-10,2,Although she training bit paper.,Always after environment key.
FDBK97731,CUST105621,2023-03-06,3,Across instead measure attention.,Believe young they any.
FDBK97732,CUST100987,2022-07-29,5,Reach everyone between finish.,Phone loss agency size.
FDBK97733,CUST102319,2023-12-20,5,Well him clear future. Available build just give.,Book raise term north season.
FDBK97734,CUST103986,2021-06-17,3,How in president could.,Race industry image number.
FDBK97735,CUST101239,2021-01-30,3,Remain focus actually knowledge discover.,Skin clear few reach.
FDBK97736,CUST108211,2023-04-17,2,Leave minute article parent help able wind.,Above interview a.
FDBK97737,CUST103931,2023-09-02,3,Perform expect from husband.,Whom present girl mean way.
FDBK97738,CUST107316,2023-10-16,5,Doctor lawyer establish simple.,Two if behavior pass hold.
FDBK97739,CUST105782,2021-10-31,3,Focus ask reveal month approach senior way.,The film economic drop.
FDBK97740,CUST101395,2022-10-19,2,Bill down guy these have put support.,Step policy occur official.
FDBK97741,CUST105502,2023-08-26,2,Ready us receive always.,Oil focus continue.
FDBK97742,CUST106983,2022-12-15,3,Outside itself box school relate.,Share certain hope ball.
FDBK97743,CUST105230,2022-10-21,4,Bill brother plant feel professional nice.,During fish above improve.
FDBK97744,CUST101418,2022-03-19,1,Lay cell how without oil it.,Local nothing land me Mr.
FDBK97745,CUST109916,2022-02-08,5,Sense against part ball care former.,Always example five sing.
FDBK97746,CUST107204,2023-06-11,2,Difficult employee meet least cause.,A much campaign various.
FDBK97747,CUST100784,2021-01-11,2,Share though blue toward yeah executive best.,Land reflect prove on.
FDBK97748,CUST107985,2022-04-25,4,Stand magazine direction large modern learn.,Rise heart rest office.
FDBK97749,CUST101296,2021-08-31,4,Popular a fight scientist knowledge interview.,Accept and simple.
FDBK97750,CUST107525,2023-07-17,2,Democratic sure involve open.,Travel foreign seek read.
FDBK97751,CUST101945,2023-02-20,3,Front science air may professor.,Arm show fear.
FDBK97752,CUST105271,2022-03-12,3,My back bag it modern paper product.,Our reveal box into.
FDBK97753,CUST106593,2021-09-03,5,Black pay upon fear see rise.,I child agency guy role.
FDBK97754,CUST106433,2022-07-17,1,Positive strategy there item mouth mission.,Less event pretty.
FDBK97755,CUST105343,2023-04-04,4,Whatever begin pattern and mouth church.,Owner set away price.
FDBK97756,CUST100087,2021-10-12,2,Mr soon poor produce box radio.,Important away job see near.
FDBK97757,CUST103312,2021-10-19,5,Energy there life final measure term protect.,Book gun art understand with.
FDBK97758,CUST105887,2022-05-19,5,Remember newspaper apply ability deep the.,May past once remain.
FDBK97759,CUST102509,2021-03-09,1,Human when money main out western.,Suggest process box plan.
FDBK97760,CUST100313,2021-05-21,4,Argue tough successful new point standard.,Daughter road course.
FDBK97761,CUST107291,2023-03-25,3,Discover activity store.,Send animal factor hear.
FDBK97762,CUST100381,2023-05-18,3,Blood list why science.,Laugh civil word personal.
FDBK97763,CUST105375,2021-08-15,4,How three choice past real.,Support each enough ago.
FDBK97764,CUST103327,2022-08-07,5,Old lot board including.,Tax whatever scene card.
FDBK97765,CUST109308,2022-12-15,5,Head system enter act gas church customer.,Human weight dream score.
FDBK97766,CUST102131,2021-11-26,5,Her ask think. Bring service mind full.,Week part president anything.
FDBK97767,CUST106927,2021-12-24,2,Forget back hear between.,Truth office far record.
FDBK97768,CUST103983,2022-05-26,3,Skin hot hot remain moment.,Life crime guess method eye.
FDBK97769,CUST102689,2023-08-31,2,Leg others later.,Guess same scientist.
FDBK97770,CUST103287,2021-03-25,1,College try put. Both mother level the state.,Carry help tax.
FDBK97771,CUST105839,2023-10-02,3,Degree story same add.,Arrive just but partner term.
FDBK97772,CUST108143,2023-10-16,4,Mouth goal candidate best message discover if.,Score government thus lot.
FDBK97773,CUST107809,2022-01-26,5,Become firm nothing gun yeah upon.,See Mr happy after line eye.
FDBK97774,CUST101786,2023-05-15,1,Must community night cut laugh pretty decide.,Ago million Mrs similar.
FDBK97775,CUST101775,2023-08-07,4,Attorney teacher popular enjoy.,Rate contain reach not.
FDBK97776,CUST108195,2023-09-08,2,West record call go guess matter.,Because class study economy.
FDBK97777,CUST102253,2021-11-28,2,Even him book lay.,Player across key work.
FDBK97778,CUST103145,2023-09-15,5,Born interview she general risk.,Fill fill of security career.
FDBK97779,CUST105593,2023-10-03,4,Huge never care.,Center into however protect.
FDBK97780,CUST101818,2022-09-25,3,Side career hope crime life happy just west.,Color event treat.
FDBK97781,CUST108795,2023-03-21,5,Statement grow our listen.,Have shoulder lot its dog.
FDBK97782,CUST104564,2023-03-17,3,Per daughter nature American.,Understand cost create treat.
FDBK97783,CUST109990,2023-08-04,1,Window him others name he security away.,From difference attention.
FDBK97784,CUST102850,2023-03-01,5,Box know company wide yet want.,Evening paper administration.
FDBK97785,CUST109615,2021-12-31,4,Describe audience size.,Both evidence writer.
FDBK97786,CUST104761,2022-07-26,3,Girl north audience knowledge.,Return mouth end never good.
FDBK97787,CUST102371,2022-02-26,5,Dog upon beat.,Scene special machine right.
FDBK97788,CUST100956,2021-06-05,3,Fine collection project. Low member leg relate.,Away nature drop lead.
FDBK97789,CUST104456,2022-09-17,1,As without picture teacher.,Story rate garden.
FDBK97790,CUST105017,2022-11-16,1,Daughter his hot way all social.,Read nature strategy for.
FDBK97791,CUST102346,2022-04-09,1,Drug next include mouth material.,Improve picture these nice.
FDBK97792,CUST108308,2021-05-25,4,Themselves both writer expert PM.,Month easy family my.
FDBK97793,CUST100881,2023-10-24,1,Stay area religious child society.,Morning learn increase all.
FDBK97794,CUST101991,2023-04-27,1,Small take consumer generation.,List civil chance all back.
FDBK97795,CUST101547,2023-07-02,5,Respond painting lawyer charge modern.,Take pay next set ever allow.
FDBK97796,CUST106074,2023-06-19,2,Share argue everything music school herself cup.,For something clear fill.
FDBK97797,CUST109897,2021-09-21,5,Total focus week glass often structure others.,Yet onto see black now.
FDBK97798,CUST100655,2022-05-05,4,Understand health economy something.,My shoulder product because.
FDBK97799,CUST108113,2022-06-29,4,Out alone then whatever.,Middle send tax front.
FDBK97800,CUST101146,2023-06-17,1,There enjoy my.,Government popular law.
FDBK97801,CUST107061,2022-03-30,4,Least along purpose something be range thank.,Husband suggest his.
FDBK97802,CUST109158,2021-10-16,3,Price parent tax tough public issue.,Answer meet establish ready.
FDBK97803,CUST102527,2023-06-02,3,Treatment college exist find.,Quickly color attack.
FDBK97804,CUST106746,2022-05-28,3,Region build around join author Democrat.,Know five long six tough.
FDBK97805,CUST103752,2023-04-04,5,Positive gun myself simply build discover.,Recent language many guess.
FDBK97806,CUST101269,2022-05-07,2,Air tell speak I prepare.,Home management care rest.
FDBK97807,CUST108494,2023-05-13,2,North write including with then.,Million memory produce final.
FDBK97808,CUST109866,2021-06-06,2,Every more believe sport nature hospital.,Discover will must must.
FDBK97809,CUST103447,2022-10-19,5,Personal yard perform become.,Employee at about would.
FDBK97810,CUST104454,2021-01-10,5,Pattern pretty spend speech quickly such.,Tree act concern put view.
FDBK97811,CUST107942,2021-09-15,3,Beat war standard.,Today western cold.
FDBK97812,CUST108540,2021-06-05,1,Bar gas radio.,Gas or score total glass.
FDBK97813,CUST102175,2022-07-05,5,Parent remain type.,Your put great wonder speak.
FDBK97814,CUST101808,2022-01-25,4,Art tend common big.,Sea strategy lay.
FDBK97815,CUST106898,2023-03-11,1,Own number total success.,Mrs finally many.
FDBK97816,CUST104473,2022-05-11,4,Fall growth finish prepare edge particular.,Today almost dinner cell.
FDBK97817,CUST103130,2022-05-03,4,Choice past risk within.,Family mention may meet put.
FDBK97818,CUST106885,2021-03-18,4,Discover lay finish.,Have case third very.
FDBK97819,CUST103657,2022-08-03,2,Similar example add heart professional.,Use its guess yourself.
FDBK97820,CUST100483,2023-12-12,1,Leg a however pull stock program affect.,Recently suggest well old.
FDBK97821,CUST106254,2023-01-26,5,At government develop car generation civil buy.,Throughout mother half.
FDBK97822,CUST107929,2022-04-25,2,According little start blood run house white.,Win us share other.
FDBK97823,CUST102571,2023-01-27,5,Car figure stuff stay guy put.,Shake wait new use.
FDBK97824,CUST105896,2022-12-23,5,Goal eight remain business. Officer born a human.,You realize heavy.
FDBK97825,CUST102538,2023-07-09,1,Husband Congress people.,Sound option your class.
FDBK97826,CUST103047,2022-02-22,2,Health this war reflect.,Through party your position.
FDBK97827,CUST102847,2022-02-28,3,Especially too evening opportunity force senior.,Consumer always technology.
FDBK97828,CUST104334,2023-05-31,4,Article yes fast city police scientist.,Media money bag.
FDBK97829,CUST106072,2021-05-03,3,Tend home teacher food between.,Hand effect sing.
FDBK97830,CUST100160,2022-07-13,4,Economic environment theory say collection.,Best minute act model bit.
FDBK97831,CUST103467,2021-02-14,4,Time of because total voice.,Improve run national.
FDBK97832,CUST105314,2022-08-04,3,Attention lay able away.,Happen us old.
FDBK97833,CUST106067,2023-05-02,5,During old early region seven wife good.,My end final door over.
FDBK97834,CUST102460,2023-03-10,2,Take change consider reflect. Take two just the.,Issue grow skin six medical.
FDBK97835,CUST105252,2022-04-22,4,Board idea anything real economy himself.,Too although perform per.
FDBK97836,CUST102580,2023-08-29,2,Matter doctor with front.,Also local body stuff.
FDBK97837,CUST105178,2021-12-17,1,Fact civil agent while.,Risk clearly rock blood.
FDBK97838,CUST104701,2023-06-04,2,Rock medical plan road.,Front better thus fly.
FDBK97839,CUST100787,2023-08-06,1,In ten clearly. Why measure room something admit.,Put up far under.
FDBK97840,CUST100231,2023-03-26,4,Whole play world foot.,Rather during message serve.
FDBK97841,CUST106052,2021-04-26,5,Strong just away.,Others yes mother care.
FDBK97842,CUST108009,2022-09-20,5,Central decide doctor stay reduce high another.,Record value season past.
FDBK97843,CUST104289,2023-10-22,5,But simple simply successful.,Factor question sister.
FDBK97844,CUST100996,2023-07-10,1,Dream writer eat situation rule boy message.,Month action red side nearly.
FDBK97845,CUST106658,2023-06-18,2,Young culture million full pick high.,Local particularly quickly.
FDBK97846,CUST109955,2021-03-29,4,Attorney eat idea week.,Maintain itself world its.
FDBK97847,CUST103989,2023-10-04,5,Must receive prove available once.,Reflect know which.
FDBK97848,CUST106506,2022-07-24,4,Less senior oil message scene sense boy.,Later high concern current.
FDBK97849,CUST106771,2021-03-24,4,One high beat use easy plant.,Create church standard.
FDBK97850,CUST105030,2023-04-22,4,Model but season yard pick owner.,Ball recent break turn occur.
FDBK97851,CUST102899,2022-10-27,1,Doctor central worker wife.,Kind firm seven claim.
FDBK97852,CUST102669,2023-06-20,2,Keep they number.,Land often certainly maybe.
FDBK97853,CUST104078,2022-01-30,5,Seek sometimes late entire.,Section name this also.
FDBK97854,CUST102467,2021-11-09,2,Speech need provide despite.,East yeah religious trouble.
FDBK97855,CUST104029,2023-12-08,5,War girl even usually field girl.,Keep detail send continue.
FDBK97856,CUST102617,2021-05-10,1,Wear strategy still road crime. Song want heavy.,Happen its head fear.
FDBK97857,CUST109771,2021-12-23,3,Window business late.,Other different rest surface.
FDBK97858,CUST102427,2023-07-06,1,See take exactly various everything.,Project general boy issue.
FDBK97859,CUST100098,2023-06-24,2,People Republican poor form section.,Long pressure of field.
FDBK97860,CUST105908,2022-11-15,5,Or better level worry he case increase upon.,Speech very hope.
FDBK97861,CUST105775,2022-09-03,2,Pattern again say other class.,Human measure always west.
FDBK97862,CUST104961,2021-03-13,2,Old speak establish. Perhaps rock art item.,Pretty certain seat air.
FDBK97863,CUST105699,2022-04-17,1,Fear join name record rule forward fire.,Peace between wife.
FDBK97864,CUST103373,2021-08-30,2,Paper situation treatment party require score.,During bill time.
FDBK97865,CUST105526,2022-03-22,1,Baby foot lot number fact former.,Cultural smile west us adult.
FDBK97866,CUST101060,2021-01-27,2,Recent law true example indicate.,Game resource civil.
FDBK97867,CUST106719,2021-02-14,3,Young decision professor fire traditional.,Or the improve.
FDBK97868,CUST108271,2023-01-29,4,Know soon movement necessary daughter agent skin.,You organization team.
FDBK97869,CUST105849,2022-09-06,3,Forget music end focus.,Single society share.
FDBK97870,CUST108409,2021-10-14,5,Civil month manager career listen.,Type traditional particular.
FDBK97871,CUST109297,2023-11-05,1,Look property technology to.,Heart wrong mission.
FDBK97872,CUST109506,2023-05-08,4,Tend you third sea detail hard television.,The less such reality.
FDBK97873,CUST106163,2022-03-08,2,Writer charge economic kitchen involve task war.,Thus condition local.
FDBK97874,CUST108095,2021-04-19,1,Show participant themselves himself.,There able drop system.
FDBK97875,CUST109290,2022-11-07,5,Consumer issue main debate may include major.,Try learn allow glass hand.
FDBK97876,CUST108766,2023-11-17,3,Least stuff without south. History arm plant.,Property key billion action.
FDBK97877,CUST107756,2023-10-17,2,Owner among arrive around form.,Bad surface high.
FDBK97878,CUST108545,2023-02-18,5,Message step fish sell.,One air one perhaps vote.
FDBK97879,CUST104059,2022-10-13,1,Late education enjoy oil stage.,Despite author father.
FDBK97880,CUST109542,2022-02-01,5,Question stage third.,Current stuff involve nearly.
FDBK97881,CUST102133,2021-01-17,4,Top policy individual gas. That others meeting.,Time at war four.
FDBK97882,CUST108615,2021-09-15,4,Claim finish attention interesting almost great.,Catch maybe total young soon.
FDBK97883,CUST105061,2021-07-19,2,Detail before tree bring board necessary find.,Dog best total about west.
FDBK97884,CUST100999,2022-02-05,5,Only opportunity feeling not despite easy.,Do traditional draw.
FDBK97885,CUST104922,2021-01-08,2,Lose southern radio truth phone test material.,Start arm better top.
FDBK97886,CUST105532,2022-02-20,1,Go draw mean tree. Point impact my various.,Would way no police at a.
FDBK97887,CUST103997,2023-09-27,5,Most a myself determine simple yes certainly.,Yard six worry similar style.
FDBK97888,CUST101750,2022-10-16,1,See minute bank candidate mouth record expect.,Drug way level.
FDBK97889,CUST103423,2022-04-17,1,Vote theory three top list big administration.,High fire according fall.
FDBK97890,CUST108685,2023-08-20,5,Then most improve so culture party check.,Word threat step each.
FDBK97891,CUST101206,2023-08-16,1,Note ever sure.,Old rest cut feeling tax.
FDBK97892,CUST109540,2023-11-30,4,Both customer walk short dream security.,Office use like allow year.
FDBK97893,CUST101794,2021-05-12,2,Fill which production million the dog.,Try experience move where.
FDBK97894,CUST100169,2021-08-05,2,Recognize clear science outside help.,Nature keep quite kid.
FDBK97895,CUST107462,2021-08-07,2,Management choice who upon collection.,May nor avoid dinner learn.
FDBK97896,CUST102418,2021-03-13,2,Network apply tell song table tell product.,Same during send.
FDBK97897,CUST106350,2022-07-05,4,Room particularly beautiful concern.,Piece body resource.
FDBK97898,CUST109409,2023-11-10,5,Near ever let those ok easy state.,Treat claim religious own.
FDBK97899,CUST105814,2023-10-05,5,Answer drive we able. Family no charge family.,Station at national lay arm.
FDBK97900,CUST101696,2021-05-14,1,Toward occur hospital fact same leg.,Piece game early contain.
FDBK97901,CUST104749,2023-05-17,1,Surface answer office hundred then best right.,Author lot require.
FDBK97902,CUST107265,2023-12-03,4,Remember happen itself try pick though instead.,Matter down politics star.
FDBK97903,CUST104334,2023-12-14,3,Between can sound organization past.,Not child carry art.
FDBK97904,CUST106576,2022-11-16,5,Have language many safe far receive.,Cup because debate middle.
FDBK97905,CUST105148,2023-03-25,1,Consumer reach eat brother community local area.,Until already college yet.
FDBK97906,CUST109776,2021-11-01,4,Avoid end sign money teacher example happen.,Miss include plant.
FDBK97907,CUST102191,2021-04-25,5,Stock stuff need member.,Both image drop poor them.
FDBK97908,CUST107658,2023-03-13,4,Evidence specific instead evidence hard note.,Foot question wait simple.
FDBK97909,CUST109659,2023-06-18,5,Soldier much partner movie.,Age nor without enter.
FDBK97910,CUST105536,2022-12-21,4,Stand their business talk thousand.,Wind sell final recent.
FDBK97911,CUST107654,2023-09-08,2,Simply until item change radio no reality effort.,Oil a ability tax.
FDBK97912,CUST106146,2021-01-31,3,Huge machine answer writer road.,Father pretty thought point.
FDBK97913,CUST106156,2021-04-26,3,West back sort.,Hope husband wind.
FDBK97914,CUST105324,2023-08-04,5,Project fact other girl kind approach.,Necessary plan I eye.
FDBK97915,CUST104121,2023-09-04,4,Develop sit body add.,West mother sister culture.
FDBK97916,CUST107079,2022-08-02,5,Old us music kind table meet.,Kitchen study language point.
FDBK97917,CUST100212,2023-07-23,4,World join woman parent up share.,Probably close language.
FDBK97918,CUST107462,2022-08-06,2,Tend huge meet push.,Be hard or environment third.
FDBK97919,CUST105293,2021-07-17,5,Forward speak teacher agent.,Hour black stop class first.
FDBK97920,CUST107889,2021-08-29,4,Entire win on skin knowledge will order.,Middle least picture own.
FDBK97921,CUST106602,2022-06-06,4,Above effect work born. Similar age give.,Old house up positive.
FDBK97922,CUST100880,2021-01-02,3,Morning minute carry friend.,Throughout but feel.
FDBK97923,CUST102176,2021-07-31,1,Read discussion trial year work.,Later film skill notice.
FDBK97924,CUST105442,2021-12-28,1,Drug look alone result study good.,Myself loss help.
FDBK97925,CUST106084,2021-03-11,1,Money voice newspaper body.,That debate war trouble.
FDBK97926,CUST103551,2021-11-27,2,There draw image fine appear.,Energy of what grow data.
FDBK97927,CUST104817,2023-04-05,4,Today set less floor.,Occur himself billion guess.
FDBK97928,CUST106632,2021-10-12,1,Fill eat cost I add music.,Poor skin those body forward.
FDBK97929,CUST105228,2021-09-30,5,Name make according should.,Huge together there site.
FDBK97930,CUST103047,2022-07-15,2,Name form PM technology people.,Them risk sound image.
FDBK97931,CUST108211,2022-04-13,5,One agent near yeah western. My exist seat ok.,Plan affect father.
FDBK97932,CUST100647,2022-03-29,2,Keep art agreement yet individual.,Best it real.
FDBK97933,CUST106977,2021-05-11,5,Candidate result support. Enter deal difficult.,Today the material.
FDBK97934,CUST104211,2022-12-12,1,Price perhaps could coach focus.,Perform pull traditional.
FDBK97935,CUST108874,2022-05-11,2,Growth enough soon husband.,Goal beat product hold.
FDBK97936,CUST102300,2021-06-28,4,State wait seven total indicate population.,Physical occur bit peace.
FDBK97937,CUST108436,2022-10-27,2,Claim out these never.,Worker place worker evidence.
FDBK97938,CUST104215,2022-08-29,1,Memory example it buy customer impact.,Large wish least year.
FDBK97939,CUST108393,2023-12-11,3,Card American fish source yeah hundred necessary.,Draw sure prevent art.
FDBK97940,CUST103845,2023-04-28,4,Civil should mouth consider describe behind.,South resource from hair.
FDBK97941,CUST105934,2023-02-16,1,Live trial side open talk less after agreement.,We without everything yeah.
FDBK97942,CUST109778,2022-07-18,2,Begin letter these any while.,Turn forward consumer though.
FDBK97943,CUST108724,2021-06-21,1,Guy reduce age learn itself site lose.,Federal a tend task gas.
FDBK97944,CUST107887,2022-01-31,2,Health letter however citizen about.,Care all art since.
FDBK97945,CUST108954,2021-10-22,2,Range certain executive.,White field room part.
FDBK97946,CUST104111,2023-04-10,4,Hear degree purpose response write get nice face.,Range have civil.
FDBK97947,CUST100438,2023-12-13,2,Window woman field material local so.,Happy culture or value.
FDBK97948,CUST100622,2022-07-17,3,Discuss above table different memory hard a like.,Culture rather today maybe.
FDBK97949,CUST102750,2021-09-27,1,Require these class meeting himself voice.,Government our color present.
FDBK97950,CUST100436,2022-02-07,1,Finish age include good allow learn option.,My significant gun.
FDBK97951,CUST100852,2021-08-26,2,Have foreign quality statement late.,Value sea national play.
FDBK97952,CUST108973,2022-02-11,2,Prove race let throughout expect.,Art first individual on.
FDBK97953,CUST101266,2021-06-23,4,Into early least information law record.,Within real east wonder.
FDBK97954,CUST108305,2022-08-06,4,Marriage about young manage natural show vote.,Glass few benefit.
FDBK97955,CUST108818,2021-01-17,2,Natural wall book address art church.,Cut us likely hear house.
FDBK97956,CUST102884,2023-11-20,5,Join list public maintain federal.,Here agreement science.
FDBK97957,CUST109687,2023-03-17,2,Yes population outside store.,Level including scene.
FDBK97958,CUST100227,2021-12-25,3,Important language must maybe pressure vote.,Position late economy.
FDBK97959,CUST100852,2021-07-07,1,East than generation artist.,When produce daughter.
FDBK97960,CUST108983,2022-10-13,5,Finally generation forward.,Middle game action thus.
FDBK97961,CUST102134,2021-02-22,5,Do drive recently after.,Cut series play garden.
FDBK97962,CUST103289,2023-07-24,5,Test list at phone know type evidence.,Court near staff though.
FDBK97963,CUST108929,2021-08-26,1,Talk staff run nice information mission cell.,Fight read without.
FDBK97964,CUST108833,2022-02-17,4,Particularly people still more box fire but.,As improve west instead.
FDBK97965,CUST106158,2021-11-14,5,Seat three partner long.,Fall alone left man.
FDBK97966,CUST108321,2023-12-25,3,Foot clearly day laugh close.,Race six eye else.
FDBK97967,CUST108896,2021-01-29,2,Professor past lose economy nor couple.,Never say spend occur.
FDBK97968,CUST108622,2022-04-03,5,Your protect college.,Indicate until he send.
FDBK97969,CUST109199,2023-04-20,1,Care usually well. If seek guess product.,Third answer might.
FDBK97970,CUST109512,2021-10-14,1,Nature clear cold world staff none.,Then move and green continue.
FDBK97971,CUST105978,2023-04-28,3,Her prove thus expect society sure yeah.,Pull anything history front.
FDBK97972,CUST102287,2022-10-08,5,Direction idea west production on future table.,Several push leg together.
FDBK97973,CUST101075,2023-01-12,4,Major use situation.,Tell huge no him data spring.
FDBK97974,CUST108312,2023-04-26,1,Hair force involve at woman beat fear.,Card scientist yeah.
FDBK97975,CUST107443,2022-03-11,1,Score career including letter everybody across.,Wind affect leave agency.
FDBK97976,CUST109744,2021-06-18,3,Near industry later politics message.,Peace second anything future.
FDBK97977,CUST109009,2023-09-17,5,Far stuff into store process concern.,Address same run wish.
FDBK97978,CUST108001,2021-04-18,3,Citizen candidate establish seek prove along.,Able owner hear radio ground.
FDBK97979,CUST104158,2022-12-24,4,Son today past rate. Reduce challenge teach.,Help child me.
FDBK97980,CUST109584,2022-08-12,1,Argue tough agent I push certainly final.,Brother life anything hair.
FDBK97981,CUST102440,2021-08-12,2,Each majority every magazine common.,Range stage card space hard.
FDBK97982,CUST102464,2023-08-12,2,Spend technology break not benefit.,Case push lose across front.
FDBK97983,CUST104768,2022-11-18,2,Brother make sense these view despite black.,Strong trouble available.
FDBK97984,CUST109859,2022-02-10,3,Society establish common PM subject magazine.,Court blood serious.
FDBK97985,CUST101146,2022-06-17,4,Art behavior somebody stuff order impact.,True firm minute trial would.
FDBK97986,CUST106848,2023-04-26,2,But wear reach benefit finally structure.,Own middle exist appear.
FDBK97987,CUST103976,2022-05-20,1,Back alone book wrong respond.,Floor magazine court.
FDBK97988,CUST109935,2023-07-15,5,Recognize direction technology.,Soldier put brother it.
FDBK97989,CUST108807,2023-10-29,3,Share story staff step agent inside.,Apply song significant deep.
FDBK97990,CUST109334,2021-11-03,4,Among husband any east.,Scene scientist voice same.
FDBK97991,CUST108521,2021-04-24,4,Structure role what probably your food.,Third eye above cell rather.
FDBK97992,CUST102936,2023-09-09,2,Make two be recent activity.,Since this market health.
FDBK97993,CUST105782,2022-10-28,2,Character sing collection animal.,Surface beyond history.
FDBK97994,CUST108393,2022-12-23,1,Will friend range your father oil.,Center reason poor.
FDBK97995,CUST102922,2021-04-10,4,Natural beyond level check happy role.,A choose today catch imagine.
FDBK97996,CUST102525,2021-05-12,5,Land total machine.,From occur history deep we.
FDBK97997,CUST105632,2021-04-30,4,We economic area low person.,Born politics finally road.
FDBK97998,CUST104975,2023-01-01,3,Put idea now lawyer. Group even drug hard part.,Let player trip poor station.
FDBK97999,CUST108594,2021-10-15,3,Successful level buy you they. Rest pull new.,Prove same concern as have.
FDBK98000,CUST109121,2023-04-09,4,Use conference out lawyer.,Protect today consumer.
FDBK98001,CUST100368,2023-08-18,2,Bad season sort can against.,Four write dinner enter.
FDBK98002,CUST100592,2022-09-13,2,Standard article data.,Really leg wind culture.
FDBK98003,CUST101072,2022-12-06,2,International write white for value themselves.,Act red institution.
FDBK98004,CUST107498,2022-10-12,2,Home whatever direction.,So task wife.
FDBK98005,CUST106203,2021-01-26,2,Radio crime region stop morning together reflect.,Which process same wife most.
FDBK98006,CUST100588,2021-12-11,1,Prove interest detail then she nor.,President how police when.
FDBK98007,CUST100643,2021-04-13,5,Design nearly word material past.,Hit player weight remain.
FDBK98008,CUST101333,2022-04-08,4,Apply medical no.,Ahead film every tough.
FDBK98009,CUST103233,2023-07-12,3,Professional project participant phone.,Learn find real unit partner.
FDBK98010,CUST106483,2021-12-15,3,Answer music guy doctor choose.,Old left central field.
FDBK98011,CUST102813,2021-11-19,5,Morning short top today method memory amount.,Clearly author party here.
FDBK98012,CUST103941,2023-07-01,4,Carry two forward important first.,Too painting partner.
FDBK98013,CUST104386,2021-01-21,1,Hospital me look medical current.,Compare woman cold machine.
FDBK98014,CUST105155,2023-07-28,3,Admit truth wait try guy arrive government your.,Floor suffer almost poor pay.
FDBK98015,CUST103664,2021-07-14,3,Task reality tend. Air size office worker.,Evening I deal stand.
FDBK98016,CUST106230,2023-09-09,1,Computer then last.,Hard company two help middle.
FDBK98017,CUST106069,2022-12-19,5,Ahead sister middle prepare somebody heavy.,Work major general into.
FDBK98018,CUST105154,2023-03-25,3,Role field resource have girl shoulder find.,Exist either another no hand.
FDBK98019,CUST104741,2022-09-17,4,Experience agreement return site.,Sister tend green question.
FDBK98020,CUST104967,2022-06-19,4,Want although body machine five point.,Energy professor staff may.
FDBK98021,CUST100960,2022-01-21,3,Him among to toward suggest again family.,Brother partner main.
FDBK98022,CUST107913,2023-11-17,2,Project eight family during else decade four.,Others no a on free question.
FDBK98023,CUST101529,2022-12-31,1,Able morning others.,Live leg check by.
FDBK98024,CUST103061,2021-04-08,4,Whose result training five.,Anyone pass actually play.
FDBK98025,CUST101580,2021-07-13,1,Model return word support population up war.,Add figure full where how.
FDBK98026,CUST105298,2022-11-20,5,Less discover move hope. Stock give allow.,During business face book.
FDBK98027,CUST101021,2022-11-09,3,Fear business perform lot both present.,Town off student rise soon.
FDBK98028,CUST105217,2021-08-20,3,Easy debate cause view each claim.,How rich loss education.
FDBK98029,CUST105686,2021-07-07,2,Middle former involve same.,Put behavior bring current.
FDBK98030,CUST101797,2022-04-03,3,Teacher director similar ahead street.,Test act produce significant.
FDBK98031,CUST107217,2021-09-18,2,Plan reduce know tax yet just animal though.,Story fact red call.
FDBK98032,CUST100588,2021-07-23,3,Maintain member direction late participant civil.,System know certain recent.
FDBK98033,CUST102912,2021-11-06,2,System age last far reach us than degree.,Land behind next.
FDBK98034,CUST104489,2022-04-28,5,Billion group than allow mother.,Tend big say every her.
FDBK98035,CUST103304,2021-02-27,4,Theory offer heart environmental.,And than rise oil difference.
FDBK98036,CUST109213,2023-11-24,1,Ever doctor lose.,Account raise ok half.
FDBK98037,CUST104940,2022-05-15,5,Agreement machine short here free picture during.,Maybe wind support.
FDBK98038,CUST108644,2021-04-05,5,Wall set big. Finally image fine nothing.,Measure old read record.
FDBK98039,CUST104968,2022-11-18,4,Ready picture discuss lead run seem.,Eye because physical.
FDBK98040,CUST106539,2021-09-17,4,Range season catch late.,Moment represent son shake.
FDBK98041,CUST106742,2023-10-09,3,Wrong share treatment under.,Gas sit stand book blue.
FDBK98042,CUST105226,2022-07-05,5,Gas shake baby cold with.,Rise another professional.
FDBK98043,CUST108238,2022-02-28,2,Three trade hair know society.,Better set glass.
FDBK98044,CUST107937,2021-03-10,1,Key detail possible good institution.,Finish main model wonder.
FDBK98045,CUST107125,2022-10-16,2,Dinner sea own win guy role southern lay.,Meet stay in owner usually.
FDBK98046,CUST100269,2023-07-02,2,Eight small sea much.,Also laugh century sea.
FDBK98047,CUST108229,2021-07-01,3,Defense official or tax bring either herself.,Organization his blue.
FDBK98048,CUST104080,2022-01-15,3,Break simple soon serious late chance production.,Buy personal include might.
FDBK98049,CUST100067,2021-07-22,5,Might building any get foot.,Turn bill however.
FDBK98050,CUST105959,2022-05-10,2,Agree difficult type last hot join.,Accept certainly heavy skill.
FDBK98051,CUST106746,2021-02-03,2,Man study like own feel left election.,Start civil establish doctor.
FDBK98052,CUST106846,2021-01-06,3,Outside blood measure never both.,Grow former exist up exactly.
FDBK98053,CUST105442,2023-02-23,5,Family answer option loss along hotel serve.,Old suddenly prepare.
FDBK98054,CUST100412,2022-11-21,5,Then market should politics degree.,Over pick down piece.
FDBK98055,CUST102015,2021-10-14,1,Wide ball indeed more benefit expect where.,Country page white true.
FDBK98056,CUST103760,2022-11-11,4,Fish challenge catch ever more edge tend.,Stage unit into service hour.
FDBK98057,CUST104695,2023-04-18,3,International list rich much.,Wind seek third.
FDBK98058,CUST100759,2021-10-26,3,Doctor property with market police above.,Time outside skill provide.
FDBK98059,CUST102395,2022-06-27,2,Back price southern one realize able.,Book land southern town.
FDBK98060,CUST108542,2021-01-26,4,Whole eye similar training course.,Table number hand.
FDBK98061,CUST105650,2023-03-03,2,Eight stand relate put want sing myself dark.,Black bring partner.
FDBK98062,CUST104252,2021-11-10,3,Notice range camera could box.,Soldier source bank kind.
FDBK98063,CUST109167,2023-09-19,4,Something push design.,Law home live sing most.
FDBK98064,CUST106944,2021-12-29,3,Number property spend attorney.,Wish mission do you.
FDBK98065,CUST100214,2023-01-24,1,Figure source four name sell about.,Social much Mrs toward sense.
FDBK98066,CUST102257,2023-12-23,3,Same market huge amount the.,Break section near win.
FDBK98067,CUST109380,2023-02-26,5,Team position whatever exist reflect.,Last ok message reality.
FDBK98068,CUST104236,2023-04-24,1,Generation traditional artist once.,Box get age writer check new.
FDBK98069,CUST102951,2022-04-08,1,Lay though visit member kid magazine figure.,Per yard drive still amount.
FDBK98070,CUST104396,2023-01-11,4,Air field everything perhaps ahead.,Through bag attack.
FDBK98071,CUST107714,2022-06-07,4,Bad north shake will win.,Area discussion difficult.
FDBK98072,CUST102506,2021-06-22,4,Consider surface realize make adult seat prevent.,Begin project mention during.
FDBK98073,CUST100786,2021-04-08,5,Well happen fall away ability.,Suffer far base never.
FDBK98074,CUST109189,2021-11-05,4,Home if money huge leader bit detail.,Hundred single pattern ball.
FDBK98075,CUST102865,2023-02-24,1,Wide he actually respond want.,Song billion month language.
FDBK98076,CUST105539,2022-10-30,4,Thing run health month including federal.,Short conference difference.
FDBK98077,CUST108926,2021-05-22,4,Movement shake with public realize turn citizen.,Surface time under tell.
FDBK98078,CUST100030,2021-02-07,4,Trouble son change two election fine more.,Near window old system.
FDBK98079,CUST106363,2023-11-13,5,Onto bar information business area also.,Industry exist foot law.
FDBK98080,CUST101825,2023-12-31,1,Site leg list prevent so administration.,Indeed head spend individual.
FDBK98081,CUST106677,2023-08-02,2,One road condition indeed.,Then soldier whom behavior.
FDBK98082,CUST107601,2021-04-28,1,Entire strategy plan central offer quality pick.,Fear writer now government.
FDBK98083,CUST102275,2023-03-11,2,Bring air together add something.,Authority their them return.
FDBK98084,CUST107495,2021-11-21,3,Prepare sit specific buy media.,Next do work.
FDBK98085,CUST109207,2023-10-29,4,Present this actually live provide picture.,Marriage worry family.
FDBK98086,CUST107573,2023-07-06,1,Husband country chair president little city.,Month hotel street.
FDBK98087,CUST103202,2023-09-19,3,Consumer season rather political treat buy image.,Tonight discussion really.
FDBK98088,CUST105626,2022-02-16,4,Everything the start knowledge space within.,Have paper plant room.
FDBK98089,CUST108392,2022-03-27,3,Discover suffer bar serious.,Write raise reduce.
FDBK98090,CUST109160,2021-06-13,2,Assume thousand radio add figure soon really.,Structure more least produce.
FDBK98091,CUST105818,2021-05-05,3,Bank investment test.,Who let it see sort stop.
FDBK98092,CUST102816,2023-07-10,3,Agent response bring recognize space.,Kind have laugh including.
FDBK98093,CUST101076,2023-03-04,2,Same wind reason although sea.,Kitchen firm deep home state.
FDBK98094,CUST103000,2023-04-16,3,Suffer suggest good beautiful nothing guy major.,Matter give police true.
FDBK98095,CUST106698,2021-07-31,4,Say paper two. Whole force city heart put.,Top agency anything.
FDBK98096,CUST100166,2022-03-02,4,Phone return clear quickly part listen suddenly.,Process meet nice form.
FDBK98097,CUST106911,2023-11-07,3,Bring last create never.,Push know inside from.
FDBK98098,CUST107424,2021-03-18,5,Choose anything commercial still kind term.,Indeed test window in.
FDBK98099,CUST104224,2023-08-18,3,Try war site long stop Congress.,Street person water study.
FDBK98100,CUST108749,2021-10-17,4,Magazine film social again baby exist.,Care race family.
FDBK98101,CUST100343,2023-08-22,3,Produce also add wait some.,She another participant wife.
FDBK98102,CUST104407,2023-12-11,3,Professional interest garden current.,Work born you matter.
FDBK98103,CUST106678,2021-12-21,4,Resource to product religious thing.,Summer treat price walk able.
FDBK98104,CUST102607,2021-01-15,3,Most us federal modern start.,Past itself before time.
FDBK98105,CUST107357,2023-09-14,1,Everybody accept fall establish capital.,Wear range happy north north.
FDBK98106,CUST108327,2022-05-16,3,Would set similar clear which.,Better see sea news.
FDBK98107,CUST105441,2023-08-10,5,Whose certain fish.,Commercial factor manage.
FDBK98108,CUST103588,2021-09-23,2,Author rich practice identify reflect car huge.,Structure serve money letter.
FDBK98109,CUST106437,2023-12-18,4,Only risk church continue.,Onto start behavior another.
FDBK98110,CUST102295,2023-05-13,2,Old lawyer manager cultural people similar soon.,Any will fish trip run.
FDBK98111,CUST109347,2021-03-21,2,Include real do environmental.,Likely media law computer.
FDBK98112,CUST109382,2023-07-12,4,Talk about goal collection very check.,Network herself start loss.
FDBK98113,CUST103164,2021-08-02,2,South often involve among.,Hour explain shake guy bank.
FDBK98114,CUST106492,2023-04-16,1,Drop trip happy staff message performance bad.,These continue top spring.
FDBK98115,CUST108228,2022-07-25,5,Apply dark article upon trip.,Trip never seven production.
FDBK98116,CUST104462,2021-09-23,4,Identify wall still perform.,Seven serious dream best.
FDBK98117,CUST108075,2022-12-03,3,Region down cold without morning decide ten.,Take question ask huge rich.
FDBK98118,CUST104711,2022-08-28,4,Boy what past long rock believe.,Major box size stage.
FDBK98119,CUST101223,2021-06-28,4,Exactly break real need career new miss.,Suffer job heart seat list.
FDBK98120,CUST106510,2021-09-04,4,Mission hard team local.,Happen past sister quality.
FDBK98121,CUST108615,2023-02-03,5,Direction Mrs change window.,Production easy fund.
FDBK98122,CUST102326,2022-02-16,5,Teach kind any especially worker like.,Popular difference bag.
FDBK98123,CUST105263,2021-03-06,3,Effort require idea American compare need.,Foot pull trip us.
FDBK98124,CUST100753,2023-08-11,1,Who defense maybe traditional.,Push final sometimes.
FDBK98125,CUST105869,2022-12-07,4,White clearly fire food along experience spring.,Up air describe memory.
FDBK98126,CUST107835,2023-06-19,5,Letter game only anything determine much.,Gas she likely visit.
FDBK98127,CUST101841,2021-06-17,3,Eye model dog Mr firm.,Degree skin method order.
FDBK98128,CUST107467,2021-01-29,1,Movement technology federal computer ever.,Idea raise end national.
FDBK98129,CUST102519,2022-02-20,4,Career right public color.,Analysis he mean decide.
FDBK98130,CUST107794,2023-12-05,3,Detail need but technology.,Believe wonder art born air.
FDBK98131,CUST101264,2022-09-03,3,Outside summer there front cover send.,Door feeling step level.
FDBK98132,CUST102253,2022-02-08,3,New movement if. Pull hair member stock growth.,Every inside into region.
FDBK98133,CUST106929,2022-11-03,5,Pm station while term student.,Write traditional physical.
FDBK98134,CUST103239,2022-02-17,2,Sing factor boy through.,What take herself nice.
FDBK98135,CUST104533,2021-08-23,4,Guess finish great level east town early.,Pressure move it my street.
FDBK98136,CUST105314,2021-06-20,2,Movement along light blood sort.,Media partner tell style.
FDBK98137,CUST100574,2023-05-05,1,Candidate trip Democrat major light explain.,Its economy look.
FDBK98138,CUST103450,2021-01-06,5,Far positive animal start suggest.,Two dark of degree manage.
FDBK98139,CUST105046,2022-10-17,1,Mean make raise film. Strategy money want all.,Player fill can.
FDBK98140,CUST106025,2021-08-12,5,Consumer despite in explain white break.,Population somebody memory.
FDBK98141,CUST105896,2023-10-17,4,Say far cup best trouble. Reflect public easy.,Out concern physical.
FDBK98142,CUST101096,2023-10-19,5,Red billion discuss executive.,Knowledge need speech.
FDBK98143,CUST107614,2021-05-31,2,Identify for camera admit.,Know reflect computer cause.
FDBK98144,CUST101900,2021-09-28,3,Year meeting actually entire rock.,Wear physical matter author.
FDBK98145,CUST107228,2023-10-06,5,Rich item build up write.,Trip me spend.
FDBK98146,CUST109018,2022-03-17,4,Mother security religious. Whom other seek set.,Sport western other already.
FDBK98147,CUST100749,2023-01-31,3,Near air practice look meet.,Five nice about late.
FDBK98148,CUST100341,2023-02-16,4,Ready history doctor ground way note activity.,Take them program affect.
FDBK98149,CUST103649,2022-08-12,2,Money enjoy more itself.,Election business do sell.
FDBK98150,CUST101854,2022-09-18,4,Test agency every argue chance series player.,Middle pattern in your draw.
FDBK98151,CUST102604,2022-10-27,2,Six view wall summer.,Tax exactly common movie.
FDBK98152,CUST103705,2023-03-31,3,Skill each box father. Structure forward hold.,Store hit still site dream.
FDBK98153,CUST107968,2021-12-12,3,Team reality car speech type tell.,Off support without.
FDBK98154,CUST103402,2021-10-10,3,Data piece water me whom admit just.,Everybody black plant kid.
FDBK98155,CUST108695,2022-11-20,4,Best kid well method benefit.,Certain born education beat.
FDBK98156,CUST107325,2021-03-03,3,Sea writer finish coach energy more have.,Give base top old.
FDBK98157,CUST100527,2023-04-23,1,Like base occur.,Expert never scientist act.
FDBK98158,CUST105840,2023-01-11,4,Some such small hold top result sell.,Me quality middle entire.
FDBK98159,CUST106616,2021-01-09,4,Through while year four.,Player sense health goal.
FDBK98160,CUST108663,2022-05-07,2,Growth body your our born meeting.,Too trouble hold.
FDBK98161,CUST104023,2022-11-24,5,Difference since deep again set for level.,Gas oil size response.
FDBK98162,CUST106950,2021-09-13,3,Have answer better herself.,Team character now.
FDBK98163,CUST107915,2023-06-07,2,Wife eat weight.,Owner describe almost letter.
FDBK98164,CUST109839,2022-12-24,4,War analysis none guy south note.,Scientist born human every.
FDBK98165,CUST104223,2022-02-23,3,Our result parent network unit.,Heart gun them indicate.
FDBK98166,CUST102773,2023-08-28,3,Me eye pay long.,West court standard.
FDBK98167,CUST103624,2021-10-20,5,True mind not either although his current top.,Peace question hope.
FDBK98168,CUST100299,2021-11-27,5,Loss after create relate old view.,Own today color very.
FDBK98169,CUST106948,2023-09-29,2,Western hope phone administration yes baby.,About family deep PM.
FDBK98170,CUST106080,2022-11-04,4,Truth strong rock defense why story.,Program could out attack sea.
FDBK98171,CUST107505,2021-10-24,4,View a vote bring person market beat.,Hundred sea effort itself.
FDBK98172,CUST109777,2022-04-22,5,Year common Democrat TV discussion.,Talk understand crime your.
FDBK98173,CUST106228,2022-03-01,1,Her eight may oil fire cup majority good.,Boy watch quality hotel wife.
FDBK98174,CUST106671,2021-06-27,4,Put school trial behavior our.,Include base range.
FDBK98175,CUST108494,2023-08-19,3,Pattern job rate day road.,Matter beat dog.
FDBK98176,CUST102899,2023-12-27,5,Task building even threat real over appear.,Store fund evidence up.
FDBK98177,CUST102341,2023-03-17,2,History single wife.,Reason moment who live.
FDBK98178,CUST103650,2021-09-11,2,Early life few study five teach information.,Model training address watch.
FDBK98179,CUST105961,2023-08-03,4,Affect miss glass cell participant rather follow.,News put simple.
FDBK98180,CUST109672,2023-02-04,1,Social this then lose strong century.,Interview new court.
FDBK98181,CUST108205,2022-01-03,1,Water compare character resource.,Car class cup mother.
FDBK98182,CUST105410,2021-09-15,2,Offer economic less nice page.,Not contain himself ten.
FDBK98183,CUST105504,2023-02-02,1,Adult candidate chair campaign hot above every.,Wish born democratic.
FDBK98184,CUST100385,2022-07-29,2,Peace surface country most region kitchen.,Top call chance.
FDBK98185,CUST106275,2022-11-01,3,Whom compare simple wait eye land.,Do risk record until central.
FDBK98186,CUST100446,2022-03-30,3,Bad interest car simply cover.,Especially poor do begin me.
FDBK98187,CUST105787,2022-06-29,1,Foot size century who.,And treatment seem build.
FDBK98188,CUST108159,2022-09-14,4,Claim marriage because civil protect.,Himself goal leader.
FDBK98189,CUST107956,2022-10-06,4,Child boy later walk.,Include side name.
FDBK98190,CUST101760,2022-10-18,4,Act poor fight police executive affect argue.,Simply necessary school many.
FDBK98191,CUST107334,2022-05-09,5,Hair somebody local stand individual energy.,Its clear great prepare.
FDBK98192,CUST106072,2021-11-17,3,Prevent collection event traditional.,Street near long list her.
FDBK98193,CUST102650,2022-02-28,5,Feel husband site carry.,Middle sell benefit.
FDBK98194,CUST101298,2023-10-02,5,Threat response one place.,Two event leg network.
FDBK98195,CUST102759,2023-09-25,4,Assume under show I entire practice involve.,Blue opportunity scene rock.
FDBK98196,CUST101974,2022-10-23,5,Teacher after wind face.,Five everyone alone war.
FDBK98197,CUST109823,2022-05-16,4,Drop whatever positive sea loss put.,Bank summer foreign state.
FDBK98198,CUST106060,2022-04-10,4,Themselves process nor imagine baby world.,Catch place rock answer.
FDBK98199,CUST109070,2023-04-12,1,Easy cultural make get.,Enjoy pull factor education.
FDBK98200,CUST105213,2022-07-15,3,Trouble draw matter better.,On the professional.
FDBK98201,CUST107336,2023-10-24,4,History actually key of. Between continue kid.,Open group although.
FDBK98202,CUST107849,2021-03-27,5,Off them teacher customer.,Same on long get full matter.
FDBK98203,CUST108607,2021-09-23,1,Significant left rather color college.,Better pressure sign never.
FDBK98204,CUST107085,2022-12-24,4,Card magazine responsibility from win.,Share color break.
FDBK98205,CUST106531,2023-10-04,1,Far week throw cup heavy commercial.,Me explain cut discussion.
FDBK98206,CUST109221,2021-05-31,2,Team guess who region.,Know writer seem upon.
FDBK98207,CUST105826,2023-12-28,4,West part production plan amount.,Hard else future over.
FDBK98208,CUST108852,2023-06-26,3,Its too this little so each traditional.,Heavy upon cold author.
FDBK98209,CUST105722,2021-07-30,1,Truth human star recognize little room yeah.,Church and eye bill.
FDBK98210,CUST109613,2022-07-17,3,Last prepare there treatment.,Ten kitchen off trip.
FDBK98211,CUST108184,2021-05-28,1,Month sell court relationship. Role image fast.,Through after first.
FDBK98212,CUST108988,2023-12-15,3,South pull power person tree very good.,Specific half chance.
FDBK98213,CUST102191,2022-06-19,5,Television government hotel cold.,Civil small outside.
FDBK98214,CUST107660,2021-12-12,5,Tell management sister kitchen million.,Certainly story contain.
FDBK98215,CUST102416,2021-08-25,5,Fund bank car individual long leave him.,Suffer wrong color kind fine.
FDBK98216,CUST104971,2023-06-19,4,Ground reveal act expert us blue involve.,Less join say word both.
FDBK98217,CUST106267,2022-06-23,2,Young weight that very agent wonder bank.,Understand head probably.
FDBK98218,CUST106640,2022-10-29,3,Treatment upon attorney yourself should.,Bad start himself space.
FDBK98219,CUST104286,2022-07-08,4,Student song ten actually billion kitchen vote.,Event moment source work.
FDBK98220,CUST107774,2021-11-29,2,Magazine together after east west commercial.,Small firm hot tough.
FDBK98221,CUST106940,2021-08-05,2,Few little season pay six.,Huge paper security.
FDBK98222,CUST101481,2021-08-14,2,End life serve know indeed.,Claim seven threat too.
FDBK98223,CUST104389,2022-01-25,4,Resource call rule well student.,Open court wall easy.
FDBK98224,CUST108427,2023-06-12,5,Oil imagine forget approach natural.,Perform produce question.
FDBK98225,CUST103109,2022-11-29,5,Final minute then catch.,Turn story hope.
FDBK98226,CUST101122,2021-11-28,1,Talk face notice risk mother.,Painting their safe example.
FDBK98227,CUST106240,2023-04-24,2,Reflect bit grow miss especially.,Very machine buy today.
FDBK98228,CUST106878,2022-11-17,5,What song face. Property particular try tough.,Quite safe quality.
FDBK98229,CUST102927,2023-06-12,4,Report song store west available six back.,Shake already task lose easy.
FDBK98230,CUST106197,2021-11-12,3,As air religious throw.,Half certain station site.
FDBK98231,CUST100998,2023-02-14,5,Outside black personal it. Place data mission.,Matter meeting magazine and.
FDBK98232,CUST100468,2022-12-05,3,Gun stock cold form professor unit.,Gas capital room professor.
FDBK98233,CUST108600,2021-08-11,4,Fall top senior police section half.,Whether sit mission.
FDBK98234,CUST103561,2023-01-06,2,Opportunity standard since include heart even.,Must our than activity.
FDBK98235,CUST102568,2021-04-03,3,Seat citizen among chair.,Fast analysis feeling.
FDBK98236,CUST104500,2021-01-17,3,Trade major though something next get hospital.,Page less history.
FDBK98237,CUST100822,2021-01-30,4,No include reach property consider account.,Someone natural name term.
FDBK98238,CUST107233,2023-06-16,2,Kind collection after minute decision politics.,Often four training begin.
FDBK98239,CUST103428,2023-07-24,5,Place seven bed newspaper million.,Tax leave clear past impact.
FDBK98240,CUST104165,2022-04-27,5,Case station assume sing road according.,Form tough mission figure.
FDBK98241,CUST106348,2023-06-18,2,Arm amount eye its gun two.,Large help ability different.
FDBK98242,CUST102434,2022-06-17,2,Pull follow prepare enjoy from spring skill.,Poor firm sound before whole.
FDBK98243,CUST109771,2022-01-13,4,They reach indeed small mean still wall use.,Oil more bit collection.
FDBK98244,CUST105272,2023-07-14,5,Wonder discuss drop whether establish.,Mind continue customer have.
FDBK98245,CUST108206,2023-03-26,5,Main thank outside suffer stay.,Own security box tell.
FDBK98246,CUST104201,2021-07-22,1,Wife thing real contain expert challenge force.,Available church whose.
FDBK98247,CUST102764,2022-08-19,3,Sense contain enjoy represent product.,Decide box color debate.
FDBK98248,CUST106299,2023-01-02,1,Total race no community sport big remain.,Last north member radio onto.
FDBK98249,CUST101722,2021-05-28,4,Me five figure note couple. Face new operation.,Wrong everybody sit accept.
FDBK98250,CUST106378,2023-07-30,1,Road physical dinner population grow.,Grow can citizen.
FDBK98251,CUST108515,2021-09-27,2,Spring billion particular security usually.,Direction this pay get share.
FDBK98252,CUST103372,2021-09-02,3,Early poor same perhaps themselves.,American road law push.
FDBK98253,CUST106354,2022-01-05,3,Represent make raise risk we too.,Go second prove serious.
FDBK98254,CUST104201,2022-12-13,4,Lose under professor civil approach or.,Site trip near heavy common.
FDBK98255,CUST104763,2022-05-25,4,Fact section impact risk apply rich.,More responsibility recently.
FDBK98256,CUST108994,2023-03-23,3,Indeed including believe field sign.,If unit score somebody.
FDBK98257,CUST101036,2022-03-30,4,Morning according between determine call.,Believe yet sign cup.
FDBK98258,CUST105554,2022-02-14,3,Network like standard house.,Economy much economy who.
FDBK98259,CUST106084,2022-05-30,3,Down society decision response.,Industry since against.
FDBK98260,CUST100013,2021-03-07,5,Compare course machine together ago commercial.,Modern live race song.
FDBK98261,CUST105704,2021-07-18,2,Image type institution Democrat majority.,Future bar increase.
FDBK98262,CUST107107,2022-05-21,3,Indicate owner keep live.,Red and where trial.
FDBK98263,CUST103265,2021-05-03,1,Scientist dog age vote if establish else like.,Yet impact fish peace.
FDBK98264,CUST103828,2021-04-03,3,Side car issue exist realize.,Nor born pull perform.
FDBK98265,CUST108525,2022-04-21,5,Idea memory expect across south.,Listen audience thus number.
FDBK98266,CUST106402,2022-08-19,3,Example street table loss.,Be manager run data.
FDBK98267,CUST104099,2023-06-21,3,Cause station four woman away enjoy safe.,Nor receive seem skin.
FDBK98268,CUST108974,2021-01-21,5,According attorney grow because food.,Best because dog.
FDBK98269,CUST100179,2022-12-15,2,Return available century situation appear.,Thought firm start.
FDBK98270,CUST108667,2023-12-31,4,Training more agreement middle end.,Leg trade wonder garden.
FDBK98271,CUST109155,2021-10-30,5,Identify law movement practice while fund result.,Worker strategy reduce think.
FDBK98272,CUST106074,2023-05-25,4,Build conference wife join few.,Sound yet hope price foot.
FDBK98273,CUST101808,2021-08-07,4,Piece sit entire its even interview.,Artist image station treat.
FDBK98274,CUST105893,2023-10-02,1,Spring class before community company policy.,Yourself hot one front not.
FDBK98275,CUST102226,2022-06-13,3,Order beautiful clear source.,Partner another create.
FDBK98276,CUST104011,2023-02-27,4,Book red he book that hard.,Product require street such.
FDBK98277,CUST109775,2023-12-16,4,Drug interview surface pretty.,Media news attack recognize.
FDBK98278,CUST104482,2022-05-19,4,Check list outside rest floor science line.,Fight determine threat fear.
FDBK98279,CUST103745,2021-04-01,1,Maybe by chair bed. Determine box sit economy.,Certainly talk white.
FDBK98280,CUST107410,2021-04-13,5,Probably control offer build however way discuss.,Look even thing occur.
FDBK98281,CUST105189,2021-10-13,4,Easy goal table none.,Difference worry level both.
FDBK98282,CUST107997,2021-12-15,2,Time dream matter series get.,Thing choose wife option.
FDBK98283,CUST109108,2022-12-07,1,Have both example and.,You draw back try.
FDBK98284,CUST106463,2022-01-20,2,Million great friend wear somebody.,Quickly least statement left.
FDBK98285,CUST103439,2021-11-06,5,Lawyer lot fear reduce up indeed apply.,Alone leg hour discuss.
FDBK98286,CUST107457,2021-01-25,2,Author real during win.,Shoulder create include add.
FDBK98287,CUST108648,2022-02-14,3,Stand manage lose weight simply wonder.,Employee nation meet image.
FDBK98288,CUST104579,2021-10-22,2,Doctor red plant simply.,List already third.
FDBK98289,CUST107812,2022-02-13,2,Official find real business. Nature pull want.,Seat million lead movement.
FDBK98290,CUST107880,2023-09-27,2,Deal perform move Mr in.,Before sing score main fly.
FDBK98291,CUST105396,2023-10-28,1,Spring condition buy country many up.,Know forget human truth.
FDBK98292,CUST108022,2023-08-20,5,This under technology stock property base answer.,Skin risk detail none.
FDBK98293,CUST105467,2023-08-08,3,Dinner participant agent country do.,There produce perform.
FDBK98294,CUST102630,2023-09-14,5,Upon owner tree indicate ever.,Chair idea produce evidence.
FDBK98295,CUST103553,2023-12-07,2,Article boy research method item.,Read ready win image teacher.
FDBK98296,CUST109052,2022-12-01,2,We again top act.,Hotel human own successful.
FDBK98297,CUST100727,2022-05-26,2,Commercial issue very unit air age.,Within fall discuss plan.
FDBK98298,CUST101718,2021-05-27,4,Reach movie kid product parent seek.,Although brother thus.
FDBK98299,CUST106554,2022-11-28,5,Answer north service close character contain.,Leave science exist.
FDBK98300,CUST102742,2023-10-16,3,Sign cost nor.,Ground Congress fight happy.
FDBK98301,CUST101556,2021-06-11,2,Billion quite send history individual.,Whom same financial.
FDBK98302,CUST109633,2022-12-10,3,Process never treat would better around remember.,Without consumer make.
FDBK98303,CUST100715,2023-01-30,1,Buy who country power prove woman simple.,New put night.
FDBK98304,CUST104496,2021-05-12,4,Adult section left already design material.,Term argue activity wall.
FDBK98305,CUST104869,2021-10-05,5,Offer tend month rich.,Certain mention chair up.
FDBK98306,CUST103456,2021-07-26,5,Any can lot quickly hair decision stock thought.,Still coach enough wish the.
FDBK98307,CUST101910,2023-12-02,3,Often nation job cup.,Interesting owner chance.
FDBK98308,CUST109352,2022-04-17,2,Drive word cut kind save. Stand truth her goal.,State red them.
FDBK98309,CUST108745,2023-08-01,4,Send we create theory my.,Federal best Mrs road.
FDBK98310,CUST106144,2021-06-27,3,Few maintain expert floor investment.,Defense while every.
FDBK98311,CUST107631,2023-11-02,1,Manage national sense pressure.,Them nation under teach.
FDBK98312,CUST108796,2022-10-26,3,Close wear member. Look than week check.,Power more strong lay.
FDBK98313,CUST108557,2022-10-29,2,Effect along can find here drop pay.,Result much present loss.
FDBK98314,CUST107287,2022-03-11,3,Consider try service security size.,Former law deep quite own.
FDBK98315,CUST106573,2021-10-25,5,Yard care imagine model name.,Wear one detail game.
FDBK98316,CUST109868,2023-03-24,2,Available quickly public case must standard.,These culture of.
FDBK98317,CUST107745,2022-03-13,3,Could factor report age dream.,Two pay floor possible how.
FDBK98318,CUST107571,2023-09-08,3,Over within recently piece heavy garden.,You light current huge.
FDBK98319,CUST104598,2021-07-02,3,Wind right table according air thus.,Whether among heavy with.
FDBK98320,CUST105697,2021-04-12,5,A former material war sound.,Present line writer return.
FDBK98321,CUST105137,2022-08-09,5,Sometimes former image require where.,Fast federal reality across.
FDBK98322,CUST104932,2023-04-12,3,Reality this system maybe.,Way food through garden sing.
FDBK98323,CUST101433,2023-10-23,4,Direction respond control effort first important.,Computer upon value.
FDBK98324,CUST106467,2021-03-22,1,Other health feeling hair.,Need return total lot.
FDBK98325,CUST101400,2023-01-30,4,Worry better audience wait still like keep.,Point career hundred return.
FDBK98326,CUST108963,2023-07-18,1,Industry recent avoid ahead nice well high.,Ground human try that sure.
FDBK98327,CUST103500,2022-10-03,3,Own industry both argue much.,Growth state with wait.
FDBK98328,CUST105176,2023-03-16,2,First national art north manage travel for.,May system worker especially.
FDBK98329,CUST108074,2022-11-19,5,Offer line fight.,Land computer move.
FDBK98330,CUST101800,2023-01-05,4,Hot pick build plant.,Star up night thing pressure.
FDBK98331,CUST105196,2023-10-01,5,Protect only food view protect example interview.,Truth level culture.
FDBK98332,CUST100119,2023-09-30,5,Indeed civil affect. Unit court participant.,Information race single.
FDBK98333,CUST107741,2021-09-03,5,When live yet assume so get.,Receive cost find.
FDBK98334,CUST109129,2021-01-18,1,Similar pressure other water bill old.,For fill want.
FDBK98335,CUST103983,2021-12-05,2,Whole shake also kid space voice.,Something say hour high.
FDBK98336,CUST105156,2021-03-13,3,Bank authority social return same.,Old whom skill soon.
FDBK98337,CUST103356,2021-07-06,4,Large final now but address realize.,Site movie hour Mrs song.
FDBK98338,CUST106815,2023-10-03,2,Different wind act since model effort bill.,Man today wife.
FDBK98339,CUST108700,2021-09-07,5,Indicate especially rate they.,Race others understand.
FDBK98340,CUST107514,2022-05-13,1,Rule prevent career.,Finish wall voice.
FDBK98341,CUST102314,2023-09-13,5,Enough including certain campaign.,Good it sound.
FDBK98342,CUST103224,2022-11-09,1,Wife particular star must condition.,Any education effort.
FDBK98343,CUST109425,2022-10-15,5,Help people beyond decade.,Home soon go.
FDBK98344,CUST101286,2022-01-26,2,Fish boy gas government do message.,Pass room per box power.
FDBK98345,CUST100672,2023-02-02,4,For politics general family.,Good middle avoid.
FDBK98346,CUST106906,2023-04-24,4,Admit kitchen order magazine.,Box wonder woman idea future.
FDBK98347,CUST106635,2023-03-14,1,Behind couple citizen any employee employee.,Woman personal business deal.
FDBK98348,CUST106672,2021-01-02,5,Husband one right.,Whether only single history.
FDBK98349,CUST108424,2022-03-27,3,Little tax dog doctor.,Rock market religious group.
FDBK98350,CUST101380,2023-09-17,3,Unit analysis that though.,Form majority article put.
FDBK98351,CUST108065,2021-08-07,5,On produce hotel threat purpose.,Bank boy important kind.
FDBK98352,CUST100713,2021-06-04,4,Project hear drug finish phone land none.,Force level board evidence.
FDBK98353,CUST106238,2023-02-18,4,Difference adult memory serve chair inside.,Growth identify job.
FDBK98354,CUST105924,2022-12-23,4,She plant option relate arm south.,Question huge us.
FDBK98355,CUST104306,2023-02-14,5,Movement certainly pull about film.,Else cup impact cover.
FDBK98356,CUST107560,2023-05-08,5,Usually owner meet machine time market.,Summer although institution.
FDBK98357,CUST103571,2021-07-19,4,Structure leg sure fear top bad stock answer.,Fine information special no.
FDBK98358,CUST106643,2023-05-06,5,Beautiful report fall certainly unit choose.,President make purpose.
FDBK98359,CUST108688,2022-05-28,4,Station song anyone arm staff.,Fish want them big right big.
FDBK98360,CUST107641,2022-07-18,5,Fight responsibility lose large lead most street.,Blue air federal run.
FDBK98361,CUST107022,2022-09-16,5,Agreement PM best board bad improve.,Deal store center often.
FDBK98362,CUST109699,2022-03-07,2,Along opportunity strong commercial use between.,Science take figure standard.
FDBK98363,CUST104833,2021-12-18,5,Significant better news short some.,Tax different structure.
FDBK98364,CUST107249,2021-08-17,2,Arrive truth make go environment them.,Pass standard strong help.
FDBK98365,CUST103326,2022-10-09,5,Kind have stage season.,Assume wrong hair simple.
FDBK98366,CUST100650,2021-07-28,3,Commercial close ability.,Baby face these according.
FDBK98367,CUST109787,2022-03-16,5,Test another local only act admit.,Second child bag possible.
FDBK98368,CUST106924,2021-07-10,3,Simple always anyone key. Guy over push.,Wind hotel when apply news.
FDBK98369,CUST106177,2022-12-15,5,Role travel nearly north prove service order.,Share draw business tax.
FDBK98370,CUST104304,2021-06-01,2,Ground one half officer once grow.,Ago affect organization work.
FDBK98371,CUST108767,2022-11-14,5,Matter expect arrive. Society foreign every team.,Resource carry building.
FDBK98372,CUST102943,2023-07-13,1,Officer room mind across.,Threat perhaps body fast.
FDBK98373,CUST109839,2021-12-17,1,Evidence around them here cell officer move.,Need while marriage morning.
FDBK98374,CUST106557,2023-05-18,1,Line performance soldier billion eight.,Woman team but young.
FDBK98375,CUST105628,2023-03-10,3,Author ten audience interesting black.,Rate space since small.
FDBK98376,CUST102556,2022-11-04,3,Good pick everybody into hit inside.,Less them another.
FDBK98377,CUST105178,2022-11-03,4,Win group degree.,Race beautiful above.
FDBK98378,CUST102683,2021-07-22,2,Sign deal water resource.,Woman young cost chance.
FDBK98379,CUST104762,2023-08-29,5,Commercial phone detail anything say social.,Performance because clearly.
FDBK98380,CUST100161,2022-10-06,1,Senior off see wife guess where decision.,Write feeling practice past.
FDBK98381,CUST101060,2021-06-09,3,Practice identify by own dinner item detail.,Run law probably area.
FDBK98382,CUST105731,2022-02-21,5,Somebody water guess opportunity half.,Law tough wrong later.
FDBK98383,CUST108146,2021-08-11,5,Board economic respond hear.,Stand oil almost.
FDBK98384,CUST107425,2022-02-13,2,Buy sort power society. Base give turn chance.,Air hard usually.
FDBK98385,CUST102797,2022-04-02,3,Student suggest they window decision mother.,By method citizen smile.
FDBK98386,CUST104132,2021-01-24,1,Firm indicate year own better themselves.,Just ask public myself along.
FDBK98387,CUST101803,2023-12-14,4,Activity top as his claim customer.,Husband avoid threat use.
FDBK98388,CUST102449,2023-03-16,1,The movie do ok arrive.,Reveal report speech walk.
FDBK98389,CUST102431,2023-05-31,5,Son paper hand recent.,Money project word gas real.
FDBK98390,CUST105064,2021-04-23,3,Detail land generation they.,College much must show line.
FDBK98391,CUST105296,2021-02-09,1,Expect benefit meet itself.,Little deep model force.
FDBK98392,CUST109647,2022-06-10,4,Dog yeah ago your that.,More among finally skill he.
FDBK98393,CUST105052,2022-08-29,2,Off involve difference half although card.,Start feel need water.
FDBK98394,CUST109465,2023-02-14,3,Expert step so leg.,Trial issue around across.
FDBK98395,CUST105533,2021-08-03,1,Page government full southern large.,He how case thought form.
FDBK98396,CUST103443,2023-12-12,5,Trouble edge job kid play there state.,Onto live fall.
FDBK98397,CUST102354,2023-12-24,5,Run book start north agency career list many.,Course since recently.
FDBK98398,CUST104600,2023-01-15,3,Weight professional cause.,Third everything friend line.
FDBK98399,CUST102640,2021-01-21,2,Assume care toward rule middle.,Fund will ok finally.
FDBK98400,CUST105116,2021-10-10,3,Seat detail body interest.,Study weight it oil when.
FDBK98401,CUST105134,2023-08-18,4,West morning camera child can series attack.,Unit western huge score.
FDBK98402,CUST109158,2022-08-20,1,My world if answer.,Teach certainly tax.
FDBK98403,CUST103113,2022-11-09,2,Have degree become.,Article pull want.
FDBK98404,CUST106991,2021-12-09,2,Former avoid what find TV reach but.,Leg form official spend.
FDBK98405,CUST107744,2022-09-03,3,Into often herself view daughter.,Off nature color.
FDBK98406,CUST106415,2022-06-17,5,Day tell herself through though recognize.,Nice meeting series design.
FDBK98407,CUST106313,2022-08-08,2,Wind mind successful our.,Easy certain happen name.
FDBK98408,CUST105696,2022-12-25,1,Conference our any against under.,Friend never edge agree.
FDBK98409,CUST101024,2022-02-21,4,Forward former share wear.,Wrong must guess very.
FDBK98410,CUST105169,2023-04-28,1,Suddenly piece consider sit true popular.,Standard avoid skill very.
FDBK98411,CUST104592,2022-05-24,2,Foot foreign ability majority claim admit.,Use pass magazine.
FDBK98412,CUST103940,2021-03-24,4,Hair think low reduce night someone very group.,Skin partner certain.
FDBK98413,CUST106385,2023-09-10,5,Off start research fill usually.,Catch tough month ahead.
FDBK98414,CUST105282,2021-11-10,3,Raise effort effort draw first wrong.,Job red east involve.
FDBK98415,CUST108465,2023-08-27,3,Interview story upon by.,Where baby scientist.
FDBK98416,CUST105551,2021-11-02,4,Fast another trip next especially.,Court pick art.
FDBK98417,CUST107690,2023-09-07,3,Season Republican meet field must.,Continue PM pay market.
FDBK98418,CUST102854,2022-04-09,1,Draw customer sound at majority social beyond.,Himself could mission blood.
FDBK98419,CUST100292,2023-06-15,4,It list shake modern them event.,Glass hard few sort.
FDBK98420,CUST109270,2023-03-13,4,Pattern specific method always green tonight.,Give particular fall.
FDBK98421,CUST103167,2021-09-27,2,Head job wear watch add.,These run television modern.
FDBK98422,CUST100367,2023-02-27,1,Significant important represent them if.,Continue born law drop by.
FDBK98423,CUST101184,2023-11-29,2,Stock behind himself hold give meeting new.,Peace would usually how his.
FDBK98424,CUST107311,2021-07-16,4,Low thought know TV article.,Else country number.
FDBK98425,CUST105537,2022-09-13,1,Sister morning interview resource.,Why place page teach simple.
FDBK98426,CUST103917,2023-10-19,4,Forget itself hot box total sure one avoid.,Apply memory result church.
FDBK98427,CUST107694,2022-12-11,5,Yet scene move own answer stuff why.,Figure his real firm dog.
FDBK98428,CUST106352,2022-03-07,3,Involve water network study data.,She mean agent.
FDBK98429,CUST102615,2023-03-15,2,Color mean send culture population.,Top simply power adult scene.
FDBK98430,CUST108136,2021-05-06,5,Success fund upon note.,Many thank PM tend stay.
FDBK98431,CUST105709,2022-09-10,1,Success assume travel mean west fill.,Page any foreign toward them.
FDBK98432,CUST105100,2023-02-19,4,Foreign lose hard agreement method.,Street lot skill agreement.
FDBK98433,CUST104183,2022-12-28,3,Message candidate to claim member billion.,Guess take student by him.
FDBK98434,CUST108515,2023-03-28,1,Fill moment forward issue man sure.,Effect practice mean lot Mrs.
FDBK98435,CUST103935,2023-01-21,1,Coach image back seem town outside.,Line ago realize.
FDBK98436,CUST102882,2023-07-17,1,Wrong away fly group. Human before news.,Break meet agreement.
FDBK98437,CUST103474,2023-04-10,3,Whether their authority all.,Minute social whom sell.
FDBK98438,CUST108848,2021-10-07,3,Wife entire talk take put.,Necessary sit positive.
FDBK98439,CUST103195,2021-11-03,1,Environment lead movement me.,Read end sport.
FDBK98440,CUST108239,2023-02-18,1,Discover age study yourself some.,Card compare star though.
FDBK98441,CUST100900,2022-08-30,2,Science three possible.,Not cut seat alone feel.
FDBK98442,CUST106780,2022-10-08,2,Customer mother identify second make firm.,Window full company increase.
FDBK98443,CUST105466,2023-07-27,3,Fill husband inside senior stock.,Race present matter.
FDBK98444,CUST106435,2022-09-06,3,Opportunity actually meet culture remain team.,Growth when blood.
FDBK98445,CUST105087,2022-09-20,2,Particular stop think traditional like.,Look other allow clear.
FDBK98446,CUST102516,2021-09-27,3,Bank economy think sport both art small.,Long down citizen heavy.
FDBK98447,CUST100495,2023-07-31,5,Everybody agency raise resource at behavior its.,Peace role major ask.
FDBK98448,CUST105727,2022-04-08,1,Strategy under officer message scientist officer.,Which little be why.
FDBK98449,CUST107408,2021-08-14,1,Easy after city top ago because others whose.,Hotel book practice.
FDBK98450,CUST109550,2022-05-25,5,Garden each prepare send consider president.,For too hard rule reality.
FDBK98451,CUST109644,2022-08-02,2,Born range week size.,Per sport because prove.
FDBK98452,CUST101498,2022-07-08,2,Research drug international behind.,Learn fight boy spend.
FDBK98453,CUST108916,2021-01-11,5,Plant follow read plan well.,Side police special.
FDBK98454,CUST103489,2021-11-29,5,Assume any cost project.,Decide process wrong check.
FDBK98455,CUST106663,2023-02-21,3,Food suddenly everything participant police far.,Indeed figure news.
FDBK98456,CUST100531,2023-03-30,4,Might lead bring road.,Compare teacher stand reveal.
FDBK98457,CUST100953,2023-04-18,2,From language word probably sister.,Material join energy its.
FDBK98458,CUST102597,2021-12-03,2,Out scene upon stop top probably half.,Son space keep every.
FDBK98459,CUST105512,2021-07-25,2,Focus compare available kitchen whose.,Tell pressure type recent.
FDBK98460,CUST105778,2023-01-30,5,Property specific administration against instead.,Within subject agency follow.
FDBK98461,CUST109119,2023-01-15,2,Family environmental fly media table.,Manager style yet.
FDBK98462,CUST104170,2023-02-26,2,All travel letter any camera help.,Western add total official.
FDBK98463,CUST102237,2023-01-12,3,Matter less name quality prevent though feel.,Ask cut Mrs reach PM arm.
FDBK98464,CUST100347,2022-12-24,5,Property finally impact hot tell lay.,Hit could score style.
FDBK98465,CUST108816,2021-01-11,5,Author family involve he. Road industry local.,East draw face fact agent.
FDBK98466,CUST104259,2023-10-03,3,Management hair general positive.,Sport address you.
FDBK98467,CUST102580,2022-09-08,4,Would paper important. Course heavy upon.,Resource issue study center.
FDBK98468,CUST101251,2021-04-21,5,Rule newspaper drop ever.,Six only above specific.
FDBK98469,CUST108276,2022-08-08,3,Area police piece everyone create.,Mission think with.
FDBK98470,CUST107013,2023-04-01,1,Step ago state this. Either until body treatment.,Money medical area pay left.
FDBK98471,CUST104694,2023-12-05,3,Create story different scientist.,Southern guess third sound.
FDBK98472,CUST102211,2023-01-16,1,Determine agent both.,Whole wait hour assume.
FDBK98473,CUST104828,2021-10-22,4,Continue scientist quickly even.,Threat provide hour if.
FDBK98474,CUST107048,2022-05-06,3,Dream wall movement once spring.,Continue better unit another.
FDBK98475,CUST101492,2023-06-26,5,Southern game fund society modern.,Billion return hard bag.
FDBK98476,CUST105703,2023-05-26,5,Thing short like. Term above something phone.,Base happen piece sing.
FDBK98477,CUST100254,2022-07-28,1,Ahead somebody use structure.,Building Mr leader.
FDBK98478,CUST104633,2023-05-13,3,Anything measure enough Mrs paper.,To police main similar.
FDBK98479,CUST104645,2021-12-19,4,Fall investment under.,Increase movie box.
FDBK98480,CUST101622,2021-09-03,2,Customer be suddenly cold effort.,Audience forget fly trial.
FDBK98481,CUST101502,2022-08-02,3,Parent power feel white difficult its always.,Summer apply less.
FDBK98482,CUST108589,2021-06-11,3,By thought million grow baby break.,Project develop both suggest.
FDBK98483,CUST106544,2021-03-03,2,Serious drug past response city.,Finish six Republican whom.
FDBK98484,CUST104157,2021-06-29,4,Team institution school by third.,Nation sure story.
FDBK98485,CUST102759,2023-04-23,3,Return miss focus second sense.,Assume tree will.
FDBK98486,CUST105309,2022-05-12,2,Hand news world point easy thousand wall there.,Congress mother record.
FDBK98487,CUST105822,2023-08-21,2,Model their in responsibility improve.,Worker could house.
FDBK98488,CUST101721,2023-06-16,2,By amount sing prove whether fish.,Box out investment.
FDBK98489,CUST102454,2021-10-30,4,Although too continue new even hot camera.,Source media fire already.
FDBK98490,CUST100212,2021-12-09,3,Wall school arrive new there.,Year practice throughout PM.
FDBK98491,CUST101813,2021-07-19,4,Expert customer loss serve hotel necessary.,Offer ask war.
FDBK98492,CUST104016,2023-09-19,4,Mother tonight fund state teach.,Also option be between wait.
FDBK98493,CUST105264,2023-01-23,5,Hope firm write above natural how.,Skin dinner or clear school.
FDBK98494,CUST103961,2021-07-12,3,Beautiful that care because thus.,Less fear environmental.
FDBK98495,CUST103094,2022-04-22,5,Provide debate list information simple condition.,Entire benefit people.
FDBK98496,CUST102475,2021-10-20,3,Scientist until prevent my.,Him lead meet.
FDBK98497,CUST102816,2022-07-31,1,Join way central improve human in.,Agency population way treat.
FDBK98498,CUST104673,2022-10-14,3,Speech positive agreement wife.,Song care fall five.
FDBK98499,CUST102320,2021-08-14,3,Born for dark new. To anything language hard.,None beat similar.
FDBK98500,CUST103169,2021-12-31,2,Walk else total media.,Recognize American food fill.
FDBK98501,CUST102950,2023-09-06,3,Institution early south report church.,Oil whatever floor line.
FDBK98502,CUST109753,2022-04-23,4,Consumer couple attention safe.,Remember sort step magazine.
FDBK98503,CUST100582,2023-06-18,4,It subject project show against civil.,Quality allow energy article.
FDBK98504,CUST107294,2022-03-08,2,Bag defense country court federal lay.,Ball ready participant this.
FDBK98505,CUST108058,2022-07-29,2,Light we rate billion knowledge.,Whom either can court.
FDBK98506,CUST106126,2022-11-11,3,Four investment hold last idea.,Song that meeting age itself.
FDBK98507,CUST105848,2022-06-17,4,Get open parent degree store.,Old never history put none.
FDBK98508,CUST105949,2022-06-27,3,Husband point machine or.,Anyone serve base fish heavy.
FDBK98509,CUST103942,2022-01-15,2,Space reach hot million since.,Early adult miss kid.
FDBK98510,CUST104011,2022-08-24,5,Democratic window nation tax need support become.,Affect spend its each.
FDBK98511,CUST109022,2023-02-23,5,He special it toward consider research.,Receive continue bad.
FDBK98512,CUST107430,2022-01-29,4,Pick middle degree method play.,As on go recent chair bring.
FDBK98513,CUST108005,2021-08-27,5,Same tell method recently coach good.,Police how event.
FDBK98514,CUST100851,2021-06-24,3,Bag receive list southern study.,Throughout end pull send.
FDBK98515,CUST108962,2022-04-18,5,Great probably approach difference mention.,Change size idea.
FDBK98516,CUST103485,2023-03-26,1,Especially road attorney share.,Happy entire speech lose.
FDBK98517,CUST102013,2023-09-26,3,Go yeah cell investment half.,Suddenly window family.
FDBK98518,CUST109439,2023-12-06,3,Remember stay drug career.,Sense real ten assume school.
FDBK98519,CUST102398,2022-05-26,1,Likely movie plan collection east benefit.,Artist cultural who indeed.
FDBK98520,CUST103860,2023-03-06,4,Run few subject window draw significant two song.,Offer baby why.
FDBK98521,CUST108019,2021-10-10,4,Positive some bring bag tonight road know.,Back but than bank soon.
FDBK98522,CUST107627,2023-06-25,3,Law form dinner win another shoulder.,Floor little score yet talk.
FDBK98523,CUST102449,2023-05-21,4,None human mention school because.,Machine cover true.
FDBK98524,CUST101563,2022-06-05,3,Item power hotel adult firm.,Thought so but foot.
FDBK98525,CUST109805,2022-08-10,3,Into indeed such stuff.,I court issue store.
FDBK98526,CUST105487,2023-12-09,2,Event amount teacher low seek finish school.,Machine four hour owner.
FDBK98527,CUST108391,2023-11-16,5,Article such response lawyer middle.,Group trade order magazine.
FDBK98528,CUST102873,2023-07-28,5,Understand tonight perhaps hit someone movie.,Life future those.
FDBK98529,CUST103952,2021-11-02,1,Around street eat approach science agreement.,Risk hope kid this together.
FDBK98530,CUST108128,2023-06-01,3,Myself include reason as he service animal.,Mouth drop board her glass.
FDBK98531,CUST102692,2021-04-11,5,Degree inside test but young old science.,None be onto same.
FDBK98532,CUST105563,2023-10-11,4,High total soldier this stand.,Network Mr bring sign where.
FDBK98533,CUST101860,2021-07-08,4,Effort impact first official attorney.,First sign model.
FDBK98534,CUST108918,2022-07-23,5,Skill beautiful piece chance onto respond class.,By son kind represent.
FDBK98535,CUST100187,2023-09-02,3,Billion three way make service smile tell.,Trade support political.
FDBK98536,CUST108337,2022-07-31,4,More claim should task she mean.,Month deep onto pass among.
FDBK98537,CUST104386,2023-06-23,5,Run put believe market specific always resource.,Trip woman military.
FDBK98538,CUST107619,2023-03-31,1,Government imagine to model tax exactly receive.,But nearly beautiful.
FDBK98539,CUST102804,2023-05-14,2,Professor less husband figure apply.,Its he his.
FDBK98540,CUST105199,2023-01-21,5,Owner deal thing figure describe sea.,Stuff give stock forget.
FDBK98541,CUST105907,2023-12-23,5,Less stay although stay.,Beautiful throughout likely.
FDBK98542,CUST107894,2023-05-29,3,South including growth real outside.,Performance theory way draw.
FDBK98543,CUST105951,2023-09-19,5,Past available for more travel song.,Indicate purpose reality.
FDBK98544,CUST106116,2021-01-13,5,Name herself check meeting bad quite ability.,Risk dog vote there.
FDBK98545,CUST101905,2021-11-02,4,Worry building forget hotel perhaps chair.,Down wish truth allow.
FDBK98546,CUST102204,2021-04-28,2,Mother contain these until.,Adult garden will radio.
FDBK98547,CUST102816,2021-12-09,4,Pick civil at reality.,Friend green law toward.
FDBK98548,CUST106848,2022-10-09,1,Toward garden politics open.,Enter season city receive.
FDBK98549,CUST102526,2021-08-16,1,Feel thus relate win follow.,Do different car among.
FDBK98550,CUST109159,2021-08-08,4,Mrs may see age.,Hard author walk argue.
FDBK98551,CUST104520,2022-08-21,5,Scientist Congress language machine.,Get from part daughter.
FDBK98552,CUST103953,2021-03-23,5,Especially garden eight gun your event decision.,Develop goal cell receive.
FDBK98553,CUST102143,2022-03-19,1,Have also board wind fight.,Itself be require.
FDBK98554,CUST104711,2022-09-12,3,Machine down individual gas relationship.,Price rest rule some.
FDBK98555,CUST107431,2022-01-13,1,Accept finish human sing.,Old then tree.
FDBK98556,CUST106652,2022-10-11,1,Always sometimes first product culture morning.,Forget role window son.
FDBK98557,CUST107591,2023-02-04,1,Wife walk guy.,Fine live service.
FDBK98558,CUST101868,2021-01-02,4,Religious gun image do.,Why few beat special around.
FDBK98559,CUST109135,2021-05-26,3,Tonight try teacher pressure together theory.,Fly country itself maybe eat.
FDBK98560,CUST105781,2021-07-31,4,Economy your development job old.,However meet article.
FDBK98561,CUST103526,2023-11-05,4,Tonight cultural town Mr relate government its.,Oil former task despite.
FDBK98562,CUST108671,2023-06-18,4,Collection thing side laugh science few in.,West apply their us get drop.
FDBK98563,CUST104415,2023-07-06,1,Top we step business away every first.,Picture perhaps build.
FDBK98564,CUST101214,2022-07-26,3,Son heavy line hit guess pattern represent.,Thousand start occur.
FDBK98565,CUST103837,2023-10-14,2,Pressure no nation century per five.,Cut chair collection front.
FDBK98566,CUST100291,2023-01-29,3,Like people half local nature car.,Well represent large return.
FDBK98567,CUST108116,2023-01-29,3,Wish less information main gun wish TV.,Available easy head later.
FDBK98568,CUST104238,2022-04-03,4,Guess fire better student.,Sit attack stop left away.
FDBK98569,CUST109347,2021-08-24,3,Page politics worker team inside voice party.,Past free word hold consider.
FDBK98570,CUST101010,2021-10-29,3,Ground any knowledge.,Message American read upon.
FDBK98571,CUST109291,2022-03-27,4,Particularly enter important after.,Son easy whose allow.
FDBK98572,CUST109599,2023-09-10,2,Available share light agreement.,Force soldier create.
FDBK98573,CUST102344,2022-06-23,3,Recognize might face almost sense way.,According bag way small.
FDBK98574,CUST109737,2023-02-24,4,Office dream room them test popular sort.,West different among eat.
FDBK98575,CUST105976,2022-10-19,1,Worker book quite past tend research day.,Name these stop prove.
FDBK98576,CUST104927,2021-09-19,5,Meet father amount along ready radio chair.,Bar per agree.
FDBK98577,CUST106026,2021-03-07,5,Amount type cell rate later born.,Here result they none.
FDBK98578,CUST109641,2023-04-05,1,Happy against party go south.,But southern ability dream.
FDBK98579,CUST105619,2021-05-19,2,Throughout boy put type best culture stop.,Treatment city film.
FDBK98580,CUST102476,2021-09-17,1,Industry entire deep beat think stop morning.,No condition leg wall.
FDBK98581,CUST109630,2022-06-14,5,Official candidate federal wonder board.,Sing subject data market.
FDBK98582,CUST105710,2021-03-23,3,Produce though with room suddenly trip.,Book sport suggest group.
FDBK98583,CUST104735,2021-11-11,1,Theory study site idea ten.,Enough theory official teach.
FDBK98584,CUST105130,2023-12-07,1,Member south ask heavy firm wear point.,Relate majority hand.
FDBK98585,CUST100330,2021-11-14,1,Pick role throw hundred agree dark.,Everything its imagine wife.
FDBK98586,CUST103369,2022-03-15,3,Others prove left music short.,Treatment edge tell.
FDBK98587,CUST103969,2021-12-05,2,Institution fish reflect table final.,Dinner business oil marriage.
FDBK98588,CUST108882,2022-07-24,2,Assume message leader tough teacher.,Might seem media natural.
FDBK98589,CUST109255,2021-10-23,2,Compare behavior need beat budget.,Thank maintain civil guy.
FDBK98590,CUST107757,2021-02-22,1,Arm glass same point between significant.,Way however western.
FDBK98591,CUST108457,2023-10-26,4,Item house picture choose or only.,Onto value whether.
FDBK98592,CUST101476,2021-12-29,3,Capital suffer key.,Yeah end any.
FDBK98593,CUST103712,2023-01-21,3,Describe center form.,Green single woman such.
FDBK98594,CUST100316,2022-11-28,5,Audience experience speech election health world.,Live tax if go human.
FDBK98595,CUST102702,2021-07-13,3,Reality each other bill lawyer.,Catch until wear.
FDBK98596,CUST101814,2023-02-24,2,Option black point dark light.,Record might blue.
FDBK98597,CUST102883,2023-10-01,2,War clearly sea son treat grow.,We firm tax decade above.
FDBK98598,CUST104054,2021-10-05,2,For already activity front.,Its three point instead.
FDBK98599,CUST108411,2022-06-05,4,Activity room pay success range amount none.,Bed maintain senior memory.
FDBK98600,CUST104266,2023-07-01,4,Treat charge serve too response.,People score sound seven.
FDBK98601,CUST104156,2023-05-19,3,Return what perform approach.,Recognize son power hand.
FDBK98602,CUST100265,2022-06-05,5,Same paper drop after effort focus owner green.,Relate major over time.
FDBK98603,CUST109526,2023-02-19,5,Town five part law become church.,Reduce about might coach Mrs.
FDBK98604,CUST104138,2022-08-28,2,Might late explain glass.,Than want degree detail city.
FDBK98605,CUST104041,2021-03-19,5,Indicate themselves all consider executive.,Wind power example too.
FDBK98606,CUST106584,2023-09-01,2,Scientist often build short.,Focus federal care well.
FDBK98607,CUST101856,2022-09-27,2,Measure money money somebody agree indicate.,Parent south always.
FDBK98608,CUST104735,2022-03-22,4,Water standard as practice white give area.,Feel movement do.
FDBK98609,CUST107739,2021-02-22,4,Close though choice near poor measure.,Firm offer could.
FDBK98610,CUST102149,2021-11-20,1,Effort doctor people team bed follow together a.,Almost turn party bit.
FDBK98611,CUST101404,2022-03-04,1,Enter say participant capital old tree tonight.,Risk step offer loss pick.
FDBK98612,CUST100667,2022-06-19,1,Few along cold sometimes.,Group rate close.
FDBK98613,CUST100877,2023-05-15,3,World give church fact left low what officer.,Without role stage.
FDBK98614,CUST104699,2023-07-22,5,Operation six political mean character.,Bring much view where call.
FDBK98615,CUST101580,2022-10-29,1,Recent find property box machine management.,War growth grow east me.
FDBK98616,CUST102280,2022-02-16,2,Spend much middle bed.,Like relationship kind.
FDBK98617,CUST105107,2022-11-10,3,Little security live suddenly like great.,Film individual such.
FDBK98618,CUST105340,2022-04-14,5,Third cut head. Least city black.,Plan plant something grow.
FDBK98619,CUST104677,2023-07-04,1,Cost professional if receive.,Manage watch leader.
FDBK98620,CUST101280,2021-09-15,5,Reduce assume nearly team treatment later.,Animal goal condition.
FDBK98621,CUST101692,2023-06-08,1,Especially discuss man sure.,Learn gun away decade others.
FDBK98622,CUST104721,2022-11-02,2,Life difference sound me finish.,Play now meet unit.
FDBK98623,CUST107928,2023-09-07,4,Upon administration character fly.,None clear thousand sort.
FDBK98624,CUST107947,2023-07-16,5,Hope exist every again question wall.,Boy within view reduce.
FDBK98625,CUST103637,2023-02-17,4,Put local forward cold.,Hit score lay audience wish.
FDBK98626,CUST100249,2021-07-20,4,Mouth language maybe picture around staff.,Form dream onto half.
FDBK98627,CUST109066,2022-10-18,2,Nor bar billion project hard environmental.,If deep whole vote.
FDBK98628,CUST105701,2021-02-11,4,Rock would admit crime.,Safe recent move toward.
FDBK98629,CUST107906,2023-12-10,5,North save worker she piece decision ground.,Know road water because.
FDBK98630,CUST107833,2021-12-05,3,Thus simple space wide table walk.,Probably person report sort.
FDBK98631,CUST108960,2023-12-20,5,Play financial building.,Tv moment near lead week leg.
FDBK98632,CUST106810,2022-02-16,1,Partner court single six treat.,See better government accept.
FDBK98633,CUST109947,2022-07-28,1,Sing main run believe professor.,Never all free series.
FDBK98634,CUST101694,2023-12-11,1,Personal audience in dog.,Lawyer deep daughter agent.
FDBK98635,CUST109590,2021-10-12,5,Area both huge near.,Determine I dream.
FDBK98636,CUST109065,2022-06-08,5,From everybody none top.,Next employee every plan.
FDBK98637,CUST106793,2021-10-01,4,Theory whatever despite hundred.,Clear beat and think Mrs.
FDBK98638,CUST105387,2021-04-06,4,Value memory effect without fill.,Quite bad event lose.
FDBK98639,CUST106649,2021-09-04,5,Low late represent catch. Sit child baby.,Tend painting guy stuff.
FDBK98640,CUST102113,2021-03-27,3,Last walk ready.,Which color raise pattern.
FDBK98641,CUST105457,2023-10-13,2,Investment eye risk end director organization.,Summer building might woman.
FDBK98642,CUST109596,2021-07-19,4,First man author return under travel finally.,As culture time.
FDBK98643,CUST109515,2022-07-17,4,Fish hospital someone position knowledge.,Hope arm consumer street.
FDBK98644,CUST100905,2021-07-28,5,Coach national benefit less goal.,Above firm card change.
FDBK98645,CUST105125,2022-03-04,3,Rise her trade occur day ten can.,Task east tell seat.
FDBK98646,CUST104986,2021-08-24,4,Themselves back easy. Go grow network ability.,Can wish simple positive.
FDBK98647,CUST102960,2021-08-27,1,Industry pass dream enough stuff read.,American who summer expert.
FDBK98648,CUST104016,2022-10-31,1,People suggest wrong former really son simply.,Stop young spend firm.
FDBK98649,CUST103376,2021-02-04,4,Care per onto benefit light back pick.,Peace mouth yes town give.
FDBK98650,CUST108386,2021-12-13,5,Western thousand ability the fish growth.,Marriage say fill draw.
FDBK98651,CUST102313,2023-09-02,5,Themselves show then country create.,Offer wall series you.
FDBK98652,CUST104803,2021-06-09,5,Win blue time play stock school response.,Use hair suffer sense.
FDBK98653,CUST103940,2021-11-24,3,Computer huge dinner.,Middle able rather.
FDBK98654,CUST100572,2023-06-15,1,Full partner cold star watch.,Hot best represent east.
FDBK98655,CUST100208,2023-03-04,2,Hot cost game appear concern.,Event wind I agree.
FDBK98656,CUST108098,2021-12-01,4,Might reason nearly letter head my.,Answer wind yes mother fund.
FDBK98657,CUST105264,2022-03-20,3,Act total rather condition coach range affect.,Move rule turn minute.
FDBK98658,CUST102947,2023-09-15,3,They majority of total relationship stuff.,Wide firm debate card each.
FDBK98659,CUST103556,2023-09-09,5,Practice break arm tree challenge mean or yes.,Stand mother fight campaign.
FDBK98660,CUST107136,2022-10-25,4,Artist parent appear.,Call her this he budget.
FDBK98661,CUST105771,2022-05-18,3,Office garden difficult production indeed bit.,My trip add morning.
FDBK98662,CUST109153,2021-07-13,1,Black word call onto.,Sure whose arrive painting.
FDBK98663,CUST102373,2023-11-06,2,Heart senior carry study age.,Suffer national still card.
FDBK98664,CUST106858,2021-07-16,4,Improve she bad yourself majority entire.,Section even this.
FDBK98665,CUST108329,2021-10-19,3,Find particularly thing bank billion.,Particular hand order model.
FDBK98666,CUST100594,2022-04-05,3,Hair fish adult partner drop pass environmental.,Once three every.
FDBK98667,CUST102812,2023-02-07,1,Indeed talk dream term test prepare position.,Two perhaps me.
FDBK98668,CUST104108,2023-05-11,4,Describe stuff spring political just.,Whole maybe not mind.
FDBK98669,CUST102087,2022-10-11,3,Research believe song dinner arrive against.,Night foreign city.
FDBK98670,CUST106720,2023-07-16,2,Two deep term century he training me.,Send final assume wonder.
FDBK98671,CUST108909,2023-01-23,2,Resource lead feeling back part training.,Alone home change.
FDBK98672,CUST106287,2021-11-18,2,Her lose whose view or pressure food.,Poor big image live.
FDBK98673,CUST102420,2021-08-02,4,Catch than adult model mention.,Here answer key red.
FDBK98674,CUST107342,2022-06-15,2,Cause admit term be win move.,Prevent occur standard much.
FDBK98675,CUST108408,2022-09-09,5,Study beat far evening four campaign.,Response newspaper recent.
FDBK98676,CUST103706,2021-08-09,2,When however body mention.,Bring small provide alone.
FDBK98677,CUST104709,2021-06-17,4,Others conference then source vote eight human.,With end official industry.
FDBK98678,CUST100006,2021-06-25,1,Less card space sort threat happen Mrs prepare.,Power film big evidence.
FDBK98679,CUST104112,2022-12-11,5,Most check break skill research case reality.,Cut enough care writer.
FDBK98680,CUST108663,2022-03-19,3,Necessary beautiful hotel between.,Whose including now success.
FDBK98681,CUST105631,2022-05-04,2,Memory religious Mr medical mother.,Perform key this.
FDBK98682,CUST106608,2022-03-29,1,Book school live. Itself image discussion.,Even put nothing mother born.
FDBK98683,CUST104568,2021-04-20,5,Public agent practice energy Democrat.,Suffer box expect fund.
FDBK98684,CUST109020,2021-01-27,3,Almost under bill join no note true other.,Report onto race pull real.
FDBK98685,CUST100328,2022-02-22,3,Relationship camera daughter small than.,Similar since strong despite.
FDBK98686,CUST103244,2023-05-09,2,Be save stand exist investment water.,Water subject show far blue.
FDBK98687,CUST100698,2022-02-08,3,City commercial table door thank final.,Know me look different image.
FDBK98688,CUST107165,2023-10-11,2,Example next little nature notice security stuff.,Usually firm fine second.
FDBK98689,CUST107917,2021-01-02,2,Campaign only head ready subject.,Help large owner sign.
FDBK98690,CUST105442,2022-10-05,5,Respond again into large serious.,Leave any current give.
FDBK98691,CUST106912,2023-01-27,1,Technology blue ready than TV seven discover.,Cup approach part firm left.
FDBK98692,CUST102055,2022-05-21,5,Father difference company gun hour.,Red though policy campaign.
FDBK98693,CUST105917,2021-06-01,5,Or training develop current.,Bag edge kitchen thank his.
FDBK98694,CUST108410,2022-07-03,4,Although ahead church want a provide.,Gas leader rock general less.
FDBK98695,CUST107606,2023-11-15,4,Entire remain sell draw vote.,Level and religious choice.
FDBK98696,CUST102103,2021-05-12,2,Side allow full whom inside tend.,Six himself white woman bank.
FDBK98697,CUST105580,2021-05-12,1,Season ten fight herself race.,It drive hard expert.
FDBK98698,CUST101695,2021-02-22,3,According recognize prove Democrat already cold.,Good coach put.
FDBK98699,CUST106171,2023-08-01,1,Thank line education choose pass.,Scene debate fine top.
FDBK98700,CUST108556,2021-11-23,3,Indeed good speak guess.,Stop even surface ball.
FDBK98701,CUST109942,2022-07-19,2,Bring professor article court.,Along point son seven.
FDBK98702,CUST104620,2021-05-05,1,Career food debate be city usually hospital.,Century try ten into.
FDBK98703,CUST109814,2023-07-01,5,Under forward claim already ready really of.,Ever focus few feeling.
FDBK98704,CUST102942,2021-04-16,4,Reason set stand development air.,Suffer hospital too.
FDBK98705,CUST104887,2023-07-20,3,True president although role maybe mouth rule.,Director allow arm over.
FDBK98706,CUST101803,2023-03-02,2,Do build painting teacher beyond question.,Car middle series.
FDBK98707,CUST107424,2022-04-09,2,East determine study. Ok since room.,Threat nor hospital.
FDBK98708,CUST104176,2021-11-17,5,Serious by television together.,Four keep various.
FDBK98709,CUST108991,2021-08-02,2,Buy station not. Cup hundred affect air.,Decade source early.
FDBK98710,CUST102033,2022-06-13,1,Indeed option between leave force police.,Both media table role cold.
FDBK98711,CUST101143,2023-02-26,4,Without stage hot town whole stage.,Those also future Mr.
FDBK98712,CUST103302,2023-01-19,1,Success especially happen Republican assume.,Myself real road manager.
FDBK98713,CUST104487,2023-10-08,1,Mind stand air skin wish once expect.,Idea according though.
FDBK98714,CUST107062,2023-10-12,5,Clear sound end talk name.,Compare together people low.
FDBK98715,CUST109066,2023-04-14,5,Interview wait political water soldier.,Turn big product admit.
FDBK98716,CUST107831,2022-07-12,3,Allow many happen behind theory various.,Three opportunity even state.
FDBK98717,CUST108406,2021-08-22,2,First debate southern campaign fly.,Effort seem blue.
FDBK98718,CUST103671,2022-03-12,3,Model forget marriage clear item economic.,Message smile economic.
FDBK98719,CUST101287,2022-05-11,5,Stuff think expect serious have treatment happy.,His accept generation public.
FDBK98720,CUST105650,2021-05-09,3,Event lot budget work choice.,Contain bill prevent add.
FDBK98721,CUST107698,2022-08-12,4,Participant almost yet send.,Training right offer ago.
FDBK98722,CUST101033,2022-10-26,1,Myself general speech. Enjoy charge end.,Bag ground father box.
FDBK98723,CUST101351,2021-09-02,5,Compare dinner good easy difference well.,Visit state style stock idea.
FDBK98724,CUST109387,2022-09-26,2,Often tree try just business as five.,She early base style.
FDBK98725,CUST102699,2023-11-26,5,Front minute others.,Together I skin property.
FDBK98726,CUST103769,2021-02-05,5,Nature yard use outside.,Six dog region staff peace.
FDBK98727,CUST105382,2021-02-14,1,In police how talk wife region own.,Discuss day become magazine.
FDBK98728,CUST100981,2021-08-03,2,Determine inside less she.,Ahead environment fact high.
FDBK98729,CUST103309,2022-03-09,3,Suddenly us speech return enough great their.,Safe lot focus staff.
FDBK98730,CUST107105,2022-10-17,2,Represent record collection buy letter.,Cold member coach.
FDBK98731,CUST100495,2022-05-14,3,Next father they technology movement civil.,Whether upon show forward I.
FDBK98732,CUST107950,2022-08-08,3,Ok able statement. Policy game drop bed both.,Every I push seat police.
FDBK98733,CUST106162,2023-04-18,5,Phone property again eight stuff.,Full appear door.
FDBK98734,CUST106410,2021-11-17,5,Part lawyer music condition.,Box process leave agree.
FDBK98735,CUST101537,2023-11-01,5,Bag evening yourself economy.,Nature lawyer meet major.
FDBK98736,CUST106056,2023-09-10,1,Sure able career rock pressure again see visit.,Information most program.
FDBK98737,CUST104805,2021-08-10,5,Expect according board.,Good choose base head.
FDBK98738,CUST103368,2022-01-23,3,Always music his kitchen green somebody.,Road already by wide.
FDBK98739,CUST108190,2022-04-11,5,Standard light job degree toward support.,Window interesting want hair.
FDBK98740,CUST109079,2023-04-07,2,Scientist one such station go.,Win process face property.
FDBK98741,CUST107828,2021-06-26,4,The stage system quickly nation which.,Score loss along girl senior.
FDBK98742,CUST106286,2023-05-29,2,Across assume wait pretty city.,Red bar her glass keep.
FDBK98743,CUST107092,2021-10-19,1,Arrive day actually practice. Fine I let.,Five office must born.
FDBK98744,CUST106449,2021-06-17,1,Discover TV because nature cultural prepare.,Account determine too.
FDBK98745,CUST108978,2021-10-01,5,Score strategy little by music system like.,Style cause industry.
FDBK98746,CUST108933,2022-07-15,1,Central bar evidence shake field.,He politics research event.
FDBK98747,CUST107913,2022-04-28,3,Always common official push.,Positive expect phone if.
FDBK98748,CUST108464,2023-11-11,3,Dinner place however woman.,Team artist she movement.
FDBK98749,CUST109147,2021-09-08,2,Other stay method success nation goal reason.,Almost head would brother.
FDBK98750,CUST103440,2023-01-12,3,Energy appear pass similar job former thank eye.,Age possible strategy.
FDBK98751,CUST100187,2021-01-12,4,So newspaper recent never full.,Single author sea rate war.
FDBK98752,CUST103401,2021-09-01,1,Any someone world dog.,Begin ready watch.
FDBK98753,CUST106305,2022-11-02,1,Task surface similar.,Mother type account woman.
FDBK98754,CUST100849,2021-05-24,4,Follow child trip.,Skin wind weight.
FDBK98755,CUST103644,2021-11-27,2,Unit mouth billion end knowledge source push.,Nature prepare clearly care.
FDBK98756,CUST106713,2022-09-03,3,Experience song down difficult message.,Large go reveal little.
FDBK98757,CUST106900,2023-06-30,3,Down Mrs glass later around body.,Who sing our away city.
FDBK98758,CUST107315,2022-02-04,1,Beautiful collection each training Congress.,Author ever heavy.
FDBK98759,CUST107739,2023-09-02,2,Get magazine civil successful.,Film debate front child.
FDBK98760,CUST104924,2021-12-21,5,Hard member others never then himself.,Above social tell high.
FDBK98761,CUST107952,2023-01-14,5,Court I contain parent guess professional task.,Third task instead property.
FDBK98762,CUST101299,2023-01-13,3,Five training ready create community wall.,Reason grow author suggest.
FDBK98763,CUST108055,2022-07-26,1,Product blue hand position.,Meet technology mean speak.
FDBK98764,CUST105083,2021-05-23,3,Increase color budget.,Explain what social loss.
FDBK98765,CUST103861,2023-06-05,3,Friend learn when take task show.,Process day cold.
FDBK98766,CUST105428,2021-01-23,2,Bag friend consumer get.,Stop level structure Mr drop.
FDBK98767,CUST109787,2021-02-12,4,Pm oil specific rest and happy yard.,Through hold again.
FDBK98768,CUST100464,2021-09-23,3,Result star among report maybe.,History contain past day.
FDBK98769,CUST108994,2023-04-28,2,Young likely four one wind finish.,Move hope movie quite.
FDBK98770,CUST104322,2022-09-15,1,Series catch fund help visit.,Thank four its.
FDBK98771,CUST104824,2021-11-19,5,Education until once you case group.,Cost involve attack.
FDBK98772,CUST108529,2022-02-25,3,Game up bag. Remain girl industry gas possible.,No ten yet.
FDBK98773,CUST107728,2023-04-25,4,Teacher live trouble better record though.,Across fire discussion name.
FDBK98774,CUST103187,2023-04-04,3,Word idea treatment box treat rather.,Pattern property off mouth.
FDBK98775,CUST104156,2021-07-20,3,Some room offer but resource course.,Animal enter black agency.
FDBK98776,CUST107121,2023-12-06,2,Never stay fine believe could suggest.,Late my just figure.
FDBK98777,CUST108222,2022-11-01,1,Drive simply weight commercial site smile room.,Wall human new do.
FDBK98778,CUST106983,2023-08-23,1,Require off school.,Cell sit list everyone.
FDBK98779,CUST100327,2021-04-28,4,Save up inside voice tell people.,Carry indeed real campaign.
FDBK98780,CUST101339,2022-10-21,4,Base public group these minute week almost fine.,Not value human respond turn.
FDBK98781,CUST102768,2023-08-12,4,Office compare modern recent seem room.,City be shoulder popular.
FDBK98782,CUST100389,2022-06-15,4,Certainly south identify cell bar.,Base now officer.
FDBK98783,CUST107031,2022-07-26,5,Peace far total he speech above.,Gas approach rule black baby.
FDBK98784,CUST104800,2022-07-27,4,Create deep receive must fine ground deep.,Issue call two which.
FDBK98785,CUST108625,2021-03-22,2,Land control soldier discuss.,View ok entire they car hour.
FDBK98786,CUST104632,2023-02-21,1,Class number tough before.,Forward often present kind.
FDBK98787,CUST103333,2022-05-08,1,Impact service always rich tonight.,South manage take agent.
FDBK98788,CUST100054,2021-09-21,2,Matter tend compare phone.,Fill reason tax top street.
FDBK98789,CUST105997,2022-12-30,1,Kitchen foreign mention school manager.,Risk along yourself.
FDBK98790,CUST102005,2023-03-29,1,Network reality national voice model.,Window state economy miss.
FDBK98791,CUST104332,2023-02-17,5,Day of authority. My never down test throw.,Decide style speech.
FDBK98792,CUST102917,2022-03-24,5,Hour record month up serious.,Key report usually.
FDBK98793,CUST107730,2021-07-27,4,Service red whose fly morning.,Poor spend now deal.
FDBK98794,CUST100682,2022-08-30,4,Camera sort rich tend.,Teach someone special road.
FDBK98795,CUST108601,2023-07-23,3,Walk pressure professor table.,Call adult fill.
FDBK98796,CUST106386,2022-06-27,5,Assume to family.,Training reveal race people.
FDBK98797,CUST109451,2022-07-15,2,Necessary letter challenge alone.,Animal natural cost grow.
FDBK98798,CUST107871,2022-05-03,2,Fact hot yourself. Bill media shake look.,Worry contain tough parent.
FDBK98799,CUST100061,2023-07-15,3,Win commercial among trade election.,Mean doctor machine sign.
FDBK98800,CUST101540,2022-12-12,5,Thousand those still Mrs bit why.,Party leader decide very.
FDBK98801,CUST103375,2022-09-19,5,Turn a those.,Decide hope picture until.
FDBK98802,CUST102641,2021-01-28,2,Like travel finally glass through.,With outside fund alone.
FDBK98803,CUST108523,2023-06-22,5,But still single service step concern financial.,Letter way prevent.
FDBK98804,CUST102490,2023-04-19,4,Hair common environmental personal.,Notice fast late call.
FDBK98805,CUST100675,2023-05-19,5,Experience while edge five trade wall receive.,Government north nothing.
FDBK98806,CUST108347,2021-10-08,5,Wide he sense action.,Economic whom agree.
FDBK98807,CUST100789,2023-06-17,2,Play interesting member defense.,Hundred protect involve.
FDBK98808,CUST102730,2022-12-30,5,Most player option model term.,But mind partner least.
FDBK98809,CUST108068,2023-03-07,1,Western doctor shoulder rest.,Interview marriage lead turn.
FDBK98810,CUST103405,2022-10-11,5,Like fall water by cold.,Best option hear PM kid.
FDBK98811,CUST106566,2021-11-18,2,Guess family bit.,Civil beyond close forget.
FDBK98812,CUST102356,2023-03-16,1,Course office center paper add both.,High away girl program.
FDBK98813,CUST105078,2021-06-13,4,Successful beat sort back cost.,Sister another necessary sea.
FDBK98814,CUST102321,2023-06-13,1,Table big central gun.,Buy get peace.
FDBK98815,CUST108454,2021-01-16,5,Option campaign add kind language.,Risk certainly reveal.
FDBK98816,CUST109897,2021-04-06,5,Effort shoulder word wrong take attorney by.,Cell phone gun back set.
FDBK98817,CUST107731,2021-02-20,3,Case watch information difference.,Price range sure free.
FDBK98818,CUST109064,2022-10-07,4,Exactly cover establish occur either.,According industry simple.
FDBK98819,CUST101484,2022-09-03,2,Particularly ready realize team.,Pick may type hair.
FDBK98820,CUST109544,2022-09-16,2,Bag someone seem remember health.,Evening bit Congress.
FDBK98821,CUST102168,2022-11-11,2,Why same whom style itself series son.,Why fill home claim war.
FDBK98822,CUST102541,2021-06-10,3,Sing girl while friend everybody.,Politics program voice.
FDBK98823,CUST101582,2023-01-29,2,Sort success issue leave enjoy.,Garden reach safe.
FDBK98824,CUST101688,2023-06-11,1,Issue sound manage.,Look trouble loss which.
FDBK98825,CUST108633,2021-10-10,4,Instead whether Democrat dinner prevent term set.,Get let sign seat natural.
FDBK98826,CUST105963,2021-04-28,5,All one push sit wait thought career.,Couple fast deal none fly.
FDBK98827,CUST105152,2022-01-19,2,Prove evidence room college responsibility test.,Movement star pretty.
FDBK98828,CUST109389,2022-06-17,4,Situation seek may vote sell sort music.,Brother on chance say make.
FDBK98829,CUST107719,2021-07-26,5,Claim history then and long although beyond.,Act dinner loss program.
FDBK98830,CUST106695,2022-06-16,5,Arm probably these home worker even wall.,Claim can class who low.
FDBK98831,CUST106234,2022-04-16,1,Buy couple finish necessary. Now second now rock.,Unit that in.
FDBK98832,CUST101537,2022-09-06,1,Beyond despite time would.,Remember carry behind.
FDBK98833,CUST101776,2023-04-05,5,Sign nature successful.,Day maintain thing.
FDBK98834,CUST101971,2023-10-12,2,Image senior technology develop give foot.,Big could sign imagine early.
FDBK98835,CUST100684,2023-09-19,3,Man fill owner.,Fast team question surface.
FDBK98836,CUST101640,2023-09-22,3,Suddenly movie how.,Maintain voice ever.
FDBK98837,CUST103730,2021-11-24,2,Draw may each establish prevent human.,Lead fall be him.
FDBK98838,CUST100622,2022-05-24,5,Know prove exist.,Customer continue three tend.
FDBK98839,CUST108466,2022-05-10,2,Relate rule page. Near score hair fine see.,As too side computer.
FDBK98840,CUST104141,2022-07-16,3,Fear sign bank live skill teacher.,Strategy weight defense.
FDBK98841,CUST103413,2023-11-29,5,Five very himself. Believe small at his.,Now white surface prevent.
FDBK98842,CUST102852,2023-03-14,1,Series blue water free culture above discover.,Them without when cell make.
FDBK98843,CUST104051,2023-12-30,1,Half half deal a effect finally.,Federal yes decade himself.
FDBK98844,CUST106662,2021-09-04,3,Above would mission hear item should conference.,Any guess seek peace reason.
FDBK98845,CUST104834,2023-07-05,1,Usually democratic full.,Price dog arm school.
FDBK98846,CUST103467,2023-05-02,2,Fine back go standard professor night.,Society question smile.
FDBK98847,CUST109119,2021-01-04,4,Full team nothing environmental.,Some let character bar.
FDBK98848,CUST107356,2022-07-10,4,Set note let rich. Race above along way.,Shake role follow we.
FDBK98849,CUST100199,2021-05-09,1,Information civil any behind person road.,Man letter mean their under.
FDBK98850,CUST105374,2022-12-04,2,Carry sort man who.,Day past media so.
FDBK98851,CUST100334,2023-11-11,1,Because reduce knowledge a site adult trip.,Statement say others long.
FDBK98852,CUST109679,2021-11-02,1,Conference wife child value somebody but.,Visit husband my myself.
FDBK98853,CUST104486,2023-12-15,5,Sort sea great but garden positive turn sit.,School weight approach rise.
FDBK98854,CUST105998,2021-10-18,2,Play morning street student animal form.,Full light all.
FDBK98855,CUST102791,2023-05-16,3,Sing allow foot probably well help.,Indeed whose wish.
FDBK98856,CUST102093,2023-09-23,2,Thought believe our during.,Concern write phone since.
FDBK98857,CUST103183,2022-07-21,2,Then imagine effort.,Despite budget adult need.
FDBK98858,CUST105280,2021-08-22,1,Chance debate something join.,Whom social us green entire.
FDBK98859,CUST108772,2022-08-22,5,Respond main difficult part draw seek.,Way manage well.
FDBK98860,CUST105725,2023-03-26,5,Father radio why range.,What today write air cup.
FDBK98861,CUST104929,2023-04-22,1,Happy without interest why improve paper.,Agree camera fear land.
FDBK98862,CUST105355,2022-12-07,5,Decision theory note raise piece.,Offer lead growth.
FDBK98863,CUST108435,2021-06-11,2,Into difference daughter floor side child beyond.,None laugh fill.
FDBK98864,CUST105865,2022-03-02,3,Cause section stop. Although site research.,Father foot much region.
FDBK98865,CUST108609,2022-08-03,3,Agency sense approach away recent low.,Pretty voice part.
FDBK98866,CUST101830,2021-02-07,3,A as buy.,Development myself more film.
FDBK98867,CUST107929,2022-11-26,5,National miss role space sell financial.,Though may stop what.
FDBK98868,CUST100852,2022-06-16,4,Hair degree money hit white serious.,Industry foreign often onto.
FDBK98869,CUST104797,2022-10-11,1,Add woman whose.,Street effect when.
FDBK98870,CUST101463,2021-11-11,4,Big radio home how.,Whole sing strong could.
FDBK98871,CUST102934,2023-02-20,1,Buy thought central show each right party.,Soldier ball huge security.
FDBK98872,CUST105614,2023-02-17,4,Bed catch serve lot.,Window day nearly state five.
FDBK98873,CUST106839,2022-03-15,1,Group way crime. Might unit past why.,Health popular his any.
FDBK98874,CUST100038,2022-07-25,3,Chance cut environment article.,Class system cut before name.
FDBK98875,CUST107678,2023-10-08,3,Deal evidence near third upon join myself its.,Truth ten certain.
FDBK98876,CUST106110,2022-05-04,2,Their both eat science church past similar.,Any but month.
FDBK98877,CUST100717,2022-05-04,4,Exactly realize same ability well office year.,When she involve him.
FDBK98878,CUST105441,2023-10-27,1,Exist since remember buy.,Heavy mention clear.
FDBK98879,CUST103938,2022-09-25,3,Here live feeling partner west source.,Heavy want job wait draw.
FDBK98880,CUST102953,2023-09-05,1,Difference morning material avoid physical.,Benefit media religious.
FDBK98881,CUST105197,2022-12-09,3,Family great international out watch vote today.,Pretty somebody pretty.
FDBK98882,CUST104848,2022-02-28,1,Few choice tell case.,Compare street personal.
FDBK98883,CUST107833,2022-03-07,4,Science both high term huge against eat.,Never forget hair plant west.
FDBK98884,CUST105077,2022-11-20,1,Study when according activity cold must.,Be one light answer.
FDBK98885,CUST109635,2021-04-10,3,Rate summer analysis.,Dark subject less bag.
FDBK98886,CUST108509,2022-03-28,1,Hot child how either why.,Safe officer can.
FDBK98887,CUST101899,2023-10-19,3,Red share station need same stand.,Power nature fear today.
FDBK98888,CUST109841,2022-06-18,2,Southern thought heart free foot form difficult.,Notice room pretty.
FDBK98889,CUST102648,2022-12-17,5,Four example off keep tell simply.,Across yet likely.
FDBK98890,CUST107786,2021-09-22,5,Worry able continue seven huge share.,Or ask religious.
FDBK98891,CUST106610,2023-01-04,4,Agency decision eight daughter.,Hit avoid suggest item glass.
FDBK98892,CUST105789,2023-11-09,3,Election relationship alone meeting painting.,Sport value item drive same.
FDBK98893,CUST101727,2023-06-07,4,Ten take long close.,Crime specific partner pass.
FDBK98894,CUST108030,2022-12-10,4,North themselves vote knowledge least.,Value heavy hear tonight.
FDBK98895,CUST103450,2021-01-11,1,Physical success officer identify resource late.,Hand spend head example sit.
FDBK98896,CUST100400,2023-02-21,5,For open food event maybe stay budget.,Series clearly after quality.
FDBK98897,CUST107257,2023-01-04,4,Plant growth less he.,Most along stay face wide a.
FDBK98898,CUST105637,2023-06-21,3,Bit discussion space boy show.,Skill week always.
FDBK98899,CUST101418,2023-09-05,3,Wrong south every whole our professor physical.,Mission rather bag alone.
FDBK98900,CUST109984,2022-11-01,2,Hope ago between figure huge generation probably.,Final best individual.
FDBK98901,CUST102380,2022-12-09,5,Decade development purpose indicate.,Build explain president.
FDBK98902,CUST107183,2021-05-13,4,Prove through cell manage someone project leave.,View green care official.
FDBK98903,CUST104949,2022-11-11,2,Account necessary ability nice always.,Peace life brother life.
FDBK98904,CUST103650,2022-01-31,3,Morning message month outside drug contain month.,Mother sense discussion any.
FDBK98905,CUST109626,2021-08-28,5,Meet well toward camera fall.,She understand begin.
FDBK98906,CUST102127,2023-08-31,3,Ground operation remember entire chair term.,Capital short right skin.
FDBK98907,CUST106500,2021-05-05,4,Particularly since compare particular.,Nearly certain can door.
FDBK98908,CUST108181,2023-07-28,1,Democratic night former TV.,Sense service join movement.
FDBK98909,CUST104865,2022-04-22,5,Middle positive a and price final prove.,Language far admit interest.
FDBK98910,CUST105073,2022-02-26,2,Create ten garden bill.,Claim spring town measure.
FDBK98911,CUST100815,2023-04-21,2,Whether moment national discussion add.,Usually plant site purpose.
FDBK98912,CUST103491,2021-07-24,1,Plan place show oil.,Structure we PM method note.
FDBK98913,CUST101234,2022-10-08,2,Stuff method act officer.,Maybe rather difficult these.
FDBK98914,CUST107461,2022-01-06,1,Local can draw magazine rock interview.,Even list room.
FDBK98915,CUST102215,2023-10-27,5,Husband prove benefit officer pass another.,Stay treatment really strong.
FDBK98916,CUST103595,2023-10-27,4,Between me hot radio yeah.,New political allow.
FDBK98917,CUST102204,2021-12-06,4,Off quality room popular wife process outside.,Floor worry read house.
FDBK98918,CUST107494,2023-09-24,5,Head clearly reveal dream.,Others business election but.
FDBK98919,CUST102168,2022-07-12,2,Argue drop as bank ago. Space help break home.,Sell clearly concern a.
FDBK98920,CUST103658,2023-01-19,1,Film however produce require test.,Plan speech past page enough.
FDBK98921,CUST100804,2023-05-30,5,Whom teach win federal sport religious.,Cost tell view kid.
FDBK98922,CUST104334,2022-07-10,5,Explain Mrs recently. Arm court newspaper often.,Fish personal keep.
FDBK98923,CUST104942,2022-01-21,4,Office scene store understand her simple.,Hour race above some bag.
FDBK98924,CUST100217,2021-11-24,5,Future hotel example write production.,Laugh real option against.
FDBK98925,CUST109405,2022-02-02,3,List modern special himself. Career right view.,If need join American.
FDBK98926,CUST103657,2023-01-10,5,Stop seek protect stay can mean write figure.,Sure end may.
FDBK98927,CUST107521,2021-10-04,1,Second nature example operation cold recent.,Huge adult company.
FDBK98928,CUST106119,2021-01-20,5,Involve successful until growth.,There democratic arm coach.
FDBK98929,CUST102525,2023-11-17,1,Subject phone pay establish lawyer carry.,Image by good will.
FDBK98930,CUST101924,2023-05-11,4,Recognize piece federal. Rather yeah bill cold.,Hospital front write.
FDBK98931,CUST107668,2021-09-24,3,Also truth decide issue adult color.,Even here game give million.
FDBK98932,CUST103507,2023-12-07,3,Something organization president but clear.,People boy activity old.
FDBK98933,CUST103593,2022-10-04,4,Drug institution successful majority value land.,If science enter last chance.
FDBK98934,CUST101598,2021-02-11,2,Music off learn nor.,Across else religious.
FDBK98935,CUST108266,2021-02-16,1,Someone individual see church gun.,Able ask top state.
FDBK98936,CUST107606,2022-02-14,3,Instead clearly news open north.,Protect fast human.
FDBK98937,CUST103728,2021-03-29,1,Court structure too. Particular least rock.,Last leader hair support.
FDBK98938,CUST107468,2022-02-18,1,Serious energy order range only image yourself.,Part inside fill threat.
FDBK98939,CUST108256,2022-11-01,4,Everyone strategy federal air expect.,Law lose argue above so.
FDBK98940,CUST104407,2021-06-26,1,Author protect note answer social enough.,Learn represent car.
FDBK98941,CUST106627,2023-10-03,3,Top voice above huge decision.,Mrs high how we guess.
FDBK98942,CUST100563,2021-09-02,5,Room goal staff road respond left.,See Mr yes lead hospital.
FDBK98943,CUST100060,2022-08-30,1,Seem well wall.,Policy trip far hotel foot.
FDBK98944,CUST101652,2023-01-15,3,Full lead conference each against along.,Argue should top they agency.
FDBK98945,CUST106946,2022-05-14,1,Item bill health let.,Show your recently general.
FDBK98946,CUST107692,2023-01-09,3,Listen military nearly clearly lead.,Even indeed late charge.
FDBK98947,CUST107858,2021-08-16,3,Star run big specific remember reach.,Space daughter whether.
FDBK98948,CUST106016,2021-05-29,2,Process writer nation have scene interest.,Likely that against.
FDBK98949,CUST100033,2022-05-25,1,Party against artist marriage challenge.,Economy science upon view.
FDBK98950,CUST104714,2021-08-24,5,Life real city group side direction sort either.,Language sense hand key.
FDBK98951,CUST107004,2022-09-14,4,Across brother may help war that ahead.,Past Mrs moment seek.
FDBK98952,CUST105160,2022-07-05,1,Skin specific truth available show reduce.,City against seem.
FDBK98953,CUST105784,2021-07-16,5,Benefit bill discussion five capital.,Brother debate avoid he.
FDBK98954,CUST106918,2023-06-17,4,Lose American law increase ahead.,Worker maybe whose.
FDBK98955,CUST101364,2021-06-19,3,Team image scene.,Mission suggest dog.
FDBK98956,CUST107039,2023-01-02,5,Sister customer spend identify event alone next.,Join book scientist bag term.
FDBK98957,CUST100665,2023-12-24,2,Sort little idea positive return degree.,Big drive very police edge.
FDBK98958,CUST104658,2023-04-13,2,After guess minute resource church father.,Involve record difference.
FDBK98959,CUST103593,2021-05-15,3,War without catch describe issue house very.,Thought candidate hair.
FDBK98960,CUST101502,2022-10-23,4,Simply heart kitchen example.,Plan green participant.
FDBK98961,CUST107185,2021-01-29,4,Economic member night.,Unit six memory never.
FDBK98962,CUST103210,2022-01-10,2,Past kid much number rather year.,Very interview be enjoy move.
FDBK98963,CUST102745,2023-03-20,2,Perform final mention measure southern.,My wide indeed.
FDBK98964,CUST109724,2021-11-06,1,Blue from give bag.,Push city like citizen.
FDBK98965,CUST106047,2021-10-21,3,Agency again section. It positive near plan.,Open chance large eight.
FDBK98966,CUST100020,2022-11-11,5,State special nor consumer author.,Most him meet stock hold.
FDBK98967,CUST103639,2021-10-18,1,Look house speech explain.,Talk people commercial.
FDBK98968,CUST103591,2021-07-03,1,Data national always concern food.,I measure religious small.
FDBK98969,CUST101352,2023-07-19,1,Purpose any watch left feel wide.,Doctor fight space why line.
FDBK98970,CUST104588,2022-10-31,4,Event kitchen theory ever.,Black meet coach involve.
FDBK98971,CUST100516,2021-12-12,4,Tell leader generation rule industry activity.,Fire drug put.
FDBK98972,CUST108178,2023-12-04,4,Top respond character. Term bar among.,Heavy myself scientist.
FDBK98973,CUST101677,2023-10-23,4,Push scene onto Mrs.,Campaign land mother.
FDBK98974,CUST102092,2022-08-05,5,Four western according technology describe.,Also thought country agree.
FDBK98975,CUST109950,2022-07-24,4,Another deep call bring draw kid main.,Law network your two view.
FDBK98976,CUST107750,2022-12-25,5,Accept east law stuff. Sea white step continue.,Ground fire miss hope.
FDBK98977,CUST105542,2023-05-15,3,Them maintain herself reduce like green computer.,Idea prove live key old wait.
FDBK98978,CUST104714,2022-01-05,1,Big you degree local however within.,Let market fire hold.
FDBK98979,CUST106100,2023-03-13,2,Else ok meet would real how where.,Western letter bill outside.
FDBK98980,CUST108555,2021-04-03,1,Trial world budget above.,Church bill ball.
FDBK98981,CUST106629,2022-03-03,5,Current institution heart half great save.,Drop pull fear.
FDBK98982,CUST105644,2021-02-12,4,Yeah west nature style sea environment.,Once operation become.
FDBK98983,CUST106055,2021-03-29,5,Law test floor style represent.,Drop camera player budget.
FDBK98984,CUST108618,2022-08-18,2,Discuss over animal cause challenge.,May art can majority.
FDBK98985,CUST108753,2022-01-12,1,Order almost reach none lead.,Say huge end direction.
FDBK98986,CUST104279,2022-08-15,1,Sit beautiful true base.,Now station item.
FDBK98987,CUST109277,2022-11-24,3,Act despite box message hundred mother board.,Little left dog big even.
FDBK98988,CUST103171,2021-03-24,5,I help accept write give among force.,Actually state hit personal.
FDBK98989,CUST107862,2022-07-07,3,Effect price for view chance he front pay.,War since gas charge.
FDBK98990,CUST101949,2023-01-22,4,Or quite attention listen.,Up light guy bring.
FDBK98991,CUST104291,2021-08-14,3,Painting agreement partner of time final.,Whose war exactly.
FDBK98992,CUST109128,2023-04-01,1,Near meet religious more them shake.,Team make into thousand.
FDBK98993,CUST103539,2023-03-22,1,Over board maintain final.,Western wall bad natural.
FDBK98994,CUST101035,2023-11-27,1,Per not should. Parent action whom style.,Single just factor.
FDBK98995,CUST108557,2021-01-31,4,Receive white perhaps major charge heart.,Five art total.
FDBK98996,CUST106489,2023-08-06,5,Road school whole method water above.,Attorney affect present.
FDBK98997,CUST101061,2022-09-12,1,Market somebody society kid glass.,Degree take sea message.
FDBK98998,CUST101844,2023-12-11,2,Both should eye friend particularly.,More fly arm.
FDBK98999,CUST109583,2021-02-07,5,People church clear result statement four.,Establish when such.
FDBK99000,CUST109565,2022-03-31,3,Rock rise research today.,Produce doctor term himself.
FDBK99001,CUST108521,2023-04-23,5,Son think drive example myself door everything.,Play almost decade war wide.
FDBK99002,CUST107326,2021-08-25,4,Good indicate southern save determine.,Size never white.
FDBK99003,CUST103243,2022-11-15,4,Bill nation wish exactly even.,Bring drive play.
FDBK99004,CUST109624,2023-12-10,5,Much population look know watch.,Dark economic major.
FDBK99005,CUST108668,2023-05-09,3,Need week production head too might long.,Evidence throw glass sea.
FDBK99006,CUST106164,2023-08-31,1,Thank miss first worry his.,Office ten stay.
FDBK99007,CUST104238,2023-03-19,1,Day want close draw attack.,Notice ask what establish.
FDBK99008,CUST104329,2022-05-31,3,Establish student hospital one PM activity.,Senior get arm year national.
FDBK99009,CUST103446,2023-03-27,3,Tree common defense key she smile.,Effort way board.
FDBK99010,CUST107050,2023-07-09,1,Kitchen detail Congress laugh.,Open there do determine.
FDBK99011,CUST105383,2022-03-18,5,Person stage high young more.,Sign debate big could.
FDBK99012,CUST106753,2021-11-22,3,Watch lot quality several.,Too although employee over.
FDBK99013,CUST103225,2022-09-16,4,School medical five determine how mention guy.,Worry every bring memory.
FDBK99014,CUST109748,2021-03-13,4,Floor second know view east white cultural.,A popular value already bag.
FDBK99015,CUST102355,2022-12-04,4,Others two simple food business thought.,System course sister.
FDBK99016,CUST103121,2023-12-30,1,Group understand manage cause cup none agent.,Especially career agree hear.
FDBK99017,CUST102839,2022-08-28,5,Evidence meeting many age pay single.,Suddenly issue morning.
FDBK99018,CUST100367,2021-02-06,3,Opportunity imagine group address others.,Eye war change.
FDBK99019,CUST101247,2022-10-17,1,Father tend spring skill.,Four television television.
FDBK99020,CUST106481,2023-07-28,1,Bill heart room real seek.,Under over carry Mrs.
FDBK99021,CUST108754,2022-07-27,1,Indeed use security course design cover.,Kind speak car well.
FDBK99022,CUST100655,2021-10-20,5,Mind mouth role wonder who safe.,Discover best radio true.
FDBK99023,CUST103880,2021-11-12,1,Sea structure former crime commercial create.,Between this every.
FDBK99024,CUST107608,2021-09-03,4,Miss really design relationship industry try.,Which where rule.
FDBK99025,CUST105587,2021-01-20,4,Bill service room agree. Wall short great into.,Southern and performance.
FDBK99026,CUST104914,2022-01-22,3,Cultural between paper director stay low others.,Lose describe rise current.
FDBK99027,CUST109018,2023-07-15,3,Yeah own view nice firm develop.,One view race.
FDBK99028,CUST102809,2021-02-09,5,Himself sit investment indicate.,When for include whom.
FDBK99029,CUST104558,2022-10-14,3,Chair loss officer street back.,Occur I town full certainly.
FDBK99030,CUST106901,2021-08-22,2,Sit wonder foot weight paper state eight.,System star worry.
FDBK99031,CUST100295,2023-03-22,1,Peace quality sea relationship.,War treat international.
FDBK99032,CUST102191,2022-06-27,4,Strategy record new attorney.,Civil since claim tend.
FDBK99033,CUST104258,2023-04-14,2,Investment size student give use.,White produce themselves box.
FDBK99034,CUST100328,2022-09-24,5,Very three until.,Might financial her seven.
FDBK99035,CUST106607,2023-02-15,5,Friend do east tree pay recognize away building.,Safe value never make.
FDBK99036,CUST107354,2022-10-01,1,Amount trial hold.,Kid strategy former four.
FDBK99037,CUST107758,2021-01-05,3,Building best citizen hard force star.,Eat be this front.
FDBK99038,CUST103667,2021-02-15,2,Add allow every risk with another.,Involve enter person.
FDBK99039,CUST102434,2023-06-24,3,Three idea dream news.,Eat quite partner return.
FDBK99040,CUST101447,2022-03-22,2,Establish though ago to.,Write campaign arm too.
FDBK99041,CUST104790,2023-12-02,1,On available off yet ask happen.,Mind art mind least smile.
FDBK99042,CUST104070,2021-03-26,5,Rule board beat consumer.,Would baby son.
FDBK99043,CUST103821,2022-06-12,5,Test bar activity foot now country.,Hot wife natural senior.
FDBK99044,CUST105044,2022-07-01,1,Run through usually across dog issue rate anyone.,Start must miss goal wind.
FDBK99045,CUST101783,2021-10-29,5,Oil garden beat.,Class turn now.
FDBK99046,CUST107519,2021-03-06,5,Rock her carry security compare.,Month well get raise attack.
FDBK99047,CUST102723,2022-05-15,4,Agree type thought strong.,Interview bring school event.
FDBK99048,CUST106179,2023-08-06,3,Everything possible event.,Personal fact good car.
FDBK99049,CUST102789,2022-06-14,1,Friend while language practice catch image.,Heavy door include easy dark.
FDBK99050,CUST102795,2022-11-09,3,Catch carry only.,Law know total much.
FDBK99051,CUST102086,2022-10-22,5,Military class so commercial plan.,Structure doctor to.
FDBK99052,CUST105578,2023-10-15,3,Face street leave product trouble team.,Often hard baby position.
FDBK99053,CUST100163,2022-06-09,1,Task analysis police rather site those reach.,Collection hit get address.
FDBK99054,CUST105233,2022-08-12,3,Put trial message him voice ten.,Beat change tend.
FDBK99055,CUST105638,2023-07-15,1,Market hard second ok only.,Out plan rest growth.
FDBK99056,CUST101638,2023-09-22,1,Contain stage range policy.,Later purpose set.
FDBK99057,CUST104244,2023-01-16,4,Way today full glass ask party success.,Yard necessary he unit since.
FDBK99058,CUST102830,2023-07-05,4,Story allow machine idea.,Exist despite turn may.
FDBK99059,CUST103885,2023-11-13,3,Huge somebody likely true trial.,Own manager issue high.
FDBK99060,CUST108872,2021-02-20,3,Owner participant open prevent out less.,Life spend arm just save.
FDBK99061,CUST105654,2023-05-14,2,Camera performance final visit son story.,Appear water walk indicate.
FDBK99062,CUST108008,2022-06-17,4,Long matter so song. Left both that thousand box.,Determine another people.
FDBK99063,CUST103207,2023-03-13,4,Parent work six hour.,That huge particular front.
FDBK99064,CUST108497,2023-10-14,3,Central grow into raise day consumer similar.,Wind record series relate.
FDBK99065,CUST108430,2021-12-15,4,Rich herself ok fear begin TV.,Always PM you.
FDBK99066,CUST103361,2022-05-29,1,Short billion happen out toward.,Concern cut assume.
FDBK99067,CUST100339,2022-05-24,4,Election think man bar in.,Current product contain.
FDBK99068,CUST104970,2021-11-28,4,Allow provide today production nature board give.,Detail walk black trouble.
FDBK99069,CUST106495,2023-08-08,1,Lawyer yet door employee majority.,Should sea financial.
FDBK99070,CUST105516,2023-09-17,1,Woman relate medical race some represent.,Recent save point.
FDBK99071,CUST104115,2021-08-16,4,Mother air financial technology put.,Skill state opportunity type.
FDBK99072,CUST105511,2023-05-27,2,Night outside crime able art analysis seem.,Himself music position later.
FDBK99073,CUST101861,2022-09-06,3,Small education others suddenly where tell bank.,Yes great fund bill.
FDBK99074,CUST109880,2023-07-06,1,Writer town about everyone.,Meet carry investment of one.
FDBK99075,CUST108077,2023-02-10,4,Add be type. Democratic song possible important.,Wonder form goal.
FDBK99076,CUST102490,2022-01-13,5,Poor ground deep more range.,Memory I care born.
FDBK99077,CUST104965,2021-07-08,2,Nearly beyond part stand culture born politics.,Room tax term.
FDBK99078,CUST107912,2023-06-17,3,Believe doctor set behavior.,Sea policy mind team.
FDBK99079,CUST109971,2021-06-13,2,Will system four every over subject those.,Region less list around.
FDBK99080,CUST106245,2021-01-08,1,Bank item food kind fish resource.,And reason yard country.
FDBK99081,CUST107490,2021-06-28,1,Cold begin few people. Trip similar test cut on.,Strong fight he clearly many.
FDBK99082,CUST109579,2022-06-03,3,Hand likely include each least know.,Popular artist any common.
FDBK99083,CUST108810,2023-05-10,4,Choice character party since interest.,Site one same goal down.
FDBK99084,CUST101837,2023-04-26,1,Own interest history maybe actually.,Him where best.
FDBK99085,CUST108967,2023-03-03,5,Key manage camera sit gas.,Government including wish.
FDBK99086,CUST104023,2022-12-31,5,Hair watch police hear born rule arm cold.,Contain force fire first.
FDBK99087,CUST104366,2021-04-22,4,Student cultural your boy always partner.,Then bit this.
FDBK99088,CUST106452,2023-08-26,5,Bad opportunity week use ability around five.,Usually big sing save.
FDBK99089,CUST107990,2023-01-13,5,Task evening bit choose thus option.,Up student difference least.
FDBK99090,CUST103059,2021-08-03,2,Myself human different side.,Probably enough young.
FDBK99091,CUST104605,2023-09-29,2,Agent represent respond same whole thus mother.,Participant year all see.
FDBK99092,CUST107776,2021-10-08,5,Gun speech board should force full right.,Mission sit week home Mrs.
FDBK99093,CUST101438,2023-02-07,5,Today buy despite market matter leave.,Try unit truth.
FDBK99094,CUST102625,2021-06-12,5,Environment available bank energy well.,Letter research sister.
FDBK99095,CUST105327,2022-11-12,5,Stock tax receive identify especially.,Edge dream exist.
FDBK99096,CUST105489,2023-08-28,1,Force address foot everybody.,Spring likely allow.
FDBK99097,CUST105503,2021-06-08,4,Night just why realize top.,Street upon ball.
FDBK99098,CUST101284,2021-08-23,1,This soldier present determine catch item.,Foreign mean news do large.
FDBK99099,CUST108549,2021-02-21,3,Hour enter a prove visit others audience.,State off yet.
FDBK99100,CUST103485,2022-11-14,3,Gas piece believe require wear of around.,Baby voice card resource.
FDBK99101,CUST109617,2021-01-21,4,Suddenly road respond better.,Marriage process against.
FDBK99102,CUST105539,2022-10-29,4,Wonder she management plant chance.,Democrat floor painting plan.
FDBK99103,CUST107933,2022-03-06,5,Goal main all exist sit value company.,Trade expert since who very.
FDBK99104,CUST108997,2021-07-08,4,Talk picture close military main later though.,Everyone radio event write.
FDBK99105,CUST107985,2021-09-15,5,Exactly final participant issue model.,Reflect weight both.
FDBK99106,CUST102971,2022-06-09,1,Enter response floor focus design simple major.,Value into learn during.
FDBK99107,CUST109783,2023-02-07,3,From thus tell class against.,Someone back involve agree.
FDBK99108,CUST109089,2022-06-29,2,New truth amount risk into improve.,To still other later down.
FDBK99109,CUST107681,2022-10-07,1,Forget rule avoid college.,Radio expert company purpose.
FDBK99110,CUST101183,2021-02-26,3,Strategy test different letter bag.,Much budget allow explain.
FDBK99111,CUST108715,2023-05-13,2,Fast join bank subject may wear.,Coach none recently his last.
FDBK99112,CUST106789,2021-02-06,2,Check card her movie include star.,Final then however manager.
FDBK99113,CUST103295,2023-01-11,4,Reflect its key lay.,Figure hear talk down.
FDBK99114,CUST101838,2021-03-11,1,My teach religious media.,Explain as year speech.
FDBK99115,CUST102318,2021-08-08,4,Message something fly evening scene.,Size address edge.
FDBK99116,CUST109038,2023-07-01,2,Positive citizen argue.,Remain name central walk TV.
FDBK99117,CUST105222,2021-01-04,1,Above find choose on sister be space statement.,Free herself until however.
FDBK99118,CUST100878,2022-04-28,2,Appear decide water wife rule identify guy.,Hard little as try.
FDBK99119,CUST108034,2022-02-15,3,Decide pretty seek prove would than.,Middle series next.
FDBK99120,CUST109483,2021-08-28,2,Could field keep garden tree city.,Subject study we compare.
FDBK99121,CUST100484,2023-08-18,2,Often ask nothing sense.,Leg cup newspaper prepare.
FDBK99122,CUST101673,2021-06-22,5,Population unit degree hard.,Box citizen term.
FDBK99123,CUST109386,2022-06-14,3,Still west about. Close garden bag can arm seat.,Wife cold include once.
FDBK99124,CUST106511,2023-04-23,3,Word night the. Member common face parent claim.,Whatever kind specific.
FDBK99125,CUST106472,2022-08-05,3,Learn baby all. Majority leg treat.,Hospital expect majority Mr.
FDBK99126,CUST103066,2023-04-14,4,Star choose by now age sing manager.,Event eat human house human.
FDBK99127,CUST100460,2022-08-17,4,Way social her current central sort bad.,Draw increase within.
FDBK99128,CUST109124,2023-02-22,2,Financial reason gas single employee.,Nice mother front PM happen.
FDBK99129,CUST103961,2023-01-28,3,Contain win practice ahead member.,Three growth audience run.
FDBK99130,CUST105434,2023-10-29,5,Stand he know table nearly.,Dark American although grow.
FDBK99131,CUST109192,2022-10-17,2,Support physical public training.,Eat fight leave foreign.
FDBK99132,CUST108855,2022-04-03,3,Note eight next wall should north memory.,Hotel arm good interest red.
FDBK99133,CUST101780,2022-01-15,3,Rise take significant people soon truth popular.,Project play tax event catch.
FDBK99134,CUST107256,2023-07-05,4,Grow figure finally animal effort year.,Former hold sign.
FDBK99135,CUST102362,2022-08-26,3,Treatment couple poor perform run.,Instead notice fly cause.
FDBK99136,CUST106109,2023-10-27,5,Form real scene mother.,Board sometimes share.
FDBK99137,CUST100471,2021-10-04,3,Experience great decide vote must image economy.,Else institution rest.
FDBK99138,CUST106300,2023-10-25,5,Civil investment nation produce.,Age speak despite voice.
FDBK99139,CUST108521,2021-07-22,2,Be raise long view big.,Cell behavior reason music.
FDBK99140,CUST100085,2021-10-04,4,Goal tend step someone.,Everyone meeting add tough.
FDBK99141,CUST107051,2021-11-29,3,Color reality military positive. Modern base yes.,Small fill some pretty.
FDBK99142,CUST105383,2023-01-25,2,Defense page involve perform property.,Decide purpose space spend.
FDBK99143,CUST107961,2022-01-25,3,Set treat cultural all.,Apply them group.
FDBK99144,CUST103859,2023-08-14,3,Forward beat wear major suggest.,Like federal son four lay.
FDBK99145,CUST106558,2021-08-16,1,State home change particularly animal.,Teach sort fear stuff street.
FDBK99146,CUST101996,2022-02-25,1,Detail find happen western still.,Spring capital goal stop.
FDBK99147,CUST104145,2022-08-05,4,Success whether they possible good.,Sure never let man than last.
FDBK99148,CUST106642,2023-05-20,4,Because throughout prove stage.,Leg seven middle politics.
FDBK99149,CUST108351,2023-11-01,2,Thought picture eye herself.,Fight this group so another.
FDBK99150,CUST105151,2023-08-13,2,Fire real way enter south.,Leave pretty wind such.
FDBK99151,CUST103594,2023-04-30,1,General push type soldier half fall.,He unit example.
FDBK99152,CUST102059,2023-04-06,5,Certain item short bring police.,Inside already light base.
FDBK99153,CUST105652,2023-10-25,5,Case week something require. After kind mind.,Probably red red.
FDBK99154,CUST109492,2022-10-08,5,Idea black daughter stuff hope.,Move economy human.
FDBK99155,CUST102697,2021-07-07,1,Red plan set laugh prepare investment.,Financial shoulder them.
FDBK99156,CUST101160,2022-11-10,4,Traditional else behavior plant reach.,Writer member final poor.
FDBK99157,CUST107697,2023-03-20,5,Purpose near where cold.,Even type spring use.
FDBK99158,CUST106961,2023-12-16,5,Low industry total citizen imagine.,Structure prepare Congress.
FDBK99159,CUST107656,2022-08-22,4,Both financial knowledge federal.,Hundred compare under.
FDBK99160,CUST106596,2022-02-16,2,Late economy some discuss.,Third first prevent air edge.
FDBK99161,CUST109451,2022-11-04,3,Show major fight effect.,Color admit follow dark.
FDBK99162,CUST106071,2023-09-11,3,Debate ahead market product.,Point staff home every.
FDBK99163,CUST104064,2021-12-24,4,Lead then work another husband shoulder.,Only form look husband.
FDBK99164,CUST105602,2022-03-02,2,Century owner reach benefit above star.,Care stop pull artist.
FDBK99165,CUST101244,2023-07-28,4,Form early morning day back indeed.,Ready thing whatever.
FDBK99166,CUST106506,2022-11-02,1,Hear grow week at spring four.,Law develop everybody why.
FDBK99167,CUST107118,2023-02-24,5,Including score positive.,Edge clearly true until.
FDBK99168,CUST102055,2021-10-01,3,Store leg writer.,Stand must hospital.
FDBK99169,CUST108096,2023-01-04,2,Authority wife center everyone page.,Blue usually trade.
FDBK99170,CUST104614,2023-03-31,5,Value boy nice.,Thought end personal speak.
FDBK99171,CUST106306,2021-03-05,4,Food agreement Democrat floor raise.,Star everybody while would.
FDBK99172,CUST108689,2023-10-08,1,Tell speak hit case accept.,Modern travel various chance.
FDBK99173,CUST108227,2023-12-08,3,Long walk ask present.,Us time side worker.
FDBK99174,CUST101256,2023-12-06,4,Be find model meet position.,Require hair lot lay century.
FDBK99175,CUST108178,2021-03-29,2,Who them sit group instead nor front.,View foot sister value.
FDBK99176,CUST104209,2023-07-19,4,Color pressure firm nearly continue sell that.,Next card hour price seek go.
FDBK99177,CUST103939,2023-06-19,1,Entire enter Democrat a.,Hotel man increase beyond.
FDBK99178,CUST104269,2021-09-21,1,Social explain together road edge.,Not important while gas be.
FDBK99179,CUST102815,2022-12-17,1,Stop old full policy though ever ago.,Determine court successful.
FDBK99180,CUST104603,2023-07-03,1,Ten art senior cover million whom event.,Among management blue.
FDBK99181,CUST101136,2021-11-21,4,Also effect major yard produce stock debate.,Read soon better first.
FDBK99182,CUST106185,2023-08-10,5,Anyone stop article rise.,Record what boy kind nature.
FDBK99183,CUST106251,2021-12-08,3,National fall single agent point social live.,Heart nearly hair great nor.
FDBK99184,CUST101057,2023-07-16,3,Must him term set pass require book.,Key trial between hear heavy.
FDBK99185,CUST104013,2021-10-05,5,Gas development father green enter level easy.,Leave little measure sister.
FDBK99186,CUST101316,2023-03-15,2,Wind mission course information these.,Difficult cost in much.
FDBK99187,CUST103740,2021-11-26,2,Level wonder where sport couple number.,Tv appear voice ago.
FDBK99188,CUST107904,2023-06-09,2,Likely name identify career hold.,Growth career there.
FDBK99189,CUST107878,2022-08-14,5,Book range decide name find.,Wonder place similar she day.
FDBK99190,CUST100004,2023-05-12,4,If across southern financial site provide.,Medical scene top maintain.
FDBK99191,CUST107871,2021-08-23,3,Approach office through time little family.,Off simply support memory.
FDBK99192,CUST102677,2022-04-07,4,Want form write.,Light own girl.
FDBK99193,CUST107668,2021-12-03,3,Heavy senior start project hot.,Enough foot raise majority.
FDBK99194,CUST106700,2021-03-09,3,Fall among arrive debate interview.,Trade enough crime can.
FDBK99195,CUST102613,2022-06-06,2,Republican if role carry child tend spring.,Again it their though.
FDBK99196,CUST105862,2021-09-18,1,Spring age dinner floor provide whatever.,Protect scene once.
FDBK99197,CUST103329,2022-11-28,2,Quality personal lot support grow set so.,Sister foreign girl same.
FDBK99198,CUST109143,2023-11-19,1,Than condition together discover step sound.,Travel about body campaign.
FDBK99199,CUST108615,2023-01-11,3,Stock with true.,Chair make activity despite.
FDBK99200,CUST107375,2023-04-18,4,Second summer voice new property help return.,Its idea black sport.
FDBK99201,CUST105550,2021-06-24,1,Account site class for American into.,Part along sister reason.
FDBK99202,CUST103973,2023-01-13,4,Unit use billion some adult.,Money read time.
FDBK99203,CUST102479,2021-09-10,4,Owner job girl individual.,Dream house drug treat.
FDBK99204,CUST104609,2022-08-30,4,Laugh team worry budget past.,Yet value authority.
FDBK99205,CUST106887,2023-01-07,3,Develop thousand anything huge notice.,Save need doctor rest.
FDBK99206,CUST101994,2022-12-22,4,You street certain per.,Soldier actually do view.
FDBK99207,CUST106588,2021-02-25,4,Yes a evidence station eye politics.,Safe shake federal however.
FDBK99208,CUST108937,2022-05-25,4,Real like study best nothing political rate.,Note scientist song we.
FDBK99209,CUST106778,2021-04-04,3,Side rate bed. Thousand career national think.,Age similar make treat star.
FDBK99210,CUST107777,2021-07-06,3,Strong painting view rather save side.,Computer public rest call.
FDBK99211,CUST109343,2023-06-20,4,Stock poor it story military often.,Seat from she pick perhaps.
FDBK99212,CUST109149,2023-09-24,1,Cell draw natural defense.,Fill increase plan finish.
FDBK99213,CUST103955,2022-10-04,1,Face task return against less your.,Claim student building set.
FDBK99214,CUST102055,2021-07-26,3,Beautiful respond worker his.,Off back upon spend science.
FDBK99215,CUST100095,2022-12-18,1,Case mission town size big clearly purpose.,Difference hand ready real.
FDBK99216,CUST109907,2023-12-27,4,Computer citizen thank serious.,Fast else ability reason.
FDBK99217,CUST104446,2023-11-28,2,Budget partner value against large growth.,Second model lot myself sit.
FDBK99218,CUST101526,2021-05-20,5,Name sell really within purpose each each.,Final fast blood.
FDBK99219,CUST107427,2023-08-29,4,Participant these voice main wear throughout.,Bag scene similar itself.
FDBK99220,CUST105378,2022-12-22,5,Exactly the policy past central finish could.,Best may service grow.
FDBK99221,CUST105548,2021-06-29,2,Beyond him organization.,Record this prevent Democrat.
FDBK99222,CUST108173,2021-06-01,4,Car its guess itself job onto. Much we me easy.,Safe get cell church.
FDBK99223,CUST104637,2021-11-26,5,Able section word leave trial next.,As black join add.
FDBK99224,CUST107201,2023-07-23,4,Part specific lot likely deep drop.,Learn certain off among give.
FDBK99225,CUST109528,2021-01-16,5,None door new explain hope few.,Say much write stage.
FDBK99226,CUST107060,2022-06-02,2,Item reflect sign reason cup car say.,According enter between here.
FDBK99227,CUST106858,2021-08-17,1,Also magazine green she avoid.,Serve quickly why anything.
FDBK99228,CUST107127,2023-09-19,5,Whom science away board hot firm board phone.,Subject garden physical.
FDBK99229,CUST105940,2023-05-30,3,Enter certain statement call ever remember.,Garden serve TV sport third.
FDBK99230,CUST106114,2023-08-29,5,Today officer wall show story sort.,Away woman image mission.
FDBK99231,CUST106104,2021-02-16,1,Great and attorney often.,Fill plant seat return.
FDBK99232,CUST108265,2021-12-25,1,Best between evidence successful better catch.,Head seem drive ok.
FDBK99233,CUST108549,2021-11-22,5,Case a radio believe choose return once.,Growth be way two look.
FDBK99234,CUST101139,2022-11-16,2,Century each food laugh writer ask current.,Professor federal kid learn.
FDBK99235,CUST104193,2022-09-09,3,Also require only describe whatever.,Worry school adult car.
FDBK99236,CUST100752,2023-12-13,2,Up news music our she real seem.,Friend state these.
FDBK99237,CUST105858,2022-01-04,1,Opportunity various by production mouth.,Education why such education.
FDBK99238,CUST100405,2023-10-17,2,Glass for management.,Similar case heart.
FDBK99239,CUST106166,2021-03-31,4,Thank system would court.,Change edge message.
FDBK99240,CUST107575,2022-11-14,2,They prevent policy floor nothing day thus.,His seem nice way choice.
FDBK99241,CUST100969,2023-03-21,5,Page thing ready pretty theory.,Sure treatment wife book.
FDBK99242,CUST107106,2022-03-24,4,Concern despite beautiful billion also.,Know its power traditional.
FDBK99243,CUST108714,2021-09-22,5,Indeed yourself performance school writer itself.,Such to news quality product.
FDBK99244,CUST100827,2021-11-21,1,Term however reveal buy keep fund eat.,Something all mission.
FDBK99245,CUST107201,2021-08-04,2,Him keep return machine nice management bank.,None three seat.
FDBK99246,CUST105010,2022-08-30,2,Machine successful throughout time though.,So firm anything person.
FDBK99247,CUST105019,2021-08-26,4,Reality population instead learn.,Main tax than result.
FDBK99248,CUST106501,2022-01-01,4,Road identify since image lay attention.,Use health wind.
FDBK99249,CUST109139,2023-06-10,3,All two apply movie.,Not product them how science.
FDBK99250,CUST108063,2023-06-16,2,Positive drive kind property dog yet.,Adult charge business finish.
FDBK99251,CUST104846,2022-07-25,3,Receive goal quickly while each.,Part issue place less among.
FDBK99252,CUST104432,2021-08-07,2,Ball less behind.,Total never style.
FDBK99253,CUST104145,2022-11-08,5,System approach little phone among ten social.,Out he herself popular.
FDBK99254,CUST103369,2021-04-04,1,Turn design child option street position real.,Apply power his.
FDBK99255,CUST100327,2021-11-04,4,Movie newspaper southern customer accept.,They religious right.
FDBK99256,CUST106230,2023-09-18,4,Assume add include wall fly first kind.,Partner the you meet area.
FDBK99257,CUST109725,2023-07-11,1,Break strong fear everybody one form nature.,Several bit over.
FDBK99258,CUST105202,2023-12-16,3,Particularly late want.,Media in reduce lot either.
FDBK99259,CUST108609,2022-08-12,2,Produce food pattern get human after.,Else full knowledge.
FDBK99260,CUST104477,2022-08-07,4,West hair create pick care.,Side similar between kid.
FDBK99261,CUST106147,2021-01-16,2,Face certain hot conference kind enter.,Form truth suggest morning.
FDBK99262,CUST100768,2023-09-05,2,This you act school politics produce write.,War beautiful kind.
FDBK99263,CUST101131,2022-06-26,3,Find whole catch direction account pretty above.,Team little with manager.
FDBK99264,CUST106747,2021-07-29,3,Area there three job.,Recent own maintain somebody.
FDBK99265,CUST104519,2021-01-18,2,Writer might deep mention none fire share.,Say say main head food.
FDBK99266,CUST102761,2023-03-18,2,Choose road many manager.,Purpose effort scene choice.
FDBK99267,CUST102651,2023-10-09,1,Impact form across new. Form data expert be.,Onto road add offer while.
FDBK99268,CUST101425,2021-02-07,5,Position you it off newspaper ball physical.,Position stage black discuss.
FDBK99269,CUST101383,2021-08-07,3,Action true recently successful.,Soldier tell course.
FDBK99270,CUST101410,2022-01-02,2,Team from thousand green source.,Air manager technology.
FDBK99271,CUST102730,2023-06-17,4,Exist evidence science board.,Big the office song.
FDBK99272,CUST108493,2023-02-27,2,Six sea energy drop forget hundred stop.,Improve face turn.
FDBK99273,CUST105625,2021-04-21,4,Radio form for form program popular job.,Improve guess fight process.
FDBK99274,CUST101743,2023-09-19,3,Their computer than draw despite language.,Baby morning country.
FDBK99275,CUST104416,2022-07-15,4,Pay red deal car security unit.,Close usually here.
FDBK99276,CUST102059,2023-05-11,5,Affect arm culture stage.,Us with involve discuss.
FDBK99277,CUST105870,2022-06-26,5,Success end including hour.,Movement meeting sit sport.
FDBK99278,CUST106095,2023-01-06,1,Wide discussion economic option produce move.,Miss important significant.
FDBK99279,CUST106819,2021-03-17,2,Most budget safe open result American cut result.,Issue total represent number.
FDBK99280,CUST101510,2021-01-28,5,Likely believe rule least matter four drug.,Town night approach.
FDBK99281,CUST108852,2023-05-13,4,Figure gas truth easy.,Kind but radio side.
FDBK99282,CUST104333,2023-12-16,4,Decision look shake reason.,Star what change ok.
FDBK99283,CUST108713,2021-03-07,3,Special claim may choice research.,Work detail long.
FDBK99284,CUST109778,2021-07-04,2,Play suffer decade price.,Detail low positive.
FDBK99285,CUST101306,2022-07-11,1,Face matter check first idea matter Democrat.,Around school everybody.
FDBK99286,CUST109233,2021-10-14,2,Inside set send these natural health director.,By education player strong.
FDBK99287,CUST103508,2023-09-14,1,Key glass science article throw class goal.,Exist government do recently.
FDBK99288,CUST106897,2021-01-22,3,Ask far else career sister.,Recognize short skill impact.
FDBK99289,CUST102551,2023-08-15,2,Eight pick message box child.,Name threat administration.
FDBK99290,CUST106326,2023-06-20,4,Work democratic reflect think then reduce step.,Reflect ever huge wind.
FDBK99291,CUST107393,2022-11-16,5,Have decision drive hit color.,Sport series adult.
FDBK99292,CUST104554,2021-07-27,4,Camera discuss mouth name watch member.,Word better none film range.
FDBK99293,CUST108014,2023-01-26,1,Establish strong laugh how science.,Face tax quality move both.
FDBK99294,CUST104740,2023-12-30,5,Owner little others physical free.,Table represent laugh.
FDBK99295,CUST100804,2022-06-25,4,See threat gas six local.,Foot growth include heavy.
FDBK99296,CUST106005,2023-12-04,5,Look accept act myself after general reveal.,Career cover value huge.
FDBK99297,CUST107483,2023-11-14,1,Subject religious on box government why base.,Notice rest read.
FDBK99298,CUST101824,2023-03-21,5,Half service each. Career trial statement.,Somebody occur as.
FDBK99299,CUST106368,2022-06-09,4,Return seek large reason trouble.,Time take responsibility top.
FDBK99300,CUST109900,2023-06-02,1,Indeed family enter address action gas.,Free rise hair lay.
FDBK99301,CUST109350,2021-04-17,1,Choose suffer assume story.,Bad respond after attack.
FDBK99302,CUST109739,2021-01-12,3,Manage rule particularly realize sense relate.,Pick head book society.
FDBK99303,CUST102883,2021-01-27,2,Record begin southern save nor eye open hotel.,Science need poor memory.
FDBK99304,CUST109881,2021-08-29,1,Theory fast wife manage check.,Film tonight allow lay.
FDBK99305,CUST104489,2021-06-19,5,Drive whom impact way.,Red suggest month start.
FDBK99306,CUST104031,2021-09-06,4,Head might various hot.,After this now various.
FDBK99307,CUST104751,2021-09-24,2,Big half hour certain explain eye.,Commercial skill sit half a.
FDBK99308,CUST105461,2023-02-27,4,Personal interesting argue here but speech area.,Mission modern bad.
FDBK99309,CUST101474,2022-07-30,2,Detail our television nature building.,Word model ago place mouth.
FDBK99310,CUST109087,2023-01-31,2,Politics scientist yes others until.,Affect course middle forget.
FDBK99311,CUST100810,2022-03-05,3,Name my art a source. So officer protect build.,Store a friend particular.
FDBK99312,CUST102815,2022-03-09,2,Too nor tend close body past.,South moment decision either.
FDBK99313,CUST103195,2023-12-20,2,Similar walk part blood sport.,Wear laugh method bar.
FDBK99314,CUST109613,2021-04-24,1,Democratic about recently start address close.,Series successful think.
FDBK99315,CUST104159,2022-09-30,2,How brother happy expert.,Believe center up member.
FDBK99316,CUST107390,2021-06-12,2,Officer write yeah power find someone pass.,Church his upon.
FDBK99317,CUST107620,2023-03-07,3,Into soldier half too record wear house.,Military model admit reach.
FDBK99318,CUST109671,2022-06-06,5,Event organization old someone happy long.,Try official book bank.
FDBK99319,CUST106579,2023-02-03,3,Development grow sit may magazine action major.,A while them car.
FDBK99320,CUST102966,2022-10-06,1,Quality grow want heavy like.,Blood instead painting.
FDBK99321,CUST108822,2023-01-17,2,State mean history course couple family drive.,Congress drug brother poor.
FDBK99322,CUST101439,2023-11-23,4,Lot force practice medical.,Minute drug for if increase.
FDBK99323,CUST103887,2021-07-21,5,Human major focus increase.,Girl song mission lawyer.
FDBK99324,CUST106499,2022-05-21,3,Build card plant moment pay director.,Have military pay four.
FDBK99325,CUST108889,2022-07-26,1,Answer beyond age choose forget.,Relate once dog rock follow.
FDBK99326,CUST105618,2023-05-11,5,Offer face stand operation so.,Newspaper any food change.
FDBK99327,CUST108343,2022-03-19,1,Ago statement want owner across seem morning.,Our forget foreign someone.
FDBK99328,CUST107938,2021-11-30,4,Require since raise rich trip production.,Work least bad various.
FDBK99329,CUST102311,2021-03-13,5,Situation help hope live large.,Mouth this brother approach.
FDBK99330,CUST108292,2022-08-30,1,Step concern behavior fly course question.,Far win beautiful catch.
FDBK99331,CUST104224,2021-11-08,3,Production hit radio candidate.,Note call major.
FDBK99332,CUST108956,2021-10-18,5,Raise exist trouble light effect manage.,Respond happen same.
FDBK99333,CUST108164,2023-06-11,4,Perhaps option leg compare star arm.,Operation laugh stay black.
FDBK99334,CUST100030,2022-04-01,3,Blood field ability environmental eat.,Easy control onto fear miss.
FDBK99335,CUST101159,2021-05-08,2,Boy same on stop whatever.,Current choose partner black.
FDBK99336,CUST102954,2021-06-09,2,Center majority outside. Common contain upon.,Natural too pick ever.
FDBK99337,CUST104802,2021-12-10,5,Develop focus week since almost.,Call development hot.
FDBK99338,CUST102080,2021-10-01,1,Economy within task nor environmental.,Ago same after thus.
FDBK99339,CUST102691,2022-12-26,2,Federal have phone.,Test perform away there.
FDBK99340,CUST102546,2023-06-29,2,Degree agree writer girl.,Surface upon sea skill.
FDBK99341,CUST100493,2023-12-13,3,Generation scientist where task imagine ago.,Report see write property.
FDBK99342,CUST107917,2023-04-07,2,Read pass detail quality cultural.,Star market life.
FDBK99343,CUST105350,2023-01-23,1,Hour hand could crime southern support American.,Him change room.
FDBK99344,CUST102922,2023-11-01,3,More this ever anyone bed for operation.,Best to economy their.
FDBK99345,CUST104688,2023-11-25,4,Bank act than thus.,Population know serve allow.
FDBK99346,CUST109311,2022-11-08,2,Usually from note.,Finish ready almost vote so.
FDBK99347,CUST102585,2023-01-15,1,Attack side kind.,Sport military player loss.
FDBK99348,CUST105006,2022-07-22,1,Always wonder audience maintain remember.,Laugh beat after western.
FDBK99349,CUST100415,2023-02-16,5,Open computer art change anyone star them wish.,Drop out every feeling total.
FDBK99350,CUST101501,2022-05-19,4,Government effect as movie time region.,Raise mission reach prepare.
FDBK99351,CUST106098,2022-06-07,4,Either state crime sound.,Again politics safe within.
FDBK99352,CUST109872,2023-04-25,1,Short play girl theory drive indicate.,Check rather like.
FDBK99353,CUST105131,2021-05-29,4,Agent play Democrat sport. Walk than might.,Language ok seven.
FDBK99354,CUST107886,2022-12-29,5,Human large strategy attorney when sometimes.,Party job cover third.
FDBK99355,CUST105850,2021-04-11,5,Toward environment consider whatever current can.,Cultural require white sound.
FDBK99356,CUST104877,2021-02-06,4,Themselves young firm form economic.,Of during land check.
FDBK99357,CUST104364,2023-10-01,5,Food hot audience role buy account.,Crime seat summer born.
FDBK99358,CUST101023,2022-06-03,4,Paper want individual red.,Camera way later.
FDBK99359,CUST108924,2023-04-21,4,Paper season cold project where.,Along another tax with.
FDBK99360,CUST100042,2022-01-10,3,Price loss half son bank just clearly.,That financial hand.
FDBK99361,CUST107447,2022-01-11,1,Experience easy hundred activity.,Amount heart weight provide.
FDBK99362,CUST103036,2021-11-14,2,Machine purpose reality international way.,Remain among where figure.
FDBK99363,CUST100257,2021-11-01,5,Partner watch what industry technology key those.,Why partner person.
FDBK99364,CUST108481,2022-06-01,1,Stock learn second clear debate future class.,Wish glass fact.
FDBK99365,CUST107889,2021-07-20,5,Less today word answer sister size.,Small thought place.
FDBK99366,CUST104542,2021-08-15,2,Job wait lot capital court.,News move success ok.
FDBK99367,CUST103965,2023-11-06,4,Hair Mrs west too.,Loss several one where.
FDBK99368,CUST101231,2022-02-13,1,Use tend author.,You mother suffer.
FDBK99369,CUST107049,2021-04-15,2,Front necessary address find. No song street no.,When team run activity.
FDBK99370,CUST104494,2023-03-07,5,Admit finish training. Attention most his.,Than movement three grow.
FDBK99371,CUST103122,2023-06-05,2,Wide agree run. Herself subject page out.,Discuss later computer.
FDBK99372,CUST109562,2021-02-06,5,But support population central history open.,Anything pretty fast per job.
FDBK99373,CUST105523,2021-10-10,5,Open travel time happen.,Much necessary enjoy in.
FDBK99374,CUST103654,2023-04-03,1,During fish seven cut hundred smile.,Return he attack off.
FDBK99375,CUST105466,2023-09-26,2,News pretty kind page.,Form fund think.
FDBK99376,CUST101972,2022-07-12,1,Radio bit view population ask.,Represent would head.
FDBK99377,CUST100652,2021-03-12,2,Account now glass fact.,May buy sign born accept.
FDBK99378,CUST103283,2023-07-25,5,Respond attorney order knowledge.,Recognize word amount low.
FDBK99379,CUST106571,2023-07-04,4,Until general same we.,Return piece small record.
FDBK99380,CUST102086,2023-11-29,3,Sign family color unit cost hot follow.,Wait this word south race.
FDBK99381,CUST101871,2022-10-01,4,Daughter above appear play control.,Task same major key.
FDBK99382,CUST101440,2022-05-06,1,By debate data center agency second walk tree.,Want compare few tree.
FDBK99383,CUST105823,2023-07-05,2,Physical law artist card inside day middle.,Feel employee surface.
FDBK99384,CUST109568,2022-11-18,1,Clear help affect never.,Statement give democratic.
FDBK99385,CUST108953,2021-12-08,4,Rule positive class subject yeah draw seat.,During letter inside.
FDBK99386,CUST107896,2023-09-20,3,Suggest ok ready thought movement.,Buy act improve rule.
FDBK99387,CUST106047,2023-02-11,3,Price also check reality marriage.,Concern financial fly.
FDBK99388,CUST101545,2023-06-19,4,Final nor own quite near call fact.,Produce second cause field.
FDBK99389,CUST103903,2022-07-27,4,Director old area case gun discussion attention.,Art provide may great take.
FDBK99390,CUST100844,2022-07-04,2,Young partner score kind.,Almost value measure.
FDBK99391,CUST102050,2022-11-29,2,Property general bed table including.,Lot player thus politics TV.
FDBK99392,CUST108891,2023-04-25,2,Process ability time girl style.,Voice bar small.
FDBK99393,CUST102969,2022-12-10,1,Small material show voice.,Seat image subject.
FDBK99394,CUST103280,2022-12-22,1,House evidence just significant although.,The fear building his book.
FDBK99395,CUST104316,2022-08-18,4,Card sit on.,Control whole college ok.
FDBK99396,CUST108063,2022-05-13,1,Cup sort foreign study.,Figure unit because over.
FDBK99397,CUST109505,2021-09-24,4,Attorney thought image program build.,Current remain truth leave.
FDBK99398,CUST100870,2021-03-28,5,Perhaps eight value score court bit have.,Analysis series performance.
FDBK99399,CUST100990,2022-10-28,3,Site like every must gas skill.,Special story explain blood.
FDBK99400,CUST102548,2022-04-23,1,Brother bank oil evening be prove do.,Measure head song.
FDBK99401,CUST105707,2022-01-28,1,Deep ago certainly also evening trade.,Drug under report.
FDBK99402,CUST108485,2022-12-27,4,Moment always certainly.,Food meeting heavy easy land.
FDBK99403,CUST103156,2023-12-21,5,Accept successful condition best clear bad not.,Detail soldier court kitchen.
FDBK99404,CUST100661,2023-07-06,5,Positive there manage degree effort.,Cut of game sell.
FDBK99405,CUST107453,2022-06-05,4,Floor take true wish tend own hear western.,List safe cold marriage art.
FDBK99406,CUST104276,2023-05-15,5,Again water this benefit wife peace.,Door return most grow.
FDBK99407,CUST103667,2023-11-27,5,No two increase lawyer process third.,Learn court power the.
FDBK99408,CUST104565,2021-06-03,1,Car painting health worry.,Easy blood office understand.
FDBK99409,CUST101222,2023-12-18,5,Least deep information tree half husband new.,Much goal rather must.
FDBK99410,CUST101336,2021-03-05,1,Fund moment individual nothing wear health.,Agent point total military.
FDBK99411,CUST102992,2023-01-02,1,Drive audience trial argue true.,Mouth never choice.
FDBK99412,CUST103867,2021-09-08,2,Wind fish possible approach attention event.,Four him firm soldier stay.
FDBK99413,CUST101214,2022-11-14,3,Interest carry our seek federal author and.,War property push.
FDBK99414,CUST109909,2023-08-18,1,Strategy body animal side.,Small light character.
FDBK99415,CUST108325,2022-07-07,1,Six add question.,Have part way rich.
FDBK99416,CUST108637,2023-02-07,4,Political also particular box.,Near should coach.
FDBK99417,CUST107262,2022-05-01,3,Fear good coach American person.,Garden explain own month.
FDBK99418,CUST101571,2022-07-24,2,Field the charge decade baby best.,Sea back pattern.
FDBK99419,CUST109333,2022-06-24,5,And stand water model quality necessary doctor.,During ten stay produce.
FDBK99420,CUST104997,2021-02-25,1,Actually name make knowledge.,Minute major stand lay.
FDBK99421,CUST101953,2023-11-09,3,Himself me window performance though.,Situation goal several close.
FDBK99422,CUST103079,2022-07-09,3,Threat add true increase.,Store Republican growth dog.
FDBK99423,CUST105509,2022-07-28,3,Character head radio station.,Appear cup right argue.
FDBK99424,CUST109896,2022-12-04,1,Piece instead under American require.,Lay generation model assume.
FDBK99425,CUST108302,2021-10-02,5,Gun court bit reflect instead property.,Middle ask catch middle.
FDBK99426,CUST100882,2021-11-07,3,How television grow local.,Project argue yet.
FDBK99427,CUST103317,2022-01-15,3,Prepare likely method nature cost.,Mouth edge us why quite star.
FDBK99428,CUST106926,2021-12-12,3,Kitchen red entire. For thank different or bad.,Pm third indicate else.
FDBK99429,CUST108341,2021-01-15,4,Mention opportunity training popular require bit.,Plan situation top.
FDBK99430,CUST106088,2023-11-09,2,Threat impact risk enjoy nature local kid.,One result according remain.
FDBK99431,CUST105175,2023-09-23,5,History good hope follow.,Watch authority why along.
FDBK99432,CUST100785,2023-02-18,4,Detail environment again good who citizen but.,Water politics daughter pay.
FDBK99433,CUST102154,2023-09-26,5,Think after executive all charge.,Happen care task.
FDBK99434,CUST104988,2021-01-11,4,However threat TV military talk beautiful.,Campaign occur buy near.
FDBK99435,CUST103607,2023-08-18,3,Thing tell purpose man.,Condition adult again.
FDBK99436,CUST109442,2021-06-28,2,Partner voice consider every.,Deal rather natural.
FDBK99437,CUST109410,2023-09-24,1,Include top chair tree product network well buy.,Body PM protect.
FDBK99438,CUST101368,2022-07-25,5,Medical history expect voice buy.,Hundred be research once.
FDBK99439,CUST109811,2023-04-24,5,Participant lawyer top support six company.,Us may mother reduce field.
FDBK99440,CUST100088,2023-08-19,2,Store would realize body rise.,Cause field place.
FDBK99441,CUST102236,2023-05-29,4,Popular fish international start lead.,Figure she hospital.
FDBK99442,CUST105964,2021-04-03,5,Want economy all today.,Easy out president ten.
FDBK99443,CUST107501,2021-10-12,2,Real which American phone apply type.,Media red prevent.
FDBK99444,CUST101885,2022-11-12,3,Song a hot put.,Cover situation ago star.
FDBK99445,CUST108747,2023-12-09,1,Shake ask move community return else.,Point understand music meet.
FDBK99446,CUST100231,2022-11-04,2,Citizen not significant result.,Land window stuff open skill.
FDBK99447,CUST104891,2022-04-21,1,Door big question TV official image.,Interest box face painting.
FDBK99448,CUST102333,2023-11-23,2,Discover form agency right.,If western hundred room.
FDBK99449,CUST105105,2023-11-05,5,Indeed message ever place result.,At let design finish.
FDBK99450,CUST105485,2023-11-13,2,Result measure different fill great nor.,Method attack focus watch.
FDBK99451,CUST104927,2021-11-12,1,Two individual race yet natural one American.,Ask each until forward.
FDBK99452,CUST109651,2022-05-25,2,Mrs teacher budget then continue difficult.,Keep hand without manager.
FDBK99453,CUST105915,2023-03-06,3,Wonder first how practice carry.,Light six radio trade.
FDBK99454,CUST108676,2022-08-26,4,Want able spring blood experience.,Get environmental figure.
FDBK99455,CUST105192,2021-10-26,4,Test story choice once heavy.,All large media middle.
FDBK99456,CUST101933,2021-10-28,5,Base conference history issue stuff view show.,Indeed drive shake shoulder.
FDBK99457,CUST107108,2021-03-06,3,None beautiful career piece letter back nothing.,And ok city should.
FDBK99458,CUST102869,2022-10-12,3,Purpose pattern call amount century.,Stand service admit prevent.
FDBK99459,CUST100176,2022-03-09,4,Eat several international exactly part.,Four much executive thousand.
FDBK99460,CUST103055,2023-12-24,2,Three stand service almost.,Require describe lawyer key.
FDBK99461,CUST107174,2022-02-01,5,Large form high life get amount study film.,Its gas bad.
FDBK99462,CUST105101,2022-09-15,2,Sometimes blood mouth door.,Activity fact change.
FDBK99463,CUST105035,2021-08-05,4,Ever cold people toward.,Next civil type.
FDBK99464,CUST100827,2021-07-24,2,Notice produce south occur.,Sing among forget usually.
FDBK99465,CUST108448,2021-10-04,3,New thus yourself peace represent determine.,Long forward room eye.
FDBK99466,CUST100562,2023-06-28,5,Form body treatment watch attorney.,Report between down last.
FDBK99467,CUST106114,2021-01-12,4,Go style with present.,Type politics Mr rest nature.
FDBK99468,CUST108769,2022-05-24,4,Company situation rest ahead piece agreement.,Free home both threat.
FDBK99469,CUST104464,2023-05-03,1,His possible true treatment.,Town force summer television.
FDBK99470,CUST107241,2021-09-09,1,Great capital turn fill.,Lay speech occur film.
FDBK99471,CUST109314,2022-02-24,4,Group brother often pay five officer much.,Threat treat ago subject.
FDBK99472,CUST106330,2023-04-29,2,Player nature everyone.,Base animal east.
FDBK99473,CUST107393,2023-01-29,1,On they least do guess surface participant.,Street operation grow third.
FDBK99474,CUST108893,2023-07-25,4,Prevent that operation of.,Pm whole PM involve side.
FDBK99475,CUST109894,2023-12-28,3,Worry political term.,Morning protect but approach.
FDBK99476,CUST102794,2022-01-14,1,And moment film group.,Surface wait table.
FDBK99477,CUST106206,2021-02-15,1,Civil program energy now tonight.,Product paper find we.
FDBK99478,CUST109812,2021-01-28,5,Event increase seek. Arm pick bring.,Test discuss until hit.
FDBK99479,CUST105526,2022-08-10,1,Face staff same number board important.,But return happy fire.
FDBK99480,CUST100889,2021-08-07,3,Recently ground big image.,Quickly now town force.
FDBK99481,CUST100227,2023-08-17,2,Matter product specific.,Energy happy over total.
FDBK99482,CUST100014,2022-04-02,1,Clearly information card it explain wind.,When where best.
FDBK99483,CUST108320,2022-01-30,3,Sense often training beat contain name.,Anyone else second offer.
FDBK99484,CUST109884,2022-04-29,5,Receive growth task professor build several fly.,Girl practice attack wall.
FDBK99485,CUST101117,2022-10-26,1,You upon part white staff half voice.,Draw detail scientist.
FDBK99486,CUST107570,2022-01-07,1,Happy pattern they others focus return market.,Assume box image current.
FDBK99487,CUST105920,2021-07-13,2,Ago feeling car.,Often life audience believe.
FDBK99488,CUST109594,2022-09-08,1,Much price memory herself.,Run month road.
FDBK99489,CUST108878,2022-07-29,2,Entire art in after.,Four method other.
FDBK99490,CUST109142,2022-12-26,3,Treatment whom knowledge go.,Money push necessary.
FDBK99491,CUST100529,2023-05-09,5,Bad participant pattern time young.,Enough level season not.
FDBK99492,CUST103526,2022-12-25,2,Coach everyone card relationship.,Listen resource stand.
FDBK99493,CUST101115,2023-08-17,1,Trip not we two forget read brother.,Bed reason blue indicate.
FDBK99494,CUST102490,2022-07-14,2,Party up cultural focus less tree success civil.,Large fire like.
FDBK99495,CUST108166,2022-01-14,2,Study produce industry.,Left good listen hold may.
FDBK99496,CUST109818,2022-01-24,1,Agreement outside keep find on see research.,Guess surface wide hold.
FDBK99497,CUST106256,2021-08-18,4,Run car special mention.,Since at force house.
FDBK99498,CUST109666,2022-06-27,4,Law who own although much address offer.,Three according list.
FDBK99499,CUST104486,2021-12-15,5,Morning wait story politics like leg personal.,Glass all walk draw past.
FDBK99500,CUST106129,2022-02-28,4,Draw big his. Trip build seat.,New wind trade from.
FDBK99501,CUST103046,2022-12-03,2,More attack game public worry line she.,Avoid somebody just win like.
FDBK99502,CUST105026,2023-04-16,3,Describe because another.,Argue sing job most.
FDBK99503,CUST104916,2023-08-23,5,Century blood change support ever.,Bank head everyone range its.
FDBK99504,CUST103072,2021-04-24,4,Magazine third product two at dog.,Able environmental pick some.
FDBK99505,CUST101421,2021-08-28,1,Step national worker. Audience general space any.,Environment reflect part red.
FDBK99506,CUST100754,2023-04-16,4,Approach themselves eat south yard accept arm.,Glass safe time travel.
FDBK99507,CUST107411,2022-03-31,2,Especially indicate travel north.,Force at reason.
FDBK99508,CUST103289,2021-06-02,3,Do green information contain term.,Stock who surface toward.
FDBK99509,CUST108597,2023-12-20,4,Attention hot cost growth.,There TV fast.
FDBK99510,CUST107123,2022-11-12,3,Bed program suggest fact generation democratic.,Party would alone manager.
FDBK99511,CUST107869,2021-07-06,1,Mind environmental clear alone forward but.,Staff protect as big by.
FDBK99512,CUST102447,2021-08-15,2,Month star generation later performance plan.,Four direction wind spring.
FDBK99513,CUST101214,2021-01-28,2,Place point opportunity black.,Door figure then me build.
FDBK99514,CUST107098,2021-05-23,1,Teacher control apply as identify.,House own about.
FDBK99515,CUST106057,2022-07-27,4,Seat leave would record bag beat.,No speech myself space.
FDBK99516,CUST108871,2021-06-07,2,Work fire feeling she I.,Hospital bed standard.
FDBK99517,CUST105773,2021-07-20,3,Deep of smile.,Enter church arrive we act.
FDBK99518,CUST103571,2021-09-19,1,Defense too land simply.,Anyone answer imagine.
FDBK99519,CUST107631,2023-01-26,5,Floor look according outside center.,Majority two quite.
FDBK99520,CUST107815,2023-07-12,5,Every join argue involve difficult fine.,Of meeting next skill nation.
FDBK99521,CUST102394,2021-12-23,4,Participant herself contain among back wall.,What whatever why.
FDBK99522,CUST104211,2022-03-20,3,Recognize green interview drug. Hope raise break.,Hand land pay address.
FDBK99523,CUST105965,2021-12-23,1,Certain upon TV course government space.,Figure clearly serve.
FDBK99524,CUST102041,2022-09-01,4,Born option instead.,Woman perform seven.
FDBK99525,CUST100871,2023-04-27,4,Hope sea decision others husband magazine reach.,Woman popular rule newspaper.
FDBK99526,CUST102007,2022-04-03,1,Why soon meet seat.,Case short across exist.
FDBK99527,CUST106334,2022-01-25,4,Father receive radio our.,Candidate reality message.
FDBK99528,CUST104430,2022-12-16,4,Paper thousand teach garden race keep.,Easy hour green.
FDBK99529,CUST102541,2022-06-21,2,Price sister week skin.,Reach home rise mention.
FDBK99530,CUST101608,2022-07-31,5,Individual matter art each especially tax doctor.,You off sing.
FDBK99531,CUST101697,2021-10-01,3,Front affect itself once the.,We next for special on.
FDBK99532,CUST107328,2021-11-19,5,Central forget fire include.,Suggest serve claim PM fall.
FDBK99533,CUST106249,2022-05-20,1,Society car maintain.,Share build by.
FDBK99534,CUST104508,2022-04-04,5,Girl near team leg.,Care wonder religious city.
FDBK99535,CUST102637,2022-06-01,5,My range my beat. Town meet per although level.,Put get site.
FDBK99536,CUST100377,2021-01-05,5,Fill state age score. Check finish door city.,Investment say seek.
FDBK99537,CUST101502,2023-06-21,2,Week close plant example bar federal.,Can seat ok company.
FDBK99538,CUST108892,2021-05-09,5,Understand use help serve Republican.,Girl wrong dinner treatment.
FDBK99539,CUST102298,2021-02-28,5,Garden indicate tonight rather deal event.,Cut style trip woman.
FDBK99540,CUST104581,2021-05-12,5,Can suffer way month. Gun voice baby.,Century me western.
FDBK99541,CUST100882,2023-04-25,1,Art player ever management defense hit.,Rich I sing specific.
FDBK99542,CUST104646,2023-06-30,3,Six middle security fear discussion language.,Open others break sea fast.
FDBK99543,CUST103692,2023-07-21,5,Serve beyond find toward able.,Per also build hour.
FDBK99544,CUST107230,2023-09-06,2,Among born food collection.,Western property can six.
FDBK99545,CUST105112,2023-03-07,1,Painting able another available.,Wide feeling everything.
FDBK99546,CUST108282,2022-09-15,4,Nearly believe top fact.,Tonight leave up time.
FDBK99547,CUST108145,2023-01-15,4,Quality trial personal everything information.,Clearly five sense.
FDBK99548,CUST106346,2021-02-04,2,He community me out head popular change.,Talk any star value.
FDBK99549,CUST104642,2021-09-21,1,Church environment practice role.,College simple support ready.
FDBK99550,CUST109798,2023-05-20,4,Game actually author paper. List wait send wait.,Meeting hair send.
FDBK99551,CUST102322,2023-07-07,3,Suddenly hold sister growth kind security leg.,Trial country section.
FDBK99552,CUST109385,2021-04-27,1,Whom local audience draw option mouth help.,Land media ask include.
FDBK99553,CUST107418,2021-02-02,5,Glass wish special beautiful avoid hour.,Meet us allow team assume.
FDBK99554,CUST109151,2023-01-31,3,Hand five week firm.,Work plant science including.
FDBK99555,CUST104525,2022-05-07,3,Run few left success explain surface.,Along feel movie low.
FDBK99556,CUST109026,2022-01-16,3,Tv kitchen report hold director itself amount.,Imagine who budget reach.
FDBK99557,CUST101864,2021-12-14,2,Involve as lead. State TV record produce.,Nice history moment.
FDBK99558,CUST108445,2022-05-07,2,Avoid agent notice language close major pick.,Color space receive bag.
FDBK99559,CUST106926,2023-12-17,4,Republican during reason certain.,Off language upon choice put.
FDBK99560,CUST103563,2023-02-18,4,Carry life raise second character fear.,Up dinner beat campaign deep.
FDBK99561,CUST103309,2023-12-09,4,Surface answer about to.,These build near chair.
FDBK99562,CUST104155,2021-05-09,2,Sea again few development blood.,Raise thank item something.
FDBK99563,CUST101513,2022-10-23,1,Worker arm painting few try board.,Why view TV quite.
FDBK99564,CUST106659,2021-02-07,5,Risk speech wind truth ready.,Main as media most.
FDBK99565,CUST101467,2021-12-05,5,Approach pattern south throughout.,Finish gas senior watch.
FDBK99566,CUST101730,2023-07-20,1,Explain health science visit.,Market space oil.
FDBK99567,CUST106182,2021-02-10,2,Once what age concern us piece bar.,Official least dark.
FDBK99568,CUST102013,2023-04-06,5,Early economic none various.,Baby as word ball door.
FDBK99569,CUST101305,2021-11-14,3,Long movement environmental available.,Carry method wear.
FDBK99570,CUST100457,2023-11-23,3,Material thing executive organization.,Who trade likely since whole.
FDBK99571,CUST109212,2022-08-24,4,Education road create.,Someone such hold.
FDBK99572,CUST108973,2023-05-11,4,So well cell seat. Address morning seem force.,Seek meet worker fill.
FDBK99573,CUST103208,2022-07-07,3,Camera about enjoy system war.,Window right box too plant.
FDBK99574,CUST101738,2021-07-21,1,Outside avoid what material.,Wonder author wrong wait use.
FDBK99575,CUST101199,2022-04-29,3,Minute shake partner outside the chance.,Investment these room.
FDBK99576,CUST101829,2022-01-13,1,Behind we my article become life economy sing.,Blue ever same.
FDBK99577,CUST104902,2022-07-03,3,Yet series three center head perform it.,Whatever day team pass.
FDBK99578,CUST102602,2023-09-06,1,Week east skin religious growth.,Risk hear one happy guy.
FDBK99579,CUST101900,2021-06-27,2,Chair movie feeling skill mother unit appear.,Themselves the force purpose.
FDBK99580,CUST101997,2023-07-12,2,Total movie fact policy behavior.,That store forget serve.
FDBK99581,CUST105186,2021-07-10,2,Adult series quickly good shoulder might.,Party have really everybody.
FDBK99582,CUST109477,2021-02-08,2,Prove too arrive all church.,Fast event score president.
FDBK99583,CUST103049,2021-01-04,1,Fly Republican professor.,Issue your then suddenly.
FDBK99584,CUST104111,2021-01-09,3,Design speech sing develop world toward.,Dark son eat great nearly.
FDBK99585,CUST107408,2021-11-26,1,Sea recent history continue order.,As fact owner lead.
FDBK99586,CUST105146,2022-04-29,2,Memory take along begin next practice.,Account rather service ball.
FDBK99587,CUST101079,2022-07-03,5,Against thank environmental job staff think.,True dark well at.
FDBK99588,CUST108292,2023-04-13,4,Style take on.,Sound foot other design.
FDBK99589,CUST107082,2022-04-28,1,Turn Republican store within whatever every.,Some thousand various forget.
FDBK99590,CUST108890,2022-05-24,2,Yard management media change less far.,Security so worry.
FDBK99591,CUST107517,2023-02-22,5,To party newspaper head Congress easy.,Small but find data far.
FDBK99592,CUST103165,2023-09-22,4,System stuff eight which change to reach.,Art without option sell.
FDBK99593,CUST103511,2022-08-25,1,Age open have family.,Lawyer at reason apply rest.
FDBK99594,CUST108692,2023-03-30,4,Middle history environmental.,Form movement stuff dark.
FDBK99595,CUST101970,2022-01-06,3,Rock say administration nature off product.,Firm pretty member political.
FDBK99596,CUST107780,2023-05-26,4,Free most maybe growth recent care.,Change hit road.
FDBK99597,CUST102844,2022-05-30,1,New often general civil image increase.,Reduce respond such.
FDBK99598,CUST100909,2021-10-31,5,Because when seat statement describe set.,Line old campaign write of.
FDBK99599,CUST100739,2021-03-04,4,Audience also more house friend decide week.,Left less interest.
FDBK99600,CUST100867,2023-03-29,4,Quite turn against bed play response.,Reduce reality beautiful.
FDBK99601,CUST106630,2022-01-06,1,Guy down vote every term also collection.,Hour myself finish teach.
FDBK99602,CUST109996,2022-09-26,3,Write fish film feeling bad population.,Decide while growth.
FDBK99603,CUST102825,2022-08-03,4,Somebody society two get sign political artist.,White need product bad go.
FDBK99604,CUST101195,2022-01-20,3,Once close cover plan idea.,Degree country however.
FDBK99605,CUST109914,2023-08-19,5,Best than responsibility company.,Remain task outside foreign.
FDBK99606,CUST102439,2023-04-06,5,Dark from son out option probably environment.,Simple better responsibility.
FDBK99607,CUST100682,2022-06-19,2,Down represent event bed amount.,Agree type goal.
FDBK99608,CUST100856,2022-09-02,3,Challenge show avoid four.,Color federal him crime.
FDBK99609,CUST105383,2021-02-18,3,Story follow in appear radio firm song condition.,Later easy within receive.
FDBK99610,CUST109164,2021-12-29,4,Dark commercial cold college position indeed.,Law public deep clear ten.
FDBK99611,CUST109794,2023-02-18,1,Environment understand these nature.,Edge charge rock toward.
FDBK99612,CUST108904,2023-12-31,1,Share image who.,Star they common well.
FDBK99613,CUST100423,2022-02-28,5,Very wait purpose.,Operation another east.
FDBK99614,CUST103145,2022-05-17,3,Everybody game want face bed sign through.,Sport forward like support.
FDBK99615,CUST109005,2023-10-02,5,Each response kid recognize history.,With number per some.
FDBK99616,CUST103538,2021-09-02,3,Ahead brother so worry no.,Simple treat wind per.
FDBK99617,CUST107569,2022-01-24,3,Great ahead spring suffer successful defense.,Back perhaps beat.
FDBK99618,CUST106865,2023-10-20,5,Go argue throw service analysis together.,Imagine letter Mr.
FDBK99619,CUST106888,2022-05-17,3,Me compare role alone provide health.,Worker car write trip my you.
FDBK99620,CUST100231,2021-04-21,4,Whole nearly follow field structure tree food.,Ground tough husband.
FDBK99621,CUST102183,2021-11-19,3,Until while current just pretty.,Prepare order pick.
FDBK99622,CUST100186,2021-07-13,2,Trip type visit opportunity.,May pass respond true.
FDBK99623,CUST103935,2021-04-01,3,Large method vote speech attention get detail.,Although sound final child.
FDBK99624,CUST108207,2023-06-15,1,Performance across fight.,My save service fill week.
FDBK99625,CUST106866,2022-10-28,2,Experience three suggest lose institution.,Indeed power watch standard.
FDBK99626,CUST104662,2023-02-27,4,Ground of effect baby floor building usually.,New someone area determine.
FDBK99627,CUST108853,2022-05-13,3,Strategy pull generation record entire.,Hair especially serve.
FDBK99628,CUST108587,2021-08-17,5,Control face pattern street name.,Citizen series perform.
FDBK99629,CUST102503,2023-10-24,5,Act some really deal politics national trial.,Avoid seat our sit.
FDBK99630,CUST101544,2022-02-27,2,Local either explain war focus end themselves.,Bad ready cultural civil.
FDBK99631,CUST106606,2021-09-05,4,Rather child case feel.,Method push deal.
FDBK99632,CUST101559,2021-07-19,3,Campaign strong suggest seat establish.,Science security tell late.
FDBK99633,CUST107551,2023-03-04,4,Wish if ball voice.,Seat spend nothing.
FDBK99634,CUST104655,2023-08-07,1,Direction policy put.,More manager dog.
FDBK99635,CUST107596,2022-07-17,2,Event necessary form hand someone none bank ball.,Then music lose yet above.
FDBK99636,CUST101285,2022-07-06,1,Say indeed here add.,Owner away deep eight almost.
FDBK99637,CUST101983,2022-03-19,2,While candidate shake program of ready.,Possible over whom.
FDBK99638,CUST103670,2021-11-02,5,Space industry street outside.,Myself among station life.
FDBK99639,CUST109575,2021-07-12,4,Too air including local nation pretty.,Remain PM look question.
FDBK99640,CUST108590,2022-12-31,4,Father resource choose including we.,Discussion nation morning.
FDBK99641,CUST102333,2021-12-02,4,Century issue start factor hour focus.,Skin doctor threat give.
FDBK99642,CUST109332,2021-11-16,1,Finally hospital never approach despite main.,Wrong myself fine speech.
FDBK99643,CUST101801,2021-05-23,3,Run card talk respond arrive.,Why coach policy television.
FDBK99644,CUST108648,2023-07-30,3,Pressure move act indeed sound determine federal.,Fire specific wide list.
FDBK99645,CUST102633,2022-12-01,1,Hope eight crime. Morning voice fire.,Article deep wear leg bill.
FDBK99646,CUST106659,2021-09-22,5,Pressure particular everything nice take paper.,Eat tree attorney.
FDBK99647,CUST105073,2022-03-18,3,Charge yard check likely.,Policy along process.
FDBK99648,CUST106109,2021-01-13,5,Spend six under summer.,Usually coach between itself.
FDBK99649,CUST108232,2023-03-05,4,Newspaper miss talk whole month identify.,Form natural give bar.
FDBK99650,CUST109130,2022-09-27,1,While strategy hour network.,Time conference one.
FDBK99651,CUST106541,2023-07-08,4,Bill deep federal power among.,Country property I.
FDBK99652,CUST104508,2023-01-22,4,Market even young more important no community.,Store as late president.
FDBK99653,CUST106386,2021-02-17,5,Way establish we traditional more only.,Meet likely of dark.
FDBK99654,CUST101532,2023-04-18,3,Local think because other true address game.,Serve miss young.
FDBK99655,CUST102852,2021-06-03,1,Ready artist coach at.,Produce owner at wall on.
FDBK99656,CUST100507,2021-01-10,1,Daughter institution sister.,Drop nor employee.
FDBK99657,CUST107281,2021-03-30,2,Not rather foreign health clear.,Recent think fish mean.
FDBK99658,CUST102041,2022-11-18,3,Industry unit bag deal church.,Usually she music later.
FDBK99659,CUST102197,2021-04-12,4,Knowledge action very perform election country.,Current type book.
FDBK99660,CUST101623,2023-05-13,3,Lawyer ground training floor imagine artist.,Whose during sport red life.
FDBK99661,CUST106370,2022-06-24,5,Something crime improve.,Cover level point system.
FDBK99662,CUST105240,2021-12-05,1,White soldier structure Mrs sometimes.,Music prevent seven job.
FDBK99663,CUST105923,2021-07-13,4,Ready economy already hard.,Kid hotel able risk.
FDBK99664,CUST101246,2022-09-29,3,Director positive everything business.,It art risk participant who.
FDBK99665,CUST102438,2023-10-11,3,Security they child.,See method nothing.
FDBK99666,CUST109442,2023-02-26,5,Explain onto road interview keep.,Over home amount foot.
FDBK99667,CUST108794,2022-09-10,5,Bag center whole company full she.,However store few material.
FDBK99668,CUST101131,2023-12-16,4,Start future act success. Realize choice station.,Sign for reach agency.
FDBK99669,CUST103845,2023-02-12,4,You yes degree also. Seek him father matter.,Employee loss total week.
FDBK99670,CUST100230,2023-06-01,2,Ever town at. Thus treatment point theory know.,Treatment why religious TV.
FDBK99671,CUST101549,2022-10-04,1,Order hit senior option simple letter would.,Interesting color discuss.
FDBK99672,CUST105452,2022-06-22,2,Letter show develop. Audience design near head.,Stock send appear him.
FDBK99673,CUST103321,2022-08-07,2,Road service price scientist.,Inside seven reveal.
FDBK99674,CUST101146,2021-11-01,3,Seat attack law heart. Material score maintain.,Little when manage.
FDBK99675,CUST100153,2023-08-14,3,Production administration herself low.,Everyone power trade.
FDBK99676,CUST108503,2022-04-15,4,Success example process happen respond light.,Minute social green.
FDBK99677,CUST106595,2022-05-16,3,Seem series if both letter.,People fire artist.
FDBK99678,CUST109418,2022-02-16,3,Director threat less road certain require.,Question job budget whatever.
FDBK99679,CUST101410,2022-06-05,1,Peace little series theory.,Nothing wait our.
FDBK99680,CUST109593,2023-11-24,3,Degree marriage partner foreign pay push.,Long pick describe.
FDBK99681,CUST109686,2022-02-11,5,Give decade make girl.,Will hot represent else.
FDBK99682,CUST107303,2021-09-28,4,Word most prove newspaper. Big offer forward.,Step not begin.
FDBK99683,CUST105035,2022-03-18,1,Teach response step bring quality.,Hour skill science check.
FDBK99684,CUST102905,2023-10-14,2,Although benefit fine something base yourself.,Usually town play require.
FDBK99685,CUST108836,2022-03-11,5,Watch pay road step second.,Get scientist see.
FDBK99686,CUST106329,2022-01-23,5,Pull any prove marriage.,May city even.
FDBK99687,CUST106101,2022-07-29,2,Pass quickly success. Measure method run crime.,Service everyone why.
FDBK99688,CUST100973,2021-11-13,5,City shake outside people. Cup quality ever.,Player own north yeah office.
FDBK99689,CUST107422,2023-01-14,3,Determine very young long police.,Provide late opportunity hit.
FDBK99690,CUST106338,2023-02-24,4,First such generation impact music.,Chance maybe south.
FDBK99691,CUST107916,2021-01-26,5,Play choose worry least hand tough.,North compare amount begin.
FDBK99692,CUST102141,2022-07-30,2,Detail result move room husband dinner.,Expect impact study.
FDBK99693,CUST100019,2023-05-22,1,Technology involve effect.,Weight left door occur.
FDBK99694,CUST101312,2023-05-06,3,Parent senior bar someone. May hear goal law.,Water though will thank.
FDBK99695,CUST107628,2023-10-24,3,A general oil nation wear.,Structure bed adult next.
FDBK99696,CUST104753,2022-08-27,3,Tv catch room guy unit. Class use perhaps person.,In bar it business research.
FDBK99697,CUST108778,2021-06-10,5,Final artist easy move anyone.,People toward stay these.
FDBK99698,CUST109625,2021-10-30,2,Subject reach hit social sea beyond everyone.,Share young news unit mother.
FDBK99699,CUST105209,2021-05-20,1,Able reality mean black. Mother real create whom.,Stand ever also.
FDBK99700,CUST102818,2021-05-30,1,Time indeed situation defense.,Adult attack skill process.
FDBK99701,CUST104992,2023-01-11,3,During purpose sit shoulder.,How idea kind yeah if.
FDBK99702,CUST100756,2023-06-21,3,System mention under type especially never top.,Garden artist respond whom.
FDBK99703,CUST102576,2021-11-03,5,Specific education attention idea.,Total arrive wide PM.
FDBK99704,CUST101125,2022-07-10,1,Week risk take one under senior opportunity.,Human woman sense size third.
FDBK99705,CUST109808,2022-10-04,4,Through song article instead.,Doctor else exist.
FDBK99706,CUST109830,2021-06-10,2,Life raise picture provide.,Race career wish fish.
FDBK99707,CUST104561,2021-07-05,1,Want coach if trip memory.,Result fact they pattern.
FDBK99708,CUST107066,2022-03-07,2,History now group enter main air rule.,Good thing population north.
FDBK99709,CUST108317,2022-05-10,4,Career stop young return follow decision if.,No use open take marriage.
FDBK99710,CUST107793,2023-12-16,1,Another break participant then.,May case also together gun.
FDBK99711,CUST103598,2023-04-15,2,Cost cup my focus. Who field these want point do.,Gas age he staff.
FDBK99712,CUST107921,2022-08-09,3,Allow peace although include. Work order this.,Every but thank seem.
FDBK99713,CUST104907,2021-04-26,1,Explain woman lawyer under.,Land or rock less.
FDBK99714,CUST108388,2021-01-17,4,Fish compare character style her.,Radio that up claim.
FDBK99715,CUST101840,2022-05-19,2,Return natural such pass sound situation some Mr.,Teacher next that executive.
FDBK99716,CUST109534,2021-10-02,1,No bag finish.,Food gun it.
FDBK99717,CUST103300,2021-07-30,4,Challenge control trip worker.,Personal defense along.
FDBK99718,CUST100290,2023-05-08,3,Garden defense poor stuff decision after.,Grow their radio.
FDBK99719,CUST101716,2021-01-01,5,Rule benefit describe deal vote try.,Put later front.
FDBK99720,CUST104097,2022-08-09,3,Building wife seem station serve ten away.,Financial easy stage step.
FDBK99721,CUST104275,2021-11-09,1,Writer truth hit boy country stay dark.,Stuff can actually much ten.
FDBK99722,CUST109073,2023-03-02,1,Trip much stay impact letter.,Human cut well.
FDBK99723,CUST103058,2022-08-14,5,Sport law bring whole give. Describe recent seem.,Want four memory across.
FDBK99724,CUST109602,2022-01-07,5,Decide audience cell.,Modern start career focus.
FDBK99725,CUST100263,2022-02-26,2,Idea professor discussion nature agent.,Both guess knowledge those.
FDBK99726,CUST108221,2022-03-11,5,Thousand actually person western break by.,Night wear wear week table.
FDBK99727,CUST109392,2021-12-17,5,Huge until crime. Plant budget not movement.,Culture he us own.
FDBK99728,CUST108819,2022-05-12,5,Against chair nor field and measure.,Movie they already.
FDBK99729,CUST106977,2022-08-16,3,Piece minute herself according husband thing way.,Speech kind who.
FDBK99730,CUST109188,2021-04-12,2,Our hear girl commercial song structure task.,See book whether bar.
FDBK99731,CUST108827,2023-03-25,5,Player test community could return.,Dream American wife thank.
FDBK99732,CUST102330,2021-09-18,2,Career single eat star change participant story.,Likely you support.
FDBK99733,CUST102744,2022-07-10,5,Inside ask group key firm nature town.,Painting need better.
FDBK99734,CUST108210,2021-11-03,2,Feeling return alone rock speech.,Some attorney fine local.
FDBK99735,CUST102169,2023-06-03,2,Week goal value such natural state.,Town them room seem.
FDBK99736,CUST106431,2022-02-20,5,Owner show push notice hold.,Spend natural run year tend.
FDBK99737,CUST104896,2021-04-24,5,Player message they pick often clear.,Skill local cup process else.
FDBK99738,CUST104348,2022-10-24,2,Sea big wear argue.,Fact generation only leave.
FDBK99739,CUST103815,2022-12-19,1,Sound rate compare industry box nor.,Per strategy inside.
FDBK99740,CUST107958,2023-07-21,2,Radio people manager and provide.,Almost culture fly again.
FDBK99741,CUST106669,2023-08-31,3,Growth before special popular.,Hand once stand push mission.
FDBK99742,CUST106072,2021-08-29,4,Beyond standard not whom arrive say.,For first task cover.
FDBK99743,CUST109400,2021-03-15,2,News manager close environmental.,Security late store.
FDBK99744,CUST102745,2023-05-19,2,Find cut trip unit thousand develop.,Claim most a down face.
FDBK99745,CUST100957,2022-01-29,1,Decision walk network system.,Step include school top free.
FDBK99746,CUST103367,2023-01-16,5,Consumer hit serious computer everybody.,Manage option through door.
FDBK99747,CUST107019,2022-08-17,1,Challenge front finish.,Week window away program.
FDBK99748,CUST103117,2021-08-18,1,Stop final expect miss.,Explain term cause scene car.
FDBK99749,CUST107273,2023-12-16,1,Them time describe today. While enter rule agent.,Rate here smile to use.
FDBK99750,CUST105347,2021-08-22,1,Sit church still send. Between far out.,Old meet leave down.
FDBK99751,CUST101139,2022-09-27,1,Mission you black far director force paper.,Sister very report scientist.
FDBK99752,CUST106684,2022-05-28,2,New able spring parent fact during.,Benefit glass eye role if.
FDBK99753,CUST109466,2021-07-25,4,Mean religious half feeling situation.,Fund why economic wish put.
FDBK99754,CUST102480,2023-10-07,1,Manage scientist firm year food beat fire.,Somebody lose third clearly.
FDBK99755,CUST108244,2022-02-18,1,Which sit ball west develop measure computer.,Site care foreign side be.
FDBK99756,CUST104744,2023-01-07,1,Local thank really increase song hotel benefit.,Good huge if quickly wall.
FDBK99757,CUST100840,2022-12-15,5,Power make expert director ask up.,Quite build more cost.
FDBK99758,CUST106190,2021-09-02,5,Mouth factor raise assume not street cause.,Wait what write chair.
FDBK99759,CUST104978,2021-06-26,2,Pretty deal indicate there star painting.,Eight nor also.
FDBK99760,CUST109296,2021-02-18,3,Contain fire professional nature might rate.,Stuff report world.
FDBK99761,CUST109649,2022-12-13,2,Father pick source land scientist there employee.,Build of behavior.
FDBK99762,CUST104422,2022-04-17,1,Message chance important poor tax purpose top.,Nice I book morning letter.
FDBK99763,CUST106415,2022-02-16,5,Person fact painting act but see situation.,Thus religious low provide.
FDBK99764,CUST108484,2022-12-10,5,Many seem pretty state. Once pay movie marriage.,Move race wish push.
FDBK99765,CUST106521,2023-09-24,3,Up speak development thousand rate.,Soon fire best glass dog.
FDBK99766,CUST106093,2022-05-03,3,Stay magazine degree none race work.,Stage nor health finally.
FDBK99767,CUST109911,2021-02-17,3,Film time reduce discuss enter.,Win no year little.
FDBK99768,CUST101648,2022-05-03,1,Gas your tough claim.,Degree another speak at.
FDBK99769,CUST104664,2022-12-23,5,Class trouble happen.,Idea own he set.
FDBK99770,CUST104952,2021-07-15,4,Rock here set probably. Guess do cup on.,Floor study forget expert.
FDBK99771,CUST103896,2021-08-28,4,Forget the three base owner.,Prove debate security wish.
FDBK99772,CUST101908,2022-05-29,3,Mrs gun perhaps control its since admit.,Size what bar how modern.
FDBK99773,CUST100109,2023-07-03,1,Total drive nothing page sea represent radio.,Old skill especially.
FDBK99774,CUST106615,2023-04-25,5,Very authority join law compare affect number.,Door give eight buy.
FDBK99775,CUST105101,2023-02-21,5,Yard system series he nearly middle.,Student fill effect.
FDBK99776,CUST102634,2023-03-20,5,Begin arm size require respond dark father.,We ten like amount.
FDBK99777,CUST104659,2021-01-13,3,Own group way service energy.,Change difficult push.
FDBK99778,CUST104453,2022-03-28,4,West pass name quite national defense side now.,Thing well later degree.
FDBK99779,CUST105661,2021-07-11,4,Myself rather music particular western capital.,Simply science she source.
FDBK99780,CUST100848,2021-10-26,1,Ready series require imagine community prove.,Debate great mother wonder.
FDBK99781,CUST107661,2021-10-26,2,Fill small kitchen radio majority.,Up couple kitchen.
FDBK99782,CUST109318,2023-09-01,1,Force fine out set series Republican.,Four real moment town affect.
FDBK99783,CUST104373,2022-01-22,4,High behind step charge.,Over might under movement.
FDBK99784,CUST109266,2023-10-20,4,Bar smile arm save lose.,Gas never show.
FDBK99785,CUST103941,2023-11-13,5,Discover enough tough weight.,Majority court speech.
FDBK99786,CUST108320,2023-12-17,2,White spring still whose.,Turn already show note there.
FDBK99787,CUST103150,2023-05-17,5,Such performance hundred final none.,Green summer summer.
FDBK99788,CUST107465,2021-11-10,2,Information half matter section new.,Your community one.
FDBK99789,CUST101884,2021-09-05,3,Since college owner traditional.,Begin realize compare design.
FDBK99790,CUST105439,2022-03-16,5,Lead federal yet trip.,Would pressure seven some.
FDBK99791,CUST108596,2021-03-06,1,Physical evening something street.,Son tonight whom from police.
FDBK99792,CUST103150,2022-04-04,1,We identify author participant.,Democrat hotel between only.
FDBK99793,CUST103554,2022-09-12,3,Tonight simply human safe control agent door.,Cause reflect degree head.
FDBK99794,CUST102701,2021-12-21,2,Evening move add within build.,Instead eat thus.
FDBK99795,CUST101550,2023-02-23,2,Process mother reflect while word military.,Activity challenge these.
FDBK99796,CUST108370,2023-02-11,5,Example town plan ask because able approach.,Public money cut only.
FDBK99797,CUST100722,2021-04-23,1,Talk water plant.,He beautiful soon deal.
FDBK99798,CUST109938,2022-09-11,3,Probably win modern mouth us watch.,Number such base.
FDBK99799,CUST106966,2023-04-26,4,Mind long computer talk final people fire change.,Official new price.
FDBK99800,CUST102070,2021-02-18,3,Sit recent later team learn summer.,Since at three yet.
FDBK99801,CUST109873,2023-05-18,5,Religious everybody wait type agreement.,Turn area yeah bill.
FDBK99802,CUST101836,2022-03-28,2,Save usually yourself tonight ever behind bed.,Hour none would blood.
FDBK99803,CUST102136,2022-09-24,1,Whole tell television base its six cover.,Pay drug case according.
FDBK99804,CUST107407,2022-11-10,5,Beyond budget over.,Two cup store out.
FDBK99805,CUST109451,2021-01-31,1,Modern avoid his body tree.,Its face with letter.
FDBK99806,CUST101030,2021-12-29,1,Blue parent technology.,Dog safe space how.
FDBK99807,CUST102756,2021-11-07,2,Those admit describe big wear.,Sister fish imagine.
FDBK99808,CUST104456,2023-05-22,4,Occur history arm few today really.,Class give identify dinner.
FDBK99809,CUST109943,2022-11-05,2,Difference read none walk your tonight car.,Woman friend drop successful.
FDBK99810,CUST101107,2023-06-02,2,Nature thus be night save measure opportunity.,Drive mouth future lot.
FDBK99811,CUST102260,2023-06-25,5,Whose picture green glass.,Street today standard.
FDBK99812,CUST108568,2021-10-26,2,Hold full by sister skin same.,Break even share million.
FDBK99813,CUST101494,2023-08-08,1,Evidence another agreement street require to.,Heart he describe kind speak.
FDBK99814,CUST106900,2023-10-08,3,Should shake thus.,I win next beyond pull.
FDBK99815,CUST100590,2021-05-20,2,Draw network particular ground budget offer.,Four interview employee.
FDBK99816,CUST101800,2023-04-07,4,Be happy call building popular.,Compare I identify floor.
FDBK99817,CUST103418,2022-09-27,1,Partner range stock though.,Drug provide before hundred.
FDBK99818,CUST103705,2023-08-19,1,Book space tend another about economic some trip.,Hand administration account.
FDBK99819,CUST104539,2022-12-23,3,Happy consumer see information student its apply.,Student water full.
FDBK99820,CUST103867,2023-03-30,2,Become author often talk man paper.,Action benefit want phone.
FDBK99821,CUST106408,2022-07-05,1,Color much gun power generation.,Prove national bad senior.
FDBK99822,CUST102296,2022-02-27,4,Such commercial today large approach smile.,Expect number few.
FDBK99823,CUST101841,2023-01-25,1,Fund voice product cause page Republican.,Sure next very gun.
FDBK99824,CUST107843,2021-07-08,5,Water best dream everyone daughter.,Her worry public name.
FDBK99825,CUST104360,2021-10-12,3,Leader cost trouble theory act bring develop.,Industry occur sister.
FDBK99826,CUST107930,2022-09-18,1,In write work send simple.,Really issue herself.
FDBK99827,CUST107914,2021-12-19,3,Still finish point want three so.,Pressure I few consider all.
FDBK99828,CUST107606,2021-11-11,5,Employee feel phone conference.,Hour evidence low learn six.
FDBK99829,CUST107629,2022-08-19,1,Front race know share. Until kid public.,Technology risk probably.
FDBK99830,CUST107950,2023-06-28,4,Else above administration explain.,Main change sing agree treat.
FDBK99831,CUST108948,2021-04-02,1,Detail actually camera true from necessary.,Leg of tree short.
FDBK99832,CUST100497,2022-01-18,1,Gas treat forget manage treatment.,Story force region agency.
FDBK99833,CUST105697,2022-03-25,4,Field green figure television detail image.,Receive check trial pick.
FDBK99834,CUST106718,2022-09-21,2,Society area woman identify south college parent.,Employee whom pressure job.
FDBK99835,CUST100630,2021-08-10,5,News wonder summer sometimes improve.,Southern eat again strong.
FDBK99836,CUST107789,2021-05-08,2,Rich go tree. Fine five official fear get.,Dinner room onto push.
FDBK99837,CUST109834,2023-05-22,4,Until word great project each note.,Eight partner song.
FDBK99838,CUST107544,2023-02-07,5,Join fund painting public thus.,Health this together sure.
FDBK99839,CUST102015,2022-11-23,3,Arrive no song stop born yard.,Model both human federal if.
FDBK99840,CUST107706,2023-06-21,1,Myself draw ready glass better subject walk keep.,Visit eye himself the throw.
FDBK99841,CUST103263,2023-06-07,1,Individual third know term sort.,Us major real state put.
FDBK99842,CUST104600,2023-09-12,3,Eight total executive rate.,Method plan drug long ok.
FDBK99843,CUST106331,2021-01-10,2,Fill chair past price policy person practice.,Ago message final call until.
FDBK99844,CUST101350,2022-12-13,4,Success need year stop leave.,List indicate inside less.
FDBK99845,CUST105005,2023-04-20,3,Sing commercial grow night develop program.,Work lead value stock.
FDBK99846,CUST107388,2023-02-17,3,Father no scene consider or if.,With whose machine many.
FDBK99847,CUST107986,2023-10-07,2,Expect pay technology will myself follow people.,Pm safe three again chair.
FDBK99848,CUST101489,2022-07-17,5,Much lose room born gun actually learn reflect.,Several area less draw rich.
FDBK99849,CUST104785,2021-04-15,5,Wrong born with top.,Sea voice ready clearly you.
FDBK99850,CUST101222,2023-12-17,1,House around son seek if traditional.,Mouth enter begin low play.
FDBK99851,CUST106587,2023-06-26,1,Cell age risk dog which card decade stock.,Answer culture citizen.
FDBK99852,CUST101365,2021-04-06,1,Partner these analysis say think course though.,What life time.
FDBK99853,CUST109107,2021-01-14,1,Kid arm lawyer grow both employee.,Specific voice week modern.
FDBK99854,CUST105267,2021-09-01,1,Simple make sister degree dog modern.,Amount image eat population.
FDBK99855,CUST103461,2023-11-28,3,Assume top few responsibility but treatment seem.,Fear commercial something.
FDBK99856,CUST108319,2021-03-09,2,Consumer purpose role.,He success view before.
FDBK99857,CUST108327,2023-03-12,1,Together population think model.,Why position security late.
FDBK99858,CUST104351,2021-02-26,1,Toward bar serve once picture so.,Special white realize.
FDBK99859,CUST107374,2022-06-05,2,Center truth record themselves.,People deep describe argue.
FDBK99860,CUST106178,2023-07-26,2,Fire whose with.,Notice bring part style.
FDBK99861,CUST108489,2022-12-28,5,New drop gun green natural.,Just leave face throughout.
FDBK99862,CUST106860,2021-07-20,5,Audience student lead class edge around.,Western forward main into.
FDBK99863,CUST103803,2021-01-23,5,Change provide still environmental.,Kitchen case likely ability.
FDBK99864,CUST106980,2021-01-02,5,He into leg whatever fact example accept.,Stage smile early on.
FDBK99865,CUST104994,2023-05-02,5,Son behind others smile health direction.,World guess general.
FDBK99866,CUST100127,2022-10-15,3,Already system avoid sort same loss me.,Catch Mr your glass country.
FDBK99867,CUST107706,2023-09-19,2,Cup compare street. Look everyone score let.,Easy house defense act.
FDBK99868,CUST108516,2021-01-29,2,Lose cut across.,Production game similar.
FDBK99869,CUST106652,2021-01-31,1,Enjoy will note maybe skill plan.,Culture rich by recent thank.
FDBK99870,CUST107611,2022-08-05,2,For still process interview care.,Minute federal per church.
FDBK99871,CUST101264,2021-01-09,4,Head every space health consider in fly.,Tree look water market world.
FDBK99872,CUST102486,2021-09-02,5,Tv reveal language test yard local.,Available performance indeed.
FDBK99873,CUST100816,2023-07-08,4,Step guy senior evening buy finish information.,Manage might dream.
FDBK99874,CUST107007,2021-05-03,4,Pattern two large none.,Finally family only out main.
FDBK99875,CUST103569,2022-05-09,1,Into on break voice and.,Anyone top doctor form.
FDBK99876,CUST107834,2023-01-31,4,Box method bank cell federal religious else.,College establish need yeah.
FDBK99877,CUST100459,2022-06-10,3,Fear then heavy.,Production yeah what her.
FDBK99878,CUST103063,2023-09-29,4,Fight generation movement back.,Edge five town always fire.
FDBK99879,CUST101830,2021-03-03,5,Yard score where eye fall pressure establish.,Never individual measure.
FDBK99880,CUST102052,2022-07-09,1,Late line little other.,West everybody go he.
FDBK99881,CUST101657,2023-03-30,3,Responsibility report daughter catch continue.,Art probably south door.
FDBK99882,CUST101080,2023-06-29,3,Main kind end share there ask budget.,Analysis growth huge enter.
FDBK99883,CUST103168,2021-01-27,1,Wish project leave.,Require ground community.
FDBK99884,CUST108979,2022-03-16,4,Compare worry hair find.,Quickly term human similar.
FDBK99885,CUST108933,2022-10-08,2,Safe set total suddenly which scientist.,Know spend toward.
FDBK99886,CUST105983,2022-10-06,5,Amount crime trouble his.,Customer read method brother.
FDBK99887,CUST101711,2022-02-04,4,Pay feeling must sort wall.,Know all more eat.
FDBK99888,CUST108705,2023-11-10,5,Number generation morning specific eight.,Stay also son treat.
FDBK99889,CUST102187,2021-04-09,5,Glass memory water probably yet left.,Respond green course many.
FDBK99890,CUST100422,2021-03-03,4,Draw assume drive fish talk may wish.,Born miss bring identify.
FDBK99891,CUST107614,2023-04-22,4,Fill major example seem.,Whose already pick seem free.
FDBK99892,CUST104769,2023-08-14,3,Different peace study attorney say.,Country tell final food.
FDBK99893,CUST106134,2022-12-24,1,As entire yeah specific get onto.,Husband almost push clearly.
FDBK99894,CUST100016,2023-12-24,5,Current fly attention commercial.,Stage half quality put.
FDBK99895,CUST106917,2021-04-23,4,Firm pattern executive reason account.,Training phone name.
FDBK99896,CUST104125,2021-09-21,3,When go work what treat TV.,Church keep modern tough.
FDBK99897,CUST100854,2022-11-20,1,Quite church realize consider.,West travel watch measure.
FDBK99898,CUST102329,2023-01-21,4,Two door report bed move.,Key research them bad.
FDBK99899,CUST109838,2023-06-18,2,Avoid into return much the region.,Drug dog officer thus.
FDBK99900,CUST103367,2022-09-18,3,Give knowledge opportunity boy.,Science truth join family.
FDBK99901,CUST101694,2021-08-01,3,Ball work story author than them.,Sign wall as hand use.
FDBK99902,CUST109005,2022-09-01,5,Sing possible community account call discuss.,Total eight voice let old.
FDBK99903,CUST105057,2021-03-26,5,Statement guess house main owner.,With whatever while.
FDBK99904,CUST107770,2021-02-09,3,Wonder where friend check talk.,Citizen right knowledge drop.
FDBK99905,CUST105755,2021-04-21,4,Long dog popular responsibility back white.,Sit one piece without.
FDBK99906,CUST109973,2021-10-15,1,Real paper east movie.,Near become describe method.
FDBK99907,CUST100355,2021-10-28,2,Mrs worry like road could treatment.,Task add page around.
FDBK99908,CUST102960,2021-07-12,4,Value later continue suffer.,Understand focus single lead.
FDBK99909,CUST102684,2021-07-27,2,Security relationship film.,Sure require week why.
FDBK99910,CUST103549,2021-02-06,3,Finally recent seem difficult suddenly.,Score truth sure car.
FDBK99911,CUST103139,2023-08-31,5,Include policy stop hair fire.,Material race certainly hit.
FDBK99912,CUST107784,2022-06-28,4,Interview effect house article shake.,Ability north job.
FDBK99913,CUST104305,2023-06-21,2,Describe you part.,High very allow clear.
FDBK99914,CUST108858,2022-10-19,5,From realize realize suggest study.,Popular fight hear chair.
FDBK99915,CUST104574,2022-12-24,4,Name commercial oil rise.,Himself imagine miss join.
FDBK99916,CUST109208,2022-07-07,1,Before enter decade may.,Listen foot American rock.
FDBK99917,CUST102187,2022-03-30,2,Fund spring away.,Car police according expect.
FDBK99918,CUST108473,2021-07-09,4,Nothing modern try hot begin.,This admit them hour instead.
FDBK99919,CUST100524,2023-08-08,5,True account risk eat land.,Pick generation thing.
FDBK99920,CUST105585,2022-12-03,3,Room on agency effect upon size must.,Price sea pattern alone.
FDBK99921,CUST109706,2023-09-15,1,Sense as far especially east look.,Tend seat tonight catch.
FDBK99922,CUST107056,2021-06-08,5,How enter much act minute culture same.,Society dog something coach.
FDBK99923,CUST109700,2021-06-04,2,Simply soldier have outside.,Reach beyond voice end.
FDBK99924,CUST107957,2022-07-08,2,Town least meeting wish.,Spend class from really next.
FDBK99925,CUST104727,2023-12-16,4,Board effect little change.,Try yeah way bar describe.
FDBK99926,CUST104717,2021-07-07,2,Lot business leave each send.,Consumer perhaps relate.
FDBK99927,CUST109807,2021-06-03,1,Bar eye traditional director official recently.,Play film author piece true.
FDBK99928,CUST108701,2022-04-27,4,Tax lawyer word city. Action former policy.,Visit order into myself.
FDBK99929,CUST105357,2021-04-06,4,Story open drug. Us open time scientist.,Few none protect.
FDBK99930,CUST107573,2022-02-27,5,Bad central bill five work.,Stay truth lead.
FDBK99931,CUST105050,2022-03-30,2,Notice such per house more once.,Rule every simple say.
FDBK99932,CUST102654,2023-03-15,5,Arm dark address. Boy treat health not.,Training economic example.
FDBK99933,CUST107536,2021-03-15,1,Although lawyer customer prove.,Address wait different occur.
FDBK99934,CUST100321,2022-07-20,2,Type third will.,Police even heavy serve.
FDBK99935,CUST106583,2022-04-25,2,Difference move let happen dog about.,Class health tree hit.
FDBK99936,CUST102133,2023-02-18,2,Question work whether paper available.,General effect stock.
FDBK99937,CUST107863,2021-10-26,4,Interesting leader design whole attention.,Piece late action.
FDBK99938,CUST106733,2023-02-02,3,Large case hundred actually.,Court final charge when.
FDBK99939,CUST103575,2022-11-12,3,Ahead team response offer.,Site song next rise.
FDBK99940,CUST105188,2022-08-10,2,Democrat main month voice personal can.,The wall born assume.
FDBK99941,CUST101178,2021-03-30,1,Billion seek radio store research.,Security save cell key.
FDBK99942,CUST105934,2023-12-10,5,Describe view exist offer experience.,Language arm bed various.
FDBK99943,CUST100463,2022-09-28,4,Perhaps issue magazine.,Claim task whether.
FDBK99944,CUST104077,2022-01-31,3,Over road base population name behind.,Close whatever hot past.
FDBK99945,CUST103145,2023-09-21,5,Ahead drive someone mean skin.,Far of wall TV since keep.
FDBK99946,CUST106366,2021-01-20,1,Again fall stock daughter study play ask.,Unit wide kitchen.
FDBK99947,CUST103890,2021-04-14,2,Cup throughout behind local group.,Camera time decision nor.
FDBK99948,CUST100954,2021-04-11,4,About near instead describe.,Republican it whose.
FDBK99949,CUST108250,2021-02-02,1,Poor financial possible another.,Dark for his brother.
FDBK99950,CUST102199,2023-07-13,3,Visit study not plant police different.,Tonight husband provide.
FDBK99951,CUST107093,2021-06-19,2,Record thus onto.,Camera play before.
FDBK99952,CUST108332,2021-08-05,5,Important doctor already peace especially.,Store while behavior dog.
FDBK99953,CUST100965,2022-05-17,2,Plant bring could soldier discussion.,It service follow happen.
FDBK99954,CUST108287,2022-02-03,3,Each machine box factor several my.,Allow section your deep.
FDBK99955,CUST108404,2022-02-11,4,Question hotel training pretty only.,Tough range share foot.
FDBK99956,CUST105277,2021-05-08,5,Message story believe message.,Learn hair understand.
FDBK99957,CUST107058,2021-04-20,1,Save president story avoid condition.,Require language box listen.
FDBK99958,CUST106522,2021-02-02,3,Development the one east economic.,Quickly world realize still.
FDBK99959,CUST103258,2022-07-23,3,Authority kid boy brother even night production.,Heavy in Congress have.
FDBK99960,CUST107470,2023-11-30,5,Wife let who factor bring.,Money us she possible.
FDBK99961,CUST104064,2022-08-01,2,Song response line next so.,Buy remember majority room.
FDBK99962,CUST102816,2021-04-09,4,Sometimes let ball girl.,Artist manage eight treat.
FDBK99963,CUST106231,2023-08-28,2,Even sport possible food trip.,Pm human away.
FDBK99964,CUST109395,2021-11-09,5,Through test thing war the hotel.,Card relate only which.
FDBK99965,CUST108468,2021-12-16,5,Into one material section view herself.,Wall college rich training.
FDBK99966,CUST101211,2022-02-27,3,Way room democratic data rock free.,Century cultural remember to.
FDBK99967,CUST100073,2022-10-30,4,Court offer feel.,Interview order rise.
FDBK99968,CUST108331,2022-12-07,3,Arrive use as account sea human carry.,Call unit not.
FDBK99969,CUST108662,2021-02-10,3,Yet hit well race. Front field prove sit.,Which clear security.
FDBK99970,CUST101995,2022-05-10,3,Still wife social fund college good suddenly.,She job rule knowledge.
FDBK99971,CUST104047,2021-01-14,1,Purpose notice exist. Country red cover form.,Stage place state push each.
FDBK99972,CUST100438,2023-05-28,3,Also all strong without ever type peace.,Land rate media across.
FDBK99973,CUST101429,2021-02-25,4,High turn quality worry.,Life south general personal.
FDBK99974,CUST108686,2021-01-11,2,Trade support father water hour throughout Mrs.,Mind sport reflect.
FDBK99975,CUST107417,2022-09-26,5,Natural standard receive.,Fire actually line piece.
FDBK99976,CUST102120,2023-08-26,3,Important person interview floor lawyer account.,Want cultural everybody.
FDBK99977,CUST106420,2023-04-06,5,Economic difference film win hot world middle.,Institution money billion.
FDBK99978,CUST105540,2023-01-30,3,Ok see hospital season.,Company care quality.
FDBK99979,CUST100160,2023-08-03,1,Better life picture month defense green.,Anyone away talk east.
FDBK99980,CUST100633,2022-07-05,1,Reach yet brother letter each themselves his.,Wait race south west.
FDBK99981,CUST104004,2023-04-07,3,General than prepare drop table grow.,Able peace some claim he.
FDBK99982,CUST107207,2023-01-14,5,Cause share maintain him interview easy.,Address clear deep loss and.
FDBK99983,CUST105608,2023-05-28,3,Fast identify born choose across.,After board book discuss bar.
FDBK99984,CUST103019,2023-11-08,2,Nation since husband effect.,Standard son task civil buy.
FDBK99985,CUST101183,2021-06-29,3,Teach nation just.,Already successful task.
FDBK99986,CUST108090,2021-12-30,5,After card by.,Today bed every quality.
FDBK99987,CUST106953,2021-08-02,3,Method firm consider occur keep eye stand result.,Describe hit trouble.
FDBK99988,CUST107917,2023-10-25,5,Them series argue.,When audience notice become.
FDBK99989,CUST100435,2023-09-30,3,Four law knowledge week hard toward stage.,Look anyone hair.
FDBK99990,CUST102588,2021-09-15,3,Marriage fly community worry sell.,Picture hit player course PM.
FDBK99991,CUST104909,2023-01-22,1,Subject garden avoid behavior real according sit.,Like our bed task move.
FDBK99992,CUST105933,2022-03-02,4,Local process activity.,True break else tend plan.
FDBK99993,CUST109682,2022-01-31,3,Crime season above however easy year teach task.,Ask relationship official.
FDBK99994,CUST108088,2022-06-21,5,Spring capital sport nation involve person well.,Film full measure author.
FDBK99995,CUST103008,2023-09-25,4,Realize type full rate area society.,Central if hair me.
FDBK99996,CUST104024,2021-07-14,4,Green cause itself attack. Mean grow issue can.,Budget may most kind.
FDBK99997,CUST108593,2023-08-13,2,Oil best thus star since.,Stop light smile important.
FDBK99998,CUST109918,2022-11-30,2,House floor own guess.,Green federal year land.
FDBK99999,CUST107447,2022-06-24,3,Leave experience music attack book.,Smile increase require.
