EmployeeID,Name,Department,Role,Salary,JoinDate,ManagerEmail,SensitiveHRNote
EMP10000,Dale Davidson,HR,Intern,54675.64,2021-11-20,xmason@yahoo.com,Rather he culture.
EMP10001,Jamie Fernandez,Sales,Manager,54675.64,2021-08-20,mwilson@thompson-green.com,Pay nor listen.
EMP10002,Ronald Thomas,HR,Intern,54675.64,2021-05-22,sbryant@hunter-white.com,Election explain.
EMP10003,Cynthia Jones,HR,Intern,54675.64,2022-11-06,youngscott@hotmail.com,Different art leg.
EMP10004,Robert Lee,IT,Executive,54675.64,2023-11-26,hullerika@turner-orr.info,Oil much them.
EMP10005,Susan Suarez,IT,Analyst,54675.64,2020-08-25,elizabeth57@odonnell-wong.info,Forward avoid that.
EMP10006,Jordan Anderson,HR,Executive,54675.64,2021-03-20,walkerryan@hudson.com,TV manage fish.
EMP10007,Elizabeth Sanchez,Sales,Executive,54675.64,2022-07-23,timothycrane@gmail.com,Company thousand.
EMP10008,Mr. Jeffrey Wood DVM,Finance,Intern,54675.64,2021-12-21,nsmith@bennett.info,Politics adult.
EMP10009,Natalie Ramsey,Finance,Analyst,54675.64,2021-12-08,palmermiranda@willis.com,Performance produce.
EMP10010,Nicholas Coleman,Sales,Manager,54675.64,2022-12-31,kimberlywilliams@gmail.com,List practice world.
EMP10011,Stephanie Wilson,IT,Manager,54675.64,2020-01-26,alice91@montgomery.com,Inside break stage.
EMP10012,Kathleen Knapp,HR,Intern,54675.64,2020-03-29,greenepatricia@stanley-solomon.org,Friend maintain.
EMP10013,Austin Williams,HR,Executive,54675.64,2020-08-22,ebutler@yahoo.com,Appear.
EMP10014,Jacob Jackson,HR,Manager,54675.64,2020-02-08,michellemonroe@yahoo.com,Leave garden white.
EMP10015,Kelly Robinson,Finance,Executive,54675.64,2020-02-13,martinjerome@gmail.com,Space generation.
EMP10016,Mary Taylor,Sales,Analyst,54675.64,2020-12-25,hernandezdavid@hotmail.com,Control successful.
EMP10017,James Peterson,Sales,Manager,54675.64,2022-12-23,zflores@gmail.com,Less them night.
EMP10018,Dawn Jones,HR,Manager,54675.64,2022-07-23,tmichael@morton.info,Provide site.
EMP10019,Suzanne Trevino,HR,Manager,54675.64,2022-06-27,shermanamy@olson.com,Reflect hard fact.
EMP10020,Amy Johnson,Sales,Intern,54675.64,2020-10-10,laura71@yahoo.com,Century management.
EMP10021,Brandi Hobbs,Finance,Analyst,54675.64,2022-02-09,dayangelica@hotmail.com,Center concern.
EMP10022,Kenneth Alvarado,IT,Executive,54675.64,2022-03-05,xbrowning@contreras.net,Life crime best.
EMP10023,Nicholas Daugherty,HR,Executive,54675.64,2020-11-26,lloydbobby@yahoo.com,Program maybe.
EMP10024,Rachel Jones,Sales,Analyst,54675.64,2023-08-20,elizabethhowell@jones.com,Significant answer.
EMP10025,Brittney Ross,Finance,Executive,54675.64,2022-04-22,williamwarren@gmail.com,Religious practice.
EMP10026,Angela Anderson,IT,Intern,54675.64,2023-08-03,karamoreno@davis.biz,Want nation task.
EMP10027,Adrian Pennington,Sales,Executive,54675.64,2022-04-12,steven99@bishop.com,Exactly however.
EMP10028,Claire Powers,HR,Intern,54675.64,2020-03-11,ramoskylie@gmail.com,Partner family.
EMP10029,Tina Webster,Sales,Intern,54675.64,2020-05-16,logan50@hotmail.com,None rest though.
EMP10030,Justin Hart,Finance,Analyst,54675.64,2022-12-22,sampsonjenna@jordan.net,Himself baby large.
EMP10031,William Porter,HR,Intern,54675.64,2021-08-11,monica41@gray-phillips.biz,Dark behind contain.
EMP10032,Ivan Sullivan,Sales,Manager,54675.64,2022-03-05,colinchan@hendrix-hill.com,Wrong actually.
EMP10033,Bobby Chen,Sales,Intern,54675.64,2021-06-13,angela54@hall.com,Least establish.
EMP10034,Linda Moran,HR,Executive,54675.64,2022-06-30,peter28@yahoo.com,Series a under.
EMP10035,Jonathan Smith,HR,Analyst,54675.64,2022-09-16,phumphrey@frost-torres.org,Politics inside.
EMP10036,Katherine Bray,Finance,Executive,54675.64,2023-03-17,paulboyd@phillips-frank.com,Avoid receive man.
EMP10037,Gina Reed,HR,Manager,54675.64,2022-07-25,martinezstacey@hotmail.com,Others all sure.
EMP10038,Jorge Mccoy,Finance,Intern,54675.64,2023-04-24,fadams@gmail.com,Story like person.
EMP10039,James Morris,Sales,Manager,54675.64,2021-08-10,pbrown@gmail.com,Story bag energy.
EMP10040,Steven Liu,HR,Intern,54675.64,2020-02-13,promero@fox.net,Finish fear.
EMP10041,Natalie Long,Finance,Manager,54675.64,2022-04-12,nathan88@hotmail.com,Almost form oil.
EMP10042,Stephanie Clark,Sales,Manager,54675.64,2021-10-10,drobinson@hotmail.com,Dream type market.
EMP10043,Valerie Doyle,IT,Manager,54675.64,2023-10-17,herbertbrandt@gmail.com,Argue shake become.
EMP10044,Tanya Edwards,Sales,Manager,54675.64,2020-04-22,alexandra93@garcia-davis.com,Condition treat.
EMP10045,David Daniels,HR,Manager,54675.64,2023-03-30,steeleblake@gmail.com,Bar write toward.
EMP10046,Rebecca Conley,Finance,Manager,54675.64,2022-01-26,brettjones@hotmail.com,Agent item address.
EMP10047,Danielle Nichols,IT,Intern,54675.64,2022-10-29,smithsarah@miller-smith.net,Benefit ball sense.
EMP10048,Patrick Smith,Finance,Executive,54675.64,2023-09-03,stevenrice@hotmail.com,Hour rule over.
EMP10049,Donna Rivers,Finance,Analyst,54675.64,2023-09-10,mendozachelsea@hotmail.com,Weight agent north.
EMP10050,Nicholas Barrera,IT,Analyst,54675.64,2023-02-15,phillipsevan@allen.biz,Democrat long.
EMP10051,Madison Crawford PhD,IT,Executive,54675.64,2021-01-20,kennethhicks@yahoo.com,Wear purpose the.
EMP10052,Courtney Martinez,Finance,Intern,54675.64,2020-07-24,leachangelica@lawson-henry.biz,American yeah.
EMP10053,Christopher Morales,HR,Intern,54675.64,2022-11-18,thess@calderon-phillips.com,Goal direction yeah.
EMP10054,Whitney Mills,IT,Analyst,54675.64,2023-05-16,xjones@hotmail.com,Song go job.
EMP10055,Leslie Anderson,HR,Analyst,54675.64,2023-08-20,pbrown@smith-taylor.com,Off experience.
EMP10056,Benjamin Perry,IT,Manager,54675.64,2021-08-07,deborahdixon@hotmail.com,Edge tend leave.
EMP10057,Teresa Morris,Finance,Executive,54675.64,2022-07-08,jessicasmith@yahoo.com,Skin form charge.
EMP10058,Kelly Jarvis,IT,Manager,54675.64,2023-10-28,meaganlowe@wright-eaton.com,Approach note.
EMP10059,Linda Valdez DVM,Finance,Manager,54675.64,2021-02-07,trios@butler-richardson.com,Clearly himself.
EMP10060,Thomas Osborn,IT,Manager,54675.64,2022-05-01,jonathan32@hotmail.com,Road police where.
EMP10061,Michael Moody,IT,Executive,54675.64,2021-05-22,diane09@hotmail.com,Could expert always.
EMP10062,Samuel Sparks,IT,Executive,54675.64,2020-08-30,leheather@yahoo.com,Bank federal.
EMP10063,Michelle Sellers,Sales,Executive,54675.64,2020-08-21,jeffrey89@hotmail.com,Include hospital.
EMP10064,Katie Duncan,IT,Manager,54675.64,2023-12-21,freemanrodney@morrow.com,Government memory.
EMP10065,John Williams,Sales,Intern,54675.64,2023-10-27,nathan43@white.com,Hundred those.
EMP10066,Christopher Miller,HR,Executive,54675.64,2023-11-13,ralphcole@yahoo.com,Since follow out.
EMP10067,David Garcia DDS,HR,Manager,54675.64,2021-04-12,lgreene@stone.org,Someone high world.
EMP10068,Cynthia Medina,IT,Intern,54675.64,2021-12-20,amberlane@page.com,Beautiful cup range.
EMP10069,Bob Robinson,HR,Analyst,54675.64,2021-10-20,parsonscrystal@hotmail.com,Fill about visit.
EMP10070,Brian Torres,IT,Manager,54675.64,2023-01-26,martinwood@osborn-jackson.net,Treat lead than.
EMP10071,Shelby Rodriguez,Sales,Analyst,54675.64,2021-02-14,rothjustin@gmail.com,Appear watch point.
EMP10072,Dawn Phillips,HR,Analyst,54675.64,2020-10-23,hartmangabriel@jones.com,Trial increase.
EMP10073,Jason Delgado,Finance,Executive,54675.64,2021-01-14,barbara70@hotmail.com,Foreign perform.
EMP10074,Vicki Johnson,IT,Manager,54675.64,2021-04-18,nharrison@yahoo.com,Bed education.
EMP10075,Mr. Michael Robles,IT,Executive,54675.64,2022-01-23,tamarachapman@hotmail.com,Reduce see student.
EMP10076,Carlos Collins,HR,Intern,54675.64,2020-01-21,fwilliams@robinson.com,Material sense same.
EMP10077,Gregory Howard,HR,Executive,54675.64,2023-02-02,andrewcarlson@henry-cunningham.com,Forward read weight.
EMP10078,Daniel Mendez,HR,Analyst,54675.64,2023-01-28,connordavis@yahoo.com,Agency art line you.
EMP10079,Linda Peterson,IT,Analyst,54675.64,2022-02-02,warrennelson@buchanan.com,Fly continue.
EMP10080,Lisa Haley,Finance,Manager,54675.64,2020-03-23,johnhoffman@wright.net,Cup early continue.
EMP10081,Nathan Hawkins,IT,Intern,54675.64,2021-06-16,fitzgeraldtyler@parks.com,Money small add as.
EMP10082,Tina Rivas,IT,Analyst,54675.64,2021-04-15,alexa20@edwards-baker.com,Research bring.
EMP10083,Austin Leonard,Sales,Manager,54675.64,2021-11-17,gjohnson@anderson-rios.com,Return tell affect.
EMP10084,Richard Smith,IT,Manager,54675.64,2021-12-03,fbrooks@hotmail.com,Approach rate firm.
EMP10085,Holly Romero,IT,Executive,54675.64,2022-08-17,taylorchristopher@elliott.org,Born street figure.
EMP10086,Michele Lamb,IT,Analyst,54675.64,2022-04-02,eclayton@morales.net,Continue reduce.
EMP10087,James Norris,Finance,Executive,54675.64,2022-08-12,margaretedwards@hotmail.com,Off personal real.
EMP10088,Katherine Nguyen,HR,Analyst,54675.64,2022-03-08,omiller@yahoo.com,Run determine sound.
EMP10089,Katherine Lawrence,IT,Analyst,54675.64,2023-07-15,edwinmurphy@gmail.com,Hold will movie.
EMP10090,Jessica Ortiz,Sales,Intern,54675.64,2020-06-15,elizabethstevens@yahoo.com,Citizen edge affect.
EMP10091,John Jones,Sales,Executive,54675.64,2020-09-30,debraphillips@yahoo.com,Institution must.
EMP10092,Paul Hernandez,HR,Manager,54675.64,2020-09-05,charles13@yahoo.com,Your old mind bad.
EMP10093,Matthew Hunter,Sales,Executive,54675.64,2021-01-16,droberts@rubio.info,Fall when close.
EMP10094,Tamara Santiago,Sales,Intern,54675.64,2022-03-02,jacob85@hotmail.com,About place step.
EMP10095,Elizabeth Lopez,Finance,Analyst,54675.64,2021-10-13,smithmichael@yahoo.com,Whole middle while.
EMP10096,Timothy Long,IT,Executive,54675.64,2023-09-23,diana76@hotmail.com,This walk energy.
EMP10097,Marisa Carter DDS,IT,Executive,54675.64,2021-10-07,garciamichael@meyer.com,Stand service bill.
EMP10098,Michael Miller,IT,Intern,54675.64,2020-02-26,tcarter@hotmail.com,Class charge list.
EMP10099,Mark Bennett,IT,Analyst,54675.64,2023-08-21,mhebert@yahoo.com,Deep exactly ahead.
EMP10100,Allison Wong,IT,Analyst,54675.64,2023-03-12,yparks@moody.com,Career top pretty.
EMP10101,Heather Hernandez,Sales,Manager,54675.64,2021-06-02,jennifer87@hotmail.com,Try issue staff.
EMP10102,Manuel Arnold,Finance,Analyst,54675.64,2023-05-29,ugoodwin@yahoo.com,Deep deep course.
EMP10103,Lauren Morales,IT,Analyst,54675.64,2020-02-27,scott44@gmail.com,Drug music chair.
EMP10104,Kelsey Williams,Sales,Analyst,54675.64,2020-11-04,stacey14@yahoo.com,Benefit future.
EMP10105,Dana Meyer,HR,Analyst,54675.64,2022-07-09,donald46@martinez-bradshaw.com,Late house apply.
EMP10106,James Sharp,Sales,Analyst,54675.64,2023-05-13,yhoward@hotmail.com,Dark according.
EMP10107,Stacey Miller,Finance,Manager,54675.64,2020-08-11,jjones@hotmail.com,Class maintain.
EMP10108,Bethany Sanders,IT,Analyst,54675.64,2021-10-13,marcfreeman@harrison.com,Trouble anyone.
EMP10109,Benjamin Hamilton,IT,Executive,54675.64,2023-02-09,dhull@hotmail.com,Degree summer value.
EMP10110,Sarah Camacho,IT,Executive,54675.64,2022-03-20,ashleyruiz@gmail.com,Structure.
EMP10111,Rachel Martin,Finance,Analyst,54675.64,2020-09-03,narias@gmail.com,Focus audience I.
EMP10112,Isaac Sullivan,HR,Executive,54675.64,2023-01-08,fraziermiguel@hotmail.com,Today nearly.
EMP10113,Courtney Garcia,HR,Manager,54675.64,2021-06-07,jmyers@yahoo.com,Represent kind role.
EMP10114,Jeffrey Atkinson,Sales,Executive,54675.64,2022-09-21,heather59@chambers.org,Employee officer.
EMP10115,Jim Jones,Sales,Manager,54675.64,2020-05-31,hjuarez@gmail.com,End computer.
EMP10116,Angela Lowe,IT,Manager,54675.64,2022-03-11,thomasgregory@mora.com,Up such per sit be.
EMP10117,Teresa Erickson,IT,Intern,54675.64,2021-02-23,walterskatherine@ochoa-beck.com,So clear factor.
EMP10118,Michael Cowan,IT,Executive,54675.64,2020-05-11,susancombs@chavez-erickson.com,Will me miss action.
EMP10119,Jesse Walker,Sales,Executive,54675.64,2021-04-27,rachel00@walker-baker.biz,Of recent animal.
EMP10120,Kevin Collins,IT,Analyst,54675.64,2023-12-28,tyler04@gmail.com,Bed break high.
EMP10121,Kevin Young,Sales,Analyst,54675.64,2020-02-25,erichogan@yahoo.com,His various.
EMP10122,Steve Blackburn,Sales,Intern,54675.64,2020-04-27,frogers@larson.biz,Drop more finish.
EMP10123,Larry Branch,Finance,Analyst,54675.64,2021-01-04,amanda83@warner-robinson.info,Force thank job.
EMP10124,Cody Crawford,IT,Executive,54675.64,2023-07-11,gregorygibson@hotmail.com,Federal bank beyond.
EMP10125,Julie Savage,IT,Manager,54675.64,2021-12-01,matthewturner@richardson.com,Nearly back area.
EMP10126,Catherine Shaw,Sales,Intern,54675.64,2021-06-03,brownbilly@yahoo.com,Ball particularly.
EMP10127,Kimberly Jones,Sales,Manager,54675.64,2021-10-08,qmercado@yahoo.com,Place feel style.
EMP10128,Katie Lopez,Sales,Analyst,54675.64,2023-12-03,rochajeremy@ross.com,Address rather side.
EMP10129,Mr. Casey White Jr.,Finance,Manager,54675.64,2022-08-01,vowens@yahoo.com,Social spend feel.
EMP10130,Christopher Garza,Finance,Intern,54675.64,2020-02-04,hughesbrent@yahoo.com,Yeah popular some.
EMP10131,Natasha Lyons,Sales,Executive,54675.64,2021-08-13,destinyrogers@norris.com,Someone special.
EMP10132,Ryan Ross Jr.,Finance,Executive,54675.64,2020-09-23,sharimata@yahoo.com,Down century later.
EMP10133,Angela Escobar,Finance,Intern,54675.64,2023-05-30,adawson@hotmail.com,Scene let make.
EMP10134,Joshua Vincent,HR,Manager,54675.64,2023-12-07,navarrocarlos@gmail.com,Culture far.
EMP10135,Sydney Black,IT,Intern,54675.64,2021-08-21,browntiffany@griffith-lowery.org,Professor example.
EMP10136,Olivia Morgan,Sales,Executive,54675.64,2020-09-11,wromero@gmail.com,Benefit myself.
EMP10137,Garrett Jackson,HR,Manager,54675.64,2021-09-01,pmartin@yahoo.com,Tonight simply real.
EMP10138,John Mcguire,HR,Analyst,54675.64,2021-04-11,theodorephillips@wallace.net,Bank produce.
EMP10139,Melissa Cruz,Finance,Executive,54675.64,2022-02-22,brandiescobar@martin.net,Eight believe whose.
EMP10140,Aaron Allen,Sales,Intern,54675.64,2021-06-01,nlee@jones.biz,Lawyer believe.
EMP10141,Joseph Mitchell,Finance,Executive,54675.64,2020-08-20,daniel45@hotmail.com,Like speak sea.
EMP10142,Angela Garrett,HR,Analyst,54675.64,2022-11-04,dennis33@perez-cisneros.com,Mother pretty.
EMP10143,Kayla Lopez,HR,Manager,54675.64,2020-11-24,zimmermansean@rios.com,Purpose.
EMP10144,Jason Johnson,HR,Intern,54675.64,2023-04-30,scott86@stephens.com,Assume section look.
EMP10145,Amber Clark,IT,Executive,54675.64,2022-01-15,bergerfrank@nichols-welch.com,Decade party seem.
EMP10146,Blake Peterson,Sales,Executive,54675.64,2021-07-31,reedstacey@ball-carrillo.com,Who protect front.
EMP10147,John Jones,IT,Intern,54675.64,2023-01-25,jenny61@snyder.com,Phone of early walk.
EMP10148,Jacob Saunders,HR,Manager,54675.64,2020-08-17,omassey@yahoo.com,Leader power.
EMP10149,Joshua Rhodes,HR,Analyst,54675.64,2020-08-02,campbellrebecca@warner.com,Indicate team any.
EMP10150,Christina Patterson,HR,Intern,54675.64,2020-05-20,douglas90@gmail.com,Skin reveal name.
EMP10151,Melvin Moore,IT,Executive,54675.64,2022-12-30,mcculloughjoshua@yahoo.com,Land safe play.
EMP10152,Stephen Page,Finance,Analyst,54675.64,2022-04-04,edwardsdennis@carter-kim.net,Know future tend.
EMP10153,Jacqueline Little,Sales,Manager,54675.64,2022-10-20,qcisneros@arnold-orr.com,Face avoid result.
EMP10154,Sherry Carroll,Finance,Intern,54675.64,2021-12-25,stephaniehaney@garcia-lynch.com,Strong particularly.
EMP10155,Ryan Wang DDS,Finance,Manager,54675.64,2020-05-04,michael30@gmail.com,Special end too.
EMP10156,Diana Harding,HR,Analyst,54675.64,2023-09-26,jessica03@sanders.com,Order save politics.
EMP10157,Chloe Jensen,IT,Manager,54675.64,2022-05-30,jennifersmith@hotmail.com,Spend their summer.
EMP10158,Melissa Bridges,Finance,Analyst,54675.64,2023-07-04,heather49@allen-snow.biz,Thank individual.
EMP10159,Tina Ortiz,IT,Executive,54675.64,2022-09-03,amymartin@white-carr.org,Wonder develop me.
EMP10160,Tiffany Castillo,IT,Analyst,54675.64,2022-05-13,aprilcosta@horton-mccarty.com,Onto generation.
EMP10161,Ronald Odonnell,IT,Intern,54675.64,2020-12-09,jennifer31@hotmail.com,Provide never she.
EMP10162,Devin James,Sales,Analyst,54675.64,2020-07-17,davisdavid@gmail.com,Training property.
EMP10163,Michael Nelson,Finance,Analyst,54675.64,2023-04-01,sandra63@hotmail.com,Fly return edge.
EMP10164,David James,HR,Executive,54675.64,2023-08-08,becky25@gillespie.com,What finish.
EMP10165,Aaron Miller,HR,Manager,54675.64,2020-07-02,matthewwilliams@johnson.info,Part song dream may.
EMP10166,Mike Haynes,Sales,Executive,54675.64,2022-12-21,erikaschaefer@arellano.com,Understand.
EMP10167,Jonathan Harris,Finance,Intern,54675.64,2022-06-26,qdavis@kelly-wagner.com,Six while sometimes.
EMP10168,George Baker,HR,Analyst,54675.64,2020-05-21,feverett@anderson.net,Others too major.
EMP10169,Stacy Patton,IT,Executive,54675.64,2023-04-28,jamie85@gmail.com,Poor common.
EMP10170,Melissa Young,HR,Intern,54675.64,2021-09-21,smithrodney@yahoo.com,Still mission buy.
EMP10171,Anthony Fox,Finance,Manager,54675.64,2021-06-17,mary92@gmail.com,Impact friend save.
EMP10172,Matthew Mullins,IT,Executive,54675.64,2021-05-07,ericmartin@white.com,Too process want.
EMP10173,Michael Christensen,Sales,Analyst,54675.64,2021-09-16,pamela56@christensen-martinez.com,For up accept.
EMP10174,Paul Wilson,HR,Executive,54675.64,2020-01-29,vangmichael@fisher.info,Six compare expect.
EMP10175,Amanda Chavez,HR,Executive,54675.64,2020-12-15,mcgeejessica@townsend-dixon.com,On question water.
EMP10176,Joan Johnson,Sales,Analyst,54675.64,2021-11-29,christopher35@hotmail.com,Give near prevent.
EMP10177,Karen Lamb,Finance,Intern,54675.64,2022-05-03,gsanders@gmail.com,Media for really.
EMP10178,Andrea Ayers,IT,Analyst,54675.64,2021-06-10,wcombs@montgomery.com,Group require raise.
EMP10179,Amber Walker,HR,Manager,54675.64,2020-04-20,davislaura@moyer.com,Different husband.
EMP10180,Jason Sanford,Finance,Executive,54675.64,2020-09-03,davisbetty@gmail.com,Last thought car.
EMP10181,Jeremy Howard,IT,Intern,54675.64,2020-03-11,kimberlybell@yahoo.com,Policy those.
EMP10182,Daniel Hines,HR,Manager,54675.64,2020-04-22,ashley60@hotmail.com,Light away most now.
EMP10183,Raymond Gonzalez,Finance,Analyst,54675.64,2021-04-10,jessica08@lynn.com,Big together force.
EMP10184,Miss Laura Hall,Finance,Intern,54675.64,2023-11-20,svazquez@carter.biz,Model language.
EMP10185,Justin Taylor,Sales,Intern,54675.64,2022-04-08,iward@hotmail.com,Above research.
EMP10186,Mr. Mark Ramirez,HR,Analyst,54675.64,2020-02-16,wolferodney@wade.com,Begin maybe night.
EMP10187,Kevin Lawson,IT,Intern,54675.64,2022-03-04,byrdaaron@mueller.com,Make along evening.
EMP10188,Nancy Garcia,HR,Manager,54675.64,2021-08-03,butlerkayla@mendez.biz,Anything shake.
EMP10189,Christopher Nelson,Sales,Intern,54675.64,2020-08-30,michelle80@hotmail.com,Account each.
EMP10190,Rebecca Alvarez,IT,Manager,54675.64,2021-03-31,mariecameron@coleman.com,Wide suffer.
EMP10191,Timothy Hernandez,Finance,Intern,54675.64,2022-07-20,osmith@garrett.net,Since perform.
EMP10192,Sarah Murphy,Sales,Executive,54675.64,2020-07-01,michael03@yahoo.com,Learn between.
EMP10193,Kathleen Bruce PhD,IT,Intern,54675.64,2023-09-10,eholloway@woods.com,Fill character may.
EMP10194,Nicole Cole,IT,Manager,54675.64,2023-09-27,melissa88@gmail.com,Offer my three.
EMP10195,Lisa Caldwell,HR,Executive,54675.64,2022-10-07,priceemily@bird-krueger.net,Research radio.
EMP10196,Carolyn White,Finance,Analyst,54675.64,2023-11-27,danielroberts@johnson-walker.net,Speech peace hotel.
EMP10197,Tyler Smith,Sales,Analyst,54675.64,2022-08-23,fredhamilton@hotmail.com,Arm election throw.
EMP10198,Casey Rodgers,Finance,Intern,54675.64,2022-02-01,wilkinsongwendolyn@yahoo.com,Stand he trade loss.
EMP10199,Mrs. Jessica Gutierrez,Sales,Executive,54675.64,2021-12-03,griffithjeanne@chavez.com,Ago beat indeed.
EMP10200,Barbara Norton,HR,Intern,54675.64,2021-09-29,jeffery09@robinson.biz,They factor out.
EMP10201,Garrett Perez,IT,Intern,54675.64,2023-04-16,richard47@johnston-roberts.net,Plan by that person.
EMP10202,Kenneth Lindsey,HR,Executive,54675.64,2023-06-18,trevormiles@gmail.com,Today every short.
EMP10203,Amanda Henderson,Sales,Analyst,54675.64,2021-09-24,zcollins@foley.com,PM town the despite.
EMP10204,Barbara Wilcox,Finance,Executive,54675.64,2023-01-09,cortezeric@mccormick-davis.biz,Break later main.
EMP10205,Tyrone Johnson,IT,Manager,54675.64,2020-10-21,adamsfrances@hotmail.com,Somebody parent.
EMP10206,Rodney Whitehead,Sales,Executive,54675.64,2021-09-04,nancy75@johnson-garrett.com,Individual Mr meet.
EMP10207,Barbara Davis,IT,Analyst,54675.64,2020-06-07,hannah07@hotmail.com,Television.
EMP10208,William Shepherd,IT,Executive,54675.64,2023-11-30,xwilliamson@smith.com,Speak source.
EMP10209,Carolyn Cervantes,HR,Manager,54675.64,2020-02-27,dicksonlawrence@taylor.com,Chance recognize.
EMP10210,Andrea Hensley,Sales,Executive,54675.64,2020-10-01,heathergilbert@yahoo.com,To institution help.
EMP10211,Spencer Jennings,Finance,Intern,54675.64,2022-12-13,austin08@hotmail.com,Task skill rock.
EMP10212,Victoria Martin,HR,Executive,54675.64,2023-05-07,samuelreed@gmail.com,Reason the spring.
EMP10213,Samantha Smith,HR,Executive,54675.64,2022-10-22,tami17@yahoo.com,Social man yes just.
EMP10214,Linda Wilson,HR,Analyst,54675.64,2023-09-20,alexanderrogers@yahoo.com,Once citizen.
EMP10215,Sarah Adams,Sales,Intern,54675.64,2022-11-11,greggwood@gmail.com,Five recognize.
EMP10216,Kimberly Ruiz,Sales,Intern,54675.64,2021-05-08,karen72@hotmail.com,Hotel Mr day early.
EMP10217,Lindsay Moreno,IT,Intern,54675.64,2020-06-14,nielsenricky@reyes.com,Law teach.
EMP10218,Sandra Snow,IT,Executive,54675.64,2020-04-26,timothyroberts@gmail.com,Around worker six.
EMP10219,Mrs. Carmen Kelley,IT,Manager,54675.64,2022-02-13,tara44@yahoo.com,Power blue age fish.
EMP10220,Angela Humphrey,IT,Analyst,54675.64,2020-12-08,jasonbrown@gmail.com,Admit vote turn.
EMP10221,Elizabeth Ortiz,HR,Executive,54675.64,2020-10-15,kylestephens@gmail.com,Open dog toward.
EMP10222,Timothy Simon,Finance,Analyst,54675.64,2020-12-03,lkeller@yahoo.com,About make film.
EMP10223,Aaron Donovan,IT,Executive,54675.64,2023-02-18,marcocollins@anderson-meyers.com,Front would perform.
EMP10224,Thomas Fox,Sales,Intern,54675.64,2022-05-25,tsantos@gmail.com,Order matter result.
EMP10225,Chelsea Baird,IT,Analyst,54675.64,2023-03-04,angela49@hotmail.com,How participant.
EMP10226,Andrea Anderson,Sales,Intern,54675.64,2020-11-10,jo66@cannon.com,Against serve.
EMP10227,Tammy Love,Finance,Executive,54675.64,2021-05-18,nleon@johns-hawkins.com,Follow word through.
EMP10228,Matthew Stevens,HR,Manager,54675.64,2023-07-14,danielsjared@coleman.biz,Charge pressure.
EMP10229,Anthony Morales,Finance,Analyst,54675.64,2020-05-19,michelle80@ortega.org,Instead improve.
EMP10230,Lisa Hamilton,Finance,Intern,54675.64,2021-04-29,michaelaharris@gmail.com,Represent so.
EMP10231,Erin Rhodes,HR,Executive,54675.64,2023-11-09,jbryan@hotmail.com,Outside positive.
EMP10232,Dale Johnson,Sales,Intern,54675.64,2023-02-18,crystal23@lee.com,High establish box.
EMP10233,Kelly Jackson,Finance,Executive,54675.64,2020-09-13,seththompson@morgan-weiss.com,Little take.
EMP10234,Chelsea Davis,HR,Intern,54675.64,2022-03-05,awilliams@yahoo.com,Sister decide.
EMP10235,Desiree Roman,Sales,Intern,54675.64,2020-09-03,gbrown@yahoo.com,Bar happy tonight.
EMP10236,Travis Moore,Sales,Executive,54675.64,2021-08-07,sarah88@hotmail.com,Fine defense spend.
EMP10237,Kimberly Winters,Sales,Intern,54675.64,2021-03-24,sandrahiggins@yahoo.com,Pay pass receive.
EMP10238,Amy Hancock,HR,Analyst,54675.64,2022-09-14,bonillaanne@whitehead.org,Clearly there.
EMP10239,Anthony Velez,IT,Analyst,54675.64,2023-09-05,jessicabenton@garcia.org,Yet heavy provide.
EMP10240,Jacqueline Rollins,HR,Executive,54675.64,2021-12-20,mooretyler@cortez.org,Important provide.
EMP10241,Amy Bowman,Finance,Executive,54675.64,2022-05-30,smithtyler@yahoo.com,Threat save power.
EMP10242,Jeffrey Lam MD,HR,Intern,54675.64,2022-08-24,moralesdanielle@walters.com,Surface federal.
EMP10243,Jeffery Holloway,HR,Executive,54675.64,2023-04-01,melinda40@hotmail.com,Article his song.
EMP10244,Colleen Thomas,Finance,Intern,54675.64,2020-06-17,baileybrittany@rios.com,Office interest.
EMP10245,Steven Morse,HR,Analyst,54675.64,2021-06-30,vmercado@yahoo.com,Radio door any.
EMP10246,Willie Fuentes,HR,Manager,54675.64,2023-08-20,victoriabarron@yahoo.com,Possible however.
EMP10247,Charles Dyer,Finance,Manager,54675.64,2021-11-12,matthewbutler@yahoo.com,Less he produce.
EMP10248,Heather Walker,IT,Executive,54675.64,2021-03-31,knightjoshua@gmail.com,Call manage speech.
EMP10249,Jessica Brandt,IT,Analyst,54675.64,2022-01-21,caroline82@marquez.com,Knowledge leave.
EMP10250,Amber Scott,Sales,Executive,54675.64,2022-04-27,cindylowe@vargas.com,Example out hour.
EMP10251,Charles Anderson,IT,Executive,54675.64,2023-10-11,upennington@gmail.com,Yet chair reason.
EMP10252,Kimberly Thomas,HR,Analyst,54675.64,2023-10-06,peckrebecca@hernandez.com,Alone build speak.
EMP10253,Valerie Glass,Finance,Manager,54675.64,2023-02-08,brandonjones@wagner.com,Energy power.
EMP10254,Emily Davis,Sales,Intern,54675.64,2021-08-26,christopherrobinson@hebert-hanson.biz,Campaign draw over.
EMP10255,Russell Mcclure,HR,Analyst,54675.64,2020-10-17,carpenterhector@grant-nunez.com,Number range fly.
EMP10256,Jeffrey Black,Sales,Executive,54675.64,2020-09-29,fmarshall@yahoo.com,Simply story thus.
EMP10257,Tommy Carlson,Finance,Manager,54675.64,2021-11-17,hpham@yahoo.com,Political hard.
EMP10258,Matthew Wilson,HR,Analyst,54675.64,2020-10-12,kochsandra@harris.com,Necessary ok.
EMP10259,James Ramirez,Sales,Intern,54675.64,2022-01-25,kristina46@hall-morris.com,Fear determine wind.
EMP10260,Gerald Horn,Sales,Intern,54675.64,2020-01-09,lisacameron@yahoo.com,Area later.
EMP10261,Nicole Vaughn,IT,Manager,54675.64,2022-03-01,edward15@yahoo.com,Expect center.
EMP10262,Benjamin Brown,Sales,Intern,54675.64,2022-12-04,gknapp@yahoo.com,Investment enough.
EMP10263,Mr. Benjamin Buckley DVM,IT,Analyst,54675.64,2022-12-24,santoslaura@yahoo.com,Course anyone allow.
EMP10264,Michael Castillo,IT,Analyst,54675.64,2023-03-09,patrickcruz@hunt.net,The suddenly each.
EMP10265,Bryan Barton,Finance,Manager,54675.64,2020-12-02,amymartinez@hotmail.com,Let most partner.
EMP10266,Timothy Zimmerman,IT,Manager,54675.64,2021-11-16,anthony01@gmail.com,Reduce quality.
EMP10267,Brittney Rubio,Sales,Intern,54675.64,2021-11-03,mhawkins@vargas.biz,History once.
EMP10268,Savannah Jones,IT,Executive,54675.64,2023-07-25,rodriguezrobert@gmail.com,Hair morning food.
EMP10269,Jacqueline Martinez,IT,Executive,54675.64,2022-10-30,jennifer72@wilson.com,Group condition.
EMP10270,Maxwell Miller,Sales,Manager,54675.64,2023-10-01,david80@hotmail.com,Answer capital late.
EMP10271,Natalie Liu,Finance,Executive,54675.64,2023-11-22,bakercurtis@madden.com,Window tend billion.
EMP10272,Lisa Everett,Finance,Executive,54675.64,2023-05-25,edwardsautumn@hotmail.com,Hard common at cut.
EMP10273,Marissa Reynolds,Sales,Analyst,54675.64,2023-11-27,owagner@gill.com,End structure class.
EMP10274,Ashley Tate,HR,Executive,54675.64,2023-06-12,ecarr@prince.com,Buy hear involve.
EMP10275,Toni Allen,HR,Analyst,54675.64,2023-08-23,curtiscooper@torres.com,Simply item throw.
EMP10276,Jason Barker,Sales,Executive,54675.64,2022-11-17,crystal67@tucker.com,System point.
EMP10277,Michelle Williams,IT,Manager,54675.64,2020-10-09,marksdavid@gmail.com,Son quickly.
EMP10278,Mark Cowan,Sales,Analyst,54675.64,2021-05-22,pthomas@yahoo.com,Free hair cultural.
EMP10279,Harold Hahn,Sales,Executive,54675.64,2022-01-28,kmccann@hotmail.com,Interest analysis.
EMP10280,Mark White,HR,Intern,54675.64,2022-06-25,samuelyoung@hotmail.com,For line police.
EMP10281,Alexandra Bowen,HR,Intern,54675.64,2020-05-29,tracytrevino@hotmail.com,Think thus hundred.
EMP10282,Amy Weaver,Sales,Intern,54675.64,2023-03-22,butleramanda@hotmail.com,Act challenge for.
EMP10283,Anna Thompson,IT,Manager,54675.64,2022-09-16,frazierbryan@hotmail.com,Single address car.
EMP10284,Joel Miller,Finance,Analyst,54675.64,2022-07-23,tara13@yahoo.com,Wait guess skin.
EMP10285,Amy Anderson,Sales,Executive,54675.64,2023-07-10,ashleymorgan@miller.info,Degree even tax.
EMP10286,Bernard Howard,Sales,Manager,54675.64,2023-06-26,mrowe@randolph.com,View and consider.
EMP10287,Susan Mora,Finance,Intern,54675.64,2022-07-02,fduran@maldonado.com,Sport pass.
EMP10288,Ashley Aguirre,HR,Analyst,54675.64,2023-12-09,jonathan40@hotmail.com,Young apply similar.
EMP10289,Michael Lewis,IT,Executive,54675.64,2020-11-12,jadegolden@calhoun.com,Occur majority.
EMP10290,Benjamin Jones,HR,Executive,54675.64,2020-06-22,welchelizabeth@hotmail.com,Personal effect.
EMP10291,Joseph Russell,Finance,Analyst,54675.64,2020-09-01,dylan08@kane-santiago.com,Occur make onto.
EMP10292,Margaret Williams,Finance,Manager,54675.64,2020-12-07,crystalhensley@hotmail.com,Staff clearly.
EMP10293,Robert Mejia MD,Finance,Analyst,54675.64,2020-01-09,hartmary@hotmail.com,Threat small very.
EMP10294,David Gray,Finance,Manager,54675.64,2021-04-23,benjamin25@yahoo.com,Rule grow hand oil.
EMP10295,Julia Carter,IT,Intern,54675.64,2020-01-22,pking@cummings.info,Long charge nice.
EMP10296,Michael Zhang,Sales,Intern,54675.64,2020-10-03,sellersaudrey@arellano.biz,Course plan he hear.
EMP10297,Antonio Montgomery,Sales,Manager,54675.64,2022-07-19,martinezjudy@hotmail.com,Modern than plant.
EMP10298,Brian Figueroa,Finance,Analyst,54675.64,2022-02-05,smithamanda@hotmail.com,Her mind later.
EMP10299,Craig Nguyen,IT,Manager,54675.64,2022-07-13,franklinfrost@hotmail.com,Similar kitchen.
EMP10300,Susan Joseph,Finance,Intern,54675.64,2023-01-13,hbarber@hotmail.com,Purpose computer.
EMP10301,Kimberly Cline,IT,Executive,54675.64,2020-02-22,dennisriley@brown.net,Serve production.
EMP10302,Joel Juarez,Sales,Analyst,54675.64,2022-12-20,ecurtis@ray.net,Short camera late.
EMP10303,Jason Fox,IT,Intern,54675.64,2021-11-05,wadebrandon@pratt-holloway.biz,Talk receive table.
EMP10304,Antonio Conley,Sales,Manager,54675.64,2022-05-04,david49@hotmail.com,Style fly.
EMP10305,Kristen Garcia,IT,Intern,54675.64,2021-02-27,harmonkristen@hotmail.com,Science remember.
EMP10306,Heidi Reynolds,HR,Executive,54675.64,2023-01-10,deborahgonzalez@craig-sanchez.com,Down act choice.
EMP10307,Tammy Thomas,IT,Manager,54675.64,2021-07-24,amy87@robinson-nicholson.com,Across should voice.
EMP10308,Barbara Cunningham,Finance,Analyst,54675.64,2022-05-04,allencox@jensen.biz,He these which.
EMP10309,Allen Rich,HR,Executive,54675.64,2022-02-07,garywalsh@gmail.com,Miss individual.
EMP10310,Brent Hernandez,HR,Manager,54675.64,2023-04-10,hinesmelanie@hancock-marshall.org,Go ever wear.
EMP10311,Crystal Santos,HR,Intern,54675.64,2020-02-27,bryansalazar@gmail.com,Road share which.
EMP10312,James Ramos,HR,Intern,54675.64,2023-05-20,david09@ball-gibson.net,Seem gas face.
EMP10313,Robert Rodriguez,HR,Analyst,54675.64,2020-06-30,barnettjared@goodwin-perry.net,Paper yet sister.
EMP10314,Michael Wilson,HR,Manager,54675.64,2022-07-22,duncanrebecca@good.com,National candidate.
EMP10315,Marissa Goodman,HR,Intern,54675.64,2021-02-12,thomas33@werner.com,Exist entire watch.
EMP10316,Robert Alvarado,IT,Analyst,54675.64,2021-04-30,stonekelly@hotmail.com,Natural among I.
EMP10317,Christopher Martinez,Finance,Executive,54675.64,2020-01-07,nrios@gmail.com,Science five year.
EMP10318,Michelle Morrow,IT,Analyst,54675.64,2021-03-05,qobrien@james.com,On institution.
EMP10319,Monica Anderson,HR,Executive,54675.64,2023-09-21,whess@wright-white.com,Pretty his bank bad.
EMP10320,Austin Lara,HR,Manager,54675.64,2021-09-21,smithjim@walton.com,Moment bad song.
EMP10321,Walter Dickerson,HR,Intern,54675.64,2022-10-15,perrycrystal@lam-franco.info,Letter everything.
EMP10322,Paul Mcbride,IT,Manager,54675.64,2023-01-23,nglenn@harris-sutton.com,Floor word.
EMP10323,Janice Singh,Finance,Executive,54675.64,2022-10-21,thompsonryan@gmail.com,Right eye western.
EMP10324,Sandra Welch,Finance,Manager,54675.64,2023-11-28,jon18@gmail.com,Relate blue soldier.
EMP10325,Emily Roberts,IT,Executive,54675.64,2023-12-02,nguyenmelissa@aguirre.net,Feeling end really.
EMP10326,Becky Thomas,Sales,Manager,54675.64,2023-10-31,shelly26@hotmail.com,Friend carry itself.
EMP10327,James Maynard,Sales,Intern,54675.64,2021-10-24,yholt@gmail.com,Quality court.
EMP10328,Christopher Escobar,Finance,Manager,54675.64,2021-04-02,vancechad@glenn-howell.info,Fact develop.
EMP10329,Ashley Carlson,Sales,Analyst,54675.64,2022-09-16,ofriedman@yahoo.com,Year institution.
EMP10330,Jamie Phillips,IT,Intern,54675.64,2023-01-06,adamsjessica@little-powell.net,Strong blue family.
EMP10331,Jeffrey Dean,Finance,Analyst,54675.64,2023-10-26,michelle79@guzman-williams.com,Consumer kitchen.
EMP10332,Timothy Smith,Finance,Analyst,54675.64,2020-05-04,bethsmith@hotmail.com,Interview wind.
EMP10333,Kristi Nelson,IT,Intern,54675.64,2022-04-22,karen37@proctor-atkins.biz,For us over.
EMP10334,Tammy Burnett DVM,IT,Executive,54675.64,2022-07-10,sarah98@hotmail.com,Night arrive hotel.
EMP10335,Cory Robbins,IT,Analyst,54675.64,2023-04-22,ismith@yahoo.com,Yet necessary best.
EMP10336,Wendy Decker,HR,Analyst,54675.64,2020-11-17,jamescunningham@guerrero.com,Real action leader.
EMP10337,Sarah Espinoza,Sales,Analyst,54675.64,2022-11-22,michelle38@wright.net,Official quality.
EMP10338,Thomas Garcia,Sales,Manager,54675.64,2023-12-25,yobrien@yahoo.com,Rise hot among.
EMP10339,Rebecca Gomez,Finance,Executive,54675.64,2022-10-01,gray@hotmail.com,Design expect maybe.
EMP10340,Kim Weaver,Sales,Analyst,54675.64,2021-11-15,echurch@gmail.com,Wish include single.
EMP10341,Casey Jones,Finance,Intern,54675.64,2021-12-21,jeffreywalters@yahoo.com,Few crime hotel.
EMP10342,Ms. Mary Pratt MD,Finance,Analyst,54675.64,2023-05-06,kelly48@gmail.com,Paper good meeting.
EMP10343,Sandra Douglas,HR,Analyst,54675.64,2021-12-19,teresa30@gmail.com,Goal choice design.
EMP10344,William Cowan,Finance,Manager,54675.64,2020-11-07,alexandra83@miller-williams.com,Doctor every each.
EMP10345,Karen Knight,HR,Executive,54675.64,2020-11-18,charles83@lopez-johnson.com,Rest player include.
EMP10346,Christopher Brown,Sales,Analyst,54675.64,2022-07-06,brad59@yahoo.com,Beat wonder like.
EMP10347,Richard Lowe,HR,Analyst,54675.64,2022-05-25,samanthabarton@simmons-galvan.info,Me speak home rule.
EMP10348,Dana Miranda,IT,Analyst,54675.64,2020-02-12,xsparks@huynh.biz,There industry rule.
EMP10349,Monica Duncan,HR,Manager,54675.64,2021-01-24,zlewis@hotmail.com,Less bag yourself.
EMP10350,John Clark,Finance,Manager,54675.64,2022-06-25,qpeck@wilson-johnson.com,Place live side sea.
EMP10351,James Chen,Sales,Intern,54675.64,2021-06-12,brittanygutierrez@hernandez.com,Yeah make real guy.
EMP10352,Diana Williams,Finance,Analyst,54675.64,2020-08-15,jconner@lewis.com,Senior describe.
EMP10353,Gabriel Wilson,Sales,Manager,54675.64,2020-08-10,lori37@yahoo.com,Detail identify.
EMP10354,Adrian Fernandez,Finance,Intern,54675.64,2023-11-21,connorthomas@holland.com,Central music miss.
EMP10355,John Brennan,HR,Intern,54675.64,2021-05-18,dana50@yahoo.com,Rather nation admit.
EMP10356,Phillip Mendoza,Finance,Executive,54675.64,2020-06-24,jameslisa@yahoo.com,Marriage sport.
EMP10357,Adam Kelly,IT,Intern,54675.64,2023-05-29,dwaynelewis@hotmail.com,Large fly actually.
EMP10358,Kayla Miller,IT,Analyst,54675.64,2021-02-25,burnettbrian@hotmail.com,Series doctor heart.
EMP10359,Jonathan Sawyer,Sales,Executive,54675.64,2022-05-01,lrivera@wolfe.biz,President bank.
EMP10360,Deborah Garza,Sales,Executive,54675.64,2023-08-10,kristin19@franklin-wyatt.com,Stop simply.
EMP10361,Dwayne Ford,HR,Executive,54675.64,2023-08-21,heidi50@yahoo.com,Than section poor.
EMP10362,Meghan Johnston,Finance,Manager,54675.64,2023-01-27,epatel@mcdonald.com,Government check us.
EMP10363,Rachel Wood,IT,Manager,54675.64,2023-06-08,victoriajimenez@mckay.biz,Their box country.
EMP10364,Tyler Morales,HR,Executive,54675.64,2022-05-25,stephenserica@wilson-leach.net,Environment less.
EMP10365,Mr. Tyler Davis,Sales,Manager,54675.64,2021-06-08,rogersjason@rivera-foster.org,Child wonder.
EMP10366,Leslie Burton,HR,Manager,54675.64,2022-05-08,grossbecky@haynes.com,Card some choose.
EMP10367,Ricky Hall,Sales,Analyst,54675.64,2020-05-10,stokeseric@hotmail.com,Look staff although.
EMP10368,Susan Clark,Sales,Intern,54675.64,2020-07-30,bellregina@rivera.com,Pay break painting.
EMP10369,Daniel Arroyo,HR,Analyst,54675.64,2022-11-17,xlee@rodriguez.com,In middle sell.
EMP10370,Kyle Vazquez,Finance,Analyst,54675.64,2020-10-28,patriciawolfe@gmail.com,Meet benefit many.
EMP10371,Erik Merritt,HR,Analyst,54675.64,2021-10-10,jordan88@yahoo.com,Simple management.
EMP10372,Lori Dunn,Sales,Executive,54675.64,2021-03-21,molinaapril@martinez.com,Concern mean answer.
EMP10373,Nancy Leach,IT,Manager,54675.64,2021-05-30,whitejacob@ramirez-gonzalez.net,Less candidate.
EMP10374,Jerry Harper,Finance,Executive,54675.64,2023-11-21,timsmith@nichols.com,Control across must.
EMP10375,Robert Diaz,Finance,Analyst,54675.64,2022-12-11,amy28@gmail.com,Alone yes future.
EMP10376,Christopher Fuentes,IT,Intern,54675.64,2023-08-18,vyoung@herman.com,Contain paper keep.
EMP10377,Mark Holmes,Finance,Analyst,54675.64,2021-04-17,rubenburgess@sanders.com,Watch indeed.
EMP10378,Renee Garcia,Sales,Manager,54675.64,2021-11-02,calebsullivan@bennett.com,Number image at.
EMP10379,Robert Brown,HR,Intern,54675.64,2020-12-27,alexandermike@frank-nelson.com,Trade by get.
EMP10380,James Hill,Sales,Intern,54675.64,2023-04-15,nicholascruz@haynes.com,Responsibility.
EMP10381,Holly Davis,Finance,Manager,54675.64,2021-06-14,loveashley@perez.com,Pay assume war wife.
EMP10382,Robert Jones,IT,Manager,54675.64,2021-05-24,zmcdonald@murphy.com,National.
EMP10383,Erika Nelson,Finance,Analyst,54675.64,2023-04-18,justinross@gmail.com,Magazine bag high.
EMP10384,Sarah Sanchez,Sales,Manager,54675.64,2023-12-17,hoganmelissa@mccarty-calderon.com,Place nice anyone.
EMP10385,Matthew Flores,Finance,Intern,54675.64,2023-04-28,glennwallace@taylor.com,Enough on seat.
EMP10386,Tiffany Perry,Finance,Manager,54675.64,2021-07-06,wadekimberly@yahoo.com,Often specific.
EMP10387,Gregory Brown,Sales,Analyst,54675.64,2022-04-23,michelle48@andersen.com,Rather voice why.
EMP10388,Tina Jarvis,Finance,Executive,54675.64,2023-03-17,moranzachary@yahoo.com,Describe what.
EMP10389,Andrea Adams,Sales,Executive,54675.64,2021-09-01,holly60@hotmail.com,Leader begin.
EMP10390,Shawna Johnson,IT,Analyst,54675.64,2020-03-27,danielmendez@vang.com,Travel school.
EMP10391,Robert Gonzalez,Finance,Intern,54675.64,2021-09-11,wilsonashley@diaz-johnson.com,A receive word when.
EMP10392,Debra Savage,IT,Executive,54675.64,2020-11-07,jhayden@gmail.com,Effort too address.
EMP10393,David Reyes,HR,Analyst,54675.64,2020-10-01,donald27@diaz-wells.net,Whether agent.
EMP10394,Brett Conner,Finance,Executive,54675.64,2023-02-10,phillipskaitlyn@yahoo.com,Someone hundred.
EMP10395,Lisa Khan,HR,Intern,54675.64,2020-11-17,hedwards@gmail.com,Result officer.
EMP10396,Joseph Norris,IT,Intern,54675.64,2020-10-20,mendezgregory@hodge-sanders.com,Rich there admit.
EMP10397,Rachel Lopez,IT,Intern,54675.64,2021-07-04,penasteven@hotmail.com,Marriage big return.
EMP10398,Regina Sellers,Sales,Manager,54675.64,2021-06-06,lloydkevin@greene.com,Assume within sign.
EMP10399,Jeffrey Cunningham,HR,Intern,54675.64,2022-05-30,vsilva@oneill.info,Even red economy.
EMP10400,Timothy Le,HR,Intern,54675.64,2023-01-21,lewisshelby@gmail.com,Wish play time type.
EMP10401,Sheila Ray,Sales,Intern,54675.64,2021-06-16,justin17@mercer-stevens.net,Decision can media.
EMP10402,John Perez,HR,Executive,54675.64,2021-10-30,rjones@yahoo.com,Country near keep.
EMP10403,Lisa Foster,IT,Analyst,54675.64,2021-08-27,rwilliams@chen-mejia.info,There stand happy.
EMP10404,Crystal Chen,IT,Analyst,54675.64,2022-10-18,stephen17@white.info,Cover already field.
EMP10405,Mr. James Wong,IT,Intern,54675.64,2022-09-26,david23@johnson.net,Throw knowledge.
EMP10406,Darren White,IT,Executive,54675.64,2021-07-07,djoyce@yahoo.com,Common about.
EMP10407,Matthew Wilson,Finance,Analyst,54675.64,2021-10-13,laramatthew@williams-martinez.com,High her kitchen.
EMP10408,William Perez,Sales,Executive,54675.64,2020-01-02,nicholasbrown@hotmail.com,Key later and.
EMP10409,Kimberly Cline,Finance,Analyst,54675.64,2020-02-09,james88@rogers.com,Bit executive.
EMP10410,Scott Ford,Finance,Manager,54675.64,2023-01-30,monica07@hotmail.com,Successful discover.
EMP10411,Hannah Byrd,HR,Intern,54675.64,2020-11-14,hughesjill@gmail.com,Attention.
EMP10412,Elizabeth Mora,Sales,Executive,54675.64,2021-11-03,neilholt@webb-martin.com,Memory tend he none.
EMP10413,Melissa Bauer,Finance,Executive,54675.64,2022-05-26,santosrebecca@hotmail.com,Never loss special.
EMP10414,Brian Roberts,Finance,Manager,54675.64,2022-07-30,sarabooker@gmail.com,Never key national.
EMP10415,Jimmy Gonzalez,Sales,Analyst,54675.64,2022-02-16,durhammichelle@francis.com,Ever trip campaign.
EMP10416,Trevor Evans,IT,Executive,54675.64,2021-05-03,shaneknight@brown.biz,Analysis.
EMP10417,Robert Holloway,Sales,Intern,54675.64,2022-06-25,marystone@yahoo.com,Pass her message.
EMP10418,Doris Sanchez,Sales,Manager,54675.64,2022-11-05,masseyjustin@quinn.biz,Others baby.
EMP10419,Javier King,Sales,Intern,54675.64,2020-09-20,graveshector@gmail.com,Laugh military.
EMP10420,Michelle Conner,IT,Analyst,54675.64,2022-12-06,bguerrero@hotmail.com,Television they.
EMP10421,Terri Watson,Sales,Intern,54675.64,2022-06-03,ebarker@little.net,Fill development.
EMP10422,Dr. Mark Tucker,IT,Manager,54675.64,2021-11-16,jessica14@webb.com,Family generation.
EMP10423,Dawn Anderson,Finance,Manager,54675.64,2023-07-07,gomezalan@gmail.com,Safe election.
EMP10424,Lisa Church,Finance,Executive,54675.64,2021-03-03,aadams@khan-roberts.com,Surface experience.
EMP10425,Taylor Sandoval,IT,Intern,54675.64,2021-08-26,acampos@wilson.com,Apply care task.
EMP10426,Jesus Allen,HR,Intern,54675.64,2020-12-03,turnerryan@carroll-rogers.com,Year community.
EMP10427,Robert Garcia,Sales,Analyst,54675.64,2020-09-01,grodriguez@yahoo.com,Leader evidence.
EMP10428,Joseph Reed,Finance,Executive,54675.64,2021-05-31,figueroatracey@gmail.com,Specific health.
EMP10429,Keith Shields,Finance,Analyst,54675.64,2020-03-12,amoss@hotmail.com,Number fear today.
EMP10430,Victoria Nash,IT,Analyst,54675.64,2020-05-05,sean82@gmail.com,Difference Congress.
EMP10431,Mr. Scott Mack,HR,Manager,54675.64,2023-04-19,brian13@munoz.com,Beat social owner.
EMP10432,Lisa Ramirez,HR,Manager,54675.64,2021-05-31,joseph74@conrad-lewis.biz,Various foreign.
EMP10433,Tonya Hart,HR,Executive,54675.64,2022-11-24,andersonellen@porter-young.com,Wife response.
EMP10434,Kevin Townsend,IT,Analyst,54675.64,2020-01-23,powellderek@frye-garcia.net,Rate have book.
EMP10435,Benjamin Matthews,IT,Intern,54675.64,2021-10-23,angela20@gardner.net,Several today on.
EMP10436,Stephen Richardson,Sales,Intern,54675.64,2023-10-23,perrykelsey@ferguson-day.net,Charge during adult.
EMP10437,April Green,Finance,Manager,54675.64,2020-04-26,alison35@hill.info,Plan organization.
EMP10438,David Shields,Finance,Analyst,54675.64,2022-04-13,christinapeterson@graham.net,Study within weight.
EMP10439,Michelle Mcdonald,IT,Manager,54675.64,2021-11-06,benjaminbonilla@porter.com,Type yeah skill.
EMP10440,Kristen Williams,Finance,Manager,54675.64,2021-08-01,jeffery74@hancock-brennan.biz,Require tend paper.
EMP10441,Kyle Lopez DDS,Sales,Executive,54675.64,2020-01-28,hicksallison@anderson-patel.net,Remain able still.
EMP10442,Nicolas Wheeler,IT,Analyst,54675.64,2020-08-23,charles79@hotmail.com,Rule such explain.
EMP10443,David Johnson,Finance,Manager,54675.64,2022-09-09,jennifer47@booker.com,Physical but relate.
EMP10444,Meghan Myers,HR,Analyst,54675.64,2021-04-01,melissaroberts@jordan.com,Interesting truth.
EMP10445,Krystal Warren,IT,Analyst,54675.64,2022-09-05,petercollins@gmail.com,Camera edge true.
EMP10446,William Fields,Finance,Analyst,54675.64,2021-02-10,jennifer55@singh-franklin.com,Future work guess.
EMP10447,Tammy Jackson,Finance,Intern,54675.64,2020-07-19,michael73@hotmail.com,Establish simply.
EMP10448,Susan Jefferson,Sales,Manager,54675.64,2020-08-19,michelle76@gmail.com,Air charge choose.
EMP10449,Justin Dixon,Sales,Analyst,54675.64,2022-03-08,greencassandra@richard.com,Base management.
EMP10450,Regina Leonard,HR,Executive,54675.64,2022-05-04,timothynguyen@stevens.org,Quite get specific.
EMP10451,Katie Johnston,HR,Executive,54675.64,2022-07-05,jonesmichelle@campbell.org,Foreign energy like.
EMP10452,Holly Bowman,HR,Manager,54675.64,2022-05-29,whoffman@yahoo.com,Available age.
EMP10453,Pamela Mejia,Sales,Executive,54675.64,2020-02-11,lisa08@hotmail.com,Management himself.
EMP10454,Zachary Collier,Finance,Intern,54675.64,2023-02-02,alan72@silva.com,Land skill.
EMP10455,Jerry Atkinson,IT,Executive,54675.64,2020-05-29,nancyfowler@miller-robbins.org,Economy human now.
EMP10456,Ryan Roberts,IT,Manager,54675.64,2022-01-29,bobbybass@yahoo.com,Truth move in cover.
EMP10457,Zachary Williams,Sales,Analyst,54675.64,2023-09-14,melissa79@clark.org,Maybe perhaps up.
EMP10458,Alicia Crawford,Sales,Intern,54675.64,2023-01-23,vaughanchristopher@day.info,Newspaper forward.
EMP10459,Jordan Perez,Sales,Manager,54675.64,2020-02-19,bethany22@miller.info,Story wonder over.
EMP10460,Jeffery King,Sales,Manager,54675.64,2022-05-27,davidmoore@hughes.com,Culture cut feeling.
EMP10461,Raymond Thomas,IT,Executive,54675.64,2021-07-01,brandonkhan@yahoo.com,Heart free fall.
EMP10462,Benjamin Castro,HR,Manager,54675.64,2022-08-28,santosjessica@hernandez.com,General billion.
EMP10463,Ronnie Smith,IT,Analyst,54675.64,2022-03-07,kennedyandrew@yahoo.com,Notice detail loss.
EMP10464,Sara Griffith,Sales,Manager,54675.64,2021-09-01,ybates@gmail.com,Strategy single.
EMP10465,Mackenzie Ellis,HR,Manager,54675.64,2023-04-13,chaveznicole@english.info,Important threat.
EMP10466,Mary Gonzales,IT,Analyst,54675.64,2021-09-24,briana31@gmail.com,Foot measure fine.
EMP10467,Ian Preston,Sales,Manager,54675.64,2020-02-19,chowell@gray-collins.com,Do prepare anyone.
EMP10468,Beth Rangel,Sales,Analyst,54675.64,2021-03-21,robertschristopher@roth.com,Only support house.
EMP10469,Leonard Davis,Finance,Analyst,54675.64,2022-10-27,kperry@yahoo.com,Have serve in.
EMP10470,Douglas Myers,Finance,Executive,54675.64,2022-07-28,faulknerdoris@gmail.com,Oil four many.
EMP10471,Emily Perry,Sales,Manager,54675.64,2022-11-26,xgrimes@hotmail.com,Start range glass.
EMP10472,Stephanie Hernandez,IT,Intern,54675.64,2023-06-23,dwaynemartin@miller-cantu.org,Federal determine.
EMP10473,Corey Brooks,Finance,Intern,54675.64,2021-05-29,riverawilliam@gmail.com,Inside explain.
EMP10474,Keith Ramirez,IT,Analyst,54675.64,2021-08-17,theresamitchell@yahoo.com,Chance born left.
EMP10475,Alexander Morrison,IT,Manager,54675.64,2022-02-09,anthony65@gmail.com,Just this well.
EMP10476,Amanda Simmons,Finance,Executive,54675.64,2020-12-05,mitchellwhite@hall.com,Word throw however.
EMP10477,Joshua Sloan,Sales,Executive,54675.64,2023-09-20,april48@gmail.com,Occur when research.
EMP10478,Cheryl Lin,Finance,Executive,54675.64,2021-09-05,andrew95@hotmail.com,Series kid near.
EMP10479,Sandra Weaver,IT,Analyst,54675.64,2023-05-11,jamesnovak@gmail.com,Well training vote.
EMP10480,John Vance,HR,Executive,54675.64,2021-02-01,baileychristopher@gmail.com,Also through either.
EMP10481,Bianca Randall,Finance,Intern,54675.64,2020-01-04,jwashington@thornton-montgomery.biz,Four against father.
EMP10482,Tamara Shaw,HR,Manager,54675.64,2021-02-22,iangonzalez@gonzales-mcconnell.com,Physical down.
EMP10483,Jenna Sutton,Sales,Manager,54675.64,2021-11-05,pittmanmegan@gmail.com,Majority.
EMP10484,Jesse Mcdonald,Finance,Intern,54675.64,2020-11-19,leejulia@yahoo.com,Red learn reduce.
EMP10485,Patricia Young,HR,Analyst,54675.64,2023-01-06,seanpatterson@hotmail.com,Police ever.
EMP10486,Benjamin Warren MD,Sales,Manager,54675.64,2021-11-14,robertwilson@hotmail.com,Manage never to bar.
EMP10487,Dylan Turner,IT,Analyst,54675.64,2022-11-09,johnsonscott@gmail.com,Stay cold price.
EMP10488,Samantha Powell,Sales,Executive,54675.64,2023-07-01,timothytorres@thomas-patel.com,For number foreign.
EMP10489,Patrick Cruz,Sales,Analyst,54675.64,2023-04-23,angela93@hotmail.com,Score tough cup.
EMP10490,Anne Frey,IT,Intern,54675.64,2020-02-24,jameskenneth@hotmail.com,Budget interesting.
EMP10491,Marisa Miller,Sales,Analyst,54675.64,2022-02-20,maureenmcdaniel@gmail.com,Body player just.
EMP10492,Kimberly Peterson,Finance,Manager,54675.64,2021-07-22,angela18@jenkins.biz,Line economic.
EMP10493,Robert Jackson,Sales,Manager,54675.64,2020-12-05,madison95@yahoo.com,How knowledge.
EMP10494,Brian Williams,HR,Executive,54675.64,2020-01-14,hayesmichael@yahoo.com,Reduce name later.
EMP10495,Christian Howard,Sales,Manager,54675.64,2022-12-10,woodsamantha@gmail.com,Suddenly similar.
EMP10496,Vanessa Fischer,HR,Intern,54675.64,2023-10-03,christopherwatts@gmail.com,Shoulder military.
EMP10497,Kathy Franklin,Sales,Intern,54675.64,2022-10-01,michael29@rivera.com,Structure herself.
EMP10498,Kristopher Hart,Finance,Manager,54675.64,2020-02-27,skim@weber-trujillo.com,Against put skill.
EMP10499,Patricia Blackburn,IT,Manager,54675.64,2023-11-01,stevenford@hotmail.com,Forward box heavy.
EMP10500,David Lewis,IT,Manager,54675.64,2023-02-16,elizabethmiller@hotmail.com,Peace hour occur.
EMP10501,David Long,HR,Manager,54675.64,2022-05-04,grahamrandall@yahoo.com,Consumer center.
EMP10502,Jennifer Smith,Sales,Executive,54675.64,2021-04-08,jessica61@martinez-craig.com,Five relate just.
EMP10503,Roy Ortiz,Sales,Executive,54675.64,2021-07-13,frank74@mccarthy.com,Author wear half.
EMP10504,Linda Sanchez,Finance,Executive,54675.64,2021-02-14,iwoods@yahoo.com,Place evidence.
EMP10505,Dennis Johnson,Sales,Executive,54675.64,2021-12-12,sclark@hotmail.com,Money student.
EMP10506,Jennifer Tucker,HR,Executive,54675.64,2022-07-12,brownjimmy@hotmail.com,Become left meeting.
EMP10507,Victoria Rojas,HR,Manager,54675.64,2022-09-04,rebecca91@gmail.com,Us even one they.
EMP10508,Dr. Aaron Carlson,Finance,Analyst,54675.64,2021-11-04,erinsimmons@hotmail.com,Perform one head.
EMP10509,Destiny Lewis,HR,Executive,54675.64,2021-05-28,dustin19@gmail.com,Opportunity tough.
EMP10510,Sabrina Munoz,HR,Analyst,54675.64,2022-10-11,karen99@riley.net,Out leave learn.
EMP10511,Brian Bond,Finance,Executive,54675.64,2022-11-13,longangelica@hotmail.com,Available.
EMP10512,Gregory Mcmahon,HR,Analyst,54675.64,2020-03-14,stephenkennedy@gmail.com,Never thank follow.
EMP10513,Thomas Duncan,HR,Manager,54675.64,2023-08-21,robertsmith@gmail.com,Against deep TV.
EMP10514,Justin Wade,IT,Manager,54675.64,2022-03-18,fbuck@pierce.info,Base usually camera.
EMP10515,Troy Russo,Finance,Intern,54675.64,2020-09-07,gmckinney@white-skinner.biz,Number win.
EMP10516,Sharon Escobar,IT,Manager,54675.64,2022-10-28,sarah92@kerr.com,Participant unit.
EMP10517,Robert Fisher,Sales,Intern,54675.64,2023-09-10,susan38@harvey.com,Audience country.
EMP10518,William Roberson,Finance,Analyst,54675.64,2020-03-07,jessica65@gmail.com,Allow public rate.
EMP10519,Kevin Ballard,Sales,Executive,54675.64,2023-06-02,cherylli@robertson-frye.org,Finish interesting.
EMP10520,Susan Smith,HR,Manager,54675.64,2021-02-17,matthew36@gmail.com,Watch little.
EMP10521,Chelsey Coleman,IT,Intern,54675.64,2021-07-17,nmalone@hotmail.com,Skin store.
EMP10522,Christopher Patel,HR,Analyst,54675.64,2022-03-17,jacob34@underwood.com,Their threat staff.
EMP10523,Ana Moran,IT,Executive,54675.64,2021-05-07,petersrose@hotmail.com,Rate detail.
EMP10524,James Williams,IT,Manager,54675.64,2022-10-19,marquezjoshua@singh.net,Nothing various.
EMP10525,Matthew White,IT,Executive,54675.64,2023-01-13,jonathon38@hughes.net,Wrong need number.
EMP10526,Jason Bailey,IT,Executive,54675.64,2023-06-07,juliegomez@estrada-romero.com,Once about live.
EMP10527,Ricardo Collier,HR,Manager,54675.64,2021-08-23,sfarrell@gmail.com,Eat crime fall guy.
EMP10528,Sandy Hoover,HR,Intern,54675.64,2023-10-30,laurenzimmerman@owens.com,Speech finally two.
EMP10529,Gregory Freeman,HR,Manager,54675.64,2021-10-03,carl42@yahoo.com,Act beautiful yard.
EMP10530,Jeffrey Evans,IT,Intern,54675.64,2022-08-19,tylerfowler@harris.com,Cold hear job dream.
EMP10531,Connor Wise,Sales,Intern,54675.64,2020-09-27,simpsonkaren@ross.info,Difference until.
EMP10532,Brandon Dean,HR,Executive,54675.64,2022-08-12,bradtaylor@gmail.com,Five country early.
EMP10533,Michael Orr,HR,Intern,54675.64,2023-07-21,beth20@yahoo.com,Member sit language.
EMP10534,Mark Odonnell,Finance,Intern,54675.64,2022-12-28,schmidtmary@hotmail.com,Per less police.
EMP10535,Kyle Terry,Sales,Manager,54675.64,2023-10-01,shelleypotter@gmail.com,Most place one.
EMP10536,Joshua Williams,HR,Intern,54675.64,2020-03-18,dennisshannon@snyder.net,Major cause need.
EMP10537,Phillip Rodriguez,HR,Manager,54675.64,2020-05-12,ginaanderson@jones.com,Unit administration.
EMP10538,Crystal Williams,Finance,Manager,54675.64,2023-12-18,ericwilliams@yahoo.com,Baby argue keep.
EMP10539,Susan Graham,IT,Analyst,54675.64,2023-11-29,wdiaz@hotmail.com,Their mother sister.
EMP10540,Holly Duke,Sales,Intern,54675.64,2021-12-04,rebeccahobbs@jenkins-barnes.com,Identify teach.
EMP10541,Samantha Davis,Sales,Manager,54675.64,2023-10-18,jeffrey28@oneal.com,Test attack spring.
EMP10542,Larry Anderson,Finance,Manager,54675.64,2022-02-14,nmiller@yahoo.com,Senior behavior.
EMP10543,Victoria Morris,Sales,Executive,54675.64,2020-07-14,branchkenneth@dixon-gregory.com,Suffer risk mouth.
EMP10544,Cody Suarez,HR,Intern,54675.64,2021-11-22,joannamartin@ellis.com,Idea good work.
EMP10545,Colleen Cordova,Sales,Intern,54675.64,2022-01-08,dmorrison@roach.biz,Various everything.
EMP10546,Richard Marsh,Finance,Executive,54675.64,2022-08-10,ycarter@gmail.com,Difference wish.
EMP10547,Blake Holloway,IT,Manager,54675.64,2023-07-30,amaxwell@yahoo.com,Reason newspaper.
EMP10548,James Schneider,Finance,Executive,54675.64,2023-04-10,ecampos@sexton.info,Firm plant may.
EMP10549,Thomas Wright,Sales,Analyst,54675.64,2021-09-10,munozann@shelton.org,Worker receive data.
EMP10550,Matthew Munoz,Finance,Manager,54675.64,2023-10-15,jonesrobin@bowen.com,Sure opportunity.
EMP10551,Tony Bryant,Finance,Intern,54675.64,2022-02-04,peterpittman@jones.com,Play one show rich.
EMP10552,Samantha Gonzalez,Sales,Executive,54675.64,2020-02-12,elopez@whitaker.com,Tell single.
EMP10553,Daniel Oconnell,IT,Executive,54675.64,2022-10-08,knappmelissa@yahoo.com,Make ahead most.
EMP10554,Jacob Haynes,HR,Manager,54675.64,2021-09-29,paulhamilton@hotmail.com,Apply inside.
EMP10555,Chad Richardson,Finance,Executive,54675.64,2023-08-07,joshuaterry@davis.org,Yes data support.
EMP10556,Tonya Olson,IT,Executive,54675.64,2023-11-19,johnskimberly@allen.biz,Area easy story.
EMP10557,Gregory Cruz,IT,Intern,54675.64,2022-09-24,davisjacob@gmail.com,Goal control year.
EMP10558,Kimberly Rogers,Finance,Executive,54675.64,2023-06-07,leonardchelsea@gmail.com,Since election.
EMP10559,Cynthia Hopkins,Sales,Manager,54675.64,2020-11-05,perrychristopher@hotmail.com,Level beautiful.
EMP10560,Scott Sanchez,Sales,Manager,54675.64,2023-08-22,wrightdavid@williams-burns.com,Environmental not.
EMP10561,Gregory Wilkins,Finance,Executive,54675.64,2023-04-27,melissabyrd@jones.com,In way resource car.
EMP10562,Sarah Robertson,Sales,Executive,54675.64,2023-11-13,marksdanny@hotmail.com,Southern note per.
EMP10563,Alexander Sexton,Sales,Intern,54675.64,2022-01-10,jennifershelton@sanders-jacobs.org,Style however free.
EMP10564,Wanda Brown,IT,Executive,54675.64,2023-02-12,mariemack@jensen.info,Sense father.
EMP10565,Kenneth Anderson,HR,Manager,54675.64,2020-12-22,hscott@boyd.info,Car tell name night.
EMP10566,Evan Horne,HR,Executive,54675.64,2020-06-02,wandamoran@gmail.com,Catch land save.
EMP10567,Justin Welch,Sales,Executive,54675.64,2020-12-18,paul38@hotmail.com,Lot night tree.
EMP10568,Stephanie Allen,Sales,Executive,54675.64,2021-11-03,christophergreen@jimenez-gibson.com,Whom west air whom.
EMP10569,Nathaniel Bailey II,Finance,Analyst,54675.64,2023-03-20,garciatammy@vaughn.com,Mission believe.
EMP10570,Jacob Carlson,Sales,Analyst,54675.64,2022-08-11,karen04@garcia.com,Laugh return line.
EMP10571,William Stark,Finance,Executive,54675.64,2023-05-07,chadbarton@vincent-hess.com,Another school.
EMP10572,Bryan Smith,HR,Executive,54675.64,2022-09-18,susanli@hotmail.com,Unit light.
EMP10573,Charles Lewis,IT,Analyst,54675.64,2022-06-23,andrew06@burgess.com,Ok nature develop.
EMP10574,Crystal Garcia,Finance,Intern,54675.64,2023-07-19,kathleen14@hotmail.com,Its travel career.
EMP10575,Joseph Sanford,IT,Executive,54675.64,2022-01-16,pinedarobert@smith.net,Catch just together.
EMP10576,Ryan Smith,HR,Executive,54675.64,2021-06-23,eric08@neal.com,Personal sister.
EMP10577,Laura Bush,IT,Intern,54675.64,2021-02-10,lauren02@yahoo.com,Stay bar protect.
EMP10578,Shawn Torres,HR,Manager,54675.64,2021-07-07,fhunter@gmail.com,Dream front.
EMP10579,Joseph Washington,IT,Analyst,54675.64,2022-10-29,jgraves@barker.com,With rise support.
EMP10580,Jennifer Hutchinson,IT,Analyst,54675.64,2020-02-27,imills@perez.com,Player month travel.
EMP10581,Ashley Thomas,Sales,Intern,54675.64,2023-10-20,floreseric@west-jones.biz,Effect baby note.
EMP10582,Mr. Alejandro Patterson,HR,Analyst,54675.64,2020-11-27,whiteaaron@hotmail.com,Audience kind site.
EMP10583,John Smith,Finance,Manager,54675.64,2023-05-09,christopher18@yahoo.com,Feel easy theory.
EMP10584,Allison Garcia,HR,Manager,54675.64,2023-09-18,adominguez@yahoo.com,Sense most grow.
EMP10585,Eric Jackson,Sales,Analyst,54675.64,2022-05-21,cpetty@lara-camacho.net,Process difference.
EMP10586,Eric Woods,Finance,Manager,54675.64,2021-09-11,harrisonjeffrey@yahoo.com,Hit option can.
EMP10587,Elizabeth Washington,Sales,Manager,54675.64,2020-10-07,dcrawford@yahoo.com,One several say.
EMP10588,Stefanie Garcia,HR,Manager,54675.64,2020-05-20,charleskent@mcfarland.com,Team seven cover.
EMP10589,Terrence Haney,HR,Executive,54675.64,2023-04-25,vanessa45@hotmail.com,Suddenly must gas.
EMP10590,Colton Cook,Sales,Intern,54675.64,2021-10-28,moranlisa@salinas.org,Street manager.
EMP10591,Lisa Perry,Finance,Analyst,54675.64,2022-07-24,gmcmahon@wright-hines.biz,Feeling current.
EMP10592,Sarah Hicks,HR,Executive,54675.64,2023-01-11,fcalderon@hotmail.com,Both from trial.
EMP10593,Timothy Gonzalez,Sales,Analyst,54675.64,2023-09-27,shelleyberg@mclaughlin.com,Investment leader.
EMP10594,Dawn Martin,HR,Intern,54675.64,2020-06-28,samantha84@gmail.com,Make above better.
EMP10595,Thomas Ward,Sales,Manager,54675.64,2020-06-27,douglastran@hester-johnson.com,Foreign reason.
EMP10596,Jeffrey Diaz,HR,Analyst,54675.64,2021-05-28,bradymichael@reed-mcdonald.com,Those investment.
EMP10597,Patrick Brooks,HR,Analyst,54675.64,2020-05-19,ashleythomas@hotmail.com,Other yourself live.
EMP10598,Annette Stone,IT,Executive,54675.64,2022-01-06,andrew66@hotmail.com,During environment.
EMP10599,James Taylor,Finance,Executive,54675.64,2023-03-25,erinfrancis@mclaughlin.com,Artist sister four.
EMP10600,Lindsay Brown,HR,Manager,54675.64,2022-09-12,gardnerashley@hotmail.com,Oil onto source.
EMP10601,Charlene Cox,Finance,Intern,54675.64,2022-07-09,mrussell@yahoo.com,Task suddenly media.
EMP10602,Teresa Randolph,Sales,Manager,54675.64,2023-05-28,rogersadrienne@gmail.com,Other particular.
EMP10603,Bianca Shea,IT,Executive,54675.64,2020-08-10,leah74@gmail.com,Newspaper Mrs.
EMP10604,Amanda Dawson,Sales,Analyst,54675.64,2022-09-30,vrodgers@yahoo.com,American full.
EMP10605,Russell Ortiz,Finance,Analyst,54675.64,2023-03-28,jennifer14@yahoo.com,View school five.
EMP10606,Timothy Howard,Sales,Intern,54675.64,2022-07-11,amy83@hotmail.com,Should necessary.
EMP10607,Christopher Townsend,Sales,Manager,54675.64,2023-10-19,jeffreyramirez@page.com,Difficult would.
EMP10608,Kenneth Martinez,Sales,Manager,54675.64,2021-03-18,handerson@marshall.com,Year compare.
EMP10609,Andrew Bell,Finance,Manager,54675.64,2020-02-04,lewisrobert@gmail.com,Live just daughter.
EMP10610,Michelle Gonzalez,HR,Analyst,54675.64,2020-12-18,krystalwilson@coleman-walker.com,Clearly old center.
EMP10611,Louis Jacobs,Sales,Intern,54675.64,2022-10-21,jeanettejones@powers-barton.com,Include difficult.
EMP10612,Ann Garza,Finance,Analyst,54675.64,2020-01-09,villarrealpatrick@patrick-robertson.org,Of himself though.
EMP10613,Donald Smith,IT,Intern,54675.64,2021-07-09,nmiller@hotmail.com,Anything bit.
EMP10614,Ashley Sims,IT,Intern,54675.64,2022-01-10,sierrawatson@anderson.com,Meet than bring.
EMP10615,Christopher Hughes,Finance,Manager,54675.64,2023-04-13,athomas@yahoo.com,Enough project.
EMP10616,Sharon Gutierrez,Sales,Analyst,54675.64,2022-09-01,margaret45@hotmail.com,Serious tough on.
EMP10617,Theresa Martinez,HR,Analyst,54675.64,2021-12-19,paul58@roach.org,Development I.
EMP10618,Richard Carrillo,IT,Intern,54675.64,2023-02-10,norrispatricia@gmail.com,Chair race room.
EMP10619,Alyssa Wilson,HR,Analyst,54675.64,2021-05-03,victor23@hotmail.com,Similar gas husband.
EMP10620,Christopher Garcia,Finance,Intern,54675.64,2021-08-19,hamiltonsarah@yahoo.com,Require group write.
EMP10621,Kimberly Spencer,IT,Analyst,54675.64,2022-12-05,hkramer@gmail.com,Answer decide just.
EMP10622,Darrell Baker,Sales,Analyst,54675.64,2022-02-24,anthony81@hotmail.com,Institution even.
EMP10623,Cole Johnson,IT,Intern,54675.64,2020-09-07,amanda95@wolfe.com,Able throw seek.
EMP10624,William Allen,Sales,Analyst,54675.64,2022-09-27,allenronald@yahoo.com,Necessary law fund.
EMP10625,Dominic Chan,HR,Manager,54675.64,2021-11-29,castanedamonica@thompson.net,Bank environment.
EMP10626,Tami Richard,IT,Manager,54675.64,2020-11-30,kdaniel@rocha-johnson.info,Tree however group.
EMP10627,Jon Perez,Finance,Executive,54675.64,2023-12-31,davidscott@robertson.com,System picture.
EMP10628,Kari Mccarthy,IT,Intern,54675.64,2021-03-19,nhudson@sutton-branch.com,Assume laugh.
EMP10629,Jeanette Franklin,Sales,Manager,54675.64,2020-04-20,sanchezrobert@hotmail.com,Collection process.
EMP10630,Susan Mills,HR,Executive,54675.64,2022-02-15,donaldcarson@harrell-castillo.net,Protect leader.
EMP10631,Robert Wong,Finance,Intern,54675.64,2022-03-06,walshemma@gmail.com,Blue minute could.
EMP10632,Casey Dominguez,Sales,Analyst,54675.64,2021-07-31,mullinssteven@gmail.com,Role save major.
EMP10633,Laura Fuller,Sales,Intern,54675.64,2023-09-16,melindamiranda@barrera-santiago.com,Especially talk she.
EMP10634,Mrs. Chelsea Stephenson,Finance,Analyst,54675.64,2022-05-13,kathyhenderson@berry.info,Eat follow push.
EMP10635,Sara Baldwin,Finance,Intern,54675.64,2020-10-04,mary67@romero.info,Middle player.
EMP10636,Isabel Miller,HR,Analyst,54675.64,2021-06-30,wolfebrenda@hotmail.com,Item husband than.
EMP10637,Mark Morales,Sales,Intern,54675.64,2023-02-03,bhobbs@gmail.com,Very then about.
EMP10638,Micheal Schwartz,Sales,Intern,54675.64,2021-02-28,nkelley@gmail.com,Ground team list.
EMP10639,Kyle Rice,HR,Manager,54675.64,2021-12-20,zdodson@andrews.com,Executive agreement.
EMP10640,Sean Meadows,IT,Analyst,54675.64,2021-11-01,rodriguezsteven@maxwell.biz,Raise simple type.
EMP10641,Lisa Anderson,Finance,Intern,54675.64,2023-08-31,mitchellryan@walker-friedman.com,Run east present.
EMP10642,Jeffrey Williams,HR,Manager,54675.64,2021-10-11,creilly@woods.net,Party lead consider.
EMP10643,Eric Benson,Finance,Manager,54675.64,2022-11-25,valdezangela@williams-baker.info,Stuff about north.
EMP10644,Susan Vasquez,HR,Manager,54675.64,2023-05-21,zbowen@gmail.com,Than career new.
EMP10645,Theresa Taylor,HR,Analyst,54675.64,2023-09-13,pcook@garcia.com,Name threat hundred.
EMP10646,David Hayes,Sales,Manager,54675.64,2020-02-16,juliamcintyre@rodriguez.biz,Sign six main from.
EMP10647,Richard Taylor Jr.,Finance,Executive,54675.64,2022-08-11,dturner@yahoo.com,Thus paper anyone.
EMP10648,Marissa Carroll,HR,Executive,54675.64,2023-06-09,kellystewart@fuller.org,Subject similar.
EMP10649,Kenneth Neal,Sales,Intern,54675.64,2023-12-08,taylorchase@schaefer.org,Coach actually foot.
EMP10650,Troy Castillo,HR,Analyst,54675.64,2021-02-10,erica24@yahoo.com,Forget visit data.
EMP10651,Shawn Delgado,Finance,Executive,54675.64,2020-05-03,john73@gilbert.com,Social life morning.
EMP10652,Gabriel Lin,HR,Manager,54675.64,2021-12-30,stephenbrown@harper.com,Perform industry.
EMP10653,Cynthia Watkins,Sales,Executive,54675.64,2021-02-03,amber70@gmail.com,Machine include.
EMP10654,Chelsea Diaz,Sales,Analyst,54675.64,2023-04-02,morrismichael@cardenas-moyer.biz,Lead use beautiful.
EMP10655,William Woods,IT,Executive,54675.64,2023-07-31,hortoncindy@hotmail.com,Part card when.
EMP10656,William Walton,Finance,Executive,54675.64,2020-06-18,raymond48@gmail.com,The begin student.
EMP10657,Jeremy Cortez,IT,Executive,54675.64,2022-09-12,melissa72@thomas.com,Development type.
EMP10658,Erik Stewart,Sales,Manager,54675.64,2020-04-04,billy47@gmail.com,Part wife say than.
EMP10659,Shari Smith,IT,Manager,54675.64,2021-10-18,zoe06@yahoo.com,Ok debate either.
EMP10660,Jessica Friedman,Finance,Executive,54675.64,2023-08-20,zpierce@jones.com,Back expect heart.
EMP10661,Christian Mccarthy,Sales,Manager,54675.64,2023-01-24,mcaldwell@ramos-cherry.com,Activity age.
EMP10662,Lisa Wilson,IT,Executive,54675.64,2021-11-30,cainjudith@hotmail.com,Them ball certainly.
EMP10663,William Smith,IT,Executive,54675.64,2021-02-26,ayalalaura@yahoo.com,Bill car baby.
EMP10664,Tammy Schneider,Sales,Executive,54675.64,2022-10-12,brownkaitlyn@gmail.com,Agent remember.
EMP10665,Mr. Jonathon Price Jr.,HR,Intern,54675.64,2023-08-23,gabriel49@johnson.info,Radio enter believe.
EMP10666,Gregory Ponce,Sales,Intern,54675.64,2020-05-12,hflores@evans.com,Sense step yard.
EMP10667,Olivia Vargas,IT,Intern,54675.64,2020-12-27,alyssawilliams@gmail.com,Parent behavior.
EMP10668,Destiny Pratt,Finance,Analyst,54675.64,2021-09-22,jodirivera@gmail.com,Peace pattern serve.
EMP10669,Kristen Singleton,IT,Analyst,54675.64,2020-03-04,nperry@gmail.com,Left manager.
EMP10670,Alexander Santana,Sales,Intern,54675.64,2023-12-14,michelegarcia@hotmail.com,Artist measure war.
EMP10671,Mackenzie Berry,IT,Manager,54675.64,2022-07-23,kathrynlewis@wang-henry.com,Community business.
EMP10672,Richard Cain,Sales,Analyst,54675.64,2021-01-04,garymcintyre@reeves.biz,Number store.
EMP10673,Jamie Liu,IT,Intern,54675.64,2023-07-14,wangkimberly@hotmail.com,Experience figure.
EMP10674,Terry Goodwin,IT,Intern,54675.64,2023-06-02,hendersondaniel@jennings.info,Suggest bad perhaps.
EMP10675,Calvin Sherman,HR,Intern,54675.64,2021-07-19,watersdebra@yahoo.com,Once produce.
EMP10676,Mary Mills,Sales,Manager,54675.64,2021-05-30,mccluredavid@hotmail.com,First establish.
EMP10677,Jeremy Robinson,HR,Executive,54675.64,2022-03-26,vbryant@stephens.net,Single organization.
EMP10678,Kelly Boyle,HR,Analyst,54675.64,2020-02-24,christopher45@hotmail.com,Serve raise yes way.
EMP10679,Phillip Mcfarland,IT,Executive,54675.64,2022-11-22,upatton@schultz.com,Market body floor.
EMP10680,Jesus Smith,Sales,Manager,54675.64,2020-05-08,kimjames@long.com,Point trouble ask.
EMP10681,Anthony Cline,Finance,Executive,54675.64,2021-12-25,hjackson@gmail.com,Identify gas.
EMP10682,Anne Ware,IT,Analyst,54675.64,2021-02-21,nmorales@hotmail.com,Center apply choose.
EMP10683,Matthew Smith,Sales,Manager,54675.64,2021-06-24,randy77@ewing-gregory.com,Better indeed.
EMP10684,Sheila Fitzpatrick,HR,Analyst,54675.64,2023-10-24,ebrewer@anthony-yates.org,Peace heavy owner.
EMP10685,Diane Hughes,IT,Analyst,54675.64,2023-12-02,pattontyrone@gmail.com,Window prepare unit.
EMP10686,Shawn Vargas,Finance,Analyst,54675.64,2021-08-29,katherine26@moore.com,Create size mind.
EMP10687,Desiree Porter,IT,Intern,54675.64,2021-08-05,corylee@moran.com,Check open evidence.
EMP10688,Alexandra Martinez,HR,Analyst,54675.64,2022-05-10,pwarren@hotmail.com,Account another.
EMP10689,Victoria Arnold,HR,Executive,54675.64,2023-06-20,michaelgarcia@yahoo.com,Education mission.
EMP10690,Jeffrey Mora,Sales,Manager,54675.64,2023-05-11,fschmidt@hotmail.com,Detail stuff simply.
EMP10691,Angela Patton,Finance,Intern,54675.64,2023-12-21,millertiffany@yahoo.com,Various point space.
EMP10692,Colleen Berg,IT,Analyst,54675.64,2022-06-03,ghill@mendez-johnson.info,Much those.
EMP10693,Samantha Barnes,HR,Analyst,54675.64,2020-03-29,colemanalexis@yahoo.com,Loss have politics.
EMP10694,Karen Vazquez,Sales,Executive,54675.64,2023-05-19,pvance@stewart-martin.net,Order rise seek.
EMP10695,Russell Moore,Finance,Analyst,54675.64,2022-04-22,taylorchad@gmail.com,Instead war forget.
EMP10696,Mary Kim,Finance,Manager,54675.64,2021-07-10,warnermichael@salinas.net,Table identify bank.
EMP10697,Ronald Dyer,Sales,Analyst,54675.64,2020-10-15,christopheryoung@flynn.org,Improve son your.
EMP10698,Logan Jacobs,HR,Intern,54675.64,2022-09-21,chasejennings@whitaker-logan.com,Soon feeling travel.
EMP10699,Heather Smith,Finance,Analyst,54675.64,2020-07-13,courtneycarroll@yahoo.com,Before professor.
EMP10700,Anthony Baldwin,IT,Intern,54675.64,2023-05-31,carlwagner@yahoo.com,Travel evening.
EMP10701,Kathleen Davis,HR,Analyst,54675.64,2021-10-13,candice73@drake-goodwin.com,Box front because.
EMP10702,Laura Thompson,HR,Manager,54675.64,2022-04-15,amymclaughlin@miller.com,Discuss mean life.
EMP10703,Rebecca Fuller,Sales,Analyst,54675.64,2023-03-29,nwade@hotmail.com,Cultural tend art.
EMP10704,Jane Walker,Finance,Manager,54675.64,2023-02-11,jenniferyoung@vincent.biz,Mind network all.
EMP10705,Emily Knight,Sales,Manager,54675.64,2020-08-29,antonio26@yahoo.com,Direction speak.
EMP10706,Kimberly Roberts,Finance,Analyst,54675.64,2020-01-24,mlopez@hotmail.com,Else consumer.
EMP10707,Paul Brock,Sales,Intern,54675.64,2020-11-02,kgreen@michael.info,Door when life.
EMP10708,Lynn Hill,HR,Executive,54675.64,2023-05-02,johnsonadam@hotmail.com,Order recent woman.
EMP10709,Timothy Reid,Sales,Intern,54675.64,2022-07-09,vgarza@hotmail.com,Instead six member.
EMP10710,Brandon Reed,HR,Analyst,54675.64,2021-02-11,masonbrianna@stewart.com,Give mouth field.
EMP10711,Kenneth Marshall,HR,Executive,54675.64,2021-09-24,kerrdavid@craig-baxter.com,Of our develop.
EMP10712,Joshua Berger,Sales,Analyst,54675.64,2023-05-25,jarviscrystal@gmail.com,Miss worry section.
EMP10713,Lisa Johnson,Finance,Executive,54675.64,2020-10-27,april26@hotmail.com,Rule hear education.
EMP10714,Jennifer Santos,HR,Intern,54675.64,2020-07-03,rogersdebbie@waters.info,Education staff.
EMP10715,Michelle Jarvis,Sales,Intern,54675.64,2020-02-14,michelle91@hotmail.com,Reach agree effort.
EMP10716,Stephen Johnson,HR,Manager,54675.64,2021-09-25,tina76@hotmail.com,Candidate economic.
EMP10717,Kevin Williams,HR,Manager,54675.64,2023-07-21,shawn04@hotmail.com,Loss mind join send.
EMP10718,Kristen Miller,Sales,Analyst,54675.64,2023-11-28,juan86@jimenez.info,Data interview.
EMP10719,Nicholas Freeman,HR,Analyst,54675.64,2023-01-25,smithryan@walker-acevedo.org,Direction.
EMP10720,Billy Cox,HR,Executive,54675.64,2022-03-07,espinozaalison@jennings-gomez.com,Born choose that.
EMP10721,Charles Terry,Sales,Executive,54675.64,2020-12-07,cummingskaren@garcia.com,Baby themselves.
EMP10722,Scott Brown,IT,Manager,54675.64,2023-01-04,daniel13@yahoo.com,Just week do every.
EMP10723,Whitney Hunt,Sales,Executive,54675.64,2023-04-29,palmerhailey@gmail.com,Organization as.
EMP10724,Samantha Hanson,Finance,Manager,54675.64,2023-03-31,williamgriffin@burton.com,World significant.
EMP10725,Danielle Morales,IT,Manager,54675.64,2022-02-11,hcrawford@yahoo.com,Big past woman.
EMP10726,Carl Alexander,HR,Executive,54675.64,2023-10-27,taylorsmith@yahoo.com,Turn wish actually.
EMP10727,Francis Mckay,Finance,Analyst,54675.64,2020-11-25,lcole@reynolds-martinez.com,While book science.
EMP10728,Emily Daniels,IT,Executive,54675.64,2021-09-24,michelegonzalez@jones.com,Democratic bar.
EMP10729,Mary Thompson,Sales,Analyst,54675.64,2020-06-01,carolyn85@hotmail.com,Early marriage new.
EMP10730,Melody Myers,HR,Manager,54675.64,2023-04-28,bettydelgado@yahoo.com,Organization place.
EMP10731,Catherine Castro,IT,Manager,54675.64,2021-01-19,townsendjustin@adams-mendoza.org,Get close church.
EMP10732,Tiffany Padilla,Sales,Analyst,54675.64,2021-12-14,smithjulie@white.com,Admit tree white.
EMP10733,David Hood,IT,Manager,54675.64,2021-11-10,kristi02@yahoo.com,Although short head.
EMP10734,Richard Hodges,Sales,Manager,54675.64,2023-08-03,susanneal@gmail.com,The camera surface.
EMP10735,Alicia Robertson,Finance,Executive,54675.64,2020-04-26,jeffrey09@warren.com,Management this.
EMP10736,Ian Hansen,Finance,Executive,54675.64,2021-12-21,richard84@yahoo.com,Easy term gas try.
EMP10737,Morgan Matthews,HR,Manager,54675.64,2023-05-12,hcarey@yahoo.com,Enter program whole.
EMP10738,Alexander Grant,Sales,Executive,54675.64,2022-01-11,dmclean@austin-skinner.com,Character movement.
EMP10739,Corey Montoya,IT,Manager,54675.64,2022-08-01,mark72@gmail.com,Today price.
EMP10740,Brett Perez,HR,Manager,54675.64,2020-04-24,lisagutierrez@green.com,Feeling pick plant.
EMP10741,Joseph Garcia,HR,Analyst,54675.64,2020-03-13,dcollins@yahoo.com,Institution appear.
EMP10742,Maria Armstrong,Sales,Executive,54675.64,2023-08-23,anthonyhamilton@gmail.com,But medical beat.
EMP10743,Ronald Curry,Finance,Executive,54675.64,2022-04-28,kristi35@yahoo.com,Up paper door say.
EMP10744,James Pena,HR,Manager,54675.64,2023-10-21,deanna04@yahoo.com,Their media since.
EMP10745,Mr. Jason Gonzalez,IT,Analyst,54675.64,2022-04-25,carolyn11@gmail.com,Plan rather certain.
EMP10746,Kendra Carroll,HR,Intern,54675.64,2023-06-24,natasha37@gmail.com,Box morning bill.
EMP10747,Chad Fuller,Sales,Executive,54675.64,2020-04-20,julian81@gmail.com,Guy would surface.
EMP10748,James Jackson,Finance,Intern,54675.64,2022-05-08,michaela65@moran-travis.biz,Others myself their.
EMP10749,Patrick Knight,Sales,Executive,54675.64,2022-10-18,yhughes@yahoo.com,Health represent.
EMP10750,Amanda Ferguson,HR,Manager,54675.64,2021-03-19,donna37@gmail.com,Value but whom.
EMP10751,Jocelyn Smith MD,IT,Executive,54675.64,2023-02-12,petersenvictoria@wheeler-cherry.com,Phone approach.
EMP10752,Jeffery Davis,HR,Executive,54675.64,2022-11-28,fpruitt@hotmail.com,Those else school.
EMP10753,Carl Mclean,HR,Manager,54675.64,2023-06-17,madeline10@gmail.com,Consumer return.
EMP10754,Diana Lee,Finance,Analyst,54675.64,2020-07-30,curtisdeborah@bailey.biz,News body beautiful.
EMP10755,Luis Meadows,Sales,Executive,54675.64,2023-07-12,matthew45@hotmail.com,Despite here.
EMP10756,Anthony Roberts,Finance,Manager,54675.64,2021-11-23,fbrown@williams.com,Career case goal.
EMP10757,Sarah Short,HR,Manager,54675.64,2023-04-17,salazarashley@mason.net,Song under dinner.
EMP10758,Tara Hill,IT,Analyst,54675.64,2022-01-22,gthomas@hotmail.com,Large view figure.
EMP10759,Erin Baker,IT,Intern,54675.64,2020-12-04,psmith@zavala.com,Success sport.
EMP10760,William Barr,Finance,Analyst,54675.64,2021-07-17,robertglover@anderson-owens.com,Usually fast close.
EMP10761,Nicholas Romero,IT,Manager,54675.64,2021-10-13,paulawilson@hotmail.com,Have three occur.
EMP10762,Wendy Young,IT,Manager,54675.64,2022-04-13,hughesalan@snyder.com,Us chance help top.
EMP10763,Jennifer Gonzalez,IT,Manager,54675.64,2023-10-11,codyallison@yahoo.com,Some since total.
EMP10764,Lisa Jordan,HR,Executive,54675.64,2023-07-24,jenna26@moyer.com,Agree first.
EMP10765,Michael Hill,IT,Executive,54675.64,2023-06-12,lori53@henderson.info,Clear today rock.
EMP10766,Anthony Hernandez,Finance,Intern,54675.64,2021-06-06,tross@kennedy.com,Current work.
EMP10767,Mrs. Hannah Nelson DDS,IT,Intern,54675.64,2021-07-26,cody85@yahoo.com,Total you step yard.
EMP10768,James Vance,HR,Executive,54675.64,2020-10-10,ybeck@yahoo.com,Here question.
EMP10769,Eric Cummings,HR,Executive,54675.64,2021-04-04,wpatrick@gmail.com,Wrong measure movie.
EMP10770,Mary Reeves,IT,Analyst,54675.64,2023-07-08,markjackson@gmail.com,Identify top cut.
EMP10771,Justin Peterson,Finance,Executive,54675.64,2021-01-04,nduke@yahoo.com,Degree fly me.
EMP10772,Joshua French,IT,Intern,54675.64,2021-06-10,michael29@gmail.com,Fact week mean.
EMP10773,David Dean,Sales,Manager,54675.64,2021-02-19,jessica58@torres-wilson.biz,West increase list.
EMP10774,Zachary Reyes,Finance,Executive,54675.64,2020-10-23,mossdavid@hotmail.com,News key kind right.
EMP10775,Hayley Davis,Finance,Analyst,54675.64,2023-01-06,qgonzalez@gmail.com,Lay understand.
EMP10776,Julie Lewis,Finance,Manager,54675.64,2022-06-23,amyreynolds@jackson.net,Resource already.
EMP10777,Aaron Grant,Finance,Executive,54675.64,2021-05-24,james29@martin.com,Eye compare forget.
EMP10778,Christopher Cruz,Finance,Executive,54675.64,2023-09-22,ahawkins@yahoo.com,Dinner stuff.
EMP10779,Gina Lewis,IT,Manager,54675.64,2023-04-10,nicole09@yahoo.com,Culture seem than.
EMP10780,Madison Mendez,IT,Manager,54675.64,2021-10-08,ahuerta@williams.net,Between your.
EMP10781,Paul Davis,Finance,Manager,54675.64,2023-10-07,vincentmackenzie@yahoo.com,Big he place.
EMP10782,Nicolas Ruiz,Finance,Analyst,54675.64,2022-12-03,dawntaylor@saunders-torres.com,At focus government.
EMP10783,Roger Wilcox,Sales,Analyst,54675.64,2022-02-12,jaybrooks@yahoo.com,Recent tell main.
EMP10784,Sharon Sexton,HR,Analyst,54675.64,2022-06-30,moconnor@sexton.net,Member door break.
EMP10785,Paul Hernandez,HR,Manager,54675.64,2023-05-02,akemp@hawkins.biz,At explain pay.
EMP10786,Amy Thompson,Finance,Executive,54675.64,2021-04-02,heathmichael@gmail.com,Million leader over.
EMP10787,Sue Scott,Finance,Manager,54675.64,2022-12-23,amy47@carpenter-nelson.org,Onto star support.
EMP10788,Julian Allen,HR,Intern,54675.64,2023-07-08,vreed@ford.com,Often else ground.
EMP10789,Jamie Bailey,IT,Executive,54675.64,2023-04-03,campbellvincent@lindsey-conner.com,Wish suffer choose.
EMP10790,Shannon Olsen,Sales,Executive,54675.64,2020-04-12,hallstacie@yahoo.com,Fill within purpose.
EMP10791,Daniel Miller,Sales,Manager,54675.64,2020-06-02,victoriacannon@walker-collins.net,Change opportunity.
EMP10792,Frederick Evans,Finance,Intern,54675.64,2021-10-31,sarah43@bush.com,Building rather.
EMP10793,Kim Woodard,IT,Analyst,54675.64,2022-06-16,colemanaaron@gmail.com,Blood size smile.
EMP10794,Mike Moreno,IT,Manager,54675.64,2023-10-26,vmcgee@torres-trujillo.biz,Do stay make out.
EMP10795,Brianna Cruz,IT,Executive,54675.64,2020-09-19,joshua48@kelley.info,Could discussion.
EMP10796,Eric Alexander,IT,Manager,54675.64,2022-10-13,amandawatson@yahoo.com,Heavy society.
EMP10797,Brandi Wood,Finance,Intern,54675.64,2021-10-21,rachel42@hotmail.com,Test toward area.
EMP10798,David Smith,HR,Manager,54675.64,2022-02-21,scoleman@torres.com,Fill bad this kind.
EMP10799,Margaret Briggs,Finance,Intern,54675.64,2022-08-05,gpatterson@mathews-lewis.com,Beautiful thought.
EMP10800,Michael Dominguez,Sales,Executive,54675.64,2022-06-04,jonesbrian@gmail.com,Fish stay indeed.
EMP10801,Jason Norton,Sales,Intern,54675.64,2021-10-29,czimmerman@herrera.com,Position analysis.
EMP10802,Stacey Robinson,Finance,Manager,54675.64,2022-10-02,tristanbeltran@klein.biz,Throw itself onto.
EMP10803,Karen Williams,Sales,Analyst,54675.64,2020-11-18,meganmoore@yahoo.com,Guy exactly.
EMP10804,Lisa Andersen,HR,Analyst,54675.64,2023-02-28,kelly58@hotmail.com,Language crime.
EMP10805,Melissa Ramirez,HR,Analyst,54675.64,2023-04-23,uortiz@hotmail.com,Fire above fish.
EMP10806,Alexandra Williams,Finance,Intern,54675.64,2020-02-24,wwilliams@maldonado.com,Note threat involve.
EMP10807,Matthew Howard,Sales,Intern,54675.64,2023-11-20,kristen52@yahoo.com,Worry owner assume.
EMP10808,Jonathan Galloway,HR,Intern,54675.64,2021-12-04,loganjohn@anderson.com,Old quite couple.
EMP10809,Dennis Dickson,HR,Executive,54675.64,2021-07-22,erika68@yahoo.com,Month happen dinner.
EMP10810,Cheryl Davis,Sales,Intern,54675.64,2021-04-26,brittanycastillo@hendricks-berry.info,Suggest give win.
EMP10811,Joshua Torres,IT,Manager,54675.64,2022-11-25,patrick91@yahoo.com,Leg voice rock west.
EMP10812,Bryan Duarte,Sales,Manager,54675.64,2021-01-26,greenamanda@shaw-acevedo.com,Morning reveal show.
EMP10813,John Kline,Finance,Analyst,54675.64,2022-02-15,rodriguezmolly@hotmail.com,Again open check.
EMP10814,Tommy Zavala,IT,Executive,54675.64,2021-11-05,kurt76@gmail.com,Difference sense.
EMP10815,Stacey Marshall,Finance,Analyst,54675.64,2023-11-06,scott75@khan.net,Create quickly.
EMP10816,Cynthia Hughes,HR,Intern,54675.64,2023-01-16,hornefrederick@hotmail.com,Film current none.
EMP10817,Robert Brown,IT,Intern,54675.64,2023-12-13,richardjorge@rogers.com,Term book girl.
EMP10818,Joshua Stewart,Finance,Intern,54675.64,2020-05-18,edwardsdarin@hotmail.com,Quickly office.
EMP10819,Dave Parker,Finance,Intern,54675.64,2021-01-10,wendy13@ford-dominguez.com,Tend break American.
EMP10820,James Johnson,Finance,Analyst,54675.64,2021-02-12,millerkirk@hotmail.com,Part accept whole.
EMP10821,James Jones,IT,Intern,54675.64,2020-01-01,josephmitchell@ward.org,Very data owner.
EMP10822,Joann Cobb,Finance,Analyst,54675.64,2023-02-22,mhobbs@gmail.com,Laugh teach quite.
EMP10823,Dr. Ronald Green,IT,Analyst,54675.64,2021-09-23,ashley91@johnson.com,Then grow system.
EMP10824,Misty Williams,IT,Executive,54675.64,2022-04-24,james80@hansen.com,Black grow your.
EMP10825,Laura Burns,Finance,Executive,54675.64,2021-06-24,johnbrock@martinez-cox.com,Effort world must.
EMP10826,Scott Dunn,HR,Analyst,54675.64,2022-03-24,christopherroman@gmail.com,Management reality.
EMP10827,Cameron Mills,Sales,Executive,54675.64,2023-08-04,bmichael@cook.com,Speech its owner.
EMP10828,Molly White,Sales,Intern,54675.64,2020-06-07,lucasmichelle@gmail.com,Show modern color.
EMP10829,Joseph Smith,IT,Intern,54675.64,2020-08-05,terrireynolds@yahoo.com,Forget agent bit.
EMP10830,Cristina Fox,Finance,Analyst,54675.64,2021-04-16,anthonyvargas@gmail.com,Serve nature admit.
EMP10831,Roberto Kennedy,Sales,Analyst,54675.64,2023-05-15,nicolemiller@hotmail.com,So hear play.
EMP10832,Roger White,Sales,Intern,54675.64,2020-12-27,singhevan@smith-ballard.com,Democratic project.
EMP10833,Sarah Torres,Finance,Analyst,54675.64,2022-06-05,duranjeffrey@west-hendricks.com,Prepare born debate.
EMP10834,Aaron Martinez,Sales,Analyst,54675.64,2021-10-30,nelsonlauren@jones.org,Particular although.
EMP10835,Ethan Mckee,Finance,Manager,54675.64,2020-06-07,bjohnson@mason-edwards.biz,Gas check have six.
EMP10836,Donna Bailey,Sales,Intern,54675.64,2022-06-30,garciathomas@roberson.com,School teacher.
EMP10837,Yvette Wade,HR,Manager,54675.64,2023-07-02,kevinbranch@mendez-flores.com,Energy senior song.
EMP10838,Joel Villegas,Finance,Analyst,54675.64,2021-05-07,davidhopkins@griffin-bauer.biz,Quite simple.
EMP10839,Stephanie Green,Sales,Analyst,54675.64,2022-02-05,matthewmcclain@stephenson.com,Majority alone.
EMP10840,Jonathan Lee,IT,Analyst,54675.64,2022-05-10,wilsonlisa@gmail.com,Yard assume thank.
EMP10841,Sandra Murray,Finance,Manager,54675.64,2023-02-25,jacqueline69@yahoo.com,Behavior west heavy.
EMP10842,Michael Wright,Sales,Manager,54675.64,2020-12-25,laurendoyle@yahoo.com,Close dog item.
EMP10843,Joshua Wilson,HR,Intern,54675.64,2021-04-03,martha08@collins.org,Produce team.
EMP10844,Lisa Knight,Sales,Analyst,54675.64,2022-04-12,thomassherri@hotmail.com,Degree poor peace.
EMP10845,Samuel Garcia,IT,Manager,54675.64,2020-02-06,robinsonkellie@williams.net,Step activity.
EMP10846,Jordan Watts,Finance,Intern,54675.64,2021-02-17,steven49@hughes.net,Guy hair marriage.
EMP10847,Jessica Parker,HR,Manager,54675.64,2021-12-19,ysmith@rich-russell.com,Buy source provide.
EMP10848,Scott Bradley,Sales,Intern,54675.64,2023-05-29,stephendavis@hotmail.com,Figure goal wait.
EMP10849,Dana Williams,IT,Intern,54675.64,2023-04-09,wendystanton@gmail.com,Lot firm accept.
EMP10850,Sarah Montes,IT,Manager,54675.64,2023-03-08,ortizjulian@ray.com,That single.
EMP10851,Madison Brown,IT,Executive,54675.64,2023-01-07,johnhernandez@davis.com,Either half citizen.
EMP10852,Jessica Fisher,Sales,Intern,54675.64,2023-04-27,tmorris@patterson.com,Manage ago cost.
EMP10853,Lindsey Lang,HR,Analyst,54675.64,2021-09-11,williamsonjacob@gmail.com,Community fear.
EMP10854,Patricia Lopez,Sales,Manager,54675.64,2020-04-19,bryce55@miller-burke.com,Process quickly.
EMP10855,Michael Fuller,HR,Manager,54675.64,2023-08-10,allison04@rodriguez.com,Drug trouble police.
EMP10856,Nathan Soto,Finance,Executive,54675.64,2023-04-14,angelawilson@anderson-brown.net,Young available.
EMP10857,Lori Avila,HR,Executive,54675.64,2021-02-13,mario07@hotmail.com,Beautiful talk.
EMP10858,Robert Wilson,IT,Intern,54675.64,2023-02-25,murphymelissa@yahoo.com,Accept push source.
EMP10859,Matthew Walker,IT,Executive,54675.64,2023-10-20,smithcaitlin@butler-lopez.com,Author man season.
EMP10860,Kathy Rojas,IT,Intern,54675.64,2022-09-23,dukeangela@gmail.com,Opportunity behind.
EMP10861,Daniel Lee,Sales,Executive,54675.64,2022-11-13,kathryn48@parker-torres.biz,Send benefit chance.
EMP10862,Tiffany Fuentes,Finance,Executive,54675.64,2020-08-01,shaneclark@yahoo.com,Operation son.
EMP10863,Heather Lopez,HR,Executive,54675.64,2021-08-07,nicholasmiller@thornton.com,Girl level guy.
EMP10864,Gary Ramos,IT,Executive,54675.64,2020-12-17,daniel15@hotmail.com,Kind place probably.
EMP10865,Kelli Hughes,Finance,Analyst,54675.64,2020-05-19,rhonda21@yahoo.com,Teacher carry.
EMP10866,Natalie Galvan,Finance,Executive,54675.64,2023-02-02,abigail76@church-scott.com,Teach special down.
EMP10867,Mallory Dunn,Sales,Manager,54675.64,2021-10-18,thompsonlaura@garcia.com,Sell reach everyone.
EMP10868,Mark Middleton,HR,Manager,54675.64,2021-12-29,hcummings@hotmail.com,Out year career.
EMP10869,Susan Parker,Finance,Manager,54675.64,2023-12-31,wwilson@wagner.org,Thing read American.
EMP10870,William Miller,HR,Manager,54675.64,2023-03-22,vegarichard@smith.com,Fill determine sure.
EMP10871,James Lane,Sales,Intern,54675.64,2021-04-19,fowlerkatherine@gmail.com,Would hotel career.
EMP10872,Angela Welch,HR,Executive,54675.64,2023-07-13,williamskathryn@randall.com,Next number.
EMP10873,John Banks,Sales,Analyst,54675.64,2021-01-08,john15@barker.com,Free identify head.
EMP10874,Teresa Gates,IT,Analyst,54675.64,2023-01-01,barbara74@gmail.com,Great range.
EMP10875,Tyler Dunn,HR,Executive,54675.64,2022-06-21,franklin75@johnson.info,Kid attack suffer.
EMP10876,Teresa Casey,Sales,Intern,54675.64,2022-06-28,areeves@yahoo.com,Tend now surface.
EMP10877,Donna Cordova,Finance,Analyst,54675.64,2023-02-21,caldwellgail@franklin.org,Focus take catch.
EMP10878,Vincent Rojas,IT,Executive,54675.64,2021-01-08,holmesbrittany@campbell-tran.info,Have consumer seek.
EMP10879,Julia Briggs,Finance,Manager,54675.64,2022-09-26,jasmine60@gmail.com,Cause sport bed may.
EMP10880,Brandon Mccann,IT,Intern,54675.64,2020-09-17,daisywest@russell.com,Action ago green.
EMP10881,Melinda Hernandez,IT,Executive,54675.64,2020-01-13,robertamyers@hotmail.com,Dark suffer deal.
EMP10882,Bryan Abbott,HR,Analyst,54675.64,2022-11-09,tallison@gmail.com,Music exist relate.
EMP10883,Mr. Dylan Montoya,Finance,Analyst,54675.64,2022-11-17,jesse19@casey-wiggins.info,Environment they.
EMP10884,Dwayne Peterson,Finance,Intern,54675.64,2023-12-30,mark89@willis-flowers.com,Think garden.
EMP10885,Amanda Cooper,IT,Analyst,54675.64,2023-05-15,laurareed@gmail.com,Responsibility.
EMP10886,Steven Harris,IT,Executive,54675.64,2023-12-17,seankelley@gmail.com,Exist point.
EMP10887,Stephanie Edwards,IT,Executive,54675.64,2021-01-13,laurie97@hotmail.com,Game lay along born.
EMP10888,Brian Allen,Sales,Intern,54675.64,2020-07-10,zknight@nichols-rosario.biz,People smile.
EMP10889,Amanda Sullivan,HR,Executive,54675.64,2021-06-12,zfarrell@gmail.com,Black model local.
EMP10890,Courtney Jackson,IT,Analyst,54675.64,2021-06-20,ismith@gmail.com,Upon spend meeting.
EMP10891,Linda Davis,HR,Intern,54675.64,2020-03-14,chavezalexandria@newton.com,Also office lot.
EMP10892,Teresa Hogan,IT,Analyst,54675.64,2020-01-19,ellismackenzie@yahoo.com,Lot unit tonight.
EMP10893,Robert Cook,Sales,Analyst,54675.64,2022-11-21,janice67@mcdonald-ramsey.com,Power section song.
EMP10894,Richard Perez,IT,Manager,54675.64,2020-09-22,jonathansmith@yahoo.com,Research light.
EMP10895,Andrew Eaton,HR,Executive,54675.64,2020-08-26,astein@hotmail.com,House consumer.
EMP10896,Heidi Jackson,IT,Executive,54675.64,2021-09-18,hojoseph@gmail.com,Store rather feel.
EMP10897,James Warren,HR,Analyst,54675.64,2021-05-15,rebecca36@yahoo.com,Result thought.
EMP10898,Mary Cook,Finance,Analyst,54675.64,2020-04-02,danielashley@gmail.com,Day current radio.
EMP10899,Kenneth Vincent,HR,Analyst,54675.64,2021-08-27,anthony32@yahoo.com,Song character role.
EMP10900,Michael Webb,Sales,Analyst,54675.64,2020-08-01,hjohnson@yahoo.com,Indeed yes finally.
EMP10901,Vickie Smith,IT,Manager,54675.64,2020-11-29,hgeorge@mason-hayes.net,Foot serve kid call.
EMP10902,Carlos Randall,Finance,Analyst,54675.64,2020-09-14,christopherramirez@gmail.com,Sing key brother.
EMP10903,Christine Rivera,HR,Analyst,54675.64,2020-09-24,thomasjames@gmail.com,Down guy fish stock.
EMP10904,Charles Parks,Finance,Analyst,54675.64,2020-03-26,michael86@yahoo.com,Sit begin heavy.
EMP10905,Jose Ferguson,Sales,Intern,54675.64,2021-08-10,qhayes@gmail.com,General also soon.
EMP10906,William Harris,Finance,Intern,54675.64,2023-09-17,kathleen46@sanchez.com,Someone news before.
EMP10907,Tyrone Blair,Finance,Intern,54675.64,2021-08-02,christiancarroll@hotmail.com,Day natural red.
EMP10908,Timothy Fritz,HR,Intern,54675.64,2022-02-23,rcastillo@levy.org,Have pass top eight.
EMP10909,Ryan Reyes,Sales,Executive,54675.64,2023-04-19,jamiepeterson@yahoo.com,News foot situation.
EMP10910,Joel Peters,IT,Intern,54675.64,2020-08-27,allenrobert@gmail.com,Alone avoid debate.
EMP10911,Cynthia Hawkins,IT,Intern,54675.64,2021-02-06,malonedavid@gmail.com,Above rule drop.
EMP10912,Jeremy Pena,IT,Intern,54675.64,2021-09-25,stevenswalter@hunt.biz,Sign draw continue.
EMP10913,Alisha Hoffman,IT,Executive,54675.64,2023-11-09,ritasimmons@hotmail.com,Machine report save.
EMP10914,Ryan Thompson,IT,Analyst,54675.64,2021-07-17,alyssaperez@gmail.com,American authority.
EMP10915,William Bowman,Finance,Executive,54675.64,2022-09-20,alvarezgregory@gmail.com,And man finish.
EMP10916,Rebecca Brown,IT,Manager,54675.64,2020-08-22,william89@hotmail.com,Bank amount good.
EMP10917,Ryan Peters,Finance,Manager,54675.64,2022-08-11,danielarroyo@ramirez-johnson.com,Court pattern.
EMP10918,Mr. Austin Robinson DDS,HR,Intern,54675.64,2021-03-30,ujackson@gmail.com,Letter thank.
EMP10919,James Frank DVM,HR,Manager,54675.64,2020-11-13,gordonchristopher@daniel-garcia.com,Include more media.
EMP10920,Kevin Romero,Sales,Intern,54675.64,2023-12-11,gwang@hotmail.com,Explain wonder foot.
EMP10921,James Edwards,IT,Manager,54675.64,2022-04-17,hernandezbrenda@sanchez.com,Cause college.
EMP10922,Candice Jones,Finance,Executive,54675.64,2023-08-24,bwalters@walker.com,Majority court.
EMP10923,William Pope,IT,Intern,54675.64,2023-07-09,jacksonjulie@douglas-klein.org,Get soon our.
EMP10924,Cassandra Briggs,Finance,Executive,54675.64,2021-08-30,rachel90@yahoo.com,Imagine future six.
EMP10925,Elizabeth Rowe,HR,Intern,54675.64,2022-01-01,halljason@marquez.com,Group here during.
EMP10926,Eric Fernandez,Sales,Analyst,54675.64,2023-10-12,erinswanson@hotmail.com,Thing economy wide.
EMP10927,Paul Bowman,Sales,Intern,54675.64,2022-04-11,sanderson@hotmail.com,Talk school across.
EMP10928,Jordan Anderson,Sales,Intern,54675.64,2022-05-10,rodriguezjames@smith.com,Above company happy.
EMP10929,Rhonda Powell,IT,Manager,54675.64,2023-02-04,wilsonvictoria@murray.info,What management.
EMP10930,Jonathan Anthony,Finance,Manager,54675.64,2020-01-22,deborahdavis@powell.com,Plan whose level.
EMP10931,Anthony Dean,IT,Intern,54675.64,2022-09-15,brownbrittany@williams.com,Religious very.
EMP10932,Danny George,Sales,Intern,54675.64,2022-06-16,jonesmatthew@yahoo.com,Because your until.
EMP10933,Tonya Hill,IT,Executive,54675.64,2021-04-02,lindseyanita@singleton.org,Agency defense.
EMP10934,Jon Hall,IT,Intern,54675.64,2022-12-05,joshua37@williams.com,Agree story key.
EMP10935,Karen Moore,IT,Manager,54675.64,2022-12-11,frankcarrillo@white.info,Why white operation.
EMP10936,Amanda Rojas,IT,Intern,54675.64,2022-01-26,santiagohannah@hotmail.com,Anything think.
EMP10937,Jonathan Reed,Finance,Executive,54675.64,2020-04-08,aallen@gmail.com,Population color.
EMP10938,Mitchell Allen,Finance,Executive,54675.64,2020-06-29,roberta45@gillespie.com,Fast claim well.
EMP10939,Laura Garcia,Sales,Intern,54675.64,2022-11-25,lisa75@gmail.com,Resource.
EMP10940,Pamela Woods,Sales,Manager,54675.64,2023-12-29,jennifer78@robinson.com,Represent he.
EMP10941,Sarah Peterson,HR,Analyst,54675.64,2021-06-07,danielleyork@hotmail.com,Maintain stock wife.
EMP10942,Denise Armstrong,Finance,Intern,54675.64,2023-08-29,stephenruiz@collins-smith.org,Management record.
EMP10943,Bobby Lopez,IT,Executive,54675.64,2021-03-05,pmartinez@marshall.com,Laugh recent.
EMP10944,Jessica Hutchinson,Finance,Executive,54675.64,2023-05-25,rodriguezmorgan@gmail.com,Money produce his.
EMP10945,Gerald Brooks,IT,Manager,54675.64,2022-09-22,tdaniels@evans.com,Easy position go.
EMP10946,Scott Chan,IT,Executive,54675.64,2023-11-08,lawrencekimberly@hotmail.com,Lose science.
EMP10947,Mitchell Mullins,HR,Intern,54675.64,2022-09-28,robert06@williams.org,Science describe.
EMP10948,Mia Wagner,HR,Analyst,54675.64,2022-11-30,brownchristopher@mitchell.com,Eat board range.
EMP10949,Brenda Sanchez,HR,Manager,54675.64,2021-09-20,eperez@white.com,Manager when single.
EMP10950,Charles Hardy,HR,Executive,54675.64,2020-01-20,pellison@gmail.com,Instead between car.
EMP10951,Victoria Rodriguez,IT,Manager,54675.64,2023-02-21,christopherlee@crawford-mays.biz,Letter toward glass.
EMP10952,Curtis Burton DVM,IT,Intern,54675.64,2021-09-15,david95@gmail.com,Opportunity stuff.
EMP10953,Caroline Morgan,Finance,Analyst,54675.64,2021-12-15,john03@gmail.com,Foreign between.
EMP10954,Jennifer Stephens,IT,Intern,54675.64,2023-02-19,mariaramsey@lowe-phillips.com,Example find floor.
EMP10955,Colin Hudson,Finance,Manager,54675.64,2020-05-27,pierceandrew@yahoo.com,Someone reduce.
EMP10956,Stephen Rosario,Finance,Analyst,54675.64,2021-08-31,bobby30@yahoo.com,About beyond.
EMP10957,Kimberly Frederick,HR,Intern,54675.64,2022-12-21,dale57@yahoo.com,Range could amount.
EMP10958,Patricia Norman,Finance,Manager,54675.64,2022-12-23,vpace@harris.net,Itself example.
EMP10959,Zachary Clayton,Sales,Analyst,54675.64,2023-05-25,hgomez@yahoo.com,Recently force fish.
EMP10960,Marie Jones,Sales,Manager,54675.64,2021-12-14,mthomas@reynolds.com,Do maintain I.
EMP10961,Norman White,IT,Intern,54675.64,2022-11-13,victoriadixon@hotmail.com,Memory everybody.
EMP10962,James Walker,Sales,Manager,54675.64,2022-03-19,donna54@yahoo.com,Authority spend.
EMP10963,Juan Smith,HR,Executive,54675.64,2021-02-20,shelby81@roberts-martinez.com,Article standard.
EMP10964,Michele Griffith,HR,Manager,54675.64,2021-02-21,peter76@yahoo.com,Represent evidence.
EMP10965,Sarah Jennings,Finance,Executive,54675.64,2022-05-05,vthornton@gmail.com,Beyond mouth mean.
EMP10966,Yolanda Thompson,IT,Analyst,54675.64,2022-02-11,nrobinson@cline.com,Animal to way kind.
EMP10967,Chad Horne,Sales,Analyst,54675.64,2022-09-08,shelbymartinez@hotmail.com,Final when former.
EMP10968,Michael Phillips,IT,Intern,54675.64,2023-10-29,andreamitchell@moore-hill.com,Girl will evening.
EMP10969,Meghan Burnett,Finance,Manager,54675.64,2023-08-03,sbrown@gmail.com,Probably himself.
EMP10970,Brian Holland,HR,Executive,54675.64,2021-10-24,tmeyer@yahoo.com,Security thought.
EMP10971,Brenda Tapia,Finance,Executive,54675.64,2021-06-06,mitchellbridges@hendrix.com,Event low effect.
EMP10972,Jon Hernandez,Sales,Intern,54675.64,2023-01-02,cynthia47@pearson-collins.com,Find appear head.
EMP10973,Timothy Cannon,HR,Manager,54675.64,2022-09-21,fosterandrea@yahoo.com,Across cause board.
EMP10974,Sandra Nelson,Sales,Executive,54675.64,2023-06-10,barrychristian@gmail.com,Low kid feel claim.
EMP10975,Samantha Carney,IT,Intern,54675.64,2021-01-08,allenjames@sanchez.com,Unit entire bag to.
EMP10976,Kyle Hicks,HR,Intern,54675.64,2020-10-19,amberwyatt@gmail.com,Example as social.
EMP10977,Ricardo Nunez,IT,Manager,54675.64,2021-06-22,sandra72@yahoo.com,Special forward.
EMP10978,Mallory Reeves,HR,Manager,54675.64,2022-10-21,sperez@fuller.net,Economy four ball.
EMP10979,Lee Brown,Sales,Manager,54675.64,2021-03-22,eric29@yahoo.com,Federal wrong.
EMP10980,Zachary Carter,Sales,Executive,54675.64,2022-10-31,lperry@hotmail.com,West what according.
EMP10981,Christian Griffin,Finance,Intern,54675.64,2022-01-06,drandolph@yahoo.com,Positive gun.
EMP10982,Stephen Johnson,Finance,Manager,54675.64,2020-12-01,patricia05@yahoo.com,Themselves though.
EMP10983,Hannah Flores,HR,Analyst,54675.64,2021-02-27,johnsonkellie@gmail.com,Source from drug.
EMP10984,Brett Brown,HR,Manager,54675.64,2020-10-11,erichardson@hotmail.com,Organization seat.
EMP10985,Joann Perkins,HR,Executive,54675.64,2020-05-23,darmstrong@gmail.com,Chair throw across.
EMP10986,John Jackson,Finance,Manager,54675.64,2023-09-04,othomas@yahoo.com,Speak some of.
EMP10987,Marissa Houston,Sales,Manager,54675.64,2022-10-24,whitedaniel@yahoo.com,Operation back.
EMP10988,Bruce Taylor,IT,Analyst,54675.64,2021-07-16,carrolllisa@gmail.com,Allow personal.
EMP10989,Joy Harper,IT,Analyst,54675.64,2023-01-28,sandy66@yahoo.com,Another history at.
EMP10990,Laura Salazar,HR,Executive,54675.64,2023-11-06,timothy61@rhodes.com,Machine face should.
EMP10991,David Cole,IT,Manager,54675.64,2021-12-01,ahines@hotmail.com,Performance.
EMP10992,Brandon Maxwell,IT,Manager,54675.64,2020-03-22,smithcristian@dunn.org,Machine without.
EMP10993,Paul Dodson,IT,Analyst,54675.64,2020-12-21,sharon72@hotmail.com,Cold kid carry.
EMP10994,Jerry Gordon,Finance,Manager,54675.64,2020-10-08,danielbeck@gmail.com,Bank various.
EMP10995,Rhonda Torres,Finance,Executive,54675.64,2021-10-03,dphillips@johnson.com,Consider life night.
EMP10996,Julia Crawford,IT,Analyst,54675.64,2023-05-28,debrawashington@hotmail.com,Fund care.
EMP10997,Patricia Petersen,Sales,Intern,54675.64,2020-02-14,kevindonovan@shepherd.com,Agreement force.
EMP10998,Antonio Wright,Sales,Intern,54675.64,2020-11-11,williamsonandrew@gmail.com,Add project.
EMP10999,Ian Carter,Finance,Intern,54675.64,2021-12-23,kelly25@king.com,Learn fund work.
EMP11000,Chris Sanders,Sales,Intern,54675.64,2020-04-14,ycurtis@yahoo.com,Protect last.
EMP11001,Jenna Hill,HR,Analyst,54675.64,2023-02-20,ylee@yahoo.com,Us present.
EMP11002,John Jones,HR,Executive,54675.64,2021-05-03,pagebenjamin@ford.info,Those Mrs.
EMP11003,Christine Lara,Sales,Intern,54675.64,2023-05-06,belldavid@sanchez-rodriguez.info,Rule within medical.
EMP11004,Regina Smith,IT,Intern,54675.64,2022-05-23,sroberts@frank.info,Down recent their.
EMP11005,Thomas Wright,Sales,Manager,54675.64,2020-09-04,vtaylor@hotmail.com,Mother movement.
EMP11006,Charles Jones,IT,Executive,54675.64,2022-04-12,kporter@cook.org,Share travel watch.
EMP11007,Jared Perez,IT,Intern,54675.64,2023-07-16,victorkelley@gmail.com,Although crime.
EMP11008,Cory King,Sales,Analyst,54675.64,2021-07-21,sarahmckay@spencer-lawrence.com,Voice between.
EMP11009,Margaret Johnson,HR,Analyst,54675.64,2020-04-19,harrisariel@kline.com,Society attack.
EMP11010,Kimberly Lee,IT,Executive,54675.64,2020-07-03,epugh@roberts.com,Member suffer.
EMP11011,Kaitlin Sweeney,IT,Intern,54675.64,2022-10-23,pamela59@hotmail.com,Appear what say.
EMP11012,Michael Morales,Finance,Analyst,54675.64,2023-09-13,leerebecca@stewart.net,Senior choose.
EMP11013,Monica Smith,Sales,Manager,54675.64,2023-05-23,btran@gmail.com,Political series.
EMP11014,Melissa Noble,Finance,Analyst,54675.64,2023-08-05,diane76@rubio.info,Bad center save.
EMP11015,Jonathan Jimenez,IT,Executive,54675.64,2021-01-09,pmartin@sellers-nelson.info,My yet total media.
EMP11016,Tiffany Garcia,IT,Intern,54675.64,2020-04-07,alex80@brooks-ramirez.com,Usually like school.
EMP11017,Chase Ruiz,Finance,Executive,54675.64,2023-07-28,sandra47@hotmail.com,Sense successful.
EMP11018,Joseph Boyer,Sales,Analyst,54675.64,2022-04-12,flynnjose@gmail.com,Region city hope.
EMP11019,Stephanie Hill,Finance,Intern,54675.64,2022-01-16,cmartinez@hotmail.com,Human age guess.
EMP11020,James Mathis,Finance,Executive,54675.64,2021-08-05,michael64@rodriguez.com,Increase together.
EMP11021,Melanie Conner,IT,Executive,54675.64,2023-02-14,sarah83@yahoo.com,Rich plant safe.
EMP11022,Bruce Tapia,HR,Intern,54675.64,2022-07-22,zwhite@cole.com,Fast question.
EMP11023,Christine Patel,HR,Manager,54675.64,2020-06-04,andersonthomas@howard.com,Reveal poor after.
EMP11024,Brian Vasquez,HR,Analyst,54675.64,2020-12-02,perezjason@yahoo.com,End like plant once.
EMP11025,John Miller,Sales,Manager,54675.64,2020-12-23,leonardjudy@morgan.biz,Scientist country.
EMP11026,Ryan Rodriguez,Finance,Executive,54675.64,2020-04-21,kschneider@gmail.com,Lot generation.
EMP11027,Brianna Harris,Sales,Executive,54675.64,2020-01-30,uroberts@gmail.com,Letter movie within.
EMP11028,Sherry Hill,HR,Manager,54675.64,2020-04-09,dodsonjohn@williams.org,Owner may recently.
EMP11029,Angel Gibson,Sales,Analyst,54675.64,2021-02-05,gerald98@yahoo.com,Group manager prove.
EMP11030,Kyle Martinez,Sales,Executive,54675.64,2021-01-20,ycampbell@jones.biz,Company term.
EMP11031,Jill Adams,Sales,Intern,54675.64,2020-11-22,robin58@aguirre-cruz.info,Mother itself not.
EMP11032,Kristen Rose,HR,Executive,54675.64,2020-04-21,ianhamilton@faulkner-gross.biz,Land section.
EMP11033,Maria Phillips,Sales,Executive,54675.64,2020-02-28,thompsonjustin@harris.com,People keep class.
EMP11034,Michael Osborne,Sales,Analyst,54675.64,2022-08-03,steelejoshua@gmail.com,Strategy oil amount.
EMP11035,Joyce Hall,HR,Intern,54675.64,2022-09-25,markperez@gmail.com,Education cost.
EMP11036,Tamara Mathews,HR,Manager,54675.64,2020-09-30,uwilliams@yahoo.com,Seek help action.
EMP11037,Matthew Carroll,Sales,Manager,54675.64,2023-07-10,sburke@carrillo-herring.net,Trip teacher their.
EMP11038,Johnathan Stone,Finance,Analyst,54675.64,2020-07-07,kanderson@hotmail.com,Rule employee man.
EMP11039,Kaitlyn Moore,Sales,Executive,54675.64,2021-01-16,brianarichards@gmail.com,Good school old.
EMP11040,Erin Velez,IT,Executive,54675.64,2021-09-24,sarahchavez@yahoo.com,Foreign husband.
EMP11041,Travis Foster,HR,Analyst,54675.64,2021-12-09,anthonywilliams@hotmail.com,Cut project shake.
EMP11042,Megan Lopez,Finance,Executive,54675.64,2023-10-14,kellychristopher@yahoo.com,Account well west.
EMP11043,April Smith,IT,Manager,54675.64,2023-04-21,zrichard@gmail.com,During explain.
EMP11044,Rachel Lopez,IT,Manager,54675.64,2023-06-07,brianray@oconnor.com,Approach total.
EMP11045,George Martinez,IT,Executive,54675.64,2022-09-23,chadcollins@salas-sanders.info,Interesting high.
EMP11046,Marie Jones,Finance,Intern,54675.64,2020-01-13,cassandramorrison@hubbard.com,Forget hear.
EMP11047,Sheila Juarez,IT,Analyst,54675.64,2023-01-29,amyroth@fuller.biz,Deep several paper.
EMP11048,Anthony Harrison,HR,Intern,54675.64,2021-12-29,tammycooper@russell-zuniga.com,Store fact notice.
EMP11049,Dylan Nguyen,Finance,Analyst,54675.64,2021-04-23,martinrobin@lee.org,Use full activity.
EMP11050,Ann Madden,HR,Executive,54675.64,2020-05-22,barbara43@gonzalez-johnson.net,Family produce.
EMP11051,Jenny Smith,Finance,Intern,54675.64,2020-01-28,jonathandavila@gonzalez.org,Per beat simply how.
EMP11052,Hayley Thompson,HR,Executive,54675.64,2021-03-16,brandyrice@campbell-norton.com,Live ready so.
EMP11053,Brenda Martin,Finance,Executive,54675.64,2023-04-30,claire25@hotmail.com,Fund sit purpose.
EMP11054,Samuel Moody,IT,Analyst,54675.64,2023-05-11,gonzalezjoseph@yahoo.com,There raise.
EMP11055,David Mora,HR,Analyst,54675.64,2020-08-08,wlam@yahoo.com,Even though Mrs.
EMP11056,Nicole Mckee,HR,Analyst,54675.64,2020-05-02,owashington@hotmail.com,Stock organization.
EMP11057,Brittany Munoz,HR,Executive,54675.64,2023-03-02,stokeszachary@gmail.com,Eight interview.
EMP11058,Jose Glass,Sales,Intern,54675.64,2022-04-09,nicole30@collins-tate.com,Only book challenge.
EMP11059,Nancy Johnson,IT,Analyst,54675.64,2020-08-22,barbaraanderson@adams.net,Audience cold.
EMP11060,Lauren Barnett,HR,Analyst,54675.64,2020-06-18,dylan34@dunn.com,Think address woman.
EMP11061,Kathy Chavez,HR,Manager,54675.64,2022-11-09,diamondsimmons@hotmail.com,Else cut single.
EMP11062,Jessica Collins,Finance,Executive,54675.64,2022-07-11,ycooper@cherry.com,Until center behind.
EMP11063,Christopher Ward,IT,Manager,54675.64,2022-07-05,griffithshawn@gmail.com,Pretty write mother.
EMP11064,Andrew Tucker,IT,Analyst,54675.64,2021-09-24,cunninghamjohn@gmail.com,Daughter take.
EMP11065,Stephanie Stuart,HR,Manager,54675.64,2023-07-23,moorescott@yahoo.com,Think walk fire.
EMP11066,Ashley Robinson,Sales,Intern,54675.64,2022-11-25,thompsonlisa@yahoo.com,Close expect.
EMP11067,Alex Harris,HR,Intern,54675.64,2020-04-21,hrodriguez@gmail.com,Information head.
EMP11068,Dawn Fleming,Sales,Manager,54675.64,2022-05-27,jack35@yahoo.com,Future away.
EMP11069,Christopher Campos,IT,Intern,54675.64,2022-10-15,swiggins@hotmail.com,Issue worker.
EMP11070,Katrina Montes,IT,Executive,54675.64,2023-05-08,jdurham@hopkins-george.com,Plan yourself.
EMP11071,Pamela Jones,Sales,Manager,54675.64,2021-12-08,fhowell@mueller.com,Church keep.
EMP11072,Lisa Molina,IT,Executive,54675.64,2023-03-04,ajohnson@reid.com,Edge next choice.
EMP11073,Austin Sheppard,Finance,Intern,54675.64,2020-05-01,timothy92@hotmail.com,Fly general word.
EMP11074,Dennis Bennett,Sales,Manager,54675.64,2023-07-12,rachel20@gmail.com,Purpose war.
EMP11075,Jennifer West,Finance,Manager,54675.64,2020-10-16,brittanyalvarado@hotmail.com,Find mention.
EMP11076,Jennifer Rodriguez,HR,Analyst,54675.64,2021-12-13,benjamincarl@hotmail.com,However detail.
EMP11077,Patricia Rivera,HR,Executive,54675.64,2022-05-20,james63@hotmail.com,Parent across too.
EMP11078,Jason Dixon,Finance,Analyst,54675.64,2021-09-19,adkinsmatthew@goodwin-williams.com,Culture tend.
EMP11079,Aaron Smith,IT,Analyst,54675.64,2021-01-03,alex77@kim.biz,Box day direction.
EMP11080,Barbara Morrow,Finance,Intern,54675.64,2021-05-18,edward23@gmail.com,Scene hot expect.
EMP11081,Jeffrey Stephens,IT,Executive,54675.64,2020-02-27,susan35@hotmail.com,Investment end.
EMP11082,Dana Tran,Finance,Executive,54675.64,2021-03-18,egordon@hotmail.com,Early same method.
EMP11083,Brian Thomas,Finance,Intern,54675.64,2021-08-02,logandarlene@white-jones.com,Few decide special.
EMP11084,Roger Campos,IT,Intern,54675.64,2022-02-23,shawn38@hotmail.com,Moment check should.
EMP11085,Darrell Li,Finance,Executive,54675.64,2023-05-09,whitebrittney@walker.com,Onto table game.
EMP11086,Sheena Perez,Sales,Intern,54675.64,2022-01-04,ogonzalez@romero.org,However strong.
EMP11087,Christopher Miller,IT,Executive,54675.64,2021-02-17,deannagray@parrish.org,Able understand.
EMP11088,Shannon Perry,HR,Intern,54675.64,2022-01-26,barnettdiana@hull-carter.info,Amount writer.
EMP11089,Christina Gutierrez,HR,Analyst,54675.64,2021-03-22,franklinkathy@gmail.com,Avoid thought.
EMP11090,Virginia Bennett,Finance,Intern,54675.64,2021-03-21,xavier06@gmail.com,Political little.
EMP11091,Dawn Roberts,HR,Manager,54675.64,2021-02-08,fferguson@matthews.com,Able might season.
EMP11092,Adam Mata DVM,Sales,Intern,54675.64,2023-05-17,langsusan@gmail.com,Skill series even.
EMP11093,Kimberly Garner,HR,Manager,54675.64,2021-11-05,martinemily@hotmail.com,Play night may.
EMP11094,Lance Parsons,HR,Executive,54675.64,2023-11-25,jeremytravis@adams.net,Also class bad.
EMP11095,Jose Love,IT,Analyst,54675.64,2022-09-03,kristinbennett@jones.com,Pick election.
EMP11096,Tammy Cochran,Finance,Intern,54675.64,2021-08-23,steelejamie@bishop.com,Contain age large.
EMP11097,Allison Macdonald,HR,Executive,54675.64,2023-04-20,brian20@gmail.com,Investment trip.
EMP11098,Victoria Stevens,Finance,Manager,54675.64,2022-08-30,matthewcervantes@yahoo.com,Everyone plan out.
EMP11099,Shawn Hernandez,IT,Analyst,54675.64,2020-05-31,danny82@hotmail.com,Nearly couple word.
EMP11100,Elizabeth Moore,HR,Executive,54675.64,2022-11-04,clarkbarbara@yahoo.com,Push read leave.
EMP11101,Kelsey Wang,HR,Executive,54675.64,2020-12-06,cynthia08@wright.com,Hair town risk.
EMP11102,Timothy White,IT,Executive,54675.64,2023-06-29,kellyjonathan@simon.com,Effect treatment.
EMP11103,Eugene Porter,IT,Executive,54675.64,2021-08-10,xodonnell@harper.com,View student oil on.
EMP11104,Amy Baker MD,HR,Intern,54675.64,2021-06-09,larry81@hotmail.com,Nearly term half.
EMP11105,Sara Avila,Sales,Executive,54675.64,2023-10-21,becky27@yahoo.com,Study involve truth.
EMP11106,James Pratt,Finance,Executive,54675.64,2023-01-20,prodriguez@booth-fox.com,Accept away hotel.
EMP11107,Amy Thornton,Finance,Intern,54675.64,2023-05-25,wgreen@house.com,Skin region life.
EMP11108,Brian Jones,Finance,Manager,54675.64,2020-04-01,jeanette72@johnson.com,Evidence baby use.
EMP11109,Carlos Wyatt,Sales,Analyst,54675.64,2023-08-03,joannacallahan@nguyen-grimes.com,Old organization.
EMP11110,Danielle Miller,Finance,Analyst,54675.64,2020-04-09,yjohnson@mccarty-ellis.biz,Between market team.
EMP11111,Joyce Phillips,IT,Intern,54675.64,2022-12-17,marvinboyd@mitchell.com,Former trade deal.
EMP11112,Mrs. Kristy Wade MD,IT,Intern,54675.64,2023-04-20,leonard98@hotmail.com,Big item financial.
EMP11113,Stephanie Walters,HR,Manager,54675.64,2021-11-30,boydmaria@yahoo.com,Individual wear bag.
EMP11114,Alex Johnson,Sales,Analyst,54675.64,2022-05-10,gcamacho@williams-noble.com,Compare doctor.
EMP11115,Katrina Figueroa MD,Sales,Intern,54675.64,2023-11-19,debbie64@hotmail.com,Water civil.
EMP11116,Courtney Rollins,HR,Executive,54675.64,2022-10-18,keith88@hotmail.com,Purpose his level.
EMP11117,Christine Hernandez,Sales,Intern,54675.64,2023-03-23,vlewis@price-cooper.info,Rock state ability.
EMP11118,Peter Guzman,Finance,Analyst,54675.64,2023-08-02,gsmith@king.com,Throughout book.
EMP11119,Tamara Smith,HR,Manager,54675.64,2022-03-31,mcontreras@king.net,Yet reach up it.
EMP11120,Nathan Lara,Finance,Manager,54675.64,2023-08-09,rhondafitzgerald@hotmail.com,Expert control.
EMP11121,Linda Singleton,Finance,Executive,54675.64,2022-02-09,daniel75@gmail.com,Six writer see.
EMP11122,Brandon Peterson,HR,Executive,54675.64,2020-03-14,tnelson@booker.net,Brother economy.
EMP11123,Adam Brown,IT,Analyst,54675.64,2020-12-17,sarah05@powers.com,Coach store.
EMP11124,Ryan Bates,HR,Executive,54675.64,2020-03-09,stokesjulie@carter-gentry.com,Major series friend.
EMP11125,Yolanda Crawford,Sales,Analyst,54675.64,2021-10-10,blowe@hotmail.com,Hospital central.
EMP11126,Mark Elliott,Finance,Analyst,54675.64,2023-03-23,norman75@white.info,Common increase.
EMP11127,Annette Fuentes,Finance,Intern,54675.64,2021-02-22,qross@adams.com,Than life fire.
EMP11128,Christopher Hill,Sales,Executive,54675.64,2020-11-20,angelicaparrish@gmail.com,Pretty soon film.
EMP11129,Frederick Woods,HR,Intern,54675.64,2022-01-03,kbarajas@gibson-phillips.biz,With candidate.
EMP11130,Melissa Farrell,IT,Intern,54675.64,2023-03-08,woodmark@gmail.com,Sister laugh model.
EMP11131,Alexander Roberts,Sales,Analyst,54675.64,2023-02-18,william78@thomas.net,Better fall.
EMP11132,Diane Young,IT,Analyst,54675.64,2022-07-05,deborahpeterson@gmail.com,None tough movement.
EMP11133,Joseph Davis,Finance,Analyst,54675.64,2023-07-07,linda35@yahoo.com,Collection region.
EMP11134,Rebecca Perez,HR,Analyst,54675.64,2020-05-24,michelle72@wells.com,Seem bed word drop.
EMP11135,Mary Freeman,HR,Intern,54675.64,2022-09-19,danielclark@gmail.com,While eat during.
EMP11136,Michael Adkins,Finance,Manager,54675.64,2020-04-25,david50@yahoo.com,Attack stuff image.
EMP11137,Thomas Moody,Sales,Manager,54675.64,2021-07-04,michelewiley@cuevas-logan.biz,Note scene prepare.
EMP11138,Paige Carpenter,Finance,Manager,54675.64,2023-02-04,michelleschwartz@yahoo.com,Once same too.
EMP11139,Michael Farmer,Sales,Analyst,54675.64,2021-09-21,imiles@hotmail.com,Hand very break.
EMP11140,Laura Ho,Finance,Executive,54675.64,2020-02-11,kayleefrazier@hotmail.com,Worker serve mouth.
EMP11141,Spencer Baker,IT,Manager,54675.64,2022-03-28,jaymarshall@hotmail.com,Must foot skin.
EMP11142,David Klein,HR,Intern,54675.64,2021-06-22,jermainemurphy@yahoo.com,Bill security.
EMP11143,Jorge Anderson,IT,Intern,54675.64,2023-05-25,jessica52@delacruz-nguyen.com,Model to who claim.
EMP11144,Michael Rice,Sales,Analyst,54675.64,2020-03-23,sanchezalexis@green.com,Dream box its class.
EMP11145,Cheryl Smith,Sales,Intern,54675.64,2023-09-06,steinjacqueline@gmail.com,Couple team look.
EMP11146,Laura Carney,Finance,Intern,54675.64,2020-09-26,howardconnie@williams-mcdonald.com,Hotel all if.
EMP11147,Christian Welch,IT,Manager,54675.64,2020-04-17,hansenautumn@leonard-little.net,Citizen born at.
EMP11148,Patricia Hale,HR,Manager,54675.64,2022-11-04,lewisshirley@reynolds.com,Able field type.
EMP11149,Sarah Hernandez,Sales,Intern,54675.64,2022-08-04,lramirez@hotmail.com,Base conference.
EMP11150,James Brown,Finance,Manager,54675.64,2021-10-23,millerkyle@steele-scott.com,Appear method.
EMP11151,Michael Villa,HR,Intern,54675.64,2021-12-02,lewissteven@yahoo.com,Term require boy.
EMP11152,Deborah Pratt,Finance,Intern,54675.64,2022-08-03,josephlopez@fuller.info,Night produce now.
EMP11153,Sarah Scott,Sales,Manager,54675.64,2021-11-11,willisjohn@gmail.com,Special structure.
EMP11154,Elizabeth Thomas,HR,Analyst,54675.64,2022-03-10,jessica29@hotmail.com,Ever present.
EMP11155,Richard Diaz,Finance,Manager,54675.64,2020-06-09,kelly16@brooks.biz,Ready score.
EMP11156,Molly Gonzalez,Sales,Analyst,54675.64,2020-03-23,billedwards@hotmail.com,Research right PM.
EMP11157,Bridget Baker,Finance,Executive,54675.64,2023-11-04,zschmidt@brown.com,Particular after.
EMP11158,Karina Smith,Finance,Intern,54675.64,2020-04-24,johnmiller@rodriguez-ortiz.com,Season girl reflect.
EMP11159,Justin Henderson,Finance,Executive,54675.64,2023-06-19,beverly55@smith.com,Mother perform hit.
EMP11160,Kevin Barr Jr.,HR,Intern,54675.64,2020-02-28,hannah82@hotmail.com,Room free beyond.
EMP11161,Tina Dunn,HR,Manager,54675.64,2020-04-08,kerrichavez@gmail.com,Although watch.
EMP11162,Wesley Price,Sales,Executive,54675.64,2021-03-17,williamsdebra@thompson-griffith.com,Person employee.
EMP11163,Jennifer Ramsey,Finance,Executive,54675.64,2023-11-12,patricia61@hotmail.com,Back trial month.
EMP11164,Karen Berry,HR,Intern,54675.64,2023-01-03,diamondwarren@howard.net,Green skill as time.
EMP11165,Bradley Bryant,HR,Intern,54675.64,2023-06-18,wangconnor@gilbert.biz,Pass race require.
EMP11166,Mary Perez,Finance,Analyst,54675.64,2021-05-29,chelsea27@rush-perez.com,Place use.
EMP11167,Scott Mills,Sales,Analyst,54675.64,2021-01-09,jessicawalters@brown-roberts.com,Hold character fund.
EMP11168,Tyler Shaw,IT,Manager,54675.64,2020-03-06,fchandler@hernandez-bowman.com,Measure mouth.
EMP11169,Anthony Richmond,Finance,Executive,54675.64,2022-10-11,jbrown@knapp.com,Thing before fall.
EMP11170,Julie Warner,Sales,Executive,54675.64,2022-03-14,gregory96@baker.com,Bad catch recently.
EMP11171,Nicholas Johnson,IT,Analyst,54675.64,2022-06-25,johnstoncolleen@williams-wheeler.com,Able around real.
EMP11172,Crystal Robertson,Sales,Manager,54675.64,2023-04-01,danielshaffer@gmail.com,Drop within one.
EMP11173,Frank Munoz,IT,Executive,54675.64,2020-09-03,brandy92@hotmail.com,Street room high.
EMP11174,Karen Lewis,IT,Intern,54675.64,2022-01-31,kkennedy@hotmail.com,Drop machine.
EMP11175,Jason Knight,Sales,Intern,54675.64,2023-08-01,karen68@fisher.info,Catch coach today.
EMP11176,Danielle Bennett,HR,Intern,54675.64,2020-11-12,faguilar@yahoo.com,Produce risk card.
EMP11177,Kyle Vargas,Sales,Executive,54675.64,2020-07-08,qanderson@rice.com,Common together.
EMP11178,Eddie Boyd,IT,Manager,54675.64,2020-01-07,othompson@hotmail.com,Whether opportunity.
EMP11179,Katherine Dean,Finance,Analyst,54675.64,2020-11-21,david56@morgan.com,Return claim page.
EMP11180,Gregory Roberts,IT,Analyst,54675.64,2020-03-29,jason87@frazier.info,Information or.
EMP11181,Hannah Jenkins,IT,Analyst,54675.64,2021-12-20,jessica24@yahoo.com,Both sit number.
EMP11182,Samantha Snyder,Sales,Intern,54675.64,2022-06-09,karenramirez@hansen.biz,Pattern go wear bar.
EMP11183,Duane Anderson,IT,Executive,54675.64,2022-04-09,james33@hotmail.com,Road cell oil sign.
EMP11184,Julian Mcneil,Finance,Executive,54675.64,2020-10-05,aaronvega@oliver.com,War act former.
EMP11185,Wendy Ward,HR,Analyst,54675.64,2022-03-31,kathrynmiranda@yahoo.com,Executive expect.
EMP11186,William Klein,Finance,Analyst,54675.64,2020-03-12,thomas81@jones.info,Need fill lead send.
EMP11187,Hannah Jackson,HR,Executive,54675.64,2022-05-31,clarkedaniel@yahoo.com,Certain coach.
EMP11188,Jenna Duncan,Finance,Analyst,54675.64,2020-08-04,burnettmichael@gmail.com,Husband special.
EMP11189,Anita Harper,HR,Executive,54675.64,2020-04-19,fmartin@gmail.com,Increase outside.
EMP11190,Lisa Bell,Sales,Intern,54675.64,2022-04-08,johnanderson@mcdonald-mendoza.com,Note themselves.
EMP11191,Stephanie Little,HR,Analyst,54675.64,2023-04-05,qmack@ritter.info,Serious must high.
EMP11192,Andrea Townsend,Sales,Analyst,54675.64,2021-05-12,elizabeth77@yahoo.com,Mother among.
EMP11193,Peggy Werner,Finance,Executive,54675.64,2021-08-02,harrisonlindsey@yahoo.com,Part rich source.
EMP11194,Devin Perez,IT,Manager,54675.64,2022-01-18,millerjeanette@yahoo.com,Country must indeed.
EMP11195,Alexander Diaz,Sales,Analyst,54675.64,2021-03-02,jessicacastaneda@leon.info,Win sport alone.
EMP11196,Alexis Summers,HR,Manager,54675.64,2021-01-18,smartin@yahoo.com,Management rock.
EMP11197,Anthony Scott,Sales,Manager,54675.64,2023-12-20,bautistaadrian@paul.info,Film choice too.
EMP11198,Jonathan Wright,Sales,Analyst,54675.64,2020-09-23,jessica53@anderson-sellers.com,Young style sea.
EMP11199,Janice Horn,Sales,Analyst,54675.64,2021-08-22,camerongonzalez@bean-knox.com,Board consider kid.
EMP11200,Sharon Alvarado,Sales,Manager,54675.64,2023-10-15,elizabeth38@robinson-barber.com,Return create this.
EMP11201,Sharon Miller,IT,Manager,54675.64,2022-12-22,whitney84@yahoo.com,Employee while.
EMP11202,Valerie Cook,Sales,Analyst,54675.64,2021-01-09,nwright@flores-allen.com,Election writer for.
EMP11203,Michael Peterson,Finance,Executive,54675.64,2021-04-22,thomashayes@perkins-trujillo.com,Do speech answer.
EMP11204,Christopher Woodward,Sales,Analyst,54675.64,2020-10-13,alexander30@hotmail.com,Lawyer become easy.
EMP11205,Alexandra Roman,Sales,Intern,54675.64,2021-03-29,vanessamoon@mckee-bailey.org,Like focus child.
EMP11206,Daniel Cook DDS,IT,Intern,54675.64,2020-10-06,lowerebecca@strong.com,Would financial.
EMP11207,Brian Mcneil,Finance,Executive,54675.64,2022-07-22,matthewgarrett@morgan.com,Friend foot.
EMP11208,Ebony Brown DDS,IT,Manager,54675.64,2020-05-13,susanmontgomery@pollard.com,Good rock learn.
EMP11209,Stephanie Zamora,IT,Manager,54675.64,2022-07-16,hooverhaley@schmidt.com,Safe base enjoy.
EMP11210,Faith Wilson,Finance,Manager,54675.64,2022-04-29,hflynn@hotmail.com,Deep TV.
EMP11211,Scott Griffin,Finance,Intern,54675.64,2022-05-28,stephaniegreene@gmail.com,Player against.
EMP11212,Jordan Parsons,Sales,Analyst,54675.64,2022-05-13,webbabigail@yahoo.com,Save move thousand.
EMP11213,Michelle Campbell,Finance,Executive,54675.64,2021-10-13,dgreen@gmail.com,Figure matter every.
EMP11214,Jennifer Landry,Sales,Analyst,54675.64,2020-02-03,mariah23@hotmail.com,Score military.
EMP11215,Joseph Hebert,IT,Manager,54675.64,2020-03-06,patriciaewing@fox.com,Her tell away face.
EMP11216,Anthony Mayer,Sales,Analyst,54675.64,2020-06-20,barnesmadeline@hall.com,Now have baby.
EMP11217,Christopher Graham,Sales,Executive,54675.64,2021-06-16,timothyclark@hotmail.com,Heavy college left.
EMP11218,Randy Frank,Finance,Intern,54675.64,2021-12-10,stacymeadows@wright.info,Something tree.
EMP11219,Marie Clark,IT,Analyst,54675.64,2022-10-26,gonzalezcaitlin@yahoo.com,Detail couple.
EMP11220,Frederick Scott,Finance,Analyst,54675.64,2021-06-02,fhouse@hotmail.com,Only among charge.
EMP11221,Robert Phillips,IT,Executive,54675.64,2021-08-10,kkelly@hotmail.com,Assume event few.
EMP11222,Robert Buckley,HR,Executive,54675.64,2022-01-03,mary37@hotmail.com,Painting debate.
EMP11223,Michael Hanna,IT,Manager,54675.64,2022-04-20,phillipssamantha@palmer-escobar.biz,Tax box personal.
EMP11224,Mark Martin,IT,Executive,54675.64,2020-08-27,petersoncalvin@hotmail.com,Strategy quickly.
EMP11225,Jonathan Leonard,IT,Intern,54675.64,2022-12-06,hicksangel@yahoo.com,System hospital.
EMP11226,Phillip Morgan,IT,Manager,54675.64,2022-02-28,mezabrittany@yahoo.com,Image very camera.
EMP11227,Laura Johnson,Sales,Analyst,54675.64,2020-06-03,lawrencevincent@hotmail.com,Whether management.
EMP11228,Kyle Ortiz,Finance,Manager,54675.64,2020-09-08,denniswilliams@hotmail.com,Score popular if.
EMP11229,Mary Hernandez,IT,Analyst,54675.64,2023-01-16,arose@atkinson.biz,Successful.
EMP11230,Michael Berger,Sales,Executive,54675.64,2020-09-26,jason92@hernandez.com,Fund everyone stage.
EMP11231,Tyler Robles,Finance,Manager,54675.64,2020-12-21,alyssafletcher@hotmail.com,Character prevent.
EMP11232,Melissa Wallace,Sales,Intern,54675.64,2021-09-04,clarencedixon@hotmail.com,See cold act.
EMP11233,Ivan Hardy,IT,Manager,54675.64,2023-02-13,ramirezalexandra@hotmail.com,Office little.
EMP11234,Ms. Heidi Sharp,Finance,Intern,54675.64,2020-02-19,johnprice@hotmail.com,Treat today century.
EMP11235,Amy Fleming,IT,Manager,54675.64,2021-04-03,matthew66@moss.com,Yeah sit effect.
EMP11236,William Thompson,HR,Executive,54675.64,2020-02-01,aharris@hotmail.com,Could unit chair.
EMP11237,Antonio Harrington,Sales,Analyst,54675.64,2023-05-17,ijones@gmail.com,Money general Mrs.
EMP11238,James Howard,IT,Manager,54675.64,2023-05-02,abarnes@brown.com,Spring build trade.
EMP11239,Richard Erickson,Finance,Analyst,54675.64,2022-09-18,bgreen@gmail.com,Local treatment.
EMP11240,Austin Buckley,Finance,Analyst,54675.64,2023-01-15,zturner@gmail.com,Environmental.
EMP11241,Jennifer Buchanan,Sales,Analyst,54675.64,2020-09-17,sbishop@yahoo.com,Attention she share.
EMP11242,Heidi Williams,HR,Manager,54675.64,2021-09-25,mikesantiago@yahoo.com,That population.
EMP11243,Kyle Burns,IT,Analyst,54675.64,2022-03-18,owatson@hotmail.com,Letter ask property.
EMP11244,Spencer Newman,Finance,Manager,54675.64,2022-08-25,johnsonalexis@rodriguez-wood.com,Do certain city.
EMP11245,Daniel Perkins,HR,Intern,54675.64,2021-04-19,lisaedwards@edwards.com,Test discuss become.
EMP11246,Lori Robinson,Finance,Analyst,54675.64,2022-02-04,ginaharris@yahoo.com,Former some able.
EMP11247,Valerie Wilson,Sales,Intern,54675.64,2023-04-28,christopher67@peck.com,Several blood fill.
EMP11248,Jeffrey Ellis,Finance,Analyst,54675.64,2023-07-05,jacquelinemcdonald@hunt.biz,Husband environment.
EMP11249,Daniel Cameron,HR,Manager,54675.64,2022-03-18,suzanne86@weber-kim.com,Heavy feel feel hot.
EMP11250,Travis Burton,Finance,Manager,54675.64,2021-05-19,kathleen90@gmail.com,Region current low.
EMP11251,Jessica Macias,HR,Intern,54675.64,2021-05-18,stewartandrea@ortega.org,True total gas.
EMP11252,Chad Montgomery,Sales,Intern,54675.64,2021-08-05,david89@smith-day.org,Style under.
EMP11253,Amy Wilson,Sales,Executive,54675.64,2023-06-09,wandaking@rogers-wilson.com,Tree money lawyer.
EMP11254,Harry Mitchell,Sales,Executive,54675.64,2021-03-09,campbellrachel@hotmail.com,Task draw analysis.
EMP11255,Christopher Nelson,Finance,Executive,54675.64,2021-02-09,lauraschwartz@gibson-harper.com,Realize professor.
EMP11256,Austin Martin,Sales,Analyst,54675.64,2022-06-21,belindasmith@smith.org,Prepare seven ready.
EMP11257,Michael Espinoza,Sales,Intern,54675.64,2021-05-09,alison09@jenkins.com,Fine it community.
EMP11258,Mark Hughes,Sales,Executive,54675.64,2023-06-15,odiaz@gmail.com,Beautiful chair.
EMP11259,Kevin Stafford,HR,Intern,54675.64,2020-12-30,ybruce@tyler-combs.com,Nor entire pick.
EMP11260,Jessica Williams,Sales,Executive,54675.64,2023-12-13,lewisaaron@mendez.com,Agency easy one.
EMP11261,Joseph Padilla,Finance,Intern,54675.64,2023-10-13,navarrolucas@gmail.com,Study respond.
EMP11262,Jennifer Brown,Finance,Intern,54675.64,2022-11-13,thomasdillon@yahoo.com,Including age list.
EMP11263,Bradley Johnson,Sales,Executive,54675.64,2020-06-12,nataliesmith@yahoo.com,Conference oil.
EMP11264,Brent Garcia,Finance,Analyst,54675.64,2022-03-31,christophermorgan@fuller.com,One through than.
EMP11265,Mary Cross,Sales,Executive,54675.64,2020-07-28,robertkelly@gmail.com,Couple produce.
EMP11266,Natalie Warren,Sales,Intern,54675.64,2021-09-10,mirandarobert@gmail.com,Deal help drug.
EMP11267,Suzanne Hernandez,Finance,Manager,54675.64,2022-07-10,anne73@hotmail.com,Ahead federal.
EMP11268,Eric Decker,IT,Analyst,54675.64,2020-08-18,kwade@gmail.com,Benefit others.
EMP11269,James Long,Finance,Analyst,54675.64,2020-11-07,tmyers@hotmail.com,Entire player term.
EMP11270,Leslie Coleman,HR,Manager,54675.64,2021-08-23,melissa13@quinn.net,By cost table.
EMP11271,Michael Hayes,HR,Executive,54675.64,2021-07-08,bakerrachael@hotmail.com,Debate specific.
EMP11272,Robert Weaver,IT,Intern,54675.64,2022-03-19,mhudson@berry-lewis.com,How send to entire.
EMP11273,Kathleen Blake,HR,Executive,54675.64,2021-04-17,anthony87@sanders.biz,Standard really.
EMP11274,Mary Moore,Finance,Intern,54675.64,2022-07-08,alex88@yahoo.com,Provide stay.
EMP11275,Shelby Stanton,Finance,Manager,54675.64,2023-03-19,amandagarcia@gmail.com,Political level.
EMP11276,Jennifer Robbins,HR,Intern,54675.64,2020-10-28,ronald04@harrison.com,Try understand.
EMP11277,Steven Jimenez,Sales,Intern,54675.64,2020-01-23,tparker@miller.com,Firm population red.
EMP11278,Jennifer Coleman,HR,Executive,54675.64,2023-09-25,moralesnicholas@hill-hogan.com,Offer listen likely.
EMP11279,James Bowman,IT,Intern,54675.64,2022-10-20,cstevens@hotmail.com,Fear box another.
EMP11280,Derek Burgess,HR,Executive,54675.64,2022-07-18,briangray@zimmerman.com,Paper but choice.
EMP11281,Kevin Hurley,IT,Executive,54675.64,2021-01-29,grayjack@gmail.com,All up evening.
EMP11282,Carlos Fry,IT,Analyst,54675.64,2022-07-27,robert62@gmail.com,Kind point surface.
EMP11283,Samuel Powell,Finance,Manager,54675.64,2023-09-13,deniseclark@gmail.com,Expert general site.
EMP11284,Charles Garcia,HR,Executive,54675.64,2023-10-13,cameron94@gmail.com,So vote land parent.
EMP11285,Laura Raymond,Sales,Manager,54675.64,2023-11-19,hartmanmelissa@yahoo.com,Series officer.
EMP11286,Adrienne Evans,IT,Analyst,54675.64,2022-03-21,shirleysmith@conley-freeman.net,Kind if pay ball.
EMP11287,Deborah Tran,HR,Executive,54675.64,2023-07-28,bryanfranklin@yahoo.com,Case present.
EMP11288,Samuel Shaw,HR,Manager,54675.64,2020-01-31,xsilva@wright.com,Up former this born.
EMP11289,Jeffrey Smith,Finance,Analyst,54675.64,2022-01-10,cynthia76@garcia.org,Yes market others.
EMP11290,Jessica Jacobson,Sales,Analyst,54675.64,2023-07-03,travis29@pierce.com,Century too of.
EMP11291,Kimberly Mata,Sales,Intern,54675.64,2021-04-02,kevin99@moore.info,Back firm daughter.
EMP11292,Joshua Mills,HR,Intern,54675.64,2022-09-19,vwright@simon-ayers.org,Forward other.
EMP11293,Jenna Potter,Sales,Manager,54675.64,2023-09-12,cameron08@lewis.com,Usually baby unit.
EMP11294,Isaac Miranda,IT,Executive,54675.64,2023-04-11,mrush@yahoo.com,Star company Mr.
EMP11295,Shelley Ryan,Finance,Intern,54675.64,2020-07-04,hebertbrandon@gmail.com,Guy step all exist.
EMP11296,Travis Stokes,HR,Executive,54675.64,2020-10-02,tmitchell@hotmail.com,Ten section now.
EMP11297,Nathaniel Powell,Sales,Intern,54675.64,2021-08-14,mendozajason@smith.com,According operation.
EMP11298,Ryan Whitaker,HR,Intern,54675.64,2023-04-28,lorihurst@yahoo.com,Short parent.
EMP11299,Kristopher Brown,Sales,Manager,54675.64,2021-03-20,stephanieneal@gmail.com,Make gun party.
EMP11300,Jessica Russell,IT,Intern,54675.64,2022-03-13,tuckermatthew@yahoo.com,Get get.
EMP11301,Aaron Day,HR,Analyst,54675.64,2023-10-23,brian05@perry-gillespie.net,As scene owner law.
EMP11302,Johnathan Walker PhD,Finance,Intern,54675.64,2023-10-14,sabrinajohnson@gmail.com,Measure ask.
EMP11303,Natalie Dominguez,Sales,Intern,54675.64,2020-05-04,nathanielwilson@yahoo.com,Significant reach.
EMP11304,Richard Lara,Finance,Manager,54675.64,2020-01-09,harriskelsey@gmail.com,Energy area or.
EMP11305,Stanley Martinez,Finance,Manager,54675.64,2023-02-02,wfoley@thompson.biz,Street instead.
EMP11306,Harold Mendez,IT,Analyst,54675.64,2020-04-03,mollysullivan@kerr.info,Offer note game.
EMP11307,Christopher Levy,IT,Manager,54675.64,2020-01-22,megan96@velasquez.biz,Choose month size.
EMP11308,John Ashley,Sales,Intern,54675.64,2020-12-29,myates@watson.com,Probably as tend.
EMP11309,Christopher Anthony,HR,Analyst,54675.64,2020-12-11,latkins@gmail.com,Here take.
EMP11310,Kristin Sanchez,Sales,Intern,54675.64,2021-07-02,cynthiamiller@yahoo.com,Imagine final.
EMP11311,Colleen Jones,Sales,Intern,54675.64,2020-09-11,thomasanthony@aguilar-krueger.com,Example various one.
EMP11312,Jordan Shaffer,IT,Analyst,54675.64,2022-01-16,mariaberger@thomas.biz,Down behind soon.
EMP11313,Susan Bates,Sales,Manager,54675.64,2022-09-22,joshua61@gmail.com,Build enter step.
EMP11314,Brandon Jones,Sales,Manager,54675.64,2023-12-26,lsalas@mason.com,His unit even.
EMP11315,Lisa Brady,HR,Intern,54675.64,2022-09-30,amber31@liu.info,Season likely yard.
EMP11316,Billy Ross,Sales,Manager,54675.64,2020-05-09,ricky28@rodriguez.com,Cold area employee.
EMP11317,Aaron Allen,HR,Executive,54675.64,2022-01-10,fcox@yahoo.com,Need light surface.
EMP11318,Brian Chung,Sales,Analyst,54675.64,2021-09-07,alopez@haney.com,Choice activity.
EMP11319,Paul Tucker,IT,Analyst,54675.64,2020-11-01,melissaray@rivera.info,Generation happy.
EMP11320,Patrick Robbins,Sales,Intern,54675.64,2021-01-15,florestaylor@hotmail.com,Lose appear story.
EMP11321,Tyler Lopez,HR,Intern,54675.64,2023-11-04,john21@smith.org,Poor event medical.
EMP11322,Anthony Davis,Finance,Analyst,54675.64,2021-06-01,albert63@hebert.net,Responsibility.
EMP11323,Jeffrey Marsh,HR,Intern,54675.64,2021-10-23,hjones@taylor.com,Direction smile.
EMP11324,Mrs. Susan Cole,Sales,Analyst,54675.64,2022-08-15,teresa71@yahoo.com,Impact pretty.
EMP11325,Dwayne Gonzales,Sales,Analyst,54675.64,2022-06-25,bianca95@hotmail.com,Southern follow.
EMP11326,Kenneth Jones,Sales,Executive,54675.64,2021-04-26,ericksonwhitney@burns.com,Guy fine father.
EMP11327,Aaron Medina,HR,Analyst,54675.64,2021-09-25,ortegaamy@gmail.com,Field there arrive.
EMP11328,Nicholas Lane,HR,Executive,54675.64,2022-09-07,ricekaren@yahoo.com,Light call memory.
EMP11329,James Lozano,IT,Intern,54675.64,2020-03-17,bryan68@gmail.com,Senior without.
EMP11330,Lauren Bradford,Sales,Manager,54675.64,2021-11-15,oliverruth@yahoo.com,Upon eat public.
EMP11331,Catherine Kelly,Finance,Manager,54675.64,2020-07-28,christinefigueroa@moore.com,What since.
EMP11332,Andrea Rojas,HR,Executive,54675.64,2020-11-07,gbond@moran-tran.com,Require buy live.
EMP11333,Jeremy Craig,HR,Intern,54675.64,2020-04-14,felicia40@terrell.com,Next into focus.
EMP11334,Beverly Schultz,HR,Analyst,54675.64,2023-05-24,hollyflowers@gmail.com,Black.
EMP11335,Lisa Dixon,HR,Analyst,54675.64,2020-08-16,dhill@gmail.com,Stand story still.
EMP11336,Edward Nelson,Finance,Analyst,54675.64,2021-05-30,jason99@hotmail.com,View section force.
EMP11337,Donna Schaefer,IT,Analyst,54675.64,2023-11-12,atkinsonlindsey@hotmail.com,Receive threat off.
EMP11338,William Thompson,Finance,Analyst,54675.64,2020-11-29,thomas07@beard-anderson.com,Situation professor.
EMP11339,Susan Bowman,Finance,Intern,54675.64,2020-03-27,vrice@davis-perry.com,Machine sister.
EMP11340,Dean Turner,HR,Executive,54675.64,2021-05-08,youngstephen@wallace-floyd.biz,Rock president.
EMP11341,Adrian Sparks,HR,Intern,54675.64,2023-06-17,donaldscott@lee.org,Kind to term follow.
EMP11342,Sharon Taylor,Sales,Executive,54675.64,2020-11-09,udelacruz@houston.com,Pay if car weight.
EMP11343,Michael White,IT,Executive,54675.64,2020-04-20,wberry@miller.com,They little phone.
EMP11344,Cassandra Miller,IT,Intern,54675.64,2020-07-14,igordon@bishop.net,Or time quite water.
EMP11345,Amanda Dorsey,IT,Manager,54675.64,2022-01-24,mcclurekristina@rogers.com,Customer too anyone.
EMP11346,Tyler Robertson,Sales,Intern,54675.64,2021-07-05,tinabryant@huerta.com,Yeah action create.
EMP11347,Scott Jimenez,IT,Manager,54675.64,2020-09-10,juliadickson@hotmail.com,Though city race.
EMP11348,Angela Cardenas,Finance,Executive,54675.64,2020-03-14,zcross@hotmail.com,Hour collection.
EMP11349,Marc Wright,HR,Intern,54675.64,2022-06-21,rebeccahamilton@yahoo.com,Recently day their.
EMP11350,Kristina Smith,Finance,Executive,54675.64,2021-12-27,michellehogan@hotmail.com,Piece treat.
EMP11351,Tara Smith,Finance,Manager,54675.64,2023-08-06,lauren88@knapp.org,Reality feeling.
EMP11352,Tonya Andrews,IT,Executive,54675.64,2021-09-23,latoya34@hotmail.com,Middle important.
EMP11353,Bruce Simmons,HR,Intern,54675.64,2022-02-18,rebeccafitzgerald@powell.com,Order campaign age.
EMP11354,Daniel Wilson,IT,Manager,54675.64,2023-06-20,katherineavery@evans.org,Whether bit.
EMP11355,Evelyn Torres,IT,Manager,54675.64,2023-06-14,kennethwright@yahoo.com,These animal same.
EMP11356,Nancy Carter,HR,Executive,54675.64,2023-03-05,barryjoyce@king-barrett.com,Very crime.
EMP11357,James Martin,Sales,Executive,54675.64,2023-12-27,drew67@gmail.com,Voice people.
EMP11358,Steven Fernandez,Sales,Manager,54675.64,2020-05-18,christinemonroe@hotmail.com,Actually cell.
EMP11359,Kelly Young,Sales,Executive,54675.64,2022-08-15,barbarahampton@martin-mendoza.com,Reality knowledge.
EMP11360,Kristen Evans,HR,Analyst,54675.64,2023-03-27,robert81@martinez-baker.org,Economy stand wrong.
EMP11361,Jesus Taylor,Finance,Manager,54675.64,2022-06-24,angela94@grant.com,Do inside child.
EMP11362,Steven Hopkins,Finance,Manager,54675.64,2021-06-13,mirandastacy@hotmail.com,Best somebody child.
EMP11363,Jessica Page,HR,Analyst,54675.64,2021-09-17,alicia71@gmail.com,None on enter ok it.
EMP11364,Mary Pineda,IT,Intern,54675.64,2020-05-13,jeffrey51@yahoo.com,Chance doctor.
EMP11365,Bridget Newton,IT,Intern,54675.64,2023-01-08,williamsstephen@pratt-todd.org,Bad road adult.
EMP11366,Kimberly Lopez,HR,Intern,54675.64,2021-04-09,becky84@todd-park.com,Rather month.
EMP11367,John Banks,IT,Intern,54675.64,2022-02-11,carol91@gmail.com,Mean indicate too.
EMP11368,Jennifer Turner,IT,Analyst,54675.64,2021-08-26,mooretimothy@oliver.com,Mr later choice.
EMP11369,Ryan King,Sales,Analyst,54675.64,2020-12-15,shannon01@gmail.com,Charge throughout.
EMP11370,Nicole Humphrey,HR,Executive,54675.64,2023-03-14,ibrooks@yahoo.com,Thank across whose.
EMP11371,Thomas Hunter,Sales,Analyst,54675.64,2022-04-09,brian98@miles.org,City billion over.
EMP11372,Jennifer Page,Finance,Analyst,54675.64,2021-07-12,donald71@yahoo.com,Along operation him.
EMP11373,Eric Frank,Finance,Intern,54675.64,2020-10-21,melissacain@yahoo.com,Back discuss style.
EMP11374,Jeffrey Yang,Finance,Intern,54675.64,2023-02-25,kevinleach@yahoo.com,Without woman.
EMP11375,Kimberly Simmons,Finance,Executive,54675.64,2022-04-06,mccoyjason@dominguez.com,Run past general.
EMP11376,Stephanie Morris,IT,Analyst,54675.64,2023-10-26,wilsonsabrina@clark.com,With dream foreign.
EMP11377,Dr. Janet Patrick,IT,Manager,54675.64,2023-04-04,michael41@hotmail.com,Lose teach pass can.
EMP11378,Raven Santiago,Sales,Intern,54675.64,2021-11-26,kochcatherine@martin.com,Different decide.
EMP11379,Lawrence Reese,HR,Intern,54675.64,2023-06-23,sarahgarcia@galloway.com,Stand hair.
EMP11380,Sarah Lane,IT,Analyst,54675.64,2023-11-22,devin77@ewing.com,Much strong middle.
EMP11381,Stephen Beasley,HR,Analyst,54675.64,2023-01-29,blake57@hotmail.com,Seem west food.
EMP11382,Ana Garza,Sales,Executive,54675.64,2020-06-07,pfitzgerald@hotmail.com,Toward along bed no.
EMP11383,Adam Tran,Finance,Executive,54675.64,2023-05-05,ltorres@yahoo.com,Order generation.
EMP11384,Eric Costa,IT,Analyst,54675.64,2021-10-18,heatherwilliams@ramirez.org,Factor change key.
EMP11385,Linda Davis,Finance,Analyst,54675.64,2022-10-24,samanthaross@young-harding.org,Science approach.
EMP11386,Alicia Rivas,Sales,Manager,54675.64,2021-09-10,wwright@gmail.com,Raise later place.
EMP11387,Mrs. Marissa Anderson PhD,HR,Executive,54675.64,2020-08-03,qramirez@yahoo.com,But look contain.
EMP11388,Steven Hayden,IT,Manager,54675.64,2022-10-26,masonmichael@gomez-allen.biz,Return by how.
EMP11389,William Kerr,HR,Manager,54675.64,2023-03-27,davidsonglenda@wilson.com,Yourself strategy.
EMP11390,Ariana Smith,HR,Analyst,54675.64,2022-06-05,dsummers@kim.com,First suddenly put.
EMP11391,Lindsay Rivera,Finance,Analyst,54675.64,2022-04-22,vhall@carroll.info,Blood gun cultural.
EMP11392,Krista Long DVM,IT,Analyst,54675.64,2021-08-25,james00@hobbs-martinez.org,Well occur face.
EMP11393,Holly Gilbert,Sales,Manager,54675.64,2023-07-12,juliansmith@chambers-peterson.com,Soldier talk sort.
EMP11394,Thomas Smith,IT,Manager,54675.64,2021-02-11,baxterjames@cox-palmer.biz,Idea however.
EMP11395,Brett Vasquez,HR,Executive,54675.64,2020-01-13,acostabrenda@costa.info,Eat determine catch.
EMP11396,Elizabeth Stanley,Finance,Executive,54675.64,2022-04-02,ijoseph@yahoo.com,Shake campaign.
EMP11397,Julie Rivera,HR,Intern,54675.64,2021-08-26,dennismacias@delgado.com,Possible outside.
EMP11398,David Ramos,HR,Executive,54675.64,2020-12-22,ddavis@hotmail.com,Nature new six baby.
EMP11399,Jackie Mata,IT,Intern,54675.64,2023-07-22,sherry58@gmail.com,Mean produce feel.
EMP11400,Linda Jones,HR,Executive,54675.64,2020-10-29,jenningsjacqueline@peterson.com,Tend former happy.
EMP11401,Maxwell Brown,IT,Intern,54675.64,2020-09-08,emullen@nguyen.com,Relate stand the.
EMP11402,Chelsea Wood,IT,Executive,54675.64,2021-08-05,caldwellchristy@white.com,Continue continue.
EMP11403,Benjamin Jones,HR,Executive,54675.64,2022-04-14,williamsmichael@baker-fox.com,Shoulder hour both.
EMP11404,Derek Garcia,Finance,Manager,54675.64,2022-03-18,cameron54@yahoo.com,Wall draw candidate.
EMP11405,Barbara Ramirez,HR,Analyst,54675.64,2020-04-03,williamweaver@gilbert.com,Others pull than.
EMP11406,Rebecca Marsh DDS,Finance,Executive,54675.64,2020-01-31,pcrosby@yahoo.com,Increase deep.
EMP11407,Megan Nolan,HR,Manager,54675.64,2020-10-27,samanthamartin@yahoo.com,Approach least year.
EMP11408,Michael Wallace,Sales,Manager,54675.64,2023-02-01,miguelharris@yahoo.com,Majority anything.
EMP11409,John Gomez,Sales,Analyst,54675.64,2020-11-05,brett30@yahoo.com,Law term station.
EMP11410,Charles Smith,Sales,Executive,54675.64,2020-11-24,brandy90@simmons.net,I sea economic full.
EMP11411,Kyle Olsen,HR,Intern,54675.64,2023-01-26,andersondouglas@hotmail.com,Discover mother.
EMP11412,Kenneth Tucker,HR,Intern,54675.64,2021-02-14,rmyers@hotmail.com,Carry space medical.
EMP11413,James Wilson,Finance,Analyst,54675.64,2020-02-21,hicksjohn@garcia.com,Fine ok property.
EMP11414,Travis Berg,Sales,Analyst,54675.64,2021-07-20,michael13@price-schmidt.net,Close service seem.
EMP11415,Matthew Smith,IT,Analyst,54675.64,2022-11-16,uperez@jones.org,Deal growth every.
EMP11416,Alexandra Smith,Sales,Executive,54675.64,2022-05-14,brian99@gmail.com,Left baby national.
EMP11417,Christina Castaneda,Sales,Executive,54675.64,2020-04-25,sarahfreeman@gmail.com,Offer into even.
EMP11418,Valerie Allison,IT,Executive,54675.64,2023-10-20,margaretwalsh@yahoo.com,Why goal send while.
EMP11419,Amanda Wise,Sales,Manager,54675.64,2021-11-15,garciayolanda@hotmail.com,Blood move perform.
EMP11420,Nicholas Ramos,Sales,Intern,54675.64,2021-03-02,floresashley@hotmail.com,Design police bar.
EMP11421,Ashley Harper,Finance,Manager,54675.64,2021-07-07,kevin90@yahoo.com,Our election night.
EMP11422,Rachel Carpenter,Sales,Manager,54675.64,2022-02-12,christopher62@rodriguez-moore.com,Wrong strategy old.
EMP11423,Devon Barker,IT,Executive,54675.64,2020-10-30,fuentesmichele@wells-kane.org,Car throw make.
EMP11424,Mr. Wayne Hoover,IT,Analyst,54675.64,2023-03-29,knightshelley@torres.com,First number.
EMP11425,Wesley Walls,Sales,Analyst,54675.64,2020-12-07,fphillips@hotmail.com,Policy best.
EMP11426,Sara Morris,HR,Manager,54675.64,2021-11-23,mikewilson@shields-burnett.com,Better over bar.
EMP11427,Brenda Giles,Sales,Analyst,54675.64,2023-07-30,hernandezmonica@stanley.biz,Yet type easy staff.
EMP11428,Billy Holland MD,IT,Manager,54675.64,2020-10-22,qwilliams@gmail.com,Lead after heart.
EMP11429,Dustin White,IT,Analyst,54675.64,2020-04-03,joanmurray@sandoval-moore.com,Party school among.
EMP11430,Courtney Cohen,IT,Executive,54675.64,2023-04-01,alicia21@jacobson.com,Six glass car quite.
EMP11431,Matthew Garcia,HR,Manager,54675.64,2021-09-21,kevinpowell@pierce.com,Remember majority.
EMP11432,Todd Little,HR,Intern,54675.64,2022-08-15,christina90@yahoo.com,Task north military.
EMP11433,Allison Phillips,HR,Manager,54675.64,2023-11-09,travisjames@conway.com,Phone unit lawyer.
EMP11434,Michelle Reed,Sales,Analyst,54675.64,2023-06-11,thompsondennis@yahoo.com,Him sign indicate.
EMP11435,Alexander Nixon,IT,Executive,54675.64,2020-06-03,griffithrachel@hotmail.com,Believe tough.
EMP11436,Samantha Gomez,Sales,Executive,54675.64,2020-10-04,moorealexander@yahoo.com,Face affect wonder.
EMP11437,Robert Jones,Sales,Intern,54675.64,2021-05-19,simpsoneric@yahoo.com,Detail type public.
EMP11438,Andrew Martinez,HR,Executive,54675.64,2021-09-14,cmcdonald@woods.biz,Employee parent.
EMP11439,Luis Gilbert,Sales,Executive,54675.64,2020-05-30,warnertammy@king.com,Anything than grow.
EMP11440,Mackenzie Johnson,Finance,Manager,54675.64,2020-06-29,wallacedavid@black-huber.com,Old light glass our.
EMP11441,William Clark,HR,Executive,54675.64,2023-08-07,pamela41@gonzalez.com,Answer short visit.
EMP11442,Angel Baker,HR,Analyst,54675.64,2023-12-02,ortizsheri@rodriguez.org,Any training three.
EMP11443,Michael Castro,IT,Intern,54675.64,2020-07-26,seanpruitt@hotmail.com,Need help door.
EMP11444,Keith Montgomery,Finance,Intern,54675.64,2020-05-07,robinsonanthony@mcdonald-copeland.biz,Send authority red.
EMP11445,Robin Day,Finance,Manager,54675.64,2020-01-23,mercerbrian@hotmail.com,Operation nature.
EMP11446,Rachael Sanchez,Finance,Analyst,54675.64,2022-10-27,jacobgross@hotmail.com,Across run little.
EMP11447,Paige Benjamin,IT,Executive,54675.64,2021-05-02,lindsay77@reid.com,Customer different.
EMP11448,Laura Small,Sales,Manager,54675.64,2020-11-07,rhays@white.com,Control someone.
EMP11449,Michael Rivera,Sales,Analyst,54675.64,2021-10-23,mcintoshcarolyn@yahoo.com,Clear child parent.
EMP11450,Michael Valdez,IT,Executive,54675.64,2021-08-27,arobinson@carlson-morris.info,Along leg exist.
EMP11451,Steven Scott,Sales,Manager,54675.64,2021-02-07,mackenzierobinson@george.com,Describe result.
EMP11452,Keith Reyes,Finance,Intern,54675.64,2022-02-12,michelle39@gmail.com,Economy condition.
EMP11453,Edward Kaufman,IT,Executive,54675.64,2021-04-01,uporter@ponce.com,Man agree spring.
EMP11454,Victor Gonzales,Finance,Intern,54675.64,2022-08-15,johnny92@hotmail.com,Manager whole what.
EMP11455,Jason Clay,Finance,Executive,54675.64,2020-12-10,roger87@hotmail.com,Position.
EMP11456,Kurt Allen,IT,Executive,54675.64,2021-10-01,tracyjones@hamilton.com,Thought give.
EMP11457,Jason Patton,HR,Intern,54675.64,2020-02-11,lking@yahoo.com,Case me specific.
EMP11458,Michelle Smith,IT,Executive,54675.64,2021-09-05,lgeorge@young-ortiz.org,Forward discover.
EMP11459,Joseph White,IT,Analyst,54675.64,2020-08-12,christy92@hotmail.com,TV suggest.
EMP11460,Christopher Hinton,HR,Executive,54675.64,2021-09-04,hollandtim@mcgee.com,While toward woman.
EMP11461,Peter Nichols,HR,Manager,54675.64,2022-07-11,richard01@hotmail.com,Lay age good record.
EMP11462,Charles Roach,Finance,Analyst,54675.64,2022-04-30,chloe01@yahoo.com,Look note cut.
EMP11463,Benjamin Gonzalez,HR,Executive,54675.64,2021-08-14,walkersarah@gmail.com,Of fish shake none.
EMP11464,Amber Nelson,HR,Manager,54675.64,2020-02-16,griffinbrandon@hotmail.com,Bed go feeling.
EMP11465,Mitchell Johnson,Finance,Manager,54675.64,2022-02-10,cynthia55@morrison.com,She situation.
EMP11466,Rachel Carpenter,Finance,Analyst,54675.64,2021-02-09,alex59@hotmail.com,Suddenly both.
EMP11467,Sheena Burke,Finance,Analyst,54675.64,2023-02-26,gtrujillo@yahoo.com,Rise pretty piece.
EMP11468,Tommy Martin,Finance,Analyst,54675.64,2023-04-17,ethomas@nelson.com,Recognize maintain.
EMP11469,Hannah Kim,IT,Intern,54675.64,2021-04-13,hughesjames@hotmail.com,Most trade debate.
EMP11470,Jacob Walsh,Finance,Intern,54675.64,2020-04-23,lewisrebecca@gmail.com,Public anything.
EMP11471,Mary Hicks,IT,Analyst,54675.64,2021-07-28,keithsaunders@carroll.info,Center turn social.
EMP11472,Molly Miller,Finance,Executive,54675.64,2023-03-31,john30@sanchez.com,Mrs occur able.
EMP11473,Andrea Roth,IT,Intern,54675.64,2020-01-29,scottmcmillan@james.com,Each interest.
EMP11474,Emma Smith,IT,Analyst,54675.64,2021-12-11,harveytraci@yahoo.com,Culture hold ball.
EMP11475,Mary Murphy,IT,Analyst,54675.64,2022-04-04,kwright@yahoo.com,Station model sing.
EMP11476,Timothy Stevenson,IT,Manager,54675.64,2021-04-04,margaretwarren@gmail.com,Night wife discover.
EMP11477,Daniel Baldwin,HR,Intern,54675.64,2020-10-15,bishopcurtis@yahoo.com,Interesting modern.
EMP11478,Tina Hernandez,IT,Analyst,54675.64,2020-12-31,oharris@hotmail.com,Machine civil.
EMP11479,David Watson,HR,Manager,54675.64,2023-01-30,jenniferanderson@hotmail.com,Until environment.
EMP11480,George Martinez,HR,Executive,54675.64,2021-12-05,ginarivera@hoffman.info,Both recently.
EMP11481,Stefanie Olson,IT,Manager,54675.64,2020-04-28,amandafinley@hotmail.com,Not road imagine.
EMP11482,Stephen Smith,Finance,Intern,54675.64,2023-12-12,kiddlaura@hotmail.com,Inside degree eat.
EMP11483,Kimberly Gregory,HR,Intern,54675.64,2021-04-09,pamelaedwards@yahoo.com,Quickly later cut.
EMP11484,Vickie Johnson,IT,Executive,54675.64,2020-04-13,sandysmith@jones.net,Rise along score.
EMP11485,Mia Hernandez,Sales,Manager,54675.64,2020-02-19,johnsonbruce@vasquez-young.biz,Gas animal.
EMP11486,Michael Wright,HR,Manager,54675.64,2022-05-03,jessica15@reed.biz,Subject high anyone.
EMP11487,Kathy Lopez,Finance,Analyst,54675.64,2022-03-27,cjuarez@gmail.com,Decision expert.
EMP11488,Matthew Wilkins,Sales,Manager,54675.64,2021-04-19,rodriguezlinda@yahoo.com,Rather development.
EMP11489,Dennis Adkins,HR,Intern,54675.64,2021-12-19,mcleansharon@smith-bauer.net,Strategy bank tax.
EMP11490,Vanessa Cole,IT,Intern,54675.64,2023-04-22,cody20@mejia.com,Everybody member.
EMP11491,Jason Jackson,IT,Executive,54675.64,2022-05-04,bradleygriffin@hotmail.com,Compare poor open.
EMP11492,Jerry Andrade,IT,Intern,54675.64,2023-03-09,smcdaniel@schultz-sanchez.info,Through food.
EMP11493,Diana Evans,IT,Manager,54675.64,2020-04-22,jason63@silva.info,Return car coach.
EMP11494,Dustin Huff,Finance,Intern,54675.64,2022-01-23,christina40@hotmail.com,Face deal deal.
EMP11495,Sarah Sanchez,Finance,Analyst,54675.64,2020-08-19,sarah13@king.net,More serve impact.
EMP11496,Anne Harper,HR,Analyst,54675.64,2020-05-16,rodriguezshannon@reynolds.com,Industry draw which.
EMP11497,Sarah Le,IT,Intern,54675.64,2021-09-14,jeffrey19@gmail.com,Talk cover way.
EMP11498,Amber Watson,Sales,Executive,54675.64,2022-05-26,sprice@walton-montoya.net,Day condition.
EMP11499,Cristina Matthews,HR,Analyst,54675.64,2022-07-13,buchananzachary@yahoo.com,Budget hot.
EMP11500,Julian Grant,Sales,Intern,54675.64,2023-04-03,lbrown@smith.biz,Phone particular.
EMP11501,Laurie Andrade,IT,Intern,54675.64,2023-11-29,smcguire@smith-brown.com,Best draw there.
EMP11502,Donna Lopez,IT,Manager,54675.64,2020-04-28,andrew68@yahoo.com,Civil treat.
EMP11503,Kyle Lee,IT,Executive,54675.64,2020-11-27,vanessa32@hotmail.com,Such voice.
EMP11504,Victoria Boyd,HR,Analyst,54675.64,2021-10-28,welchelizabeth@rivera.biz,Take from the art.
EMP11505,Angela Ramirez,Sales,Manager,54675.64,2023-07-27,rgrimes@hotmail.com,Number fall Mr.
EMP11506,Amanda Wilson,IT,Analyst,54675.64,2023-09-29,vwells@gmail.com,Scientist discover.
EMP11507,Jonathan Roberts,IT,Intern,54675.64,2020-06-25,michaelhoward@robinson.info,Only down first tax.
EMP11508,Anne Taylor,IT,Analyst,54675.64,2021-06-29,tuckerjason@moses.com,Region door control.
EMP11509,Margaret Hudson,HR,Executive,54675.64,2023-01-31,ginahutchinson@smith-quinn.com,Action research.
EMP11510,Rachel Mason,HR,Executive,54675.64,2023-02-21,chambersjill@hotmail.com,World floor road.
EMP11511,Connie Miller,IT,Executive,54675.64,2021-04-27,mcclainmary@moore.info,Weight age poor.
EMP11512,Patricia Rose,Sales,Manager,54675.64,2022-12-09,xyoung@yahoo.com,How race create.
EMP11513,Robert Brady,IT,Analyst,54675.64,2021-11-16,edwardsemily@gmail.com,Partner person rate.
EMP11514,Patrick Bullock,HR,Executive,54675.64,2020-09-22,hendrickscrystal@pittman.com,Low throw capital.
EMP11515,Kim White,IT,Manager,54675.64,2023-01-19,elizabethserrano@gmail.com,Since structure.
EMP11516,Erika Potter,Finance,Manager,54675.64,2020-09-19,jessicagraham@gmail.com,Military doctor.
EMP11517,Joseph Castillo,Sales,Manager,54675.64,2021-02-01,dfleming@nichols.net,Perhaps and.
EMP11518,Scott Bennett,Finance,Analyst,54675.64,2022-01-16,greenpamela@yahoo.com,Knowledge national.
EMP11519,Amanda Cordova,HR,Executive,54675.64,2021-02-02,courtneygonzalez@yahoo.com,A almost herself.
EMP11520,David Myers,Finance,Analyst,54675.64,2023-08-23,smithandrew@knox.com,International hold.
EMP11521,Lauren Ward,Sales,Manager,54675.64,2021-11-25,zshelton@mckee-graham.com,Day thing item.
EMP11522,Tammy Garcia,Sales,Analyst,54675.64,2020-12-29,doylemonique@rios.com,Song practice.
EMP11523,Jimmy Williams,Finance,Executive,54675.64,2020-07-05,hernandezlaura@gmail.com,Sign gun spring.
EMP11524,Diana Fox,IT,Intern,54675.64,2020-11-24,esanford@yahoo.com,Difference main can.
EMP11525,Mrs. Monica Martin DDS,Finance,Manager,54675.64,2022-10-14,jamesbrooks@hotmail.com,Gas expect concern.
EMP11526,Rebecca King,HR,Analyst,54675.64,2021-03-06,hbautista@yahoo.com,What candidate.
EMP11527,Alicia Nunez,Finance,Executive,54675.64,2022-11-22,grahamelizabeth@tran.com,Wide down point.
EMP11528,Mrs. Shannon Obrien,Finance,Executive,54675.64,2021-06-28,ule@wilson.com,Style student day.
EMP11529,Lindsey Lewis,HR,Executive,54675.64,2022-11-27,nicholas05@bender-brandt.net,Lot other computer.
EMP11530,Angel Powers,Finance,Executive,54675.64,2022-01-05,andersonpatrick@yahoo.com,Deal subject upon.
EMP11531,Cindy Bird,Finance,Manager,54675.64,2021-06-16,davidcobb@gmail.com,Task whole citizen.
EMP11532,Veronica Mccoy,HR,Manager,54675.64,2021-08-03,justinsmith@sullivan.com,Site worry and.
EMP11533,Ashley Swanson,Finance,Intern,54675.64,2022-07-27,garciateresa@hotmail.com,System agree happen.
EMP11534,Michelle Rios,Finance,Analyst,54675.64,2020-09-23,ccurry@hotmail.com,Force indicate side.
EMP11535,April Camacho,Sales,Executive,54675.64,2021-04-21,denisemcdaniel@gmail.com,Without response.
EMP11536,Julie Taylor,HR,Executive,54675.64,2023-04-26,wsimmons@hotmail.com,Single food trade.
EMP11537,Ethan Robinson,Sales,Manager,54675.64,2021-11-16,hadams@glover-castro.com,Either move sort.
EMP11538,Jason Duncan,HR,Intern,54675.64,2023-11-06,jacksonruben@holmes.com,Language skin plant.
EMP11539,Angela Petersen,IT,Analyst,54675.64,2021-03-31,kfuller@hall.com,All beat heart.
EMP11540,Teresa Gonzalez,Sales,Analyst,54675.64,2021-12-31,monicasims@yahoo.com,Way activity order.
EMP11541,Matthew Turner,IT,Manager,54675.64,2022-12-15,chill@ponce.com,Benefit ok letter.
EMP11542,Timothy Wright,Finance,Manager,54675.64,2020-12-28,millerjenny@olson-rodriguez.info,Situation company.
EMP11543,Steven Vasquez,IT,Manager,54675.64,2023-08-15,ccollins@yahoo.com,Effort enter her.
EMP11544,Brandon Smith,Finance,Intern,54675.64,2022-10-09,jbrown@hotmail.com,Same budget along.
EMP11545,Amber Mason,IT,Manager,54675.64,2020-10-30,katrinagibson@cooke-deleon.org,How evening still.
EMP11546,Jonathan Green,Finance,Intern,54675.64,2021-10-08,denise57@yahoo.com,Buy hand finally.
EMP11547,Renee Vega,Finance,Manager,54675.64,2020-04-08,christopher85@lee-ramirez.com,Million what.
EMP11548,Robert Wilson,IT,Manager,54675.64,2021-07-09,amandahamilton@yahoo.com,Finally keep media.
EMP11549,Nicole Clayton,Sales,Intern,54675.64,2020-05-13,shelby12@yahoo.com,Option hotel same.
EMP11550,Jennifer Compton,HR,Analyst,54675.64,2020-05-26,jennifer14@hotmail.com,Much speak choose.
EMP11551,John Garcia,Sales,Manager,54675.64,2020-08-15,glewis@yahoo.com,We true expect but.
EMP11552,Kelly Rasmussen,IT,Manager,54675.64,2023-06-09,amandaellis@cooper-villa.biz,Writer travel.
EMP11553,Garrett Strong,Finance,Intern,54675.64,2021-02-03,blairderrick@yahoo.com,Research program.
EMP11554,Annette Figueroa,IT,Analyst,54675.64,2023-11-19,tracy35@gmail.com,Wall move plant.
EMP11555,Heidi Massey,HR,Analyst,54675.64,2022-05-17,heather24@richardson-hanson.net,Education human.
EMP11556,Jeremy Peterson,IT,Intern,54675.64,2021-08-26,dawn91@gmail.com,Contain dinner.
EMP11557,Michael Carter,Sales,Executive,54675.64,2022-10-01,johnmeadows@hernandez.com,Room or the very.
EMP11558,Erica Campbell DDS,Finance,Executive,54675.64,2022-06-10,watsonbrian@yahoo.com,Create him measure.
EMP11559,Stephanie Compton DDS,Sales,Analyst,54675.64,2023-01-15,christophermack@yahoo.com,Cup significant in.
EMP11560,Tyler Hanna,Finance,Manager,54675.64,2021-02-22,mpearson@hotmail.com,Example personal on.
EMP11561,Charles Hunter,Sales,Analyst,54675.64,2022-12-19,richard64@yahoo.com,Task fund exactly.
EMP11562,David Baker,Sales,Manager,54675.64,2021-05-21,richardsoncarrie@walsh-hill.com,Born have new.
EMP11563,Tonya Jones,IT,Manager,54675.64,2021-10-18,bentleyjennifer@martinez-thompson.com,Music happy office.
EMP11564,Donald Ewing,HR,Manager,54675.64,2020-06-15,monicacantu@james.biz,Young finally Mr.
EMP11565,Victoria Murphy,Sales,Analyst,54675.64,2020-05-11,danielwilliamson@yoder.com,Age value site.
EMP11566,Michael Peterson,IT,Manager,54675.64,2023-04-14,tracy93@miller.info,Choice anyone add.
EMP11567,Sean Cardenas,Finance,Analyst,54675.64,2020-12-03,duarterodney@macdonald.com,Thousand tonight.
EMP11568,Lori Lowery,Finance,Manager,54675.64,2022-05-25,mcphersonamanda@yahoo.com,Church toward me.
EMP11569,Dennis Smith,Sales,Manager,54675.64,2020-03-02,lisa98@yahoo.com,Day production.
EMP11570,Ricardo Williams,Finance,Analyst,54675.64,2023-02-24,pbush@hotmail.com,Magazine address.
EMP11571,Gregory Smith,HR,Analyst,54675.64,2020-01-23,moorejohn@burton.biz,Across effect only.
EMP11572,Daniel Torres,IT,Intern,54675.64,2023-04-26,cunninghammonique@yahoo.com,Every memory us.
EMP11573,Tracy Owens,Sales,Manager,54675.64,2023-02-02,rebecca06@carter.com,Future professor.
EMP11574,James Lopez,HR,Intern,54675.64,2020-10-24,xalexander@johnson.net,Over few trouble.
EMP11575,Michael Kelly,IT,Manager,54675.64,2023-04-04,faulknerluke@lin.org,Test surface study.
EMP11576,Steven Cervantes,IT,Intern,54675.64,2022-04-30,natasha99@gmail.com,Anything station.
EMP11577,Hector Cole,Sales,Intern,54675.64,2022-10-06,donald79@gmail.com,Rather medical.
EMP11578,Brian Moss,Finance,Executive,54675.64,2020-02-27,reneesmith@yahoo.com,Wall put someone.
EMP11579,Eugene Johnson,IT,Analyst,54675.64,2021-03-22,reidjennifer@yahoo.com,Pass move outside.
EMP11580,Nicholas May,IT,Executive,54675.64,2021-03-18,wsimmons@gmail.com,Same kitchen.
EMP11581,Kenneth Myers,Finance,Intern,54675.64,2022-10-06,reneecharles@matthews.net,Computer same.
EMP11582,Misty Graves,Finance,Executive,54675.64,2022-09-21,kreeves@hotmail.com,Front provide vote.
EMP11583,Michael Jefferson,Sales,Executive,54675.64,2022-06-16,marco16@hale.com,One table history.
EMP11584,April Phillips,Sales,Analyst,54675.64,2022-01-24,srush@hoffman-rogers.info,Commercial see.
EMP11585,Christopher Hale,IT,Intern,54675.64,2020-12-02,guy06@hotmail.com,Site suddenly room.
EMP11586,Carla Elliott,Finance,Manager,54675.64,2020-09-25,jeremy11@yahoo.com,Tax right worry.
EMP11587,Kiara Mueller,Sales,Manager,54675.64,2020-02-25,kylemartinez@gmail.com,Score heart from.
EMP11588,Harry Johnson,Sales,Intern,54675.64,2022-09-27,christinemoore@robinson.com,Practice central.
EMP11589,Eric Morgan,Finance,Analyst,54675.64,2020-08-07,tylergrant@coleman-cole.com,Follow later.
EMP11590,Brandon Perry,Finance,Executive,54675.64,2022-11-06,martinezjose@yahoo.com,Understand inside.
EMP11591,Donna Wade,IT,Analyst,54675.64,2023-08-25,cannonmiranda@yahoo.com,Activity perhaps.
EMP11592,Beth Brennan,Finance,Manager,54675.64,2020-03-28,warechristopher@hotmail.com,Law cost no what.
EMP11593,Mrs. Kathleen White,Sales,Analyst,54675.64,2022-10-01,patricia87@hotmail.com,Report interest.
EMP11594,Steven Flores,Finance,Executive,54675.64,2021-04-26,saraclark@yahoo.com,Explain central.
EMP11595,Alexander Thompson,HR,Analyst,54675.64,2022-11-26,edwardatkinson@hotmail.com,Guess national.
EMP11596,Mary Burgess,IT,Manager,54675.64,2021-10-15,barbararamirez@yahoo.com,Oil when interview.
EMP11597,Mary Jenkins,Finance,Manager,54675.64,2023-02-10,leealejandro@hotmail.com,Way think employee.
EMP11598,Lisa Bradley,IT,Intern,54675.64,2020-07-16,patriciaburgess@yahoo.com,Base wide film.
EMP11599,Danny Hughes,Finance,Intern,54675.64,2022-07-25,campbellrobert@newman.com,Left society focus.
EMP11600,Timothy Anderson,HR,Intern,54675.64,2023-04-22,uosborne@yahoo.com,Tend phone bed.
EMP11601,Brianna Hogan,Sales,Manager,54675.64,2022-05-01,michealjackson@yahoo.com,Also risk sit into.
EMP11602,Julie Nelson DVM,Sales,Executive,54675.64,2021-02-10,michelewhite@glenn.info,Hair alone sing age.
EMP11603,Brittany Guerrero,Sales,Manager,54675.64,2021-02-19,jeanettesnow@green.com,Guess information.
EMP11604,Kelly Stewart,IT,Manager,54675.64,2022-01-12,alexander04@miller-hill.net,Deep effect.
EMP11605,Peter Austin,Sales,Analyst,54675.64,2023-02-11,conwaydavid@cooper.com,Financial piece.
EMP11606,Joann Parker,Sales,Intern,54675.64,2023-09-28,thomas97@gmail.com,Country eye tax.
EMP11607,Lee Wright,IT,Analyst,54675.64,2021-01-17,choffman@yahoo.com,Yard since detail.
EMP11608,Jennifer Robinson,IT,Executive,54675.64,2020-03-24,gabriel82@thompson.com,Reveal again pick.
EMP11609,Sharon Ewing,Sales,Executive,54675.64,2021-05-05,philipstrickland@gmail.com,Effect hold.
EMP11610,Tina Jones,Finance,Analyst,54675.64,2022-03-24,vstrickland@salazar-williams.biz,Here he receive.
EMP11611,Ian Mcmillan,HR,Manager,54675.64,2021-07-04,natalie93@yahoo.com,Real newspaper.
EMP11612,Andrew Fry,IT,Analyst,54675.64,2020-09-06,stephanie43@yahoo.com,Store example fly.
EMP11613,April Smith,HR,Analyst,54675.64,2021-09-10,julie77@conway.net,Relate foot plant.
EMP11614,Jennifer Poole,HR,Manager,54675.64,2023-12-12,mooreshelby@harris.com,Medical those even.
EMP11615,Craig Moore,IT,Intern,54675.64,2023-09-22,blakeolivia@marshall-banks.com,Who level health.
EMP11616,Mr. Christopher Roberts DVM,HR,Intern,54675.64,2021-08-19,robertturner@rodriguez-blair.info,About actually sign.
EMP11617,Tanya Payne,Finance,Intern,54675.64,2023-02-19,gonzalesstephanie@booker-adams.com,Protect reveal.
EMP11618,Brenda Bender,Sales,Analyst,54675.64,2023-07-04,yfrazier@kelly.com,Smile order cell.
EMP11619,James Lee,Finance,Analyst,54675.64,2020-12-30,shawn36@yahoo.com,Part reason special.
EMP11620,Andrea Bennett,HR,Manager,54675.64,2023-04-04,aguilarmichelle@phillips-perez.org,Onto issue second.
EMP11621,Jason Young,Sales,Intern,54675.64,2022-07-13,huberjeffrey@smith.net,Its need since.
EMP11622,Michelle Wheeler,IT,Manager,54675.64,2022-07-04,glenklein@hotmail.com,Hotel during power.
EMP11623,Zachary Long,Finance,Executive,54675.64,2022-12-01,kathryn35@hotmail.com,Fire less between.
EMP11624,Ashley Pollard,Sales,Executive,54675.64,2023-06-13,banderson@yahoo.com,Day above spend.
EMP11625,Steve Sanchez,IT,Analyst,54675.64,2022-06-01,paulaballard@hamilton-gonzales.com,Fall per bring with.
EMP11626,Diana Blevins,Finance,Executive,54675.64,2022-04-24,heatherhall@hotmail.com,Wish finally.
EMP11627,Nathaniel Contreras,Finance,Manager,54675.64,2023-05-23,williamjames@rowe.com,Do seven show major.
EMP11628,Megan Peterson DVM,Finance,Manager,54675.64,2020-02-28,rodriguezjason@dillon.com,Tonight although.
EMP11629,Kayla Jones,Finance,Executive,54675.64,2022-01-21,kristopher39@keller-bentley.biz,Who rich job.
EMP11630,Jennifer Lin,HR,Manager,54675.64,2023-11-19,kimberlyadams@hotmail.com,Goal rich low six.
EMP11631,Rhonda Jones,IT,Manager,54675.64,2020-12-08,eholloway@bailey.com,Near one notice.
EMP11632,Glenn Black,Sales,Analyst,54675.64,2023-06-21,ortizsean@martinez.com,Value need goal.
EMP11633,Alexandra Durham,IT,Manager,54675.64,2021-07-01,ashleybailey@mosley-sandoval.com,On anyone.
EMP11634,Jeffrey Franklin,HR,Analyst,54675.64,2020-10-10,cheryl49@green.com,Large house great.
EMP11635,Wendy Davis,HR,Manager,54675.64,2020-03-21,djohnson@valentine.com,Hold that eight.
EMP11636,Tony Washington,Sales,Analyst,54675.64,2021-08-06,owenmatthew@knight.com,Whatever purpose.
EMP11637,Angela Holland,Sales,Executive,54675.64,2021-05-27,plittle@gmail.com,Necessary employee.
EMP11638,Virginia Weiss,IT,Analyst,54675.64,2023-10-04,lsummers@glass.com,And avoid very.
EMP11639,Gregory Arroyo,Finance,Manager,54675.64,2021-03-11,ldavis@hotmail.com,Many mission throw.
EMP11640,Andrea Vaughan,Sales,Intern,54675.64,2022-02-09,brian18@baker-newton.com,Second standard.
EMP11641,Peter Morales,IT,Intern,54675.64,2023-07-16,allisonadams@davidson-murray.com,No career check.
EMP11642,Ronnie Robinson,Sales,Analyst,54675.64,2020-10-05,ymartinez@brady.net,Pay imagine heart.
EMP11643,Tiffany Wilcox,HR,Analyst,54675.64,2021-12-27,christopher81@lewis.com,Election until.
EMP11644,Katherine Mcmillan,HR,Analyst,54675.64,2023-08-06,xvelez@watts.com,Yourself imagine.
EMP11645,Brian Kidd,Finance,Executive,54675.64,2021-08-15,elizabethwilkerson@schultz.com,Return piece these.
EMP11646,Stephanie Harris,Finance,Manager,54675.64,2022-06-11,qharris@davis.com,Show face toward.
EMP11647,Leslie Reed,Finance,Analyst,54675.64,2021-04-15,elizabethjames@yahoo.com,Field standard.
EMP11648,Luis Brown,Finance,Intern,54675.64,2021-03-14,ckelly@jefferson-cole.com,Look pretty.
EMP11649,Juan Harrison,Sales,Executive,54675.64,2022-06-10,operkins@carpenter.com,Line past job hotel.
EMP11650,Ronald Williams,IT,Intern,54675.64,2023-07-22,anngriffin@miller-barnes.com,Senior option get.
EMP11651,Jennifer Robertson,HR,Analyst,54675.64,2020-05-20,nicole93@yahoo.com,Above specific rate.
EMP11652,Jose Martinez,IT,Analyst,54675.64,2021-11-09,twatson@morales.biz,End amount Mrs big.
EMP11653,Mary Chavez,HR,Manager,54675.64,2023-08-23,josephbutler@yahoo.com,Chair least so.
EMP11654,Jeremiah Thomas,Sales,Executive,54675.64,2022-02-12,heather59@warner.biz,Beat nice peace.
EMP11655,David Parks,Sales,Analyst,54675.64,2020-09-25,james97@gmail.com,Indeed product.
EMP11656,Zachary Tate,Finance,Manager,54675.64,2020-02-21,gkaiser@parrish.biz,Need issue year.
EMP11657,Melanie Burns,Sales,Analyst,54675.64,2021-05-19,mitchellmeghan@yahoo.com,Off front serious.
EMP11658,Johnathan Whitehead,HR,Intern,54675.64,2020-09-03,frank10@yahoo.com,Could work question.
EMP11659,Matthew Rhodes,Finance,Manager,54675.64,2022-05-04,amy46@yahoo.com,Over staff actually.
EMP11660,Jose Johnston,Sales,Executive,54675.64,2020-02-05,cshelton@gmail.com,Law police sport.
EMP11661,Thomas Green PhD,Sales,Intern,54675.64,2020-04-16,ejones@moreno.com,Cause keep.
EMP11662,Mary Johnson,Sales,Intern,54675.64,2022-08-18,hulllauren@yahoo.com,Opportunity bad.
EMP11663,Faith Doyle,IT,Executive,54675.64,2023-03-10,mcruz@yahoo.com,Series example.
EMP11664,Debra Roman,Sales,Executive,54675.64,2020-04-01,cunninghammaria@sullivan.biz,Clearly remain fear.
EMP11665,Brian Jones,IT,Intern,54675.64,2023-04-29,allenmolly@gmail.com,Beautiful people.
EMP11666,Mary Henderson,Finance,Analyst,54675.64,2023-04-21,perezlacey@west.net,Which again at.
EMP11667,April Jennings,IT,Executive,54675.64,2020-07-24,jamesparker@hotmail.com,Push notice.
EMP11668,Patricia Garcia,HR,Executive,54675.64,2022-05-29,smithashley@yahoo.com,Policy standard yes.
EMP11669,Devin Cook,Sales,Manager,54675.64,2021-12-11,oramirez@smith.biz,Again item good.
EMP11670,Stacey Mckay,Finance,Executive,54675.64,2020-02-10,mitchellmarcia@rogers.com,Explain evening.
EMP11671,Theresa Hernandez,HR,Manager,54675.64,2023-12-21,jacobmeyer@hotmail.com,Serve simply face.
EMP11672,Christopher Solis,Sales,Executive,54675.64,2021-12-03,ryanwilkins@armstrong-preston.com,Southern store.
EMP11673,Sharon Ward,IT,Analyst,54675.64,2023-09-23,tcoleman@jackson-garcia.biz,Mission compare lay.
EMP11674,Brittany Hanson,HR,Analyst,54675.64,2021-06-04,ariel32@nelson-christensen.org,Let country start.
EMP11675,John Smith,IT,Executive,54675.64,2022-01-11,philip35@pierce.com,Product difference.
EMP11676,Cheryl Williams,Sales,Manager,54675.64,2021-10-21,krista40@hotmail.com,It summer home pull.
EMP11677,Alejandro Moore,HR,Analyst,54675.64,2021-09-05,hectorthomas@mitchell.com,Third usually sort.
EMP11678,Jordan Ray,Sales,Analyst,54675.64,2020-10-12,timothyreid@blackwell.biz,Sort rock single.
EMP11679,Brian Villarreal,HR,Intern,54675.64,2023-11-08,mercerashley@ramirez.com,Build especially.
EMP11680,Kenneth Nash,Sales,Intern,54675.64,2021-08-06,andersonjenna@gmail.com,Through popular.
EMP11681,Connie Smith,IT,Analyst,54675.64,2020-09-12,dawn09@gibson.com,Rather whole item.
EMP11682,Kurt Thornton Jr.,Finance,Intern,54675.64,2020-04-03,williamsbradley@hotmail.com,Chair western true.
EMP11683,Keith King,IT,Manager,54675.64,2021-10-31,sarahadams@gmail.com,Talk along crime.
EMP11684,Curtis Bernard,Finance,Executive,54675.64,2020-01-31,joneslinda@austin.org,Population because.
EMP11685,Sean Rodriguez,HR,Analyst,54675.64,2021-08-30,henry14@gmail.com,Step step discover.
EMP11686,Cody Allen,Sales,Analyst,54675.64,2023-08-08,tinabrown@gmail.com,Behind mention see.
EMP11687,Jimmy Jenkins,Sales,Intern,54675.64,2021-11-11,blackralph@brown.biz,Clearly Mr west.
EMP11688,Lydia Lopez,IT,Analyst,54675.64,2021-07-26,oware@hotmail.com,Service situation.
EMP11689,Anita Woodward,Finance,Analyst,54675.64,2022-07-13,douglas94@gmail.com,Pull especially.
EMP11690,Sandra Anderson,Finance,Analyst,54675.64,2022-02-11,andrea01@bartlett.biz,Claim who goal.
EMP11691,Arthur Walker,HR,Analyst,54675.64,2021-10-21,rwaller@martin.info,Whether PM bar.
EMP11692,Joshua Collier,Sales,Executive,54675.64,2022-08-31,gmcdonald@gmail.com,System individual.
EMP11693,Tina Lee,Finance,Intern,54675.64,2023-06-12,scottwarren@yahoo.com,Thing personal more.
EMP11694,Timothy Lawson,Finance,Intern,54675.64,2020-10-11,olee@clay.com,Choice catch public.
EMP11695,Keith Davis,Sales,Analyst,54675.64,2021-05-29,bryan84@gmail.com,Player class write.
EMP11696,Ronnie Nielsen,IT,Analyst,54675.64,2020-12-05,swinters@gilbert.org,Serve international.
EMP11697,Kathryn Morales,Sales,Analyst,54675.64,2021-06-20,garcialinda@bishop.com,Chance themselves.
EMP11698,Michael Scott,Finance,Executive,54675.64,2020-08-20,awilliams@yahoo.com,Feeling day risk.
EMP11699,Danielle Carlson,IT,Manager,54675.64,2020-11-20,rsmith@gmail.com,Training stop fund.
EMP11700,James Middleton,HR,Manager,54675.64,2022-12-14,gina40@hotmail.com,Stop build magazine.
EMP11701,Ann Fletcher,Sales,Analyst,54675.64,2022-07-13,amandacharles@hamilton.com,Size strategy along.
EMP11702,Katelyn Ortiz,Sales,Executive,54675.64,2023-06-19,katie92@gmail.com,Amount network.
EMP11703,Joanne Jones,IT,Executive,54675.64,2021-09-28,wcarter@rogers.com,Leg choice stuff.
EMP11704,Calvin Peterson,Finance,Intern,54675.64,2023-08-13,james83@yahoo.com,Account sometimes.
EMP11705,Michelle Hill,IT,Manager,54675.64,2020-05-09,lawsonjessica@poole.com,Sign decade among.
EMP11706,Mallory Williams,Sales,Manager,54675.64,2020-08-15,lisaking@yahoo.com,Wait town floor we.
EMP11707,Rebecca Wright,IT,Executive,54675.64,2020-07-05,erik90@johnson-patrick.com,Go course among.
EMP11708,Brandon Collins,IT,Analyst,54675.64,2023-05-01,stephanieanderson@bell.com,After individual.
EMP11709,Shannon Barnett,HR,Intern,54675.64,2023-08-03,stephanienielsen@thompson.net,Picture evening.
EMP11710,Charles Robertson,Finance,Executive,54675.64,2023-10-20,hdaniels@carlson-baxter.com,Contain purpose.
EMP11711,Donald Davidson,IT,Intern,54675.64,2023-01-29,robinsonlisa@hogan.org,Real while.
EMP11712,Victoria Martinez,Sales,Manager,54675.64,2022-12-05,mrodgers@haynes.com,Place economy agree.
EMP11713,Kevin Cole,IT,Executive,54675.64,2021-07-25,robertsonzachary@wright.com,Information what.
EMP11714,Leslie Nguyen,Finance,Intern,54675.64,2020-10-01,whitneywilliams@hotmail.com,Establish travel.
EMP11715,Nancy Miller,Finance,Analyst,54675.64,2023-07-04,mary24@wood.com,Win phone new even.
EMP11716,Mark Dudley,Sales,Intern,54675.64,2022-01-04,camachoryan@crawford.com,Today effect nor.
EMP11717,Jeff Wilson,Finance,Intern,54675.64,2020-01-18,aaron52@chapman.com,Reason course nor.
EMP11718,Ruth Carter,Sales,Analyst,54675.64,2021-02-19,billysmith@ritter.com,Visit heart various.
EMP11719,Kimberly Mills MD,Finance,Manager,54675.64,2020-08-14,wilsonrandy@gmail.com,Decision wear enter.
EMP11720,Mark Valdez,IT,Executive,54675.64,2023-06-01,robertsjoseph@yahoo.com,Option occur think.
EMP11721,Cindy Gomez,Sales,Executive,54675.64,2020-11-10,lindsay36@bryant.com,Stay describe give.
EMP11722,James Evans,Finance,Analyst,54675.64,2020-03-05,crandall@sanders.com,Team able image.
EMP11723,Deanna Lam,HR,Executive,54675.64,2022-09-19,gdavis@hotmail.com,Guy chair.
EMP11724,John Rivas,HR,Analyst,54675.64,2022-02-18,chanrobin@munoz-tate.org,Edge out contain ok.
EMP11725,Gregory Phillips,Sales,Analyst,54675.64,2020-06-21,cevans@anthony.com,Never begin manage.
EMP11726,Casey Fowler,HR,Executive,54675.64,2021-03-13,stephanie93@gmail.com,Assume stuff and.
EMP11727,David Webb,IT,Intern,54675.64,2023-01-07,gregorywyatt@gmail.com,Success according.
EMP11728,Shannon Hopkins,IT,Manager,54675.64,2020-08-11,anna97@phillips.biz,Leg thank marriage.
EMP11729,Lisa Cruz,Finance,Executive,54675.64,2023-07-27,steven69@hotmail.com,Three radio on.
EMP11730,Aaron Long,IT,Executive,54675.64,2020-01-23,xmcneil@jones.biz,Morning culture.
EMP11731,Daniel Boyd,Sales,Manager,54675.64,2020-12-10,riggsjenna@hotmail.com,Life follow seek.
EMP11732,Kenneth Davidson,IT,Executive,54675.64,2021-12-30,kwise@long.biz,Evening war that.
EMP11733,Sandy Dean,Finance,Analyst,54675.64,2020-10-03,bellkirsten@gmail.com,Member church when.
EMP11734,Melanie Hayes,IT,Intern,54675.64,2020-05-29,martinezkrista@yahoo.com,Its soldier seek.
EMP11735,Joshua Johnson,Finance,Executive,54675.64,2021-09-25,michael85@maddox-santana.biz,Method join return.
EMP11736,Jamie Padilla,Sales,Analyst,54675.64,2020-04-18,martinsara@ashley-thomas.com,Sort war experience.
EMP11737,Julie Thomas,HR,Manager,54675.64,2021-12-15,mooreleslie@fleming.info,Speak Mrs list.
EMP11738,Adrian Carey,IT,Executive,54675.64,2020-10-12,kimberlyhall@yahoo.com,Nor college rock.
EMP11739,David Scott,Finance,Executive,54675.64,2023-08-03,qbrooks@yahoo.com,Old recent wish.
EMP11740,Mrs. Mary Chen MD,Sales,Manager,54675.64,2023-08-05,mckenziemaria@gmail.com,Physical medical.
EMP11741,Carrie Anderson,HR,Manager,54675.64,2022-05-26,brandismall@hotmail.com,Speak small.
EMP11742,Jason Pierce,HR,Intern,54675.64,2020-03-16,sgardner@yahoo.com,Once such defense.
EMP11743,Emily Ortiz,HR,Analyst,54675.64,2023-12-05,isanchez@thornton.com,Clear enjoy avoid.
EMP11744,Daniel Smith,IT,Manager,54675.64,2020-09-06,scottpatrick@shaw.net,Doctor wife dream.
EMP11745,Nicole Green,HR,Analyst,54675.64,2020-03-18,amanda83@yahoo.com,Green up yard far.
EMP11746,James Oneal,HR,Manager,54675.64,2022-02-05,eric58@hickman.com,Now claim.
EMP11747,Amber Vaughn,HR,Analyst,54675.64,2022-06-03,bryanrichmond@oliver.com,Too religious often.
EMP11748,Lisa Owens MD,IT,Manager,54675.64,2023-08-30,michael08@yahoo.com,Pass visit take.
EMP11749,Stacy Meyer,Sales,Analyst,54675.64,2022-06-15,bboone@yahoo.com,Fast moment add.
EMP11750,Hannah Jones,HR,Analyst,54675.64,2022-10-14,jenniferbrown@payne-weaver.com,View relationship.
EMP11751,Lawrence Anderson,Sales,Executive,54675.64,2023-02-06,solomonregina@hunt.com,Building trade.
EMP11752,Donna Swanson,HR,Analyst,54675.64,2022-04-19,amygrant@hotmail.com,Ball explain not.
EMP11753,Scott Smith,HR,Executive,54675.64,2023-09-13,ayalakristen@gmail.com,Kid song story.
EMP11754,Ryan Smith,IT,Executive,54675.64,2023-06-09,tvang@ramsey.com,May sister bag.
EMP11755,Chris Boyd,HR,Manager,54675.64,2021-06-21,markgordon@gmail.com,Drug past wrong.
EMP11756,Amanda Pitts,Finance,Executive,54675.64,2021-11-19,macdonalddavid@cox-burton.com,Either culture.
EMP11757,Cynthia White,HR,Analyst,54675.64,2021-03-03,melanie72@hotmail.com,Business director.
EMP11758,Leslie Hughes,Sales,Intern,54675.64,2021-07-08,cynthiamartin@yahoo.com,Feel sure power.
EMP11759,Donna Arnold,Finance,Intern,54675.64,2020-02-18,riceeric@yahoo.com,Main phone arm bed.
EMP11760,Elizabeth Bishop,IT,Manager,54675.64,2020-06-28,mariadiaz@yahoo.com,Generation value.
EMP11761,Marc Olsen,Finance,Analyst,54675.64,2020-11-22,amandamartin@hansen-bailey.com,At go relate sell.
EMP11762,Mary Payne,Finance,Executive,54675.64,2021-11-02,alecanderson@gmail.com,Matter particularly.
EMP11763,Jeremy Rivera,Finance,Executive,54675.64,2020-04-22,brandon05@gmail.com,Somebody successful.
EMP11764,Brandon Harrison,Finance,Intern,54675.64,2023-06-27,deborah20@gill.com,Decide nor month.
EMP11765,Shannon Welch,Finance,Executive,54675.64,2021-06-13,danielsrachel@gmail.com,Today reality.
EMP11766,Amanda Galloway,Sales,Executive,54675.64,2023-02-20,wadkins@hotmail.com,Factor far course.
EMP11767,Anthony Castillo,Finance,Analyst,54675.64,2020-06-30,aguilarjoseph@gmail.com,Foreign daughter.
EMP11768,Zachary Norton,Sales,Intern,54675.64,2021-05-11,andre06@norris.info,Run fire understand.
EMP11769,Ryan Rodriguez,Sales,Analyst,54675.64,2021-08-18,michael96@hotmail.com,Thus young shoulder.
EMP11770,Todd Stevens,Sales,Manager,54675.64,2021-11-13,garrettjohnson@gmail.com,Analysis staff.
EMP11771,Taylor Ramos,IT,Manager,54675.64,2021-11-11,aprildaniel@mcmahon-garcia.com,Walk crime way.
EMP11772,Vanessa Stewart,Finance,Analyst,54675.64,2022-06-22,jessicarogers@peters.com,Democratic able.
EMP11773,Jeremy Monroe,HR,Analyst,54675.64,2022-03-21,ismith@schultz.info,Entire manage.
EMP11774,Holly Wright,IT,Intern,54675.64,2022-09-22,pjohnson@gmail.com,Yes car make dark.
EMP11775,Jessica Aguirre,HR,Intern,54675.64,2022-08-04,kfigueroa@ramirez.com,Debate suffer local.
EMP11776,Timothy Gay,Finance,Executive,54675.64,2020-05-15,patrickpaul@sanford-allen.com,By win method.
EMP11777,Ryan Ferguson,Finance,Executive,54675.64,2023-12-24,adam43@simpson-turner.com,Bag authority.
EMP11778,Sabrina Martinez,HR,Manager,54675.64,2021-06-28,samanthariggs@hotmail.com,Wonder able country.
EMP11779,Tyler Odonnell,Sales,Manager,54675.64,2020-11-09,qkelly@mora.org,What race nation.
EMP11780,Donna Contreras,Finance,Manager,54675.64,2020-03-19,icollins@garcia-green.com,Box forward.
EMP11781,Walter Diaz,HR,Intern,54675.64,2023-05-30,tanyacruz@pham.com,Husband ready song.
EMP11782,Bobby Hansen,IT,Intern,54675.64,2020-12-15,patrick95@yahoo.com,Week truth hope ago.
EMP11783,Derrick Avila,HR,Analyst,54675.64,2023-06-09,vkelly@morales-fuller.net,Thousand compare.
EMP11784,Jacob Wilson,IT,Manager,54675.64,2020-03-23,mburgess@gmail.com,Interesting.
EMP11785,Richard Carey,IT,Intern,54675.64,2023-08-20,samantha26@washington.com,Marriage job true.
EMP11786,Justin Shields MD,Finance,Analyst,54675.64,2022-05-23,lauramorris@graves-oconnor.com,It improve begin.
EMP11787,Karen Guzman,IT,Analyst,54675.64,2021-10-12,martinezemily@thompson.com,Control air federal.
EMP11788,Ana Long,Finance,Intern,54675.64,2021-04-29,richardrollins@hancock-fernandez.com,Occur mouth often.
EMP11789,Tammy Vasquez,HR,Manager,54675.64,2020-11-25,lisapoole@phillips.info,Leg few effort.
EMP11790,Melissa Perry,Sales,Analyst,54675.64,2022-05-29,jonescassandra@porter.com,Already seek goal.
EMP11791,Jeremy Miller,IT,Analyst,54675.64,2021-10-01,thomas78@adams.info,Generation.
EMP11792,Miguel Chapman,Finance,Manager,54675.64,2023-10-11,logan03@yahoo.com,Day modern follow.
EMP11793,Melissa Holder,Sales,Manager,54675.64,2021-03-20,patricia55@gmail.com,Piece billion.
EMP11794,Tanya Navarro,IT,Manager,54675.64,2023-01-16,sharpanthony@gmail.com,Never man agent.
EMP11795,Natalie Cruz,HR,Manager,54675.64,2023-07-18,powelljeffrey@pena.net,None shoulder worry.
EMP11796,Kevin Edwards,IT,Executive,54675.64,2023-03-24,jessicaturner@yahoo.com,Bag clearly move.
EMP11797,John Garcia,HR,Intern,54675.64,2020-01-14,mhall@yahoo.com,PM apply push score.
EMP11798,Patrick Hernandez,HR,Intern,54675.64,2021-05-23,andrewharrington@hotmail.com,Various other eye.
EMP11799,Wayne Steele,HR,Executive,54675.64,2021-07-02,rebecca29@brown.com,Offer man front.
EMP11800,Stephanie Wang,HR,Executive,54675.64,2023-05-24,montgomerystephanie@hotmail.com,Against here.
EMP11801,Krystal Johnson,Finance,Intern,54675.64,2022-12-08,rossdavid@villanueva.org,Off recent general.
EMP11802,Erika Berry,Finance,Manager,54675.64,2022-01-31,wstokes@davis.com,Quickly within site.
EMP11803,Michael Morris,Finance,Executive,54675.64,2020-01-15,kirstenbecker@wiggins.net,Sell value apply.
EMP11804,Dr. Rodney Miller,Sales,Manager,54675.64,2021-05-31,qhoffman@yahoo.com,Through spring.
EMP11805,Connie Miller,HR,Executive,54675.64,2022-10-02,dfarrell@yahoo.com,Teach type bar.
EMP11806,Jordan Webb,IT,Analyst,54675.64,2022-01-12,wfitzgerald@hotmail.com,Then table with.
EMP11807,Charles Brown,Sales,Manager,54675.64,2022-10-01,matthew01@flynn-russell.org,Cut want early to.
EMP11808,Misty Lopez,Sales,Executive,54675.64,2022-06-15,justin55@gmail.com,Actually choice.
EMP11809,Ricardo Smith,Sales,Executive,54675.64,2020-10-29,jenniferfernandez@yahoo.com,Turn second inside.
EMP11810,Kelly Andrews,Sales,Manager,54675.64,2020-10-16,adamchase@hotmail.com,Reflect grow.
EMP11811,Stephen Jones,IT,Analyst,54675.64,2022-09-26,marymcdowell@brooks.info,Them similar.
EMP11812,Matthew Mccoy,HR,Intern,54675.64,2022-10-13,jasonstevenson@bridges.com,Heavy short similar.
EMP11813,Kimberly Mason,IT,Executive,54675.64,2020-05-15,millsamber@garrett.com,Ago film fact.
EMP11814,Diane Henderson,HR,Manager,54675.64,2020-08-25,christopherlewis@hotmail.com,Increase our.
EMP11815,Michael Miller,Sales,Executive,54675.64,2020-03-27,ryan00@yahoo.com,Pattern lay begin.
EMP11816,Mrs. Karen Flynn DVM,Sales,Intern,54675.64,2020-08-15,lauren79@gmail.com,Small national your.
EMP11817,Jessica Wilson,Finance,Analyst,54675.64,2022-08-30,eric11@yahoo.com,Some law security.
EMP11818,Barbara Mitchell,Finance,Manager,54675.64,2022-03-15,benjamin24@hotmail.com,School available.
EMP11819,Jessica Sims,Sales,Intern,54675.64,2021-03-05,eparks@harris.com,Discover station.
EMP11820,Paul Hall,Sales,Executive,54675.64,2023-07-21,thomaskayla@allen.biz,Support day affect.
EMP11821,Keith Clark,HR,Intern,54675.64,2022-02-01,pthornton@craig.com,Cell five.
EMP11822,Carolyn Maxwell,Sales,Intern,54675.64,2021-08-20,robertmelton@sims.org,Author seat bag.
EMP11823,Katherine Ortiz,HR,Intern,54675.64,2021-05-05,huffmancrystal@hotmail.com,How walk nor key.
EMP11824,Sonya Wilson,Sales,Executive,54675.64,2023-12-02,julia44@hotmail.com,Help measure level.
EMP11825,Christine Moreno,IT,Manager,54675.64,2020-02-06,hayneswilliam@gmail.com,Open particular.
EMP11826,Kimberly Scott,Sales,Intern,54675.64,2020-07-18,pturner@yahoo.com,Force wall reduce.
EMP11827,Caitlin Woods,HR,Analyst,54675.64,2020-02-12,ashley58@yahoo.com,Close statement.
EMP11828,Juan Dunlap,HR,Executive,54675.64,2023-05-18,michelebecker@hotmail.com,Company PM sit.
EMP11829,Justin Cooper,IT,Analyst,54675.64,2023-07-28,garnerdiane@hotmail.com,Ok site hotel fall.
EMP11830,Tyrone Huffman,HR,Manager,54675.64,2022-01-23,jamesallison@gonzalez.com,Year indeed stock.
EMP11831,Steven Johnston,Finance,Executive,54675.64,2021-04-30,zmurphy@hotmail.com,Husband where.
EMP11832,Cheryl Crosby,IT,Intern,54675.64,2021-10-19,vklein@wright.com,Myself another.
EMP11833,Jacob Jones,Sales,Executive,54675.64,2022-02-02,snydernicole@smith.com,Hot idea could upon.
EMP11834,Bailey Kim,Sales,Analyst,54675.64,2020-10-28,kristi83@morris-morris.net,Growth free store.
EMP11835,Lisa Callahan,Sales,Intern,54675.64,2021-12-15,donnashea@gmail.com,Himself crime.
EMP11836,Bonnie Harvey,HR,Analyst,54675.64,2023-04-05,fisherrita@ford-williamson.com,Resource paper.
EMP11837,Angela Mcintosh,Sales,Analyst,54675.64,2020-11-29,amanda40@hotmail.com,Mrs place seven.
EMP11838,Evan Goodwin,Sales,Manager,54675.64,2023-07-01,jennifer53@hotmail.com,Respond short.
EMP11839,Caroline Larson,Sales,Analyst,54675.64,2022-05-03,victor76@white-west.com,Leave audience.
EMP11840,Robert Stein,Finance,Executive,54675.64,2020-08-24,jonathan67@vaughan.com,Then short day.
EMP11841,Daniel Juarez,Finance,Manager,54675.64,2023-12-16,hornemily@gmail.com,Else list here.
EMP11842,Patricia Lane,Finance,Manager,54675.64,2021-11-25,kimmartin@poole.com,Feeling each food.
EMP11843,Marcus Serrano,Sales,Intern,54675.64,2020-11-30,briannabarnes@drake-miles.info,Either and apply.
EMP11844,Olivia Norton,Sales,Manager,54675.64,2022-02-11,qmora@taylor.com,Us bank culture.
EMP11845,Ricky Smith,HR,Executive,54675.64,2020-04-22,dominguezkaren@lee.com,Network always seek.
EMP11846,Karen Miller,HR,Analyst,54675.64,2021-01-23,ffisher@yahoo.com,His listen early.
EMP11847,Joe Moore,HR,Manager,54675.64,2022-06-07,sarahcarpenter@gmail.com,Keep feel material.
EMP11848,Barbara Cruz,HR,Manager,54675.64,2021-11-20,nfranco@cooper.org,Probably sense.
EMP11849,Emily Bullock,Sales,Executive,54675.64,2023-11-27,austin40@young-jones.com,Miss difference.
EMP11850,Jacqueline Hansen,HR,Executive,54675.64,2021-11-04,kgill@hotmail.com,Spring long the.
EMP11851,Jesse Bradshaw,IT,Intern,54675.64,2020-11-04,masoncox@yahoo.com,Deep side age.
EMP11852,Mercedes Montgomery,Sales,Intern,54675.64,2022-11-10,medinaharold@harris.biz,Protect analysis.
EMP11853,Christine Martin,Sales,Intern,54675.64,2023-08-17,nicolewalker@hotmail.com,Bar within skin.
EMP11854,Mary Kelley,IT,Analyst,54675.64,2022-09-18,pcrawford@gmail.com,Citizen partner.
EMP11855,Lauren Carney,HR,Analyst,54675.64,2022-10-10,thomaskey@alvarado.org,Actually improve.
EMP11856,Lindsay Atkinson,IT,Intern,54675.64,2021-04-16,meltonjose@johnson.com,Skin out consider.
EMP11857,David Davis,HR,Analyst,54675.64,2022-03-13,joshua54@chavez.com,People current.
EMP11858,Joshua Collier,IT,Executive,54675.64,2022-01-30,zhiggins@gmail.com,Under space effort.
EMP11859,Nicholas Barker,Sales,Manager,54675.64,2020-01-14,wwebb@hotmail.com,Often citizen.
EMP11860,Carmen Goodman,HR,Manager,54675.64,2021-09-06,kennethdavis@phillips.biz,Close near wind go.
EMP11861,Rachel Johnson MD,HR,Executive,54675.64,2020-08-09,ljacobson@walls.com,Rule deep move.
EMP11862,Keith Lang,HR,Analyst,54675.64,2023-07-15,rmartinez@torres.biz,Student direction.
EMP11863,Laura Garcia,Sales,Intern,54675.64,2021-11-19,kimberly77@green.com,Month I with claim.
EMP11864,Edward Guerrero,HR,Manager,54675.64,2022-10-23,andrea09@yahoo.com,Kind four word or.
EMP11865,Tammy Andrews,IT,Intern,54675.64,2023-02-16,dustincherry@williams-walton.com,Unit road us him.
EMP11866,David Willis,HR,Manager,54675.64,2020-04-13,dana81@yahoo.com,Artist natural unit.
EMP11867,Kyle Peck,HR,Executive,54675.64,2023-10-07,rodgerskyle@gmail.com,Next adult firm.
EMP11868,Kathleen Morales,Sales,Analyst,54675.64,2022-01-01,brettwilkins@snyder.org,Purpose bank.
EMP11869,Timothy Wolfe,IT,Manager,54675.64,2023-10-28,sophia67@gmail.com,Wait realize better.
EMP11870,James Robbins,IT,Analyst,54675.64,2021-10-26,gquinn@gmail.com,Speak enjoy tax.
EMP11871,Henry Hartman,IT,Executive,54675.64,2022-06-01,woodardrebecca@yahoo.com,Official property.
EMP11872,Laurie Hoover,HR,Executive,54675.64,2022-01-21,pamela52@yahoo.com,Green get medical.
EMP11873,Brittney Williams,Finance,Analyst,54675.64,2022-11-16,benjaminwyatt@yahoo.com,Arm she develop.
EMP11874,Heather Rivera,Finance,Manager,54675.64,2020-06-06,catherine93@woodward.com,Very boy tend some.
EMP11875,Amy Taylor,HR,Manager,54675.64,2021-11-29,stephen31@watson.biz,Interesting special.
EMP11876,Deanna Garcia,Sales,Manager,54675.64,2023-04-19,brett59@foster.com,Specific should.
EMP11877,Gregory Ray,Sales,Intern,54675.64,2021-08-12,jasmineballard@yahoo.com,Particular.
EMP11878,Laura Walsh,HR,Intern,54675.64,2020-10-27,beverlyramos@williams-davis.com,Another type.
EMP11879,Lance Ford,IT,Analyst,54675.64,2023-05-08,carterisabel@grant.com,Author garden.
EMP11880,Gordon Mcdaniel,IT,Analyst,54675.64,2021-03-20,adamstanley@yahoo.com,Manage should.
EMP11881,Alexa Cochran,HR,Manager,54675.64,2020-09-23,elizabeth38@hotmail.com,Pressure high occur.
EMP11882,Rebecca Williams,IT,Executive,54675.64,2020-03-18,wwebb@larsen.com,Sing economic.
EMP11883,Christopher Campbell,IT,Intern,54675.64,2021-09-14,phillip40@butler.net,Through provide ask.
EMP11884,Stephanie Rivers,Finance,Executive,54675.64,2023-05-10,carmen53@warren-martinez.com,Nothing recent.
EMP11885,Kimberly Meyer,Finance,Manager,54675.64,2020-08-15,nmanning@hotmail.com,Several sell.
EMP11886,Jessica Velez,HR,Analyst,54675.64,2023-12-17,angela67@gmail.com,Tough as bad guy.
EMP11887,Raymond Adams,Finance,Manager,54675.64,2022-11-13,alexandriaowens@gmail.com,Usually different.
EMP11888,Jared Humphrey,Finance,Executive,54675.64,2021-06-28,jessica38@wright.com,Story my.
EMP11889,Craig West,Sales,Executive,54675.64,2021-02-09,curtisherrera@lowe.org,Order letter.
EMP11890,Lori Olson,HR,Intern,54675.64,2023-11-28,amy84@hotmail.com,Choose key father.
EMP11891,Mark Greene,Sales,Intern,54675.64,2022-10-31,joellong@campbell.info,Break people.
EMP11892,Joseph Hall,Finance,Intern,54675.64,2023-02-12,thompsonjessica@hotmail.com,Rate test sure.
EMP11893,Michael Fitzgerald,Finance,Intern,54675.64,2022-03-13,badams@yahoo.com,Brother take free.
EMP11894,Janet Mcknight,IT,Executive,54675.64,2022-12-24,tanderson@anderson.org,Fall oil address.
EMP11895,Julie Kelly,Sales,Intern,54675.64,2023-10-17,alicialarson@swanson.com,Safe join smile.
EMP11896,Laura Chavez,Sales,Manager,54675.64,2023-05-14,amy64@gmail.com,Lot society.
EMP11897,William Brooks,HR,Manager,54675.64,2023-12-27,gordoncharlotte@yahoo.com,Find perform fall.
EMP11898,Jonathan Hill,IT,Executive,54675.64,2022-12-25,churchkatherine@nguyen-williams.com,Truth explain.
EMP11899,Whitney Pham,IT,Executive,54675.64,2021-03-05,eric16@gmail.com,Face them camera.
EMP11900,Ann Zhang,IT,Executive,54675.64,2021-10-06,browntaylor@vazquez.net,Agreement all.
EMP11901,Stephanie Boyd,Finance,Executive,54675.64,2021-11-09,smarks@sanchez-hardy.com,Owner understand.
EMP11902,Robert Bailey,Finance,Analyst,54675.64,2020-03-19,lisa05@yahoo.com,Wife like because.
EMP11903,Victoria Shea,Finance,Manager,54675.64,2022-09-07,wrightbill@hotmail.com,Mean small anyone.
EMP11904,Keith Robertson,Sales,Analyst,54675.64,2022-01-02,jeffrey05@hotmail.com,Late meet big add.
EMP11905,Laura Miller,Sales,Executive,54675.64,2023-12-29,stephenburke@smith.org,Develop agreement.
EMP11906,Kari Scott,HR,Executive,54675.64,2021-02-08,felicia54@hotmail.com,Put plan on fund.
EMP11907,Tina Taylor,IT,Intern,54675.64,2023-04-04,ginakaufman@gmail.com,Rise analysis.
EMP11908,Kelly Flores,Finance,Analyst,54675.64,2021-05-14,austin84@thomas-fuentes.com,Avoid indicate fall.
EMP11909,Ryan Mays,Finance,Analyst,54675.64,2023-12-14,joneskatherine@howe.net,Role reflect.
EMP11910,Terry Baker,IT,Analyst,54675.64,2021-02-20,annette00@miller.com,Watch site kid.
EMP11911,Stacey Beck,Finance,Intern,54675.64,2021-06-18,thomas04@lee.com,Civil learn line.
EMP11912,Robert Barr,Finance,Executive,54675.64,2020-03-12,sandra47@griffin.com,Everyone church.
EMP11913,Michael Callahan,Sales,Manager,54675.64,2023-05-20,ethomas@russell.info,Use action season.
EMP11914,John Gates,Sales,Manager,54675.64,2020-06-14,natalie04@hotmail.com,Medical leg west.
EMP11915,Trevor Miller,Finance,Analyst,54675.64,2021-03-06,josephmorris@gmail.com,Candidate industry.
EMP11916,Joseph Jones,Finance,Intern,54675.64,2022-02-07,jonesjeffrey@may-henderson.com,Although seek as.
EMP11917,Charles Kelley DDS,Sales,Intern,54675.64,2022-03-20,mthompson@hotmail.com,Lay do anyone.
EMP11918,Andrew Rose,IT,Analyst,54675.64,2020-11-19,todd54@hodges.info,Set performance.
EMP11919,Angela King,IT,Analyst,54675.64,2023-05-22,youngemily@hotmail.com,Product wish four.
EMP11920,David Peters,Finance,Executive,54675.64,2021-12-16,cschmidt@coleman.info,Like service which.
EMP11921,Stephanie Christian,HR,Analyst,54675.64,2021-01-02,brendasullivan@hotmail.com,Miss strategy cup.
EMP11922,Michelle Russell,HR,Executive,54675.64,2020-07-03,jameshall@mcbride.com,Page type life poor.
EMP11923,Chad Johnson,Finance,Intern,54675.64,2020-06-28,bruce48@scott-evans.com,Health language.
EMP11924,Jorge Quinn,IT,Manager,54675.64,2022-06-21,jonathan51@yahoo.com,Place but long.
EMP11925,Antonio Hansen,HR,Executive,54675.64,2022-08-09,zjones@sullivan-kennedy.com,Move century over.
EMP11926,Eric Durham,Sales,Analyst,54675.64,2022-08-23,omatthews@gregory.org,Wrong security.
EMP11927,Jennifer Greene,HR,Executive,54675.64,2020-03-23,leeconnie@yahoo.com,Fear worry begin.
EMP11928,Janice Goodman,Sales,Intern,54675.64,2022-01-20,jasonrodriguez@west.com,Visit study day.
EMP11929,Elizabeth Ramos,HR,Intern,54675.64,2023-03-20,kimberly18@yahoo.com,Dog value into.
EMP11930,Mr. Dan Ruiz MD,IT,Executive,54675.64,2020-04-27,nicoleball@gmail.com,Common attack may.
EMP11931,Jonathan Miller,Finance,Executive,54675.64,2021-10-11,caleb37@bruce-powell.com,Behind gun animal.
EMP11932,Courtney Cox,Finance,Executive,54675.64,2022-05-25,linda55@curry-kent.com,Upon me top.
EMP11933,Lisa Ponce,Finance,Executive,54675.64,2021-11-06,gdawson@yahoo.com,Writer tough today.
EMP11934,Brian Brown,Sales,Intern,54675.64,2021-10-04,psanders@yahoo.com,Attack daughter big.
EMP11935,Matthew Reyes,Finance,Intern,54675.64,2022-12-31,joseph04@edwards.info,Eat rule per.
EMP11936,Glenn Riley,HR,Executive,54675.64,2020-11-28,curtis83@gmail.com,Him song lawyer.
EMP11937,Krista Davis,IT,Manager,54675.64,2021-01-31,alyssacontreras@proctor.com,Economic consider.
EMP11938,Kenneth Neal,Finance,Intern,54675.64,2022-09-12,brownkimberly@nunez.com,Rich western.
EMP11939,Laura Duncan,Sales,Intern,54675.64,2023-04-14,millersamantha@johnson.net,Seven task area.
EMP11940,Ashley Shelton,Sales,Manager,54675.64,2021-09-15,gail87@keith.com,Drug vote student.
EMP11941,Jay Martin,IT,Manager,54675.64,2021-10-04,josborne@hotmail.com,Interest large.
EMP11942,Jacob Blackburn,IT,Analyst,54675.64,2022-11-04,tayloremily@gmail.com,Child sense certain.
EMP11943,Elaine Rice,Sales,Manager,54675.64,2023-03-14,uray@yahoo.com,Loss your not even.
EMP11944,Michael Sanford,IT,Analyst,54675.64,2022-02-17,traci35@yahoo.com,Measure I prevent.
EMP11945,Melanie Jenkins,HR,Manager,54675.64,2023-07-08,rdalton@hotmail.com,Serve director.
EMP11946,Paul Turner,HR,Executive,54675.64,2022-04-17,allison10@gmail.com,Away young whom.
EMP11947,Tina Frank,Finance,Executive,54675.64,2022-04-14,bellemma@gmail.com,Soon authority.
EMP11948,Mr. Christopher Delgado III,Finance,Manager,54675.64,2021-08-30,cshort@yahoo.com,Situation school.
EMP11949,Cassidy Smith,Sales,Manager,54675.64,2023-11-12,bakerlisa@gmail.com,Special stay model.
EMP11950,Madison May,Sales,Analyst,54675.64,2022-01-20,jonesmelissa@hotmail.com,Past song require.
EMP11951,Kristin Martinez,HR,Analyst,54675.64,2021-06-24,sheilaallen@yahoo.com,Reality job.
EMP11952,Jessica Williams,IT,Analyst,54675.64,2020-05-24,bhughes@miller-hernandez.com,Gun time doctor.
EMP11953,Kelly Thompson,Finance,Intern,54675.64,2022-09-17,joseblake@hotmail.com,Responsibility.
EMP11954,Nicholas Banks,IT,Executive,54675.64,2021-11-05,nicholas96@hotmail.com,By instead instead.
EMP11955,Hannah Wright,Finance,Manager,54675.64,2023-09-26,wgreen@ortiz-anderson.com,Off quickly house.
EMP11956,Steven Reed,Finance,Analyst,54675.64,2022-10-17,gjones@collier.com,Church political.
EMP11957,Karen Myers,Sales,Manager,54675.64,2023-01-15,linrobert@yahoo.com,Trade pay center.
EMP11958,Devon Hicks,IT,Manager,54675.64,2020-10-30,spalmer@gmail.com,Film ball field.
EMP11959,Adam Lopez,Sales,Intern,54675.64,2022-10-13,choileslie@hardy.com,Bar music point.
EMP11960,Mackenzie Smith,IT,Manager,54675.64,2022-08-18,webblindsay@farmer.com,Several seat.
EMP11961,Danielle Howard,IT,Intern,54675.64,2021-09-20,jeffrey22@robinson.com,Perform open.
EMP11962,Shirley Robertson,Finance,Intern,54675.64,2023-05-11,jwoods@yahoo.com,A result wrong bar.
EMP11963,Dr. Taylor Adkins,IT,Intern,54675.64,2023-07-04,reedandrew@hotmail.com,Agency almost.
EMP11964,Ian Cruz,Finance,Executive,54675.64,2023-06-10,matthewcole@yahoo.com,Result half news.
EMP11965,Holly Navarro,Finance,Intern,54675.64,2021-08-11,daviseric@gmail.com,Read financial.
EMP11966,Heather Coleman,Finance,Executive,54675.64,2021-01-08,youngcarolyn@mitchell.com,Treatment thought.
EMP11967,Matthew Elliott,HR,Intern,54675.64,2023-01-26,atkinsonlisa@hotmail.com,Reality form.
EMP11968,Theresa Kelly,Finance,Intern,54675.64,2021-09-02,vrogers@yahoo.com,Actually to fly.
EMP11969,Brittany Decker,Sales,Intern,54675.64,2020-03-24,joshuahart@silva-maldonado.org,Poor word want.
EMP11970,Kyle Anderson,IT,Intern,54675.64,2020-06-14,cody40@gmail.com,Dark space example.
EMP11971,Michelle Davis,IT,Analyst,54675.64,2020-06-06,albert00@gmail.com,Within size above.
EMP11972,Eric Stone,HR,Manager,54675.64,2021-05-13,benjamincoleman@schmidt-simpson.com,Reduce science.
EMP11973,Ronnie Salazar,HR,Intern,54675.64,2023-01-25,jessica12@brown.com,Music fire purpose.
EMP11974,Patty Shelton,HR,Analyst,54675.64,2020-11-05,lindsaydecker@thomas-french.com,Family research.
EMP11975,Jonathan Reynolds,Sales,Manager,54675.64,2023-07-19,psmith@marshall.com,Realize offer.
EMP11976,Adam Martin,Finance,Manager,54675.64,2020-10-09,reedlisa@gmail.com,Conference drop.
EMP11977,Heather Hamilton,HR,Manager,54675.64,2021-09-03,shawn69@yahoo.com,Option any tend not.
EMP11978,Maria Johnston,HR,Executive,54675.64,2023-11-23,jacksonjaclyn@hotmail.com,In agent.
EMP11979,Alan Nguyen,IT,Intern,54675.64,2022-12-05,morrisonmichael@burke-wilson.biz,Message yourself.
EMP11980,Tara Hicks,IT,Executive,54675.64,2021-01-19,jennifer19@mooney.net,Miss race capital.
EMP11981,Judy Williams,HR,Manager,54675.64,2021-05-16,justin88@hotmail.com,Oil you next oil.
EMP11982,Matthew Salazar,IT,Analyst,54675.64,2023-11-23,toddlevine@gmail.com,Total federal.
EMP11983,Bryan Rodriguez,IT,Analyst,54675.64,2020-11-08,qproctor@hotmail.com,Best forget various.
EMP11984,Allen Hicks,Finance,Executive,54675.64,2020-11-21,jesse07@gmail.com,Money lawyer.
EMP11985,Betty Guerrero,HR,Intern,54675.64,2022-08-11,danielshannah@gmail.com,Never which.
EMP11986,Evan Jones,HR,Manager,54675.64,2021-05-30,sherylgraham@hotmail.com,Remain each.
EMP11987,Joseph Duncan,Finance,Intern,54675.64,2022-10-30,rosstony@cole.com,Drug challenge.
EMP11988,Megan Ward,HR,Executive,54675.64,2022-02-13,ashley45@yahoo.com,Admit air Mrs make.
EMP11989,Shannon Hawkins,HR,Analyst,54675.64,2022-09-13,carol63@hotmail.com,Growth teach.
EMP11990,Lauren Soto,Finance,Analyst,54675.64,2020-11-08,nshannon@yahoo.com,Because treat.
EMP11991,Christian Brown,Finance,Executive,54675.64,2022-06-20,fpowell@gmail.com,Away everybody fact.
EMP11992,Cynthia Cooper,HR,Manager,54675.64,2023-08-27,gregory99@klein-gonzalez.com,Hour common leg.
EMP11993,Scott Harris,IT,Executive,54675.64,2023-09-05,jsmith@richardson-rojas.net,Hair wall about her.
EMP11994,Ashley Gray,Finance,Executive,54675.64,2021-02-23,cbarber@hotmail.com,Anything forward.
EMP11995,Lisa Taylor,Finance,Executive,54675.64,2020-03-31,jesse89@hotmail.com,Appear identify.
EMP11996,Regina Kirby,Sales,Manager,54675.64,2022-11-02,ramossuzanne@yahoo.com,Green issue.
EMP11997,Marcia Foster,IT,Manager,54675.64,2023-01-03,wboyd@sanchez.info,Security value say.
EMP11998,William Gallegos,HR,Analyst,54675.64,2023-10-28,torresariel@hotmail.com,Provide box discuss.
EMP11999,Adam Kelly,Sales,Intern,54675.64,2023-09-14,robertlee@thomas.com,Together serious.
EMP12000,Nicole Robertson,Sales,Manager,54675.64,2022-10-30,virginia48@hall-robinson.com,Individual reflect.
EMP12001,Margaret Harrington,Sales,Manager,54675.64,2021-03-25,kenneth35@smith-green.net,Maybe authority it.
EMP12002,Sharon Chandler,IT,Manager,54675.64,2021-10-25,mathewbaker@gmail.com,Time decade word.
EMP12003,Robin Williams,Finance,Executive,54675.64,2020-12-20,tparker@lewis.com,Walk old any.
EMP12004,Christina Nicholson,HR,Intern,54675.64,2022-07-18,kevinspence@gmail.com,Explain your girl.
EMP12005,Alvin Randolph,IT,Analyst,54675.64,2021-03-09,umorrison@yahoo.com,Play national into.
EMP12006,Julie Thompson,Sales,Analyst,54675.64,2023-09-16,johnanderson@anderson-caldwell.info,State prove.
EMP12007,Alexander Olsen,IT,Executive,54675.64,2021-10-02,ybartlett@fisher.com,Require technology.
EMP12008,Jason Prince,HR,Analyst,54675.64,2021-02-14,palmerdana@holloway-romero.biz,Over something.
EMP12009,Karen Davis,IT,Executive,54675.64,2020-01-07,sullivanalexander@garcia-everett.org,Skin how data do.
EMP12010,Linda Mendez,Sales,Executive,54675.64,2023-06-19,jonathan00@sharp.biz,Pretty another.
EMP12011,Patrick Russell,Sales,Manager,54675.64,2023-01-29,thomasflores@hotmail.com,Nature itself kind.
EMP12012,Theresa Dodson,Finance,Manager,54675.64,2021-05-14,yorkterri@gmail.com,Lay effect young.
EMP12013,Stacy Hernandez,IT,Manager,54675.64,2020-08-17,xmccullough@gmail.com,Be side station.
EMP12014,Robert Kelly,HR,Intern,54675.64,2020-10-14,nelsonmichael@yahoo.com,Front teacher.
EMP12015,Eric Schultz,Finance,Intern,54675.64,2021-10-18,jenniferzimmerman@mccann.org,Environment scene.
EMP12016,Tyler Brown,Finance,Analyst,54675.64,2020-09-30,sherrimaddox@kemp.com,Week apply body.
EMP12017,Amy Livingston,HR,Intern,54675.64,2021-08-02,sarah35@vazquez.biz,Against budget.
EMP12018,Christopher Weber,HR,Manager,54675.64,2022-12-28,travis01@gmail.com,One gun official.
EMP12019,Sandra White,IT,Intern,54675.64,2022-07-10,williamsonmatthew@garcia.com,Street let dog they.
EMP12020,Lori Norton,Sales,Analyst,54675.64,2023-09-09,eruiz@gmail.com,Appear quality rock.
EMP12021,Christina Chan,Finance,Manager,54675.64,2023-01-15,ngarcia@hotmail.com,Whatever democratic.
EMP12022,Jennifer Medina,Finance,Intern,54675.64,2022-06-23,smithnicholas@wise-flynn.com,Attack old describe.
EMP12023,Ruben Higgins,IT,Manager,54675.64,2023-01-05,pbrown@hotmail.com,List for town past.
EMP12024,Erika Wood,Sales,Analyst,54675.64,2020-03-13,michael09@moore.com,How executive no.
EMP12025,Michael Santos,IT,Analyst,54675.64,2022-12-27,hernandezkristin@lucero.com,Scene product.
EMP12026,Caleb Thomas,Sales,Manager,54675.64,2020-08-05,travischavez@yahoo.com,Together smile.
EMP12027,Christina Erickson,HR,Executive,54675.64,2020-09-02,moorejulie@yahoo.com,Herself dinner.
EMP12028,James Herrera,IT,Analyst,54675.64,2020-04-04,qwilliams@hotmail.com,Whom we collection.
EMP12029,Johnny Rodriguez,HR,Intern,54675.64,2021-11-20,angelacarter@mcdonald.org,Respond far fall.
EMP12030,Christine Watson,IT,Analyst,54675.64,2022-03-29,brandon59@hotmail.com,Recent much bar.
EMP12031,Angela Campbell,HR,Manager,54675.64,2020-01-02,ecastro@young.com,They foreign.
EMP12032,Spencer Shelton,Sales,Manager,54675.64,2021-05-08,oharris@gmail.com,Million once.
EMP12033,Zachary Turner,Sales,Analyst,54675.64,2022-04-11,zerickson@yahoo.com,Sure religious.
EMP12034,Scott Macias,Sales,Manager,54675.64,2021-11-14,michael19@yahoo.com,Support resource.
EMP12035,Luke Ruiz,Finance,Executive,54675.64,2021-07-17,terrifritz@rowe.com,Sort list likely.
EMP12036,Justin Higgins,Sales,Analyst,54675.64,2021-07-02,butlermelissa@horton.org,Education card care.
EMP12037,Jose Maxwell,IT,Executive,54675.64,2020-03-06,ashley50@hoffman-buchanan.org,According late.
EMP12038,Autumn Garcia,Sales,Analyst,54675.64,2023-01-20,gerald56@yahoo.com,Finally million.
EMP12039,Robert Reyes,Finance,Executive,54675.64,2023-04-22,rogersdenise@walker.info,Trip leave.
EMP12040,Cynthia Harris,HR,Intern,54675.64,2020-07-17,katelynobrien@moses.info,Shoulder six leader.
EMP12041,Amanda Ruiz,Finance,Manager,54675.64,2022-01-13,milesbrandon@gmail.com,Guy indicate dinner.
EMP12042,Benjamin Brooks,Finance,Manager,54675.64,2021-01-06,hvalentine@gmail.com,Great say century.
EMP12043,Rebecca Wood,HR,Analyst,54675.64,2020-03-26,thomasemily@hotmail.com,Future education.
EMP12044,Mrs. Katherine Garcia,IT,Analyst,54675.64,2020-11-07,paul04@mcmahon.com,Know bad positive.
EMP12045,Carlos Jordan,IT,Executive,54675.64,2023-10-31,morriskatherine@gmail.com,Not event strategy.
EMP12046,Sean Cline,Sales,Manager,54675.64,2021-02-23,livingstonrichard@thompson.info,Series might little.
EMP12047,Dakota Cole,Finance,Manager,54675.64,2022-06-15,millerchristian@yahoo.com,Commercial just and.
EMP12048,John Johnson,IT,Executive,54675.64,2023-10-09,dyerfrancisco@yahoo.com,In about generation.
EMP12049,Jennifer Olson,Sales,Intern,54675.64,2023-07-07,delgadonicholas@farmer.com,Their Mr team water.
EMP12050,Diane Contreras,Finance,Intern,54675.64,2020-04-08,cruzmindy@yahoo.com,Order night expect.
EMP12051,Tanya Riley,Finance,Intern,54675.64,2020-06-07,welchjennifer@white.com,Idea speak several.
EMP12052,Curtis Lane,IT,Analyst,54675.64,2021-02-20,melendezdiana@hotmail.com,Lawyer probably.
EMP12053,Kim Reed,Sales,Executive,54675.64,2022-10-17,curtis33@yahoo.com,Over worry.
EMP12054,Kathryn Williams,HR,Executive,54675.64,2023-11-13,wturner@hotmail.com,Turn voice card.
EMP12055,Leah Lewis,Finance,Intern,54675.64,2021-03-02,joan17@yahoo.com,Expect seek several.
EMP12056,Cameron Bass,Sales,Executive,54675.64,2023-06-12,alyssawilson@yahoo.com,Sense decide head.
EMP12057,Ruben Flynn,HR,Executive,54675.64,2021-01-29,douglas60@parker.com,Many range whole.
EMP12058,Erica Taylor,HR,Intern,54675.64,2022-11-21,vickie34@smith.biz,Town western off.
EMP12059,Eric Austin,IT,Analyst,54675.64,2023-10-22,chadmccormick@gmail.com,Maintain land yard.
EMP12060,Nancy Simpson,HR,Executive,54675.64,2023-11-09,stephanie22@yahoo.com,Which sort once.
EMP12061,David Adams,Finance,Manager,54675.64,2022-12-02,elizabethvincent@gmail.com,Rise measure large.
EMP12062,Michelle Foley,Finance,Analyst,54675.64,2021-08-26,gonzalezwesley@gmail.com,Anything kid art.
EMP12063,Gina Green,Sales,Executive,54675.64,2023-05-17,claytonjennifer@fleming.com,Ready nice memory.
EMP12064,Anita Graham,Finance,Executive,54675.64,2022-05-31,nmartin@carrillo.com,Meeting rich meet.
EMP12065,Patrick Lloyd,IT,Manager,54675.64,2022-02-17,miranda10@stevens-barnes.org,Have lose treat.
EMP12066,Andrea Farmer,IT,Executive,54675.64,2020-10-09,mccoymichael@peterson.com,List account writer.
EMP12067,Nicole Hall,Finance,Manager,54675.64,2023-01-04,clarence22@hotmail.com,Total whom finally.
EMP12068,Cody Lewis,Sales,Manager,54675.64,2022-11-02,courtneyatkins@harris.org,True social.
EMP12069,Olivia Smith,IT,Executive,54675.64,2020-12-16,jonathanlewis@hotmail.com,Back similar.
EMP12070,Stephanie Sanders,Sales,Analyst,54675.64,2021-06-30,joseph44@hotmail.com,Fact it son save.
EMP12071,Morgan Nguyen,Finance,Analyst,54675.64,2021-06-20,debra30@gmail.com,Imagine notice.
EMP12072,Christopher Fowler,HR,Executive,54675.64,2022-03-14,olee@gmail.com,Campaign pull.
EMP12073,Cheryl Washington,IT,Executive,54675.64,2021-10-22,scottjake@gmail.com,Certainly at full.
EMP12074,Kelly Gibson,HR,Intern,54675.64,2023-02-09,douglascole@cruz.biz,Everything set seek.
EMP12075,Luke Dalton DDS,IT,Intern,54675.64,2020-11-06,rebecca39@gmail.com,Fact federal two.
EMP12076,Richard Harding,Finance,Intern,54675.64,2020-02-05,perry42@lucero.com,Throw say home.
EMP12077,Sonya Martin,Sales,Analyst,54675.64,2023-03-24,mitchellkathy@yahoo.com,Account he forget.
EMP12078,Benjamin Long,Sales,Intern,54675.64,2023-11-20,fnguyen@yahoo.com,See alone.
EMP12079,Meghan Stanley,Sales,Executive,54675.64,2023-05-10,burnsmichael@gmail.com,Ground money.
EMP12080,Kelsey Wyatt,Finance,Executive,54675.64,2021-06-21,ellen35@martin.biz,Public reality last.
EMP12081,Edward King DDS,Sales,Manager,54675.64,2023-04-11,flynnlisa@gonzalez-stokes.com,Girl task bad see.
EMP12082,Christopher Castillo,IT,Analyst,54675.64,2022-09-11,janicedavis@diaz.com,Offer participant.
EMP12083,Julie Flowers,HR,Intern,54675.64,2022-04-22,philip37@gonzalez.com,Work sport.
EMP12084,Jennifer Jenkins,Finance,Manager,54675.64,2023-12-16,brian53@hotmail.com,Science military.
EMP12085,Kyle Lewis,HR,Analyst,54675.64,2020-08-26,davischristopher@henderson-wood.org,Ability ok nor.
EMP12086,Levi Perry,IT,Manager,54675.64,2023-05-13,kaylataylor@gmail.com,Seem indeed see.
EMP12087,Erica Hanson,IT,Analyst,54675.64,2023-11-23,lisa14@yahoo.com,Billion moment stop.
EMP12088,Janet Curtis,HR,Analyst,54675.64,2021-08-17,steven36@vargas.com,Thing stand suffer.
EMP12089,Amy Neal,HR,Manager,54675.64,2021-05-23,chelsearivas@shannon.com,Station arrive.
EMP12090,Pamela Davis DDS,IT,Intern,54675.64,2020-03-14,clarkcharlene@garner-rodriguez.net,Hotel close upon he.
EMP12091,Tara Robbins,IT,Executive,54675.64,2022-03-06,raymond03@yahoo.com,Window north voice.
EMP12092,Beth Stein,IT,Intern,54675.64,2021-04-29,boydgary@ross.com,By turn catch.
EMP12093,Kirk Martinez,IT,Analyst,54675.64,2023-03-22,jennifer45@gmail.com,Appear more trade.
EMP12094,Rebekah Smith,IT,Executive,54675.64,2023-09-20,robert19@larsen-rivera.com,Generation reason.
EMP12095,Rita Carpenter,HR,Executive,54675.64,2021-11-05,allison18@gibson-hill.org,Military degree.
EMP12096,Joe Lang,HR,Intern,54675.64,2022-11-26,amanda90@coleman.com,International rest.
EMP12097,Amanda Fox,Finance,Intern,54675.64,2021-10-28,jbuchanan@gmail.com,Must later appear.
EMP12098,Joshua Jones,Sales,Intern,54675.64,2022-02-11,sullivannathaniel@schneider.com,Toward national.
EMP12099,Christine Johnson,Sales,Manager,54675.64,2021-12-06,wolfchristina@hotmail.com,Western enough.
EMP12100,Tamara Dixon,HR,Executive,54675.64,2022-05-30,wilsonchristopher@gillespie.info,Article month seat.
EMP12101,Olivia Wallace,HR,Executive,54675.64,2022-01-26,elizabethpeters@flores.com,Wait mission war.
EMP12102,Paige Pacheco,Sales,Analyst,54675.64,2022-09-21,aaroncalderon@james.com,Third surface.
EMP12103,Miss Stephanie Wiley,Sales,Analyst,54675.64,2022-10-16,susanschaefer@yahoo.com,Thus many cause.
EMP12104,Andrew Haas,Sales,Analyst,54675.64,2021-04-25,ocarpenter@yahoo.com,Economic though.
EMP12105,Amanda Hudson,Finance,Intern,54675.64,2022-06-04,morgancooper@mason-anderson.com,Western whom local.
EMP12106,Katherine Hayes,IT,Executive,54675.64,2022-04-07,kelly06@barnes.biz,Trial despite.
EMP12107,Brooke Goodwin,Sales,Intern,54675.64,2021-02-03,alyssa46@evans.com,Article American.
EMP12108,Austin Hogan,IT,Intern,54675.64,2020-12-30,hurstdustin@yahoo.com,Find sit investment.
EMP12109,Kelly Thompson,Finance,Analyst,54675.64,2020-10-26,paula07@oliver.org,Room sing we.
EMP12110,Mr. Michael Moreno,IT,Analyst,54675.64,2023-05-23,david67@dawson.com,Feeling always send.
EMP12111,Heather Bolton,Sales,Analyst,54675.64,2020-12-11,harrisnicholas@hotmail.com,Class their seven.
EMP12112,John Barnett,HR,Manager,54675.64,2020-05-01,jesus40@hotmail.com,Food attention.
EMP12113,Crystal Armstrong,Finance,Executive,54675.64,2020-11-22,ruizwanda@mcgee-castillo.com,Work similar store.
EMP12114,Angela Hale,Sales,Intern,54675.64,2021-11-04,stephanie00@howell.com,Explain score her.
EMP12115,Anthony Williams,Sales,Manager,54675.64,2020-08-29,taraconway@gmail.com,Foreign sit movie.
EMP12116,Raymond Brown,Sales,Manager,54675.64,2022-08-27,bholmes@yahoo.com,Voice join stop.
EMP12117,Laura Myers,Sales,Manager,54675.64,2021-09-23,morganjohnson@cuevas-french.com,Five how central.
EMP12118,Anthony Murphy,Finance,Analyst,54675.64,2020-10-03,richard71@yahoo.com,Option police born.
EMP12119,Nicole Castillo,Sales,Manager,54675.64,2022-07-03,xcampbell@hotmail.com,Western person.
EMP12120,Larry Lopez,IT,Executive,54675.64,2021-07-17,kbennett@weaver-allen.info,Station plan human.
EMP12121,Juan Chambers,Sales,Manager,54675.64,2023-02-17,tiffany96@murphy.com,Everyone out when.
EMP12122,Manuel Pearson,Finance,Manager,54675.64,2022-11-28,ryan89@gmail.com,Institution seek.
EMP12123,Derek Evans,HR,Intern,54675.64,2023-09-30,usmith@sullivan.info,Family describe.
EMP12124,Travis Taylor,HR,Executive,54675.64,2022-06-27,barbaramorris@hotmail.com,Late authority Mr.
EMP12125,Kyle Lopez,IT,Analyst,54675.64,2021-11-13,irodriguez@miller-beasley.biz,Very hour whom.
EMP12126,Daniel Mercado,IT,Intern,54675.64,2021-01-08,curtis69@hotmail.com,Situation later ten.
EMP12127,Chelsea Bowers,Sales,Intern,54675.64,2023-05-02,mary67@hotmail.com,Run friend school.
EMP12128,Brandon Morales,Sales,Intern,54675.64,2023-02-05,kaylagould@hotmail.com,Blood network.
EMP12129,Sarah Jones,IT,Manager,54675.64,2023-11-09,clowery@yahoo.com,Wrong day common.
EMP12130,Amy Neal,HR,Executive,54675.64,2022-01-25,maria91@miles.com,Play wife indeed.
EMP12131,Noah Richards,Finance,Manager,54675.64,2023-02-08,bparker@davis-kelly.biz,Himself month word.
EMP12132,Holly Reyes,Sales,Intern,54675.64,2023-08-22,msanchez@hotmail.com,Both better house.
EMP12133,Bradley Pacheco,Finance,Manager,54675.64,2020-12-08,pamelaschwartz@hotmail.com,Check upon.
EMP12134,Kimberly Nelson,HR,Analyst,54675.64,2023-08-19,johnsonbrian@hotmail.com,Floor care sense.
EMP12135,Cory Johnson,IT,Executive,54675.64,2020-01-17,lauren46@yahoo.com,Six number former.
EMP12136,Carla Smith,HR,Intern,54675.64,2021-11-05,jamesdoyle@gmail.com,Answer stop today.
EMP12137,Shannon Hayes,Finance,Intern,54675.64,2021-06-03,tonybowers@mcintyre.com,Letter half society.
EMP12138,Susan Sanders,HR,Manager,54675.64,2021-07-21,cherylcarrillo@parker.com,Debate whether too.
EMP12139,Joel Kirk,HR,Manager,54675.64,2023-04-21,doris21@gmail.com,Model collection.
EMP12140,Shawn Welch,Sales,Intern,54675.64,2020-09-19,longdebra@yahoo.com,Wife school movie.
EMP12141,Taylor Fuentes,IT,Intern,54675.64,2022-12-24,robertgreen@barnes.com,Drug field serve.
EMP12142,Michelle Dominguez,Finance,Executive,54675.64,2020-10-07,brenda20@gmail.com,Direction yourself.
EMP12143,Jennifer Sherman,Finance,Manager,54675.64,2021-05-13,kimberlyyoung@powell-gomez.org,Order activity.
EMP12144,Anthony Mclean,Sales,Analyst,54675.64,2020-04-06,john40@hotmail.com,What happen suffer.
EMP12145,Carol Wang,HR,Executive,54675.64,2023-10-04,diazmichael@gmail.com,Edge but answer.
EMP12146,Blake Michael,Finance,Analyst,54675.64,2021-07-30,jensenheather@gmail.com,Poor science center.
EMP12147,Johnny Krueger,Sales,Executive,54675.64,2023-08-19,dustinwells@mendez.com,Letter knowledge.
EMP12148,Jamie Maddox,Finance,Intern,54675.64,2021-10-09,tonyaewing@yahoo.com,Write window enjoy.
EMP12149,Tammie Archer,Sales,Manager,54675.64,2020-06-21,donna93@gmail.com,Member animal.
EMP12150,Cassandra Cox,Sales,Executive,54675.64,2021-02-16,thomassamantha@richardson-kennedy.net,Service goal only.
EMP12151,Lisa Evans,IT,Intern,54675.64,2020-01-31,collinsvictoria@gmail.com,Alone single.
EMP12152,Olivia Patterson,IT,Intern,54675.64,2021-04-27,malonematthew@yahoo.com,Edge action pick.
EMP12153,Adriana Lam,HR,Executive,54675.64,2020-05-14,zlyons@martin.com,Security heart.
EMP12154,Heather Lewis,Sales,Executive,54675.64,2020-06-07,nicholasperry@hotmail.com,Life bed current.
EMP12155,Pamela Whitaker,Finance,Manager,54675.64,2021-09-12,hannahnelson@medina.com,Area century.
EMP12156,Thomas Garcia,HR,Intern,54675.64,2020-08-29,stephennguyen@yahoo.com,Majority call how.
EMP12157,Jennifer Hayes,Sales,Intern,54675.64,2023-04-26,robinsonchristopher@yahoo.com,Beyond learn while.
EMP12158,Todd Jennings,HR,Manager,54675.64,2023-04-22,jmorris@allen-johnson.net,Clearly sport.
EMP12159,Amy Gaines,Finance,Intern,54675.64,2021-08-28,smithfrank@cobb.com,Late model service.
EMP12160,Chelsea Nichols,Finance,Analyst,54675.64,2023-09-02,gbaker@bauer.info,Scene everybody.
EMP12161,Nicole Prince,IT,Intern,54675.64,2020-07-07,thomas00@gmail.com,Anything modern.
EMP12162,Mary Griffith,HR,Analyst,54675.64,2023-10-10,davidnorton@yahoo.com,Above her fund.
EMP12163,Rita Hendricks,IT,Manager,54675.64,2021-03-23,vdavis@bryant-nelson.com,Late off hand.
EMP12164,Robert Lyons,Sales,Manager,54675.64,2020-09-22,mitchelljohn@yahoo.com,Discover far reason.
EMP12165,Mr. Tanner Taylor,Sales,Executive,54675.64,2023-12-04,pevans@hall.com,Measure as.
EMP12166,James Stevens,Finance,Manager,54675.64,2022-12-28,bellcarl@williams-mcdonald.com,But author return.
EMP12167,John Henson,Sales,Analyst,54675.64,2021-08-21,brianlopez@morse.biz,Last cold if carry.
EMP12168,Jerry Camacho,HR,Manager,54675.64,2023-09-14,crystalortiz@hotmail.com,Agreement finally.
EMP12169,Tammy Gregory,Finance,Analyst,54675.64,2023-01-25,lindseyoliver@gmail.com,Put central issue.
EMP12170,Cynthia Johnson,Finance,Manager,54675.64,2020-09-10,sbrown@rodriguez-tucker.com,Three media.
EMP12171,Jonathan Allen,HR,Intern,54675.64,2022-03-15,charles56@hotmail.com,Yard term character.
EMP12172,Julie Nielsen,HR,Manager,54675.64,2022-07-14,brownjeremy@yahoo.com,Major church.
EMP12173,Dakota Reyes,IT,Executive,54675.64,2023-08-14,katelyn56@hunt.com,Drug effort.
EMP12174,Kristen Goodwin,Sales,Analyst,54675.64,2020-07-14,johnnybest@jones.com,Necessary southern.
EMP12175,Johnny Stuart,Finance,Manager,54675.64,2022-09-12,ashley14@ellis.com,Able country worker.
EMP12176,Jeremiah Turner,Sales,Intern,54675.64,2022-07-19,ucruz@yahoo.com,Safe assume.
EMP12177,Justin Gaines,IT,Executive,54675.64,2021-10-11,manncrystal@hanson.net,Describe yet rest.
EMP12178,Donald Pham,IT,Intern,54675.64,2021-04-13,joseph02@yahoo.com,Central federal.
EMP12179,Tina Harris,Finance,Executive,54675.64,2022-12-24,laurastephenson@burnett.com,Local ago prove.
EMP12180,Sarah Castro,Sales,Intern,54675.64,2022-01-30,lucastracy@gmail.com,Painting pressure.
EMP12181,Heidi Hardin,Sales,Intern,54675.64,2022-06-16,baileyangel@rose.com,Financial consider.
EMP12182,Lori Phelps,Finance,Analyst,54675.64,2023-11-17,dsanchez@yahoo.com,Manage air minute.
EMP12183,Jennifer Scott,Finance,Intern,54675.64,2021-08-15,katherinesmith@gmail.com,Local these why.
EMP12184,Alex Meyer,IT,Executive,54675.64,2020-12-01,tadams@davis.biz,Career employee.
EMP12185,Chad Cortez,Finance,Intern,54675.64,2022-01-01,davidhenderson@larsen.com,Term past suddenly.
EMP12186,Elizabeth Drake,IT,Analyst,54675.64,2023-06-20,kristen21@hotmail.com,Chair nice suddenly.
EMP12187,Sandra Saunders,Sales,Intern,54675.64,2021-10-14,andrew56@hotmail.com,Another similar.
EMP12188,Joseph Collins,Sales,Analyst,54675.64,2020-09-18,mitchellsarah@yahoo.com,High step party.
EMP12189,Darren Hicks,IT,Analyst,54675.64,2023-12-03,samanthamay@gmail.com,Enjoy quality world.
EMP12190,Richard Kim,Sales,Executive,54675.64,2023-04-25,lawrencesimmons@hotmail.com,Whatever method.
EMP12191,Todd Joseph,Finance,Intern,54675.64,2022-01-12,woodsjoshua@yahoo.com,Thought forward.
EMP12192,Janet Bradshaw DDS,IT,Executive,54675.64,2022-07-30,michaelstevens@jones.com,Music issue economy.
EMP12193,Eric Robinson,Sales,Analyst,54675.64,2020-09-02,haydenchristopher@hotmail.com,Beyond tree nation.
EMP12194,Angel Brown,HR,Executive,54675.64,2022-06-29,hvargas@hotmail.com,National bank.
EMP12195,David Richards,HR,Executive,54675.64,2023-09-27,salazardaniel@sandoval-gill.com,Water country on.
EMP12196,Amy Cox,Sales,Analyst,54675.64,2020-02-11,lisa05@malone.com,Outside really.
EMP12197,Steven Aguilar,Finance,Analyst,54675.64,2021-10-18,ashleysavage@meyers-reed.com,Themselves policy.
EMP12198,Abigail Adams,IT,Executive,54675.64,2021-01-17,bryantlinda@yahoo.com,Beat like everyone.
EMP12199,Linda Colon,HR,Intern,54675.64,2022-11-12,dakota03@yahoo.com,Them certain inside.
EMP12200,Christine Harrington,Finance,Analyst,54675.64,2023-12-12,hrodriguez@ramirez.com,Body already.
EMP12201,James Perkins,IT,Analyst,54675.64,2021-07-30,nnolan@hotmail.com,Scene despite tough.
EMP12202,Allen Harrison,HR,Intern,54675.64,2023-10-16,michael41@gmail.com,Challenge both win.
EMP12203,Sara Page,HR,Manager,54675.64,2022-04-27,davidbutler@nguyen.biz,Law maintain.
EMP12204,Jacqueline Gonzales,HR,Analyst,54675.64,2023-05-25,aaron89@hotmail.com,Down civil picture.
EMP12205,George Steele,Sales,Manager,54675.64,2021-09-15,caseymelanie@hotmail.com,Certain go turn.
EMP12206,Jason Flores,Sales,Intern,54675.64,2022-10-02,wesley58@yahoo.com,First position.
EMP12207,Karen Shaffer,Finance,Intern,54675.64,2022-01-31,chanchristopher@yahoo.com,Special out spend.
EMP12208,Joshua Delacruz,IT,Intern,54675.64,2023-01-15,gregory90@lester.com,Boy side agreement.
EMP12209,Patricia Miranda,Sales,Intern,54675.64,2022-09-19,hartmanamber@taylor.biz,Claim director.
EMP12210,Dr. Teresa Turner DDS,IT,Executive,54675.64,2020-10-16,phernandez@lewis.biz,Option table war.
EMP12211,Rodney Wood,HR,Executive,54675.64,2022-06-30,zmorrow@white-hernandez.com,With add our fine.
EMP12212,Debra Miller,Sales,Manager,54675.64,2023-10-12,devinmccarthy@garrison.net,Interesting north.
EMP12213,Allison Cox,HR,Intern,54675.64,2021-03-21,williamscott@hawkins.org,Discussion rich.
EMP12214,Stephanie Clark,IT,Manager,54675.64,2023-07-15,paulhicks@holmes.com,Method country all.
EMP12215,Kevin Warner,Sales,Manager,54675.64,2022-08-22,harriseric@rivera.com,Contain game wide.
EMP12216,Katie Mullins,Sales,Intern,54675.64,2021-08-06,katietucker@acosta-navarro.net,West many.
EMP12217,Lori Smith,HR,Manager,54675.64,2023-02-25,cynthiaflores@yahoo.com,Necessary audience.
EMP12218,Kathleen Carr,Finance,Manager,54675.64,2020-03-20,henrythomas@yahoo.com,Take we spend.
EMP12219,Nancy Hanson,Sales,Manager,54675.64,2020-03-24,andrewsmith@lynch.net,Though cover best.
EMP12220,Keith Wood,IT,Manager,54675.64,2021-06-23,susan95@vargas.net,Finally action.
EMP12221,Joan Williamson,Sales,Executive,54675.64,2023-12-08,sarahwatts@allison-griffin.org,Call feeling image.
EMP12222,Matthew Guzman,HR,Manager,54675.64,2021-02-04,scottryan@williams.com,Win market foreign.
EMP12223,Theresa Mcclain,IT,Intern,54675.64,2021-10-11,ihorne@hotmail.com,Prove give though.
EMP12224,Sherry Wright,Sales,Manager,54675.64,2022-09-10,egarcia@henderson-bell.com,Space sea under.
EMP12225,Stephanie Montoya,HR,Intern,54675.64,2021-05-17,david26@hotmail.com,Rest agree above.
EMP12226,Terri Walker,HR,Intern,54675.64,2020-12-16,josephbaxter@heath.biz,Indicate hit.
EMP12227,Jennifer Sullivan,Finance,Executive,54675.64,2021-06-06,andrea96@chapman-frazier.com,Great tend of whole.
EMP12228,Todd Brady,HR,Executive,54675.64,2021-10-09,andersonjeffrey@cuevas.com,Choice marriage not.
EMP12229,Derek Miles,HR,Manager,54675.64,2022-11-20,phillipsemily@schmidt.biz,Ground resource.
EMP12230,Stacey White,Finance,Manager,54675.64,2020-12-22,rogerscharles@gmail.com,Factor page because.
EMP12231,John Bowen,Finance,Analyst,54675.64,2020-06-09,davidboyd@hotmail.com,Writer wide pretty.
EMP12232,Douglas Garcia,Finance,Manager,54675.64,2021-10-10,andrew51@henderson-bass.com,Ten page avoid.
EMP12233,Jessica Silva,Finance,Analyst,54675.64,2021-11-16,jmorrison@camacho.com,They last attack.
EMP12234,Linda Fritz,HR,Analyst,54675.64,2022-10-15,santanajennifer@hall.com,Once air conference.
EMP12235,Dana Martinez,IT,Executive,54675.64,2020-09-25,tbarnes@frazier-hanson.com,Detail term catch.
EMP12236,Tara Stark,HR,Intern,54675.64,2023-06-21,emaldonado@hotmail.com,Two would.
EMP12237,Maria Perez,HR,Analyst,54675.64,2023-12-06,natalie13@sims.net,Call mouth.
EMP12238,Jennifer Sandoval,Sales,Manager,54675.64,2021-07-17,thomassarah@adams.com,Important add lay.
EMP12239,Renee Nelson,IT,Analyst,54675.64,2023-04-27,smithjeremy@clark-owens.com,Alone cultural.
EMP12240,Cathy Maynard,HR,Executive,54675.64,2020-01-10,wilsonchristy@ramirez.net,Fish member never.
EMP12241,Mary Schwartz,Sales,Analyst,54675.64,2021-11-12,lowens@hernandez.com,Picture able cell.
EMP12242,Laurie Johnson,IT,Analyst,54675.64,2020-06-13,knelson@gmail.com,Foreign better.
EMP12243,Monica Williams,IT,Analyst,54675.64,2021-06-10,paul28@gmail.com,Expert politics.
EMP12244,Miss Dana Thompson,HR,Analyst,54675.64,2020-12-27,chaneykyle@hotmail.com,Consider author.
EMP12245,Jean Miles,IT,Analyst,54675.64,2021-11-07,jameshamilton@norris.com,Sit science discuss.
EMP12246,Mindy Clark,Sales,Analyst,54675.64,2020-07-11,christinehoward@robertson.com,Run course ball.
EMP12247,Kaitlin Green,IT,Analyst,54675.64,2023-11-21,bernardadam@gmail.com,Share seat husband.
EMP12248,Lori Hill,HR,Executive,54675.64,2022-04-06,rachel48@krueger-foster.org,Writer seven hand.
EMP12249,Jerry Park MD,Finance,Manager,54675.64,2022-12-15,jennifercastaneda@gmail.com,Bring create either.
EMP12250,Jessica Ashley,HR,Executive,54675.64,2021-05-02,qhampton@owens.com,Hundred something.
EMP12251,Juan Woodward,Finance,Analyst,54675.64,2020-10-12,hollymckinney@ballard.com,Type receive.
EMP12252,Ryan Edwards,Sales,Analyst,54675.64,2023-06-21,annette14@mcguire-hudson.com,Back upon with.
EMP12253,Tammy Smith,IT,Intern,54675.64,2022-12-23,fpugh@yahoo.com,Crime full hand.
EMP12254,Anna Moore,Sales,Executive,54675.64,2022-04-14,kimberlybanks@yahoo.com,Want answer natural.
EMP12255,Natalie Lindsey,IT,Analyst,54675.64,2023-07-23,pmurphy@rivas.com,Paper letter.
EMP12256,Andrea Price,IT,Intern,54675.64,2023-06-23,angela61@hotmail.com,Think marriage.
EMP12257,Grace Henry,IT,Executive,54675.64,2023-01-27,james47@hotmail.com,He half stand.
EMP12258,Andrea Hartman,Finance,Analyst,54675.64,2023-07-30,christina81@davis.com,Sing impact nearly.
EMP12259,Penny Williams,IT,Intern,54675.64,2022-05-29,kmacias@hendrix.biz,Industry you push.
EMP12260,Mr. Joshua Ramirez,Finance,Intern,54675.64,2023-03-09,dmitchell@levy.com,Power write.
EMP12261,Danielle Smith,HR,Analyst,54675.64,2020-04-18,efields@ferguson.com,More choose there.
EMP12262,Valerie Lewis,Finance,Manager,54675.64,2020-08-30,whitneyrachel@yahoo.com,Now all section.
EMP12263,Ray Daniels,HR,Analyst,54675.64,2022-11-30,emarsh@yahoo.com,Between start visit.
EMP12264,Dorothy Williamson,Finance,Intern,54675.64,2023-06-01,williamswilliam@gmail.com,Center process.
EMP12265,Kelsey Green,Sales,Manager,54675.64,2020-02-20,mmeyers@gmail.com,Down imagine under.
EMP12266,Adrienne Morris,IT,Manager,54675.64,2023-10-08,lreed@gmail.com,Rate remain often.
EMP12267,Christopher Le,Sales,Executive,54675.64,2020-03-20,marquezaaron@carson.com,Direction analysis.
EMP12268,Jake Clark,Sales,Manager,54675.64,2020-12-12,reginafrank@yahoo.com,Hope walk board.
EMP12269,Andrew Sanders,Finance,Intern,54675.64,2020-02-20,wilsoneddie@bond.com,Miss production.
EMP12270,Darius Payne,Finance,Intern,54675.64,2023-08-31,adrian71@johnson-banks.com,Prevent to apply.
EMP12271,Melissa Mooney,HR,Executive,54675.64,2021-08-22,browndennis@yahoo.com,People seat within.
EMP12272,David Clark,Sales,Intern,54675.64,2022-06-14,claudiasawyer@alexander.org,Continue I measure.
EMP12273,Todd Petty,Sales,Intern,54675.64,2023-03-28,ferrelljoshua@young-brown.com,Sometimes training.
EMP12274,Julie Robinson,Finance,Intern,54675.64,2021-10-10,stephaniethornton@yahoo.com,Listen business.
EMP12275,Sandra Delgado,Sales,Executive,54675.64,2023-02-06,fieldslindsay@mcguire.org,Why TV office role.
EMP12276,Casey Norman,IT,Manager,54675.64,2021-03-29,joanna15@hotmail.com,Hard consider.
EMP12277,Melissa Aguirre,IT,Executive,54675.64,2023-08-02,kevinwood@howard.info,Sense western ask.
EMP12278,Kristina Perry,Finance,Manager,54675.64,2020-03-30,nmiller@duran-carter.com,Send might science.
EMP12279,Denise Miller,Sales,Intern,54675.64,2023-08-12,richard92@yahoo.com,Car which so if art.
EMP12280,Christopher Alexander,Sales,Analyst,54675.64,2021-03-31,brandonadams@hoover.biz,Age plan star.
EMP12281,Marvin Parker,IT,Executive,54675.64,2022-08-12,stacyroberts@powers.com,Power budget pretty.
EMP12282,Robert Peterson,Finance,Manager,54675.64,2023-03-08,robertoschmidt@crane.com,Difference popular.
EMP12283,Diana Baker MD,IT,Manager,54675.64,2023-06-02,april30@yahoo.com,Such heart stage.
EMP12284,Christina Hunt,Sales,Intern,54675.64,2022-11-09,hpierce@collins.com,Say already while.
EMP12285,Amanda Rogers,Finance,Manager,54675.64,2021-11-04,jeffrey09@yahoo.com,Different animal.
EMP12286,Becky Miller,Sales,Intern,54675.64,2023-11-21,hensleyjustin@young.org,Push listen plant.
EMP12287,Rodney Webb,Finance,Intern,54675.64,2021-03-20,carrieguzman@gmail.com,So thank policy.
EMP12288,Andrea Noble,IT,Intern,54675.64,2021-03-08,aguilarmary@lindsey.com,Recently marriage.
EMP12289,Michael Johnson,IT,Manager,54675.64,2020-02-14,janicetaylor@rhodes.net,Safe fish town.
EMP12290,Kathy Ellis,Finance,Analyst,54675.64,2023-07-27,tanderson@mcdonald-fuentes.com,Bit draw fine.
EMP12291,Joseph Stanley,Finance,Executive,54675.64,2020-08-09,rhondaschwartz@alexander-reese.com,Sense author design.
EMP12292,Angela Ford,IT,Manager,54675.64,2023-04-29,patrickwilliam@yahoo.com,Ready defense buy.
EMP12293,Vanessa Black,IT,Executive,54675.64,2021-12-03,perezeric@shields.com,He recently argue.
EMP12294,Earl Thomas,Sales,Manager,54675.64,2020-11-07,jeff55@colon.org,Eye discuss beat.
EMP12295,Michael Romero,Finance,Intern,54675.64,2020-11-28,christiehutchinson@gmail.com,Training always.
EMP12296,Angela Cortez,Finance,Executive,54675.64,2023-09-18,jacob56@hotmail.com,Fall imagine argue.
EMP12297,Randy Lee,Finance,Intern,54675.64,2020-07-17,lmccoy@rosales.com,Reach positive.
EMP12298,Lucas Klein,IT,Manager,54675.64,2023-11-08,christopherpadilla@manning.com,Forward bank what.
EMP12299,David Taylor,IT,Manager,54675.64,2021-05-25,pfox@hotmail.com,Dinner increase.
EMP12300,Anthony Hernandez,IT,Analyst,54675.64,2020-05-07,timothytorres@hotmail.com,Might close wide.
EMP12301,Matthew Spencer,HR,Executive,54675.64,2023-02-10,gsweeney@wallace-johnson.com,Team boy decide.
EMP12302,Laura Boyer,HR,Manager,54675.64,2022-12-01,penny07@simpson.com,Spring every bill.
EMP12303,Adam Leonard,IT,Manager,54675.64,2021-05-27,samanthayoung@miller-garcia.biz,Occur anyone.
EMP12304,Joy Williams,Finance,Analyst,54675.64,2022-12-23,davidwiley@gmail.com,Sign however must.
EMP12305,David Hernandez,Finance,Analyst,54675.64,2023-05-28,qsharp@logan.com,Learn stock program.
EMP12306,Jennifer Graham,Finance,Analyst,54675.64,2021-08-06,charles51@gmail.com,Age cover fast.
EMP12307,Thomas Martin,Sales,Intern,54675.64,2022-04-16,henrypitts@gmail.com,Face industry seat.
EMP12308,Jennifer Greene,IT,Analyst,54675.64,2021-02-09,dandrews@gmail.com,President choice.
EMP12309,Julie Wilkinson,Finance,Analyst,54675.64,2023-11-28,carolyncalhoun@gmail.com,Side analysis safe.
EMP12310,Jodi Rodriguez,Finance,Executive,54675.64,2022-08-21,kimberly21@williams.com,During very per.
EMP12311,Crystal Branch,IT,Intern,54675.64,2021-05-20,daviddominguez@barnett-white.info,Far point media set.
EMP12312,Benjamin Hoffman,IT,Intern,54675.64,2023-01-17,joseherrera@gmail.com,Laugh institution.
EMP12313,Timothy Wolfe,IT,Manager,54675.64,2020-06-16,rhonda52@yahoo.com,Knowledge own city.
EMP12314,Amy Mitchell,HR,Executive,54675.64,2021-03-05,brittany65@peterson-porter.com,Those store PM.
EMP12315,Cassandra Kelly,IT,Analyst,54675.64,2021-07-28,vhoward@barker-fletcher.org,Every test very.
EMP12316,Marc Clark,IT,Intern,54675.64,2020-08-03,woodwardvincent@hotmail.com,Pressure above last.
EMP12317,Hannah Byrd,HR,Manager,54675.64,2023-08-27,omclaughlin@smith-moore.com,Strong future.
EMP12318,Andrew Wheeler,IT,Executive,54675.64,2023-11-13,scotthenderson@riley.com,Possible store mean.
EMP12319,Rachael Jordan,Finance,Analyst,54675.64,2021-05-04,donald51@hotmail.com,Far face challenge.
EMP12320,Ashley Oliver,Finance,Executive,54675.64,2022-05-14,melissa06@hotmail.com,Consider top result.
EMP12321,Stephanie Smith,Finance,Executive,54675.64,2023-04-04,ricejill@hudson.info,Capital expect.
EMP12322,Heidi Barry,Finance,Analyst,54675.64,2022-05-21,brent93@chavez-le.com,Test fight cultural.
EMP12323,Robert Hernandez,Finance,Manager,54675.64,2020-05-15,lmartinez@howard.info,Sit already camera.
EMP12324,Troy Hines,Sales,Analyst,54675.64,2021-11-20,wpetty@hotmail.com,Population set less.
EMP12325,Paula Thompson,HR,Intern,54675.64,2022-06-04,george71@yahoo.com,Important morning.
EMP12326,Patricia Mclaughlin,IT,Analyst,54675.64,2021-08-12,wangbrandon@brown.com,Responsibility stay.
EMP12327,Stephanie Harris,Finance,Executive,54675.64,2023-03-10,leslienunez@patel-lee.info,Response wide.
EMP12328,Rhonda Hernandez,Finance,Manager,54675.64,2022-03-28,murphyrobin@allen.com,Easy member fill.
EMP12329,William Garrett MD,Finance,Analyst,54675.64,2023-01-24,dpoole@gmail.com,Involve security.
EMP12330,Mary Davis,Sales,Intern,54675.64,2022-04-25,carolgray@eaton.com,As hard painting.
EMP12331,Jeffrey Ritter,IT,Manager,54675.64,2020-06-11,melissamiller@walter.com,Hotel visit call.
EMP12332,Candice Martin,IT,Executive,54675.64,2020-01-25,shannon33@wiley-castro.com,Second there.
EMP12333,Danielle Schmidt,Finance,Analyst,54675.64,2021-03-20,lcruz@hicks.info,Letter wear game.
EMP12334,Bruce Pearson,Sales,Manager,54675.64,2020-01-31,maria24@allen.com,Process also.
EMP12335,Gregory Gordon,Sales,Manager,54675.64,2021-07-14,jeffery41@gmail.com,Continue young.
EMP12336,Lisa Mason,Finance,Executive,54675.64,2021-11-13,elewis@yahoo.com,Wonder ahead later.
EMP12337,Amanda Garcia,Finance,Manager,54675.64,2020-10-27,ojuarez@wagner.info,Must kid cell site.
EMP12338,Aaron Sherman,Sales,Manager,54675.64,2021-09-19,deborah07@gomez.com,Keep family space.
EMP12339,Shari Bailey,IT,Intern,54675.64,2020-07-30,ojackson@yahoo.com,Idea director.
EMP12340,Rebecca Colon,Sales,Manager,54675.64,2023-10-12,jamesreynolds@hotmail.com,Deal likely herself.
EMP12341,Karen Ramirez,Sales,Analyst,54675.64,2022-10-27,crocha@yahoo.com,Manager right month.
EMP12342,Manuel Travis,IT,Intern,54675.64,2023-05-10,pamela03@baker.com,Door human ground.
EMP12343,Matthew Rodriguez,IT,Intern,54675.64,2021-10-07,christopher78@franklin.com,Role probably nice.
EMP12344,Ashley Jacobs,IT,Analyst,54675.64,2023-05-25,richard51@yahoo.com,Happy year several.
EMP12345,Carrie Harvey,IT,Intern,54675.64,2021-03-29,michelleford@hanson.com,Cause start worry.
EMP12346,Jennifer Montgomery,HR,Executive,54675.64,2020-10-27,gutierreztheresa@navarro-webb.net,Figure friend.
EMP12347,Mary Garcia,IT,Executive,54675.64,2021-11-24,mpena@rios-graham.com,Reduce wish.
EMP12348,Joe Coleman,Sales,Analyst,54675.64,2021-09-27,robert96@yahoo.com,Term great.
EMP12349,Zachary Duran,Sales,Manager,54675.64,2023-03-14,trujillojessica@walker-harris.com,Ever beautiful.
EMP12350,Michael Graham,IT,Intern,54675.64,2020-12-08,utrujillo@davis.net,Many rock.
EMP12351,Robert Rhodes,Sales,Analyst,54675.64,2021-02-16,duranjorge@hotmail.com,Market see among.
EMP12352,Lisa Carter,Sales,Intern,54675.64,2021-12-04,brianford@gmail.com,Save wind.
EMP12353,Brenda Bradley,HR,Executive,54675.64,2021-09-02,lgiles@reese-faulkner.org,Plan window.
EMP12354,Thomas Fleming,HR,Executive,54675.64,2021-09-23,melissacolon@gmail.com,Hospital end.
EMP12355,Wendy Brown,Finance,Analyst,54675.64,2022-05-20,vanessamejia@king-fox.com,Wait possible.
EMP12356,Amber Porter,Finance,Intern,54675.64,2020-04-25,john54@bailey-mcmillan.com,Pass low economy.
EMP12357,Robert Allen,IT,Executive,54675.64,2023-11-28,ronaldwoods@hotmail.com,Pressure song front.
EMP12358,Anthony Bates,HR,Intern,54675.64,2022-03-04,cookmiguel@mendoza.info,Child between when.
EMP12359,Billy Acosta,Finance,Executive,54675.64,2021-04-21,kennethhurst@perez-mejia.biz,Trial herself ok.
EMP12360,David Camacho,Sales,Executive,54675.64,2023-07-10,drewlewis@fox.com,Save sit fine.
EMP12361,Phillip Wilson,Finance,Executive,54675.64,2021-01-17,maria96@hotmail.com,Water age state.
EMP12362,Christopher Wade,IT,Executive,54675.64,2023-03-31,gjackson@yahoo.com,Where ever let.
EMP12363,Kendra Figueroa,Finance,Manager,54675.64,2021-05-31,jeffrey98@yahoo.com,Special approach.
EMP12364,Tara Warner,IT,Analyst,54675.64,2023-05-13,thomas61@alvarez-butler.com,Form thousand stuff.
EMP12365,Tiffany Guzman,Finance,Intern,54675.64,2021-01-24,qhowell@hotmail.com,Rather point long.
EMP12366,Michael Mclaughlin,Finance,Executive,54675.64,2021-04-24,jameskyle@hotmail.com,Decade his.
EMP12367,Jim Woods,Sales,Executive,54675.64,2020-10-15,boydanthony@gmail.com,Week high economy.
EMP12368,Lisa Campbell,Sales,Executive,54675.64,2021-11-13,rparks@gmail.com,Course less from.
EMP12369,Cameron Schneider,Sales,Analyst,54675.64,2022-08-12,virginia99@hotmail.com,Anything look dark.
EMP12370,Sara Douglas,Sales,Intern,54675.64,2023-05-19,jocelyngarcia@larson.com,Place window send.
EMP12371,Ann Andrade,HR,Analyst,54675.64,2023-04-27,victoria54@cuevas-reynolds.com,Town key risk PM.
EMP12372,Rebecca Hardy,Finance,Analyst,54675.64,2023-03-15,flemingjessica@hotmail.com,Successful.
EMP12373,Bradley Jefferson,Sales,Executive,54675.64,2020-05-21,vreed@hotmail.com,Expert of also.
EMP12374,Charlotte Henson,IT,Intern,54675.64,2022-07-23,stewarteric@hotmail.com,Option almost key.
EMP12375,Eric Bailey,HR,Executive,54675.64,2023-03-28,christina39@gmail.com,Remember theory.
EMP12376,Aaron Bowman,IT,Analyst,54675.64,2020-03-21,qgreen@gmail.com,Buy wrong.
EMP12377,Brandon Stevenson,Sales,Manager,54675.64,2023-03-04,zmurray@yahoo.com,World suffer blood.
EMP12378,Mrs. Kelly Holt,Finance,Manager,54675.64,2023-09-26,biancaklein@cohen.org,Then experience.
EMP12379,Michael Castillo,Finance,Analyst,54675.64,2022-12-30,vjordan@yahoo.com,Thought heart.
EMP12380,Zachary Price,Finance,Executive,54675.64,2020-12-07,robertking@ferguson.org,Level million.
EMP12381,David Hall,Sales,Executive,54675.64,2020-10-04,xbarron@rollins.net,Tonight perform.
EMP12382,Katherine Garner,IT,Intern,54675.64,2023-01-15,hherrera@rojas.com,Technology city.
EMP12383,Donald Herrera,Finance,Intern,54675.64,2020-04-01,chloecox@yahoo.com,Break make decide.
EMP12384,Gary Davis,IT,Manager,54675.64,2020-07-09,hannahhardin@martinez.info,Off growth late.
EMP12385,Michael Buchanan,Sales,Executive,54675.64,2023-06-09,ericchan@gmail.com,Situation various.
EMP12386,Maria Lloyd,Finance,Analyst,54675.64,2023-07-03,emily49@hotmail.com,South simple moment.
EMP12387,Kathryn Martin,HR,Executive,54675.64,2021-07-22,vickielee@gmail.com,Ago movie often who.
EMP12388,William Kidd,Sales,Executive,54675.64,2022-01-03,fnewton@hotmail.com,Phone matter record.
EMP12389,David Sparks,HR,Analyst,54675.64,2020-06-21,rcruz@wood.org,Figure good memory.
EMP12390,Linda Thompson,Sales,Manager,54675.64,2022-10-01,jamierivera@campbell-soto.net,South sure off your.
EMP12391,Nancy Cooper,HR,Analyst,54675.64,2021-04-08,robertwise@gmail.com,Recently president.
EMP12392,Christopher Ruiz,Sales,Executive,54675.64,2021-04-13,cooperscott@yahoo.com,South defense.
EMP12393,Steven Harrison,IT,Analyst,54675.64,2022-08-21,ashley77@ortiz.com,Experience and.
EMP12394,Susan Espinoza,IT,Intern,54675.64,2022-09-12,pachecowilliam@davis-williams.biz,Option identify.
EMP12395,Larry Sanchez,Finance,Intern,54675.64,2023-03-11,mhanna@newton-russo.com,Great remember.
EMP12396,Katherine Ward,Finance,Intern,54675.64,2020-10-19,tara95@lewis-lamb.com,More decide future.
EMP12397,Daniel Mcintosh,Finance,Intern,54675.64,2020-12-12,pgonzalez@larsen.com,Similar maintain.
EMP12398,Jacob Wilson,Sales,Analyst,54675.64,2023-07-17,chapmanjulia@gmail.com,Major range college.
EMP12399,Jennifer Moran,Finance,Manager,54675.64,2021-03-25,amandasmith@diaz.com,Next someone way.
EMP12400,Nicole Marshall,Sales,Manager,54675.64,2021-12-06,jli@cooper-reed.biz,Do across western.
EMP12401,Mrs. Deanna Jones,HR,Intern,54675.64,2021-11-03,qsimmons@ferguson-gray.org,Amount during.
EMP12402,Katie Martinez,HR,Executive,54675.64,2022-06-16,james87@gmail.com,Out deep our loss.
EMP12403,Casey Mays,Sales,Analyst,54675.64,2022-09-20,james97@wilson-arnold.org,Whose eat instead.
EMP12404,Jeremy Cantu,HR,Executive,54675.64,2023-07-03,fbradshaw@gmail.com,Since too.
EMP12405,Benjamin Wheeler,IT,Intern,54675.64,2020-02-24,darren75@parker-ortiz.com,Environmental.
EMP12406,Justin Byrd,IT,Analyst,54675.64,2020-06-21,samantha97@moreno-parker.com,Hold difference.
EMP12407,Lauren Glass,Sales,Intern,54675.64,2023-03-24,nicholas50@manning-garcia.com,Sport onto practice.
EMP12408,Margaret Howard,IT,Analyst,54675.64,2021-12-30,rflores@hotmail.com,Bring rock finish.
EMP12409,Michelle Obrien,HR,Intern,54675.64,2023-04-18,imichael@wiley.net,Black bill rich.
EMP12410,Martha Lewis,Finance,Manager,54675.64,2022-10-03,amanda45@yahoo.com,This center support.
EMP12411,Jennifer Chapman,Finance,Analyst,54675.64,2022-05-03,markrogers@allen.com,Five win despite.
EMP12412,Juan Miller,Sales,Manager,54675.64,2021-09-30,evanlloyd@golden.org,Play wear father.
EMP12413,Ashley Mueller,IT,Intern,54675.64,2023-10-27,gvargas@yahoo.com,Course establish.
EMP12414,Douglas Thompson,Finance,Analyst,54675.64,2022-10-18,dmerritt@gmail.com,Money health data.
EMP12415,Christina Stevens,Finance,Executive,54675.64,2022-12-17,dthornton@carpenter.com,Shake what what.
EMP12416,Kim Ward,Finance,Executive,54675.64,2021-10-08,ryan43@hotmail.com,She stay particular.
EMP12417,Alexander Williams,Sales,Analyst,54675.64,2023-03-10,mary55@hernandez-jones.net,Family continue.
EMP12418,Curtis Nelson,IT,Manager,54675.64,2020-02-17,melissa25@mayo-castillo.com,Message focus leg.
EMP12419,Jamie Adkins,IT,Intern,54675.64,2021-10-29,davissandra@hotmail.com,Continue along.
EMP12420,Lauren Goodwin,Finance,Manager,54675.64,2021-03-04,samuel83@yahoo.com,Business pass life.
EMP12421,Richard Robinson,IT,Manager,54675.64,2020-08-03,alyssa18@cowan.biz,How together.
EMP12422,Bailey White,IT,Analyst,54675.64,2021-11-05,michellemurphy@hotmail.com,Local program able.
EMP12423,Edward Henderson,Finance,Executive,54675.64,2023-02-22,fgonzalez@maldonado-mcintyre.net,Detail specific.
EMP12424,David Stanley,Sales,Intern,54675.64,2023-08-27,berryadrian@lozano.biz,Election television.
EMP12425,Hannah Santos,Finance,Manager,54675.64,2021-05-25,joshua18@williams.org,Base again nice.
EMP12426,Elijah Norris,IT,Executive,54675.64,2022-07-21,meganschneider@hotmail.com,Live possible not.
EMP12427,Carrie Wright,IT,Manager,54675.64,2023-03-06,bgutierrez@yahoo.com,Win action.
EMP12428,Mary Park,IT,Analyst,54675.64,2022-05-31,clong@hotmail.com,Current spring.
EMP12429,Megan Ferrell,Sales,Analyst,54675.64,2023-02-13,garymartin@powell.info,Rule offer develop.
EMP12430,Jacqueline Cardenas,IT,Manager,54675.64,2023-02-27,shepardmichael@myers.com,Certain season.
EMP12431,Angela Pittman,IT,Executive,54675.64,2021-03-17,lisamarsh@gmail.com,Not lawyer this ten.
EMP12432,Randy Zimmerman,IT,Manager,54675.64,2020-10-04,mcconnellnancy@hotmail.com,Learn try think.
EMP12433,John Sanders,Sales,Intern,54675.64,2021-05-24,markpatterson@gmail.com,Painting in speak.
EMP12434,Matthew Swanson,Finance,Manager,54675.64,2023-05-21,aperez@snyder.biz,Task write tend.
EMP12435,Marc Kim,IT,Intern,54675.64,2021-04-29,bhall@hotmail.com,So account nature.
EMP12436,Jennifer Robinson,IT,Manager,54675.64,2020-10-06,michael06@rogers-mendoza.com,Can meet PM show.
EMP12437,Kenneth May,Sales,Intern,54675.64,2023-05-14,kristopher85@gmail.com,Speak share argue.
EMP12438,Thomas White,HR,Executive,54675.64,2022-01-06,andradesarah@yahoo.com,Win about chance.
EMP12439,Heather Allen,Sales,Manager,54675.64,2022-07-01,brian25@miller.com,I eye media century.
EMP12440,Kelly Casey,HR,Manager,54675.64,2020-07-04,amanda57@hotmail.com,This camera save.
EMP12441,Patricia Brown,HR,Intern,54675.64,2023-11-29,delgadodavid@ferrell.net,World glass nation.
EMP12442,Gregory Hudson,HR,Analyst,54675.64,2023-09-18,robinsonpaige@hotmail.com,Blood standard.
EMP12443,Nathan King,HR,Executive,54675.64,2022-12-22,ryan85@gmail.com,Guy probably film.
EMP12444,Virginia Chavez,HR,Analyst,54675.64,2020-07-09,gonzalezamanda@anderson.com,Money figure heavy.
EMP12445,Jill Lam,Sales,Analyst,54675.64,2023-10-19,jesus15@yahoo.com,Team discussion.
EMP12446,Katherine Sutton,IT,Manager,54675.64,2023-10-26,richarddickerson@hotmail.com,Exactly economy.
EMP12447,Lisa Lambert,Sales,Manager,54675.64,2023-12-18,sarah37@sawyer-myers.com,Support moment site.
EMP12448,Michelle Fisher,Finance,Manager,54675.64,2023-01-03,scott86@yahoo.com,Hit push indicate.
EMP12449,Richard Moore,Sales,Analyst,54675.64,2021-12-06,matthewknight@hotmail.com,Media whether.
EMP12450,Rebecca Duran,IT,Executive,54675.64,2020-08-16,darrylthomas@gmail.com,Girl sing make.
EMP12451,Jeffrey Nichols,IT,Intern,54675.64,2020-12-13,lmunoz@gmail.com,Room level finish.
EMP12452,Lisa Harper,Finance,Intern,54675.64,2023-05-03,twillis@powers-johnson.com,Shake a live seem.
EMP12453,Kelly Wade,Finance,Intern,54675.64,2021-04-07,jackrogers@hotmail.com,List effect film.
EMP12454,Alexis Rodriguez,Sales,Executive,54675.64,2023-03-21,cunderwood@bradley.org,Between benefit.
EMP12455,Michael Gates,Sales,Analyst,54675.64,2022-04-19,jramirez@payne.info,This likely film.
EMP12456,Lindsey Roy,Finance,Analyst,54675.64,2021-12-10,mjackson@gmail.com,House various happy.
EMP12457,Monica Pitts,Finance,Executive,54675.64,2022-09-18,anthony06@hotmail.com,From under region.
EMP12458,Mr. Brett Reynolds DDS,Sales,Manager,54675.64,2022-09-27,amathis@yahoo.com,Term establish best.
EMP12459,Michelle Logan,Finance,Executive,54675.64,2021-03-10,keithsmith@yahoo.com,Threat ok north.
EMP12460,Lisa Garcia,Finance,Analyst,54675.64,2020-04-29,butlertodd@yahoo.com,Assume treatment.
EMP12461,Jeff Scott,Sales,Intern,54675.64,2020-09-10,kayla38@yahoo.com,He here article.
EMP12462,April Ford,IT,Intern,54675.64,2023-05-13,conniesmith@hotmail.com,Create choose low.
EMP12463,Jacob Wright,Finance,Intern,54675.64,2022-09-14,obaker@yahoo.com,Democratic agent.
EMP12464,Joann Williams,HR,Manager,54675.64,2020-12-27,xfernandez@yahoo.com,Pick west feel rock.
EMP12465,Alex Johnson,Finance,Manager,54675.64,2023-07-01,adamsmichael@gmail.com,Painting state.
EMP12466,Cathy Jackson,Sales,Executive,54675.64,2022-08-18,edwardspaul@hotmail.com,Growth anyone.
EMP12467,Ashley Jackson,HR,Intern,54675.64,2020-10-12,wellskatrina@gmail.com,School door travel.
EMP12468,Joseph Jennings,HR,Manager,54675.64,2023-06-15,sholmes@little-williams.com,Design exist.
EMP12469,Justin Paul,Finance,Analyst,54675.64,2021-09-20,morganclark@hotmail.com,Wall third minute.
EMP12470,Lawrence Blair,Sales,Executive,54675.64,2023-11-03,zhodges@gmail.com,Some type plan.
EMP12471,Paul Gray,Sales,Analyst,54675.64,2021-07-09,connor38@yahoo.com,But she personal.
EMP12472,David Mitchell,Finance,Analyst,54675.64,2022-01-01,brandicaldwell@chase.info,Apply most water.
EMP12473,Henry Herring,IT,Intern,54675.64,2021-11-04,annaalvarado@gmail.com,Majority citizen.
EMP12474,Glen Bennett,HR,Analyst,54675.64,2020-06-15,david42@yahoo.com,Wait opportunity.
EMP12475,Stephanie Reed,Sales,Intern,54675.64,2021-10-05,ybrown@gmail.com,Professor much.
EMP12476,Vicki Miranda,Sales,Executive,54675.64,2023-05-24,thomasjane@mitchell.com,Everybody different.
EMP12477,Tammy Gordon,Finance,Analyst,54675.64,2023-12-05,uespinoza@ford-thomas.com,Song back author.
EMP12478,Justin Martinez,Finance,Intern,54675.64,2020-10-24,hcollins@byrd.org,Tough very imagine.
EMP12479,Ashley Mullen,IT,Analyst,54675.64,2023-03-08,morganalexa@hotmail.com,Raise but law few.
EMP12480,Daniel Hughes,Finance,Manager,54675.64,2022-06-04,michael47@gmail.com,Choose population.
EMP12481,Cody Kelly,Sales,Manager,54675.64,2022-05-04,brianna39@yahoo.com,Along treat sing.
EMP12482,Madison Smith,HR,Analyst,54675.64,2023-02-20,dflores@gmail.com,Another key night.
EMP12483,Melissa King DDS,Sales,Manager,54675.64,2023-08-22,adriana09@jefferson.com,Environment become.
EMP12484,Kimberly Robinson,Sales,Executive,54675.64,2021-07-18,jbryant@ray.biz,After even speech.
EMP12485,Mrs. Danielle Miller,Finance,Manager,54675.64,2023-09-12,bramirez@gmail.com,Subject long age.
EMP12486,Jerry Armstrong,IT,Executive,54675.64,2022-11-22,tina08@gmail.com,Cut likely share.
EMP12487,Jacqueline Wilson,HR,Intern,54675.64,2021-08-12,johnsontina@hotmail.com,Should energy you.
EMP12488,Melissa Gregory,Finance,Executive,54675.64,2022-06-11,deanna44@yahoo.com,She attorney.
EMP12489,Paul Gomez,HR,Intern,54675.64,2022-04-24,meredith11@hotmail.com,Television.
EMP12490,Jonathan Chen,Finance,Manager,54675.64,2021-03-29,kochjoyce@tran.com,Discuss stage enjoy.
EMP12491,Katherine Taylor MD,HR,Intern,54675.64,2021-08-17,taylorgary@johnson.com,Professor budget.
EMP12492,Laura King,Sales,Manager,54675.64,2020-07-08,mjoseph@yahoo.com,Soon police one we.
EMP12493,Gina Williams,Sales,Intern,54675.64,2022-09-21,pcruz@hotmail.com,Point one close.
EMP12494,Dwayne Duran,Finance,Executive,54675.64,2023-09-03,johnsonandrea@yahoo.com,Choice debate.
EMP12495,Marcus Smith,Finance,Analyst,54675.64,2022-06-01,andersongerald@yahoo.com,Keep official along.
EMP12496,Brandon Davis,Sales,Analyst,54675.64,2021-07-13,stevencarter@conway.com,High ball heavy.
EMP12497,Patricia Schmidt,Finance,Analyst,54675.64,2020-12-11,timothy42@harris.com,Increase yard far.
EMP12498,Jacqueline Dillon,HR,Intern,54675.64,2021-08-02,garrettmartin@fisher.biz,Call hit visit PM.
EMP12499,Aaron Roberson,HR,Analyst,54675.64,2022-05-09,rweeks@gmail.com,Political room leg.
EMP12500,Walter Perez,Finance,Manager,54675.64,2023-12-05,kristincrawford@hotmail.com,Century official.
EMP12501,Sabrina Taylor,HR,Manager,54675.64,2022-06-01,hmathews@thompson.net,Foot employee.
EMP12502,Jessica Johns MD,HR,Executive,54675.64,2023-08-27,alicia27@hotmail.com,That prevent long.
EMP12503,Mrs. Jill Hodge,Sales,Intern,54675.64,2023-04-10,michaelhicks@johnson.com,We reality glass.
EMP12504,Heather Morris,IT,Executive,54675.64,2020-11-22,brenda82@ritter.com,Know color movement.
EMP12505,Samuel Hurley,HR,Analyst,54675.64,2023-12-30,rlin@gmail.com,Up season issue.
EMP12506,Paul King,Finance,Intern,54675.64,2023-08-29,rebeccabutler@lutz-wood.net,Forget student.
EMP12507,Billy Ellis,IT,Executive,54675.64,2023-11-17,antoniowhite@gardner-dawson.com,Cause name stage.
EMP12508,Norman Mitchell,HR,Manager,54675.64,2020-12-19,christiehicks@gmail.com,Organization.
EMP12509,Tiffany Sexton,IT,Analyst,54675.64,2022-10-11,timothymoore@delacruz.biz,Hotel machine book.
EMP12510,Thomas Boone,IT,Analyst,54675.64,2020-09-20,matthew95@johnson.com,Ever a foot level.
EMP12511,Megan Gibson,IT,Analyst,54675.64,2021-11-26,jennifer22@tyler.biz,Major owner goal.
EMP12512,Christopher Chavez,Sales,Executive,54675.64,2021-06-05,qcole@mcclain.com,Attack enough drug.
EMP12513,Amber Day,IT,Analyst,54675.64,2021-12-05,bmartin@brown-durham.net,Assume region.
EMP12514,Diana Peters,Sales,Manager,54675.64,2023-10-25,anitaerickson@gmail.com,Make hour himself.
EMP12515,Jennifer Garcia,Finance,Analyst,54675.64,2022-08-25,tammy94@gmail.com,Budget throw.
EMP12516,Manuel Stewart,Finance,Executive,54675.64,2020-09-12,cgregory@gmail.com,Nor necessary floor.
EMP12517,Allison Watson,IT,Executive,54675.64,2022-12-04,fsmith@acosta.net,Senior already.
EMP12518,James Cole,Sales,Analyst,54675.64,2023-08-18,barkerisabella@yahoo.com,Number size charge.
EMP12519,Bobby Lutz,HR,Analyst,54675.64,2022-02-23,underwoodkathryn@wright.com,Follow author style.
EMP12520,Ashley Green,Finance,Executive,54675.64,2020-03-22,reedapril@hotmail.com,Police activity.
EMP12521,Jack Johnson,HR,Manager,54675.64,2023-06-03,shelley81@obrien.com,Cover manage.
EMP12522,Evan Morris,IT,Manager,54675.64,2022-09-21,crawfordmarcus@cooper-aguilar.org,Take lay leader.
EMP12523,Pamela Wright,Sales,Analyst,54675.64,2020-05-07,brooke15@chapman-vargas.biz,Key without message.
EMP12524,Angela Evans,HR,Analyst,54675.64,2023-10-26,schwartztabitha@gmail.com,Mean probably.
EMP12525,Jeremiah Miller,Sales,Analyst,54675.64,2023-09-08,leslie64@lopez-wilcox.biz,Public stuff assume.
EMP12526,Michael Gibson,Finance,Executive,54675.64,2022-04-23,ejennings@yahoo.com,Put eye visit along.
EMP12527,Mark Hobbs,Finance,Intern,54675.64,2023-04-28,kirbycarrie@wood-larson.info,Activity allow wall.
EMP12528,Dakota Myers,Sales,Intern,54675.64,2021-11-06,floydvirginia@williams.com,Citizen require.
EMP12529,Dawn Rogers,Finance,Executive,54675.64,2022-10-29,jennifer70@yahoo.com,Mother word cause.
EMP12530,John White,Finance,Analyst,54675.64,2020-06-11,melinda76@hurley.biz,Government onto off.
EMP12531,Stephanie Palmer,Finance,Intern,54675.64,2022-08-20,michelle61@gmail.com,Like run item ok.
EMP12532,John Tucker,HR,Executive,54675.64,2021-12-29,sophia58@gardner.net,Future star field.
EMP12533,Chad Kim Jr.,Finance,Executive,54675.64,2022-12-11,wmiranda@nguyen.org,Evening type.
EMP12534,Anthony Wilson PhD,Sales,Manager,54675.64,2020-04-27,seankim@gregory.com,Could never.
EMP12535,Brenda Moreno,Finance,Executive,54675.64,2020-04-10,masseyjoshua@gmail.com,Very those onto by.
EMP12536,Dawn Campbell,Sales,Analyst,54675.64,2021-09-15,cameronward@yahoo.com,Why matter husband.
EMP12537,Stephen Becker,Sales,Manager,54675.64,2022-05-08,fordjeremy@stewart.com,Soon smile here.
EMP12538,Allison Lucas,HR,Intern,54675.64,2021-02-15,johnwood@mckenzie-cunningham.com,So issue stand fire.
EMP12539,Hayley Thornton,Sales,Executive,54675.64,2021-04-11,careykelly@young-eaton.net,Speech them hold.
EMP12540,Elizabeth Morris,HR,Manager,54675.64,2021-07-24,nelsondana@hotmail.com,Effect dinner.
EMP12541,Gregory Gallagher,Sales,Executive,54675.64,2022-11-26,richardrobert@hotmail.com,Left deal local.
EMP12542,Rachel Gallegos,Sales,Executive,54675.64,2023-02-01,elizabeth26@warren.org,Its can set edge.
EMP12543,Jordan Lewis,HR,Manager,54675.64,2022-07-09,fsullivan@hotmail.com,Best picture.
EMP12544,Susan Baker,HR,Intern,54675.64,2022-09-20,kristen97@brooks-johnson.com,Finish maybe.
EMP12545,Alan Nichols,Sales,Executive,54675.64,2020-01-15,victoria81@schmidt-norman.com,Dark around office.
EMP12546,Jason Buckley,Sales,Analyst,54675.64,2023-03-13,fergusonamy@james.com,Center skin.
EMP12547,Sierra Livingston,IT,Intern,54675.64,2022-04-02,rodney35@yahoo.com,Save without.
EMP12548,Jasmine Strong,Sales,Intern,54675.64,2020-09-06,james67@hotmail.com,Call try maintain.
EMP12549,Christina Davis,HR,Executive,54675.64,2021-01-22,fordscott@gmail.com,Realize item.
EMP12550,Annette Pratt,Sales,Intern,54675.64,2020-10-08,jennifer29@gmail.com,We space employee.
EMP12551,Steven Gonzalez,IT,Manager,54675.64,2022-01-20,ashley37@stanley.com,Citizen maybe.
EMP12552,Christina Logan,Sales,Manager,54675.64,2023-08-11,gonzalezjacqueline@gmail.com,Thousand positive.
EMP12553,Patrick Figueroa,Finance,Intern,54675.64,2021-01-18,jeffreyfoster@yahoo.com,Bar practice.
EMP12554,Thomas Kim,IT,Executive,54675.64,2020-02-16,laura98@hotmail.com,Source teach.
EMP12555,Kathy Gonzalez,HR,Analyst,54675.64,2022-08-01,ejohnston@yahoo.com,Statement employee.
EMP12556,Jared Bond,Finance,Executive,54675.64,2021-08-26,gabrielyoung@rodriguez.com,President prepare.
EMP12557,Lorraine Santiago,HR,Executive,54675.64,2023-04-03,charles24@franklin.com,See opportunity.
EMP12558,Julia Holland,Sales,Executive,54675.64,2022-11-27,millerkathy@hotmail.com,Hundred create true.
EMP12559,Austin Phillips,IT,Intern,54675.64,2021-09-03,popematthew@hotmail.com,Politics need front.
EMP12560,Nicole Brown,HR,Intern,54675.64,2022-12-21,mikebradley@rivas.com,Arm usually.
EMP12561,Kevin Watkins,Sales,Executive,54675.64,2021-07-26,erin00@ramirez.info,Artist term.
EMP12562,Wayne Patel,HR,Analyst,54675.64,2021-12-14,roselarson@bennett.info,Want to nearly fine.
EMP12563,Robert Davis,Finance,Executive,54675.64,2020-04-27,mark13@barr.com,Realize reduce.
EMP12564,Dawn Gibson,Sales,Analyst,54675.64,2021-04-25,danielle58@hotmail.com,Total not how woman.
EMP12565,Monique Jones,IT,Executive,54675.64,2022-10-28,hli@daniel-rodriguez.com,Grow situation.
EMP12566,Jessica Williams,Sales,Analyst,54675.64,2023-02-03,brian03@jordan.com,Rich head bar fact.
EMP12567,Jessica Campbell,HR,Executive,54675.64,2020-10-18,clinton93@wang.com,Account only.
EMP12568,Garrett Martin Jr.,Sales,Manager,54675.64,2021-07-21,lisaramos@gmail.com,Doctor summer road.
EMP12569,Jonathan Brewer,HR,Intern,54675.64,2021-06-15,johnsonamy@thomas.com,Avoid herself.
EMP12570,Joshua Quinn,IT,Executive,54675.64,2020-07-01,jkline@lopez.org,Wish hear entire.
EMP12571,Melissa Bernard,HR,Intern,54675.64,2022-07-18,chase95@little.info,Fish write some.
EMP12572,Benjamin Cummings,Finance,Executive,54675.64,2020-12-13,melinda18@mullins.biz,Girl he team degree.
EMP12573,Aaron Nelson,HR,Intern,54675.64,2020-10-14,susan68@bell.com,Wait risk east.
EMP12574,Amber Powers,IT,Manager,54675.64,2020-07-22,morrisian@yahoo.com,Long story wife.
EMP12575,Andrew Bell,Finance,Intern,54675.64,2022-12-02,natasha15@gmail.com,Approach level.
EMP12576,Jeffrey Pham,IT,Manager,54675.64,2020-11-30,cody75@fleming-calhoun.com,Help similar this.
EMP12577,Christopher Hall,Sales,Intern,54675.64,2023-11-21,belllori@gmail.com,Strong throw.
EMP12578,Ashley Oliver,IT,Executive,54675.64,2022-10-22,stevenswilliam@ingram.net,Activity once.
EMP12579,Jonathan Stevens,Finance,Analyst,54675.64,2022-08-14,troy25@gmail.com,Yeah off of market.
EMP12580,Nathan Short,HR,Intern,54675.64,2023-05-20,cody06@gmail.com,Radio fish.
EMP12581,Matthew Vargas,Sales,Manager,54675.64,2021-11-12,mallorysoto@hamilton.com,Hear billion back.
EMP12582,Lynn Bowers,IT,Manager,54675.64,2020-05-22,judithaustin@gmail.com,Far officer able.
EMP12583,Jack Boyd,HR,Intern,54675.64,2020-04-02,vgarza@henson.org,Bring health their.
EMP12584,Robert Vaughn,IT,Manager,54675.64,2020-05-01,cgray@coleman.com,Recognize science.
EMP12585,Rebecca Fischer,HR,Manager,54675.64,2021-12-25,fernandezstephanie@keith-buckley.net,Sit large notice.
EMP12586,Ryan Russell,IT,Manager,54675.64,2021-01-28,kevinwheeler@gmail.com,Boy hit general.
EMP12587,David Wilson,Sales,Manager,54675.64,2022-06-03,jasminerodgers@yahoo.com,Fire fire peace.
EMP12588,Jessica Mendez,Sales,Intern,54675.64,2023-07-03,uwalker@gmail.com,Figure continue be.
EMP12589,Christian Erickson,Sales,Executive,54675.64,2020-09-06,smithjoel@gmail.com,Thousand star.
EMP12590,Sean Peterson,HR,Executive,54675.64,2022-04-05,stevenswilliam@miller.biz,Become fine party.
EMP12591,Ashley Haas,Sales,Manager,54675.64,2023-06-07,pam97@gmail.com,Rather thousand kid.
EMP12592,Sonia Miller,Sales,Analyst,54675.64,2021-04-13,umanning@hotmail.com,House body others.
EMP12593,Mary Gonzalez,Sales,Intern,54675.64,2021-05-06,nwhitaker@walker.info,Cultural expert.
EMP12594,Steven Pierce,HR,Intern,54675.64,2021-04-09,powerscheryl@hotmail.com,Yeah attention.
EMP12595,Anne Gregory,Sales,Analyst,54675.64,2023-10-29,fletcherwendy@hotmail.com,College manager add.
EMP12596,Stephanie Stewart,Finance,Intern,54675.64,2020-04-17,michaelbrooks@gmail.com,Least executive.
EMP12597,Katelyn Harris,Sales,Analyst,54675.64,2022-12-21,scottcampbell@spence.com,Else into money he.
EMP12598,Erica Williams,IT,Executive,54675.64,2020-02-26,jwillis@hotmail.com,Attention state.
EMP12599,Christine Gonzalez,HR,Executive,54675.64,2022-02-01,michele65@perry-schultz.biz,Theory break power.
EMP12600,Christopher Fisher,Sales,Executive,54675.64,2022-08-16,eileen33@yahoo.com,Southern enough low.
EMP12601,Wayne Ochoa,Sales,Executive,54675.64,2020-05-11,hamiltonkathy@gmail.com,Face itself first.
EMP12602,Anthony Miller,Sales,Manager,54675.64,2023-01-06,laurawashington@yahoo.com,Newspaper goal.
EMP12603,Brandi Morales,IT,Manager,54675.64,2022-05-21,brendanjimenez@hotmail.com,Even past through.
EMP12604,Billy Esparza,IT,Intern,54675.64,2023-12-12,riversjohnny@dominguez.info,Half people yet.
EMP12605,Jill Kim,IT,Analyst,54675.64,2022-04-25,lisawilson@mason-jones.com,In interesting any.
EMP12606,Sheena Berry,Sales,Analyst,54675.64,2022-09-22,michaelpacheco@hawkins.net,Million try show.
EMP12607,Veronica Anderson MD,HR,Manager,54675.64,2023-03-31,charlotte80@hotmail.com,Music statement the.
EMP12608,Cesar Casey,HR,Analyst,54675.64,2022-08-23,robertsluke@miller.com,Sort activity.
EMP12609,Michael Torres,IT,Executive,54675.64,2021-06-30,wdavis@gmail.com,Full instead.
EMP12610,Albert Knight,Sales,Analyst,54675.64,2021-06-10,megan37@gmail.com,Begin body nearly.
EMP12611,Amy Anderson,HR,Executive,54675.64,2022-03-29,tracysmall@hotmail.com,News stage price.
EMP12612,Kyle Fields,Sales,Intern,54675.64,2022-11-09,sharon34@yahoo.com,Scene glass.
EMP12613,Whitney Sanchez,Finance,Analyst,54675.64,2021-04-20,sheltonpaul@gmail.com,Could less course.
EMP12614,William Jones,IT,Executive,54675.64,2022-10-07,jbutler@gmail.com,Loss argue discuss.
EMP12615,Beverly Hamilton,IT,Intern,54675.64,2022-11-27,rmoore@hotmail.com,Fall product.
EMP12616,Kent Huffman,Finance,Intern,54675.64,2023-05-24,xlewis@gmail.com,Record whom be term.
EMP12617,James Meyer,Sales,Intern,54675.64,2020-01-10,kerrilarson@gmail.com,Quality degree ten.
EMP12618,Dawn Salazar,HR,Analyst,54675.64,2020-04-09,curtisrivers@proctor-farrell.biz,Interview cold.
EMP12619,Deanna Martinez MD,HR,Executive,54675.64,2023-11-17,howardcheryl@becker.com,Miss remember us.
EMP12620,Devon Carter,Finance,Manager,54675.64,2021-12-26,estesjesse@alvarado.com,Whole that.
EMP12621,Sarah Arnold,IT,Manager,54675.64,2020-04-10,charles77@hotmail.com,Carry study garden.
EMP12622,Isabel Barrera,Sales,Executive,54675.64,2023-10-18,kevin95@hotmail.com,According me price.
EMP12623,Sandy Peterson,Finance,Intern,54675.64,2023-07-27,danielsshannon@walker.com,Health special.
EMP12624,Andrew Spears,Finance,Manager,54675.64,2022-10-24,belljames@lloyd-pena.net,Lawyer show public.
EMP12625,Jennifer Young,IT,Analyst,54675.64,2020-05-30,qcooley@yahoo.com,Check wish process.
EMP12626,Emily Brown,HR,Intern,54675.64,2020-02-11,justinjackson@thornton.org,New his collection.
EMP12627,Sean Hernandez,Sales,Manager,54675.64,2023-10-31,dylannelson@yahoo.com,Simple since go.
EMP12628,Megan Haney,Sales,Executive,54675.64,2022-08-19,ehill@hotmail.com,People future goal.
EMP12629,Glenn Lynn,IT,Manager,54675.64,2020-01-19,ibrown@gonzalez-james.com,Hope sea themselves.
EMP12630,Patrick Novak,Sales,Analyst,54675.64,2022-07-04,crystaldixon@gonzalez.biz,Imagine nice nation.
EMP12631,Kevin Proctor,Sales,Executive,54675.64,2023-12-06,duanekim@gmail.com,Audience believe.
EMP12632,Kristin Bryant,Sales,Manager,54675.64,2023-06-13,reedlindsey@flores-rose.org,Walk board today.
EMP12633,James Gomez,Sales,Manager,54675.64,2021-05-19,rachel53@hotmail.com,Plan few who agree.
EMP12634,Denise Wells,IT,Manager,54675.64,2022-10-27,ginacarter@macdonald-ramirez.com,Personal political.
EMP12635,Bruce Rivera,Sales,Intern,54675.64,2020-05-03,andreallen@gmail.com,Trouble trip sea.
EMP12636,John Tran,HR,Intern,54675.64,2021-05-27,henry96@rodriguez.com,It population open.
EMP12637,Joseph Brooks,IT,Analyst,54675.64,2023-11-19,tevans@hotmail.com,While their say.
EMP12638,Geoffrey Smith,Sales,Manager,54675.64,2021-11-30,tracyfrench@johnson.com,Cup media sell.
EMP12639,Whitney Gonzales,Finance,Analyst,54675.64,2021-11-01,leemaria@yahoo.com,Art senior former.
EMP12640,Jason Walsh,IT,Executive,54675.64,2022-11-19,lancemorales@hotmail.com,Realize those all.
EMP12641,Nicholas Saunders,HR,Analyst,54675.64,2020-03-17,jamesperez@gmail.com,Civil enough sing.
EMP12642,Megan Miller,Sales,Intern,54675.64,2022-07-08,jonathanmartinez@gmail.com,Many choice tend.
EMP12643,Katelyn Flores,Sales,Manager,54675.64,2021-06-13,khall@yahoo.com,Stuff consider.
EMP12644,Lisa Kent,Finance,Intern,54675.64,2020-07-04,christinaallen@spencer-smith.com,Tree move step.
EMP12645,Danielle Davis,Finance,Executive,54675.64,2021-05-17,melanie30@wilson-parker.com,Another keep.
EMP12646,Tyler Carter,IT,Intern,54675.64,2022-02-23,brucefrey@simmons.com,Poor modern speak.
EMP12647,Kevin Quinn,IT,Manager,54675.64,2020-10-28,brockcrystal@mccoy.com,Myself material.
EMP12648,Rachael Patterson,IT,Intern,54675.64,2020-04-21,derek60@gmail.com,Late provide face.
EMP12649,Brandi Walsh,Finance,Manager,54675.64,2020-01-19,robin38@taylor.info,Eye agent size five.
EMP12650,Bruce Thomas,IT,Analyst,54675.64,2022-11-01,zwilson@gmail.com,Visit or father.
EMP12651,Katherine Jacobson,IT,Manager,54675.64,2023-05-26,walter12@chase.com,Hair Congress event.
EMP12652,John Martinez,Sales,Analyst,54675.64,2023-09-23,hscott@yahoo.com,Individual white.
EMP12653,Nathan Smith,IT,Executive,54675.64,2020-11-01,kingmaureen@nguyen-graves.com,TV trouble suddenly.
EMP12654,Vanessa Combs,IT,Executive,54675.64,2022-09-28,maldonadojacob@dunn-thornton.info,Yes focus bed.
EMP12655,Scott Mccormick,Finance,Intern,54675.64,2022-08-19,rebeccadavis@yahoo.com,Simple while see.
EMP12656,Michael Carroll,IT,Executive,54675.64,2021-02-07,jbrady@schmidt.com,By bag someone.
EMP12657,Michelle Cook,HR,Manager,54675.64,2021-06-01,richardpatel@riggs.com,Town lawyer us wish.
EMP12658,Denise Lopez,Finance,Intern,54675.64,2023-11-15,amberrich@riggs.biz,Health throughout.
EMP12659,Linda Hughes,Sales,Intern,54675.64,2020-12-17,brittanymadden@wilson.net,Final control able.
EMP12660,Jeffrey Reeves,IT,Analyst,54675.64,2020-11-06,cheryl37@flores.com,Similar leader.
EMP12661,Ronald Horton,Sales,Manager,54675.64,2021-04-25,jessicabarker@thompson.com,According soldier.
EMP12662,Angela Morrison,Sales,Manager,54675.64,2023-02-21,rayryan@ellis.com,Way stage then.
EMP12663,Kendra Webb,IT,Analyst,54675.64,2022-05-26,lbeck@mason-richardson.com,Consumer improve.
EMP12664,Nicole Howard,HR,Manager,54675.64,2022-05-22,jesse90@ross.com,Decision adult.
EMP12665,Melissa Johnson,HR,Executive,54675.64,2021-06-10,alexanderbrown@hotmail.com,Foot law.
EMP12666,Matthew Davila,Sales,Analyst,54675.64,2022-05-12,westjoshua@knox.com,Child happy wonder.
EMP12667,Mark Garcia,IT,Executive,54675.64,2023-12-02,paulalindsey@boyd.com,Team operation as.
EMP12668,April Shelton,Sales,Manager,54675.64,2020-10-11,delacruzcharles@booker.biz,Republican.
EMP12669,Kathleen Yu,Finance,Intern,54675.64,2020-07-17,thompsonbruce@yahoo.com,Prove forget bag.
EMP12670,Erica Gardner,Sales,Manager,54675.64,2020-04-02,ibarracaroline@yahoo.com,Accept ok suddenly.
EMP12671,Daniel Williams,Finance,Executive,54675.64,2021-07-02,summerfleming@yahoo.com,Significant ago kid.
EMP12672,Jodi Henry,IT,Intern,54675.64,2020-04-04,jeremyjohnson@larson-brown.com,Land national.
EMP12673,Valerie Garcia,HR,Manager,54675.64,2021-02-06,enewman@brown-fisher.info,Happy guy truth.
EMP12674,Joshua Mcguire,Sales,Manager,54675.64,2020-03-11,tglenn@hotmail.com,Player appear hot.
EMP12675,Katherine Sellers,Sales,Intern,54675.64,2022-01-28,valdeztammy@tucker-taylor.com,Fact per try tell.
EMP12676,Hailey Obrien,Sales,Analyst,54675.64,2020-12-20,roseheather@peterson.com,Republican magazine.
EMP12677,Frank Smith,Sales,Analyst,54675.64,2022-09-15,nolanricky@velasquez.info,Science must deep.
EMP12678,Susan Sanchez,Sales,Executive,54675.64,2021-07-20,charles33@moody.com,Effort discussion.
EMP12679,Patricia Perez,IT,Intern,54675.64,2022-08-30,erin49@rodriguez-miller.info,Different pass.
EMP12680,Cindy Howard,HR,Manager,54675.64,2022-03-17,nixonmarie@gmail.com,Last purpose choose.
EMP12681,Rebecca Mendoza,Finance,Executive,54675.64,2023-07-28,kanderson@smith.org,Store short way.
EMP12682,Scott Gardner,IT,Intern,54675.64,2020-04-07,karensmith@yahoo.com,Car stand away how.
EMP12683,Donald Rodriguez,Finance,Manager,54675.64,2023-01-11,rachel56@moore-johnson.com,Employee spring.
EMP12684,Michael Long DVM,IT,Analyst,54675.64,2020-09-16,joseph93@roberts-ramirez.com,Education smile.
EMP12685,William Walsh,IT,Analyst,54675.64,2023-05-24,kimberlyparker@cook.com,Lead person serve.
EMP12686,David Becker,Finance,Manager,54675.64,2020-08-22,kathryn31@herrera.com,Food remain claim.
EMP12687,Christina Kim,HR,Analyst,54675.64,2020-11-17,rreed@gmail.com,Leave experience.
EMP12688,Elizabeth Johnson,IT,Analyst,54675.64,2022-06-16,wardlori@hotmail.com,Growth with attack.
EMP12689,Jennifer Summers,Finance,Manager,54675.64,2021-02-01,wilsonamy@brown.net,Nice natural nearly.
EMP12690,Kevin Hardy,HR,Analyst,54675.64,2021-11-20,lori18@gmail.com,Citizen clearly.
EMP12691,Paul Fischer,Sales,Manager,54675.64,2023-06-24,uvalencia@morton.com,Include take.
EMP12692,Carrie Johnson,Sales,Intern,54675.64,2020-08-07,harringtonstacy@gmail.com,Development water.
EMP12693,Alexander Dougherty,Finance,Executive,54675.64,2022-07-23,jesse99@gibson.net,Cup office her.
EMP12694,Alyssa Ward,IT,Intern,54675.64,2021-10-23,charlesgonzales@yahoo.com,Hand book we.
EMP12695,Melissa Vaughn,Sales,Manager,54675.64,2022-03-20,patricia31@gmail.com,Bad performance way.
EMP12696,Linda Melton,Sales,Executive,54675.64,2022-01-11,timothyfry@payne.com,Better police task.
EMP12697,Dustin Hernandez,Finance,Intern,54675.64,2023-06-21,heather14@gmail.com,Important finish.
EMP12698,Connie Walker DDS,Finance,Manager,54675.64,2022-09-17,wadeemily@hotmail.com,Participant save.
EMP12699,Cathy Bell,Sales,Manager,54675.64,2021-03-16,simsmelinda@yahoo.com,Number page play.
EMP12700,Stephen Pace,IT,Intern,54675.64,2021-12-18,jacqueline96@carter-ellis.com,Moment manage cover.
EMP12701,Mrs. Elizabeth Moss DDS,Finance,Manager,54675.64,2023-07-12,wendy15@hotmail.com,Let energy teach.
EMP12702,Carolyn Odonnell,Finance,Manager,54675.64,2022-05-05,kayla97@holland.biz,Treat parent team.
EMP12703,Natalie Long,IT,Intern,54675.64,2020-01-29,gregsmith@hill-serrano.com,Effect successful.
EMP12704,Jeffrey Grant,HR,Manager,54675.64,2022-08-22,hardyjeremiah@gmail.com,Reflect defense.
EMP12705,Michael Blake,Finance,Intern,54675.64,2021-03-01,ugardner@collins-mathis.biz,Congress until.
EMP12706,Jennifer Anthony,Sales,Executive,54675.64,2022-04-07,douglaschristopher@hotmail.com,Training during.
EMP12707,Jodi Miller,IT,Analyst,54675.64,2021-02-26,fmata@yahoo.com,Easy reality cold.
EMP12708,Amy Smith,Sales,Manager,54675.64,2021-03-31,colemantimothy@gmail.com,Political author.
EMP12709,Jessica Hampton,IT,Executive,54675.64,2023-09-01,cjackson@smith.com,Campaign within day.
EMP12710,Julie Lopez,HR,Executive,54675.64,2021-10-09,kmurphy@duke.org,Response ten hear.
EMP12711,Anthony Pena,Finance,Manager,54675.64,2020-04-15,npark@golden.com,Now concern never.
EMP12712,Maria Collier,HR,Intern,54675.64,2020-05-28,qlee@gmail.com,From goal drive.
EMP12713,James Harris,Finance,Manager,54675.64,2021-11-26,zacharyking@gmail.com,Middle.
EMP12714,Alicia Lowe,IT,Intern,54675.64,2023-08-19,tracy10@yahoo.com,Quite western turn.
EMP12715,William Brown,Sales,Manager,54675.64,2022-02-15,portiz@banks.biz,Young issue lose.
EMP12716,Sarah Stein,HR,Executive,54675.64,2020-03-18,michaelclark@greene-griffith.net,Research mean.
EMP12717,David Hall,IT,Manager,54675.64,2022-06-15,sgriffin@hotmail.com,Believe watch.
EMP12718,Matthew Evans,HR,Manager,54675.64,2022-04-02,freemansteve@goodman.org,Consumer manager.
EMP12719,Michael Baker,IT,Analyst,54675.64,2023-08-03,ajackson@cuevas.com,Four natural he.
EMP12720,Henry Hartman,HR,Executive,54675.64,2022-09-25,christopherpatel@russell.com,Evidence explain.
EMP12721,Tammy Long,IT,Manager,54675.64,2020-03-31,mariahlane@yahoo.com,Loss understand.
EMP12722,Christina West,HR,Executive,54675.64,2021-01-29,wadesonya@miller.biz,Else new paper.
EMP12723,Brian Wilson,HR,Intern,54675.64,2020-11-17,gomezrachel@hotmail.com,Represent challenge.
EMP12724,Johnny Thompson,IT,Manager,54675.64,2021-03-19,marymitchell@hotmail.com,Education table by.
EMP12725,Patrick Aguilar,HR,Manager,54675.64,2020-01-31,walshnicholas@yahoo.com,Send she speech.
EMP12726,Bethany Hall,IT,Executive,54675.64,2023-04-16,rbutler@wilson.com,Off eye politics.
EMP12727,Timothy Parker,HR,Executive,54675.64,2023-09-01,daniel99@yahoo.com,Leader brother main.
EMP12728,Sabrina Harvey,Finance,Executive,54675.64,2022-09-10,andrea71@page.biz,Where direction.
EMP12729,Heather Mueller,Finance,Executive,54675.64,2022-06-17,heathermorgan@hotmail.com,Medical view.
EMP12730,Daniel Horton,HR,Analyst,54675.64,2022-08-11,jennifer99@gmail.com,Change least.
EMP12731,Michelle Austin,IT,Executive,54675.64,2022-12-27,devonaguirre@griffin.org,Fast want head.
EMP12732,Ronnie Velasquez,Finance,Manager,54675.64,2021-06-25,herreradiana@gmail.com,Kind behavior.
EMP12733,Amy Ballard,HR,Manager,54675.64,2022-12-26,denise01@johnson.com,Challenge well poor.
EMP12734,Megan Ellis,HR,Intern,54675.64,2020-07-04,lbeard@hotmail.com,According a floor.
EMP12735,Abigail Humphrey,IT,Executive,54675.64,2020-03-17,smithshelby@malone.com,Should for best.
EMP12736,Courtney Clark,Sales,Executive,54675.64,2020-06-29,jonathanjones@hess.info,Force civil.
EMP12737,Kirk Brown,IT,Executive,54675.64,2021-06-09,sbrown@wright-gates.com,Science since.
EMP12738,Jonathan Lee,Sales,Executive,54675.64,2020-05-17,ryangarcia@friedman.com,Right crime truth.
EMP12739,Patricia Smith,HR,Executive,54675.64,2021-12-03,vlynch@hotmail.com,Grow wrong peace.
EMP12740,Tina Lewis,Sales,Manager,54675.64,2021-07-26,david60@hall.com,Speech magazine.
EMP12741,Brandon Munoz,Sales,Analyst,54675.64,2020-06-22,davisanna@duran.com,Mean across against.
EMP12742,Patricia Davis,IT,Intern,54675.64,2020-10-19,vincent92@gmail.com,Work poor series.
EMP12743,Dale Moran,Sales,Executive,54675.64,2022-02-27,waynebryan@lee.com,Spend way.
EMP12744,Mr. Gregory Robbins DDS,Sales,Executive,54675.64,2023-11-11,bestrada@kelley-perez.com,Can study throw.
EMP12745,Erica Mendoza,HR,Executive,54675.64,2023-11-27,griffindaniel@crane.net,Major game middle.
EMP12746,Henry Miller,Finance,Executive,54675.64,2020-07-25,heather33@yahoo.com,No media smile.
EMP12747,Cindy Stokes,IT,Analyst,54675.64,2020-09-10,whitakerwanda@davis.com,A political expert.
EMP12748,Amy Smith,IT,Analyst,54675.64,2022-03-02,brookesmith@yahoo.com,Local away simply.
EMP12749,Tyrone Thompson,Finance,Manager,54675.64,2022-08-26,davisashley@hotmail.com,Experience boy.
EMP12750,Patrick Hall,Finance,Intern,54675.64,2023-09-15,glittle@yahoo.com,Human alone single.
EMP12751,Tyrone Martinez,Finance,Executive,54675.64,2023-10-07,douglasgeorge@gmail.com,Industry never.
EMP12752,Hannah Rasmussen,Sales,Executive,54675.64,2021-02-27,johnnyrivera@gmail.com,Suffer financial.
EMP12753,Patricia Mckenzie,HR,Manager,54675.64,2023-03-04,tylermiller@smith.biz,Break reality.
EMP12754,Jonathan Chambers,IT,Intern,54675.64,2021-07-11,samantha90@gmail.com,Easy second ever.
EMP12755,Michael Edwards,HR,Intern,54675.64,2021-01-04,sara88@yahoo.com,Nor short mother.
EMP12756,Barry Hurst,Sales,Manager,54675.64,2020-05-05,christopher77@hotmail.com,Past company day.
EMP12757,Joshua White,Finance,Executive,54675.64,2023-11-23,banksrobert@richardson-andrade.com,Hand main situation.
EMP12758,Alexandra Smith,Sales,Analyst,54675.64,2021-12-25,hschmidt@yahoo.com,Control word.
EMP12759,Allen May,Finance,Manager,54675.64,2023-01-02,tkelley@yahoo.com,Bad traditional.
EMP12760,Anthony Peters,IT,Executive,54675.64,2020-03-27,obriennathan@gmail.com,Special financial.
EMP12761,Savannah Anderson,Sales,Executive,54675.64,2020-08-28,mcguirehannah@hotmail.com,Best resource she.
EMP12762,Monica Lutz,HR,Executive,54675.64,2023-06-27,normabolton@hotmail.com,Can doctor see.
EMP12763,Jason Mcneil,HR,Manager,54675.64,2021-12-10,xgates@garcia.info,Soon personal in.
EMP12764,Michelle Miranda,Sales,Manager,54675.64,2020-01-22,amy68@gmail.com,Soon well fall.
EMP12765,Shawn Bullock,Sales,Manager,54675.64,2020-01-28,stephensonlaurie@bauer.com,Up recently season.
EMP12766,Joseph Wright,HR,Executive,54675.64,2020-01-19,robingross@nolan-harper.com,Modern will himself.
EMP12767,Michael Melendez,Sales,Manager,54675.64,2023-02-10,thomas56@barajas.com,Best oil trip prove.
EMP12768,Joshua Lee,Sales,Executive,54675.64,2023-04-14,anorris@yahoo.com,Nice give front.
EMP12769,Robert Marshall,Sales,Analyst,54675.64,2020-07-25,umyers@gmail.com,Understand special.
EMP12770,Carol Campbell,Finance,Analyst,54675.64,2022-07-16,david53@white-gordon.com,Use line half boy.
EMP12771,Mark Thomas,HR,Analyst,54675.64,2021-10-23,vmiranda@yahoo.com,Through weight case.
EMP12772,Kimberly Brock,Sales,Intern,54675.64,2020-10-28,whitepaige@yahoo.com,Out effort agent.
EMP12773,Ashley Cross,HR,Intern,54675.64,2022-05-02,dawnsmith@parker.biz,Culture standard.
EMP12774,Ivan Williams,IT,Manager,54675.64,2021-12-23,tiffanyrivera@rodriguez-bowen.com,Cell rich support.
EMP12775,Amanda Mullins,Sales,Intern,54675.64,2021-05-25,steven85@hotmail.com,Reason list happy.
EMP12776,Elizabeth Turner,Finance,Executive,54675.64,2021-10-14,maldonadohaley@gmail.com,Every experience.
EMP12777,Amber Lee,Finance,Intern,54675.64,2020-10-04,jeffrey25@gmail.com,Including manager.
EMP12778,Benjamin Burke,Sales,Manager,54675.64,2020-05-17,ajohnson@davenport.com,Someone someone.
EMP12779,Jesse Smith,Sales,Analyst,54675.64,2020-12-31,tdiaz@thompson.com,Trade three film.
EMP12780,Michael Duncan,IT,Executive,54675.64,2021-05-19,john52@yahoo.com,Feeling keep either.
EMP12781,Dustin Nichols,Sales,Analyst,54675.64,2022-12-03,huntermelissa@hansen-moon.com,Must everything.
EMP12782,Brian Perez,HR,Executive,54675.64,2020-10-06,mathewsraymond@yahoo.com,Pretty hundred.
EMP12783,Kimberly Mullen,Sales,Manager,54675.64,2021-03-21,cguzman@hotmail.com,Can huge crime fine.
EMP12784,Larry Medina,HR,Executive,54675.64,2022-12-31,brenda50@hotmail.com,Green break night.
EMP12785,Matthew Smith,HR,Intern,54675.64,2021-03-31,christopher30@hotmail.com,Challenge society.
EMP12786,Adam Watkins,HR,Analyst,54675.64,2020-04-22,waterselizabeth@yahoo.com,Base including.
EMP12787,Jackie Pearson,HR,Executive,54675.64,2021-03-08,kenneth07@hotmail.com,Southern law.
EMP12788,Mr. Roberto Kerr,HR,Intern,54675.64,2020-08-18,calderondiane@gmail.com,About development.
EMP12789,Anthony Klein,Sales,Executive,54675.64,2021-07-15,kristenbrown@hotmail.com,Evidence much would.
EMP12790,Amanda Hill,Sales,Intern,54675.64,2022-07-03,joelcross@hamilton.com,At opportunity.
EMP12791,Olivia Fuentes,Sales,Intern,54675.64,2020-08-21,rodriguezandrew@olsen-jacobson.org,Character.
EMP12792,Erica Moreno,Finance,Intern,54675.64,2021-07-23,mclaughlinteresa@gmail.com,Rich election.
EMP12793,Wesley Gutierrez,HR,Analyst,54675.64,2022-01-10,warrenbates@yahoo.com,Recently suffer.
EMP12794,Melissa Miller,IT,Analyst,54675.64,2020-03-12,hortonjorge@johnson-wells.info,Goal son mind.
EMP12795,Trevor Brown,Sales,Analyst,54675.64,2022-05-13,klopez@flynn.com,Cell movie report.
EMP12796,Sarah Miller,Sales,Intern,54675.64,2022-06-26,chambersamy@gmail.com,Pretty main charge.
EMP12797,Jeffery Wheeler,Finance,Analyst,54675.64,2023-01-14,mkennedy@gmail.com,Again none eat.
EMP12798,Dennis Allen,Sales,Executive,54675.64,2023-04-11,blackheather@reyes.com,A spring lay over.
EMP12799,Melissa Dunn,HR,Intern,54675.64,2020-01-26,jeffrey59@hotmail.com,Sure join seem.
EMP12800,James Fields,Sales,Executive,54675.64,2021-08-15,brookesanchez@yahoo.com,Again heavy federal.
EMP12801,James Moore,HR,Analyst,54675.64,2022-05-23,michellevargas@gmail.com,Class add strategy.
EMP12802,Timothy Anderson,Sales,Executive,54675.64,2023-12-09,maynardkenneth@hotmail.com,Time ready sell.
EMP12803,Jeremiah Gonzalez,Sales,Analyst,54675.64,2020-03-22,trujillojon@bauer.com,Day avoid force.
EMP12804,Mrs. Ashley Palmer,HR,Executive,54675.64,2022-05-01,shari66@rodriguez.com,Strategy may.
EMP12805,Brandon Leon,HR,Manager,54675.64,2021-01-06,sanderssusan@hotmail.com,Movement send.
EMP12806,Diane Salas,Sales,Executive,54675.64,2022-07-05,matthewpierce@gmail.com,Whose power ground.
EMP12807,Cody Mclaughlin,HR,Intern,54675.64,2023-06-23,brittneyhughes@yahoo.com,Class reveal.
EMP12808,Fernando Huffman,Finance,Analyst,54675.64,2020-11-13,mcleantiffany@hogan.net,Level from.
EMP12809,Jennifer Wiley,HR,Intern,54675.64,2022-01-16,qramos@bradley.biz,Dark cell water.
EMP12810,Joseph Brandt,HR,Manager,54675.64,2020-01-30,rjames@bennett-armstrong.com,Tree knowledge.
EMP12811,Leslie Lee,IT,Manager,54675.64,2020-03-01,christophergarcia@hotmail.com,Available hit issue.
EMP12812,Andrew Bell,HR,Intern,54675.64,2021-07-20,amanda26@berry.com,Physical director.
EMP12813,Matthew Boyd,HR,Analyst,54675.64,2020-09-16,megan87@hammond-lopez.com,Bar this budget.
EMP12814,Dean Jones,IT,Analyst,54675.64,2022-02-21,robertbender@parker.com,Military president.
EMP12815,Alicia Moore,HR,Executive,54675.64,2021-09-15,stacienelson@klein-griffin.biz,Wrong pattern.
EMP12816,James Gates,IT,Executive,54675.64,2023-05-07,reyesjeremy@hotmail.com,Fall more health.
EMP12817,Larry Clark,Sales,Manager,54675.64,2020-04-05,cisneroscarly@evans.com,Eight agreement.
EMP12818,Christina Burton DDS,Sales,Intern,54675.64,2020-11-14,wgutierrez@yahoo.com,Number story radio.
EMP12819,Damon Robinson,Finance,Executive,54675.64,2022-04-24,youngmonique@gmail.com,Coach let kitchen.
EMP12820,Sandra Pineda,Sales,Executive,54675.64,2023-09-05,collinstiffany@davis.com,Size risk occur.
EMP12821,Paul Schwartz,HR,Executive,54675.64,2023-03-14,nelsontracy@fitzpatrick.net,Church serve.
EMP12822,William Steele,IT,Manager,54675.64,2022-03-31,julie01@watts.com,Book campaign.
EMP12823,Margaret Reed,Sales,Executive,54675.64,2023-04-06,maddoxbryan@byrd.com,Already plant.
EMP12824,Nicole White,HR,Executive,54675.64,2022-01-11,nmorris@gmail.com,Suffer quality.
EMP12825,Joseph Contreras,Sales,Analyst,54675.64,2020-03-10,jamiebush@torres-hunter.net,Company speak may.
EMP12826,Melissa Anderson,Finance,Manager,54675.64,2023-02-24,lisalopez@yahoo.com,Ever difficult.
EMP12827,Patrick Brown,Sales,Analyst,54675.64,2021-05-21,mkane@hotmail.com,Business couple.
EMP12828,Rebecca Meyer,Sales,Manager,54675.64,2022-12-09,tim29@hodge.com,Service claim.
EMP12829,Grant Ochoa,HR,Analyst,54675.64,2022-04-15,riggsdavid@yahoo.com,Series across.
EMP12830,Michael Hurley,IT,Analyst,54675.64,2023-07-18,timothy46@yahoo.com,Discover spend.
EMP12831,Jonathan Torres,Finance,Analyst,54675.64,2022-12-31,freemanmaria@yahoo.com,Course machine.
EMP12832,Thomas Mitchell,IT,Analyst,54675.64,2023-12-12,sheppardchristopher@roberts.org,Become agree.
EMP12833,Janice Patrick,IT,Executive,54675.64,2022-01-27,arellanomichael@smith.org,Would value teach.
EMP12834,Joy Burnett,IT,Intern,54675.64,2023-06-20,bellmichael@hopkins.net,Performance wide.
EMP12835,Katie Dean,Finance,Executive,54675.64,2022-08-26,debra25@hotmail.com,Onto office.
EMP12836,Patricia Williams,Finance,Executive,54675.64,2023-12-02,wolfjeffrey@juarez.com,Purpose property.
EMP12837,Michelle Mejia,HR,Analyst,54675.64,2023-02-05,elizabeth34@hotmail.com,Most responsibility.
EMP12838,Rebecca Reid,HR,Manager,54675.64,2021-06-03,jonesjames@yahoo.com,Share across key.
EMP12839,Edgar Quinn,HR,Manager,54675.64,2021-03-16,danny97@hotmail.com,Under create month.
EMP12840,Dr. Charles Bell,Finance,Intern,54675.64,2023-10-25,ofitzgerald@riley.com,Close pay together.
EMP12841,Kristina Walters,Finance,Analyst,54675.64,2023-05-13,christinahall@gmail.com,Turn seat movie.
EMP12842,Charles Gregory,Sales,Analyst,54675.64,2020-10-07,marshlinda@banks-clark.com,Behavior will.
EMP12843,Jose Tate,IT,Intern,54675.64,2022-11-07,nataliebrown@yahoo.com,School continue.
EMP12844,James Burke,HR,Executive,54675.64,2023-01-01,perkinschristopher@ware.com,Common identify.
EMP12845,Kristi Smith,Sales,Analyst,54675.64,2023-05-06,williammendoza@yahoo.com,Air when position.
EMP12846,Matthew Williams,Finance,Intern,54675.64,2023-11-14,michaelray@freeman.org,Indeed factor.
EMP12847,Mary Smith,Sales,Executive,54675.64,2023-01-31,georgelaura@hanson.com,Arm fight likely.
EMP12848,Amber Roberts,Sales,Executive,54675.64,2020-08-05,davislarry@gonzales.biz,Dream receive week.
EMP12849,Adrian Smith,Finance,Analyst,54675.64,2022-11-25,steve73@yahoo.com,Though life.
EMP12850,Jeffery Smith,IT,Manager,54675.64,2023-05-11,kellywilliams@yahoo.com,Hundred law.
EMP12851,Kristin Lawson,Finance,Intern,54675.64,2021-10-19,cantuemily@moore.org,Possible career.
EMP12852,Angela Yang,HR,Manager,54675.64,2020-01-15,amandarodriguez@gmail.com,Both change argue.
EMP12853,Zachary Brennan,Sales,Intern,54675.64,2022-02-06,ericksonbarbara@hotmail.com,Young laugh may.
EMP12854,Timothy Bradley,HR,Analyst,54675.64,2022-09-16,carlosdeleon@yahoo.com,Go pressure.
EMP12855,Zoe Perez,Sales,Executive,54675.64,2022-09-27,timothybryant@hotmail.com,Also indicate.
EMP12856,Jessica Sanchez,Sales,Executive,54675.64,2020-12-10,marilyn47@ramos.org,Religious rise.
EMP12857,Jennifer Ortiz,HR,Manager,54675.64,2020-09-28,ericksontracy@hotmail.com,Chair glass century.
EMP12858,Shannon Wilson,Sales,Executive,54675.64,2020-03-16,christinekeith@yahoo.com,Whom true always.
EMP12859,Samantha Nicholson,Finance,Manager,54675.64,2020-01-14,mackenzietanner@gmail.com,Purpose name sound.
EMP12860,Autumn Taylor,Finance,Analyst,54675.64,2020-02-27,spencersamantha@yahoo.com,Mrs party thing.
EMP12861,Erika Galloway,Sales,Intern,54675.64,2021-12-17,wharper@chen-brown.com,Day page forget.
EMP12862,Lori Barrett,Sales,Analyst,54675.64,2022-10-18,stewarttroy@yahoo.com,Worker everyone.
EMP12863,Sara Turner,Finance,Executive,54675.64,2023-06-08,charles50@gmail.com,Responsibility.
EMP12864,Miguel Archer,IT,Analyst,54675.64,2021-04-28,ffowler@morris.net,Finish growth hope.
EMP12865,Christopher Norman,Sales,Analyst,54675.64,2023-08-18,anthonywright@marsh.com,Despite available.
EMP12866,Nichole Smith,Finance,Executive,54675.64,2023-02-26,bowenheather@gmail.com,Buy scene road all.
EMP12867,Shelly Richards,IT,Executive,54675.64,2021-11-11,perrychristopher@hotmail.com,World believe.
EMP12868,Allison Hansen,IT,Manager,54675.64,2022-03-05,noblealexander@johnson.com,Lawyer around for.
EMP12869,Elizabeth Hess,HR,Intern,54675.64,2020-07-23,timothy19@miller.com,Final human.
EMP12870,Christine Kim,IT,Analyst,54675.64,2020-03-02,calvin72@peterson.com,Anyone care must.
EMP12871,Cindy Harmon,Sales,Analyst,54675.64,2022-09-03,bonnie86@freeman.com,Onto election third.
EMP12872,Matthew Chandler,IT,Executive,54675.64,2022-07-12,graycharles@brennan.com,Reason theory no.
EMP12873,Mrs. Tracy Burns,HR,Intern,54675.64,2021-02-07,justinterrell@gmail.com,Forward build drive.
EMP12874,Jordan Wood,Finance,Analyst,54675.64,2020-02-24,ijones@yahoo.com,List set establish.
EMP12875,Michael Young,HR,Manager,54675.64,2020-11-02,dfowler@hotmail.com,Civil prove involve.
EMP12876,Matthew Torres,Finance,Manager,54675.64,2021-09-20,castrodavid@williams.com,Eight available.
EMP12877,Barry Montoya,Sales,Executive,54675.64,2022-12-28,hullmichelle@preston.com,Really notice.
EMP12878,Chelsea Harris,Finance,Analyst,54675.64,2020-07-19,georgeberry@gmail.com,Within claim short.
EMP12879,Michael Brown,IT,Manager,54675.64,2020-04-06,wgarrett@thompson-fitzpatrick.com,Executive weight.
EMP12880,Alexis Snyder DDS,Finance,Analyst,54675.64,2021-02-21,christina03@hotmail.com,View citizen let.
EMP12881,Jamie Scott,IT,Executive,54675.64,2022-01-19,jason95@gonzalez.info,American then on.
EMP12882,Krystal Cochran,HR,Executive,54675.64,2021-02-14,keithnatasha@johnson.com,Feel source court.
EMP12883,Amanda Gregory,HR,Intern,54675.64,2021-09-04,suzanneweaver@lam.com,Whether parent.
EMP12884,Kimberly Ortiz,Finance,Analyst,54675.64,2021-08-31,charles22@williams.com,Suggest movement.
EMP12885,Melissa Glover,HR,Manager,54675.64,2023-10-23,christopherjohnson@hall.com,Different writer.
EMP12886,Catherine Davis,HR,Executive,54675.64,2020-10-20,carraaron@williams-perez.com,West benefit name.
EMP12887,Gregory Manning,HR,Analyst,54675.64,2020-10-11,victoria93@ray.com,Enter him no number.
EMP12888,Joseph Simpson,IT,Analyst,54675.64,2022-03-13,twilson@yahoo.com,Risk why such teach.
EMP12889,Mandy Holt,Finance,Manager,54675.64,2023-07-23,tonyfleming@marsh.net,Against occur.
EMP12890,Maria Sanchez,IT,Executive,54675.64,2023-11-13,nguyenchristie@west.biz,Paper maybe.
EMP12891,Dakota Mclaughlin,Finance,Intern,54675.64,2020-10-07,upena@lewis.com,Second nation claim.
EMP12892,Douglas Fisher,IT,Analyst,54675.64,2021-08-27,qheath@hotmail.com,Discover area.
EMP12893,Tony Boyer,Sales,Executive,54675.64,2023-07-29,chart@yahoo.com,Door note morning.
EMP12894,Kristine Mata,Sales,Intern,54675.64,2022-05-27,tdavis@hotmail.com,Region provide.
EMP12895,Barbara Davis,Sales,Executive,54675.64,2020-07-12,williamobrien@gmail.com,Hot decision.
EMP12896,Eric Byrd,IT,Executive,54675.64,2021-12-01,ariaskyle@arnold.info,Risk bill early.
EMP12897,Denise Ortiz,Finance,Analyst,54675.64,2022-06-29,jordannathan@gmail.com,Watch answer hand.
EMP12898,Scott Buck,IT,Analyst,54675.64,2023-02-25,ndean@hotmail.com,Deep kind include.
EMP12899,Charles Robinson,Finance,Manager,54675.64,2021-07-10,kimhoward@wood-haas.com,Commercial.
EMP12900,Sarah Rivera,Sales,Manager,54675.64,2021-11-28,kristine27@green-carlson.com,Point local hour.
EMP12901,Amber Rodriguez,IT,Executive,54675.64,2020-02-12,kwood@yahoo.com,Less law fall.
EMP12902,Craig Davis,Finance,Analyst,54675.64,2020-01-14,harrisonmary@gallegos.com,Class economy space.
EMP12903,Diana Mccarty,Finance,Executive,54675.64,2023-01-02,zdurham@hotmail.com,Executive parent.
EMP12904,Steven Anderson,HR,Analyst,54675.64,2020-01-19,eadams@burns-maxwell.info,Reach grow practice.
EMP12905,Michael Carr,Finance,Intern,54675.64,2020-02-20,hopkinsmaria@yahoo.com,Simply else often.
EMP12906,Joe Brooks,Sales,Analyst,54675.64,2023-11-16,scottralph@gmail.com,Action long strong.
EMP12907,Kristen Christian,IT,Executive,54675.64,2020-10-30,turnercharles@hotmail.com,Though pattern job.
EMP12908,Kelly Massey,HR,Manager,54675.64,2021-12-10,jsalas@kirk.com,What up kid.
EMP12909,Lisa Gomez,Sales,Analyst,54675.64,2020-10-17,nicholasdavis@yahoo.com,Me seek wind than.
EMP12910,Timothy Wright,IT,Executive,54675.64,2023-05-06,roy91@butler-ruiz.com,Generation any term.
EMP12911,Kenneth Jefferson,IT,Intern,54675.64,2020-12-20,melissageorge@gmail.com,Do language mean.
EMP12912,William Andrade,HR,Manager,54675.64,2023-06-13,reedrandy@welch.com,School write let.
EMP12913,Cameron Salas,Sales,Manager,54675.64,2020-09-23,alexanderstephens@gmail.com,Within simple word.
EMP12914,Christine Rowe,IT,Intern,54675.64,2023-06-28,danielboyle@yahoo.com,Per pressure.
EMP12915,Jonathan Roberts,HR,Analyst,54675.64,2022-07-12,beckkrista@gmail.com,Owner need example.
EMP12916,Robert Hensley,IT,Intern,54675.64,2020-03-29,donnabanks@hotmail.com,Late firm to.
EMP12917,Ronald Farrell,IT,Executive,54675.64,2023-01-11,william74@adams.com,Money skin body.
EMP12918,Charles Hill,Sales,Intern,54675.64,2021-04-04,timothyprice@moore.org,Office common.
EMP12919,Amy Stanton,Sales,Manager,54675.64,2023-07-27,amy10@yahoo.com,Model throw medical.
EMP12920,Dr. Patrick Walters,IT,Analyst,54675.64,2022-04-24,lauren24@carlson-thompson.info,Now positive clear.
EMP12921,Michael Thomas,Finance,Executive,54675.64,2020-07-05,lknox@gmail.com,Specific maintain.
EMP12922,Lindsay Jacobs,IT,Analyst,54675.64,2023-11-25,eric01@yahoo.com,Describe land leave.
EMP12923,Leslie Wells,Finance,Intern,54675.64,2021-05-05,bishopbianca@yahoo.com,Product hair guess.
EMP12924,Vanessa Johnson,Sales,Intern,54675.64,2020-05-18,heatherryan@durham-green.com,Particular similar.
EMP12925,Dillon Miller,IT,Executive,54675.64,2020-10-02,nbarnes@daniel-decker.org,Resource itself.
EMP12926,Sandra Nguyen,IT,Intern,54675.64,2021-09-02,wgreen@yahoo.com,Important lead.
EMP12927,Haley Singh,IT,Analyst,54675.64,2023-04-05,patriciajohnson@hotmail.com,Senior group bit.
EMP12928,Jeremy Miller,HR,Intern,54675.64,2021-03-22,kevingregory@gmail.com,Room speak although.
EMP12929,Anna Norton,HR,Analyst,54675.64,2022-10-26,catherine96@beck-miller.org,Nearly consumer.
EMP12930,Shane Lopez,Sales,Intern,54675.64,2020-12-20,vjones@gmail.com,Shoulder worker.
EMP12931,Nicole Delgado,IT,Executive,54675.64,2022-03-06,michael62@parker.com,Another dark fight.
EMP12932,Jennifer Vaughn,IT,Analyst,54675.64,2022-08-04,jordan96@hotmail.com,Keep relationship.
EMP12933,Connie Mendoza,Finance,Executive,54675.64,2022-12-12,elizabethleon@yahoo.com,Area entire service.
EMP12934,Joseph Lewis MD,HR,Manager,54675.64,2023-02-13,robersonkaren@hotmail.com,Live student.
EMP12935,Dylan Beck,Sales,Manager,54675.64,2022-09-27,croth@hotmail.com,Rather seek ground.
EMP12936,Heather Mendez,Sales,Intern,54675.64,2023-08-16,joserichardson@cooper-jackson.net,Human effect.
EMP12937,Tara Cervantes,IT,Analyst,54675.64,2022-12-24,weberjeffery@howell.info,Suddenly indicate.
EMP12938,Paula Barnes MD,IT,Intern,54675.64,2023-05-16,cflores@yahoo.com,Suddenly great.
EMP12939,Angela Dixon,HR,Executive,54675.64,2020-04-18,lowerymiranda@gmail.com,Serious know give.
EMP12940,Jennifer Mitchell MD,Finance,Intern,54675.64,2020-06-04,sosasusan@glover.org,Fly per take.
EMP12941,Hannah Soto,HR,Manager,54675.64,2022-10-09,gwendolyn70@joyce.biz,Huge interview.
EMP12942,Jim Jackson,Sales,Executive,54675.64,2021-08-06,troyrobertson@ochoa.com,Situation network.
EMP12943,Michael Reyes,HR,Manager,54675.64,2022-08-21,robinsonkari@douglas.com,Mission but lay.
EMP12944,Shawn Juarez,HR,Executive,54675.64,2022-01-30,nicholas47@yahoo.com,Price them none.
EMP12945,Jesse Castro,Sales,Executive,54675.64,2023-02-07,kjohnson@hotmail.com,Suggest likely.
EMP12946,Denise Gordon,Sales,Manager,54675.64,2020-01-30,nyoung@stone.com,Individual forward.
EMP12947,Brittany Beck,Sales,Intern,54675.64,2022-10-11,pughashley@howard.biz,Key up performance.
EMP12948,Jason Anthony,IT,Manager,54675.64,2023-12-13,xtorres@gmail.com,Deal strategy up.
EMP12949,Danielle Russo,Finance,Analyst,54675.64,2023-11-14,ksmith@hotmail.com,Minute open eat.
EMP12950,Kenneth Singleton,IT,Executive,54675.64,2020-12-23,patrick24@gmail.com,Forward trade fly.
EMP12951,Robert Hamilton,HR,Analyst,54675.64,2021-08-19,yvonnecarney@hotmail.com,Realize TV others.
EMP12952,Yvonne Stevens,Finance,Manager,54675.64,2023-11-05,mooremaria@gonzalez-lam.biz,Eight source Mr.
EMP12953,Jessica Johnson,HR,Manager,54675.64,2022-04-27,jonathan53@obrien.com,Step alone develop.
EMP12954,Paula Calhoun,HR,Intern,54675.64,2022-02-14,osolis@gmail.com,Road animal table.
EMP12955,Xavier Potter,IT,Executive,54675.64,2021-12-31,brandon07@yahoo.com,Production four.
EMP12956,Angela Morales,Finance,Intern,54675.64,2023-02-25,jeremybrown@jones-ross.net,Tend part both.
EMP12957,Deanna Perry,IT,Executive,54675.64,2020-10-15,joshua23@ruiz.com,Special talk crime.
EMP12958,Bryan Wilson,Sales,Manager,54675.64,2023-01-04,diane10@leonard-beard.com,Some event return.
EMP12959,Jennifer Harrington,Sales,Analyst,54675.64,2020-10-25,webbtammy@hotmail.com,Catch movement.
EMP12960,Lisa Brennan,IT,Executive,54675.64,2022-01-15,melissaprice@gmail.com,Security rather.
EMP12961,Miranda Patterson,IT,Executive,54675.64,2021-04-15,justinlucas@johnson.biz,Growth them center.
EMP12962,Cory James,IT,Analyst,54675.64,2022-01-19,traci28@shaffer.com,Rather air only.
EMP12963,Tiffany Hernandez,HR,Manager,54675.64,2021-05-08,smithnicholas@hotmail.com,Name physical fact.
EMP12964,Marc Reed,Finance,Manager,54675.64,2020-04-24,amanda29@rodriguez.com,Decide market.
EMP12965,Jason Wright,Finance,Manager,54675.64,2023-10-26,robert96@yahoo.com,Break sign treat.
EMP12966,Jose Moore,Sales,Intern,54675.64,2020-06-12,eugene41@yahoo.com,Question product.
EMP12967,Michael Morris,Finance,Manager,54675.64,2022-03-03,michaelgonzalez@grant-leach.com,Address control.
EMP12968,Jonathan Erickson,Finance,Analyst,54675.64,2020-07-31,gordonsean@yahoo.com,Get amount myself.
EMP12969,Brent Bender,Finance,Intern,54675.64,2020-10-19,brandonjohnson@yahoo.com,Possible could drop.
EMP12970,Ashley James,HR,Manager,54675.64,2023-02-18,normanbilly@sloan-carter.com,Game color indeed.
EMP12971,Stephanie Riggs,Sales,Executive,54675.64,2021-01-30,epark@hotmail.com,Quality huge space.
EMP12972,Larry Berry,IT,Executive,54675.64,2021-02-25,xhoward@reeves-lawrence.com,Individual indicate.
EMP12973,James Anderson,Finance,Executive,54675.64,2023-01-08,logandean@jones-quinn.com,Break space assume.
EMP12974,Katherine Shah,Finance,Analyst,54675.64,2023-11-05,jessicamontoya@sanders-anderson.info,Only audience.
EMP12975,Jeffery Simmons,HR,Analyst,54675.64,2020-10-08,benjaminchase@gmail.com,Charge everything.
EMP12976,Ashley Hamilton,Sales,Executive,54675.64,2021-07-22,cmassey@yahoo.com,Can central unit.
EMP12977,Melvin Morales,Finance,Intern,54675.64,2022-06-28,josephsloan@moore.com,Myself smile.
EMP12978,Jared Wright,HR,Manager,54675.64,2021-03-15,tammylawson@pineda-garcia.com,Language.
EMP12979,Maureen Ryan,IT,Manager,54675.64,2020-11-21,jcox@davis-jones.com,Certain that.
EMP12980,Christopher Donaldson,Sales,Manager,54675.64,2020-10-23,josephwilliams@morrison.com,Interest everything.
EMP12981,Jacqueline West,Finance,Manager,54675.64,2020-02-20,hectorhughes@curtis.biz,Board often lead.
EMP12982,Michael King,IT,Executive,54675.64,2021-04-12,deborahporter@yahoo.com,Call whether hotel.
EMP12983,Jacob Dunlap,Finance,Manager,54675.64,2021-05-15,gloria94@williams.org,Already with crime.
EMP12984,Nicholas Miller,Sales,Analyst,54675.64,2022-05-24,rogerwalker@greene-bailey.net,Senior number first.
EMP12985,Shirley Mendez,HR,Manager,54675.64,2021-06-07,marc86@cervantes-smith.com,Road change.
EMP12986,Michelle Smith MD,Finance,Intern,54675.64,2020-04-06,elijahrodriguez@hotmail.com,Represent finally.
EMP12987,Sarah Bryant,Sales,Manager,54675.64,2022-08-02,glennbilly@gmail.com,Clear modern court.
EMP12988,Robert Perez,HR,Intern,54675.64,2022-02-07,robertscourtney@cook-wade.biz,Respond push energy.
EMP12989,Michael Carney,IT,Executive,54675.64,2021-10-20,stevenpeters@williams-brown.biz,Write line mouth.
EMP12990,Thomas Mendoza,Finance,Intern,54675.64,2021-03-17,piercekayla@yahoo.com,Make you edge them.
EMP12991,Justin Harper,IT,Manager,54675.64,2020-12-08,alexanderrice@snyder.org,Man provide.
EMP12992,Misty Guerrero,Finance,Intern,54675.64,2023-06-14,cameronramirez@rivera-thomas.biz,Officer adult ask.
EMP12993,Deborah Olsen,Sales,Executive,54675.64,2021-08-06,marissa00@orr.org,Range evidence why.
EMP12994,Lori Williams,IT,Executive,54675.64,2023-06-03,karen57@diaz.com,Whole against human.
EMP12995,Bethany Hernandez,Finance,Manager,54675.64,2020-05-05,lynchdamon@yahoo.com,Happy again.
EMP12996,Matthew Shaw,Sales,Executive,54675.64,2023-07-07,bowenkelly@hotmail.com,Base evidence since.
EMP12997,Daniel Martin,Finance,Intern,54675.64,2022-06-22,egallagher@yahoo.com,Democrat movie.
EMP12998,Tina Sawyer,HR,Analyst,54675.64,2021-06-22,john13@yahoo.com,Camera lay finally.
EMP12999,Mark Snow,Sales,Executive,54675.64,2020-12-18,kayla42@fernandez-shaw.com,Six administration.
EMP13000,Erica Miller,Sales,Intern,54675.64,2022-03-21,vsantiago@spears.info,Respond your try.
EMP13001,Susan Vaughn,Finance,Executive,54675.64,2022-05-26,warerichard@yahoo.com,Nice make so.
EMP13002,Matthew Hernandez,Sales,Manager,54675.64,2020-02-09,gwright@yahoo.com,Question.
EMP13003,Larry Bell,IT,Manager,54675.64,2021-03-26,james68@gmail.com,Less full statement.
EMP13004,Jessica Fernandez,Finance,Executive,54675.64,2021-12-13,bharris@gmail.com,Image she owner.
EMP13005,Rachel Hernandez,HR,Analyst,54675.64,2020-07-20,edward50@gmail.com,Agree lay care.
EMP13006,Megan Mathews,Sales,Analyst,54675.64,2021-06-24,allisonmeyer@young.info,Significant return.
EMP13007,Edward Hall,HR,Intern,54675.64,2023-09-26,torreslisa@hotmail.com,Should training.
EMP13008,Matthew Garcia,IT,Intern,54675.64,2023-06-24,nguyenkenneth@flowers.com,Occur quite soldier.
EMP13009,Mr. Robert Smith,Sales,Executive,54675.64,2023-02-14,vparker@miller-spence.com,Response control.
EMP13010,Angela Cantrell,Sales,Intern,54675.64,2021-01-16,jason96@hotmail.com,At gun despite.
EMP13011,Jennifer Woods,Finance,Executive,54675.64,2020-08-29,wellsmichael@gmail.com,This of church.
EMP13012,Michele Jackson,HR,Executive,54675.64,2023-09-22,qdawson@hotmail.com,Protect room.
EMP13013,Barbara Colon,Finance,Executive,54675.64,2020-09-03,cburton@sanford.com,Rest on someone.
EMP13014,Patrick Morris,HR,Manager,54675.64,2022-08-20,mullinssandra@davis.com,Indeed away.
EMP13015,Maria Bowen,Finance,Executive,54675.64,2023-12-05,millsalice@yahoo.com,Better out most.
EMP13016,John Morris,HR,Executive,54675.64,2020-04-05,anthony82@romero.com,Wish into develop.
EMP13017,Jeremiah Snyder,Finance,Analyst,54675.64,2020-04-15,kyletaylor@hotmail.com,Power letter.
EMP13018,Michael Steele,Sales,Intern,54675.64,2020-08-08,sandraburke@foley.com,What audience heart.
EMP13019,Matthew Lewis,Sales,Executive,54675.64,2023-04-13,tgreen@hotmail.com,Can century put.
EMP13020,Raymond Freeman,HR,Executive,54675.64,2021-04-21,halealicia@zamora.org,Can about field.
EMP13021,Angelica Dorsey,Finance,Executive,54675.64,2022-06-23,erivera@gmail.com,Action writer.
EMP13022,Jacqueline Vasquez,HR,Executive,54675.64,2023-11-03,penakayla@powers.com,Design night plan.
EMP13023,Caitlin Gallagher,Finance,Executive,54675.64,2021-01-30,egarcia@wilson.net,Baby throw dog.
EMP13024,Marc Kaufman,HR,Analyst,54675.64,2021-06-11,znichols@silva.com,Day scene pull open.
EMP13025,Shannon Smith,IT,Manager,54675.64,2022-03-25,onealjacob@gmail.com,If possible floor.
EMP13026,Nathaniel Garrison,Sales,Manager,54675.64,2022-12-15,amanda32@mason-reese.com,Anyone reason pull.
EMP13027,Corey Strickland,HR,Analyst,54675.64,2021-07-16,rebecca88@gardner.info,Now do medical.
EMP13028,James West,IT,Executive,54675.64,2021-05-01,davistaylor@gmail.com,Pay bag stand whom.
EMP13029,Donald Smith,Sales,Analyst,54675.64,2023-07-30,christopher13@hotmail.com,Smile difference.
EMP13030,Nichole Bennett,IT,Executive,54675.64,2020-03-06,sharonrojas@hotmail.com,To others guy year.
EMP13031,Garrett Stewart,Finance,Intern,54675.64,2022-09-28,rogergoodman@wilson.com,Instead free we.
EMP13032,Kevin Moreno,Finance,Manager,54675.64,2020-03-11,yolanda34@hotmail.com,Compare well accept.
EMP13033,Luis Thomas,Finance,Manager,54675.64,2022-06-22,chanjasmine@payne-meyer.com,Hospital worry.
EMP13034,Heather Patel,HR,Intern,54675.64,2021-06-01,griffinsamantha@bell-palmer.org,Bag page wall nor.
EMP13035,Paul Nguyen,IT,Intern,54675.64,2021-09-23,qsingh@baker.com,Down interest meet.
EMP13036,Mary Cole,IT,Manager,54675.64,2022-10-19,hamiltontracy@yahoo.com,Key that former hot.
EMP13037,Jessica Nelson,Finance,Intern,54675.64,2021-07-24,mercadoraymond@hotmail.com,Face fear first.
EMP13038,Vincent Smith PhD,HR,Intern,54675.64,2020-08-24,martinezjessica@smith.info,Wide only western.
EMP13039,Amanda Harrison,Finance,Executive,54675.64,2023-03-25,rojasjoshua@terrell.com,See company adult.
EMP13040,Ryan Duncan,HR,Intern,54675.64,2023-03-07,patrick25@castro.com,Without raise group.
EMP13041,Cheyenne Mullins,Sales,Executive,54675.64,2020-06-21,deanshannon@kim-roberts.info,Recognize before.
EMP13042,Amy Young,IT,Intern,54675.64,2022-05-12,patrick00@hotmail.com,The exist number.
EMP13043,Joseph Rodriguez,HR,Analyst,54675.64,2021-12-05,stephanie79@hotmail.com,Media like.
EMP13044,Jason Torres,Finance,Executive,54675.64,2020-06-26,hstuart@cole.com,Whatever can big.
EMP13045,William Nixon,HR,Executive,54675.64,2021-02-19,stephanie42@gmail.com,Voice long heavy.
EMP13046,Mark Garner,HR,Manager,54675.64,2022-08-14,ethompson@quinn-larson.com,Finally simply.
EMP13047,Robert Olson,Sales,Intern,54675.64,2020-05-23,agrant@myers.info,Administration size.
EMP13048,Mr. Colton Allison MD,Finance,Executive,54675.64,2021-03-25,tfoster@pugh.com,Dark option might.
EMP13049,Pamela Hanson,IT,Analyst,54675.64,2022-04-09,latoyatyler@yahoo.com,Offer among its.
EMP13050,Andrew Porter,HR,Analyst,54675.64,2022-01-15,apeterson@smith.com,Part field campaign.
EMP13051,Julian Roth,Finance,Manager,54675.64,2020-11-17,matthew63@yahoo.com,Network trade.
EMP13052,Miguel Mckee,IT,Intern,54675.64,2022-08-20,margaret68@burgess-meyer.net,Those guess race.
EMP13053,Tommy Conner,HR,Executive,54675.64,2022-02-10,christinaturner@anderson.com,Daughter by.
EMP13054,Rhonda Anderson,HR,Manager,54675.64,2023-11-01,paul02@yahoo.com,Official should.
EMP13055,Pamela Pena,Finance,Intern,54675.64,2020-05-25,sara59@hotmail.com,Thought trial keep.
EMP13056,Mitchell Walls,IT,Intern,54675.64,2022-09-04,curtis05@hotmail.com,Successful game any.
EMP13057,James Kelly,IT,Manager,54675.64,2020-06-22,warrenfelicia@pena-baker.biz,Weight range thing.
EMP13058,Mrs. Kara Evans,Sales,Analyst,54675.64,2022-01-27,christina77@gmail.com,Develop reveal.
EMP13059,Lauren Watts,Sales,Manager,54675.64,2022-03-24,cmooney@johnson.biz,First collection.
EMP13060,Joshua Molina,Finance,Manager,54675.64,2023-03-27,cschroeder@gmail.com,Often glass member.
EMP13061,Danielle Benitez,IT,Analyst,54675.64,2021-12-04,olivia21@gmail.com,Accept shoulder.
EMP13062,Heather Cantu,HR,Manager,54675.64,2021-02-04,caseyrobin@gmail.com,Food drop program.
EMP13063,Stephanie Shelton,Finance,Manager,54675.64,2023-03-02,haysgregory@hotmail.com,School alone.
EMP13064,Kelly Brown,Sales,Executive,54675.64,2022-10-25,jacob91@gmail.com,Receive reality one.
EMP13065,Jeffrey Taylor,Finance,Executive,54675.64,2020-03-15,kperry@robinson-ayala.com,Citizen finish main.
EMP13066,Joanna Jackson,IT,Executive,54675.64,2023-10-15,vdaniels@martin.biz,Billion these.
EMP13067,Matthew Watson,Finance,Executive,54675.64,2021-04-06,andrew07@hotmail.com,Each budget line.
EMP13068,Joseph Colon,Sales,Analyst,54675.64,2021-09-23,carolynperkins@fernandez.com,Participant leg red.
EMP13069,Stephen Robinson,IT,Analyst,54675.64,2022-02-12,wpoole@yahoo.com,Do politics wait.
EMP13070,Dylan Jackson,HR,Executive,54675.64,2021-03-24,robert33@gmail.com,Whom miss image.
EMP13071,Lisa Carter,Sales,Manager,54675.64,2023-09-30,emckenzie@hartman.com,By month listen.
EMP13072,Victoria Matthews,Sales,Manager,54675.64,2021-06-08,tduran@gmail.com,But understand.
EMP13073,Suzanne Young,Sales,Manager,54675.64,2022-07-09,ryan39@page.com,At care important.
EMP13074,Tommy Clements,Finance,Executive,54675.64,2021-11-26,melissavillarreal@jordan.org,Item quite man.
EMP13075,Lauren Hicks,Sales,Intern,54675.64,2020-03-08,anthonyricardo@hotmail.com,Subject already.
EMP13076,Shelley Porter,Finance,Intern,54675.64,2021-11-29,rebekahcardenas@gmail.com,Value claim road.
EMP13077,Steven Olsen,Finance,Intern,54675.64,2020-08-26,xhill@shaw-sullivan.com,Seven sea total.
EMP13078,Brian Reed,IT,Manager,54675.64,2022-02-01,patelchristie@yahoo.com,Official every.
EMP13079,Diana Baker,IT,Analyst,54675.64,2020-04-04,katherine66@gmail.com,Believe clearly her.
EMP13080,Michelle Duncan,Sales,Executive,54675.64,2022-09-03,josecarson@rojas.info,Since bank imagine.
EMP13081,Caroline Kirk,Finance,Executive,54675.64,2023-05-11,harrisjessica@gmail.com,Allow mother mind.
EMP13082,Keith King,HR,Manager,54675.64,2020-01-03,ncuevas@yahoo.com,Serve least about.
EMP13083,Jamie White,Finance,Intern,54675.64,2023-05-15,jasonwebb@hotmail.com,May me animal.
EMP13084,Duane Jones,IT,Intern,54675.64,2021-07-22,mccluredaniel@hotmail.com,Road into support.
EMP13085,Michael Cox,IT,Intern,54675.64,2023-09-10,karen97@santos.org,Officer tell trade.
EMP13086,Diana Davis,Finance,Executive,54675.64,2022-03-09,vknight@miller.biz,Arm agent loss.
EMP13087,Dennis Smith,Finance,Manager,54675.64,2020-01-03,wmorgan@king-ramos.com,View tend course.
EMP13088,Michael Frazier,Finance,Intern,54675.64,2022-11-01,cking@hotmail.com,Modern eight.
EMP13089,Kim Ruiz,HR,Executive,54675.64,2022-05-09,tamara49@yahoo.com,Ahead address.
EMP13090,Melissa Davis,Finance,Manager,54675.64,2021-09-09,blanchardelizabeth@gmail.com,Strategy Mrs yes.
EMP13091,Robin Mcneil,Sales,Manager,54675.64,2023-10-05,smcdonald@adams.info,Successful.
EMP13092,Bryce Ortega,Sales,Manager,54675.64,2022-02-25,qbanks@yahoo.com,Whose thought.
EMP13093,Samuel Davis,IT,Manager,54675.64,2022-07-05,lewishaley@hickman.com,Trade sell it.
EMP13094,Danielle Fitzpatrick,HR,Manager,54675.64,2023-05-17,stephenlong@cooper-wright.com,Way industry happy.
EMP13095,Stephanie Taylor,HR,Analyst,54675.64,2020-01-14,rachelblack@yahoo.com,Daughter design.
EMP13096,Ronnie Day,IT,Analyst,54675.64,2023-01-31,shane55@hotmail.com,Suggest she process.
EMP13097,James Coffey,Sales,Manager,54675.64,2020-11-26,tammyward@nelson.com,Performance lay.
EMP13098,Gregory Townsend,Sales,Analyst,54675.64,2021-06-24,megan15@browning.com,Better on recent.
EMP13099,Frederick Horn,HR,Manager,54675.64,2020-09-19,ucross@walter.com,Will president.
EMP13100,Kenneth Anderson,Finance,Intern,54675.64,2020-02-18,vasquezanthony@gmail.com,Whole standard.
EMP13101,Heather Landry,Finance,Manager,54675.64,2021-05-03,ingramkristina@archer.com,Prevent or study.
EMP13102,Leslie Moore,HR,Analyst,54675.64,2023-07-10,cartergail@rivas.com,Age hope clear his.
EMP13103,Stephen Smith,HR,Analyst,54675.64,2021-02-01,mary99@gmail.com,Number world charge.
EMP13104,Mary Torres,HR,Intern,54675.64,2022-02-22,georgemegan@humphrey.info,Election medical.
EMP13105,Terry Bullock,HR,Manager,54675.64,2022-06-27,kimberly23@brown-kemp.com,Outside trial body.
EMP13106,Jonathan Dawson,HR,Analyst,54675.64,2020-12-03,nwall@smith-williams.com,Choice wrong.
EMP13107,Valerie Conley,HR,Executive,54675.64,2023-12-07,timothykaiser@hotmail.com,Article ok week.
EMP13108,Beth Lopez,HR,Analyst,54675.64,2021-04-13,powellmichelle@williams-bell.info,Nation listen.
EMP13109,Barbara Hopkins,HR,Manager,54675.64,2022-04-20,gloversean@gmail.com,Help article mind.
EMP13110,Tina Phillips,Finance,Executive,54675.64,2023-11-02,caroline79@williams.com,Piece end clearly.
EMP13111,Laura Brown,IT,Analyst,54675.64,2023-11-05,juliasanders@cohen.org,Customer state.
EMP13112,Caroline Bryan,Sales,Analyst,54675.64,2022-09-17,faulkneramanda@yahoo.com,Somebody door fear.
EMP13113,Caleb Parrish,IT,Analyst,54675.64,2020-03-01,robincopeland@nichols.com,Next arm he a year.
EMP13114,Sharon Morris,IT,Analyst,54675.64,2022-07-21,fbrown@fitzgerald.info,Play need make grow.
EMP13115,Richard Ferguson,HR,Analyst,54675.64,2023-10-20,bruce77@yahoo.com,East newspaper idea.
EMP13116,Aaron Williams,HR,Manager,54675.64,2022-02-23,williamtaylor@hotmail.com,Black sell receive.
EMP13117,Monica Armstrong,HR,Analyst,54675.64,2023-08-03,avilaamanda@gmail.com,Miss can.
EMP13118,Gwendolyn Roy,IT,Intern,54675.64,2022-10-19,wanda21@wright.net,Suddenly play.
EMP13119,Rick Casey,Finance,Executive,54675.64,2023-12-25,qreyes@larson-cochran.net,Lawyer many say.
EMP13120,Rebecca Best,HR,Analyst,54675.64,2022-03-10,vcantrell@hotmail.com,Politics they list.
EMP13121,Zachary Cruz,HR,Analyst,54675.64,2023-08-03,zvincent@floyd.com,Game increase land.
EMP13122,James Holland,Sales,Manager,54675.64,2023-11-26,rogerbennett@elliott.biz,Knowledge five out.
EMP13123,Joseph Jones,Finance,Manager,54675.64,2022-06-04,ypeck@jones.com,Argue perhaps meet.
EMP13124,Amanda Williams,HR,Executive,54675.64,2023-06-17,justinrogers@gmail.com,Interest itself.
EMP13125,Chelsea Burke,Finance,Manager,54675.64,2022-10-29,eperez@boyd-torres.com,Public power enjoy.
EMP13126,Alice Stewart,Sales,Intern,54675.64,2021-09-29,thomas26@hotmail.com,Affect position.
EMP13127,Nicole Perez,IT,Executive,54675.64,2022-09-23,tsantiago@church.net,You win thank tree.
EMP13128,Meagan Martinez,Sales,Intern,54675.64,2021-08-05,blairnicole@houston-reyes.com,Thousand television.
EMP13129,Molly White,Finance,Analyst,54675.64,2023-12-04,victoriaho@yahoo.com,One certainly.
EMP13130,Kelly Hall,HR,Manager,54675.64,2022-06-27,francismegan@gilmore.biz,What television.
EMP13131,Leonard Ramsey,HR,Analyst,54675.64,2020-10-25,ikelley@gmail.com,Executive buy speak.
EMP13132,David Kim,Sales,Intern,54675.64,2022-01-02,aprilanderson@haynes.com,Today memory check.
EMP13133,William Solis,Sales,Analyst,54675.64,2020-11-20,mlopez@gmail.com,Give kitchen region.
EMP13134,Monica Chandler,Finance,Manager,54675.64,2023-05-10,collinsbenjamin@gonzalez-mendez.com,Yet someone.
EMP13135,Kelly Arnold,Finance,Manager,54675.64,2022-09-25,grace19@gibson-martinez.com,Next ahead next.
EMP13136,William Mendoza,Finance,Manager,54675.64,2021-01-17,markhoward@branch.com,Under skin.
EMP13137,Andrew Hardin,HR,Analyst,54675.64,2022-12-06,hcook@hotmail.com,That remember.
EMP13138,Breanna Roman,Sales,Manager,54675.64,2022-08-14,treeves@hotmail.com,Bag participant.
EMP13139,Elizabeth Jenkins,Finance,Executive,54675.64,2023-06-06,meyersarah@cole.com,Play conference lot.
EMP13140,George Owens,Sales,Executive,54675.64,2020-12-23,xsmith@simmons.com,Travel loss foreign.
EMP13141,Kathleen Rodriguez,HR,Manager,54675.64,2020-12-05,natalie21@gmail.com,Day establish staff.
EMP13142,Bryan Adams,IT,Executive,54675.64,2022-08-01,brandongrant@hotmail.com,Simply accept past.
EMP13143,Jose Smith,Finance,Intern,54675.64,2020-02-10,melissajackson@yahoo.com,Dog economic.
EMP13144,Alicia Oconnor,IT,Manager,54675.64,2022-07-22,olivernicole@mckinney.org,Play statement born.
EMP13145,Kimberly Cox,HR,Analyst,54675.64,2020-12-25,johnharrison@hays.com,Husband still fight.
EMP13146,Michele Page,Sales,Executive,54675.64,2023-09-09,halldebra@ellis.net,Four top enjoy.
EMP13147,Vickie Flowers,IT,Executive,54675.64,2023-05-11,carolinewilson@landry.com,Face able report.
EMP13148,Robert Davis,Sales,Executive,54675.64,2023-07-14,ntaylor@khan.com,Population only.
EMP13149,Alexis Harris,Finance,Executive,54675.64,2022-02-22,susan64@hotmail.com,Mean recent line.
EMP13150,Kevin Johnson,Finance,Intern,54675.64,2020-03-05,bradleypatricia@wright.com,Campaign.
EMP13151,William Walker,HR,Intern,54675.64,2021-12-11,mbennett@wood-burton.com,Challenge result.
EMP13152,Jennifer Martin,Finance,Intern,54675.64,2022-04-18,ipreston@chandler-duncan.info,Voice line cultural.
EMP13153,Casey Young,Sales,Executive,54675.64,2021-05-27,robert48@gmail.com,Could when course.
EMP13154,Shane Smith,Finance,Intern,54675.64,2023-06-02,wsmith@rogers-kirby.biz,Sometimes such.
EMP13155,David Jennings,IT,Analyst,54675.64,2021-03-30,randy88@yahoo.com,It entire real drug.
EMP13156,Chad Chen,Sales,Intern,54675.64,2022-10-24,boydbobby@yahoo.com,No commercial.
EMP13157,Christina Sanchez,Finance,Executive,54675.64,2021-08-16,christina84@hotmail.com,Old book show.
EMP13158,Deborah Schmidt,IT,Manager,54675.64,2020-09-01,jordanlaura@hotmail.com,Natural indeed.
EMP13159,Nicole Alexander,Sales,Executive,54675.64,2021-07-02,nancysmith@flores.com,Pay allow thus body.
EMP13160,Jessica Schmidt,IT,Manager,54675.64,2023-11-22,pcrawford@snyder-fletcher.biz,Sign watch deep.
EMP13161,Kenneth Garcia,Sales,Intern,54675.64,2020-08-31,mary31@moore-davis.info,Wrong happy cut.
EMP13162,Elizabeth Owens,IT,Intern,54675.64,2021-10-05,christian63@house.biz,History everyone.
EMP13163,Aaron Garrett,IT,Manager,54675.64,2023-04-09,allenmaria@kelly.com,Guess star three.
EMP13164,Ashley Walker,Finance,Analyst,54675.64,2020-01-26,ccardenas@hotmail.com,Science suggest.
EMP13165,Kara Martinez,HR,Executive,54675.64,2023-05-20,andrewmiller@hotmail.com,Paper prove father.
EMP13166,Ashley Rodriguez,Finance,Analyst,54675.64,2021-10-16,anthony92@gmail.com,Court camera source.
EMP13167,Joseph Miller,Sales,Executive,54675.64,2020-06-13,bridgetpage@hotmail.com,National degree.
EMP13168,Amanda Perez,IT,Executive,54675.64,2022-12-01,lsherman@potter.com,Hundred hope before.
EMP13169,Angela Dudley,Sales,Analyst,54675.64,2021-10-17,savannah42@davis.com,Research way finish.
EMP13170,Shane Martinez,Finance,Analyst,54675.64,2021-07-07,stonestephen@hotmail.com,Party we game.
EMP13171,David Green Jr.,Sales,Manager,54675.64,2022-11-27,edwin46@hanna.info,You true our local.
EMP13172,Anthony Mcbride,Finance,Intern,54675.64,2021-10-06,dforbes@yahoo.com,Indeed serve it.
EMP13173,Mary Lam,Finance,Intern,54675.64,2021-08-29,dgibson@carter-ward.com,Relationship space.
EMP13174,Stacy Wood,HR,Manager,54675.64,2023-12-21,destinyhernandez@gmail.com,Executive team.
EMP13175,Kyle Hunter,Finance,Manager,54675.64,2022-11-21,phyllis32@cain.com,Develop meeting.
EMP13176,Alejandro Wilson,IT,Intern,54675.64,2023-05-03,andrewtaylor@sims.com,Free chance energy.
EMP13177,Kimberly Kaiser,Finance,Analyst,54675.64,2020-10-24,ojones@terry-thomas.com,Should across us.
EMP13178,Danielle Durham,Finance,Intern,54675.64,2021-01-16,washingtonlaura@gmail.com,Finish analysis.
EMP13179,Guy Francis,IT,Executive,54675.64,2021-05-31,baileyderrick@jenkins.com,Important.
EMP13180,Elizabeth Todd,Finance,Manager,54675.64,2021-08-30,sstafford@nielsen-scott.com,Myself drug seat.
EMP13181,James Walton,Sales,Intern,54675.64,2023-07-26,robertsmichael@romero.com,Analysis if movie.
EMP13182,Jennifer Cobb,HR,Analyst,54675.64,2020-08-17,troy36@yahoo.com,Individual add.
EMP13183,Jason Mitchell,IT,Intern,54675.64,2023-10-17,xcarpenter@gmail.com,Wrong house image.
EMP13184,Samuel Villegas,IT,Manager,54675.64,2021-01-26,mark16@lee.org,Professor air house.
EMP13185,Kiara Allen,Sales,Executive,54675.64,2023-09-11,blakerowe@gmail.com,Weight various.
EMP13186,Tracey Sims,IT,Analyst,54675.64,2021-12-31,robertberry@gmail.com,Current its certain.
EMP13187,Becky Duke,Sales,Analyst,54675.64,2023-07-22,norman48@yahoo.com,Others there.
EMP13188,Carrie Atkins,IT,Executive,54675.64,2023-02-03,mathewmullins@mendoza.com,Dream turn his.
EMP13189,James White,Finance,Analyst,54675.64,2023-12-22,ghines@navarro-carter.com,Something loss.
EMP13190,Raymond Johnson,IT,Analyst,54675.64,2022-01-17,fbaker@yahoo.com,Effect officer.
EMP13191,Laura Massey,HR,Intern,54675.64,2021-05-17,shawnfrye@smith-kim.info,Space whether.
EMP13192,Robert Keith,IT,Analyst,54675.64,2022-05-10,hobbscindy@gmail.com,Consumer training.
EMP13193,Jeremy Stevenson,IT,Manager,54675.64,2022-07-28,catherinevargas@yahoo.com,Maintain how within.
EMP13194,Terry Sutton,HR,Executive,54675.64,2021-01-24,melissasmith@schaefer.com,Control these after.
EMP13195,Tristan Cox,IT,Manager,54675.64,2020-09-15,sandra28@hotmail.com,Already fish store.
EMP13196,John Chapman,Sales,Executive,54675.64,2021-02-20,michelebanks@yahoo.com,Explain thousand.
EMP13197,Christina Houston,Sales,Analyst,54675.64,2021-07-31,ryan82@gmail.com,Clearly court.
EMP13198,Gregory Caldwell,HR,Executive,54675.64,2023-11-06,bankserika@diaz-mueller.com,Most send.
EMP13199,Kimberly Thompson,Finance,Analyst,54675.64,2022-05-24,smoore@gmail.com,Program keep guy.
EMP13200,Julie Carr,IT,Analyst,54675.64,2023-12-04,imiller@hotmail.com,Bank compare sell.
EMP13201,Vanessa Mcconnell,HR,Executive,54675.64,2021-09-02,hannahreynolds@hotmail.com,Really throw hard.
EMP13202,Nicholas Thompson,HR,Analyst,54675.64,2023-07-31,neilharris@gmail.com,Civil election yard.
EMP13203,Megan Ray,IT,Manager,54675.64,2022-10-17,xbanks@hotmail.com,Poor century hard.
EMP13204,Carla Hernandez,Finance,Executive,54675.64,2020-06-19,timbowen@yahoo.com,Respond performance.
EMP13205,Donald Atkinson,IT,Executive,54675.64,2021-08-09,laurievazquez@mcgee.com,Though statement.
EMP13206,Erica Brown,IT,Executive,54675.64,2021-09-13,shanewarren@gmail.com,Born physical call.
EMP13207,Stephanie Morales,HR,Analyst,54675.64,2021-12-28,scottgolden@bennett.info,Eat step report he.
EMP13208,Sheri Mccormick,Finance,Manager,54675.64,2021-06-11,jennifer11@jensen.com,Receive learn fill.
EMP13209,Curtis Welch,HR,Executive,54675.64,2023-01-17,igarcia@clark.com,Final product he.
EMP13210,Joshua Miller,Finance,Analyst,54675.64,2022-03-01,oweaver@yahoo.com,Experience personal.
EMP13211,Mark Ross,Finance,Intern,54675.64,2020-07-05,byrddennis@hotmail.com,Arrive customer it.
EMP13212,Samuel Richardson,HR,Intern,54675.64,2020-12-24,amandajacobson@gonzalez.com,Example nor serve.
EMP13213,Lee Sherman,Finance,Intern,54675.64,2020-10-17,xchavez@walls.com,Section baby.
EMP13214,Logan Mendoza,IT,Manager,54675.64,2023-05-25,samanthasawyer@ford.info,Old television wear.
EMP13215,Brittany Ramsey,HR,Analyst,54675.64,2023-04-07,qshepard@mcneil-wilson.biz,Evening east near.
EMP13216,Andrew Patel,HR,Analyst,54675.64,2021-01-07,mmitchell@hotmail.com,Such tonight.
EMP13217,Peter Charles,IT,Intern,54675.64,2021-05-01,virginiacarlson@hotmail.com,By magazine.
EMP13218,Christopher Dalton,Finance,Manager,54675.64,2023-10-20,kevin23@marquez-lamb.com,Just care financial.
EMP13219,Natalie Keller,Finance,Analyst,54675.64,2020-12-18,richard16@yahoo.com,Thank.
EMP13220,Paul Fuentes,Finance,Intern,54675.64,2021-02-09,david43@summers.net,Thing away civil.
EMP13221,Kevin Baker,IT,Manager,54675.64,2023-11-09,bobkline@yahoo.com,Final which laugh.
EMP13222,Dennis Ruiz,HR,Intern,54675.64,2022-12-05,matthew63@yahoo.com,Worker discuss.
EMP13223,Randy Johnson,Sales,Executive,54675.64,2020-10-04,conniebennett@barker-miller.com,Security front.
EMP13224,Holly Martin,HR,Executive,54675.64,2023-08-04,leeleslie@hotmail.com,Lose weight deal.
EMP13225,Kenneth Smith,Sales,Manager,54675.64,2021-12-27,powellalexa@gmail.com,Run high plant man.
EMP13226,Richard Peters,HR,Analyst,54675.64,2021-10-31,bradleybeck@forbes.com,Morning effort now.
EMP13227,John Curry,Sales,Intern,54675.64,2020-03-27,nicholas04@cardenas-burns.biz,Community have old.
EMP13228,Samuel Perez,IT,Executive,54675.64,2021-09-14,jenningssarah@yahoo.com,Power look just.
EMP13229,Whitney Martinez,Finance,Intern,54675.64,2020-01-12,deborah29@yahoo.com,Suggest world.
EMP13230,Margaret Potter,IT,Manager,54675.64,2020-12-04,leah01@stephens.com,Fight hot.
EMP13231,Richard Moss,Finance,Manager,54675.64,2021-03-30,thomasbridget@gmail.com,Should citizen fine.
EMP13232,Shelby White,HR,Analyst,54675.64,2021-02-14,navarrolaura@woods-bennett.com,Also total reality.
EMP13233,Robert Mcdaniel,IT,Analyst,54675.64,2022-07-10,billy67@dunn-paul.org,Decide and less.
EMP13234,Ronald Dunn,HR,Intern,54675.64,2020-05-25,bwarner@bishop.biz,Hair almost pattern.
EMP13235,Michael Alexander,Finance,Executive,54675.64,2020-04-01,dustin89@hotmail.com,How final visit.
EMP13236,Emily Jones,HR,Executive,54675.64,2022-08-19,crystal78@weiss.com,Reality between.
EMP13237,Sean Duarte,IT,Executive,54675.64,2021-12-01,gomeztrevor@hammond.net,Customer if out air.
EMP13238,Jodi Shaw,Sales,Analyst,54675.64,2021-11-16,christopherbarrett@gmail.com,Site various board.
EMP13239,Janet Williams,Finance,Executive,54675.64,2021-11-02,rrodriguez@reynolds-pena.info,Thought look huge.
EMP13240,Karen Harding,HR,Manager,54675.64,2021-10-16,kimberlystephens@yahoo.com,Fish catch change.
EMP13241,Stephanie Wright,Sales,Manager,54675.64,2020-07-28,petersondestiny@miller-jones.com,Past find direction.
EMP13242,Shannon Mays,Sales,Executive,54675.64,2023-03-25,velasquezstacy@potter.com,Technology news.
EMP13243,Allison Barrett,IT,Analyst,54675.64,2023-12-05,katrinaday@cobb.com,People account.
EMP13244,Joseph Cook,HR,Executive,54675.64,2020-06-17,john44@harris.biz,Yet heavy reach.
EMP13245,Eric Leach,IT,Manager,54675.64,2020-10-15,daniel29@hotmail.com,To break second fly.
EMP13246,Larry Branch,HR,Executive,54675.64,2023-08-16,bradley56@hotmail.com,Size sea garden.
EMP13247,Kathryn Valencia,Sales,Intern,54675.64,2020-09-22,summershannah@bailey.info,Push song window.
EMP13248,Richard Bowen,HR,Manager,54675.64,2021-02-11,kennethsmith@clark.net,Despite.
EMP13249,Michael Gibson,Finance,Intern,54675.64,2021-09-25,carrillojason@gmail.com,Western suffer.
EMP13250,Charles Villanueva,Sales,Analyst,54675.64,2022-05-24,nathaniel05@villa.com,Figure join likely.
EMP13251,Walter Kelly,Finance,Intern,54675.64,2022-05-08,ipena@acosta.com,Bed animal increase.
EMP13252,Joshua Stephenson,IT,Manager,54675.64,2020-01-20,colemansteven@norris.com,Too few represent.
EMP13253,Jennifer Smith,Finance,Executive,54675.64,2020-08-20,robertsonandrea@yahoo.com,Few long spend task.
EMP13254,Sheryl Murray,IT,Analyst,54675.64,2022-03-03,morenojohn@hotmail.com,Continue TV team.
EMP13255,Rickey Ingram,IT,Analyst,54675.64,2022-12-14,dennis26@yahoo.com,Good realize after.
EMP13256,Lori Harris,Finance,Intern,54675.64,2020-08-28,lauriemccoy@avery-wilson.biz,Yet wonder often.
EMP13257,Charles Casey,HR,Analyst,54675.64,2023-05-26,matthew60@hotmail.com,Add lead culture.
EMP13258,Debra Pope,Finance,Intern,54675.64,2021-03-02,halexander@bird-james.com,Matter seek ten.
EMP13259,Steve Knight,HR,Executive,54675.64,2021-12-25,aaronjones@rogers.biz,Dream newspaper.
EMP13260,Hannah Melton,IT,Manager,54675.64,2020-02-24,hcruz@yahoo.com,Too western artist.
EMP13261,Jamie Schneider,Finance,Executive,54675.64,2022-06-27,anthony84@hill.com,Hundred appear ask.
EMP13262,Eric Carlson,Finance,Manager,54675.64,2023-04-15,teresa48@yahoo.com,Despite parent.
EMP13263,Danielle Thompson,HR,Intern,54675.64,2023-02-21,stacey23@williams.com,Kind above some.
EMP13264,Scott Murray,Finance,Analyst,54675.64,2022-05-09,ktaylor@gmail.com,Lot choice budget.
EMP13265,James Fields,Finance,Manager,54675.64,2022-09-19,kellycraig@barron.com,Crime.
EMP13266,Lauren Spencer,HR,Intern,54675.64,2020-09-23,stouttodd@chavez.com,View minute quite.
EMP13267,Derek Spence,HR,Analyst,54675.64,2023-11-02,julie44@murillo.com,Democrat one such.
EMP13268,Daniel Caldwell,Sales,Analyst,54675.64,2021-09-22,mclark@gmail.com,Board under none.
EMP13269,Jeffrey Reyes,HR,Intern,54675.64,2020-07-24,michellepatterson@stevenson.net,Increase other.
EMP13270,Stephen Johnson,IT,Analyst,54675.64,2021-08-18,taylor53@gmail.com,Despite economic.
EMP13271,Lisa Kelley,IT,Intern,54675.64,2020-01-20,daniellemiranda@hotmail.com,All whole word.
EMP13272,Lindsey Garcia,HR,Analyst,54675.64,2020-03-12,guzmantara@gmail.com,Cup feel security.
EMP13273,Heather Moore,Sales,Executive,54675.64,2022-09-19,edwardslindsey@nelson.com,Cost in chair.
EMP13274,Joshua Barnes,Sales,Manager,54675.64,2023-01-04,henrygarcia@hotmail.com,Late project.
EMP13275,Christina Hardy,Finance,Intern,54675.64,2022-07-01,rshannon@thompson-green.net,Call job skin stage.
EMP13276,Rodney Pham,Sales,Intern,54675.64,2023-08-05,jonathan14@gmail.com,Difference recently.
EMP13277,Scott Meyers,IT,Executive,54675.64,2020-08-30,ygomez@griffin.com,Wait key perform.
EMP13278,Miguel Holder,IT,Analyst,54675.64,2023-07-23,burnssherry@curry-miller.com,His performance.
EMP13279,Jeffrey Carlson,HR,Manager,54675.64,2021-03-05,woodalexis@gmail.com,Along real between.
EMP13280,Victoria Mendez,HR,Manager,54675.64,2020-10-13,anthony07@kelly.com,Laugh step fund set.
EMP13281,Adrian Gilbert,Finance,Intern,54675.64,2021-09-05,jason20@gmail.com,Special common.
EMP13282,Christina Malone,HR,Manager,54675.64,2022-08-04,kaylasanchez@hodges.biz,Show wall cost.
EMP13283,Alexander Lawrence,Sales,Executive,54675.64,2020-04-29,santoscaitlin@yahoo.com,Role civil scene.
EMP13284,Joseph Morris,Finance,Manager,54675.64,2020-09-04,traceywhitaker@yahoo.com,Air miss Mrs seem.
EMP13285,Jason Smith,HR,Manager,54675.64,2023-09-24,catherine66@jackson.com,However thus.
EMP13286,Cameron Peterson,HR,Manager,54675.64,2022-02-25,hmorgan@fox-zuniga.org,Dinner long there.
EMP13287,Elizabeth Chambers,HR,Intern,54675.64,2020-11-13,qstewart@gmail.com,Heavy piece fly.
EMP13288,Courtney Allen,HR,Manager,54675.64,2022-07-28,greendavid@thomas.net,Another food PM.
EMP13289,Joshua Smith,HR,Analyst,54675.64,2021-12-17,robin25@gmail.com,Daughter suddenly.
EMP13290,Brian Smith,IT,Manager,54675.64,2021-11-08,carmen56@gmail.com,Late story.
EMP13291,David Tate,Finance,Analyst,54675.64,2020-11-16,kristinajones@whitaker.org,Final maintain.
EMP13292,Amanda Gill,IT,Manager,54675.64,2023-07-14,iwall@clark.com,Such close continue.
EMP13293,Elizabeth Blankenship,Finance,Intern,54675.64,2020-10-09,xtaylor@yahoo.com,Kid where he occur.
EMP13294,Tracey Webb,Sales,Manager,54675.64,2021-04-29,ramirezmaria@hotmail.com,When nothing best.
EMP13295,Jeremy Stout DDS,Sales,Intern,54675.64,2021-07-23,tatejacob@hotmail.com,Change program.
EMP13296,Sarah Hall,Sales,Executive,54675.64,2023-06-08,obailey@willis.com,Up she artist.
EMP13297,Michael Rollins,Finance,Executive,54675.64,2022-08-17,millersamuel@yahoo.com,Upon yet support.
EMP13298,Megan Oconnor,IT,Executive,54675.64,2023-05-01,tfarmer@thomas-moreno.com,According speech.
EMP13299,Jessica Smith,IT,Manager,54675.64,2021-06-10,rachelmartinez@gmail.com,Stay smile image.
EMP13300,Mr. Michael Stark DDS,HR,Analyst,54675.64,2023-09-30,carteranna@hotmail.com,Eat fill allow.
EMP13301,Whitney Mccann,Finance,Executive,54675.64,2023-07-04,michael42@hotmail.com,Move eye main.
EMP13302,Dr. Jasmine Harper,Sales,Executive,54675.64,2023-04-22,zachary72@morris.info,Sign enough process.
EMP13303,Matthew Barton DDS,Finance,Manager,54675.64,2022-04-23,alexis99@moore-sellers.com,Process report.
EMP13304,Jennifer Martinez,HR,Intern,54675.64,2020-07-06,jeremy10@miller.org,Understand hope.
EMP13305,Caleb Alvarez,IT,Intern,54675.64,2022-12-25,watsoncorey@yahoo.com,Actually education.
EMP13306,Walter Bullock,HR,Executive,54675.64,2020-10-14,wilsonnichole@hill.com,Site person our.
EMP13307,Jenny Barr,HR,Manager,54675.64,2022-12-10,lhall@mclaughlin.com,Spend no machine.
EMP13308,Benjamin Wallace,HR,Analyst,54675.64,2022-03-04,ischmidt@yahoo.com,Simple you half.
EMP13309,Theresa Fowler,HR,Intern,54675.64,2020-03-24,kevin55@hotmail.com,Goal over usually.
EMP13310,Michelle Villanueva,IT,Manager,54675.64,2023-04-26,vsherman@hotmail.com,Add life such key.
EMP13311,James Jacobson,IT,Analyst,54675.64,2020-07-01,ysmith@allen-duncan.org,War girl fight full.
EMP13312,Stephen Miller,IT,Analyst,54675.64,2021-05-17,melissa62@hotmail.com,Factor feeling.
EMP13313,Andrew Rivera,IT,Manager,54675.64,2021-06-02,john97@sanders.com,Rock bring I ok as.
EMP13314,Rebekah Sanchez,Sales,Manager,54675.64,2020-12-02,gchristensen@hotmail.com,Share child entire.
EMP13315,Paul Martinez,Finance,Analyst,54675.64,2023-03-23,leroysmith@yahoo.com,Crime including bed.
EMP13316,Sara Park,Sales,Intern,54675.64,2020-04-27,jgarcia@gmail.com,Leader my mission.
EMP13317,Elizabeth Perez,HR,Executive,54675.64,2020-12-16,thompsoncynthia@yahoo.com,Through difficult.
EMP13318,John Williams,HR,Manager,54675.64,2021-09-22,whiterebecca@gmail.com,Decide miss future.
EMP13319,Nicholas Torres,HR,Manager,54675.64,2023-10-09,nkrueger@yahoo.com,Anything cause.
EMP13320,Joseph Williams,HR,Manager,54675.64,2020-07-28,walexander@gmail.com,Raise second any.
EMP13321,Pamela Gibson,Sales,Analyst,54675.64,2023-06-10,bjohnson@yahoo.com,Husband half let.
EMP13322,Bridget Castillo,IT,Executive,54675.64,2020-05-03,wilsonwalter@yahoo.com,Peace couple.
EMP13323,Robert Brooks,HR,Intern,54675.64,2022-09-29,churchtony@glover.com,Section most car.
EMP13324,Jacob Hernandez,Sales,Manager,54675.64,2021-08-12,laura68@stanton.com,School store young.
EMP13325,Robert Garcia,Sales,Manager,54675.64,2020-05-12,qpruitt@combs.biz,Compare much save.
EMP13326,Ryan Moody,HR,Intern,54675.64,2020-08-02,barneskristen@austin.com,Per hundred others.
EMP13327,Erik Peterson,HR,Executive,54675.64,2022-10-21,rogerscarol@lynch.org,Difference south.
EMP13328,Gabriel Johnson DDS,Sales,Analyst,54675.64,2020-12-05,tking@yahoo.com,Board visit.
EMP13329,Steven Bradley,Finance,Intern,54675.64,2023-11-10,wilkersonjoseph@hotmail.com,Man piece true.
EMP13330,Johnny Weber,Sales,Manager,54675.64,2023-06-12,ehuffman@yahoo.com,Same debate phone.
EMP13331,Evelyn Logan,Finance,Manager,54675.64,2021-09-28,jason81@yahoo.com,Television far.
EMP13332,Brian Boyd,HR,Analyst,54675.64,2023-06-24,patricksoto@yahoo.com,Nearly husband.
EMP13333,Megan Dominguez,IT,Manager,54675.64,2020-06-26,aaron71@massey-robinson.com,Choice lead however.
EMP13334,Eric Rasmussen,IT,Analyst,54675.64,2023-08-23,merickson@gmail.com,Color forward.
EMP13335,Lance Flores,Finance,Intern,54675.64,2022-04-16,yhuang@gmail.com,Stuff manage coach.
EMP13336,Emily Kelly,HR,Intern,54675.64,2023-08-13,lhardy@hotmail.com,Girl use determine.
EMP13337,Gary Rodriguez,HR,Intern,54675.64,2023-01-05,oruiz@hotmail.com,Worker what thought.
EMP13338,Kimberly Walters,Finance,Intern,54675.64,2021-08-02,icabrera@hotmail.com,Seat only threat.
EMP13339,Jeanne Jones,IT,Executive,54675.64,2022-03-02,rglover@evans.com,Recognize as happy.
EMP13340,William Johnson,Sales,Executive,54675.64,2021-04-19,vincent40@rhodes.com,View democratic.
EMP13341,Carrie Thomas,Finance,Analyst,54675.64,2020-11-07,teresadean@rice.com,Notice month.
EMP13342,Mitchell Long,HR,Intern,54675.64,2023-11-02,brittanygraham@gmail.com,Before people.
EMP13343,Darrell Coleman,HR,Analyst,54675.64,2020-08-15,ariasmonica@yahoo.com,Gas beautiful.
EMP13344,Adam Harrison,IT,Analyst,54675.64,2022-01-16,franciscojohnson@hotmail.com,Relationship city.
EMP13345,Jonathan Ford,Finance,Executive,54675.64,2022-02-08,david56@sullivan.com,Argue former head.
EMP13346,Teresa Greer,Finance,Executive,54675.64,2021-04-24,john77@gmail.com,Total sing best.
EMP13347,Meredith Dean,Finance,Manager,54675.64,2022-02-18,hbaker@yahoo.com,Quickly discover.
EMP13348,Justin Hunter,HR,Intern,54675.64,2021-01-30,beannancy@gmail.com,From government.
EMP13349,Heidi Flores,Sales,Analyst,54675.64,2023-09-26,davidsmith@kemp.org,Senior fast though.
EMP13350,Casey Kerr,Finance,Analyst,54675.64,2020-03-12,msmith@marshall.com,Next news up age.
EMP13351,Danny Moreno,Sales,Manager,54675.64,2021-02-09,fdalton@gmail.com,Five similar series.
EMP13352,Nina Gould,HR,Manager,54675.64,2022-12-21,robertgill@yahoo.com,Reduce staff wear.
EMP13353,Roberta Robles,Sales,Executive,54675.64,2021-05-19,oliveralan@gmail.com,Between begin raise.
EMP13354,Jessica Waters,Sales,Manager,54675.64,2020-01-28,zlam@hayes.com,Policy north he TV.
EMP13355,Heidi Rodriguez,Sales,Manager,54675.64,2022-10-07,ophillips@dudley-rodriguez.com,Room day beautiful.
EMP13356,Michelle Hall,HR,Analyst,54675.64,2021-05-30,bvance@bonilla.com,Near reduce simply.
EMP13357,Wesley Terry,HR,Manager,54675.64,2021-03-04,tamararivers@yahoo.com,Third writer.
EMP13358,Tyler Chapman,HR,Intern,54675.64,2022-05-07,jamesrussell@yahoo.com,Anyone red hear.
EMP13359,Joseph Myers,Sales,Analyst,54675.64,2021-01-31,pjohnson@farrell.net,Make current.
EMP13360,Caleb Brown,IT,Analyst,54675.64,2023-01-26,tylerwalker@wilson.net,Happen stop up five.
EMP13361,David Sims,IT,Analyst,54675.64,2021-05-07,nelsonjudy@yahoo.com,In plant read money.
EMP13362,Haley Oliver,IT,Manager,54675.64,2021-04-08,thomasleah@allen-ellison.com,Read democratic.
EMP13363,Joel Turner,Sales,Manager,54675.64,2022-01-18,williamsnathan@scott.com,Area pull century.
EMP13364,Samuel Mcguire,IT,Analyst,54675.64,2020-09-16,edwardsanchez@mathews.com,Fire value without.
EMP13365,Stacey Gardner,HR,Executive,54675.64,2023-01-12,davidferguson@terry-ochoa.com,Alone rise yet idea.
EMP13366,Destiny Norman,Sales,Intern,54675.64,2022-05-22,dixonmatthew@gmail.com,Truth them raise.
EMP13367,Jillian Morgan,Finance,Executive,54675.64,2022-07-10,zmartin@robertson.info,Station more later.
EMP13368,Stacey Ruiz,IT,Analyst,54675.64,2020-04-17,jacob53@walker.org,Behavior second.
EMP13369,Zachary Chavez,Sales,Intern,54675.64,2023-10-13,batesmonica@yahoo.com,Event food sea not.
EMP13370,Cynthia Barker,Finance,Executive,54675.64,2023-10-05,jsilva@perez-morgan.com,Bar become town.
EMP13371,Jonathan Young,Sales,Intern,54675.64,2021-10-07,athompson@stephenson.com,Deal against great.
EMP13372,Kelsey Smith,Finance,Intern,54675.64,2022-01-11,stephen13@mcknight-clark.com,Member once become.
EMP13373,Mr. Trevor Thomas,HR,Intern,54675.64,2022-04-24,lchang@hotmail.com,Likely last.
EMP13374,Beth Wheeler,Sales,Intern,54675.64,2021-03-15,aaronboyd@walker.info,Happy popular floor.
EMP13375,Crystal Phillips PhD,HR,Manager,54675.64,2022-09-22,josephmartin@hughes.com,East part these.
EMP13376,Tammy Mendoza,HR,Analyst,54675.64,2021-08-15,blakechristopher@bryant.com,Woman including.
EMP13377,Julie Walsh,Finance,Intern,54675.64,2020-10-17,alan64@chang.com,Likely news.
EMP13378,Amy Dawson,IT,Manager,54675.64,2022-01-13,veronicapage@yahoo.com,Test fear involve.
EMP13379,Debra Castro,Finance,Executive,54675.64,2021-04-25,tyler81@clark.org,Assume former head.
EMP13380,Jessica Villarreal,IT,Executive,54675.64,2022-10-09,lisa46@mcintosh.info,Central grow.
EMP13381,Keith Alvarado,Finance,Manager,54675.64,2023-05-18,gjones@hotmail.com,Individual like.
EMP13382,Tammy Holden,Sales,Executive,54675.64,2021-11-28,torresbrandon@greene.biz,It since poor.
EMP13383,David Wolfe,IT,Executive,54675.64,2023-02-12,pbrady@mccann.info,Imagine camera such.
EMP13384,Robert Williams,Sales,Manager,54675.64,2023-12-11,kimberlywilson@yahoo.com,Buy yet none fill.
EMP13385,Brittany Lopez,Finance,Manager,54675.64,2022-05-12,andrewbeck@hughes.com,Network ask.
EMP13386,Briana Wolfe,HR,Manager,54675.64,2023-01-29,richard82@yahoo.com,Today officer sign.
EMP13387,Kevin Hines,Finance,Manager,54675.64,2023-11-01,dwilson@gmail.com,Not much art inside.
EMP13388,Holly Moore,Sales,Executive,54675.64,2023-10-08,hwilliams@webb.info,Plan fast brother.
EMP13389,Michael Lee,Finance,Intern,54675.64,2021-08-15,sophia15@williams-carter.info,Suggest form.
EMP13390,Amanda Patel,HR,Manager,54675.64,2020-02-02,jacksonmichelle@yahoo.com,Toward find radio.
EMP13391,Tara Soto,HR,Analyst,54675.64,2023-09-10,kward@yahoo.com,Wide indicate range.
EMP13392,Jordan Lara,Finance,Intern,54675.64,2023-06-27,josephcarey@yahoo.com,Magazine time if.
EMP13393,Vanessa Byrd,Finance,Executive,54675.64,2021-07-12,angelacompton@yahoo.com,Like civil respond.
EMP13394,Wendy Harris,Sales,Intern,54675.64,2021-11-15,danielevans@brennan.net,Effect this foot.
EMP13395,Lauren Hall,HR,Executive,54675.64,2020-10-09,brenda80@sutton.com,According alone my.
EMP13396,Misty Davis,IT,Manager,54675.64,2020-05-14,brycehorn@levine.com,Value answer red.
EMP13397,Christopher Bowman,Sales,Executive,54675.64,2021-03-17,hicksjonathan@richardson-harvey.com,Live policy cover.
EMP13398,Charles Vasquez,IT,Manager,54675.64,2021-06-09,zdoyle@arroyo.org,Affect author these.
EMP13399,Crystal Chavez,HR,Executive,54675.64,2022-06-18,zreyes@wright-horn.com,Almost free service.
EMP13400,Sandra Tucker,HR,Manager,54675.64,2023-10-24,heathermcneil@gmail.com,Blue front old down.
EMP13401,Eddie Yoder,Sales,Executive,54675.64,2023-10-02,hughesmichael@gmail.com,Responsibility.
EMP13402,Ashley Sullivan DDS,HR,Analyst,54675.64,2021-02-25,hughesdiana@hotmail.com,Church usually they.
EMP13403,Kenneth Glover,IT,Manager,54675.64,2022-10-20,sharon84@gmail.com,Because.
EMP13404,Carolyn Thompson,Finance,Manager,54675.64,2021-07-11,jose38@yahoo.com,Bring certain will.
EMP13405,Carla Preston,Sales,Analyst,54675.64,2020-05-26,jerrychavez@bryant-lucas.com,Stage recent hit.
EMP13406,Rebecca Garcia,Finance,Manager,54675.64,2023-06-13,dominic53@gmail.com,Power share sea.
EMP13407,Nancy Garner,Finance,Intern,54675.64,2021-03-21,cdiaz@yahoo.com,Their agree lawyer.
EMP13408,Emily Fox,Sales,Intern,54675.64,2023-07-31,scotteric@gmail.com,High fear floor.
EMP13409,Jason Smith,IT,Executive,54675.64,2023-09-18,sjones@hotmail.com,Reveal chance like.
EMP13410,Kathy Sandoval,HR,Intern,54675.64,2023-12-11,katie80@yahoo.com,Look understand.
EMP13411,Ashley Santana,HR,Executive,54675.64,2023-11-11,gregory55@allen-mora.com,Course each open.
EMP13412,James Mathis,Sales,Executive,54675.64,2021-06-11,lesliescott@cain-walker.net,Class improve Mrs.
EMP13413,Michelle Rice,IT,Intern,54675.64,2020-05-06,ramosanthony@fisher-harper.com,Spring teach can.
EMP13414,Nicole Gilmore,Sales,Analyst,54675.64,2020-10-12,sandramiller@hotmail.com,Poor how management.
EMP13415,Sonya Cruz,Sales,Analyst,54675.64,2020-03-18,andrademelissa@yahoo.com,Probably billion.
EMP13416,Geoffrey Gray,HR,Executive,54675.64,2023-11-09,maria09@parker-barnett.com,Section capital.
EMP13417,Brandon Keith,Sales,Analyst,54675.64,2020-06-05,millerkyle@yahoo.com,Now election even.
EMP13418,Bryan Jones,IT,Manager,54675.64,2020-06-13,leahhoffman@waters-cooper.com,Cold protect.
EMP13419,Diana Stewart,IT,Analyst,54675.64,2023-04-27,brandi08@hotmail.com,Three whose yard.
EMP13420,Emily Taylor,IT,Manager,54675.64,2022-10-28,tiffany82@gmail.com,Note admit.
EMP13421,Taylor Ray,IT,Intern,54675.64,2022-02-07,jeffrey26@yahoo.com,Nor themselves than.
EMP13422,John Jackson,HR,Executive,54675.64,2020-11-14,pkoch@hotmail.com,Prepare with crime.
EMP13423,Sylvia Cowan,HR,Executive,54675.64,2021-05-21,ashley28@quinn.com,Science picture.
EMP13424,Anthony Gates,HR,Executive,54675.64,2021-12-05,thompsondeanna@carroll-scott.com,Too reality against.
EMP13425,Lawrence Mills,HR,Analyst,54675.64,2021-11-16,nhernandez@hotmail.com,Administration up.
EMP13426,Melissa Bates,IT,Executive,54675.64,2022-07-27,davidmckenzie@yahoo.com,Throughout everyone.
EMP13427,Roberto Mosley,IT,Analyst,54675.64,2021-09-23,pattersonsteven@hotmail.com,Leader share task.
EMP13428,James Duffy,Sales,Executive,54675.64,2021-06-05,xcarroll@gmail.com,Wind beautiful bank.
EMP13429,Kenneth Sullivan,Sales,Manager,54675.64,2021-12-22,hadams@hotmail.com,So political single.
EMP13430,Joseph York,HR,Analyst,54675.64,2021-12-25,joseph52@gmail.com,They behavior rise.
EMP13431,Annette Allison,Sales,Manager,54675.64,2023-07-13,thomasbrian@bryant.org,Hot her measure.
EMP13432,Kaitlyn Wright,HR,Manager,54675.64,2022-12-21,tammymarsh@gmail.com,Sound husband only.
EMP13433,Michael Byrd,HR,Intern,54675.64,2023-01-14,whitneyana@yahoo.com,Notice training.
EMP13434,Kelsey Wong,HR,Intern,54675.64,2023-05-09,colemannicole@peters.com,Deep billion new.
EMP13435,William Smith,Finance,Manager,54675.64,2021-11-28,smoses@thornton.com,Themselves style.
EMP13436,Allison Hall,Sales,Executive,54675.64,2023-01-23,boyeralan@gmail.com,Expert culture.
EMP13437,Jason White,Sales,Intern,54675.64,2023-06-20,gilljesse@singleton.com,Behind answer get.
EMP13438,Kimberly Mendez,HR,Intern,54675.64,2020-09-01,brandon93@gmail.com,Collection her less.
EMP13439,Jason Peterson,IT,Manager,54675.64,2020-08-12,rebeccabrown@gmail.com,Magazine herself.
EMP13440,James Clark DVM,Finance,Manager,54675.64,2022-08-28,ystevens@yahoo.com,Speech drug likely.
EMP13441,Francis Bryant,Sales,Manager,54675.64,2020-04-22,nicolemurphy@gmail.com,With guess key.
EMP13442,Elizabeth Mueller,IT,Analyst,54675.64,2021-11-21,victorianewman@yahoo.com,Begin age big city.
EMP13443,Natalie Jackson,HR,Analyst,54675.64,2020-07-18,lynneric@hotmail.com,Present class place.
EMP13444,Robert Davis,HR,Analyst,54675.64,2023-09-14,emily45@hall.com,How apply action.
EMP13445,Eric Adams,Sales,Analyst,54675.64,2022-02-27,stevenpayne@hotmail.com,Material their team.
EMP13446,Paul Valdez,Sales,Analyst,54675.64,2022-07-13,robert35@gmail.com,For boy decide.
EMP13447,Rhonda Phillips,Finance,Analyst,54675.64,2023-08-12,jennadavis@hotmail.com,Ten kitchen simple.
EMP13448,Adam Cunningham,Sales,Intern,54675.64,2021-10-04,rhamilton@hotmail.com,Season oil song if.
EMP13449,Cassie Singh,Finance,Analyst,54675.64,2023-12-27,kristenmcclain@hernandez-good.com,Both term record.
EMP13450,Melissa Shields,HR,Executive,54675.64,2023-07-28,katherineandrade@hotmail.com,Apply watch base.
EMP13451,Brian Hall,IT,Analyst,54675.64,2020-05-03,johnsoncolton@gmail.com,Law laugh herself.
EMP13452,Joyce Davis,IT,Manager,54675.64,2022-02-17,davismark@ramsey-holland.com,Purpose save weight.
EMP13453,Ryan Walters,Finance,Executive,54675.64,2023-01-22,ggreen@taylor-fowler.com,Address gun black.
EMP13454,Darrell Gardner,Finance,Analyst,54675.64,2023-01-17,johnmalone@yahoo.com,Power yes city same.
EMP13455,Lindsay Wilkinson,Sales,Analyst,54675.64,2020-07-21,katelynhansen@copeland-green.com,Dinner information.
EMP13456,Jose Powers,Sales,Manager,54675.64,2022-01-07,ccarter@chen.com,Move rate near fine.
EMP13457,Laura Parrish,Sales,Manager,54675.64,2023-01-16,pjackson@gmail.com,Ground investment.
EMP13458,Nicole Brown,IT,Manager,54675.64,2023-03-29,mark49@nichols.com,Statement discover.
EMP13459,Andrew Castillo,Sales,Executive,54675.64,2022-06-17,chamberswilliam@blackwell.com,Compare often.
EMP13460,Mrs. Melanie Jackson,Sales,Executive,54675.64,2021-08-23,albert81@yahoo.com,Interest line water.
EMP13461,Daniel Herrera,HR,Executive,54675.64,2020-05-01,loridillon@walker.com,High story such.
EMP13462,Lisa Fuentes,Finance,Intern,54675.64,2021-09-12,jon87@hotmail.com,Wonder local.
EMP13463,Jamie Weiss,Sales,Intern,54675.64,2023-07-23,zbrooks@gmail.com,Brother strategy.
EMP13464,Adam Contreras,HR,Intern,54675.64,2023-06-25,lucas70@hotmail.com,Professional onto.
EMP13465,Sandra Nguyen,IT,Executive,54675.64,2021-02-07,jennifer80@davis-dougherty.net,Light watch remain.
EMP13466,Shawn Walters,Sales,Intern,54675.64,2020-03-21,vnash@gmail.com,Know company put.
EMP13467,Eddie Farrell,IT,Intern,54675.64,2022-11-09,adamsmaria@williams-berg.com,Say project memory.
EMP13468,Nathaniel Robinson,IT,Manager,54675.64,2023-06-03,gstewart@ramsey-fischer.net,Turn sense rise.
EMP13469,Jim Chambers,IT,Manager,54675.64,2022-11-21,hartdavid@bradley.info,Watch section sell.
EMP13470,Matthew Fritz,IT,Intern,54675.64,2020-06-18,aharris@yahoo.com,Store behavior.
EMP13471,Cynthia Atkinson,Finance,Intern,54675.64,2021-09-25,nathanhunter@yahoo.com,Behavior wonder.
EMP13472,Mr. Jeremy King IV,IT,Intern,54675.64,2022-07-23,shannonnguyen@riley.biz,Be arrive blood.
EMP13473,James Young,HR,Intern,54675.64,2022-10-24,bpalmer@yahoo.com,Almost know four.
EMP13474,Elizabeth Hunter,HR,Manager,54675.64,2023-06-04,iwilliams@gmail.com,President send.
EMP13475,Daniel Watson,IT,Manager,54675.64,2020-05-03,robert07@wright.com,Save social take.
EMP13476,Alex Long,IT,Intern,54675.64,2020-08-07,fmann@yahoo.com,Agreement class.
EMP13477,Tony Morris,Finance,Manager,54675.64,2021-12-03,jennifermoreno@murphy-norman.org,Letter later skin.
EMP13478,Matthew Parker,Sales,Analyst,54675.64,2020-08-22,michael19@rowe.net,Case however job.
EMP13479,Kevin Thompson,IT,Manager,54675.64,2022-04-08,jeffrey57@mckee-hurst.com,Off activity.
EMP13480,Tyler Burns,HR,Manager,54675.64,2022-04-25,xlopez@hotmail.com,Tonight author.
EMP13481,Lisa Castillo,HR,Intern,54675.64,2022-06-19,kevinrivera@ortiz-lee.com,Charge happy inside.
EMP13482,Alexa Griffith,Finance,Analyst,54675.64,2020-07-12,rebecca34@mueller.com,Out thus factor.
EMP13483,Janet Graham,HR,Executive,54675.64,2023-08-22,qwilliams@tucker.biz,Smile security.
EMP13484,Michael Perez,HR,Manager,54675.64,2023-01-16,owenlaura@yahoo.com,Statement wall.
EMP13485,Amanda King,IT,Analyst,54675.64,2020-05-10,wilsonmorgan@gmail.com,War forget ask.
EMP13486,Alexandra Mosley,Finance,Analyst,54675.64,2022-11-12,ianpham@jones-campbell.com,Room likely.
EMP13487,Xavier Carroll,HR,Intern,54675.64,2021-01-29,zbrock@clay.info,Recent watch.
EMP13488,Mark Graham,HR,Analyst,54675.64,2022-03-16,allendustin@edwards-edwards.com,I song increase.
EMP13489,Ryan Haley,Finance,Intern,54675.64,2022-08-18,jprice@martin.org,Foreign bar.
EMP13490,Kara Perkins,Finance,Analyst,54675.64,2020-09-18,erica07@yahoo.com,Girl create watch.
EMP13491,Alexandra Moore,HR,Executive,54675.64,2023-09-11,jamesscott@morton-hines.info,Course player land.
EMP13492,Craig Hall,Sales,Executive,54675.64,2022-02-05,david40@garcia.com,Perform pull almost.
EMP13493,Sharon Singh,IT,Intern,54675.64,2022-11-24,smelton@yahoo.com,Today loss both win.
EMP13494,Regina Gonzalez,HR,Executive,54675.64,2021-01-31,millscourtney@hotmail.com,One customer while.
EMP13495,Edward Cameron,HR,Manager,54675.64,2023-09-08,edominguez@torres.com,Continue over top.
EMP13496,Carly Dennis,IT,Intern,54675.64,2021-08-02,glenntheresa@yahoo.com,Sell concern.
EMP13497,Patricia Cooke,HR,Analyst,54675.64,2022-05-16,perry00@mata-fisher.com,Be another.
EMP13498,Brandon Keith,HR,Manager,54675.64,2022-06-04,carrillodiana@carpenter.com,Provide interesting.
EMP13499,Amy Gentry,Finance,Intern,54675.64,2021-11-13,castillomaria@gmail.com,Seven either final.
EMP13500,Wendy Russell,HR,Intern,54675.64,2021-05-28,brianjones@yahoo.com,Security your exist.
EMP13501,Mary Kelly,Sales,Intern,54675.64,2022-12-04,seandavis@carter-brown.info,Thought fear house.
EMP13502,Michael Crawford,Finance,Intern,54675.64,2022-12-21,kristinaanderson@yahoo.com,Against public.
EMP13503,Mark Gutierrez,HR,Analyst,54675.64,2022-07-22,eric08@hotmail.com,Fall ahead cover.
EMP13504,Victoria Fitzgerald,HR,Analyst,54675.64,2021-05-30,joanna64@gmail.com,Way building window.
EMP13505,Michelle Roberts,IT,Executive,54675.64,2021-11-30,eugenemills@yahoo.com,Box here admit.
EMP13506,Janet Wallace,IT,Intern,54675.64,2020-02-18,sabrina81@yahoo.com,None hair force.
EMP13507,Oscar Elliott,Sales,Executive,54675.64,2023-01-04,owenarthur@wilson-bryant.org,Step use skin how.
EMP13508,Steven Hall,IT,Manager,54675.64,2021-06-29,ronaldmueller@rogers.biz,Impact quickly life.
EMP13509,Terry Wagner,IT,Analyst,54675.64,2022-09-23,amy93@torres-soto.com,Themselves dog each.
EMP13510,Dennis James,Sales,Intern,54675.64,2022-03-22,josephmiller@gmail.com,Wife across simple.
EMP13511,Gregory Gutierrez,HR,Analyst,54675.64,2022-12-15,parkererin@hotmail.com,Success book.
EMP13512,David Weaver,IT,Manager,54675.64,2023-08-14,xperez@gmail.com,Security yes.
EMP13513,Janet Figueroa,IT,Executive,54675.64,2020-07-15,georgesellers@hotmail.com,Individual sense.
EMP13514,Sharon Mclaughlin,Sales,Analyst,54675.64,2023-08-05,darrell70@mitchell.com,Actually eye drive.
EMP13515,Tamara Collins,IT,Analyst,54675.64,2023-06-03,carterstephanie@flowers-mahoney.com,Discover task war.
EMP13516,Mallory Williams,Finance,Intern,54675.64,2023-06-01,wayneflynn@hotmail.com,Various put.
EMP13517,Deanna Kline,IT,Analyst,54675.64,2020-12-25,ecastillo@allen-miller.info,Morning game.
EMP13518,Danielle Whitney,HR,Intern,54675.64,2022-09-30,nicholsmichael@avery-glenn.biz,Factor possible.
EMP13519,Jonathan Wright,Sales,Executive,54675.64,2022-12-03,williamwood@brown.com,Law alone financial.
EMP13520,Carla Maldonado,HR,Intern,54675.64,2021-03-16,matthewalexander@yahoo.com,Time main personal.
EMP13521,Mrs. Joan Little,HR,Executive,54675.64,2020-02-05,benjaminguzman@hotmail.com,Power avoid I.
EMP13522,David Flynn,HR,Manager,54675.64,2023-12-19,sarah21@yahoo.com,Forward night local.
EMP13523,William Olson,Sales,Executive,54675.64,2021-09-26,rsharp@gmail.com,Tough teach admit.
EMP13524,Kathryn Kirby,Finance,Executive,54675.64,2021-01-06,elee@hotmail.com,Land myself because.
EMP13525,Keith Walker,IT,Manager,54675.64,2021-05-29,alexanderanthony@yahoo.com,Health tonight.
EMP13526,Bruce Rogers,HR,Manager,54675.64,2021-01-04,ricejaime@hotmail.com,At forget million.
EMP13527,Scott Boyle,Sales,Analyst,54675.64,2021-07-21,tkent@gmail.com,Kid write wide.
EMP13528,Ebony Wilcox,IT,Executive,54675.64,2023-08-11,nmiller@bender-herman.com,Through choice.
EMP13529,Misty Salinas,Sales,Intern,54675.64,2022-07-11,oeverett@wagner.com,Service right.
EMP13530,Jesse Allison,HR,Manager,54675.64,2021-09-11,nicholasrodriguez@hotmail.com,Top send state.
EMP13531,Heather Montgomery,Sales,Manager,54675.64,2020-03-07,hunterdavenport@yahoo.com,Create while run.
EMP13532,Jason Hernandez,HR,Analyst,54675.64,2022-05-17,freynicole@hall.net,Never affect a.
EMP13533,Tracey Rogers,Sales,Executive,54675.64,2021-08-28,pattersonjessica@shah.biz,Southern seven.
EMP13534,Dylan Peterson,HR,Analyst,54675.64,2023-09-06,riverarebecca@pacheco.net,Long focus sense at.
EMP13535,Dawn Watkins,IT,Intern,54675.64,2023-11-07,adamsdanielle@hotmail.com,Center party agency.
EMP13536,Garrett Jacobs III,Sales,Executive,54675.64,2022-01-11,vdavis@castillo.com,Forward rich policy.
EMP13537,William Crawford,Sales,Manager,54675.64,2023-02-28,zalexander@gregory-holt.org,Shake born artist.
EMP13538,Kaitlin Weber,IT,Intern,54675.64,2020-02-06,davidfields@cooper-berry.com,Sell wrong get man.
EMP13539,Heidi Turner,HR,Analyst,54675.64,2022-10-08,dmorrison@yahoo.com,Help poor region.
EMP13540,Sara Camacho,Finance,Executive,54675.64,2021-02-07,travis64@gmail.com,Along return.
EMP13541,Bethany Gross,HR,Intern,54675.64,2023-11-19,mbailey@gmail.com,TV wear someone.
EMP13542,Katherine Hancock,HR,Manager,54675.64,2022-04-30,hsanders@bowers.biz,When arm article.
EMP13543,Christopher Bowman,IT,Analyst,54675.64,2023-05-06,samanthagriffin@hotmail.com,Help despite.
EMP13544,Dr. Jeffrey Hamilton,Finance,Analyst,54675.64,2020-03-05,shawn79@gmail.com,Start game plant.
EMP13545,Gary Stevens,Sales,Manager,54675.64,2023-02-18,karensavage@hotmail.com,Degree theory.
EMP13546,Edwin Sanchez,Finance,Executive,54675.64,2020-12-04,avilakenneth@bailey.info,Above out describe.
EMP13547,Jason Miller,Sales,Executive,54675.64,2023-10-27,lauranielsen@moore.com,PM level night.
EMP13548,Danielle Benjamin,Sales,Analyst,54675.64,2023-09-15,chasemorgan@gmail.com,Industry truth race.
EMP13549,Amber Dunn,IT,Manager,54675.64,2023-03-29,jessica76@powell.net,Ball these likely.
EMP13550,Joseph Herrera,HR,Executive,54675.64,2021-05-10,hamiltonandrew@thompson-perkins.com,Small paper.
EMP13551,Isaac Contreras,HR,Intern,54675.64,2021-07-31,alejandrodeleon@solis-king.net,The report care.
EMP13552,Allen Leonard,Finance,Executive,54675.64,2021-02-24,davidbowen@gmail.com,Expect actually.
EMP13553,Max Miller,HR,Executive,54675.64,2022-12-05,gforbes@matthews.org,Particular fly.
EMP13554,Diana Solis,Sales,Analyst,54675.64,2023-08-22,mckinneyadam@gmail.com,Scientist team.
EMP13555,Adriana Barry,IT,Analyst,54675.64,2021-01-16,johnfaulkner@kelly.org,Result thought hair.
EMP13556,Jessica Walker,HR,Analyst,54675.64,2023-11-25,jeffguerra@thomas.com,Reason party would.
EMP13557,Jesus Lambert,HR,Executive,54675.64,2022-06-12,gregory80@warren-foley.com,Experience wait.
EMP13558,Ricky Kennedy,Sales,Manager,54675.64,2020-11-05,macdonaldlaura@yahoo.com,Form determine.
EMP13559,Wayne Stevens,Finance,Manager,54675.64,2020-09-25,nhernandez@reed.com,Fast hope.
EMP13560,Patricia Little DVM,HR,Manager,54675.64,2023-12-27,james97@thomas.com,Fast indicate trial.
EMP13561,Jessica Shaw,Sales,Intern,54675.64,2022-11-14,alicia17@bailey.com,On always really.
EMP13562,Cameron Sanders,Finance,Analyst,54675.64,2023-09-29,richardnelson@garcia-schultz.net,Program if.
EMP13563,Alexandra Raymond,HR,Executive,54675.64,2023-01-28,pgonzalez@burgess.com,Pressure lay born.
EMP13564,Mr. Mark Clark,Sales,Executive,54675.64,2021-02-10,joseph25@hotmail.com,Respond threat.
EMP13565,Natalie Martinez,Sales,Manager,54675.64,2020-10-08,heidialvarado@miller.com,Special themselves.
EMP13566,Kayla Ryan,HR,Intern,54675.64,2021-07-13,cynthia58@hotmail.com,Decision spend.
EMP13567,Shelley Smith,Sales,Executive,54675.64,2021-01-24,medinazachary@fisher.com,Open apply.
EMP13568,Elizabeth Gates,HR,Manager,54675.64,2021-12-20,davidlara@reed-hale.info,Help share article.
EMP13569,Kiara Patel,HR,Analyst,54675.64,2023-01-02,prodriguez@forbes.net,Who daughter.
EMP13570,Lisa Valdez,Finance,Intern,54675.64,2023-12-17,robertriley@hotmail.com,Treatment stock.
EMP13571,Brandon Stone,IT,Intern,54675.64,2020-02-26,fsmith@wood-green.info,Statement reduce.
EMP13572,Kim Banks,HR,Manager,54675.64,2020-03-31,jeffrey74@morris.com,Political foreign.
EMP13573,Derek Lewis,HR,Analyst,54675.64,2020-07-12,fcastillo@hotmail.com,Enjoy reach always.
EMP13574,Michael Diaz,Finance,Intern,54675.64,2021-01-28,hodgesjeremy@malone.net,Senior plant up ago.
EMP13575,Julie Brown,IT,Executive,54675.64,2020-07-18,pam42@sanchez-brown.com,Share section loss.
EMP13576,Julie Wilkinson,IT,Intern,54675.64,2020-01-09,ialexander@castillo.com,Business indeed.
EMP13577,Matthew Henderson,Sales,Executive,54675.64,2023-06-21,ipatterson@gmail.com,Others language art.
EMP13578,Cynthia Henry,IT,Analyst,54675.64,2021-08-06,ncolon@kelly-jenkins.com,Sign face must.
EMP13579,Thomas Jacobs,IT,Intern,54675.64,2020-02-15,leslie17@hotmail.com,Option war whose.
EMP13580,Douglas Scott,Sales,Intern,54675.64,2022-04-10,stephendurham@smith.net,Analysis age.
EMP13581,Elijah Clark,IT,Executive,54675.64,2023-05-21,owenallison@perez.com,Notice choose once.
EMP13582,Rachel Vasquez,Finance,Intern,54675.64,2023-08-13,ashley64@yahoo.com,Clearly story.
EMP13583,Amanda Lopez,HR,Analyst,54675.64,2021-02-21,brianna63@hotmail.com,Determine too save.
EMP13584,Kayla Nelson,Finance,Manager,54675.64,2022-05-10,saramoss@ramirez.org,Three painting.
EMP13585,Robert Johnson,IT,Analyst,54675.64,2020-06-06,cynthiacolon@bennett.com,To that care among.
EMP13586,Austin Summers,Sales,Manager,54675.64,2021-04-08,marywallace@yahoo.com,All outside ahead.
EMP13587,Cynthia Johnson,Finance,Executive,54675.64,2023-07-04,jessicacaldwell@boyle.org,Heavy policy pull.
EMP13588,Randall Williams,Finance,Manager,54675.64,2022-07-29,ijackson@yahoo.com,Could between wrong.
EMP13589,Regina Franklin,HR,Manager,54675.64,2020-08-21,jenniferbarnett@johnson-taylor.net,Specific long game.
EMP13590,Carolyn Johnson,Sales,Intern,54675.64,2023-03-27,isaiahmurray@hotmail.com,West court present.
EMP13591,Katherine Williams,Finance,Executive,54675.64,2023-11-30,smithjesse@hotmail.com,Century area mind.
EMP13592,Joy Vance,IT,Intern,54675.64,2020-01-15,scott37@brown-williams.net,Enter general.
EMP13593,Valerie Bennett,HR,Executive,54675.64,2021-08-18,smithanthony@nelson.com,Benefit reduce beat.
EMP13594,Nathan Mack,Finance,Intern,54675.64,2022-11-12,xyoung@page.com,Former drive.
EMP13595,Morgan Rios,IT,Manager,54675.64,2022-07-15,jgraham@gmail.com,Eight imagine.
EMP13596,Stephanie Dougherty,Finance,Analyst,54675.64,2021-11-27,richardnorris@yahoo.com,Deal agree sister.
EMP13597,Andres Levy,Finance,Manager,54675.64,2023-05-17,garnerkyle@arias.com,Heart power.
EMP13598,Gary Richards,Sales,Intern,54675.64,2020-02-04,rickflores@jefferson.com,Security send break.
EMP13599,Shelby Brown,Finance,Executive,54675.64,2023-06-16,gtyler@meadows.net,Effort class cold.
EMP13600,David Griffin,Sales,Analyst,54675.64,2020-06-29,sheena62@nixon.org,Color quickly we.
EMP13601,Jennifer Moreno MD,IT,Manager,54675.64,2020-01-31,hailey31@yahoo.com,Investment benefit.
EMP13602,Timothy Gray,Sales,Executive,54675.64,2021-02-13,davidanderson@yahoo.com,Clear game Mrs door.
EMP13603,Kyle Kennedy,IT,Intern,54675.64,2023-05-08,sshea@chavez.com,Degree leave lose.
EMP13604,Deborah Ball,Sales,Analyst,54675.64,2020-06-29,gary15@hotmail.com,Those director.
EMP13605,Barbara Lewis,Sales,Executive,54675.64,2021-07-09,brittanycabrera@hotmail.com,Chance note list.
EMP13606,Hannah Thomas,Sales,Analyst,54675.64,2022-12-17,mburton@fleming-chapman.biz,Human toward beyond.
EMP13607,Lee Valenzuela,Sales,Manager,54675.64,2022-08-18,paulwilliams@cabrera.org,Thank third speak.
EMP13608,Janet Acosta,HR,Analyst,54675.64,2021-10-14,ejohnson@gibbs-rose.com,Result pull or line.
EMP13609,Wendy Robinson,Finance,Analyst,54675.64,2023-09-02,ugreene@yahoo.com,Official family.
EMP13610,Sonya Payne,HR,Manager,54675.64,2021-08-02,hbenton@bell-schroeder.com,Size each air.
EMP13611,Lisa Nelson,IT,Intern,54675.64,2023-04-17,hallryan@hotmail.com,Enough moment.
EMP13612,Michael Knight,IT,Analyst,54675.64,2023-02-22,tcooper@hotmail.com,Month next above.
EMP13613,Diana Clay,Finance,Manager,54675.64,2021-12-02,anthony16@roberts.info,Sister gas remember.
EMP13614,Keith Rowland,IT,Executive,54675.64,2022-08-01,patrick86@franklin-harris.com,Environment not.
EMP13615,Jeff Glover,IT,Executive,54675.64,2023-10-06,stacey48@mahoney-solomon.biz,Final me most watch.
EMP13616,Noah Garcia MD,Sales,Executive,54675.64,2023-04-29,kimberlythomas@weeks.com,Activity author.
EMP13617,Bradley Wilson,Finance,Intern,54675.64,2020-03-12,reeselaurie@rhodes.com,Long computer.
EMP13618,Paul Cruz,Sales,Manager,54675.64,2023-09-13,ohansen@yahoo.com,Easy anything.
EMP13619,Michael Griffin,Finance,Manager,54675.64,2020-03-26,lisa84@yahoo.com,Evidence name team.
EMP13620,Stephanie Garcia,Sales,Manager,54675.64,2023-04-06,schneiderdavid@carter.net,Social method case.
EMP13621,Daniel Castillo,Finance,Manager,54675.64,2021-10-30,jrogers@hotmail.com,Image improve she.
EMP13622,Michelle Reyes,IT,Intern,54675.64,2020-11-24,susanroman@day.biz,School maybe bad.
EMP13623,Charles Turner,HR,Intern,54675.64,2021-10-18,guzmandavid@yahoo.com,Phone difference.
EMP13624,Vanessa Leonard,IT,Executive,54675.64,2022-10-21,jasmin89@hotmail.com,Reduce type.
EMP13625,Craig Ferguson,Finance,Manager,54675.64,2020-04-05,torrestyler@mcdowell.net,Investment fly.
EMP13626,Patricia Bell,HR,Executive,54675.64,2023-05-20,oliviarobinson@shepherd.com,Raise main talk.
EMP13627,Rebecca Sawyer,HR,Analyst,54675.64,2022-10-21,kimberly97@campbell.com,Movement.
EMP13628,Justin Shaffer,Sales,Analyst,54675.64,2022-07-09,henryphilip@hotmail.com,Several line sound.
EMP13629,Donald Nelson,Finance,Executive,54675.64,2021-11-11,gutierrezdenise@gmail.com,Ball address few.
EMP13630,Albert Brown,Sales,Intern,54675.64,2021-12-31,qgill@hansen.com,Should citizen.
EMP13631,Deanna Rodriguez,Finance,Analyst,54675.64,2021-10-24,josephjohnson@hotmail.com,Probably smile way.
EMP13632,Jonathan Stewart,IT,Executive,54675.64,2020-09-30,megangamble@martinez.com,Rule perform past.
EMP13633,Christopher Salazar,Finance,Manager,54675.64,2022-01-25,grobinson@chavez-lewis.com,Price environmental.
EMP13634,David Buck,IT,Executive,54675.64,2020-04-04,welchshawn@gmail.com,Investment southern.
EMP13635,Rachel Yu,HR,Manager,54675.64,2021-10-29,vhoffman@weiss.com,Hand imagine three.
EMP13636,Derrick Harvey,HR,Analyst,54675.64,2023-10-27,camachochristopher@mitchell-perez.com,Star hear.
EMP13637,Willie Collins,Sales,Executive,54675.64,2020-03-25,lweaver@bailey-ferrell.com,However will how.
EMP13638,Mark Macias,HR,Manager,54675.64,2021-10-13,craig23@yahoo.com,Fill always billion.
EMP13639,Michelle Hernandez,HR,Intern,54675.64,2021-08-22,crystalthomas@hicks.com,Resource identify.
EMP13640,Jacqueline Torres,IT,Executive,54675.64,2021-05-13,samanthaking@wilson-scott.com,Sound second happy.
EMP13641,Ray Thompson,Finance,Intern,54675.64,2022-09-25,erica85@yahoo.com,Teacher quite walk.
EMP13642,Bridget Moss,IT,Executive,54675.64,2023-06-20,walkermary@willis.info,Black anyone blue.
EMP13643,Rachel Anderson,HR,Intern,54675.64,2022-09-03,thompsondavid@yahoo.com,Job win cup two.
EMP13644,Mr. Christopher Pearson PhD,Finance,Executive,54675.64,2021-05-21,jeanette23@smith.com,Story defense.
EMP13645,Jessica Le,HR,Intern,54675.64,2020-01-16,justin90@yahoo.com,Let peace mouth bed.
EMP13646,Brandon Edwards,HR,Analyst,54675.64,2022-06-01,wolfepaul@anderson.com,About statement.
EMP13647,Christopher Lee II,IT,Manager,54675.64,2020-06-03,anitabradley@yahoo.com,Majority have cover.
EMP13648,Larry Wood,Finance,Analyst,54675.64,2020-06-29,noahheath@taylor-oconnor.com,Tonight boy year.
EMP13649,Amy Howard,IT,Intern,54675.64,2022-05-09,dtrujillo@gmail.com,Another hand trip.
EMP13650,April Todd,Sales,Manager,54675.64,2020-06-12,isullivan@rivera-gonzalez.com,Girl fill it mother.
EMP13651,Philip Morrow,Sales,Intern,54675.64,2023-11-15,jenkinscassandra@pruitt-flores.biz,Resource treatment.
EMP13652,Brian Davis,Sales,Executive,54675.64,2020-10-16,holtlauren@gmail.com,Clearly determine.
EMP13653,Samuel Peterson,Sales,Intern,54675.64,2023-11-02,ireed@lewis.net,Wait nearly range.
EMP13654,Tyler Smith,IT,Analyst,54675.64,2022-04-12,valenzuelamichael@hotmail.com,Government hard.
EMP13655,Robert Barton,Sales,Manager,54675.64,2021-05-30,qwiggins@peters-stephens.org,Goal only such.
EMP13656,Jeremy Garcia,IT,Intern,54675.64,2023-02-15,george91@silva.com,Woman create cold.
EMP13657,Richard Solomon,Finance,Manager,54675.64,2022-11-15,dware@smith.com,Yourself government.
EMP13658,Michael Christian,Finance,Analyst,54675.64,2020-05-27,tracymurphy@kim-gross.com,Mrs to ask produce.
EMP13659,Nathan Mack,IT,Manager,54675.64,2022-06-05,erikanovak@snyder.biz,Him around well.
EMP13660,Adam Johnson,Finance,Manager,54675.64,2021-03-10,stephen65@hotmail.com,Leg film culture.
EMP13661,Scott Phillips,Sales,Executive,54675.64,2021-12-17,hartdestiny@park.info,Picture nearly sort.
EMP13662,Brent Cook,IT,Manager,54675.64,2023-01-27,clambert@jones.net,Page window respond.
EMP13663,Laura James,HR,Intern,54675.64,2021-10-11,bushmatthew@snow.com,Back maybe ask free.
EMP13664,Brian Calhoun,Finance,Manager,54675.64,2022-02-14,judith49@yahoo.com,Word a most.
EMP13665,Kathryn Anthony,Sales,Analyst,54675.64,2022-07-02,chowell@gmail.com,Believe account.
EMP13666,Paula Miller,Sales,Manager,54675.64,2022-10-20,bonniescott@hotmail.com,Huge together lot.
EMP13667,Robert Russell,HR,Executive,54675.64,2023-03-14,atkinsrebecca@cox-carroll.com,Art beat in section.
EMP13668,Alexander Vega,Sales,Analyst,54675.64,2022-12-28,marymack@morales.biz,Fast expect figure.
EMP13669,Robin Stokes,IT,Intern,54675.64,2020-10-12,rossjose@jones-rollins.com,Car real adult run.
EMP13670,Mark Weber,Finance,Analyst,54675.64,2022-07-23,patrickcross@hotmail.com,Individual half.
EMP13671,Geoffrey Martinez,IT,Manager,54675.64,2020-03-01,jensenjoseph@kaiser.biz,Pressure off.
EMP13672,Walter Yu Jr.,IT,Analyst,54675.64,2023-10-27,taylortaylor@barry-rose.net,Alone item.
EMP13673,Brandon Carter II,Finance,Intern,54675.64,2022-11-13,josephbowen@jenkins.com,Man write professor.
EMP13674,Richard Thompson,Sales,Intern,54675.64,2020-09-01,calvinfrazier@yahoo.com,East structure.
EMP13675,Scott Mccoy,HR,Analyst,54675.64,2023-06-03,browndebra@marsh.com,Thing behavior.
EMP13676,Jacob Tucker,HR,Analyst,54675.64,2021-09-10,michael71@gmail.com,Record off whatever.
EMP13677,Terry King,Sales,Executive,54675.64,2020-02-04,thart@allen.com,Early write idea.
EMP13678,Anthony King,IT,Intern,54675.64,2023-02-15,travisdyer@hotmail.com,Since news peace.
EMP13679,George Castillo,Finance,Executive,54675.64,2023-04-27,joselee@hotmail.com,Debate sense system.
EMP13680,Laura Rose,Finance,Manager,54675.64,2021-04-03,gmorales@carter.org,Evening fear.
EMP13681,Jody Crawford,IT,Intern,54675.64,2022-04-19,matthewbutler@gmail.com,This rich change.
EMP13682,Ray Simmons,Sales,Intern,54675.64,2022-02-21,pierceandrea@yahoo.com,Better alone such.
EMP13683,Joshua Jackson,Sales,Executive,54675.64,2020-10-18,watkinsmatthew@gmail.com,Some hold really.
EMP13684,Chad Guzman,IT,Manager,54675.64,2023-02-19,justincampbell@lopez.com,Read foreign.
EMP13685,Christopher Lee,Sales,Analyst,54675.64,2020-11-06,jesuspeterson@sharp.com,Add six thing.
EMP13686,Dr. Barbara Love MD,HR,Intern,54675.64,2021-07-27,wle@hotmail.com,Kid wear reality.
EMP13687,Samantha Campbell,HR,Executive,54675.64,2022-04-11,nreyes@hotmail.com,Lead already trial.
EMP13688,Molly Lawson,Finance,Intern,54675.64,2020-08-05,ygray@yahoo.com,Painting identify.
EMP13689,Sharon Santos,Sales,Executive,54675.64,2020-12-19,jennifer05@hotmail.com,Whether science.
EMP13690,Daniel Pope,IT,Executive,54675.64,2021-12-15,stephanie29@yahoo.com,Skill instead.
EMP13691,Scott Gomez,HR,Executive,54675.64,2022-10-10,jasonlynch@gmail.com,News item sound.
EMP13692,Priscilla Fernandez,Finance,Intern,54675.64,2022-02-18,logan32@hotmail.com,Both protect.
EMP13693,Pamela Wood,Sales,Analyst,54675.64,2020-11-23,gabrielle92@yahoo.com,Task yard back.
EMP13694,Jerry Shannon,IT,Analyst,54675.64,2023-03-05,christian71@white.biz,Affect conference.
EMP13695,Lisa Medina,Sales,Executive,54675.64,2022-03-19,wesley66@yahoo.com,Become case quickly.
EMP13696,Ashley Hernandez,Finance,Analyst,54675.64,2020-03-09,jamesstephen@nielsen.biz,Stuff center.
EMP13697,Joseph Chase,Sales,Analyst,54675.64,2023-02-06,margaretgonzalez@yahoo.com,Get artist occur.
EMP13698,Robert Chaney,Sales,Intern,54675.64,2022-08-27,llucas@gmail.com,Black tend movie.
EMP13699,Angela Estes,Finance,Analyst,54675.64,2022-02-09,kathrynrandall@yahoo.com,Class visit what.
EMP13700,Katherine Bishop,Sales,Manager,54675.64,2021-07-08,melissagross@mitchell-hernandez.org,Dinner begin relate.
EMP13701,Monique Ortiz,Sales,Executive,54675.64,2021-02-24,cordovamary@brown.biz,Congress seek.
EMP13702,John Russo,IT,Manager,54675.64,2021-08-20,elizabeth06@harrell.net,Color drop dinner.
EMP13703,Blake Brown,HR,Intern,54675.64,2023-07-28,rachelrivas@gmail.com,Home hair truth.
EMP13704,Beth Roberson,IT,Intern,54675.64,2021-05-30,judith59@joseph.org,Poor least upon job.
EMP13705,Diane Freeman,Finance,Manager,54675.64,2022-08-11,davidhall@gmail.com,Week quite water.
EMP13706,Anna Mckenzie,HR,Intern,54675.64,2023-03-05,ugonzales@mccarty.com,Exactly himself.
EMP13707,Gregory Johnson,Sales,Analyst,54675.64,2021-04-22,jared48@mcdonald.com,Rise system value.
EMP13708,David Hudson MD,Sales,Manager,54675.64,2020-01-09,cassandragonzales@yahoo.com,Tough chair step Mr.
EMP13709,Stephen Gordon,Finance,Analyst,54675.64,2023-06-20,debbie28@yahoo.com,Ability pattern.
EMP13710,Vanessa Hale,IT,Analyst,54675.64,2020-12-29,kristenking@hotmail.com,Voice church.
EMP13711,Jasmine Mcdonald,IT,Intern,54675.64,2021-03-27,ryankathleen@hotmail.com,Through contain.
EMP13712,Jennifer Cantrell,HR,Intern,54675.64,2022-02-22,gordonlisa@peters.org,Everyone other.
EMP13713,Olivia Perkins,Sales,Manager,54675.64,2021-05-19,mmedina@miller-ewing.biz,Truth never indeed.
EMP13714,Michael Dixon,IT,Intern,54675.64,2022-01-20,joshuathomas@yahoo.com,Keep charge myself.
EMP13715,Sharon Anderson DVM,Sales,Executive,54675.64,2022-12-24,yvalenzuela@osborn-roberts.info,Why food respond.
EMP13716,Charles Garcia,Sales,Intern,54675.64,2022-11-03,ejohnson@cox-lambert.com,Board new try large.
EMP13717,Sara Meyer,Sales,Executive,54675.64,2021-12-31,bgarza@yahoo.com,Officer spring use.
EMP13718,Ryan Daniel,HR,Intern,54675.64,2020-05-05,tammy67@hutchinson.com,Political leave.
EMP13719,Robyn Castillo,Finance,Intern,54675.64,2022-05-28,davisdaniel@hill-kennedy.com,Move best eat.
EMP13720,Shawn Gilmore,Sales,Analyst,54675.64,2023-12-10,dreeves@hill-huang.info,Outside culture.
EMP13721,Timothy Lyons,Finance,Manager,54675.64,2022-09-26,dvaughn@smith-bates.net,A be structure.
EMP13722,Abigail Andrade,Finance,Executive,54675.64,2023-06-30,lambclinton@yahoo.com,Stop return either.
EMP13723,Matthew Hamilton,HR,Manager,54675.64,2023-11-10,simonpatricia@hotmail.com,Public position.
EMP13724,Daniel Powell,IT,Intern,54675.64,2022-02-22,david51@hotmail.com,Actually among year.
EMP13725,Kenneth Blackburn,Finance,Intern,54675.64,2023-05-28,ashleycervantes@gmail.com,Impact good each.
EMP13726,Nicholas Green,Finance,Intern,54675.64,2023-12-27,wporter@nelson-diaz.org,System course just.
EMP13727,Jill Howe,Finance,Manager,54675.64,2022-05-07,megan50@gmail.com,Cell certainly.
EMP13728,Jamie Anderson,IT,Manager,54675.64,2020-07-21,hodgeerik@gmail.com,Everyone cause else.
EMP13729,Robert White,Sales,Analyst,54675.64,2021-08-28,katelynjones@riddle.com,Its minute color.
EMP13730,David Gregory,Sales,Analyst,54675.64,2021-05-14,elandry@martinez-diaz.com,Less note do price.
EMP13731,Jeremy Bryan,HR,Analyst,54675.64,2023-09-01,hknight@garrett.com,Wait rich plan guy.
EMP13732,Michael Henderson,Sales,Executive,54675.64,2020-08-10,josephbrian@hotmail.com,Child seem under.
EMP13733,Nichole King DVM,Sales,Manager,54675.64,2023-09-15,amber90@newman.com,Down suddenly ask.
EMP13734,Nicholas Martin,Sales,Analyst,54675.64,2022-12-18,brownjacqueline@watson.com,Real blue specific.
EMP13735,Jeffrey Thompson,HR,Manager,54675.64,2020-06-07,justin61@hotmail.com,Including so effort.
EMP13736,Kimberly Wilson,HR,Intern,54675.64,2021-10-05,probertson@burns.biz,Simple state.
EMP13737,Wayne Lopez,Sales,Manager,54675.64,2020-09-12,larnold@cruz.org,Treat process month.
EMP13738,Nathan Delgado,Sales,Analyst,54675.64,2022-07-11,moorejohn@bowen.info,Rate hard girl.
EMP13739,Linda Hawkins,Finance,Executive,54675.64,2023-11-04,elizabethmartin@miller.info,Situation cause.
EMP13740,Linda Andrade,IT,Analyst,54675.64,2021-06-13,christophermays@yahoo.com,Country market.
EMP13741,Heather Dean,HR,Manager,54675.64,2023-10-19,cramos@yahoo.com,Test film behind.
EMP13742,Tyler Brooks,IT,Intern,54675.64,2020-08-10,jackiejackson@hotmail.com,Analysis second.
EMP13743,Nathan Valenzuela,Sales,Intern,54675.64,2021-06-14,whitney34@hotmail.com,Because may center.
EMP13744,Wanda Montgomery,Sales,Manager,54675.64,2020-11-17,michael74@yahoo.com,It like employee.
EMP13745,Bridget Smith,Sales,Executive,54675.64,2022-05-24,hector31@phelps-christensen.com,Husband white time.
EMP13746,Jason Wilson,Sales,Analyst,54675.64,2023-08-18,tmadden@holmes.info,Sister inside room.
EMP13747,Amber Juarez,HR,Manager,54675.64,2020-08-07,martinezjessica@yahoo.com,Some suffer turn.
EMP13748,Tommy Williams,Sales,Manager,54675.64,2020-06-14,alicialee@lane.com,Later still state.
EMP13749,Victoria Morales,IT,Manager,54675.64,2020-06-05,thomaskeith@gmail.com,Once kitchen hear.
EMP13750,Alexander Mendoza,Finance,Manager,54675.64,2023-10-02,thomas28@yahoo.com,War discussion.
EMP13751,Stefanie Baker,Finance,Analyst,54675.64,2022-08-10,allen12@gmail.com,Star goal news base.
EMP13752,Marie Gardner,IT,Analyst,54675.64,2020-09-11,colemanmichael@gmail.com,Available radio.
EMP13753,Keith Morgan,IT,Analyst,54675.64,2021-11-18,lisa96@zavala.com,Low drug true third.
EMP13754,Maureen Mcclain,Finance,Analyst,54675.64,2022-10-13,pricemitchell@ramirez.com,Citizen discover.
EMP13755,Trevor Perry,HR,Analyst,54675.64,2020-07-07,bgriffin@english.biz,Level away personal.
EMP13756,Michael Hernandez,IT,Executive,54675.64,2021-03-26,williecarroll@clements.com,Smile employee leg.
EMP13757,Michael Joseph,HR,Intern,54675.64,2023-04-14,nsoto@yahoo.com,Glass paper local.
EMP13758,Marissa Lee,Finance,Intern,54675.64,2023-01-10,mjohnson@hull.com,Current before.
EMP13759,Rebecca Cruz,HR,Analyst,54675.64,2022-04-21,qhenry@gallagher-carter.com,Network year dark.
EMP13760,Kari Fleming,Finance,Intern,54675.64,2020-03-28,joyce52@johnson.com,Somebody major.
EMP13761,James Sloan,Sales,Manager,54675.64,2023-09-08,arnoldwilliam@esparza-christensen.com,Need business.
EMP13762,Christina Friedman,HR,Intern,54675.64,2023-11-05,hvargas@gmail.com,Partner cell couple.
EMP13763,Michael Watts,HR,Analyst,54675.64,2022-11-13,william12@yahoo.com,Other ever.
EMP13764,Keith Phillips,HR,Executive,54675.64,2023-10-02,xthomas@neal.com,Either play much.
EMP13765,Rebecca Murphy,Sales,Intern,54675.64,2021-02-21,kmyers@graves-may.com,Agreement sit.
EMP13766,John Lewis,Sales,Manager,54675.64,2022-03-09,dcraig@gmail.com,Step now reason.
EMP13767,Mrs. Margaret Wilson DDS,Sales,Executive,54675.64,2021-04-19,quinnmichael@harper.net,Create such year.
EMP13768,Patty Hawkins,IT,Intern,54675.64,2020-02-14,eric99@yahoo.com,Land store single.
EMP13769,Julie Fisher,Finance,Manager,54675.64,2020-06-05,ehunter@yahoo.com,Understand training.
EMP13770,Joshua Johnson,IT,Manager,54675.64,2020-04-28,madison61@yahoo.com,Him yet if.
EMP13771,Wesley Boyd,HR,Analyst,54675.64,2022-07-13,kathrynfrank@lawrence.com,Finally wrong away.
EMP13772,Erik Becker,Finance,Executive,54675.64,2021-09-13,veronicahiggins@yahoo.com,Sell method.
EMP13773,George Anderson,IT,Intern,54675.64,2023-04-29,carrie58@walls-salazar.com,City control thing.
EMP13774,Anthony Munoz,Sales,Executive,54675.64,2023-11-20,carrchristine@morales-gonzalez.net,Production reflect.
EMP13775,Felicia Thomas,IT,Manager,54675.64,2021-02-14,matthew65@ingram.org,Fly today personal.
EMP13776,Brandy Jones,Sales,Analyst,54675.64,2022-07-31,linda35@fox.com,Tend culture.
EMP13777,Jill Baker,IT,Manager,54675.64,2023-05-02,kellymolina@hotmail.com,Write item draw.
EMP13778,Tiffany Choi,Sales,Intern,54675.64,2020-02-06,andreagreen@hotmail.com,Worker employee eat.
EMP13779,Joel Peterson,IT,Executive,54675.64,2020-05-05,smithwilliam@gmail.com,Central choice near.
EMP13780,Michael Hancock,HR,Intern,54675.64,2020-02-14,potteramanda@gonzalez.org,Board identify must.
EMP13781,Emily Flores,Finance,Intern,54675.64,2023-04-23,otucker@gonzalez-wang.com,Education others.
EMP13782,Vincent Hall,IT,Manager,54675.64,2022-11-07,lopezkenneth@drake.com,Treat concern.
EMP13783,Anthony Allen,IT,Intern,54675.64,2023-09-14,mezawalter@lindsey.info,Though travel born.
EMP13784,Taylor Payne,Finance,Intern,54675.64,2020-11-07,wwagner@yahoo.com,Growth billion.
EMP13785,Debra Bishop,HR,Intern,54675.64,2023-05-10,msmith@edwards.com,Water news police.
EMP13786,Elizabeth Acosta,HR,Analyst,54675.64,2022-11-09,lindsey65@harmon.org,Against model its.
EMP13787,Kelly Kline,Sales,Intern,54675.64,2022-01-10,belldeborah@gmail.com,Probably also.
EMP13788,Mario Campos,HR,Executive,54675.64,2021-01-24,drobinson@yahoo.com,Together threat.
EMP13789,Travis Brown,Finance,Manager,54675.64,2022-01-14,stephen36@gmail.com,Lead music major.
EMP13790,Mia Myers,IT,Analyst,54675.64,2021-02-13,rickeyrobinson@yahoo.com,Prevent industry.
EMP13791,Deborah Smith,Finance,Executive,54675.64,2020-07-07,vobrien@yahoo.com,Central toward.
EMP13792,Molly Thomas,Sales,Analyst,54675.64,2023-01-14,gonzalezchristopher@bradley-hoffman.com,Middle speak then.
EMP13793,Aaron Ramsey,IT,Intern,54675.64,2021-09-21,rwerner@king-scott.org,Daughter game make.
EMP13794,Jessica Johnson,Sales,Manager,54675.64,2020-06-19,shawsteven@miller.org,House somebody fill.
EMP13795,Patricia Peters,Sales,Executive,54675.64,2021-11-17,elizabethdavis@miller-wilson.com,Small day.
EMP13796,Cynthia Santana,HR,Analyst,54675.64,2021-04-30,adriana87@yahoo.com,Paper camera.
EMP13797,Nathan Hunt,IT,Executive,54675.64,2021-04-09,pdiaz@johnson-velez.com,Likely quality.
EMP13798,David Allen,Sales,Manager,54675.64,2020-05-08,smcintyre@rose.info,Everything finish.
EMP13799,Rebecca Benson,Sales,Manager,54675.64,2020-07-19,jackaustin@lee.org,Explain collection.
EMP13800,Mary Randolph,Sales,Intern,54675.64,2021-06-21,brianpatterson@wright-yoder.com,Life baby us.
EMP13801,Carmen Johnson,Finance,Analyst,54675.64,2021-05-12,karenwall@chavez-martinez.com,Second plan.
EMP13802,Lisa Allen,Sales,Executive,54675.64,2021-01-11,kimoconnor@yahoo.com,Pretty listen.
EMP13803,Janet Quinn,HR,Manager,54675.64,2020-09-18,brownvictoria@yahoo.com,State democratic.
EMP13804,Antonio Jones,HR,Intern,54675.64,2023-02-07,tracie75@yahoo.com,Share good western.
EMP13805,Valerie Schmidt,IT,Analyst,54675.64,2020-11-13,collinsaudrey@gmail.com,Current simple.
EMP13806,Raymond West,Sales,Intern,54675.64,2021-06-22,stoutcarlos@phillips.com,Occur group eight.
EMP13807,Kayla Walker,IT,Intern,54675.64,2022-04-12,michelleward@gmail.com,Test son home.
EMP13808,Megan White,IT,Intern,54675.64,2022-03-08,martincharles@jackson.net,Care analysis allow.
EMP13809,Jennifer Washington,HR,Intern,54675.64,2023-01-10,sdonovan@gmail.com,Sister main year.
EMP13810,Nicholas Morgan,Sales,Intern,54675.64,2021-09-01,lloydjennifer@gmail.com,Order require.
EMP13811,Brittney Carlson,HR,Intern,54675.64,2021-12-25,charlenegomez@cook-martinez.biz,Treatment keep now.
EMP13812,Joseph Garcia,Finance,Intern,54675.64,2021-07-30,johnhart@garcia.biz,Require chair.
EMP13813,Jason Meyer,Sales,Intern,54675.64,2023-04-13,victoria80@yahoo.com,A store land to.
EMP13814,Christopher Greer,Sales,Intern,54675.64,2020-12-28,jennifer95@ibarra.com,Opportunity time.
EMP13815,Stephanie Walker,IT,Analyst,54675.64,2020-06-10,jakegray@hotmail.com,Learn cold personal.
EMP13816,Bryan Riggs,IT,Analyst,54675.64,2023-12-25,peterssandra@yahoo.com,Half kind none.
EMP13817,Stacie Ayers,HR,Intern,54675.64,2020-04-26,mark49@estes.com,Successful his.
EMP13818,Nathaniel Baker,Finance,Executive,54675.64,2022-02-20,wardpatricia@gmail.com,Technology western.
EMP13819,Brian Horton,HR,Manager,54675.64,2021-09-29,douglas77@gmail.com,State cell hit.
EMP13820,Melvin Williams,Finance,Manager,54675.64,2020-09-02,bmills@gmail.com,Describe direction.
EMP13821,Courtney Scott DVM,Sales,Executive,54675.64,2022-05-13,daniel74@yahoo.com,Little son blue all.
EMP13822,Amanda Patrick,IT,Manager,54675.64,2022-10-10,robertsonjoshua@gmail.com,Student son.
EMP13823,Frank Mccarthy,IT,Analyst,54675.64,2023-07-12,jessica40@keller.com,Even sound civil.
EMP13824,Stacy Peters,Sales,Intern,54675.64,2023-02-06,stacy60@curtis.com,Little car work.
EMP13825,Elizabeth Townsend,Finance,Analyst,54675.64,2020-06-11,franklinlaurie@yahoo.com,Positive section.
EMP13826,Nichole Rogers,HR,Executive,54675.64,2022-07-09,mark00@cooke.org,Do up star stage.
EMP13827,Robert Welch,Sales,Analyst,54675.64,2023-09-16,bethanywilkinson@johnson.com,Long evidence.
EMP13828,Susan Atkinson,IT,Manager,54675.64,2022-06-11,olivia52@garcia.com,Teach half effort.
EMP13829,Jay Holmes,Finance,Manager,54675.64,2023-02-02,sarah35@ross.biz,Either control goal.
EMP13830,Cindy Simmons,HR,Executive,54675.64,2020-09-25,danielle87@campbell.com,Themselves thousand.
EMP13831,Benjamin Oliver,Sales,Intern,54675.64,2020-03-01,katherinebaker@webster.biz,Dark certainly.
EMP13832,Timothy Watkins,IT,Analyst,54675.64,2020-07-13,andrewkelley@chandler.com,Interesting report.
EMP13833,Charles Barber,Finance,Manager,54675.64,2023-12-21,bharrell@hotmail.com,Maintain factor.
EMP13834,Paul Mccarthy,HR,Manager,54675.64,2021-03-07,kirbychristine@morgan.com,My doctor soldier.
EMP13835,Gabriel Brown,Sales,Intern,54675.64,2022-08-11,macdonaldjessica@perez-miranda.info,Court suggest.
EMP13836,Erin Costa,HR,Manager,54675.64,2021-06-27,jennifershelton@barron.org,Alone take name.
EMP13837,Michelle Brandt,Sales,Analyst,54675.64,2023-10-15,travismurray@huang.org,Open produce.
EMP13838,Mrs. Jodi James MD,Finance,Manager,54675.64,2023-09-19,april07@white-walsh.net,Yeah training.
EMP13839,Jodi Banks,IT,Analyst,54675.64,2020-11-20,karinamorgan@yahoo.com,Wife if effort live.
EMP13840,Adrienne Juarez,Sales,Manager,54675.64,2023-07-10,stanleymichael@edwards.org,Interview without.
EMP13841,Amanda Moyer,Sales,Analyst,54675.64,2022-02-26,brianabentley@hotmail.com,Me doctor day last.
EMP13842,Daniel Mclean,Finance,Manager,54675.64,2022-04-09,turnerzachary@patrick.com,All they board.
EMP13843,John Mejia,Finance,Analyst,54675.64,2021-08-26,kevinsolis@yahoo.com,Figure short born.
EMP13844,Chelsea Carter,IT,Executive,54675.64,2022-07-13,angelaacevedo@gmail.com,However property.
EMP13845,Michelle Rodgers,Finance,Executive,54675.64,2021-03-29,grayshaun@mullins-gross.org,Expert dog top.
EMP13846,David King,HR,Executive,54675.64,2021-07-03,xwelch@henderson.net,Model technology.
EMP13847,Elizabeth Smith,HR,Manager,54675.64,2023-12-20,zphillips@delgado-conrad.net,Successful wall to.
EMP13848,Laura Stevens,IT,Intern,54675.64,2021-09-08,chelseanichols@yahoo.com,Attorney matter.
EMP13849,Thomas Rodriguez,IT,Intern,54675.64,2023-11-11,uwright@hotmail.com,Camera foot author.
EMP13850,Kevin Sullivan,Finance,Analyst,54675.64,2023-04-03,bgomez@sanford.net,Write various.
EMP13851,Whitney Figueroa,HR,Intern,54675.64,2021-06-12,garciajack@hotmail.com,Ever claim prevent.
EMP13852,Ralph Smith,Finance,Manager,54675.64,2021-06-05,mark81@yahoo.com,Full check tax.
EMP13853,Sergio Tapia,IT,Analyst,54675.64,2021-07-02,evilla@potter.com,Almost trade get.
EMP13854,Robert Rollins,HR,Analyst,54675.64,2020-05-06,kschmidt@cantrell.com,Special style agree.
EMP13855,Cory Duarte,IT,Manager,54675.64,2023-12-11,james22@dixon-mitchell.biz,Strong fire suffer.
EMP13856,Jessica Gomez,IT,Analyst,54675.64,2023-07-31,austindavis@beasley-wagner.com,Painting travel.
EMP13857,Debra Mccarty,Finance,Intern,54675.64,2021-12-27,brandon10@james.com,Guess choice.
EMP13858,Jennifer Todd,IT,Executive,54675.64,2020-06-18,hpatterson@gmail.com,Explain this.
EMP13859,Julie Burton,Finance,Intern,54675.64,2020-12-31,johnsonstephanie@hotmail.com,Must assume claim.
EMP13860,Calvin Smith,IT,Manager,54675.64,2020-02-27,tinamiller@meyer.org,Those plan social.
EMP13861,Louis Macias,IT,Executive,54675.64,2022-06-13,brian58@garrett.com,Often billion scene.
EMP13862,Jason Johnson,IT,Executive,54675.64,2021-03-10,rachel72@reynolds-moore.com,Performance paper.
EMP13863,Joseph Jones,HR,Intern,54675.64,2023-10-21,cduran@gmail.com,Picture school.
EMP13864,Jeanette Rubio,IT,Executive,54675.64,2022-06-24,vjohnston@cervantes.com,Half including task.
EMP13865,Ashley Humphrey,Sales,Intern,54675.64,2020-08-11,veronicacoleman@gmail.com,Time stand time.
EMP13866,Craig Avila,HR,Intern,54675.64,2022-12-21,udrake@clarke.com,Moment five.
EMP13867,Andrew Meyer,Sales,Intern,54675.64,2023-12-27,morsenicholas@martin.net,Himself lawyer.
EMP13868,Dawn Ellison,IT,Manager,54675.64,2022-05-18,ihall@powers.info,Road everybody.
EMP13869,Timothy Smith,HR,Executive,54675.64,2021-06-11,hwilliams@williams.org,Author rate eight.
EMP13870,James Escobar,Sales,Manager,54675.64,2022-09-28,shelleyblack@gmail.com,Perhaps wait person.
EMP13871,Meghan Cortez,IT,Manager,54675.64,2020-07-27,nwallace@yahoo.com,If reveal major.
EMP13872,Joseph Anderson,HR,Intern,54675.64,2022-11-16,martintimothy@hotmail.com,First edge analysis.
EMP13873,Teresa Daugherty,IT,Executive,54675.64,2021-07-12,adammorgan@gmail.com,Per ok certain.
EMP13874,Tamara Johnson,Finance,Analyst,54675.64,2023-03-23,hickspaul@wood.com,Hope actually.
EMP13875,Gail Michael,Finance,Analyst,54675.64,2021-02-28,jessicahodges@allen-vasquez.com,Common beyond.
EMP13876,Daniel Fowler,Sales,Intern,54675.64,2020-12-26,lisa36@wise.com,Class personal.
EMP13877,Olivia Thomas,HR,Intern,54675.64,2020-03-31,pross@gmail.com,Remain night treat.
EMP13878,Bryan Zhang,HR,Manager,54675.64,2021-06-04,sonya37@hotmail.com,Itself.
EMP13879,Donald Smith,HR,Executive,54675.64,2020-06-30,maureen38@jackson.com,Live meeting trial.
EMP13880,Brandon Johnson,HR,Intern,54675.64,2021-06-02,andersonjoseph@schroeder.com,Whom expert sit.
EMP13881,Ashley Martinez,HR,Manager,54675.64,2022-09-16,carrollbrandon@yahoo.com,Include indicate.
EMP13882,Jason Beck,Sales,Analyst,54675.64,2022-12-21,pfrye@gmail.com,Bag build forget.
EMP13883,Ian Maxwell,HR,Manager,54675.64,2022-08-08,kevinwilliams@hotmail.com,Drop want history.
EMP13884,Laurie Harris,Finance,Manager,54675.64,2021-09-18,jacquelinewalker@smith.com,Life magazine occur.
EMP13885,Carly Cole,Finance,Intern,54675.64,2023-01-01,aphillips@davis.com,Door seven call.
EMP13886,Laura Meadows,HR,Intern,54675.64,2020-04-08,ramirezbarbara@torres.com,Better walk agree.
EMP13887,Cheryl Palmer,IT,Analyst,54675.64,2021-12-03,kayla36@rodriguez.com,Scientist southern.
EMP13888,Morgan Simon,HR,Executive,54675.64,2023-08-23,daniel81@simmons.org,Bar born instead.
EMP13889,Kelsey Parker,Sales,Analyst,54675.64,2023-05-13,theresamichael@gmail.com,Article few sea.
EMP13890,Susan Lynch,Finance,Executive,54675.64,2021-08-02,lydia13@gmail.com,Want state play.
EMP13891,Susan Prince,Finance,Executive,54675.64,2023-07-13,michaeljeremiah@hotmail.com,Minute technology.
EMP13892,Logan Holmes,Sales,Intern,54675.64,2023-11-02,angela38@yahoo.com,Free turn man guy.
EMP13893,Peggy Hampton,Sales,Analyst,54675.64,2021-06-21,james06@gmail.com,Under growth wide.
EMP13894,Samantha Weber,IT,Manager,54675.64,2022-01-23,pittmansteven@franklin.net,Administration pick.
EMP13895,Michael Reyes,Finance,Manager,54675.64,2022-08-06,olong@yahoo.com,Oil spring building.
EMP13896,Terri Hernandez,HR,Analyst,54675.64,2022-07-27,watsonfrederick@gmail.com,Public election.
EMP13897,Susan Keller,Sales,Executive,54675.64,2022-05-30,walvarado@hotmail.com,Wide they customer.
EMP13898,Adam Solomon,HR,Analyst,54675.64,2023-07-25,davidsmith@bishop.com,Leader authority.
EMP13899,Tara Williams MD,Sales,Intern,54675.64,2021-09-11,wagneredward@hess.com,Success mind own.
EMP13900,Susan Branch,Sales,Manager,54675.64,2021-03-31,jessica10@yahoo.com,We why mother store.
EMP13901,Joshua Sullivan,Finance,Manager,54675.64,2022-05-12,jsmith@hoffman.com,Begin either offer.
EMP13902,Mark Herrera,Sales,Executive,54675.64,2023-04-19,wbest@lewis-bishop.com,Stop team argue.
EMP13903,Joseph Villanueva,Finance,Intern,54675.64,2023-07-02,clarsen@smith.com,Summer until apply.
EMP13904,Krista Hunt,IT,Analyst,54675.64,2023-10-04,rdavis@hotmail.com,Newspaper size.
EMP13905,Rodney Thompson,Finance,Intern,54675.64,2021-10-30,sortega@hotmail.com,Space subject.
EMP13906,Stacey Coleman,HR,Manager,54675.64,2022-07-22,nroberts@carter.com,Dark perform.
EMP13907,Scott Duncan,HR,Intern,54675.64,2020-12-22,aguilarmichael@gmail.com,Economic and also.
EMP13908,Mrs. Angela Thomas MD,HR,Analyst,54675.64,2020-05-02,thomasashley@yahoo.com,Remember list.
EMP13909,James Hansen,HR,Analyst,54675.64,2020-11-09,nicolecook@gutierrez-anderson.com,Together most west.
EMP13910,Jason Villarreal,Finance,Analyst,54675.64,2020-09-27,valerie09@acevedo-dunlap.com,View radio blue.
EMP13911,Raymond Scott,Finance,Executive,54675.64,2023-04-20,beckygarcia@thompson.net,Artist system catch.
EMP13912,Thomas Brown,Sales,Manager,54675.64,2021-12-02,markrocha@taylor.com,Art serious one set.
EMP13913,Cameron Santana,Finance,Executive,54675.64,2020-02-26,kathryngood@brewer-sanders.com,Good under specific.
EMP13914,Matthew Phillips,HR,Manager,54675.64,2021-10-01,vross@yahoo.com,Special wind forget.
EMP13915,Steven Francis,Finance,Manager,54675.64,2023-01-07,ebray@rodriguez.org,Run senior realize.
EMP13916,Ryan Frost,IT,Analyst,54675.64,2021-08-05,pgarcia@gmail.com,Plan charge gun for.
EMP13917,Lindsey Martinez,IT,Analyst,54675.64,2020-02-27,kennethpierce@yahoo.com,Write may much.
EMP13918,Alexa Brown,IT,Manager,54675.64,2023-12-27,eyoung@yahoo.com,Option wind.
EMP13919,Alexis Stewart,HR,Analyst,54675.64,2023-12-11,kevin12@gmail.com,Address little near.
EMP13920,Donald Porter,IT,Analyst,54675.64,2021-07-11,hansendavid@yahoo.com,Situation finally.
EMP13921,Matthew Brown,Sales,Analyst,54675.64,2022-01-24,laurie57@sawyer-miller.org,Should left south.
EMP13922,Sarah Valdez,IT,Intern,54675.64,2021-12-20,robertking@hotmail.com,Seem perhaps common.
EMP13923,Christopher Shannon,HR,Executive,54675.64,2022-05-15,kaylaparker@hotmail.com,Specific seek.
EMP13924,Larry Howell,Sales,Intern,54675.64,2020-03-25,tylerclark@gmail.com,Front star idea.
EMP13925,Timothy Moses,IT,Intern,54675.64,2021-06-02,julie87@gmail.com,Allow few shake.
EMP13926,Marissa Davis,Finance,Executive,54675.64,2021-05-06,katrina80@hotmail.com,Education manager.
EMP13927,Caitlin Randall,Finance,Intern,54675.64,2023-08-01,williamsrobert@gmail.com,Management open.
EMP13928,Robert Newman,HR,Manager,54675.64,2022-12-08,alexandersmith@fuller.com,Why standard nature.
EMP13929,Erica Cox,HR,Analyst,54675.64,2022-04-18,sandranguyen@garrett.com,Life even accept.
EMP13930,Jason Crawford,HR,Intern,54675.64,2022-04-25,jacksonkimberly@hotmail.com,Everybody human.
EMP13931,Jose Fox,Sales,Intern,54675.64,2020-12-15,debbiegallagher@hotmail.com,Ability from.
EMP13932,Mallory Johnston,HR,Analyst,54675.64,2022-05-05,garcianatalie@hotmail.com,Else dark including.
EMP13933,Kelsey Perkins,IT,Analyst,54675.64,2023-12-29,scarroll@gmail.com,Mind responsibility.
EMP13934,Michelle Lawson,IT,Executive,54675.64,2021-04-26,melissa25@banks.com,Position up.
EMP13935,Mark Tapia,Finance,Manager,54675.64,2023-08-27,matthewsmith@yahoo.com,Vote my company.
EMP13936,Michelle Johnston,Finance,Analyst,54675.64,2023-11-04,valenzuelajessica@gmail.com,None reflect car.
EMP13937,Kyle Cline,IT,Intern,54675.64,2021-12-05,tammy37@yahoo.com,Professional other.
EMP13938,Paul Smith,Finance,Executive,54675.64,2021-04-26,richardramirez@wilson.com,Security letter.
EMP13939,Tonya Chung,HR,Executive,54675.64,2021-08-18,jsmith@hotmail.com,Cut company foreign.
EMP13940,Joel King,HR,Analyst,54675.64,2023-01-23,tashabrock@todd-grimes.net,Might lead up.
EMP13941,Mr. John Carpenter,IT,Intern,54675.64,2022-09-01,haroldprice@lee-rogers.com,Event child six.
EMP13942,Stephen Davis,Sales,Analyst,54675.64,2021-06-10,heather35@gmail.com,Subject so build.
EMP13943,Bobby Faulkner,Sales,Executive,54675.64,2022-11-23,ronaldmcdonald@rivera.org,Fast somebody.
EMP13944,Melissa Hughes,Sales,Intern,54675.64,2021-08-03,jlopez@reeves-clark.com,Need partner list.
EMP13945,Michele Holmes,Finance,Intern,54675.64,2023-05-22,mdavis@lopez.info,Than fly nice coach.
EMP13946,Peter Garcia,Sales,Executive,54675.64,2022-10-11,yoderkyle@torres-woodard.info,Dog ground.
EMP13947,Ralph Mcclain,HR,Manager,54675.64,2022-11-01,johnwalters@hall.com,That stop leg visit.
EMP13948,Keith Obrien,Sales,Intern,54675.64,2021-11-01,rioshaley@hotmail.com,Administration.
EMP13949,Rebecca Jones,IT,Executive,54675.64,2020-05-29,heather27@wilson-garcia.com,Including whose.
EMP13950,Jeremy Carroll,Finance,Intern,54675.64,2023-06-17,uwilliamson@silva-chen.com,Air listen during.
EMP13951,Jamie Miller,HR,Intern,54675.64,2022-12-31,sherry58@perez-anderson.net,Will hit memory new.
EMP13952,Linda Taylor,HR,Executive,54675.64,2020-07-10,msmith@hotmail.com,Strong industry.
EMP13953,Katrina Harris,IT,Intern,54675.64,2022-04-07,brianaguilar@gmail.com,Game seem research.
EMP13954,John Newton,Finance,Manager,54675.64,2020-08-16,jennifercampbell@gmail.com,And against only.
EMP13955,Jacqueline Taylor,IT,Executive,54675.64,2020-10-10,mlee@gmail.com,Issue city manage.
EMP13956,Amber Lopez,Sales,Executive,54675.64,2023-09-16,patrick86@gregory-gonzalez.com,Activity good help.
EMP13957,Kayla Kim,Finance,Intern,54675.64,2020-08-21,marisasmith@munoz.com,Us recent enjoy.
EMP13958,Melissa Johnson,Finance,Manager,54675.64,2020-11-28,chadthornton@baker-collins.com,Act admit deal.
EMP13959,Valerie Miller,HR,Manager,54675.64,2020-02-12,danashields@hotmail.com,Audience.
EMP13960,Carl Rogers,Sales,Analyst,54675.64,2023-12-05,robert73@gmail.com,Analysis to though.
EMP13961,Cheryl Baker,Sales,Executive,54675.64,2022-03-01,batesmelissa@freeman.com,Sport term hour.
EMP13962,Jeffrey Wright,HR,Intern,54675.64,2022-01-24,jeandaugherty@yahoo.com,Catch wrong list.
EMP13963,Keith Castro,IT,Intern,54675.64,2020-04-06,burnsdiane@hotmail.com,Herself strong a.
EMP13964,Jeffrey Simmons,HR,Analyst,54675.64,2021-01-07,abaird@flores-miller.com,Shake want perhaps.
EMP13965,Morgan Larsen,IT,Intern,54675.64,2021-08-24,emilyrocha@mckay.com,One level full.
EMP13966,Sherry Marsh,IT,Manager,54675.64,2020-08-22,nicolemyers@hotmail.com,Person become.
EMP13967,David Kim,Finance,Executive,54675.64,2023-12-14,stewartbrian@yahoo.com,Church public loss.
EMP13968,Andrew Murphy,Sales,Manager,54675.64,2020-04-06,kelly10@berry-haney.com,All answer mean.
EMP13969,Ana Harris,Sales,Executive,54675.64,2023-08-10,sara04@jordan-costa.com,Standard save move.
EMP13970,Brian Young,Sales,Analyst,54675.64,2022-07-27,tvance@hotmail.com,Standard allow.
EMP13971,Rachel Johnson,HR,Executive,54675.64,2020-09-08,stephanieford@huang.info,This only buy.
EMP13972,Kristina Bell,HR,Manager,54675.64,2021-01-02,chernandez@becker-gomez.com,Majority stay.
EMP13973,Brian Kelley,IT,Intern,54675.64,2020-02-10,robbinsvalerie@rivera.org,Specific bill age.
EMP13974,Lynn Dennis,IT,Executive,54675.64,2023-08-16,samanthadunn@lee.com,However process.
EMP13975,Kristin Jordan,HR,Analyst,54675.64,2022-02-23,williamshelton@hotmail.com,Investment.
EMP13976,Timothy Velasquez,Finance,Analyst,54675.64,2020-11-03,hortiz@smith.com,Above and suffer.
EMP13977,Tyler Wallace,HR,Intern,54675.64,2023-08-15,charles23@hudson.net,Government head.
EMP13978,Tammy Miller,IT,Analyst,54675.64,2020-01-01,thughes@valentine-schultz.com,Ground laugh.
EMP13979,Miguel Smith,Finance,Manager,54675.64,2020-04-02,owenstyler@gmail.com,Leave executive.
EMP13980,Kimberly Curtis,IT,Executive,54675.64,2020-10-07,nrodriguez@bell.com,Operation indeed.
EMP13981,Frank Morales,HR,Executive,54675.64,2021-04-02,mcgeeandrew@jones.com,Anyone us these.
EMP13982,Katelyn Santana,Sales,Manager,54675.64,2021-05-02,stephaniehickman@yahoo.com,Remain tax early.
EMP13983,Gregory Robinson,Finance,Analyst,54675.64,2022-04-01,roblesmaria@david-valdez.net,Pay determine.
EMP13984,Morgan Adams,HR,Manager,54675.64,2022-04-25,nicholasmatthews@brewer-becker.com,Development card.
EMP13985,Charles Rivera,Finance,Executive,54675.64,2021-02-10,davisjacqueline@gmail.com,Future article.
EMP13986,Ronald Mclaughlin,Sales,Executive,54675.64,2023-07-22,crystal82@yahoo.com,Whose owner wish.
EMP13987,Kelsey Lucas,Sales,Executive,54675.64,2022-07-15,valerie74@gmail.com,Even hold my set.
EMP13988,Sarah Paul,HR,Executive,54675.64,2021-05-01,kenneth79@garcia.net,Could foreign.
EMP13989,Michael Alexander,IT,Intern,54675.64,2023-01-31,christopher45@jackson.net,Use weight minute.
EMP13990,Leslie Thornton,Finance,Executive,54675.64,2022-03-16,olivia60@yahoo.com,Various either kid.
EMP13991,Kevin Whitney,Finance,Analyst,54675.64,2023-11-27,jeremy62@gmail.com,Talk turn line firm.
EMP13992,Bethany Smith,Sales,Manager,54675.64,2023-02-04,hmedina@simon-benson.net,Teacher radio act.
EMP13993,Tracy Stephens,HR,Analyst,54675.64,2023-11-09,william19@joyce.com,Operation life.
EMP13994,Brittany Campbell,Sales,Executive,54675.64,2020-08-17,eric11@yahoo.com,Customer book.
EMP13995,Russell Johnson,Sales,Analyst,54675.64,2023-05-13,laura23@ponce.net,Girl state table.
EMP13996,Melinda Smith,IT,Intern,54675.64,2023-11-01,amy47@smith.com,Important.
EMP13997,Heidi Knapp,Sales,Manager,54675.64,2020-06-26,lewissandra@henderson-kelly.com,Thought truth do.
EMP13998,James May,HR,Executive,54675.64,2020-04-07,michelebarnes@reynolds.com,Recent by family.
EMP13999,David Perez,Sales,Analyst,54675.64,2021-07-23,cstewart@hotmail.com,Heavy type start.
EMP14000,Alexandra Frazier,HR,Intern,54675.64,2020-12-02,michaelanderson@mejia.net,And rise sign since.
EMP14001,Rachel Bell,Sales,Intern,54675.64,2022-07-16,allisonlopez@hotmail.com,Dog pass right bar.
EMP14002,Stacie Smith,IT,Intern,54675.64,2020-06-25,schneideramy@hodge.com,Yet dark chair last.
EMP14003,Catherine Wells,IT,Manager,54675.64,2021-09-01,wgonzalez@wilson.com,Art different let.
EMP14004,Kaitlin Moore,Sales,Analyst,54675.64,2022-01-06,whunter@mason.com,Chair produce.
EMP14005,Sarah Smith,IT,Analyst,54675.64,2022-01-17,logan39@moon.com,A lay happen how if.
EMP14006,Gregory Dennis,Finance,Manager,54675.64,2023-01-20,ydyer@rivas.net,Everybody candidate.
EMP14007,Thomas Strong,Finance,Intern,54675.64,2022-07-28,bwilson@reed.com,Again crime up also.
EMP14008,Jessica Herrera,Sales,Executive,54675.64,2020-09-07,loretta30@hotmail.com,Cut country series.
EMP14009,Frank Jones,Sales,Analyst,54675.64,2023-10-12,scottmaldonado@baldwin.com,Course window final.
EMP14010,Peter Hall,IT,Executive,54675.64,2020-08-03,tina58@horn.com,Rest officer dinner.
EMP14011,Aaron Moreno,IT,Intern,54675.64,2021-03-07,jasonrodriguez@hotmail.com,Western respond.
EMP14012,Mark Smith,Sales,Manager,54675.64,2021-06-21,allendebra@hotmail.com,Majority often.
EMP14013,James Stevens,HR,Executive,54675.64,2023-03-04,gstevens@yahoo.com,Act former field.
EMP14014,Faith Fleming,HR,Analyst,54675.64,2022-12-03,awilliams@hotmail.com,Painting allow dark.
EMP14015,Mark Hickman,Finance,Analyst,54675.64,2020-02-21,morgan11@brown.biz,From truth blood.
EMP14016,Kimberly Morales,IT,Manager,54675.64,2021-11-02,charles90@gregory.info,Reach result.
EMP14017,David Zavala,IT,Intern,54675.64,2021-12-15,jennifer95@hotmail.com,Wide end improve.
EMP14018,Kyle Thomas,Finance,Analyst,54675.64,2020-03-15,chad67@gmail.com,Bank care room.
EMP14019,Dale Hatfield,HR,Analyst,54675.64,2022-05-01,cindy92@smith.org,Cause hold behavior.
EMP14020,Vincent Johnson,HR,Manager,54675.64,2023-04-23,qjohnston@adams.net,Common science real.
EMP14021,Mr. Keith Lewis,Finance,Executive,54675.64,2020-02-21,ygay@yahoo.com,Collection peace.
EMP14022,Robert Barrett,Sales,Intern,54675.64,2022-07-18,ramoswhitney@moreno.com,Suggest free.
EMP14023,Jason Martinez,IT,Executive,54675.64,2020-08-26,andrea97@gmail.com,Animal bring.
EMP14024,Erin Mccarthy,Sales,Intern,54675.64,2021-09-17,tinachambers@yahoo.com,Rather significant.
EMP14025,Tammy Williams,Sales,Executive,54675.64,2022-12-21,kquinn@hotmail.com,Strategy yeah.
EMP14026,Richard Knox,HR,Executive,54675.64,2022-01-27,owenseric@hotmail.com,Development loss.
EMP14027,Kenneth Lara,Sales,Analyst,54675.64,2021-12-26,cervantesandrea@gmail.com,Billion production.
EMP14028,Martin Harper,IT,Executive,54675.64,2022-09-09,hernandezdylan@jackson.com,Dark still sport.
EMP14029,Richard Garrison,IT,Intern,54675.64,2022-09-15,lwelch@hicks-douglas.net,Recently food.
EMP14030,Barbara Martin,IT,Manager,54675.64,2020-11-27,parkjeffrey@bailey-howell.info,Energy trial.
EMP14031,Michelle Whitehead,Finance,Manager,54675.64,2020-06-07,leemily@romero.com,Laugh reality.
EMP14032,Brittany Gillespie,Sales,Executive,54675.64,2021-02-16,stacyjames@flores-schwartz.net,Child wait because.
EMP14033,Jeremy Miller,Sales,Intern,54675.64,2020-10-13,dustinwalters@washington.biz,Measure experience.
EMP14034,Marie Carey,IT,Intern,54675.64,2021-06-07,jeanettelamb@hotmail.com,Do shoulder much.
EMP14035,Stephen Wright,Finance,Analyst,54675.64,2022-09-28,phamsara@gonzalez.info,Those upon happen.
EMP14036,Stephen Mendez,Finance,Manager,54675.64,2022-10-11,daniellewilliams@robles-walker.com,Surface degree.
EMP14037,Pamela Brown,HR,Manager,54675.64,2020-11-08,vwatson@cuevas.com,Minute cause.
EMP14038,Joanna West,HR,Analyst,54675.64,2020-01-27,brianwelch@reed.net,Himself run stuff.
EMP14039,Timothy Nelson,IT,Manager,54675.64,2022-04-18,zknight@hotmail.com,Catch hand skin.
EMP14040,Alexandra Ramirez,Sales,Intern,54675.64,2023-10-21,bowersdaniel@hotmail.com,Art about it miss.
EMP14041,Jason Leonard,Sales,Executive,54675.64,2021-02-11,williamskara@williams.net,Billion with.
EMP14042,Phillip Robertson,Sales,Executive,54675.64,2020-12-03,joel24@richardson.org,Here keep argue.
EMP14043,Katherine Shaw,Finance,Intern,54675.64,2021-02-11,eweber@gmail.com,See question gun.
EMP14044,Lisa Edwards,Sales,Executive,54675.64,2023-01-04,nicholaspitts@smith-thomas.com,Sort participant.
EMP14045,Kimberly Frost,Finance,Analyst,54675.64,2020-03-15,ashley96@wilson.info,Dream fund later.
EMP14046,Victoria Jones,IT,Manager,54675.64,2020-09-15,harrycombs@gmail.com,Type behavior.
EMP14047,Joshua Mueller,Sales,Manager,54675.64,2020-12-22,nburke@robinson.biz,North four box.
EMP14048,Brandon Becker,Finance,Analyst,54675.64,2020-10-11,lknight@lopez.info,Anything Democrat.
EMP14049,James Elliott,IT,Executive,54675.64,2023-12-10,amanda45@vasquez-peck.com,Finish city.
EMP14050,George Williams,IT,Executive,54675.64,2022-12-13,rmerritt@mcguire.com,Into half industry.
EMP14051,Daniel Rodriguez,Finance,Analyst,54675.64,2023-12-16,debra74@webb-guerrero.info,Show half instead.
EMP14052,John Coleman,Finance,Intern,54675.64,2023-05-31,hthompson@tran.info,Gas evidence break.
EMP14053,Christopher Woodward,Sales,Manager,54675.64,2022-04-12,lorrainegarcia@clark-mitchell.info,Here difficult.
EMP14054,Wanda Fry,HR,Executive,54675.64,2022-01-10,mary57@hotmail.com,First threat.
EMP14055,Robert Pitts,Sales,Executive,54675.64,2022-01-15,kingdenise@gmail.com,Behavior lose hot.
EMP14056,Barry Hall,HR,Intern,54675.64,2020-09-02,jody80@joyce.com,Art thank mean.
EMP14057,Christina Henderson,Finance,Manager,54675.64,2022-08-12,dianesalas@miranda.com,Including personal.
EMP14058,Christine Rice,HR,Executive,54675.64,2021-04-02,wbrown@schmidt-roberts.org,Place report.
EMP14059,Veronica Dorsey,Finance,Intern,54675.64,2020-07-01,ann21@yahoo.com,Hold focus car unit.
EMP14060,Yolanda Pruitt,IT,Manager,54675.64,2020-09-15,james67@wise.com,Light I along today.
EMP14061,Steven Johnson,HR,Intern,54675.64,2022-06-04,tylerjeremiah@johnson-williams.com,End important start.
EMP14062,Mike Fitzgerald,HR,Manager,54675.64,2020-09-26,laurencontreras@hotmail.com,Country trial.
EMP14063,Jeremy Contreras,IT,Executive,54675.64,2022-03-23,gonzalezjoseph@ruiz.info,Picture road rich.
EMP14064,Michele Reyes,Sales,Executive,54675.64,2021-09-12,kathleenbaker@hotmail.com,Guy practice public.
EMP14065,Steven Rose,HR,Manager,54675.64,2020-12-16,contrerasjonathan@gmail.com,Name employee.
EMP14066,Micheal Bennett,Finance,Intern,54675.64,2023-04-26,kyle82@gmail.com,Lay hear commercial.
EMP14067,Crystal Delgado,Sales,Analyst,54675.64,2021-05-16,tayala@cook-buchanan.info,Light here detail.
EMP14068,Andrea Roberts,IT,Analyst,54675.64,2023-04-15,elizabethsanchez@johnson.org,Occur table power.
EMP14069,Amber Valdez,HR,Intern,54675.64,2023-11-17,michaelfrench@gmail.com,Generation stock.
EMP14070,Briana Davis,IT,Executive,54675.64,2022-04-17,lyonsmason@ibarra.net,Both suggest.
EMP14071,Denise Payne,IT,Manager,54675.64,2022-10-18,carrjasmine@gmail.com,I should act share.
EMP14072,Renee Johnston,Finance,Intern,54675.64,2023-10-04,mooredouglas@george.com,Dream energy party.
EMP14073,Dominique Brown,IT,Manager,54675.64,2022-12-22,castanedatammy@hotmail.com,Character produce.
EMP14074,Jessica Park,HR,Manager,54675.64,2020-06-28,watsonmegan@ramsey.info,General than begin.
EMP14075,Andrew Jimenez,IT,Analyst,54675.64,2023-08-27,ayalaemily@watson.com,Drive soldier.
EMP14076,James Robinson,Sales,Executive,54675.64,2021-09-16,jessica15@gmail.com,Discuss represent.
EMP14077,Holly Miller,IT,Executive,54675.64,2023-02-07,rita38@yahoo.com,Line green.
EMP14078,Joshua Nunez,HR,Analyst,54675.64,2021-05-29,robertmahoney@hotmail.com,Final goal.
EMP14079,James Richards,HR,Intern,54675.64,2020-09-14,megan41@gallegos.net,Force better whom.
EMP14080,Lynn Payne,HR,Manager,54675.64,2021-06-23,phillipscraig@rodriguez-miles.com,Rate approach skill.
EMP14081,Mrs. Hailey Rubio MD,Sales,Analyst,54675.64,2021-02-24,james37@scott.biz,Difficult time.
EMP14082,Louis Booker,HR,Analyst,54675.64,2020-09-04,saundersmichelle@johnson-farmer.com,Threat front.
EMP14083,Meredith Brown,Sales,Executive,54675.64,2022-10-29,jonesrobert@elliott.com,Resource response.
EMP14084,Mitchell Luna,IT,Intern,54675.64,2023-08-04,aramirez@mckinney.com,Military six pretty.
EMP14085,Shannon Sellers,Sales,Analyst,54675.64,2021-04-09,tinacohen@yahoo.com,You beat option.
EMP14086,Arthur Osborne,IT,Manager,54675.64,2023-01-03,rogerbradshaw@yahoo.com,Fall so leave.
EMP14087,Terry Campbell,IT,Analyst,54675.64,2020-04-11,alvarezsara@lewis.biz,Out according.
EMP14088,Annette Nguyen,IT,Manager,54675.64,2021-05-25,houstonjohn@yahoo.com,Minute agency think.
EMP14089,Andrew Cunningham,HR,Intern,54675.64,2020-10-17,pateldavid@russo-dickson.com,Doctor interview.
EMP14090,Chad Pratt,Sales,Analyst,54675.64,2020-05-02,james34@franco.biz,Paper these hit.
EMP14091,Lori Blake,Finance,Manager,54675.64,2021-03-05,edwardsamy@hotmail.com,Natural yard.
EMP14092,Alex Gibbs,HR,Executive,54675.64,2023-09-01,hperez@wells.com,Work quality news.
EMP14093,Gabriel Barber,HR,Executive,54675.64,2023-02-18,catherinejohnson@hotmail.com,Sense allow issue.
EMP14094,Tracey Ramos,Sales,Analyst,54675.64,2020-08-19,linda17@gmail.com,Military a should.
EMP14095,Stephen Hansen,Finance,Executive,54675.64,2022-11-12,swatts@simmons-bennett.biz,Deep choose.
EMP14096,Derrick Henry,IT,Analyst,54675.64,2021-04-06,wagnerwillie@smith.com,Possible toward.
EMP14097,Christopher Heath,Finance,Manager,54675.64,2021-08-11,wjones@mitchell.com,Near size quickly.
EMP14098,Eric Richards,Sales,Manager,54675.64,2022-08-08,greenryan@yahoo.com,Term sign knowledge.
EMP14099,Jessica Davis,HR,Intern,54675.64,2023-08-08,peggysmith@vance.biz,Produce often.
EMP14100,Brenda Scott,Finance,Executive,54675.64,2021-12-28,lovecharles@yahoo.com,A produce which.
EMP14101,Johnathan Sullivan,Sales,Intern,54675.64,2021-08-31,thomas35@yahoo.com,Movement bag.
EMP14102,Sarah Anderson,IT,Analyst,54675.64,2022-05-30,taylorcarlos@gmail.com,Hear sport computer.
EMP14103,Erik Love,HR,Manager,54675.64,2020-07-17,jonathan97@gmail.com,Security do.
EMP14104,Sherry Hurley,Sales,Analyst,54675.64,2020-05-16,zferguson@howell-cruz.com,Change throw only.
EMP14105,Olivia Green,IT,Intern,54675.64,2023-10-25,karimoore@daniel-meyers.com,Pick budget summer.
EMP14106,Mr. James Gibson DVM,HR,Executive,54675.64,2020-01-21,kingerika@ray.biz,Financial feeling.
EMP14107,John Wells,Finance,Analyst,54675.64,2020-06-08,frederickhayden@yahoo.com,Region wide happy.
EMP14108,Alexander Thornton,HR,Intern,54675.64,2020-11-17,rthompson@gmail.com,Your program film.
EMP14109,Paul Barnes,IT,Executive,54675.64,2020-10-26,qbradley@hotmail.com,Wind Mr born heavy.
EMP14110,Katrina Wilson,Sales,Analyst,54675.64,2021-09-24,eanderson@davis.com,Cover keep well.
EMP14111,Jerry Carrillo,IT,Intern,54675.64,2021-12-05,vfields@gmail.com,Future choice write.
EMP14112,Alexandra Bush,HR,Intern,54675.64,2021-04-03,elizabeth75@davis-gardner.com,Rather institution.
EMP14113,Julie Thompson,IT,Executive,54675.64,2023-09-21,tclayton@yahoo.com,Management between.
EMP14114,Scott Robinson,HR,Analyst,54675.64,2021-12-27,khorn@boone.org,Never sell order.
EMP14115,Jeffery Miller,IT,Analyst,54675.64,2021-10-16,maysryan@williams-phillips.com,Ground specific not.
EMP14116,Melissa Thomas,Sales,Intern,54675.64,2021-10-28,burkedavid@coleman.com,Save leave window.
EMP14117,Christopher Marshall,IT,Analyst,54675.64,2020-01-16,benjamindelgado@hotmail.com,Live down study.
EMP14118,Jeffrey Ramos,HR,Executive,54675.64,2020-10-28,reyesjoshua@george-frazier.com,Large good city.
EMP14119,Jennifer Sparks,Finance,Intern,54675.64,2023-10-14,underwoodfrances@hernandez-mcclure.com,Million pull stuff.
EMP14120,William Gonzales,Sales,Intern,54675.64,2022-08-01,tmaynard@norman.com,Anything store.
EMP14121,Amanda Jacobson,Finance,Analyst,54675.64,2020-01-19,bcarpenter@yahoo.com,Deal democratic day.
EMP14122,Tara Nichols,HR,Intern,54675.64,2021-08-24,mary05@meyer.org,Different back.
EMP14123,Beth Schneider,Sales,Executive,54675.64,2020-11-04,morenoelizabeth@hotmail.com,Same government.
EMP14124,Margaret Roberts,HR,Manager,54675.64,2020-02-16,nsmith@hotmail.com,Remember.
EMP14125,Rebecca Turner,Finance,Intern,54675.64,2020-05-10,zprice@gmail.com,Step former small.
EMP14126,Kelsey Stanley,Finance,Analyst,54675.64,2020-03-28,arichard@martin-wagner.biz,Top Republican.
EMP14127,Donna Collier,HR,Analyst,54675.64,2020-12-07,piercedavid@ruiz.net,Audience war ever.
EMP14128,Travis Rose,HR,Executive,54675.64,2020-03-02,ubeasley@gmail.com,Carry require.
EMP14129,Crystal Rose,Sales,Analyst,54675.64,2020-05-08,jimmy46@gmail.com,Why animal else he.
EMP14130,Cameron Morales,HR,Analyst,54675.64,2020-02-08,michele16@yahoo.com,Finally happen.
EMP14131,Marcus Wagner,Finance,Manager,54675.64,2023-03-30,derek86@hotmail.com,Loss nature safe.
EMP14132,Amanda Cochran,IT,Intern,54675.64,2022-03-01,rharris@gmail.com,Smile sister.
EMP14133,Ashley Savage,Finance,Analyst,54675.64,2022-12-08,kpark@hotmail.com,Husband subject.
EMP14134,Kenneth Davis,HR,Analyst,54675.64,2021-09-28,vpayne@hotmail.com,Music close bad.
EMP14135,Amanda Taylor,Finance,Manager,54675.64,2022-08-02,xporter@browning.com,Last manager.
EMP14136,Sean Williams,HR,Intern,54675.64,2022-01-08,martindustin@yahoo.com,Clear shoulder.
EMP14137,Frank Mitchell,Sales,Executive,54675.64,2023-08-21,kbrooks@hotmail.com,Parent stay.
EMP14138,Steven Trevino,HR,Manager,54675.64,2021-01-28,qcastillo@lopez.com,Across state table.
EMP14139,Kenneth Clark,HR,Manager,54675.64,2020-12-17,kelly62@gmail.com,Ok must us south.
EMP14140,Michelle Ho,HR,Analyst,54675.64,2022-04-13,kimberlyoconnor@yahoo.com,Real say lose pick.
EMP14141,Alexander Tucker,HR,Analyst,54675.64,2020-03-11,roy13@myers-gill.com,Anyone water.
EMP14142,Robert Mendez,HR,Executive,54675.64,2022-09-10,moodyemily@barnes.com,Cell help.
EMP14143,Kayla Torres,Finance,Executive,54675.64,2020-02-08,harrishoward@hudson.biz,Such pressure.
EMP14144,Wanda Allen,Finance,Executive,54675.64,2022-07-26,jacksonalejandro@gmail.com,Bill consider class.
EMP14145,Cassandra Friedman,IT,Manager,54675.64,2023-01-28,cindy85@hotmail.com,Special guy number.
EMP14146,Melanie Smith,IT,Manager,54675.64,2021-05-27,carrollcarrie@hotmail.com,Build image moment.
EMP14147,Reginald Morris,Sales,Manager,54675.64,2021-11-06,schavez@gmail.com,Shoulder group.
EMP14148,Jennifer Shepard,Sales,Executive,54675.64,2022-09-13,bhouse@yahoo.com,Girl factor.
EMP14149,Alan Robertson,IT,Intern,54675.64,2021-11-14,desiree96@mitchell.com,Successful no.
EMP14150,James Buckley,Finance,Executive,54675.64,2023-01-25,matthewpayne@lee.org,Me she laugh become.
EMP14151,Kenneth Gardner,Sales,Analyst,54675.64,2021-09-13,erin49@reed.com,Reach hair write.
EMP14152,John Young,IT,Manager,54675.64,2021-11-28,david77@hotmail.com,Himself small front.
EMP14153,Cynthia Nelson,Finance,Analyst,54675.64,2022-09-18,smithheather@stephens.org,Bill entire ball.
EMP14154,Patrick Watson,IT,Executive,54675.64,2023-11-12,atran@yahoo.com,Administration.
EMP14155,Briana Camacho,Sales,Analyst,54675.64,2021-05-26,susanbates@hotmail.com,Daughter speech.
EMP14156,Lisa Callahan,Sales,Manager,54675.64,2022-12-12,douglas61@tate-williams.com,Peace past.
EMP14157,Holly Sanchez,HR,Intern,54675.64,2021-04-17,michael17@gilbert-phillips.net,Section social lose.
EMP14158,Jennifer Abbott,IT,Intern,54675.64,2020-07-03,mark02@hotmail.com,Carry their and.
EMP14159,Justin Torres,IT,Executive,54675.64,2020-07-19,makaylahodge@lucero.org,Security owner them.
EMP14160,Melinda Benjamin,IT,Intern,54675.64,2020-03-18,tracy84@dalton-fuller.info,Room something.
EMP14161,Kayla Kelly,Sales,Manager,54675.64,2020-09-04,monica82@fuller.com,End development.
EMP14162,Mr. Matthew Anderson,Finance,Executive,54675.64,2023-12-28,melinda77@hotmail.com,Everyone less.
EMP14163,Teresa Bennett,IT,Manager,54675.64,2022-02-11,dustin60@quinn.com,Other less back.
EMP14164,Jeremy Davis MD,Finance,Analyst,54675.64,2022-03-30,michael83@smith.com,Whatever provide.
EMP14165,Autumn Burnett,IT,Executive,54675.64,2022-07-01,laurabrown@thomas.com,Hope total friend.
EMP14166,Mr. Daniel Mahoney,Sales,Intern,54675.64,2020-02-01,jane62@henderson-stevens.biz,Option difficult.
EMP14167,David Johnson,Finance,Manager,54675.64,2021-03-28,johnsonshelly@hotmail.com,Difference listen.
EMP14168,Antonio Richardson,IT,Executive,54675.64,2021-01-15,amyyang@price-kline.com,Break think PM.
EMP14169,Jill Morgan,Finance,Executive,54675.64,2022-08-14,xfuller@gmail.com,Dark institution.
EMP14170,Kyle Browning,IT,Intern,54675.64,2023-11-18,jmathews@gmail.com,Wife far those.
EMP14171,Catherine Williams,HR,Manager,54675.64,2021-02-10,julie16@hotmail.com,Class within large.
EMP14172,Chelsea Mcgee,HR,Analyst,54675.64,2022-05-30,michaelarussell@hotmail.com,Two provide.
EMP14173,Samantha Soto,HR,Intern,54675.64,2023-04-19,rachael59@hotmail.com,Grow man follow.
EMP14174,James Cortez,IT,Executive,54675.64,2020-11-12,james59@harris.com,Way local million.
EMP14175,Dylan Chavez,Finance,Manager,54675.64,2021-10-20,lopezrichard@lee.com,Former much case.
EMP14176,Evelyn Brown,HR,Executive,54675.64,2022-07-30,gary37@pace.com,Teach laugh item.
EMP14177,Jasmine Turner,Sales,Intern,54675.64,2021-11-02,santanaaustin@gmail.com,Stuff participant.
EMP14178,Margaret Marsh,Finance,Analyst,54675.64,2023-08-18,wintersryan@gmail.com,Camera wish past.
EMP14179,Donna Miller,HR,Analyst,54675.64,2021-07-27,oliverjeffery@dorsey-wallace.com,Meeting billion PM.
EMP14180,Katherine Stevens,Sales,Manager,54675.64,2022-05-09,lindsey20@anderson-bray.com,Until social.
EMP14181,Ashley Brooks,Sales,Analyst,54675.64,2023-08-26,gbenton@brown-moore.com,Relationship.
EMP14182,David Henry II,Sales,Executive,54675.64,2021-12-27,joseph78@yahoo.com,Direction capital.
EMP14183,Joshua Crosby,IT,Analyst,54675.64,2022-03-02,marissa40@hotmail.com,Month protect.
EMP14184,Jason Hale,Sales,Analyst,54675.64,2021-06-13,tyler09@hotmail.com,History focus tree.
EMP14185,Janice Oliver,Finance,Analyst,54675.64,2022-01-22,cummingsstephen@huynh.net,Hundred area read.
EMP14186,Felicia Evans,Finance,Executive,54675.64,2021-07-13,davisbrian@bradshaw.com,Serious raise.
EMP14187,Brenda Ferrell,IT,Analyst,54675.64,2021-07-13,dcowan@ward.biz,Message billion.
EMP14188,William Conway,Sales,Executive,54675.64,2022-04-09,douglaswest@yahoo.com,Surface quality.
EMP14189,Tristan Morrison,Finance,Manager,54675.64,2023-06-17,traceywyatt@hotmail.com,What they instead.
EMP14190,Becky Smith,IT,Executive,54675.64,2020-08-09,paulmorgan@gmail.com,Color individual.
EMP14191,Christy Cisneros,Sales,Executive,54675.64,2022-01-11,millerchristine@lucero-lee.com,Eye lose station.
EMP14192,Anthony Young,Finance,Manager,54675.64,2023-01-30,garciadavid@henry-alvarez.biz,Boy far resource.
EMP14193,Amanda Nguyen,Sales,Analyst,54675.64,2021-01-15,christopher52@yahoo.com,Low attention some.
EMP14194,Heather Harmon,IT,Analyst,54675.64,2020-12-23,sstanton@hotmail.com,Out whatever deal.
EMP14195,Monica Calderon,HR,Manager,54675.64,2023-09-19,karina71@gmail.com,During lay mean.
EMP14196,Mrs. Mary Barnes,Finance,Analyst,54675.64,2022-04-12,alice21@hotmail.com,Throw inside.
EMP14197,Scott Hanson,Sales,Analyst,54675.64,2023-08-24,restrada@gmail.com,City sign teacher.
EMP14198,Jessica Brown,Sales,Manager,54675.64,2020-01-01,christina03@gmail.com,Early total teach.
EMP14199,Alexander Williams,HR,Analyst,54675.64,2022-08-03,hannahpena@hartman-lee.org,Word shoulder by.
EMP14200,Ruth Roy,Sales,Intern,54675.64,2021-07-05,vbutler@cruz-mcdonald.com,Present yeah plant.
EMP14201,Allen Smith,IT,Manager,54675.64,2021-08-06,pattersonchristopher@bryant-watkins.com,Size address enough.
EMP14202,Catherine Clayton,IT,Analyst,54675.64,2020-05-24,townsendchristine@gmail.com,Direction human lay.
EMP14203,Robert Flores,Sales,Analyst,54675.64,2022-10-21,claudia63@gmail.com,Benefit claim gas.
EMP14204,Alexis Greer,Sales,Analyst,54675.64,2021-08-12,obrienlucas@phillips.com,Experience think.
EMP14205,Michael Miller,Finance,Intern,54675.64,2021-05-05,yfrederick@hernandez-adams.net,Dinner instead.
EMP14206,Peter Thomas,IT,Analyst,54675.64,2021-05-06,christinediaz@hotmail.com,Since expert trial.
EMP14207,Brian Carpenter,Finance,Manager,54675.64,2021-12-17,anthony46@gmail.com,Statement size.
EMP14208,Dr. Debbie Green,HR,Intern,54675.64,2022-07-14,dan75@yahoo.com,Walk though.
EMP14209,Carla Hughes,Finance,Executive,54675.64,2022-04-14,jefferyhogan@lopez.com,Section difficult.
EMP14210,Samantha Crawford,Sales,Executive,54675.64,2022-04-03,alexisholland@hotmail.com,Purpose reveal even.
EMP14211,Kristina Palmer,Finance,Manager,54675.64,2021-01-16,riceariel@gmail.com,Upon difficult meet.
EMP14212,Timothy Warner,Finance,Manager,54675.64,2022-06-28,rrichards@graham-butler.com,Husband me common.
EMP14213,Mary Cantu,Finance,Analyst,54675.64,2023-06-09,daisyoliver@yahoo.com,Value dinner nor.
EMP14214,Briana Johnson,IT,Analyst,54675.64,2020-10-15,jcosta@davis.com,Top step important.
EMP14215,Laura Peck,Finance,Intern,54675.64,2023-11-20,gallowaylaura@shaw.com,Rate sure win by.
EMP14216,Jeffrey Jordan,HR,Intern,54675.64,2022-07-08,harrispenny@wilkerson.com,Discuss investment.
EMP14217,David Martinez,Finance,Intern,54675.64,2022-08-10,kelsey29@yahoo.com,Discuss fly tend.
EMP14218,Kathleen Murphy,Finance,Intern,54675.64,2022-06-23,gregmclean@pena.biz,Ask various firm.
EMP14219,Tammy Howell,Finance,Executive,54675.64,2023-02-27,maryzavala@yahoo.com,Ahead quality.
EMP14220,Mary Beard,Sales,Executive,54675.64,2023-08-31,jeffreyjackson@garrett.com,Culture marriage.
EMP14221,Karen Campbell,Sales,Manager,54675.64,2022-05-12,dguzman@smith.com,Design price free.
EMP14222,Breanna Novak,HR,Manager,54675.64,2022-03-07,cford@brown-mcclure.com,Feeling ago involve.
EMP14223,Barbara Perez,Sales,Analyst,54675.64,2021-05-16,jessicapowers@farrell.info,Fill range weight.
EMP14224,Ryan Yang,Sales,Analyst,54675.64,2022-04-02,lopezdanny@ramos-sheppard.biz,Clearly politics.
EMP14225,Scott Bryant,IT,Analyst,54675.64,2022-05-11,catherine58@maldonado-english.info,Phone by current.
EMP14226,Diane Neal,HR,Executive,54675.64,2020-05-29,bforbes@thornton-massey.com,Out white world.
EMP14227,Tyler Lopez,Sales,Intern,54675.64,2021-09-08,donnacastillo@gmail.com,Do town pretty.
EMP14228,Laura Reynolds,IT,Executive,54675.64,2021-11-19,whitakercynthia@rodriguez.net,Share tree allow.
EMP14229,Jason Meyer,Sales,Manager,54675.64,2021-01-30,katherine10@hotmail.com,Growth plant last.
EMP14230,Jeffrey Bradley,IT,Executive,54675.64,2020-08-04,andersonnicholas@lewis.com,If more both shake.
EMP14231,Jennifer Bennett,Sales,Analyst,54675.64,2021-04-25,melissajones@yahoo.com,Down during save.
EMP14232,Laura Barker,Sales,Manager,54675.64,2020-06-16,angelaklein@garcia-patterson.com,Local sea reach.
EMP14233,Mark Jones,Sales,Executive,54675.64,2023-04-11,melindawright@nguyen-lynch.com,Police consider.
EMP14234,Madison Smith,Sales,Intern,54675.64,2021-07-29,garyphillips@gmail.com,Detail government.
EMP14235,Alan Leon,Finance,Analyst,54675.64,2020-08-24,dmosley@jones-allen.com,Tree continue.
EMP14236,Lori Finley,Sales,Manager,54675.64,2022-10-30,danny13@gmail.com,Create morning.
EMP14237,Stanley Richardson,HR,Executive,54675.64,2020-03-16,matthew55@juarez.com,Though expect.
EMP14238,Shari Cardenas,Finance,Manager,54675.64,2023-05-22,rli@hotmail.com,Sing painting.
EMP14239,Charles Burke,HR,Manager,54675.64,2023-02-18,livingstonjason@hotmail.com,Matter travel.
EMP14240,Darren Jones,Finance,Executive,54675.64,2022-08-24,richard79@schwartz.com,Nature picture also.
EMP14241,Teresa White,Finance,Analyst,54675.64,2023-04-11,hobrien@yahoo.com,Interest discussion.
EMP14242,Erin Rangel,HR,Executive,54675.64,2022-05-02,michael67@dixon.net,Significant social.
EMP14243,Mary Davis,IT,Intern,54675.64,2023-06-07,joseolsen@singh-vasquez.com,Green increase by.
EMP14244,Diana Robbins,HR,Intern,54675.64,2022-09-08,georgeballard@yahoo.com,Political old risk.
EMP14245,Rachel Miller,Sales,Analyst,54675.64,2020-01-13,sharon54@hotmail.com,Top room imagine.
EMP14246,Rachel Fox,Sales,Manager,54675.64,2020-03-04,thomasburke@hotmail.com,Feeling during.
EMP14247,Melissa Wade,HR,Analyst,54675.64,2021-12-28,allenjames@walter.com,Good those system.
EMP14248,Bradley Williams,IT,Analyst,54675.64,2021-10-31,angela95@yahoo.com,Only Congress argue.
EMP14249,Stacy Price,Finance,Manager,54675.64,2022-09-27,wilsonshaun@walsh.com,Man growth my just.
EMP14250,Paul Li,Finance,Executive,54675.64,2021-07-19,virginiafletcher@yahoo.com,Certainly society.
EMP14251,Robert Keller,Sales,Manager,54675.64,2022-04-04,riddlebrittany@yahoo.com,Card stop director.
EMP14252,Erin Wong PhD,IT,Analyst,54675.64,2021-06-13,jacksonsteven@howell.com,Sound resource.
EMP14253,Amanda Ruiz,Finance,Intern,54675.64,2021-11-23,gomezgina@hotmail.com,Long world sport.
EMP14254,Leslie Anderson,Finance,Executive,54675.64,2022-02-26,benderlouis@yahoo.com,Former.
EMP14255,Robert Jones,Sales,Executive,54675.64,2021-04-26,daniel70@hotmail.com,Develop camera.
EMP14256,Jerry Sloan,IT,Manager,54675.64,2020-03-27,robin26@turner-brooks.biz,Necessary finish.
EMP14257,Michele Powers,Finance,Manager,54675.64,2023-12-20,valerie03@moore.com,Ok firm nor federal.
EMP14258,Michelle Hill,IT,Analyst,54675.64,2021-11-17,smithkristen@parker.com,Traditional enter.
EMP14259,Jeffrey Rogers,IT,Executive,54675.64,2022-12-15,michael95@yahoo.com,Structure cultural.
EMP14260,Derrick Jones,Sales,Executive,54675.64,2022-03-11,cunninghamkyle@gmail.com,Report not area.
EMP14261,Jamie Osborne,Finance,Manager,54675.64,2021-12-29,cmurphy@yahoo.com,Break piece fact.
EMP14262,Robert Flores,Sales,Manager,54675.64,2021-09-01,brookscarlos@gmail.com,Day policy else.
EMP14263,Heather Lee,HR,Intern,54675.64,2022-03-04,amy54@hotmail.com,Along common some.
EMP14264,Jennifer Cowan,Finance,Analyst,54675.64,2023-09-10,colleen12@torres-smith.org,Rather step up.
EMP14265,Adrienne Parker,IT,Intern,54675.64,2022-05-26,earl80@kramer.com,Energy case.
EMP14266,Devin Harrison,IT,Analyst,54675.64,2020-11-11,angela69@hotmail.com,Act key myself.
EMP14267,Madeline Baldwin,Finance,Intern,54675.64,2022-07-21,ypayne@perkins.com,Drop live yourself.
EMP14268,Shawn Mercer,Sales,Executive,54675.64,2020-04-16,gschroeder@nelson-riley.com,Couple add benefit.
EMP14269,Joseph Davis,IT,Manager,54675.64,2022-08-27,graceallen@sims.net,Boy early between.
EMP14270,Frederick Murray,Finance,Analyst,54675.64,2021-02-21,ipowell@hoover.com,Woman thing through.
EMP14271,Brent Miller,IT,Executive,54675.64,2020-04-30,ryanwelch@yahoo.com,Soldier green.
EMP14272,Michelle Tate,Sales,Analyst,54675.64,2020-01-12,ashleyclark@frank.com,Trouble road vote.
EMP14273,Darryl White,Finance,Executive,54675.64,2020-12-14,conwaybryan@gregory.com,During spend line.
EMP14274,Linda Dean,Sales,Analyst,54675.64,2021-07-04,robert15@meza.biz,Crime point try.
EMP14275,Rachel Jackson,Sales,Manager,54675.64,2023-03-16,wilsonbrittany@gmail.com,Thing clearly.
EMP14276,Bob James,Finance,Executive,54675.64,2020-01-29,gloria78@jackson-cox.com,Class quickly on.
EMP14277,John Burns,Sales,Manager,54675.64,2021-08-24,dunnalan@bender-taylor.com,North pass myself.
EMP14278,Beverly Johnson,Sales,Manager,54675.64,2021-05-07,wrightdiane@yahoo.com,Tax challenge.
EMP14279,Laurie Camacho,Sales,Executive,54675.64,2023-10-12,travisalexandra@gmail.com,Sign charge.
EMP14280,Jennifer Osborne,IT,Analyst,54675.64,2022-05-29,harrisonemma@love.com,Power his medical.
EMP14281,April Matthews,Sales,Analyst,54675.64,2022-01-24,michellebell@gmail.com,Fill understand him.
EMP14282,Steven Bradford,HR,Executive,54675.64,2023-06-03,stonerobert@gmail.com,Call debate window.
EMP14283,Teresa Hayes,IT,Executive,54675.64,2023-09-17,shawn37@hotmail.com,Since better pay.
EMP14284,April Meyers,HR,Intern,54675.64,2022-05-14,kennethgordon@gmail.com,Program picture.
EMP14285,Guy Greer,Sales,Manager,54675.64,2021-05-28,tkhan@yahoo.com,Cause soon recently.
EMP14286,Ronald Lucero,Sales,Executive,54675.64,2023-03-25,tommy11@nelson-kirk.com,Live room often or.
EMP14287,Robert Berger,IT,Executive,54675.64,2021-06-29,paulkline@baird.com,Should century he.
EMP14288,Cassandra Brown,Sales,Executive,54675.64,2020-10-03,rodriguezsarah@nelson-anderson.com,Right memory adult.
EMP14289,Ashley Wise,IT,Manager,54675.64,2023-09-24,nathanlopez@wilson.com,Task central arm.
EMP14290,William Peters,Finance,Manager,54675.64,2021-12-18,wooddonald@gmail.com,Draw moment product.
EMP14291,Joy Clark,IT,Manager,54675.64,2020-12-02,michael68@dawson-beasley.org,Guess near unit.
EMP14292,Jennifer Taylor,Sales,Manager,54675.64,2021-03-15,andersonbrent@gmail.com,Expert drive goal.
EMP14293,Sarah Bradley,IT,Intern,54675.64,2023-11-13,russokaitlyn@hotmail.com,Decide apply forget.
EMP14294,Samuel Le,IT,Intern,54675.64,2023-09-26,preston96@compton.com,Strong political.
EMP14295,Caroline Ray,IT,Executive,54675.64,2022-02-28,marthacoleman@yahoo.com,Director really.
EMP14296,Randall Hayes,Sales,Manager,54675.64,2021-11-29,xmorgan@hotmail.com,Situation store.
EMP14297,Leslie Gutierrez,IT,Executive,54675.64,2022-07-24,johnsonrebecca@gmail.com,Writer boy rise.
EMP14298,Chloe Morales,HR,Manager,54675.64,2023-01-12,hcruz@diaz-anderson.com,Appear worker.
EMP14299,John Thomas,Finance,Executive,54675.64,2022-09-14,martinjoanna@gmail.com,Sister realize.
EMP14300,Kyle Wright,Finance,Analyst,54675.64,2023-04-29,mary80@hernandez.com,Important pattern.
EMP14301,Samantha Bell,Finance,Manager,54675.64,2022-07-16,owensjanice@watson.biz,Such ask choose.
EMP14302,Leslie Johnston,IT,Executive,54675.64,2020-10-27,michael59@barber.com,Thought teacher.
EMP14303,Brett Kidd,IT,Executive,54675.64,2023-09-24,jenniferromero@lopez.biz,There either need.
EMP14304,Ryan Williams,Finance,Manager,54675.64,2022-01-01,aliciasmith@hotmail.com,Every fall six our.
EMP14305,Adam Ferguson,Finance,Manager,54675.64,2021-04-15,jason65@anderson-scott.com,Place defense clear.
EMP14306,Susan Smith,Sales,Intern,54675.64,2022-11-22,natalieclements@gmail.com,Without fear young.
EMP14307,Andrea Sanchez,IT,Executive,54675.64,2021-04-10,freemanchristopher@yahoo.com,Ability truth by.
EMP14308,Angela Ross,Sales,Analyst,54675.64,2020-10-17,lorilopez@hotmail.com,When show this fish.
EMP14309,Jose Trevino,IT,Intern,54675.64,2020-10-28,luis95@yahoo.com,Oil within ten.
EMP14310,Melanie Jackson,Finance,Manager,54675.64,2021-09-30,ifrench@brown-king.net,Wrong or wrong give.
EMP14311,Bryan Jackson,HR,Analyst,54675.64,2021-04-29,michellegreen@gmail.com,Heart American.
EMP14312,Mark Miller,Sales,Executive,54675.64,2022-05-23,jenniferramirez@yahoo.com,Chance go difficult.
EMP14313,Tanner Norton,HR,Intern,54675.64,2021-11-06,cgillespie@yahoo.com,At moment exist.
EMP14314,Fernando Pollard,IT,Intern,54675.64,2020-12-29,arianasantiago@yahoo.com,Task wife through.
EMP14315,Laura Fuller,HR,Executive,54675.64,2021-12-02,david76@yahoo.com,Spend wait beyond.
EMP14316,Michael Bass,Finance,Analyst,54675.64,2023-01-11,wellsdrew@reed.com,Through animal set.
EMP14317,Terry Carter,IT,Manager,54675.64,2022-05-17,yirwin@johnson.com,And run down after.
EMP14318,Tracy Wilson PhD,Finance,Intern,54675.64,2020-12-28,mgray@gmail.com,Relate court adult.
EMP14319,Shawn Martin,IT,Executive,54675.64,2020-01-26,murphyjames@johns-henry.com,Scientist think.
EMP14320,Nathaniel Hernandez,IT,Manager,54675.64,2021-10-08,alexphillips@williams-strickland.com,If claim instead.
EMP14321,Michael Duran,IT,Manager,54675.64,2020-12-08,lance52@yahoo.com,Customer simply.
EMP14322,Abigail Kennedy,Finance,Analyst,54675.64,2021-01-07,mlester@conner.biz,Later main rest.
EMP14323,Donald Kidd,IT,Executive,54675.64,2021-12-27,dawn82@stone-mendez.com,Where final vote.
EMP14324,Donna Hernandez,IT,Manager,54675.64,2022-07-16,krausemark@doyle.com,Subject name head.
EMP14325,Michael Sanchez,Sales,Manager,54675.64,2022-04-26,harriswilliam@hotmail.com,Hotel catch the.
EMP14326,Alex Daniels,Finance,Intern,54675.64,2021-04-19,david80@yahoo.com,Piece quickly.
EMP14327,Tyler Nichols,IT,Manager,54675.64,2023-01-09,cindy06@oliver.com,Accept necessary.
EMP14328,Jill Simmons,IT,Executive,54675.64,2020-12-05,bonnieacosta@brown.com,Budget population.
EMP14329,Dr. Stanley Wolfe,IT,Intern,54675.64,2022-08-10,christine24@hotmail.com,Up themselves.
EMP14330,Jennifer Hill,HR,Analyst,54675.64,2023-02-20,wpittman@gmail.com,Measure include.
EMP14331,Robin Scott,HR,Intern,54675.64,2021-03-21,douglas91@hotmail.com,Run us some option.
EMP14332,Karen Harper,Sales,Analyst,54675.64,2022-07-12,kaitlyn20@walters-boone.com,Claim list above.
EMP14333,Katherine Smith,HR,Executive,54675.64,2022-06-11,lawsongary@arnold.com,Paper board box.
EMP14334,Oscar Miller,Sales,Analyst,54675.64,2022-01-04,douglashodge@yahoo.com,Contain fish.
EMP14335,Faith Miller,IT,Analyst,54675.64,2020-05-01,elizabethpayne@davis.biz,Fish home prepare.
EMP14336,Russell Jacobson,Finance,Analyst,54675.64,2020-03-20,robertprice@figueroa-salinas.com,Plan season not cup.
EMP14337,Lisa Perez,IT,Analyst,54675.64,2020-11-29,ashleynathaniel@wiley-smith.com,Reveal save perform.
EMP14338,Timothy Boyd,Finance,Analyst,54675.64,2022-10-03,rpacheco@hernandez.com,Decision song up.
EMP14339,Dr. Susan Wang,Sales,Intern,54675.64,2020-03-14,angeljames@wall.com,Dog worker Congress.
EMP14340,Ashley Simon,Finance,Manager,54675.64,2022-01-06,norma93@yahoo.com,World other suggest.
EMP14341,Brian Mckinney,Sales,Intern,54675.64,2023-08-13,zwalters@yahoo.com,Ready point art.
EMP14342,Jessica Lawson,Sales,Intern,54675.64,2020-03-26,johnwallace@cruz-nash.com,Event before watch.
EMP14343,Taylor Murphy,Finance,Executive,54675.64,2022-04-13,tfrancis@taylor-perry.info,Among between.
EMP14344,Paula Contreras,IT,Manager,54675.64,2022-02-13,kbaldwin@yahoo.com,This draw do amount.
EMP14345,Mary Roberts,HR,Manager,54675.64,2021-05-14,gabriellehouston@best.com,Student southern.
EMP14346,Kenneth Murphy,IT,Executive,54675.64,2020-05-02,james62@yahoo.com,Create stage growth.
EMP14347,Laura Hale DVM,Sales,Manager,54675.64,2021-09-30,ijones@roberts.com,Order body agent.
EMP14348,Tracy Villegas,IT,Analyst,54675.64,2023-12-23,briancopeland@martin-bush.com,Much on vote hope.
EMP14349,Donald Clayton,IT,Manager,54675.64,2020-06-15,cindy51@gmail.com,Structure thing.
EMP14350,Christina Steele,IT,Executive,54675.64,2021-03-06,eferguson@lawrence-jones.com,Decade blood bit.
EMP14351,Ashley Reed,HR,Intern,54675.64,2020-02-07,leahmiller@sandoval.net,Create hear body.
EMP14352,Michael Cruz,Finance,Manager,54675.64,2021-02-04,ilucas@yahoo.com,Teach perform baby.
EMP14353,Tom Contreras,HR,Analyst,54675.64,2022-08-27,spencerjenna@davis.com,Produce find check.
EMP14354,Leslie Byrd,IT,Executive,54675.64,2021-08-13,umitchell@gmail.com,Scene over truth.
EMP14355,Francisco Preston,Finance,Manager,54675.64,2022-08-22,phillipsjohn@brown.com,Total decade beat.
EMP14356,Roger Mason,IT,Intern,54675.64,2022-01-23,amberfernandez@mayer.com,Statement real.
EMP14357,Ryan Gonzalez,Sales,Analyst,54675.64,2020-04-11,ehancock@hotmail.com,Ok leg close watch.
EMP14358,Mark Espinoza,IT,Executive,54675.64,2022-02-10,sue14@gmail.com,Produce prevent.
EMP14359,Susan Garcia,Finance,Executive,54675.64,2021-04-09,brian24@walters-sawyer.com,Good stop.
EMP14360,Matthew Thompson,HR,Analyst,54675.64,2023-11-30,cherrybrenda@gmail.com,Common center break.
EMP14361,Joseph Roberts,HR,Executive,54675.64,2023-11-13,dylanlewis@robbins.net,Pressure trouble.
EMP14362,Alex Pugh,IT,Executive,54675.64,2023-04-26,burkejohn@williams.biz,Boy yard indicate.
EMP14363,Michelle Salinas,HR,Intern,54675.64,2022-01-19,brandonnguyen@yahoo.com,Doctor must bed.
EMP14364,Charles Kennedy,Finance,Manager,54675.64,2022-11-25,huffmaria@brock.com,Several.
EMP14365,Katherine Lane,HR,Analyst,54675.64,2022-05-19,waltoncrystal@hotmail.com,Plant deep stop.
EMP14366,Jim Graham,HR,Manager,54675.64,2020-07-30,fwise@roman-clark.info,Present firm.
EMP14367,Mark Jordan,IT,Intern,54675.64,2023-10-21,emilybender@gmail.com,Person report move.
EMP14368,James Smith,Finance,Manager,54675.64,2020-11-08,tweaver@hale.net,Race keep nation.
EMP14369,Tracy Nixon,Finance,Intern,54675.64,2022-05-23,brittany61@hotmail.com,Old owner help walk.
EMP14370,Dennis Robertson,Sales,Manager,54675.64,2021-05-17,xmason@davidson-wood.info,Write think method.
EMP14371,Erin Dawson,HR,Analyst,54675.64,2022-05-26,nmontoya@cameron-miller.com,Apply reveal.
EMP14372,Richard Lowe,Finance,Executive,54675.64,2022-08-31,bentleychad@parsons-roberts.biz,Detail walk next.
EMP14373,Yvonne King,Sales,Analyst,54675.64,2021-08-18,douglas19@larson-berger.biz,Democrat more.
EMP14374,Amanda Page,IT,Executive,54675.64,2020-03-30,vasquezethan@hotmail.com,Finally great there.
EMP14375,Michael Cooper,Sales,Analyst,54675.64,2020-11-02,richardjuarez@gmail.com,Each both local it.
EMP14376,Robert Love,Sales,Executive,54675.64,2021-08-18,littledavid@harris.com,Decide describe.
EMP14377,Jerry Jones,Finance,Manager,54675.64,2020-04-15,tamarafox@holmes.com,Fear concern factor.
EMP14378,Kurt Acosta,Sales,Manager,54675.64,2020-07-21,james19@gmail.com,Study face.
EMP14379,Betty Lee,IT,Executive,54675.64,2020-11-22,jacobray@jenkins.com,Brother smile.
EMP14380,Sabrina Sutton,Finance,Manager,54675.64,2023-08-27,romerojeremiah@potter-thomas.com,Power course offer.
EMP14381,Amy Martin,Finance,Intern,54675.64,2022-11-20,stephanie92@yahoo.com,Rather admit be.
EMP14382,Steven Moore,Finance,Analyst,54675.64,2020-02-19,qgordon@larson.com,Kind coach senior.
EMP14383,Brandon Smith,Finance,Analyst,54675.64,2022-06-22,parsonsdavid@yahoo.com,Well organization.
EMP14384,Jennifer Nicholson,IT,Analyst,54675.64,2020-03-27,karen58@downs.com,Prove all away sell.
EMP14385,Christy Diaz,IT,Executive,54675.64,2022-12-24,arnoldheather@gmail.com,Party article.
EMP14386,Gabriel Hansen,IT,Executive,54675.64,2022-01-20,aaron19@diaz.biz,Attack daughter.
EMP14387,Wayne Brandt,HR,Analyst,54675.64,2022-02-16,johnallen@hotmail.com,Arm with turn five.
EMP14388,Kevin Navarro,IT,Executive,54675.64,2021-08-22,brendajohnson@gmail.com,Catch hundred.
EMP14389,Donna Santiago,Sales,Intern,54675.64,2020-11-30,ojones@preston.org,Mr for sing prove.
EMP14390,Jennifer Hernandez,Finance,Intern,54675.64,2023-04-14,danielmeyer@flores-taylor.com,Site sometimes less.
EMP14391,Garrett Parsons,Sales,Analyst,54675.64,2021-10-22,johnsoncatherine@hotmail.com,Administration stay.
EMP14392,Joseph King,IT,Manager,54675.64,2021-04-14,ahall@jones.org,North thought.
EMP14393,Zachary Nunez,HR,Manager,54675.64,2022-11-13,andrewrichards@lee.com,The hit yes rock.
EMP14394,Tanner Watson,HR,Manager,54675.64,2022-08-27,katiepatel@combs-moss.com,Hair popular have.
EMP14395,Meagan Blackburn,Finance,Analyst,54675.64,2023-09-10,gregorychelsea@hotmail.com,According far.
EMP14396,Michael Gonzalez,IT,Executive,54675.64,2022-03-11,zgraham@gmail.com,Small charge heart.
EMP14397,Crystal Bell,HR,Analyst,54675.64,2020-02-05,xspencer@gregory.biz,Piece after.
EMP14398,Michael Farrell,Sales,Analyst,54675.64,2022-07-09,tyler21@hotmail.com,Serious miss box.
EMP14399,Aaron Anderson,HR,Analyst,54675.64,2020-08-19,collierjodi@hotmail.com,Last join good.
EMP14400,Mark Day DDS,Finance,Manager,54675.64,2021-11-28,suarezcatherine@yahoo.com,You call course.
EMP14401,Christian Irwin,HR,Manager,54675.64,2023-09-07,michaelsullivan@yahoo.com,Spend tonight.
EMP14402,Wendy Jenkins,IT,Manager,54675.64,2023-06-03,alexis92@lawson-gonzalez.com,Join moment check.
EMP14403,Theresa Sanders,Sales,Analyst,54675.64,2020-12-25,robin36@hicks.com,Message capital.
EMP14404,George Stewart,Finance,Executive,54675.64,2022-07-28,areed@adams.com,Into girl case.
EMP14405,Debra Heath,Finance,Executive,54675.64,2023-04-29,michele06@stanton-hamilton.com,Car rock yes and.
EMP14406,Brenda Nguyen,HR,Executive,54675.64,2023-04-11,josephhancock@hotmail.com,Policy nature.
EMP14407,Tracy Fox,Finance,Executive,54675.64,2021-04-10,tracey29@johnson.net,Kid ten development.
EMP14408,Ian Pierce,HR,Executive,54675.64,2020-07-17,ellisjay@hotmail.com,Matter difficult.
EMP14409,Nicholas Beasley,Sales,Executive,54675.64,2022-05-04,hernandezjason@yahoo.com,Recognize size.
EMP14410,Tanner Frazier,HR,Analyst,54675.64,2022-01-10,barneschristopher@gmail.com,Must system.
EMP14411,Alexandra Patterson,Finance,Intern,54675.64,2020-05-08,rlopez@gmail.com,Wall person player.
EMP14412,Catherine Cuevas,Sales,Manager,54675.64,2022-10-12,brian12@miller.com,Thank simply agree.
EMP14413,Jaime Buckley,HR,Executive,54675.64,2020-12-07,johnnyfarmer@harris.com,Control establish.
EMP14414,Anthony Scott,Finance,Manager,54675.64,2023-01-11,vbishop@yahoo.com,But response.
EMP14415,Amanda Gonzalez,Finance,Intern,54675.64,2022-05-11,hhendricks@collins-hall.org,Hand rule sound.
EMP14416,Matthew Nash,IT,Intern,54675.64,2023-03-06,tmartin@washington.com,Board say design.
EMP14417,Danielle Ramos,HR,Analyst,54675.64,2020-06-11,julie96@mcbride.com,Anything discuss.
EMP14418,Madison Barnett,HR,Executive,54675.64,2020-05-20,acostabenjamin@gmail.com,On suddenly drug.
EMP14419,Scott Perry,HR,Intern,54675.64,2021-10-27,russellriddle@durham.com,Foreign happen mean.
EMP14420,Cody Brown,Sales,Manager,54675.64,2020-06-21,williamselizabeth@yahoo.com,Impact explain.
EMP14421,Chad Gonzalez,Sales,Intern,54675.64,2020-06-27,melaniejones@yahoo.com,Machine behind.
EMP14422,Thomas Williams,IT,Analyst,54675.64,2023-03-22,melaniemaldonado@yahoo.com,Maintain investment.
EMP14423,Shane Castillo,IT,Analyst,54675.64,2021-04-03,kevin65@harvey.com,Purpose respond.
EMP14424,John Nguyen,IT,Intern,54675.64,2021-07-18,mcdanielzachary@peterson.com,Economic those.
EMP14425,Francisco Sutton DVM,Finance,Intern,54675.64,2022-07-17,robertsonmark@house.com,Health place.
EMP14426,Bryan Welch,Finance,Executive,54675.64,2022-01-07,melanie90@warren-diaz.com,Value court great.
EMP14427,Dan Ray,IT,Intern,54675.64,2020-04-14,wilsonkelly@gutierrez.com,Western near.
EMP14428,Tracy James,Finance,Manager,54675.64,2021-12-07,usnow@shah.com,Plan new agency.
EMP14429,Daniel English,IT,Executive,54675.64,2022-06-18,wheelerjasmine@gmail.com,Sell garden air.
EMP14430,Crystal Payne,Sales,Intern,54675.64,2023-05-08,morgandavid@yahoo.com,Eight open cell.
EMP14431,Jeffrey Mendez,Finance,Executive,54675.64,2020-11-10,maryjohnson@hotmail.com,Now blue talk.
EMP14432,Jorge Mccann,Finance,Executive,54675.64,2021-02-09,patrick19@schultz-miller.net,Gun several law.
EMP14433,Aaron Sutton,IT,Executive,54675.64,2021-11-08,megan11@parks.com,Ahead body each.
EMP14434,Kristine Chan,HR,Analyst,54675.64,2021-12-28,victormartinez@choi-allen.com,Law right feeling.
EMP14435,Erika Carter,IT,Analyst,54675.64,2020-10-13,debbiehahn@yahoo.com,Organization four.
EMP14436,Megan Riley,Finance,Intern,54675.64,2022-03-27,david37@atkins.com,If eye evening.
EMP14437,Lori Hughes,Finance,Analyst,54675.64,2022-05-30,anthony80@blake.com,Play mention push.
EMP14438,Curtis Watkins,IT,Intern,54675.64,2020-12-31,smitheric@gmail.com,Deal too give there.
EMP14439,Caitlin Adams,IT,Manager,54675.64,2023-05-25,jacquelinejackson@knight.net,Professor day.
EMP14440,Karen Phillips,IT,Executive,54675.64,2021-07-03,gayshane@hotmail.com,Up each out car.
EMP14441,Damon Mason,Finance,Intern,54675.64,2022-10-11,john24@morris-ellison.com,House can set deal.
EMP14442,Julia Sullivan,Finance,Analyst,54675.64,2020-10-31,nicolemalone@yahoo.com,Art level see seem.
EMP14443,Troy Poole,Finance,Analyst,54675.64,2021-12-30,emiddleton@hill.net,Shake ahead world.
EMP14444,Andres Miller,Sales,Analyst,54675.64,2023-01-28,mhoffman@bates.biz,System structure.
EMP14445,Christopher Walker,IT,Analyst,54675.64,2021-02-14,hannah73@gmail.com,Kitchen these.
EMP14446,Guy Gibson,Sales,Intern,54675.64,2021-06-18,taylor75@perry.info,Rather through.
EMP14447,Anthony Hawkins,IT,Analyst,54675.64,2020-12-05,amydowns@gmail.com,Help security home.
EMP14448,Dale Jackson,Sales,Manager,54675.64,2022-10-02,ashlee54@mahoney-crawford.com,Statement site.
EMP14449,Dr. Samantha Johnson,IT,Intern,54675.64,2020-10-09,enewman@yahoo.com,Develop month.
EMP14450,Danny Guzman,HR,Manager,54675.64,2021-08-15,allenjon@gmail.com,Significant scene.
EMP14451,Mr. George Taylor,Sales,Manager,54675.64,2020-05-10,ejackson@gmail.com,Choose color.
EMP14452,Gina Meyer,Finance,Executive,54675.64,2020-04-13,stephaniehall@yahoo.com,Too stuff general.
EMP14453,Benjamin Powers,Finance,Manager,54675.64,2021-12-02,davidsanchez@fuller.org,Test factor long.
EMP14454,Crystal Smith,Sales,Manager,54675.64,2020-09-08,alexanderhayes@fuentes.com,Hotel exactly.
EMP14455,Stephanie Austin,IT,Executive,54675.64,2022-02-20,jgomez@gonzalez.com,Space arm get item.
EMP14456,Taylor Mullins,Sales,Intern,54675.64,2021-11-14,alexis19@yahoo.com,Group open control.
EMP14457,Samantha Wilcox,Finance,Intern,54675.64,2020-01-25,jonathan34@gmail.com,Beyond worry.
EMP14458,Michelle Davis,Finance,Intern,54675.64,2023-04-27,samuelblair@hull.com,Various behavior.
EMP14459,Karen Kim,Finance,Manager,54675.64,2022-09-26,dianemitchell@bennett-nguyen.com,Theory fear.
EMP14460,Devon Robertson,Sales,Manager,54675.64,2020-07-21,ericbrady@lambert.com,People most spend.
EMP14461,Ana Mckay,Sales,Intern,54675.64,2020-02-21,ethan83@gmail.com,Go manage before.
EMP14462,Ryan Francis,HR,Intern,54675.64,2021-10-13,tony81@gmail.com,Market scientist.
EMP14463,Anthony Brown,IT,Manager,54675.64,2021-04-12,maddoxwayne@smith.com,Example nothing.
EMP14464,Matthew Stewart,HR,Analyst,54675.64,2022-01-27,michael26@murray-adams.net,Long eat break.
EMP14465,Casey Bridges,Finance,Analyst,54675.64,2023-12-12,brodriguez@oconnor-blair.com,Remain remain bad.
EMP14466,Brian Harris,HR,Executive,54675.64,2022-03-01,johnwilliams@yahoo.com,Land when should.
EMP14467,Cristian Smith,Finance,Intern,54675.64,2022-07-03,parkaustin@hotmail.com,Note heavy with.
EMP14468,Jason Owens,IT,Intern,54675.64,2020-04-29,nicholsvirginia@gmail.com,Care book clear.
EMP14469,Miguel Mendoza,HR,Executive,54675.64,2020-09-13,morenoalexander@baldwin-kim.biz,Seat history health.
EMP14470,Nicholas Barber,Finance,Executive,54675.64,2023-05-01,jessica58@fernandez-lawrence.com,Return seven.
EMP14471,Ruth Dennis,HR,Executive,54675.64,2020-05-12,baileyjeffrey@gmail.com,Argue report exist.
EMP14472,Bryan Washington,Sales,Executive,54675.64,2020-07-03,melissa39@hotmail.com,Head wife important.
EMP14473,Nathan Hamilton,Sales,Intern,54675.64,2023-03-19,vlowery@benson-bryant.com,Money about senior.
EMP14474,Courtney Taylor,IT,Intern,54675.64,2023-12-21,emily95@wilson.info,Fine whole if.
EMP14475,Julia Livingston,IT,Analyst,54675.64,2020-09-14,amanda37@brown.com,Nothing admit girl.
EMP14476,Karl Sampson,HR,Analyst,54675.64,2022-01-17,billy86@burke.com,Inside approach guy.
EMP14477,Dr. Matthew Allen PhD,IT,Manager,54675.64,2023-11-15,dianabrown@gmail.com,Letter me forward.
EMP14478,Cheryl Johnson,IT,Intern,54675.64,2020-10-03,jenningswilliam@yahoo.com,Technology minute.
EMP14479,Garrett Gomez,Sales,Manager,54675.64,2023-09-12,jesse59@yahoo.com,Door even laugh.
EMP14480,Erik Shepherd,HR,Intern,54675.64,2020-04-29,richardlopez@yahoo.com,Key cause matter.
EMP14481,Jose Finley,Sales,Intern,54675.64,2021-08-07,carrie92@wood.com,Shoulder vote than.
EMP14482,Cindy Guerrero,Sales,Analyst,54675.64,2020-09-07,maria58@hotmail.com,Policy describe.
EMP14483,Brenda Avila,Sales,Analyst,54675.64,2020-04-24,hartdiana@copeland-stewart.com,Pick simply eat.
EMP14484,Deanna Hinton,HR,Manager,54675.64,2022-08-02,stephaniechambers@hotmail.com,Executive finally.
EMP14485,Evelyn Russo,HR,Manager,54675.64,2023-11-20,meagancordova@ramirez.net,Training attack.
EMP14486,Scott Riley,HR,Executive,54675.64,2020-05-17,colemandaniel@wiggins.com,Along decade option.
EMP14487,Austin Wang,Sales,Manager,54675.64,2021-09-16,stephaniebarry@hotmail.com,Act key evening.
EMP14488,Marissa Hughes,IT,Intern,54675.64,2021-08-08,tfigueroa@munoz.org,Seek support road.
EMP14489,Jose Williams,HR,Intern,54675.64,2022-01-11,april63@mueller-valenzuela.com,Look attorney dark.
EMP14490,Michelle Holloway,IT,Intern,54675.64,2020-09-16,carrieoconnell@madden.info,Mr indicate second.
EMP14491,Jenna Davenport,Sales,Analyst,54675.64,2021-07-29,emily58@hotmail.com,Reality meeting.
EMP14492,Brian Edwards,Finance,Executive,54675.64,2023-08-21,johnsonconnie@gmail.com,Choice sing film.
EMP14493,Deborah Harper,HR,Intern,54675.64,2021-09-03,ehart@williams.com,Go son step mind.
EMP14494,Jamie Brewer,IT,Executive,54675.64,2023-03-24,ycook@yahoo.com,News technology.
EMP14495,Steven Moore,HR,Executive,54675.64,2022-10-26,conniemay@fry.com,Weight personal.
EMP14496,Sherry Moore,Sales,Intern,54675.64,2021-09-07,fwood@yahoo.com,Successful.
EMP14497,Shelby Coleman,HR,Executive,54675.64,2022-04-05,stucker@gmail.com,Mrs enjoy practice.
EMP14498,Richard Wells,Sales,Intern,54675.64,2022-02-02,pbanks@hotmail.com,Always something.
EMP14499,Jocelyn Stevens,Finance,Intern,54675.64,2021-06-27,amyfarmer@gmail.com,Prove above draw.
EMP14500,John Perez,Sales,Intern,54675.64,2023-12-16,kevin44@yahoo.com,Approach consumer.
EMP14501,Michael Bennett,Finance,Analyst,54675.64,2022-11-19,woodedward@vega-jordan.biz,Control miss about.
EMP14502,Beth Stone,Finance,Analyst,54675.64,2023-08-17,kevinjuarez@gmail.com,Strategy pretty.
EMP14503,Wesley Gordon,Finance,Manager,54675.64,2021-01-04,vward@cowan.com,Should me dog news.
EMP14504,Aaron Sandoval Jr.,IT,Intern,54675.64,2022-07-13,brittany76@kaiser-mckinney.com,Together become.
EMP14505,Karina Porter,Sales,Intern,54675.64,2023-03-19,elizabethsmith@hotmail.com,Ahead budget show.
EMP14506,Janice Howell,Finance,Intern,54675.64,2021-10-01,pcarr@yahoo.com,Performance budget.
EMP14507,Robert Sims,Sales,Manager,54675.64,2020-05-04,brennanandrea@hotmail.com,Value throughout.
EMP14508,Kimberly Valenzuela,HR,Analyst,54675.64,2022-12-13,parkerloretta@hotmail.com,Though huge very.
EMP14509,Stephanie Goodwin,Sales,Analyst,54675.64,2020-06-08,martinrobert@wells.com,Service show.
EMP14510,Karen Fleming,Sales,Manager,54675.64,2023-03-25,jenniferrangel@yahoo.com,How about than.
EMP14511,Cindy Watson,Sales,Intern,54675.64,2021-01-29,mbutler@ingram-ortiz.org,Perform fall.
EMP14512,Madeline Dalton,Sales,Intern,54675.64,2023-12-17,feliciaramirez@yahoo.com,Behind nice why.
EMP14513,Jerry Lawson,IT,Analyst,54675.64,2022-07-01,davidmartin@gmail.com,Whom exactly fear.
EMP14514,Jennifer Ross,Finance,Intern,54675.64,2022-04-23,goodmanjody@hotmail.com,One democratic.
EMP14515,Mary Stevens,Finance,Analyst,54675.64,2021-01-05,brookewilson@molina-williams.com,Bed stage become.
EMP14516,Marc Nelson,Finance,Intern,54675.64,2023-04-05,sherryglenn@perez.com,Group guess reflect.
EMP14517,Rebecca Mccormick,HR,Executive,54675.64,2021-10-26,cameron24@hotmail.com,Necessary hard.
EMP14518,Timothy Parks,HR,Analyst,54675.64,2020-11-19,rwilliams@yahoo.com,Such letter.
EMP14519,Sharon Clark,Sales,Executive,54675.64,2020-07-08,nbarker@trevino.com,Nice billion.
EMP14520,Sierra Maldonado,IT,Analyst,54675.64,2021-05-26,christopher68@hotmail.com,There sound enough.
EMP14521,Stephanie Hines,IT,Manager,54675.64,2020-10-11,smithcatherine@grant.com,Order expert this.
EMP14522,Melissa Davis,Sales,Analyst,54675.64,2020-08-26,yvonneholt@pitts-moran.net,According business.
EMP14523,Erik Williams,Sales,Analyst,54675.64,2021-08-07,aaron64@hamilton-clark.com,Skill office.
EMP14524,Terry Boyer,Finance,Intern,54675.64,2021-11-12,bethany19@hotmail.com,News often.
EMP14525,Dominique Rowe,HR,Intern,54675.64,2021-03-21,nancyreyes@tyler.com,Thus difficult tax.
EMP14526,Mathew Archer,HR,Manager,54675.64,2023-05-07,marilyn95@hotmail.com,Seven practice.
EMP14527,Blake Contreras,HR,Intern,54675.64,2023-05-07,laurenhall@hotmail.com,Country throw.
EMP14528,Seth Aguirre,HR,Intern,54675.64,2020-01-21,melanielopez@hernandez.com,Produce fear.
EMP14529,Douglas Dickson,Sales,Manager,54675.64,2020-09-21,halldanielle@hotmail.com,Rather heavy them.
EMP14530,Molly Garcia,Sales,Manager,54675.64,2021-11-15,wkim@hotmail.com,Break dream just.
EMP14531,Martin Terry,HR,Analyst,54675.64,2023-12-05,tiffanydaniels@taylor.com,Use nature growth.
EMP14532,Dr. Amber Thomas,Finance,Intern,54675.64,2020-12-06,jacksonshannon@patton-lee.com,Thousand along at.
EMP14533,Justin Short,Finance,Intern,54675.64,2023-05-05,justin18@gmail.com,Thing quickly paper.
EMP14534,Richard Baker,Finance,Manager,54675.64,2023-03-02,pking@greene-montoya.com,Get medical stand.
EMP14535,Kelsey Shaw,HR,Analyst,54675.64,2022-04-19,john55@gmail.com,Prove Congress drop.
EMP14536,Charlotte Morton,Finance,Intern,54675.64,2020-09-27,jasonlynch@reynolds.biz,Office anything.
EMP14537,Anthony Owens,Sales,Manager,54675.64,2021-08-11,brian67@mathews.net,Husband spend open.
EMP14538,Chloe Hurst,HR,Analyst,54675.64,2021-01-13,uthompson@yahoo.com,Evidence now him.
EMP14539,Laura Christian,Finance,Intern,54675.64,2022-07-31,tammywilson@yahoo.com,Skill miss seem.
EMP14540,Jordan Nguyen,Sales,Intern,54675.64,2022-11-25,kevin10@gmail.com,Civil order fund.
EMP14541,Steven Patel,HR,Manager,54675.64,2023-12-31,hhester@hotmail.com,Result increase.
EMP14542,Tammy Jordan,Sales,Manager,54675.64,2021-02-10,ashley49@lee.com,Almost central here.
EMP14543,Alexandria Gray,Finance,Executive,54675.64,2023-03-15,richardball@thornton.info,Wait likely truth.
EMP14544,James Jones,IT,Analyst,54675.64,2021-01-30,amy74@yahoo.com,Writer huge size.
EMP14545,Brianna Ramsey,Finance,Manager,54675.64,2022-05-04,april87@cruz.com,Hand enough adult.
EMP14546,Patrick Martinez,Sales,Analyst,54675.64,2023-11-06,karenlove@yahoo.com,Its serve seven far.
EMP14547,Colton Mcdonald,IT,Manager,54675.64,2023-02-27,connie41@castillo.info,Indicate.
EMP14548,Austin Hinton,IT,Analyst,54675.64,2023-06-13,katherinenunez@hotmail.com,Response off tell.
EMP14549,Alan Doyle,HR,Analyst,54675.64,2020-06-26,josephpruitt@gmail.com,Why phone ten age.
EMP14550,Samuel Sharp,IT,Intern,54675.64,2021-02-18,jermainemelton@hotmail.com,Easy debate sister.
EMP14551,Grant Cowan,HR,Analyst,54675.64,2021-03-07,qscott@gmail.com,Look few produce.
EMP14552,Lori Lee,IT,Executive,54675.64,2020-03-09,travis89@hotmail.com,State full power.
EMP14553,Joshua Morrow,IT,Intern,54675.64,2023-03-14,karen66@gmail.com,Challenge skin.
EMP14554,Brittany Martinez,HR,Analyst,54675.64,2022-12-02,moorejeremiah@martin.com,Toward notice.
EMP14555,Angela Jones,Sales,Manager,54675.64,2023-03-15,ecunningham@hotmail.com,Opportunity improve.
EMP14556,William Brown,HR,Executive,54675.64,2020-07-12,thomas65@hotmail.com,Speak explain TV.
EMP14557,Donald Duffy,IT,Intern,54675.64,2022-03-09,weekspaul@davis.com,Attention door.
EMP14558,Donna Taylor,Finance,Analyst,54675.64,2022-12-22,kwhite@harrison.com,Successful.
EMP14559,Jennifer Esparza,HR,Manager,54675.64,2020-10-10,ngardner@gmail.com,From capital nation.
EMP14560,Francisco Bradley,HR,Analyst,54675.64,2021-01-27,christopherpena@yahoo.com,Lot type black hit.
EMP14561,Jennifer Clay,IT,Executive,54675.64,2020-01-28,tyler92@gmail.com,Fine production.
EMP14562,Victor Walker,IT,Manager,54675.64,2021-05-22,cynthiahoffman@yahoo.com,Find and movie.
EMP14563,Christopher George,Finance,Manager,54675.64,2022-09-14,deborah92@gregory.org,Face whole artist.
EMP14564,Madison Hudson,IT,Manager,54675.64,2021-04-03,henrykim@may-martinez.com,Public of evidence.
EMP14565,Cassandra Martin,HR,Intern,54675.64,2022-09-11,murrayjasmine@gmail.com,Later themselves.
EMP14566,Marc Hickman,HR,Intern,54675.64,2022-02-11,johnbaker@yahoo.com,Significant black.
EMP14567,Mr. David Ward,HR,Executive,54675.64,2022-03-19,kerrymassey@morgan-patterson.com,Inside into little.
EMP14568,Rebekah Stephens,Sales,Manager,54675.64,2023-01-04,wbrown@payne.com,Drop language ready.
EMP14569,Tina Richardson,HR,Analyst,54675.64,2023-05-10,wmorris@yahoo.com,Specific decide.
EMP14570,Sharon Barnes,Sales,Analyst,54675.64,2023-05-09,hbrown@gmail.com,Force consider rise.
EMP14571,Manuel Washington,IT,Intern,54675.64,2021-01-07,oramos@price-bryant.biz,Under woman author.
EMP14572,Jacob Rocha,Sales,Manager,54675.64,2023-09-07,christyvaldez@yahoo.com,Opportunity.
EMP14573,Stacey Glover,HR,Executive,54675.64,2020-11-24,qthomas@sloan.org,Education drop.
EMP14574,James Vargas,IT,Manager,54675.64,2021-01-01,agray@carlson.com,Water college thank.
EMP14575,Mrs. Laura Anderson,Sales,Manager,54675.64,2023-04-17,manningheather@yahoo.com,Anyone song young.
EMP14576,Mason Ritter,IT,Manager,54675.64,2020-05-06,ochoanichole@johnson.com,Single family since.
EMP14577,Patricia Wright,IT,Intern,54675.64,2020-05-23,joseph02@woods.org,Safe still prepare.
EMP14578,Max Petersen,Sales,Analyst,54675.64,2020-07-11,kennethsmith@key.com,Leg design another.
EMP14579,Catherine Mcintosh,IT,Analyst,54675.64,2021-04-13,mellis@hotmail.com,Drive would.
EMP14580,Melissa Chandler,IT,Executive,54675.64,2023-06-19,kathleengomez@hotmail.com,Discussion well.
EMP14581,Dennis Cooper,HR,Intern,54675.64,2022-12-16,lsmith@gmail.com,Political short.
EMP14582,Eileen Johnson,Finance,Executive,54675.64,2023-12-15,edwardslinda@chavez-franklin.com,Drop item test.
EMP14583,Sarah Rios,Finance,Executive,54675.64,2021-07-30,andrea86@mccormick.org,Hope available.
EMP14584,Nicholas Harvey,IT,Intern,54675.64,2021-03-08,samanthareed@yahoo.com,War resource.
EMP14585,Jonathan Cameron,Sales,Analyst,54675.64,2020-02-16,leonardtimothy@fowler.com,Need building treat.
EMP14586,Timothy Carey,Finance,Analyst,54675.64,2023-12-18,javiermarquez@gmail.com,Wonder share around.
EMP14587,Jasmine Green,Sales,Analyst,54675.64,2023-11-22,natashamartin@yahoo.com,Beyond store.
EMP14588,Tracy Cervantes,Finance,Intern,54675.64,2020-10-22,mcintyredawn@romero.com,Debate reflect day.
EMP14589,Michele Guzman,HR,Intern,54675.64,2020-10-30,heather29@hotmail.com,Improve picture the.
EMP14590,Mrs. Theresa Sims,HR,Intern,54675.64,2020-08-23,ggilbert@hotmail.com,Class write media.
EMP14591,Rebecca Smith,Sales,Analyst,54675.64,2021-02-19,jknapp@noble.com,Under us fact.
EMP14592,John Blake,Sales,Executive,54675.64,2022-09-10,lisafloyd@hayes-short.biz,End dinner use.
EMP14593,Michael Compton,HR,Analyst,54675.64,2021-02-17,shane27@farley-clark.biz,Her term happy skin.
EMP14594,Katherine Clayton,Sales,Executive,54675.64,2023-02-17,wbennett@munoz.net,Third network.
EMP14595,Carly Harmon,IT,Analyst,54675.64,2021-10-27,alexissantiago@gmail.com,Win decade table.
EMP14596,Sherri Moon,HR,Manager,54675.64,2021-07-08,tdecker@valdez-shea.com,System little baby.
EMP14597,Laura Green,HR,Intern,54675.64,2021-07-09,michael86@nunez-dunlap.com,Tough after huge.
EMP14598,Manuel Wallace,HR,Executive,54675.64,2023-01-06,harrismary@hotmail.com,Both however total.
EMP14599,Dan Richards,HR,Executive,54675.64,2023-09-17,gdunlap@hotmail.com,Threat girl account.
EMP14600,Christopher Gonzalez,IT,Analyst,54675.64,2020-04-17,virginia18@clark-miller.com,Recent another.
EMP14601,Ashley Thomas,HR,Executive,54675.64,2021-01-21,dorseyjoseph@gmail.com,Prevent support.
EMP14602,Sara Mcmahon,HR,Manager,54675.64,2020-01-07,murraydanielle@yahoo.com,Seat something act.
EMP14603,Lori Mcbride,Sales,Executive,54675.64,2022-05-02,melissagolden@yahoo.com,Within table.
EMP14604,Kevin Duncan,HR,Executive,54675.64,2023-11-18,cristiantaylor@chavez.com,Write friend garden.
EMP14605,James Ryan,Finance,Manager,54675.64,2021-06-05,jim53@hotmail.com,White idea paper.
EMP14606,Taylor Melendez,Sales,Intern,54675.64,2023-06-05,daniel50@yahoo.com,Dream forget may.
EMP14607,Joseph Ortiz,Sales,Analyst,54675.64,2023-04-08,joseph16@yahoo.com,Trouble address.
EMP14608,Ashley Short,Finance,Analyst,54675.64,2020-02-03,samantha92@horton.com,Dream choice that.
EMP14609,Charles Morrison,Sales,Intern,54675.64,2020-06-02,samuel05@fox.com,Sound represent.
EMP14610,Cynthia Reyes,IT,Manager,54675.64,2022-04-07,michelescott@gmail.com,Understand bring.
EMP14611,Shannon Marks,HR,Intern,54675.64,2023-02-27,catherine81@yahoo.com,Future put woman.
EMP14612,Michael Adkins,HR,Executive,54675.64,2021-12-13,amycochran@lewis.com,Well smile example.
EMP14613,Chad Lambert,Sales,Analyst,54675.64,2021-07-10,harrisgabrielle@hotmail.com,Need wear long its.
EMP14614,John Wiggins,HR,Analyst,54675.64,2020-01-05,shannon38@gmail.com,Space glass suggest.
EMP14615,Mathew Jones,Sales,Analyst,54675.64,2020-01-26,ikim@marquez.org,Reason management.
EMP14616,Stacy Murphy,HR,Manager,54675.64,2021-05-14,sydney49@gmail.com,Movie as white.
EMP14617,Douglas Willis,Sales,Manager,54675.64,2022-01-14,ashleyking@yahoo.com,Age wife capital.
EMP14618,Allen Joyce,Sales,Executive,54675.64,2023-09-20,brownnicole@hotmail.com,Scene interview be.
EMP14619,Mark Thomas,Sales,Manager,54675.64,2023-12-03,paynerebecca@yahoo.com,Nearly both speech.
EMP14620,David Goodman,IT,Manager,54675.64,2023-01-20,zbrown@gmail.com,Well moment view.
EMP14621,Kevin Robertson,Sales,Manager,54675.64,2021-12-27,martinchristopher@gmail.com,Room live middle.
EMP14622,Michelle Vang,IT,Intern,54675.64,2023-11-27,greg34@sparks.org,Trip well tell.
EMP14623,Amanda Lopez,IT,Intern,54675.64,2020-02-11,luke41@gmail.com,On hear second.
EMP14624,Haley Villarreal,Finance,Analyst,54675.64,2023-03-28,stevendouglas@yahoo.com,Manager field floor.
EMP14625,Ms. Stacey Flores,Sales,Manager,54675.64,2023-10-10,stucker@yahoo.com,Rock energy college.
EMP14626,Gary Robinson,IT,Manager,54675.64,2021-05-14,fordkatherine@hotmail.com,Seven political.
EMP14627,Daniel Stephens,Finance,Analyst,54675.64,2020-09-06,wmcgee@hotmail.com,Share member thus.
EMP14628,Marcus Sullivan,HR,Manager,54675.64,2020-11-26,ryan07@yahoo.com,Middle throughout.
EMP14629,Amy Mclaughlin,IT,Intern,54675.64,2023-05-22,brittanybray@hotmail.com,Major at from per.
EMP14630,Carolyn Horton,IT,Manager,54675.64,2023-10-18,bobbygordon@hotmail.com,Indeed because baby.
EMP14631,Diane Potter,IT,Intern,54675.64,2023-12-14,jamesmorris@yahoo.com,Economic adult.
EMP14632,Theresa Black,Finance,Intern,54675.64,2020-08-27,bhendrix@yahoo.com,Environment.
EMP14633,Brian Richardson,Finance,Analyst,54675.64,2022-03-10,joshuasmith@yahoo.com,Season probably.
EMP14634,Curtis Schmidt,IT,Executive,54675.64,2022-12-26,reynoldsshane@hernandez.com,Gun lead property.
EMP14635,Dr. Sarah Davenport,Sales,Manager,54675.64,2022-05-19,jessicacole@nielsen-wood.info,Expert else.
EMP14636,Margaret Gaines,Finance,Executive,54675.64,2023-04-29,andersonrobert@yahoo.com,Network whether his.
EMP14637,Jon Garcia,Finance,Executive,54675.64,2021-01-04,thomashoward@yahoo.com,Fact wear pretty.
EMP14638,Jennifer Wood,HR,Executive,54675.64,2020-10-05,jordangerald@gmail.com,And factor street.
EMP14639,Amanda Wright,HR,Analyst,54675.64,2020-02-19,stevensjimmy@gmail.com,Throughout.
EMP14640,Justin Ortiz,IT,Executive,54675.64,2023-09-06,carrieowens@hamilton-fuentes.net,Woman call road.
EMP14641,Blake Salazar,HR,Analyst,54675.64,2020-06-20,christopher80@gmail.com,Exactly lose song.
EMP14642,Anthony Phillips,Sales,Manager,54675.64,2022-10-18,zmcgee@yahoo.com,Sign guess medical.
EMP14643,Laura Franco,IT,Executive,54675.64,2021-11-28,davidlopez@gmail.com,Oil young figure.
EMP14644,Terry Mcguire,IT,Intern,54675.64,2020-01-18,tjennings@robertson-lynn.com,Congress force.
EMP14645,Austin Drake,Finance,Executive,54675.64,2023-10-27,twyatt@snyder.net,Area can wind upon.
EMP14646,Anthony Welch,IT,Executive,54675.64,2023-11-13,collinsstephen@schwartz.net,Young color rock.
EMP14647,John King,HR,Intern,54675.64,2021-09-02,waltersamanda@yahoo.com,Which despite.
EMP14648,Emma Horton,IT,Manager,54675.64,2023-06-23,emma24@white-ford.biz,Enjoy different.
EMP14649,Patricia Preston,IT,Intern,54675.64,2020-04-05,irojas@gmail.com,Store though think.
EMP14650,Robert Anderson,HR,Manager,54675.64,2022-07-10,jenniferford@alvarez-king.org,Often all ever.
EMP14651,Jamie Rogers,Finance,Analyst,54675.64,2020-10-15,khernandez@henderson.com,Policy yet talk job.
EMP14652,Todd Dunlap,Sales,Analyst,54675.64,2022-03-20,pwhite@hotmail.com,Well city recently.
EMP14653,James Adams,HR,Intern,54675.64,2020-08-03,haleypalmer@yahoo.com,Identify detail.
EMP14654,Angel Perez,Sales,Analyst,54675.64,2023-05-19,patrickclark@gmail.com,Almost wish help.
EMP14655,Robert Wilson,Sales,Intern,54675.64,2020-03-22,williammyers@adkins.com,Class near reduce.
EMP14656,Ryan Ramirez,Sales,Analyst,54675.64,2021-08-13,pmeza@yahoo.com,Color indicate term.
EMP14657,Peggy Cruz,IT,Intern,54675.64,2021-09-24,andreahansen@combs.com,Newspaper stand.
EMP14658,Kevin Houston,Sales,Intern,54675.64,2021-04-03,gonzalezlaura@yahoo.com,Industry hour west.
EMP14659,Jacqueline Anderson,Finance,Analyst,54675.64,2023-11-06,acevedodaniel@martin-smith.info,Hotel huge message.
EMP14660,Victor Freeman,Finance,Analyst,54675.64,2020-09-15,courtney48@yahoo.com,Per maybe company.
EMP14661,Vincent Hobbs,Finance,Manager,54675.64,2021-11-09,jward@yahoo.com,Customer after.
EMP14662,Barbara Delacruz,IT,Intern,54675.64,2022-04-18,tiffany29@yahoo.com,Statement add.
EMP14663,Maria Miller,HR,Executive,54675.64,2023-11-20,vjennings@gmail.com,Behind week heart.
EMP14664,Sarah Banks,Finance,Executive,54675.64,2022-11-22,adamford@yahoo.com,Can less.
EMP14665,Karen Greene,Sales,Executive,54675.64,2022-02-28,jstuart@harris.com,Environmental long.
EMP14666,Laura Pierce,IT,Intern,54675.64,2023-07-17,dawn73@hotmail.com,Arm activity.
EMP14667,Jeremy Franklin,IT,Manager,54675.64,2021-04-11,friddle@brown.com,Stock firm official.
EMP14668,Judy Hubbard,Finance,Manager,54675.64,2021-02-28,jessicawright@yahoo.com,Cost nearly name.
EMP14669,Valerie Allen,Sales,Intern,54675.64,2021-03-04,jillian12@hotmail.com,Hot finish beyond.
EMP14670,Mr. Jacob Kelly DDS,Sales,Analyst,54675.64,2021-06-26,thompsongabriel@calhoun.com,Within next very.
EMP14671,Steven Gilmore,Finance,Analyst,54675.64,2021-08-03,rmatthews@yahoo.com,Piece American ask.
EMP14672,Timothy Lang,Sales,Executive,54675.64,2023-01-27,xmoreno@roberts.org,Our your worker.
EMP14673,Rebecca Larson,IT,Intern,54675.64,2023-10-26,amandacoleman@dodson-west.com,Author recently.
EMP14674,Tyler Mcclure,IT,Executive,54675.64,2023-03-01,amy35@cook.com,Real gas yeah sport.
EMP14675,Christine Anderson,Finance,Manager,54675.64,2020-09-22,johnsonjackson@yahoo.com,Administration list.
EMP14676,Erin Logan,Sales,Intern,54675.64,2020-08-09,sanderssara@hotmail.com,Event dark clear.
EMP14677,William Davis,HR,Intern,54675.64,2021-09-22,stephen76@hotmail.com,Coach call front.
EMP14678,Jeffrey Lane,Finance,Manager,54675.64,2023-10-12,lisaewing@gmail.com,Agreement financial.
EMP14679,Ashley Carey,IT,Executive,54675.64,2020-05-16,lucasgary@matthews-howard.com,Unit realize tough.
EMP14680,Rebecca Jenkins,Finance,Manager,54675.64,2021-12-01,malik54@yahoo.com,Statement special.
EMP14681,Pamela Barnes,Finance,Executive,54675.64,2021-12-30,ian12@gmail.com,Place machine.
EMP14682,Nicole Suarez,IT,Executive,54675.64,2020-05-28,gonzalezfelicia@yahoo.com,Collection.
EMP14683,Chelsea Leonard,HR,Executive,54675.64,2020-05-06,blake69@novak.com,Social involve meet.
EMP14684,Kelsey Willis,Finance,Executive,54675.64,2023-06-17,lauren88@gmail.com,Glass activity ago.
EMP14685,Robert Faulkner,HR,Executive,54675.64,2020-10-05,sarah64@nelson.com,You child better.
EMP14686,Jennifer Gonzales,HR,Executive,54675.64,2022-12-20,christopher55@anthony.net,Audience nearly.
EMP14687,David Roberson,IT,Executive,54675.64,2022-06-26,philipterrell@gmail.com,Direction education.
EMP14688,Katherine White,Finance,Analyst,54675.64,2023-11-02,mcdonaldmelissa@martinez-adams.org,Require wonder.
EMP14689,Jade Garcia,Finance,Manager,54675.64,2023-11-25,ebonycobb@gmail.com,Summer business.
EMP14690,Brenda Watson,HR,Manager,54675.64,2023-10-15,mary28@gmail.com,Name pretty carry.
EMP14691,Benjamin Rodriguez,Finance,Executive,54675.64,2021-03-14,jennifersmith@bishop.com,Parent table.
EMP14692,Victoria Collier,HR,Manager,54675.64,2023-07-24,hillalbert@hotmail.com,See tough trade.
EMP14693,Paul Reid,IT,Analyst,54675.64,2021-03-13,snyderelizabeth@gmail.com,Choice threat.
EMP14694,Joyce Moore,IT,Manager,54675.64,2021-07-12,zachary23@page.com,Agent well magazine.
EMP14695,Dennis Mitchell,IT,Analyst,54675.64,2020-04-06,leebrett@murray.net,Inside however.
EMP14696,Ashley Anderson,HR,Analyst,54675.64,2020-05-22,xmann@gmail.com,Story sister oil.
EMP14697,Karen Horton,Finance,Executive,54675.64,2023-06-01,melissa10@hotmail.com,Stage style him.
EMP14698,Luis Sanchez,Finance,Manager,54675.64,2020-11-10,obrienrobert@caldwell.net,Focus impact.
EMP14699,Brian Rodriguez,Sales,Manager,54675.64,2022-06-29,martinjames@hotmail.com,Parent voice.
EMP14700,Amanda Rich,Sales,Analyst,54675.64,2020-01-29,washingtonjessica@hotmail.com,Author large.
EMP14701,Christopher Campbell,IT,Executive,54675.64,2022-11-18,adamslinda@mitchell.com,Light toward.
EMP14702,Lisa Perez,Finance,Executive,54675.64,2022-01-14,michael57@phillips.com,Pass anyone store.
EMP14703,Ryan Clarke,HR,Analyst,54675.64,2023-10-26,lorikelley@lloyd-vasquez.org,Reduce them home.
EMP14704,Jenna Brooks,HR,Intern,54675.64,2021-08-20,robertblack@hotmail.com,Sometimes fact beat.
EMP14705,Trevor Young,HR,Intern,54675.64,2022-09-12,kristinsalazar@winters-gomez.net,Room beat product.
EMP14706,Peter Patterson,Finance,Manager,54675.64,2021-12-22,sholmes@yahoo.com,Above cut operation.
EMP14707,Sarah Rodriguez,Finance,Executive,54675.64,2023-09-30,ali@hotmail.com,Read them stuff.
EMP14708,Yvonne Francis,IT,Analyst,54675.64,2023-09-26,michael30@king.com,Sea series clear.
EMP14709,Charles Paul,Sales,Intern,54675.64,2021-04-16,lisalogan@webster.net,Such science.
EMP14710,Jennifer Marquez,Finance,Executive,54675.64,2021-09-17,rhartman@decker.com,Amount toward.
EMP14711,Donald Williamson,HR,Intern,54675.64,2022-02-01,zleon@gmail.com,Laugh artist.
EMP14712,Richard Campbell,Finance,Analyst,54675.64,2021-07-21,kendrabarry@hotmail.com,Break goal ok pick.
EMP14713,Victoria Bailey,Sales,Executive,54675.64,2022-01-01,tblackwell@hotmail.com,Seem place.
EMP14714,Amanda Edwards,Sales,Executive,54675.64,2020-06-29,bhuber@clark.com,Since person school.
EMP14715,Shari Bolton,HR,Intern,54675.64,2021-02-25,shane27@thomas.org,Of hotel media.
EMP14716,Mark Ford,IT,Executive,54675.64,2022-04-17,flowersmary@gmail.com,Actually class easy.
EMP14717,Nancy Melendez,Sales,Executive,54675.64,2022-02-17,david88@hernandez-fields.info,Actually college.
EMP14718,Alec Scott,Sales,Analyst,54675.64,2023-10-31,michelle06@gmail.com,Through camera.
EMP14719,Jessica Rodriguez,Sales,Intern,54675.64,2021-02-10,vdiaz@yahoo.com,Rock letter happen.
EMP14720,Bryan Pena,Sales,Executive,54675.64,2021-05-11,hrodriguez@wilson.net,Leg capital.
EMP14721,Shelby Williams,Sales,Manager,54675.64,2022-12-15,delacruztracy@stone.biz,City note hot could.
EMP14722,Alan Costa,Finance,Manager,54675.64,2023-07-12,andrea11@harvey-green.com,In nearly family.
EMP14723,Brooke Greene,HR,Manager,54675.64,2023-02-20,alexandria20@hotmail.com,Assume pick four.
EMP14724,James Diaz,Finance,Executive,54675.64,2023-11-02,tking@hotmail.com,Face smile parent.
EMP14725,Jessica Garza,IT,Manager,54675.64,2023-09-24,amygreen@gmail.com,Happen great adult.
EMP14726,Aaron Taylor,Sales,Executive,54675.64,2023-06-04,robertsmichael@yahoo.com,Majority notice.
EMP14727,Dean Lambert,IT,Executive,54675.64,2023-03-25,brianmorgan@garcia.info,Worker able week.
EMP14728,Daniel Baker,IT,Analyst,54675.64,2022-01-19,dannywright@gmail.com,Institution health.
EMP14729,Jeffery White,HR,Manager,54675.64,2023-01-07,kellipace@dunn.com,Front street truth.
EMP14730,Robin Wright,Finance,Analyst,54675.64,2020-10-01,youngpatricia@peterson.info,Amount direction.
EMP14731,Sophia Garrett,IT,Intern,54675.64,2020-12-18,wardjohn@bryant-patterson.com,Join generation.
EMP14732,Nicole Davis,IT,Intern,54675.64,2022-09-09,fhorn@hotmail.com,Market wonder red.
EMP14733,Casey Burgess,IT,Executive,54675.64,2023-05-28,smithamber@king.com,Dark last ever skin.
EMP14734,Renee Sellers,IT,Executive,54675.64,2023-07-07,shelby22@gmail.com,Trip fund set.
EMP14735,Michael Reeves,Sales,Analyst,54675.64,2023-12-25,fisheramanda@yahoo.com,Hour live late.
EMP14736,Christina Fleming MD,HR,Executive,54675.64,2022-03-25,ayalashawn@buchanan.com,Century free agent.
EMP14737,Gilbert Johnston,HR,Intern,54675.64,2021-02-18,qnelson@boyd-miranda.com,Five their than.
EMP14738,Philip Maldonado,HR,Analyst,54675.64,2021-01-23,timwiley@hotmail.com,Likely structure.
EMP14739,Robert Blake,IT,Manager,54675.64,2020-05-03,matthewbarker@rubio-underwood.com,Wind include least.
EMP14740,Michelle Burton,IT,Intern,54675.64,2023-08-05,ustokes@yahoo.com,President necessary.
EMP14741,Kimberly Alvarado,Sales,Executive,54675.64,2023-08-20,jacksonmatthew@hotmail.com,Inside southern.
EMP14742,Mr. Michael Cox Jr.,IT,Executive,54675.64,2023-03-29,thomasjames@gmail.com,Dog director rather.
EMP14743,Nicole Hart,Finance,Analyst,54675.64,2023-11-06,logancynthia@hotmail.com,Yourself budget.
EMP14744,Mary Abbott,Finance,Executive,54675.64,2020-04-21,janetbradley@gmail.com,Stage address.
EMP14745,Bernard Potter,IT,Intern,54675.64,2022-04-26,nicholasschmidt@hotmail.com,Leg several theory.
EMP14746,Richard Fernandez,Finance,Manager,54675.64,2023-06-03,jacob34@gmail.com,Specific far.
EMP14747,Diana Lopez,Finance,Manager,54675.64,2021-05-02,danielmartin@mays.biz,Kid good start.
EMP14748,Nicole Ritter,HR,Manager,54675.64,2020-12-26,jessica99@hotmail.com,System Democrat.
EMP14749,Jeffrey Thompson,IT,Executive,54675.64,2023-04-01,craignicole@hotmail.com,Several education.
EMP14750,Scott Adams,HR,Analyst,54675.64,2020-02-16,cannonaaron@yahoo.com,As describe goal.
EMP14751,Gary Pruitt,Finance,Manager,54675.64,2021-08-22,breweralejandro@gmail.com,There your guess.
EMP14752,Richard Griffin,HR,Manager,54675.64,2020-12-03,uwatson@white-smith.com,Marriage just care.
EMP14753,Kimberly Washington,Finance,Executive,54675.64,2023-07-20,qrodriguez@yahoo.com,Bad race energy.
EMP14754,Deborah Parker,HR,Analyst,54675.64,2022-06-15,murillorodney@miller.biz,Good there bank.
EMP14755,Sandra Bryant,IT,Analyst,54675.64,2020-02-24,barryjuan@yahoo.com,Admit good wind.
EMP14756,Robin Bass,Finance,Manager,54675.64,2020-09-23,nathaniel26@gmail.com,Somebody response.
EMP14757,Carla Parks,IT,Intern,54675.64,2021-06-28,wilsondestiny@yahoo.com,Official summer.
EMP14758,Dr. Alicia Strong,Sales,Analyst,54675.64,2023-09-05,cmaxwell@hotmail.com,Gun training most.
EMP14759,Shawn Reyes,Finance,Manager,54675.64,2022-09-15,ricerita@may.com,Land human question.
EMP14760,Danny White,HR,Intern,54675.64,2022-12-17,belledward@hotmail.com,Opportunity page.
EMP14761,Laura Martin,Sales,Executive,54675.64,2021-09-11,jhunter@hotmail.com,West near.
EMP14762,Anna Greene,IT,Manager,54675.64,2020-09-30,hoodthomas@hotmail.com,Yard anything.
EMP14763,Amy Brown,IT,Executive,54675.64,2020-11-29,courtneytaylor@green.net,My expect political.
EMP14764,Matthew Hall,IT,Manager,54675.64,2021-11-15,kevin93@skinner-nash.com,Fall your answer.
EMP14765,Melissa Mays,Sales,Executive,54675.64,2023-02-20,dennis68@hurst-hernandez.org,Paper happen policy.
EMP14766,Bryan Kelley,Finance,Executive,54675.64,2020-05-27,wheeleramanda@carey-gordon.com,Learn son spring.
EMP14767,Brittany Thompson,Finance,Intern,54675.64,2020-11-08,rachelbaldwin@aguilar-mcconnell.biz,Them feeling effect.
EMP14768,Brandon Rivera,IT,Analyst,54675.64,2023-05-18,warnerkatherine@yahoo.com,Either for measure.
EMP14769,Heather Lawrence,IT,Intern,54675.64,2022-01-26,olove@lin-potter.org,Trade mean ground.
EMP14770,Cody Leonard,IT,Manager,54675.64,2022-07-11,jcurtis@carroll-ward.biz,Wonder we turn.
EMP14771,Mary Hodge,Sales,Executive,54675.64,2020-09-30,jamesmunoz@hotmail.com,Paper sing me.
EMP14772,Thomas Morales,Sales,Manager,54675.64,2020-05-24,wmurray@hotmail.com,Opportunity unit.
EMP14773,Justin Soto,IT,Executive,54675.64,2021-08-23,sotoashley@gmail.com,Memory return part.
EMP14774,Jacqueline Kelly,HR,Manager,54675.64,2022-02-11,pjones@yahoo.com,Around only respond.
EMP14775,Lauren King,Finance,Analyst,54675.64,2021-01-08,adamstheresa@ryan.info,Arm turn effort.
EMP14776,Larry Farmer,Sales,Manager,54675.64,2022-09-26,leonosborn@page-christensen.org,Create market peace.
EMP14777,Jason Bartlett,Finance,Manager,54675.64,2023-10-11,morrisonrachel@yahoo.com,Responsibility vote.
EMP14778,Vincent Steele,Sales,Manager,54675.64,2022-01-06,idonovan@rodriguez.info,Interview speak.
EMP14779,Kayla Martinez,HR,Intern,54675.64,2022-02-21,currybrett@gmail.com,Chair town news.
EMP14780,David Rice,Sales,Manager,54675.64,2022-09-24,mvargas@gonzalez.com,Recognize cost.
EMP14781,Mr. Christopher Miller,Finance,Intern,54675.64,2020-06-15,marynicholson@yahoo.com,About new certain.
EMP14782,Benjamin Stevens,HR,Intern,54675.64,2020-12-09,joanne43@anderson-long.com,Education table.
EMP14783,Charles Ibarra,HR,Intern,54675.64,2023-03-18,heather89@gibson.com,Skin poor central.
EMP14784,Timothy Rush,HR,Intern,54675.64,2022-01-11,pmayer@white.net,Everything step.
EMP14785,Robert Schmidt,HR,Executive,54675.64,2023-08-01,newmanjoanna@gmail.com,Per into moment.
EMP14786,Nancy Perez,Finance,Analyst,54675.64,2023-10-09,csilva@mcbride-simpson.com,Onto kid human.
EMP14787,Luis Osborne,HR,Executive,54675.64,2023-07-08,olivereddie@hogan-gonzalez.com,Option big economic.
EMP14788,Jessica Jackson,Finance,Manager,54675.64,2020-06-20,collierrebecca@gmail.com,Central dark hour.
EMP14789,William Dixon,Sales,Manager,54675.64,2020-07-08,natalieleon@nunez-davis.com,Find measure.
EMP14790,William Arnold,Finance,Executive,54675.64,2022-04-14,acaldwell@gmail.com,Sell among else.
EMP14791,Brandon Jackson,IT,Manager,54675.64,2020-04-22,zwallace@gmail.com,At west late.
EMP14792,Loretta Riggs,HR,Intern,54675.64,2021-05-09,philip75@martin.com,Data view yeah ball.
EMP14793,Jacob Pollard,Finance,Analyst,54675.64,2021-12-02,jhicks@figueroa.com,Congress no against.
EMP14794,Betty West,Sales,Manager,54675.64,2021-03-21,wrightmichael@green.com,Sea physical truth.
EMP14795,Mark Baker,IT,Intern,54675.64,2021-03-08,thomassmith@hotmail.com,State Democrat less.
EMP14796,Valerie Martin,IT,Analyst,54675.64,2023-04-05,mwhite@gmail.com,Join strong.
EMP14797,Justin Phillips,Sales,Manager,54675.64,2021-11-11,klinegeorge@hotmail.com,Ask reality window.
EMP14798,Michael Thomas,IT,Analyst,54675.64,2020-11-01,williamssherri@gonzalez.com,Car still approach.
EMP14799,Jennifer Wall,IT,Executive,54675.64,2022-09-20,christopher66@valencia.info,With particular.
EMP14800,April Clark,Finance,Executive,54675.64,2023-11-02,smithmarc@hotmail.com,Size its risk make.
EMP14801,Joshua Wilson,HR,Manager,54675.64,2023-04-21,anthony61@hotmail.com,Line office citizen.
EMP14802,Nicole Smith DDS,Finance,Manager,54675.64,2020-07-24,nrandall@russell-garcia.com,PM provide poor.
EMP14803,Kyle Sampson,HR,Executive,54675.64,2021-03-15,harrisbrenda@hotmail.com,Especially get.
EMP14804,Melanie Winters,Finance,Analyst,54675.64,2022-02-07,uavila@hotmail.com,Military prevent.
EMP14805,Ashley Perez DDS,Sales,Intern,54675.64,2020-07-11,erica02@hotmail.com,Finally wish.
EMP14806,Jeffrey Weeks,HR,Executive,54675.64,2022-08-17,markwilliams@gmail.com,Family dinner thing.
EMP14807,Marcus Green,IT,Manager,54675.64,2022-08-05,bmiller@harper.com,Politics better key.
EMP14808,Kevin Rodriguez,IT,Executive,54675.64,2023-07-05,woodchristopher@figueroa-fleming.biz,Blood science.
EMP14809,Wendy Smith,Finance,Executive,54675.64,2020-01-12,claytoncompton@martin.net,Accept he while she.
EMP14810,Stephanie Lyons,HR,Manager,54675.64,2022-07-29,oanthony@smith.org,Participant pull.
EMP14811,Alan Crawford,Sales,Intern,54675.64,2023-04-23,whitezachary@johnson.com,Free all section.
EMP14812,Jared Kerr,Sales,Manager,54675.64,2022-02-08,adam14@gmail.com,Decade Democrat.
EMP14813,Jerry Olson,HR,Manager,54675.64,2020-08-02,jacksonalbert@charles.biz,As certainly chair.
EMP14814,Mikayla Leblanc,Sales,Executive,54675.64,2021-11-04,marshbradley@mathews.info,Significant he.
EMP14815,Sherry Brown,Finance,Intern,54675.64,2022-02-23,gbenson@hotmail.com,Professor fire.
EMP14816,Valerie Burns,Sales,Analyst,54675.64,2022-03-19,trogers@smith.com,Important floor.
EMP14817,Samantha Contreras,IT,Executive,54675.64,2021-12-18,savagejames@hotmail.com,Behind increase.
EMP14818,Dr. Sandra Miller MD,HR,Analyst,54675.64,2021-04-03,bergerjesse@yahoo.com,Like develop if.
EMP14819,Douglas Scott,HR,Analyst,54675.64,2020-12-05,dhamilton@villanueva.com,Eye do financial.
EMP14820,Matthew Phelps,IT,Analyst,54675.64,2023-10-19,eileenfisher@gmail.com,City very before.
EMP14821,Barbara Marshall,IT,Manager,54675.64,2021-12-11,christopher17@yahoo.com,Along job to.
EMP14822,Michael Myers,HR,Intern,54675.64,2020-11-16,laura51@myers-santiago.info,Away nor reach PM.
EMP14823,Monica Jenkins,HR,Manager,54675.64,2020-08-27,franklinamber@myers.biz,Room kind teacher.
EMP14824,Beverly Pearson,IT,Intern,54675.64,2020-01-15,sandrabarnett@evans.com,Deal cold rather.
EMP14825,Jessica Johnson,Sales,Manager,54675.64,2022-05-26,carolynmiller@smith.com,Describe week size.
EMP14826,George Curry,Finance,Analyst,54675.64,2023-04-04,hollowayelizabeth@ross.com,Their similar Mrs.
EMP14827,Danielle Vincent,IT,Analyst,54675.64,2023-10-09,elliottgabriel@singleton-johns.biz,Hit customer notice.
EMP14828,Mrs. Amanda Nelson,Finance,Analyst,54675.64,2023-09-06,aaronjohnson@hotmail.com,To article possible.
EMP14829,Stephanie Green,Sales,Executive,54675.64,2023-07-12,wongmatthew@rogers-tate.com,Charge consider day.
EMP14830,Emily Richardson,HR,Analyst,54675.64,2020-06-18,james52@gmail.com,Job answer nice.
EMP14831,Sierra Kim,HR,Manager,54675.64,2021-12-26,yking@moreno.com,Fund finish moment.
EMP14832,Heather Smith,HR,Executive,54675.64,2021-11-21,sherrymorris@ayala-johnson.com,Under authority.
EMP14833,Stacey Thompson,HR,Analyst,54675.64,2020-03-18,cynthiawillis@gmail.com,Might ask gas.
EMP14834,Todd Eaton,HR,Intern,54675.64,2022-01-08,woodnathan@obrien-townsend.info,Real inside provide.
EMP14835,Donald Curry,IT,Manager,54675.64,2020-07-26,katiebradley@hotmail.com,Heart hot central.
EMP14836,Brandon Beck,HR,Analyst,54675.64,2022-07-03,michaelschwartz@yahoo.com,Option wait yes.
EMP14837,Jacqueline Sharp,Finance,Manager,54675.64,2022-05-22,youngwendy@gray-sanchez.info,Authority condition.
EMP14838,Roger Jones,HR,Manager,54675.64,2020-01-31,osilva@yahoo.com,Often us site peace.
EMP14839,Aaron Clark,Finance,Manager,54675.64,2020-07-12,ruizmargaret@hotmail.com,Hundred event.
EMP14840,Joel Kennedy,Finance,Analyst,54675.64,2020-06-08,wandrews@hotmail.com,Coach everybody.
EMP14841,Robert Reyes,HR,Manager,54675.64,2020-04-09,uhernandez@gmail.com,Radio although can.
EMP14842,Susan Newman,HR,Analyst,54675.64,2020-07-21,housejames@hotmail.com,Arrive radio tend.
EMP14843,Danielle Flynn,Sales,Manager,54675.64,2020-01-08,jennifer32@david-hughes.net,Table although.
EMP14844,Philip Frazier,HR,Intern,54675.64,2021-12-09,thomaswest@davis-davis.com,Media election oil.
EMP14845,Robert Elliott,Finance,Analyst,54675.64,2020-10-29,carolyn20@estrada.com,Who order oil bring.
EMP14846,Elijah Flowers,Sales,Intern,54675.64,2020-01-08,trevorreed@gmail.com,Listen also fly.
EMP14847,Tyler Simon,Finance,Executive,54675.64,2022-03-14,charles42@yahoo.com,Investment because.
EMP14848,Kimberly Conley,Sales,Intern,54675.64,2023-04-10,xgarcia@conrad-beck.org,Response word.
EMP14849,Nicholas Thompson,Finance,Intern,54675.64,2020-06-01,ihenderson@watkins.com,Decade care.
EMP14850,Lauren Robbins,HR,Manager,54675.64,2023-07-29,thompsonshawn@hotmail.com,Cup century pull.
EMP14851,Travis Hall,Sales,Analyst,54675.64,2023-11-17,michael03@gmail.com,Clear foot people.
EMP14852,Mrs. Hayley Zuniga,Finance,Analyst,54675.64,2023-08-19,nallen@schaefer.com,Occur contain catch.
EMP14853,Joseph Brown,HR,Analyst,54675.64,2023-05-08,marshallmary@hotmail.com,Oil phone allow day.
EMP14854,Zachary Shepherd,Sales,Manager,54675.64,2023-03-14,dale55@gmail.com,Work rock down.
EMP14855,Jason Stanley,IT,Executive,54675.64,2022-11-04,samuelstewart@gonzalez.com,Write present.
EMP14856,Stephanie Garza,HR,Intern,54675.64,2023-08-26,fmartin@allen.net,Just culture memory.
EMP14857,Brad Brown,Finance,Intern,54675.64,2021-01-31,ysmith@bennett-leach.com,Drop the door.
EMP14858,Matthew Carroll,HR,Manager,54675.64,2021-11-20,coxpaul@bailey.biz,Dog always data.
EMP14859,Edward French,Finance,Manager,54675.64,2022-12-03,christophermcclure@hotmail.com,Step opportunity.
EMP14860,Joseph Wells,Finance,Executive,54675.64,2023-07-06,conniesmith@gmail.com,When to subject.
EMP14861,Charles Brown,Finance,Intern,54675.64,2023-04-19,williamsjoseph@drake-morris.com,Stay eye yourself.
EMP14862,Andrea Gibson,Finance,Executive,54675.64,2023-08-28,jessicawood@hotmail.com,Majority outside.
EMP14863,Justin Munoz,Sales,Executive,54675.64,2022-12-13,hmckinney@gibson.com,Executive almost.
EMP14864,Daniel Jenkins,IT,Manager,54675.64,2021-10-13,micheallopez@yahoo.com,Speech minute.
EMP14865,Heather Lopez,HR,Executive,54675.64,2020-12-14,ulane@johnson-love.biz,Finish pattern.
EMP14866,George Drake,Finance,Intern,54675.64,2023-11-08,meghanjimenez@gmail.com,Especially.
EMP14867,Charles Williams,Sales,Executive,54675.64,2023-04-25,adamdecker@gmail.com,Plant box seat.
EMP14868,Stephen Dunn,Sales,Intern,54675.64,2020-11-16,yvettesmith@johnson-stout.com,Be certainly bar.
EMP14869,Philip Smith,Finance,Executive,54675.64,2023-10-07,vdixon@garcia-mckenzie.org,Choice paper middle.
EMP14870,Eric Turner,HR,Manager,54675.64,2021-03-31,marthaglover@case.info,What keep policy.
EMP14871,Dawn Page,Finance,Intern,54675.64,2020-10-19,jennifer65@gmail.com,Green behind.
EMP14872,Allison Castillo,Sales,Intern,54675.64,2020-06-07,hansonmelinda@washington.com,Loss husband.
EMP14873,Jerry Thompson,HR,Executive,54675.64,2020-01-25,sashley@hotmail.com,Local shoulder.
EMP14874,Robert Morris,IT,Intern,54675.64,2022-03-28,carterbonnie@jones-weaver.com,Western vote tend.
EMP14875,Adam Taylor III,IT,Manager,54675.64,2020-08-19,joseporter@yahoo.com,Quickly up such.
EMP14876,Jon Woods,IT,Executive,54675.64,2021-07-14,fowlerdonald@werner.biz,Last establish vote.
EMP14877,Brian Wilson,IT,Executive,54675.64,2021-04-22,boneill@howard.net,Expect already.
EMP14878,Nathan Powell,Finance,Analyst,54675.64,2022-05-08,smithmichelle@andrews.com,His relationship.
EMP14879,Patricia Turner,Sales,Analyst,54675.64,2021-02-22,qsanders@hotmail.com,Quite race after.
EMP14880,Erin Santana,Sales,Intern,54675.64,2021-01-04,danielle77@yahoo.com,Pull open too.
EMP14881,James Oconnor,Sales,Manager,54675.64,2022-11-02,nancyjohnson@olson.com,Moment recognize.
EMP14882,Laura Edwards,HR,Analyst,54675.64,2023-01-01,pereznicole@gmail.com,Today character ok.
EMP14883,Troy Wright,IT,Analyst,54675.64,2020-05-31,cynthia78@daniel-jackson.info,Finish thousand.
EMP14884,Darrell Webb,HR,Analyst,54675.64,2021-03-07,tjenkins@kane.com,Somebody.
EMP14885,Jeremy Lester,IT,Manager,54675.64,2020-09-13,kingronnie@gmail.com,Run church be prove.
EMP14886,Ashley Oconnor,HR,Executive,54675.64,2020-11-23,stacy15@sanchez.com,Today clear move.
EMP14887,Edward Meadows,Sales,Manager,54675.64,2020-09-10,eosborne@rios.com,Effort century hour.
EMP14888,Katrina Carney,Sales,Analyst,54675.64,2022-02-09,dylan21@yahoo.com,Shoulder individual.
EMP14889,Derek Thomas,Sales,Manager,54675.64,2021-10-15,michaelmcdaniel@gmail.com,Campaign this.
EMP14890,Melissa Pitts,HR,Intern,54675.64,2020-05-01,heathersullivan@brown-fletcher.com,Science individual.
EMP14891,Patrick Santiago,Finance,Manager,54675.64,2020-02-02,jpotter@hotmail.com,Executive century.
EMP14892,Adriana Smith,Sales,Intern,54675.64,2023-07-07,armstrongcharles@hotmail.com,Majority in worry.
EMP14893,Donald Sheppard,Sales,Manager,54675.64,2021-07-03,hawkinsvictoria@hotmail.com,Stay science pretty.
EMP14894,Kathryn Hamilton,IT,Intern,54675.64,2023-03-22,fmiller@booker.com,Customer explain.
EMP14895,Edwin Myers,HR,Executive,54675.64,2023-06-22,scox@holt.com,Despite film too.
EMP14896,Robert Davis,HR,Executive,54675.64,2023-03-10,qguzman@jones.net,Government if part.
EMP14897,Tony Ayers,Sales,Analyst,54675.64,2021-09-22,gibsonjonathan@ellis.com,Glass drive seat.
EMP14898,James Pope,Finance,Intern,54675.64,2021-05-03,dcurry@johnston-arroyo.com,Reduce paper nature.
EMP14899,Jennifer Ford,HR,Executive,54675.64,2022-06-03,stephenflynn@hill-thomas.org,Painting skin with.
EMP14900,Edgar Frazier,Finance,Intern,54675.64,2022-07-23,danielosborn@moyer.com,I tax writer agent.
EMP14901,Sharon Garcia,Finance,Analyst,54675.64,2020-08-17,frances40@gmail.com,Father team upon.
EMP14902,Randy Reyes,Sales,Executive,54675.64,2020-07-19,christophercox@hotmail.com,Expert hospital.
EMP14903,Aaron Cowan,Finance,Analyst,54675.64,2022-05-19,stephaniebishop@cannon.net,Space give.
EMP14904,Shannon Caldwell,HR,Intern,54675.64,2021-07-08,xmiller@hawkins-perez.com,Receive both decide.
EMP14905,Ray White,Finance,Manager,54675.64,2023-04-04,angelicaphillips@gmail.com,His necessary tough.
EMP14906,Steven Ferguson,IT,Analyst,54675.64,2022-11-24,barkerkatrina@jones.org,Agency laugh.
EMP14907,Jasmin Fowler,HR,Executive,54675.64,2022-10-09,vvasquez@fields-carney.com,Foot value first.
EMP14908,Benjamin Thomas,Sales,Analyst,54675.64,2022-08-08,tiffanyfoster@yahoo.com,Republican well.
EMP14909,Natalie Rivas,HR,Executive,54675.64,2022-03-28,ktaylor@hensley.com,Well defense.
EMP14910,Renee Davis,HR,Manager,54675.64,2022-04-25,parkerhannah@hotmail.com,Theory time wall.
EMP14911,Emma Villa,Finance,Manager,54675.64,2020-08-17,timothyramos@hotmail.com,Explain save side.
EMP14912,Destiny Lewis,IT,Executive,54675.64,2020-10-16,kellynatasha@yahoo.com,Over local friend.
EMP14913,Christopher Wright,Finance,Analyst,54675.64,2022-07-09,jholder@hotmail.com,A history board sea.
EMP14914,Amber Durham,Finance,Manager,54675.64,2021-03-01,hdavis@anderson-colon.info,Toward wife surface.
EMP14915,Nancy Johnson,Finance,Analyst,54675.64,2022-01-28,mary30@taylor-bryant.com,Fly into dark cell.
EMP14916,Jamie Abbott,Finance,Manager,54675.64,2022-09-25,matthew15@gmail.com,Character four sea.
EMP14917,Mr. James Smith,Finance,Manager,54675.64,2020-03-06,hernandezerin@brown.com,Break new west.
EMP14918,Mrs. Monica Smith,HR,Analyst,54675.64,2022-05-02,victoriaadams@nguyen.com,Finish media across.
EMP14919,John Nichols,IT,Executive,54675.64,2022-11-23,amy97@gmail.com,Big visit herself.
EMP14920,Larry Ellis,IT,Executive,54675.64,2020-08-19,chandlerangela@yahoo.com,Left debate buy.
EMP14921,Martin Houston,IT,Executive,54675.64,2022-07-15,brittanycobb@bird-solis.com,Nor eat front I.
EMP14922,Charles Warren,Sales,Executive,54675.64,2021-10-27,amandahenderson@hotmail.com,This factor hold.
EMP14923,Joseph Camacho,IT,Analyst,54675.64,2023-09-17,chanryan@davila.biz,Site gun field use.
EMP14924,Matthew Hunt,HR,Intern,54675.64,2022-09-16,mitchellle@green.com,Able right industry.
EMP14925,Collin Evans,Finance,Analyst,54675.64,2023-02-24,wgreen@graham.com,Practice place.
EMP14926,Dennis Bennett,Finance,Intern,54675.64,2020-05-04,grahamjimmy@hotmail.com,Morning material.
EMP14927,Elizabeth Phillips,HR,Manager,54675.64,2021-01-02,jose92@mcguire.info,Can class meeting.
EMP14928,Angela Cherry,Finance,Manager,54675.64,2023-01-07,jason43@rios.com,Why line a my.
EMP14929,Jacob Olsen,Finance,Intern,54675.64,2020-01-10,donna57@hotmail.com,Note garden task.
EMP14930,Dalton Cuevas,IT,Manager,54675.64,2023-04-06,churst@gmail.com,Direction article.
EMP14931,Mrs. Brooke Carr,IT,Analyst,54675.64,2022-07-10,brandidennis@gmail.com,Wear part one.
EMP14932,John Anderson,IT,Intern,54675.64,2020-05-16,wsavage@hotmail.com,Significant low.
EMP14933,Renee Reed,Sales,Manager,54675.64,2020-06-29,browndavid@hotmail.com,Understand find.
EMP14934,William Smith,IT,Analyst,54675.64,2022-10-13,angelicawagner@yahoo.com,Computer it enough.
EMP14935,Kimberly Green,IT,Intern,54675.64,2020-03-26,palmerjoshua@yahoo.com,Others bad effect.
EMP14936,Carla Garrison,IT,Analyst,54675.64,2021-12-20,joannhansen@oliver-williams.com,Own his major seek.
EMP14937,Ashley Alvarado,IT,Intern,54675.64,2020-08-01,archercaroline@yahoo.com,Above best offer.
EMP14938,James Avery,IT,Analyst,54675.64,2023-08-25,brittneyyoung@moreno.com,Wear nearly still.
EMP14939,Robert Miller,HR,Manager,54675.64,2023-04-05,doylewilliam@greene-hopkins.com,Be individual.
EMP14940,Connie Clark,HR,Intern,54675.64,2023-09-02,aprilgray@hotmail.com,Happen others out.
EMP14941,Elizabeth Herrera,HR,Intern,54675.64,2020-02-21,ujohnson@hotmail.com,Yet treat face gun.
EMP14942,Michael Chapman,Finance,Executive,54675.64,2020-07-14,gregoliver@hotmail.com,Just box far box.
EMP14943,John Smith,Finance,Analyst,54675.64,2021-12-13,norrisjonathon@jackson.info,Mission heavy would.
EMP14944,Edwin Hawkins,Sales,Manager,54675.64,2020-07-24,jennacunningham@yahoo.com,Section leg.
EMP14945,Jason Cooper,Finance,Intern,54675.64,2021-11-12,gsmith@yahoo.com,Course exactly home.
EMP14946,Frank Smith,Sales,Manager,54675.64,2023-06-20,tiffanydowns@hotmail.com,Summer me of.
EMP14947,Antonio Arnold,HR,Executive,54675.64,2023-05-26,peterbyrd@myers.net,Defense place this.
EMP14948,Jason Miller,IT,Intern,54675.64,2023-10-07,amanda45@bell-thompson.com,Mouth health.
EMP14949,Travis Lin,IT,Intern,54675.64,2021-08-09,taylorbrittany@martin.info,Election section we.
EMP14950,Matthew Smith,Sales,Analyst,54675.64,2023-04-17,qguzman@gmail.com,Should program hand.
EMP14951,Melanie Miller,Sales,Intern,54675.64,2023-11-11,angelabradford@johnson-diaz.com,Rest money true.
EMP14952,Christopher Johnson,IT,Analyst,54675.64,2020-12-29,david25@gomez.com,Outside religious.
EMP14953,Roy Estrada,Sales,Manager,54675.64,2021-09-23,annareynolds@christian.info,Oil meeting her.
EMP14954,Steven Gomez,IT,Analyst,54675.64,2021-01-11,bjohnson@fuller.com,Although we buy.
EMP14955,Jonathan Clark,HR,Executive,54675.64,2020-10-06,christopher08@hodges.org,Admit executive.
EMP14956,Elizabeth Jensen,Sales,Analyst,54675.64,2023-01-02,vlong@wang.org,Stock chair other.
EMP14957,Zachary Bailey,HR,Manager,54675.64,2021-12-27,johnsonmario@wade-rios.com,Party opportunity.
EMP14958,James Huffman,Sales,Analyst,54675.64,2021-05-14,cmartin@nguyen-bryant.com,Case measure.
EMP14959,Linda Pineda,HR,Intern,54675.64,2023-01-25,theodore77@hotmail.com,But impact final.
EMP14960,Scott Webb,HR,Analyst,54675.64,2022-11-24,wwade@yahoo.com,Mention third.
EMP14961,Michael Hines,Finance,Intern,54675.64,2021-08-12,tdaniel@atkinson-downs.biz,Course baby fall.
EMP14962,Brandon Rivera,Finance,Intern,54675.64,2022-04-27,duartedustin@gmail.com,Usually statement.
EMP14963,Mr. Andrew Ramirez,Sales,Intern,54675.64,2023-08-02,ehill@gmail.com,Nice himself line.
EMP14964,Christine Hester,Sales,Analyst,54675.64,2023-01-11,kaitlyn70@yahoo.com,Recognize know run.
EMP14965,Jose Johnson,HR,Intern,54675.64,2022-07-17,makayla03@gomez-mays.biz,Compare or source.
EMP14966,Michelle Diaz,HR,Analyst,54675.64,2022-11-30,madisongonzalez@phillips.com,Animal mind cause.
EMP14967,Sabrina Robles,IT,Manager,54675.64,2022-08-19,kathleenwyatt@hall.com,Article front you.
EMP14968,Dennis House,Finance,Intern,54675.64,2021-05-12,nicole78@miller-johnson.org,Hand southern.
EMP14969,Breanna Miller,HR,Manager,54675.64,2021-09-05,morgandevin@hotmail.com,Section base always.
EMP14970,Aaron Lyons,Sales,Analyst,54675.64,2021-08-18,chapmannicholas@thomas-carter.com,Difference issue.
EMP14971,Jillian Williams,IT,Intern,54675.64,2020-07-31,allisonhopkins@welch.info,Many team son true.
EMP14972,Stacie Richards,Finance,Manager,54675.64,2023-06-25,russelltyler@yahoo.com,Doctor true last.
EMP14973,Jared Lopez,IT,Manager,54675.64,2021-08-19,jessica07@gmail.com,Attorney clearly.
EMP14974,Jason Black,HR,Intern,54675.64,2020-04-30,nancy43@gmail.com,Recent cost.
EMP14975,Melissa Diaz,IT,Manager,54675.64,2022-05-31,gsmith@hotmail.com,Pretty serious.
EMP14976,Regina Benjamin,Sales,Analyst,54675.64,2021-03-31,orrnatalie@garcia.com,Score assume whose.
EMP14977,Brian Lynch,Sales,Intern,54675.64,2022-06-16,jimmy59@richards.com,Modern argue.
EMP14978,Terri Bailey,HR,Intern,54675.64,2021-02-28,peter52@murphy.com,Technology worker.
EMP14979,Jessica Davis,IT,Intern,54675.64,2021-03-12,kimberlyrandall@santos.org,Political war vote.
EMP14980,Mark Mills,HR,Intern,54675.64,2021-12-15,mmadden@alvarez.com,Gas cost someone.
EMP14981,Tricia Andersen,Finance,Analyst,54675.64,2021-02-03,jameswashington@yahoo.com,Special she.
EMP14982,Dr. Marc Berry,HR,Analyst,54675.64,2020-08-28,kristy84@olson.com,Book surface role.
EMP14983,Lauren Kramer,HR,Analyst,54675.64,2022-07-20,rachel78@hotmail.com,Field staff time.
EMP14984,Peter Smith,Finance,Intern,54675.64,2021-03-06,mikeochoa@buck-wood.com,Agent run require.
EMP14985,Raymond Bowen,IT,Executive,54675.64,2021-11-19,hicksdebra@gmail.com,Stand most film.
EMP14986,Dawn Vargas,Sales,Analyst,54675.64,2021-11-25,manningjustin@higgins.com,Recent stage senior.
EMP14987,Marcus Moore,Sales,Intern,54675.64,2020-04-28,keithharris@gmail.com,Area expert total.
EMP14988,Sheena Tran,IT,Intern,54675.64,2022-02-02,teresarasmussen@gmail.com,Blood cell develop.
EMP14989,Darlene Wood,HR,Intern,54675.64,2022-05-12,crosskenneth@hotmail.com,Significant sure.
EMP14990,Tonya Mccarty,Sales,Analyst,54675.64,2021-06-21,deborah72@hotmail.com,Summer you learn.
EMP14991,Joseph Leonard,HR,Analyst,54675.64,2021-11-18,david10@hotmail.com,Then line air.
EMP14992,Kelli Griffin,Finance,Executive,54675.64,2021-05-04,howard45@hotmail.com,Often worry girl.
EMP14993,Joseph Smith,Sales,Analyst,54675.64,2021-02-17,christopheredwards@yahoo.com,Public short source.
EMP14994,Joshua Nolan,HR,Executive,54675.64,2023-02-27,mistyperkins@ellis.org,Without war feeling.
EMP14995,Joy Zuniga,HR,Executive,54675.64,2021-06-24,uwood@hotmail.com,Late baby.
EMP14996,Bailey Boyd,HR,Analyst,54675.64,2023-03-29,bvargas@foster.com,Nor beat across.
EMP14997,Melissa Reese,Sales,Intern,54675.64,2023-02-05,kaylareed@bates.com,Since partner wrong.
EMP14998,Joseph Aguilar,HR,Analyst,54675.64,2023-06-20,pruittarthur@gmail.com,Money all summer.
EMP14999,Jeremy Lawrence,Sales,Executive,54675.64,2023-06-28,kristine01@gmail.com,Likely agreement.
EMP15000,Randall Schneider,Sales,Intern,54675.64,2023-04-04,fsaunders@gmail.com,Color figure.
EMP15001,Matthew Scott,Sales,Manager,54675.64,2023-07-24,kendrachang@torres.biz,Serious police.
EMP15002,Misty Wright,Sales,Executive,54675.64,2020-10-09,jimmy68@gmail.com,Religious win just.
EMP15003,Jacqueline Watkins,IT,Intern,54675.64,2021-12-28,gentryjonathan@garcia.org,Whatever trouble.
EMP15004,Michelle Johnson,Finance,Executive,54675.64,2022-11-23,davisjohn@yahoo.com,Go more although.
EMP15005,Mrs. Linda Hill,Finance,Analyst,54675.64,2022-01-25,paulreginald@taylor.info,She data accept.
EMP15006,Tanya Armstrong,Sales,Intern,54675.64,2022-04-25,graylaura@gmail.com,Trade occur focus.
EMP15007,Erica Hendricks,HR,Analyst,54675.64,2023-04-05,john70@gmail.com,Federal source.
EMP15008,Emily Morton,Sales,Intern,54675.64,2022-12-28,watsonlinda@espinoza.com,Media citizen.
EMP15009,Lisa Kennedy,HR,Manager,54675.64,2020-03-13,susan90@gilbert.com,Option very from.
EMP15010,Janet Rivera,IT,Executive,54675.64,2023-08-17,uschroeder@cooper-smith.info,Consider analysis.
EMP15011,Kent Robertson,Finance,Intern,54675.64,2022-04-10,wesleystone@gmail.com,Or possible affect.
EMP15012,Nicole Campbell,Sales,Executive,54675.64,2022-10-28,dsanchez@gmail.com,Speak suggest.
EMP15013,Kevin Evans,IT,Manager,54675.64,2022-02-26,ljennings@hines-schroeder.net,Big network decade.
EMP15014,Laura Barrett,Sales,Intern,54675.64,2022-07-13,gjohnson@juarez-cole.net,Air bank toward.
EMP15015,Adam Fisher,Sales,Intern,54675.64,2023-10-31,megan57@gmail.com,My piece often draw.
EMP15016,Gabrielle Dixon,IT,Manager,54675.64,2020-07-01,gbarrera@yahoo.com,Voice him herself.
EMP15017,Crystal Harvey,HR,Executive,54675.64,2023-07-15,gmiller@gmail.com,Number political.
EMP15018,Mrs. Rebecca Kaufman,HR,Executive,54675.64,2020-03-24,jessica77@yahoo.com,Pressure view.
EMP15019,Christine Brennan,HR,Manager,54675.64,2021-06-17,colleen82@peterson-griffin.com,Avoid common reach.
EMP15020,Chad Walker,Sales,Analyst,54675.64,2022-07-07,lutzashley@gmail.com,Avoid test.
EMP15021,Anne Lewis,HR,Executive,54675.64,2020-06-24,cindyschroeder@yahoo.com,Wear yourself thing.
EMP15022,Carolyn Castillo,HR,Executive,54675.64,2020-10-27,williamfoster@woods.net,Financial since.
EMP15023,Jenna Wood,Sales,Executive,54675.64,2022-11-15,johnsonwilliam@yahoo.com,Center gun Democrat.
EMP15024,Wendy Jordan,IT,Intern,54675.64,2023-02-06,justin87@williams.com,Onto anything.
EMP15025,Nicole Price,Finance,Intern,54675.64,2023-10-22,adrienne18@hotmail.com,Expect career.
EMP15026,Christopher Bryant,HR,Executive,54675.64,2020-04-16,davidriggs@hotmail.com,Whole land table.
EMP15027,Sandy Williams,IT,Manager,54675.64,2022-03-06,srichardson@hotmail.com,Nothing simply nor.
EMP15028,Grace Haynes,Sales,Intern,54675.64,2021-03-14,hblackburn@castaneda.com,These too short.
EMP15029,Elizabeth Rice,Sales,Intern,54675.64,2022-01-13,cervanteslori@jacobs.org,Building bring.
EMP15030,Catherine Munoz,HR,Manager,54675.64,2023-05-05,michelleromero@kaiser.com,Six early like.
EMP15031,Rebecca Jones,HR,Manager,54675.64,2020-01-02,hoffmanchris@gomez-livingston.com,We together high.
EMP15032,Christopher Jackson,IT,Intern,54675.64,2021-09-09,lynn52@yahoo.com,Community case.
EMP15033,Mark Mendez,HR,Manager,54675.64,2021-06-23,thomasfaulkner@mcintosh.com,Moment song only.
EMP15034,Colin Nguyen,IT,Manager,54675.64,2020-11-28,howardnathan@gmail.com,Option economy key.
EMP15035,Travis Cook,Sales,Analyst,54675.64,2020-06-29,crystal25@boone.com,Prepare soldier.
EMP15036,Hannah Martinez,IT,Analyst,54675.64,2021-10-15,kenneth53@kirk-macdonald.net,Yourself share.
EMP15037,Lisa Reynolds,Sales,Analyst,54675.64,2021-09-10,garciachelsea@byrd.com,Increase ground.
EMP15038,Amy Smith,HR,Analyst,54675.64,2020-06-22,chapmanpatricia@bowen.com,Pay sing none.
EMP15039,Caleb Robinson,Finance,Manager,54675.64,2021-01-15,ohanson@jones.com,Nor hit culture.
EMP15040,Lynn Johnson,IT,Manager,54675.64,2020-11-29,wisechristopher@hotmail.com,Again level.
EMP15041,Robert Nunez,Finance,Intern,54675.64,2020-11-18,qevans@hotmail.com,My box and guess.
EMP15042,Brent Wright,IT,Analyst,54675.64,2021-05-15,kevin97@hotmail.com,Support art check.
EMP15043,Jasmine Aguilar,IT,Manager,54675.64,2023-05-06,michael35@yahoo.com,Three over land we.
EMP15044,Sherry Griffith,Finance,Intern,54675.64,2021-06-30,douglas44@hotmail.com,Outside someone.
EMP15045,Jennifer Olson,Finance,Intern,54675.64,2022-08-01,marymckay@richards-barrett.com,Movement wind enter.
EMP15046,Ian Thompson,HR,Manager,54675.64,2022-07-27,kenneth02@hotmail.com,City need building.
EMP15047,Christy Mclean,Finance,Executive,54675.64,2020-10-02,donald12@hernandez-cuevas.info,Hour finish do.
EMP15048,Stephanie Dixon,Finance,Executive,54675.64,2020-02-25,cliffordellis@yahoo.com,Easy level score.
EMP15049,Douglas Richardson,HR,Analyst,54675.64,2023-02-05,johnsjennifer@maynard-franklin.com,Thought anything.
EMP15050,Katie Fuller,Finance,Manager,54675.64,2020-01-03,morgansean@daniel-pope.biz,Large thousand.
EMP15051,Kimberly Moore,Finance,Executive,54675.64,2022-04-15,dward@bishop.com,Ok hotel instead.
EMP15052,Michael West,HR,Manager,54675.64,2020-03-02,cathy42@sanders-miranda.com,Task inside cell.
EMP15053,Logan Lewis,Finance,Executive,54675.64,2022-06-07,wardryan@gonzalez.com,Whatever yet theory.
EMP15054,Deanna Sanders,IT,Analyst,54675.64,2022-11-18,egeorge@gmail.com,Indicate realize.
EMP15055,Lindsay Clark,IT,Manager,54675.64,2021-02-25,frazieralan@mullen.org,Mother necessary we.
EMP15056,Audrey Martinez,Finance,Manager,54675.64,2023-09-25,gomezcynthia@lane.com,Series perform.
EMP15057,Lori Graham,Finance,Executive,54675.64,2020-07-30,ramosdawn@lane-johnson.com,Deal side course.
EMP15058,Stephanie Lang,Finance,Analyst,54675.64,2020-04-19,erika02@farmer.org,Deal leader card.
EMP15059,Michael Collins,Sales,Intern,54675.64,2022-04-10,xturner@hotmail.com,Cost week join keep.
EMP15060,Nicole Rhodes,Finance,Executive,54675.64,2021-09-28,lsingh@arroyo-castillo.net,Society yes unit.
EMP15061,Alan Ramirez,IT,Intern,54675.64,2021-02-25,moralesshannon@meyer-watkins.org,Reflect office.
EMP15062,Danielle Parker,Finance,Analyst,54675.64,2023-10-23,nicole68@gmail.com,Whose agency effort.
EMP15063,Daniel Anderson,Sales,Intern,54675.64,2023-10-16,sandytran@erickson.biz,Far child push vote.
EMP15064,Steven Walker,HR,Analyst,54675.64,2021-01-25,richard18@gmail.com,Modern down special.
EMP15065,Natalie Hendricks,Sales,Analyst,54675.64,2022-10-19,kenneth64@jones.org,Together almost.
EMP15066,Lindsay White,Sales,Intern,54675.64,2023-06-19,jameslee@warner-macias.com,Close teach decide.
EMP15067,Kim Myers,IT,Intern,54675.64,2023-10-19,johnsonstephanie@johnson.com,Though young.
EMP15068,Brooke Rogers,Finance,Manager,54675.64,2023-01-29,morganterri@ayala.net,Environment forward.
EMP15069,Rebecca Stewart,IT,Intern,54675.64,2023-12-24,gbrown@harris.com,East cover about.
EMP15070,Jacqueline Mckay,Sales,Executive,54675.64,2023-12-03,hjuarez@hotmail.com,Wind wonder final.
EMP15071,Anne Wilson,Sales,Manager,54675.64,2021-04-06,nicolejohnson@hotmail.com,Future local.
EMP15072,David Brown,Finance,Intern,54675.64,2023-07-02,amandabrown@wheeler-sims.net,Back future she.
EMP15073,Jason Martin,HR,Manager,54675.64,2022-03-07,kathleenalexander@yahoo.com,Each attorney fine.
EMP15074,Jamie Morrison,IT,Manager,54675.64,2022-04-14,jacknelson@gmail.com,Really soon him now.
EMP15075,Eric Benson,HR,Analyst,54675.64,2020-12-24,michael98@trujillo.org,Until natural treat.
EMP15076,Brandon Cordova,Sales,Analyst,54675.64,2020-08-08,ayoung@doyle.info,They stage type.
EMP15077,Cody Buckley,HR,Analyst,54675.64,2020-12-01,stoutjoe@yahoo.com,Plant parent indeed.
EMP15078,Kathleen Alvarez,IT,Analyst,54675.64,2023-03-19,lopezthomas@james.com,Relate food amount.
EMP15079,Micheal Webb MD,Sales,Analyst,54675.64,2022-05-02,snyderwilliam@gmail.com,Hair sort expect.
EMP15080,Michelle Lawson,Sales,Analyst,54675.64,2023-01-14,grossvictoria@wilson.biz,One national pull.
EMP15081,Frances Ward,HR,Manager,54675.64,2023-03-06,robertray@maynard.biz,Big local ok.
EMP15082,Robert Hicks,Finance,Analyst,54675.64,2020-12-08,wandathompson@hotmail.com,Whether future.
EMP15083,Daniel Moore,Finance,Executive,54675.64,2022-06-14,maldonadojennifer@gmail.com,Paper career.
EMP15084,Courtney Perez,IT,Intern,54675.64,2021-12-13,tgarcia@yahoo.com,After Mrs both.
EMP15085,Jonathan Martinez,Finance,Intern,54675.64,2022-05-31,autumnwong@gmail.com,Get chance yet nor.
EMP15086,Shelby Mathews,Sales,Analyst,54675.64,2022-10-02,xdean@mullins.com,Air way off fact.
EMP15087,Cassandra Wood,Sales,Manager,54675.64,2021-04-24,michael35@taylor-boyd.com,Exactly evidence.
EMP15088,Tara Torres,HR,Executive,54675.64,2023-08-08,johnsonangela@anderson-santiago.com,Adult ask once.
EMP15089,Melanie Oconnor,Sales,Manager,54675.64,2023-06-16,ashleyrios@cohen-barron.com,According network.
EMP15090,Whitney Bennett,Sales,Manager,54675.64,2023-07-08,millerjacob@mcmahon.com,Reason owner.
EMP15091,Casey Roberts,IT,Executive,54675.64,2020-08-05,nsmith@lewis.com,Population set.
EMP15092,Hannah Guzman,Finance,Analyst,54675.64,2020-01-04,keithgreen@lynch.org,Ask human part.
EMP15093,Erik Savage,Finance,Intern,54675.64,2021-06-19,malvarez@perez-bates.com,Personal light book.
EMP15094,Robert Pope,Finance,Intern,54675.64,2020-12-28,briana04@dougherty-chapman.com,Mind imagine lawyer.
EMP15095,Bradley Thomas,IT,Intern,54675.64,2021-12-31,ktaylor@yahoo.com,Because feeling.
EMP15096,Dominique Robinson,Finance,Manager,54675.64,2022-03-22,lucasmullen@yahoo.com,Expert yeah stock.
EMP15097,Jeff Hughes,HR,Manager,54675.64,2020-05-16,wlozano@tyler-acevedo.com,Hit deep enter edge.
EMP15098,Michael Miller,Finance,Intern,54675.64,2020-06-14,eatondenise@hotmail.com,Receive laugh grow.
EMP15099,Lisa Edwards,Sales,Executive,54675.64,2023-01-24,srodgers@hotmail.com,Second dream left.
EMP15100,Amanda Bishop,IT,Analyst,54675.64,2021-08-11,austin50@gmail.com,Appear report.
EMP15101,Kristen Smith,HR,Executive,54675.64,2022-04-04,wosborne@hotmail.com,Page change at.
EMP15102,Jennifer Miller,IT,Executive,54675.64,2020-06-23,william20@gmail.com,He individual song.
EMP15103,David Huang,HR,Manager,54675.64,2022-08-08,jrandall@hotmail.com,According art.
EMP15104,Allen Davis,HR,Analyst,54675.64,2023-05-24,ffoley@hotmail.com,Instead project.
EMP15105,Deborah Harper,Sales,Intern,54675.64,2022-06-16,megan54@morris.biz,Ago area fast game.
EMP15106,Danielle Peterson,Finance,Manager,54675.64,2023-11-05,bowenryan@williams-garcia.org,Bar management.
EMP15107,Diane Arroyo,Finance,Analyst,54675.64,2021-01-02,jaimefernandez@wade.org,Action test remain.
EMP15108,Tammy Hansen,HR,Intern,54675.64,2020-08-25,abigail14@gmail.com,Probably act enter.
EMP15109,Bonnie Schultz,HR,Executive,54675.64,2020-12-04,melanie70@gmail.com,Risk stop truth.
EMP15110,Michael Martinez,Finance,Analyst,54675.64,2023-06-16,foleyjacob@gmail.com,Move week ten read.
EMP15111,Michael Webb,IT,Manager,54675.64,2020-05-25,jsnyder@woods.com,Economic three.
EMP15112,Kari Moore,HR,Analyst,54675.64,2023-10-19,johnwest@hotmail.com,Summer one.
EMP15113,Gary Flores,HR,Analyst,54675.64,2020-03-06,nathan89@copeland.info,Film sister I.
EMP15114,Michael Arnold,IT,Manager,54675.64,2021-04-18,daniellecole@jones-gonzalez.com,Detail door short.
EMP15115,Sandra Warren,IT,Manager,54675.64,2020-07-03,lopezanthony@bennett-stevenson.org,Often theory event.
EMP15116,David Koch,Finance,Manager,54675.64,2023-06-21,nicholasshaw@yoder.com,Together daughter.
EMP15117,Traci Francis,Finance,Executive,54675.64,2022-12-23,amarquez@hotmail.com,Its focus.
EMP15118,Robert Nguyen,IT,Intern,54675.64,2021-10-28,sara00@weiss-haynes.com,Change field affect.
EMP15119,Janet Lee,IT,Manager,54675.64,2021-05-17,carlosthomas@myers.com,Mission build class.
EMP15120,Michele Brown,Sales,Executive,54675.64,2023-08-25,richardsjason@gmail.com,News ground drive.
EMP15121,Emily Fuentes,Sales,Analyst,54675.64,2022-10-08,thomas62@gmail.com,Down reflect effect.
EMP15122,Christopher Flores,Finance,Analyst,54675.64,2021-09-21,snyderjohn@bishop-ortega.com,Least believe happy.
EMP15123,Nicholas Terry,HR,Manager,54675.64,2022-05-28,susan57@gmail.com,Speech exist.
EMP15124,Marisa Mclaughlin,IT,Executive,54675.64,2020-03-12,yhernandez@andrews.com,Even baby impact.
EMP15125,Jamie Bryant,Finance,Executive,54675.64,2022-01-26,samantha99@hotmail.com,New bit for seem.
EMP15126,Brittney Park MD,Sales,Executive,54675.64,2020-08-10,xadams@irwin.com,Involve wait.
EMP15127,Robert Logan,HR,Manager,54675.64,2023-06-03,oscar42@mitchell.org,West story old fast.
EMP15128,Alexander Parker,Sales,Manager,54675.64,2021-08-02,amydavis@gardner.com,Life you guess two.
EMP15129,Larry Bell,Sales,Executive,54675.64,2023-10-24,barbarafreeman@jacobs.com,Show unit special.
EMP15130,Walter Newman,Sales,Analyst,54675.64,2021-07-22,phillipscatherine@hotmail.com,National assume.
EMP15131,Evelyn Brooks,HR,Analyst,54675.64,2021-09-21,benjamin55@hotmail.com,Through every agree.
EMP15132,Beverly Grant,Sales,Manager,54675.64,2022-09-25,zanderson@hotmail.com,Yourself prevent.
EMP15133,Robert Smith,Finance,Manager,54675.64,2023-07-24,shelbykim@cross.com,Own medical after.
EMP15134,Eric Williams,HR,Executive,54675.64,2023-12-19,shuang@smith.com,Too pull safe.
EMP15135,Jason Stanley,IT,Executive,54675.64,2021-01-03,adam81@torres.com,Theory risk and.
EMP15136,Amber Sanders,IT,Executive,54675.64,2020-05-08,christianrichard@orozco-harris.com,Must how throw.
EMP15137,Joseph Lopez,IT,Analyst,54675.64,2023-12-05,nathaniel07@long.com,Tax her data cost.
EMP15138,Nicholas Hall,IT,Executive,54675.64,2022-04-11,toni33@hotmail.com,Show than buy.
EMP15139,Ashley Jenkins,Sales,Intern,54675.64,2023-10-29,valerie34@smith.com,Sure reach carry.
EMP15140,Stephanie Lynn,Sales,Executive,54675.64,2022-01-16,florescarolyn@hotmail.com,Too full share.
EMP15141,James Edwards,IT,Intern,54675.64,2022-08-07,awelch@hotmail.com,Drive body room.
EMP15142,Lisa Frazier,HR,Manager,54675.64,2020-03-14,sweeneydavid@yahoo.com,Feeling Congress he.
EMP15143,Benjamin Henderson,Sales,Manager,54675.64,2021-08-08,sarahharris@gmail.com,Pattern Mrs.
EMP15144,Erin Smith,Sales,Executive,54675.64,2023-12-08,joycewilliams@patel.com,Well operation.
EMP15145,Ashley Warren,HR,Intern,54675.64,2020-05-08,alexblevins@carrillo.com,Body when take.
EMP15146,Jamie Sandoval,HR,Manager,54675.64,2021-04-23,michelle21@kirk-dunn.com,House any put.
EMP15147,Angela Little,Finance,Executive,54675.64,2020-08-27,vhansen@flores.net,City debate event.
EMP15148,Scott Newton,HR,Executive,54675.64,2023-03-26,william56@yahoo.com,Political kid his.
EMP15149,Nicholas Potts,IT,Executive,54675.64,2020-05-20,williamfrazier@hotmail.com,Heavy rest miss.
EMP15150,Megan Chen,IT,Intern,54675.64,2020-10-25,gtaylor@yahoo.com,Speech town require.
EMP15151,Kristina Garcia,HR,Manager,54675.64,2022-11-30,lanejared@ferguson.com,People training.
EMP15152,April Herman,Finance,Executive,54675.64,2022-08-28,alecbooth@wood-hamilton.com,Evidence all say.
EMP15153,Erika Watkins,Finance,Manager,54675.64,2020-12-10,kevinhowell@vincent-norman.biz,Bar product road.
EMP15154,Andrea Maynard,IT,Analyst,54675.64,2022-10-11,chad91@yahoo.com,Billion yeah view.
EMP15155,Gregory Hunter,IT,Analyst,54675.64,2022-04-24,kathleennguyen@tyler-garcia.com,Rule billion help.
EMP15156,Brian Miller,HR,Manager,54675.64,2023-11-22,mary95@yahoo.com,Save dark into much.
EMP15157,Vickie Phillips,Sales,Analyst,54675.64,2020-02-10,zbarnes@king-peterson.org,Entire major tree.
EMP15158,Travis Ortega,Finance,Analyst,54675.64,2022-02-12,joshua44@bradshaw-medina.com,Firm point detail.
EMP15159,Douglas Jennings,IT,Analyst,54675.64,2021-07-11,kking@gmail.com,Way serious I.
EMP15160,Steven Elliott Jr.,HR,Executive,54675.64,2020-07-23,kyle01@hendricks.net,Push measure time.
EMP15161,John Hernandez,HR,Intern,54675.64,2022-06-15,vhinton@hill.net,Kind road its drug.
EMP15162,Jeffrey West,HR,Analyst,54675.64,2022-03-07,shannon28@yahoo.com,Company her others.
EMP15163,Steve Rogers,Finance,Executive,54675.64,2022-08-29,brandonhouston@turner-garcia.info,Thing day give.
EMP15164,Michael King,Sales,Manager,54675.64,2022-06-09,williambradley@hotmail.com,Purpose know.
EMP15165,Tammy Yoder,HR,Manager,54675.64,2021-02-13,mpalmer@mitchell.com,Close perhaps reach.
EMP15166,Jeremy Hanson,HR,Analyst,54675.64,2023-04-24,webbbradley@gmail.com,Vote worry hard.
EMP15167,Curtis Mcdaniel,Sales,Executive,54675.64,2022-05-04,cassidykemp@hotmail.com,Individual carry.
EMP15168,Erica House,HR,Intern,54675.64,2023-02-28,aedwards@sutton.com,Hard maintain.
EMP15169,Kim Patel,IT,Intern,54675.64,2022-04-07,robertbaker@gmail.com,Daughter hold then.
EMP15170,Antonio White,Finance,Manager,54675.64,2021-09-01,nhouse@torres.com,Eye require apply.
EMP15171,Wayne Forbes,Sales,Manager,54675.64,2020-10-05,hlopez@gmail.com,Top test military.
EMP15172,Brian Henry,Sales,Executive,54675.64,2021-12-02,ecain@hotmail.com,Total hard approach.
EMP15173,John Hall,Finance,Analyst,54675.64,2020-01-04,kmiller@garcia-barrett.com,Decision through.
EMP15174,Bonnie Warren,HR,Manager,54675.64,2020-02-08,karen30@brown.com,Throw something.
EMP15175,Jose Pena,Finance,Analyst,54675.64,2021-09-16,fdaniels@yahoo.com,Professional until.
EMP15176,Karen Golden,IT,Analyst,54675.64,2022-05-05,fgarrett@lynch.com,Determine gas think.
EMP15177,Leslie Gonzalez,Sales,Executive,54675.64,2021-06-29,adriennegillespie@allen.com,Inside between and.
EMP15178,James Wood,HR,Analyst,54675.64,2023-05-24,stephanie26@gmail.com,Ball individual.
EMP15179,Sandra Jackson,HR,Manager,54675.64,2020-04-29,vincentbarry@gmail.com,Play network value.
EMP15180,Kimberly May DVM,Finance,Executive,54675.64,2020-10-07,adrianserrano@strickland.org,Cut low hospital.
EMP15181,Eddie Price,Sales,Intern,54675.64,2022-08-05,russelleric@hotmail.com,House life majority.
EMP15182,Matthew Hayes,Finance,Analyst,54675.64,2020-09-27,shawnturner@richard.net,Respond develop.
EMP15183,Jamie Hodges,Sales,Executive,54675.64,2023-02-26,martinmark@rodriguez.com,These give maintain.
EMP15184,Louis Mcdonald,Finance,Executive,54675.64,2021-01-10,bkelley@hotmail.com,As score move party.
EMP15185,Kayla Powell,HR,Intern,54675.64,2022-06-23,alejandrolewis@yahoo.com,Cover offer.
EMP15186,Karl Bartlett,Finance,Executive,54675.64,2020-11-10,kelly98@gmail.com,Unit song single.
EMP15187,Cole Clark,Sales,Intern,54675.64,2020-05-21,wattsalexis@bell-luna.info,Task contain degree.
EMP15188,Deanna Deleon,IT,Analyst,54675.64,2023-02-02,annadams@mckenzie-long.info,Investment why song.
EMP15189,Zachary Sweeney,Finance,Executive,54675.64,2022-10-10,jonathan39@yahoo.com,Such word major.
EMP15190,Chris Carter,IT,Intern,54675.64,2022-03-09,anna23@richardson.net,Individual push TV.
EMP15191,Jeffery Johnson,HR,Intern,54675.64,2021-12-28,kbutler@hall.info,Trouble try.
EMP15192,Candace Mahoney,Finance,Analyst,54675.64,2021-05-18,nicholaschapman@gmail.com,Exist whom.
EMP15193,Eric Weber,IT,Executive,54675.64,2020-02-22,cbennett@thomas.com,Approach avoid.
EMP15194,Christopher Lewis,Finance,Analyst,54675.64,2022-08-16,hansenandre@wagner.com,Information.
EMP15195,Annette Hunter,Finance,Intern,54675.64,2020-08-31,kedwards@reynolds.com,Worry event country.
EMP15196,Rachel King,HR,Executive,54675.64,2021-01-28,berrysonya@gmail.com,Student ahead age.
EMP15197,Anthony Snyder,Sales,Analyst,54675.64,2021-09-09,diazlisa@hotmail.com,Different space.
EMP15198,Jessica Lopez,Sales,Manager,54675.64,2023-04-09,andrewlopez@hotmail.com,Moment attention.
EMP15199,Monique Cole,Finance,Manager,54675.64,2023-03-15,brownbrenda@fox.biz,Green line response.
EMP15200,Maria Humphrey,HR,Executive,54675.64,2023-08-31,pparks@hotmail.com,Early system.
EMP15201,James Jones,Finance,Manager,54675.64,2023-09-17,rwilliams@gmail.com,Four evidence him.
EMP15202,Edward Booker,HR,Analyst,54675.64,2022-05-16,umanning@stewart-weber.biz,Team easy myself.
EMP15203,Daniel Woods,Sales,Manager,54675.64,2020-12-29,keith63@franklin-ryan.com,Tell member soon.
EMP15204,Jacob Richard,HR,Analyst,54675.64,2022-01-27,rubiojudy@hotmail.com,Make democratic.
EMP15205,Christian Gomez,Finance,Analyst,54675.64,2020-10-05,charlespetty@yahoo.com,Smile course.
EMP15206,John Stone,IT,Manager,54675.64,2020-03-26,omathews@payne-hess.com,Drive popular.
EMP15207,Marie Parks,IT,Intern,54675.64,2021-04-03,jeffrey03@watts-garza.info,Today main speech.
EMP15208,Isabella Wilson,Finance,Manager,54675.64,2023-04-15,johnperez@hotmail.com,Environmental.
EMP15209,Christopher Rojas,IT,Analyst,54675.64,2021-10-24,taylor31@gmail.com,Need political.
EMP15210,Tracy Gregory,Finance,Manager,54675.64,2021-01-30,modom@palmer.com,Who garden pay.
EMP15211,Brittany Carpenter,Finance,Manager,54675.64,2022-03-07,david75@sandoval.com,Management though.
EMP15212,Michelle Rose,Sales,Executive,54675.64,2020-08-04,georgeisaac@jones.com,Mention whatever.
EMP15213,Olivia Nguyen,Sales,Analyst,54675.64,2021-08-22,anthony96@torres-olson.com,Begin as threat.
EMP15214,Kelsey Mcdaniel,Sales,Intern,54675.64,2021-07-24,iball@gmail.com,True name economic.
EMP15215,Adam Bush,Finance,Executive,54675.64,2023-08-25,tylerking@ferguson-castro.com,Sound party.
EMP15216,Donna White,HR,Analyst,54675.64,2023-09-09,michelle80@yahoo.com,Wide let certainly.
EMP15217,Lauren Weaver DDS,Finance,Manager,54675.64,2020-12-22,qgarcia@mann-ross.com,Determine.
EMP15218,Sarah Kirby,Sales,Intern,54675.64,2020-01-03,ryan49@gmail.com,Rather believe news.
EMP15219,Justin Hanson,Sales,Analyst,54675.64,2020-03-29,patrickbrown@yahoo.com,Person much figure.
EMP15220,Casey Mcdonald,IT,Manager,54675.64,2023-10-22,donaldbrowning@garza-fisher.net,Research special.
EMP15221,Matthew Young,Sales,Executive,54675.64,2023-12-15,johnroberts@hale.com,Detail nearly.
EMP15222,Tiffany Becker,HR,Analyst,54675.64,2020-03-03,evan97@young.biz,East usually Mr.
EMP15223,Shannon Lowe,Finance,Executive,54675.64,2020-10-05,stephanie75@gmail.com,Operation anyone.
EMP15224,Eric Coffey,HR,Analyst,54675.64,2022-01-28,jonathanrussell@yahoo.com,Wonder note two.
EMP15225,Gregory Wright,Finance,Executive,54675.64,2021-03-08,ohughes@gmail.com,Senior office but.
EMP15226,Emily Harper,IT,Manager,54675.64,2023-01-14,ychristian@hall.com,Probably house sort.
EMP15227,Robin Hood,IT,Analyst,54675.64,2020-03-17,dalvarez@thompson-lopez.com,Major station oil.
EMP15228,Robert Giles,HR,Executive,54675.64,2021-02-09,heidi78@wyatt-maxwell.net,Mrs attorney.
EMP15229,Daniel Russell,IT,Manager,54675.64,2021-01-03,bonniegriffith@powers.info,Me simple.
EMP15230,Adam Berger,Finance,Manager,54675.64,2020-09-01,jacquelinerodriguez@yahoo.com,Sing for space note.
EMP15231,Jamie Parks,IT,Analyst,54675.64,2021-01-28,rsanders@gmail.com,Whatever two arrive.
EMP15232,Paul Baker,Finance,Analyst,54675.64,2023-02-17,jacksonaaron@wilcox-anderson.org,Professional will.
EMP15233,Meagan Wagner,Finance,Analyst,54675.64,2022-02-15,larry07@spence.net,Six wall former.
EMP15234,Anthony Butler,HR,Executive,54675.64,2022-04-03,jonathan81@wheeler-perkins.com,Seven per wind.
EMP15235,Debra Hood,Finance,Manager,54675.64,2022-07-03,qheath@yahoo.com,Especially Mrs.
EMP15236,Bobby Miller,IT,Manager,54675.64,2020-02-02,iespinoza@hotmail.com,Station sing trade.
EMP15237,Jamie Cantu,HR,Analyst,54675.64,2022-07-04,fhale@yahoo.com,Agree instead call.
EMP15238,Jose Martinez,Finance,Manager,54675.64,2022-03-13,charlesglover@cannon.biz,Sell grow society.
EMP15239,Madison Mendoza,Finance,Manager,54675.64,2021-01-13,wvilla@gmail.com,Painting state.
EMP15240,Ashley Conway,Finance,Analyst,54675.64,2022-11-20,christopherblack@clark.com,Firm accept amount.
EMP15241,Rebecca Jordan,HR,Intern,54675.64,2023-12-28,ilucero@edwards-white.net,When whom in grow.
EMP15242,Allison Hicks,Finance,Manager,54675.64,2023-02-16,christophermiller@gmail.com,Myself team admit.
EMP15243,Timothy Adams,HR,Manager,54675.64,2023-01-06,matthew58@adams.com,Likely when quickly.
EMP15244,Charles Warren,IT,Intern,54675.64,2022-02-16,lindseywood@yahoo.com,Other task child.
EMP15245,Heather Villegas,HR,Intern,54675.64,2020-11-18,aterry@yahoo.com,Effort cold win.
EMP15246,Patricia Flynn,Sales,Analyst,54675.64,2022-06-05,luismarsh@hotmail.com,None suggest.
EMP15247,Rebecca Wall,Sales,Executive,54675.64,2020-06-10,susan59@hotmail.com,Arm arrive.
EMP15248,Jessica Mcgee,Finance,Analyst,54675.64,2022-12-10,sean87@yahoo.com,Certain mind light.
EMP15249,Craig Miller,Finance,Manager,54675.64,2022-09-14,rosehoward@hotmail.com,Instead final black.
EMP15250,Russell Pearson,Sales,Analyst,54675.64,2020-08-05,julia79@dunn.com,Visit too tell.
EMP15251,Deborah Giles,IT,Analyst,54675.64,2023-11-20,jeffrey63@hall-arias.net,Police or industry.
EMP15252,Brian Edwards,HR,Intern,54675.64,2022-07-10,hstephens@dean.com,Site executive keep.
EMP15253,Jacqueline Carpenter,Sales,Manager,54675.64,2022-08-24,turnercatherine@brown.com,Manage ability.
EMP15254,Francis Duarte,HR,Manager,54675.64,2022-04-14,kelly63@morse-gardner.com,Beyond audience.
EMP15255,Jordan Robinson,IT,Executive,54675.64,2020-03-30,ronald59@bridges.info,Everybody care five.
EMP15256,Marc Duke,IT,Executive,54675.64,2022-06-07,brookehawkins@yahoo.com,Democratic side.
EMP15257,Jacob Coleman,Sales,Intern,54675.64,2020-05-09,williamfarmer@yahoo.com,Contain news night.
EMP15258,Mary Oneill,Finance,Manager,54675.64,2020-01-12,brittneyburke@yahoo.com,Group yard weight.
EMP15259,Sheila Chavez,IT,Executive,54675.64,2022-04-06,heathersweeney@wright-reeves.org,Congress media.
EMP15260,Heidi Bryan,IT,Executive,54675.64,2023-11-05,alejandra75@yahoo.com,Itself commercial.
EMP15261,Andrew Murphy,HR,Analyst,54675.64,2020-02-01,joshuathompson@skinner.org,Exist southern.
EMP15262,Kelsey Miller,HR,Analyst,54675.64,2020-02-20,austinrodriguez@owens.com,Here police single.
EMP15263,Gina Warner,Sales,Executive,54675.64,2021-01-14,katie13@yahoo.com,High determine.
EMP15264,Douglas Kelly,Sales,Analyst,54675.64,2023-10-13,william09@hotmail.com,Society trial early.
EMP15265,Shari Robbins,HR,Analyst,54675.64,2020-09-23,vbaldwin@underwood.com,Amount look onto.
EMP15266,Joseph Hernandez,IT,Manager,54675.64,2020-02-23,perezjoseph@gmail.com,Ball service.
EMP15267,Lisa Adams,Finance,Executive,54675.64,2021-06-01,ujones@gmail.com,Professor these.
EMP15268,Jaime Mitchell,Finance,Executive,54675.64,2020-01-08,jonathanbradley@hotmail.com,Night I analysis.
EMP15269,Kristen King,Sales,Intern,54675.64,2023-08-10,ycollins@yahoo.com,Likely major green.
EMP15270,Jason Hall,HR,Intern,54675.64,2021-10-09,collinlambert@yahoo.com,Serve effect appear.
EMP15271,Laura Alvarez,IT,Manager,54675.64,2023-09-24,bethkelley@torres.com,Strategy white.
EMP15272,Dustin Franklin,Finance,Manager,54675.64,2021-01-15,tara15@gmail.com,Several return.
EMP15273,Jamie Landry,Finance,Manager,54675.64,2023-11-11,lhopkins@mitchell-martinez.com,Start almost.
EMP15274,Dr. Timothy Diaz,Finance,Analyst,54675.64,2023-12-19,jennifer59@hernandez.com,Spring newspaper by.
EMP15275,Daniel Owens,IT,Manager,54675.64,2021-09-13,ndavis@yahoo.com,Community speak.
EMP15276,Ian Griffin,IT,Intern,54675.64,2022-06-07,zwade@hotmail.com,Where consider.
EMP15277,Samuel Perkins,Sales,Manager,54675.64,2023-10-08,chris98@edwards-duncan.com,Society many.
EMP15278,Corey Martin,Sales,Intern,54675.64,2021-08-30,ortegajesse@hotmail.com,Shoulder lawyer.
EMP15279,Hector Carter,HR,Intern,54675.64,2023-06-01,chad93@rowland.com,Book whom check.
EMP15280,Tina Wall,HR,Manager,54675.64,2021-03-29,charlesparsons@bender.net,House law trade.
EMP15281,Marilyn Miles,HR,Manager,54675.64,2022-01-22,walkermark@york.com,Board design build.
EMP15282,Shelly Kim,HR,Analyst,54675.64,2020-11-13,jeffery97@yahoo.com,Claim reach agent.
EMP15283,Derrick Wolf,HR,Executive,54675.64,2023-08-25,laurayoung@schultz.org,At time pattern.
EMP15284,Zachary Curtis,Sales,Manager,54675.64,2022-08-12,ebecker@yahoo.com,Grow bank later.
EMP15285,Jose Martin,IT,Intern,54675.64,2023-10-04,melissa99@hotmail.com,Specific heart.
EMP15286,Katherine Macdonald,Finance,Intern,54675.64,2022-06-12,robertawalls@rodriguez.com,Analysis exist us.
EMP15287,Randy Fleming,IT,Manager,54675.64,2023-09-24,davisdouglas@frost-moore.org,Customer one occur.
EMP15288,Peter Moore,Sales,Executive,54675.64,2020-12-16,grantcory@gmail.com,Forget fall few.
EMP15289,Linda Thomas,Finance,Executive,54675.64,2021-10-24,ypreston@yahoo.com,Doctor event firm.
EMP15290,Paul Newman,Finance,Manager,54675.64,2022-07-31,ymartinez@stevenson-thomas.com,Near once stage.
EMP15291,Robert Dorsey,IT,Manager,54675.64,2023-07-17,andreaweber@howard.com,Realize expect.
EMP15292,Bryan Hill,Finance,Executive,54675.64,2023-10-24,stephen20@yahoo.com,Campaign single.
EMP15293,Terri Watson,Sales,Intern,54675.64,2022-09-19,denniscopeland@yahoo.com,Light expert.
EMP15294,Miss Becky Garcia,Finance,Manager,54675.64,2020-02-18,jennifer02@yahoo.com,Cost live forward.
EMP15295,Briana Johnson,IT,Analyst,54675.64,2021-10-02,michaelhernandez@smith.com,Participant detail.
EMP15296,Anne White,IT,Manager,54675.64,2021-06-17,rosslee@bailey.com,Within seven sea.
EMP15297,Christina Reyes,HR,Manager,54675.64,2022-07-19,lindawilson@gmail.com,Current sound fight.
EMP15298,Matthew Kirby,Sales,Analyst,54675.64,2022-10-23,andersonbrenda@smith.org,Cultural scene hope.
EMP15299,Paul Arnold,Finance,Executive,54675.64,2023-11-20,qmartin@bullock.com,Speak thousand view.
EMP15300,Veronica Pierce,Finance,Executive,54675.64,2022-01-16,daniel87@yahoo.com,Relate size suggest.
EMP15301,Sandra Vargas,Finance,Executive,54675.64,2021-02-24,andrewsantonio@wolfe-gomez.com,Leave anyone spring.
EMP15302,Shannon Knight,IT,Manager,54675.64,2022-04-24,randy53@diaz.com,Method keep.
EMP15303,Jamie Green,Sales,Executive,54675.64,2023-09-25,staceywilliams@melendez-russell.com,Before TV author.
EMP15304,Rachel Bell,Finance,Analyst,54675.64,2020-11-11,shawn79@yahoo.com,Join write dinner.
EMP15305,Patrick Lopez,Sales,Analyst,54675.64,2022-11-30,taylorcourtney@wells-chen.com,Worker million.
EMP15306,Regina Ramos,Finance,Manager,54675.64,2022-07-19,jhanson@hotmail.com,Task popular test.
EMP15307,Caitlin Zimmerman,HR,Executive,54675.64,2023-05-24,aharrison@yahoo.com,Stay adult year.
EMP15308,Ronald Roberson,HR,Executive,54675.64,2020-08-31,parkerrachel@hotmail.com,Imagine seven.
EMP15309,Michelle Garcia,HR,Analyst,54675.64,2023-01-30,nicholastrujillo@gmail.com,Experience drive.
EMP15310,Amanda Smith,IT,Executive,54675.64,2021-04-18,dgarcia@martinez.org,Outside read throw.
EMP15311,Jennifer Huerta,Finance,Analyst,54675.64,2020-06-28,kathleen64@jones.com,Student people.
EMP15312,Donna Jones,IT,Manager,54675.64,2020-06-28,bmckee@johnson.info,Power two pretty.
EMP15313,Jason Carson,IT,Analyst,54675.64,2022-05-24,jconway@yahoo.com,Resource six catch.
EMP15314,Elizabeth Hooper,IT,Executive,54675.64,2023-09-03,david45@summers.com,Few community.
EMP15315,Alexander Whitney,HR,Analyst,54675.64,2021-12-03,davidramirez@estes.com,Base scene southern.
EMP15316,Frank Davis,Sales,Executive,54675.64,2020-03-10,josephspears@black.com,Full another.
EMP15317,Benjamin Allen,Sales,Intern,54675.64,2021-07-05,zhill@hotmail.com,Thing there course.
EMP15318,Mary Hanson,Sales,Manager,54675.64,2022-10-29,andrewjones@yahoo.com,Option trade wait.
EMP15319,Troy Rojas,Finance,Intern,54675.64,2020-05-24,zmorris@hotmail.com,Serious effort open.
EMP15320,Christopher Vasquez,IT,Analyst,54675.64,2022-04-05,johnmcbride@richard.com,Today that fish.
EMP15321,Joshua Jones,IT,Intern,54675.64,2020-03-20,wolfroy@brown.com,Forget about.
EMP15322,Amy Meyer,Finance,Manager,54675.64,2022-04-04,stephaniebridges@green.org,As course health.
EMP15323,Heather Ramirez,IT,Manager,54675.64,2021-08-20,stephensantos@yahoo.com,Where almost talk.
EMP15324,Lisa Martinez,Sales,Analyst,54675.64,2020-06-21,debrarios@gmail.com,Area situation.
EMP15325,Aaron Brennan,IT,Intern,54675.64,2020-07-07,matthewtaylor@simpson.com,Finally subject.
EMP15326,Casey Perry,Finance,Analyst,54675.64,2022-02-18,meadowssean@yahoo.com,Audience mind alone.
EMP15327,Joshua Thomas,Finance,Analyst,54675.64,2023-05-09,tammygomez@martin.net,Fund dinner food.
EMP15328,Jeffrey Wells,Sales,Manager,54675.64,2020-01-06,elliotttiffany@gmail.com,Former system.
EMP15329,Tyrone Perez,IT,Analyst,54675.64,2021-09-05,davidsonthomas@english.org,Consumer ball.
EMP15330,Rachel Adams,Finance,Executive,54675.64,2023-05-10,lsmith@bradford.info,For message could.
EMP15331,Christina Blair,Finance,Executive,54675.64,2020-06-11,taylorgomez@yahoo.com,One pull street.
EMP15332,Felicia Nelson,Finance,Executive,54675.64,2022-12-06,klucas@valdez.info,Think dark change.
EMP15333,Andrea Francis,Sales,Executive,54675.64,2021-08-19,tfreeman@hotmail.com,Rate experience.
EMP15334,Judith Fuller,IT,Manager,54675.64,2020-04-26,nicholasbarnett@fisher.biz,Really kind often.
EMP15335,Rebecca Long,HR,Manager,54675.64,2023-07-22,freemangerald@hotmail.com,Third require can.
EMP15336,Andrea Williams,IT,Intern,54675.64,2020-10-09,daughertysummer@hall-ochoa.com,Medical red check.
EMP15337,Robert Weber,Sales,Manager,54675.64,2020-05-18,stephanie24@gmail.com,Resource wish dark.
EMP15338,Sean Nunez,Sales,Executive,54675.64,2020-11-21,bethhendrix@nichols-mitchell.net,Sometimes student.
EMP15339,Derek Chandler,Finance,Manager,54675.64,2023-04-25,davidwilson@gmail.com,Less their total.
EMP15340,Daniel Flores,Finance,Manager,54675.64,2021-07-06,hectorhaley@yahoo.com,Teach out fall foot.
EMP15341,Gail Liu,Sales,Executive,54675.64,2021-11-13,veronicasnow@hotmail.com,Land professor.
EMP15342,Thomas Jacobs,HR,Analyst,54675.64,2020-01-28,arthurrowland@blair.org,Simple keep memory.
EMP15343,Maria Rodriguez,HR,Manager,54675.64,2021-07-28,uvelasquez@todd-hill.com,Prove money every.
EMP15344,Tara Mccoy,Sales,Manager,54675.64,2021-05-03,pnewton@yahoo.com,Peace interesting.
EMP15345,Jose Sherman,Finance,Intern,54675.64,2023-12-23,dgonzales@hotmail.com,Add record find.
EMP15346,Joshua Pierce,Sales,Analyst,54675.64,2023-07-27,leonnathan@hotmail.com,Pass according cold.
EMP15347,Mark Hall,Finance,Manager,54675.64,2023-10-12,laurenleach@hotmail.com,Down phone wide.
EMP15348,James Watts,Finance,Executive,54675.64,2021-12-17,nunezsara@merritt-carter.com,If hair power bill.
EMP15349,Martha Brown,Sales,Analyst,54675.64,2021-03-23,vsutton@russell.info,Do new wall where.
EMP15350,Alexander Keller,IT,Manager,54675.64,2023-09-20,glenngibbs@yahoo.com,Paper early ahead.
EMP15351,Kaitlyn Fitzpatrick,Sales,Manager,54675.64,2021-04-01,michelleblair@york-brown.com,Lay also beyond.
EMP15352,Daniel Sanchez,IT,Intern,54675.64,2023-08-11,marquezashley@gmail.com,Her water want arm.
EMP15353,Robert Fowler,HR,Intern,54675.64,2023-02-19,colleentaylor@yahoo.com,My often interest.
EMP15354,Jesse Vargas,Finance,Manager,54675.64,2021-04-10,tcurtis@hotmail.com,Unit recognize to.
EMP15355,Jesse Patrick,HR,Intern,54675.64,2023-04-09,yjacobs@gmail.com,Side money town.
EMP15356,Joanna Wells,Finance,Intern,54675.64,2022-09-02,zhowell@hotmail.com,Rule interest.
EMP15357,Randall Daniel,Finance,Manager,54675.64,2023-12-20,tatelaura@hayden.com,Similar blue rise.
EMP15358,Destiny Hood,Sales,Executive,54675.64,2021-07-12,kingkrista@gmail.com,Her see fish happen.
EMP15359,Eric Chen,Finance,Intern,54675.64,2022-07-27,christensenjohn@carter.biz,Program still plan.
EMP15360,Dominic Robinson,HR,Analyst,54675.64,2020-05-01,sarahmelton@yahoo.com,During body down.
EMP15361,Jonathan Owen,Finance,Intern,54675.64,2021-10-24,yfischer@yahoo.com,Dark through news.
EMP15362,David Wilson,IT,Executive,54675.64,2023-08-04,dyerjames@yahoo.com,Along still within.
EMP15363,Mr. David Fox,IT,Executive,54675.64,2023-01-02,jasoncook@yahoo.com,Should including.
EMP15364,Jeremiah Sandoval,Sales,Manager,54675.64,2021-01-12,pharris@schmitt-walker.com,Lose create argue.
EMP15365,Juan Garrett,Sales,Manager,54675.64,2020-12-23,linda21@yahoo.com,Bed true successful.
EMP15366,David Smith,Finance,Manager,54675.64,2023-01-05,wilsonmary@gmail.com,Medical move while.
EMP15367,Norman Perkins,HR,Analyst,54675.64,2022-02-21,pnelson@craig.com,Official different.
EMP15368,Valerie Long,Sales,Executive,54675.64,2023-08-07,walkererica@yahoo.com,Daughter happen.
EMP15369,Victoria Jones,Sales,Executive,54675.64,2020-05-09,hannahjones@parker.org,Time dark begin.
EMP15370,Mr. Thomas Lester,Sales,Executive,54675.64,2022-12-20,copelandanna@mendoza.com,Coach school ten.
EMP15371,Lisa Allison,IT,Analyst,54675.64,2021-02-28,danny06@wright.net,Marriage prepare.
EMP15372,Angelica Welch,HR,Intern,54675.64,2021-08-30,madkins@salazar.net,Stage anyone blood.
EMP15373,John Lee,Sales,Intern,54675.64,2021-04-22,uthompson@davis.net,Though have source.
EMP15374,Lisa Haynes,Finance,Manager,54675.64,2021-08-20,pattonemily@yahoo.com,Conference example.
EMP15375,Chad Hood,Sales,Intern,54675.64,2022-08-06,tiffanywade@hernandez-brown.com,Writer option.
EMP15376,Drew Jones,Sales,Manager,54675.64,2021-09-13,nathan07@garrett-cross.com,Stage involve their.
EMP15377,Jeff Wagner,IT,Analyst,54675.64,2021-04-16,qshepherd@gmail.com,Use it bill similar.
EMP15378,Michael Lewis,IT,Analyst,54675.64,2022-11-03,martinezbryan@stevenson-clark.com,Ever whose really.
EMP15379,Michelle Rodriguez,Sales,Intern,54675.64,2021-10-18,amystevens@mitchell.com,Tend by improve.
EMP15380,Sarah Romero,HR,Manager,54675.64,2023-03-11,tammy89@mercado.com,Work stay worker.
EMP15381,Stanley Malone,IT,Intern,54675.64,2022-01-13,garrettjennifer@acosta.com,Ground build.
EMP15382,Rebecca Williams,Sales,Intern,54675.64,2022-11-30,smithjessica@powell.biz,Control fish site.
EMP15383,Kristina Klein,HR,Intern,54675.64,2022-04-09,johnsonrachel@yahoo.com,However have people.
EMP15384,James Ross,Sales,Executive,54675.64,2022-03-30,cknight@branch.com,Outside red best.
EMP15385,Laura Jimenez,HR,Manager,54675.64,2020-10-09,idudley@hotmail.com,Bad recognize grow.
EMP15386,Jennifer Reese,Finance,Analyst,54675.64,2020-12-06,zcarrillo@yahoo.com,Brother baby player.
EMP15387,Ronald Hernandez,IT,Analyst,54675.64,2020-02-09,jonathangonzalez@blackwell.com,Skill vote.
EMP15388,Frank Davila,Finance,Intern,54675.64,2020-02-04,rmunoz@hotmail.com,Run adult hit.
EMP15389,Carrie Watkins,HR,Manager,54675.64,2020-04-04,evanhodge@rodriguez-schneider.biz,Learn chair kind.
EMP15390,Rhonda Wilson,IT,Intern,54675.64,2020-01-11,jacob70@martin-matthews.org,Message future west.
EMP15391,Mrs. Julie Reed,IT,Intern,54675.64,2022-02-01,georgeholder@reed.com,Present half.
EMP15392,Ms. Elizabeth Gordon DDS,Finance,Intern,54675.64,2020-09-06,emilyroberts@haas.com,Itself anything red.
EMP15393,Jasmine Lee,HR,Executive,54675.64,2021-08-14,normajenkins@gmail.com,Admit peace out.
EMP15394,Monique Burgess,IT,Analyst,54675.64,2023-11-14,kcarter@douglas.com,Like support.
EMP15395,Timothy Montoya,HR,Analyst,54675.64,2022-05-15,mpena@yahoo.com,Nor turn arrive cut.
EMP15396,Jason Keller,HR,Intern,54675.64,2021-01-15,warrenmorgan@hotmail.com,Own above you.
EMP15397,Taylor Floyd,IT,Analyst,54675.64,2022-11-10,xbailey@gmail.com,Travel guy remember.
EMP15398,Adam Gonzalez MD,IT,Manager,54675.64,2022-05-10,john25@jones.info,Those however who.
EMP15399,Steven Bell,IT,Manager,54675.64,2022-04-04,ashleyfrederick@hernandez.biz,Challenge century.
EMP15400,Kevin Chapman,Finance,Analyst,54675.64,2023-06-25,ashley39@robinson-spears.com,Care keep alone.
EMP15401,Kim Lee,IT,Intern,54675.64,2022-10-12,gregorymarvin@dawson-edwards.com,Wish standard page.
EMP15402,Luke Jackson,IT,Intern,54675.64,2022-06-19,jeffreyfarmer@daniel-welch.com,Thing story learn.
EMP15403,Trevor Banks,Sales,Manager,54675.64,2021-02-15,haroldcooper@hotmail.com,Type right report.
EMP15404,Crystal Peterson,Sales,Executive,54675.64,2021-04-23,gloria34@hotmail.com,Road able old.
EMP15405,Jason Watson,Finance,Manager,54675.64,2021-09-17,qsanchez@hotmail.com,Also high civil.
EMP15406,Kristin Gutierrez,Finance,Analyst,54675.64,2021-04-03,xbyrd@yahoo.com,Could increase.
EMP15407,Jennifer Salazar,Sales,Intern,54675.64,2020-09-07,kellivega@kelly.org,Report whose along.
EMP15408,David Nguyen,Finance,Executive,54675.64,2020-11-28,ethan53@graves-richards.com,Medical break word.
EMP15409,Lindsey Ramirez,Sales,Manager,54675.64,2020-12-28,annestewart@davidson.com,At perform single.
EMP15410,Shelley Scott,Sales,Analyst,54675.64,2022-07-11,benjamin95@murray-weiss.org,Attention light.
EMP15411,Patricia Patterson,HR,Analyst,54675.64,2022-05-11,brownkeith@hotmail.com,Indicate animal in.
EMP15412,Robert Lucas,Finance,Intern,54675.64,2021-07-13,christine37@gmail.com,Finish style.
EMP15413,Brendan Barrett,IT,Intern,54675.64,2021-04-06,tammy26@baker.com,Now decide part.
EMP15414,George Greer,Sales,Executive,54675.64,2020-02-27,gregory08@yahoo.com,Middle deep my.
EMP15415,Nicholas Dodson,HR,Intern,54675.64,2023-03-06,alejandra99@long.org,Animal wish age oil.
EMP15416,Susan Norris,HR,Manager,54675.64,2023-08-27,alyssa91@patrick.com,Program it entire.
EMP15417,Isaac Williams,Sales,Manager,54675.64,2020-10-27,smithtara@smith.info,Middle leg.
EMP15418,David Diaz,Finance,Intern,54675.64,2023-03-25,katie95@gmail.com,Name radio guess.
EMP15419,Mrs. Sarah Thomas,Sales,Intern,54675.64,2020-06-04,dgarcia@wallace.org,Summer computer yes.
EMP15420,Nicole Miles,Finance,Manager,54675.64,2020-06-22,natasharussell@miller.info,Level piece role.
EMP15421,Jessica Burton,Sales,Manager,54675.64,2022-07-09,lance87@hotmail.com,But subject.
EMP15422,Jason Martin,Sales,Executive,54675.64,2020-10-08,kimberlyallen@yahoo.com,Wear field feeling.
EMP15423,Sean Nelson,HR,Analyst,54675.64,2022-02-01,pevans@pace.com,Morning church.
EMP15424,Kristina Brown,IT,Analyst,54675.64,2023-09-03,james38@shea.com,Fly body instead.
EMP15425,Crystal Bautista,IT,Analyst,54675.64,2023-05-04,halljohn@beck.com,Only forget.
EMP15426,Abigail Carter,HR,Manager,54675.64,2020-07-13,leslie20@manning.com,Arrive project.
EMP15427,Kyle King,Finance,Manager,54675.64,2023-12-12,rogerdiaz@owens.com,Two us amount.
EMP15428,Edwin Anderson,Sales,Manager,54675.64,2022-09-03,jacksoncheryl@savage.biz,Without similar.
EMP15429,Kimberly Chavez,Finance,Manager,54675.64,2022-07-18,barnesalexandra@yahoo.com,Bit executive.
EMP15430,Pamela Richards,IT,Analyst,54675.64,2021-07-09,ymartin@edwards.biz,Drive.
EMP15431,Vanessa Stevenson,Finance,Analyst,54675.64,2023-09-17,tuckerbrian@gmail.com,Them out central.
EMP15432,Jennifer Murray,Sales,Executive,54675.64,2023-07-24,lwade@yahoo.com,Game customer.
EMP15433,Ryan Thomas,IT,Executive,54675.64,2023-11-26,jeanettesmith@gmail.com,Media realize much.
EMP15434,Jeremy Perez,Finance,Manager,54675.64,2020-02-05,hilljoseph@yahoo.com,Hundred matter tax.
EMP15435,Jasmine Jones,Finance,Executive,54675.64,2021-08-04,harold58@yahoo.com,Newspaper industry.
EMP15436,Robyn Patel,Finance,Analyst,54675.64,2021-04-12,brownteresa@foster.com,Continue myself.
EMP15437,Sean Craig,IT,Analyst,54675.64,2021-11-23,vanessabruce@hotmail.com,Discussion return.
EMP15438,Brian Collier,IT,Analyst,54675.64,2022-02-05,martineznancy@hotmail.com,Modern material.
EMP15439,Jesus Hobbs,Finance,Analyst,54675.64,2020-05-27,psaunders@hotmail.com,Husband eat house.
EMP15440,Isabella Cooper,HR,Intern,54675.64,2023-05-31,benjaminjordan@hotmail.com,Understand project.
EMP15441,Victoria Murphy,Sales,Manager,54675.64,2020-05-06,chapmaneric@vega-gentry.com,Line environmental.
EMP15442,Nicole Serrano,IT,Manager,54675.64,2023-07-06,denisejohnson@yahoo.com,Control day final.
EMP15443,Julie Tran,IT,Intern,54675.64,2021-12-24,vdaniel@fernandez-carr.org,Mother pressure.
EMP15444,Angela Owens,IT,Executive,54675.64,2021-06-03,leslie49@yahoo.com,Rather tax against.
EMP15445,James Moore,Sales,Manager,54675.64,2020-09-12,emily17@hotmail.com,Because with stand.
EMP15446,Charles Hoover,IT,Executive,54675.64,2022-03-26,michael92@armstrong.com,Teach parent.
EMP15447,Nicholas Bryant,HR,Analyst,54675.64,2021-02-10,jacobmoore@jordan.com,Single bill.
EMP15448,Christopher Williamson,IT,Executive,54675.64,2020-01-02,reginapearson@gmail.com,Many dinner charge.
EMP15449,Kevin Smith,IT,Manager,54675.64,2020-10-19,ugreen@hotmail.com,Mrs investment.
EMP15450,Eric Flores,HR,Manager,54675.64,2022-01-31,melissa85@moore.com,Big step space can.
EMP15451,Leslie Rich,Sales,Analyst,54675.64,2023-01-22,amandakeller@lopez-gray.com,Must put impact the.
EMP15452,Kelly Daniels,Sales,Manager,54675.64,2020-02-20,randy76@todd.com,Though head drug.
EMP15453,Janice Wheeler,IT,Analyst,54675.64,2023-04-10,wallsshannon@patterson.org,Son quality.
EMP15454,Michelle Taylor,Sales,Manager,54675.64,2023-03-21,christopher51@yahoo.com,Color to political.
EMP15455,Dr. James Montgomery,HR,Analyst,54675.64,2020-06-08,jesseking@gmail.com,Society institution.
EMP15456,Amber Clark,Sales,Executive,54675.64,2020-07-02,judithsummers@hotmail.com,Each question walk.
EMP15457,Melinda Leblanc,IT,Executive,54675.64,2023-04-30,timothy70@baker.com,Owner thought money.
EMP15458,Jessica Daugherty,HR,Intern,54675.64,2023-03-27,ellen06@yahoo.com,Money turn pretty.
EMP15459,Victor Rosales,IT,Analyst,54675.64,2020-06-14,savageshannon@yahoo.com,Most section how.
EMP15460,Christopher Dalton,HR,Executive,54675.64,2023-02-16,kayleeshelton@hotmail.com,Different surface.
EMP15461,Brittany Phillips MD,HR,Intern,54675.64,2022-04-25,keith34@lewis-hooper.org,Candidate anyone.
EMP15462,Kristi Lawrence,IT,Manager,54675.64,2022-06-17,keithrichard@morris.com,His alone charge.
EMP15463,Robin Jackson,IT,Analyst,54675.64,2023-12-03,gabriel79@payne.net,Prevent right but.
EMP15464,Jennifer Cantu,Sales,Executive,54675.64,2020-02-14,sethboyer@mathis.com,Spend local hard.
EMP15465,Thomas Hernandez,Finance,Executive,54675.64,2023-04-28,katherine26@moreno.net,Successful indeed.
EMP15466,Anne Garcia,Sales,Intern,54675.64,2020-05-14,howardmichael@foster.com,Situation continue.
EMP15467,Matthew Lawson,IT,Intern,54675.64,2023-03-24,scott32@hotmail.com,Drop impact smile.
EMP15468,Cynthia Pope,IT,Intern,54675.64,2023-06-07,uwhite@coleman-lyons.net,Two administration.
EMP15469,James Schultz,Sales,Manager,54675.64,2020-01-23,ygarcia@gmail.com,Without modern.
EMP15470,Douglas Brown,Finance,Executive,54675.64,2023-03-29,kevincoleman@hotmail.com,Enough term reality.
EMP15471,Amanda Hampton,Finance,Intern,54675.64,2021-05-28,tschwartz@frye.com,Hospital.
EMP15472,Michael Owens,IT,Executive,54675.64,2023-05-11,pandrews@gmail.com,Unit security goal.
EMP15473,Ronnie Reed,Finance,Analyst,54675.64,2021-11-04,leeerin@cox.org,Student draw face.
EMP15474,Desiree Combs,HR,Manager,54675.64,2022-08-05,mossmary@hotmail.com,Send nor gas enter.
EMP15475,Gregory Wade,Sales,Executive,54675.64,2023-04-27,james90@reid.com,Free of force blood.
EMP15476,Erica Johnson,Finance,Analyst,54675.64,2023-02-08,yshaffer@yahoo.com,War appear stage.
EMP15477,David Day,Finance,Executive,54675.64,2023-11-06,jonathanbeard@gmail.com,Particularly spend.
EMP15478,Terry Thomas,Sales,Analyst,54675.64,2022-03-12,kcooke@gonzalez.com,Meeting report.
EMP15479,Samantha Johnson,HR,Manager,54675.64,2020-09-22,peterhenderson@hotmail.com,Politics full.
EMP15480,Nicole Duncan,Finance,Manager,54675.64,2021-04-17,awhite@yahoo.com,Center us itself.
EMP15481,Michael Dawson,HR,Manager,54675.64,2021-10-03,veronica97@yahoo.com,Cover hospital.
EMP15482,Ricky Weaver,IT,Executive,54675.64,2023-01-09,danielmcdaniel@craig.org,Quickly quality.
EMP15483,David Maldonado,IT,Executive,54675.64,2023-03-26,wesley39@yahoo.com,Discuss ask.
EMP15484,Michael Johnson,HR,Analyst,54675.64,2020-07-28,millermatthew@gmail.com,People he indeed.
EMP15485,Kimberly Merritt,HR,Manager,54675.64,2023-06-15,lynn54@hotmail.com,Move inside street.
EMP15486,Fernando Walker MD,Sales,Manager,54675.64,2020-11-11,luke27@rasmussen.com,Respond never home.
EMP15487,Stanley Sims,Sales,Analyst,54675.64,2020-01-17,hoffmanjustin@frye.net,Specific material.
EMP15488,Brandi Munoz,Sales,Analyst,54675.64,2020-07-02,gjohnston@smith.net,Southern cut sound.
EMP15489,Brian Evans,Finance,Intern,54675.64,2021-05-09,beasleycharles@george.com,Yet quite product.
EMP15490,Dustin Bender,IT,Executive,54675.64,2021-08-20,murphynancy@hotmail.com,Three democratic.
EMP15491,Rachel Gallagher,Sales,Manager,54675.64,2022-08-04,wolfmark@porter.biz,Build dark water.
EMP15492,Tara Smith,Finance,Executive,54675.64,2022-02-22,dedwards@jones-powers.com,Keep serve out a.
EMP15493,Matthew Jimenez,Finance,Analyst,54675.64,2020-06-01,davidmooney@lynch-gibbs.org,Card necessary.
EMP15494,Terrence Harris,HR,Manager,54675.64,2023-07-18,ahansen@mason.info,Computer event.
EMP15495,Angel Delgado,Sales,Analyst,54675.64,2020-03-19,banderson@poole.biz,Serve cup very.
EMP15496,David Cantu,HR,Analyst,54675.64,2023-04-22,brendacrosby@gmail.com,Almost chair.
EMP15497,Lee Alvarado,HR,Intern,54675.64,2021-08-16,paul65@yahoo.com,Foot page write.
EMP15498,Lisa Hebert,Finance,Intern,54675.64,2020-03-05,pdunn@gmail.com,Next increase.
EMP15499,Derek Villarreal,IT,Manager,54675.64,2023-08-05,rayjessica@yahoo.com,Response car.
EMP15500,Katherine Farley,Finance,Executive,54675.64,2020-05-10,schmidtlauren@yahoo.com,Property actually.
EMP15501,James Alexander,Finance,Intern,54675.64,2023-08-21,ppark@gallagher.com,Down decide who.
EMP15502,Thomas Galloway,Finance,Analyst,54675.64,2021-11-24,vphillips@frazier.com,Seat hear left.
EMP15503,Matthew Sanchez,IT,Analyst,54675.64,2020-05-28,flowersmatthew@hall-diaz.info,Science science.
EMP15504,Christopher Mueller,Sales,Analyst,54675.64,2020-04-19,reyesjames@hotmail.com,Like market act.
EMP15505,Dr. Justin Davis,Finance,Executive,54675.64,2020-04-14,underwoodanthony@middleton-robertson.com,Really total work.
EMP15506,Mrs. Belinda Richardson MD,Finance,Executive,54675.64,2022-11-16,denisegross@gmail.com,Risk soldier decide.
EMP15507,Jeffrey Compton,Sales,Executive,54675.64,2021-01-22,danielmaria@gibson-owens.com,Field pressure.
EMP15508,Matthew Hoffman,Sales,Manager,54675.64,2020-04-24,baileydavid@gmail.com,Protect likely.
EMP15509,Ariel Smith,Finance,Executive,54675.64,2023-06-04,chanwilliam@wagner-olson.com,Tonight campaign.
EMP15510,Melissa Henson,IT,Analyst,54675.64,2020-05-08,donnapittman@lopez.com,TV Republican dog.
EMP15511,Sara Flowers,HR,Analyst,54675.64,2022-02-10,lwashington@craig.info,Shake threat.
EMP15512,David Moore,HR,Manager,54675.64,2021-03-14,robert86@gmail.com,Good large run arm.
EMP15513,Ryan Moore,Finance,Executive,54675.64,2023-02-07,lopezamanda@yahoo.com,Quite wife very.
EMP15514,Brian Hansen,IT,Intern,54675.64,2021-10-30,contrerasmark@arroyo.com,Chair window couple.
EMP15515,Robert Buck,Sales,Manager,54675.64,2023-03-20,wadejennifer@hays.net,Act oil cause north.
EMP15516,Thomas Miller,IT,Intern,54675.64,2020-07-31,woodwardamanda@hotmail.com,Different evening.
EMP15517,Laura Tyler,HR,Analyst,54675.64,2022-04-25,simpsoncaitlin@hotmail.com,Century military.
EMP15518,Tina Mendez,IT,Executive,54675.64,2021-06-03,spencerjuan@wade.org,Child cost heavy.
EMP15519,Ann Webb,Finance,Manager,54675.64,2023-01-08,lwebb@yahoo.com,Deal science day.
EMP15520,Emily Austin,IT,Executive,54675.64,2021-04-27,omartinez@austin.com,Every the learn.
EMP15521,Lisa Coleman,HR,Executive,54675.64,2023-01-16,anthonyedwards@kim.com,Project fly best.
EMP15522,Gary Ross,Finance,Intern,54675.64,2021-07-24,evelyn27@powell.com,Read western.
EMP15523,Justin Patterson,Finance,Intern,54675.64,2023-01-18,karen72@gmail.com,Turn doctor.
EMP15524,Cindy Carter,IT,Analyst,54675.64,2023-07-28,hunterwilliam@gmail.com,Administration.
EMP15525,Sarah Jensen,Finance,Intern,54675.64,2020-04-11,crawfordmonica@campbell.com,Total company give.
EMP15526,Alyssa Brooks,IT,Intern,54675.64,2020-08-05,briandawson@williams-garcia.com,Computer compare.
EMP15527,Joyce Ware,IT,Intern,54675.64,2023-07-03,qmyers@schmidt-schroeder.com,Her radio at pass.
EMP15528,Jennifer Williams,Sales,Analyst,54675.64,2021-10-27,christopher58@yahoo.com,Guy finish scene.
EMP15529,David Mayer,HR,Analyst,54675.64,2023-03-27,richardadams@hotmail.com,Statement project.
EMP15530,Wendy Young,Sales,Intern,54675.64,2020-07-12,donald52@hotmail.com,Back bring onto he.
EMP15531,Christopher Mcguire,HR,Manager,54675.64,2021-01-14,antoniocampos@barton.com,Item while box.
EMP15532,Charles Tucker,HR,Intern,54675.64,2020-08-22,blankenshipvanessa@bell-owens.org,Boy none wall no.
EMP15533,Elizabeth Garza,Finance,Manager,54675.64,2020-02-22,othomas@yahoo.com,Interest discover.
EMP15534,Amy Long,HR,Manager,54675.64,2021-12-13,dfoster@gmail.com,Rich house number.
EMP15535,Dr. Alyssa Washington,IT,Intern,54675.64,2021-11-09,wgarcia@ballard-hensley.biz,Whom because peace.
EMP15536,Andrea Stone,Sales,Executive,54675.64,2021-09-11,rodney98@yahoo.com,Painting work money.
EMP15537,Ryan Smith,Finance,Executive,54675.64,2022-06-25,ypeterson@gmail.com,Themselves pressure.
EMP15538,William Kent,Finance,Analyst,54675.64,2021-10-13,joseph21@frost.org,Stuff available.
EMP15539,Julia Evans,HR,Executive,54675.64,2020-06-26,brownphilip@johnson.info,Doctor per while.
EMP15540,Andrea Jones,Sales,Executive,54675.64,2020-02-25,kingmarcus@hotmail.com,Listen prove lose.
EMP15541,Tracy Hill,Sales,Analyst,54675.64,2021-02-27,xlittle@bowman.info,Sit nearly economic.
EMP15542,Mark Turner,Sales,Manager,54675.64,2020-06-25,yhahn@thompson.com,Prepare summer plan.
EMP15543,Stephen Callahan,Finance,Analyst,54675.64,2023-08-04,robertosmith@hotmail.com,Their finally about.
EMP15544,Anne Hendricks,Sales,Executive,54675.64,2021-08-16,zaguilar@hotmail.com,Camera yard college.
EMP15545,Jessica Anderson,IT,Intern,54675.64,2023-10-28,shannonrichardson@hotmail.com,Role later just.
EMP15546,John Wright,IT,Analyst,54675.64,2021-03-04,lisa57@moore.biz,Would born since.
EMP15547,Katie Walker,HR,Executive,54675.64,2020-07-31,russellbrittany@gmail.com,Morning world get.
EMP15548,Deborah Young,HR,Analyst,54675.64,2023-09-12,uguerra@harvey-buchanan.info,Natural continue.
EMP15549,Kelly Valencia,IT,Intern,54675.64,2022-06-19,todd70@poole-reyes.info,Front far state.
EMP15550,Mr. Donald Bruce II,HR,Intern,54675.64,2021-01-18,wsanchez@parker-nguyen.org,Growth across.
EMP15551,Jeffrey Moore,Finance,Intern,54675.64,2020-06-20,danakelly@gmail.com,Line rate.
EMP15552,Edward Berger,IT,Executive,54675.64,2020-06-17,wroberts@gmail.com,Method your home.
EMP15553,Sydney Mcpherson,Finance,Executive,54675.64,2022-01-04,waltersclifford@hendrix.com,Concern oil social.
EMP15554,Brittany Ward,Sales,Analyst,54675.64,2020-12-06,sherristrickland@pham.com,Wide beautiful find.
EMP15555,Joseph Leach,Finance,Executive,54675.64,2023-05-03,patriciasims@gmail.com,Artist pick.
EMP15556,Richard Guerrero,Sales,Intern,54675.64,2022-08-27,kyle42@rose.com,Tonight party.
EMP15557,Dale Schultz,IT,Intern,54675.64,2022-08-28,whitebrittany@turner-hudson.com,How face series.
EMP15558,James Reilly,HR,Executive,54675.64,2020-05-29,berrycraig@yahoo.com,Same fear team.
EMP15559,Luis Rodriguez,HR,Intern,54675.64,2021-02-04,ojohnson@gonzalez.com,Explain impact.
EMP15560,Troy Joseph,IT,Intern,54675.64,2023-06-19,lking@bolton.biz,Customer common all.
EMP15561,Derek Watson Jr.,Finance,Executive,54675.64,2022-05-22,monica67@lopez.biz,Name listen special.
EMP15562,Michelle Ryan,IT,Intern,54675.64,2021-11-20,wilkinsmegan@rangel.com,Use nature contain.
EMP15563,Shawn Harris,Sales,Intern,54675.64,2020-06-07,elizabeth03@willis.com,Degree enter some.
EMP15564,Dr. Steven Norris,HR,Intern,54675.64,2022-06-27,amynichols@gmail.com,Need brother play.
EMP15565,Brian Bennett,Sales,Analyst,54675.64,2020-02-20,kyle11@gmail.com,Figure bag floor.
EMP15566,Linda Willis,IT,Manager,54675.64,2022-05-22,louis54@gmail.com,Recognize data.
EMP15567,Dylan Barrett,HR,Intern,54675.64,2020-01-20,onealroger@friedman.net,Everything network.
EMP15568,William Sullivan,Sales,Manager,54675.64,2020-06-24,zroman@gmail.com,Get across.
EMP15569,Elizabeth George,HR,Intern,54675.64,2022-08-31,mferguson@gmail.com,Worry partner art.
EMP15570,Kaylee Evans,HR,Analyst,54675.64,2022-06-10,amy13@mendoza-beard.info,Compare practice.
EMP15571,Michael Pierce,IT,Intern,54675.64,2020-03-12,monroerobert@hotmail.com,About ability.
EMP15572,Kimberly Coleman,Sales,Analyst,54675.64,2022-08-25,stanleycharles@fisher.com,Plan around road.
EMP15573,Tyler Fox,IT,Manager,54675.64,2022-01-11,eduardo96@gmail.com,Blue it fly science.
EMP15574,Kendra Pruitt,Finance,Analyst,54675.64,2020-11-25,williamsrandall@levine-smith.com,Friend remain up.
EMP15575,Rebecca Stephens,Sales,Executive,54675.64,2022-09-26,joel47@yahoo.com,Democratic seat.
EMP15576,Daisy Long,IT,Analyst,54675.64,2020-03-02,kmorrow@mcguire.com,Lot mention.
EMP15577,Nicole Aguilar,IT,Manager,54675.64,2020-06-27,leahyates@dougherty.com,A government around.
EMP15578,Ralph Vega,Finance,Executive,54675.64,2023-02-24,zbrown@walls.com,Will strong phone.
EMP15579,Lisa Gaines,IT,Manager,54675.64,2023-01-26,robert22@cardenas.com,Strong tend.
EMP15580,Kathleen Pratt,Finance,Manager,54675.64,2020-05-06,hayesrichard@hotmail.com,In south indicate.
EMP15581,Jennifer Figueroa,Sales,Executive,54675.64,2023-11-29,cochranmichael@lucas.com,Hundred good it arm.
EMP15582,Donna Neal,Finance,Intern,54675.64,2021-05-23,stephanie77@johnson-alvarez.com,Free often growth.
EMP15583,Jose Aguilar,Finance,Intern,54675.64,2023-03-12,dodsondebra@hotmail.com,Similar pattern.
EMP15584,Timothy Lawrence,IT,Manager,54675.64,2022-01-09,ndaniels@yahoo.com,For summer many.
EMP15585,David Sanders,HR,Manager,54675.64,2020-01-09,mariegarner@yahoo.com,Expert sit similar.
EMP15586,Lisa Hill,IT,Manager,54675.64,2022-01-17,russell05@higgins.org,Individual night.
EMP15587,Donna Mullins,HR,Manager,54675.64,2022-01-08,johncrosby@gmail.com,Owner buy interview.
EMP15588,Philip Smith,Sales,Analyst,54675.64,2023-08-31,nfletcher@hotmail.com,Specific indicate.
EMP15589,Kristen Nguyen,HR,Intern,54675.64,2023-06-14,ehernandez@huff-riggs.com,Social drug.
EMP15590,Brandon Davis,Finance,Manager,54675.64,2023-09-23,sholt@sullivan-bryant.com,Reflect whatever.
EMP15591,Benjamin Johnson,HR,Intern,54675.64,2020-05-24,ojohnson@yahoo.com,Smile would.
EMP15592,Kaitlyn Novak,HR,Analyst,54675.64,2021-08-16,lauren82@thomas.com,Manager avoid level.
EMP15593,Natasha Ruiz,Finance,Intern,54675.64,2022-10-04,tcarter@gmail.com,Discussion question.
EMP15594,Nicole Long,HR,Manager,54675.64,2021-09-18,charlesterry@munoz-davis.com,Manage against.
EMP15595,Eric Robinson,HR,Manager,54675.64,2023-08-15,barryjessica@gmail.com,Other high no.
EMP15596,Matthew Torres,Sales,Analyst,54675.64,2021-04-20,browndonna@jones-jones.com,Everything my them.
EMP15597,Kimberly Meadows,Sales,Intern,54675.64,2020-09-20,christopherberry@yahoo.com,During blood ball.
EMP15598,Amy Martinez,Sales,Executive,54675.64,2022-01-16,thomas30@gmail.com,Us herself.
EMP15599,John Walter,Finance,Intern,54675.64,2021-02-07,thomasowen@estrada-hernandez.com,Those baby figure.
EMP15600,Lisa Lane,Sales,Executive,54675.64,2020-05-02,ewalker@evans.com,Indicate research.
EMP15601,Kyle Smith,Sales,Executive,54675.64,2023-05-18,ycordova@jones.biz,Determine herself.
EMP15602,Susan Taylor,Finance,Manager,54675.64,2020-07-17,wburgess@miller.com,View girl Democrat.
EMP15603,Gerald Santiago,Finance,Executive,54675.64,2023-09-02,haleycurtis@james.org,Chance already.
EMP15604,Allen Lloyd,Finance,Manager,54675.64,2021-07-09,gabrieljohnson@hotmail.com,True establish.
EMP15605,Tammy Gonzalez,Finance,Intern,54675.64,2023-04-17,cameronrios@carr.com,Traditional.
EMP15606,Holly Wilson,Sales,Intern,54675.64,2023-02-14,mrichardson@brown-leonard.biz,Him modern up.
EMP15607,Rachel Gibson,IT,Intern,54675.64,2022-01-28,qwilson@rodgers.biz,Open fact woman.
EMP15608,Jill Lewis,HR,Manager,54675.64,2023-12-08,robertbrown@pierce.com,Model defense.
EMP15609,Donna Harris,Sales,Executive,54675.64,2023-09-25,amy60@gmail.com,Rest story ahead.
EMP15610,James Wu,IT,Analyst,54675.64,2021-09-04,qbennett@lawson.com,Teach visit.
EMP15611,Mariah Lee,Sales,Analyst,54675.64,2021-02-05,asmith@yahoo.com,Learn old person.
EMP15612,Lauren Morales,Sales,Analyst,54675.64,2021-01-14,wallaceashley@gmail.com,Possible real.
EMP15613,Jenna Edwards,Finance,Intern,54675.64,2020-10-07,tamara03@yahoo.com,Allow month.
EMP15614,Nancy Taylor,IT,Intern,54675.64,2020-06-10,aaronjones@yahoo.com,International.
EMP15615,Tammy Martin,Sales,Intern,54675.64,2020-02-13,john71@yahoo.com,Mention wear owner.
EMP15616,Briana Ryan,HR,Analyst,54675.64,2020-09-02,kaitlin33@vargas.org,Visit commercial.
EMP15617,Keith Day,Finance,Intern,54675.64,2021-04-20,derrickfisher@gmail.com,Southern effort box.
EMP15618,Regina Leon,HR,Executive,54675.64,2022-05-25,robert05@scott-hendrix.biz,Court form.
EMP15619,David Watkins,IT,Executive,54675.64,2023-05-04,smithmary@gmail.com,Civil parent score.
EMP15620,Rachael Collins,Sales,Intern,54675.64,2023-04-09,michaelharper@hotmail.com,Any cell candidate.
EMP15621,Adam Williamson,HR,Executive,54675.64,2023-09-13,conleyevan@gmail.com,Generation kitchen.
EMP15622,Alison Lloyd,IT,Executive,54675.64,2020-04-23,hvance@murphy.com,Rule others.
EMP15623,Richard Anderson,Finance,Analyst,54675.64,2021-05-12,schen@taylor-smith.info,Standard tend find.
EMP15624,William Maldonado,HR,Intern,54675.64,2023-03-24,daniel90@yahoo.com,Seat wall billion.
EMP15625,Susan Duran,IT,Manager,54675.64,2022-04-02,marthaperez@price.net,Actually store.
EMP15626,Lori Williams,IT,Executive,54675.64,2023-04-02,gomezrandall@hotmail.com,Own east deep.
EMP15627,Randy Williams,HR,Executive,54675.64,2021-04-13,aguilarthomas@yahoo.com,Fact decision.
EMP15628,Patrick Allen,Sales,Intern,54675.64,2020-08-02,hensonsandra@hotmail.com,Effect more data.
EMP15629,John Molina,IT,Analyst,54675.64,2021-09-10,armstronganna@gmail.com,Raise wind wide.
EMP15630,Jennifer Torres,HR,Analyst,54675.64,2022-04-19,westblake@yahoo.com,Thing state article.
EMP15631,Mr. Brandon Smith,Finance,Executive,54675.64,2020-03-09,heather41@obrien.com,Including per size.
EMP15632,Erin Nichols,HR,Manager,54675.64,2023-02-01,michelle56@case.com,Month ten fall yet.
EMP15633,Tammy Frye,HR,Intern,54675.64,2020-11-16,davidjoyce@gmail.com,Parent player hair.
EMP15634,Cheyenne Thompson,IT,Intern,54675.64,2022-07-28,ochoajames@hotmail.com,Answer nor design.
EMP15635,Mary Hendricks,Finance,Executive,54675.64,2020-10-25,ohines@yahoo.com,Sign will morning.
EMP15636,Regina Rhodes,Sales,Analyst,54675.64,2023-01-02,rebecca01@gmail.com,Sort ago common.
EMP15637,Cameron Santos,HR,Analyst,54675.64,2020-10-03,ricardo39@gmail.com,Challenge start.
EMP15638,Kristina Bell,Finance,Analyst,54675.64,2021-03-20,watkinsalec@hotmail.com,Feel rate policy.
EMP15639,Christina Dougherty,Finance,Analyst,54675.64,2020-05-20,ayersgregory@yahoo.com,Wish I when its.
EMP15640,Hannah Robbins,HR,Analyst,54675.64,2023-02-05,melissa77@hotmail.com,Perhaps lose.
EMP15641,Eric Lee,IT,Intern,54675.64,2022-05-31,zjohnson@hotmail.com,Can rise common.
EMP15642,Melissa Obrien,Sales,Analyst,54675.64,2022-11-17,zadams@mack.com,Truth easy subject.
EMP15643,Patty Rodriguez,IT,Executive,54675.64,2020-06-06,hillgary@gmail.com,Sound even activity.
EMP15644,William Bradford,Sales,Manager,54675.64,2023-01-10,angelawang@collins.net,More concern level.
EMP15645,Kathleen West,Finance,Manager,54675.64,2023-02-03,johnsonanthony@hotmail.com,Guess throw hold.
EMP15646,William Mcmillan,Finance,Analyst,54675.64,2022-04-05,martha73@hotmail.com,Scientist western.
EMP15647,Carmen Davis,IT,Intern,54675.64,2023-05-19,krista89@hotmail.com,Recognize statement.
EMP15648,John Preston,Sales,Executive,54675.64,2022-10-14,fmarshall@kelly-santana.net,Raise blue travel.
EMP15649,Maria Cunningham,HR,Executive,54675.64,2020-01-21,samanthaoneill@hotmail.com,Serious whom in.
EMP15650,Samuel Mooney,IT,Analyst,54675.64,2023-10-01,stephaniemyers@smith.biz,Throw notice child.
EMP15651,James Salazar,Sales,Analyst,54675.64,2023-04-12,carl49@mcintyre-edwards.com,Role full increase.
EMP15652,Craig Jones,HR,Analyst,54675.64,2020-08-04,tsnyder@hotmail.com,Join threat through.
EMP15653,Mrs. Kelsey Young,HR,Executive,54675.64,2022-04-30,jfox@gmail.com,West score wait.
EMP15654,Amanda Baker,Sales,Intern,54675.64,2021-06-20,walterkatelyn@frank-jackson.org,Watch herself.
EMP15655,David Wheeler,Finance,Executive,54675.64,2021-05-03,holly13@burke.com,Movement mean.
EMP15656,Karen Rodriguez,IT,Manager,54675.64,2020-11-08,chase97@hartman.com,Professor rich.
EMP15657,Sharon Davis,HR,Manager,54675.64,2021-10-21,ewatson@hotmail.com,International.
EMP15658,Carolyn Ellis,Finance,Manager,54675.64,2022-10-14,russell00@oliver.com,Admit industry.
EMP15659,Jennifer Anderson,Sales,Manager,54675.64,2022-02-12,geraldwhite@gmail.com,Whom real possible.
EMP15660,Shannon Smith,IT,Manager,54675.64,2021-11-19,kenneth61@taylor-cruz.com,Man south law TV.
EMP15661,Tina Davis,HR,Intern,54675.64,2022-09-04,pricepaul@gmail.com,One prepare.
EMP15662,Connie Sanford,Finance,Analyst,54675.64,2022-05-20,garydavis@yahoo.com,Money central.
EMP15663,Jared Smith,Sales,Intern,54675.64,2020-06-10,cannondestiny@ball.com,City usually store.
EMP15664,John Holland,Finance,Intern,54675.64,2023-11-18,shill@gonzalez.com,Set under accept.
EMP15665,John Vasquez,HR,Executive,54675.64,2020-10-15,smoore@hotmail.com,Group radio.
EMP15666,Lee Trevino,IT,Intern,54675.64,2022-08-08,justinhansen@mills.com,Cold positive movie.
EMP15667,Mr. Michael Randolph,IT,Manager,54675.64,2023-05-02,daniel94@stewart-davis.com,Big can.
EMP15668,Rebecca Cooper,HR,Analyst,54675.64,2022-12-06,rfernandez@gmail.com,Everyone sort guess.
EMP15669,Matthew Harrison,IT,Intern,54675.64,2021-11-19,gmcdaniel@gmail.com,Nor kind near later.
EMP15670,Terri Cervantes,IT,Intern,54675.64,2020-01-30,regina74@hotmail.com,Government most.
EMP15671,Anthony Rivers,Finance,Intern,54675.64,2020-07-29,john62@gonzalez.com,Issue fall star.
EMP15672,Paula Ellis,Sales,Executive,54675.64,2021-04-13,campbellanthony@jefferson.com,Particular heart.
EMP15673,Alyssa Smith,HR,Manager,54675.64,2020-11-10,ashleyrichardson@carter.com,Accept low here.
EMP15674,Melissa Key,HR,Analyst,54675.64,2022-01-27,eugene31@hotmail.com,Will more and push.
EMP15675,Amber Salas,Finance,Manager,54675.64,2022-08-31,chelseabowen@hotmail.com,Cover your rate.
EMP15676,Kimberly Evans,Finance,Manager,54675.64,2020-10-13,jason75@gmail.com,Surface century it.
EMP15677,Walter Moore,Sales,Executive,54675.64,2020-10-03,kristinsimon@williams.biz,Black bill.
EMP15678,Brandon Perez,IT,Analyst,54675.64,2023-07-20,kcarr@bell.com,Late education.
EMP15679,Timothy Campbell,HR,Executive,54675.64,2022-10-18,wendylucero@gmail.com,Develop less tell.
EMP15680,Ronald Villarreal,HR,Intern,54675.64,2022-08-06,brittanyhowell@martin.com,Impact where song.
EMP15681,Jason Lopez,Sales,Manager,54675.64,2021-03-10,jeanette53@gmail.com,Individual.
EMP15682,Susan Shaffer,Finance,Manager,54675.64,2021-02-11,harrishannah@hotmail.com,Official letter.
EMP15683,Colin Mercado,Finance,Intern,54675.64,2020-08-16,levalerie@hotmail.com,Enter meet century.
EMP15684,Janet Butler,IT,Manager,54675.64,2023-06-10,thomascollins@yahoo.com,Knowledge hard bad.
EMP15685,Nicholas Peterson,Sales,Executive,54675.64,2021-09-01,thomas71@gmail.com,Boy detail same.
EMP15686,James Figueroa,HR,Manager,54675.64,2020-09-28,yadams@gmail.com,Energy key teach.
EMP15687,Martin Moses,IT,Intern,54675.64,2022-04-05,kellyjon@brooks-banks.info,Traditional seat.
EMP15688,Stephanie Fitzgerald,IT,Analyst,54675.64,2022-12-08,bblair@hotmail.com,Certainly air main.
EMP15689,Tom Moore,Sales,Manager,54675.64,2023-12-20,corey50@brown-taylor.com,Fight another point.
EMP15690,Jason Michael,IT,Executive,54675.64,2021-01-30,cmckee@hotmail.com,Move simply free.
EMP15691,Andre Huang,HR,Manager,54675.64,2022-08-11,huntermatthew@hotmail.com,Other Democrat.
EMP15692,Tyler Cook,HR,Intern,54675.64,2022-02-19,johnsonkatherine@daniel-baker.biz,Partner also these.
EMP15693,Reginald Gonzales,HR,Intern,54675.64,2023-08-06,miranda86@gmail.com,Pattern money.
EMP15694,Justin Clark,Finance,Analyst,54675.64,2021-03-20,roblesjasmine@ward.com,Own get trouble.
EMP15695,Karen Dunn,IT,Analyst,54675.64,2022-07-11,dsellers@gmail.com,Be thank force.
EMP15696,Linda Allen,IT,Executive,54675.64,2020-08-17,valdezkristen@hopkins.info,Fill dinner.
EMP15697,Alec Howard,HR,Manager,54675.64,2023-01-13,davidvazquez@gmail.com,Technology.
EMP15698,Robert Walker,Finance,Executive,54675.64,2021-05-15,combsarthur@gonzalez.com,Whose herself radio.
EMP15699,Kevin Rivas,Sales,Intern,54675.64,2023-06-18,morrisgregory@robinson-barnett.net,Wonder whole.
EMP15700,Wayne Kelly,HR,Analyst,54675.64,2020-08-17,krichardson@harper.com,List available.
EMP15701,Sarah Roberts,Sales,Executive,54675.64,2020-09-02,oroach@yahoo.com,Defense perform.
EMP15702,Jeremiah Thomas,HR,Manager,54675.64,2020-04-10,stricklandgary@johnson.biz,Hear that sort.
EMP15703,Scott Elliott,Sales,Intern,54675.64,2022-03-19,whitney92@williams.com,Particularly enjoy.
EMP15704,Michelle Le,Finance,Manager,54675.64,2022-09-28,tarmstrong@arellano.com,Thousand camera.
EMP15705,Karen Harding,Sales,Analyst,54675.64,2022-08-10,timothy29@hotmail.com,Themselves course.
EMP15706,Lydia Bray,IT,Analyst,54675.64,2022-12-04,dmartin@hotmail.com,However Republican.
EMP15707,William Mcclain,Sales,Analyst,54675.64,2020-03-14,butleramanda@carr-hickman.net,When guess little.
EMP15708,Karen Weeks,Finance,Analyst,54675.64,2020-09-13,boliver@young.com,Head develop.
EMP15709,Rita Zuniga,IT,Analyst,54675.64,2023-01-31,johnsjonathan@hotmail.com,Production work.
EMP15710,Kathryn Wilson,HR,Intern,54675.64,2023-01-20,jasmine94@duke.com,Series end training.
EMP15711,Scott Pierce,Sales,Manager,54675.64,2023-06-14,carpentervirginia@jones.com,Increase tonight.
EMP15712,Melinda Gregory,Finance,Manager,54675.64,2021-12-23,alee@hotmail.com,Something hair show.
EMP15713,Amanda Schwartz,Finance,Manager,54675.64,2020-03-24,andersonjason@yahoo.com,Learn opportunity.
EMP15714,Nicole Burke,Sales,Executive,54675.64,2022-08-05,monicabailey@douglas.com,Himself sort.
EMP15715,Sean Wall,Finance,Executive,54675.64,2021-06-15,michael36@yahoo.com,Charge form team.
EMP15716,Maria Jones,HR,Analyst,54675.64,2022-11-12,dortiz@yahoo.com,Worker trial chance.
EMP15717,Nicole Moss,Finance,Intern,54675.64,2022-05-12,richard88@moore.com,Deal officer.
EMP15718,Zachary Robinson,HR,Intern,54675.64,2022-06-02,melanie65@spears-johnson.com,Fill point tough.
EMP15719,Alexander Washington,Sales,Manager,54675.64,2022-05-07,gina24@yahoo.com,Trouble but light.
EMP15720,Brandon Gonzales,Finance,Analyst,54675.64,2022-08-31,johnsonmichael@yahoo.com,Ground finally.
EMP15721,Amy Meyer,Sales,Intern,54675.64,2022-02-12,vickiwilliams@gmail.com,Build board.
EMP15722,Jessica Johnson,IT,Manager,54675.64,2023-03-30,blaircole@gmail.com,Street his after.
EMP15723,Julie Peterson,IT,Manager,54675.64,2020-01-08,ilong@yahoo.com,Soldier vote great.
EMP15724,Jordan Preston,Sales,Manager,54675.64,2023-09-04,mistyrivera@gmail.com,Put I money middle.
EMP15725,Benjamin Blair,Sales,Manager,54675.64,2023-03-01,dclark@gmail.com,Old floor marriage.
EMP15726,Jasmine Brown,HR,Manager,54675.64,2020-04-02,mitchellmelinda@harmon.com,Kid after head son.
EMP15727,Shane Gutierrez,HR,Intern,54675.64,2022-09-11,daniellehill@hotmail.com,Few enter strong.
EMP15728,Scott Cervantes,IT,Manager,54675.64,2022-07-18,chowell@pennington.biz,Commercial pay our.
EMP15729,Dr. Dorothy Horn,Finance,Intern,54675.64,2020-11-07,samanthaholmes@hotmail.com,Describe part firm.
EMP15730,Brian Garcia,IT,Intern,54675.64,2020-10-20,hicksmegan@yahoo.com,Miss hand produce.
EMP15731,Stephanie Adams,Finance,Manager,54675.64,2022-01-02,jessicaallen@yahoo.com,Site game sister.
EMP15732,Troy Green,HR,Executive,54675.64,2023-12-23,rwagner@parker.net,Another child.
EMP15733,Kathleen Simpson,HR,Executive,54675.64,2021-08-20,fwalker@pierce.com,In all theory kind.
EMP15734,Michael Young,HR,Analyst,54675.64,2021-03-17,xmcguire@gmail.com,Four government ask.
EMP15735,James Lewis,Finance,Manager,54675.64,2021-09-21,steve53@ingram.biz,Will exactly people.
EMP15736,Amy Wright,HR,Analyst,54675.64,2021-09-13,hosborne@gmail.com,Business much back.
EMP15737,Crystal Park,Finance,Executive,54675.64,2022-04-22,rjohnson@martin.com,Film cup radio.
EMP15738,Sara Davis,Finance,Manager,54675.64,2023-01-20,anthony80@hotmail.com,Against I from.
EMP15739,Savannah Bell,Finance,Executive,54675.64,2021-01-09,areese@gmail.com,Turn father ground.
EMP15740,Timothy Mcknight,Finance,Intern,54675.64,2021-10-25,garrettstanley@newman.com,Up push book early.
EMP15741,Alicia Sanders,HR,Intern,54675.64,2021-08-08,caitlinpeterson@gmail.com,Local professional.
EMP15742,Craig Johnson,HR,Executive,54675.64,2021-04-07,saraperez@jackson.biz,Side same almost.
EMP15743,Kelly Lane,IT,Analyst,54675.64,2023-09-04,aaron45@gmail.com,Training rate.
EMP15744,Kevin Nichols,HR,Manager,54675.64,2021-09-12,jeffreylamb@gmail.com,Citizen message pay.
EMP15745,Scott Mcmahon,Finance,Analyst,54675.64,2022-07-05,devin25@hotmail.com,Notice room western.
EMP15746,Anita Hayes,Sales,Manager,54675.64,2023-06-05,karen89@gibson.com,Voice view cell.
EMP15747,Julia Marsh,Finance,Manager,54675.64,2022-07-20,kempfelicia@yahoo.com,Without and you.
EMP15748,Kenneth Bates,Sales,Manager,54675.64,2022-03-26,daniellenolan@diaz.info,World level.
EMP15749,Emily Gray,Finance,Executive,54675.64,2023-11-21,joseph09@foster.com,Yet true ball.
EMP15750,Kristen Chandler,Sales,Executive,54675.64,2020-01-02,davishaley@quinn.com,Development high.
EMP15751,Alan Fuentes,Sales,Analyst,54675.64,2023-12-05,sean49@hotmail.com,Democrat spring.
EMP15752,Derrick Smith,IT,Analyst,54675.64,2022-02-13,russellearl@perez.org,Subject mother.
EMP15753,Timothy Sullivan,Sales,Analyst,54675.64,2023-02-02,mmurphy@cox.com,Close firm hand.
EMP15754,Thomas Moreno,IT,Executive,54675.64,2023-05-26,dustinschultz@hotmail.com,Once former senior.
EMP15755,Dr. Eric Johnson,Finance,Executive,54675.64,2022-09-16,trevor38@gmail.com,Also deal score end.
EMP15756,Sharon Powell,Finance,Intern,54675.64,2020-10-01,xriley@yahoo.com,We magazine decide.
EMP15757,Betty Nicholson PhD,Sales,Manager,54675.64,2022-07-24,andrewdavis@berg.info,Rock pressure.
EMP15758,Samuel Alexander,Finance,Manager,54675.64,2020-01-21,tmiles@fields.biz,Factor officer.
EMP15759,Jesse Hicks,HR,Intern,54675.64,2023-08-30,rachelburke@yahoo.com,Short image.
EMP15760,Tamara Bell,HR,Analyst,54675.64,2021-02-13,ymccarthy@smith.org,Tree interesting.
EMP15761,Kristin Nichols,HR,Manager,54675.64,2022-03-14,stephaniejohnson@shaffer-walker.com,Current cultural.
EMP15762,Chase Orozco,Finance,Intern,54675.64,2020-10-26,curtis09@peterson.com,Worker style tend.
EMP15763,Mark Berg,HR,Manager,54675.64,2022-10-20,qspencer@james.com,Get financial occur.
EMP15764,Michael Banks,IT,Executive,54675.64,2020-01-27,sharonhardy@yahoo.com,Probably force.
EMP15765,Sean Oconnor,Finance,Executive,54675.64,2021-10-09,walkerjeremy@peterson.com,Coach individual.
EMP15766,Joe Gallegos,HR,Executive,54675.64,2023-11-09,jenniferrivera@hotmail.com,Easy building trade.
EMP15767,Craig Hunt,Finance,Analyst,54675.64,2021-09-30,martinezcheyenne@yahoo.com,Environment bed.
EMP15768,Dr. Kayla Jackson,HR,Executive,54675.64,2020-03-13,brittanylevy@clark-johnson.com,Travel station.
EMP15769,Wanda Wright,IT,Analyst,54675.64,2022-11-20,melvin59@yahoo.com,Ask professional.
EMP15770,Briana Lopez,Sales,Manager,54675.64,2023-11-15,fordsandra@smith-perez.com,Company property.
EMP15771,Jennifer Williams,IT,Manager,54675.64,2022-10-29,qroberts@gmail.com,Challenge each.
EMP15772,Carlos Buckley,Sales,Manager,54675.64,2020-07-17,dominique73@hotmail.com,Cell produce within.
EMP15773,Lance Smith,HR,Manager,54675.64,2021-04-20,wellsraymond@yahoo.com,Leader interest.
EMP15774,Johnathan Lamb,IT,Executive,54675.64,2021-01-15,hjimenez@burch-lawrence.com,Form leg chair.
EMP15775,David Holmes,Sales,Manager,54675.64,2021-04-26,heidipham@carroll.com,Every character.
EMP15776,Christopher Walton,IT,Executive,54675.64,2021-03-12,rjacobs@collins-bates.com,Probably attention.
EMP15777,Shannon Wood,Finance,Manager,54675.64,2020-05-23,wphillips@patton.net,Suddenly right.
EMP15778,Robert Hopkins,Sales,Manager,54675.64,2021-12-14,scottcynthia@gmail.com,Each write edge.
EMP15779,Amber Bowers,HR,Executive,54675.64,2023-12-02,mbrown@page.com,Nearly doctor.
EMP15780,Kellie Jackson,Finance,Analyst,54675.64,2023-09-15,laura09@yahoo.com,Act left stand time.
EMP15781,Megan Velazquez,HR,Executive,54675.64,2020-06-22,lisatorres@perry.info,Realize suffer.
EMP15782,William Johnson,HR,Analyst,54675.64,2020-08-20,zrodriguez@hotmail.com,Son since control.
EMP15783,Danny Beltran,Finance,Intern,54675.64,2023-12-29,romanjames@howard-smith.com,Nation have.
EMP15784,Nicole Wise,Sales,Executive,54675.64,2023-08-06,maryarnold@yahoo.com,On present prepare.
EMP15785,Maria Randolph,Finance,Analyst,54675.64,2022-10-08,vargasandrew@hotmail.com,Lawyer discover.
EMP15786,Miss Emily Krause,HR,Intern,54675.64,2020-10-01,greeneamanda@smith.com,Security energy.
EMP15787,Latasha Yates,IT,Analyst,54675.64,2023-12-06,francisco02@hotmail.com,Pressure model.
EMP15788,Kyle Franklin,Sales,Executive,54675.64,2020-01-06,jtaylor@gmail.com,Eye matter relate.
EMP15789,Danielle Bowman,IT,Intern,54675.64,2023-03-14,zlloyd@jennings.com,Wear large.
EMP15790,John Golden,Sales,Analyst,54675.64,2023-01-29,sean95@johnson.com,Information ok.
EMP15791,Kaitlin Gray,Sales,Executive,54675.64,2021-08-25,andrewhanna@rivera-collier.com,Face later thing.
EMP15792,Douglas Leonard,IT,Analyst,54675.64,2020-06-12,kelleylindsay@long.biz,House begin always.
EMP15793,William Summers,HR,Manager,54675.64,2023-03-13,aanderson@gmail.com,Story strategy.
EMP15794,Jordan Williams,Finance,Manager,54675.64,2022-12-06,guy99@hotmail.com,Make plant quite.
EMP15795,Tony Martinez,IT,Manager,54675.64,2020-01-23,peter31@yahoo.com,Option listen all.
EMP15796,Jennifer Wise,HR,Intern,54675.64,2022-01-05,eugene95@hotmail.com,Work recognize.
EMP15797,Arthur Waters,IT,Intern,54675.64,2023-05-03,rita32@ward.info,Face officer moment.
EMP15798,Kelly Jones,Finance,Executive,54675.64,2023-01-13,lowejustin@ramos.com,Remain find.
EMP15799,Andrew Mason,Finance,Intern,54675.64,2020-12-09,alicialara@hotmail.com,Name ever determine.
EMP15800,Danielle Carpenter,Sales,Analyst,54675.64,2021-08-01,johnsonpaul@gmail.com,Nation amount.
EMP15801,Jason Wheeler,IT,Intern,54675.64,2021-04-11,katherinebecker@hotmail.com,Almost too choose.
EMP15802,Jennifer Smith,IT,Intern,54675.64,2023-08-15,davidchristian@hotmail.com,Kitchen simply last.
EMP15803,Stephanie Chapman,Sales,Intern,54675.64,2023-10-26,amysmith@hotmail.com,Position feeling.
EMP15804,Douglas Williams,HR,Manager,54675.64,2022-09-20,timothysmith@gomez.org,Discussion feeling.
EMP15805,Dylan Morrison,HR,Executive,54675.64,2020-06-20,zsmith@hotmail.com,Real consumer.
EMP15806,Edward Kelly,Sales,Intern,54675.64,2023-06-09,christygarcia@andrews.net,School various.
EMP15807,Larry Huffman,HR,Executive,54675.64,2021-04-30,bmartin@acosta.org,Real soon involve.
EMP15808,William Costa,HR,Analyst,54675.64,2021-12-07,tnolan@hotmail.com,Whole day wear.
EMP15809,David Ramos,HR,Executive,54675.64,2023-03-29,taylor02@gmail.com,Against then sit.
EMP15810,Timothy Mcguire,Sales,Executive,54675.64,2020-02-12,jeffreyandersen@johnson.net,Person system water.
EMP15811,Adam Bennett,Finance,Intern,54675.64,2023-02-09,michaelwood@hotmail.com,Yet billion owner.
EMP15812,Kimberly Campbell,Sales,Analyst,54675.64,2022-01-16,whitney18@yahoo.com,Protect Congress.
EMP15813,Robin Powers,IT,Manager,54675.64,2023-06-18,ybutler@hotmail.com,Describe edge wrong.
EMP15814,Matthew Ortega,IT,Analyst,54675.64,2023-11-19,acastro@gmail.com,Person matter ten.
EMP15815,Darren Adams,IT,Manager,54675.64,2020-04-27,melissacampos@alvarado-mclaughlin.com,Site job election.
EMP15816,Debra Wade,HR,Manager,54675.64,2021-04-23,rraymond@hotmail.com,May much deal.
EMP15817,Jose Brown,IT,Manager,54675.64,2023-03-06,michael85@yahoo.com,Land again box.
EMP15818,Brandon Farley,HR,Manager,54675.64,2022-06-20,stephen01@adkins.com,Dream picture.
EMP15819,Matthew Wall,HR,Executive,54675.64,2020-08-28,jose08@nunez-simmons.com,Station key court a.
EMP15820,Mark Lopez,HR,Manager,54675.64,2022-04-09,cervantesjoseph@taylor.com,Experience.
EMP15821,Emily Brown,IT,Executive,54675.64,2023-02-24,keithbrown@gmail.com,Capital only.
EMP15822,Jamie Warren,IT,Analyst,54675.64,2021-09-24,ashley89@yahoo.com,Decide around total.
EMP15823,Dillon Thompson,IT,Manager,54675.64,2022-08-07,andrea34@molina-cole.com,Establish ten.
EMP15824,Traci Murphy,HR,Intern,54675.64,2023-10-09,harrybrooks@beck.net,About film voice.
EMP15825,Justin Mcclain,HR,Manager,54675.64,2020-08-22,dking@yahoo.com,Eat require suggest.
EMP15826,Vanessa Parks,Finance,Manager,54675.64,2021-07-21,brittany22@hotmail.com,Board always.
EMP15827,Nicole Beasley,Finance,Manager,54675.64,2020-12-03,dominique16@yahoo.com,Challenge office.
EMP15828,Ricky Perez,Sales,Manager,54675.64,2021-08-21,donald03@yahoo.com,Statement room.
EMP15829,William Beltran,Sales,Intern,54675.64,2021-02-17,michaelguerra@sutton.biz,Tonight eat.
EMP15830,Anthony White,HR,Analyst,54675.64,2023-02-28,cookjoseph@yahoo.com,Energy skin smile.
EMP15831,Lauren Richardson,Sales,Manager,54675.64,2022-06-14,djones@oconnor.org,Difficult specific.
EMP15832,John Robinson,Finance,Intern,54675.64,2022-12-20,brian09@brown-grant.com,Note serious.
EMP15833,Ashley Jenkins,Finance,Intern,54675.64,2021-05-05,carol93@gmail.com,Degree agreement.
EMP15834,William Butler,HR,Analyst,54675.64,2023-07-06,asalazar@griffith.com,Source laugh red.
EMP15835,Veronica Green,Sales,Analyst,54675.64,2023-11-23,christopher61@kirk.com,Focus make hospital.
EMP15836,Michele Clark,HR,Analyst,54675.64,2022-08-20,carljensen@hotmail.com,Board military true.
EMP15837,Raymond Phillips,Sales,Intern,54675.64,2023-08-03,wmckenzie@yahoo.com,Citizen four most.
EMP15838,Stephanie Cline,HR,Executive,54675.64,2023-05-07,michaeljohnson@webb.info,Buy else floor idea.
EMP15839,Kathryn Smith,Finance,Executive,54675.64,2023-09-12,sethmills@taylor.com,Floor statement.
EMP15840,Brandon Long,IT,Intern,54675.64,2021-07-20,shannonsullivan@yahoo.com,Must page nearly.
EMP15841,Alexander Johnson,Sales,Manager,54675.64,2022-08-28,tommy15@bradley.com,Keep put few or go.
EMP15842,Ann Bradford,HR,Intern,54675.64,2020-04-01,ledonna@harris.com,Point story notice.
EMP15843,Scott Frazier,Finance,Intern,54675.64,2022-06-10,calvin76@hotmail.com,Us manager nice.
EMP15844,Richard Lambert,Finance,Analyst,54675.64,2020-08-15,zsalazar@yahoo.com,Heart treat fill PM.
EMP15845,Sean Ford,Finance,Analyst,54675.64,2023-02-07,melissawolfe@gmail.com,If scientist.
EMP15846,Annette Walsh,IT,Manager,54675.64,2020-10-07,scottdaniel@gonzalez.net,Everything give.
EMP15847,Peter Wright,HR,Intern,54675.64,2022-08-08,ualvarez@yahoo.com,Spend he red raise.
EMP15848,Angela Cox,IT,Manager,54675.64,2021-07-03,mendezjorge@hotmail.com,Attorney big less.
EMP15849,Judy Davis,HR,Analyst,54675.64,2022-04-07,johnsonlisa@gmail.com,Recognize structure.
EMP15850,Hannah Garner,Finance,Intern,54675.64,2023-01-13,kimberlycisneros@garcia.com,Range moment big.
EMP15851,Deborah Watson,HR,Intern,54675.64,2021-11-22,angela52@hotmail.com,Bag design cause.
EMP15852,Erica Sanchez,Finance,Executive,54675.64,2023-09-25,jbrown@dean.org,Deal ability.
EMP15853,Michael Ellis,HR,Analyst,54675.64,2023-05-06,crobinson@lane.net,Argue body rest.
EMP15854,Joy Williams,Sales,Manager,54675.64,2023-01-04,sandra83@hotmail.com,Politics speak read.
EMP15855,Dr. Jeremy Winters PhD,IT,Intern,54675.64,2022-09-03,douglas80@yahoo.com,Film set we go.
EMP15856,Carlos King,IT,Analyst,54675.64,2023-04-11,michael00@yahoo.com,Support left spend.
EMP15857,Cody Santiago,IT,Manager,54675.64,2023-06-02,lsalas@stephens-pena.com,Over as nearly move.
EMP15858,John Hahn,Sales,Executive,54675.64,2021-09-03,jillian39@yahoo.com,Reach member impact.
EMP15859,Kevin Decker,Sales,Analyst,54675.64,2021-09-15,calebstephenson@hotmail.com,Read low Democrat.
EMP15860,Troy Horton,Finance,Manager,54675.64,2020-01-19,vazquezdaniel@humphrey.com,Side business cause.
EMP15861,Nicole Bartlett,Finance,Intern,54675.64,2022-02-06,xmendez@yahoo.com,Recently class.
EMP15862,Lance Sullivan,IT,Analyst,54675.64,2020-08-24,jennifer89@yahoo.com,Huge four across.
EMP15863,Robert Kelly,Sales,Executive,54675.64,2023-12-20,rcardenas@yahoo.com,Perform believe.
EMP15864,Christopher Davenport,Sales,Analyst,54675.64,2021-09-25,sarah77@hotmail.com,State southern.
EMP15865,Krista Thomas,IT,Manager,54675.64,2020-04-02,petersterri@peterson.info,Both attorney.
EMP15866,Kelly Chen,HR,Manager,54675.64,2022-10-04,annalopez@yahoo.com,Show social drop.
EMP15867,Laura Wells,Finance,Analyst,54675.64,2023-03-08,haneyemma@grimes-mccormick.com,More environment.
EMP15868,Bradley Martin,Finance,Analyst,54675.64,2023-09-25,tortiz@hotmail.com,Yes personal.
EMP15869,Kevin Russell,HR,Manager,54675.64,2023-08-01,mcastro@yahoo.com,Idea job spend safe.
EMP15870,Laura Russell,IT,Intern,54675.64,2021-04-26,peterstimothy@mcdonald-bailey.biz,Could capital off.
EMP15871,Corey Harris,Sales,Manager,54675.64,2021-08-08,sandranelson@hotmail.com,Goal upon stop.
EMP15872,Karen Robinson,Finance,Analyst,54675.64,2022-01-30,monica44@hotmail.com,None next small.
EMP15873,David Hines,Sales,Intern,54675.64,2023-06-10,douglas71@hotmail.com,Determine decade.
EMP15874,Monica Murphy,IT,Executive,54675.64,2023-06-10,kmoore@wagner.info,Develop range.
EMP15875,David Burnett,IT,Manager,54675.64,2022-09-11,burnettmichael@elliott.com,Challenge sport.
EMP15876,Jessica Gibson,Finance,Executive,54675.64,2022-02-16,vramos@yahoo.com,Shoulder star share.
EMP15877,Deborah Valdez,IT,Intern,54675.64,2020-02-08,brian43@hotmail.com,Civil entire war.
EMP15878,Edward Stephens,IT,Executive,54675.64,2022-12-19,claytonkeith@gmail.com,Light some spring.
EMP15879,Brandy Miller,Sales,Executive,54675.64,2021-08-30,hollyfrazier@yahoo.com,Outside foreign.
EMP15880,Stephen Neal,HR,Intern,54675.64,2020-08-13,colleenstone@gmail.com,Number boy once.
EMP15881,Thomas Wade,IT,Intern,54675.64,2022-07-07,paulgutierrez@williams.com,Central painting.
EMP15882,John Gonzales,Finance,Manager,54675.64,2021-04-24,stevenhogan@hotmail.com,Other middle level.
EMP15883,Randy Taylor,Finance,Executive,54675.64,2021-02-09,smithangela@smith.net,Office far only its.
EMP15884,John Dennis,Sales,Analyst,54675.64,2022-09-08,longjames@yahoo.com,Democrat last.
EMP15885,Sara Rojas,IT,Analyst,54675.64,2023-10-28,sonia40@gmail.com,Of receive.
EMP15886,Alicia Kennedy,HR,Intern,54675.64,2020-12-08,davidtaylor@roberts-hunter.com,Plant despite.
EMP15887,Daniel Ramirez,IT,Analyst,54675.64,2021-12-23,hansendouglas@gmail.com,Do every age four.
EMP15888,Tracy Jones,Finance,Manager,54675.64,2021-02-10,shawdarren@yahoo.com,Choice nation.
EMP15889,Charles Valdez,Sales,Intern,54675.64,2022-02-28,gutierrezstacey@anderson.info,Smile foot always.
EMP15890,Joshua Haney,IT,Intern,54675.64,2022-08-15,krogers@hotmail.com,Grow simple smile.
EMP15891,Toni Williams,HR,Executive,54675.64,2023-07-22,chaley@thompson.com,Build PM eat.
EMP15892,Cody Garcia DVM,Sales,Intern,54675.64,2022-11-11,elloyd@hotmail.com,Relate surface.
EMP15893,Jonathan Harrington,Sales,Analyst,54675.64,2021-09-30,derek08@thompson.com,Word cut option.
EMP15894,Terri Simpson,Finance,Intern,54675.64,2021-01-19,sarahbishop@lee.com,Yet your draw.
EMP15895,Bobby Schultz,Finance,Executive,54675.64,2021-11-04,bradleystephen@morales.info,Give positive base.
EMP15896,Tammy Bradshaw,HR,Manager,54675.64,2020-01-26,jessica73@yahoo.com,Bank senior total.
EMP15897,Sharon Holmes,Finance,Analyst,54675.64,2023-07-15,wrightmichael@gmail.com,Of level strong.
EMP15898,Dr. Eric Garcia DDS,IT,Intern,54675.64,2020-04-01,craig56@yahoo.com,Understand blue.
EMP15899,Kimberly Johnson,IT,Manager,54675.64,2023-08-09,cuevasmichael@williams.org,Style break shake.
EMP15900,Gary Collins,Sales,Executive,54675.64,2021-01-21,campbellangela@freeman.org,Away capital open.
EMP15901,James Medina,HR,Executive,54675.64,2022-09-06,cherylcarney@padilla-bennett.com,Dark treatment.
EMP15902,Albert Nelson,Finance,Manager,54675.64,2023-02-27,noah42@wolfe.com,Range right.
EMP15903,Andrew Miller,Sales,Executive,54675.64,2022-08-09,jeffrey87@hill.com,Say imagine role.
EMP15904,Kelli Chang,Sales,Executive,54675.64,2021-04-29,keithmoody@chandler.com,Current thank call.
EMP15905,Derek Smith,HR,Executive,54675.64,2020-04-20,jason26@west.com,Evening away act.
EMP15906,Anthony Harvey,Finance,Executive,54675.64,2023-12-22,lrichardson@yahoo.com,Despite federal.
EMP15907,Tammy Miller,HR,Intern,54675.64,2023-06-11,clarkkeith@gmail.com,Set show hard way.
EMP15908,Gerald Miller,HR,Manager,54675.64,2021-12-13,lisareed@west.org,Rise citizen great.
EMP15909,Maria Everett MD,Finance,Manager,54675.64,2020-02-06,hpotter@green.org,Continue whose sell.
EMP15910,Kimberly Bullock,IT,Executive,54675.64,2021-07-19,silvamichael@hicks-reid.com,Reach large.
EMP15911,Thomas Le,Sales,Executive,54675.64,2022-06-13,westsusan@yahoo.com,Up do half cost.
EMP15912,Samantha Randolph,Sales,Manager,54675.64,2023-02-02,ethanboyd@garcia.com,Pass should sell.
EMP15913,Erica Brennan,IT,Intern,54675.64,2020-12-04,angelica51@turner.com,Success explain.
EMP15914,Kurt Allen,HR,Analyst,54675.64,2023-04-28,karabush@grant.org,Everyone himself.
EMP15915,Brittany Jones,IT,Intern,54675.64,2021-10-26,avilajacob@hotmail.com,Pretty good however.
EMP15916,Mark Vega,Sales,Intern,54675.64,2020-07-09,itorres@reyes.com,Imagine blood sell.
EMP15917,Matthew Stevens,Finance,Analyst,54675.64,2022-06-29,nguyenstacy@yahoo.com,Into ever special.
EMP15918,Brittany Harrison,Finance,Executive,54675.64,2020-02-25,kathrynnorton@gmail.com,Glass suddenly.
EMP15919,Christopher Smith,IT,Intern,54675.64,2023-02-11,alexgibson@little.biz,Nearly enough.
EMP15920,Carl Heath,Sales,Executive,54675.64,2022-11-15,corey31@hotmail.com,Thousand late admit.
EMP15921,Jake Turner,IT,Analyst,54675.64,2020-04-19,tmendez@yahoo.com,South light why.
EMP15922,Ronald Williams,IT,Intern,54675.64,2022-08-17,steelemaria@hudson.com,Store see hot bit.
EMP15923,Veronica Lucero,Sales,Analyst,54675.64,2021-03-26,rfarrell@gmail.com,Him affect week.
EMP15924,Katherine Reyes,Finance,Manager,54675.64,2020-06-01,warren47@perkins.com,Sort worker natural.
EMP15925,Michael Carroll,Sales,Executive,54675.64,2022-02-27,kathylee@hotmail.com,Field wonder hard.
EMP15926,Joshua Smith,IT,Intern,54675.64,2021-11-04,williamsamber@gmail.com,Affect whose born.
EMP15927,Rebecca Lewis,IT,Manager,54675.64,2022-10-08,whiteanthony@ho-barnett.com,Miss food involve.
EMP15928,Tonya Bell,Finance,Intern,54675.64,2021-04-16,wrightkevin@hotmail.com,Business sign.
EMP15929,Thomas Allen,IT,Executive,54675.64,2023-10-16,tmaxwell@yahoo.com,Network open focus.
EMP15930,Michael Hale,IT,Executive,54675.64,2020-07-11,austin79@hotmail.com,Record bar employee.
EMP15931,Jessica Walsh,Finance,Manager,54675.64,2022-07-13,robertzimmerman@hoover.biz,Church board team.
EMP15932,Kristi Mann DVM,Sales,Executive,54675.64,2022-03-10,lozanocarlos@hotmail.com,Old instead item.
EMP15933,Timothy Herrera,HR,Analyst,54675.64,2022-02-06,allisonjames@joseph.com,Product miss.
EMP15934,Brenda Glover,Sales,Analyst,54675.64,2023-10-22,dmartin@yahoo.com,Bring western lead.
EMP15935,Judith Miller,HR,Manager,54675.64,2022-06-15,htorres@yahoo.com,Picture deep.
EMP15936,Glenda Sawyer,Sales,Analyst,54675.64,2023-04-01,christopher04@wagner-banks.info,Over great couple.
EMP15937,Sally White,Finance,Executive,54675.64,2022-08-09,wellsandrew@yahoo.com,Everybody bit exist.
EMP15938,Anthony Banks,Finance,Manager,54675.64,2020-09-28,vruiz@villa-graham.com,Type traditional.
EMP15939,Roger Olsen,Finance,Intern,54675.64,2021-06-27,christophershelton@gmail.com,Likely condition.
EMP15940,Richard Proctor,HR,Analyst,54675.64,2023-06-16,wesleystone@hotmail.com,Else method street.
EMP15941,Allison Bruce MD,Sales,Manager,54675.64,2023-11-13,noahjones@hotmail.com,Dinner take drug.
EMP15942,Jack Logan,Finance,Manager,54675.64,2022-10-30,michaeledwards@hotmail.com,Reach and detail.
EMP15943,Jennifer Johnson,HR,Executive,54675.64,2022-09-08,utorres@adams.com,Difference Mrs.
EMP15944,Robert Stone,Finance,Executive,54675.64,2020-11-23,kerremily@hotmail.com,Cover see unit.
EMP15945,Brian Sosa,IT,Manager,54675.64,2020-12-10,rogersemily@hotmail.com,Say house certain.
EMP15946,Bonnie Villanueva,IT,Analyst,54675.64,2021-01-30,dglenn@hotmail.com,Situation or.
EMP15947,Elizabeth Riley,Finance,Analyst,54675.64,2020-03-30,stephen24@moore.com,All space region.
EMP15948,Jessica Perez,HR,Manager,54675.64,2021-03-27,kristine44@roman.com,Goal entire arrive.
EMP15949,Amanda Cameron,IT,Manager,54675.64,2023-12-04,whitekatherine@morrow-copeland.org,Real pick.
EMP15950,Kyle Nichols,Finance,Intern,54675.64,2021-03-19,freemanlori@hotmail.com,Cell charge quickly.
EMP15951,Patrick Smith,Finance,Intern,54675.64,2021-07-26,scottsherri@wilson.org,Our still site.
EMP15952,Dr. Jessica Nguyen,HR,Analyst,54675.64,2021-02-02,zthornton@hotmail.com,Home open case.
EMP15953,Barbara Smith,HR,Executive,54675.64,2020-01-05,gcantrell@petersen-bryant.info,Despite many.
EMP15954,Julia Baxter,IT,Intern,54675.64,2021-11-02,april83@rodriguez.com,Line board term.
EMP15955,Christina Stout,Finance,Manager,54675.64,2023-01-24,katietodd@gmail.com,Head example land.
EMP15956,Colton Fernandez,IT,Intern,54675.64,2022-07-06,njohnson@gmail.com,Always my clearly.
EMP15957,Clifford Potter,Sales,Executive,54675.64,2022-02-28,aburke@oliver-rogers.com,Common four case.
EMP15958,Leah Beck,Finance,Executive,54675.64,2022-04-11,larry75@bryant.org,Yourself everyone.
EMP15959,Melissa Brown,HR,Executive,54675.64,2022-04-22,mrodriguez@terry.org,Finish check person.
EMP15960,Stanley Barnes,Sales,Manager,54675.64,2023-09-29,rhansen@mitchell.net,Hand eight enough.
EMP15961,Lisa Arnold,HR,Analyst,54675.64,2022-01-16,peter29@gmail.com,Sure young center.
EMP15962,Anthony Bell,HR,Executive,54675.64,2021-09-12,carriejohnson@turner.com,Before once certain.
EMP15963,Jason Shannon,Sales,Executive,54675.64,2023-05-16,jamesnewton@gmail.com,Color development.
EMP15964,Donna Jones,IT,Analyst,54675.64,2021-06-11,samantha94@yahoo.com,Such large guy.
EMP15965,Jodi Walsh,Sales,Analyst,54675.64,2020-11-02,zhubbard@yahoo.com,Free perform cover.
EMP15966,Debbie Trevino,Finance,Executive,54675.64,2022-08-06,bryanmorgan@collier-davis.org,Create sometimes.
EMP15967,Ronald Ingram DDS,IT,Executive,54675.64,2020-08-15,angela62@campbell-walker.info,Impact left.
EMP15968,Andrea Pruitt,IT,Manager,54675.64,2023-06-06,chavezryan@gmail.com,Common national.
EMP15969,Patricia Munoz,Finance,Manager,54675.64,2021-01-21,enguyen@hotmail.com,Black analysis art.
EMP15970,Hector Glenn,Finance,Analyst,54675.64,2023-10-26,ramirezchelsea@carter-martin.net,Believe study walk.
EMP15971,Ronald Kim,HR,Executive,54675.64,2023-10-03,jorge04@gmail.com,Work such.
EMP15972,David Bell,Sales,Analyst,54675.64,2022-04-05,rojasandrew@mcdaniel-carlson.info,Purpose pass simply.
EMP15973,Heather Phillips,Finance,Analyst,54675.64,2020-01-24,allison91@hotmail.com,Truth Democrat his.
EMP15974,Manuel Barker,Sales,Intern,54675.64,2022-11-02,christopher34@jacobs.com,Left state school.
EMP15975,Diane Barnes,IT,Manager,54675.64,2022-07-08,kenneth41@herrera.org,Air Mrs child night.
EMP15976,Michelle Durham,Finance,Intern,54675.64,2021-05-31,cmalone@hancock.com,Level her hard.
EMP15977,Kristina Jackson,IT,Intern,54675.64,2020-06-26,andersonraymond@romero.com,Professor person.
EMP15978,Marc Howard,HR,Analyst,54675.64,2021-04-04,rhondafrazier@lang-reilly.com,Buy every consumer.
EMP15979,Lauren Fox,HR,Manager,54675.64,2021-01-09,adamspaul@rios.biz,List street fear.
EMP15980,Rhonda Holder,Finance,Intern,54675.64,2021-02-05,stevensmelissa@smith.info,Wide goal before.
EMP15981,Brandon Decker,Finance,Manager,54675.64,2020-10-15,meganmoss@sanchez.com,Worry camera many.
EMP15982,Charles Price,Finance,Intern,54675.64,2023-04-24,xmoore@hotmail.com,See although yeah.
EMP15983,Stephanie Parsons,IT,Intern,54675.64,2022-07-15,zkrueger@yahoo.com,Throw six recent.
EMP15984,Alicia Mitchell,Finance,Analyst,54675.64,2021-05-17,ycuevas@giles.com,East fire my year.
EMP15985,Margaret Flores,HR,Manager,54675.64,2023-03-31,brookepoole@yahoo.com,Author real culture.
EMP15986,Mr. Michael Gill,Finance,Intern,54675.64,2022-05-11,diane82@bond-smith.net,Room sound.
EMP15987,Susan Harris,Finance,Executive,54675.64,2020-01-31,brewershirley@hernandez.com,Program within.
EMP15988,Ricardo Smith,IT,Executive,54675.64,2022-05-16,phillip96@gmail.com,Off stay while.
EMP15989,Stephanie Green,Sales,Manager,54675.64,2023-01-07,lynchmichael@yahoo.com,Manager leader.
EMP15990,Scott Hill,HR,Executive,54675.64,2023-07-30,tyler25@acosta.net,Friend fire morning.
EMP15991,Willie Snyder,Sales,Analyst,54675.64,2020-07-05,jacobsjames@weiss.biz,Should main people.
EMP15992,Brandy Wade,IT,Manager,54675.64,2021-06-22,diane65@edwards-morris.com,Avoid raise.
EMP15993,Jessica Gomez,Finance,Executive,54675.64,2023-10-30,ryankathleen@hotmail.com,Agency pay place.
EMP15994,John Zavala,Finance,Manager,54675.64,2021-01-19,linda86@white.info,Hot whole adult.
EMP15995,James Wiggins,HR,Analyst,54675.64,2023-01-04,sharpjoe@weber.com,Effect prove.
EMP15996,Shawn Maldonado,Finance,Manager,54675.64,2021-12-08,christina15@yahoo.com,Election sometimes.
EMP15997,Kimberly Lewis,IT,Executive,54675.64,2021-02-10,griffinlaura@yahoo.com,Quality nature.
EMP15998,Richard Hanson,Sales,Analyst,54675.64,2022-05-15,jimenezchristopher@kent.net,Ahead reflect lead.
EMP15999,Donald Nguyen,HR,Analyst,54675.64,2022-03-30,thomasreed@alvarado.net,Actually community.
EMP16000,Amy Thomas,Finance,Analyst,54675.64,2022-08-10,humphreykristy@fischer.com,Seek total say.
EMP16001,Angela Harris,Finance,Analyst,54675.64,2021-08-21,pmorgan@higgins.net,Use order ready.
EMP16002,Julie Williams,Sales,Intern,54675.64,2020-05-02,jody53@gmail.com,Economy every.
EMP16003,Kathy Alvarez,Sales,Analyst,54675.64,2023-04-29,kevinmosley@gmail.com,Manager grow speak.
EMP16004,Larry Hernandez,Finance,Analyst,54675.64,2020-09-11,carlosallen@hotmail.com,Sea image across.
EMP16005,Laurie Thomas,Finance,Intern,54675.64,2020-07-30,jamesrandolph@yahoo.com,Mouth bank.
EMP16006,Karen Nguyen,IT,Analyst,54675.64,2022-04-24,riverasandra@herrera-morales.info,Understand less.
EMP16007,Curtis Robinson,Sales,Executive,54675.64,2020-10-10,leematthew@reynolds-dennis.org,Into president.
EMP16008,Jonathan Hamilton,Sales,Manager,54675.64,2020-10-06,laurapearson@sanchez.com,Few particular.
EMP16009,Jon Howell,Sales,Manager,54675.64,2022-02-04,amandamontgomery@hotmail.com,Participant change.
EMP16010,Kelly Boyle,IT,Manager,54675.64,2023-07-25,lthomas@yahoo.com,Phone success.
EMP16011,David Lopez,Sales,Analyst,54675.64,2021-04-14,fgreen@cobb.com,Be everyone remain.
EMP16012,Matthew Miller,IT,Intern,54675.64,2023-04-06,xglover@gmail.com,Dog class show.
EMP16013,Jody Sutton,HR,Manager,54675.64,2023-05-11,sperkins@gmail.com,International total.
EMP16014,Patrick Burnett,HR,Intern,54675.64,2023-01-24,chenhelen@gmail.com,Suddenly kid system.
EMP16015,Jacqueline Smith,IT,Manager,54675.64,2021-12-28,contrerastammy@henson.com,Nothing movement.
EMP16016,Kristy Downs,HR,Manager,54675.64,2022-08-02,emelton@franklin.com,Get however student.
EMP16017,Kimberly Wood,Sales,Analyst,54675.64,2021-09-07,mcintoshdawn@stevens.info,Bill activity talk.
EMP16018,Randy Young,Sales,Analyst,54675.64,2023-11-08,christian36@yahoo.com,Several himself.
EMP16019,Marissa Meyer,IT,Intern,54675.64,2021-11-09,nguyennicole@hotmail.com,Kitchen writer.
EMP16020,Alicia Daniels,Finance,Manager,54675.64,2023-02-06,chris06@mitchell.org,Agent visit central.
EMP16021,Richard Martin,Sales,Executive,54675.64,2022-04-09,tracy52@lutz-morales.com,Brother expect.
EMP16022,Michelle Reid,Finance,Executive,54675.64,2023-09-23,hharrison@peterson.net,Ready act account.
EMP16023,Karina Campos,Finance,Manager,54675.64,2022-12-17,josephmacias@spencer.info,Attack catch voice.
EMP16024,Heather Davenport,Finance,Manager,54675.64,2022-08-15,daniel29@hotmail.com,Maybe teacher raise.
EMP16025,Joshua Henderson,HR,Executive,54675.64,2023-05-06,anthonywiggins@hotmail.com,Speak throw nearly.
EMP16026,Diana Lopez,HR,Manager,54675.64,2021-10-01,amandagarcia@hotmail.com,Leave garden hour.
EMP16027,Samuel Daniel,IT,Intern,54675.64,2020-11-30,jjones@yahoo.com,Once according long.
EMP16028,John Ponce,HR,Manager,54675.64,2022-10-01,rharper@gmail.com,Alone support.
EMP16029,Danielle Barnett,Finance,Analyst,54675.64,2022-02-21,churchrose@brewer-adkins.info,Southern edge.
EMP16030,Laura Thomas,Finance,Analyst,54675.64,2023-09-03,brittanysmith@yahoo.com,Perhaps statement.
EMP16031,Clinton Carter,HR,Executive,54675.64,2023-04-04,jeremy72@hotmail.com,Move fine song.
EMP16032,Leslie Barnes,HR,Manager,54675.64,2022-10-07,syoung@graham.com,Western continue.
EMP16033,Christine Hutchinson,Finance,Analyst,54675.64,2021-07-29,shannon69@yahoo.com,Far likely my.
EMP16034,Alexandra Calhoun,IT,Manager,54675.64,2021-09-11,wsmith@richardson.com,Strong rock huge.
EMP16035,Joseph Campos,Finance,Intern,54675.64,2023-11-05,markmurray@yahoo.com,Agency again book.
EMP16036,Timothy Hall,IT,Analyst,54675.64,2023-09-29,lewisbrian@hotmail.com,Street question.
EMP16037,Lisa Davis,Sales,Executive,54675.64,2022-06-23,ronnierubio@yahoo.com,Article explain.
EMP16038,Jacob Perez,Finance,Manager,54675.64,2021-12-15,felicia14@williams-glass.com,Professor choice.
EMP16039,Michele Brown,HR,Executive,54675.64,2022-08-24,woodstina@haley-moreno.com,Popular.
EMP16040,Raymond Henry DDS,HR,Analyst,54675.64,2021-08-12,ctran@gmail.com,It clearly trade.
EMP16041,Jennifer Stone,Finance,Analyst,54675.64,2023-11-28,weisscorey@yahoo.com,Sure alone provide.
EMP16042,Kristen Gray,IT,Analyst,54675.64,2021-06-23,sarahbrooks@patrick.com,Thank wish oil.
EMP16043,Rebecca Martinez,HR,Intern,54675.64,2023-06-07,bradleychristina@hotmail.com,Full on.
EMP16044,Heather Galvan,Sales,Intern,54675.64,2022-03-12,johnmays@gmail.com,Believe seem.
EMP16045,Gregory Cobb,HR,Analyst,54675.64,2021-05-20,stevendouglas@johnston.com,Old officer.
EMP16046,Kathleen Schmidt,IT,Manager,54675.64,2020-07-19,nicholas95@yahoo.com,Else while prepare.
EMP16047,Samuel Taylor,Finance,Intern,54675.64,2022-10-16,curtis32@yahoo.com,Former operation.
EMP16048,Michael Mcguire,HR,Analyst,54675.64,2022-11-09,lorrainescott@richardson-ryan.com,Position wife a.
EMP16049,Megan Brown,Finance,Manager,54675.64,2023-02-04,garyramos@hamilton-murphy.info,Never everybody.
EMP16050,Donald Jones,Finance,Executive,54675.64,2022-01-25,ocarter@rodriguez-alvarez.com,Local middle chance.
EMP16051,Mario Martinez,Sales,Intern,54675.64,2021-04-13,wthompson@gmail.com,Including senior.
EMP16052,Haley Jones,Sales,Analyst,54675.64,2020-01-22,michaelmorrison@mccullough-blankenship.com,Picture letter rule.
EMP16053,Andrew Wilson,Finance,Intern,54675.64,2023-05-13,lewisjason@brown.com,Participant.
EMP16054,Jacqueline Ibarra,IT,Manager,54675.64,2022-12-06,todd67@hotmail.com,Interest PM similar.
EMP16055,Jo Porter,Sales,Manager,54675.64,2020-01-25,michaelholland@giles-miller.com,Likely final write.
EMP16056,Kristen Miller,HR,Manager,54675.64,2023-03-19,jenniferhoffman@ward.com,Month home mention.
EMP16057,Stephanie Johnson,Sales,Intern,54675.64,2023-09-02,wallbenjamin@mcpherson.com,Two process them.
EMP16058,Derek Mason,Finance,Analyst,54675.64,2023-02-16,ianlowery@daniels.info,Scientist.
EMP16059,Rebekah Mcmahon,Sales,Manager,54675.64,2023-03-17,benjaminwalsh@yahoo.com,Law happen million.
EMP16060,Melissa Cunningham,IT,Intern,54675.64,2020-07-26,matthew33@yahoo.com,Far behind star.
EMP16061,Tasha Davis,Sales,Executive,54675.64,2022-10-09,martinjoshua@yahoo.com,Usually do also.
EMP16062,Oscar Morris,IT,Intern,54675.64,2020-01-20,nelsonrussell@hotmail.com,Treat message task.
EMP16063,Michaela Jennings,HR,Intern,54675.64,2021-09-08,ewoods@watson.net,Such wear should.
EMP16064,Judy Lloyd,Sales,Executive,54675.64,2020-12-23,shannonmann@lopez.org,Base meeting.
EMP16065,Kellie Parker,HR,Executive,54675.64,2021-11-15,david98@luna.org,Old camera do fire.
EMP16066,Adam Koch,Finance,Executive,54675.64,2020-02-06,beckeradam@gmail.com,So then attack leg.
EMP16067,Erik Davis,HR,Executive,54675.64,2020-05-22,andrewrichardson@hotmail.com,Course military.
EMP16068,John Li,Sales,Manager,54675.64,2022-04-23,diane88@medina.com,Civil development.
EMP16069,Robert Rivera,Sales,Analyst,54675.64,2023-03-06,fulleramanda@hotmail.com,Party high serious.
EMP16070,Sara Huang,IT,Executive,54675.64,2021-09-04,wnelson@sanchez-contreras.com,Skill know job push.
EMP16071,Dr. Christine Brown,Sales,Analyst,54675.64,2020-06-20,jeffery09@jackson.biz,Hospital stock.
EMP16072,Brenda Lambert,Finance,Analyst,54675.64,2021-07-09,terrymary@gmail.com,Front word recently.
EMP16073,Christina Edwards,IT,Manager,54675.64,2021-09-21,qgonzales@quinn-aguilar.com,World finally.
EMP16074,Jeff Bautista,Sales,Analyst,54675.64,2022-05-03,sanchezdiana@hotmail.com,Civil probably see.
EMP16075,Crystal Casey,Sales,Executive,54675.64,2021-01-30,jasonallen@perez-chapman.com,Impact toward it.
EMP16076,Joshua Long,Sales,Intern,54675.64,2022-07-11,samanthaglenn@hotmail.com,Former happy yet.
EMP16077,Thomas Williams,Sales,Intern,54675.64,2022-07-03,stevenmoore@yahoo.com,Service listen.
EMP16078,Jacqueline Peterson,Finance,Intern,54675.64,2023-06-16,singletonrichard@hotmail.com,Down company finish.
EMP16079,Kelly Martin,Sales,Analyst,54675.64,2020-06-01,taylor20@evans.info,Above standard fill.
EMP16080,Alexander Orozco,IT,Intern,54675.64,2020-07-20,ithomas@morrison.com,Too stay support.
EMP16081,Antonio Parker,Sales,Manager,54675.64,2022-01-30,christopherpeck@yahoo.com,Practice find.
EMP16082,Austin Berry,IT,Intern,54675.64,2022-08-17,brianburns@hotmail.com,Material off since.
EMP16083,Brian Barnett,IT,Intern,54675.64,2022-05-25,briananderson@yahoo.com,First story author.
EMP16084,Carla Wilson,Sales,Analyst,54675.64,2022-06-26,jacksonolivia@gmail.com,Final with yes.
EMP16085,Kathryn Clark,Finance,Analyst,54675.64,2022-12-09,danielle34@smith-hoover.com,May cost identify.
EMP16086,Anthony Greer,Sales,Analyst,54675.64,2022-02-03,icook@yahoo.com,Though ability.
EMP16087,Mrs. Wendy Smith MD,Sales,Executive,54675.64,2020-05-18,michael21@hotmail.com,Some season might.
EMP16088,Tracy Hill,IT,Executive,54675.64,2020-12-04,autumn67@warren.org,Nice writer west.
EMP16089,Sarah Price,HR,Analyst,54675.64,2023-07-26,nwilson@yahoo.com,Lead play page.
EMP16090,Aimee Yang,HR,Intern,54675.64,2023-01-16,john80@hotmail.com,Population force.
EMP16091,Megan Oneal,Finance,Analyst,54675.64,2021-10-16,erinroth@robertson.biz,Newspaper black.
EMP16092,Sara Thomas,IT,Manager,54675.64,2021-10-21,michealmendoza@yahoo.com,Much executive body.
EMP16093,David Cox,Finance,Intern,54675.64,2023-09-30,hayesbrenda@yahoo.com,Learn vote drive.
EMP16094,Sarah Park,Sales,Intern,54675.64,2023-06-25,tiffanyperez@davis.info,Brother teacher.
EMP16095,Christopher Jones,Sales,Analyst,54675.64,2022-08-31,donovancalvin@yahoo.com,Trade although.
EMP16096,Michelle Macias,Finance,Intern,54675.64,2020-08-29,bradleyhernandez@campbell.com,Economy call think.
EMP16097,Nancy Waters DDS,IT,Intern,54675.64,2021-03-20,qsilva@hotmail.com,Yard why there.
EMP16098,Catherine Burton,Sales,Manager,54675.64,2021-04-21,kelleyrobert@hotmail.com,System season few.
EMP16099,Jennifer Villarreal,IT,Manager,54675.64,2021-01-08,gmclaughlin@hotmail.com,Measure report hard.
EMP16100,Scott West,Sales,Analyst,54675.64,2020-02-18,blopez@gmail.com,Brother past phone.
EMP16101,Deanna Jones,Sales,Intern,54675.64,2022-10-14,wgallegos@luna.com,However once away.
EMP16102,Maria Chen,Finance,Executive,54675.64,2023-09-17,anna06@yahoo.com,Number network play.
EMP16103,Jennifer Clarke,Finance,Manager,54675.64,2022-04-25,rdavis@yahoo.com,Live fish lawyer.
EMP16104,Brandon Johnson,IT,Executive,54675.64,2023-07-26,curtis11@yahoo.com,Husband democratic.
EMP16105,Derek Golden,HR,Executive,54675.64,2020-06-29,salazardenise@hansen-hunter.org,Growth and fish.
EMP16106,Elizabeth Davis,HR,Executive,54675.64,2020-10-19,danielslinda@hotmail.com,Coach crime us.
EMP16107,Michael Ruiz,HR,Manager,54675.64,2022-02-28,zachary20@hotmail.com,Drug dark vote hard.
EMP16108,Ann Butler,Sales,Manager,54675.64,2023-05-29,davidmichael@carter-thomas.com,Go why attack style.
EMP16109,Christian Chen,HR,Intern,54675.64,2021-10-03,elizabethmyers@hotmail.com,Suggest son build.
EMP16110,Joe Evans,Finance,Analyst,54675.64,2022-07-04,shawn57@yahoo.com,Senior hear who.
EMP16111,Caroline Kelley,HR,Intern,54675.64,2022-10-25,santiagomelanie@yahoo.com,Pretty want hundred.
EMP16112,Clinton Carroll,HR,Manager,54675.64,2021-04-19,kellertimothy@hotmail.com,Affect pay what ask.
EMP16113,Jeremy Beck,HR,Intern,54675.64,2023-05-13,youngjeffrey@rosario.com,Plant serious.
EMP16114,Amanda Huang,HR,Analyst,54675.64,2023-12-10,eerickson@gmail.com,Hear myself certain.
EMP16115,Michael Aguilar,HR,Intern,54675.64,2021-03-17,hpadilla@gray.info,Out often a anyone.
EMP16116,Ryan Richards,IT,Manager,54675.64,2021-08-04,andersonmichael@vasquez.biz,Simply article.
EMP16117,Debra White,Finance,Executive,54675.64,2022-11-29,suttonvicki@yahoo.com,Design health peace.
EMP16118,Phyllis Carr,HR,Intern,54675.64,2020-12-22,martinvanessa@gmail.com,Policy to scientist.
EMP16119,Shane Cardenas,Sales,Manager,54675.64,2023-03-03,crystal44@riddle.com,Himself lawyer.
EMP16120,Ashley Wise,IT,Executive,54675.64,2023-01-19,kelleyann@alvarez.com,Help view place.
EMP16121,Joshua Morgan,Sales,Manager,54675.64,2020-07-15,rebekahdawson@robbins.com,Cut knowledge.
EMP16122,Jason Alexander,Finance,Intern,54675.64,2023-06-26,youngregina@gmail.com,Four writer girl.
EMP16123,Christopher Sexton,HR,Executive,54675.64,2020-12-04,thomas53@yahoo.com,Like bring sing.
EMP16124,Kelly Anderson,Finance,Intern,54675.64,2023-08-22,aobrien@hotmail.com,Whatever music walk.
EMP16125,Jessica Perez,HR,Analyst,54675.64,2023-12-18,amandagolden@yahoo.com,Day two until.
EMP16126,Kim Williams,HR,Executive,54675.64,2021-11-16,xtodd@washington-jones.com,Rich check wide.
EMP16127,John Sharp,Sales,Executive,54675.64,2022-04-20,samantha38@hotmail.com,Mrs call figure.
EMP16128,Robin Brewer,Finance,Manager,54675.64,2022-07-23,anoble@white-blake.com,Rather term item.
EMP16129,Douglas Smith,HR,Intern,54675.64,2023-03-07,douglas28@hotmail.com,Worker section.
EMP16130,Christopher Hernandez,Finance,Analyst,54675.64,2021-09-16,jshea@kelly.net,Whole into radio.
EMP16131,Jeremiah Thompson,HR,Manager,54675.64,2020-10-31,gregory12@hotmail.com,Need available.
EMP16132,Daniel Stokes,Finance,Executive,54675.64,2022-11-03,jamie84@yahoo.com,Respond call decide.
EMP16133,Valerie Mcmahon,Finance,Executive,54675.64,2020-02-15,eric21@hotmail.com,Check night late.
EMP16134,Mrs. Patricia Baker,HR,Executive,54675.64,2022-09-11,breynolds@hotmail.com,Middle current.
EMP16135,Christine Smith,Finance,Executive,54675.64,2020-04-23,dhubbard@jones.biz,Single class on.
EMP16136,Monique Ellis,HR,Manager,54675.64,2023-03-16,rgray@gmail.com,Decade type bring.
EMP16137,Nathan Lawson,HR,Intern,54675.64,2020-08-29,liukimberly@gmail.com,Reveal budget.
EMP16138,Peter Jones,HR,Intern,54675.64,2023-05-18,gallagherleslie@yahoo.com,Song institution.
EMP16139,Sean Robinson,IT,Manager,54675.64,2022-07-30,cschroeder@tapia.com,Democrat message.
EMP16140,Julie Gregory,HR,Manager,54675.64,2020-08-19,hayesleah@hotmail.com,Its however voice.
EMP16141,Donna Mcgrath,Finance,Analyst,54675.64,2023-10-25,kdalton@mathis-morton.com,Tell son measure.
EMP16142,Kevin Norris,IT,Intern,54675.64,2021-04-01,brent78@yahoo.com,Win itself training.
EMP16143,Jocelyn Gamble,HR,Intern,54675.64,2020-07-11,brandon17@roberson-drake.com,Family peace camera.
EMP16144,Emily Ayala,Finance,Executive,54675.64,2020-03-10,emilymontoya@gmail.com,Board debate apply.
EMP16145,Aaron Smith,Finance,Intern,54675.64,2023-08-10,nicholas63@henry.com,Space if drive.
EMP16146,Adam Rocha,Finance,Analyst,54675.64,2022-05-19,nmorgan@scott-vazquez.org,Issue risk other.
EMP16147,Jamie Pope,IT,Executive,54675.64,2022-05-20,fordrobert@thomas-ayala.biz,Reach executive of.
EMP16148,Frederick Moore,Sales,Manager,54675.64,2022-06-11,megan02@johnson.com,Side show their.
EMP16149,Christina Strickland,Sales,Executive,54675.64,2020-05-24,kari74@gmail.com,A first teacher.
EMP16150,Thomas Wilson,IT,Executive,54675.64,2021-08-07,upennington@lucas-lewis.net,Require civil.
EMP16151,Amanda Larsen,HR,Intern,54675.64,2020-05-04,xperry@yahoo.com,Yourself.
EMP16152,Denise Johnson,Sales,Analyst,54675.64,2021-01-10,jrowland@yahoo.com,National story.
EMP16153,Amy Montgomery,Sales,Manager,54675.64,2023-03-15,bperez@gmail.com,Star accept.
EMP16154,Jacob Johnson,Finance,Executive,54675.64,2023-06-15,uleon@alexander-bowman.biz,Can certainly.
EMP16155,Jimmy Anderson,Finance,Intern,54675.64,2022-01-10,rscott@hotmail.com,Lose goal important.
EMP16156,Michele Silva,HR,Manager,54675.64,2023-03-04,robertrobertson@yahoo.com,Allow near data.
EMP16157,Charles Goodman,Sales,Analyst,54675.64,2023-12-13,taylortiffany@hotmail.com,Sense western.
EMP16158,Andrew Larsen,Finance,Executive,54675.64,2020-06-20,johnsontimothy@gmail.com,Treat blue central.
EMP16159,Alexandra Copeland,IT,Executive,54675.64,2022-04-18,zdiaz@collins-foster.com,My woman gas help.
EMP16160,Nicole Hughes,HR,Intern,54675.64,2020-10-21,jonathan49@price-hogan.com,Us movement give.
EMP16161,April Schroeder,Finance,Executive,54675.64,2021-06-06,nphelps@chapman.com,Design pressure.
EMP16162,John Blair,Finance,Intern,54675.64,2023-02-22,ricardonorton@hancock.com,Down simple.
EMP16163,Cesar Becker,Finance,Intern,54675.64,2020-09-22,neilkim@gmail.com,Fly of ahead lay.
EMP16164,Michael Chan,IT,Intern,54675.64,2023-02-25,blackwelldaniel@martin-baker.com,Natural between.
EMP16165,Anita Anderson,IT,Executive,54675.64,2023-10-09,robert13@newton.biz,Both develop.
EMP16166,Nicole Soto,Finance,Intern,54675.64,2023-01-04,vbond@wagner.com,Compare work agent.
EMP16167,Aimee Greene,HR,Manager,54675.64,2021-01-27,luke72@hotmail.com,Perform hot rich.
EMP16168,Paul Davis,Finance,Analyst,54675.64,2022-09-08,katiescott@hernandez.com,Building plant.
EMP16169,Mrs. Brittany Lara,Sales,Analyst,54675.64,2020-12-23,amber94@black-wu.biz,Fear degree learn.
EMP16170,Heather Calderon,Finance,Executive,54675.64,2022-01-05,robinsonangela@hotmail.com,Behavior wall upon.
EMP16171,Jennifer Brown,IT,Analyst,54675.64,2020-01-08,daniel04@alexander.biz,Public garden level.
EMP16172,Carrie Summers,Sales,Analyst,54675.64,2021-11-18,sanfordbenjamin@gmail.com,Language either.
EMP16173,Mr. Scott Hawkins MD,IT,Manager,54675.64,2020-01-21,jessicabolton@hotmail.com,Trouble yard.
EMP16174,Christy Oneal,HR,Manager,54675.64,2020-07-26,jenniferalvarez@hotmail.com,Occur theory let.
EMP16175,Aaron Davis,HR,Intern,54675.64,2020-04-06,johnsonscott@yahoo.com,People above.
EMP16176,Julie Valenzuela,Finance,Manager,54675.64,2022-05-06,wgordon@johnson.net,Leave wait write.
EMP16177,Shawn Thomas,HR,Manager,54675.64,2022-01-24,bradley07@norris-lewis.info,Break box purpose.
EMP16178,Garrett Brown,Sales,Executive,54675.64,2021-09-06,williamsonjames@hotmail.com,Civil question.
EMP16179,Chad Collins,IT,Manager,54675.64,2020-09-18,schneiderkevin@hood.com,Media maybe.
EMP16180,Kevin Murillo,Finance,Intern,54675.64,2022-12-18,xmyers@hotmail.com,Maintain wide hard.
EMP16181,Erica Bird,HR,Executive,54675.64,2021-06-18,qtrujillo@glass.com,Strong green.
EMP16182,Andrew Reeves,IT,Analyst,54675.64,2023-09-14,fashley@krause.com,Animal dinner wife.
EMP16183,Amanda Casey,IT,Analyst,54675.64,2021-09-03,antonio68@lawson.com,Seat administration.
EMP16184,Joy Larson,HR,Intern,54675.64,2021-09-21,gfoley@green-meyers.com,Wife area.
EMP16185,David Curry,Finance,Intern,54675.64,2021-01-30,willie35@cox.com,Letter dream.
EMP16186,Brittany Johnson,IT,Manager,54675.64,2022-01-08,adrienne31@hudson-morgan.com,Bad eat others have.
EMP16187,Jesse Butler,Finance,Executive,54675.64,2020-07-03,devon78@gmail.com,Analysis investment.
EMP16188,Christina Walker,IT,Executive,54675.64,2021-10-30,william23@walters.com,Detail difference.
EMP16189,Daniel Gonzales,Finance,Executive,54675.64,2021-12-25,jennifer25@yahoo.com,Start health player.
EMP16190,Sean Davidson MD,Finance,Intern,54675.64,2020-11-18,hornetammy@gutierrez.com,Almost book impact.
EMP16191,Daniel Hunter,HR,Analyst,54675.64,2022-02-03,kbennett@nelson.com,Scientist appear.
EMP16192,Christopher Lane,IT,Manager,54675.64,2023-10-29,mmckay@crawford-nguyen.net,Food economy most.
EMP16193,Theresa Black,HR,Analyst,54675.64,2020-08-03,emilyhill@hotmail.com,East pay someone.
EMP16194,Elizabeth Young,Sales,Executive,54675.64,2022-11-19,marquezmichelle@gmail.com,Not training anyone.
EMP16195,Brent Mcdonald,Finance,Analyst,54675.64,2023-07-02,watsonjulia@hotmail.com,Travel live past.
EMP16196,Debra Estrada,IT,Manager,54675.64,2023-07-30,christopher22@hall.biz,Future low walk up.
EMP16197,Kimberly Pratt,HR,Manager,54675.64,2023-11-04,huntcarla@crawford-miller.com,Team relate bit.
EMP16198,Matthew Fisher,Sales,Manager,54675.64,2021-06-25,mmatthews@hotmail.com,Peace small would.
EMP16199,Anthony Harrell,Finance,Executive,54675.64,2022-05-17,mitchellkirk@hotmail.com,Door late benefit.
EMP16200,Kristi Graves,IT,Analyst,54675.64,2023-04-21,juan08@gmail.com,Newspaper off.
EMP16201,Jessica Patrick,HR,Intern,54675.64,2023-03-20,johnreynolds@hotmail.com,Rather board nearly.
EMP16202,James Keller,IT,Executive,54675.64,2023-08-09,shannongonzalez@brown.com,Ten marriage.
EMP16203,Melissa Robbins,Finance,Manager,54675.64,2022-07-10,kathleenavery@hotmail.com,Provide record past.
EMP16204,Kerri Donaldson,Sales,Intern,54675.64,2022-01-23,cturner@yahoo.com,Capital site.
EMP16205,Samuel Peters,Finance,Executive,54675.64,2022-07-20,robertsdavid@hotmail.com,Animal size rule.
EMP16206,Nicole Harrison,IT,Manager,54675.64,2020-08-07,sandovalanne@gmail.com,A technology want.
EMP16207,Adrian Goodwin,Finance,Analyst,54675.64,2022-07-21,owang@mitchell-hoffman.com,They others phone.
EMP16208,Crystal Lucas,HR,Intern,54675.64,2021-03-10,colepatrick@yahoo.com,Risk list forget.
EMP16209,Robert Miller,IT,Manager,54675.64,2022-04-15,aliciacrawford@nash-lyons.biz,School ball mean.
EMP16210,Mary Herrera,IT,Intern,54675.64,2020-12-14,fbowers@hotmail.com,Drug wide job.
EMP16211,Janet Calhoun,IT,Analyst,54675.64,2020-12-29,rhurst@gmail.com,North group.
EMP16212,Emily Suarez,Sales,Intern,54675.64,2021-05-07,fscott@gmail.com,Guy candidate bill.
EMP16213,Jeffrey White,Sales,Analyst,54675.64,2023-08-09,xjohnson@thompson-rangel.com,Suggest method.
EMP16214,Angela Woodard,IT,Manager,54675.64,2021-09-18,laurenosborne@howe-kerr.org,Line civil.
EMP16215,Charles Sanders,Sales,Intern,54675.64,2021-06-26,rebecca23@jackson-johnson.com,Enter project.
EMP16216,Jimmy Morales,Sales,Analyst,54675.64,2023-03-22,carolrodriguez@allen.com,Production enjoy.
EMP16217,Tyrone Brown,HR,Analyst,54675.64,2021-04-01,zdickson@bell-weaver.com,Change require them.
EMP16218,George Smith,Sales,Manager,54675.64,2023-03-22,michellerobertson@yahoo.com,Call back court.
EMP16219,Frank Mcgrath,Sales,Manager,54675.64,2020-12-26,dlane@lee.com,Home still side.
EMP16220,Dr. Jose Welch,Sales,Manager,54675.64,2021-11-16,tylerhodges@jones.com,Media and continue.
EMP16221,Don Wright,IT,Intern,54675.64,2022-09-11,gregorymatthew@hotmail.com,Camera mean player.
EMP16222,Beth Foster,IT,Executive,54675.64,2020-10-12,acarter@gmail.com,Say speak color.
EMP16223,Daniel Madden,Sales,Manager,54675.64,2021-02-07,richard37@gonzalez.com,Exactly state money.
EMP16224,Mallory Woods,HR,Intern,54675.64,2020-10-05,adammack@miller.com,Cell heart next.
EMP16225,Charles Alexander,Sales,Manager,54675.64,2020-05-06,danielmarshall@hotmail.com,Sound agent least.
EMP16226,Kelsey Murillo,HR,Intern,54675.64,2021-01-19,yburton@gmail.com,Level suffer.
EMP16227,Elizabeth Smith,Finance,Analyst,54675.64,2020-05-22,david46@yahoo.com,Democrat set agency.
EMP16228,Justin Murphy,HR,Analyst,54675.64,2022-11-10,hartjessica@warren.com,Final allow we.
EMP16229,Elizabeth Williams,Sales,Analyst,54675.64,2020-10-12,martindean@smith-sloan.com,Talk such make get.
EMP16230,Lisa Peterson DDS,HR,Executive,54675.64,2020-09-11,vmann@yahoo.com,Describe parent.
EMP16231,Dana Smith,HR,Intern,54675.64,2021-06-06,christopherpoole@yahoo.com,Age recent must.
EMP16232,Brandi Morgan,HR,Executive,54675.64,2020-04-23,jesse49@woods.com,Else thousand by.
EMP16233,Edward Copeland,Finance,Manager,54675.64,2023-05-26,pfrazier@hotmail.com,Worker may project.
EMP16234,Sandra Vang,Sales,Analyst,54675.64,2021-10-10,christian71@gmail.com,Result step ground.
EMP16235,Andrew Wise,HR,Analyst,54675.64,2021-08-03,lisa95@hotmail.com,Health clear strong.
EMP16236,Emily Moss,Sales,Analyst,54675.64,2023-06-16,jessica29@calderon.com,Win choice her.
EMP16237,Lisa Singh,Finance,Executive,54675.64,2021-06-28,camposbrenda@hotmail.com,Themselves whole.
EMP16238,Karl Hopkins,IT,Manager,54675.64,2020-03-05,boydrobert@hotmail.com,Around audience.
EMP16239,Zachary Thomas,Sales,Executive,54675.64,2023-04-17,lynchfrances@preston.net,Field cut get.
EMP16240,Michael Wallace,IT,Analyst,54675.64,2021-04-07,harriscindy@yahoo.com,Brother tax control.
EMP16241,Wayne Harrison,Finance,Executive,54675.64,2021-02-18,thompsontimothy@hotmail.com,Clear million at.
EMP16242,Micheal Moore,Finance,Manager,54675.64,2021-01-13,jamiebarnett@hall.info,Big either simply.
EMP16243,Sara Walsh,IT,Manager,54675.64,2020-11-07,gschultz@hill.com,Budget least upon.
EMP16244,Alec Hernandez,Sales,Analyst,54675.64,2023-05-12,roger92@wilson-cook.info,From state how.
EMP16245,Shane Gonzalez,IT,Executive,54675.64,2022-12-04,laustin@yahoo.com,Executive add.
EMP16246,Elizabeth Fleming,Finance,Analyst,54675.64,2021-06-28,wesleysmith@hotmail.com,Heavy measure.
EMP16247,Austin Lutz,Finance,Analyst,54675.64,2023-02-03,bonillabrian@schmidt.com,Morning sport.
EMP16248,Erica Doyle,Sales,Manager,54675.64,2022-09-18,nware@hotmail.com,Write perform with.
EMP16249,Jessica White,Sales,Analyst,54675.64,2023-08-10,michelleevans@montgomery.com,Store century total.
EMP16250,Melody Parsons,HR,Analyst,54675.64,2020-02-25,bradfordtina@yahoo.com,Where world most.
EMP16251,Christina Alexander,IT,Manager,54675.64,2022-04-28,melanieruiz@rangel.biz,Seat task various.
EMP16252,Gina Cook,Sales,Executive,54675.64,2022-08-24,brandistrong@cooper-guzman.com,Morning bring.
EMP16253,John Oneal,Sales,Executive,54675.64,2021-08-23,petersonkathleen@gmail.com,Continue than.
EMP16254,John Gray,IT,Executive,54675.64,2021-03-26,vasquezchristopher@miller.net,Team cell realize.
EMP16255,Andrew Crosby,Finance,Manager,54675.64,2023-08-24,kathleenphillips@stevens.com,Job continue wall.
EMP16256,Charles Lamb,IT,Analyst,54675.64,2023-08-08,wandrews@spencer-carr.com,Church control.
EMP16257,Heather Austin,IT,Executive,54675.64,2023-10-31,rubenmaddox@yahoo.com,Simply day himself.
EMP16258,Ronald Wheeler,Finance,Manager,54675.64,2021-10-24,joe26@yahoo.com,Yeah cover money.
EMP16259,Dr. Natasha Mcintosh,IT,Intern,54675.64,2022-06-22,jeffreymiranda@hotmail.com,Why person expect.
EMP16260,Michelle Alvarez,Sales,Executive,54675.64,2022-07-15,zkline@gmail.com,Attention through.
EMP16261,Edward Jones,IT,Executive,54675.64,2021-06-16,adamsashley@yahoo.com,Should moment stay.
EMP16262,Laura Cole,Sales,Executive,54675.64,2022-09-27,ulittle@hotmail.com,Hair would common.
EMP16263,Whitney Miller,Finance,Analyst,54675.64,2022-05-22,sarahpatterson@gmail.com,Police price seven.
EMP16264,Luis Moss,IT,Intern,54675.64,2023-11-02,ronald86@fischer.org,Top beat service.
EMP16265,Stephen Lowery,HR,Manager,54675.64,2022-07-13,djohnston@leblanc.net,Power trouble page.
EMP16266,Monique Kelly,IT,Executive,54675.64,2020-10-26,mstone@hotmail.com,Join TV toward.
EMP16267,Sara Howe,IT,Executive,54675.64,2020-08-04,dmunoz@fisher.org,Guess major open.
EMP16268,Ashley Nielsen,Sales,Manager,54675.64,2022-02-08,gyoung@jacobs.com,Pass owner price.
EMP16269,Brian Robbins,Sales,Manager,54675.64,2020-04-17,kennedyrichard@gmail.com,Town prevent house.
EMP16270,James Page,HR,Manager,54675.64,2020-12-26,michael01@hotmail.com,While direction.
EMP16271,Crystal Johnson,HR,Manager,54675.64,2020-12-19,ericcox@yahoo.com,Garden energy.
EMP16272,Madison Fox,Finance,Intern,54675.64,2023-03-12,jonathan36@yu-jennings.info,Environment truth.
EMP16273,Curtis Browning,Finance,Manager,54675.64,2022-01-12,carlsondanielle@martinez.com,Student view it.
EMP16274,Amanda Cameron,IT,Analyst,54675.64,2023-12-18,laurenguzman@hotmail.com,Where wear amount.
EMP16275,Ashley Duarte,Sales,Manager,54675.64,2023-04-13,courtneychan@hotmail.com,Travel ready your.
EMP16276,Gerald Miller,IT,Executive,54675.64,2023-05-12,dawnadams@gmail.com,Source city guess.
EMP16277,Laura Turner,Sales,Analyst,54675.64,2021-05-14,harpercole@yahoo.com,Realize stock.
EMP16278,Matthew Summers,Finance,Executive,54675.64,2020-11-03,waltonjennifer@gmail.com,Pressure guess.
EMP16279,Karen Campos,Sales,Analyst,54675.64,2023-04-14,pmiller@gmail.com,Feel trade goal.
EMP16280,Susan Hill,Sales,Manager,54675.64,2020-04-10,leslie40@yahoo.com,Office they plan.
EMP16281,Aaron Perez DVM,Finance,Analyst,54675.64,2023-05-26,michaelbutler@roberts-reese.com,Hit long course.
EMP16282,Gary Harris,Finance,Executive,54675.64,2020-12-17,calhounkrista@anderson.com,Maintain economic.
EMP16283,Deanna Shannon,Sales,Intern,54675.64,2020-06-22,lbennett@gmail.com,Research miss beat.
EMP16284,Eric Munoz,HR,Analyst,54675.64,2020-05-25,shari04@esparza.biz,Science stay meet.
EMP16285,James Henderson,Sales,Analyst,54675.64,2023-04-22,andersondanielle@hotmail.com,Mind ready matter.
EMP16286,Melissa Clark MD,Finance,Manager,54675.64,2023-12-11,jordanamanda@sullivan.info,Cut green listen.
EMP16287,Beth Peterson,HR,Executive,54675.64,2020-05-24,coxdanielle@hotmail.com,Turn side chance.
EMP16288,Nicholas Stewart,HR,Intern,54675.64,2020-03-16,kathryn54@grimes.com,Year against room.
EMP16289,Craig Stewart,IT,Analyst,54675.64,2022-05-18,clarkangela@rivera-white.net,Country argue trip.
EMP16290,Joseph Burns,Finance,Executive,54675.64,2021-12-25,garrett32@gutierrez-shepard.com,Than chair same.
EMP16291,Jacqueline Brown,IT,Analyst,54675.64,2021-01-20,sbarker@taylor.com,Field mention.
EMP16292,David Jones,Finance,Intern,54675.64,2023-03-23,lwashington@yahoo.com,Recognize various.
EMP16293,April Wilson,HR,Executive,54675.64,2020-06-15,virginia38@yahoo.com,Likely long stop.
EMP16294,Mr. Martin Bryant,HR,Intern,54675.64,2021-03-22,danielbutler@hotmail.com,Include total.
EMP16295,Colleen Allen,Finance,Executive,54675.64,2021-02-04,yturner@yahoo.com,Later guess attack.
EMP16296,Tyler Bond,HR,Executive,54675.64,2020-04-25,dcampbell@tran-arnold.com,Everyone region.
EMP16297,Anna Robles,Finance,Manager,54675.64,2023-01-28,jennifer69@yahoo.com,And thus himself.
EMP16298,Cesar Myers,Sales,Manager,54675.64,2020-02-03,alexischan@hansen.com,Process item head.
EMP16299,Julie Williams,Finance,Executive,54675.64,2021-02-19,dean32@butler-kennedy.com,Building water.
EMP16300,Kaitlyn Lee,Finance,Executive,54675.64,2022-03-28,leonardcox@gmail.com,Leader send too.
EMP16301,Kevin Wood,Sales,Manager,54675.64,2021-08-20,bhill@gmail.com,Report but let.
EMP16302,Mary Scott,HR,Analyst,54675.64,2022-03-23,tbailey@gmail.com,Rock according.
EMP16303,Mr. Stephen Watson,HR,Executive,54675.64,2022-01-12,drewmarshall@garcia.net,Try people strong.
EMP16304,Travis Garcia,HR,Intern,54675.64,2021-01-12,williamsleslie@hotmail.com,Similar parent.
EMP16305,Angie Hinton,IT,Executive,54675.64,2020-03-22,bsimpson@hotmail.com,Sea soon well.
EMP16306,Dawn Cohen,IT,Manager,54675.64,2022-06-01,bairdlauren@gmail.com,Institution garden.
EMP16307,Amy Nielsen,Finance,Analyst,54675.64,2022-02-07,michael48@gmail.com,Father visit couple.
EMP16308,Nancy Howe,Finance,Executive,54675.64,2023-09-07,sherrera@gmail.com,Team ago indicate.
EMP16309,Matthew Bailey,Finance,Executive,54675.64,2023-04-06,williammartinez@hotmail.com,Him site kid four.
EMP16310,Paul Dixon,Sales,Executive,54675.64,2020-05-31,greendonald@hotmail.com,Treat five.
EMP16311,Justin Johnson,Sales,Executive,54675.64,2022-01-13,gregory55@roy.com,Best value work.
EMP16312,Carolyn Moreno,IT,Intern,54675.64,2020-01-02,curtis86@hotmail.com,Director receive.
EMP16313,Samuel Webster,Sales,Intern,54675.64,2023-09-28,david89@yahoo.com,Person here sense.
EMP16314,Scott Hoover,Finance,Intern,54675.64,2022-08-15,richard61@gmail.com,Whom purpose.
EMP16315,William Campos,Sales,Manager,54675.64,2021-07-20,cristianquinn@yahoo.com,Court college girl.
EMP16316,Mary Pennington,Finance,Analyst,54675.64,2022-03-05,kimberlysmith@wang.com,Effort agree image.
EMP16317,Todd Mitchell,HR,Intern,54675.64,2023-05-12,madisoncook@gmail.com,Us material modern.
EMP16318,Karen Stewart,HR,Intern,54675.64,2022-10-28,smithjohn@yahoo.com,Animal give forget.
EMP16319,Holly Davis,IT,Intern,54675.64,2023-07-20,rcoffey@hotmail.com,Add similar measure.
EMP16320,Gregory Johnson,Finance,Analyst,54675.64,2020-10-15,anthonylewis@yahoo.com,Mission fly beat.
EMP16321,Rebecca Larson,HR,Executive,54675.64,2020-11-06,joshuaperez@weaver.info,Join structure.
EMP16322,Ryan Anderson,Finance,Analyst,54675.64,2020-07-21,billy94@yahoo.com,Use enter available.
EMP16323,Valerie Long,Sales,Intern,54675.64,2020-11-24,pamdickerson@hotmail.com,Lawyer interest.
EMP16324,Wesley Peters,HR,Analyst,54675.64,2020-04-07,fryejoanna@mcguire.com,Base whom person.
EMP16325,Michael Thomas,Sales,Intern,54675.64,2020-12-29,arnoldkevin@hotmail.com,Record direction.
EMP16326,Kimberly Smith,Finance,Analyst,54675.64,2023-01-07,woodjames@yahoo.com,Explain husband.
EMP16327,Anthony Hayes,IT,Executive,54675.64,2020-11-15,nicolefoster@yahoo.com,Tough both after.
EMP16328,Andrew Weber,HR,Analyst,54675.64,2023-01-16,holly24@holmes-evans.com,Catch financial.
EMP16329,Catherine Gilbert,IT,Analyst,54675.64,2020-12-22,john48@hotmail.com,Event now success.
EMP16330,Jonathan Moreno,HR,Intern,54675.64,2023-10-24,loganlopez@gmail.com,Hot each.
EMP16331,Sarah Baker,HR,Executive,54675.64,2020-06-16,ghess@walls-chambers.com,Question among.
EMP16332,Courtney Collier,HR,Intern,54675.64,2020-07-04,garciavictor@yahoo.com,Need address be.
EMP16333,Olivia Barr,IT,Manager,54675.64,2021-08-17,kimberly46@shelton-clark.com,National animal.
EMP16334,Jonathan Cowan,HR,Manager,54675.64,2022-10-09,mlindsey@yahoo.com,Century get among.
EMP16335,Mark Leon,Sales,Manager,54675.64,2022-11-12,walshchristine@yahoo.com,Country place.
EMP16336,Jesse Anderson,Finance,Intern,54675.64,2021-09-06,audrey60@kaiser.com,During young have.
EMP16337,Lindsey Hill,HR,Intern,54675.64,2020-12-16,christopher86@morales-lozano.com,Read you magazine.
EMP16338,Sharon Hopkins,HR,Manager,54675.64,2023-10-05,ryanmunoz@yahoo.com,Lawyer author happy.
EMP16339,Ryan Carter,Sales,Analyst,54675.64,2021-03-18,keith39@yahoo.com,Traditional mouth.
EMP16340,Austin Rios,IT,Executive,54675.64,2023-02-06,amandamonroe@hotmail.com,Son pay memory.
EMP16341,Rebecca Hunt,IT,Manager,54675.64,2022-04-06,ricejason@palmer.com,According back.
EMP16342,Vanessa Franklin,Sales,Executive,54675.64,2023-10-25,sheparddavid@richards-callahan.com,Usually worker.
EMP16343,Kevin Baird,HR,Manager,54675.64,2022-02-09,adrianwilliams@keller.com,Success see attack.
EMP16344,Patrick Powell,Sales,Analyst,54675.64,2020-04-21,lewisbrandon@robinson-wallace.com,My foot adult fast.
EMP16345,Nicole Perez,Sales,Executive,54675.64,2020-10-12,thomascorey@yahoo.com,Claim reduce local.
EMP16346,Jesse Davis,Finance,Intern,54675.64,2022-02-02,harrisdeborah@yahoo.com,Name manager.
EMP16347,Brandon Johnson,Finance,Manager,54675.64,2021-01-28,ashleycarr@hotmail.com,Vote year quite.
EMP16348,Sandra Hawkins,HR,Analyst,54675.64,2023-01-26,josephhowell@herman-parsons.org,Less she list.
EMP16349,John Knight,Sales,Analyst,54675.64,2021-06-08,jennifer96@hotmail.com,Cup such newspaper.
EMP16350,Michelle Watkins,IT,Analyst,54675.64,2020-06-15,pramirez@yahoo.com,Job nature keep.
EMP16351,Gail Mendez MD,IT,Manager,54675.64,2021-03-23,derek47@burns-ford.com,Up government.
EMP16352,Rebecca Sanchez,Finance,Executive,54675.64,2023-07-28,hterrell@mendoza-robertson.com,Perhaps according.
EMP16353,Vickie Powell,IT,Manager,54675.64,2020-06-17,barbarawillis@gmail.com,Report rich few.
EMP16354,Jeffery Murphy,Sales,Analyst,54675.64,2020-08-13,umartinez@cisneros-morrison.com,Career choose sell.
EMP16355,Lisa Morales,Finance,Analyst,54675.64,2023-09-03,wshelton@hotmail.com,Personal main.
EMP16356,Margaret Long,Finance,Intern,54675.64,2020-02-09,kimberly39@smith.info,Go tell wonder her.
EMP16357,Michael Mcguire,HR,Manager,54675.64,2021-05-02,catherine96@yahoo.com,Wife camera why.
EMP16358,Kayla Santiago,Finance,Executive,54675.64,2023-12-12,spencermonroe@yahoo.com,Food win effect.
EMP16359,Dr. Matthew Clark,Finance,Manager,54675.64,2020-11-30,smithbriana@hotmail.com,Notice he pretty.
EMP16360,Breanna James,IT,Executive,54675.64,2021-03-11,fisherandrew@lester.net,Relate have music.
EMP16361,Rhonda Baker,Finance,Executive,54675.64,2020-09-07,montoyacasey@barnes.com,Design hotel I wind.
EMP16362,Matthew Gonzalez,Finance,Intern,54675.64,2023-01-26,darryl15@underwood.com,Memory indicate.
EMP16363,Aaron Morton,HR,Manager,54675.64,2020-11-20,kestrada@warren.biz,Reveal shoulder.
EMP16364,Monica Cooper,HR,Executive,54675.64,2021-04-14,gilmorelinda@martinez-taylor.biz,Tax least thus.
EMP16365,Thomas Torres,Finance,Executive,54675.64,2022-06-22,kimberlydavis@yahoo.com,Whose trial learn.
EMP16366,Angela Calderon,IT,Intern,54675.64,2021-05-30,nathanmunoz@yahoo.com,Suffer either.
EMP16367,Mark George,Sales,Analyst,54675.64,2021-05-16,hernandezmolly@clark.com,Cultural wonder.
EMP16368,Nicole Hernandez,IT,Intern,54675.64,2022-10-08,melissa58@simmons-peck.com,Shake leg yes her.
EMP16369,John Morgan,Sales,Analyst,54675.64,2023-07-28,ceaton@gmail.com,Hotel keep land.
EMP16370,Kelly Rogers,HR,Analyst,54675.64,2023-06-29,bettyhunt@hotmail.com,Recognize ball.
EMP16371,Charles Ross,Finance,Intern,54675.64,2021-03-09,carolyn39@hotmail.com,Rate bill church.
EMP16372,Derek Young,IT,Analyst,54675.64,2023-07-02,austinlarry@thomas.com,Control probably.
EMP16373,Amanda Elliott,IT,Executive,54675.64,2023-12-01,erichahn@rhodes.com,School cell beyond.
EMP16374,Suzanne Ortega,Sales,Executive,54675.64,2021-02-12,lbrown@glenn.com,Born particular.
EMP16375,Karen Fox,Sales,Analyst,54675.64,2023-09-11,xharrell@hotmail.com,Relationship front.
EMP16376,Sean Warren,Finance,Manager,54675.64,2023-01-26,hmedina@mueller.com,Camera good whom.
EMP16377,Scott Zamora,Finance,Analyst,54675.64,2023-03-18,ruizkyle@gmail.com,Certain compare.
EMP16378,Cathy Middleton,HR,Manager,54675.64,2020-04-17,jamesescobar@yahoo.com,Economy ability art.
EMP16379,Brandon Pratt,Finance,Manager,54675.64,2020-12-15,pattersonbonnie@flynn-collins.com,Blue provide choose.
EMP16380,Steven Johnson,IT,Analyst,54675.64,2020-05-02,robertsonmarissa@barrett.com,Situation poor what.
EMP16381,Robert Lewis,IT,Intern,54675.64,2023-08-28,norrisanthony@vazquez-hull.org,Performance very.
EMP16382,Kimberly Kirk DDS,IT,Manager,54675.64,2020-09-15,kristopherbrown@taylor-wright.com,Alone establish.
EMP16383,Terry Powers,Sales,Manager,54675.64,2021-02-08,julia76@beck.biz,Occur single next.
EMP16384,Jeffrey Mcconnell,Finance,Analyst,54675.64,2023-05-19,johnsonjenna@mata.com,Under section up.
EMP16385,Joshua Mitchell,Finance,Executive,54675.64,2020-06-25,yburns@harrison.com,Important mission.
EMP16386,Matthew Holmes,Sales,Intern,54675.64,2021-01-16,lopezmargaret@curry-johnson.info,Since raise senior.
EMP16387,Ronald Rice,IT,Manager,54675.64,2020-10-13,johnraymond@gmail.com,A result we clearly.
EMP16388,Susan Graham,Sales,Analyst,54675.64,2020-10-28,zscott@avila.com,Major fear.
EMP16389,Yvonne Stewart,HR,Executive,54675.64,2022-07-28,rjohnson@yahoo.com,Appear ability.
EMP16390,Leah Hoover,IT,Intern,54675.64,2023-08-17,stevespence@walker.biz,People indeed.
EMP16391,Lisa Hudson,IT,Intern,54675.64,2021-04-03,jefferysanders@gmail.com,Citizen central.
EMP16392,David Weaver,HR,Intern,54675.64,2022-08-02,paula78@yahoo.com,Put everyone.
EMP16393,Thomas Lee,IT,Intern,54675.64,2022-02-10,ann84@freeman.com,Poor sister final.
EMP16394,Robert Garcia,IT,Executive,54675.64,2021-03-16,melissapayne@byrd-krause.info,Term upon who.
EMP16395,Amanda Davis,Finance,Executive,54675.64,2020-11-07,lloyddominique@gmail.com,Behind hotel hotel.
EMP16396,Robert Blair,IT,Intern,54675.64,2020-06-14,nicole07@henry.com,Structure together.
EMP16397,Sonya Porter,IT,Executive,54675.64,2020-09-18,markfoster@yahoo.com,Section call poor.
EMP16398,Sarah Hudson,Sales,Executive,54675.64,2021-05-15,steven20@miranda.com,Per culture cell.
EMP16399,Tina West,HR,Manager,54675.64,2022-07-08,robertcampbell@gmail.com,Resource her which.
EMP16400,Christina Shaw,IT,Intern,54675.64,2022-08-05,antoniokelly@hotmail.com,Sing ability record.
EMP16401,Susan Graves,Sales,Executive,54675.64,2020-04-20,michael97@hotmail.com,Star second.
EMP16402,Scott Jimenez,IT,Manager,54675.64,2023-01-01,hannabecky@hotmail.com,Control better.
EMP16403,Angela Lloyd,Sales,Analyst,54675.64,2020-06-13,benjamin16@yahoo.com,Church pretty same.
EMP16404,Laura Sanders,Sales,Analyst,54675.64,2023-12-12,smithshannon@moreno-lambert.com,Pull here only.
EMP16405,Cathy Day,HR,Analyst,54675.64,2021-01-17,kylesanchez@kaufman.com,Keep future would.
EMP16406,Amanda Cole,Sales,Intern,54675.64,2022-11-29,sandra22@thomas-mcneil.com,Sell staff crime.
EMP16407,Christopher Huffman,Finance,Executive,54675.64,2023-06-25,powersjames@yahoo.com,Could cause spend.
EMP16408,Kyle Hall,IT,Analyst,54675.64,2023-04-06,zmiller@sanchez-flores.com,Often today fight.
EMP16409,Patrick Wilson,Finance,Intern,54675.64,2022-09-14,jamesholmes@yahoo.com,Factor shoulder.
EMP16410,Richard Kidd,Finance,Manager,54675.64,2022-12-09,kelly46@yahoo.com,Position certainly.
EMP16411,Francisco Ferguson,HR,Manager,54675.64,2022-02-17,aalvarez@hammond-martin.org,Perhaps agree off.
EMP16412,Adam Armstrong,Finance,Executive,54675.64,2022-08-13,joseph18@blake.com,Wrong trouble worry.
EMP16413,Erica Graham,HR,Executive,54675.64,2022-03-06,emmabrennan@blake-allen.com,Investment rather.
EMP16414,Christopher Perkins,IT,Analyst,54675.64,2021-07-25,erikafletcher@hotmail.com,Truth significant.
EMP16415,Michael Martin,IT,Executive,54675.64,2022-02-06,castillomichael@gmail.com,School trade sure.
EMP16416,Daniel Frost,HR,Intern,54675.64,2020-12-10,mcknightmichael@reyes.com,Television ok thus.
EMP16417,Jessica Lee,Sales,Executive,54675.64,2023-07-13,ronaldgarcia@miller.com,Writer idea.
EMP16418,Shannon Horne,HR,Analyst,54675.64,2021-07-28,obennett@hotmail.com,Try lot condition.
EMP16419,Richard Parker,HR,Executive,54675.64,2023-04-27,sullivandavid@yahoo.com,Old cultural four.
EMP16420,William Fowler,Finance,Manager,54675.64,2022-10-10,christopher07@myers-mcclain.biz,Next high entire.
EMP16421,Michael Guerra,IT,Intern,54675.64,2023-09-16,abass@hayden-bell.org,Born it site.
EMP16422,Elizabeth Young,IT,Executive,54675.64,2020-06-02,justincaldwell@yahoo.com,While look act.
EMP16423,Thomas Alvarado,IT,Analyst,54675.64,2023-03-15,pbrown@bennett.org,Compare Mr whole.
EMP16424,Jennifer Hubbard DDS,HR,Manager,54675.64,2023-04-16,tschaefer@hotmail.com,Especially as.
EMP16425,Jeffrey Paul,HR,Analyst,54675.64,2020-05-26,jennaspencer@gmail.com,Participant where.
EMP16426,Cheryl Mclean,IT,Analyst,54675.64,2022-01-13,jamieraymond@simon-gilbert.com,Style before upon.
EMP16427,Karla Moyer,HR,Executive,54675.64,2020-09-27,oanderson@gmail.com,Do especially pass.
EMP16428,Bradley Turner,IT,Intern,54675.64,2020-01-16,nathan80@diaz.com,Direction actually.
EMP16429,Richard Thomas,Finance,Intern,54675.64,2022-07-04,tbuck@johnson.com,Action data baby.
EMP16430,Charles Williamson,Finance,Analyst,54675.64,2020-05-26,eortega@jones.net,Party too reflect.
EMP16431,Melissa Gonzalez,HR,Intern,54675.64,2022-08-28,zmartin@stark.com,Relationship.
EMP16432,George Cunningham,Sales,Intern,54675.64,2021-03-30,hyu@hotmail.com,Statement outside.
EMP16433,Patricia Alexander,IT,Intern,54675.64,2023-11-27,karendavis@anderson.com,Young test concern.
EMP16434,Elizabeth Riley,Finance,Manager,54675.64,2023-09-29,psmith@knight-arellano.com,Song entire popular.
EMP16435,Alexander Raymond,Sales,Manager,54675.64,2022-10-28,tsoto@taylor-woodard.biz,Hour add often.
EMP16436,Preston Brown,Finance,Manager,54675.64,2020-02-19,espinozaerin@williams.info,Majority person.
EMP16437,Ashley Hall,IT,Manager,54675.64,2022-06-22,cunninghamaustin@haas-nelson.com,Already store.
EMP16438,Amy Johnson,IT,Executive,54675.64,2020-01-13,pamelamcfarland@gmail.com,Interview campaign.
EMP16439,Stephen Morrow,Finance,Analyst,54675.64,2023-05-10,kathleen47@fisher.biz,Training bit garden.
EMP16440,Joshua Hill,HR,Executive,54675.64,2021-10-20,davislisa@hotmail.com,Quality your.
EMP16441,Darrell Sanchez,IT,Manager,54675.64,2021-03-09,mhiggins@williams.com,Happen around agent.
EMP16442,Jesse Johnson,Sales,Executive,54675.64,2023-12-01,probinson@guerra-maxwell.com,Military member.
EMP16443,Sara Chavez,Sales,Analyst,54675.64,2020-06-06,htorres@watkins-duran.com,Direction remain.
EMP16444,Matthew Castillo,HR,Analyst,54675.64,2022-09-16,edwardssteven@yahoo.com,Himself least.
EMP16445,Samantha Johnson,Finance,Executive,54675.64,2022-07-13,rhartman@gmail.com,Perhaps imagine.
EMP16446,Douglas Ward,IT,Analyst,54675.64,2021-07-26,ubeck@yahoo.com,Vote meet little.
EMP16447,Jessica Roberts,IT,Manager,54675.64,2023-11-17,stephen90@yahoo.com,Prevent finally.
EMP16448,Tabitha Shepherd,HR,Executive,54675.64,2023-10-23,sharoncuevas@hotmail.com,Reach during appear.
EMP16449,Allen Jackson,IT,Analyst,54675.64,2021-01-11,newtonandrea@gmail.com,Chair expect.
EMP16450,Malik Garcia,IT,Manager,54675.64,2023-02-03,bridget16@valdez-cruz.com,Offer customer or.
EMP16451,Brandon Cobb,Sales,Executive,54675.64,2022-04-11,ricesarah@gmail.com,Ever whose card.
EMP16452,Kim Summers,Sales,Analyst,54675.64,2021-01-05,kimberlychristensen@carter-baldwin.com,There father.
EMP16453,Casey Winters,Finance,Intern,54675.64,2020-04-19,boylejason@roth.com,Always pattern.
EMP16454,Linda Jones,Sales,Analyst,54675.64,2022-10-11,louis72@yahoo.com,Pull protect myself.
EMP16455,Troy Macias,Finance,Manager,54675.64,2020-10-20,maxwellchristine@parsons.biz,Next less practice.
EMP16456,Bridget Humphrey,Sales,Analyst,54675.64,2023-07-11,brownraymond@yahoo.com,Another anyone bit.
EMP16457,Katelyn Smith,Finance,Executive,54675.64,2020-11-26,sellersangela@gmail.com,Step son by manage.
EMP16458,Lori Brown,IT,Manager,54675.64,2021-02-27,fowlereric@gmail.com,White easy.
EMP16459,Samuel Hudson,IT,Intern,54675.64,2020-10-05,kimberlycross@stokes.net,Soon college world.
EMP16460,Patrick Mcconnell,Sales,Executive,54675.64,2020-08-11,mhowe@james.net,International force.
EMP16461,Lauren Lee,IT,Intern,54675.64,2020-06-21,bootheric@adams-bates.com,Present point.
EMP16462,Hannah Stokes,Finance,Manager,54675.64,2023-02-26,darlenewright@stephenson.com,Popular society.
EMP16463,Beverly Caldwell,HR,Analyst,54675.64,2022-10-04,byrdkaitlyn@gmail.com,Among forget care.
EMP16464,Samuel Gilmore,HR,Manager,54675.64,2020-09-02,deandeborah@andrews-jackson.info,Value garden our.
EMP16465,Nancy Miller,IT,Manager,54675.64,2021-06-04,janice10@hunt.com,Father approach.
EMP16466,Erica Brown,IT,Intern,54675.64,2020-10-22,ann09@yahoo.com,Process second.
EMP16467,Kyle Johnson,Sales,Executive,54675.64,2020-06-04,luis60@hotmail.com,Laugh dark southern.
EMP16468,Mark Bolton,Sales,Analyst,54675.64,2021-08-31,calvinfriedman@gmail.com,Every return thank.
EMP16469,Paul Wilson,Finance,Executive,54675.64,2020-12-17,thorntonsusan@young.com,Him fly budget word.
EMP16470,Brandon Lee,Finance,Executive,54675.64,2020-10-19,zlong@yahoo.com,Buy with type trial.
EMP16471,Theresa Wood,HR,Analyst,54675.64,2023-07-21,smason@smith-johnston.com,Here natural meet.
EMP16472,Michael Robertson,Finance,Manager,54675.64,2023-02-09,taylormontgomery@bennett-dean.net,They traditional.
EMP16473,Kristy Brown,IT,Executive,54675.64,2021-12-16,suttonwilliam@snyder-bennett.com,Ok seven reveal.
EMP16474,Mrs. Vanessa Martin DDS,IT,Manager,54675.64,2020-03-17,zlee@gmail.com,Feeling figure.
EMP16475,Brenda Shaw MD,Sales,Analyst,54675.64,2020-03-20,bbrown@gmail.com,Black first factor.
EMP16476,Cindy Hernandez,IT,Intern,54675.64,2023-01-06,monique78@gmail.com,Sound right back.
EMP16477,Amber Buchanan,Finance,Intern,54675.64,2022-06-30,phernandez@wilson-hood.com,Enjoy significant.
EMP16478,Kimberly Dillon,Finance,Intern,54675.64,2021-03-11,pricejason@hotmail.com,Student art compare.
EMP16479,Natalie Fields,Sales,Manager,54675.64,2023-04-27,ryanrobinson@ward-roman.com,Allow network.
EMP16480,Victoria Nelson,Finance,Intern,54675.64,2020-02-04,aaron14@gmail.com,No computer point.
EMP16481,Joshua Davies,Sales,Intern,54675.64,2021-08-05,nathanpeck@haney.info,Against I marriage.
EMP16482,Cory Gonzales,IT,Analyst,54675.64,2020-07-30,taylorjessica@hancock.com,Him make water boy.
EMP16483,Edward Smith,Sales,Analyst,54675.64,2020-10-09,justinanderson@bullock-marshall.com,Officer table land.
EMP16484,Brian Wood,Finance,Intern,54675.64,2022-01-02,markclark@flores.net,Far despite threat.
EMP16485,Angel Johnson,Finance,Intern,54675.64,2020-05-17,kcooper@gmail.com,Money PM century.
EMP16486,Mrs. Savannah Garcia PhD,HR,Manager,54675.64,2021-08-09,danielselizabeth@mahoney.com,Attorney ability.
EMP16487,Alan Harris,Sales,Analyst,54675.64,2022-07-04,tony38@hotmail.com,Mother public space.
EMP16488,Lisa Powers,Finance,Executive,54675.64,2021-04-29,catherine79@hotmail.com,Cold avoid its.
EMP16489,Timothy Perry,HR,Executive,54675.64,2022-01-27,mwade@gomez.info,PM able short order.
EMP16490,Tracy Shepherd,IT,Manager,54675.64,2023-05-13,icampbell@mcdaniel.com,Sort season letter.
EMP16491,Melissa Gomez,IT,Executive,54675.64,2023-09-21,sheri25@peterson.com,College serve blue.
EMP16492,Robert Evans,IT,Analyst,54675.64,2021-03-28,calebacevedo@henry.com,High include thus.
EMP16493,Danny Turner,IT,Executive,54675.64,2021-04-30,granteugene@green.com,Cover even call.
EMP16494,Robert Gonzalez,IT,Intern,54675.64,2022-04-14,angelalivingston@brown.biz,Market door author.
EMP16495,Eric Garrett,Sales,Executive,54675.64,2021-11-29,mendezkelly@williams-wright.com,Who peace ago.
EMP16496,Frank Trevino,IT,Manager,54675.64,2023-12-31,christian58@gmail.com,Age again war make.
EMP16497,Michelle Kerr,Finance,Analyst,54675.64,2021-02-25,kiarawilson@noble.net,Let success exactly.
EMP16498,Rebecca Moore,Finance,Executive,54675.64,2023-03-07,darlenecastillo@novak.com,Body treatment able.
EMP16499,Stephen Scott,IT,Analyst,54675.64,2020-01-06,aaron22@hotmail.com,Board would view.
EMP16500,Toni Lewis,IT,Manager,54675.64,2023-05-21,tammiecasey@wilson-morton.com,Need page federal.
EMP16501,Mary Khan,HR,Executive,54675.64,2023-01-23,laura75@hotmail.com,Seven tend movement.
EMP16502,Jorge Conner,Sales,Intern,54675.64,2022-07-18,grayroy@hotmail.com,Century fight new.
EMP16503,Tyler Davies,Finance,Analyst,54675.64,2021-07-14,sbaldwin@hotmail.com,Call majority.
EMP16504,Eric Williams,Finance,Executive,54675.64,2020-10-11,spencercatherine@gmail.com,Own teach talk.
EMP16505,Anthony Taylor,Finance,Intern,54675.64,2021-01-12,john85@spencer.com,Fight well out.
EMP16506,Jim Martin,Finance,Manager,54675.64,2021-05-16,nicole16@yahoo.com,Both agreement good.
EMP16507,Robert Powell,IT,Intern,54675.64,2021-03-24,floydbrianna@waters.net,Ok week area hot.
EMP16508,Anna Knight,IT,Manager,54675.64,2021-02-20,andrew10@mitchell-carpenter.biz,Newspaper leave.
EMP16509,Robert Wilson,Sales,Analyst,54675.64,2022-01-11,christopherdiaz@hudson.com,Window address.
EMP16510,Cynthia Ferrell,HR,Executive,54675.64,2022-02-23,davisjoshua@hotmail.com,Approach choose.
EMP16511,Cody Shannon,IT,Executive,54675.64,2023-01-26,harrisonrobert@hunter-howell.net,Nothing author must.
EMP16512,Sheri Owens,Finance,Analyst,54675.64,2021-07-14,loweann@yahoo.com,Wrong state fine.
EMP16513,Stephen Ferguson,HR,Manager,54675.64,2020-05-14,uross@hotmail.com,Social phone little.
EMP16514,Amy Jackson,Finance,Manager,54675.64,2022-02-19,meganmiller@ferrell-daniels.com,Shake record such.
EMP16515,Heather Ramirez,Sales,Executive,54675.64,2021-01-22,thurst@fleming.com,Four high million.
EMP16516,Mark Patterson,IT,Analyst,54675.64,2023-09-04,danielhamilton@hotmail.com,Recently attorney.
EMP16517,Daniel Johnson,Sales,Executive,54675.64,2023-05-05,andre57@yahoo.com,Thousand across win.
EMP16518,Edward Lewis,Finance,Manager,54675.64,2022-09-02,anthonymelissa@henderson.com,Record American.
EMP16519,Sheena Jones,IT,Manager,54675.64,2020-05-03,stewartheather@gmail.com,Including just step.
EMP16520,Jasmine Brooks,IT,Intern,54675.64,2023-09-14,tammy66@hotmail.com,Stuff believe even.
EMP16521,Randy Barnes,IT,Manager,54675.64,2022-01-16,mlarsen@stein-conrad.com,Ability reason what.
EMP16522,Mitchell Robertson,IT,Executive,54675.64,2020-03-18,berryanthony@gmail.com,Relationship rather.
EMP16523,Joseph Barker,Sales,Intern,54675.64,2022-06-19,omoore@simpson.com,Really anyone open.
EMP16524,Michael Hamilton,IT,Intern,54675.64,2023-07-21,rangelkatherine@hotmail.com,Lose still reach.
EMP16525,Amanda Roberts,HR,Analyst,54675.64,2020-05-15,raymatthew@hotmail.com,Enter support cost.
EMP16526,Laura Harper,IT,Intern,54675.64,2023-09-09,brewermegan@gmail.com,Star possible.
EMP16527,Bobby Becker,Finance,Intern,54675.64,2021-01-05,christopherwhite@hotmail.com,Bill management.
EMP16528,Ronald Martin,Sales,Intern,54675.64,2020-06-02,tnelson@newton-dodson.com,Their authority.
EMP16529,Christopher Acosta,HR,Executive,54675.64,2022-04-17,jacqueline27@hotmail.com,Price leg final.
EMP16530,Sandra Weeks,Finance,Analyst,54675.64,2021-02-20,jamesgarcia@gmail.com,Thus energy seven.
EMP16531,Scott Dyer,IT,Executive,54675.64,2022-11-11,mmccoy@ford-phillips.info,Choice company.
EMP16532,Sandra Ramos,Finance,Analyst,54675.64,2020-09-12,vpatterson@barker-williams.com,Use bar week player.
EMP16533,Stephanie Thomas,Sales,Analyst,54675.64,2022-09-15,ashlee54@gmail.com,News garden natural.
EMP16534,Keith Bass,Sales,Intern,54675.64,2022-05-03,michellethomas@perez-cruz.biz,Cost recent foreign.
EMP16535,Matthew Ballard,IT,Manager,54675.64,2020-02-04,ismith@taylor.com,Science concern.
EMP16536,Rachel Pittman,HR,Manager,54675.64,2023-04-22,martinespinoza@hotmail.com,Action write.
EMP16537,Ashley Myers,Sales,Executive,54675.64,2023-05-31,andersonamanda@abbott.info,Effect election.
EMP16538,Heather Barnett,Sales,Intern,54675.64,2023-02-23,ywilson@yahoo.com,Fish in.
EMP16539,Samantha Church,HR,Analyst,54675.64,2023-05-07,klewis@gmail.com,Recognize inside.
EMP16540,Robert Taylor,IT,Manager,54675.64,2020-05-08,zimmermanharry@scott.org,Everybody ever.
EMP16541,Marisa Hubbard,Finance,Executive,54675.64,2022-03-20,kstrickland@hotmail.com,Share similar.
EMP16542,Abigail Meyer,IT,Manager,54675.64,2022-10-08,ggreen@campbell.com,Begin best laugh.
EMP16543,Mr. Hayden Alvarado,IT,Analyst,54675.64,2023-06-06,vaughndeborah@larson.org,Mother hundred.
EMP16544,Kenneth Douglas,Finance,Manager,54675.64,2020-08-09,edavis@brown.com,Peace participant.
EMP16545,Michael Gill,Finance,Executive,54675.64,2022-01-05,woodmichael@garcia-johnson.org,Next both represent.
EMP16546,Jeffrey Clark,IT,Executive,54675.64,2022-05-13,lowen@hotmail.com,Thing building seek.
EMP16547,James Gray,HR,Executive,54675.64,2021-04-08,gutierrezchristopher@swanson-patterson.com,Continue feel.
EMP16548,Brenda Ramirez,Finance,Intern,54675.64,2023-07-07,ashley63@hotmail.com,Once above poor.
EMP16549,Isaac Bauer,Sales,Intern,54675.64,2022-11-06,thompsonanthony@gmail.com,Plant bag class.
EMP16550,David Nichols,IT,Intern,54675.64,2021-08-11,valeriebrown@livingston.com,Worker very paper.
EMP16551,Wendy Rice,Sales,Executive,54675.64,2020-12-20,sonya91@fox-taylor.org,Wear tax happy.
EMP16552,Antonio Harris,Sales,Manager,54675.64,2022-07-24,ggriffin@yahoo.com,School animal would.
EMP16553,Stacey Ray,Finance,Executive,54675.64,2023-12-12,phillipsrobert@lopez.com,Not daughter.
EMP16554,Jennifer Jensen,HR,Intern,54675.64,2021-03-15,veverett@hotmail.com,Fish much answer.
EMP16555,Isabel Rowe,Sales,Executive,54675.64,2021-06-06,thomascindy@turner.info,Way whole meet.
EMP16556,Lori Garcia,IT,Manager,54675.64,2022-09-22,davidjoseph@gmail.com,Training seven yet.
EMP16557,Jeremiah Doyle,Finance,Manager,54675.64,2022-09-11,kelleycharles@yahoo.com,What medical cause.
EMP16558,Patricia Flowers,Sales,Analyst,54675.64,2023-08-12,ryanlopez@smith.com,Respond success.
EMP16559,Evan Cook,IT,Executive,54675.64,2021-10-14,steelekimberly@hotmail.com,Face draw worker.
EMP16560,Christina Thomas,IT,Manager,54675.64,2021-10-25,beverly22@peters.org,Trip most lay hear.
EMP16561,Molly Cox,IT,Executive,54675.64,2023-01-28,linda53@dean.org,Save start plan.
EMP16562,Annette Pitts,Sales,Intern,54675.64,2023-08-06,rebecca35@yahoo.com,Should fish left.
EMP16563,Lindsay Pugh,HR,Manager,54675.64,2023-03-05,dawn24@daniel.info,Expect room budget.
EMP16564,Jessica Crawford,Sales,Manager,54675.64,2023-06-24,matthewparker@gmail.com,Floor environment.
EMP16565,Cynthia Pham,HR,Intern,54675.64,2020-07-28,potterangela@escobar-day.org,Middle stuff meet.
EMP16566,Nicholas Davis,HR,Executive,54675.64,2022-06-21,tanya53@hotmail.com,Miss camera Mrs.
EMP16567,Sergio Armstrong,Finance,Analyst,54675.64,2020-11-13,ericksonwendy@gmail.com,Forward technology.
EMP16568,Lauren Garcia,Finance,Executive,54675.64,2022-10-05,travislewis@lopez.net,Magazine hear.
EMP16569,Richard Morris,HR,Analyst,54675.64,2023-05-22,gdouglas@jones.com,Serve finish.
EMP16570,Robert Duncan,Sales,Analyst,54675.64,2023-05-07,vanessa45@davis.com,Be energy challenge.
EMP16571,Nicholas Hill,HR,Executive,54675.64,2020-05-06,josephrichard@gmail.com,Herself candidate.
EMP16572,Robert Clark,HR,Intern,54675.64,2023-11-06,justinjackson@yahoo.com,Wonder any see turn.
EMP16573,Lisa Howard,HR,Analyst,54675.64,2020-01-13,craigconrad@yahoo.com,PM that collection.
EMP16574,Sherry Mason,IT,Executive,54675.64,2021-01-20,brianvalencia@gmail.com,Marriage fly side.
EMP16575,Kimberly Fleming,HR,Manager,54675.64,2022-01-17,xporter@barnes.com,Performance expect.
EMP16576,Jessica Davis,IT,Analyst,54675.64,2022-11-18,hernandezangela@gmail.com,Those ask job.
EMP16577,John Velazquez,HR,Executive,54675.64,2022-05-08,grusso@hotmail.com,Shake player away.
EMP16578,Corey Hernandez,Sales,Analyst,54675.64,2021-05-02,scottdavid@gmail.com,Hot democratic good.
EMP16579,Danny Conner,Finance,Executive,54675.64,2023-09-23,randybenton@meadows.net,Job win almost.
EMP16580,Sandra Hall,Finance,Executive,54675.64,2022-08-06,cindy40@hotmail.com,Cultural on scene.
EMP16581,Kelly Smith,IT,Analyst,54675.64,2021-12-08,qjones@novak.com,Several debate.
EMP16582,Mark Scott,HR,Manager,54675.64,2020-11-12,allisonmcmahon@wilson-lewis.info,Test although.
EMP16583,Chad Rogers,Sales,Manager,54675.64,2021-11-16,nking@hotmail.com,Another relate.
EMP16584,Patrick Potter,IT,Analyst,54675.64,2023-09-13,pearsonmichelle@woodward.com,Professor TV say.
EMP16585,Danielle Adams,Sales,Executive,54675.64,2021-09-03,mwood@thompson-dougherty.biz,Fight across.
EMP16586,Andrew Dennis,HR,Manager,54675.64,2021-07-24,wolfemolly@gmail.com,Far direction final.
EMP16587,Alexandra Harper,Finance,Executive,54675.64,2020-10-30,eric41@yahoo.com,School pull brother.
EMP16588,Jose Thompson,HR,Analyst,54675.64,2021-02-05,tranvirginia@gmail.com,Part wish far work.
EMP16589,Jesse Turner,HR,Executive,54675.64,2023-08-22,eric67@fields.com,Station together.
EMP16590,Carmen Frederick,HR,Manager,54675.64,2022-01-18,henrypayne@gmail.com,Knowledge strong.
EMP16591,Raymond Larson,Finance,Manager,54675.64,2023-05-11,lestephen@moody.com,Practice move white.
EMP16592,Joshua Wallace,Finance,Analyst,54675.64,2023-03-24,kingdaniel@yahoo.com,Reflect seem court.
EMP16593,Drew Payne,IT,Analyst,54675.64,2021-02-19,veronica81@ball-wells.com,Him morning on than.
EMP16594,Patrick Barnett,IT,Analyst,54675.64,2023-09-07,raymondwilson@hotmail.com,Seat this speak.
EMP16595,Johnny Franco,IT,Executive,54675.64,2021-07-31,cassandrabuchanan@hotmail.com,Red find which.
EMP16596,Tom Barnes,Finance,Manager,54675.64,2020-08-09,shawna58@kelly-turner.biz,Bad financial light.
EMP16597,Brianna Johnson,Finance,Analyst,54675.64,2023-09-27,hornemichael@hotmail.com,Woman sister future.
EMP16598,Christine White,HR,Manager,54675.64,2020-05-31,kmolina@gmail.com,Think rich might.
EMP16599,Mary Smith,HR,Manager,54675.64,2021-12-15,fmccarthy@yahoo.com,House attack north.
EMP16600,Jose Simon,Sales,Intern,54675.64,2021-12-31,katherine33@nelson.biz,Air sport.
EMP16601,Richard Torres,Sales,Manager,54675.64,2020-05-22,smithheather@gmail.com,Kind east grow.
EMP16602,Julie Carrillo,IT,Manager,54675.64,2022-10-04,luisanderson@gmail.com,Between ready part.
EMP16603,Mandy Perez,HR,Analyst,54675.64,2021-01-02,peckshannon@yahoo.com,Option property.
EMP16604,Michael Alexander III,HR,Analyst,54675.64,2021-03-08,elizabeth25@hotmail.com,Instead actually.
EMP16605,Karen Boyd,Sales,Executive,54675.64,2021-10-18,mcgrathvictoria@jones.biz,Than run he wife.
EMP16606,Jeffery Ellis,IT,Analyst,54675.64,2023-08-11,ghill@parks.com,Protect maybe.
EMP16607,Sara Kim DVM,HR,Manager,54675.64,2021-12-13,brandysilva@gmail.com,Both might draw.
EMP16608,Daniel Abbott,Sales,Executive,54675.64,2023-01-15,kelly61@atkins-lopez.com,Live trial admit.
EMP16609,Hailey Shaffer,IT,Executive,54675.64,2020-01-04,david23@hotmail.com,Focus kind store.
EMP16610,Gina Cisneros,IT,Analyst,54675.64,2021-03-16,mmonroe@spencer-moran.com,Answer cold.
EMP16611,Anna Taylor,IT,Intern,54675.64,2023-04-09,rossanthony@hotmail.com,Win debate.
EMP16612,Dakota Gutierrez,Sales,Intern,54675.64,2022-06-10,kochchristopher@yahoo.com,Son from fight city.
EMP16613,Gloria Glover,HR,Analyst,54675.64,2023-07-09,colleenthomas@gmail.com,Look factor image.
EMP16614,Mrs. Connie Irwin,Sales,Intern,54675.64,2022-09-12,fturner@small.com,Receive affect.
EMP16615,Nicholas Foster,HR,Manager,54675.64,2023-09-27,barbersharon@alvarado.com,Bag effort.
EMP16616,James Lucero,HR,Analyst,54675.64,2022-11-19,brooke89@gmail.com,Clearly stay night.
EMP16617,Suzanne Harris,HR,Executive,54675.64,2022-04-05,sharon06@carroll.com,Hotel sing itself a.
EMP16618,Bradley Jordan,Finance,Intern,54675.64,2020-03-26,amandahunter@yahoo.com,Interview agency.
EMP16619,Natalie Wagner,Finance,Manager,54675.64,2021-12-09,andersonmadison@yahoo.com,Home organization.
EMP16620,Jodi Schultz,Finance,Manager,54675.64,2021-02-23,ophelps@yahoo.com,All short air bank.
EMP16621,Matthew Perry,IT,Intern,54675.64,2020-10-28,tyler43@thompson.info,Debate garden page.
EMP16622,Bernard Kirk,HR,Executive,54675.64,2022-08-27,gparker@gmail.com,Clearly evidence.
EMP16623,Richard Lucas,IT,Executive,54675.64,2023-11-09,hayneskiara@yahoo.com,Husband difference.
EMP16624,Scott Ingram,Sales,Executive,54675.64,2023-06-22,todd61@hotmail.com,Friend catch.
EMP16625,Stephanie Strickland,HR,Executive,54675.64,2023-11-20,kim43@gmail.com,Probably white.
EMP16626,Aaron Mendez,Finance,Analyst,54675.64,2020-05-04,randallandrea@davis-singh.com,Baby fly know.
EMP16627,Kevin Mann,Sales,Executive,54675.64,2020-01-10,goodwinjohn@yahoo.com,Interview too learn.
EMP16628,Thomas Cervantes,Finance,Analyst,54675.64,2023-07-22,hhernandez@hotmail.com,Throughout society.
EMP16629,Timothy Williams,Sales,Executive,54675.64,2022-01-18,rbarrett@russell.com,Pressure tax crime.
EMP16630,Anthony Wong,HR,Executive,54675.64,2023-10-27,zsmith@harris.com,Threat.
EMP16631,Dennis Nicholson,HR,Executive,54675.64,2020-07-01,steven98@martin.info,Parent west support.
EMP16632,Kayla Burns,IT,Analyst,54675.64,2021-11-19,rebecca90@banks.org,Family soldier.
EMP16633,Gregory Franklin,Finance,Executive,54675.64,2023-04-21,christie32@yahoo.com,Middle although.
EMP16634,Brian Lucero,Finance,Analyst,54675.64,2023-05-22,tspencer@everett-brown.com,Study rate.
EMP16635,Taylor Lopez,HR,Manager,54675.64,2022-03-19,bondjennifer@gmail.com,Chair why man sure.
EMP16636,Melissa Vaughan,IT,Manager,54675.64,2023-04-21,susan51@hotmail.com,Trip guess.
EMP16637,George Pollard,IT,Executive,54675.64,2022-08-27,brittanyroach@jones.com,Soldier detail rock.
EMP16638,David Cox,Finance,Intern,54675.64,2021-04-02,ucruz@bennett.com,Collection beat.
EMP16639,Meghan Cooper,HR,Intern,54675.64,2021-12-19,bperez@yahoo.com,Treatment guy child.
EMP16640,Wayne Thompson,Finance,Intern,54675.64,2021-11-13,ochoarenee@rivera.biz,Wind plan majority.
EMP16641,Arthur Murphy,HR,Executive,54675.64,2021-04-09,qsimpson@bush-jones.com,Put surface.
EMP16642,Maureen Rodriguez,Finance,Executive,54675.64,2023-01-10,elliottashley@gmail.com,Low father.
EMP16643,Jeffrey Walker,HR,Executive,54675.64,2020-11-08,anthony31@turner.org,Study first.
EMP16644,Craig Reynolds,IT,Manager,54675.64,2022-03-28,osuarez@clark.org,Under long language.
EMP16645,Jennifer Serrano,IT,Analyst,54675.64,2022-08-22,donald56@jones.biz,National candidate.
EMP16646,Johnny Jones DVM,Finance,Executive,54675.64,2021-11-26,kellywood@brown.com,Design base very.
EMP16647,Kathy Moore,IT,Intern,54675.64,2021-09-13,jonathangomez@yahoo.com,Certainly respond.
EMP16648,Tracy Lewis,Finance,Manager,54675.64,2022-09-13,pcastillo@hotmail.com,Finally point.
EMP16649,Brian Burton,IT,Analyst,54675.64,2023-05-25,george08@hotmail.com,With he eye today.
EMP16650,Jessica Fletcher,Finance,Executive,54675.64,2020-04-25,randy73@hayes.net,Right word.
EMP16651,Elizabeth Coleman,IT,Intern,54675.64,2023-12-04,wjohnson@gmail.com,Which finally Mrs.
EMP16652,Heather Marsh,HR,Manager,54675.64,2023-07-26,scottmatthew@gibson-rangel.com,Oil product need.
EMP16653,Christopher Cohen,IT,Executive,54675.64,2020-03-27,jandrews@kerr.biz,The like concern.
EMP16654,Sabrina Rodriguez,HR,Intern,54675.64,2023-01-21,pwilson@jackson-johnson.com,Man listen bag late.
EMP16655,Christopher Wilson,IT,Executive,54675.64,2023-06-02,sandersmia@eaton.info,Executive store.
EMP16656,Thomas Smith,IT,Manager,54675.64,2023-08-31,ltyler@guzman-decker.com,Face ahead game.
EMP16657,Susan Kim,HR,Executive,54675.64,2020-09-11,lauramathis@griffith-cervantes.org,Keep true develop.
EMP16658,Darrell Jacobs,Sales,Executive,54675.64,2022-10-10,hornnatalie@hotmail.com,Tax value second.
EMP16659,Donna Smith,Finance,Manager,54675.64,2023-07-21,anthonyrojas@gmail.com,Create at political.
EMP16660,Jennifer Davis,Sales,Executive,54675.64,2020-11-22,richard18@hotmail.com,Question along.
EMP16661,Alice Gonzalez,IT,Analyst,54675.64,2020-08-11,kwoods@thompson.org,Foot oil company.
EMP16662,Emily Cook,Finance,Intern,54675.64,2022-09-27,feliciapatton@yahoo.com,Church deep with.
EMP16663,William Ramos,Finance,Executive,54675.64,2020-05-15,wrightkristen@hotmail.com,Start possible need.
EMP16664,Luke Patrick,Finance,Manager,54675.64,2022-09-07,williamskathryn@phillips.com,Beyond ever.
EMP16665,Ashley Harvey,Finance,Executive,54675.64,2020-12-27,chiggins@arnold.com,North process hot.
EMP16666,Michael Williams,HR,Intern,54675.64,2023-07-20,bailey88@yahoo.com,Color two day any.
EMP16667,Theresa Nelson,Sales,Executive,54675.64,2023-12-11,dwhite@gmail.com,Lay year data.
EMP16668,Brian Ibarra,Sales,Executive,54675.64,2021-07-31,jameslambert@smith-gutierrez.org,There leader.
EMP16669,Dr. Harry Gilmore,HR,Intern,54675.64,2023-04-26,collinswilliam@hotmail.com,Physical too.
EMP16670,Kyle Rivera,Sales,Intern,54675.64,2022-09-22,michaelwebb@yahoo.com,Number protect.
EMP16671,Alexis Hancock,IT,Analyst,54675.64,2023-07-25,laurie18@moran.com,Thank those day.
EMP16672,Jennifer Carroll,Finance,Executive,54675.64,2022-11-21,glenperez@gmail.com,Talk soldier but.
EMP16673,Walter Lopez,IT,Manager,54675.64,2022-10-05,steven00@yahoo.com,Source color modern.
EMP16674,Amy Ramirez,IT,Manager,54675.64,2021-02-12,tcompton@gmail.com,Dinner list police.
EMP16675,Maria Fox,Sales,Manager,54675.64,2022-01-22,mendozaglen@hotmail.com,Figure rather rich.
EMP16676,Christopher Drake,HR,Manager,54675.64,2020-05-15,jasonhumphrey@hotmail.com,Method finally.
EMP16677,Jerry Thomas,HR,Intern,54675.64,2022-12-22,jordanzachary@yahoo.com,International large.
EMP16678,Kristy Anderson,IT,Executive,54675.64,2020-07-27,kevinperry@yahoo.com,Successful treat.
EMP16679,Harold Andrade,Finance,Analyst,54675.64,2020-02-09,edgar25@ferguson-gonzalez.com,Collection order TV.
EMP16680,Mario Nguyen,IT,Manager,54675.64,2021-05-28,csmith@beck.org,Present treatment.
EMP16681,Kelly Barber,Finance,Intern,54675.64,2022-09-25,dannyreed@carter.com,Surface free.
EMP16682,Luke Brown,Finance,Executive,54675.64,2023-06-17,cwhite@jefferson.com,Cultural music road.
EMP16683,Laurie Carr,IT,Intern,54675.64,2022-01-22,michaelmartinez@gmail.com,Hundred company.
EMP16684,Ashley Ortiz,IT,Analyst,54675.64,2021-06-26,richard96@lin.com,Pass man reflect.
EMP16685,Connor Stevens,Sales,Analyst,54675.64,2021-08-02,fcardenas@yahoo.com,Company form six.
EMP16686,Roger Woods,Finance,Manager,54675.64,2023-06-11,johnsonsteven@blackburn.com,Structure few.
EMP16687,Desiree Barron,IT,Executive,54675.64,2020-12-11,frandolph@mosley-morton.org,Easy commercial sea.
EMP16688,Daniel Miller,Sales,Executive,54675.64,2023-11-17,baileymaria@hotmail.com,Call indeed.
EMP16689,Cynthia Gutierrez,Finance,Intern,54675.64,2022-09-17,williamsnicole@yahoo.com,Behind think.
EMP16690,Tammy Lee,IT,Intern,54675.64,2022-10-30,upowell@hotmail.com,Some center soldier.
EMP16691,Brianna Williams,Finance,Intern,54675.64,2020-02-20,rachel52@yahoo.com,Determine manage.
EMP16692,Jacob Jarvis,Finance,Executive,54675.64,2023-04-10,millerlouis@gonzalez.biz,Natural respond.
EMP16693,Gerald Murphy,HR,Executive,54675.64,2022-11-15,qhunt@perez-nelson.biz,Guess offer involve.
EMP16694,Reginald Vasquez,Sales,Manager,54675.64,2023-05-11,nicoledavis@hotmail.com,Trouble medical.
EMP16695,Bobby Adams,HR,Analyst,54675.64,2023-09-20,perrymooney@abbott.com,Final region but.
EMP16696,Mary Griffith,HR,Analyst,54675.64,2022-08-31,gtaylor@walker.com,Improve article us.
EMP16697,Donald Sullivan,HR,Manager,54675.64,2022-01-17,joshuamoore@gmail.com,Act choice every.
EMP16698,Douglas Hernandez,IT,Analyst,54675.64,2022-10-16,hchapman@coleman.com,Few successful also.
EMP16699,Mark Smith,HR,Analyst,54675.64,2022-10-07,matthewrandolph@daniel-joyce.com,Form message blue.
EMP16700,David Torres,HR,Intern,54675.64,2022-07-05,donnaleblanc@gmail.com,Relationship full.
EMP16701,Paul Atkins,Finance,Manager,54675.64,2021-09-11,cruzmitchell@gmail.com,Threat article.
EMP16702,Christopher Fields,HR,Manager,54675.64,2020-01-30,nicolerodriguez@hotmail.com,Three discover.
EMP16703,Shaun Caldwell,Finance,Analyst,54675.64,2021-12-11,stacyjackson@schroeder.com,Idea approach.
EMP16704,Rachel Morales,Sales,Manager,54675.64,2020-08-16,jerrymiller@yahoo.com,Would not property.
EMP16705,Ann Huynh,Finance,Intern,54675.64,2021-08-14,amandadavis@yahoo.com,Structure feeling.
EMP16706,Scott Bennett,IT,Intern,54675.64,2023-02-20,lisa12@hotmail.com,Billion reality.
EMP16707,Logan Jacobson,HR,Executive,54675.64,2020-08-22,shannon23@foley.com,Bank remember yeah.
EMP16708,Kimberly White DDS,IT,Executive,54675.64,2023-01-12,anita75@yahoo.com,Us hospital over.
EMP16709,Jennifer Cooper,Sales,Intern,54675.64,2021-09-16,rallen@hotmail.com,Former college.
EMP16710,Amber Choi,IT,Intern,54675.64,2022-05-19,swilliams@hotmail.com,Year former six.
EMP16711,John Wilson,Finance,Analyst,54675.64,2020-12-05,jacobpowell@williams.biz,Party economic.
EMP16712,Hunter Cross,HR,Manager,54675.64,2022-04-17,brendamiller@yahoo.com,Affect tell form.
EMP16713,Jacob Reeves,Finance,Executive,54675.64,2022-05-25,jeffrey54@burnett-robinson.com,Create good.
EMP16714,Kelly Gonzalez,IT,Intern,54675.64,2021-09-07,kennethcollins@yahoo.com,Material send miss.
EMP16715,Brenda Phillips,Finance,Manager,54675.64,2021-10-21,xhuff@yahoo.com,Ground exist.
EMP16716,Mr. Richard Davis,IT,Intern,54675.64,2023-05-05,meganallen@english.com,Sell region method.
EMP16717,Diana Santiago,IT,Intern,54675.64,2023-05-11,erikaschmidt@lin.net,Wide short week be.
EMP16718,Natalie Mejia,IT,Intern,54675.64,2023-02-27,pmcintyre@yahoo.com,According raise.
EMP16719,Kimberly Gibbs,IT,Analyst,54675.64,2021-10-09,todd04@yahoo.com,Board leader.
EMP16720,Joshua Clay,Sales,Analyst,54675.64,2022-03-18,gonzalezgabriel@hotmail.com,Respond learn.
EMP16721,Lauren Garcia,HR,Manager,54675.64,2023-01-27,alexanderwillis@kelly-thomas.org,Sport work hear.
EMP16722,Virginia Cook,Finance,Manager,54675.64,2022-11-19,tortiz@daniel.com,Statement painting.
EMP16723,Sherry Johnson,Finance,Manager,54675.64,2021-01-19,ureed@hotmail.com,Eye seem bag feel.
EMP16724,Tiffany Anderson,Finance,Executive,54675.64,2020-07-15,rachelwright@wilson-burton.com,Leave pass well.
EMP16725,Eddie Bean,IT,Analyst,54675.64,2020-03-04,codythomas@hansen.net,Her us road cell.
EMP16726,Jimmy Carpenter,IT,Analyst,54675.64,2020-02-05,luke37@gmail.com,Keep personal care.
EMP16727,Terry Manning MD,HR,Executive,54675.64,2021-08-13,christinerobertson@gonzalez-garrett.biz,Social that animal.
EMP16728,Gregory Hill,HR,Executive,54675.64,2021-11-19,robertselizabeth@yahoo.com,Record main food.
EMP16729,Caitlin Harrison,HR,Executive,54675.64,2020-03-21,leemorrow@hotmail.com,Purpose same arm.
EMP16730,Crystal Escobar,Finance,Analyst,54675.64,2021-06-19,stephanie93@hotmail.com,Girl language boy.
EMP16731,David Smith,HR,Manager,54675.64,2021-09-10,margaretmarquez@gmail.com,Sign role sing.
EMP16732,Sheri Gibson,IT,Manager,54675.64,2022-01-21,russellpaige@gmail.com,Control fine staff.
EMP16733,Kevin Young,HR,Analyst,54675.64,2022-01-20,leachana@hotmail.com,Prove soldier prove.
EMP16734,Jennifer Hart,Sales,Intern,54675.64,2021-01-13,kent94@myers-davis.net,Walk garden easy.
EMP16735,Matthew Schneider,IT,Analyst,54675.64,2021-08-11,josephhill@little-perez.net,Skin miss must why.
EMP16736,Jerry Brown,Sales,Manager,54675.64,2022-03-04,linda71@hotmail.com,Officer world.
EMP16737,Christopher Foster,HR,Executive,54675.64,2022-03-25,johnwhite@white-johnson.com,Media without than.
EMP16738,Erin Rogers,Sales,Intern,54675.64,2023-06-11,munozalexander@yahoo.com,Phone ask idea.
EMP16739,Paul Rogers,IT,Executive,54675.64,2023-04-03,karen35@gmail.com,Key indicate sell.
EMP16740,Julia Smith,Finance,Analyst,54675.64,2020-04-16,daniel86@martin.org,Federal yourself.
EMP16741,Michael Ross,IT,Analyst,54675.64,2021-03-29,raymondwalker@hotmail.com,Bar network table.
EMP16742,Sydney Lane,IT,Analyst,54675.64,2023-07-14,jonathanflores@gmail.com,Kind drive stand.
EMP16743,Jeremiah Hoover,IT,Intern,54675.64,2023-04-13,vickiwest@hotmail.com,Main happy cup.
EMP16744,Oscar Rangel,Sales,Analyst,54675.64,2022-04-09,kanetimothy@gmail.com,Us reveal situation.
EMP16745,Christopher Roberts,IT,Manager,54675.64,2020-11-27,iluna@evans.com,Window market top.
EMP16746,Kyle Grant,IT,Intern,54675.64,2021-01-24,annreed@gmail.com,Lay most him study.
EMP16747,Tammy Dixon,IT,Manager,54675.64,2022-09-29,edwardsstacey@fleming.com,Bar skill reason.
EMP16748,Kristen Vega,HR,Analyst,54675.64,2023-12-14,rodriguezjennifer@fletcher.com,Green affect.
EMP16749,Richard Cross,Sales,Manager,54675.64,2021-03-21,ygarcia@yahoo.com,Yeah college doctor.
EMP16750,Robert Burton,HR,Executive,54675.64,2020-11-11,lschwartz@waller-mckinney.info,Member yourself.
EMP16751,Anthony Johnson,IT,Executive,54675.64,2022-09-28,mbrooks@zavala.biz,Involve always of.
EMP16752,Vincent Myers,HR,Analyst,54675.64,2023-09-20,ojohnston@zamora.com,Health energy.
EMP16753,Laura Schaefer,Finance,Executive,54675.64,2022-03-14,rose49@lee-holmes.com,Push line bank.
EMP16754,Joseph Riggs,IT,Analyst,54675.64,2023-09-13,michaelwhitney@everett-york.com,Organization summer.
EMP16755,Karen Johnson,HR,Manager,54675.64,2023-09-29,zsmith@brock-reed.biz,War become often.
EMP16756,Carol Harris,IT,Intern,54675.64,2023-03-28,kevin08@hotmail.com,Whatever turn.
EMP16757,Erin Roberts,Finance,Analyst,54675.64,2021-11-10,michael84@hotmail.com,Meeting anything.
EMP16758,Tami Fowler,IT,Executive,54675.64,2022-12-19,mcgeeamanda@hotmail.com,Some state stuff.
EMP16759,Dominique Lopez,IT,Intern,54675.64,2021-01-31,xbaker@hotmail.com,Pass onto company.
EMP16760,Mr. Paul Jones Jr.,HR,Analyst,54675.64,2021-04-24,guzmanheidi@farley.net,Smile conference.
EMP16761,James Walters Jr.,IT,Intern,54675.64,2022-01-16,thompsondavid@hotmail.com,Through raise.
EMP16762,Daniel Jenkins,Finance,Manager,54675.64,2021-07-02,eric83@allison.com,Itself town if.
EMP16763,Alison Carlson,Finance,Manager,54675.64,2023-06-28,michaelhampton@gmail.com,Fine reveal to.
EMP16764,William Marshall,HR,Intern,54675.64,2020-03-01,laura41@jackson.com,Field while bring.
EMP16765,Michael Lucas,IT,Analyst,54675.64,2021-10-19,jdelacruz@adams.com,Movement.
EMP16766,Christina Garcia,Sales,Intern,54675.64,2022-09-12,qsantos@swanson-chapman.com,Tonight suggest.
EMP16767,Jon Fleming,IT,Executive,54675.64,2021-02-05,jennifer24@yahoo.com,Particular green.
EMP16768,Shannon Garza,Sales,Analyst,54675.64,2020-11-05,andrew65@williams.com,Nature professional.
EMP16769,Catherine Woods,IT,Intern,54675.64,2023-11-02,tarastark@yahoo.com,Realize almost.
EMP16770,Patricia Carter,Finance,Analyst,54675.64,2023-08-03,ynguyen@yahoo.com,Fund hour yard two.
EMP16771,Andrew Perez,Finance,Executive,54675.64,2023-09-25,ldiaz@gmail.com,Either hot student.
EMP16772,Mark Ward,IT,Analyst,54675.64,2022-05-09,ethomas@noble.net,Everyone near fine.
EMP16773,Colton King,IT,Intern,54675.64,2022-08-25,yperry@brown.com,Boy movement smile.
EMP16774,Bobby Webb,Finance,Intern,54675.64,2022-08-11,kburnett@king-schultz.com,Take site indeed.
EMP16775,Craig Johnson,IT,Intern,54675.64,2022-06-14,patrickwatson@hotmail.com,Indicate inside.
EMP16776,Lisa Aguilar,IT,Manager,54675.64,2023-05-18,ibennett@hotmail.com,Officer by member.
EMP16777,Jason Ferguson,HR,Manager,54675.64,2023-10-07,gjackson@gmail.com,Sound fly.
EMP16778,Lauren Holland,HR,Executive,54675.64,2022-08-06,kyle77@hotmail.com,Capital theory.
EMP16779,Alexis Brown,HR,Manager,54675.64,2020-03-02,pagesara@hotmail.com,Education ready.
EMP16780,Charles Nelson,Sales,Manager,54675.64,2023-01-07,dlopez@yahoo.com,To way meeting.
EMP16781,Justin Hurst,Finance,Executive,54675.64,2020-09-19,meganrodriguez@gmail.com,Gun public various.
EMP16782,Cynthia Bailey,IT,Analyst,54675.64,2022-05-29,pgarcia@oliver-adams.net,Still arrive early.
EMP16783,Brittany Nelson,Finance,Analyst,54675.64,2023-03-28,jeanbauer@yahoo.com,Edge other him.
EMP16784,James Tucker,IT,Executive,54675.64,2020-09-11,mitchellduane@yahoo.com,Plan spend college.
EMP16785,Tiffany Wallace,IT,Executive,54675.64,2022-05-13,samanthafischer@gray.biz,Ready well itself.
EMP16786,Eric Clark,Finance,Intern,54675.64,2020-02-09,tclay@hotmail.com,Throw could term on.
EMP16787,Miss Samantha Hill,Sales,Analyst,54675.64,2020-12-04,nunezandrew@hotmail.com,Agent station.
EMP16788,Jonathan Gregory,Sales,Manager,54675.64,2022-09-26,ogarcia@yahoo.com,Suffer in some yes.
EMP16789,Kimberly Vincent,Sales,Intern,54675.64,2020-03-20,erica82@stevens.com,Only upon according.
EMP16790,Stephanie Hartman,Sales,Analyst,54675.64,2020-07-11,matthewmoreno@vaughn.com,Gun physical.
EMP16791,Angela Howard,HR,Manager,54675.64,2020-01-25,wardmatthew@baker.net,Account federal.
EMP16792,Danielle Mason,Finance,Manager,54675.64,2023-08-11,carterdenise@yahoo.com,Idea either lose.
EMP16793,Jonathon Wilson,Sales,Executive,54675.64,2023-03-29,cartervincent@gmail.com,Production will.
EMP16794,Kristi Serrano,Sales,Manager,54675.64,2022-02-14,brittany77@gmail.com,Expert while.
EMP16795,Alexa White,Sales,Executive,54675.64,2021-10-14,rayholly@dalton.net,Key yeah type group.
EMP16796,Breanna Cook,Sales,Manager,54675.64,2023-05-02,pennyharding@dominguez-jenkins.com,Site movement us.
EMP16797,Scott Adams,HR,Analyst,54675.64,2022-05-26,ehunter@gmail.com,Doctor subject.
EMP16798,Richard Anderson,IT,Manager,54675.64,2022-07-12,nliu@gmail.com,Camera task beat.
EMP16799,Erin Houston,Sales,Analyst,54675.64,2021-05-30,anthonynorman@gmail.com,And continue poor.
EMP16800,Kathryn Meyer,HR,Executive,54675.64,2023-07-26,alexandermichelle@gmail.com,Machine meeting.
EMP16801,John White,HR,Intern,54675.64,2023-08-06,charleslewis@yahoo.com,Recognize floor.
EMP16802,Abigail Brown,HR,Executive,54675.64,2021-08-28,iwalker@bowers-rodriguez.com,Experience phone.
EMP16803,Nicholas Hogan,IT,Intern,54675.64,2023-04-24,lcunningham@yahoo.com,Shake condition.
EMP16804,Scott Washington,Finance,Manager,54675.64,2020-11-24,lopezlisa@martin.com,Onto long position.
EMP16805,Jason Hughes,Sales,Analyst,54675.64,2023-07-22,barkerjose@lewis.com,Fire much exist.
EMP16806,Christine Marshall,IT,Manager,54675.64,2021-06-08,kwilson@larsen.info,Machine lay month.
EMP16807,Benjamin Rojas PhD,HR,Executive,54675.64,2023-09-13,courtney37@morris.biz,Law understand.
EMP16808,Richard Bush,IT,Analyst,54675.64,2020-12-31,adkinsjessica@hotmail.com,Enter believe.
EMP16809,Brianna Ballard,Finance,Executive,54675.64,2022-10-25,susangreen@norris.com,Yeah various family.
EMP16810,Jacob Montes,HR,Intern,54675.64,2022-10-04,perrytimothy@campbell.info,Recognize on single.
EMP16811,Theresa Long,Finance,Executive,54675.64,2021-04-19,oflores@gmail.com,Trial per product.
EMP16812,Kelly Miller,Finance,Manager,54675.64,2023-12-17,michael05@morris.biz,Your choose could.
EMP16813,Kelly Rojas,HR,Manager,54675.64,2023-10-31,caseycody@hotmail.com,Value produce walk.
EMP16814,Joseph Castaneda,Sales,Manager,54675.64,2023-03-19,courtneyrocha@sweeney.com,Same plan store.
EMP16815,James Harris,Finance,Intern,54675.64,2023-11-30,dustinevans@anderson.com,Little we unit.
EMP16816,Sarah Bennett,HR,Manager,54675.64,2022-02-11,sandra38@hotmail.com,Major space image.
EMP16817,Jason Meyer,IT,Executive,54675.64,2021-03-21,leslie13@hotmail.com,Course short rate.
EMP16818,Lauren Wilson,IT,Intern,54675.64,2023-12-30,wallgregory@hill.info,Soon we degree.
EMP16819,Natalie Torres,Finance,Executive,54675.64,2023-12-17,leonard87@yahoo.com,Organization fire.
EMP16820,Tyler Little,HR,Analyst,54675.64,2022-03-04,odixon@gmail.com,Artist tell.
EMP16821,Elizabeth Jones,Finance,Manager,54675.64,2020-04-26,michael15@butler.com,Lot none deep.
EMP16822,James Woods MD,Sales,Analyst,54675.64,2023-02-22,privera@yahoo.com,Girl level should.
EMP16823,Sarah Davis,IT,Manager,54675.64,2021-01-30,tarafrazier@salazar.biz,Box national change.
EMP16824,Katie Bell,Sales,Intern,54675.64,2023-10-07,ryan42@yahoo.com,Town table bill.
EMP16825,Maria Mack,Finance,Intern,54675.64,2021-01-23,christopher61@gmail.com,Worry thought bill.
EMP16826,Gabrielle Caldwell,Sales,Analyst,54675.64,2021-09-03,alexanderspence@hotmail.com,Research kid camera.
EMP16827,Christian Frye,Sales,Analyst,54675.64,2022-01-28,charlesweber@gmail.com,Walk enter writer.
EMP16828,Valerie Lozano,Finance,Manager,54675.64,2021-03-10,cooperchristopher@patton.biz,Good explain oil.
EMP16829,Thomas Moyer,Finance,Intern,54675.64,2023-06-13,shannon01@gmail.com,Nice right often.
EMP16830,Tiffany James,Finance,Manager,54675.64,2020-12-24,cgarcia@franklin.com,Choose usually upon.
EMP16831,Jason Flores,Sales,Executive,54675.64,2022-09-05,joelturner@yahoo.com,Door mission wear.
EMP16832,Crystal Newman,HR,Executive,54675.64,2022-03-03,callahannicole@hotmail.com,Concern cell both.
EMP16833,James Green,HR,Manager,54675.64,2021-10-25,fhunter@gmail.com,Couple describe.
EMP16834,Carl Jenkins,HR,Manager,54675.64,2023-04-22,ugibson@cunningham.com,Mrs thank why.
EMP16835,Crystal Brown,Sales,Manager,54675.64,2020-10-01,davidjoseph@yahoo.com,Mission skill.
EMP16836,Dr. Jason Bryant Jr.,IT,Manager,54675.64,2022-05-12,redwards@sawyer.org,Throw move end.
EMP16837,Matthew Martin,IT,Analyst,54675.64,2021-08-30,teresahunter@lee-watkins.com,One mouth ball.
EMP16838,Joshua Lynn,Finance,Analyst,54675.64,2023-05-13,malikmason@mayer.com,Four continue foot.
EMP16839,Julie Reyes,HR,Analyst,54675.64,2020-02-15,kathybrandt@barber.com,Perhaps point.
EMP16840,Kyle Avery MD,IT,Analyst,54675.64,2023-04-27,gardnerstephanie@hotmail.com,Prove seem top yet.
EMP16841,Patrick Bernard,HR,Executive,54675.64,2021-08-05,bernardriley@hotmail.com,Out really claim.
EMP16842,Audrey Goodman,Sales,Manager,54675.64,2022-12-04,rvazquez@moreno.com,None step admit.
EMP16843,Michael Martinez,Finance,Analyst,54675.64,2021-12-28,yberry@gmail.com,Drive set father.
EMP16844,Marie Wells,Finance,Analyst,54675.64,2021-09-24,asmith@gmail.com,Company message.
EMP16845,Rachel Briggs,Finance,Intern,54675.64,2021-03-05,smithsarah@yahoo.com,Clear drive safe he.
EMP16846,Stephanie Foster,Finance,Intern,54675.64,2022-11-06,laurenday@hotmail.com,Source wear choose.
EMP16847,Jeffrey Kelly,Finance,Manager,54675.64,2023-11-23,catherinecarlson@jackson-bishop.com,Suggest let night.
EMP16848,Michael Roberts,Finance,Analyst,54675.64,2020-11-24,robertsonnicholas@yahoo.com,Especially action.
EMP16849,David Morris,Finance,Analyst,54675.64,2022-12-09,michelewerner@hotmail.com,Simply once I huge.
EMP16850,April Francis,HR,Executive,54675.64,2023-10-30,mariahaley@wong.com,Side live feel.
EMP16851,Julie Meyer,IT,Analyst,54675.64,2021-10-12,porterjustin@yahoo.com,Field hundred.
EMP16852,Nicholas Miller,HR,Manager,54675.64,2021-11-12,schmidtjohn@hotmail.com,Bank although major.
EMP16853,Cynthia Curtis,HR,Intern,54675.64,2021-08-28,pamelacruz@hotmail.com,Know line thought.
EMP16854,Stephen Hernandez,IT,Intern,54675.64,2023-05-21,maryhancock@smith.com,Decision letter.
EMP16855,Jeffrey Moore,HR,Analyst,54675.64,2022-10-17,pittmanmary@bell.biz,Fire street picture.
EMP16856,Mrs. Elizabeth Ramsey,Finance,Executive,54675.64,2022-07-27,meagancarey@gmail.com,Memory or stuff its.
EMP16857,James Matthews,HR,Executive,54675.64,2020-02-04,wilsonandrew@hotmail.com,Show performance.
EMP16858,Melinda Johnson,Finance,Manager,54675.64,2020-02-28,david89@byrd.com,Party kid painting.
EMP16859,Tina Hutchinson,IT,Executive,54675.64,2022-10-19,williamserica@gmail.com,Weight order.
EMP16860,Miguel Hart,HR,Analyst,54675.64,2021-10-13,whitekimberly@contreras.com,But thank see offer.
EMP16861,Sandra Best,Sales,Manager,54675.64,2022-08-26,dannycole@bender-watson.com,Radio voice theory.
EMP16862,Briana Miller,HR,Analyst,54675.64,2021-06-07,gregory71@hotmail.com,Piece many media.
EMP16863,Theresa Sullivan MD,IT,Manager,54675.64,2021-06-23,brichard@yahoo.com,Scientist new.
EMP16864,Michelle Nelson,Sales,Executive,54675.64,2022-01-02,markgardner@kim-ford.org,Continue play.
EMP16865,Kimberly Brown,Finance,Executive,54675.64,2022-05-26,kramerelizabeth@reyes.com,Policy above buy.
EMP16866,Jody Jones,Sales,Analyst,54675.64,2022-05-16,arthur55@warren-delgado.com,Term family pick.
EMP16867,Yvonne Jenkins,Finance,Intern,54675.64,2022-03-07,jessica66@gmail.com,Firm special.
EMP16868,Nicole Mcdonald,IT,Executive,54675.64,2021-01-10,bobbytrevino@yahoo.com,Society himself.
EMP16869,Anthony Park,Finance,Intern,54675.64,2023-02-25,xsmith@yahoo.com,Painting pay oil.
EMP16870,Tristan Nguyen,IT,Analyst,54675.64,2022-03-24,shellysolis@flores.com,Cultural open price.
EMP16871,Lauren Duncan,HR,Executive,54675.64,2023-05-28,johnsonmichael@rivera.org,Ability although.
EMP16872,Peter Zimmerman,Sales,Executive,54675.64,2020-07-11,murraykenneth@hogan-woodard.org,Would picture.
EMP16873,Jacob Jackson,Sales,Intern,54675.64,2022-03-07,katiefarmer@gonzalez.com,But school choice.
EMP16874,Amy Ortiz,Sales,Analyst,54675.64,2022-12-11,karen89@mullen.com,Tax instead certain.
EMP16875,Gene Lopez,Finance,Intern,54675.64,2021-06-01,hughesamber@hotmail.com,Exactly structure.
EMP16876,Erica Clements,IT,Executive,54675.64,2023-04-03,paulhubbard@yahoo.com,Produce commercial.
EMP16877,Anthony Moore,HR,Manager,54675.64,2022-07-06,robert51@yahoo.com,Popular federal.
EMP16878,Kara Jackson,IT,Executive,54675.64,2023-07-10,briancantu@gomez.com,Of sign defense six.
EMP16879,David Maxwell,Sales,Intern,54675.64,2021-01-19,richard03@yahoo.com,Develop door trial.
EMP16880,Michael Davis,Finance,Manager,54675.64,2021-08-11,daniellecalhoun@hill.com,Energy allow.
EMP16881,Joseph Harrington,HR,Intern,54675.64,2023-04-14,ffoster@yahoo.com,Difficult explain.
EMP16882,Jeff Jones,HR,Manager,54675.64,2023-12-29,rogerslori@sullivan-meyer.com,Age marriage sign.
EMP16883,Maureen Franco,Finance,Manager,54675.64,2023-06-13,parkerjoshua@golden.biz,Middle nearly other.
EMP16884,Sophia Choi,IT,Intern,54675.64,2020-05-21,phillipschristopher@gmail.com,Any student.
EMP16885,Kimberly Davis,Finance,Intern,54675.64,2020-11-30,coreyflores@gmail.com,Night take ever.
EMP16886,Denise Moore,Sales,Manager,54675.64,2022-02-05,jaredharris@jenkins.biz,Interest general.
EMP16887,Amber Mitchell,Sales,Manager,54675.64,2021-02-28,nicolecox@cruz-harris.net,Light husband first.
EMP16888,Lisa Sanchez DDS,Sales,Executive,54675.64,2021-12-08,freemanbryan@hotmail.com,Together letter.
EMP16889,Courtney Jackson,HR,Intern,54675.64,2023-06-19,crystalmoore@gmail.com,Candidate chair.
EMP16890,Lisa Johnson,Sales,Executive,54675.64,2020-04-16,valdezbenjamin@wagner-clark.com,Form for read.
EMP16891,Bradley Cox,IT,Analyst,54675.64,2021-12-25,beverett@chambers.com,Mouth cultural.
EMP16892,Joseph Gonzales,HR,Intern,54675.64,2022-06-05,mpruitt@hotmail.com,Subject simply.
EMP16893,Debra Gentry,IT,Analyst,54675.64,2021-08-19,powersheather@robbins.com,Wind life effort.
EMP16894,Brenda Wade,HR,Analyst,54675.64,2021-03-21,cflowers@smith.com,White them claim.
EMP16895,Danielle Joseph,IT,Intern,54675.64,2023-08-29,jasonscott@rodriguez.com,Never sit according.
EMP16896,Samuel Christensen,Sales,Analyst,54675.64,2023-03-11,jameskrista@gmail.com,Rule thousand.
EMP16897,Carolyn Koch,HR,Manager,54675.64,2022-04-13,yhardy@buchanan.com,Understand despite.
EMP16898,Kevin Frazier,IT,Executive,54675.64,2020-03-15,matthewsmith@gmail.com,Leader specific.
EMP16899,James Robles,HR,Manager,54675.64,2021-08-12,thomas29@jacobson.com,Prove set produce.
EMP16900,Tammy Williams,HR,Analyst,54675.64,2021-03-06,keith84@hotmail.com,Leave successful.
EMP16901,Miguel Garcia,Sales,Manager,54675.64,2023-04-27,ortizcaroline@marshall.com,Throughout upon nor.
EMP16902,Mr. Andrew Morgan,HR,Intern,54675.64,2020-12-05,vferguson@huynh.com,High report shake.
EMP16903,Christine Hooper,Finance,Analyst,54675.64,2020-08-14,joelgallegos@yahoo.com,Lose strategy.
EMP16904,Jill Perez,IT,Intern,54675.64,2023-07-30,kelly49@fitzpatrick.com,Chair dog kind.
EMP16905,Tara Matthews,Finance,Analyst,54675.64,2021-11-19,gamblechristopher@preston-chaney.com,Less none discuss.
EMP16906,Curtis Barnett,HR,Analyst,54675.64,2021-08-05,kevinlynch@tanner.info,Knowledge success.
EMP16907,Manuel Paul,IT,Intern,54675.64,2023-12-23,christina67@chavez.com,Report about body.
EMP16908,Rebecca Barnes,Finance,Analyst,54675.64,2020-09-13,ashley23@hotmail.com,Student subject.
EMP16909,Elizabeth Allen,Finance,Executive,54675.64,2023-08-10,qzamora@carson.com,Back great why.
EMP16910,Roy White,Sales,Intern,54675.64,2023-11-25,lauramunoz@powell.com,Serve travel almost.
EMP16911,Michael Jones,Finance,Analyst,54675.64,2022-09-24,shellyhines@yahoo.com,Space may since.
EMP16912,Heather Green,HR,Executive,54675.64,2020-12-21,jperez@hotmail.com,Worry section.
EMP16913,Tim Weeks,IT,Executive,54675.64,2023-12-16,brian58@mccarty.net,Perhaps carry order.
EMP16914,Hector Martin,HR,Analyst,54675.64,2020-05-08,johnsonnatalie@yahoo.com,Mention make.
EMP16915,Isabella Thompson,Finance,Executive,54675.64,2022-06-15,annettearmstrong@yahoo.com,Consider body.
EMP16916,Joseph Keller,HR,Analyst,54675.64,2021-10-31,john21@caldwell.com,Laugh Mrs fine push.
EMP16917,Christopher Brandt,Finance,Analyst,54675.64,2022-10-27,judy70@hotmail.com,Term tell.
EMP16918,Joshua Perez,Sales,Analyst,54675.64,2023-10-18,melissarichardson@hurley-hunter.biz,Fear third sure.
EMP16919,Tiffany Campbell,HR,Analyst,54675.64,2022-12-03,meganharris@hotmail.com,Popular production.
EMP16920,David Williams,HR,Executive,54675.64,2022-08-26,wevans@yahoo.com,Among sometimes.
EMP16921,Jamie Butler,Sales,Manager,54675.64,2021-06-08,cindy36@hotmail.com,Reveal many great.
EMP16922,Joshua Jones,HR,Intern,54675.64,2022-03-17,allisonaaron@gmail.com,Sport how form.
EMP16923,Elizabeth Reilly,Finance,Manager,54675.64,2022-09-11,mccormickcourtney@hotmail.com,Rule fill her heavy.
EMP16924,Jose Smith,Sales,Analyst,54675.64,2022-10-25,vaughnshelley@gmail.com,Road back here.
EMP16925,Ronald Joyce,HR,Analyst,54675.64,2023-02-09,edwardstricia@hotmail.com,Treatment first.
EMP16926,Kristy Soto,Finance,Analyst,54675.64,2021-07-17,robinsonerin@hotmail.com,Lay character.
EMP16927,Abigail Cortez,Finance,Manager,54675.64,2021-02-12,javila@yahoo.com,People decision.
EMP16928,Breanna Morris,IT,Intern,54675.64,2022-06-26,johnsoncharles@yahoo.com,Hot shoulder skill.
EMP16929,Christina Davis,IT,Manager,54675.64,2022-09-12,bernardjohnson@yahoo.com,Collection.
EMP16930,Daniel Jefferson,IT,Intern,54675.64,2023-11-09,browndanny@harris.org,Information often.
EMP16931,Aaron Wilson,Sales,Analyst,54675.64,2021-04-28,copelandamanda@boyer-lee.biz,Will ball despite.
EMP16932,Lindsay Johnson DDS,Finance,Executive,54675.64,2020-06-25,chensarah@carter.biz,Sure despite.
EMP16933,Taylor Nash,Sales,Executive,54675.64,2022-08-20,jjimenez@bowman.com,Child outside.
EMP16934,Kevin Garner,Sales,Manager,54675.64,2021-06-17,astark@jackson.com,Dark trade father.
EMP16935,Kathryn Mendez,Sales,Executive,54675.64,2021-01-04,ifleming@gmail.com,Appear western.
EMP16936,William Reed,Sales,Executive,54675.64,2022-09-26,dawn90@gmail.com,Success result.
EMP16937,Cynthia Morris,Sales,Intern,54675.64,2021-04-13,seth16@yahoo.com,Air gun hard.
EMP16938,Randall Smith,HR,Analyst,54675.64,2022-06-15,garciashaun@stewart-white.com,Model husband.
EMP16939,Kelly Henderson,IT,Executive,54675.64,2022-07-11,kaitlinramirez@mills-pena.com,Month large.
EMP16940,Jacob Mills,Sales,Analyst,54675.64,2022-02-08,dakotawang@evans.biz,Sense baby ago.
EMP16941,Brenda Baker,HR,Analyst,54675.64,2023-11-01,wriley@jones.com,Tell practice face.
EMP16942,Phyllis Harper,HR,Analyst,54675.64,2020-12-14,jasminehanson@taylor.biz,Field bag later.
EMP16943,Andrew Johnston,Finance,Analyst,54675.64,2022-09-28,collinjones@hotmail.com,Factor identify.
EMP16944,Jack Collins,Sales,Executive,54675.64,2023-08-14,wramos@smith-pruitt.com,Ago game outside.
EMP16945,Cynthia Adams,IT,Manager,54675.64,2021-01-26,bshaffer@gmail.com,Star out dog while.
EMP16946,Heidi Vargas,Finance,Executive,54675.64,2023-08-07,alicealexander@yahoo.com,Establish reveal.
EMP16947,Heather Harper,Sales,Manager,54675.64,2021-09-12,williamsjared@martinez.com,Our environment bag.
EMP16948,Raymond Bruce,Finance,Manager,54675.64,2021-06-30,xnguyen@ellis.biz,Himself.
EMP16949,Elizabeth Williams,IT,Analyst,54675.64,2022-06-21,janicehayes@macias.info,Ability born both.
EMP16950,Elizabeth Richardson,IT,Executive,54675.64,2020-10-28,caitlin69@holden-wolf.info,Light establish.
EMP16951,Joy Mcgee,Sales,Intern,54675.64,2022-09-25,shane74@yahoo.com,Pressure central.
EMP16952,Debra Lamb,IT,Manager,54675.64,2022-02-25,andersonderek@hotmail.com,Necessary worry why.
EMP16953,Emily Cardenas,IT,Manager,54675.64,2020-03-19,charlesgonzalez@morgan-taylor.com,Structure support.
EMP16954,Karen Smith,IT,Executive,54675.64,2021-08-06,whitejoseph@ochoa.com,Article product.
EMP16955,Daniel Mays,Sales,Intern,54675.64,2021-08-31,whitestephen@hotmail.com,Issue various young.
EMP16956,Jerry Chaney,Finance,Intern,54675.64,2021-04-27,gabrielsingleton@hotmail.com,Business mission.
EMP16957,Emily Maddox,Finance,Manager,54675.64,2022-11-02,cynthiamorris@hotmail.com,Although way land.
EMP16958,Bobby Smith,Finance,Executive,54675.64,2023-12-28,pcarr@hotmail.com,Hotel lot represent.
EMP16959,Joshua Buchanan,Finance,Intern,54675.64,2021-02-18,lisavargas@velez.com,That here kid.
EMP16960,Peggy Ferguson,Finance,Analyst,54675.64,2022-05-01,yellis@johnson.com,Choice tend miss.
EMP16961,Michael Gardner,Finance,Intern,54675.64,2021-09-30,umcmahon@yahoo.com,Community tell hot.
EMP16962,Laurie Castillo,Finance,Manager,54675.64,2022-07-22,allenkristen@hotmail.com,Example.
EMP16963,Michael Johnson,IT,Analyst,54675.64,2020-11-08,zturner@mccullough-stark.biz,Business claim.
EMP16964,Jason Jordan,Finance,Intern,54675.64,2022-02-14,daniel97@hotmail.com,Statement know play.
EMP16965,Susan Richmond,IT,Intern,54675.64,2021-09-03,mercedessaunders@west.net,Up employee.
EMP16966,Keith Hamilton,HR,Intern,54675.64,2021-05-17,mphillips@clayton.biz,All seek TV lead.
EMP16967,Anthony Ferguson,Sales,Manager,54675.64,2021-06-09,llee@hunt.com,Employee age event.
EMP16968,Dr. Samantha Johnson DVM,IT,Analyst,54675.64,2023-10-05,hollypark@cox-barrett.com,Bill effect number.
EMP16969,Stacey Davis,Sales,Manager,54675.64,2023-04-17,brendan42@zhang.info,For standard take.
EMP16970,Eric Thomas,Sales,Intern,54675.64,2021-06-04,ygray@gibson.info,Necessary not six.
EMP16971,Thomas Bray,HR,Executive,54675.64,2021-12-16,christinagarner@yahoo.com,Find leader film.
EMP16972,Sarah Powers,Finance,Analyst,54675.64,2020-07-12,scott64@hotmail.com,State reveal wide.
EMP16973,Mike Mcknight,HR,Executive,54675.64,2021-07-03,thompsondavid@alexander-ortega.com,Land reach ground.
EMP16974,Luis Clark,IT,Manager,54675.64,2021-08-18,vthompson@yahoo.com,Sport purpose eat.
EMP16975,Robin Owen,IT,Analyst,54675.64,2022-06-14,michelleconner@yahoo.com,Pick Mrs just cell.
EMP16976,Leslie Phillips,IT,Analyst,54675.64,2023-04-16,corey15@gmail.com,On road more.
EMP16977,Frederick Pierce,Sales,Intern,54675.64,2021-12-04,ujones@ramos.com,Design occur travel.
EMP16978,Carol Miller,Finance,Manager,54675.64,2023-11-08,hogregg@hotmail.com,Husband strong.
EMP16979,David Richmond,Finance,Intern,54675.64,2022-02-15,igutierrez@dawson.org,Police whether case.
EMP16980,Corey Rivera,Finance,Intern,54675.64,2020-09-27,barkerdeborah@davis.org,Expect which.
EMP16981,Emily Acosta,HR,Manager,54675.64,2022-08-06,schaeferbrandon@frederick.com,Staff cold story.
EMP16982,Susan Jackson,HR,Intern,54675.64,2022-01-06,nbriggs@gmail.com,Fill camera choose.
EMP16983,Rebecca Hopkins,IT,Manager,54675.64,2020-06-29,nichole57@hernandez-larson.com,Forget huge learn.
EMP16984,Jennifer Lee,Finance,Executive,54675.64,2020-09-15,kingvictor@yahoo.com,Letter affect do.
EMP16985,Susan Torres,Finance,Intern,54675.64,2020-01-22,levysamantha@marshall.com,Office raise send.
EMP16986,Jeremy Mclean,HR,Analyst,54675.64,2020-10-21,kruegervanessa@ward.info,Hand democratic law.
EMP16987,Amanda Anthony,Sales,Analyst,54675.64,2021-06-07,jmorgan@fox.com,Southern bad eat.
EMP16988,Jeffrey Clark,Finance,Executive,54675.64,2021-06-29,danabecker@warren.com,Less believe let.
EMP16989,Rebecca Kelly,IT,Analyst,54675.64,2023-08-17,xpatterson@mason-moore.biz,Away piece southern.
EMP16990,David Schmitt,Finance,Executive,54675.64,2023-10-08,leslie24@baker.com,And her green site.
EMP16991,Jenna Webb,HR,Executive,54675.64,2022-05-16,paulmontoya@hotmail.com,Trouble really.
EMP16992,Katherine Mooney,Finance,Intern,54675.64,2022-03-17,cruzthomas@gmail.com,Score try figure.
EMP16993,Tamara Hull,IT,Manager,54675.64,2020-09-15,anthony90@walker.com,General such.
EMP16994,Katelyn Kennedy,Sales,Executive,54675.64,2023-04-13,antonio69@hotmail.com,Machine at that.
EMP16995,Jonathan Watson,Sales,Analyst,54675.64,2021-06-07,stephanietate@morales.info,Heavy build head.
EMP16996,Chelsea Owens,IT,Analyst,54675.64,2020-11-28,albert67@arnold.net,Professional.
EMP16997,Bianca Morris,IT,Manager,54675.64,2023-10-31,steinthomas@hotmail.com,Focus size behind.
EMP16998,Bryan White,Finance,Intern,54675.64,2021-12-07,jonathan14@craig-miller.net,Season look truth.
EMP16999,Gregory Hudson,Finance,Analyst,54675.64,2020-03-30,darrellrogers@gmail.com,Have adult wear.
EMP17000,Andrew Erickson,HR,Intern,54675.64,2022-02-16,andreaparsons@barnett-rodriguez.com,Mean give option.
EMP17001,Jerry Gregory,Sales,Executive,54675.64,2023-07-07,caitlinsanchez@williams.com,Window task service.
EMP17002,Tony Zimmerman,Sales,Analyst,54675.64,2020-09-24,dgarza@joseph-moore.com,Teacher rise skill.
EMP17003,Andrew Park,IT,Executive,54675.64,2020-02-22,victor93@gmail.com,Truth crime song.
EMP17004,Pamela Bryan,HR,Analyst,54675.64,2020-09-28,tstanley@yahoo.com,Law either let.
EMP17005,Alexander Holt,Finance,Analyst,54675.64,2020-05-24,langemily@yahoo.com,Book race structure.
EMP17006,Pam Rivas,IT,Manager,54675.64,2022-05-12,ryanrobbins@williams.com,East make firm back.
EMP17007,Jorge Holder,IT,Executive,54675.64,2021-02-13,nbaker@hotmail.com,Security allow.
EMP17008,Richard Hunter,IT,Manager,54675.64,2020-01-29,rushronald@gmail.com,There shake leave.
EMP17009,Nichole Martin,Sales,Manager,54675.64,2023-10-05,alvaradosamantha@hotmail.com,Character TV there.
EMP17010,Steven Smith,Finance,Manager,54675.64,2022-06-25,oli@hotmail.com,Blue interview pass.
EMP17011,Jorge Gray,Finance,Manager,54675.64,2023-10-12,noah35@gmail.com,Water although.
EMP17012,Douglas Schneider,IT,Intern,54675.64,2021-11-04,adkinswayne@foster-jordan.net,Event base thing.
EMP17013,Christopher Martinez,IT,Intern,54675.64,2021-05-16,robert52@yahoo.com,Someone gun gas.
EMP17014,Cassidy Walker,HR,Intern,54675.64,2022-08-24,oscaryoung@peterson.com,Open sea most.
EMP17015,Elizabeth Wright,Finance,Executive,54675.64,2023-06-08,hwright@wilson.com,Teach task cold bit.
EMP17016,Brian Davis,IT,Intern,54675.64,2022-09-19,jeffreymays@yahoo.com,True most entire.
EMP17017,Dana Johnson,HR,Executive,54675.64,2020-04-30,qbarajas@medina-cook.com,Others likely.
EMP17018,Matthew Brown,IT,Analyst,54675.64,2020-06-25,carlosmcbride@hotmail.com,Ever game woman see.
EMP17019,Dalton Wagner,Sales,Intern,54675.64,2020-12-12,michael81@davis.com,Me that it other.
EMP17020,Jimmy Gray,IT,Analyst,54675.64,2020-05-23,sarahgriffin@hotmail.com,Attack enough own.
EMP17021,Shawn Davila,Sales,Intern,54675.64,2020-12-02,danielledunn@duran-berry.com,History future.
EMP17022,Matthew Lewis,Finance,Manager,54675.64,2022-06-28,robertsjennifer@martin.com,Act against speak.
EMP17023,Jessica Garza,IT,Intern,54675.64,2023-07-16,hstanley@olson.info,Know never fill.
EMP17024,Carla Khan,Finance,Executive,54675.64,2022-07-19,igolden@moore.info,Four marriage above.
EMP17025,Joseph Martin,Finance,Analyst,54675.64,2020-02-21,pwoods@matthews-ryan.com,Teach physical film.
EMP17026,Brian Weber,Finance,Manager,54675.64,2021-06-20,davidjones@yahoo.com,His when produce.
EMP17027,Michael Arnold,Sales,Intern,54675.64,2022-01-13,keith03@hawkins.biz,Prevent cell occur.
EMP17028,Melissa Jordan,Finance,Manager,54675.64,2020-08-23,costasarah@gmail.com,Watch finally.
EMP17029,Derrick Bush,Finance,Analyst,54675.64,2021-01-15,murrayjohn@watts.com,PM American church.
EMP17030,Karen Lee,Sales,Executive,54675.64,2021-05-05,thomasmonroe@taylor.com,Father fine general.
EMP17031,Robin Fitzgerald MD,IT,Intern,54675.64,2021-03-18,brittanywright@gmail.com,Table loss under.
EMP17032,Joseph Rivera,Finance,Analyst,54675.64,2021-04-04,nicolebailey@yahoo.com,Strong majority.
EMP17033,Michael Allison,HR,Analyst,54675.64,2022-06-03,cody33@mack.com,Successful partner.
EMP17034,Kimberly Hines,Sales,Executive,54675.64,2022-12-27,allenadrian@gmail.com,Everything third.
EMP17035,Sharon Smith,Sales,Analyst,54675.64,2022-07-26,itran@hotmail.com,Game language.
EMP17036,David Riggs,IT,Manager,54675.64,2020-04-27,diazjohn@gmail.com,Trade value.
EMP17037,Tanya Howell,HR,Intern,54675.64,2021-03-04,lcarter@yahoo.com,Stand movement.
EMP17038,Peter Oneill,Sales,Analyst,54675.64,2020-03-12,hgarcia@yahoo.com,Idea yard prepare.
EMP17039,Alyssa Chambers,IT,Intern,54675.64,2022-01-28,xpatel@yahoo.com,During organization.
EMP17040,Robert Mejia,Finance,Intern,54675.64,2021-08-06,johnsoncorey@gmail.com,Control manage tax.
EMP17041,Nichole Jones,Finance,Executive,54675.64,2020-10-11,tammy84@martin.com,Former must create.
EMP17042,Andrew Cook,Sales,Intern,54675.64,2022-07-15,turnerjerry@yahoo.com,Commercial born.
EMP17043,Megan Schroeder,IT,Executive,54675.64,2020-08-10,kimberlywilson@hotmail.com,Month tend yes.
EMP17044,Kathy Mccoy,Finance,Analyst,54675.64,2022-09-03,imccormick@haley.net,Eight could sit.
EMP17045,David Wright,Finance,Analyst,54675.64,2023-07-27,nicholas96@mcclain-combs.info,Suggest family.
EMP17046,Grant Butler,IT,Analyst,54675.64,2020-08-21,pamela10@wells-jackson.com,Call maybe various.
EMP17047,Amy Perez,Finance,Intern,54675.64,2021-10-27,dsparks@hotmail.com,National arm one.
EMP17048,Mary Valencia,Finance,Intern,54675.64,2020-01-02,shortjames@calderon-scott.net,Character owner.
EMP17049,Howard Robinson,HR,Manager,54675.64,2020-02-03,dskinner@gmail.com,Street when fill.
EMP17050,Ashley Watts,IT,Intern,54675.64,2022-05-07,donnagomez@butler.org,Girl store describe.
EMP17051,John Miller,Finance,Executive,54675.64,2020-02-07,johnsonalexis@gmail.com,Cold government and.
EMP17052,Mindy Melendez,HR,Manager,54675.64,2020-05-06,anne15@martinez.net,Use ball husband.
EMP17053,Stephen Medina,Finance,Intern,54675.64,2020-05-27,scott14@gmail.com,Business glass near.
EMP17054,Kenneth Johnson,IT,Manager,54675.64,2020-06-09,jason78@miller.info,Do address writer.
EMP17055,Ann Anderson,IT,Intern,54675.64,2021-09-25,williamhill@gmail.com,Goal four behavior.
EMP17056,Barbara Higgins,Finance,Intern,54675.64,2022-12-04,eporter@smith-hanson.biz,Shake artist seat.
EMP17057,Jonathon Bishop,Sales,Manager,54675.64,2021-05-10,mistymartinez@rogers-gallegos.com,Shake find because.
EMP17058,Lisa Pittman,HR,Executive,54675.64,2020-02-29,vernon34@hotmail.com,Crime other teach.
EMP17059,Cynthia Smith,Finance,Executive,54675.64,2021-03-25,jesus53@hotmail.com,Bit for second per.
EMP17060,Meredith Gallagher,Sales,Intern,54675.64,2022-01-19,carol99@powers-logan.com,Human certainly.
EMP17061,Randy Clark,HR,Manager,54675.64,2021-12-01,marcus75@rodriguez.com,Physical outside.
EMP17062,Brandon Riley DDS,HR,Executive,54675.64,2021-11-21,marshdeborah@thompson-webb.com,Music exactly.
EMP17063,Shawn Greene,Sales,Executive,54675.64,2022-11-01,kimberly96@kennedy.com,Possible like oil.
EMP17064,Catherine Mcdonald,HR,Executive,54675.64,2023-03-06,carmenbrown@gmail.com,Artist between.
EMP17065,Jacob Olson,HR,Analyst,54675.64,2020-09-23,veronica39@gmail.com,Term town evidence.
EMP17066,Hunter Brown,Finance,Executive,54675.64,2023-03-18,award@edwards.org,Detail newspaper.
EMP17067,Sara Taylor,Sales,Intern,54675.64,2021-12-16,donna49@forbes-holden.com,Present number.
EMP17068,Kaylee Perez,Finance,Intern,54675.64,2022-03-04,emilynovak@gmail.com,Discuss difficult.
EMP17069,Jennifer Herring,Finance,Executive,54675.64,2023-03-16,davisdavid@murphy.org,Person do push.
EMP17070,Peter Brown,HR,Executive,54675.64,2022-09-28,pharris@sharp.info,Reflect hair hope.
EMP17071,Maurice Long,Sales,Manager,54675.64,2021-05-09,sayala@yahoo.com,Per measure baby.
EMP17072,Danny Reyes,IT,Analyst,54675.64,2022-02-23,angelchaney@hotmail.com,Building season.
EMP17073,Rebecca Hughes,Sales,Intern,54675.64,2023-06-28,blakemichelle@holloway.org,Fund many box.
EMP17074,Carlos Johnson,HR,Analyst,54675.64,2021-11-14,kimberlyfowler@hays-rivas.info,Without born.
EMP17075,Matthew White PhD,IT,Manager,54675.64,2023-04-27,willisclifford@james.com,Service believe.
EMP17076,Jason Johnson,Finance,Executive,54675.64,2020-05-08,msimon@hotmail.com,This tree light.
EMP17077,Michele Meyer,IT,Executive,54675.64,2020-08-27,ichurch@hansen.biz,Decision research.
EMP17078,Lee Thomas,IT,Analyst,54675.64,2021-01-12,coryhernandez@hotmail.com,Hour doctor fight.
EMP17079,John Lopez,Sales,Intern,54675.64,2023-05-08,traceykeller@howard.com,Least picture event.
EMP17080,Eric Moore,Finance,Executive,54675.64,2021-03-17,wallacedaniel@roach.com,Fine hard challenge.
EMP17081,Melissa Wright,Sales,Analyst,54675.64,2020-12-15,allison06@gmail.com,Range a nation.
EMP17082,William Taylor,IT,Manager,54675.64,2020-04-30,rachaeljacobs@walter-peterson.com,Film water mother.
EMP17083,Amanda Powell,HR,Analyst,54675.64,2020-02-10,gallegosnathan@ferguson-nguyen.com,Produce guess baby.
EMP17084,Sherry Tyler,HR,Analyst,54675.64,2020-05-31,judith52@yahoo.com,Card economic.
EMP17085,Mr. James Little,IT,Intern,54675.64,2020-06-19,jessemarshall@george.com,All case line under.
EMP17086,Cheryl Lopez,HR,Analyst,54675.64,2020-12-02,barbarawolf@hernandez.com,Technology fight.
EMP17087,Brian Garrison,HR,Analyst,54675.64,2023-10-29,psoto@mack.info,Firm sit cost.
EMP17088,Kenneth Phillips,Sales,Analyst,54675.64,2020-04-03,catherinemedina@barton-ponce.net,Bad summer act boy.
EMP17089,Sherri Freeman,Finance,Intern,54675.64,2022-09-27,anna31@johnson.com,Often figure plan.
EMP17090,Stephanie Adams,HR,Manager,54675.64,2023-02-13,khamilton@johnson-bailey.com,Authority bad data.
EMP17091,Jeffrey Todd,Finance,Intern,54675.64,2023-05-26,jasonwilson@gmail.com,Sometimes accept.
EMP17092,Jonathan Garrett,Finance,Executive,54675.64,2023-03-29,dgordon@farmer.net,Expert describe.
EMP17093,Ashley Chang,Sales,Executive,54675.64,2023-05-27,taylorlori@yahoo.com,Husband produce.
EMP17094,Jocelyn Wells,IT,Analyst,54675.64,2021-02-28,lindsaybryant@garner.biz,It candidate check.
EMP17095,Pamela Bolton,HR,Executive,54675.64,2022-10-31,fanderson@koch.com,High black sure.
EMP17096,Alejandra Walker,HR,Intern,54675.64,2022-08-18,njones@gmail.com,Later job she keep.
EMP17097,Amanda Parks,Sales,Analyst,54675.64,2020-04-25,guerrerobrian@franklin.com,Staff someone.
EMP17098,Jacob Gilbert,Sales,Intern,54675.64,2022-01-10,ucobb@hotmail.com,Risk upon think dog.
EMP17099,Jeffrey Kennedy,IT,Executive,54675.64,2023-07-21,ronald09@yahoo.com,Space season.
EMP17100,Karen Preston,Finance,Executive,54675.64,2022-10-28,jowen@neal.com,Affect fear stay.
EMP17101,Abigail Hill,IT,Intern,54675.64,2023-07-30,michelleadams@gmail.com,National then maybe.
EMP17102,Gina Flynn,HR,Intern,54675.64,2020-07-28,cassandra27@gmail.com,Main finally wide.
EMP17103,Danielle Martinez,Sales,Executive,54675.64,2022-02-15,corey88@yahoo.com,Sit particular.
EMP17104,Erica Carlson,Sales,Executive,54675.64,2021-05-28,shanecain@summers-anderson.com,Fish nation without.
EMP17105,Amanda Hamilton,Finance,Intern,54675.64,2022-08-28,crosbymonica@smith-ramirez.com,Worry sign audience.
EMP17106,Dustin Savage,HR,Intern,54675.64,2023-08-18,franknatalie@white.info,Will series reality.
EMP17107,Mary Mcmillan,Sales,Manager,54675.64,2023-05-06,marilynlee@hotmail.com,Benefit about skin.
EMP17108,Carrie Roberts,Sales,Intern,54675.64,2023-11-13,peterfischer@kelly-brennan.com,Couple total almost.
EMP17109,Megan Price,Sales,Analyst,54675.64,2021-10-13,uperez@hotmail.com,Behind owner stuff.
EMP17110,Alexander Oconnor,Sales,Intern,54675.64,2021-03-01,mirandabridges@camacho-johnson.org,Month beat parent.
EMP17111,Daniel Hughes,HR,Analyst,54675.64,2022-05-16,rachel67@turner.info,Although politics.
EMP17112,Tammy Robinson,Finance,Manager,54675.64,2023-10-26,jennifermack@hotmail.com,Defense change case.
EMP17113,Matthew Jackson,IT,Manager,54675.64,2020-06-06,paulsusan@vasquez-rice.com,Two possible door.
EMP17114,Joseph Lynch,IT,Manager,54675.64,2020-02-21,jonesjacob@lopez-lopez.com,Couple pay size.
EMP17115,Jeffrey White,Finance,Intern,54675.64,2023-08-19,beverlyrichardson@hotmail.com,Baby develop new.
EMP17116,Ashley Beard,Finance,Manager,54675.64,2021-07-01,kmcfarland@doyle-miller.com,Arrive lay.
EMP17117,Haley Hamilton,HR,Manager,54675.64,2021-08-04,taylorkenneth@garza.com,Thought country.
EMP17118,Kent Kelly,IT,Analyst,54675.64,2022-01-07,timothy63@gmail.com,Become front wall.
EMP17119,Veronica Johnson,Finance,Intern,54675.64,2022-03-22,joyce47@rodriguez.org,Enough positive.
EMP17120,Anthony Brown,Sales,Manager,54675.64,2021-02-03,matthew69@cox-sanchez.net,Later hit off for.
EMP17121,Alan Henderson,HR,Analyst,54675.64,2021-11-02,whartman@gmail.com,The region pull.
EMP17122,Madeline Everett,Finance,Analyst,54675.64,2020-01-14,tony85@yahoo.com,Drive the project.
EMP17123,Kaitlin Cooper,IT,Intern,54675.64,2023-12-04,flemingholly@arnold.com,Positive food.
EMP17124,Jason Barnes DVM,Sales,Executive,54675.64,2023-03-10,burchmelody@yahoo.com,Feeling least.
EMP17125,Teresa Brown,Finance,Executive,54675.64,2022-10-06,eddie23@johnson.biz,Rich from ten ok.
EMP17126,William Welch,IT,Intern,54675.64,2021-10-01,brownashley@willis-sawyer.com,Whole several owner.
EMP17127,Patrick Young,HR,Executive,54675.64,2021-12-29,imcknight@daniel-maynard.com,Magazine ago tell.
EMP17128,David Roach,IT,Manager,54675.64,2022-02-18,georgecandace@gmail.com,Movie hand.
EMP17129,Amber Marquez,IT,Manager,54675.64,2021-10-17,griffinjennifer@yahoo.com,Body bar reason.
EMP17130,Allen Luna,IT,Intern,54675.64,2021-05-11,josephwright@strickland-phillips.com,When through.
EMP17131,Daniel Murphy,HR,Executive,54675.64,2021-06-19,santosangela@yahoo.com,Often city instead.
EMP17132,Sharon Ray,Finance,Manager,54675.64,2023-11-13,lharrell@gmail.com,Year increase near.
EMP17133,Chloe Sexton,Finance,Executive,54675.64,2021-09-14,guerrerojacob@gmail.com,Particularly hope.
EMP17134,Rebecca Aguilar,Sales,Analyst,54675.64,2023-08-05,connie94@yahoo.com,Compare myself.
EMP17135,Blake Ruiz,Finance,Analyst,54675.64,2023-03-28,ofritz@hotmail.com,Everyone lose well.
EMP17136,Tiffany Miller,HR,Intern,54675.64,2020-08-28,briandixon@hotmail.com,Kind house from.
EMP17137,Sierra Lawson,IT,Analyst,54675.64,2020-02-04,dawsoncorey@brown.info,Seat hundred cause.
EMP17138,Laura Martinez,HR,Analyst,54675.64,2021-06-03,fernandezkatherine@gmail.com,President black.
EMP17139,Daniel West,IT,Executive,54675.64,2020-05-24,aguirrejustin@carson-smith.com,Short should try.
EMP17140,Randy Davis,Finance,Analyst,54675.64,2021-08-14,millertimothy@carlson-johnson.com,Peace close.
EMP17141,Kyle Gonzalez,Sales,Intern,54675.64,2022-11-09,davidcervantes@hotmail.com,Help measure chair.
EMP17142,William Robinson,Sales,Analyst,54675.64,2021-04-19,thomas76@gmail.com,Around top able.
EMP17143,Amber Robinson,Finance,Manager,54675.64,2023-06-25,john41@gmail.com,Town try fear.
EMP17144,Holly Cunningham,IT,Intern,54675.64,2020-11-29,christopher38@simpson-mclean.com,Let off company.
EMP17145,Megan Rhodes,Finance,Intern,54675.64,2022-11-11,sharpthomas@yahoo.com,Anything to indeed.
EMP17146,Mr. Evan Jones,HR,Intern,54675.64,2021-03-13,melissacollins@byrd.com,All still world.
EMP17147,Connor Young,Finance,Analyst,54675.64,2022-05-30,hprice@collins.com,We candidate still.
EMP17148,Hayden Anderson,Finance,Analyst,54675.64,2021-08-05,rebekah12@hotmail.com,Attention lead.
EMP17149,Melissa Phillips,IT,Intern,54675.64,2021-04-03,dsanders@cochran.com,Population require.
EMP17150,Kimberly Stevens,Finance,Executive,54675.64,2023-05-17,haydenmichael@wallace.biz,My both fly keep.
EMP17151,Audrey Payne,HR,Intern,54675.64,2021-08-11,douglas69@gmail.com,Education factor.
EMP17152,Nicole Simon,Finance,Manager,54675.64,2021-01-05,greensherry@yahoo.com,Ability indeed.
EMP17153,Amanda Munoz,HR,Manager,54675.64,2020-03-21,shanecastillo@gmail.com,Human brother or.
EMP17154,Paul Fuller,Finance,Manager,54675.64,2020-09-04,warrenerin@hotmail.com,Build ready sea.
EMP17155,Christian Hoffman,IT,Manager,54675.64,2021-03-27,pollardmichaela@yahoo.com,Fast put somebody.
EMP17156,Ashley Brown,Sales,Intern,54675.64,2021-12-20,sfarmer@oneill.com,Compare generation.
EMP17157,Jose Tran,Sales,Intern,54675.64,2020-06-07,michael04@white.com,Also produce main.
EMP17158,Mark Walker,HR,Intern,54675.64,2023-09-26,rodriguezbrent@gmail.com,Young real series.
EMP17159,Rachel Kelley,Finance,Intern,54675.64,2023-03-10,bensonpaul@yahoo.com,Mention research.
EMP17160,Lisa Murray,IT,Intern,54675.64,2023-02-10,iphelps@butler.org,Institution push.
EMP17161,Evan Hernandez,Finance,Executive,54675.64,2022-02-03,jessica26@yahoo.com,Lot artist property.
EMP17162,Lindsay Jacobs,IT,Executive,54675.64,2022-11-18,dbrown@cain.com,Reveal blue feeling.
EMP17163,Elijah Hayden,IT,Executive,54675.64,2021-10-11,davidcortez@yahoo.com,Skill Democrat it.
EMP17164,Matthew Ward,Finance,Intern,54675.64,2021-02-20,bayers@guzman-briggs.com,Forget nature.
EMP17165,Kelsey Smith,Finance,Analyst,54675.64,2022-06-29,kevincox@vincent-larson.com,No miss pick.
EMP17166,Gail Madden,Sales,Intern,54675.64,2023-02-20,burnserin@mclaughlin.biz,Artist simply cause.
EMP17167,Michael Brown,Finance,Manager,54675.64,2023-10-18,vturner@yahoo.com,Computer.
EMP17168,Sharon Greene,Sales,Intern,54675.64,2021-05-21,luke81@sanchez.com,Heart development.
EMP17169,Shannon Cunningham,HR,Manager,54675.64,2021-05-26,leahbowers@hotmail.com,Because skin indeed.
EMP17170,Robyn Krueger,Sales,Executive,54675.64,2022-04-01,sabrina52@gmail.com,Away model I no.
EMP17171,Brent Harris,Sales,Manager,54675.64,2022-07-05,justinduffy@yates.org,Get brother lot her.
EMP17172,Amber Petersen,IT,Intern,54675.64,2023-03-27,lisa26@goodwin.net,Herself hard.
EMP17173,Steven Bryant,IT,Analyst,54675.64,2023-05-07,victoriamclaughlin@hotmail.com,Investment seek.
EMP17174,Edward Ingram,Sales,Manager,54675.64,2020-06-25,fbruce@may.com,West always chance.
EMP17175,Robert Gomez,HR,Analyst,54675.64,2022-07-08,davidhorton@walter-king.info,Sea artist whom.
EMP17176,Travis Maynard,IT,Intern,54675.64,2020-07-26,wandazimmerman@herman.biz,Knowledge spend.
EMP17177,Misty Clark,HR,Intern,54675.64,2020-05-13,gbrown@gmail.com,Author value stay.
EMP17178,Austin Leonard,Sales,Manager,54675.64,2021-05-29,ryanbishop@gmail.com,Son director sort.
EMP17179,Rebecca Cook,Finance,Manager,54675.64,2020-11-04,ayalachristopher@hotmail.com,Event number walk.
EMP17180,Kevin Rodriguez,Sales,Executive,54675.64,2021-06-05,edaniels@gmail.com,State run help try.
EMP17181,Calvin Cooper,Finance,Analyst,54675.64,2021-06-19,justin50@yahoo.com,Hot discover me.
EMP17182,Christine Hurley,IT,Manager,54675.64,2023-02-09,johnsonnatalie@rogers.com,Piece relate mother.
EMP17183,Joseph Bailey,IT,Intern,54675.64,2021-02-20,obrown@yahoo.com,Think draw might.
EMP17184,Renee Davis,IT,Manager,54675.64,2023-09-25,mark60@yahoo.com,Get people say data.
EMP17185,Tabitha Norman,IT,Intern,54675.64,2020-10-04,pshields@hotmail.com,Minute peace across.
EMP17186,Jenna Barber,Sales,Executive,54675.64,2022-04-08,millersharon@solis.biz,Pay floor actually.
EMP17187,Anthony Scott,Sales,Analyst,54675.64,2021-04-24,heather35@bailey.com,Claim herself.
EMP17188,Christopher Harper,IT,Analyst,54675.64,2023-05-30,meredith03@hotmail.com,Medical determine.
EMP17189,Mark Reed,HR,Executive,54675.64,2023-07-07,karenwilliams@pope-lee.info,Program court high.
EMP17190,Patricia Young,Finance,Manager,54675.64,2023-04-17,torresdouglas@rogers.biz,Wish food wait yeah.
EMP17191,Mrs. Rachel Hunter,IT,Analyst,54675.64,2022-03-17,boyerdavid@gmail.com,Worker child feel.
EMP17192,Patricia Hayes,IT,Executive,54675.64,2022-11-20,omolina@baird-garcia.com,Join ball issue.
EMP17193,Toni Ortega,IT,Executive,54675.64,2020-07-19,mbrown@evans.com,Natural base carry.
EMP17194,Vanessa Hill,HR,Executive,54675.64,2020-01-30,stanley82@gmail.com,Raise short with.
EMP17195,Peter Maldonado,IT,Executive,54675.64,2023-06-22,oliverapril@yahoo.com,Decision gun.
EMP17196,Samantha Sloan,Finance,Executive,54675.64,2022-05-10,kristie13@yahoo.com,My opportunity.
EMP17197,Robert Pitts,Finance,Intern,54675.64,2022-10-10,kristen90@henry.org,Station structure.
EMP17198,Yvette Cooper,Sales,Manager,54675.64,2021-05-14,curtisgonzalez@yahoo.com,Chance involve.
EMP17199,David Jones,HR,Analyst,54675.64,2023-04-05,jescobar@lynch.com,Skin section.
EMP17200,Caitlin Martin,Sales,Executive,54675.64,2021-09-02,bryantnancy@gmail.com,Admit consumer hand.
EMP17201,Michelle Wilson,HR,Intern,54675.64,2020-01-25,stoneryan@hotmail.com,Lead group board.
EMP17202,Kelly Mcdowell,HR,Manager,54675.64,2023-06-26,grich@hernandez.biz,National fact list.
EMP17203,Shaun Lewis,Finance,Manager,54675.64,2023-06-06,evance@gmail.com,Energy sure parent.
EMP17204,Sarah Collins,IT,Intern,54675.64,2023-04-02,wstevens@price.com,Alone minute.
EMP17205,Tom Kramer,Finance,Executive,54675.64,2021-01-29,tcook@miller.net,Within security big.
EMP17206,Deborah Little,Sales,Analyst,54675.64,2021-04-18,jeffrey13@cruz-perkins.com,Thus week consumer.
EMP17207,Jennifer Rogers,HR,Executive,54675.64,2021-09-09,jay39@mcclain.com,Whether standard.
EMP17208,Peter Allen,Sales,Intern,54675.64,2020-10-28,thall@hotmail.com,Short positive.
EMP17209,Mark Weber,Finance,Executive,54675.64,2022-05-06,tyler06@brewer-mendoza.org,Painting left view.
EMP17210,Dana Arnold,HR,Analyst,54675.64,2022-02-27,uwebster@blair.com,Follow skin choice.
EMP17211,Hector Bennett,IT,Intern,54675.64,2021-05-11,stacygarcia@hotmail.com,Also identify why.
EMP17212,Lisa Smith,HR,Executive,54675.64,2021-01-20,sophia45@hotmail.com,Point great.
EMP17213,Gordon Jennings,Sales,Manager,54675.64,2020-07-20,rgonzalez@hotmail.com,Clear must bank.
EMP17214,Javier Brooks,Sales,Intern,54675.64,2020-04-08,halljennifer@hotmail.com,Mouth however.
EMP17215,Shannon Warner,Sales,Manager,54675.64,2021-02-20,barbarablevins@yahoo.com,Matter partner give.
EMP17216,Jaime Haney,Sales,Analyst,54675.64,2022-01-14,charles18@hotmail.com,Read degree our.
EMP17217,Robin Lewis,HR,Analyst,54675.64,2022-11-20,vwilliams@gmail.com,Identify security.
EMP17218,Christina Villarreal,HR,Executive,54675.64,2023-11-12,adam14@sanchez.biz,Organization decide.
EMP17219,Tonya Norris,Finance,Manager,54675.64,2021-03-28,corey10@yahoo.com,Nothing by hotel.
EMP17220,Linda Jordan,Finance,Manager,54675.64,2021-04-09,kkemp@hotmail.com,Impact early form.
EMP17221,Stacy Gordon,HR,Executive,54675.64,2021-07-30,blankenshipcraig@foster.com,Control same face.
EMP17222,Stephanie Brown,Finance,Analyst,54675.64,2020-06-21,conwayjonathon@yahoo.com,Finally consider.
EMP17223,Raymond Burke,HR,Manager,54675.64,2023-04-05,tjohnson@yahoo.com,Poor friend still.
EMP17224,Kayla Gibbs,IT,Manager,54675.64,2021-08-21,christinacastro@yahoo.com,I window early seem.
EMP17225,Bryan Lynn,HR,Executive,54675.64,2022-01-23,james81@yahoo.com,Region individual.
EMP17226,Jasmine Berg,Finance,Analyst,54675.64,2023-05-25,gonzalezangela@tucker-rose.com,Son wait partner.
EMP17227,Mrs. Tina Jackson,IT,Executive,54675.64,2022-08-06,charles06@hotmail.com,Test computer.
EMP17228,Jacqueline Ramirez,Finance,Manager,54675.64,2023-03-10,wilsonroy@gmail.com,Improve its side.
EMP17229,Mrs. Jill Garcia DVM,HR,Executive,54675.64,2022-06-15,bharris@gmail.com,Page term put.
EMP17230,Karina Nelson,Finance,Executive,54675.64,2021-09-01,paullopez@gmail.com,Worry example beat.
EMP17231,Randy Harrison,HR,Analyst,54675.64,2020-06-05,daryl65@lester-navarro.com,Free stuff method.
EMP17232,Michelle Barrera,Finance,Executive,54675.64,2022-04-08,hmitchell@gmail.com,Simply green hope.
EMP17233,Norma Bell,Finance,Intern,54675.64,2023-10-06,regina79@gmail.com,Player history put.
EMP17234,Marie Bailey,HR,Intern,54675.64,2021-08-06,sandraali@vincent.com,Physical community.
EMP17235,Christopher Russo,IT,Intern,54675.64,2021-01-20,upowell@watson.net,Film scene brother.
EMP17236,Ashley Vasquez,HR,Manager,54675.64,2022-01-06,hollandanthony@gmail.com,As meeting you.
EMP17237,Linda White,HR,Manager,54675.64,2021-09-24,bryananderson@gmail.com,Keep energy court.
EMP17238,Jesse Horne,HR,Analyst,54675.64,2021-02-14,lancelopez@hotmail.com,Help option certain.
EMP17239,Yvette Hughes,Sales,Executive,54675.64,2021-02-25,porterronald@bailey.biz,Whatever teach.
EMP17240,Elizabeth Duran,Sales,Analyst,54675.64,2023-10-25,snyderemily@gallagher.biz,Father price me.
EMP17241,Jason Lloyd,Finance,Executive,54675.64,2021-03-11,justinjohnson@murphy.net,Spend soldier.
EMP17242,Michael Williamson,Sales,Analyst,54675.64,2023-09-21,psherman@gmail.com,Tonight there great.
EMP17243,Brenda Reyes,IT,Executive,54675.64,2022-10-12,eugenehughes@hotmail.com,Individual.
EMP17244,Michael Carr,HR,Intern,54675.64,2022-02-01,haileydavis@ramirez.com,Hear by where war.
EMP17245,Lauren Hogan,IT,Analyst,54675.64,2020-06-08,cpowell@gmail.com,Whether line artist.
EMP17246,Jeffery Hart,HR,Executive,54675.64,2021-04-16,morrischristopher@gmail.com,Change word.
EMP17247,Stephen Gonzales,IT,Intern,54675.64,2023-11-10,alexanderkimberly@simpson.info,Development.
EMP17248,Kristin Lewis,Sales,Manager,54675.64,2022-04-13,rachel26@yahoo.com,Enter money subject.
EMP17249,Robert Frye,HR,Executive,54675.64,2020-05-27,parkeremily@ramirez.com,Seven Mrs bad.
EMP17250,Michael Watson,Sales,Executive,54675.64,2020-02-26,beth89@mccarty.com,Mean political.
EMP17251,Richard Kirby,Sales,Executive,54675.64,2022-12-21,ronald66@parrish.com,Word least world.
EMP17252,Alejandra Ali,HR,Analyst,54675.64,2022-09-13,hperez@hotmail.com,Enter third argue.
EMP17253,Sara Miller,IT,Manager,54675.64,2021-05-26,john53@hotmail.com,Serious bar fire.
EMP17254,Sean Graham,Finance,Analyst,54675.64,2021-11-18,terrelllonnie@king-smith.net,Goal level run.
EMP17255,Maria Carlson,Sales,Manager,54675.64,2020-07-29,robertwilson@pacheco.org,Behind star foot.
EMP17256,Candace Gilbert,Sales,Analyst,54675.64,2021-10-08,alexandra36@yahoo.com,Another exactly.
EMP17257,Leslie Murray,HR,Executive,54675.64,2020-03-07,carrillokyle@leach-powell.com,Since close ever.
EMP17258,Erin Smith,HR,Executive,54675.64,2022-03-28,cherylthornton@yahoo.com,Close thing true.
EMP17259,Robert Gutierrez,IT,Analyst,54675.64,2022-02-02,dmorgan@gmail.com,Result different.
EMP17260,Alan Jones,Sales,Executive,54675.64,2022-03-12,jclark@yahoo.com,Evidence direction.
EMP17261,Larry Moody,Finance,Analyst,54675.64,2020-04-14,jenniferhicks@yahoo.com,Strong itself.
EMP17262,Christopher Dunn,Sales,Analyst,54675.64,2022-05-04,janiceroberts@yahoo.com,Will reflect degree.
EMP17263,Adam Todd,IT,Manager,54675.64,2022-12-28,steven68@hotmail.com,Large black and.
EMP17264,Michael Vasquez,Finance,Executive,54675.64,2023-10-18,cameron78@hernandez-edwards.com,Help old machine.
EMP17265,Billy Green,HR,Executive,54675.64,2020-11-18,yjohnson@cherry.biz,Report happy recent.
EMP17266,Debra Sims,HR,Executive,54675.64,2021-08-22,james14@hester.biz,Sing wide house bag.
EMP17267,Cindy Dean,HR,Analyst,54675.64,2023-03-31,torresjohnny@yahoo.com,Marriage few.
EMP17268,Mark Lewis,IT,Manager,54675.64,2021-09-18,leslievega@gonzales.biz,Operation establish.
EMP17269,Kenneth Phillips,HR,Executive,54675.64,2023-08-15,zgarner@watson.org,Discuss property.
EMP17270,Justin Munoz,Finance,Intern,54675.64,2020-02-01,jeremymccoy@gmail.com,Director claim.
EMP17271,Thomas Porter,HR,Analyst,54675.64,2023-10-24,xthornton@hotmail.com,Treatment possible.
EMP17272,Jacob Clark,IT,Executive,54675.64,2023-10-09,hrobbins@anderson.biz,Air young politics.
EMP17273,April Wilson,Sales,Manager,54675.64,2021-08-21,heatherfinley@hotmail.com,Per lay natural.
EMP17274,Christopher Martinez,Sales,Analyst,54675.64,2020-11-06,andrewskarina@smith.com,Friend large single.
EMP17275,James Davidson,Finance,Analyst,54675.64,2021-03-24,isabellalawrence@brewer.com,Bag carry half.
EMP17276,Tamara King,IT,Analyst,54675.64,2020-12-24,erik61@stanley-marks.biz,Significant trial.
EMP17277,Richard Simpson,HR,Analyst,54675.64,2022-05-18,angela29@yahoo.com,Heavy successful.
EMP17278,Daniel Boyle,HR,Intern,54675.64,2022-05-21,smithrobert@johnson.com,Soon nearly.
EMP17279,Gary Gonzalez,Sales,Manager,54675.64,2023-03-30,craigjohnson@green.com,Every people who.
EMP17280,Jennifer Anderson,HR,Analyst,54675.64,2020-07-10,kristintaylor@hotmail.com,Mr follow ground.
EMP17281,Angelica Sullivan,Sales,Analyst,54675.64,2021-04-20,anthonylewis@yahoo.com,Say son heart store.
EMP17282,Joanne Floyd,Sales,Analyst,54675.64,2020-05-17,reidsophia@gmail.com,Affect nothing miss.
EMP17283,Brenda Newton,HR,Manager,54675.64,2021-05-25,atran@gmail.com,Environmental.
EMP17284,Elizabeth Ortiz,Sales,Executive,54675.64,2022-08-26,brandonadams@gmail.com,Relate young all.
EMP17285,April Hester,Sales,Intern,54675.64,2021-04-18,tracydodson@houston-pollard.com,Analysis over.
EMP17286,Robert Turner,IT,Intern,54675.64,2021-05-11,mcdanielstephen@miles.com,Paper even short.
EMP17287,Jason Burke,HR,Intern,54675.64,2020-04-19,sgriffin@yahoo.com,When music trouble.
EMP17288,Ashley Hinton,IT,Executive,54675.64,2022-12-10,vanessajackson@mcdonald.com,Red involve plan.
EMP17289,Christina Doyle,HR,Manager,54675.64,2022-03-12,amurphy@hotmail.com,Media century join.
EMP17290,Robyn Lee,HR,Manager,54675.64,2022-06-28,mpowell@dyer-williams.net,Performance stuff.
EMP17291,James Ward,HR,Intern,54675.64,2023-10-12,rebeccawalsh@garcia.com,Ever turn decide.
EMP17292,Angelica Yates,HR,Intern,54675.64,2023-08-10,clarkcurtis@yahoo.com,Receive really.
EMP17293,Jermaine Howard,Finance,Analyst,54675.64,2021-07-13,rmckenzie@gonzalez.info,Garden son unit.
EMP17294,Neil Espinoza,Finance,Manager,54675.64,2023-12-21,mrobinson@yahoo.com,Western law his.
EMP17295,Donna Nunez,Sales,Executive,54675.64,2020-01-28,davidsonhayley@hernandez.com,There change.
EMP17296,Charles Daugherty,IT,Executive,54675.64,2021-01-10,alexander52@hotmail.com,Theory break.
EMP17297,Elizabeth Hoffman,IT,Executive,54675.64,2022-07-25,ssosa@kelly.info,Win fine after.
EMP17298,Erik Jones,Sales,Manager,54675.64,2023-06-13,danaoneill@pacheco.org,Wish when young.
EMP17299,Jill Melton,IT,Intern,54675.64,2021-05-02,kelly37@reed-hudson.com,Ago service feeling.
EMP17300,Timothy Palmer,Finance,Intern,54675.64,2022-08-09,charles49@willis.com,One within mother.
EMP17301,Jenna Hart,IT,Manager,54675.64,2022-09-03,stevensjessica@hotmail.com,Boy young finally.
EMP17302,Michael Patel,HR,Intern,54675.64,2023-11-02,jacob38@gmail.com,Nation me energy.
EMP17303,Breanna Kelly,HR,Analyst,54675.64,2021-08-10,ledwards@gmail.com,Suffer fall account.
EMP17304,Jason Houston,HR,Analyst,54675.64,2023-09-06,rose66@gmail.com,Street majority.
EMP17305,Christina Brown,HR,Analyst,54675.64,2022-12-19,cruzcatherine@gibson-hood.com,Suddenly better.
EMP17306,Aaron Roberts,Sales,Analyst,54675.64,2020-08-12,michellehenry@gmail.com,Expert free hot in.
EMP17307,Rebekah Rivera,Sales,Analyst,54675.64,2020-02-21,brownvirginia@hicks-johnson.org,Pressure later what.
EMP17308,Jeffrey Logan,Finance,Manager,54675.64,2023-10-15,olsonryan@yahoo.com,Us unit safe small.
EMP17309,Leah Smith,Finance,Executive,54675.64,2022-03-21,gregorylewis@morrison.com,Meet source may.
EMP17310,Derrick Gray,Finance,Intern,54675.64,2022-01-01,mark67@yahoo.com,Include wait save.
EMP17311,Dr. Bill Morrison,Sales,Analyst,54675.64,2020-09-06,thomasrussell@gmail.com,Thing project a.
EMP17312,John Houston,IT,Analyst,54675.64,2021-02-27,bradleysteve@jordan-garner.net,Kind worry who many.
EMP17313,Matthew Smith,HR,Executive,54675.64,2020-02-11,samuelhobbs@yahoo.com,Important special.
EMP17314,Sheila Sullivan,IT,Executive,54675.64,2023-12-15,malik98@lee-maldonado.biz,Happy public source.
EMP17315,Andrew Jordan,HR,Executive,54675.64,2022-09-06,vpalmer@rivera.com,In next world mouth.
EMP17316,Carla Rich,Finance,Executive,54675.64,2023-12-01,kwood@yahoo.com,Several news.
EMP17317,Ashley Thompson,HR,Manager,54675.64,2020-11-18,edavis@yahoo.com,For service your.
EMP17318,Ronald Thompson,IT,Intern,54675.64,2020-11-20,padillajoe@hotmail.com,Her table author.
EMP17319,Kyle Ramirez,IT,Executive,54675.64,2020-11-30,johnrobinson@lee-preston.com,Without history.
EMP17320,Kaitlin Garcia,Finance,Intern,54675.64,2021-09-13,richardkelley@hays-brown.com,Mean majority stand.
EMP17321,Jason Mason,Finance,Analyst,54675.64,2020-04-26,harold59@hotmail.com,Management hot.
EMP17322,Megan Hodges,IT,Executive,54675.64,2021-08-03,pamela21@black-lewis.biz,Skin different.
EMP17323,Jessica Casey,Finance,Analyst,54675.64,2020-04-07,ronaldschneider@hawkins.biz,Find just tax fall.
EMP17324,Haley Johnson,Sales,Manager,54675.64,2020-09-06,charles00@gmail.com,Way effort nation.
EMP17325,Crystal Williams,Finance,Analyst,54675.64,2022-06-09,franklinjensen@castillo-campbell.com,Later cost bank.
EMP17326,Benjamin Calderon,IT,Manager,54675.64,2020-07-04,hudsonbonnie@hotmail.com,Information across.
EMP17327,Nicholas Clarke,Sales,Analyst,54675.64,2021-03-06,adkinstyler@yahoo.com,Project prepare to.
EMP17328,Daniel Brooks,IT,Intern,54675.64,2023-11-17,enolan@yahoo.com,Research.
EMP17329,Elizabeth Matthews MD,Sales,Manager,54675.64,2022-04-15,beckkatie@evans-johnson.com,Minute allow but.
EMP17330,Lisa Smith,Finance,Executive,54675.64,2022-01-03,joselewis@castillo.com,Effort herself.
EMP17331,Michael Blackwell,Finance,Manager,54675.64,2022-08-31,yramirez@gmail.com,Pay simple describe.
EMP17332,Donald Ross,IT,Executive,54675.64,2023-08-02,williamschristine@hotmail.com,Record federal.
EMP17333,Hannah Grant,Sales,Manager,54675.64,2020-07-11,hahnann@mitchell-sosa.com,Cover believe open.
EMP17334,Caleb Hatfield,IT,Executive,54675.64,2023-12-05,jessica12@gmail.com,Recent enjoy spring.
EMP17335,Jacob Harrell,HR,Manager,54675.64,2020-07-12,cantrelljonathan@yahoo.com,Against wait see.
EMP17336,Darrell Edwards,Finance,Analyst,54675.64,2022-11-29,claudia76@myers.com,Bar night garden.
EMP17337,Antonio Townsend,IT,Analyst,54675.64,2020-11-12,andrewmcclain@brown.com,Effort baby reality.
EMP17338,Monique Parker,IT,Analyst,54675.64,2022-10-12,trevor89@sims.com,Growth seat.
EMP17339,Katherine Hawkins,HR,Executive,54675.64,2021-01-11,lisa42@hotmail.com,Religious catch.
EMP17340,Jeffrey Allen,HR,Analyst,54675.64,2020-10-23,adamwilliams@kim.com,Report artist be.
EMP17341,Cody West,Sales,Intern,54675.64,2023-05-10,pmccall@hotmail.com,Senior page sister.
EMP17342,Donald Castillo,HR,Intern,54675.64,2021-04-12,brittany35@johnson.org,Star plan door.
EMP17343,Brian Smith,Sales,Analyst,54675.64,2023-04-08,millserin@gmail.com,There these.
EMP17344,Jeffrey Price,IT,Manager,54675.64,2020-07-08,richmondbrandi@williams-smith.com,Month air improve.
EMP17345,Tracey Manning,HR,Analyst,54675.64,2023-02-16,johnandrews@johnson.org,Less cultural stand.
EMP17346,Justin Stevenson,Sales,Executive,54675.64,2021-08-14,christiansilva@gmail.com,Street benefit home.
EMP17347,Joseph Herrera,IT,Executive,54675.64,2021-09-08,shannonmendez@gardner.com,Often enter decide.
EMP17348,Karen Hull,Sales,Intern,54675.64,2021-07-03,santosmathew@hotmail.com,Most medical life.
EMP17349,Kevin Walker,IT,Manager,54675.64,2020-06-25,santiagojason@yahoo.com,All PM follow other.
EMP17350,Javier Parks,Sales,Executive,54675.64,2022-01-16,amandajones@yahoo.com,Blue address.
EMP17351,David Blackburn,Finance,Executive,54675.64,2022-07-02,jbolton@gmail.com,Positive commercial.
EMP17352,James Estrada,IT,Intern,54675.64,2023-10-10,nicoleaguilar@gmail.com,Including white.
EMP17353,Susan Martinez,IT,Manager,54675.64,2022-01-03,rachel20@shaffer.com,Order interesting.
EMP17354,Brooke Parker,Sales,Intern,54675.64,2021-04-29,danielle03@gmail.com,Budget side myself.
EMP17355,Paul Brown,IT,Analyst,54675.64,2023-10-12,stephanieshannon@soto.com,Again whose.
EMP17356,Brandon Dominguez,Sales,Manager,54675.64,2021-10-12,bergrebecca@key.com,Administration.
EMP17357,Megan Clark,IT,Manager,54675.64,2020-01-04,donald89@yahoo.com,Easy subject suffer.
EMP17358,Margaret Love,HR,Analyst,54675.64,2020-12-22,reyesstephanie@gmail.com,Parent drive put.
EMP17359,Jose Price,HR,Manager,54675.64,2020-03-01,rachelgreene@robinson.com,Network identify.
EMP17360,Debra Roberts,Sales,Intern,54675.64,2020-05-03,emily83@yahoo.com,Tonight might.
EMP17361,Ms. Heather Smith,Finance,Intern,54675.64,2021-09-14,hdudley@white-blair.com,Development.
EMP17362,Kaitlyn White,HR,Executive,54675.64,2023-07-31,mmoore@gmail.com,Notice down begin.
EMP17363,Jacob Price,HR,Intern,54675.64,2023-06-24,michael99@diaz.biz,Physical authority.
EMP17364,Phillip Guerra,IT,Intern,54675.64,2023-05-26,agrant@yahoo.com,Turn environmental.
EMP17365,Sabrina Flores,Finance,Manager,54675.64,2023-08-06,cynthiawood@gmail.com,Win second major.
EMP17366,Adam Guerrero,Finance,Intern,54675.64,2020-07-11,lesliehill@gmail.com,Wonder full garden.
EMP17367,Charles Jackson,Finance,Intern,54675.64,2022-07-17,timothy97@garcia.biz,Even school boy.
EMP17368,Gregory Coffey,Finance,Analyst,54675.64,2021-03-06,gpetty@hotmail.com,Quickly successful.
EMP17369,Angela Wright,Finance,Analyst,54675.64,2020-05-31,kingtimothy@gmail.com,And society foreign.
EMP17370,Stacie Lawrence,Finance,Manager,54675.64,2022-11-23,brewernathan@yahoo.com,Situation.
EMP17371,Sergio Stewart,HR,Analyst,54675.64,2020-03-12,michaelwhite@gmail.com,Talk cause choice.
EMP17372,Keith Collins,Sales,Intern,54675.64,2020-01-16,dawnbrown@hotmail.com,Cut international.
EMP17373,Dustin Baker,Sales,Manager,54675.64,2023-01-08,stevenbell@yahoo.com,Admit like.
EMP17374,Brian Rosales,Finance,Intern,54675.64,2023-07-19,amanda91@yahoo.com,System knowledge.
EMP17375,Brittany Patel,IT,Executive,54675.64,2022-06-02,hessmichael@gmail.com,Black stage.
EMP17376,Cassandra Smith,HR,Executive,54675.64,2022-06-01,christopher74@rhodes.com,West hospital after.
EMP17377,Kathryn Fernandez,IT,Analyst,54675.64,2023-01-12,gabriel38@hotmail.com,Education pick.
EMP17378,Crystal Johnson,HR,Intern,54675.64,2023-03-11,bairderic@lopez.com,Fish sometimes.
EMP17379,Michael Bell,HR,Analyst,54675.64,2021-09-25,ugordon@lewis.biz,Surface easy.
EMP17380,Michael Jones,HR,Manager,54675.64,2021-12-02,jasminemullins@roy.org,Culture family.
EMP17381,Christopher Knight,IT,Intern,54675.64,2021-12-30,jessicastephens@carey.net,Later off serious.
EMP17382,Brooke Walker,IT,Executive,54675.64,2021-03-25,monica46@smith.com,Reveal commercial.
EMP17383,Dustin Reed,Finance,Analyst,54675.64,2021-02-06,ndrake@hotmail.com,Lot let here must.
EMP17384,Anthony Cook,HR,Intern,54675.64,2022-08-19,wilsonjean@hotmail.com,Reach later page.
EMP17385,Jacob Hill,Sales,Intern,54675.64,2023-07-29,jsmith@hill-snyder.com,Something large.
EMP17386,John Garrett,HR,Executive,54675.64,2020-08-04,emma81@yahoo.com,Which receive woman.
EMP17387,James Sellers,Sales,Manager,54675.64,2023-12-27,ebaker@taylor.com,Song evening look.
EMP17388,Johnny Miller II,Finance,Executive,54675.64,2023-07-22,laurie13@gmail.com,Wind pressure.
EMP17389,Ryan Smith DDS,Finance,Manager,54675.64,2023-11-04,hickmandana@yahoo.com,Job voice Democrat.
EMP17390,Christian Jacobs,Finance,Analyst,54675.64,2022-06-14,greenmonica@sheppard.com,Affect study range.
EMP17391,Stephen Moore,HR,Analyst,54675.64,2023-08-21,walkerteresa@hotmail.com,Claim accept shake.
EMP17392,Brian Dennis,HR,Analyst,54675.64,2022-10-04,gilljohn@gmail.com,Sure somebody pull.
EMP17393,Ralph Adkins,Sales,Analyst,54675.64,2023-06-20,fletcherdavid@clark-cook.biz,Both arrive whether.
EMP17394,Joshua Brock,Sales,Manager,54675.64,2021-12-21,patelmichael@robinson.com,Back growth purpose.
EMP17395,Morgan Bonilla,IT,Manager,54675.64,2021-06-25,veleztrevor@taylor.info,Any avoid increase.
EMP17396,Stephanie Barron,Sales,Analyst,54675.64,2020-03-25,robertgriffin@yahoo.com,Each create myself.
EMP17397,Anthony Edwards,Finance,Analyst,54675.64,2023-08-08,galvananthony@boyd.com,Laugh rate way.
EMP17398,Jasmine Ross,HR,Intern,54675.64,2021-11-10,daltongary@yahoo.com,Industry specific.
EMP17399,Angela Elliott,IT,Intern,54675.64,2022-03-06,duncanrichard@gmail.com,Whatever like.
EMP17400,Jeffrey Morales,HR,Executive,54675.64,2020-04-06,davidwalker@yahoo.com,Energy somebody.
EMP17401,Tyler Poole,Finance,Manager,54675.64,2021-11-16,david36@villanueva.info,Product tough worry.
EMP17402,Mary Mills,Finance,Executive,54675.64,2021-04-01,gordonallison@gmail.com,Thought amount.
EMP17403,Joanne Johnson,Finance,Manager,54675.64,2023-05-18,adam15@mora.net,Seat serve actually.
EMP17404,Ronald Miles,IT,Manager,54675.64,2021-12-28,danielgarcia@gmail.com,Or high work.
EMP17405,Mr. Bryan Smith,HR,Analyst,54675.64,2021-06-27,lhodge@simon.biz,Purpose not someone.
EMP17406,Kathryn Bowers,Sales,Analyst,54675.64,2020-03-27,ugray@mueller.biz,Help start him.
EMP17407,David Callahan,HR,Executive,54675.64,2021-03-17,thomasemily@sanchez.com,Care born.
EMP17408,Reginald Martin,HR,Analyst,54675.64,2023-09-17,ftodd@campos.net,Defense policy.
EMP17409,Anita Moreno,IT,Analyst,54675.64,2022-01-07,pgreene@white.info,Point imagine point.
EMP17410,Janet Johnson,Sales,Analyst,54675.64,2023-09-11,austin63@gmail.com,Instead analysis.
EMP17411,Dakota Rodriguez,Sales,Intern,54675.64,2023-05-05,duffynicholas@gmail.com,Kitchen list impact.
EMP17412,Melissa Leon,HR,Manager,54675.64,2020-03-27,jeremystrickland@yahoo.com,Board back assume.
EMP17413,Tiffany Myers,Finance,Analyst,54675.64,2020-06-26,sanchezrebecca@hotmail.com,Research quite away.
EMP17414,Todd Hayes,HR,Analyst,54675.64,2022-05-27,claire03@garcia.biz,Against five treat.
EMP17415,Lisa Copeland,IT,Manager,54675.64,2020-07-04,jpeters@yahoo.com,Where since image.
EMP17416,Ronald Bailey,Finance,Executive,54675.64,2021-07-29,sharpjill@hotmail.com,Inside drop.
EMP17417,Peter Velazquez,IT,Intern,54675.64,2020-11-28,valeriesheppard@gmail.com,Less term necessary.
EMP17418,Raymond Howard,Finance,Intern,54675.64,2022-06-13,josepharnold@yahoo.com,Better bed matter.
EMP17419,Mrs. Lauren Rodriguez MD,Finance,Intern,54675.64,2020-08-20,karen19@hotmail.com,Level show fine.
EMP17420,Jacob Farrell,Finance,Intern,54675.64,2020-06-04,andrewjenkins@yahoo.com,Whose including.
EMP17421,Paul Holloway,Sales,Analyst,54675.64,2023-10-26,lonniegreen@sullivan-gardner.com,Left building.
EMP17422,Andrew Nguyen,Finance,Analyst,54675.64,2022-05-14,marshbrian@andersen.org,Short room position.
EMP17423,Rose Foster,Sales,Manager,54675.64,2023-05-16,wmaynard@hotmail.com,Blood poor section.
EMP17424,Veronica Roberts,IT,Intern,54675.64,2022-06-05,luke81@yahoo.com,Reason mouth staff.
EMP17425,Jonathan Gilmore,Finance,Intern,54675.64,2020-10-21,hernandezchad@clark-johnson.com,Onto behavior per.
EMP17426,Michael Burch,Finance,Analyst,54675.64,2021-04-24,johnsontamara@gmail.com,During something.
EMP17427,Mrs. Amber Clark,Finance,Intern,54675.64,2021-12-20,kylepeterson@yahoo.com,Along result though.
EMP17428,Donna Ward,IT,Analyst,54675.64,2022-03-23,james49@yahoo.com,However lead grow.
EMP17429,Shelly Brown,HR,Manager,54675.64,2020-05-20,raymondolson@yahoo.com,Able indeed return.
EMP17430,Holly Lam,HR,Executive,54675.64,2022-12-17,isteele@yahoo.com,Build summer season.
EMP17431,Karina Bradley,IT,Manager,54675.64,2022-07-03,andreaingram@yahoo.com,Open race make.
EMP17432,Aaron Holmes,IT,Analyst,54675.64,2020-07-21,bmcgee@yahoo.com,Bring reflect.
EMP17433,David Santiago,IT,Executive,54675.64,2022-05-08,hsuarez@cox.net,Take sea southern.
EMP17434,Sarah Ward,HR,Manager,54675.64,2021-12-20,awhitney@hotmail.com,Suddenly dream.
EMP17435,Jerry Wall,Sales,Analyst,54675.64,2020-11-28,williamssamantha@fuller.org,Least deep image.
EMP17436,Sheila Hall,IT,Analyst,54675.64,2020-05-26,ericalane@morales.com,Any sort account.
EMP17437,Monica Jackson,HR,Executive,54675.64,2023-08-27,swalker@martin.net,Stand work effort.
EMP17438,Anthony Thomas,Sales,Executive,54675.64,2022-02-01,michael98@mcclure.com,Hotel must.
EMP17439,Stephanie Rodgers,Finance,Intern,54675.64,2023-10-30,hectorjones@edwards.com,Speak task nearly.
EMP17440,Christina Hodge,Finance,Analyst,54675.64,2020-02-08,ashleyperkins@price-long.com,Else government own.
EMP17441,Alisha Mitchell,IT,Executive,54675.64,2022-08-15,amber30@jordan-brady.info,International bag.
EMP17442,Mrs. Kathy Wolf MD,Sales,Analyst,54675.64,2022-09-16,morgan48@yahoo.com,Thing head choice.
EMP17443,William Macias,HR,Executive,54675.64,2022-04-07,thomas89@gmail.com,Loss sing paper.
EMP17444,Heather Robbins,Finance,Manager,54675.64,2022-03-20,pottertony@hall.com,Begin across.
EMP17445,Christina Cannon,Finance,Intern,54675.64,2022-06-16,michaeljones@newman.info,Near soldier.
EMP17446,Dennis Glover,HR,Intern,54675.64,2020-02-19,monica84@hernandez-carter.com,Enjoy member.
EMP17447,Marie Preston,Finance,Manager,54675.64,2022-10-04,brentbennett@gmail.com,Very night property.
EMP17448,Brian Paul,Finance,Intern,54675.64,2020-03-07,brownethan@yahoo.com,Pattern marriage.
EMP17449,Samuel Snyder,IT,Executive,54675.64,2022-10-21,heatherjones@gmail.com,After fly language.
EMP17450,Daniel Bryant,Sales,Executive,54675.64,2020-05-12,matthew75@west-roach.net,Fly grow artist.
EMP17451,Jose Hurley,Sales,Intern,54675.64,2023-10-08,ibarrapaul@hotmail.com,Enjoy indicate.
EMP17452,Jill Cummings,Sales,Analyst,54675.64,2021-01-16,courtney90@hotmail.com,Clear need news.
EMP17453,Tina Thomas,Sales,Analyst,54675.64,2022-07-23,vschwartz@gmail.com,Deep summer woman.
EMP17454,Mr. Joseph Koch,HR,Analyst,54675.64,2021-10-19,alicia47@hotmail.com,Best method good.
EMP17455,Felicia Smith,Sales,Manager,54675.64,2022-10-19,jasonbrooks@price.com,Cell consider.
EMP17456,Kelsey Robbins,IT,Manager,54675.64,2020-03-08,scottnicholas@scott-miller.com,Account lawyer.
EMP17457,Nancy Vargas,HR,Manager,54675.64,2022-05-22,nicolethompson@mann-hall.com,Federal eight start.
EMP17458,Terry Smith,IT,Executive,54675.64,2020-04-06,lambamy@yahoo.com,Identify him.
EMP17459,Crystal Caldwell,Finance,Intern,54675.64,2021-04-18,coopermichelle@ortiz.com,Occur opportunity.
EMP17460,Susan Smith,Sales,Manager,54675.64,2022-02-28,peter04@gmail.com,Modern another.
EMP17461,Matthew Vang,Sales,Executive,54675.64,2022-03-08,calvin26@gmail.com,Serious field.
EMP17462,Benjamin Hall,HR,Executive,54675.64,2022-02-07,ucallahan@gmail.com,Close but occur.
EMP17463,Joy Diaz,Sales,Executive,54675.64,2020-03-10,thull@hotmail.com,Market could.
EMP17464,Monica Brown,IT,Manager,54675.64,2021-08-15,derrick38@poole-mullins.com,Worker explain box.
EMP17465,Darren Murphy,HR,Manager,54675.64,2022-01-04,robert61@fletcher-morris.com,Star possible store.
EMP17466,Alexis Barry,Sales,Executive,54675.64,2023-08-23,lisaguerrero@yahoo.com,Participant past.
EMP17467,Jasmin Schneider,IT,Manager,54675.64,2022-04-15,maryochoa@hotmail.com,Candidate black TV.
EMP17468,Billy Johnson,Finance,Executive,54675.64,2021-08-08,millerjerome@jefferson.com,Campaign series.
EMP17469,Kathryn Gutierrez,Sales,Executive,54675.64,2023-04-27,snunez@wright-ibarra.com,Need evidence smile.
EMP17470,Dana Carter,Sales,Manager,54675.64,2023-04-14,adam24@yahoo.com,Color wife dinner.
EMP17471,William Campbell,Sales,Executive,54675.64,2020-11-04,lewiseric@yahoo.com,Appear whole.
EMP17472,Lori Farrell,Finance,Manager,54675.64,2020-12-24,david57@hotmail.com,Yeah head too sing.
EMP17473,Kristopher Rodriguez,Sales,Manager,54675.64,2022-03-12,royjessica@hunter.com,Morning rest indeed.
EMP17474,Stacy Dickerson,Finance,Intern,54675.64,2020-08-01,susan67@hamilton.biz,Hope American from.
EMP17475,Donna Robles,IT,Executive,54675.64,2022-05-03,patricialloyd@hotmail.com,World sometimes.
EMP17476,George Campbell,HR,Analyst,54675.64,2020-05-14,michaelmartinez@hotmail.com,Range community.
EMP17477,James Guzman,IT,Manager,54675.64,2020-02-08,garrisonmonica@levine.com,Leg movement music.
EMP17478,Tom Rodriguez,IT,Executive,54675.64,2022-03-15,xschmidt@hotmail.com,Which discussion.
EMP17479,William Boyd,HR,Analyst,54675.64,2020-03-03,rstark@clark.com,Scientist process.
EMP17480,Robert Gonzalez,HR,Intern,54675.64,2020-09-27,msullivan@long.biz,Investment door.
EMP17481,Jennifer Mcdaniel,Sales,Intern,54675.64,2021-12-23,qanderson@wright-gilbert.com,Message just gun.
EMP17482,Aaron Jensen,Finance,Analyst,54675.64,2023-01-02,hallbrian@jenkins.com,What develop better.
EMP17483,Teresa Butler,Sales,Intern,54675.64,2021-01-18,osbornejessica@jenkins-hamilton.org,Key stock movie.
EMP17484,April Brock,IT,Analyst,54675.64,2021-09-04,sfrost@warner.com,Certainly result.
EMP17485,Joseph Cruz,Finance,Intern,54675.64,2021-12-02,brose@hotmail.com,Adult condition.
EMP17486,Mr. Christopher Larson,Sales,Intern,54675.64,2021-09-17,erik56@yahoo.com,Follow soon bill.
EMP17487,Kristina Wood,HR,Executive,54675.64,2023-09-09,nhernandez@phillips.org,Off nature partner.
EMP17488,Alexander Martin,HR,Intern,54675.64,2023-02-07,cruznatalie@yahoo.com,Turn produce sister.
EMP17489,Christopher Gates,Sales,Executive,54675.64,2022-12-20,ambertodd@gmail.com,Successful rate.
EMP17490,Valerie Bruce,Finance,Analyst,54675.64,2020-06-04,vtaylor@yahoo.com,Start mouth exist.
EMP17491,Sean Walton,IT,Intern,54675.64,2020-08-28,skoch@chung.com,Fact federal fire.
EMP17492,Cynthia Castaneda,Finance,Executive,54675.64,2021-05-06,jonathanbarry@yahoo.com,Wide product during.
EMP17493,Ryan Hawkins,Sales,Manager,54675.64,2021-12-22,peterlawrence@higgins.com,Particular table.
EMP17494,Kenneth Atkinson,HR,Analyst,54675.64,2022-01-21,benitezmark@rowland-clayton.info,East accept science.
EMP17495,Sharon Delgado,HR,Intern,54675.64,2022-10-12,amanda10@allen.net,Own wish ground.
EMP17496,Ashley Robertson,IT,Analyst,54675.64,2020-10-17,bryan06@yahoo.com,Face should late.
EMP17497,Michele Wilson,HR,Intern,54675.64,2023-06-11,tararobinson@gmail.com,Brother pretty say.
EMP17498,Erin Parker,IT,Analyst,54675.64,2023-12-31,idalton@hotmail.com,Fund others pay.
EMP17499,Barbara Rodriguez MD,IT,Analyst,54675.64,2020-06-15,jennasimmons@yahoo.com,Spend radio dream.
EMP17500,Connor Gilmore,Finance,Executive,54675.64,2023-08-31,jamesberry@gmail.com,Hear near article.
EMP17501,Andrea Perez,Finance,Analyst,54675.64,2020-03-05,darryl64@mitchell.com,Money rise him area.
EMP17502,Brian Charles,Sales,Analyst,54675.64,2023-10-22,wdougherty@hotmail.com,Never surface as.
EMP17503,Patrick Brown,Sales,Intern,54675.64,2021-10-02,mpierce@gmail.com,Brother few major.
EMP17504,Annette Jones,IT,Analyst,54675.64,2020-04-29,earl97@gilbert-zimmerman.com,Citizen agree.
EMP17505,Valerie Rodriguez,Sales,Analyst,54675.64,2022-01-14,marellano@roberts.info,Popular sound.
EMP17506,Todd Barnes,HR,Manager,54675.64,2022-10-02,kristengutierrez@gmail.com,Either bad campaign.
EMP17507,Michelle Thompson,IT,Analyst,54675.64,2022-03-23,joyceronald@gmail.com,Land response my.
EMP17508,Glenn Allen,IT,Executive,54675.64,2020-01-19,andersonkristopher@gmail.com,Consider really.
EMP17509,Barbara Monroe,Sales,Manager,54675.64,2021-11-18,pamela26@hotmail.com,Hospital nearly ten.
EMP17510,Dr. John Mitchell,Finance,Intern,54675.64,2023-12-27,brownmaria@gmail.com,You machine push.
EMP17511,William Peters,IT,Manager,54675.64,2020-07-19,martinronald@hotmail.com,Black amount.
EMP17512,Brian Smith,IT,Analyst,54675.64,2022-02-20,michael06@hotmail.com,Specific least.
EMP17513,Melanie Miller,Finance,Intern,54675.64,2022-12-26,phillip44@green-anthony.com,Clear there edge.
EMP17514,Christopher Jones,Finance,Executive,54675.64,2020-08-20,iphillips@white.info,Mention none you.
EMP17515,Misty Hall,IT,Manager,54675.64,2020-04-25,emily03@hotmail.com,Bad billion term.
EMP17516,Benjamin Ward PhD,Sales,Intern,54675.64,2021-12-05,ttownsend@murphy.com,Quality course.
EMP17517,Rebecca Reyes,IT,Manager,54675.64,2020-11-20,wlewis@yahoo.com,Painting off seven.
EMP17518,Taylor Mckinney,IT,Intern,54675.64,2021-12-27,snowyolanda@gmail.com,Source report.
EMP17519,Andrew Norris,IT,Executive,54675.64,2020-01-06,lmorales@jones-hall.com,Prepare skin son.
EMP17520,Patrick Fowler,Sales,Manager,54675.64,2020-03-24,nicole58@hotmail.com,Central system.
EMP17521,Stephanie Walker,Finance,Analyst,54675.64,2022-12-05,cchapman@gmail.com,Fact sell month.
EMP17522,Brandon Morris,IT,Intern,54675.64,2022-12-01,rmcintosh@myers.com,System either.
EMP17523,Crystal Greene,Finance,Manager,54675.64,2021-12-12,ujones@allen.info,Vote question.
EMP17524,Maria Watts,IT,Intern,54675.64,2020-07-07,tanya60@davidson-valencia.org,Process position.
EMP17525,Stacey Wallace,Sales,Analyst,54675.64,2022-11-20,unavarro@yahoo.com,Physical term tough.
EMP17526,Benjamin Lloyd,IT,Intern,54675.64,2020-10-15,brianmercado@perez.com,Raise growth money.
EMP17527,Christopher Davis,IT,Executive,54675.64,2022-10-04,nbrooks@yahoo.com,During it herself.
EMP17528,Kathy Graham,Finance,Intern,54675.64,2023-08-24,danabarnes@hotmail.com,Forget road sign.
EMP17529,Janice Stewart,IT,Intern,54675.64,2022-05-20,duncanwilliam@yahoo.com,Seven too imagine.
EMP17530,Mrs. Jennifer Vaughn,IT,Executive,54675.64,2023-08-04,stephanie98@gmail.com,Decision its.
EMP17531,Adam Harrison,IT,Intern,54675.64,2023-11-13,mcleanthomas@gmail.com,Seat appear.
EMP17532,Leah Taylor,Finance,Intern,54675.64,2021-02-09,vanessa91@yahoo.com,Outside civil these.
EMP17533,Samantha Martinez,HR,Intern,54675.64,2022-09-17,amber72@gmail.com,Green care space.
EMP17534,Dawn Flores,Finance,Manager,54675.64,2021-10-06,felicia60@yahoo.com,Imagine positive.
EMP17535,Heather Mann,IT,Executive,54675.64,2021-06-03,dayjasmine@yahoo.com,Force yes research.
EMP17536,Roger Barrett,HR,Analyst,54675.64,2020-03-10,cody29@gmail.com,Become everybody.
EMP17537,Ashley Davis,Finance,Analyst,54675.64,2022-04-10,williemeadows@bailey.org,Movement nearly.
EMP17538,Brittney Diaz,Finance,Analyst,54675.64,2021-06-05,burtoncharles@hotmail.com,Claim affect.
EMP17539,Barbara Sheppard,HR,Manager,54675.64,2023-01-30,kelly39@knight-bailey.net,Program consider.
EMP17540,Heather Davis,HR,Intern,54675.64,2021-03-06,dstone@gmail.com,Us instead.
EMP17541,Ryan Finley,HR,Intern,54675.64,2020-12-01,rstephens@hotmail.com,Side mean chance.
EMP17542,Mark Johnson,HR,Analyst,54675.64,2023-08-28,taylorjames@gmail.com,Nearly need total.
EMP17543,Janet Pennington,Sales,Analyst,54675.64,2020-02-25,astafford@gmail.com,Later us eat poor.
EMP17544,Jeffrey Zamora,Sales,Executive,54675.64,2021-05-23,robertdavis@bass.com,Poor ever visit.
EMP17545,Jenna Williams,Sales,Manager,54675.64,2022-10-21,amy50@yahoo.com,Tough establish war.
EMP17546,Christy Mcbride,HR,Intern,54675.64,2022-10-19,rebeccamcclure@mcguire-smith.com,Attorney turn.
EMP17547,Jennifer Noble,IT,Executive,54675.64,2020-08-25,rhondarubio@hotmail.com,Clear remain drive.
EMP17548,Kara Doyle,IT,Analyst,54675.64,2023-05-18,diane77@cabrera.net,Real network every.
EMP17549,Jennifer Mason,IT,Analyst,54675.64,2020-03-02,molly24@gmail.com,Enjoy garden treat.
EMP17550,Terry Bowman,Finance,Executive,54675.64,2020-04-17,caitlin59@yahoo.com,Next fly so example.
EMP17551,Tracey Stanton,IT,Intern,54675.64,2020-06-18,lmacias@rogers.com,Away painting box.
EMP17552,Dr. Lisa Ward DDS,Sales,Intern,54675.64,2020-06-23,susancampbell@yahoo.com,Sit three necessary.
EMP17553,Oscar Reed,HR,Executive,54675.64,2023-02-15,christinamccoy@gmail.com,Computer bed fish.
EMP17554,Keith Johnson,Finance,Intern,54675.64,2023-10-14,patrick52@casey.com,None vote difficult.
EMP17555,Eric Cox,Sales,Executive,54675.64,2020-05-18,oabbott@hotmail.com,Better focus.
EMP17556,Michelle Dixon,IT,Analyst,54675.64,2021-12-07,bhamilton@clark.com,Light peace sign.
EMP17557,Garrett Schroeder,HR,Intern,54675.64,2022-02-10,joyramos@hotmail.com,Southern far.
EMP17558,Daniel Hines,IT,Executive,54675.64,2021-04-23,nicoleking@yahoo.com,I former heavy.
EMP17559,Lawrence Murray,Sales,Intern,54675.64,2021-08-13,jenniferrodriguez@oliver.com,Future control edge.
EMP17560,Amanda Davis,Sales,Manager,54675.64,2021-08-13,savagejohn@gmail.com,Challenge head seat.
EMP17561,Nathan Ayala,Sales,Intern,54675.64,2021-11-28,thomasmurray@henry.org,Capital if create.
EMP17562,Christine Howe,IT,Manager,54675.64,2021-11-02,ehurst@orr.net,Claim section.
EMP17563,Lisa Lopez,HR,Executive,54675.64,2021-10-30,ugarcia@irwin.info,Soon training.
EMP17564,Jasmine Booth,HR,Manager,54675.64,2020-04-22,jmorris@yahoo.com,Look opportunity.
EMP17565,Emily Price,Finance,Manager,54675.64,2020-03-25,jenniferhaas@burke-logan.info,Admit tough prepare.
EMP17566,Jacob Fuller,Finance,Manager,54675.64,2020-08-17,tararobinson@yahoo.com,Relate process leg.
EMP17567,Anthony Liu,Finance,Executive,54675.64,2021-07-04,trannatalie@williams.com,Wish best total.
EMP17568,Jackie Odonnell,Sales,Intern,54675.64,2022-05-13,tinaarmstrong@gmail.com,Discover about.
EMP17569,Charles Reid,HR,Manager,54675.64,2023-03-24,paynecurtis@yahoo.com,Through property.
EMP17570,Mrs. Misty Jones,IT,Manager,54675.64,2020-10-06,mitchelltamara@yahoo.com,Growth remain next.
EMP17571,Aaron Williams,HR,Analyst,54675.64,2022-04-12,carternicole@yahoo.com,Their fast language.
EMP17572,Whitney Reese,IT,Executive,54675.64,2022-03-10,ruizeric@yahoo.com,Democratic probably.
EMP17573,Nathan Walters DVM,Finance,Analyst,54675.64,2021-07-18,danielmays@gmail.com,Beat subject.
EMP17574,Helen Mendoza,Sales,Analyst,54675.64,2023-02-26,gardnersteven@yahoo.com,Stay development.
EMP17575,Andrew Ellis,Sales,Executive,54675.64,2020-04-18,jessicanguyen@morales-cain.net,Risk realize factor.
EMP17576,Joyce Hernandez,Finance,Intern,54675.64,2021-11-26,yallen@yahoo.com,Just Democrat item.
EMP17577,Jeremiah Martinez,Sales,Intern,54675.64,2022-07-18,greenscott@hotmail.com,Who sell seat among.
EMP17578,Edward Carlson,Finance,Intern,54675.64,2021-06-01,roybrandon@hotmail.com,Modern tax left.
EMP17579,Sarah Murphy,HR,Intern,54675.64,2020-07-03,justin62@hotmail.com,Free arm Democrat.
EMP17580,Lindsey Davis,IT,Manager,54675.64,2021-08-29,taylor00@gmail.com,Accept land figure.
EMP17581,Richard Lewis,Sales,Analyst,54675.64,2020-01-14,charlesyoung@thomas.com,See cell trial.
EMP17582,Matthew Shaw,Finance,Manager,54675.64,2022-08-28,andersonashley@yahoo.com,Floor memory charge.
EMP17583,Steven Mcpherson,IT,Manager,54675.64,2020-03-09,roger47@yahoo.com,Include pressure.
EMP17584,Sarah Richardson,Finance,Manager,54675.64,2021-06-08,saustin@hotmail.com,Once idea travel.
EMP17585,Dr. Kristen Edwards DDS,Sales,Intern,54675.64,2020-11-27,manningaimee@hotmail.com,Dark stage where.
EMP17586,Andrew Case,IT,Executive,54675.64,2021-10-05,serranoemily@henry.org,Upon better visit.
EMP17587,Christina Fleming,Sales,Analyst,54675.64,2022-11-27,kochchristina@yahoo.com,Scientist new these.
EMP17588,Blake Noble,IT,Analyst,54675.64,2021-10-31,michael97@edwards-smith.biz,Television central.
EMP17589,Diana Miller,IT,Executive,54675.64,2020-11-05,curtis66@yahoo.com,Put his option.
EMP17590,Justin Davidson,Finance,Manager,54675.64,2022-12-24,cristinamejia@hunter.biz,Off effect inside.
EMP17591,Shawn Frazier,IT,Manager,54675.64,2022-08-02,xtorres@gmail.com,Same serve.
EMP17592,Robert Mckenzie,HR,Manager,54675.64,2021-02-18,milesadam@gmail.com,Guy adult easy.
EMP17593,Aaron Smith,Sales,Intern,54675.64,2022-10-05,prestonjoshua@gmail.com,Career population.
EMP17594,Mary Allen,Finance,Executive,54675.64,2023-12-20,hoffmanbrianna@gmail.com,Now through staff.
EMP17595,Emily Leach,IT,Analyst,54675.64,2021-03-09,derrickwood@kim.com,Send open positive.
EMP17596,Desiree Jimenez,HR,Intern,54675.64,2023-07-26,qnelson@jackson-rivera.com,Doctor very make.
EMP17597,Heather Cochran,HR,Intern,54675.64,2022-08-31,nathan41@gmail.com,Most school fill.
EMP17598,Eric Roberts,HR,Analyst,54675.64,2020-08-14,bradleyjones@yahoo.com,Candidate attention.
EMP17599,Courtney Jackson DVM,Finance,Executive,54675.64,2020-07-27,tanyacastro@clark.com,High beyond.
EMP17600,Monica Moyer,IT,Analyst,54675.64,2023-12-10,jacquelinemack@hotmail.com,Be tax think nice.
EMP17601,Casey Gonzalez,IT,Analyst,54675.64,2021-03-15,atkinsmichael@thomas.net,Travel develop he.
EMP17602,Tommy Gomez,HR,Executive,54675.64,2020-02-25,blanchardwendy@hotmail.com,Picture born carry.
EMP17603,Brenda Vincent,Finance,Analyst,54675.64,2023-01-28,tatemichael@gaines.com,Garden either.
EMP17604,Timothy Barton,Sales,Manager,54675.64,2020-10-16,allenjessica@miller-perez.com,Somebody protect.
EMP17605,Donald Medina,IT,Manager,54675.64,2023-08-11,lindsey57@jones.com,Meeting season.
EMP17606,Sean Miller,IT,Executive,54675.64,2020-08-01,amcneil@melton.net,Authority focus.
EMP17607,Kristen David,Sales,Intern,54675.64,2022-03-20,bsmith@jones.com,Region unit.
EMP17608,Cassandra Brown,IT,Intern,54675.64,2022-04-13,annettewilkins@holmes.net,Produce clear pull.
EMP17609,Joshua Garner,Sales,Intern,54675.64,2021-05-24,justin11@schmidt.net,Director develop.
EMP17610,Charles Pratt,Sales,Manager,54675.64,2021-10-21,burnsdanny@hughes-scott.biz,Today tax piece be.
EMP17611,Stephanie Lane,IT,Intern,54675.64,2020-09-26,dennisnicole@yahoo.com,Believe break.
EMP17612,Stacey Butler PhD,HR,Manager,54675.64,2023-04-04,patrickanderson@cooper.com,Pressure notice.
EMP17613,Sheila White,IT,Manager,54675.64,2021-01-06,michele62@yahoo.com,Describe high oil.
EMP17614,Gregory Bradley,HR,Analyst,54675.64,2020-01-12,adrianmiller@arnold.info,Least take everyone.
EMP17615,Alisha Jackson,IT,Analyst,54675.64,2022-09-14,stewartalex@gmail.com,Whether concern me.
EMP17616,Jacob Jones,Finance,Intern,54675.64,2023-11-16,michael20@smith.com,Wonder clear field.
EMP17617,Gabrielle Lee,HR,Intern,54675.64,2023-12-17,johnsonbryan@kline.biz,Stay major success.
EMP17618,Debra Boyd,Sales,Manager,54675.64,2022-08-01,brett58@reyes.info,Happy success.
EMP17619,Katie Chen,HR,Intern,54675.64,2021-07-28,sherriharris@morris.com,Rise drug measure.
EMP17620,Elizabeth Huber,HR,Intern,54675.64,2021-04-02,tcampbell@stewart.com,Choice capital.
EMP17621,Amanda Warren,IT,Manager,54675.64,2022-06-23,timothy07@sandoval.info,Risk less pay again.
EMP17622,Stephen Jones,Finance,Executive,54675.64,2022-11-19,gclark@rojas.com,Financial movement.
EMP17623,Derek Brown,Sales,Intern,54675.64,2020-12-07,christopher71@gmail.com,Charge executive.
EMP17624,Eric Fields,Finance,Manager,54675.64,2023-08-31,sjuarez@ryan.com,Sport natural.
EMP17625,Angela Franklin,HR,Intern,54675.64,2020-02-24,tyler68@yahoo.com,Economy stand free.
EMP17626,Amanda Mcgrath,Finance,Intern,54675.64,2020-07-16,swansonkelly@espinoza.com,Others life city.
EMP17627,Sean Ballard,Finance,Executive,54675.64,2023-08-22,hallwendy@yahoo.com,Study fall heart.
EMP17628,Miranda Ingram,Finance,Manager,54675.64,2023-12-13,matthew57@moore-vincent.com,Push act fill bring.
EMP17629,Jonathan Richard,HR,Analyst,54675.64,2023-11-22,david39@yahoo.com,Article method.
EMP17630,Blake Perkins,Finance,Executive,54675.64,2020-07-15,zacharycrane@yahoo.com,Congress.
EMP17631,Matthew Perez,Finance,Intern,54675.64,2023-08-18,dyoder@hotmail.com,National approach.
EMP17632,William Brown,IT,Manager,54675.64,2022-09-04,emitchell@huber-perez.biz,Provide always task.
EMP17633,Daniel Jones,Sales,Executive,54675.64,2020-07-17,hkelley@gardner-bryant.com,Actually design.
EMP17634,Tara Mcintyre,HR,Manager,54675.64,2023-01-26,jfarrell@baker.com,Pressure TV.
EMP17635,Kathryn Thornton,Finance,Analyst,54675.64,2022-05-19,ariana53@bender-moore.com,Imagine court of.
EMP17636,Jesus Bell,Finance,Executive,54675.64,2020-01-19,johnsonjason@potter.com,Nothing article.
EMP17637,Gina Ward,IT,Executive,54675.64,2020-06-21,bridget71@yahoo.com,Something.
EMP17638,Charles Parks,Sales,Analyst,54675.64,2020-11-05,amanda09@gmail.com,Never artist east.
EMP17639,Troy White,HR,Intern,54675.64,2021-12-04,elizabeth11@gmail.com,Design lawyer.
EMP17640,Kevin Blake,Finance,Intern,54675.64,2021-04-03,zrobertson@gmail.com,Indeed exactly.
EMP17641,Nicholas Orr,HR,Manager,54675.64,2023-11-25,wheelerlori@kirk.com,Answer great sister.
EMP17642,Kathryn Scott,Finance,Analyst,54675.64,2022-02-17,burtoncameron@hotmail.com,American author.
EMP17643,Gina King,Finance,Analyst,54675.64,2022-05-09,christopher36@fleming.biz,Pull realize know.
EMP17644,Tammy Johnson,HR,Executive,54675.64,2022-06-24,stuartmary@gmail.com,Republican good.
EMP17645,Charles Baird,HR,Manager,54675.64,2022-03-02,jamie22@gmail.com,Issue during north.
EMP17646,Stephanie Johnston,Finance,Intern,54675.64,2022-04-03,bernardnicholas@hood.com,Special collection.
EMP17647,Mrs. Tracy Ross,HR,Executive,54675.64,2023-11-03,austinhaas@yahoo.com,Science single day.
EMP17648,Jessica Calhoun,Sales,Executive,54675.64,2020-10-08,matthewmorales@williams-rivera.org,Individual PM often.
EMP17649,Diana Williams,HR,Executive,54675.64,2020-11-20,kyoung@fields-lindsey.info,Yourself white.
EMP17650,Mary Pacheco,HR,Executive,54675.64,2021-10-25,stephenwang@gmail.com,Owner discuss.
EMP17651,Paul Roberts,HR,Intern,54675.64,2023-04-10,wblake@gmail.com,Process Republican.
EMP17652,Timothy Morris,HR,Analyst,54675.64,2022-04-18,taylormichele@martinez-hill.info,Him assume upon.
EMP17653,Luis Kennedy,Finance,Intern,54675.64,2020-10-18,jean30@yahoo.com,Instead somebody.
EMP17654,Dana Chavez,IT,Manager,54675.64,2022-11-06,dsmith@thomas-lamb.com,Though in speech.
EMP17655,Patrick Robertson,Finance,Intern,54675.64,2021-12-20,gina10@jackson.com,Reduce cup money.
EMP17656,Angela Sampson,Finance,Analyst,54675.64,2022-09-17,barryhunter@yahoo.com,Audience develop.
EMP17657,Heather Hicks,Sales,Intern,54675.64,2021-08-30,victorgraves@hicks-smith.com,Laugh usually trade.
EMP17658,Daniel Waters,Finance,Intern,54675.64,2020-11-17,watsonpamela@hotmail.com,Whose wear late.
EMP17659,Nicole Cook,Finance,Executive,54675.64,2023-03-07,zjackson@west-wright.com,Type color ready.
EMP17660,Brianna Patton,Sales,Executive,54675.64,2021-05-10,qgutierrez@green-hughes.info,Direction hear boy.
EMP17661,Denise Coleman,Sales,Executive,54675.64,2022-08-14,qbrewer@santos-powers.com,Wide discussion.
EMP17662,Morgan Nguyen,HR,Analyst,54675.64,2022-03-17,josephgood@white-howell.com,Admit agency nearly.
EMP17663,Emily Stewart,Finance,Intern,54675.64,2023-11-22,antonio76@gmail.com,Program couple let.
EMP17664,Ryan Middleton,Sales,Intern,54675.64,2023-04-13,joshuabenitez@hotmail.com,Meeting identify.
EMP17665,Cristina Thomas,Finance,Analyst,54675.64,2021-10-11,tapiapamela@gmail.com,And surface sign.
EMP17666,Zoe Davis,Finance,Manager,54675.64,2022-04-02,gmeyer@harris-middleton.com,Go analysis focus.
EMP17667,Luke Smith,Finance,Manager,54675.64,2020-08-07,acarney@gmail.com,Prove heart.
EMP17668,Levi Jones,HR,Intern,54675.64,2023-03-21,andrewbrooks@hotmail.com,Offer leader.
EMP17669,Richard Myers,HR,Executive,54675.64,2021-09-29,zoelozano@gardner-mccarthy.com,Service sort late.
EMP17670,Donna Wilson,Finance,Analyst,54675.64,2022-01-27,hrobertson@myers-davis.com,Education likely.
EMP17671,Jennifer Lopez,IT,Analyst,54675.64,2020-07-09,myerssamuel@gmail.com,Expect away.
EMP17672,Adrian Phillips,Finance,Executive,54675.64,2021-09-27,adriansimpson@campos-allen.com,Establish make half.
EMP17673,Christina Ford,HR,Executive,54675.64,2021-11-19,katelynjones@yahoo.com,Than mean happy.
EMP17674,Sara Bright,Sales,Executive,54675.64,2023-09-04,gabrielle63@hotmail.com,Have theory place.
EMP17675,April Riley,Finance,Intern,54675.64,2022-05-22,sjohnson@hotmail.com,Color stuff return.
EMP17676,Jennifer Morrow,HR,Executive,54675.64,2022-02-15,kirklauren@pena.com,And loss through.
EMP17677,Robert Porter,Sales,Analyst,54675.64,2021-11-17,fritzryan@delacruz-marquez.com,New whatever his.
EMP17678,Christina Gonzalez,HR,Executive,54675.64,2022-01-02,tmoran@brown.com,Total film yard.
EMP17679,Connie Taylor,IT,Manager,54675.64,2020-06-21,robertmontoya@yahoo.com,Year serious.
EMP17680,Jamie Dixon,HR,Intern,54675.64,2020-08-20,rebekahclark@gmail.com,Crime other break.
EMP17681,Victoria Allen,Finance,Executive,54675.64,2022-07-20,cassandra82@yahoo.com,Kind green despite.
EMP17682,Rodney Jennings,Sales,Executive,54675.64,2023-06-10,allenralph@stone-cervantes.com,Change shoulder.
EMP17683,Christina Shaffer,Finance,Intern,54675.64,2022-01-20,acevedomark@yahoo.com,Dream structure.
EMP17684,Mary Bell,Finance,Executive,54675.64,2021-10-12,louisphelps@gmail.com,Soon indeed dark.
EMP17685,Eric Fox,IT,Manager,54675.64,2020-03-25,kylelopez@lewis-garza.com,Explain similar.
EMP17686,James Woods,HR,Analyst,54675.64,2022-08-30,floresheather@james-white.com,Pattern evening.
EMP17687,Laura Richardson,IT,Manager,54675.64,2022-05-30,ivaughan@villa-hooper.com,Person read drive.
EMP17688,Leah Lopez,HR,Manager,54675.64,2020-01-24,usmith@hotmail.com,Push we allow.
EMP17689,Keith Garcia,IT,Analyst,54675.64,2022-02-07,john20@gmail.com,Why change pretty.
EMP17690,Nathan Ho,HR,Manager,54675.64,2020-11-12,patricia68@yahoo.com,Hour artist foreign.
EMP17691,Christina Townsend,Sales,Analyst,54675.64,2022-05-02,sheri80@yahoo.com,So authority really.
EMP17692,Shawn Burke,Finance,Executive,54675.64,2023-06-16,ugrimes@hotmail.com,Sign sort possible.
EMP17693,Ashlee Mcintosh,HR,Intern,54675.64,2022-08-22,waustin@adams.com,Sea security three.
EMP17694,Patricia Sandoval,Sales,Analyst,54675.64,2022-02-27,smithcaitlin@frye.net,Staff idea all list.
EMP17695,Helen Yang,HR,Manager,54675.64,2020-09-16,fbrennan@gmail.com,Strategy hand.
EMP17696,Tracy Anderson,HR,Executive,54675.64,2021-09-03,zmoore@ward.net,Cell peace long.
EMP17697,Jesse Fernandez,Finance,Manager,54675.64,2022-08-25,sherrymack@hotmail.com,Approach hot after.
EMP17698,Carol Edwards,Finance,Executive,54675.64,2023-05-29,robertmoody@mccoy.net,Phone to list edge.
EMP17699,Chelsea Bell,Sales,Manager,54675.64,2020-09-01,shaun85@robinson.com,Brother rate many.
EMP17700,Troy Soto,Finance,Executive,54675.64,2021-01-25,tatejacqueline@gmail.com,Yourself western.
EMP17701,Raymond Cox,Finance,Executive,54675.64,2021-01-19,lorisimon@gmail.com,Community four fill.
EMP17702,Adrienne Evans,Sales,Manager,54675.64,2021-03-28,adrake@williams.biz,Matter serious.
EMP17703,Brian Johnson,Finance,Manager,54675.64,2023-01-05,crystaljohnson@yahoo.com,Star nearly.
EMP17704,Patrick Hill,Sales,Executive,54675.64,2021-05-22,jordankevin@gmail.com,Fill view recognize.
EMP17705,Mark Maldonado,Sales,Manager,54675.64,2023-05-26,gracelambert@gmail.com,Hear necessary.
EMP17706,Terry Baker,Finance,Manager,54675.64,2023-05-12,ariasbrianna@hotmail.com,Key reduce across.
EMP17707,Lauren Cruz,HR,Executive,54675.64,2022-06-09,kimberlyvillanueva@gmail.com,Anyone game person.
EMP17708,Jane Fletcher,Finance,Intern,54675.64,2021-10-09,kristenhernandez@myers.com,Care fall product.
EMP17709,Russell Smith,Finance,Analyst,54675.64,2020-02-29,kevinhanson@taylor-elliott.com,Size far something.
EMP17710,Cory Morgan,HR,Executive,54675.64,2021-05-11,opatel@hill.com,Program show yard.
EMP17711,Elizabeth Johnson,Finance,Analyst,54675.64,2020-09-10,rosecassandra@lopez-carrillo.com,Upon join program.
EMP17712,Dr. Arthur Hunter DDS,Finance,Intern,54675.64,2022-07-18,hendrixmichael@hotmail.com,Friend interesting.
EMP17713,Kenneth Barton,HR,Manager,54675.64,2023-09-27,perkinsryan@smith-tucker.biz,News room wonder.
EMP17714,Ashley Johnson,Sales,Analyst,54675.64,2022-05-31,lindamcintosh@gmail.com,Listen across move.
EMP17715,Alexander Lopez,HR,Manager,54675.64,2022-10-29,andersonaaron@martin.biz,Window represent.
EMP17716,Kaitlyn Hull,HR,Executive,54675.64,2022-06-14,spadilla@owen-gentry.info,Them card despite.
EMP17717,Sarah Thompson,IT,Executive,54675.64,2021-03-04,turnerwarren@gmail.com,Many lose you next.
EMP17718,Erin Kelley,IT,Intern,54675.64,2021-06-12,tiffany59@gmail.com,Generation hold.
EMP17719,Samuel Serrano,Sales,Executive,54675.64,2021-06-02,agomez@gmail.com,Keep institution.
EMP17720,Timothy Gonzalez,Finance,Manager,54675.64,2020-04-12,joseph10@yahoo.com,Surface friend.
EMP17721,Brendan Miller,Sales,Manager,54675.64,2021-03-16,sburgess@gonzales.com,Forward since wind.
EMP17722,David Schaefer,Finance,Intern,54675.64,2022-05-09,hurleymark@yahoo.com,West free scene set.
EMP17723,Angela Brown,IT,Manager,54675.64,2020-10-07,martinpaul@gmail.com,Baby century.
EMP17724,Janice Becker,HR,Executive,54675.64,2021-03-14,caroline30@yahoo.com,Measure campaign.
EMP17725,Rhonda Carter,HR,Manager,54675.64,2022-06-29,yferrell@gmail.com,Ago degree just.
EMP17726,John Young,Sales,Intern,54675.64,2020-09-28,rarnold@gmail.com,Recognize skin.
EMP17727,Jacqueline Burns,HR,Analyst,54675.64,2020-10-20,patrickmccoy@gmail.com,Arrive model hear.
EMP17728,Andrew Harmon,HR,Executive,54675.64,2020-12-07,robin26@thompson.com,Must mouth space.
EMP17729,Kyle Trevino,IT,Intern,54675.64,2023-12-21,greed@gmail.com,Wait shoulder open.
EMP17730,Paula House,IT,Manager,54675.64,2021-08-22,alexanderhill@hotmail.com,White play network.
EMP17731,Chase Day,Sales,Manager,54675.64,2023-08-22,kevinramirez@gmail.com,Society official.
EMP17732,Valerie Lawson,Finance,Intern,54675.64,2023-04-23,rachellam@johnston.com,Theory notice old.
EMP17733,Amy Hodge,Sales,Analyst,54675.64,2022-11-27,mstone@blair.com,Black believe.
EMP17734,Brenda Sanchez,IT,Intern,54675.64,2020-01-23,sarah88@gmail.com,Market choose.
EMP17735,Carolyn Davidson,HR,Executive,54675.64,2021-08-23,uthompson@hotmail.com,Expert down he.
EMP17736,Maria Smith,Finance,Intern,54675.64,2022-09-12,brooksandrea@farmer-davis.com,Movie off gas third.
EMP17737,Ivan Franco,IT,Intern,54675.64,2022-11-25,droberts@salazar.net,Five use book bar.
EMP17738,Sharon Kane,IT,Analyst,54675.64,2021-03-09,tammiecollins@garrett.com,Pull service.
EMP17739,Wayne Perez,Finance,Manager,54675.64,2021-09-01,gbarker@hotmail.com,Such society wear.
EMP17740,Allison Miller,Finance,Manager,54675.64,2022-06-27,annettewong@gmail.com,Floor candidate.
EMP17741,Miss Denise Hunter DVM,Sales,Analyst,54675.64,2023-10-21,sheppardjennifer@yahoo.com,Charge both number.
EMP17742,Jessica Good,Finance,Executive,54675.64,2022-06-18,davidbaker@jordan-wallace.com,Fall it vote of.
EMP17743,Joseph Garcia,Finance,Intern,54675.64,2021-03-22,stacey51@pena.biz,Poor follow.
EMP17744,Richard Henderson,HR,Intern,54675.64,2022-09-01,michaelpruitt@yahoo.com,Customer you modern.
EMP17745,Kelly Stephens,Sales,Manager,54675.64,2022-06-12,lpayne@gmail.com,Trade loss machine.
EMP17746,Christian Nichols,Finance,Analyst,54675.64,2020-11-05,pturner@gmail.com,Time financial.
EMP17747,Jennifer Charles,Sales,Executive,54675.64,2020-03-19,eric72@arnold.com,More water piece.
EMP17748,Jason Hall,Finance,Manager,54675.64,2020-02-29,christinahobbs@charles.com,Ok series stock key.
EMP17749,Jason Nguyen,IT,Analyst,54675.64,2021-10-15,joe77@torres.net,We impact mother.
EMP17750,Eric Berry,IT,Analyst,54675.64,2021-01-17,jonesbobby@gmail.com,Begin throughout.
EMP17751,Scott Dixon,Sales,Executive,54675.64,2021-07-25,dukeanthony@yahoo.com,Sister sometimes.
EMP17752,Tyler Suarez Jr.,IT,Intern,54675.64,2023-09-01,danielwise@silva-peterson.com,Ok hard born source.
EMP17753,Scott Miller,IT,Manager,54675.64,2021-03-24,vmartinez@yahoo.com,Along food such.
EMP17754,James Reynolds,Finance,Executive,54675.64,2022-06-05,virginia72@gmail.com,Process Democrat.
EMP17755,Nicholas Phelps,HR,Intern,54675.64,2022-09-19,kevin32@yahoo.com,Describe truth.
EMP17756,Grace Braun,Finance,Executive,54675.64,2023-10-22,charles52@evans.net,Must suffer kind.
EMP17757,Phillip Gray,HR,Intern,54675.64,2023-01-30,wardkathleen@hotmail.com,Bill national high.
EMP17758,Terri Jones,Sales,Manager,54675.64,2020-08-18,mwaters@hotmail.com,Store require.
EMP17759,Jacqueline Mckee,HR,Manager,54675.64,2023-11-30,umiller@hotmail.com,Fly boy argue eight.
EMP17760,Deborah Brady,Sales,Executive,54675.64,2023-02-22,melissa80@hotmail.com,Though those couple.
EMP17761,Travis Molina,HR,Executive,54675.64,2022-08-19,janetlove@yahoo.com,Run visit somebody.
EMP17762,Lori Hopkins,IT,Intern,54675.64,2023-09-27,coletimothy@yahoo.com,Mean affect growth.
EMP17763,Jonathan Cherry,IT,Intern,54675.64,2021-04-01,nicole50@gmail.com,Player a instead.
EMP17764,Abigail Gordon,Sales,Manager,54675.64,2020-01-04,uberry@yahoo.com,Daughter start.
EMP17765,Jackie Thompson,HR,Analyst,54675.64,2023-10-25,mariah40@murray.net,Exist Democrat.
EMP17766,Jacqueline Fernandez,IT,Analyst,54675.64,2020-08-04,edwardsangela@yahoo.com,Little past bank.
EMP17767,Danielle Garcia,Sales,Intern,54675.64,2023-05-15,sotosandra@hotmail.com,Car list crime bed.
EMP17768,Rebecca Montoya,HR,Intern,54675.64,2021-04-16,williamsamy@case-bauer.com,Go both wonder.
EMP17769,Larry Robinson,IT,Manager,54675.64,2023-07-10,jcampbell@hotmail.com,If manage country.
EMP17770,Travis Parks,Finance,Analyst,54675.64,2023-10-10,griffinjames@yahoo.com,Action food among.
EMP17771,Darryl Holmes,HR,Analyst,54675.64,2021-12-01,rebecca70@gmail.com,Method newspaper.
EMP17772,Brandon Lopez,Sales,Executive,54675.64,2020-12-23,christinajimenez@johnson.org,Economy southern.
EMP17773,Sharon Horton DVM,Finance,Executive,54675.64,2023-05-30,noahlang@yahoo.com,Special already.
EMP17774,Christopher Williams,Finance,Executive,54675.64,2021-11-09,amandaconway@yahoo.com,Performance man red.
EMP17775,Richard Blackwell,Sales,Intern,54675.64,2020-12-14,cjones@mckinney-ballard.biz,Mr rich involve.
EMP17776,John Barber,Finance,Analyst,54675.64,2020-09-17,ian18@patel.net,Speak parent sell.
EMP17777,Justin Bailey,Sales,Executive,54675.64,2020-12-03,brandon37@gmail.com,Tell trade stop see.
EMP17778,Angela Wade,IT,Intern,54675.64,2021-04-07,nancy70@yahoo.com,Production serious.
EMP17779,Raymond Wiley,Sales,Analyst,54675.64,2022-02-08,brianmunoz@hotmail.com,Social floor have.
EMP17780,Peter Young,Finance,Analyst,54675.64,2023-06-30,stewartdouglas@wilson.biz,Certainly because.
EMP17781,Natalie Swanson,Finance,Executive,54675.64,2023-01-17,riverajeffery@rivas.com,Everybody.
EMP17782,Bryan Evans,HR,Manager,54675.64,2020-06-08,rogerskimberly@gmail.com,Road bed sport.
EMP17783,Anthony Russell,Finance,Analyst,54675.64,2021-03-17,dlyons@riddle-daniels.net,Experience final.
EMP17784,Damon Brooks,IT,Analyst,54675.64,2023-07-25,johnsondaniel@glenn.info,Information rule.
EMP17785,Makayla Wright,Sales,Manager,54675.64,2021-11-22,gsmith@warner.com,Them so manager.
EMP17786,Zachary Smith,Sales,Executive,54675.64,2023-05-10,christiansandra@pollard.net,Especially hospital.
EMP17787,Ryan Short,Finance,Analyst,54675.64,2021-03-20,harrisonlinda@gmail.com,Teach while market.
EMP17788,Ryan Montgomery,IT,Manager,54675.64,2020-07-22,rmartin@suarez-lopez.org,When teacher.
EMP17789,Lynn Torres,Sales,Manager,54675.64,2021-06-16,flemingjohn@wilson.com,Worker general.
EMP17790,Danny Williams,HR,Manager,54675.64,2022-11-04,karenchristensen@gmail.com,Kitchen during.
EMP17791,Brandi Thompson,IT,Executive,54675.64,2021-06-06,vincentmontes@yahoo.com,Protect forget.
EMP17792,Timothy Arias,HR,Manager,54675.64,2022-12-30,karen57@hotmail.com,Rock notice prevent.
EMP17793,Jennifer Bernard,HR,Intern,54675.64,2021-01-17,juliarichardson@gmail.com,Again movement.
EMP17794,Jonathan Jones,Sales,Executive,54675.64,2023-12-08,melissa13@french.com,Daughter any.
EMP17795,William Swanson,IT,Manager,54675.64,2023-11-22,hhernandez@hotmail.com,Direction meet.
EMP17796,Sonya Lucas,Finance,Intern,54675.64,2023-06-27,davidmoore@webb.com,Near give pull tax.
EMP17797,Kyle Hunter,Sales,Analyst,54675.64,2022-11-29,michealbaldwin@hotmail.com,Concern tend other.
EMP17798,Alan Lewis,HR,Analyst,54675.64,2020-08-25,brandonellison@hotmail.com,Western play.
EMP17799,Benjamin Perez,Sales,Manager,54675.64,2021-01-09,kaufmanrobert@walters.info,Week together large.
EMP17800,Sandra Fuller,Sales,Analyst,54675.64,2022-04-17,sandrajones@gmail.com,Green continue leg.
EMP17801,Caleb Lee,HR,Executive,54675.64,2020-02-15,nicolewilliams@gmail.com,Develop hope tell.
EMP17802,Laura Bell,Sales,Manager,54675.64,2020-03-12,harrisjesse@richardson.net,Radio crime.
EMP17803,Ruben Maxwell,Finance,Analyst,54675.64,2022-03-14,christopher66@gmail.com,Next move but serve.
EMP17804,Nicholas Clark,HR,Manager,54675.64,2020-11-07,cassandradunn@hotmail.com,Set fine box.
EMP17805,Susan Burns,IT,Analyst,54675.64,2022-08-22,kellybenson@owen.net,Standard nothing.
EMP17806,Erica Hoover,HR,Executive,54675.64,2021-08-11,johnstoneric@yahoo.com,Drug pretty drug.
EMP17807,Amber Miller,Finance,Manager,54675.64,2023-07-22,kristenmiller@gmail.com,Future green real.
EMP17808,Rodney Thompson,IT,Intern,54675.64,2020-01-12,njohnson@gmail.com,Section thing.
EMP17809,Anthony Roberts,HR,Analyst,54675.64,2020-10-14,xtodd@fletcher.com,Suffer economic.
EMP17810,Paul Hebert,HR,Intern,54675.64,2021-07-03,smithjessica@snyder-moore.com,Raise arm bit.
EMP17811,Laura Robinson,Sales,Manager,54675.64,2021-03-20,scott59@alexander-henderson.biz,Lay throughout.
EMP17812,Sharon Norris,IT,Analyst,54675.64,2020-07-27,ericnguyen@yahoo.com,Listen collection.
EMP17813,Joshua Patel,Finance,Manager,54675.64,2021-05-24,kinglisa@yahoo.com,Degree condition.
EMP17814,Brian Carson,Finance,Executive,54675.64,2022-04-27,bgarcia@rodriguez.com,Couple agree.
EMP17815,Anthony Key,HR,Executive,54675.64,2020-12-22,geraldfuentes@zimmerman.info,Agency matter admit.
EMP17816,Julie Carroll,Sales,Analyst,54675.64,2022-12-05,amysmith@hobbs.biz,Participant talk.
EMP17817,Gregory Russo,Finance,Executive,54675.64,2020-08-06,robert64@hotmail.com,Mother their read.
EMP17818,John Baker,Sales,Intern,54675.64,2023-07-29,vballard@yahoo.com,Effort nice.
EMP17819,Corey Gray,IT,Executive,54675.64,2020-03-17,mrosales@yahoo.com,Action difference.
EMP17820,Ryan Walker,Sales,Executive,54675.64,2023-06-04,andersonbrittany@yahoo.com,College yet.
EMP17821,Henry Bradley,Sales,Manager,54675.64,2022-12-05,dsmith@conley-espinoza.org,To game career buy.
EMP17822,Miguel Wood,HR,Manager,54675.64,2022-07-01,cmiller@hotmail.com,Continue hotel.
EMP17823,Lisa Heath,Finance,Analyst,54675.64,2021-01-16,kevinbarnes@yahoo.com,Beautiful what.
EMP17824,Kristina Livingston,IT,Executive,54675.64,2021-09-09,westjennifer@gmail.com,Home us interesting.
EMP17825,Kevin Obrien,Finance,Intern,54675.64,2020-03-04,brandy03@fitzpatrick.com,Easy major member.
EMP17826,Albert Summers,IT,Intern,54675.64,2020-05-04,brian25@gmail.com,Moment explain.
EMP17827,Seth Mejia,IT,Executive,54675.64,2023-12-20,brose@yahoo.com,Never much peace.
EMP17828,Kayla Stanley,Finance,Analyst,54675.64,2022-06-05,georgejones@yahoo.com,Necessary education.
EMP17829,Samantha Hebert,IT,Analyst,54675.64,2022-01-31,phyllis86@rodriguez.com,Treatment line.
EMP17830,Jennifer Ortiz,Finance,Intern,54675.64,2022-12-12,mackenzie35@yahoo.com,Player cost subject.
EMP17831,Maurice Duncan,Sales,Intern,54675.64,2020-05-21,schneiderjennifer@dean-johnston.biz,Technology truth.
EMP17832,Stephanie Mason,IT,Manager,54675.64,2020-02-06,erika42@smith.info,House store himself.
EMP17833,Tracy Reid,Finance,Executive,54675.64,2021-06-08,crystaldavis@bennett.com,Money court career.
EMP17834,Jennifer Jackson,Sales,Executive,54675.64,2021-08-06,johnsmith@garrett-smith.com,Travel bank writer.
EMP17835,Jamie Cole,Sales,Executive,54675.64,2022-03-30,tsullivan@gmail.com,Opportunity high.
EMP17836,Kristen Molina,Sales,Intern,54675.64,2020-12-22,deantina@gmail.com,Help force whose.
EMP17837,Brian Huynh,Sales,Intern,54675.64,2022-07-04,johnnyyoung@sharp-torres.biz,Director point.
EMP17838,Lisa Williams,IT,Intern,54675.64,2022-04-15,bonnie41@cunningham.net,Project friend.
EMP17839,Tyler Torres,Finance,Manager,54675.64,2023-11-09,iguzman@robinson.com,Human foot claim.
EMP17840,David Hernandez,Finance,Intern,54675.64,2021-05-13,qelliott@dougherty.com,Look room color.
EMP17841,Tammy Blackburn,Sales,Manager,54675.64,2020-07-29,wcampbell@yahoo.com,Piece trip position.
EMP17842,Timothy Johnson,HR,Manager,54675.64,2021-04-16,crosbyandrea@gmail.com,Character indicate.
EMP17843,Daniel Garcia,HR,Intern,54675.64,2020-07-07,fjones@yahoo.com,Something seem.
EMP17844,Anthony Parks,HR,Executive,54675.64,2020-06-30,harringtonchristian@gmail.com,Value television.
EMP17845,Kelly Stokes,HR,Analyst,54675.64,2023-06-23,tinawatson@hughes.biz,Raise now pretty.
EMP17846,Shannon Ortiz MD,Sales,Manager,54675.64,2022-05-28,lpadilla@yahoo.com,Road build audience.
EMP17847,Sean Barker,HR,Executive,54675.64,2023-09-16,irichardson@yahoo.com,Street thank.
EMP17848,Teresa Morrison,HR,Intern,54675.64,2023-05-22,sbrown@yahoo.com,Door as recently.
EMP17849,Timothy Ellis,Sales,Manager,54675.64,2021-05-18,candice36@yahoo.com,Test rate throw yet.
EMP17850,Matthew Smith,Finance,Analyst,54675.64,2023-04-03,nallen@andrews.biz,Structure million.
EMP17851,Daniel Walker,Finance,Intern,54675.64,2023-01-09,matthewsimpson@roberts.com,Standard already.
EMP17852,Joseph Warner,IT,Executive,54675.64,2020-08-27,lisa11@lopez.net,Play look likely by.
EMP17853,Jennifer Martinez,Finance,Manager,54675.64,2023-08-12,heathernguyen@scott.com,Yeah face art.
EMP17854,Dominic Baker,IT,Intern,54675.64,2022-10-14,melanie22@gmail.com,Stuff test list.
EMP17855,Jonathan Clements,IT,Intern,54675.64,2022-07-04,garypratt@yahoo.com,Among mission make.
EMP17856,Christopher Sanders,IT,Intern,54675.64,2022-11-24,katherinehall@hotmail.com,Nothing American.
EMP17857,Rebecca Glass,Finance,Executive,54675.64,2020-08-23,dreid@hotmail.com,Church base clear.
EMP17858,John Cox,Sales,Intern,54675.64,2022-07-24,codyberger@yahoo.com,Room mission wife.
EMP17859,Charles Campbell,Sales,Analyst,54675.64,2023-09-20,owenpamela@yahoo.com,Finally part thing.
EMP17860,Debra Evans,Finance,Analyst,54675.64,2021-12-15,kristen14@torres.com,Majority order.
EMP17861,Marc Brown,IT,Analyst,54675.64,2020-05-20,kimberlywatts@obrien.com,Save finish ago.
EMP17862,Leslie French,HR,Analyst,54675.64,2020-03-30,michael48@yahoo.com,Nature sport reach.
EMP17863,Thomas Simmons,Sales,Executive,54675.64,2020-05-30,nealbrian@herman.com,Three investment.
EMP17864,Roy Walker,HR,Manager,54675.64,2023-07-16,shannon42@kennedy.com,Exist enter I tough.
EMP17865,Michelle Benson,HR,Intern,54675.64,2022-12-07,deborahlivingston@roberts.com,Treat western.
EMP17866,Michael Cochran,HR,Analyst,54675.64,2021-07-15,serranojimmy@henry-mcgrath.net,Financial different.
EMP17867,Justin Wilkinson,Finance,Executive,54675.64,2021-04-08,shanefreeman@yahoo.com,Get relate include.
EMP17868,Taylor Jordan,IT,Intern,54675.64,2023-02-06,joel88@smith.com,Themselves audience.
EMP17869,Danny Miller,Finance,Intern,54675.64,2020-03-18,cherryedward@yahoo.com,Again attorney up.
EMP17870,Donna Patel,IT,Intern,54675.64,2021-07-17,kross@hotmail.com,Never usually will.
EMP17871,Greg Harris,IT,Analyst,54675.64,2020-12-19,travismatthew@edwards.biz,Recently blue sound.
EMP17872,Shelby Wood,HR,Analyst,54675.64,2022-01-13,diazstephanie@gmail.com,Hand after improve.
EMP17873,Emily Jones,HR,Intern,54675.64,2020-08-07,johnsonchristopher@gmail.com,Eat model us impact.
EMP17874,Derek Lee,Sales,Intern,54675.64,2021-08-11,elizabeth09@hotmail.com,Risk board team.
EMP17875,Brian Moyer,Finance,Executive,54675.64,2020-04-12,mezasandra@mooney-haley.info,Difficult yeah.
EMP17876,Angela Morgan,Sales,Executive,54675.64,2020-12-23,jessicacunningham@gmail.com,Guy authority give.
EMP17877,Tracey Deleon,IT,Intern,54675.64,2021-12-09,acarter@gmail.com,Throw approach most.
EMP17878,Keith Olson,Finance,Executive,54675.64,2022-04-06,williamsphillip@hotmail.com,Democrat serve long.
EMP17879,Veronica Jenkins,Finance,Analyst,54675.64,2022-04-27,johnsonnatalie@yahoo.com,PM ten particular.
EMP17880,Jason Long,Sales,Analyst,54675.64,2021-11-01,srodriguez@morgan.com,Behavior physical.
EMP17881,Kevin Webb,Finance,Intern,54675.64,2022-06-17,travis29@gmail.com,Second they show.
EMP17882,Mike Diaz,HR,Manager,54675.64,2022-04-16,samuel46@hotmail.com,Least about coach.
EMP17883,Phillip Turner,HR,Analyst,54675.64,2023-05-03,jbrady@gmail.com,Report vote push.
EMP17884,Joseph Mccullough,HR,Manager,54675.64,2023-09-20,josephcrawford@gmail.com,Form cut dog argue.
EMP17885,Dr. Kathryn Olsen,IT,Analyst,54675.64,2023-07-18,shane95@henderson.com,Notice in whatever.
EMP17886,Dr. Carlos Williamson,Sales,Manager,54675.64,2021-08-11,eric90@gmail.com,Main issue go.
EMP17887,Luis Anderson,HR,Manager,54675.64,2022-10-18,melanie65@yahoo.com,Board price share.
EMP17888,Tammy Morales,IT,Manager,54675.64,2022-09-20,garymcgrath@gmail.com,Success create.
EMP17889,Ryan Pennington,IT,Executive,54675.64,2023-03-15,jordan69@jones-diaz.com,Vote why economy.
EMP17890,Sherri Wilcox,Sales,Executive,54675.64,2020-01-10,lawrence23@willis.com,Pay campaign than.
EMP17891,Rhonda Gonzalez,HR,Manager,54675.64,2021-03-27,michael62@young.net,Pay later memory.
EMP17892,Charles Liu,Finance,Intern,54675.64,2021-10-31,rachel61@gmail.com,Pass poor reflect.
EMP17893,Eric Hunter,IT,Executive,54675.64,2021-03-11,shannonlee@yahoo.com,Country walk likely.
EMP17894,Jennifer Hunt,Finance,Analyst,54675.64,2022-10-18,ahuber@torres.com,Across red meeting.
EMP17895,Stephen Garza,IT,Executive,54675.64,2023-05-31,martinnicholas@mcdonald-strickland.info,Want world style.
EMP17896,Megan Murphy,HR,Executive,54675.64,2023-08-29,michaeldavis@jones.com,Difference away air.
EMP17897,Diana Shelton,IT,Analyst,54675.64,2021-11-16,aclark@gmail.com,Want customer their.
EMP17898,Phillip Moreno,IT,Analyst,54675.64,2020-01-03,danielnichols@hotmail.com,Throughout worker.
EMP17899,Gina Miller,Sales,Manager,54675.64,2022-04-10,amber25@chapman-smith.com,Him pay court.
EMP17900,Tracey Allen,Sales,Executive,54675.64,2022-07-28,georgecourtney@hotmail.com,Evening plan.
EMP17901,Jane Jones,Finance,Intern,54675.64,2022-06-11,mlawrence@hill-woods.com,Sure rather either.
EMP17902,Jennifer Flores,Sales,Analyst,54675.64,2020-11-06,jonesandrew@gmail.com,In address buy ever.
EMP17903,Joseph Taylor,Sales,Analyst,54675.64,2020-02-27,deborah45@harrington-smith.com,Glass husband teach.
EMP17904,Michael Leon,Finance,Executive,54675.64,2020-03-02,veronicaramos@jones.com,Born maybe or try.
EMP17905,Darrell Key,Finance,Intern,54675.64,2022-09-23,rosarioisabella@gmail.com,Smile run.
EMP17906,Lance May,Sales,Executive,54675.64,2022-10-27,simpsonpeggy@yahoo.com,Participant house.
EMP17907,Katrina Welch,HR,Manager,54675.64,2022-06-04,kyleward@hotmail.com,Race buy prove.
EMP17908,Sharon Bird,IT,Intern,54675.64,2020-10-01,michelle92@young.com,Everything book.
EMP17909,Barry Clarke,HR,Executive,54675.64,2020-03-21,julia34@randolph-hernandez.com,Pick responsibility.
EMP17910,Patricia Wright,HR,Analyst,54675.64,2021-03-07,pricejennifer@hotmail.com,Morning worker.
EMP17911,Rachel Martin,Sales,Executive,54675.64,2023-06-09,amy98@hill.com,Hotel foot beat.
EMP17912,Meghan Adams,HR,Manager,54675.64,2020-07-03,michael24@white-kennedy.com,Across about art.
EMP17913,Todd Robertson,IT,Intern,54675.64,2023-11-29,kmcmillan@hotmail.com,After pull month.
EMP17914,Andrew Harvey,HR,Intern,54675.64,2022-04-29,davidrandolph@griffin.com,After per party Mrs.
EMP17915,Gina Young,Finance,Executive,54675.64,2020-10-06,ryan11@haas.com,Region movie.
EMP17916,Sandy Jones,HR,Executive,54675.64,2021-10-31,ltorres@hotmail.com,Difference carry.
EMP17917,Dylan Myers,Sales,Intern,54675.64,2022-07-11,adamjones@gallegos.com,Rock major together.
EMP17918,Tamara Mendoza MD,HR,Executive,54675.64,2023-07-30,brenda49@yahoo.com,Memory little.
EMP17919,James Clarke,HR,Analyst,54675.64,2022-04-14,hilltyler@french.com,Lawyer memory again.
EMP17920,Victor Benson,Finance,Analyst,54675.64,2021-09-20,teresamarshall@gmail.com,May would improve.
EMP17921,Jerry Martin,Sales,Intern,54675.64,2020-01-04,cjohnson@gmail.com,Gun what go state.
EMP17922,Christopher Garcia,IT,Analyst,54675.64,2023-12-23,rthompson@baker-velasquez.biz,Environmental.
EMP17923,Brad Ross,Sales,Intern,54675.64,2021-11-27,fhopkins@hernandez-king.org,Remember treat.
EMP17924,David Mitchell,Sales,Analyst,54675.64,2022-06-14,simonsamantha@hotmail.com,Tree employee size.
EMP17925,Derek Shea,HR,Manager,54675.64,2023-11-09,donald23@yahoo.com,Different top.
EMP17926,Billy Zuniga,Sales,Analyst,54675.64,2020-08-12,amberhaley@farmer.com,Son which night.
EMP17927,Joshua White,Sales,Analyst,54675.64,2020-02-13,matthewshaw@marsh.biz,Term ago effect.
EMP17928,William Ross,IT,Manager,54675.64,2021-09-12,garciajoel@gmail.com,Career worker.
EMP17929,Amanda Snyder,HR,Analyst,54675.64,2022-05-20,catherinebond@haynes.biz,Rule big try none.
EMP17930,Rachel Garrison,IT,Analyst,54675.64,2023-05-03,qdowns@bowers.com,Manager get.
EMP17931,Lisa Smith,IT,Analyst,54675.64,2020-01-04,nicholas20@pugh.com,Eight government.
EMP17932,James Robertson,Sales,Executive,54675.64,2021-03-09,rodgersmeagan@garcia-jones.com,Program suggest.
EMP17933,Matthew Johnson,IT,Manager,54675.64,2023-03-02,ccombs@yahoo.com,Physical executive.
EMP17934,Jesse Mercado,Finance,Analyst,54675.64,2022-01-02,scottrichard@hotmail.com,First soldier upon.
EMP17935,Justin West DDS,IT,Intern,54675.64,2021-06-06,kelsey25@ferguson.com,Office choice.
EMP17936,Paul Lewis,Sales,Intern,54675.64,2023-02-28,andersonjohn@hotmail.com,Interesting.
EMP17937,Earl Lynch,Sales,Intern,54675.64,2023-08-02,dmcdonald@hardy.com,Even all establish.
EMP17938,Keith Davenport,HR,Manager,54675.64,2021-04-09,ochambers@patterson-garcia.com,Fly dark mention.
EMP17939,Kathryn Whitaker,Sales,Intern,54675.64,2023-01-22,zjohnson@smith.com,Certain win.
EMP17940,Maria Anderson,Sales,Analyst,54675.64,2021-04-25,reginaldramirez@jones.net,Blue American reach.
EMP17941,April Lee,Finance,Executive,54675.64,2023-03-14,elaine61@hotmail.com,Example article.
EMP17942,Vicki Schroeder,Sales,Analyst,54675.64,2020-06-15,phillipmurphy@martinez.com,Suddenly instead.
EMP17943,Brittany Watkins,HR,Analyst,54675.64,2023-01-08,christopherwilliams@wiley.info,Machine kind some.
EMP17944,Melissa Jackson,IT,Intern,54675.64,2020-10-15,andersonjodi@yahoo.com,Game white meeting.
EMP17945,Ruth Roth,Sales,Intern,54675.64,2022-05-28,carlos60@rodriguez-hoffman.biz,Mother part ready.
EMP17946,Mr. William Mckinney,HR,Executive,54675.64,2023-07-06,levitaylor@gmail.com,Now situation ok.
EMP17947,Eric Torres,Sales,Executive,54675.64,2020-06-08,kking@hotmail.com,Assume against.
EMP17948,Brenda Williams,IT,Manager,54675.64,2020-05-21,julie01@gmail.com,Home capital.
EMP17949,Terry Campbell,IT,Intern,54675.64,2023-11-02,kyoung@hotmail.com,By health program.
EMP17950,Stacey Simmons,Sales,Manager,54675.64,2023-12-16,rebeccacunningham@gmail.com,Teach surface all.
EMP17951,Richard Cherry,Sales,Intern,54675.64,2021-10-06,yjackson@brown-anderson.com,Politics one bring.
EMP17952,Ryan Brewer,HR,Analyst,54675.64,2020-07-02,bianca91@villanueva-moreno.com,Six another manager.
EMP17953,Jordan Haley,IT,Intern,54675.64,2023-09-01,clinton53@yahoo.com,Occur discuss home.
EMP17954,Jessica Meyer,Sales,Analyst,54675.64,2020-03-15,thompsonmiguel@hotmail.com,Store ready dog.
EMP17955,Kara Bartlett,Sales,Intern,54675.64,2022-02-13,tjenkins@landry.com,Should write phone.
EMP17956,Derek Mcguire,Sales,Executive,54675.64,2021-01-31,jessicasoto@mclean-hale.com,Material management.
EMP17957,Elizabeth Lewis,Sales,Intern,54675.64,2021-09-18,matthew76@hall.com,Send represent.
EMP17958,Joseph Williams,HR,Analyst,54675.64,2021-10-26,matthew34@gmail.com,Section require.
EMP17959,John Taylor,Finance,Manager,54675.64,2022-10-06,klinemarcia@leon.com,Focus.
EMP17960,Robert Hall,HR,Executive,54675.64,2023-02-09,paul74@fleming-tate.org,Enter trip sport.
EMP17961,Kevin Johnson,IT,Executive,54675.64,2020-05-19,samanthaholloway@davis.org,Crime consider.
EMP17962,James Parker,IT,Executive,54675.64,2021-06-26,wandaanderson@hotmail.com,Staff discussion.
EMP17963,Matthew Lee,Finance,Analyst,54675.64,2022-01-01,ljenkins@gmail.com,Form real hour song.
EMP17964,Christina Wilkinson,HR,Intern,54675.64,2023-07-18,huberdaniel@gmail.com,Society wear close.
EMP17965,Megan Chapman,Finance,Intern,54675.64,2023-01-25,stonecrystal@gmail.com,Gas enter tell.
EMP17966,Samuel Smith,Finance,Manager,54675.64,2021-06-06,karenedwards@yahoo.com,Rest audience.
EMP17967,Katrina Thompson,IT,Executive,54675.64,2021-09-06,christina67@hotmail.com,Include ball.
EMP17968,Dawn Mccall,HR,Manager,54675.64,2021-02-19,qfreeman@gmail.com,Reflect down.
EMP17969,Lisa Hooper,Sales,Executive,54675.64,2022-09-02,scastro@gmail.com,Money send during.
EMP17970,Carol Stephens,Sales,Executive,54675.64,2022-12-11,mallory85@gmail.com,Personal fear piece.
EMP17971,Donald Petersen,Finance,Intern,54675.64,2020-06-17,yatestiffany@molina.com,Technology well.
EMP17972,Debbie Cunningham,HR,Manager,54675.64,2021-08-17,randerson@yahoo.com,Person news.
EMP17973,Nichole Wolfe,Sales,Intern,54675.64,2023-07-15,gbaldwin@gmail.com,Structure arm walk.
EMP17974,George Smith,Sales,Executive,54675.64,2020-05-19,kdavis@johnson.com,Production cover.
EMP17975,Robert Miller,HR,Analyst,54675.64,2021-09-12,herrerajason@yahoo.com,American method may.
EMP17976,Sabrina Oconnor,Sales,Manager,54675.64,2022-11-26,evansedwin@lopez.com,Benefit stand one.
EMP17977,Matthew Rhodes,IT,Manager,54675.64,2023-03-02,daniellambert@gmail.com,Road wonder wind.
EMP17978,Kathleen Williams,Sales,Intern,54675.64,2020-01-09,fjones@hotmail.com,Pattern seat.
EMP17979,John James,IT,Executive,54675.64,2020-07-03,fullergabriel@hotmail.com,Executive spend.
EMP17980,Jennifer Washington MD,Finance,Intern,54675.64,2022-01-24,rickmoore@blair-hamilton.com,Should officer true.
EMP17981,Heidi Mendez,HR,Manager,54675.64,2023-03-17,christopherwatts@gmail.com,Evidence a although.
EMP17982,Renee Martinez,IT,Analyst,54675.64,2022-12-29,freemanrhonda@yahoo.com,Debate fire officer.
EMP17983,Paige Harrington MD,Sales,Executive,54675.64,2020-08-19,lori49@goodman.info,Song light why nor.
EMP17984,Kathryn Burns,IT,Analyst,54675.64,2023-11-21,aliciathompson@lopez.com,Little realize.
EMP17985,John Robbins,Sales,Analyst,54675.64,2022-04-27,stephen08@yahoo.com,Six director.
EMP17986,Brian Meyer MD,Sales,Analyst,54675.64,2021-04-12,alexandra58@williams.com,Show hair operation.
EMP17987,Michael Simmons,IT,Intern,54675.64,2021-09-21,april15@guerrero.biz,Big material effort.
EMP17988,Mr. Thomas Lewis,Sales,Manager,54675.64,2020-12-02,brownjohn@hotmail.com,Candidate effect.
EMP17989,Ryan Wilson,IT,Intern,54675.64,2023-07-13,marc39@yahoo.com,Send public citizen.
EMP17990,Matthew Weiss,Finance,Executive,54675.64,2023-03-27,lowerobert@roberts.info,Right prove support.
EMP17991,Lindsay Walker,Finance,Executive,54675.64,2023-07-10,arobinson@allen.com,Figure agreement.
EMP17992,Kim Cameron,Finance,Analyst,54675.64,2021-11-27,williamstrevor@perez.net,Address science.
EMP17993,Dr. Angel Dunlap MD,Finance,Analyst,54675.64,2020-05-18,poolerichard@reyes.com,Accept later south.
EMP17994,Kimberly Ramirez,Sales,Executive,54675.64,2020-07-18,andrewsmark@miller.com,Both black bag.
EMP17995,Megan Mccarty,HR,Executive,54675.64,2020-11-02,larrymartinez@smith-rowland.net,From article claim.
EMP17996,Amber Cox,HR,Analyst,54675.64,2022-01-10,cleon@ross-webster.com,TV with whether.
EMP17997,Sarah Johnson,IT,Executive,54675.64,2020-01-31,gateskimberly@nguyen.org,Center face.
EMP17998,Andrew Lewis,Finance,Analyst,54675.64,2023-01-17,wilsonbrandon@yahoo.com,Through yes allow.
EMP17999,Vanessa Stephenson,Finance,Analyst,54675.64,2022-05-09,harriskathy@matthews-robinson.com,Foreign different.
EMP18000,Chelsey Collins,IT,Analyst,54675.64,2021-12-27,johnsonkelly@hotmail.com,Next agreement.
EMP18001,Jesse Conley,HR,Analyst,54675.64,2022-03-29,tamaracuevas@hotmail.com,Above dinner fill.
EMP18002,Peter Rice,HR,Manager,54675.64,2023-10-04,ojohnson@brooks.com,Chair only.
EMP18003,Michael Brown,Finance,Executive,54675.64,2021-02-09,williamjones@yahoo.com,Case wind enough.
EMP18004,Jonathan Bowers,Finance,Executive,54675.64,2020-07-20,richard09@gmail.com,Know until.
EMP18005,Kimberly Parker,HR,Executive,54675.64,2021-07-11,bradley18@hunter.com,Language case off.
EMP18006,Patricia Owens,Finance,Analyst,54675.64,2023-11-25,cmoss@jones.info,Quickly own improve.
EMP18007,Nicholas Flores MD,Finance,Intern,54675.64,2020-09-25,robertross@moore.org,Road professor.
EMP18008,Kevin Thompson,Finance,Intern,54675.64,2020-12-01,awhite@hotmail.com,Simply reason want.
EMP18009,Kathleen Thompson,HR,Manager,54675.64,2022-06-09,adam22@booker.com,Beyond small truth.
EMP18010,John Terry,Finance,Executive,54675.64,2021-01-05,jonathanherring@yahoo.com,Food fly moment.
EMP18011,Dawn Stanley,Finance,Analyst,54675.64,2021-08-10,nguyenmatthew@pierce-rodriguez.org,Media as interest.
EMP18012,William Stephens,Finance,Analyst,54675.64,2020-08-27,chelsealowe@hotmail.com,Still whose want.
EMP18013,David Maldonado,Sales,Manager,54675.64,2021-09-16,qcross@jackson-dunn.info,Serve study.
EMP18014,Caroline Bailey,IT,Manager,54675.64,2022-03-17,nhernandez@gmail.com,Produce suggest our.
EMP18015,Andrea Taylor,IT,Analyst,54675.64,2020-10-01,edward53@roberts-anderson.info,Your those seven.
EMP18016,Rebecca Mason,Finance,Intern,54675.64,2023-05-21,michele30@morrison-odonnell.org,Despite thought run.
EMP18017,John Valencia,HR,Executive,54675.64,2022-04-08,vicki78@mosley.net,Throw range.
EMP18018,Jacob Brown,IT,Analyst,54675.64,2023-01-24,baileyamber@pace.biz,Be sound picture.
EMP18019,Kathryn Bennett,Finance,Manager,54675.64,2022-12-06,lrogers@mullins.com,Thing instead.
EMP18020,Brandon Miller,Finance,Analyst,54675.64,2022-04-26,ycardenas@yahoo.com,Court soldier catch.
EMP18021,Joshua Lopez,IT,Intern,54675.64,2023-03-29,ortizjessica@hotmail.com,Deal forward.
EMP18022,Tyler Ellis,Sales,Analyst,54675.64,2020-02-04,tiffanyfernandez@yahoo.com,Market garden.
EMP18023,Jesus Hawkins,Sales,Manager,54675.64,2021-12-24,nataliemoyer@gmail.com,Cold peace local.
EMP18024,Haley Taylor,IT,Manager,54675.64,2021-11-01,michaeljones@hale.com,Charge artist.
EMP18025,Alexis Harrington,Finance,Analyst,54675.64,2022-07-04,rivasjames@fox.com,Trade throughout.
EMP18026,Kristin Nguyen,Sales,Manager,54675.64,2020-01-24,rayscott@palmer.org,Same analysis take.
EMP18027,Thomas Compton,HR,Intern,54675.64,2022-11-29,alvareztina@williams-powell.net,Money as none bill.
EMP18028,Angel Atkinson,IT,Executive,54675.64,2021-05-14,byrdjohn@gmail.com,Worry nation.
EMP18029,Bradley Jordan,Sales,Executive,54675.64,2020-11-25,haydenmiddleton@gmail.com,Baby customer.
EMP18030,Stephanie Mcconnell,Sales,Executive,54675.64,2023-09-19,zachary37@gmail.com,Different seek life.
EMP18031,Phillip Franklin,IT,Manager,54675.64,2021-05-19,wpoole@yahoo.com,Teacher simple some.
EMP18032,Sarah Johnson,Finance,Intern,54675.64,2022-01-30,tadams@gmail.com,Join about surface.
EMP18033,Jacob Love,IT,Intern,54675.64,2022-09-21,coxjoshua@gmail.com,Food effort hotel.
EMP18034,Shawn Henry,HR,Analyst,54675.64,2021-01-16,ustone@coleman.info,Model want physical.
EMP18035,Scott Colon,Finance,Analyst,54675.64,2021-12-04,schroederkevin@bryan-griffith.com,Number about home.
EMP18036,Benjamin Hardy,Sales,Analyst,54675.64,2020-04-02,charlenehodges@perez-collins.com,Skin collection.
EMP18037,Angela Dougherty,Finance,Intern,54675.64,2023-05-09,bgeorge@golden.com,Central scene film.
EMP18038,Paula Daugherty,IT,Intern,54675.64,2023-02-17,zmorton@parker.biz,Next financial.
EMP18039,Sarah Romero,Finance,Analyst,54675.64,2023-06-21,phernandez@mueller-johnson.net,Hard concern cost.
EMP18040,Tommy Vargas,Sales,Intern,54675.64,2021-10-11,christinasanchez@lopez.info,Point account.
EMP18041,Lori Hogan,Sales,Executive,54675.64,2023-02-14,mfranco@lopez-watson.biz,Tonight before here.
EMP18042,Michael Cox,Sales,Analyst,54675.64,2022-08-14,rodney56@gmail.com,Enjoy shake.
EMP18043,Jeremy House,Sales,Analyst,54675.64,2023-07-26,danielle44@smith.org,Perhaps ever close.
EMP18044,Roberto Vazquez,IT,Manager,54675.64,2022-04-29,glennmartin@howell.org,Include bed.
EMP18045,Jason Ryan,IT,Manager,54675.64,2022-08-11,hayesdonna@hobbs-martin.info,Activity nearly.
EMP18046,Lindsey Davis,HR,Analyst,54675.64,2021-01-29,fhubbard@ramos.biz,Organization.
EMP18047,Brent Jones,IT,Executive,54675.64,2020-12-22,courtneyfrank@graham-thomas.info,Game window box.
EMP18048,Ruben Anderson,Sales,Intern,54675.64,2022-07-20,paula64@hotmail.com,Available spend.
EMP18049,Kelsey Bartlett,HR,Executive,54675.64,2023-10-08,nharris@hotmail.com,Law moment build.
EMP18050,Alan Gilbert,Finance,Executive,54675.64,2022-11-25,kayla10@hernandez.com,Serve by behind.
EMP18051,Jason Nelson,IT,Intern,54675.64,2021-04-16,stevenspatrick@alexander.org,Recent science race.
EMP18052,Larry Sandoval,IT,Manager,54675.64,2022-05-06,brownmichael@fitzgerald.biz,Memory technology.
EMP18053,Michael Jimenez,HR,Intern,54675.64,2020-10-05,nelsongrace@gray.com,Church training.
EMP18054,Lindsey Sanchez,IT,Executive,54675.64,2021-03-13,proberts@gmail.com,Baby rock war.
EMP18055,Julie Mccullough,IT,Intern,54675.64,2020-02-02,pkline@gmail.com,Month however wear.
EMP18056,Mark Fox,IT,Manager,54675.64,2021-11-17,vparker@black.info,Final often kid dog.
EMP18057,Duane Cochran,Sales,Intern,54675.64,2022-07-18,brownjames@gmail.com,Myself interview.
EMP18058,John Ellis,HR,Intern,54675.64,2022-03-01,bmccullough@yahoo.com,My author morning.
EMP18059,Katherine George,HR,Intern,54675.64,2020-04-19,jamie36@hernandez.info,House treat.
EMP18060,Danielle Acosta,Sales,Executive,54675.64,2020-01-04,christinapruitt@watts.org,Home sound the.
EMP18061,Laura Sullivan,HR,Intern,54675.64,2023-01-25,amanda63@smith-johnson.com,Hair lose also.
EMP18062,Richard Hatfield DDS,Finance,Intern,54675.64,2021-04-03,elizabeth80@wright-fox.com,Wish book site.
EMP18063,Heather Brown,IT,Manager,54675.64,2023-01-12,james78@santiago-blevins.info,Decade recognize.
EMP18064,Jessica Douglas,Sales,Manager,54675.64,2023-02-25,teresawells@gmail.com,Light management.
EMP18065,Jason Carter,Finance,Manager,54675.64,2020-04-05,lsmith@gmail.com,Store all such fast.
EMP18066,Brittany Holland,Sales,Intern,54675.64,2021-11-23,brownallison@hotmail.com,Out report.
EMP18067,Ms. Haley Campbell MD,Sales,Analyst,54675.64,2023-02-09,millsanne@hotmail.com,Husband until word.
EMP18068,Todd Marshall,HR,Manager,54675.64,2023-07-20,jason32@gmail.com,Treatment their.
EMP18069,William Solis,Finance,Intern,54675.64,2022-07-06,owenjulie@hicks.org,President draw.
EMP18070,Phillip Norman,Finance,Manager,54675.64,2021-02-21,karenwilliams@brown.info,However town live.
EMP18071,Noah Porter,Sales,Manager,54675.64,2021-02-20,dillonmariah@yahoo.com,Single create.
EMP18072,Maria Bullock,Sales,Intern,54675.64,2021-06-20,morenostanley@clayton.com,Message baby.
EMP18073,Daniel Henry,Finance,Executive,54675.64,2023-02-07,alyssa79@hotmail.com,Hope catch rate.
EMP18074,Carol Scott,Sales,Manager,54675.64,2020-11-01,mark63@gmail.com,Money up boy.
EMP18075,John Payne,HR,Analyst,54675.64,2022-11-19,timothy88@yahoo.com,Firm finish share.
EMP18076,James Jones,HR,Executive,54675.64,2022-11-11,johnyoung@yahoo.com,Dark task agent.
EMP18077,Jennifer Lang,HR,Executive,54675.64,2020-12-04,coxcarolyn@cooper-hoffman.com,Fact protect matter.
EMP18078,Danielle Sanchez,Sales,Analyst,54675.64,2020-03-12,ashley21@aguilar.info,City laugh act area.
EMP18079,Dr. Chloe Perez MD,IT,Manager,54675.64,2023-02-13,vincent47@calderon.info,Response structure.
EMP18080,Christopher Torres,Finance,Intern,54675.64,2023-07-03,powellpatrick@anderson-hill.info,Live sister culture.
EMP18081,Robin Horton,HR,Manager,54675.64,2021-05-01,yolanda17@gmail.com,Environmental news.
EMP18082,Melissa Daugherty,IT,Executive,54675.64,2022-04-21,dawn47@yahoo.com,Participant sort.
EMP18083,Amanda Howard,IT,Analyst,54675.64,2023-02-11,williamsjohn@allen.com,Some next eight.
EMP18084,Austin Rogers,HR,Intern,54675.64,2021-06-23,rosalestheresa@robinson.com,Total major fill.
EMP18085,Jason Cowan,HR,Executive,54675.64,2023-04-24,justin37@yahoo.com,Scientist yourself.
EMP18086,Christina Johnson,IT,Executive,54675.64,2022-05-02,brandy74@wilson-eaton.com,Series form program.
EMP18087,Lee Noble,HR,Manager,54675.64,2022-02-01,hrodriguez@yahoo.com,Heavy appear.
EMP18088,Teresa Hall,IT,Manager,54675.64,2022-07-21,cray@yahoo.com,Money main.
EMP18089,Nichole Allen,IT,Analyst,54675.64,2023-04-20,ikim@gibson.com,Myself arrive would.
EMP18090,Breanna Smith,Sales,Executive,54675.64,2023-10-09,wwalker@gmail.com,Free civil begin.
EMP18091,John Hodge,IT,Analyst,54675.64,2022-06-25,michaelcruz@hotmail.com,Return place.
EMP18092,Larry Bullock,Sales,Executive,54675.64,2023-03-13,michele80@yahoo.com,Like same student.
EMP18093,Donna Olson,Sales,Analyst,54675.64,2020-07-24,michaelkelly@obrien.net,Piece Mrs.
EMP18094,Priscilla Peterson,HR,Analyst,54675.64,2020-09-08,luishull@king.com,Stand list write.
EMP18095,Arthur Hayes,Finance,Analyst,54675.64,2021-03-24,glennchristina@gmail.com,Huge once success.
EMP18096,Ashley Thomas,HR,Analyst,54675.64,2022-05-12,greengina@gmail.com,Happen bring seem.
EMP18097,Ryan Hawkins,Finance,Intern,54675.64,2020-06-20,kelleyconnie@hotmail.com,Likely for house.
EMP18098,Lisa Stone,IT,Intern,54675.64,2021-11-13,speterson@shannon-lang.org,Strategy night.
EMP18099,Angela Smith,HR,Executive,54675.64,2020-08-28,kingjesus@strong.info,Get also firm quite.
EMP18100,Kevin Williams,HR,Analyst,54675.64,2022-08-29,samuel54@porter-martin.biz,Two threat inside.
EMP18101,Veronica Floyd,HR,Executive,54675.64,2020-12-02,icastro@hotmail.com,Every option off.
EMP18102,Ashley Keller,HR,Analyst,54675.64,2022-01-23,jdavis@hotmail.com,Again six set offer.
EMP18103,Anna Miller,IT,Manager,54675.64,2020-03-20,davidwilson@clark.com,Consumer task wind.
EMP18104,Ronald Smith,Finance,Executive,54675.64,2022-02-07,wilsonalan@hotmail.com,West leader picture.
EMP18105,Dawn Maldonado,Finance,Executive,54675.64,2023-06-24,hamptonalicia@gmail.com,Again in too father.
EMP18106,Christina Garcia,Sales,Executive,54675.64,2021-06-25,lorraine35@west.com,Moment everything.
EMP18107,Michael Turner,Sales,Intern,54675.64,2020-05-02,penathomas@hotmail.com,Score director.
EMP18108,Zachary Brown,Sales,Analyst,54675.64,2021-12-04,dmullins@hotmail.com,Your billion.
EMP18109,Christian Whitehead,HR,Executive,54675.64,2021-02-10,theodoremurphy@gmail.com,Difference.
EMP18110,Lindsey Fernandez,Finance,Analyst,54675.64,2022-07-14,lawrencetheresa@rivas.com,Decade thousand.
EMP18111,Chad Henson,HR,Analyst,54675.64,2021-04-18,harrisonjennifer@hotmail.com,Experience fund.
EMP18112,Joann Cohen,Finance,Manager,54675.64,2021-08-22,gomezwesley@smith.net,Building way hair.
EMP18113,Meghan Price,IT,Manager,54675.64,2022-05-12,pjones@yahoo.com,Board space provide.
EMP18114,Patrick Patel,Finance,Manager,54675.64,2021-12-29,margaretwhite@barnes.com,Attorney Republican.
EMP18115,Michael Green,Sales,Intern,54675.64,2020-06-27,tammywilliams@yahoo.com,Suggest specific.
EMP18116,Jeffrey Gonzales,IT,Analyst,54675.64,2020-05-09,brownmarvin@berger-eaton.com,Teacher serve.
EMP18117,Heather Phillips,Finance,Executive,54675.64,2023-06-30,heatherthompson@harris-hull.info,May recently.
EMP18118,Sharon Spears,Sales,Executive,54675.64,2022-12-30,oshort@yahoo.com,What during provide.
EMP18119,Randy Lewis,IT,Manager,54675.64,2023-10-23,uduran@yahoo.com,Same industry sport.
EMP18120,Richard Williams,IT,Executive,54675.64,2023-01-15,gainesjoel@yahoo.com,Pick win common.
EMP18121,Walter Curtis,IT,Intern,54675.64,2022-05-10,carly71@gmail.com,High summer staff.
EMP18122,Nichole Walker,Sales,Manager,54675.64,2021-02-16,simslisa@yahoo.com,Price stay.
EMP18123,Carrie Dennis,HR,Intern,54675.64,2022-07-15,hodgeschristopher@hotmail.com,Everything nothing.
EMP18124,Tyler Rice,Sales,Manager,54675.64,2023-12-20,crosbydanielle@gmail.com,Cut use draw.
EMP18125,Rachel Camacho,Finance,Intern,54675.64,2021-12-06,imoore@gmail.com,Perform mean.
EMP18126,Steven Hernandez,HR,Executive,54675.64,2022-08-04,susan57@hotmail.com,Surface throw.
EMP18127,Harry Johnson,IT,Executive,54675.64,2020-11-30,james80@rodgers.com,Partner eye cold.
EMP18128,John Edwards PhD,Sales,Intern,54675.64,2020-01-08,williamsdouglas@daniels.net,Security behind.
EMP18129,Angela Rodriguez,HR,Analyst,54675.64,2020-07-27,xmoore@burns-chapman.com,Thought order step.
EMP18130,Shannon Howard,Sales,Executive,54675.64,2020-07-03,haroldpowell@adams.biz,Full man quality.
EMP18131,Justin Meadows,Sales,Executive,54675.64,2020-07-24,gabriel18@yahoo.com,As education.
EMP18132,Jordan Snow,Finance,Manager,54675.64,2021-08-19,ginabutler@hotmail.com,Discussion take.
EMP18133,Oscar Lee,Sales,Analyst,54675.64,2023-12-28,zpace@clark.biz,Six capital support.
EMP18134,Debbie Richardson,IT,Executive,54675.64,2020-10-09,kirstenshort@gmail.com,Different only girl.
EMP18135,Tony Mckinney Jr.,HR,Intern,54675.64,2023-09-26,perezmary@yahoo.com,Particularly wear.
EMP18136,Charles Stanley,IT,Analyst,54675.64,2022-07-12,carlayoung@hotmail.com,Process nor.
EMP18137,Brianna Scott,Finance,Analyst,54675.64,2020-08-17,shannon01@ryan.com,Simply sound any.
EMP18138,Bryan Diaz,Finance,Manager,54675.64,2020-04-28,melendezkevin@myers-watson.com,Case region role.
EMP18139,Marie Hood,Finance,Manager,54675.64,2020-10-11,julia84@gmail.com,Kid religious land.
EMP18140,Tina Elliott,Finance,Executive,54675.64,2022-01-24,ywest@warner-goodman.com,Western or past.
EMP18141,Donna Walters,HR,Manager,54675.64,2023-04-02,griffiththomas@gmail.com,Those skill require.
EMP18142,Stephanie Fitzgerald,Finance,Analyst,54675.64,2021-01-15,alvarezhannah@hotmail.com,Run Democrat model.
EMP18143,Kevin Thomas,IT,Intern,54675.64,2020-04-28,christopherestrada@yahoo.com,Town stay too dog.
EMP18144,Kevin Russell,Sales,Manager,54675.64,2021-06-19,jennifer00@gmail.com,Learn school dog.
EMP18145,Jeff Warner,IT,Manager,54675.64,2020-12-06,dvargas@hotmail.com,Change always story.
EMP18146,Jennifer Murray,Sales,Intern,54675.64,2021-11-09,goodjohn@gmail.com,We rest relate.
EMP18147,Autumn Espinoza,HR,Analyst,54675.64,2022-06-22,ashley27@holmes.org,Floor himself board.
EMP18148,Frank Mora,HR,Analyst,54675.64,2020-05-26,coreymiller@nolan-weiss.com,Successful from.
EMP18149,Ryan Day,Finance,Manager,54675.64,2021-03-03,lewislaura@parks.com,Around mouth start.
EMP18150,Joseph Martin,Sales,Manager,54675.64,2023-07-29,johnstondebra@gmail.com,Pick season strong.
EMP18151,Melissa Hernandez,Sales,Intern,54675.64,2020-10-08,melissaromero@snow.com,Political kid.
EMP18152,Ebony Patton,Finance,Manager,54675.64,2020-04-01,parksricky@black.info,Just commercial.
EMP18153,Terri Brooks,IT,Analyst,54675.64,2023-06-13,bevans@yahoo.com,Bring late economy.
EMP18154,Paul Baker,IT,Analyst,54675.64,2021-02-21,icarrillo@gmail.com,Them consider.
EMP18155,Rebekah White,IT,Intern,54675.64,2023-04-11,anita98@gmail.com,Tell crime together.
EMP18156,Christine Tucker,HR,Intern,54675.64,2020-10-19,martinmatthew@yahoo.com,Reach age deep.
EMP18157,Stacey Cole,Sales,Manager,54675.64,2021-12-26,uholt@melton-frank.com,Enough together arm.
EMP18158,Zachary Bradford,HR,Executive,54675.64,2020-09-18,sierra18@white.org,Either sell must.
EMP18159,Lydia Allen,Sales,Intern,54675.64,2021-11-01,faulknerclaire@fields.com,Staff group for.
EMP18160,Mary Richard,Sales,Analyst,54675.64,2020-04-13,scott71@gmail.com,Music forward total.
EMP18161,Michelle Graham,Finance,Manager,54675.64,2022-06-23,payneryan@lewis.org,The number offer.
EMP18162,Gary Cantrell,HR,Intern,54675.64,2022-07-05,drakebrian@hall-williams.com,Generation worker.
EMP18163,Michelle Day,IT,Analyst,54675.64,2023-06-11,petersjohn@russell.biz,Prepare walk school.
EMP18164,Kimberly Rodriguez,IT,Manager,54675.64,2021-08-01,kingcrystal@martin-mills.com,Report drug medical.
EMP18165,Sharon Peck,HR,Intern,54675.64,2022-07-26,pennydavis@yahoo.com,Instead career bad.
EMP18166,Tara Sawyer,Finance,Manager,54675.64,2023-04-12,kyle27@gmail.com,A bill doctor even.
EMP18167,Corey Hogan,Sales,Manager,54675.64,2023-03-02,hfrye@yahoo.com,Door road customer.
EMP18168,Joseph Elliott,HR,Executive,54675.64,2020-02-06,shelley06@miller-haas.net,Law window boy.
EMP18169,Cameron Huerta,IT,Intern,54675.64,2022-11-18,karen09@washington.com,International.
EMP18170,Rachel Mason,Finance,Intern,54675.64,2023-01-20,steven85@gmail.com,Ok which standard.
EMP18171,Raymond Russell,Sales,Intern,54675.64,2021-07-14,lisa24@compton.com,In difficult sing.
EMP18172,Logan Zamora,Finance,Executive,54675.64,2021-10-26,igriffith@hotmail.com,Charge type people.
EMP18173,Steven Mitchell,HR,Analyst,54675.64,2020-05-17,andrewlester@murphy-gomez.com,Buy door ready each.
EMP18174,Mary Gray,IT,Intern,54675.64,2023-01-26,veronica77@glenn-powell.com,Need detail both.
EMP18175,Brandon Johnson,Sales,Intern,54675.64,2022-07-14,zbernard@gmail.com,Computer news poor.
EMP18176,Katherine Arnold,Finance,Analyst,54675.64,2020-07-23,weaversherry@hotmail.com,Information word.
EMP18177,Kathleen Jones,HR,Intern,54675.64,2020-07-05,barnesshaun@wilson.net,City federal same.
EMP18178,Karen Howell,HR,Executive,54675.64,2020-08-28,marco97@gmail.com,Reflect left always.
EMP18179,Jake Rowland,IT,Intern,54675.64,2022-04-02,watsonmelissa@ray.com,Community assume.
EMP18180,Denise Horne,HR,Manager,54675.64,2020-07-20,calebmcdonald@yahoo.com,Let crime next.
EMP18181,Leonard Newman,Finance,Executive,54675.64,2023-10-22,nicolepeters@yahoo.com,Price party free.
EMP18182,Jason Fuller,HR,Executive,54675.64,2022-09-20,jamestrevor@wilson-villanueva.com,Civil like notice.
EMP18183,Carolyn Hinton,HR,Manager,54675.64,2023-04-22,marycantrell@gmail.com,Church marriage Mr.
EMP18184,Wendy Robertson,Finance,Analyst,54675.64,2023-09-02,kathryn34@bradley.com,Something quickly.
EMP18185,Stacy Hudson,HR,Executive,54675.64,2022-02-12,john28@hotmail.com,Area work determine.
EMP18186,Kristy Patton,IT,Intern,54675.64,2022-06-27,egarcia@hotmail.com,Work language share.
EMP18187,Richard Howard,Sales,Analyst,54675.64,2023-06-23,randymcneil@gmail.com,Owner account plan.
EMP18188,Derek Jordan,Sales,Executive,54675.64,2021-02-27,mgiles@stewart.org,Glass air its.
EMP18189,Anthony Pitts,HR,Intern,54675.64,2021-03-18,bradleyboyd@yahoo.com,We industry team.
EMP18190,Jose Hughes,IT,Intern,54675.64,2022-02-19,bushlisa@stone-sanders.com,West reduce.
EMP18191,Edward Lopez,HR,Executive,54675.64,2023-06-17,monteslawrence@hotmail.com,Administration.
EMP18192,Thomas Hart,HR,Analyst,54675.64,2022-05-14,hkeith@stein.com,With machine front.
EMP18193,Patrick Anderson,HR,Analyst,54675.64,2020-08-16,charles76@gmail.com,Himself over.
EMP18194,Francis Harrison,HR,Manager,54675.64,2020-05-07,josebowers@byrd-king.com,Key range interest.
EMP18195,Raymond Cox,Sales,Manager,54675.64,2020-05-28,fgibson@cannon.org,Material fund west.
EMP18196,Eric Knight,HR,Executive,54675.64,2023-09-13,colleen77@gmail.com,Sell ago as.
EMP18197,Pamela Calderon,HR,Intern,54675.64,2023-08-25,crosbyjeffrey@yahoo.com,PM growth though.
EMP18198,Timothy Gregory,HR,Executive,54675.64,2022-11-20,kimberlyfischer@cox.com,Even store industry.
EMP18199,Samantha Adams,Sales,Manager,54675.64,2020-08-14,jocelyn10@hotmail.com,Idea green concern.
EMP18200,Paula Nixon,IT,Manager,54675.64,2022-05-05,pricekathleen@dennis-stewart.com,Sometimes example.
EMP18201,Richard Green,IT,Executive,54675.64,2021-01-17,jonesjason@yahoo.com,Share with kitchen.
EMP18202,Dustin Torres,IT,Manager,54675.64,2020-11-26,alison62@yahoo.com,Continue economic.
EMP18203,Elizabeth Becker,IT,Analyst,54675.64,2021-02-13,nzimmerman@hotmail.com,Make able evidence.
EMP18204,Jessica Lopez,IT,Executive,54675.64,2021-10-15,timothymorris@contreras-payne.com,Expect policy more.
EMP18205,Dr. Cindy Garcia,Finance,Executive,54675.64,2022-10-02,anthonysmith@gmail.com,Outside challenge.
EMP18206,Mr. James Andrade,HR,Executive,54675.64,2020-08-21,hcooper@long.biz,Anyone she ago.
EMP18207,Brooke Campbell,HR,Executive,54675.64,2023-09-25,johnsonbetty@yahoo.com,Poor American smile.
EMP18208,Jane Smith,IT,Analyst,54675.64,2020-04-09,mfisher@yahoo.com,Kind usually.
EMP18209,Denise Robbins,Finance,Manager,54675.64,2023-03-22,cameronwilliams@simpson.com,Business cultural.
EMP18210,Tara Thomas,Sales,Executive,54675.64,2023-10-14,aherrera@bruce.org,Ask threat.
EMP18211,Barbara Johnson,Finance,Executive,54675.64,2020-11-25,slee@turner.com,Return feeling.
EMP18212,Luke Jackson,HR,Intern,54675.64,2021-04-27,kerri19@yahoo.com,Present establish.
EMP18213,Nancy Pham,IT,Executive,54675.64,2023-04-30,cmurray@bowman-cook.net,Day ground chair.
EMP18214,Christine Clark,Finance,Executive,54675.64,2022-12-28,harrisjennifer@mcdonald-ford.com,Morning artist.
EMP18215,Mark Peters,Sales,Intern,54675.64,2023-02-10,robiningram@yahoo.com,Event about soldier.
EMP18216,Jennifer Ortega,IT,Analyst,54675.64,2023-11-28,crystalglenn@gmail.com,Bill region quality.
EMP18217,Nicholas Lane,Sales,Manager,54675.64,2021-01-16,stantonlori@cuevas.com,Major head simple.
EMP18218,Nicole Doyle,IT,Analyst,54675.64,2020-02-12,nstanton@gibson.net,Garden church cell.
EMP18219,Mary Williams,HR,Executive,54675.64,2021-01-23,timothyschmidt@gmail.com,Religious and.
EMP18220,Jessica Sandoval,IT,Executive,54675.64,2023-10-04,robertmiller@yahoo.com,Democratic member.
EMP18221,Erik Harper,IT,Analyst,54675.64,2022-09-15,yjohnson@gmail.com,At loss street.
EMP18222,Ashley Choi,IT,Executive,54675.64,2020-04-19,anthonyamy@schultz.biz,True chair.
EMP18223,Matthew Garcia,IT,Analyst,54675.64,2022-07-16,johnstonemily@gmail.com,Rise their lose.
EMP18224,Jeffrey Noble,Finance,Analyst,54675.64,2022-05-03,jacksonwhitney@gmail.com,Hear wide.
EMP18225,Sean Wright,Finance,Manager,54675.64,2021-03-02,thomascohen@yahoo.com,Entire three race.
EMP18226,Paul Petty,Finance,Manager,54675.64,2020-12-29,igomez@price.info,Speak pick.
EMP18227,Megan Conner,IT,Manager,54675.64,2020-03-11,umcguire@yahoo.com,Leave week region.
EMP18228,Adam Johnson,Sales,Manager,54675.64,2022-09-19,joshua12@webb-pham.com,Usually above house.
EMP18229,Jackson Dudley,Finance,Analyst,54675.64,2021-07-06,burkekaren@smith.com,Note support.
EMP18230,Nathaniel Guerrero,HR,Executive,54675.64,2023-04-25,martinsandra@salinas.com,Since color court.
EMP18231,Amanda Martinez,Finance,Analyst,54675.64,2021-06-23,garciasarah@yahoo.com,Area similar begin.
EMP18232,Jesse Montgomery,Finance,Executive,54675.64,2023-05-21,leonardneal@gmail.com,Travel work born.
EMP18233,Christina Coleman,HR,Manager,54675.64,2022-03-29,monica52@hotmail.com,Decision business.
EMP18234,Barbara Richardson,HR,Intern,54675.64,2023-12-21,aprilchavez@hines.com,First wait degree.
EMP18235,Anna Bass,Sales,Executive,54675.64,2023-08-23,rmosley@hotmail.com,Voice care mouth.
EMP18236,Brandon Chung,IT,Executive,54675.64,2020-02-22,jameswilliams@hayes-rodriguez.com,Make give risk.
EMP18237,Debbie Freeman,HR,Intern,54675.64,2021-11-20,wflores@hotmail.com,Great economy.
EMP18238,Alexandra Hernandez,Sales,Analyst,54675.64,2021-07-11,simslaura@johnson-wilson.com,Environment hold.
EMP18239,Alice Adams,IT,Manager,54675.64,2020-03-22,rbrown@farley.biz,Human city wear.
EMP18240,Chelsea Banks,HR,Analyst,54675.64,2023-04-12,martinezthomas@jennings.com,Accept feeling by.
EMP18241,Jordan Salazar,Sales,Executive,54675.64,2020-02-10,jameschan@yahoo.com,Full attorney.
EMP18242,Matthew Harrison,Sales,Executive,54675.64,2020-11-02,dflores@berry.info,Read focus you late.
EMP18243,Alexander Webster,Finance,Executive,54675.64,2022-02-17,dawsondanielle@hotmail.com,Business cover case.
EMP18244,Susan Smith,HR,Analyst,54675.64,2022-10-19,xcollins@hotmail.com,Who raise enjoy.
EMP18245,Kathryn Nelson DDS,IT,Analyst,54675.64,2022-11-16,sbush@brooks.biz,President program.
EMP18246,Allison Myers,Sales,Intern,54675.64,2021-07-14,jocelynjordan@gmail.com,Fine less receive.
EMP18247,Christina Santana,Finance,Analyst,54675.64,2023-07-19,scottnovak@hotmail.com,Fill behind machine.
EMP18248,Wendy Tyler,Sales,Manager,54675.64,2023-08-22,codysingh@hotmail.com,Moment enjoy.
EMP18249,Hannah Hughes,IT,Executive,54675.64,2022-06-29,charles88@cohen.com,Place special both.
EMP18250,Barry Meyer,Sales,Analyst,54675.64,2020-09-26,jocelyn72@martinez.info,Police yeah the.
EMP18251,Ronald Martinez,Finance,Analyst,54675.64,2021-12-22,cperez@hotmail.com,Myself with.
EMP18252,Michael Davidson,IT,Analyst,54675.64,2023-05-12,vegaalexander@thompson.com,Trouble during.
EMP18253,Joshua Harrington,HR,Analyst,54675.64,2022-03-04,tabithamatthews@hogan.net,Military network.
EMP18254,Laura Davis,Finance,Analyst,54675.64,2023-06-11,robersonheather@hotmail.com,Seem term into.
EMP18255,Xavier Marsh,IT,Analyst,54675.64,2020-09-02,smithkurt@yahoo.com,Move research north.
EMP18256,Michele Doyle,Sales,Analyst,54675.64,2022-07-10,jenniferholder@yahoo.com,Little consumer.
EMP18257,Jasmine Nichols,Finance,Manager,54675.64,2021-05-16,edwardstravis@lewis.com,Break ever election.
EMP18258,Scott Becker,IT,Analyst,54675.64,2023-02-07,villatravis@hotmail.com,Food series claim.
EMP18259,Tammy Hopkins,IT,Intern,54675.64,2022-07-02,stephen15@craig.com,Go voice walk.
EMP18260,Gina Davis,Finance,Manager,54675.64,2022-02-07,michael96@hotmail.com,Why expect without.
EMP18261,Veronica Rogers,IT,Manager,54675.64,2020-01-16,millerstacey@yahoo.com,Available though.
EMP18262,Diana Ramirez,IT,Intern,54675.64,2023-10-12,marcusalvarez@gmail.com,Enter group still.
EMP18263,Todd Donaldson,Sales,Executive,54675.64,2020-05-28,phelpslauren@boyd-kelly.net,Send off white.
EMP18264,Cassandra Smith,HR,Executive,54675.64,2022-08-25,leah27@landry.info,Organization.
EMP18265,Brandon Ortiz,HR,Manager,54675.64,2021-05-14,sallycoleman@harris.com,Window lay in small.
EMP18266,Ashley King,Finance,Manager,54675.64,2021-09-22,amanda49@malone.com,Section low nothing.
EMP18267,Christopher Jones,Finance,Analyst,54675.64,2022-09-15,vazquezaaron@hotmail.com,Successful game.
EMP18268,Jerry Sandoval,IT,Manager,54675.64,2021-04-22,fkirk@gmail.com,Table different.
EMP18269,Gregory Bowen,HR,Analyst,54675.64,2023-07-11,martinezbailey@simpson-castaneda.com,Rock certainly.
EMP18270,Brittney Espinoza,Sales,Analyst,54675.64,2023-06-29,cooklaurie@hotmail.com,New check.
EMP18271,Thomas Russo,Sales,Executive,54675.64,2023-07-21,edward26@hotmail.com,Discussion Mr.
EMP18272,Brandy Maddox,HR,Manager,54675.64,2022-11-13,summerstanya@williamson.net,Claim theory next.
EMP18273,Connie Gutierrez,Finance,Analyst,54675.64,2022-12-28,eric71@yahoo.com,Nice us thing hot.
EMP18274,Leonard Lucero,HR,Manager,54675.64,2021-02-13,gwright@hotmail.com,Plan worker million.
EMP18275,Jeff Chambers,Finance,Analyst,54675.64,2020-01-11,kennethcoleman@humphrey.com,Kitchen one should.
EMP18276,Omar Sullivan,Sales,Executive,54675.64,2020-09-16,edwardsalexandra@jones-ayers.biz,Hard receive floor.
EMP18277,Cynthia Rasmussen,IT,Analyst,54675.64,2022-10-30,sancheztyler@gmail.com,Feel item voice.
EMP18278,Omar Peterson,IT,Executive,54675.64,2022-11-01,julia99@yahoo.com,To past special.
EMP18279,Diana Gilbert,Sales,Intern,54675.64,2022-06-26,cbeasley@moore.biz,Send government.
EMP18280,Evan Cook,HR,Executive,54675.64,2022-01-16,ysantos@irwin-wolfe.info,Position reason.
EMP18281,Ashley Flores,HR,Executive,54675.64,2023-01-19,sbrown@martinez.com,Moment bring.
EMP18282,David Perry,HR,Executive,54675.64,2023-06-02,krista28@boyd.com,Door significant.
EMP18283,Dawn Mcbride,HR,Intern,54675.64,2021-04-24,tammymurray@hotmail.com,Size idea big name.
EMP18284,Penny Andrews,HR,Executive,54675.64,2022-10-25,uwhite@gmail.com,Back drop economic.
EMP18285,Allison Nielsen,Finance,Manager,54675.64,2020-01-23,astokes@riley.info,Explain lose church.
EMP18286,Leah Thomas,HR,Manager,54675.64,2023-04-22,wmcdonald@taylor.com,Commercial reach.
EMP18287,James Baker,HR,Intern,54675.64,2023-05-24,collinsanthony@silva-chung.com,Mean else worry.
EMP18288,Judith Spencer,HR,Intern,54675.64,2021-07-11,noah84@hotmail.com,Sort condition boy.
EMP18289,Angela Rodriguez,IT,Intern,54675.64,2023-02-27,andrew12@yahoo.com,Check customer.
EMP18290,John Hansen,IT,Analyst,54675.64,2023-11-06,thompsonkimberly@carpenter.com,American.
EMP18291,Jessica Jones,HR,Executive,54675.64,2020-12-15,peterjimenez@yahoo.com,Authority color.
EMP18292,Ms. Jennifer Raymond,HR,Executive,54675.64,2021-08-08,andersonnicholas@james.com,Maybe can mention.
EMP18293,Paul Richardson,Finance,Intern,54675.64,2020-01-01,olivia19@lawrence.biz,So story candidate.
EMP18294,Jeffrey Richardson,IT,Intern,54675.64,2022-08-13,louis08@gordon.com,Continue source at.
EMP18295,David Sanders,Sales,Manager,54675.64,2022-03-14,michael02@tate-carter.com,Line speech bag.
EMP18296,Ryan Green,IT,Manager,54675.64,2022-12-21,jackknight@hotmail.com,Loss statement.
EMP18297,Jeremiah Palmer,HR,Executive,54675.64,2020-11-18,xrodriguez@yahoo.com,Game condition.
EMP18298,Yesenia Dodson,IT,Manager,54675.64,2021-09-11,karenharris@gmail.com,Structure religious.
EMP18299,Brittany Fleming,HR,Manager,54675.64,2022-01-17,grush@yahoo.com,Cover bit style.
EMP18300,Terri Rose,IT,Executive,54675.64,2020-01-16,watsontasha@velazquez.com,Fill move agency.
EMP18301,Jill Figueroa,IT,Intern,54675.64,2021-04-06,wolfdiane@jones-dunlap.biz,Yourself second.
EMP18302,Sean Hawkins,IT,Intern,54675.64,2021-02-27,fernandezvanessa@mercado-woods.com,Environmental.
EMP18303,Nicholas Johnson,HR,Executive,54675.64,2023-06-14,elizabeth11@johnson-allen.com,Walk laugh quality.
EMP18304,Douglas Noble,Sales,Intern,54675.64,2023-08-20,jonathanosborne@yahoo.com,Today body group.
EMP18305,Jennifer Nguyen DVM,HR,Intern,54675.64,2023-02-08,steven99@walton.com,Oil whether occur.
EMP18306,Joshua Williams,Sales,Executive,54675.64,2021-05-31,parkertracy@williams.com,Guy population.
EMP18307,Gregory Nguyen,Sales,Analyst,54675.64,2021-02-12,amy47@yahoo.com,Least section.
EMP18308,Sharon Jackson,Sales,Intern,54675.64,2022-03-16,rdavis@hotmail.com,Employee media.
EMP18309,Maria Shannon,Sales,Executive,54675.64,2021-04-21,ablair@ayala.biz,Less network.
EMP18310,Cassandra Kelly,Sales,Analyst,54675.64,2021-03-04,diane37@valdez.biz,Chair former dark.
EMP18311,Tara Carroll,Finance,Manager,54675.64,2020-04-22,jromero@gmail.com,Present far discuss.
EMP18312,Dr. Kelly Potter,Sales,Intern,54675.64,2020-06-15,carrolljulie@cooper-rivera.biz,The lay sound rise.
EMP18313,Phyllis Bell,Finance,Executive,54675.64,2020-04-05,tammy39@gmail.com,Significant couple.
EMP18314,Mary Sullivan,HR,Manager,54675.64,2020-10-02,markhenderson@gmail.com,Pass job school may.
EMP18315,Angela Rodriguez,HR,Manager,54675.64,2021-05-02,baileytyler@yahoo.com,Alone huge third.
EMP18316,Brianna Ramirez,Finance,Analyst,54675.64,2023-05-12,fsmith@hotmail.com,Only movement.
EMP18317,Christine Watson,IT,Executive,54675.64,2020-05-19,joy62@hotmail.com,Page sea although.
EMP18318,Robin Brooks,Sales,Analyst,54675.64,2023-06-07,markhudson@yahoo.com,Fish owner social.
EMP18319,Alexis Davis,Finance,Manager,54675.64,2023-04-25,mbailey@hotmail.com,Fill large think.
EMP18320,Kevin Greene,HR,Intern,54675.64,2021-07-19,gmaldonado@white.com,History remain.
EMP18321,John Miller,HR,Analyst,54675.64,2020-03-28,pjenkins@hotmail.com,Republican likely.
EMP18322,Mary Smith,HR,Executive,54675.64,2021-09-06,clarkjason@mack-marks.com,Talk same dog.
EMP18323,Ellen Holmes,HR,Executive,54675.64,2023-10-03,michele99@gmail.com,Participant read.
EMP18324,Anthony Jones,Finance,Manager,54675.64,2020-05-19,rachel64@hotmail.com,Firm up resource.
EMP18325,John Evans,IT,Executive,54675.64,2022-05-12,dlopez@yahoo.com,Culture trip down.
EMP18326,Sandra Wright,HR,Analyst,54675.64,2023-06-07,ryanjohnson@gmail.com,Wind program factor.
EMP18327,Antonio Bowers,IT,Analyst,54675.64,2022-09-24,ajones@moreno.info,Maybe yeah less.
EMP18328,Paige Wagner,Sales,Intern,54675.64,2020-12-13,bpowell@burke-ross.com,Such wonder number.
EMP18329,Tara Malone,IT,Manager,54675.64,2022-08-26,flynnjulian@hotmail.com,Employee.
EMP18330,Katrina Lutz,HR,Manager,54675.64,2021-08-20,petersonkeith@gmail.com,Past water word.
EMP18331,Daniel Cobb,Finance,Analyst,54675.64,2023-07-10,kromero@yahoo.com,Argue anyone budget.
EMP18332,Christopher Anderson,Sales,Manager,54675.64,2020-11-19,ycox@lopez.com,Three born song.
EMP18333,Angela Lewis,Finance,Analyst,54675.64,2021-10-30,jaredwatkins@yahoo.com,Music get add floor.
EMP18334,John Wright,Finance,Analyst,54675.64,2023-11-05,fullershelia@smith-mitchell.com,Arrive impact job.
EMP18335,William Turner,IT,Intern,54675.64,2022-10-09,benjamin01@adams-hall.biz,Important poor send.
EMP18336,Melissa Price,IT,Analyst,54675.64,2023-02-17,matthewgilbert@gmail.com,First change.
EMP18337,Matthew Frederick,IT,Analyst,54675.64,2020-10-27,stevenhanson@peters-jones.com,Outside hand able.
EMP18338,Joseph Martinez,HR,Intern,54675.64,2023-11-18,brianna68@ramos.com,Truth him true call.
EMP18339,Brandon Nguyen,Sales,Manager,54675.64,2021-10-05,bethany70@castillo-brown.org,Everything hundred.
EMP18340,John Wilson,IT,Analyst,54675.64,2022-03-02,timothywebb@chapman-torres.com,Central mission.
EMP18341,Douglas Williams,HR,Executive,54675.64,2023-01-13,katherine39@hotmail.com,Style easy likely.
EMP18342,Katie Silva,Finance,Intern,54675.64,2023-12-04,hudsonvanessa@hotmail.com,Total laugh fly.
EMP18343,Cynthia Jackson,Sales,Manager,54675.64,2022-08-09,robin51@simpson.com,Student cost.
EMP18344,Thomas George,Finance,Intern,54675.64,2022-04-19,connie34@yahoo.com,Those protect size.
EMP18345,Heather Jones,IT,Analyst,54675.64,2022-11-12,jamesmcbride@gmail.com,Read image lot.
EMP18346,Andrea Mcdonald,Sales,Manager,54675.64,2020-09-21,penny44@gmail.com,Exist lawyer then.
EMP18347,Linda Hunt,HR,Executive,54675.64,2022-11-14,xburgess@harris-butler.com,Spring whatever.
EMP18348,Danielle Williams,Sales,Intern,54675.64,2020-08-15,lschaefer@cooley.com,Allow someone.
EMP18349,Mr. Michael Richard,Sales,Executive,54675.64,2020-10-14,donald08@hotmail.com,Leader sea get.
EMP18350,Taylor Allen,Sales,Intern,54675.64,2021-10-08,phillipwright@fuller-ramos.com,Church bring.
EMP18351,Shannon Jimenez,IT,Analyst,54675.64,2023-10-08,amanda33@gmail.com,Adult to almost.
EMP18352,Stephen Compton,Finance,Intern,54675.64,2021-11-29,veronica31@hammond.com,House admit parent.
EMP18353,Dale Rasmussen DDS,Finance,Executive,54675.64,2021-04-23,cheryl94@white.com,Movement their.
EMP18354,Stephanie Miller,IT,Intern,54675.64,2021-02-04,brownrachel@yahoo.com,Door provide.
EMP18355,Olivia Powell,IT,Analyst,54675.64,2023-04-01,qlynn@hotmail.com,Minute these teach.
EMP18356,Larry Moore,Finance,Analyst,54675.64,2020-11-09,paulfranco@boone-garcia.com,Call prove still me.
EMP18357,Nicholas Long,IT,Intern,54675.64,2021-06-24,kellybennett@hotmail.com,Of world smile.
EMP18358,Joshua Sanford,IT,Manager,54675.64,2022-04-03,hkim@gmail.com,Tax stay much hotel.
EMP18359,Caitlin King,IT,Analyst,54675.64,2023-10-28,sdavis@gregory.com,Else its important.
EMP18360,Felicia Peters,IT,Intern,54675.64,2021-09-18,bethduarte@gmail.com,Which city raise.
EMP18361,John Smith,Finance,Analyst,54675.64,2022-04-10,whull@jackson-walker.info,Still second much.
EMP18362,Dr. Robert Williams,HR,Analyst,54675.64,2023-05-18,kfreeman@hotmail.com,Me character couple.
EMP18363,Margaret Robinson,HR,Analyst,54675.64,2020-02-16,carlrichardson@miller.com,Even energy decide.
EMP18364,Mark Benson,Finance,Analyst,54675.64,2020-11-25,lauradodson@gonzalez.net,Role cold high at.
EMP18365,Nichole Spencer,Sales,Analyst,54675.64,2023-07-18,aellison@braun-sanders.biz,Candidate together.
EMP18366,Brad White,Sales,Analyst,54675.64,2020-04-29,eholder@hotmail.com,Letter group final.
EMP18367,Dylan Sanchez,HR,Manager,54675.64,2020-11-08,vfleming@hotmail.com,Structure someone.
EMP18368,Jody Herrera,Finance,Manager,54675.64,2020-04-11,pmiller@yahoo.com,Daughter three.
EMP18369,Alexander Velez,HR,Analyst,54675.64,2020-07-24,torresdawn@sanchez.com,Eight teach third.
EMP18370,Taylor Davis,Sales,Manager,54675.64,2023-05-26,byrdfrances@hotmail.com,Town break air.
EMP18371,David George,HR,Analyst,54675.64,2023-07-21,yquinn@yahoo.com,Million consumer.
EMP18372,Amanda Miller,HR,Analyst,54675.64,2023-09-23,beckynavarro@kelly-nash.com,Attack type low.
EMP18373,Bryan Wade,HR,Intern,54675.64,2022-02-12,brittanyfrancis@thompson-fitzgerald.com,Reality benefit.
EMP18374,Amanda Mccoy,Sales,Executive,54675.64,2022-03-21,sarabrown@combs-gutierrez.net,Center recognize.
EMP18375,Stephanie Lucas,Sales,Manager,54675.64,2022-09-11,john02@anderson.com,Vote base music.
EMP18376,Charles Garcia,Finance,Executive,54675.64,2022-11-30,jennifer94@gmail.com,Miss carry recently.
EMP18377,Traci Scott,IT,Analyst,54675.64,2022-12-10,cmoore@hotmail.com,Evening like feel.
EMP18378,Kimberly Curtis,Sales,Intern,54675.64,2023-01-22,diazjohn@yahoo.com,Power expect scene.
EMP18379,Mark Warner,IT,Analyst,54675.64,2020-01-19,uroberts@edwards.net,Attack including.
EMP18380,Kyle Hoffman,HR,Analyst,54675.64,2021-08-14,dthompson@thomas.net,Half develop.
EMP18381,Jennifer Miller,IT,Intern,54675.64,2021-08-05,ujames@yahoo.com,Evening with item.
EMP18382,Lori Snyder,Finance,Intern,54675.64,2022-12-13,williambishop@gmail.com,Remember partner.
EMP18383,Brett Murphy,HR,Manager,54675.64,2022-05-23,kristintaylor@green-hammond.info,Even any vote.
EMP18384,Yvonne Lee,Finance,Intern,54675.64,2022-09-24,morrisonsandra@hotmail.com,Both serious blood.
EMP18385,David Schroeder,IT,Manager,54675.64,2021-11-11,tbruce@yahoo.com,Office it next hour.
EMP18386,Susan Gibson,HR,Manager,54675.64,2021-01-30,jamesberry@jackson.com,Rate realize.
EMP18387,Gabrielle Wyatt,Sales,Manager,54675.64,2022-10-25,melissafleming@gmail.com,Character whether.
EMP18388,Amy Davenport,IT,Executive,54675.64,2020-01-26,stephanie41@yahoo.com,One player history.
EMP18389,Jennifer Newton,IT,Executive,54675.64,2023-04-04,xmendoza@gmail.com,General director.
EMP18390,Ronald Lee,HR,Manager,54675.64,2023-01-10,thompsonbradley@harris.org,Consumer official.
EMP18391,Kyle Hatfield,HR,Manager,54675.64,2023-07-09,adambarron@hotmail.com,Information table.
EMP18392,Debbie Atkins,Finance,Executive,54675.64,2023-07-04,virginia46@wilkerson.com,Fire yeah.
EMP18393,Alicia Dillon,Sales,Manager,54675.64,2021-08-09,james57@cole.com,Crime last leader.
EMP18394,Patty Jones,IT,Analyst,54675.64,2023-02-23,laura37@gmail.com,Hotel include.
EMP18395,Heather Ford,Sales,Analyst,54675.64,2020-12-11,victoriafrank@yahoo.com,Where green explain.
EMP18396,Michael Church,Sales,Intern,54675.64,2023-12-17,gary44@gmail.com,Significant stuff.
EMP18397,Marie Thomas MD,Sales,Manager,54675.64,2022-12-08,schwartzsonia@hotmail.com,Should by growth.
EMP18398,Amy Sullivan,HR,Manager,54675.64,2020-03-22,madison91@gmail.com,Least owner office.
EMP18399,Rachel Thomas,Sales,Analyst,54675.64,2021-04-28,rriddle@newman.info,Husband civil safe.
EMP18400,Kimberly Brown,Finance,Manager,54675.64,2022-11-26,crystalkirk@hotmail.com,Action old.
EMP18401,Michelle Thompson,Sales,Analyst,54675.64,2023-06-02,yreed@morrow.com,True step use offer.
EMP18402,Dr. Lisa Lewis,HR,Analyst,54675.64,2023-07-04,xlawrence@hotmail.com,Government painting.
EMP18403,Holly Duncan,HR,Manager,54675.64,2023-08-09,wwhite@wolf.com,Parent the risk.
EMP18404,Candice Adams,Sales,Manager,54675.64,2020-08-01,jbuckley@garza-mcneil.com,Various soldier.
EMP18405,Grant Jenkins,Finance,Analyst,54675.64,2023-07-22,benderbethany@brooks.info,Mrs magazine change.
EMP18406,Sarah Garcia,IT,Manager,54675.64,2023-04-03,calvin61@gross-fisher.net,Why dream help sing.
EMP18407,Rebecca Hicks,IT,Manager,54675.64,2021-09-17,bboyer@brown-cunningham.com,Find possible.
EMP18408,Kylie Obrien,Finance,Executive,54675.64,2021-07-21,christophervasquez@hotmail.com,Real address future.
EMP18409,Mrs. Maria Willis PhD,HR,Executive,54675.64,2022-04-14,dana72@hotmail.com,Civil election.
EMP18410,Mrs. Alice Jimenez DDS,Sales,Analyst,54675.64,2022-03-13,agalloway@williams-dominguez.com,Ball player light.
EMP18411,Hector Heath,IT,Analyst,54675.64,2022-08-26,cameron99@schwartz-phillips.com,Protect change.
EMP18412,Samuel Valdez,IT,Intern,54675.64,2020-03-24,allencrystal@bowen-diaz.com,Raise degree thank.
EMP18413,Adam Perez,Sales,Intern,54675.64,2023-07-29,jefferyjones@taylor-ford.com,By spend data beat.
EMP18414,Brian Bennett,IT,Analyst,54675.64,2020-06-22,vramos@lewis.biz,Beyond maintain.
EMP18415,Christopher Vazquez,IT,Executive,54675.64,2021-04-24,christopher95@hotmail.com,Push television.
EMP18416,Willie Miller,HR,Analyst,54675.64,2023-03-11,veronicapark@yahoo.com,Class space perform.
EMP18417,Andrew Chapman,IT,Analyst,54675.64,2023-12-07,matthewnewton@gmail.com,Sometimes every.
EMP18418,Alicia Castillo,IT,Executive,54675.64,2023-04-24,mary14@duncan.net,Thousand buy center.
EMP18419,Ryan Le,HR,Intern,54675.64,2020-06-07,lisasalazar@gmail.com,Population plan.
EMP18420,Rodney Reid,IT,Analyst,54675.64,2021-07-24,carterjames@goodman-martinez.org,Vote chance.
EMP18421,Caitlyn Andrews,HR,Intern,54675.64,2021-02-23,nicholastrujillo@hotmail.com,Likely actually.
EMP18422,Christopher Gardner,Sales,Manager,54675.64,2021-08-23,amy58@richardson-stone.org,Official explain.
EMP18423,Sheila Jones,IT,Executive,54675.64,2022-04-06,rebeccagallagher@wilson.com,Speak plant lawyer.
EMP18424,Anna Ramirez,IT,Analyst,54675.64,2022-04-27,darlenefrederick@morgan.com,Imagine raise how.
EMP18425,Nancy Davis,Finance,Analyst,54675.64,2023-02-27,kgriffith@gmail.com,Onto listen anyone.
EMP18426,Diane Branch,Finance,Intern,54675.64,2023-11-02,fuenteslarry@ellis.com,Design still eye.
EMP18427,Lisa Barrett,Finance,Manager,54675.64,2020-09-24,joneserin@schwartz-berry.com,Drive need.
EMP18428,Kelly Jimenez,HR,Executive,54675.64,2022-01-21,knightkayla@hotmail.com,Feeling since fight.
EMP18429,Sierra Wright,IT,Manager,54675.64,2022-02-16,cristian03@hotmail.com,Treat share up.
EMP18430,Morgan Rodriguez,IT,Manager,54675.64,2022-01-02,rachel87@yahoo.com,Parent likely.
EMP18431,Stephen Miles,Finance,Analyst,54675.64,2021-09-23,nmarshall@yahoo.com,Movement gas.
EMP18432,Gregory Williams,HR,Intern,54675.64,2022-02-08,suzannepowell@gmail.com,Threat marriage.
EMP18433,Tony Wheeler,Finance,Intern,54675.64,2021-06-11,melissa54@dixon-hart.com,Answer lead rise.
EMP18434,Vanessa Waller,IT,Analyst,54675.64,2021-11-19,smoore@jacobs.com,Magazine several.
EMP18435,Larry Nguyen,HR,Analyst,54675.64,2020-08-01,jamesbrowning@garcia.com,Defense similar.
EMP18436,Andrew Buck,Finance,Manager,54675.64,2022-06-20,steelesteven@jacobs.com,Source outside.
EMP18437,Jasmine Henderson,IT,Intern,54675.64,2023-01-29,alicia62@gmail.com,Across sell.
EMP18438,Timothy Sanchez,Finance,Executive,54675.64,2021-08-29,jacob38@alexander.com,War for yet force.
EMP18439,Megan Navarro,Sales,Analyst,54675.64,2023-02-02,tylergilmore@davenport.com,Win book president.
EMP18440,Jordan Coffey,HR,Manager,54675.64,2020-05-14,danielavila@brewer.com,Store he fish.
EMP18441,Vincent Vargas,Sales,Intern,54675.64,2022-02-27,calhounkristin@yahoo.com,Cultural good crime.
EMP18442,Joshua Townsend,Sales,Analyst,54675.64,2022-08-15,dfranklin@morrison.net,Scientist unit.
EMP18443,Michael Miles,HR,Manager,54675.64,2021-09-11,justin36@smith.com,Box around expert.
EMP18444,Janice Miranda,Sales,Intern,54675.64,2020-08-04,gabriellestewart@hotmail.com,Crime sister care.
EMP18445,Kristina Sherman,Finance,Executive,54675.64,2023-12-19,kyle85@gmail.com,Right couple.
EMP18446,Nathan Buchanan,IT,Manager,54675.64,2020-08-24,sclay@cross.net,Investment paper.
EMP18447,Zachary Pratt,HR,Executive,54675.64,2021-08-11,maryevans@hotmail.com,Sing group picture.
EMP18448,Chelsea Nguyen,Finance,Manager,54675.64,2022-06-22,joannekelly@collins-lewis.info,Just example goal.
EMP18449,Carl Brooks IV,IT,Executive,54675.64,2023-10-28,dayedward@hampton.com,Across choose too.
EMP18450,William Smith,Sales,Intern,54675.64,2021-10-15,jessicataylor@gmail.com,Message factor run.
EMP18451,Amy Christian,HR,Executive,54675.64,2021-08-11,anthony66@diaz.biz,Back girl American.
EMP18452,William Hill,Sales,Executive,54675.64,2021-06-06,brenda93@gmail.com,Us develop nothing.
EMP18453,David Miller,IT,Executive,54675.64,2020-01-10,lisa06@gmail.com,To require might.
EMP18454,Diamond Smith,HR,Intern,54675.64,2023-08-27,jacquelinewade@oneill-gray.net,Age may effort both.
EMP18455,Jasmine Donaldson,Finance,Analyst,54675.64,2021-05-28,richardwilliams@hansen-cunningham.net,College newspaper.
EMP18456,Dwayne Peters,Sales,Analyst,54675.64,2021-07-12,robertyoung@park-huff.net,Feel ability common.
EMP18457,Justin Cabrera,Finance,Manager,54675.64,2023-01-19,wbridges@cooper.com,Name involve.
EMP18458,Clayton Smith,Finance,Analyst,54675.64,2020-09-30,kingjoseph@perry.com,It question affect.
EMP18459,Terri Brown,Finance,Executive,54675.64,2023-08-07,fyang@willis.com,Wind sister.
EMP18460,Patricia Salas,HR,Intern,54675.64,2023-11-01,stephanie87@hotmail.com,Theory sing later.
EMP18461,Regina Terry,Sales,Analyst,54675.64,2022-12-21,rhondalane@hotmail.com,Ball range consider.
EMP18462,Alexis Summers,Finance,Intern,54675.64,2021-06-20,michaelfisher@mclean-howell.biz,Future where foot.
EMP18463,Crystal Hunt,IT,Executive,54675.64,2023-05-22,robin66@garcia.net,Eat these help.
EMP18464,George Steele,HR,Analyst,54675.64,2022-08-30,gonzalessara@carson.com,Meet best series.
EMP18465,Suzanne Swanson,Finance,Manager,54675.64,2020-06-05,zhines@byrd.com,Data often than.
EMP18466,Jeffery Johnson,Finance,Manager,54675.64,2021-04-14,leeemily@lee-moran.net,Me compare hard.
EMP18467,Stephen Cunningham,Sales,Executive,54675.64,2021-10-20,csalazar@hotmail.com,Radio reveal guy.
EMP18468,James Conrad,Finance,Intern,54675.64,2021-12-12,breanna25@yahoo.com,Describe every big.
EMP18469,Tiffany Jones,Finance,Executive,54675.64,2021-12-16,mitchellsandra@gmail.com,Road still analysis.
EMP18470,Mackenzie Jones,Finance,Analyst,54675.64,2023-09-10,mjones@hotmail.com,Bag theory thing.
EMP18471,Stephen Clay,Sales,Intern,54675.64,2020-07-26,teresamiller@torres.com,Smile option friend.
EMP18472,Brad Gould,Finance,Intern,54675.64,2022-01-24,laurencastaneda@yahoo.com,Stuff first star.
EMP18473,George Farmer,IT,Intern,54675.64,2023-01-26,stacyjennings@hotmail.com,Shake win finally.
EMP18474,April Perez,HR,Intern,54675.64,2022-01-15,nelsonjeffery@hotmail.com,Another chair power.
EMP18475,Julie Bennett,Finance,Analyst,54675.64,2022-10-30,mcarroll@gmail.com,Give it service arm.
EMP18476,Justin Lowe,Sales,Intern,54675.64,2023-02-12,carly45@yahoo.com,Government between.
EMP18477,Emily Becker,IT,Intern,54675.64,2021-03-20,kelly73@williams.com,College then.
EMP18478,Jeremy Scott,HR,Executive,54675.64,2022-07-20,robertruiz@yahoo.com,Help member argue.
EMP18479,Ashley Miller,Sales,Manager,54675.64,2023-11-15,allenfranklin@yahoo.com,Drug night account.
EMP18480,David Jordan,Sales,Intern,54675.64,2022-02-21,slopez@graham.com,Organization fear.
EMP18481,Tyler Mcfarland,HR,Manager,54675.64,2023-10-25,michael57@yahoo.com,Foreign cut.
EMP18482,Jessica Bender,HR,Intern,54675.64,2021-10-14,williammarshall@miller-kelley.info,Look black agent.
EMP18483,Donna Warren,Sales,Intern,54675.64,2021-06-28,znguyen@tucker-paul.com,Strong rest.
EMP18484,Donna Gregory,IT,Executive,54675.64,2023-10-10,corybeltran@blackburn.com,Author five effect.
EMP18485,Brian Henderson,IT,Manager,54675.64,2022-08-19,clinekenneth@hotmail.com,Me support speak.
EMP18486,Dylan Smith,IT,Executive,54675.64,2020-04-13,brentjohnson@hester.info,Teacher picture fly.
EMP18487,Russell Pennington,HR,Analyst,54675.64,2023-11-29,meghan94@gmail.com,Book idea than.
EMP18488,Rachel Jones,Finance,Manager,54675.64,2022-08-31,karlmarsh@hotmail.com,Present open mean.
EMP18489,Bobby Bray,Sales,Manager,54675.64,2021-07-09,flynnholly@hall.com,Only through.
EMP18490,Beth Reynolds,IT,Executive,54675.64,2021-08-04,albertsantos@bailey.com,Image necessary.
EMP18491,Jason Morton,Finance,Intern,54675.64,2022-07-20,davidsullivan@gmail.com,Discuss key involve.
EMP18492,Ryan Hughes,HR,Intern,54675.64,2021-01-12,brian07@steele-phelps.org,Kind couple method.
EMP18493,Mary Espinoza,Sales,Analyst,54675.64,2021-03-21,susan58@hudson.org,Option cold per.
EMP18494,Richard Wu,Finance,Intern,54675.64,2023-05-18,alanrose@costa-ho.com,Despite test appear.
EMP18495,Russell Evans,Sales,Manager,54675.64,2020-08-28,garnercourtney@hotmail.com,Include step doctor.
EMP18496,Matthew Harvey,HR,Manager,54675.64,2023-04-08,josephpeters@patel.com,Adult avoid ever.
EMP18497,Thomas Miller,HR,Analyst,54675.64,2023-10-12,mcdonaldwalter@yahoo.com,Since marriage.
EMP18498,Alexandra Warner MD,IT,Analyst,54675.64,2022-08-22,watkinsmartha@carter.com,Future what.
EMP18499,Michael Torres,Sales,Executive,54675.64,2023-12-30,stefanie09@hotmail.com,Anyone why wish.
EMP18500,Jonathan Lynch,Sales,Manager,54675.64,2022-06-15,ccochran@knight.com,Skill property stop.
EMP18501,Frank Hale,Finance,Manager,54675.64,2021-02-17,amyking@morris.org,In force reason.
EMP18502,William Young,Sales,Analyst,54675.64,2023-02-26,zprice@hotmail.com,Product available.
EMP18503,Lori Little,Sales,Analyst,54675.64,2021-03-07,robertpope@lawson-tapia.com,Reduce learn agency.
EMP18504,Sabrina Steele,Finance,Manager,54675.64,2021-02-01,jacksondenise@mitchell.com,Experience spring.
EMP18505,Sharon Erickson,IT,Analyst,54675.64,2022-01-01,kirsten14@johnson-brown.com,Opportunity.
EMP18506,Charles Phillips,Sales,Intern,54675.64,2022-07-15,shawn30@gmail.com,Dark bad poor.
EMP18507,George Stevenson,Finance,Executive,54675.64,2021-12-02,onewman@yahoo.com,Assume yeah today.
EMP18508,Brittany Obrien,HR,Intern,54675.64,2020-03-27,odavis@yahoo.com,Discussion future.
EMP18509,Kevin Wheeler,IT,Executive,54675.64,2023-06-11,jstewart@yahoo.com,Identify road.
EMP18510,Natalie Jenkins,Finance,Analyst,54675.64,2022-07-15,hernandezrachel@yahoo.com,Authority.
EMP18511,Lee Ramirez,Sales,Manager,54675.64,2021-01-11,whill@lane.com,Blood case.
EMP18512,Laurie Baird,IT,Intern,54675.64,2021-10-08,evanssara@gmail.com,Watch practice.
EMP18513,Richard Alexander,IT,Intern,54675.64,2023-11-28,ngarcia@ashley.com,Fast science here.
EMP18514,Nicole Fields,IT,Analyst,54675.64,2020-03-24,aguilarmariah@smith.com,Good mission trial.
EMP18515,Christina Miller,HR,Intern,54675.64,2023-12-09,samanthawilson@mcdonald-welch.com,Sort artist police.
EMP18516,Nicholas Hunt,Finance,Manager,54675.64,2022-02-15,rodriguezangel@gmail.com,Live go hear.
EMP18517,Andrew Terry,IT,Executive,54675.64,2020-09-23,patrick25@yahoo.com,Break design class.
EMP18518,David Johnson,Sales,Intern,54675.64,2022-10-26,juan28@rogers.com,Garden really cover.
EMP18519,Albert Romero,Sales,Executive,54675.64,2023-12-21,fstout@maynard.com,Piece bring room.
EMP18520,Jimmy Stein,Sales,Executive,54675.64,2022-12-18,vcooper@hotmail.com,Bar behind subject.
EMP18521,Pamela Bowers,IT,Manager,54675.64,2020-01-18,nancymclaughlin@gonzalez-owens.com,Western firm large.
EMP18522,Connor Mendoza,Sales,Analyst,54675.64,2022-06-13,zcrawford@hotmail.com,Arrive himself.
EMP18523,John Williams,IT,Manager,54675.64,2022-06-15,wheelerjose@yahoo.com,Property huge.
EMP18524,Justin Davis,Finance,Manager,54675.64,2021-01-08,jonesangela@yahoo.com,High country or.
EMP18525,Randy Hamilton,IT,Executive,54675.64,2020-02-13,salinasandrew@gmail.com,Major hard live.
EMP18526,Erin Garcia,IT,Analyst,54675.64,2023-03-30,andreawarren@fowler-lee.org,PM serve chair role.
EMP18527,William Stone,Finance,Manager,54675.64,2020-11-18,gregoryponce@hotmail.com,Growth business.
EMP18528,Misty Mullins,Sales,Analyst,54675.64,2020-02-07,lfuentes@brown-wagner.com,Morning rise free.
EMP18529,Tiffany Jones,IT,Manager,54675.64,2020-08-24,gonzalezwilliam@gmail.com,Choose explain.
EMP18530,Jeremy Hood,Finance,Manager,54675.64,2021-09-04,brittany95@hotmail.com,Tonight painting.
EMP18531,Nancy Martinez,HR,Executive,54675.64,2021-11-11,bakersabrina@collins.com,World himself fight.
EMP18532,Jesus Meza,Finance,Executive,54675.64,2023-07-19,margaretlong@hotmail.com,Democrat visit bag.
EMP18533,Alex Martinez,HR,Executive,54675.64,2023-08-10,zacharynicholson@hotmail.com,History us than.
EMP18534,Sophia Morgan,Finance,Analyst,54675.64,2020-03-03,ryankelly@hotmail.com,Believe word.
EMP18535,Dustin Ramirez,IT,Manager,54675.64,2023-06-04,scottburns@hotmail.com,Sound protect draw.
EMP18536,Ashley Paul,Sales,Intern,54675.64,2020-12-11,meyerkimberly@benson.com,Hit risk personal.
EMP18537,Melissa Smith,IT,Executive,54675.64,2022-01-09,lclark@yahoo.com,And let fund appear.
EMP18538,Russell Taylor,IT,Analyst,54675.64,2022-09-05,jasmin11@yahoo.com,Also could theory.
EMP18539,Linda Casey,HR,Analyst,54675.64,2023-07-12,katie18@peters.com,Least base wish.
EMP18540,Brenda Wright,Sales,Manager,54675.64,2021-02-14,james47@stewart.com,Doctor mean.
EMP18541,Scott Bennett,Sales,Intern,54675.64,2021-02-18,watersdonald@merritt.com,Because issue she.
EMP18542,Alexis Walker,IT,Intern,54675.64,2023-03-12,henrywilliams@yahoo.com,Knowledge by type.
EMP18543,Tonya Dixon,Finance,Intern,54675.64,2023-06-01,nunezsamantha@lara-summers.com,Employee past.
EMP18544,Sharon May,Finance,Intern,54675.64,2022-07-13,dennisperry@hotmail.com,Consider account.
EMP18545,Justin Pacheco,Sales,Executive,54675.64,2022-03-22,xprice@sanders.com,Republican speech.
EMP18546,Kristina Campbell,IT,Intern,54675.64,2020-04-10,cmills@gmail.com,Others radio create.
EMP18547,Michael Moody,IT,Executive,54675.64,2020-07-27,karen15@brown-christian.biz,Believe my race.
EMP18548,Alison Murray,HR,Intern,54675.64,2020-08-28,lindsay27@preston.com,Various bed real.
EMP18549,James Chavez,Sales,Executive,54675.64,2023-09-19,hailey20@gmail.com,Always believe here.
EMP18550,Frank Nguyen MD,Finance,Executive,54675.64,2022-11-28,jason04@duke.org,Finally should key.
EMP18551,Michele Morgan,Finance,Intern,54675.64,2021-11-21,deborahmcdonald@yahoo.com,Current voice pull.
EMP18552,Kara James,Sales,Analyst,54675.64,2022-01-27,fstevens@edwards.info,Live increase.
EMP18553,Victoria Valencia,HR,Intern,54675.64,2022-12-22,martinezrachel@yahoo.com,Get plan everything.
EMP18554,Stanley Lamb,Finance,Executive,54675.64,2022-11-27,dyernicole@gmail.com,Happen region.
EMP18555,Timothy Forbes,Sales,Executive,54675.64,2021-02-19,matthewskrista@gmail.com,History old around.
EMP18556,Elizabeth Morgan,IT,Analyst,54675.64,2023-07-09,ahammond@hotmail.com,Recognize hot.
EMP18557,Cynthia Smith,Sales,Manager,54675.64,2020-04-24,whitelauren@yahoo.com,Operation visit.
EMP18558,Tracy Johnson,Sales,Manager,54675.64,2020-11-05,ufisher@yahoo.com,New then knowledge.
EMP18559,Matthew Gomez,Sales,Analyst,54675.64,2023-02-14,wunderwood@yahoo.com,Politics exist.
EMP18560,Lisa Burns,IT,Analyst,54675.64,2022-01-05,emanning@hotmail.com,Future future story.
EMP18561,Dillon Roberts,Sales,Intern,54675.64,2023-01-26,james85@mcneil.biz,Sing body first.
EMP18562,Holly Jones,IT,Executive,54675.64,2023-03-31,william51@gilbert-mclean.com,Impact and break.
EMP18563,Matthew Johnson,Finance,Manager,54675.64,2020-11-27,jhernandez@hotmail.com,Same federal.
EMP18564,Kevin Delgado,HR,Intern,54675.64,2021-01-27,spencervasquez@johnson.net,Pay experience ever.
EMP18565,Michele Alvarez,IT,Manager,54675.64,2022-04-28,pnguyen@travis-elliott.com,Manager television.
EMP18566,Victoria Hudson,HR,Intern,54675.64,2023-05-28,colinnichols@ross.com,Phone admit paper.
EMP18567,Cynthia Weaver,HR,Executive,54675.64,2021-01-04,joseph25@yahoo.com,Town group prove.
EMP18568,Michael Nolan,Finance,Intern,54675.64,2021-07-26,alexandermarsh@yahoo.com,Federal particular.
EMP18569,Jesse Glass,IT,Executive,54675.64,2023-05-22,larry96@wood.com,Produce movement.
EMP18570,Erica Patterson,Finance,Intern,54675.64,2022-06-20,pburton@hotmail.com,Finally enter fear.
EMP18571,Aaron Barnett,IT,Executive,54675.64,2021-11-20,millerdenise@hotmail.com,Summer know hand up.
EMP18572,Kyle Miller,HR,Intern,54675.64,2022-11-21,tammy05@hotmail.com,Three concern.
EMP18573,Melinda Khan,HR,Intern,54675.64,2021-02-06,hortontara@smith.org,Even notice drive.
EMP18574,Diana Gonzalez,Sales,Executive,54675.64,2023-10-27,xsmith@smith.com,Later through fact.
EMP18575,Derrick Gallagher,IT,Analyst,54675.64,2022-12-07,sanchezaaron@yahoo.com,Fight very.
EMP18576,Lisa Garrett,HR,Analyst,54675.64,2020-09-29,jamesponce@gonzalez.com,Attorney herself.
EMP18577,Joanne Garcia,IT,Intern,54675.64,2020-11-11,crystal55@yahoo.com,Spend parent kid.
EMP18578,Mr. Philip Mitchell Jr.,Finance,Executive,54675.64,2023-03-07,millsmonica@white.net,Prevent mission I.
EMP18579,Christina Bell,Finance,Manager,54675.64,2022-10-15,bryan72@yahoo.com,Keep manage tell.
EMP18580,Pamela Lewis,IT,Manager,54675.64,2021-12-19,arichardson@rios.biz,Build surface.
EMP18581,Peter Reynolds,HR,Manager,54675.64,2022-12-09,yhooper@yahoo.com,Stay success true.
EMP18582,Erika Coleman,Finance,Manager,54675.64,2023-10-14,callahanjesse@hotmail.com,Alone authority.
EMP18583,Zachary Riggs,HR,Manager,54675.64,2021-09-15,oliverjames@williams.info,Much continue life.
EMP18584,John Rodriguez,IT,Executive,54675.64,2022-09-07,phoward@kim-carter.com,Time actually.
EMP18585,David Cantrell,Sales,Intern,54675.64,2022-01-03,xsandoval@velez.net,Meeting community.
EMP18586,Danielle Martin,HR,Manager,54675.64,2023-09-20,pricesteven@roberts.com,Worker political.
EMP18587,Erica Cole,Finance,Analyst,54675.64,2020-12-12,sharpjoshua@parker.com,Deal just goal.
EMP18588,Teresa Harris,IT,Analyst,54675.64,2022-11-20,gdunn@owen.com,Own be her.
EMP18589,Patrick Murphy,Sales,Manager,54675.64,2022-02-22,pjackson@harris.biz,Upon speech call.
EMP18590,Louis Joseph,Finance,Analyst,54675.64,2022-11-17,michael25@gmail.com,Traditional win.
EMP18591,Matthew Brown,IT,Executive,54675.64,2021-03-04,zallen@hotmail.com,My structure news.
EMP18592,Lindsey Knapp,IT,Manager,54675.64,2023-04-03,gary41@hayes-wiggins.info,Movement manager.
EMP18593,Caleb Kelley,HR,Intern,54675.64,2023-12-21,matthewcherry@scott.com,Parent own around.
EMP18594,Robert Turner,Sales,Executive,54675.64,2023-09-14,ymorgan@hotmail.com,Generation though.
EMP18595,Robert Stewart,IT,Analyst,54675.64,2023-01-01,joshua33@taylor-hicks.com,Who participant.
EMP18596,George Flores,Sales,Manager,54675.64,2022-08-29,christinehammond@hotmail.com,Choose although.
EMP18597,Shawn Price,Sales,Executive,54675.64,2022-07-12,kimberlybryant@hotmail.com,Record decade.
EMP18598,Robert Thomas,HR,Executive,54675.64,2022-04-18,cmcmahon@price-smith.com,Per Democrat.
EMP18599,Tyler Morse,IT,Executive,54675.64,2020-11-11,jennifer86@hotmail.com,Whole including.
EMP18600,Nicholas Sanchez,IT,Executive,54675.64,2022-04-11,kweaver@huang-williams.com,Against else rich.
EMP18601,Ann Hernandez,HR,Executive,54675.64,2022-04-07,geralddecker@weaver-henderson.com,Fly thus maintain.
EMP18602,Michael Mullen,HR,Analyst,54675.64,2020-04-08,rsherman@roberts.biz,Wife off increase.
EMP18603,Curtis Mullen,IT,Manager,54675.64,2022-11-25,tammy94@washington-contreras.com,Article save.
EMP18604,Daniel Evans,HR,Executive,54675.64,2021-11-08,danielle83@gmail.com,Free among fish.
EMP18605,Mary Clark,IT,Executive,54675.64,2020-07-11,iorozco@juarez-wolfe.biz,Eat again itself.
EMP18606,Joseph Day,Finance,Analyst,54675.64,2022-11-23,jason09@yahoo.com,Fine common peace.
EMP18607,Michael Lindsey,Sales,Intern,54675.64,2021-10-23,whebert@hotmail.com,Consider cell.
EMP18608,Keith Winters,Sales,Manager,54675.64,2020-04-03,sherry92@obrien-brown.com,Other second glass.
EMP18609,Kathy Ellison,HR,Manager,54675.64,2022-10-13,hudsonshannon@gmail.com,Continue follow nor.
EMP18610,Debra Hopkins,Finance,Intern,54675.64,2021-11-21,yrogers@green-green.com,Form huge other ago.
EMP18611,Jeffrey Daniels,Sales,Manager,54675.64,2020-11-22,lesliekim@hotmail.com,Usually minute.
EMP18612,Dennis Hernandez,IT,Manager,54675.64,2022-02-08,petertucker@yahoo.com,Good guy suddenly.
EMP18613,Nathan Ross,Sales,Intern,54675.64,2021-01-30,justinwilliams@mccormick.com,Miss window because.
EMP18614,Matthew Ross,Sales,Manager,54675.64,2022-05-19,mspears@eaton-howard.com,Think first career.
EMP18615,Tyler Anderson,Sales,Analyst,54675.64,2023-01-26,mauricebenitez@hotmail.com,Plan example.
EMP18616,Marissa Dennis,IT,Executive,54675.64,2022-07-22,ssmith@gmail.com,Key deep five tend.
EMP18617,Carla Maxwell,HR,Manager,54675.64,2023-11-28,johnmarshall@yahoo.com,Pressure player.
EMP18618,Elizabeth Kelly,IT,Manager,54675.64,2021-04-22,wmorton@hotmail.com,Improve else owner.
EMP18619,Calvin Wade,HR,Executive,54675.64,2023-08-04,dannyrojas@gmail.com,Mr evidence.
EMP18620,Reginald Watkins,Sales,Executive,54675.64,2023-03-20,jenkinsmark@ward.com,Day tax rather team.
EMP18621,Jamie Peterson,Sales,Manager,54675.64,2023-01-16,bcole@hotmail.com,Age door white bed.
EMP18622,Megan Wade,Finance,Analyst,54675.64,2022-10-22,edward44@hodge-smith.com,Far pattern well.
EMP18623,Justin Mills,Sales,Executive,54675.64,2020-03-02,marissa49@yahoo.com,Town live hold that.
EMP18624,Susan Silva,IT,Executive,54675.64,2022-01-05,rosemorris@poole.com,Scientist whether.
EMP18625,Lawrence Sanders,Sales,Intern,54675.64,2021-09-23,anthony77@hotmail.com,Avoid wear buy team.
EMP18626,Diana Young,Finance,Analyst,54675.64,2021-07-18,adamgonzalez@yahoo.com,Today military.
EMP18627,Jennifer Gamble,IT,Executive,54675.64,2022-12-16,katiecalhoun@hotmail.com,Interest material.
EMP18628,Rebecca Maynard,Finance,Executive,54675.64,2021-07-13,casecynthia@hotmail.com,Knowledge according.
EMP18629,Thomas Evans,Finance,Manager,54675.64,2023-05-15,hartconnie@hotmail.com,Tell practice any.
EMP18630,Jeremy Brock,IT,Executive,54675.64,2021-10-07,alexagibson@gmail.com,May let save action.
EMP18631,Teresa Kim,HR,Executive,54675.64,2022-06-30,melissasnyder@gmail.com,Believe yes few.
EMP18632,Heather Edwards,HR,Intern,54675.64,2021-09-12,natalie77@wise.com,Thus surface car.
EMP18633,Taylor Lee,HR,Analyst,54675.64,2020-10-28,andrea14@hotmail.com,Start themselves.
EMP18634,Jason Anderson,HR,Executive,54675.64,2023-01-01,lyates@hotmail.com,Manager talk.
EMP18635,David Cole,Finance,Analyst,54675.64,2020-02-26,sarah44@yahoo.com,Appear heart sing.
EMP18636,Michael Lee,Finance,Analyst,54675.64,2020-09-19,johnwhite@hernandez-welch.org,Sell behavior Mr.
EMP18637,Richard Jones,IT,Analyst,54675.64,2023-12-30,todd21@garza-johnson.com,Leave process set.
EMP18638,Steven Robinson,IT,Intern,54675.64,2022-11-19,lisareeves@yahoo.com,Ago democratic.
EMP18639,Christina Myers DDS,HR,Executive,54675.64,2020-05-29,francisjennifer@kelly-miller.net,My skill process.
EMP18640,John Gardner,HR,Intern,54675.64,2022-10-25,christophermalone@gmail.com,Social form window.
EMP18641,Allison Fisher,HR,Analyst,54675.64,2020-11-19,melissa17@hotmail.com,Against record drop.
EMP18642,Jennifer Arroyo,HR,Manager,54675.64,2021-05-23,brianstone@clark-richardson.org,Nor turn interest.
EMP18643,Jamie Thornton,HR,Executive,54675.64,2020-12-25,bonniesmith@yahoo.com,Mission candidate.
EMP18644,James White,Finance,Executive,54675.64,2023-03-01,jasonspears@yahoo.com,Car history event.
EMP18645,Daniel Frazier,Finance,Analyst,54675.64,2021-11-13,timothy45@morgan.com,Born onto cause.
EMP18646,Isaiah Page,Finance,Analyst,54675.64,2021-06-10,reginaldfleming@yahoo.com,Protect those color.
EMP18647,Angel Hartman,Finance,Analyst,54675.64,2023-11-04,zcobb@pruitt.net,Hard name three.
EMP18648,Tyler Drake,HR,Analyst,54675.64,2023-11-24,rita20@murphy.com,Follow per land.
EMP18649,Joseph Castillo,Finance,Manager,54675.64,2023-06-11,rachel90@yahoo.com,Available president.
EMP18650,Elizabeth Neal,HR,Intern,54675.64,2021-11-28,navarrokimberly@dickson.com,Along agreement.
EMP18651,Ryan Williams,Finance,Executive,54675.64,2021-04-02,michelleelliott@gmail.com,Room compare expert.
EMP18652,Robert Austin MD,Finance,Analyst,54675.64,2020-10-15,david22@yahoo.com,Design care shake.
EMP18653,Kayla Baldwin,Sales,Intern,54675.64,2021-08-29,bwarren@yahoo.com,Without make test.
EMP18654,Christopher Bryan,HR,Manager,54675.64,2020-08-17,christopherharvey@hotmail.com,See mouth back.
EMP18655,Rebecca Williams,HR,Intern,54675.64,2020-08-23,rachelhernandez@moore.biz,Individual modern.
EMP18656,Brandon Carroll,Finance,Analyst,54675.64,2020-09-12,shawwayne@gmail.com,Imagine add listen.
EMP18657,Ashley Guerra,IT,Intern,54675.64,2020-10-07,jennifermartinez@arnold-villa.biz,Truth accept.
EMP18658,Kimberly Reyes,HR,Intern,54675.64,2023-08-09,jameshodge@yahoo.com,Part pay girl skill.
EMP18659,Devon Carlson,Finance,Manager,54675.64,2022-11-07,corydawson@henry.com,Factor finally like.
EMP18660,Charles Gonzalez,HR,Executive,54675.64,2023-07-28,ugraves@yahoo.com,Discover analysis.
EMP18661,Christopher Thomas,HR,Manager,54675.64,2021-01-10,mitchell33@hotmail.com,Provide agree on.
EMP18662,Natalie Harrell,IT,Analyst,54675.64,2021-02-02,davismichael@torres.com,Standard behavior.
EMP18663,Ann Thompson,IT,Executive,54675.64,2022-08-21,ochoastephanie@yahoo.com,Better game wind.
EMP18664,Justin Becker,Sales,Intern,54675.64,2021-06-30,caitlin08@price.com,Tough TV approach.
EMP18665,William Scott,IT,Analyst,54675.64,2022-04-15,alexandershepherd@alexander-castro.com,Trouble contain.
EMP18666,Mr. Dakota Alvarez,Finance,Intern,54675.64,2023-02-22,alexanderblack@bass.net,Almost degree.
EMP18667,Angela Robertson,IT,Intern,54675.64,2020-09-12,robert12@hotmail.com,Affect behind.
EMP18668,Willie Lee,Sales,Intern,54675.64,2022-11-01,oward@stephens.com,Expert experience.
EMP18669,Janet Wilson,Finance,Intern,54675.64,2021-08-28,ryan82@james.com,Majority bank.
EMP18670,Melanie King,IT,Intern,54675.64,2023-03-19,cynthiawalker@wu-franklin.com,They national box.
EMP18671,Kim Gallegos,Sales,Executive,54675.64,2021-02-23,jensentimothy@hotmail.com,Government player.
EMP18672,Erin Atkins,Sales,Analyst,54675.64,2021-02-21,christopherwilliams@gmail.com,Force street.
EMP18673,Amy Montgomery,IT,Manager,54675.64,2021-04-19,patriciakelly@english-roach.biz,Wish catch grow.
EMP18674,Jason Daniel,IT,Intern,54675.64,2021-02-26,cthornton@moyer-miller.com,Often fly decision.
EMP18675,Jason Barrett,Sales,Executive,54675.64,2022-08-29,jennifer67@gmail.com,Foreign employee.
EMP18676,Brian Long,Finance,Manager,54675.64,2021-03-09,nunezedward@sandoval.biz,Either we pressure.
EMP18677,Corey Mcmillan,Finance,Manager,54675.64,2020-03-01,david94@hotmail.com,Nearly fund also.
EMP18678,Amy Ibarra,Finance,Intern,54675.64,2020-06-09,gomezelizabeth@johnson.biz,Really effort left.
EMP18679,Linda Glass,Sales,Analyst,54675.64,2021-01-25,ochoaelizabeth@christensen.biz,Ten later through.
EMP18680,Lauren Jones,Sales,Intern,54675.64,2023-03-16,john23@ashley.com,Account off himself.
EMP18681,William Todd,Finance,Intern,54675.64,2022-09-10,hdavis@yahoo.com,Both vote save and.
EMP18682,Laura Martinez,Sales,Executive,54675.64,2022-10-01,jwoodard@hotmail.com,Interesting moment.
EMP18683,Angela Brown,IT,Manager,54675.64,2020-05-12,cmorgan@gmail.com,Word treat quite.
EMP18684,Lisa Knight,HR,Analyst,54675.64,2023-05-30,michaelphillips@hotmail.com,Throw doctor role.
EMP18685,Shelby Rush,Sales,Analyst,54675.64,2021-09-18,gilmorecrystal@yahoo.com,Memory suffer no.
EMP18686,Margaret Young,IT,Manager,54675.64,2023-11-28,john92@olson-thomas.com,Second small thus.
EMP18687,Heather Johnson,Finance,Intern,54675.64,2021-12-21,moonsarah@jones.com,Cultural keep.
EMP18688,Nicholas Lowe,Finance,Manager,54675.64,2023-01-26,ycarey@johnson.com,Involve individual.
EMP18689,Selena Alvarez,Sales,Intern,54675.64,2020-05-14,gibsoncory@yahoo.com,Again work high.
EMP18690,Brian Webb,HR,Intern,54675.64,2021-04-03,danielmorrison@gmail.com,Home during discuss.
EMP18691,Cindy Williams,IT,Intern,54675.64,2022-05-01,clarkjoshua@gmail.com,Care news carry eye.
EMP18692,Susan Wu,IT,Manager,54675.64,2021-07-29,mary11@lewis-joseph.net,Would management.
EMP18693,Jamie Gardner,Finance,Analyst,54675.64,2023-09-07,veronicadalton@hotmail.com,Maintain food hair.
EMP18694,Nicholas Turner,HR,Intern,54675.64,2022-02-13,cathytaylor@smith.net,Talk include.
EMP18695,Brandon Williams,Finance,Executive,54675.64,2020-03-31,chrissmith@vasquez.com,Street pattern.
EMP18696,Kenneth Lee,HR,Analyst,54675.64,2020-12-04,obrienwilliam@yahoo.com,Particularly.
EMP18697,Linda Floyd,IT,Manager,54675.64,2022-11-23,nicholas45@lopez.com,Fund ground son its.
EMP18698,Cynthia Nguyen,Finance,Analyst,54675.64,2020-09-23,pricekelly@hotmail.com,Less page design.
EMP18699,Cheryl Ortega,Finance,Executive,54675.64,2020-07-16,jeffrey23@yahoo.com,Word hot of.
EMP18700,Tara Acosta,Finance,Analyst,54675.64,2023-12-01,sstein@yahoo.com,How herself above.
EMP18701,Tracy Kelly,HR,Analyst,54675.64,2023-05-11,vwalters@nichols.com,Training natural.
EMP18702,Carla Mclaughlin,IT,Analyst,54675.64,2021-03-19,manuel02@gmail.com,Truth north natural.
EMP18703,Stanley Logan,HR,Analyst,54675.64,2021-09-12,mcguiretaylor@smith-jenkins.com,Thousand I near.
EMP18704,Amanda Nunez,Finance,Analyst,54675.64,2020-01-12,kennethpatel@yahoo.com,Authority customer.
EMP18705,Michele Walker,Sales,Manager,54675.64,2023-02-18,thomasrebecca@gmail.com,Require use or.
EMP18706,Dorothy Hickman,Sales,Executive,54675.64,2022-01-01,matthewmoreno@hill-benjamin.com,Piece bring tonight.
EMP18707,John Salazar,IT,Manager,54675.64,2021-05-31,morgan43@yahoo.com,Group wrong outside.
EMP18708,Daniel Pearson,IT,Analyst,54675.64,2022-02-25,fernandezalyssa@gmail.com,Speech yet draw.
EMP18709,David Wilson,IT,Intern,54675.64,2020-11-23,bryan95@gmail.com,Bad may catch top.
EMP18710,Scott Rogers,Sales,Analyst,54675.64,2020-08-23,smithherbert@lawrence-stewart.com,Worry stock.
EMP18711,Alyssa Gilbert,Sales,Analyst,54675.64,2021-07-02,robert33@thompson.com,Herself book eye.
EMP18712,Courtney Lopez,Finance,Executive,54675.64,2020-01-28,acevedodean@sullivan-martin.com,Bit suddenly sell.
EMP18713,Julie Bennett,IT,Manager,54675.64,2020-10-26,wardjessica@henson.org,Trial group reach.
EMP18714,Julie Miller,HR,Manager,54675.64,2023-04-09,kristopherhendricks@hotmail.com,West great right.
EMP18715,Charles Reid,IT,Intern,54675.64,2020-07-15,maldonadojohn@hotmail.com,There employee.
EMP18716,Ashley Patel,IT,Intern,54675.64,2022-04-19,westmarie@yahoo.com,Lay actually.
EMP18717,Jamie George,Finance,Intern,54675.64,2022-01-21,orogers@gmail.com,Give prepare.
EMP18718,Reginald Hernandez,Finance,Analyst,54675.64,2021-09-23,richardswanson@hotmail.com,Certainly if.
EMP18719,Derek Baker,IT,Manager,54675.64,2023-07-23,josephwilliams@yahoo.com,Indeed decade he.
EMP18720,Abigail Hunt,Finance,Intern,54675.64,2023-10-10,joselee@rivera.com,Successful any five.
EMP18721,Barbara Bradford,HR,Executive,54675.64,2020-05-13,dickersonalexander@yahoo.com,Especially gun.
EMP18722,Janice Brock,Sales,Manager,54675.64,2020-11-20,xstrickland@yahoo.com,Reason inside play.
EMP18723,Jason Nicholson,HR,Analyst,54675.64,2022-08-27,rortiz@gmail.com,Piece common bill.
EMP18724,Terry Montoya,Sales,Manager,54675.64,2022-06-03,ashley23@gmail.com,Thing chair whose.
EMP18725,Sabrina Ortiz,Finance,Manager,54675.64,2023-05-28,nancy04@moore-butler.info,Return half measure.
EMP18726,Cristina Pratt,Sales,Manager,54675.64,2020-05-07,meghan38@watson-garcia.info,Treatment fish.
EMP18727,Valerie Gardner,HR,Manager,54675.64,2022-02-18,james62@hotmail.com,Down itself ball.
EMP18728,Julie Barrett,Sales,Intern,54675.64,2023-11-23,kathleen83@yahoo.com,Commercial keep not.
EMP18729,Monique West,HR,Executive,54675.64,2021-03-26,barberpreston@johnson.biz,Building see.
EMP18730,Jeffrey Davis,Sales,Analyst,54675.64,2022-06-03,bdavis@gmail.com,Majority idea free.
EMP18731,Kimberly Kim,Finance,Manager,54675.64,2021-05-14,crystalsimmons@yahoo.com,Until fund price.
EMP18732,Darren Jones,IT,Manager,54675.64,2022-07-20,mary47@garcia.com,All skill contain.
EMP18733,Dominic Daniels,Sales,Intern,54675.64,2022-10-27,alicia72@yahoo.com,Heart the deal two.
EMP18734,Carrie Knox,HR,Intern,54675.64,2023-07-04,isaiahmontgomery@yahoo.com,Perhaps reflect.
EMP18735,Mary Reilly,Finance,Manager,54675.64,2023-09-13,bradleybrown@harris.info,Necessary affect.
EMP18736,Sheila Ortiz,Sales,Executive,54675.64,2020-08-06,patriciabrown@yahoo.com,Pressure to man.
EMP18737,Crystal Griffith MD,Finance,Analyst,54675.64,2022-08-02,sarah53@obrien.com,Name minute that.
EMP18738,Sean Hayes,IT,Intern,54675.64,2021-10-23,johnroberts@hotmail.com,Admit outside time.
EMP18739,Jennifer Russell,HR,Intern,54675.64,2023-08-24,katherine20@mcmillan.com,Property land month.
EMP18740,Jennifer Owens,IT,Executive,54675.64,2021-07-08,xjones@miles.info,Since model house.
EMP18741,Jessica Cole,Finance,Intern,54675.64,2020-10-21,oarcher@martinez.com,Art level candidate.
EMP18742,David Sweeney,IT,Analyst,54675.64,2021-12-15,melissajohnson@johnson.com,Particular air.
EMP18743,Michele Warner,Finance,Manager,54675.64,2020-06-19,adriana92@gmail.com,Would voice around.
EMP18744,Nicholas Vasquez,IT,Analyst,54675.64,2023-02-14,rhondaford@shaw-harris.com,By sound debate.
EMP18745,Robin Joseph,HR,Analyst,54675.64,2022-11-04,emilyfleming@avery.com,Stay matter teach.
EMP18746,Arthur Barnes,Sales,Analyst,54675.64,2023-11-03,richardguerra@cook.com,Cup trade lose.
EMP18747,Kathy Miles,IT,Manager,54675.64,2020-10-05,raymondburns@yahoo.com,Field lead east.
EMP18748,Mariah Rivera,HR,Executive,54675.64,2021-08-25,carlsonjennifer@berger.org,Have allow account.
EMP18749,Shawn Knox,Sales,Manager,54675.64,2020-07-29,johnny30@hotmail.com,Set mention agree.
EMP18750,Alex White,Finance,Intern,54675.64,2022-01-18,henryelizabeth@gmail.com,Owner finish notice.
EMP18751,Tyler Estrada,Sales,Executive,54675.64,2023-09-21,smithmichael@hotmail.com,Although together.
EMP18752,Laurie Newton,Finance,Executive,54675.64,2023-05-12,younglori@poole-jones.biz,Program book.
EMP18753,Jennifer Roberson,HR,Intern,54675.64,2022-03-01,alananderson@watson-rush.com,Cup sure before.
EMP18754,Karen Brown,HR,Intern,54675.64,2020-06-27,heathermiller@osborne.com,Including agent.
EMP18755,Keith Reed,Sales,Executive,54675.64,2023-10-25,ujones@smith.biz,Bill without around.
EMP18756,Sean Stone,Sales,Intern,54675.64,2023-06-25,deanchristensen@hotmail.com,Onto fish other off.
EMP18757,David Young,Finance,Executive,54675.64,2022-12-05,autumn70@yahoo.com,Four end start.
EMP18758,Kathryn Hill,IT,Intern,54675.64,2022-01-19,vanessawhite@yahoo.com,Bad dinner arrive.
EMP18759,Kristen Wells,Sales,Executive,54675.64,2020-09-02,anthonyfreeman@dickson.biz,Will staff.
EMP18760,Gabriel Miller,IT,Manager,54675.64,2020-04-03,lbaker@lawson.org,Skin early some.
EMP18761,Frances Cain,Finance,Manager,54675.64,2022-04-08,stephanierollins@hotmail.com,Fund cover sure.
EMP18762,Gloria Miller,IT,Intern,54675.64,2021-02-03,joshuavargas@gmail.com,Morning what kind.
EMP18763,Jeremy Baker,Sales,Intern,54675.64,2023-10-25,adamskyle@gmail.com,Person on fear.
EMP18764,William Wilson,HR,Executive,54675.64,2022-12-19,connorgates@yahoo.com,Any once crime.
EMP18765,Lori Benitez,Sales,Analyst,54675.64,2021-02-19,catherinewebb@yahoo.com,Between enjoy.
EMP18766,Joseph Perez,IT,Intern,54675.64,2023-04-07,brandonparker@hernandez.info,Much second.
EMP18767,Kenneth Gordon,Sales,Manager,54675.64,2023-11-29,tricia08@hotmail.com,Feel most one.
EMP18768,Kristen Murillo,Sales,Intern,54675.64,2020-09-10,xhenderson@moon.com,Catch how like so.
EMP18769,Kevin Hunt,HR,Executive,54675.64,2021-03-27,zanderson@brown-shea.com,Avoid language song.
EMP18770,Heather Bryan,IT,Executive,54675.64,2021-06-02,waynevega@brewer.info,Middle decision.
EMP18771,Jill Mcbride,IT,Intern,54675.64,2022-01-16,kennethhawkins@gmail.com,Enter course career.
EMP18772,Michelle Vazquez,IT,Intern,54675.64,2020-11-21,amandaowen@bradford-anderson.com,Coach growth.
EMP18773,Kari Young,IT,Analyst,54675.64,2020-10-02,wwood@hayes.org,Thing guess live.
EMP18774,Elizabeth Russell,HR,Analyst,54675.64,2020-06-20,tiffany08@gmail.com,Interest notice.
EMP18775,Laurie Wheeler,Finance,Executive,54675.64,2020-10-26,hurstlorraine@gmail.com,Onto whether season.
EMP18776,Julia Rangel,Finance,Analyst,54675.64,2023-03-09,chaseparker@anderson.com,Beyond huge check.
EMP18777,Elijah Wood,HR,Manager,54675.64,2022-12-18,jonathankim@sheppard.biz,Near agreement then.
EMP18778,Dawn Moore,IT,Intern,54675.64,2023-06-11,qmartinez@hotmail.com,Officer remember go.
EMP18779,Jeremy Gamble,Sales,Intern,54675.64,2021-11-04,pmurphy@smith-vargas.org,Relationship than.
EMP18780,David Williams,IT,Executive,54675.64,2020-08-31,andrewneal@gmail.com,Event career.
EMP18781,Michael Garrison,Finance,Intern,54675.64,2023-08-12,fgould@kent.com,Ability glass.
EMP18782,Michael Miller,Sales,Manager,54675.64,2021-10-03,rebeccarosales@jones.com,Ball see able bring.
EMP18783,Vincent Ellis,Finance,Executive,54675.64,2021-12-01,john47@allen.com,Fast term election.
EMP18784,John Torres,IT,Intern,54675.64,2021-06-16,nancy35@kemp.org,Garden follow.
EMP18785,James Mccoy,Finance,Manager,54675.64,2021-10-13,michaelmeyer@taylor.com,Citizen represent.
EMP18786,Justin Cole,HR,Executive,54675.64,2021-05-24,greenscott@henry.com,Really land street.
EMP18787,Nathan Sullivan,HR,Manager,54675.64,2020-09-08,jharris@hotmail.com,Likely stock form.
EMP18788,Mark Nguyen DDS,IT,Intern,54675.64,2020-08-10,ffox@zimmerman-hicks.com,Inside president.
EMP18789,Melinda Gates,Sales,Analyst,54675.64,2023-01-16,wagnerjames@hart.com,Certain million.
EMP18790,Laurie Evans,Sales,Executive,54675.64,2023-03-09,galvanrobert@crawford-guzman.biz,Class task.
EMP18791,Cynthia Hines,Sales,Intern,54675.64,2020-11-03,riveraluis@gmail.com,Enough near get.
EMP18792,Jill Baker,HR,Executive,54675.64,2022-10-14,linnicole@yahoo.com,Deal popular soon.
EMP18793,Katrina Wolfe,Sales,Executive,54675.64,2021-06-09,amandacollins@yahoo.com,Either produce.
EMP18794,Nicole Fuentes,Finance,Executive,54675.64,2022-07-02,jacobsbrandon@yahoo.com,Attack cover peace.
EMP18795,Stephen Garcia,Finance,Manager,54675.64,2021-10-25,christophercampbell@yahoo.com,Recognize nice.
EMP18796,Miguel Elliott,Sales,Executive,54675.64,2021-10-27,qtucker@yahoo.com,Candidate watch top.
EMP18797,Randall Bowman,Sales,Analyst,54675.64,2022-08-14,jamiegates@walsh-benson.com,Her college make.
EMP18798,Kevin Aguilar,HR,Intern,54675.64,2021-12-08,brianmartinez@hotmail.com,Skill moment.
EMP18799,Patricia Nunez,IT,Manager,54675.64,2020-06-16,ahenderson@hotmail.com,True new best poor.
EMP18800,John Kim,HR,Executive,54675.64,2021-10-30,david04@yahoo.com,Understand third.
EMP18801,Brian Whitney,HR,Executive,54675.64,2020-05-25,thomasruiz@yahoo.com,Center community.
EMP18802,Melissa Herrera,IT,Intern,54675.64,2021-12-08,rparks@decker.com,Buy bed garden lose.
EMP18803,Ashley Perkins,Finance,Manager,54675.64,2023-08-31,christopher25@yahoo.com,Possible financial.
EMP18804,Stephen Bennett,IT,Manager,54675.64,2021-09-26,connor21@oliver.com,Compare view.
EMP18805,Jennifer Ward,Sales,Executive,54675.64,2023-01-25,michael72@yahoo.com,Home simple ok open.
EMP18806,Mrs. Stephanie Crawford,Finance,Manager,54675.64,2021-03-15,reginacordova@collins.com,Hope direction.
EMP18807,Angela Tucker,Finance,Analyst,54675.64,2022-09-24,michael61@davis.com,Half me case read.
EMP18808,Christine Brown,Sales,Executive,54675.64,2023-10-20,petersonmark@nguyen.info,Certainly season.
EMP18809,Mark Eaton,IT,Executive,54675.64,2021-07-31,hughesjonathan@cruz.com,Similar upon.
EMP18810,Paul Moses,Sales,Manager,54675.64,2023-10-26,jasonwhite@yahoo.com,Range hot option.
EMP18811,Kimberly Smith,Finance,Analyst,54675.64,2021-03-21,williamsbenjamin@rodgers.biz,Trouble long.
EMP18812,Jessica Khan,IT,Analyst,54675.64,2023-12-04,lisamartin@gmail.com,Organization player.
EMP18813,Richard Porter,Finance,Executive,54675.64,2021-10-15,john61@potts.com,Later seek read.
EMP18814,Jason Gonzalez,Finance,Analyst,54675.64,2021-12-14,athompson@allen.com,Detail option game.
EMP18815,James Harris,Sales,Analyst,54675.64,2020-09-19,ggonzalez@yahoo.com,Return security.
EMP18816,Lydia Rubio,HR,Analyst,54675.64,2023-12-25,michelle43@yahoo.com,Fire laugh personal.
EMP18817,Tyler Conner,Sales,Executive,54675.64,2021-11-28,justin37@jackson-valentine.info,Brother sing.
EMP18818,Joseph Wilson,Finance,Intern,54675.64,2022-02-26,chelseaoconnell@jacobson-marshall.com,Fact theory begin.
EMP18819,Brad Sharp,IT,Executive,54675.64,2023-12-21,lisa45@yahoo.com,Bank seven person.
EMP18820,Andrew Smith,IT,Intern,54675.64,2021-01-04,susan06@yahoo.com,Together bad play.
EMP18821,Sara Raymond,HR,Analyst,54675.64,2022-08-13,ryan28@mitchell-smith.org,Just million.
EMP18822,Megan Robertson,Sales,Analyst,54675.64,2020-06-28,cmiller@kim.com,Paper stuff his.
EMP18823,Alec Ayala,Finance,Executive,54675.64,2020-04-24,tylercolon@hartman.com,How will hard.
EMP18824,Mary Bell,IT,Executive,54675.64,2021-12-06,penashannon@yahoo.com,He fast suffer.
EMP18825,Ellen Lee,Sales,Manager,54675.64,2022-03-03,clarkjason@gmail.com,Program though.
EMP18826,Duane Gould,IT,Manager,54675.64,2023-02-18,johnharris@gmail.com,Firm station.
EMP18827,Jonathan Clark,Finance,Analyst,54675.64,2022-11-25,zrollins@gmail.com,Employee final.
EMP18828,Margaret White,Sales,Executive,54675.64,2022-10-23,cheryl58@gmail.com,Himself matter.
EMP18829,Emily Gardner,Finance,Executive,54675.64,2022-12-06,perezjason@gmail.com,Where buy bag.
EMP18830,Ernest Castillo,HR,Executive,54675.64,2020-05-19,walkercharles@yahoo.com,Thousand their more.
EMP18831,Richard Porter DVM,Finance,Analyst,54675.64,2021-11-30,gabriella38@yahoo.com,Seven size job.
EMP18832,Victoria Baird,Finance,Manager,54675.64,2020-08-12,qmartinez@reese.net,Letter state.
EMP18833,Lori Hernandez,Sales,Executive,54675.64,2022-03-06,ahenry@cook-stewart.com,Anything lawyer.
EMP18834,Sean Mata,Finance,Executive,54675.64,2022-01-13,nicholas56@james.biz,Six born guess.
EMP18835,Steven Perez,Finance,Intern,54675.64,2020-01-31,corybishop@yahoo.com,Specific return.
EMP18836,Aaron Andrews,Sales,Manager,54675.64,2023-06-26,gabrielryan@yahoo.com,Walk live hold must.
EMP18837,Dr. John Mcdonald,IT,Executive,54675.64,2022-10-13,hmendoza@yahoo.com,Old deal that loss.
EMP18838,Katelyn Schmidt,Sales,Executive,54675.64,2023-05-05,williamsangelica@meza.org,Significant clearly.
EMP18839,Steven Jackson,IT,Intern,54675.64,2023-02-08,whiteheadjillian@singh.net,Case seem vote.
EMP18840,Jonathan Thomas,IT,Manager,54675.64,2020-11-11,upeterson@hotmail.com,Media eight partner.
EMP18841,Kevin Proctor,Sales,Manager,54675.64,2020-03-17,carterbrittney@nguyen.com,Interview deep so.
EMP18842,Carl Estrada,IT,Executive,54675.64,2021-06-06,eric27@hotmail.com,Policy cell pull.
EMP18843,Breanna Carroll,HR,Executive,54675.64,2022-08-31,jmoreno@hotmail.com,Play east season.
EMP18844,Jacob Parker,Sales,Executive,54675.64,2023-10-17,theresa34@yahoo.com,Light series idea.
EMP18845,Sherry Pacheco,HR,Intern,54675.64,2021-10-05,larrynewton@gmail.com,Person ahead item.
EMP18846,Anthony Robinson,Sales,Intern,54675.64,2021-11-22,carrdaniel@yahoo.com,Media build unit.
EMP18847,Craig Jackson,Finance,Intern,54675.64,2021-07-12,melanie56@yahoo.com,Develop find win.
EMP18848,Aaron Rivera,IT,Intern,54675.64,2021-09-25,toddpace@gmail.com,Bad eat west tend.
EMP18849,Tamara Brown,HR,Intern,54675.64,2022-08-20,othompson@hotmail.com,Lay Republican.
EMP18850,Ashley Robbins,HR,Manager,54675.64,2021-10-12,laurenmedina@allen.com,Scientist prepare.
EMP18851,Nathan Snyder,Finance,Executive,54675.64,2022-06-02,emilywarner@hotmail.com,Art property place.
EMP18852,James Hicks,IT,Manager,54675.64,2021-07-15,andersonkaren@hotmail.com,Short organization.
EMP18853,Kathleen Hampton,Sales,Intern,54675.64,2023-05-25,petersonvictoria@hotmail.com,Which job quite.
EMP18854,Darren Gill,Sales,Executive,54675.64,2021-02-10,davisrobert@gmail.com,Buy senior set.
EMP18855,Olivia Berry,Sales,Analyst,54675.64,2021-12-21,davidboyer@hotmail.com,If life small.
EMP18856,Steven Briggs,Sales,Executive,54675.64,2022-12-12,moorenancy@hawkins.com,Season wide.
EMP18857,Matthew Mcintyre,HR,Executive,54675.64,2020-12-16,davisshawn@williams.com,Customer window.
EMP18858,Jeffrey Torres,IT,Executive,54675.64,2021-10-15,samanthanelson@church-morrison.net,Over environmental.
EMP18859,Annette Moody,Finance,Analyst,54675.64,2023-08-19,nicoleramirez@yahoo.com,Glass protect price.
EMP18860,Angel Carrillo,Finance,Manager,54675.64,2023-09-08,hrodgers@newman.biz,Next vote nation.
EMP18861,Edwin Charles,Finance,Executive,54675.64,2023-02-06,james89@palmer.info,This education.
EMP18862,Cynthia Lawrence,IT,Manager,54675.64,2022-01-08,gmartinez@hotmail.com,Either speak.
EMP18863,Maria Baker,HR,Manager,54675.64,2020-09-09,patricia63@gmail.com,Not decade those.
EMP18864,Emily Martinez,IT,Analyst,54675.64,2022-09-05,adrienneramsey@koch.net,Financial raise.
EMP18865,Charles Miller,IT,Analyst,54675.64,2022-07-07,kinglance@gmail.com,House law to.
EMP18866,Sara Lowe,IT,Executive,54675.64,2023-01-23,christian15@yahoo.com,Sing people list.
EMP18867,Toni Stewart,Finance,Intern,54675.64,2023-04-25,blankenshipallison@gmail.com,Bad save response.
EMP18868,David Blackwell,HR,Intern,54675.64,2023-09-29,kmitchell@ford.net,Successful attorney.
EMP18869,Kaitlyn Schroeder,HR,Intern,54675.64,2021-07-15,shawnstrickland@nichols.com,Major court agree.
EMP18870,Anthony Miller,IT,Executive,54675.64,2020-07-07,srobles@chaney.com,Key cut that effect.
EMP18871,Jennifer Buchanan,HR,Intern,54675.64,2021-10-18,perezchristine@williams.net,Way beyond.
EMP18872,Robert Johnson,HR,Intern,54675.64,2020-05-03,cynthia98@yahoo.com,Show put together.
EMP18873,Victor Hartman,HR,Analyst,54675.64,2020-06-08,yaguilar@warren.com,Another century.
EMP18874,Kevin Castillo,Sales,Analyst,54675.64,2023-07-25,jacksonbryan@hotmail.com,Strategy power.
EMP18875,Travis Summers,Finance,Executive,54675.64,2020-10-22,wilkersonmichele@yahoo.com,Five long happy.
EMP18876,Lisa Dixon,HR,Intern,54675.64,2023-09-19,stacy48@hotmail.com,Rate treatment.
EMP18877,Rachel Mills,Finance,Executive,54675.64,2023-10-12,christinajennings@gmail.com,Commercial around.
EMP18878,Jessica Morris,Sales,Intern,54675.64,2023-06-25,amanda15@hotmail.com,Suffer agree tree.
EMP18879,Kelly Roberts,IT,Manager,54675.64,2020-11-03,smithbrian@hodges.com,Central present.
EMP18880,Patrick White,IT,Executive,54675.64,2020-06-04,ccurry@yahoo.com,Give education.
EMP18881,Monica Bowers,IT,Analyst,54675.64,2021-03-03,christopherblack@salazar.com,Day democratic.
EMP18882,Mary Rodriguez,Finance,Intern,54675.64,2022-08-07,michael61@webster-giles.com,Discover help.
EMP18883,Steven Brown,HR,Intern,54675.64,2022-05-21,nkidd@gmail.com,Already draw card.
EMP18884,Christopher Willis,Sales,Manager,54675.64,2022-01-06,marisamoore@hotmail.com,Else business.
EMP18885,Dr. Justin Sandoval,HR,Manager,54675.64,2023-08-20,erin82@hotmail.com,Doctor fact bar.
EMP18886,Michael Russo,Finance,Manager,54675.64,2020-01-22,jacksonvanessa@moyer.com,Image interest.
EMP18887,Alyssa Williams,IT,Manager,54675.64,2022-05-21,amybecker@hotmail.com,Fact girl account.
EMP18888,Paul Johnson,Sales,Manager,54675.64,2020-08-16,qgibbs@smith.com,Him past sign low.
EMP18889,Steven Cook,HR,Manager,54675.64,2022-03-23,fwells@gardner.info,Moment term side.
EMP18890,Caleb Garrison,HR,Intern,54675.64,2020-10-10,alexjohnson@graham-barajas.com,Short speak movie.
EMP18891,Norma Cruz,IT,Analyst,54675.64,2020-03-07,spencermatthew@dickson.com,Experience consumer.
EMP18892,Jessica Williams,HR,Analyst,54675.64,2021-05-08,dunnjamie@hotmail.com,Test serious wall.
EMP18893,Samuel Howell,HR,Executive,54675.64,2021-11-23,lisamiller@hotmail.com,Old once either.
EMP18894,Sarah Miller,IT,Intern,54675.64,2020-01-06,xhernandez@hotmail.com,Push rich second.
EMP18895,Holly Hardin,Finance,Intern,54675.64,2021-07-01,elizabeth63@johnson.com,Performance.
EMP18896,Mr. Jeffrey Christian,Finance,Analyst,54675.64,2023-08-23,kathy80@russo.com,Development.
EMP18897,Barbara Petersen,Sales,Analyst,54675.64,2022-05-04,rstafford@yahoo.com,Have our better.
EMP18898,Jake Peterson,HR,Executive,54675.64,2020-03-17,jennifer65@yahoo.com,Buy operation but.
EMP18899,Cheryl Klein,Finance,Manager,54675.64,2021-07-09,christophermeyers@lewis.com,Across arm floor.
EMP18900,Brandi Miller,IT,Intern,54675.64,2022-01-19,dhaney@french.info,Material space.
EMP18901,Carol Sutton,Finance,Analyst,54675.64,2022-12-04,kevin72@randolph.com,Research officer.
EMP18902,Jacob Copeland,HR,Intern,54675.64,2023-10-26,bharris@yahoo.com,Value wear activity.
EMP18903,Jennifer Meyer,Sales,Analyst,54675.64,2021-04-01,vincentwilliams@smith-olsen.biz,Name safe still.
EMP18904,Megan Sherman,Sales,Manager,54675.64,2022-07-25,johnrobertson@gmail.com,Memory leave decide.
EMP18905,Albert Diaz,Finance,Manager,54675.64,2023-02-07,vhowe@gmail.com,Model nice light.
EMP18906,Justin Sanford,IT,Intern,54675.64,2020-12-13,ashley04@thompson-lewis.net,Place someone.
EMP18907,Joshua Castillo,IT,Analyst,54675.64,2023-11-15,julie44@watson-bailey.com,A brother health.
EMP18908,Brian Brown,HR,Intern,54675.64,2020-07-29,cvalentine@yahoo.com,Grow join kind onto.
EMP18909,Chris Alvarez,Finance,Manager,54675.64,2020-12-16,shannoncarson@hotmail.com,Kind natural.
EMP18910,Robin Flores,IT,Intern,54675.64,2023-06-04,pramirez@gmail.com,Writer piece.
EMP18911,Brian Rhodes,IT,Analyst,54675.64,2020-12-14,christina29@cobb.com,Fight style both.
EMP18912,Cory Owen,IT,Manager,54675.64,2022-12-06,gabriellebennett@gmail.com,Standard natural.
EMP18913,Robert Johnson,Finance,Intern,54675.64,2021-02-20,rodgersbrooke@hammond.net,Be either suddenly.
EMP18914,Alicia Rios,HR,Executive,54675.64,2021-06-17,fowen@gmail.com,Hard way fish.
EMP18915,Diane Carter,IT,Intern,54675.64,2021-08-01,davidfigueroa@moody-davis.org,Call son capital.
EMP18916,Kenneth Avila,Sales,Intern,54675.64,2022-01-22,brandon37@hotmail.com,Budget action.
EMP18917,Ryan Hernandez,Finance,Analyst,54675.64,2022-10-17,amanda99@hotmail.com,Sound quite street.
EMP18918,Aaron Wells,Finance,Manager,54675.64,2023-02-01,yvonne06@jones.info,Seven star yard.
EMP18919,Cynthia Griffin MD,Finance,Manager,54675.64,2021-05-02,boydjulie@gmail.com,Million traditional.
EMP18920,Dr. Ruben Mahoney MD,IT,Executive,54675.64,2021-05-02,pdouglas@stanton.com,Artist position.
EMP18921,Mark Olson,HR,Intern,54675.64,2023-08-28,randrade@yahoo.com,Might answer feel.
EMP18922,Dawn Clarke,HR,Intern,54675.64,2020-03-17,robert07@jensen.com,Official Mrs store.
EMP18923,Christian Jones,Sales,Intern,54675.64,2022-11-01,david98@haney.com,Hour whose mother.
EMP18924,Brittany Juarez,Sales,Manager,54675.64,2020-01-05,mark36@gmail.com,Trial hot professor.
EMP18925,Matthew Gonzalez,HR,Manager,54675.64,2021-12-17,ujenkins@johnson-cunningham.info,Glass character.
EMP18926,Michael Calderon,HR,Intern,54675.64,2021-03-14,pmeza@hotmail.com,Read reflect worry.
EMP18927,John Watkins,HR,Intern,54675.64,2021-09-30,allenbrenda@hotmail.com,Respond positive.
EMP18928,Raymond Thomas,Finance,Manager,54675.64,2021-05-13,kennethcastillo@snow.info,Lose girl mean.
EMP18929,Michael Bailey,Finance,Analyst,54675.64,2022-04-21,davisleah@mckinney.com,Bank perform.
EMP18930,Mikayla Smith,HR,Executive,54675.64,2023-06-30,dennis77@curtis.biz,Huge ten treat it.
EMP18931,Frances Abbott,Sales,Executive,54675.64,2020-10-20,lgreen@lewis.com,Particularly.
EMP18932,Jermaine Ayers,HR,Executive,54675.64,2020-08-12,barry10@bean-chandler.com,Mean as population.
EMP18933,David Patel,Sales,Analyst,54675.64,2020-04-07,boydkristi@perez.com,All suddenly speak.
EMP18934,Vincent Villa,Finance,Intern,54675.64,2022-12-14,christinacarr@gmail.com,Way hold reflect.
EMP18935,George Jones,HR,Manager,54675.64,2023-08-19,zbenson@gmail.com,Fight interesting.
EMP18936,Michelle Valdez,Sales,Analyst,54675.64,2022-01-21,catherine27@hughes-ortiz.com,Help message.
EMP18937,Walter Williams,HR,Executive,54675.64,2020-09-26,norrismolly@hotmail.com,Within detail table.
EMP18938,Lacey Black,Finance,Intern,54675.64,2021-05-04,williambrooks@strong.net,Others almost.
EMP18939,Mark Johnson,Finance,Executive,54675.64,2023-04-01,kyle31@tucker.net,Even quickly across.
EMP18940,Danielle Scott,Finance,Executive,54675.64,2022-09-24,oblack@parrish.info,Catch away though.
EMP18941,Adrienne Michael,IT,Analyst,54675.64,2023-03-28,nroberts@gmail.com,Price take she.
EMP18942,Amy Moon,Finance,Intern,54675.64,2021-02-21,ramirezryan@lane.com,Particularly cell.
EMP18943,Gregory Lewis,HR,Analyst,54675.64,2023-07-10,richard51@johnson.com,Before occur.
EMP18944,Terrance Reyes,Sales,Manager,54675.64,2021-01-17,rgarner@olson-flores.org,Seat set source bit.
EMP18945,Felicia Cunningham,HR,Analyst,54675.64,2020-08-02,jenniferrollins@gmail.com,Increase study.
EMP18946,Meghan Rogers,HR,Manager,54675.64,2021-06-09,scottpatrick@klein.com,Change feel war.
EMP18947,Shelby Carroll,IT,Manager,54675.64,2022-03-03,simmonsbrandon@hotmail.com,Clear heart health.
EMP18948,Matthew Douglas,HR,Manager,54675.64,2020-04-26,troy62@gomez-cole.biz,Despite follow.
EMP18949,Dawn Lopez,IT,Intern,54675.64,2022-10-13,leecarla@chapman-smith.org,While most good.
EMP18950,Lori Salinas,HR,Intern,54675.64,2023-11-16,wallmichael@gmail.com,Consumer store.
EMP18951,Dawn Taylor,IT,Executive,54675.64,2021-02-27,robertskara@gmail.com,Seat father public.
EMP18952,Michael Davis,Finance,Manager,54675.64,2022-02-12,cruzdaniel@thompson.biz,Whom now could oil.
EMP18953,Scott Larsen,IT,Intern,54675.64,2022-04-26,adambarron@greer.com,Class social.
EMP18954,Rebecca Mcpherson,IT,Analyst,54675.64,2022-10-07,megan57@howard.info,Wait pick hair.
EMP18955,Daniel Chan II,HR,Analyst,54675.64,2021-06-15,davidkelley@yahoo.com,Money ask per real.
EMP18956,Michelle Palmer,Finance,Intern,54675.64,2020-03-21,imitchell@dunlap.net,Person with poor.
EMP18957,Deborah Dominguez,IT,Intern,54675.64,2021-08-30,briannabell@yahoo.com,Air model forget.
EMP18958,Joan Gonzales,HR,Executive,54675.64,2023-04-25,rosalesryan@yahoo.com,Laugh oil.
EMP18959,Matthew Caldwell,Sales,Executive,54675.64,2020-05-13,lthomas@morris.com,Fire such lawyer.
EMP18960,Ariana Cole,HR,Executive,54675.64,2023-04-05,griffithtiffany@yahoo.com,Every become.
EMP18961,Gerald Bond,HR,Analyst,54675.64,2022-09-14,newmanrobert@silva-wells.com,Team each huge join.
EMP18962,Allen Harrison,Sales,Analyst,54675.64,2023-03-06,michelle94@yahoo.com,Site system only.
EMP18963,Ashley Moore,IT,Manager,54675.64,2022-01-10,ashley56@thornton.com,PM after piece wife.
EMP18964,Dawn Ortiz,HR,Analyst,54675.64,2023-03-31,ksimon@murray.biz,Task face them blue.
EMP18965,Michael Spencer,HR,Intern,54675.64,2021-08-09,schroedertaylor@gmail.com,Series think later.
EMP18966,Mason Collins,HR,Executive,54675.64,2022-05-11,garciajudy@yahoo.com,Republican beat bar.
EMP18967,Kari Li,Finance,Manager,54675.64,2020-08-02,brianna32@carter.com,Mouth region staff.
EMP18968,Steven Hammond,IT,Manager,54675.64,2020-11-10,xjohnson@pittman.com,Price study bill.
EMP18969,James Stone,Finance,Intern,54675.64,2021-12-19,cody20@hotmail.com,Officer approach.
EMP18970,John Smith,IT,Executive,54675.64,2020-04-26,wharris@yahoo.com,Sit current.
EMP18971,Michael Gonzales,Sales,Manager,54675.64,2020-11-13,jamesmckay@reynolds-lopez.net,Art else rise quite.
EMP18972,Jean Zimmerman,HR,Executive,54675.64,2022-05-31,hannahcrane@garrett.org,Management stop.
EMP18973,Nicholas Williams,Finance,Executive,54675.64,2020-03-11,rangelerica@yahoo.com,Kitchen power sing.
EMP18974,Timothy Johnson PhD,Sales,Executive,54675.64,2021-08-29,andersontony@mckay.com,I about section oil.
EMP18975,Justin Thompson,IT,Analyst,54675.64,2023-06-18,johnnypeters@williamson-fuller.net,Movement floor.
EMP18976,Anthony Gomez,IT,Executive,54675.64,2023-10-18,susanfields@gmail.com,Something respond.
EMP18977,Michelle Harvey,Sales,Executive,54675.64,2022-11-11,earljackson@yahoo.com,Similar population.
EMP18978,Stephanie Warren,IT,Intern,54675.64,2020-02-07,arose@yahoo.com,Investment like out.
EMP18979,Kim West,HR,Intern,54675.64,2021-10-15,jeffrey15@anderson.com,Father expect let.
EMP18980,Joseph Rojas,IT,Manager,54675.64,2020-08-25,crogers@hotmail.com,Rise enough manage.
EMP18981,Deborah Jones,IT,Manager,54675.64,2022-12-10,brandonrodriguez@huerta-rodriguez.com,Force west second.
EMP18982,Samuel Moore,Sales,Executive,54675.64,2023-11-11,nicholas95@gmail.com,Common career.
EMP18983,David James,IT,Intern,54675.64,2022-11-09,perezchristopher@yahoo.com,Officer personal.
EMP18984,Donald Cruz,IT,Manager,54675.64,2023-03-04,sabrinasawyer@hotmail.com,Either sing until.
EMP18985,Maria Gonzalez,Sales,Analyst,54675.64,2023-11-25,danielsanchez@hotmail.com,Force project.
EMP18986,Sara Welch,HR,Intern,54675.64,2023-02-14,zimmermanronnie@gmail.com,Social trial.
EMP18987,Lynn Garcia,Sales,Intern,54675.64,2021-10-28,drewcooke@heath-clayton.info,Improve save dream.
EMP18988,Blake Little,HR,Intern,54675.64,2021-05-31,ipreston@brown-harris.com,Ball rich camera.
EMP18989,Brenda Lopez,HR,Analyst,54675.64,2020-03-05,jose27@gray-cook.com,Future picture free.
EMP18990,Caleb West,Finance,Manager,54675.64,2021-10-18,wmeyers@hotmail.com,Five force type.
EMP18991,Mary Keller,Sales,Manager,54675.64,2020-06-13,james16@mckinney.biz,Safe fear occur.
EMP18992,Katie Matthews,Sales,Manager,54675.64,2020-12-13,jeffersoncory@jones.biz,The conference.
EMP18993,Alex Stevens,Sales,Manager,54675.64,2023-07-06,millerbrian@haney.net,Must force near day.
EMP18994,Brian Diaz,IT,Manager,54675.64,2022-07-25,wilsonmelanie@yahoo.com,Fund military score.
EMP18995,Laura Wyatt,HR,Intern,54675.64,2022-10-19,sullivanraymond@yahoo.com,Customer station.
EMP18996,Andrea Pratt,HR,Analyst,54675.64,2020-09-01,ellen47@gmail.com,Bad cause himself.
EMP18997,Kyle George,HR,Executive,54675.64,2021-10-01,ihall@glass-hernandez.com,Act police recent.
EMP18998,Dakota Jimenez,Sales,Manager,54675.64,2020-08-09,william34@barnett.com,Investment surface.
EMP18999,Brendan Schneider,HR,Executive,54675.64,2021-08-12,danielvelazquez@yahoo.com,Clear still public.
EMP19000,Emily Lopez,HR,Manager,54675.64,2022-11-06,garciamegan@gmail.com,Study support none.
EMP19001,Jacob Melendez,HR,Intern,54675.64,2023-09-13,rodriguezmichael@kim-jimenez.biz,Able feel cost edge.
EMP19002,Roy Blair,HR,Intern,54675.64,2021-08-02,vspencer@wilson-mccall.info,Cost contain risk.
EMP19003,Amanda Leon,Finance,Executive,54675.64,2022-07-08,xscott@gmail.com,Bar letter American.
EMP19004,Cory Simmons,Finance,Manager,54675.64,2021-03-06,rodriguezcandice@kirk.biz,Later ground yard.
EMP19005,Randy Barry,Sales,Manager,54675.64,2021-05-19,arellanoeric@hotmail.com,Action west likely.
EMP19006,Jill Potter,Finance,Analyst,54675.64,2021-01-17,erica86@hotmail.com,Indeed decide eye.
EMP19007,Ariel Martin,IT,Analyst,54675.64,2020-11-27,andersonjoel@griffith.com,Conference one.
EMP19008,Jason Hardy,Finance,Intern,54675.64,2022-04-18,james96@fox-hinton.com,Learn any really.
EMP19009,Jason Mullins,IT,Analyst,54675.64,2021-08-01,johnsonhannah@yahoo.com,Especially let pass.
EMP19010,Timothy Ramos,Sales,Analyst,54675.64,2023-06-01,sherri74@holt.com,Source heart ten.
EMP19011,Kimberly Travis,IT,Intern,54675.64,2023-03-08,matthewholland@gmail.com,Remember forward.
EMP19012,Mrs. Destiny Crawford DDS,HR,Manager,54675.64,2022-02-08,traviskim@erickson.com,Assume condition no.
EMP19013,Stanley Wiley,IT,Analyst,54675.64,2023-07-20,vincentrodgers@gmail.com,Population herself.
EMP19014,Paul Kerr,Finance,Executive,54675.64,2021-11-12,jacobgonzalez@yahoo.com,Buy yard guy head.
EMP19015,Kevin Mckee,IT,Analyst,54675.64,2022-04-05,darrellstrong@freeman.com,Account usually.
EMP19016,Darlene Ramos,HR,Intern,54675.64,2020-05-04,cameronmartinez@yahoo.com,Card before similar.
EMP19017,Joseph Randall,HR,Executive,54675.64,2023-07-26,matthew86@yahoo.com,Eight century.
EMP19018,Anthony Day,HR,Intern,54675.64,2020-02-02,pthomas@yahoo.com,Total reduce cover.
EMP19019,Laura Dixon,Finance,Executive,54675.64,2023-05-22,hernandezmorgan@hotmail.com,Product health try.
EMP19020,Wyatt Sanchez,Sales,Manager,54675.64,2020-10-27,oconnelldanielle@hotmail.com,Scientist history.
EMP19021,Carol Wilson,IT,Analyst,54675.64,2020-03-18,greenjames@pham.com,Sell throughout.
EMP19022,Alisha Ballard,Sales,Analyst,54675.64,2020-10-31,lreyes@ortega.com,Couple remember own.
EMP19023,Victoria Sherman,Sales,Executive,54675.64,2023-02-03,tracypatrick@may.com,Same travel.
EMP19024,Rhonda Hammond,HR,Intern,54675.64,2021-06-15,floydrebecca@gmail.com,People increase.
EMP19025,Destiny Long,IT,Intern,54675.64,2020-04-20,candace10@riley-hernandez.biz,Mr smile deal he.
EMP19026,Daniel Murray,Sales,Executive,54675.64,2020-06-29,qgray@yahoo.com,Car daughter seek.
EMP19027,Heather Castro,Finance,Analyst,54675.64,2021-10-18,wangrita@henry.com,Toward skill.
EMP19028,Matthew Barr,Finance,Executive,54675.64,2020-12-30,michelle83@hartman-johnson.net,Person near modern.
EMP19029,Benjamin Andrews,Finance,Manager,54675.64,2022-01-22,milleranthony@yahoo.com,Either guy she low.
EMP19030,David Barrett,Finance,Analyst,54675.64,2020-06-13,paynechristian@yahoo.com,Future she song.
EMP19031,Gary Butler,Finance,Intern,54675.64,2021-04-28,arnoldjessica@yahoo.com,Low others phone.
EMP19032,Dr. Kaylee Smith DVM,HR,Manager,54675.64,2020-10-31,zoliver@gmail.com,Turn beautiful act.
EMP19033,Charles Caldwell,Sales,Manager,54675.64,2021-03-27,lesliebarnes@gmail.com,Candidate social.
EMP19034,Scott Alexander,IT,Analyst,54675.64,2022-11-19,zachary53@yahoo.com,Pattern record like.
EMP19035,Mr. Thomas Clark,HR,Intern,54675.64,2022-04-01,cameronsummers@yahoo.com,Lay think near.
EMP19036,Kim Rich,Sales,Analyst,54675.64,2020-03-25,williamsmith@yahoo.com,Knowledge law.
EMP19037,Holly Gutierrez,Finance,Executive,54675.64,2022-05-24,jacksondarlene@meyer.com,Whole high course.
EMP19038,Sharon Harding,IT,Manager,54675.64,2023-04-08,laurenluna@mccarthy.com,Interest major.
EMP19039,David Wilson,Finance,Analyst,54675.64,2020-12-16,pnelson@johnston.info,Sign manager wrong.
EMP19040,Joseph Hughes,Finance,Analyst,54675.64,2021-06-11,vortiz@solomon.info,Against since wait.
EMP19041,Jared Tate,IT,Manager,54675.64,2020-03-11,emily44@morris.biz,Nothing party age.
EMP19042,Gregory Shepard,Sales,Executive,54675.64,2022-08-28,wstewart@hotmail.com,Morning way hot.
EMP19043,Daniel Hawkins,IT,Intern,54675.64,2023-06-20,andrewmorales@howell-ruiz.com,Cause evidence.
EMP19044,Christopher Conley,HR,Analyst,54675.64,2023-02-14,rodgersseth@gmail.com,Hit toward culture.
EMP19045,Miss Joy Richardson,Finance,Manager,54675.64,2021-09-25,wilsonnatalie@gmail.com,Side able bag.
EMP19046,David Carey,HR,Manager,54675.64,2022-08-09,jessica33@berry-cisneros.biz,Factor leg for past.
EMP19047,Dustin Riddle,HR,Executive,54675.64,2023-02-06,jessicascott@richardson.net,Land account next.
EMP19048,Katherine Hall,HR,Analyst,54675.64,2023-08-05,michaelallen@levy-mitchell.com,Church though new.
EMP19049,Lisa Johnson,Finance,Manager,54675.64,2020-01-29,smithanna@gmail.com,Key single article.
EMP19050,Aaron Lucas,Finance,Executive,54675.64,2023-02-11,sandersjames@hotmail.com,Increase player.
EMP19051,Kelly Williams,Sales,Analyst,54675.64,2022-05-12,longshawn@pugh.com,Program allow.
EMP19052,Jesus Vasquez,Sales,Intern,54675.64,2020-12-12,stephaniehayden@hotmail.com,Individual hand.
EMP19053,Angela Haas,IT,Intern,54675.64,2022-05-20,bakergregory@gmail.com,Black take whose.
EMP19054,Matthew Parsons,IT,Analyst,54675.64,2023-05-02,zray@gonzalez-wright.com,Professional.
EMP19055,David Robles,Finance,Analyst,54675.64,2022-10-18,amyreid@randolph.biz,Hour large cut.
EMP19056,Kathryn Miller,IT,Analyst,54675.64,2023-02-10,harrisoncraig@galvan.com,Ever leg order.
EMP19057,Patricia Tucker,HR,Analyst,54675.64,2021-03-06,villarrealjason@hotmail.com,Economy art write.
EMP19058,David Ray,Sales,Executive,54675.64,2022-02-18,hmarks@orozco.com,Culture executive.
EMP19059,Matthew Mcdowell,Finance,Manager,54675.64,2020-12-05,kelly28@molina.net,Condition drug.
EMP19060,Robert Navarro,Sales,Executive,54675.64,2020-02-09,dmyers@gmail.com,Score others design.
EMP19061,Tina Jackson,IT,Manager,54675.64,2022-10-25,halemichael@marshall.net,Want trip affect.
EMP19062,Sarah Marks,Sales,Executive,54675.64,2021-03-15,ssutton@fletcher.com,Similar sure pretty.
EMP19063,Sean Rivera,Sales,Analyst,54675.64,2023-08-29,michael92@contreras-choi.com,Determine for.
EMP19064,Daniel Williams,IT,Executive,54675.64,2022-08-30,tom94@gmail.com,Pull network not.
EMP19065,Phillip Walker,Sales,Manager,54675.64,2020-12-31,christopherschwartz@hotmail.com,Simply away land.
EMP19066,Steven Mayer,Finance,Intern,54675.64,2023-07-04,dale25@yahoo.com,Stop city concern.
EMP19067,Joseph Torres,HR,Analyst,54675.64,2021-11-03,kevin62@ware.com,Resource father.
EMP19068,Kenneth Ford,Sales,Intern,54675.64,2020-07-06,cadams@moran.com,Speech president.
EMP19069,Brandy Gomez,Finance,Manager,54675.64,2023-01-01,watsonwilliam@yahoo.com,Both head audience.
EMP19070,Miguel Phelps,HR,Analyst,54675.64,2023-06-08,haleytommy@gmail.com,Understand able.
EMP19071,Daniel Rogers,Finance,Analyst,54675.64,2020-02-03,michaeljames@hotmail.com,Western job.
EMP19072,Amy Andrews,Finance,Analyst,54675.64,2022-12-31,melissahorton@mueller-nguyen.com,Yourself season.
EMP19073,Michael Sparks,HR,Intern,54675.64,2023-10-11,thernandez@franklin-foster.com,Wide with dog free.
EMP19074,Christopher Lopez,IT,Intern,54675.64,2023-06-08,gregory80@colon.com,Become reflect you.
EMP19075,Brianna Russell,Finance,Manager,54675.64,2021-04-25,davidmcdonald@raymond.com,Benefit beautiful.
EMP19076,Tonya Myers,IT,Manager,54675.64,2021-05-05,michael49@hotmail.com,Animal market.
EMP19077,William Peterson,IT,Executive,54675.64,2023-11-12,melissajackson@cook-white.com,Little officer turn.
EMP19078,Justin Flores,Sales,Manager,54675.64,2022-01-17,serranokeith@yahoo.com,President no.
EMP19079,David Malone,IT,Executive,54675.64,2020-06-25,shawnwatson@reese.com,Plan keep.
EMP19080,Marie Holt,Finance,Intern,54675.64,2022-10-31,carlos71@stevens.info,Factor out social.
EMP19081,Crystal Zamora,Finance,Manager,54675.64,2021-09-26,matthew83@hotmail.com,Move himself if.
EMP19082,Stephanie Turner,HR,Analyst,54675.64,2020-08-05,wgreen@hotmail.com,Deal material type.
EMP19083,Kathryn Martin,IT,Executive,54675.64,2023-03-02,amy04@cameron.com,Support father or.
EMP19084,Richard Jimenez,HR,Executive,54675.64,2023-03-27,valerie39@gmail.com,Class change stage.
EMP19085,Paul Holmes,Finance,Executive,54675.64,2021-07-31,mmcpherson@yahoo.com,Professional art.
EMP19086,Tanya Edwards,HR,Intern,54675.64,2020-05-23,parkerjulie@garrett.com,Still discover.
EMP19087,Andrew Turner,Sales,Executive,54675.64,2020-07-28,jonesalyssa@hill.com,Bar fly treatment.
EMP19088,Douglas Sanchez,HR,Manager,54675.64,2023-09-17,coffeytyler@ramos-grant.com,Item red probably.
EMP19089,Renee Ruiz,Sales,Executive,54675.64,2020-03-30,jerrymitchell@lopez-novak.com,Open first five.
EMP19090,Lisa Kelly,Sales,Analyst,54675.64,2022-11-01,hwebb@yahoo.com,Individual cold.
EMP19091,Albert Mcguire,IT,Intern,54675.64,2022-11-15,anne73@williams.com,Answer ground so.
EMP19092,Daniel Bradley,Finance,Intern,54675.64,2020-11-19,dwilson@figueroa.info,Eat those money kid.
EMP19093,Timothy Arnold,Sales,Manager,54675.64,2023-06-28,kelsey40@yahoo.com,Than investment.
EMP19094,Miguel Williams,Finance,Analyst,54675.64,2020-08-29,christopher76@powell-brooks.com,Young surface.
EMP19095,Peggy Escobar,HR,Intern,54675.64,2021-06-22,cjennings@hotmail.com,Risk rise represent.
EMP19096,Timothy Baldwin,HR,Intern,54675.64,2021-07-18,ashleylopez@hotmail.com,Visit feeling.
EMP19097,Dr. Christine Krueger MD,HR,Intern,54675.64,2022-05-04,jnorris@moore.com,Direction interest.
EMP19098,Brendan Lopez,HR,Manager,54675.64,2023-01-13,dunnvictoria@baker.com,Owner recently end.
EMP19099,Pam Carney,HR,Manager,54675.64,2023-04-14,josephwhite@garcia.net,Risk spring usually.
EMP19100,Cheyenne Anderson,IT,Intern,54675.64,2020-10-19,cwright@washington.com,Development when.
EMP19101,Gregory Scott,IT,Executive,54675.64,2022-12-04,lopezcynthia@hamilton.com,Seek law wrong.
EMP19102,Daniel Haney,Sales,Intern,54675.64,2021-12-15,vbarron@yahoo.com,Society quite.
EMP19103,Alison Johnson,Finance,Analyst,54675.64,2021-10-04,rogercarroll@weber.com,Camera whom foot.
EMP19104,Dawn Parker,HR,Analyst,54675.64,2021-01-24,billycook@tapia.info,Group information.
EMP19105,Tami Oneal,Finance,Intern,54675.64,2023-11-14,zfowler@briggs.com,Wear least here.
EMP19106,Antonio Davis,HR,Intern,54675.64,2020-06-05,gorozco@hernandez-hamilton.com,Recognize forward.
EMP19107,Emily Green,Sales,Intern,54675.64,2020-06-09,cadkins@hotmail.com,Southern short.
EMP19108,Anna Beasley,IT,Analyst,54675.64,2022-10-14,jason16@hotmail.com,Put choose phone.
EMP19109,Brandon Patterson,Sales,Manager,54675.64,2022-02-17,pamelathomas@gonzalez.info,Agent official foot.
EMP19110,Timothy Jones,Finance,Executive,54675.64,2020-08-10,kimberly66@callahan-sanders.info,Air little second.
EMP19111,Johnny Jones,Finance,Manager,54675.64,2022-06-30,rebecca54@conner.com,Never window.
EMP19112,Christopher Smith,HR,Executive,54675.64,2020-05-03,bryantheather@hotmail.com,Address billion.
EMP19113,Alexis Hamilton,IT,Analyst,54675.64,2022-03-15,moorematthew@hotmail.com,Image political.
EMP19114,Brianna Castaneda,Finance,Analyst,54675.64,2023-03-19,nichole70@yahoo.com,Stay rate item.
EMP19115,Michael Harris,Sales,Analyst,54675.64,2023-12-24,rhancock@barton-stephens.com,Medical weight hour.
EMP19116,Kerry Flowers,Sales,Analyst,54675.64,2021-06-30,baileymary@hotmail.com,Lot begin receive.
EMP19117,Kevin Jackson,HR,Manager,54675.64,2022-03-28,npennington@mcbride-ramirez.com,Method itself.
EMP19118,Daniel Spencer,HR,Executive,54675.64,2022-06-03,smiller@rogers.com,Then great must.
EMP19119,Denise White,IT,Analyst,54675.64,2023-11-12,robertperez@gmail.com,Smile second case.
EMP19120,Michael Sullivan,HR,Executive,54675.64,2023-07-16,newmanmegan@griffith-walker.com,Heart heart water.
EMP19121,Cheyenne Salazar,Sales,Executive,54675.64,2023-08-22,matthew05@hotmail.com,Law this stay.
EMP19122,Julie Wyatt,HR,Intern,54675.64,2020-01-16,cindywelch@hotmail.com,Forward myself.
EMP19123,Jillian Jacobson,Sales,Manager,54675.64,2021-05-27,johnallen@gmail.com,Wish other race.
EMP19124,Jessica Garcia,Finance,Manager,54675.64,2022-11-23,jeffrey08@gmail.com,Wait Democrat ahead.
EMP19125,Jennifer Duarte,HR,Manager,54675.64,2020-12-19,daychristina@hotmail.com,Just wrong draw.
EMP19126,Stephanie Smith,IT,Manager,54675.64,2022-09-18,carolyn78@yahoo.com,Our skin radio.
EMP19127,Dustin Lewis,IT,Executive,54675.64,2023-02-01,kennedycynthia@yahoo.com,Number modern.
EMP19128,Scott Marshall,IT,Analyst,54675.64,2023-08-05,rileygregory@gmail.com,Believe their.
EMP19129,Kyle Hughes,HR,Analyst,54675.64,2020-05-22,katherinerichardson@wilson-petersen.com,Capital pull enter.
EMP19130,Theresa Fitzgerald,Finance,Executive,54675.64,2022-09-03,dcruz@hughes.org,During serve north.
EMP19131,Amanda Wells,Finance,Analyst,54675.64,2021-11-28,shawnsalinas@parker.com,Claim arrive peace.
EMP19132,Todd Jones,IT,Intern,54675.64,2020-12-02,kanesarah@gmail.com,Television billion.
EMP19133,Kendra Turner,Finance,Executive,54675.64,2021-11-23,rbond@dunn.com,Lead after kind.
EMP19134,Jeremy Schwartz,Sales,Executive,54675.64,2022-10-12,jenniferjones@henry.org,Employee better.
EMP19135,Brandon Armstrong,HR,Intern,54675.64,2021-01-10,xcopeland@yahoo.com,Population beat.
EMP19136,Betty Anderson,Finance,Intern,54675.64,2023-05-12,rachelfarrell@yahoo.com,Less fact house.
EMP19137,Melinda Mitchell,Finance,Analyst,54675.64,2020-02-27,stevenshepherd@jenkins-palmer.com,Week chance act.
EMP19138,Adam Lewis,Finance,Manager,54675.64,2021-08-11,robertsonholly@yahoo.com,Despite meeting.
EMP19139,Carla Wilcox,IT,Manager,54675.64,2022-11-28,gailallen@yahoo.com,Pattern customer.
EMP19140,Brenda Camacho,HR,Intern,54675.64,2021-07-14,greggross@hotmail.com,People couple that.
EMP19141,Charles Lopez,Finance,Analyst,54675.64,2023-09-18,tuckerkristen@gmail.com,Forget marriage.
EMP19142,Holly Holt,HR,Manager,54675.64,2022-05-30,kinglaura@king-peters.com,Expert paper parent.
EMP19143,Timothy Williams,Finance,Intern,54675.64,2020-12-09,regina53@west.org,Always than.
EMP19144,Richard Harris,Sales,Analyst,54675.64,2023-01-16,brian69@price-lopez.com,Send set marriage.
EMP19145,Chelsea Howard,HR,Analyst,54675.64,2020-11-28,anthony43@horn-santos.com,Which group must.
EMP19146,Amanda Bray,HR,Analyst,54675.64,2023-10-11,josephchavez@hotmail.com,Ground man during.
EMP19147,Angela Pittman,HR,Manager,54675.64,2022-06-19,cscott@robinson-russo.com,Commercial brother.
EMP19148,Katherine Hayes,Sales,Executive,54675.64,2022-08-08,teresagonzales@gmail.com,Another interesting.
EMP19149,Angelica Patterson,IT,Intern,54675.64,2022-04-25,johnsonjeffrey@sparks.com,Local be keep.
EMP19150,Jessica Wells,Finance,Intern,54675.64,2023-11-10,vjackson@bailey-weber.info,Ahead institution.
EMP19151,Kendra Lewis,IT,Executive,54675.64,2020-12-30,nfreeman@allen.com,Really.
EMP19152,Carol Hickman,HR,Manager,54675.64,2023-06-24,jean59@gmail.com,Page morning.
EMP19153,Michelle Lewis,IT,Manager,54675.64,2021-05-12,barbaramckee@hotmail.com,Business support.
EMP19154,Michael Howell,HR,Intern,54675.64,2022-04-15,christopherwatson@yahoo.com,Good time threat.
EMP19155,Peter Thomas,Finance,Executive,54675.64,2022-12-22,devinmartinez@zimmerman.org,Close open like.
EMP19156,Mark Herrera,IT,Executive,54675.64,2022-05-17,ethanpalmer@yahoo.com,Professional.
EMP19157,Jill Wang,Finance,Executive,54675.64,2022-10-15,kelseyshields@gmail.com,Far visit actually.
EMP19158,Jennifer Wilson,Finance,Executive,54675.64,2023-06-17,kennethford@potter-harper.com,Design brother girl.
EMP19159,Ronald Wright,IT,Analyst,54675.64,2023-01-09,cdelgado@yahoo.com,Somebody tell.
EMP19160,Ashley Hodges,Sales,Analyst,54675.64,2022-12-26,mpetty@austin-lawrence.info,But out chance.
EMP19161,Vanessa Fowler,Sales,Intern,54675.64,2021-08-22,byrdjoseph@eaton-wall.com,Decision the lose.
EMP19162,Angela Miller,Sales,Executive,54675.64,2022-08-23,jasonfuentes@mahoney.net,Skin business seat.
EMP19163,Kelly Tanner,IT,Analyst,54675.64,2023-09-24,ljackson@hotmail.com,Have some oil floor.
EMP19164,John Webb,IT,Executive,54675.64,2023-01-26,lindsayjones@hunter-cook.com,Her possible level.
EMP19165,Shawn Peterson,IT,Manager,54675.64,2021-11-09,rjones@johnson.com,Bag development.
EMP19166,Ashley Bennett,IT,Intern,54675.64,2021-04-15,stanleybrian@hotmail.com,Position boy miss.
EMP19167,Patrick Walters,Sales,Analyst,54675.64,2020-09-23,tracy85@carr-lynch.biz,Development decide.
EMP19168,Jeanette Trevino,Sales,Analyst,54675.64,2023-10-22,rhondahurst@gmail.com,It special close.
EMP19169,Monica Bishop,IT,Manager,54675.64,2023-08-02,mccalljames@hudson.net,Population along.
EMP19170,Kevin Garrett,Finance,Intern,54675.64,2022-03-28,codywilliams@carter-simpson.org,Follow produce.
EMP19171,Donna Moss,Finance,Executive,54675.64,2021-08-01,geoffrey27@yahoo.com,Education available.
EMP19172,April Hinton,Finance,Analyst,54675.64,2023-07-19,gary99@haynes.com,Operation sometimes.
EMP19173,Gary Fox,IT,Analyst,54675.64,2023-03-29,jeremy39@hotmail.com,Likely both sense.
EMP19174,Justin Walls,Sales,Analyst,54675.64,2022-05-17,cainmatthew@gmail.com,Nation capital put.
EMP19175,Anthony Marshall,IT,Executive,54675.64,2021-12-02,petersluis@johnson-pierce.com,Lose happen data.
EMP19176,Mrs. Julie Rose,HR,Analyst,54675.64,2020-08-17,louisgallegos@harris.com,Research give.
EMP19177,Robert Thompson,Sales,Manager,54675.64,2021-12-26,ahenderson@evans.com,Center thousand.
EMP19178,Evelyn Turner,Sales,Intern,54675.64,2021-05-12,pughrichard@wright.com,Present lawyer tree.
EMP19179,Stacey Davis,Finance,Analyst,54675.64,2022-08-29,cruzdaniel@hotmail.com,Trouble ask term.
EMP19180,Ryan Burke,Finance,Intern,54675.64,2020-07-24,linda87@watts.com,Family yes book.
EMP19181,Christina Love,Finance,Manager,54675.64,2020-07-17,myersjames@owens-ramos.com,Sea like close.
EMP19182,Lindsey Reid,IT,Intern,54675.64,2020-11-17,brandon91@horton.com,Factor ready.
EMP19183,Kevin Oliver,HR,Manager,54675.64,2020-12-25,emendoza@west-norris.biz,Budget hospital.
EMP19184,Kelly Cardenas MD,Finance,Intern,54675.64,2023-11-19,daviesamy@espinoza.net,Dinner executive.
EMP19185,Kerry Sanchez,IT,Executive,54675.64,2021-05-11,barbara28@hotmail.com,Edge everything.
EMP19186,Thomas Green,HR,Executive,54675.64,2021-04-02,ostewart@hansen-parker.com,Reality mother.
EMP19187,Stacey Jones,IT,Intern,54675.64,2022-06-20,greenalejandro@medina-torres.com,Together ready.
EMP19188,Timothy Hahn,Sales,Analyst,54675.64,2023-03-06,dillonkenneth@hayes.org,Institution against.
EMP19189,Laura Lyons,Sales,Intern,54675.64,2020-06-01,amyrandolph@gmail.com,Stuff American deal.
EMP19190,Taylor Barron,HR,Manager,54675.64,2020-11-05,bryan67@hotmail.com,What bar provide.
EMP19191,Jennifer Hunter,Finance,Intern,54675.64,2021-03-27,daniel59@olson-harris.biz,Law eye party item.
EMP19192,Steven Gardner,HR,Manager,54675.64,2020-09-24,ericrodriguez@yahoo.com,PM bank evidence.
EMP19193,Mr. Hunter Cole,IT,Executive,54675.64,2023-05-26,ghoward@gonzalez-carr.info,Which painting head.
EMP19194,Jasmine Johnson,Sales,Analyst,54675.64,2022-06-20,stephenscarol@yahoo.com,White industry she.
EMP19195,Stephen Walker,Finance,Analyst,54675.64,2022-01-26,dtaylor@yahoo.com,Course pull whose.
EMP19196,Lori Galvan,IT,Manager,54675.64,2020-07-20,murrayjoyce@gmail.com,Long price station.
EMP19197,Kayla Santana,IT,Analyst,54675.64,2020-12-25,melinda74@barrett.com,Energy care.
EMP19198,Amanda Schwartz,Sales,Intern,54675.64,2023-02-10,david11@baker-salazar.com,Manager century.
EMP19199,Lisa Wright,Finance,Analyst,54675.64,2023-08-10,taylornatalie@martinez-underwood.biz,Relate clear pick.
EMP19200,Joshua Martin,HR,Intern,54675.64,2023-04-03,zacharyrodriguez@gonzales.com,Land remain each.
EMP19201,Patrick Mccormick,Sales,Manager,54675.64,2021-05-22,gcooper@henson-jones.org,Friend girl better.
EMP19202,Mr. Ian Reed,Sales,Intern,54675.64,2023-03-22,halljohn@wagner.com,Phone none central.
EMP19203,Cassandra Sullivan,Finance,Executive,54675.64,2021-03-03,upeterson@gmail.com,Author person home.
EMP19204,Lisa Burns,HR,Intern,54675.64,2022-12-19,keithramirez@jensen-gillespie.org,Opportunity.
EMP19205,Amy Lane,Sales,Analyst,54675.64,2022-06-28,smithpatrick@hotmail.com,Happen center clear.
EMP19206,Allen Brown,HR,Executive,54675.64,2020-03-07,brandondavidson@hotmail.com,Turn radio model.
EMP19207,Dr. Christopher Villarreal,Sales,Analyst,54675.64,2021-09-19,michaela35@yahoo.com,Wide blood.
EMP19208,Kaitlyn Glenn,HR,Executive,54675.64,2021-08-02,steven40@yahoo.com,Friend side.
EMP19209,Christopher Bradford,HR,Analyst,54675.64,2021-11-06,gavin58@wilcox.com,Model him service.
EMP19210,Andrea Dillon,IT,Analyst,54675.64,2020-10-07,mary69@hotmail.com,Season could.
EMP19211,Ricky Moore,Sales,Analyst,54675.64,2022-10-28,vjohnson@yahoo.com,Movement expert.
EMP19212,Amber Chandler,IT,Analyst,54675.64,2023-07-28,john73@austin-wade.com,Get offer camera.
EMP19213,Courtney Hanson,Sales,Intern,54675.64,2023-12-14,cooperjason@gmail.com,Way decide art a.
EMP19214,Courtney Manning,IT,Intern,54675.64,2020-11-30,candace57@hotmail.com,Evidence mouth.
EMP19215,Kelly Thomas,IT,Analyst,54675.64,2020-07-06,williamkennedy@rivera-mcintosh.biz,Really lead among.
EMP19216,Michael Velazquez,IT,Manager,54675.64,2022-03-23,raymond31@gmail.com,Really record.
EMP19217,Karen Petty,IT,Analyst,54675.64,2021-07-12,trevormoody@yahoo.com,They want degree.
EMP19218,Mark Nguyen,IT,Manager,54675.64,2022-04-29,christopherbush@hotmail.com,Difficult might low.
EMP19219,Paul Holt,Sales,Analyst,54675.64,2020-02-11,theodoreryan@gardner-lopez.com,Performance thought.
EMP19220,Mary Adams,Finance,Executive,54675.64,2020-06-26,jyoung@parker.info,Present fast read.
EMP19221,Michael Carpenter,IT,Intern,54675.64,2020-01-04,brittanymelton@hotmail.com,Fall discussion.
EMP19222,Catherine Hall,Finance,Executive,54675.64,2020-11-05,johnstonjackie@yahoo.com,Financial system.
EMP19223,Steven Suarez,IT,Executive,54675.64,2022-03-09,michaellewis@gmail.com,Various soon reveal.
EMP19224,Michelle George,Sales,Intern,54675.64,2023-01-08,lindsey08@terrell.biz,Defense anything.
EMP19225,Norma Paul,HR,Intern,54675.64,2020-03-01,joditaylor@green.com,Brother knowledge.
EMP19226,Ryan Gutierrez,Finance,Manager,54675.64,2023-04-11,kristen52@mills.com,Thus research late.
EMP19227,Deborah Collins,Finance,Manager,54675.64,2021-01-12,jenniferellis@jones.com,Show program room.
EMP19228,Derrick Sims,Sales,Executive,54675.64,2023-11-11,tammymartinez@yahoo.com,Home million young.
EMP19229,Richard Scott,HR,Manager,54675.64,2022-07-31,mejiajohn@pugh.com,Worry table reach.
EMP19230,Tyler Mcdonald,Finance,Executive,54675.64,2023-12-27,kperkins@gmail.com,Treat all by about.
EMP19231,Jeffrey Buchanan,Sales,Analyst,54675.64,2021-05-29,alexandra45@gmail.com,Store soon analysis.
EMP19232,David Nguyen,IT,Analyst,54675.64,2020-01-03,lward@melton.info,Sing experience.
EMP19233,Miranda Morales,Finance,Analyst,54675.64,2021-04-21,megan13@hotmail.com,Argue seven example.
EMP19234,Lauren Chan,HR,Intern,54675.64,2023-01-11,kimberlycarroll@henderson.info,Light drive because.
EMP19235,Jonathan Ellis,Finance,Analyst,54675.64,2020-02-28,julie91@yahoo.com,Join style year.
EMP19236,Mr. Roger Johnson,IT,Manager,54675.64,2022-11-24,emassey@aguilar.com,Foot sing radio.
EMP19237,Charles Young,HR,Executive,54675.64,2020-11-04,schmidtmadison@hotmail.com,Take green.
EMP19238,Annette Phelps,IT,Manager,54675.64,2023-11-24,andrewhuff@hotmail.com,Her good drop news.
EMP19239,Christopher Neal,HR,Executive,54675.64,2023-10-31,garrettbooker@martinez.com,Must dream special.
EMP19240,Heather Lopez,IT,Analyst,54675.64,2023-04-17,harrisonmargaret@singleton.com,Pick toward health.
EMP19241,Morgan James,HR,Intern,54675.64,2020-06-02,masonhowell@burns.org,Service five about.
EMP19242,Casey Santiago,HR,Executive,54675.64,2021-11-08,nbecker@diaz-king.com,Along current.
EMP19243,Lisa Holt,IT,Manager,54675.64,2021-01-03,juangarza@yahoo.com,North whatever.
EMP19244,Matthew Dixon,Finance,Executive,54675.64,2022-12-27,gabrielalvarado@parker-burton.com,Expert deep act.
EMP19245,Anthony Reed,Sales,Analyst,54675.64,2023-10-24,travis74@yahoo.com,View recent than.
EMP19246,Samantha Carpenter,Finance,Intern,54675.64,2023-12-12,hallamy@booker.com,Road authority.
EMP19247,Alyssa Jones,Sales,Manager,54675.64,2020-08-30,marquezjames@yahoo.com,Person action chair.
EMP19248,Michelle Scott,IT,Manager,54675.64,2020-10-03,alexandermichele@gmail.com,Parent other than.
EMP19249,Tiffany Harvey,Finance,Executive,54675.64,2021-11-11,andrea83@fitzgerald-flores.com,Young grow leave.
EMP19250,Roberto Fry,IT,Analyst,54675.64,2020-03-29,juan43@yahoo.com,Will student suffer.
EMP19251,Diana Hall DDS,Sales,Executive,54675.64,2023-07-06,nelsonallison@hopkins-bennett.com,Year cut thousand.
EMP19252,Steve Stephens,HR,Manager,54675.64,2020-08-24,joneslisa@gmail.com,Exist table vote.
EMP19253,Christine Garcia,IT,Executive,54675.64,2020-11-07,jamesmccoy@yahoo.com,Since price.
EMP19254,Hannah Avila,Finance,Executive,54675.64,2020-07-08,patricia34@anderson-cochran.biz,Past wear public.
EMP19255,John Owens,IT,Analyst,54675.64,2023-11-26,smithmaurice@yahoo.com,Recognize form.
EMP19256,Kenneth Carson,IT,Executive,54675.64,2021-12-29,klittle@harris.com,Road believe close.
EMP19257,James Morris,IT,Intern,54675.64,2023-06-01,amorris@herman.org,Character third.
EMP19258,Tina Scott,Sales,Analyst,54675.64,2020-01-15,william63@christensen.net,Source win call.
EMP19259,Melissa Young,Finance,Executive,54675.64,2023-05-02,mary31@yahoo.com,Throw than wrong.
EMP19260,Heather Case,Finance,Analyst,54675.64,2022-02-04,andrewcallahan@hines.com,Sure truth century.
EMP19261,Robert Andrews,Sales,Manager,54675.64,2022-11-19,nwilkerson@yahoo.com,Determine into sort.
EMP19262,Kevin Fleming,Finance,Analyst,54675.64,2021-04-04,ismith@yahoo.com,Central traditional.
EMP19263,James Henderson,Finance,Analyst,54675.64,2023-04-05,becktodd@oconnor.com,Kind apply magazine.
EMP19264,David Reilly,IT,Intern,54675.64,2022-04-11,josephjuarez@kirk.com,Sea land cover.
EMP19265,Cory Johnson,Sales,Intern,54675.64,2023-06-12,hollyjones@yahoo.com,Maintain perhaps.
EMP19266,Heather Taylor,Sales,Executive,54675.64,2023-06-23,watkinsbrittney@yahoo.com,Least toward care.
EMP19267,Phyllis Munoz,Sales,Intern,54675.64,2020-11-14,efranco@hotmail.com,Wall special common.
EMP19268,Mary Rodriguez,HR,Executive,54675.64,2020-01-07,lgolden@yahoo.com,Upon reality mind.
EMP19269,David Garrett,Finance,Manager,54675.64,2020-03-26,danny71@hotmail.com,Together adult.
EMP19270,Victoria Johnson,IT,Intern,54675.64,2023-09-13,kimcline@owen-delgado.com,Hard moment true.
EMP19271,Anthony Alvarado,IT,Analyst,54675.64,2020-08-02,peter78@harvey.com,Feeling investment.
EMP19272,Matthew Weiss,IT,Manager,54675.64,2022-04-23,elizabethbartlett@hotmail.com,Pattern rest.
EMP19273,Tyrone Moore,IT,Executive,54675.64,2020-09-18,jasoncaldwell@ramirez.com,Hold media local.
EMP19274,David Becker,Finance,Analyst,54675.64,2021-11-28,erica84@yahoo.com,Building again.
EMP19275,Debbie Castillo,Sales,Intern,54675.64,2023-07-31,christopherduran@lopez.com,Nature particularly.
EMP19276,Jerry Pratt,Sales,Manager,54675.64,2020-09-17,wcolon@hotmail.com,System sure face.
EMP19277,Jessica Johnson,HR,Executive,54675.64,2020-02-25,pwatts@yahoo.com,Increase rock.
EMP19278,Michelle Rodriguez,IT,Executive,54675.64,2021-09-24,kimberlygarcia@espinoza-lewis.com,Field child report.
EMP19279,Pamela Rodriguez,HR,Intern,54675.64,2021-05-24,sherryorr@harris-maldonado.org,There wife move.
EMP19280,Daniel Schneider,Finance,Intern,54675.64,2023-12-05,ryan93@smith-parks.org,Last hope one.
EMP19281,Sarah Russell,HR,Manager,54675.64,2021-03-19,fosterdavid@hotmail.com,Lay score foot.
EMP19282,Christopher Lynn,Finance,Analyst,54675.64,2023-03-01,gdawson@hotmail.com,Enter each alone.
EMP19283,Belinda Sullivan,HR,Manager,54675.64,2021-06-24,colinbarnes@yahoo.com,Style much card.
EMP19284,John Baker,Finance,Executive,54675.64,2021-09-14,karenmartin@yahoo.com,Case add positive.
EMP19285,Gilbert Hill,Finance,Analyst,54675.64,2020-09-19,obrown@kelley.com,Stage because.
EMP19286,Catherine Burke,HR,Analyst,54675.64,2023-12-10,miaglover@vaughn.info,Group theory wife.
EMP19287,Thomas Dougherty,Sales,Manager,54675.64,2022-07-04,carol63@hotmail.com,Mrs artist fast.
EMP19288,Dr. Michelle Adkins,HR,Executive,54675.64,2023-09-05,elizabeth53@martinez-hernandez.net,Before school girl.
EMP19289,Courtney Carpenter,Sales,Manager,54675.64,2023-10-23,ebryan@hotmail.com,Store none building.
EMP19290,Laura Dennis,Sales,Manager,54675.64,2021-07-08,freemanrobert@moore.net,Majority entire.
EMP19291,Lori Lane,HR,Executive,54675.64,2020-12-21,thomascortez@yahoo.com,Federal mean.
EMP19292,Veronica Flores,IT,Analyst,54675.64,2022-04-07,sandra77@hotmail.com,Without education.
EMP19293,Jeffrey Mitchell,Sales,Intern,54675.64,2021-04-21,mmccarthy@edwards.com,East result feeling.
EMP19294,Samantha Garcia,IT,Analyst,54675.64,2021-10-29,bradley52@gmail.com,Woman other.
EMP19295,Michael Olson,Finance,Manager,54675.64,2020-02-09,brianthomas@hotmail.com,Consumer drop.
EMP19296,Leonard Proctor,Finance,Analyst,54675.64,2023-09-08,jeanette91@gmail.com,Whose safe image.
EMP19297,Elizabeth Lang,Finance,Intern,54675.64,2022-09-13,hatfieldcrystal@petty.info,Whether decade.
EMP19298,Mary Moran,Sales,Executive,54675.64,2022-09-07,michaelflores@mitchell-henderson.com,Sound sport.
EMP19299,Justin Johnson,Sales,Analyst,54675.64,2022-03-15,cmartinez@henson.com,Option always run.
EMP19300,Terri Hernandez,Finance,Intern,54675.64,2020-12-20,creyes@weaver-garner.biz,Green yard back.
EMP19301,James Solomon,HR,Executive,54675.64,2020-11-10,chaneydavid@reese.com,Lead road east.
EMP19302,Amanda Garcia,HR,Intern,54675.64,2021-03-22,james27@yahoo.com,Year others.
EMP19303,Kimberly Spears,Finance,Intern,54675.64,2021-12-13,joshua79@yahoo.com,Level improve south.
EMP19304,Jennifer Roman,IT,Intern,54675.64,2020-06-11,katherine44@kelly.com,Medical open build.
EMP19305,Samuel Beard,Finance,Analyst,54675.64,2020-11-09,hernandezmartha@cooper.biz,Food society.
EMP19306,Jessica Ward,Sales,Manager,54675.64,2023-03-07,jeffrey78@yahoo.com,Actually baby word.
EMP19307,Robert Henderson,IT,Intern,54675.64,2023-06-18,hherrera@ward.com,Admit fast training.
EMP19308,Samuel Wells,HR,Executive,54675.64,2022-06-03,zshepard@morton.info,Arrive window.
EMP19309,Laura Moran,HR,Executive,54675.64,2021-10-22,rhodeskaitlyn@brown.info,Would election.
EMP19310,Margaret Rodriguez,IT,Executive,54675.64,2023-08-15,qpineda@hotmail.com,Leave training area.
EMP19311,Regina Mays,IT,Analyst,54675.64,2023-06-10,ygonzalez@peck.info,Necessary perform.
EMP19312,Vanessa Austin,Sales,Manager,54675.64,2020-08-03,jacob69@cherry-hayes.com,Sport here analysis.
EMP19313,Amber Hardy,Finance,Analyst,54675.64,2023-10-14,gcook@yahoo.com,Area small ball.
EMP19314,Gabriel English,IT,Intern,54675.64,2020-05-08,mitchellbradley@yahoo.com,Dark century bad.
EMP19315,Lindsey Chavez,IT,Manager,54675.64,2023-04-12,samuelgeorge@hotmail.com,Drug ground try.
EMP19316,Amanda Williamson,HR,Executive,54675.64,2023-02-24,preese@yahoo.com,Structure financial.
EMP19317,April Chan,HR,Analyst,54675.64,2022-07-15,david56@gmail.com,Price finally.
EMP19318,Brandon Reeves,Finance,Executive,54675.64,2021-07-28,vmatthews@peters.com,Real smile modern.
EMP19319,Dawn Smith,IT,Analyst,54675.64,2023-12-24,laurieruiz@gmail.com,Close actually.
EMP19320,John Huang,HR,Intern,54675.64,2020-10-09,jesus05@hotmail.com,Girl activity.
EMP19321,Dustin Campbell,Finance,Manager,54675.64,2022-12-03,elizabeth09@yahoo.com,Group property.
EMP19322,Ashley Olson,HR,Manager,54675.64,2020-06-22,zachary97@gmail.com,Toward decade.
EMP19323,Samantha Avila,HR,Executive,54675.64,2021-07-26,crystal90@king.org,Scientist real.
EMP19324,Michelle Pineda,HR,Manager,54675.64,2023-03-09,sherry41@hotmail.com,Simply again where.
EMP19325,Kristen Moore,Sales,Intern,54675.64,2023-06-04,mperez@yahoo.com,Relationship few.
EMP19326,Jessica Gonzalez,Sales,Analyst,54675.64,2023-10-16,fitzpatrickpatrick@yahoo.com,Many save song.
EMP19327,Michele Harris,IT,Analyst,54675.64,2023-07-19,robinclark@hotmail.com,Though life side.
EMP19328,Jermaine Allen,Finance,Executive,54675.64,2023-11-29,emilylewis@gmail.com,Hear mean whom best.
EMP19329,Tracy Garcia,Finance,Intern,54675.64,2021-09-03,karenandrade@gmail.com,New power would.
EMP19330,Lisa Boyd,Sales,Executive,54675.64,2023-02-14,maryochoa@gmail.com,Positive join act.
EMP19331,Monique Odonnell,Finance,Executive,54675.64,2020-07-10,markmontoya@hotmail.com,Everybody little.
EMP19332,Pamela Boyle,IT,Intern,54675.64,2020-05-02,itran@gutierrez.com,Best politics.
EMP19333,Allen Stone,Finance,Executive,54675.64,2020-09-25,velezmargaret@mccullough-hicks.com,Camera few scene.
EMP19334,Stephen Maxwell,Finance,Analyst,54675.64,2021-03-09,stephen57@marsh-mitchell.info,Center school here.
EMP19335,Lisa Watson,Sales,Executive,54675.64,2020-05-07,karenayers@hotmail.com,Political list.
EMP19336,Stacy Roberson,Sales,Manager,54675.64,2020-07-02,regina89@martinez.com,Last road.
EMP19337,Charlotte Molina,Finance,Manager,54675.64,2020-05-15,maydonna@yahoo.com,Arrive visit point.
EMP19338,Anthony Camacho,Finance,Manager,54675.64,2023-05-23,zorr@hotmail.com,Walk daughter who.
EMP19339,Angela Williams,IT,Intern,54675.64,2021-11-15,travis55@yahoo.com,Same move into at.
EMP19340,Robert Jackson,IT,Manager,54675.64,2020-12-19,qfrost@gmail.com,Set just yes.
EMP19341,Peggy Stevenson,IT,Intern,54675.64,2023-03-21,acrosby@gmail.com,And soldier ten.
EMP19342,Kelly Arellano,HR,Executive,54675.64,2022-06-04,denisebrewer@hotmail.com,Side two item.
EMP19343,Mark Conner,HR,Analyst,54675.64,2020-01-21,dawnwest@yahoo.com,Eat position.
EMP19344,Melanie Moore,HR,Manager,54675.64,2021-10-14,margaret95@yahoo.com,Cup street through.
EMP19345,James Booth,Finance,Intern,54675.64,2023-08-22,hernandezelizabeth@hotmail.com,Owner its three.
EMP19346,Travis Smith,IT,Manager,54675.64,2021-03-10,ryanthompson@gmail.com,Figure blood reduce.
EMP19347,Hannah Sanders DVM,HR,Intern,54675.64,2022-10-24,michelleevans@davis-lopez.net,Everyone certain.
EMP19348,Gail Johnson,Sales,Manager,54675.64,2022-07-18,crystaldavenport@frederick.info,Apply trip west.
EMP19349,Brandon Salas,Sales,Manager,54675.64,2023-01-01,suzannebarnes@gmail.com,Large reveal.
EMP19350,James Graves,Finance,Executive,54675.64,2022-07-09,robinsonronald@gmail.com,Space instead into.
EMP19351,Mrs. Courtney Gonzales,Sales,Manager,54675.64,2020-04-14,ernest12@gmail.com,Eye environment.
EMP19352,Christie Walters,Finance,Intern,54675.64,2023-09-26,emily25@hotmail.com,Create kind range.
EMP19353,Nicole Hall,Sales,Manager,54675.64,2020-05-11,vincent57@hotmail.com,Hour realize yeah.
EMP19354,Jennifer Woods,HR,Manager,54675.64,2020-11-15,chenbrandy@yahoo.com,Home once analysis.
EMP19355,Heather Parker,HR,Analyst,54675.64,2022-04-27,ijones@blake.biz,Its defense very.
EMP19356,George Mejia,Finance,Intern,54675.64,2020-01-25,melanie71@jackson.biz,Walk friend oil.
EMP19357,Caitlin Neal,Finance,Analyst,54675.64,2023-12-18,pooleshawn@yahoo.com,Imagine for.
EMP19358,Stacy Hall,Sales,Manager,54675.64,2021-06-02,michaelromero@miller.org,Crime cold myself.
EMP19359,Steven Jones,IT,Analyst,54675.64,2021-11-15,derekrobinson@maldonado.com,Police term.
EMP19360,Dennis Maddox,Sales,Manager,54675.64,2020-10-03,vliu@foster.com,Economic way find.
EMP19361,Kelly Cruz,Sales,Manager,54675.64,2021-11-04,lhoffman@robinson-anderson.com,Product both.
EMP19362,Lisa Henderson,Finance,Manager,54675.64,2021-03-07,andrea23@stone.com,Former major exist.
EMP19363,John Lee,IT,Intern,54675.64,2022-07-06,pbell@zamora.com,Into tree rise hand.
EMP19364,Miguel Smith,IT,Intern,54675.64,2020-03-31,bauerbonnie@hotmail.com,Beyond doctor large.
EMP19365,Jamie Shepherd,Finance,Manager,54675.64,2020-03-01,sthomas@adams-page.org,Poor get really.
EMP19366,John Smith,HR,Executive,54675.64,2020-11-30,brooke42@williams.com,Meeting cut during.
EMP19367,Michael Kent,Finance,Manager,54675.64,2021-09-22,acharles@simpson-bennett.com,Upon morning dinner.
EMP19368,Tiffany Fields,Finance,Analyst,54675.64,2022-06-17,eric39@hotmail.com,PM conference occur.
EMP19369,Marvin Mcknight,Finance,Executive,54675.64,2021-09-14,phillip86@yahoo.com,Smile bank third.
EMP19370,Daniel Fleming,IT,Analyst,54675.64,2023-05-13,zthornton@gmail.com,Life drive thousand.
EMP19371,Bryan Rivas,Finance,Executive,54675.64,2020-02-25,bakerabigail@thomas.com,Agreement director.
EMP19372,Anthony Martin,IT,Manager,54675.64,2023-05-01,nschneider@yahoo.com,Race receive crime.
EMP19373,Stacey Shaw,Finance,Intern,54675.64,2022-05-28,reginaldmoreno@yahoo.com,Yard mission this.
EMP19374,Brandon Alvarez,HR,Intern,54675.64,2021-08-07,erik46@santiago-brooks.net,Role maintain high.
EMP19375,Kristina Johnson,HR,Manager,54675.64,2021-11-09,sanchezanthony@sherman.com,Statement hospital.
EMP19376,Laura Allen,Sales,Intern,54675.64,2022-11-15,christopher52@yahoo.com,Five plan college.
EMP19377,Holly West,Sales,Manager,54675.64,2023-07-21,courtney38@gibson.com,Green such role.
EMP19378,Miranda Brooks,IT,Manager,54675.64,2023-09-13,mark45@gonzales-flores.com,Would mention.
EMP19379,Jessica Thompson,HR,Executive,54675.64,2020-01-15,chenjessica@hotmail.com,On weight which all.
EMP19380,Daniel Williams,IT,Analyst,54675.64,2020-10-04,jacobssteven@west.info,Economic pressure.
EMP19381,Pamela Ochoa,Finance,Manager,54675.64,2022-07-22,sarah10@bates-johnson.com,Three eat hear.
EMP19382,Brett Carpenter,Finance,Manager,54675.64,2022-03-24,barrbrandon@wilson-alvarez.org,Ability sort three.
EMP19383,Anthony Wiley PhD,IT,Manager,54675.64,2020-01-21,michael18@mitchell.com,Response common go.
EMP19384,Marie Ford,Sales,Intern,54675.64,2022-09-02,allenlarry@garcia.com,Item natural agency.
EMP19385,David Hart,IT,Manager,54675.64,2020-02-15,esullivan@mendez-rojas.com,Ten project pattern.
EMP19386,Annette Wells,IT,Analyst,54675.64,2020-03-29,fvasquez@yahoo.com,Plant drop bag.
EMP19387,Julia Armstrong,Sales,Executive,54675.64,2021-05-22,daniel98@wilson.info,For cut travel.
EMP19388,Carla Hughes,Finance,Intern,54675.64,2020-09-29,chelseaterrell@gmail.com,Back watch when.
EMP19389,Alan Nguyen,Sales,Intern,54675.64,2023-01-24,aliciaroach@chapman.com,Structure hot.
EMP19390,Candice Webb,HR,Intern,54675.64,2022-01-21,michael18@jordan.com,Sometimes media.
EMP19391,Frank Perez,Sales,Manager,54675.64,2022-12-25,sgreen@yahoo.com,Adult score.
EMP19392,Dennis Shields,HR,Manager,54675.64,2022-06-15,glenn86@hotmail.com,Finally computer.
EMP19393,Ashley Ford,HR,Analyst,54675.64,2022-01-20,ugonzalez@wallace-martinez.com,Specific really.
EMP19394,Amanda Odom,Sales,Analyst,54675.64,2020-08-05,ashley17@hotmail.com,Loss fire note deep.
EMP19395,Kathleen Horton,Sales,Analyst,54675.64,2023-12-27,boyerdaniel@hotmail.com,Interest nice exist.
EMP19396,Erika Gilbert,Sales,Executive,54675.64,2023-08-07,rachel20@yahoo.com,Song check with.
EMP19397,Tyrone Roach,IT,Intern,54675.64,2022-12-19,reidpamela@yahoo.com,Everything benefit.
EMP19398,Jessica Munoz,Sales,Manager,54675.64,2023-07-09,bethany28@haas.biz,Themselves whose.
EMP19399,Kevin Mccarty,HR,Analyst,54675.64,2022-06-04,garciatara@hotmail.com,Travel research.
EMP19400,Rodney Conway,HR,Executive,54675.64,2021-02-28,colemanrachel@sullivan-ross.com,Begin money today.
EMP19401,Melvin Gill,HR,Executive,54675.64,2023-05-09,mcgrathkenneth@yahoo.com,Above remain road.
EMP19402,Nicholas Hanson,Sales,Analyst,54675.64,2021-08-18,pamela80@roberson.com,School short.
EMP19403,Chris Simon,Finance,Manager,54675.64,2022-08-02,ajohnson@hotmail.com,Course everybody.
EMP19404,Andre Brown,Finance,Analyst,54675.64,2021-06-21,debbieanderson@walls-friedman.org,Especially record.
EMP19405,Andrea Kelly,HR,Analyst,54675.64,2020-08-20,donald19@hotmail.com,Challenge learn.
EMP19406,Tina Vasquez,HR,Analyst,54675.64,2020-06-10,seansmith@lee-davis.com,Peace southern know.
EMP19407,Tricia Wilson,IT,Executive,54675.64,2022-01-20,kelly86@newton-fisher.net,Beat way magazine.
EMP19408,Jennifer Case,Sales,Executive,54675.64,2020-08-09,andreaholmes@yahoo.com,Be expect.
EMP19409,Joanne Villanueva,Sales,Executive,54675.64,2023-07-07,dfrost@rasmussen-smith.com,Task she art.
EMP19410,Kimberly Mejia,HR,Executive,54675.64,2020-12-24,wporter@rodriguez.com,Without participant.
EMP19411,Gloria Steele,IT,Analyst,54675.64,2020-08-13,jonesjulie@hotmail.com,Away avoid.
EMP19412,Melissa James,HR,Manager,54675.64,2020-09-21,aguirregregory@jackson.com,Life color person.
EMP19413,Carla King,IT,Executive,54675.64,2020-03-09,cwang@lam-nguyen.com,Fire result game.
EMP19414,William Roach,HR,Analyst,54675.64,2020-01-09,crobles@gmail.com,Must above hour.
EMP19415,Trevor Beard,HR,Intern,54675.64,2020-10-07,nortonsteven@gmail.com,Sport suffer.
EMP19416,Mr. Gregory Sparks DDS,Sales,Intern,54675.64,2023-05-03,andersonjohn@leonard.com,Require nearly sign.
EMP19417,Joel Walls,IT,Executive,54675.64,2022-03-03,nbenson@griffin.com,Agree image reach.
EMP19418,Natasha Wise,Finance,Intern,54675.64,2020-11-02,lawrenceseth@miller.biz,Seek food over.
EMP19419,Julie Tapia,IT,Manager,54675.64,2020-05-25,kenneth88@gmail.com,Charge region guy.
EMP19420,Jessica Quinn,IT,Analyst,54675.64,2021-03-18,chad74@yahoo.com,Pressure management.
EMP19421,Jason Taylor,Sales,Intern,54675.64,2023-04-25,ljohnson@gardner-brown.net,Difference name.
EMP19422,Elizabeth Dickson,Finance,Manager,54675.64,2020-11-04,christina51@gmail.com,His collection but.
EMP19423,Ronald Collins,Finance,Analyst,54675.64,2021-04-26,vasquezthomas@hotmail.com,Deal national.
EMP19424,Gabriel Richards,Sales,Intern,54675.64,2023-12-02,colliercarla@guerrero.com,Soldier the occur.
EMP19425,Sandra Brown,HR,Executive,54675.64,2020-08-29,david78@hotmail.com,Budget time.
EMP19426,Louis Ford,IT,Executive,54675.64,2023-09-18,oyoder@huffman-fuller.com,Process program.
EMP19427,Katherine Sanders,IT,Intern,54675.64,2023-11-28,orrbrian@hotmail.com,Down performance as.
EMP19428,Alexandria Yu,HR,Executive,54675.64,2021-08-05,lauren51@cruz.com,Picture represent.
EMP19429,Michael Norris,Finance,Executive,54675.64,2021-01-05,christopher80@gmail.com,Speak painting.
EMP19430,Mitchell Johnson,HR,Manager,54675.64,2021-11-04,amy41@hotmail.com,Least way I child.
EMP19431,Jermaine Reynolds,Finance,Analyst,54675.64,2020-02-23,leah00@cohen.info,Happen decade.
EMP19432,Brian Morgan,HR,Executive,54675.64,2021-07-30,matthew54@daniels.biz,Generation study.
EMP19433,Daniel Meza,HR,Intern,54675.64,2023-06-22,emeyers@stark.biz,Meeting approach.
EMP19434,Jennifer Silva,Finance,Executive,54675.64,2020-07-18,rileygeorge@yahoo.com,Trial me region.
EMP19435,Jessica Green,IT,Manager,54675.64,2021-03-10,kathy50@byrd-green.com,Health task per hit.
EMP19436,Jocelyn Young,HR,Manager,54675.64,2023-10-28,thompsonryan@hotmail.com,Strong to shoulder.
EMP19437,Kimberly Peterson,Finance,Executive,54675.64,2023-11-09,michael32@gmail.com,Society fire.
EMP19438,Martin Watson,IT,Intern,54675.64,2021-10-26,lisa62@moreno.com,Son decision star.
EMP19439,Michelle Scott,IT,Intern,54675.64,2023-05-29,fhawkins@patrick-allen.com,Health play table.
EMP19440,Bradley Anderson,IT,Manager,54675.64,2021-07-17,kathleenmckinney@hotmail.com,Trouble collection.
EMP19441,David Booth,Finance,Intern,54675.64,2023-06-25,johnnyle@edwards.biz,One here staff land.
EMP19442,Richard Patrick,Finance,Manager,54675.64,2022-12-30,hooverdana@jackson.com,Decade marriage.
EMP19443,Matthew Strickland,HR,Intern,54675.64,2021-04-27,baldwinjames@gmail.com,Congress establish.
EMP19444,Shawna Hicks,HR,Executive,54675.64,2021-10-17,newmandaniel@gmail.com,Let yeah run these.
EMP19445,James Downs,HR,Executive,54675.64,2022-06-16,david00@hotmail.com,Every wonder.
EMP19446,Angela Vazquez,HR,Executive,54675.64,2020-11-20,anthonypalmer@gmail.com,Economic up improve.
EMP19447,Vincent Taylor,Finance,Executive,54675.64,2020-01-05,garymartinez@gmail.com,Skill feeling.
EMP19448,Deborah Wilson,Finance,Analyst,54675.64,2022-08-06,haileyoconnor@yahoo.com,Certain sing itself.
EMP19449,Alicia Hernandez,Sales,Intern,54675.64,2022-10-15,shawconnie@burton.com,Prevent bed other.
EMP19450,Frank Perez,HR,Analyst,54675.64,2023-06-17,andrew36@hotmail.com,Break common middle.
EMP19451,Amanda Figueroa,Finance,Intern,54675.64,2022-07-02,obrienmichael@hall-murphy.com,Environment serve.
EMP19452,Thomas Dalton,Sales,Analyst,54675.64,2023-04-29,charlesadams@hotmail.com,Wall few kind.
EMP19453,Andrew Nguyen,HR,Manager,54675.64,2022-10-26,jeffrey14@hotmail.com,Such until media.
EMP19454,Steve Thompson,Sales,Manager,54675.64,2023-09-04,hollyarnold@carlson-nguyen.biz,Almost guess those.
EMP19455,Benjamin Miller,HR,Intern,54675.64,2022-08-07,melissalopez@hotmail.com,Fact success lay.
EMP19456,Rebecca Jones,HR,Manager,54675.64,2023-12-09,olsonbeverly@gmail.com,Project front.
EMP19457,Edward Johnson,IT,Intern,54675.64,2022-11-03,benjamincastaneda@bautista-cannon.info,Lose thank employee.
EMP19458,Alison Allen,Finance,Intern,54675.64,2023-05-16,philip16@giles.com,Follow watch hit.
EMP19459,Debra Smith,Sales,Analyst,54675.64,2020-01-02,karenweber@gmail.com,Interesting group.
EMP19460,Thomas Watkins,HR,Intern,54675.64,2021-02-05,jessicamartinez@hotmail.com,Yeah dream next.
EMP19461,Rachel Bautista,Finance,Manager,54675.64,2021-06-13,kylenelson@hotmail.com,Whole effort dog.
EMP19462,Cameron Le,Sales,Analyst,54675.64,2022-11-24,jonathanpowell@lawson-jones.net,Personal bit black.
EMP19463,Cory Howard,IT,Analyst,54675.64,2022-08-31,nortega@johnston.com,Past check help.
EMP19464,Jerry Soto,Finance,Analyst,54675.64,2022-01-31,matthew69@barnett.info,Experience this.
EMP19465,Claire Pittman,Sales,Analyst,54675.64,2020-03-22,floresjennifer@gmail.com,Only sense course.
EMP19466,Katelyn Nichols,HR,Manager,54675.64,2022-04-30,valerie78@hotmail.com,Family top church.
EMP19467,Jared Hansen,IT,Executive,54675.64,2022-03-03,wilkinsonryan@hotmail.com,Show foot action.
EMP19468,William Nolan,Finance,Manager,54675.64,2023-11-15,alyssamalone@hotmail.com,Recently require.
EMP19469,Gabrielle Harris,HR,Intern,54675.64,2022-06-17,greg05@johnson.biz,Hour along teach.
EMP19470,Jeffrey Giles,IT,Manager,54675.64,2021-07-22,cantuderrick@salas.com,Economy someone.
EMP19471,Melissa Burton,IT,Intern,54675.64,2023-11-28,riveraroger@gmail.com,Successful company.
EMP19472,Lisa Miller,Sales,Executive,54675.64,2020-05-12,kristin19@jones.com,Today Republican.
EMP19473,Laura Nguyen,HR,Analyst,54675.64,2023-09-02,eddie60@brown.info,Standard bring cup.
EMP19474,Rebecca Black,HR,Manager,54675.64,2022-03-02,franklingordon@jefferson.info,Scientist close.
EMP19475,Laurie Frank,Finance,Analyst,54675.64,2023-06-12,michellerodriguez@dominguez-johnson.com,Real save Democrat.
EMP19476,Lori Moreno,Finance,Analyst,54675.64,2020-05-07,loridouglas@ruiz.com,Describe save check.
EMP19477,Jose Daniel,Finance,Analyst,54675.64,2022-12-22,howard49@moore.com,Above likely.
EMP19478,Jennifer Garza,Finance,Manager,54675.64,2021-03-03,careybenjamin@yahoo.com,Next appear.
EMP19479,Jared Davies,IT,Executive,54675.64,2020-12-09,briannamata@wong.info,Contain memory line.
EMP19480,Justin Thomas MD,Finance,Manager,54675.64,2023-02-22,probinson@yahoo.com,Law particular test.
EMP19481,Paul Taylor,HR,Executive,54675.64,2023-01-08,jfowler@gmail.com,Help notice across.
EMP19482,Barbara Delacruz,IT,Executive,54675.64,2023-04-05,thomastammie@gmail.com,Purpose might.
EMP19483,Jeffrey Howard,Finance,Intern,54675.64,2022-03-06,teresawalker@scott.org,Break worker dinner.
EMP19484,Michael Thomas,Finance,Executive,54675.64,2023-11-04,patricia89@vang-williams.net,Guy charge.
EMP19485,Hannah Ross,Sales,Intern,54675.64,2021-09-26,fmercado@espinoza-christensen.com,Economic discussion.
EMP19486,Joe Robinson,IT,Manager,54675.64,2021-12-17,lisa01@phillips.com,Five end eye buy.
EMP19487,Cynthia Burton,HR,Analyst,54675.64,2022-11-04,martha09@lin.biz,Everything father.
EMP19488,Melissa Crawford,Finance,Executive,54675.64,2023-02-02,victoria92@gmail.com,Say air close.
EMP19489,Donna Roberts,IT,Analyst,54675.64,2020-08-06,edwardsjohn@yahoo.com,Service reveal oil.
EMP19490,Gregory Cummings,HR,Executive,54675.64,2023-11-18,cmartin@scott.net,Late computer stock.
EMP19491,Sean Gibbs,Finance,Intern,54675.64,2021-08-21,david03@doyle.com,Test officer never.
EMP19492,Melissa Rodriguez,Finance,Manager,54675.64,2022-06-11,lindsaygarcia@yahoo.com,Environmental reach.
EMP19493,Matthew Hill,Sales,Intern,54675.64,2020-12-22,lewishoward@turner.com,Local operation.
EMP19494,Shelia Payne,Sales,Intern,54675.64,2022-01-01,tfarmer@gmail.com,So according car.
EMP19495,Omar Cherry,IT,Intern,54675.64,2020-10-26,jasonhull@hotmail.com,Age military others.
EMP19496,Kyle Ramirez,Sales,Manager,54675.64,2020-06-12,gordonjohn@yahoo.com,Instead few clearly.
EMP19497,Nathan Lopez,Sales,Manager,54675.64,2022-06-14,rdunn@andrade.com,Unit occur behavior.
EMP19498,Russell Hall,IT,Analyst,54675.64,2021-11-02,mathewfreeman@singleton-castillo.biz,Gas enter civil.
EMP19499,Dorothy Wilson,Finance,Manager,54675.64,2023-10-20,donaldgarrison@hotmail.com,Majority hold car.
EMP19500,Paul Andrade,HR,Intern,54675.64,2022-12-24,gperez@hotmail.com,Everyone although.
EMP19501,Patricia Jones,IT,Intern,54675.64,2022-02-07,williamsgregory@gmail.com,Source sound nation.
EMP19502,Meghan Washington,IT,Manager,54675.64,2023-02-21,adriana35@gmail.com,Last institution.
EMP19503,Matthew Munoz,HR,Analyst,54675.64,2023-05-18,tyronerobinson@hotmail.com,Improve past will.
EMP19504,Michael Cook,Sales,Intern,54675.64,2020-03-17,smitheric@yahoo.com,Argue but may hard.
EMP19505,Carolyn Chavez,IT,Executive,54675.64,2021-12-29,ashleyferguson@hernandez-mora.net,His mission eight.
EMP19506,Jeffrey Phillips,Finance,Analyst,54675.64,2022-04-26,christopherortiz@gmail.com,Among feel hospital.
EMP19507,Christina Mitchell,IT,Intern,54675.64,2021-11-11,bdaniels@wallace-harper.org,Lawyer build gun.
EMP19508,Matthew Hill,HR,Executive,54675.64,2020-10-23,gregory41@strickland.com,Visit policy money.
EMP19509,Anthony Mckinney,Finance,Intern,54675.64,2022-10-30,robbinsrenee@nichols-park.info,Suffer chance again.
EMP19510,James Cook,IT,Intern,54675.64,2020-04-26,walkerjennifer@griffith-johnson.info,Father charge.
EMP19511,James Wright,Finance,Manager,54675.64,2020-07-15,amanda33@walsh.com,Arm law but exist.
EMP19512,Austin Gonzales,HR,Executive,54675.64,2020-07-05,kathleenbates@bailey.com,Sometimes show.
EMP19513,Richard Miller,IT,Intern,54675.64,2021-11-08,laurabarnett@collins.com,Where stop improve.
EMP19514,Jessica Williams,IT,Manager,54675.64,2023-06-07,buchananmelissa@gmail.com,Out near fill.
EMP19515,Marcia Smith,HR,Manager,54675.64,2020-10-06,erica36@holmes.biz,Themselves.
EMP19516,Kevin Stewart,Finance,Intern,54675.64,2023-06-09,ramirezdaniel@collins-lewis.com,Ground money power.
EMP19517,Robert Padilla,Finance,Manager,54675.64,2022-05-01,butlerwhitney@garcia.com,Fact determine.
EMP19518,Brooke David,HR,Analyst,54675.64,2023-02-13,kennethfitzgerald@jones.com,National series.
EMP19519,Julie Snyder,Finance,Analyst,54675.64,2023-12-21,ychung@jackson-wood.com,Science end control.
EMP19520,Natalie Boyd,Finance,Analyst,54675.64,2021-08-21,anthonywhitney@castaneda-smith.com,Peace never agree.
EMP19521,Andrea Aguirre,IT,Intern,54675.64,2021-08-19,amysnyder@hotmail.com,Probably include.
EMP19522,Michael Zavala,Finance,Analyst,54675.64,2023-01-28,angelarivera@hotmail.com,Research word very.
EMP19523,Charles Lara,HR,Intern,54675.64,2021-09-30,robertrich@hotmail.com,Total government.
EMP19524,Brian Hunter,Finance,Analyst,54675.64,2022-02-16,pbell@wright.info,Ability two range.
EMP19525,Thomas Rose,IT,Manager,54675.64,2022-04-06,melissadavis@warner-cole.biz,Power out none.
EMP19526,Kevin Chapman,Finance,Manager,54675.64,2022-03-24,miranda31@gmail.com,Land PM.
EMP19527,Christopher Callahan,HR,Manager,54675.64,2021-09-04,jasonandrews@roth.info,Reason issue left.
EMP19528,Bryan Harris,Sales,Manager,54675.64,2023-12-27,brian75@hotmail.com,Rather word create.
EMP19529,Brittany Alvarez,Sales,Intern,54675.64,2023-01-12,richardsjacob@munoz-prince.com,Accept few sort.
EMP19530,Sarah Tucker,Sales,Executive,54675.64,2020-10-21,michael66@hotmail.com,Never network.
EMP19531,Nathan Morrison,Sales,Analyst,54675.64,2021-05-09,kgibson@hotmail.com,Which rate break.
EMP19532,Mrs. Sara Hubbard,IT,Executive,54675.64,2023-04-17,hmills@mathews.com,Ball scientist news.
EMP19533,Shari Reed,Finance,Intern,54675.64,2020-10-21,angelalloyd@martin.biz,Health no.
EMP19534,Barbara Howell,IT,Executive,54675.64,2023-09-01,bellis@stevens.org,Detail name.
EMP19535,Yolanda Morgan,Sales,Executive,54675.64,2022-04-28,adam77@yahoo.com,Name exist new.
EMP19536,Ryan Hall,Finance,Analyst,54675.64,2021-12-04,kevin86@jennings.com,Suggest later.
EMP19537,William Sparks,Sales,Intern,54675.64,2020-02-20,tonya75@gmail.com,Score main high.
EMP19538,James Hood,Sales,Manager,54675.64,2020-11-19,leevincent@gibson.biz,Various heart.
EMP19539,Robert White,HR,Manager,54675.64,2021-09-13,michaelchambers@hotmail.com,Cell hot ask theory.
EMP19540,Cindy Christian,IT,Executive,54675.64,2023-03-23,waynecarter@hotmail.com,Mean society color.
EMP19541,Zachary Taylor,Sales,Manager,54675.64,2020-07-23,xhoward@yahoo.com,Bag political baby.
EMP19542,Miranda Gutierrez MD,Sales,Intern,54675.64,2022-10-02,scott31@hotmail.com,Hot give argue what.
EMP19543,William Phillips,IT,Analyst,54675.64,2020-03-11,adamsjuan@gmail.com,Owner color.
EMP19544,Alexandra Bright,Sales,Intern,54675.64,2020-05-31,ucole@lawson.com,City hope back any.
EMP19545,Kara Lawrence,Sales,Manager,54675.64,2020-07-13,amanda01@romero-schmidt.com,Easy performance.
EMP19546,Justin Morgan,Finance,Manager,54675.64,2022-03-28,rodriguezyvette@price.net,Again example.
EMP19547,Andrew Anderson,IT,Analyst,54675.64,2022-06-04,richardanderson@hotmail.com,Finally example.
EMP19548,Kevin Smith,IT,Intern,54675.64,2021-05-16,tyler80@schmidt.com,You else protect.
EMP19549,Heather Schmidt,HR,Executive,54675.64,2020-01-16,jacobsnatalie@schwartz.biz,Hold top coach.
EMP19550,Allen Humphrey,Finance,Executive,54675.64,2020-08-10,huangkenneth@yahoo.com,Suggest happen long.
EMP19551,Brooke Hester,IT,Intern,54675.64,2021-11-03,ashleykelley@white.com,Condition whether.
EMP19552,Michael Campbell,Sales,Intern,54675.64,2020-07-24,albertwaller@hotmail.com,Long what.
EMP19553,Destiny Moreno,IT,Intern,54675.64,2021-05-19,deanevelyn@yahoo.com,Care operation he.
EMP19554,Mercedes Evans,IT,Analyst,54675.64,2021-11-20,hannamichelle@yahoo.com,None science.
EMP19555,Donna Vega,Sales,Executive,54675.64,2021-01-06,gonzalezlawrence@rodriguez.com,Often catch child.
EMP19556,Jacob Tran,Finance,Executive,54675.64,2023-10-30,samuel96@schmidt.com,Home modern go.
EMP19557,Christopher Sanders,IT,Executive,54675.64,2023-02-12,denise72@norton.net,With election.
EMP19558,Sylvia Jarvis,HR,Executive,54675.64,2022-10-14,ogonzalez@stanley.com,Participant receive.
EMP19559,Steven Harrison,IT,Analyst,54675.64,2021-01-20,hernandezkara@brown.info,Area west far.
EMP19560,Becky Hale,IT,Executive,54675.64,2021-07-24,wadejennifer@hotmail.com,Billion some always.
EMP19561,Amanda Bryant,Sales,Intern,54675.64,2020-10-23,mitchelljames@hotmail.com,Rise court black.
EMP19562,Donna Watson,Finance,Executive,54675.64,2022-08-30,peterskiara@hotmail.com,Turn should ready.
EMP19563,Amanda Wolfe,HR,Analyst,54675.64,2023-04-29,david78@curtis-flores.biz,Project tax top.
EMP19564,Kristen Wells,HR,Manager,54675.64,2023-09-03,bruce06@yahoo.com,Indeed impact until.
EMP19565,Angel Drake,Finance,Analyst,54675.64,2020-03-24,mariacaldwell@gmail.com,Fire lot sense.
EMP19566,Brittany Stokes,IT,Executive,54675.64,2020-05-09,laura30@richardson-smith.com,Too expert without.
EMP19567,Steven Scott PhD,HR,Analyst,54675.64,2021-09-29,tammyparks@snow.org,Away human decision.
EMP19568,Briana Bush,Sales,Analyst,54675.64,2021-01-08,tammy99@reid-williams.com,Health character.
EMP19569,Paula David,IT,Analyst,54675.64,2020-07-23,joseph84@yahoo.com,Push hour tough.
EMP19570,Rachel Cuevas,HR,Analyst,54675.64,2021-10-09,cvasquez@gmail.com,Difference two step.
EMP19571,Debra Flynn,Sales,Intern,54675.64,2023-07-06,garciakimberly@hotmail.com,Teacher budget.
EMP19572,Ryan Williams,Finance,Manager,54675.64,2022-06-28,harveytimothy@baker-lucas.com,Scientist network.
EMP19573,Jessica Delgado,Finance,Analyst,54675.64,2020-12-08,christinabell@rodriguez.info,Guess section.
EMP19574,Kimberly Smith,Finance,Executive,54675.64,2023-09-13,wallervictoria@yahoo.com,They product laugh.
EMP19575,Mark Bray,Finance,Intern,54675.64,2022-11-22,stevendiaz@jones.org,Open allow into art.
EMP19576,Lori Howell,Sales,Manager,54675.64,2020-09-04,chelsea07@coleman.org,Nor kind contain.
EMP19577,Shane Jones,Sales,Intern,54675.64,2023-07-14,schultzkimberly@pena-morgan.com,Feeling eye.
EMP19578,Susan Edwards,IT,Analyst,54675.64,2022-09-24,esmith@gmail.com,Worker second.
EMP19579,Brooke Alvarez,Finance,Executive,54675.64,2021-08-26,emilygeorge@hotmail.com,List chair agree.
EMP19580,Cheryl Woodward,Finance,Executive,54675.64,2022-05-07,robertramirez@yahoo.com,Fight something.
EMP19581,Todd Richardson,Finance,Intern,54675.64,2023-10-05,nicole36@schneider.biz,Rather item entire.
EMP19582,John Harris,Sales,Executive,54675.64,2023-10-20,kimberlyhawkins@boyd.com,Music feel ahead.
EMP19583,Bobby Combs,Finance,Executive,54675.64,2023-01-02,amy71@hotmail.com,Above phone control.
EMP19584,Mario Scott,Sales,Manager,54675.64,2023-07-06,laurenmoreno@curtis.com,Opportunity network.
EMP19585,Teresa Bryant,IT,Executive,54675.64,2022-03-10,justinhudson@ramirez-grant.com,Fact low become.
EMP19586,Kristin Mayo,Finance,Executive,54675.64,2022-06-24,aarnold@gmail.com,Training lead.
EMP19587,James Wells,IT,Intern,54675.64,2023-05-21,melanie84@yahoo.com,Onto heavy pattern.
EMP19588,Jane Hughes,Sales,Intern,54675.64,2021-05-12,rojasleslie@cox.org,Citizen I black.
EMP19589,Jared Powers,IT,Intern,54675.64,2020-01-25,davidray@hotmail.com,Price your act read.
EMP19590,Taylor Davis,HR,Executive,54675.64,2023-12-12,cmclaughlin@fernandez.com,Contain interesting.
EMP19591,Amanda White,IT,Intern,54675.64,2023-03-22,coxwilliam@gonzalez-salinas.com,Individual want.
EMP19592,Nancy Torres,Sales,Executive,54675.64,2020-02-22,samantha39@davidson-contreras.info,Become break join.
EMP19593,Bonnie Sanders,IT,Manager,54675.64,2021-04-27,sreed@yahoo.com,Feel final foot.
EMP19594,Patricia Thompson,IT,Analyst,54675.64,2020-08-23,andrea01@gmail.com,Result American.
EMP19595,John Nelson,Sales,Analyst,54675.64,2020-12-14,charles70@hotmail.com,Another seem.
EMP19596,Jeffrey Wilkinson,Sales,Analyst,54675.64,2023-02-26,qjackson@gmail.com,Produce he tell.
EMP19597,Brooke Barnett,Finance,Intern,54675.64,2022-10-10,rosedominique@morgan.com,Late listen.
EMP19598,Robert Gutierrez,IT,Manager,54675.64,2022-02-26,sherri09@jones-jones.com,Business a wish me.
EMP19599,Sara Howell,Finance,Analyst,54675.64,2021-04-30,sydneysullivan@gmail.com,Finally speak to.
EMP19600,Debra Ward,HR,Executive,54675.64,2020-08-20,hsoto@gmail.com,Bit amount act.
EMP19601,Steven Smith,HR,Manager,54675.64,2020-03-12,james49@hotmail.com,Pick water hear.
EMP19602,Randy Martin,Sales,Intern,54675.64,2022-02-04,cartermisty@grant-jones.com,Federal hold risk.
EMP19603,Joy Nelson,Finance,Analyst,54675.64,2022-04-05,eileenbean@simon-miller.com,Travel ball girl.
EMP19604,Michael Russell,HR,Analyst,54675.64,2023-08-10,ryan94@hotmail.com,Include reduce.
EMP19605,Derrick Lane,IT,Analyst,54675.64,2020-06-18,maryjackson@gmail.com,Small decade unit.
EMP19606,Leah Wade,Sales,Manager,54675.64,2023-06-29,watsonsandra@yahoo.com,Direction focus on.
EMP19607,Jeffrey Long,IT,Manager,54675.64,2023-09-29,tduffy@hansen.net,Difference theory.
EMP19608,Laura Crosby,Finance,Executive,54675.64,2020-01-07,james49@gmail.com,Some glass above.
EMP19609,Wendy Howard,Finance,Manager,54675.64,2022-11-09,michaelcruz@allen.com,About fire southern.
EMP19610,Amanda Gonzales,HR,Manager,54675.64,2023-01-17,reidaaron@olsen-perkins.com,Positive high goal.
EMP19611,Terri Johnson,Finance,Executive,54675.64,2021-05-14,mariehicks@yahoo.com,Environmental.
EMP19612,Gail Williams,HR,Analyst,54675.64,2020-12-05,alexis26@collins-cook.com,White suffer huge.
EMP19613,Michael Morales,HR,Analyst,54675.64,2022-12-15,patriciajohnson@harris-ortiz.net,Next election half.
EMP19614,Tyler Potter,Sales,Manager,54675.64,2021-03-30,hilllucas@yahoo.com,Add your statement.
EMP19615,Roberto Schmidt,HR,Executive,54675.64,2023-06-05,jacquelinecoleman@johnson.com,Health study drive.
EMP19616,Katherine Silva,Finance,Analyst,54675.64,2022-12-21,schwartzmichael@hotmail.com,Than add physical.
EMP19617,Christine Calderon,Finance,Intern,54675.64,2023-06-18,olee@sanchez.com,Man generation.
EMP19618,Jacob Powers,Sales,Intern,54675.64,2023-11-08,lsullivan@brown-tucker.org,Stage every would.
EMP19619,Ann Doyle,Finance,Executive,54675.64,2022-03-14,vperez@hotmail.com,Everybody.
EMP19620,Erin Scott,Sales,Executive,54675.64,2021-05-08,bishopmichael@banks.com,Night mean reflect.
EMP19621,James Brennan,Sales,Manager,54675.64,2023-11-26,longshaun@yahoo.com,Team finally draw.
EMP19622,Tina Medina,Sales,Intern,54675.64,2021-03-31,myersruben@gmail.com,Perform claim know.
EMP19623,Gordon Wolfe,Sales,Analyst,54675.64,2022-06-19,shannonsingleton@gmail.com,Effect meeting role.
EMP19624,Patricia Lopez,Sales,Executive,54675.64,2023-10-06,dudleydavid@odom.com,Staff not important.
EMP19625,Jesse Sanchez,HR,Intern,54675.64,2023-12-24,christinebarnes@ortega.com,Night year wish.
EMP19626,Jessica Robertson,Finance,Analyst,54675.64,2020-10-23,icarter@yahoo.com,Rise minute trouble.
EMP19627,Paul Lopez,Sales,Intern,54675.64,2020-03-25,hubbardrachel@yahoo.com,Old training child.
EMP19628,David Torres,IT,Analyst,54675.64,2023-11-11,morrisonmatthew@yahoo.com,Manager bad wall.
EMP19629,Lauren Sutton,IT,Intern,54675.64,2023-08-30,kellyhoward@lang-hubbard.com,Commercial practice.
EMP19630,Jay Perry,IT,Analyst,54675.64,2023-10-01,michael01@thomas.com,Foreign machine.
EMP19631,Patrick Lopez,Finance,Analyst,54675.64,2021-05-25,michelle60@hotmail.com,Small where occur.
EMP19632,Dawn Pena,Finance,Executive,54675.64,2022-02-01,kevin96@hotmail.com,Firm model senior.
EMP19633,Anthony Wiggins,HR,Analyst,54675.64,2021-04-22,mcdonaldjames@yahoo.com,My work north pass.
EMP19634,David Pitts,Sales,Executive,54675.64,2021-12-27,holly29@hotmail.com,President call.
EMP19635,Sara Romero,HR,Intern,54675.64,2022-10-06,amber10@yahoo.com,View explain.
EMP19636,David Villa,HR,Manager,54675.64,2023-02-17,sarahhart@hotmail.com,If if find price.
EMP19637,Julie Hernandez,Sales,Manager,54675.64,2021-02-28,ithompson@yahoo.com,Else evening.
EMP19638,Jillian Sweeney,HR,Intern,54675.64,2020-07-21,stuartware@jackson.biz,Old magazine.
EMP19639,William Ellis,Sales,Executive,54675.64,2022-08-15,charlesstone@gmail.com,Campaign drop red.
EMP19640,Michael Martin,Sales,Manager,54675.64,2022-03-19,teresatorres@weber.info,Structure memory.
EMP19641,James Garza,Sales,Manager,54675.64,2020-08-17,robertstout@gmail.com,Collection through.
EMP19642,Robert Wilson,IT,Analyst,54675.64,2023-08-05,carl13@hotmail.com,Receive pay believe.
EMP19643,William Martin,Finance,Executive,54675.64,2022-01-09,lisagrant@yahoo.com,Region entire.
EMP19644,Joyce Fields,Sales,Executive,54675.64,2020-02-07,wangcarol@hotmail.com,Between trouble.
EMP19645,Amanda Keith,Sales,Analyst,54675.64,2023-03-15,thompsonjoshua@yahoo.com,Door bad site.
EMP19646,Ann Ruiz,HR,Intern,54675.64,2021-03-13,tylerhudson@gmail.com,Thought star.
EMP19647,Jill Galvan,IT,Manager,54675.64,2022-12-08,josephhill@ramirez.org,Huge operation baby.
EMP19648,John Perez,HR,Analyst,54675.64,2023-09-02,lguzman@evans.com,Over sport.
EMP19649,Omar Vincent,HR,Intern,54675.64,2021-06-11,milleralexander@wood.net,Address Mrs local.
EMP19650,Gregory Santos,IT,Intern,54675.64,2020-08-01,diazkimberly@cannon-black.net,Space movement.
EMP19651,James Hawkins,HR,Executive,54675.64,2021-08-19,melaniejohnson@gmail.com,Relationship eight.
EMP19652,Meagan Floyd,HR,Intern,54675.64,2022-03-22,nelsonthomas@smith-perez.net,Else group lot lay.
EMP19653,Tyler Jones,Sales,Analyst,54675.64,2023-01-23,scott25@jackson.biz,Subject student.
EMP19654,Gabrielle Thompson,IT,Executive,54675.64,2021-10-28,chavezkimberly@hotmail.com,Page executive.
EMP19655,Diane Lewis,IT,Executive,54675.64,2021-11-11,aguilarvanessa@rodriguez.com,Support answer pay.
EMP19656,Kara Ingram DVM,IT,Manager,54675.64,2022-09-23,james84@hotmail.com,White artist air.
EMP19657,Thomas Dickerson,HR,Executive,54675.64,2021-12-28,mark56@gmail.com,Candidate behind.
EMP19658,Sharon Barnes,Finance,Intern,54675.64,2020-05-17,collinschloe@gmail.com,Feel around general.
EMP19659,John Smith,HR,Intern,54675.64,2022-12-16,melissa95@hotmail.com,Off forward.
EMP19660,Aaron Hill,Finance,Intern,54675.64,2022-07-13,michael36@silva-yoder.com,Ask fall much today.
EMP19661,Alexandra Carlson,IT,Manager,54675.64,2020-06-14,yolandaoneill@yahoo.com,Before wait time.
EMP19662,Rebecca Brown,HR,Analyst,54675.64,2020-07-23,williamsandrew@sanders.com,You behavior most.
EMP19663,Jamie Miller,Finance,Manager,54675.64,2022-09-25,wagnereric@marquez.com,Material training.
EMP19664,Brandon Fletcher,IT,Analyst,54675.64,2022-02-12,ramoslisa@gmail.com,Kid herself turn.
EMP19665,Paul Griffith,HR,Intern,54675.64,2020-05-21,angelascott@bailey.com,Baby word might.
EMP19666,Christine Durham,IT,Analyst,54675.64,2022-01-03,nparsons@marquez.com,Administration.
EMP19667,Tiffany Walker,Finance,Intern,54675.64,2022-01-12,silvadavid@johnson.com,Catch society.
EMP19668,Brittany Garcia,IT,Intern,54675.64,2020-02-23,cynthiahernandez@strickland.biz,Kitchen window.
EMP19669,Joel Rodriguez,Finance,Intern,54675.64,2020-06-02,jacobsanchez@yahoo.com,Player religious.
EMP19670,Austin Hart,HR,Analyst,54675.64,2020-08-13,bowersrichard@hotmail.com,Describe now phone.
EMP19671,Shaun Ross,Finance,Executive,54675.64,2020-10-11,keithbradford@oneal.net,Run feel describe.
EMP19672,Maria Lewis,IT,Manager,54675.64,2020-03-02,stephanie54@yahoo.com,Remain gas remain.
EMP19673,Daniel Johnson,IT,Intern,54675.64,2023-11-16,goodwinmary@gmail.com,Wish feel condition.
EMP19674,Robert Herrera,Finance,Analyst,54675.64,2021-11-09,alexander37@olsen-greene.com,Other politics.
EMP19675,Theresa Smith,Sales,Analyst,54675.64,2023-11-26,timothyhancock@jones.org,Section kitchen.
EMP19676,John Lopez,IT,Manager,54675.64,2022-02-28,ryangregory@yahoo.com,Knowledge question.
EMP19677,Gina Norman,IT,Analyst,54675.64,2021-10-19,alexisvaughan@stevens-smith.info,Later price.
EMP19678,Brandon Baird,Sales,Executive,54675.64,2021-11-07,david33@gmail.com,Tough building.
EMP19679,Rebecca Stanton,Finance,Manager,54675.64,2023-10-22,cynthiawebster@yahoo.com,House Republican.
EMP19680,Matthew Carr,IT,Analyst,54675.64,2023-03-30,james13@gmail.com,Anything research.
EMP19681,Lisa Krueger,IT,Manager,54675.64,2022-08-01,devinsmith@hotmail.com,State have ok.
EMP19682,Angela Moore,Sales,Executive,54675.64,2020-02-17,anthonysmith@gmail.com,Quality ahead.
EMP19683,Justin Cruz,HR,Executive,54675.64,2021-01-20,deleonjoseph@yahoo.com,Appear though.
EMP19684,Michael Bruce,Finance,Analyst,54675.64,2020-09-05,kdunn@gmail.com,Pretty strategy.
EMP19685,Lisa Carson,IT,Manager,54675.64,2020-01-26,dennisgonzalez@gmail.com,Program month hard.
EMP19686,David Garcia,HR,Executive,54675.64,2023-03-14,ppollard@gmail.com,Most maybe share.
EMP19687,Robert Mendoza,IT,Intern,54675.64,2023-07-07,lopezvictoria@yahoo.com,My project society.
EMP19688,Candace Richards,IT,Manager,54675.64,2020-01-09,michael86@hotmail.com,Alone already.
EMP19689,Tiffany Caldwell,HR,Intern,54675.64,2021-05-14,danasmith@gmail.com,Player story memory.
EMP19690,Ryan Mcclain,Sales,Intern,54675.64,2023-07-13,kevin46@gmail.com,Return beautiful.
EMP19691,Laura Martinez,Finance,Manager,54675.64,2020-08-28,kim93@chavez-braun.info,Team word per.
EMP19692,Kelsey Harris,Sales,Analyst,54675.64,2023-09-10,gerald61@gmail.com,Think city quickly.
EMP19693,Misty Cummings,IT,Executive,54675.64,2020-06-25,gflores@gmail.com,Store go use six.
EMP19694,Kristen Wall,Sales,Analyst,54675.64,2021-06-14,onavarro@austin.com,Dinner sense work.
EMP19695,Sarah Garcia,IT,Manager,54675.64,2022-11-26,gchristensen@hotmail.com,Cover wide art.
EMP19696,Anthony Chapman,IT,Intern,54675.64,2020-08-12,austin91@hotmail.com,Nation if model PM.
EMP19697,Dr. Jessica Bowen MD,HR,Intern,54675.64,2022-03-27,allisonneal@hotmail.com,Travel deep.
EMP19698,Brian Santana,HR,Intern,54675.64,2023-06-19,george38@yahoo.com,She something whose.
EMP19699,Kathryn Romero,Sales,Analyst,54675.64,2021-01-24,andrefisher@gmail.com,Team power hospital.
EMP19700,Charlotte Pratt,HR,Analyst,54675.64,2023-09-05,jholmes@ross-cortez.biz,Nearly north become.
EMP19701,Michael Thompson,IT,Intern,54675.64,2022-07-07,lewisdana@davis.biz,Party history take.
EMP19702,Deborah Silva,Sales,Executive,54675.64,2021-06-26,shawalexandra@yahoo.com,A truth study unit.
EMP19703,Tammy Coleman,HR,Manager,54675.64,2020-02-02,wwiley@gibson-watkins.com,TV record act.
EMP19704,James Grant,Sales,Analyst,54675.64,2021-06-12,bcollins@gmail.com,Still between exist.
EMP19705,Mrs. Lindsay Flynn,Finance,Intern,54675.64,2021-07-30,breyes@gmail.com,Ever by no us.
EMP19706,Robert Moore,Sales,Intern,54675.64,2022-02-05,richardrosario@gmail.com,Commercial family.
EMP19707,Julie Boyle,Finance,Manager,54675.64,2021-08-01,georgedonald@hotmail.com,Community reduce.
EMP19708,John Flores,IT,Analyst,54675.64,2020-06-21,aaron77@castro.com,Stay cut away.
EMP19709,Mark Sanders,Sales,Executive,54675.64,2020-08-15,vconrad@gmail.com,Wonder leg else own.
EMP19710,Erica Hubbard,IT,Analyst,54675.64,2020-03-28,kristireed@yahoo.com,Something any.
EMP19711,Dennis Barnett,IT,Executive,54675.64,2020-08-20,gomezdavid@hotmail.com,From finally ask.
EMP19712,Jamie Bishop,Sales,Analyst,54675.64,2022-01-21,elliotttravis@mcclure.com,Reveal it key.
EMP19713,Terry Martin,HR,Analyst,54675.64,2020-02-06,elliottkatherine@garcia.com,Impact evidence.
EMP19714,Jeffrey Patterson,HR,Executive,54675.64,2023-10-03,maryyoung@berry-barnett.com,Skin treat trouble.
EMP19715,Melissa Martin,Sales,Analyst,54675.64,2020-10-09,gonzalezlarry@henry.com,Beautiful rock.
EMP19716,Michael Wood,Finance,Intern,54675.64,2020-05-27,justin33@brown-glover.com,Figure election oil.
EMP19717,Linda Garcia,IT,Intern,54675.64,2022-07-26,fperry@cortez.net,Improve computer.
EMP19718,Robert Luna,Finance,Analyst,54675.64,2022-07-09,jasonthomas@yahoo.com,Head a cultural.
EMP19719,Stephanie Anderson,IT,Executive,54675.64,2023-02-05,mchandler@hotmail.com,Sense organization.
EMP19720,Joel Williams,Sales,Analyst,54675.64,2022-12-29,burnsnicholas@lewis-martin.net,Success mention.
EMP19721,Robert Andrade,Sales,Intern,54675.64,2023-02-07,theresarush@hotmail.com,Public southern.
EMP19722,Austin West,HR,Intern,54675.64,2020-06-15,ryan19@hotmail.com,Listen learn plan.
EMP19723,Danielle Chavez MD,IT,Intern,54675.64,2021-01-11,colemelissa@gmail.com,Myself third create.
EMP19724,Bradley Jackson,IT,Manager,54675.64,2023-10-17,derek48@gmail.com,Go lot thank.
EMP19725,Mason Mclean,Finance,Intern,54675.64,2022-11-19,jamie75@wilson.com,Join in loss course.
EMP19726,Amanda Booth,Sales,Analyst,54675.64,2021-07-12,kimberly51@small.com,Side return forget.
EMP19727,Michael Greer,IT,Intern,54675.64,2021-11-17,gary88@gmail.com,Compare method.
EMP19728,Scott Barrett,Sales,Intern,54675.64,2022-12-09,erica32@fox-smith.com,As water game voice.
EMP19729,Sean Moreno,IT,Executive,54675.64,2020-10-10,nrodriguez@wiggins.info,Media land skin.
EMP19730,Connie Elliott,Finance,Analyst,54675.64,2020-07-19,kjoseph@flores.com,Brother area sell.
EMP19731,Gary Graves,HR,Intern,54675.64,2023-06-29,kellerkaitlyn@hotmail.com,Become difficult.
EMP19732,Christopher Pratt,IT,Manager,54675.64,2022-03-26,shughes@ball.com,Discuss outside.
EMP19733,Elizabeth Flynn,Sales,Intern,54675.64,2021-12-06,lindsay74@moss.info,Beat edge other.
EMP19734,Elizabeth Davis,Finance,Intern,54675.64,2020-02-16,danny21@williams.net,Near detail piece.
EMP19735,Destiny Young MD,Sales,Manager,54675.64,2020-06-21,bryanttravis@gmail.com,Close long brother.
EMP19736,Ann Knight,IT,Analyst,54675.64,2023-02-26,angelaanderson@yahoo.com,Another player arm.
EMP19737,Benjamin Ward,HR,Analyst,54675.64,2020-07-12,maldonadowilliam@mosley-sullivan.com,World contain.
EMP19738,Curtis Wilson,Finance,Intern,54675.64,2021-09-22,jessica10@williams.biz,Whatever real baby.
EMP19739,Luke Matthews,HR,Executive,54675.64,2023-10-11,zachary94@chung-hernandez.info,None onto food.
EMP19740,Amanda Harris,HR,Intern,54675.64,2021-06-18,natalieharvey@hotmail.com,Reality those both.
EMP19741,Mary Powell,Sales,Analyst,54675.64,2022-07-04,barrettdenise@edwards-medina.com,Indicate class leg.
EMP19742,Susan Myers,Sales,Executive,54675.64,2021-02-20,ssimmons@adams.com,Single contain save.
EMP19743,Eileen Sanders,Finance,Manager,54675.64,2023-06-07,norman47@yahoo.com,Low cup off rest.
EMP19744,Kendra Spencer,HR,Intern,54675.64,2021-08-23,racheljefferson@yahoo.com,Exist section high.
EMP19745,Kimberly Waller,IT,Manager,54675.64,2020-02-17,millerkatelyn@yahoo.com,Memory nature.
EMP19746,Paul Myers,IT,Manager,54675.64,2021-02-03,singhnicholas@boyd-collins.com,Indeed recent less.
EMP19747,Mario Huff,IT,Intern,54675.64,2021-05-09,stevenbradley@hotmail.com,Evidence control.
EMP19748,Jared Richardson,IT,Manager,54675.64,2021-02-26,robert45@tran.org,Somebody who.
EMP19749,Kimberly Navarro,Sales,Intern,54675.64,2020-05-14,graycassidy@yahoo.com,Quite meeting.
EMP19750,Kevin Willis,HR,Analyst,54675.64,2020-11-13,joyce52@holland-bryant.com,Safe hospital win.
EMP19751,Amanda Ramirez,HR,Analyst,54675.64,2021-11-14,carriesanchez@gmail.com,Personal great.
EMP19752,Joseph Stewart,Finance,Executive,54675.64,2022-05-14,yking@gmail.com,Clearly poor.
EMP19753,Roy Peterson,IT,Executive,54675.64,2023-09-22,uramirez@yahoo.com,Economy low wall.
EMP19754,Brett Mckinney,HR,Manager,54675.64,2022-08-02,boyermelanie@clark.info,All kind sense.
EMP19755,Christine Turner,Sales,Executive,54675.64,2020-04-13,nelsonivan@taylor-bush.com,Girl speak interest.
EMP19756,Anthony Lopez,Finance,Analyst,54675.64,2022-02-19,skim@hotmail.com,Keep yourself.
EMP19757,Kristina Vasquez,IT,Executive,54675.64,2023-07-29,timothygeorge@gmail.com,Garden year wife.
EMP19758,Scott Gonzales,Finance,Manager,54675.64,2023-11-21,robertsjonathan@hotmail.com,Ago consumer.
EMP19759,Tabitha Burns,HR,Executive,54675.64,2023-12-21,kevinkim@martin-montes.com,Loss any law.
EMP19760,Richard Curry,Sales,Analyst,54675.64,2023-01-13,amber53@hill.com,Sure bring sport.
EMP19761,Robert Williams,HR,Executive,54675.64,2023-08-05,jamesburns@gray.com,Anyone own answer.
EMP19762,Megan Johnson,Finance,Manager,54675.64,2022-09-27,derek75@hotmail.com,Side daughter see.
EMP19763,Mary Roberson,Sales,Analyst,54675.64,2020-11-18,wcox@lyons.com,Number various card.
EMP19764,Christine Oneal,HR,Intern,54675.64,2022-02-13,oliviabarber@conrad-lewis.com,Style identify.
EMP19765,Melissa Willis,HR,Executive,54675.64,2021-12-19,glennsantiago@hotmail.com,Direction spring.
EMP19766,Luis Mcgee,Sales,Manager,54675.64,2021-12-30,jamesrodgers@price.org,Catch color those.
EMP19767,Edward Bradshaw,HR,Executive,54675.64,2021-10-27,acole@hotmail.com,Behind ten among.
EMP19768,Michael Howell,IT,Intern,54675.64,2020-03-16,ocolon@gmail.com,Serious anyone such.
EMP19769,Sean Owens,HR,Intern,54675.64,2021-09-19,aguilarheather@horton.com,Moment nature lay.
EMP19770,Alec Gross,Finance,Executive,54675.64,2021-11-26,reynoldsdeanna@hotmail.com,Message imagine.
EMP19771,Jeanette Black,HR,Analyst,54675.64,2023-10-20,jonathan08@turner.info,Evening outside on.
EMP19772,Alison Roberts,Sales,Analyst,54675.64,2020-03-06,vhiggins@gmail.com,Quality wonder blue.
EMP19773,Alexandra Henderson,IT,Analyst,54675.64,2023-02-01,jamiejohnson@stewart.com,Yourself claim.
EMP19774,Jill Holt,HR,Intern,54675.64,2020-02-13,danny39@castro.info,Five another top.
EMP19775,Danielle Kent,HR,Intern,54675.64,2022-05-18,hernandezpaul@mosley.com,Effect investment.
EMP19776,Michael Walker,Finance,Manager,54675.64,2023-12-12,coltonweiss@rogers.com,Tend last yeah.
EMP19777,Robert Evans,Finance,Executive,54675.64,2023-03-09,deniseburton@swanson-warner.com,History actually.
EMP19778,Greg Hernandez,HR,Manager,54675.64,2023-03-03,betty51@grant.info,Bag present deal.
EMP19779,Mrs. Karen Lin,Finance,Analyst,54675.64,2020-08-11,dawn87@gmail.com,Color police look.
EMP19780,Tina Cardenas,HR,Manager,54675.64,2021-09-03,mhorton@jenkins-holmes.biz,Cultural try figure.
EMP19781,Kevin Brooks,Sales,Manager,54675.64,2020-03-20,jennifer94@hotmail.com,Air happen little.
EMP19782,Brian Evans,HR,Intern,54675.64,2022-06-11,ronnie84@choi.org,Worker learn ten.
EMP19783,Kevin Morgan,Sales,Analyst,54675.64,2023-12-03,dhall@yahoo.com,Skin three word.
EMP19784,Brandy Leon,IT,Executive,54675.64,2022-01-02,claire77@gmail.com,Around hundred.
EMP19785,Eric Moore,Sales,Manager,54675.64,2023-09-28,plewis@gmail.com,Official head sing.
EMP19786,Anthony Mccullough,IT,Executive,54675.64,2022-09-25,brian42@hotmail.com,Management scene.
EMP19787,Ashley Smith,IT,Intern,54675.64,2022-04-07,nbenjamin@foster-nguyen.com,Machine citizen.
EMP19788,Kim Robinson,IT,Analyst,54675.64,2020-04-17,ucastro@hotmail.com,Single account.
EMP19789,Jessica Walker,Finance,Executive,54675.64,2022-06-21,rodriguezautumn@yahoo.com,Action so federal.
EMP19790,Angela Hines,HR,Executive,54675.64,2020-04-22,whitesusan@hardy.com,Only marriage over.
EMP19791,Matthew Johnson,Sales,Executive,54675.64,2023-04-13,kgray@yahoo.com,Analysis democratic.
EMP19792,Kevin Robertson,IT,Executive,54675.64,2020-05-09,avilajacob@johnson.com,Man attention.
EMP19793,Justin Fisher,Sales,Manager,54675.64,2022-03-15,lauren61@poole-wang.info,Way authority PM.
EMP19794,Julie Marshall,IT,Manager,54675.64,2022-04-16,fosterbianca@lopez.biz,Feeling fish worker.
EMP19795,Donna Holland,Finance,Analyst,54675.64,2020-04-11,brianwade@hotmail.com,Artist pattern care.
EMP19796,Larry Booth,IT,Analyst,54675.64,2023-06-15,maria75@thompson.org,Fact manager red.
EMP19797,Lindsey Snyder,IT,Analyst,54675.64,2020-10-04,angela51@yahoo.com,Protect open stock.
EMP19798,Meghan Mendoza,HR,Intern,54675.64,2022-04-17,barbara95@hotmail.com,General fast.
EMP19799,Patrick Woods,Sales,Manager,54675.64,2022-03-23,jamesterri@hotmail.com,Economy level him.
EMP19800,Steven Zimmerman,HR,Intern,54675.64,2022-09-22,leerichard@yahoo.com,Civil stock follow.
EMP19801,Gary Kelly,Finance,Manager,54675.64,2022-09-26,uphillips@kim.com,Stay base food care.
EMP19802,Roger Scott,Sales,Intern,54675.64,2023-06-19,annetterussell@yahoo.com,Notice art not.
EMP19803,Anthony Hawkins,Finance,Manager,54675.64,2023-11-01,timothycrawford@stafford.com,Physical ahead pull.
EMP19804,Rebecca Knox,IT,Executive,54675.64,2020-09-09,denisemorgan@hall.biz,Career seven know.
EMP19805,Cheryl Franklin,Finance,Manager,54675.64,2023-07-21,mistynichols@jones.com,Medical in feeling.
EMP19806,Samantha Edwards,Sales,Manager,54675.64,2023-06-08,christopherhuffman@rodriguez.com,Bar black.
EMP19807,Benjamin Livingston,Sales,Manager,54675.64,2022-03-24,scox@hall-thomas.info,Clearly first sign.
EMP19808,Steven Reilly,Sales,Analyst,54675.64,2021-12-09,garzamaria@hotmail.com,Two country could.
EMP19809,Richard Meyer,HR,Analyst,54675.64,2022-02-15,drichards@yahoo.com,Professional.
EMP19810,Jeremy Huynh,IT,Intern,54675.64,2021-10-15,kimberly81@gmail.com,Article discuss.
EMP19811,Sarah Wood,Sales,Analyst,54675.64,2021-12-05,jonathankennedy@martin.net,Account forward.
EMP19812,Janice Banks,Finance,Manager,54675.64,2023-08-12,hollyadams@gmail.com,Full parent range.
EMP19813,Brianna Reed,Finance,Intern,54675.64,2021-10-23,ericanichols@ware.com,Job key street.
EMP19814,Shirley Wallace,Finance,Manager,54675.64,2020-01-15,jean96@yahoo.com,General party media.
EMP19815,Nathan Warner,Sales,Intern,54675.64,2022-07-09,joyjones@foster.com,Artist simple.
EMP19816,Ryan Clark,Sales,Intern,54675.64,2020-06-27,jacob22@gmail.com,Poor home tough.
EMP19817,Carlos Miranda,Finance,Intern,54675.64,2023-05-31,laura68@hunt-munoz.com,Between everything.
EMP19818,James Thompson,Finance,Analyst,54675.64,2023-12-20,obrienbeverly@yahoo.com,Foreign whether.
EMP19819,Sherry Kline,IT,Executive,54675.64,2023-05-23,mariefields@gmail.com,Sometimes agree guy.
EMP19820,Toni Smith,Sales,Analyst,54675.64,2021-10-18,danielshelton@hotmail.com,Receive enough.
EMP19821,Timothy Garcia,Finance,Executive,54675.64,2021-01-16,dianapeterson@yahoo.com,Eight old current.
EMP19822,Laura Henderson,Sales,Executive,54675.64,2021-11-04,jasongarcia@hotmail.com,Maintain young.
EMP19823,Thomas Lopez,IT,Manager,54675.64,2022-08-22,jonathanleblanc@yahoo.com,White blue maybe it.
EMP19824,Joseph Coleman,HR,Intern,54675.64,2020-02-16,swoodward@hayes.info,Audience hospital.
EMP19825,Matthew Palmer,Sales,Manager,54675.64,2021-11-12,jleonard@gmail.com,None education.
EMP19826,Melissa Mcmillan,Sales,Manager,54675.64,2023-10-05,fstanley@hotmail.com,Look customer.
EMP19827,Joel Boone,IT,Intern,54675.64,2021-05-18,sarahtrujillo@yahoo.com,Answer watch dinner.
EMP19828,Laura Rodgers,Sales,Executive,54675.64,2020-04-18,jennifer77@gutierrez.org,Media line which up.
EMP19829,Dr. Christopher Smith,Finance,Executive,54675.64,2023-04-19,michael74@yahoo.com,Recently certainly.
EMP19830,Jon Johnson,IT,Analyst,54675.64,2022-09-16,knovak@russell-williams.net,Network she kid.
EMP19831,David Adams,HR,Analyst,54675.64,2020-01-14,fscott@hotmail.com,May discover way.
EMP19832,Andrew Frey,IT,Analyst,54675.64,2021-08-01,erik70@gmail.com,Talk alone morning.
EMP19833,Lawrence Richardson,Finance,Analyst,54675.64,2020-08-17,hardinkenneth@yahoo.com,Wrong east.
EMP19834,William Young,Sales,Executive,54675.64,2021-06-15,anthony16@sheppard.com,Table bad market.
EMP19835,Jeremy Martin,IT,Intern,54675.64,2020-05-30,taylorisaac@hotmail.com,Quite population.
EMP19836,Phyllis Mills,Finance,Manager,54675.64,2021-06-18,anthony36@barrera.net,Reason hospital.
EMP19837,Andrew Austin,Finance,Intern,54675.64,2022-07-28,meganwilson@cooper.biz,Bring hundred say.
EMP19838,Charlene Foley,Finance,Manager,54675.64,2023-11-13,vaughntracy@gmail.com,Away himself man.
EMP19839,Rodney Brewer,IT,Manager,54675.64,2023-05-09,gfischer@gmail.com,Leg debate away hit.
EMP19840,Albert Jones,IT,Executive,54675.64,2020-07-29,jeffery89@gordon-wood.com,We brother other.
EMP19841,Heidi Ferguson,IT,Manager,54675.64,2021-08-03,rick42@gmail.com,Police account man.
EMP19842,Jordan Barnes,HR,Analyst,54675.64,2021-04-10,thughes@kidd-fuller.com,Analysis enjoy item.
EMP19843,Mariah Shaw,Finance,Analyst,54675.64,2021-10-06,susan79@gmail.com,Around moment.
EMP19844,Ashley Hart,IT,Manager,54675.64,2020-08-18,bellemily@bishop.com,Exist treat there.
EMP19845,Joseph Stevens,IT,Intern,54675.64,2021-08-11,amcguire@hatfield-davis.net,Indicate.
EMP19846,Michelle Gonzalez,Sales,Manager,54675.64,2020-09-10,hartkevin@yahoo.com,Way home their wall.
EMP19847,Douglas Padilla,Sales,Analyst,54675.64,2021-12-30,williamsjordan@brown-reid.com,Production behind.
EMP19848,Sarah Irwin,IT,Manager,54675.64,2023-05-16,pjohnson@gmail.com,Job hear send.
EMP19849,Linda Garcia,IT,Manager,54675.64,2021-06-06,rmitchell@jimenez.com,Wife range Congress.
EMP19850,Madison Dodson,HR,Manager,54675.64,2020-03-07,dyerkathleen@gmail.com,Soon wife side.
EMP19851,Raymond Williams,Sales,Executive,54675.64,2022-05-30,kcarter@yahoo.com,Source family.
EMP19852,Denise Norris,HR,Manager,54675.64,2023-10-05,kristiwilliams@warren-brown.com,Eight discuss catch.
EMP19853,Megan Reynolds,IT,Intern,54675.64,2020-02-20,tiffanywest@mcclure.biz,Despite miss.
EMP19854,Steven Armstrong,HR,Intern,54675.64,2020-11-11,dbruce@gmail.com,Meet yes near three.
EMP19855,Cody Parsons,Finance,Analyst,54675.64,2022-03-23,hernandezthomas@evans-reeves.com,Look development.
EMP19856,April Patel,HR,Intern,54675.64,2020-03-16,camposelizabeth@gmail.com,Number appear.
EMP19857,Kayla Fry,Sales,Executive,54675.64,2021-11-24,johnsonmary@yahoo.com,Open other market.
EMP19858,Dr. Timothy Hardin,Sales,Intern,54675.64,2020-02-18,rachel46@lopez.net,Seat good language.
EMP19859,Sandy King,Sales,Intern,54675.64,2020-05-28,bestjoshua@yahoo.com,Eight choice garden.
EMP19860,Tina Rodriguez,Sales,Analyst,54675.64,2022-01-16,michael17@yahoo.com,Discussion job.
EMP19861,Kayla Petersen,IT,Analyst,54675.64,2023-06-11,juananderson@gmail.com,Deal month food you.
EMP19862,Alexander Kelly,Sales,Manager,54675.64,2022-07-11,michael97@hotmail.com,Rest forget process.
EMP19863,Victoria Hernandez,IT,Intern,54675.64,2020-03-21,markhood@gmail.com,Interesting.
EMP19864,David Ryan,Finance,Analyst,54675.64,2020-11-06,mlarson@yahoo.com,Who computer ten.
EMP19865,Michele Horn,Sales,Manager,54675.64,2022-11-05,brianwilson@cameron-johnson.com,Left rest create.
EMP19866,Nancy Campbell,Finance,Executive,54675.64,2023-11-30,garylewis@mcintosh.com,Pull past parent.
EMP19867,Brianna Graham,Finance,Manager,54675.64,2023-09-28,ann61@rivers.com,Other stay woman.
EMP19868,Caitlin Jacobs,IT,Manager,54675.64,2020-05-27,brittanysanchez@gmail.com,Tonight speech door.
EMP19869,Claudia Johnson,HR,Manager,54675.64,2021-01-18,deleondennis@yahoo.com,Pull table federal.
EMP19870,Elizabeth Rodriguez,Sales,Manager,54675.64,2023-12-27,ruben62@finley.com,Voice fight always.
EMP19871,Jeffrey Lane,Sales,Intern,54675.64,2023-09-13,elizabethwood@yahoo.com,Public huge.
EMP19872,Deborah Pittman,HR,Manager,54675.64,2022-03-27,dwilliams@hotmail.com,Plan opportunity.
EMP19873,Kevin Wilson,Sales,Executive,54675.64,2023-10-16,grahamerika@carney-johnson.info,Yourself author.
EMP19874,Crystal Rodriguez,IT,Manager,54675.64,2021-09-05,lfranco@gmail.com,Beautiful away.
EMP19875,Randall Howard,HR,Executive,54675.64,2020-08-09,christy45@murray-foster.net,Must score ahead.
EMP19876,Mark Bridges,Sales,Analyst,54675.64,2021-07-27,gregorysimmons@hotmail.com,Accept than either.
EMP19877,Timothy Hanson,Sales,Manager,54675.64,2021-01-10,wbaker@delacruz.com,Site receive impact.
EMP19878,Russell Matthews,IT,Analyst,54675.64,2020-04-30,miguelrogers@bradford.com,Power church.
EMP19879,Gary Reed,Sales,Executive,54675.64,2020-06-08,phylliscox@hotmail.com,Public audience.
EMP19880,Tammy Baldwin,IT,Manager,54675.64,2020-09-25,yorkmelanie@yahoo.com,Main here service.
EMP19881,Susan Bowman,Finance,Intern,54675.64,2020-06-18,afreeman@gmail.com,Report all reveal.
EMP19882,Elizabeth Jackson,Sales,Manager,54675.64,2022-10-19,turnerjames@richards-brewer.org,Baby discover share.
EMP19883,Amy Henry,HR,Intern,54675.64,2022-09-10,henrykaren@gmail.com,Any nice start.
EMP19884,Theresa Robinson,IT,Intern,54675.64,2022-02-16,sandra76@maldonado-robertson.biz,Gas really under.
EMP19885,Scott Gray,IT,Analyst,54675.64,2020-06-23,kenneth46@hotmail.com,Able local quality.
EMP19886,Carolyn Stephenson,Sales,Analyst,54675.64,2023-05-05,brian16@miller.net,Population visit.
EMP19887,Jacob Garcia,IT,Intern,54675.64,2020-08-06,trevor19@gmail.com,Outside lawyer.
EMP19888,Jeffrey Meyers,Finance,Analyst,54675.64,2021-07-23,shermanthomas@hotmail.com,Very list bank.
EMP19889,John Miller,IT,Intern,54675.64,2022-01-25,robert96@gillespie.com,Leader southern.
EMP19890,Brian Nguyen,Finance,Executive,54675.64,2020-09-06,nicholas82@cole.info,Mission wife during.
EMP19891,Michele Fowler,HR,Executive,54675.64,2021-01-14,michael25@yahoo.com,Let recent stay.
EMP19892,Lisa Calderon,IT,Manager,54675.64,2022-04-09,alexandermills@gmail.com,Enter buy such cell.
EMP19893,Denise Flores,HR,Analyst,54675.64,2022-11-16,alexandra63@huber-williams.com,Finally section.
EMP19894,Glenda Guerra,Finance,Executive,54675.64,2023-04-25,rebeccahammond@gmail.com,Staff more race buy.
EMP19895,Corey Hicks,IT,Executive,54675.64,2022-09-07,travismcdaniel@jones.com,Nation nearly score.
EMP19896,Troy Kim,Finance,Executive,54675.64,2021-06-23,xrichard@hotmail.com,Bad enter reality.
EMP19897,Mr. Mark Lee,Finance,Intern,54675.64,2020-06-10,hannahdennis@wood-robbins.com,West box maybe.
EMP19898,Denise Franklin,HR,Analyst,54675.64,2023-01-13,leslie72@yahoo.com,Country manager.
EMP19899,Jason Navarro,HR,Executive,54675.64,2020-02-16,uliu@eaton.com,Feeling final son.
EMP19900,Kelly Hall,HR,Executive,54675.64,2022-03-05,tmullen@yahoo.com,Amount forward one.
EMP19901,Natalie Carlson,Finance,Analyst,54675.64,2021-05-31,angela06@hotmail.com,Send sea.
EMP19902,Amber Potter,Finance,Intern,54675.64,2023-09-05,robertwilliams@riley-durham.com,Support last but.
EMP19903,Jeremiah Howell,HR,Executive,54675.64,2020-09-29,brendaellis@gmail.com,Friend scene push.
EMP19904,Wesley Sherman,Finance,Analyst,54675.64,2020-02-26,stevensblake@gmail.com,Generation time.
EMP19905,Alison Hunt,HR,Intern,54675.64,2020-11-08,jwilliams@gutierrez-hughes.com,Begin number plan.
EMP19906,Nathaniel Rose,Sales,Analyst,54675.64,2021-07-13,michael43@gmail.com,Almost commercial.
EMP19907,Robert Berg,IT,Executive,54675.64,2022-01-20,nancy40@gmail.com,Just social its.
EMP19908,Timothy Waller,Sales,Analyst,54675.64,2020-12-09,carolyncurtis@hotmail.com,Three two his at.
EMP19909,James Mitchell,Finance,Manager,54675.64,2022-06-14,mthornton@gmail.com,Hold difficult.
EMP19910,Marvin Mclaughlin,IT,Analyst,54675.64,2021-02-05,teresa09@yahoo.com,Anything cover.
EMP19911,Matthew Dorsey,Finance,Manager,54675.64,2020-10-24,carolynhamilton@russell-james.com,Exist certain range.
EMP19912,Lori Galloway,Finance,Intern,54675.64,2022-08-22,megangomez@hotmail.com,Out stuff space.
EMP19913,Brian Jones,IT,Manager,54675.64,2023-01-13,jillrogers@alexander-gates.com,Point owner each to.
EMP19914,Mario Schneider,Finance,Intern,54675.64,2022-07-01,fergusonkatrina@yahoo.com,Involve issue.
EMP19915,Michelle Davidson,Finance,Analyst,54675.64,2022-07-28,coreyblake@patel.info,College agency look.
EMP19916,Mary Abbott,Finance,Manager,54675.64,2023-08-05,gblack@campbell.com,Like protect.
EMP19917,Joseph Thomas,HR,Manager,54675.64,2022-06-25,hilljeffery@solis-james.com,Experience impact.
EMP19918,Andre Christensen,Finance,Executive,54675.64,2020-06-16,sheppardbrittany@carpenter-johnson.com,Situation thing.
EMP19919,Travis Edwards,IT,Analyst,54675.64,2020-06-13,chambersjason@hotmail.com,Law view population.
EMP19920,Shannon Gilbert,Sales,Analyst,54675.64,2021-05-02,ortizvictoria@jones.com,Just while first.
EMP19921,Benjamin Duran,IT,Manager,54675.64,2021-06-23,icollier@gmail.com,Key because their.
EMP19922,Danielle Gonzalez,IT,Analyst,54675.64,2023-02-04,randerson@hotmail.com,Point each social.
EMP19923,Valerie Thomas,Sales,Intern,54675.64,2021-03-05,amberbrown@yahoo.com,Develop play part.
EMP19924,David Peters,Finance,Analyst,54675.64,2022-04-25,angel83@wright.biz,Condition.
EMP19925,Maria Gardner,Sales,Executive,54675.64,2022-07-27,danieljohnson@hotmail.com,Avoid could enjoy.
EMP19926,Tiffany Delacruz,Sales,Intern,54675.64,2022-01-05,amolina@morse.com,Break world stuff.
EMP19927,Diana Gross,HR,Executive,54675.64,2023-01-19,nancy33@nixon.net,Off life miss.
EMP19928,Lauren Cannon,HR,Analyst,54675.64,2023-06-30,rbrooks@wallace.com,Southern series the.
EMP19929,Amy Potter,IT,Intern,54675.64,2022-05-15,nathan76@yahoo.com,Customer economy.
EMP19930,Melissa Torres,IT,Executive,54675.64,2022-02-14,taylorerica@gmail.com,Style carry indeed.
EMP19931,April Davis,HR,Analyst,54675.64,2021-07-08,qsanchez@yahoo.com,Morning direction.
EMP19932,Samuel Gonzalez,Sales,Executive,54675.64,2022-03-11,eprice@yahoo.com,Bag language.
EMP19933,Robert Black,Sales,Manager,54675.64,2022-09-23,pittmanvalerie@lowe.biz,Between represent.
EMP19934,Barbara Ortiz,Sales,Intern,54675.64,2022-04-05,jcooper@ross-sexton.com,Point manager seat.
EMP19935,Debra Soto,Finance,Executive,54675.64,2021-03-06,michaelrobinson@phillips.com,Picture term find.
EMP19936,Nicole Butler,HR,Manager,54675.64,2020-11-02,kenneth74@craig.com,Protect explain.
EMP19937,Jason Watts,Finance,Intern,54675.64,2021-02-16,shepherdmaria@yahoo.com,Officer claim.
EMP19938,Charles Ross,Sales,Executive,54675.64,2020-01-16,ywilson@yahoo.com,Identify final.
EMP19939,Randy Stewart,Finance,Intern,54675.64,2023-09-09,emilyjoseph@phillips.com,Wait audience oil.
EMP19940,Meghan Anthony,IT,Analyst,54675.64,2022-09-30,melindalewis@todd-stafford.com,Smile deep bill age.
EMP19941,Dawn Hall MD,HR,Analyst,54675.64,2023-09-30,nicole02@james.info,Reality budget.
EMP19942,Joshua Ortiz,Sales,Manager,54675.64,2020-05-26,wschultz@yahoo.com,Far than meet.
EMP19943,Joshua Gonzales,IT,Intern,54675.64,2021-11-09,amyruiz@yahoo.com,West it true.
EMP19944,Matthew Long PhD,Finance,Manager,54675.64,2021-06-25,silvachad@holloway-webster.com,Drive face look.
EMP19945,Mr. Rick Davis MD,IT,Analyst,54675.64,2022-11-17,scottmaldonado@cardenas.net,Admit able would.
EMP19946,Matthew Anderson,Sales,Executive,54675.64,2022-02-19,laura69@ho-edwards.info,Little reveal song.
EMP19947,Christine Glenn,HR,Intern,54675.64,2020-03-07,robinreeves@garcia.com,Local common cause.
EMP19948,Donna Francis,HR,Manager,54675.64,2021-07-23,wilsonmichael@fletcher-jenkins.net,Feel far feeling.
EMP19949,Kimberly Lynch,Sales,Analyst,54675.64,2022-09-21,doyledenise@hotmail.com,Several chance but.
EMP19950,Sherri Thomas,HR,Executive,54675.64,2021-05-23,paul35@hotmail.com,Head too staff run.
EMP19951,Natasha Bell,IT,Analyst,54675.64,2022-04-15,patriciagardner@ortiz-patrick.com,Middle chair.
EMP19952,Catherine Miller,Sales,Analyst,54675.64,2023-12-29,vcampbell@yahoo.com,Not every my mouth.
EMP19953,Andrew Smith,Finance,Executive,54675.64,2023-09-11,david55@rodriguez-hernandez.biz,This knowledge it.
EMP19954,Patrick King,HR,Executive,54675.64,2020-01-01,justinwilson@gmail.com,Summer nature fear.
EMP19955,Andres Wilson,Finance,Intern,54675.64,2023-05-24,hcopeland@gmail.com,Always mention.
EMP19956,Keith Garrett,HR,Executive,54675.64,2021-05-30,jamie27@rhodes.com,Relationship member.
EMP19957,Deborah Kennedy,HR,Executive,54675.64,2023-07-19,garnold@torres.com,Partner conference.
EMP19958,Elizabeth Baldwin,Sales,Analyst,54675.64,2021-01-04,jeremyflores@hotmail.com,Serve form company.
EMP19959,Melissa Adams,Sales,Analyst,54675.64,2021-01-27,duarteryan@gmail.com,Southern care.
EMP19960,Samantha Santana,IT,Analyst,54675.64,2020-07-17,stephaniewood@gmail.com,Plan employee party.
EMP19961,Zachary Chavez,Finance,Executive,54675.64,2022-12-12,olsenwilliam@joseph-hill.info,Soldier role.
EMP19962,Laura Thomas,Finance,Intern,54675.64,2021-07-04,brandon71@gmail.com,Wait scientist day.
EMP19963,Lori Lawson,Sales,Analyst,54675.64,2021-10-04,xallison@yahoo.com,Happen letter.
EMP19964,Linda Kim,Sales,Analyst,54675.64,2021-12-11,wellsjennifer@hotmail.com,Certain direction.
EMP19965,Shirley Riddle,Finance,Executive,54675.64,2022-06-26,delacruzalexis@griffin.org,Total save tonight.
EMP19966,Samantha Parker,Finance,Executive,54675.64,2021-05-29,bowmantiffany@juarez.com,Book protect again.
EMP19967,Amanda Casey,HR,Manager,54675.64,2023-09-12,alfredrussell@gmail.com,Stay break history.
EMP19968,Shawn Page,HR,Executive,54675.64,2022-11-12,xfreeman@yahoo.com,Natural hard.
EMP19969,Jamie Marshall,Sales,Analyst,54675.64,2022-07-22,efox@holden.com,Nice head word.
EMP19970,Garrett Lewis,Finance,Executive,54675.64,2023-05-23,sabrinawilkinson@knight-santos.org,Building rule.
EMP19971,James Patterson,HR,Manager,54675.64,2022-12-01,kaylalarson@hotmail.com,Main recent follow.
EMP19972,Sean Moody,HR,Intern,54675.64,2020-05-12,yoconnor@gonzalez.com,Agree past trip.
EMP19973,Paul Harrison,Finance,Manager,54675.64,2022-11-30,broberts@gmail.com,Gun word situation.
EMP19974,Nicholas Knight,Finance,Intern,54675.64,2023-10-24,victorwright@cook.com,Point despite left.
EMP19975,Craig Woods,Sales,Intern,54675.64,2023-12-31,lopezeddie@hotmail.com,History direction.
EMP19976,Patrick Garza,Finance,Analyst,54675.64,2021-07-27,robert30@adams.info,Fish they amount.
EMP19977,Kaitlyn Rose,Sales,Executive,54675.64,2023-09-24,vanessa14@fisher-williams.com,College common care.
EMP19978,Raymond Mills,HR,Executive,54675.64,2021-01-16,donaldmarshall@hotmail.com,If thousand.
EMP19979,Stephanie Thomas,IT,Manager,54675.64,2021-02-11,julia08@gmail.com,Three let source.
EMP19980,Brian Martinez,IT,Executive,54675.64,2021-06-23,xphillips@richardson.com,Organization PM.
EMP19981,Sylvia Chen,Finance,Intern,54675.64,2020-12-02,tiffanybaker@yahoo.com,Song local game.
EMP19982,Benjamin Johnson,Sales,Analyst,54675.64,2020-01-09,brownnicholas@gmail.com,Standard how son.
EMP19983,Tina Hudson,IT,Analyst,54675.64,2021-03-12,lpena@cisneros.com,Could sell half now.
EMP19984,Jeffrey Mullins,HR,Intern,54675.64,2021-10-18,gpeterson@yahoo.com,A some size return.
EMP19985,Brandi Davis,HR,Intern,54675.64,2022-12-24,jessicasmith@swanson-schmidt.com,Simply operation.
EMP19986,Tiffany Krause,Sales,Intern,54675.64,2022-10-07,jomarks@hotmail.com,Market firm.
EMP19987,Susan Jacobs,IT,Intern,54675.64,2020-09-27,scottlawrence@yahoo.com,Real moment.
EMP19988,Andrea Cline,HR,Executive,54675.64,2021-09-14,uadams@gmail.com,Security sell.
EMP19989,Jeremy Kennedy,HR,Intern,54675.64,2020-09-18,sarah49@brown.com,Could debate.
EMP19990,Chad Cooper,Finance,Executive,54675.64,2021-01-07,daniel81@davis.org,Trouble game visit.
EMP19991,Edward Tapia,IT,Analyst,54675.64,2021-05-09,catherine72@gmail.com,Thank exactly.
EMP19992,Antonio Gilbert,Finance,Executive,54675.64,2022-07-02,lowecalvin@huang.com,Something time none.
EMP19993,Arthur Webb,HR,Intern,54675.64,2023-10-29,karenmiller@gmail.com,Some than life.
EMP19994,Jake Bowen,HR,Manager,54675.64,2022-01-28,thomassara@hebert.com,Expect try fight.
EMP19995,Rachel Myers,IT,Manager,54675.64,2021-09-17,ybonilla@hotmail.com,Night game send.
EMP19996,Sabrina Espinoza,IT,Executive,54675.64,2020-04-23,nicholas47@hotmail.com,Play magazine type.
EMP19997,Audrey Leonard,Sales,Manager,54675.64,2023-05-30,robinsingh@hernandez.biz,Hour card way.
EMP19998,Dustin Phillips,IT,Analyst,54675.64,2021-12-23,jamesallison@hotmail.com,Difficult well sure.
EMP19999,Maria Villarreal,Sales,Executive,54675.64,2021-07-23,ismith@gmail.com,Plant rock voice.
