EID,EName,Email,PhoneNo,Address,CompanyName,Exp
E686770,William White,ihines@price.com,4105529318,North Tara,Perez-Curry,11
E102677,Brian George,ryanbenton@clark.com,203-691-6069x47481,West Elizabethfort,Jackson PLC,12
E250660,Melissa Cruz,thomascrosby@herrera.com,(345)526-6943x572,Jonesbury,"Lewis, Peterson and Chandler",18
E463739,Edward Thompson,jennifer57@yahoo.com,+1-716-976-1758x507,Sarahport,Collins-Kirk,18
E881072,Paige Smith,danielle14@yahoo.com,+1-850-459-3163x8733,Brendaton,Hicks-Ali,5
E689355,Kyle Gonzalez,bwiley@anderson.net,001-864-278-0711x963,Paulhaven,Duncan-Jones,17
E880619,Tyler Young,prestonsmith@johnson-gaines.com,771.220.7526,Riveraland,"Luna, Davis and Wilson",4
E903213,Katrina Randall,ahall@solis-williamson.org,+1-959-213-3160,North Josephfurt,Holder and Sons,7
E377513,Victoria Patrick,sara90@simmons-cooper.com,639-950-1998x590,Cynthiaborough,"Franklin, Avila and Herrera",16
E835829,Joseph Flores,kelly67@holloway.net,895-376-2923,Johntown,"Kelley, Green and Holland",6
E457883,Krystal Wilson,davidvazquez@hotmail.com,+1-749-847-7327x618,Stephanieville,Powell-Lopez,5
E626096,Matthew Serrano,tiffanyprice@smith-jenkins.com,(298)856-0257x862,Matthewsmouth,Smith-Diaz,6
E535614,Reginald Frederick,ypittman@yahoo.com,+1-128-449-3615,West Danielle,Webb-Higgins,16
E914081,Kristen Travis,graythomas@harris-hill.com,296.991.0968x61391,West Nicole,Bowman-Richards,3
E190183,Jose Warren,william74@gentry-peterson.net,+1-434-321-4207x431,North Daniel,Whitehead-Lee,17
E834983,Emily Ferguson,lglenn@hurley.com,+1-546-810-9892x92240,Spencerview,Gray-Roach,2
E517591,Latoya Douglas,georgebrittany@gmail.com,1151209231,West Laurenhaven,White PLC,19
E643966,Nathan Rhodes,arichardson@schultz.biz,(738)705-0039x4299,Port Juliatown,Frost LLC,11
E978258,Rebecca Murphy,lwest@gmail.com,(395)784-8847x484,South Melissashire,"Ellison, Marshall and Graham",19
E695785,Teresa Johnson,kristenmontoya@yahoo.com,137.449.1544x14932,East Ashley,King and Sons,17
E797913,Mike Barrett,vhorn@hotmail.com,595-931-6720x690,Lake Benjamin,"Ramos, Hoffman and Mcintyre",19
E896326,Jessica Dennis,derricktaylor@yahoo.com,661-991-1811x9864,Curryfort,Murphy Inc,13
E919180,Kelly Barajas,sharonarmstrong@hotmail.com,0545875650,West David,Lee-Fischer,12
E334428,Barbara Mcdaniel,colonjustin@gmail.com,(279)467-7253,Yorkmouth,Rodriguez Group,16
E784411,James Fields,richardparrish@smith.com,866-737-5798x686,Port Nicholas,Moon-Kim,10
E926545,Daniel Scott,sara76@mosley-morgan.com,172.930.9264x83286,Stephaniestad,"Silva, Garza and Price",13
E660135,Matthew Robinson,fshepherd@collins-jones.com,123-612-4704x7646,North Glennfurt,"Turner, Lynn and Brooks",16
E863764,Catherine Dawson,ymcneil@goodman.org,072-445-0020,Ellisfort,"Ramsey, Davis and Davis",5
E183735,Michael Ortiz,brian66@yahoo.com,(585)046-1084x17933,Michaelstad,Stark-Sanders,10
E381706,Aaron Myers,twallace@gmail.com,804.332.7723,Johnsonstad,Ramsey Ltd,13
E740511,Renee Dunn,tmullen@carlson-little.net,414.894.7430,Dannyfort,"King, Fernandez and Calderon",2
E329878,Rachel Green,amberthompson@baker.org,952.956.7158,New Haleyport,Harris and Sons,12
E523932,Kyle Nguyen,dwhite@yahoo.com,(164)175-1254x6145,Gallowayport,Robinson-Fisher,12
E322590,Daniel Preston,vdoyle@fisher.com,(292)420-5926x25709,North Rick,Davis Group,3
E884310,Susan Johnson,albertbell@hotmail.com,001-578-867-3329,North Jacobton,Munoz-Wallace,3
E744637,Joshua Weaver,schneiderkayla@adams-wade.com,+1-964-504-1346x6295,Port Stephanie,Santos LLC,17
E274489,Karen Lawrence,vickie23@howard.com,146-182-2148,Hansonside,Cook-Ramirez,17
E160853,Amanda Hines,bsmith@gmail.com,+1-306-402-8235x3845,East Christopherland,Wright Inc,18
E613647,Hannah Grimes,leblanckristen@fitzpatrick.com,449.482.9603x23461,West Johnville,"Wright, Evans and Saunders",11
E304760,Evan Powell,austin28@miller.org,533-158-1256,Lake Andrea,"Barber, Phelps and Olson",14
E734478,Logan Hall,xmunoz@yahoo.com,+1-867-247-5126x03496,West Jacob,Todd and Sons,20
E600742,Curtis Johnson,paula32@yahoo.com,911-083-5298,South Sylviastad,Williams-Norton,2
E890623,Daniel Miller,xkim@gmail.com,001-238-799-4866x170,North Brandyborough,Newman LLC,17
E401940,Yolanda Pugh,marissa92@glenn.com,(748)968-9858,East Deborahtown,Juarez-Kelly,10
E568972,Christopher Lee,fnash@thornton-hansen.com,+1-249-142-0489,Micheleberg,Walters Inc,12
E917884,Sarah Lewis,daylaura@hotmail.com,6281285258,Jasonchester,Sloan Group,11
E958921,Mr. James Hardin,vsaunders@burton-murphy.com,(488)068-9447,New Matthewshire,"Bernard, Smith and Bell",10
E716428,Bryan Gutierrez,huertatodd@hotmail.com,638-452-0395,Shannonport,Andrade-Bailey,7
E813103,Scott Ayers,kingcharles@gmail.com,293-088-6767,Peterstad,Martin-Bray,7
E285315,Ann Cooper,smithdebra@hotmail.com,458.376.3584,Chanshire,"Ho, Lopez and Ray",10
E339549,Erin Perkins,vanessawebster@conrad.com,001-018-125-7418,North Jenniferport,Mcmillan Ltd,4
E191713,Veronica Hansen,savannah17@gmail.com,(765)321-6136,Fitzpatrickport,Gutierrez PLC,14
E297949,Jennifer Ibarra,egonzales@sanders.com,819.380.2975x5581,Port Keithchester,"Jenkins, Jackson and Carpenter",20
E508756,Christopher Castro,tylerpeterson@dyer.com,278.029.4294,Wrightmouth,Swanson PLC,18
E587218,Julie Duncan,scott44@wilson.com,001-427-621-8449x9322,Valerieville,Daniels Inc,15
E590888,Cristian Evans,albertlittle@brown-elliott.com,(004)751-7996x1145,West Jessicaport,Acevedo Ltd,3
E377696,Thomas Gomez,davidmullins@potter.com,001-947-867-0015x743,Sharonville,Taylor-Carson,12
E474100,Deborah Bradshaw,william71@garcia.com,8057669006,New Kristinefort,Burnett Ltd,10
E651633,Vanessa Carpenter,jadecox@yahoo.com,001-171-967-3714x153,Kristinachester,"Diaz, Torres and Bryant",14
E389124,John Moore,moodycurtis@martin.org,+1-542-164-3438x5836,Wilsontown,Estrada-Suarez,16
E756040,Kathryn Leon,vbell@moore.com,005.190.1493,Toddbury,Garza-Hayden,14
E966374,Jennifer Taylor,johnvazquez@wright.biz,+1-404-465-2263x073,Edwardschester,Peters and Sons,2
E336968,Tom Smith,krobinson@hoover.com,1947434953,Jessicaside,White-Shaw,11
E100509,Denise Rodriguez,pattersonkristy@smith-bell.com,(152)998-2276x04645,Collinsport,"Wilson, Huffman and Aguirre",8
E974876,Brian Martin,johnchase@jackson.com,753.809.7151,North Melissa,"Bailey, Davis and Richardson",3
E238846,Derrick Smith,marklopez@yahoo.com,479-621-8632x422,Adammouth,Dorsey Inc,18
E618524,Lisa Crawford,schneiderwhitney@hotmail.com,793-792-2744x290,South James,Hunt-Olson,19
E983122,Norma Hutchinson,ramseysandra@gmail.com,561-664-1936x5538,Marthaland,Benjamin Ltd,19
E521190,Teresa Martinez,jasonsalazar@phillips.com,+1-830-373-4847,East Omarport,"Walls, Mitchell and Sanchez",10
E262232,Dana Olson,rberry@gmail.com,+1-210-145-3666x3574,West Michael,Burke-Garcia,6
E437764,Alexandra Walker,judydavis@hotmail.com,(226)179-5534x08130,Ashleyhaven,"Roy, Diaz and Juarez",7
E726111,Lisa Martin,jimenezdavid@williams.com,847-585-2155x670,Sonyaburgh,Beasley-Martin,6
E470849,Zachary Brown,lking@yahoo.com,001-312-559-7865x13276,Maryview,Bradshaw-Gomez,9
E444380,Linda Mckay,ggonzalez@flores.info,+1-093-675-7013,Elizabethport,"Wallace, Gill and Morris",7
E462118,David Phillips,jenniferadams@ellis.info,001-058-299-1616x395,Taylormouth,Romero Group,14
E272362,Robert Perez,grimeskatrina@medina.com,486.645.9755,Loriburgh,"Figueroa, Hill and Gomez",5
E123343,Stacey Stewart,warneradrian@pittman.com,225-411-3338x9811,Port Monica,"Bridges, Davis and Dawson",1
E265907,Cassandra Yang DDS,gomezelizabeth@hotmail.com,(841)145-8316x3002,New Matthewland,"Fleming, Peterson and Gardner",19
E117165,Curtis Contreras,fernandezsheila@hernandez-williams.com,(564)499-2471x4281,Alexisview,Johnson Inc,16
E929188,Miranda Williams,derek51@jackson.com,001-577-073-9332x4335,Lake Kaylaland,"Wright, Dougherty and Miles",8
E889356,Chase Singh,sara37@smith.com,001-976-949-6632x986,Chelseafurt,Martinez Inc,8
E439229,Christopher Chavez,veronicawilliams@yahoo.com,3596949390,Mcfarlandfurt,Burke-Meyer,8
E858542,Nicholas Haynes,fcarter@hotmail.com,(522)758-6322x8638,East Michaelview,Ramirez LLC,18
E494443,Ashley Ball,april32@hotmail.com,001-362-114-9623,Jonesborough,Campbell PLC,18
E475869,Roy Clark,ljordan@wheeler-murray.com,647-856-1839x6423,Daisyborough,Jenkins-Ramirez,9
E688007,Russell Morales,timothy78@gmail.com,905.751.0954,Johnsview,Hatfield-Lucas,13
E333318,Sarah Green,kimberlygibson@farley.com,+1-897-223-6058x294,Thomasborough,Lara-Crawford,12
E718125,Ray Woodard,mark94@gonzales.com,+1-513-768-3337x535,Pollardhaven,Aguilar and Sons,12
E290351,Toni Le,briannajohnson@hotmail.com,(454)908-0705x4209,South Michaelbury,Oliver-Howell,6
E169859,Joshua Adams,qholmes@shannon.com,+1-381-807-1251,Danielschester,Hall LLC,17
E570091,Kenneth Ortiz,allison49@yahoo.com,001-403-442-3255x735,South Sharonton,"Lee, Hamilton and Foley",3
E352729,Debra Dean,adriana66@hotmail.com,001-189-506-2092x75511,Port Sylviafort,Clark-Bell,4
E762065,Todd Wade,sierramiller@gmail.com,4040952299,Lake Jamesstad,Alvarez and Sons,2
E926071,Joseph Lewis,tmyers@gmail.com,251.226.9801,Fritzstad,Jackson LLC,5
E359916,Amanda Schaefer,david22@baker.com,719.781.3003,Christinaborough,"Vega, Pham and Fox",5
E139968,Danny Olsen,petergardner@fitzgerald.net,(712)069-5391,East Jerrymouth,Jones-Larson,3
E274193,Amy Moyer,dwalker@yahoo.com,(297)800-2838,West Michael,Martin-Proctor,17
E441706,Elizabeth Abbott,cordovajacob@ortega.com,873.457.8899,Debbiemouth,Morris-Jensen,20
E620488,Raymond Knapp,scottshaffer@hotmail.com,327.148.6690x845,Port Sherri,Richardson Ltd,19
E508427,Carl Gonzales,oliverrose@gmail.com,+1-407-114-4649x9331,West Deanna,Ramirez-Smith,18
E536094,Danielle Thompson,baldwinjoseph@martin.com,854.466.8170x6458,South Madisonmouth,"Everett, Santos and Delacruz",9
E963093,Sara Watson,kimberlybishop@everett.info,674-263-8126x7051,West Davidstad,Hall-Wilkerson,4
E845755,Alan Garcia,xwashington@gamble-clements.org,001-558-416-0400x29113,Kelseyshire,Lane-Jones,10
E722885,Christopher Johnson,melissahurley@walker.info,(401)875-5961x17964,Flowersberg,Fuentes-Myers,13
E959601,Brian Jones,bmorse@munoz-stone.org,(140)377-9882x82117,North Williamshire,Murray-Hernandez,6
E679141,Charles Munoz,gcrawford@franklin-crawford.org,(688)567-0334,Lewisside,"Mendez, Garrett and Davis",5
E267301,Amy Marshall,stucker@smith.com,(533)477-9439x1615,Cunninghamshire,"Evans, Kelley and Sims",10
E343707,Christopher Ortega,gcunningham@brown.com,001-868-511-9058x28810,Candaceview,Ross-Abbott,2
E694679,Daniel Kennedy,rothkayla@hotmail.com,(193)441-1039x889,Campbellshire,"Perez, Conner and Terry",8
E162467,Edgar Singh,kimberly89@walker.com,3079525580,Adamborough,Snow-Moore,2
E345619,Joseph Johnson,frodriguez@mendez-davis.com,+1-638-810-3168x154,Scottburgh,"Tucker, Cardenas and Sanchez",9
E234401,Becky Clark,markjones@hotmail.com,001-266-866-2534x59398,Lake Karenmouth,Carrillo-Hernandez,17
E324647,Jeff Wyatt,nryan@johnson-schneider.com,377-183-7041x76969,West Nicholas,Bailey-Dyer,16
E942455,Molly Wallace,uunderwood@gmail.com,397-257-8111x03319,Jessicafurt,Lewis and Sons,14
E139007,Ronald Williams,solomonjason@leon.com,+1-249-804-7469,South Eric,"Little, English and Miller",7
E741579,Maurice Pruitt,kwall@brewer.com,(901)985-8064,Port Melissaborough,"Trevino, Garcia and Wolfe",4
E905177,Chelsea Vasquez,nmelton@yahoo.com,+1-128-281-4626x1690,Taraland,Cooper-Goodman,16
E709784,Tara Maldonado,curtis97@gmail.com,130-571-1468,Walkerchester,"Hebert, Chapman and Guzman",16
E935473,Jeffrey Miller,pattersonvincent@gmail.com,4465869895,New Christopher,Pollard PLC,15
E620835,Shannon Butler,aklein@yahoo.com,429.394.6617x3662,Alejandroport,Pierce-Bailey,14
E290605,Dr. Christine Bell,sandrasmith@bryant-collins.com,001-845-535-2115,Jeffreyhaven,Torres PLC,6
E937693,Christopher Mitchell,ybutler@jones.com,001-214-192-9312,West Kyleport,"Hughes, Miller and Rodriguez",5
E750883,Brandon Evans,thomassanchez@yahoo.com,3562171744,South Kimberly,Peters-Mooney,13
E882664,Amanda Malone,watsonrobin@hotmail.com,+1-918-753-3096x60587,Joshuabury,"Kerr, Whitehead and Smith",20
E493301,Stephanie Hernandez,taylorchristine@grant-tran.com,(454)640-1795,Mcdonaldview,"Lee, Castillo and Schmitt",17
E831234,Ms. Cynthia Johnson,mark56@cox.com,(648)977-1062x030,Santosbury,"Tate, Hamilton and Johnson",18
E511640,Joseph Pacheco,hollybaker@hotmail.com,515.485.6992,East Morgan,Martin-Orr,10
E432906,Alexander Stewart,monroebrent@cain-mcfarland.com,(957)794-3591x230,Aliciaberg,White Inc,20
E400658,Jason Fisher,lindsey52@gmail.com,764-206-5479x60694,New Paulabury,Williams Group,16
E445008,Frederick Miller,marcojohnson@hernandez-ward.info,001-415-294-3584,North Andrea,Ibarra Ltd,15
E676888,Heather Byrd,rhonda66@yahoo.com,696-363-8178x2313,Reidtown,"Adams, Strickland and Wells",19
E388345,Christina Campbell MD,kathy41@yahoo.com,001-935-253-1018x36098,Susanhaven,Jenkins-Griffin,3
E419574,Thomas Tran,ofrancis@hotmail.com,762-007-7907,East Vanessaside,"Smith, Griffith and Bowers",16
E881620,Sharon Soto,hullnancy@rice-hall.org,001-028-693-4919x5202,Johnsonmouth,Martinez-Diaz,18
E512943,Rodney Daniels,thomasanthony@yahoo.com,+1-328-035-7006x27808,South Williamshire,Taylor LLC,13
E224513,Seth Schneider,thomasmiller@boyd.biz,733.596.3664x00937,South Codyview,Whitaker-Lawrence,18
E917473,Eddie Scott,joshuanelson@morales.com,+1-151-573-4735x2463,New Nicholas,"Davis, Francis and Chen",3
E547906,Connie Schmidt,johnwilliams@gmail.com,(849)546-0125,Brandonshire,"Koch, Robinson and Lutz",6
E113966,Angel Kirk,erin90@hotmail.com,2124096825,Martinezfort,Owens Inc,14
E597588,Steven Kirk III,wortiz@hernandez-roberts.com,+1-720-473-9812,South Angel,Parker Inc,18
E678932,James Christian,alexandrawells@gmail.com,(365)087-7821x1833,New Courtney,"Hebert, Johnson and Smith",14
E644163,Charles Taylor,qobrien@campbell.info,131.839.6013x8563,Port Melissa,Lewis-Dean,20
E294780,Sarah White,daniel40@mitchell.com,001-253-586-0845,West Paige,"Williams, Guzman and Perez",6
E105640,Daniel Henry,carlsontravis@quinn-harmon.com,391-067-3418x36079,North Adamside,"Martin, Lyons and Stephens",12
E306806,Alyssa Waller,otran@gmail.com,+1-367-802-5213x78368,East Andrew,Foster and Sons,3
E987443,Robin Ray,porterrobert@gmail.com,+1-082-425-8396x1934,Kimberlymouth,Flores Ltd,20
E618031,Robert Burns,kwilliams@gmail.com,104.226.9461x71974,Alicechester,Larson Ltd,18
E122823,Jesse Brown,clementsemily@adams.com,(685)012-8009x71276,Jenniferhaven,Smith-Silva,3
E273544,Philip Cooper,amandadeleon@baker.info,514-191-4513x8437,North Jessica,Carpenter-Cortez,12
E887758,Douglas Miller,laurasmith@sanchez-moses.com,628.165.4132x222,Jermaineland,Serrano LLC,7
E726736,Steven Barry,cstone@king-smith.com,095-712-9548,Jaclynfort,Wong-Evans,15
E422027,Ms. Jennifer Horton DVM,jessicaharris@arellano.com,+1-505-089-5795,Port Jennifer,Spencer Group,4
E210298,Dennis Rivas,charlene32@hotmail.com,001-079-525-2474x305,Dylantown,Ellis LLC,6
E765642,Christopher Rodriguez,anna55@allen-greene.com,+1-112-251-5859x3700,Schultzview,Carroll-Cox,13
E766567,Susan Gomez,acook@hotmail.com,+1-986-267-5818x68459,Riversmouth,"Martin, Blake and Rodriguez",20
E736774,Alexis Irwin,sara06@johnson-french.com,7489030314,North Alicia,"Miranda, Moore and Miller",18
E671194,Jessica Gibbs,kelseyparker@hotmail.com,786.988.0364x85759,North Brittany,Carter-Sullivan,10
E118092,Adrian Moore,marc30@hotmail.com,(697)159-0208,Brownmouth,Smith and Sons,15
E443801,Isaiah Rice,william32@hotmail.com,+1-275-383-0449,Lopezhaven,Jones-Ho,10
E448493,Courtney Cohen,bryanaustin@yahoo.com,(061)146-2162x366,East Jamesville,Shea LLC,8
E871822,Dr. Emily Leblanc,smithangela@gmail.com,+1-549-537-5267x6600,Berryberg,Leonard-Lynch,11
E160559,John Johnson,paulmyers@fleming.com,413.966.4144,East Benjamin,Smith Inc,2
E385329,Joyce Edwards,louis60@fields-harrison.biz,+1-206-576-8624x7716,Lake Christophermouth,"Gomez, Brown and Martin",9
E454756,Tonya Lee,christopherfriedman@yahoo.com,(804)393-3965,South John,Johnson PLC,11
E468770,Chad Lewis,amy69@hughes.com,(231)258-4050,Matthewbury,"Johnson, Sparks and Mcconnell",10
E447937,Cassandra Smith,johnsonhannah@manning-williams.info,969-354-5606x63158,Port Jessicafurt,"Walker, Mccullough and Sullivan",14
E797705,Samantha Cisneros,cbrown@hotmail.com,557-493-8847x09790,Lake Amy,Fritz-Finley,6
E754407,Michael Nelson,karen27@gmail.com,(723)493-0782x0990,East Anna,"Hamilton, Odonnell and Stevens",13
E337701,Jeffery Coleman,skinnerjeffrey@gmail.com,009.233.4718,East Angela,Alexander Ltd,14
E658141,Don Barker,jerry97@hotmail.com,2402543429,New Joseshire,"Garcia, Bright and Clark",6
E663492,Hannah Brooks,qlynch@rivera-norton.com,5499681348,New Johnnyhaven,"Davis, Martinez and Thomas",15
E943046,Jamie Adams,bishopkyle@hotmail.com,+1-065-374-8378x34017,West Teresa,"Marshall, Hahn and Le",9
E662898,Gabrielle Garcia,gregorysantos@gmail.com,209.547.1649x37696,West Elizabethton,"Lewis, Valencia and Massey",18
E218933,Andrew Pearson,qzuniga@gmail.com,001-555-373-1253,Sharonfurt,Gray LLC,1
E825791,Charles Page,seth39@gmail.com,067.948.6284,Morrismouth,"Becker, Ferguson and Bailey",12
E247985,Mr. Jeffrey Lawson,scottmalone@friedman.com,549.090.9268x4249,West Cheyennefurt,"George, Bryant and Jones",7
E101336,David Evans,mariamcfarland@flores.net,+1-404-928-0781x75638,East Donald,Rodriguez-Nelson,19
E430417,Robert Chavez,joshuaclark@hotmail.com,6708576438,Charlesmouth,"Bowers, Stone and Leonard",16
E758259,Tiffany Reyes,ericksonlaura@hotmail.com,001-245-617-3383x01990,Matthewton,"Reynolds, Lee and Martin",14
E460879,Timothy Meyer,elizabeth71@humphrey.com,492.175.2284x4381,Taraview,"Francis, Smith and Reed",1
E376408,Zachary Fernandez,garciajenny@hotmail.com,(108)246-2985,Markside,Smith PLC,7
E861052,Emily Sanchez,wanda79@nielsen.com,324-113-8351x5865,Lake John,Mendoza and Sons,19
E368870,Christine Macias,jonesalyssa@hotmail.com,+1-974-041-0898x07467,South Angelicafort,"Kline, Moore and Ward",11
E294333,Amy Harris,misty89@gmail.com,001-012-670-3632x81193,Andersonstad,"Williamson, Williamson and Merritt",20
E958166,Charles Young,carlosmendez@yahoo.com,001-199-071-2202x4142,Karenmouth,"Douglas, Berg and Ford",3
E723990,Tonya Barry MD,william06@yahoo.com,512.718.2990x08998,South Tracybury,Hendricks-Diaz,15
E290280,Cynthia Harris,uross@yahoo.com,646.804.1715x2495,New Rachel,Romero-Hanson,9
E595648,Brian Henson,emcdaniel@gmail.com,(178)023-1588,Kylemouth,Williamson-Tucker,17
E472899,William Dunn,tjones@schmidt.com,893.608.9221x314,South Scotttown,"Dickson, Mueller and Lindsey",5
E247975,Amy Smith,cjones@hotmail.com,001-205-243-2387x122,Ruizville,"Graham, Riley and Mccoy",10
E814712,Larry Moody,coopermegan@johnson.com,240-780-8561x85688,Lake Alexis,"Rodriguez, Garcia and Sparks",19
E705118,Jimmy Gilmore,aruiz@hotmail.com,(053)110-5369x3094,East Gregory,Gentry PLC,9
E694840,Heather Holland MD,thomasmichelle@williams.info,+1-280-658-8614x5294,North Nicole,Paul Group,18
E980061,Mrs. Kristine Sanchez PhD,samanthahouston@gmail.com,+1-813-070-3163x946,South Dianaburgh,"Duran, Clark and Collins",11
E869832,John Coleman,jlane@guerrero.com,001-697-067-0094x895,Lake Rachel,Graham Group,8
E207144,Nicholas Webb,iortega@yahoo.com,(873)282-8425x741,Annefurt,Walker-Gibbs,8
E801577,Shawn Peters,andrewanderson@anderson.com,(209)712-6177,Juliebury,"Dorsey, Thompson and Herrera",6
E555726,Robert Douglas,melissajones@hotmail.com,881-056-8098,Jamesfort,"Burton, Crawford and Gilbert",5
E238053,Carl Brown,amandapope@gmail.com,485.941.0998,Ariasville,Johnson PLC,9
E660578,Cindy Walker,crystal03@hotmail.com,942-215-5465x6454,Christopherhaven,Diaz-Villarreal,12
E287214,Brandon Snow MD,danielsjamie@yahoo.com,(370)259-7740x7204,Johnville,Carroll Inc,7
E332274,Joshua Carter,heatherdillon@hotmail.com,102.381.1312,Lake Jennyside,"Davis, Duffy and Taylor",16
E735075,Kirsten Anderson,igalloway@dawson.com,8316307132,Waynefurt,Parks Inc,19
E499109,Amanda Rollins,pjohnston@rasmussen.com,(398)036-6331x01723,North Davidview,Curry PLC,13
E462678,Mike Anderson,oliverkimberly@randolph.biz,452.508.7620,Karenside,"Baker, Miller and Moody",17
E274126,Jeffrey Sullivan,sabrinalee@hotmail.com,+1-791-181-5223x776,South Taylor,"Mccarty, Wilson and Torres",1
E417754,Patrick Phillips Jr.,yramirez@yahoo.com,(614)213-4064x5535,Jeffreyville,Brown-Weber,4
E799627,Terry Ramos DVM,stevenking@gmail.com,5897685352,Martinezshire,Hamilton Ltd,14
E813209,Raymond Vazquez,donaldsonjasmine@gmail.com,+1-203-752-5324x210,East David,"Mcneil, Williams and Andrews",9
E204274,Paul Davis IV,jessica55@smith.com,582-160-1673,Wademouth,Aguilar-Daniel,7
E862641,Dustin Willis,jonathanphillips@gonzalez-torres.org,236.472.6537,North Arianaview,Hogan Group,14
E484636,Natalie Johnson,ericksonmaurice@hotmail.com,737-715-9871x75383,West Stevenfort,Hayes-Marshall,6
E147518,Kimberly Fowler,jasondavis@gmail.com,+1-307-956-9296x904,Powersstad,"Calderon, Gillespie and Vance",9
E216043,Anne Black,stonezachary@gmail.com,6949370176,Armstrongville,"Chandler, Parker and Jacobson",16
E333455,Beth Bradford,cheyenneanderson@gmail.com,844.851.8252x9178,Jessicachester,Vazquez-Morgan,1
E330747,Lori Smith,wbarnett@brown.com,+1-279-849-1144x2994,Lake Sarahland,Bennett-Lynn,18
E902313,John Bell,nelsonstephen@hotmail.com,+1-118-556-6416,Mcphersonmouth,Keller-Anderson,8
E822135,Timothy Torres,hartdarrell@hurley.info,(718)820-7681,East Louismouth,Page and Sons,5
E185998,Tonya Hall,kristina27@buckley.biz,269-175-0731x44768,East Robertstad,"Gray, Martin and Kemp",6
E643701,Alicia Roberts,troy72@lee.com,+1-842-977-5788x852,Ellisonside,Webster-Davidson,17
E590096,Erin Moran,stephaniekim@gmail.com,001-840-590-6428,West Matthew,Myers Ltd,20
E966325,Jennifer Haas,smithwesley@gmail.com,+1-070-192-2563x248,New Christopherfurt,Morales-Jones,5
E374489,Kelly Dominguez,sclark@yahoo.com,149-662-7332x858,Andersonview,"Gray, Williams and Butler",8
E597758,Aaron Smith,jessica82@hotmail.com,001-700-835-6520x511,Scottview,Wood Ltd,18
E767858,Garrett White,christian06@hotmail.com,232.737.3184x64834,New Seanbury,Costa and Sons,20
E382605,James Smith,ltaylor@robinson.com,(007)908-3846x004,Port Soniastad,Wu Group,10
E806409,Michael Nixon,nwise@hotmail.com,001-032-824-8843x895,East Nicoleburgh,Edwards-Dunn,11
E768936,Phillip Ramirez,jmiddleton@burton-thompson.com,952-096-3727,Jodyhaven,"Sloan, Mcclure and Lopez",15
E453443,Bryan Watkins,mejianancy@gmail.com,834.160.1023,Williamburgh,Grant Ltd,5
E301478,Lisa Kramer,joe43@hotmail.com,001.408.0490,West Sarahfurt,Johnson-Wright,2
E164968,Courtney Harris,carriemartinez@yahoo.com,001-762-590-2243x4529,East Jeffrey,Davidson Group,7
E253540,Sandra Martinez,krystal96@gmail.com,+1-199-890-0346,South Ashley,Hanson Group,15
E504921,Dorothy Hartman,hannahsimpson@hotmail.com,480-208-2393x7897,Robinsonland,"Powell, Salas and Nguyen",3
E648194,Charlotte Ellis,ortizisaiah@yahoo.com,+1-931-426-8057x5298,East Sheilamouth,Houston-Price,9
E222836,Krista Adams,davisjason@yahoo.com,001-690-064-9005x864,Kaylastad,Hudson and Sons,4
E970386,Michael Franklin,dawn09@gmail.com,(171)243-0126x722,Masonbury,Cline-Vang,15
E722576,Megan Jacobson,gnewton@howell-jordan.com,001-283-313-7030,Carmenhaven,Armstrong Inc,12
E317299,Traci Harrington,taylorantonio@howard.biz,296-411-4416x52342,New Kyle,Gonzalez Inc,16
E724597,Wendy Macias,nicholas53@hotmail.com,(056)160-7722,Clintonview,"Monroe, Clark and Hobbs",6
E809749,James Roberts,wbrown@kline.info,001-486-462-8401x13930,South Jacob,"Mcclure, Clark and Watson",16
E197338,Eric Roman MD,johnrandall@taylor.com,204.857.6716x991,Port Jeffstad,"Mcfarland, Black and Stewart",11
E800833,Kelly Benton,montesjason@hotmail.com,538.895.3445,West Melissaborough,Perez-Holmes,17
E857413,Tammy Sanders,erobinson@smith.info,(592)883-2861,Keithbury,Wiggins Ltd,20
E104892,Jose Rivera,daniel84@yahoo.com,(650)054-1867x5257,Grimestown,"Zuniga, Stewart and Griffin",12
E811133,Tyler Rodriguez,csmith@yahoo.com,+1-853-144-5083,Lake Sarah,Garcia PLC,8
E215037,Jillian Ramos,howellrenee@yahoo.com,600-590-2172x60769,Johnsontown,Lane Inc,2
E456065,Gabriella Brewer,meredith63@brady-nolan.com,015.957.3247x3152,Christophermouth,Castillo-Silva,16
E323840,Alan Castillo,joshuafowler@wang.com,001-087-701-9923x4716,Adamsport,"Vazquez, Montes and Morgan",1
E394486,Eric Wyatt,simmonsjeffrey@gmail.com,292-493-9407,Port Jessicaview,Horton-Dorsey,17
E600124,Dwayne Aguilar,dawsonerica@wang.com,001-280-532-5119x67449,East Breanna,Rogers PLC,8
E608214,Rebecca Buck,morganjulie@gmail.com,+1-494-194-7513,New Mark,Vega-Robles,18
E442503,Dawn Dyer,smithrachel@turner-little.com,719-623-2914x8922,South Donald,Brown Inc,10
E372346,Vicki Kennedy,tarasmith@wilson.info,001-676-134-6764,Cindytown,"Burke, Taylor and Esparza",5
E790549,Joshua Myers,kerrmichael@shaw.com,+1-568-252-4583x08342,Zacharyton,"Dickerson, Macdonald and Roberts",14
E441060,Charles Carey,croberts@moore.com,+1-803-436-2842x782,North Gerald,Yoder LLC,13
E522063,Lisa Hayes,kathleen24@mays.com,702-033-7506x41638,Port Kaitlin,Ramos Inc,10
E610648,Sergio Jackson,christensenchristopher@hamilton.net,001-504-551-5427x057,Buchanantown,"Parker, Mejia and Baird",8
E355636,Phillip Crawford,petersonrobin@gmail.com,(548)721-6095x39476,Melanieville,Thomas-Harrison,15
E846971,Ashley Johnson,sanchezsarah@wise-shaw.biz,+1-029-855-8510x2128,Christineborough,"Cook, Wade and Davis",16
E836561,James Collier,vthompson@yahoo.com,4717904416,Cynthiafurt,Reynolds-Morris,8
E584264,Nicole Henderson,shannonwhite@maldonado.com,609.534.5346x18857,West Michellehaven,Jordan LLC,15
E372663,Krystal Smith,combsalexis@gmail.com,(865)908-7327x3378,West Leslieberg,"Williams, Vasquez and Martin",1
E859080,Evelyn Mckinney,kenneth31@bryant-davis.info,569.396.0995x51897,Wilsonfurt,Heath-Cruz,19
E986125,Ross Glenn,cabreraderrick@turner.org,904-024-8354,West Roberttown,Barber PLC,10
E520384,Jamie Stone,hallrichard@gmail.com,001-248-985-0708x312,Dianefurt,"Stephens, Flores and Martinez",12
E260811,Patricia Owens,tdavis@yahoo.com,688.489.8543,Hayesbury,"Sullivan, Owens and Mullins",16
E473293,Bradley Morse,anthony25@hotmail.com,247.611.5054,East Donnafurt,Choi Inc,14
E972684,Stacey Hardy,henrycatherine@yahoo.com,255-282-5607x545,North Candacebury,"Reid, Flores and Jefferson",6
E134416,Bradley Young,morganjames@dalton.com,427.926.0269x598,Joshuamouth,Smith PLC,18
E400990,Bianca Carroll,michael09@hotmail.com,(992)136-4930,Jeremychester,"Wagner, Garcia and Townsend",20
E627794,Gail Reyes,syang@gmail.com,545-287-0178x652,Howeville,"Pitts, Black and Villanueva",5
E703692,Michelle Johnson,robertharmon@hotmail.com,001-445-000-8941x056,West Aliciashire,"Miller, Cunningham and Duran",17
E377488,Diana Watts,joseph08@gmail.com,+1-795-719-5057x15612,Port Michael,"Brown, Smith and Clayton",3
E783607,Jamie Kim,dweaver@santos.com,(595)119-1220,Port Kimberly,Olson Group,13
E149647,Jennifer Brown,jacobsscott@perkins.com,077-266-3907,Webstermouth,Robinson Group,7
E270153,James Cole,andersonmarcus@cunningham-edwards.com,001-251-690-7117x668,East Heather,Gregory Inc,13
E785446,Kathleen Parsons,bonniecombs@yahoo.com,311-154-1278x430,Port Kimberlytown,"Rivera, Vasquez and Wells",16
E147039,Amanda Patel,ndyer@yahoo.com,001-886-795-2197x834,Cardenashaven,Williams-Summers,14
E117197,Mark Gould,kingmark@thompson.net,235.766.2395x55453,Hallberg,Wheeler LLC,9
E469575,Christina Norman,rwilson@cross.biz,(712)985-7181,Davidton,Schaefer-Sanders,7
E142208,Mrs. Jessica Davis DDS,cody81@hotmail.com,(658)283-1146x4435,New Dylan,Mathews PLC,15
E940442,Lynn Sparks,ashleywalker@fowler.com,031.303.7856x2919,Lake Richard,"Gardner, Jones and Wallace",2
E215532,Christopher Hernandez,cookesteven@butler.net,623-881-4757,Lake Larry,Hall-Cole,2
E858037,Jeffrey Carr,markarellano@yahoo.com,5376275188,Kevinview,Smith-Dyer,2
E448387,Samantha Mejia,wcombs@brown.com,1222045442,Isabellastad,"Brown, White and Boyd",12
E552832,Julia Burgess,jamesdillon@henry.com,2425099039,Gardnerborough,Robinson-Johnson,16
E380923,Chris Valencia,mackenzieryan@hotmail.com,2248789472,New Peterstad,Roth Ltd,5
E757706,Anthony Cox,heather91@gmail.com,878.859.0846,Ariasstad,"Rose, Mueller and Rice",11
E762508,Nicole Miller,nicholasrussell@hotmail.com,+1-324-792-7107x233,Smithborough,"Ramirez, Perez and Young",12
E974678,Thomas Douglas,curtischristopher@tran.org,001-281-286-2153x78415,North Crystal,Gomez PLC,19
E273234,James Wood,dbrown@gmail.com,163-609-4190x21448,Port Mathew,"Henry, Jones and Pope",13
E715145,Carl Guerrero,wilsonjohn@hicks.com,2288098034,Williamston,"Molina, Fisher and Ryan",7
E715831,Shawn Castillo,eric75@yahoo.com,001-365-336-6679x40059,Jessicaland,"Day, Knight and Smith",13
E681885,Sharon Lindsey PhD,diamondpeterson@franklin.com,462-637-7739,Lake Oliviastad,"Wilson, Taylor and Martinez",4
E180303,Robin Hernandez,kathleenbryant@gmail.com,+1-122-680-3082x820,North Kevin,"Shaffer, Fisher and Guerra",4
E199602,Christian Hernandez,laurenroberts@gray-marshall.org,7522984864,Jonesmouth,"Henson, Wong and Wilkins",14
E386736,Sharon Case,roberthoffman@anderson.com,186-400-5257x417,New Justin,Stuart Group,8
E741714,Rachel Robles,chad76@yahoo.com,(666)624-4558,Lake Eric,Kaufman Inc,7
E133991,Stephanie Rodriguez,vegatami@gmail.com,2002829407,North Andrewberg,"Martinez, Miller and Ellis",19
E501199,Brian Moore,jenniferthompson@gmail.com,716.459.4586x7525,Annamouth,"Lane, Ryan and Bass",11
E139174,Ronald Smith,clineangela@aguilar.com,001-562-614-8978x777,North Davidport,Acevedo-Sanders,4
E122590,Raymond Smith,ahunter@williams.biz,+1-584-787-5878x834,New Kristinaburgh,"Bryan, Becker and Lopez",19
E272878,Bradley Garcia,isaacshepherd@wilson-bauer.com,(938)885-6795x9421,Port Seanburgh,Smith and Sons,13
E650840,Brett Berg,michaelwilliams@yahoo.com,311.446.2155,New Jamesmouth,"Weaver, Kramer and Jenkins",6
E899239,Jeremiah Phillips,durhammatthew@graham-bass.org,+1-140-959-6181x752,West Cristinaville,Brown-Edwards,12
E217682,John Good,kemperica@wright.info,001-456-285-4070x6764,Emilyfort,King Inc,16
E210995,Blake Aguilar,kathy50@goodman-miller.com,541.805.0014x11802,Bryantborough,Smith and Sons,17
E649374,Tyrone Hayes,qchavez@buck-lowe.biz,233-831-6039x950,Lake Johnville,"Stanton, Moon and Nguyen",18
E365619,Justin Johnson,coffeyroger@brady.biz,943-793-7438,Port Kristinemouth,"Knight, Gonzales and Conway",4
E661583,Lisa Simmons,romanadam@patel.com,+1-130-368-4313,New Andre,Weber-Simmons,5
E779123,George Mooney,goodmankayla@gmail.com,+1-229-766-7621,Port Davidside,Park Group,7
E653831,Susan Whitehead,josephhall@hendricks.com,001-921-896-5304x7914,East Donaldtown,Santos-Adkins,15
E530980,Colton Moran,rwilson@yahoo.com,+1-512-161-8867x729,Victoriafurt,Alvarez-Bradford,16
E246784,Marissa Juarez,rstafford@green.com,173.441.4754,East Pamelamouth,Mitchell-Pena,2
E323588,Jessica Rhodes,andre73@gmail.com,1858068162,Cynthiaberg,Rivera-Nelson,2
E860709,Kristine Padilla,hughespaul@chang.com,(286)236-9926,South Lisastad,"Schneider, Leonard and Gutierrez",15
E580420,Karen Williams,peterjohnson@yahoo.com,001-136-972-5463x04821,Travishaven,"Cox, Lara and Good",15
E703170,Zachary Castaneda,kevin80@warren-aguirre.biz,+1-788-557-0609,Webbton,Cook-Reid,14
E120365,Scott Miller,woodtammy@gmail.com,7042811319,Samuelville,"Miller, Holmes and Randall",11
E660940,Sonya Wilkinson,weavermichael@gmail.com,199-848-4883,Wesleyton,"Washington, Hernandez and Davis",12
E962434,Bryan Brown,teresalyons@hotmail.com,217.590.6582x4097,South Stevenhaven,Walton LLC,14
E913053,Alicia Rogers,maureen72@winters-edwards.com,(931)786-1521x350,Smithfort,Graham-Richardson,12
E190493,William Davis,zgreene@gmail.com,168.437.1430x4108,Lake Rhonda,Anderson-Randall,10
E983092,Micheal Conner,timothygriffith@hotmail.com,+1-989-606-0762x832,Brentside,Lowe and Sons,3
E674223,Amber Espinoza,shenry@young.net,+1-331-730-3962x0420,Port Lori,"Macias, Campbell and Pierce",5
E629568,Tonya Brown,mcclureamy@crane.net,(550)778-3221x987,Howardfort,"Watson, Weaver and Nelson",20
E213601,David Beard,reedmark@lawrence.biz,001-897-063-8551x689,South Crystal,"Bird, Jones and White",13
E839171,Erica Sanders,scott24@thomas-harvey.com,001-283-223-3740x880,Port Johnhaven,"Kelly, Smith and Reynolds",10
E243609,Bianca Ruiz,sharpwilliam@gmail.com,001-820-714-7059,Anthonyland,Fox LLC,12
E944136,Brandon Blake,monica55@yahoo.com,763-264-3447,Castillochester,"Diaz, Walker and Hill",15
E254246,Katie Rollins,hollyjordan@lopez-dawson.com,+1-380-343-8386x18141,New Jacob,"Adams, Hicks and Rodriguez",4
E886829,Samuel Harrison,sarahclark@potter.com,(041)230-3756x8232,Dustinport,"Lewis, Harrison and Wilson",2
E638727,George Livingston,zgarcia@yahoo.com,127-585-9224,Port Monicachester,Sullivan-Johnson,12
E644548,Beth Johnson,deanbrent@martin-wagner.biz,311-050-1395x778,Butlerburgh,Mcbride-Evans,18
E839048,Robert Cruz,anthony36@hotmail.com,3983059650,Spenceside,"Watson, Davis and Phillips",13
E850462,Robin Lewis,danielle85@gregory-phillips.org,+1-996-616-0527x7362,East Christine,Taylor-Johnson,10
E755934,Kevin Jimenez,stephentran@yahoo.com,(998)128-7145x21592,East Justin,Chen-Baird,10
E413513,Alfred Perkins,pwheeler@hotmail.com,(571)854-2259x4838,Royview,Bryant-Kennedy,13
E762914,Kevin Castillo,tonya96@powell.biz,001-819-088-9718x057,Lake Karenfort,"Clark, Owens and Carter",19
E147570,Nathan Williams,candicewallace@roberson-jordan.com,+1-835-526-7706x253,Melissaland,Prince-Vazquez,13
E183402,John Ibarra,cynthia95@reed.com,(021)093-1912,Mullenbury,Cook-Robbins,19
E462203,Alexandria Bates,xmcdonald@allen.com,927-268-5119,Port Jasonchester,"Williams, Graham and Ramirez",11
E567100,Kelly Whitaker,andrew93@gmail.com,001-864-512-9086x36302,West Ashley,Garcia PLC,8
E820448,April Martinez,harrisdustin@maynard-richardson.biz,308.486.4097x17400,West William,Monroe LLC,14
E602282,Angela Lopez,ooneal@yahoo.com,666.814.5630x0605,South Kellyhaven,Porter Inc,12
E876294,Edward Dalton,katrinabowman@gmail.com,554-694-2285,Jordantown,"Melton, Melendez and Day",5
E670328,Aaron Carter DDS,jessicafisher@gmail.com,8812952717,West Patrickbury,"Johnson, Stewart and Simpson",19
E554506,James Smith,robinsonchristina@gmail.com,+1-373-761-1155,Mollystad,Johnson-Gray,3
E544665,Luis Reed,ocox@gmail.com,938.856.0143x6655,South Cherylhaven,Ellis PLC,15
E646171,Vicki Gonzalez,vli@gmail.com,001-293-468-4214x59193,East Davidborough,Giles Group,13
E758953,Nicole Sanders,anne08@yahoo.com,491-950-5819,Ashleyton,Kelley Ltd,12
E462275,Brian Morales,andrewmoore@gmail.com,479-797-7644,Torresview,"Harrington, Kelly and Jones",9
E659665,Warren Molina,oconnorkristy@gmail.com,457.832.5901x5356,Amandafurt,Andrews-Martinez,13
E737081,Dr. Jason Hughes Jr.,tmoore@gray-black.com,(567)189-7586,North Scottburgh,Flores-Rodriguez,11
E544565,Timothy Leon,dking@hotmail.com,302-839-6120x1525,East Kimberly,"Herrera, Torres and Miller",11
E418214,Rachel Ortiz,jayjohnson@gmail.com,332-892-5281,Turnerville,"Lopez, Martinez and Jacobs",2
E470984,Ian Powers,joseph73@smith.info,(142)285-9047x6273,Morrowside,Mccann Group,8
E723747,James Parsons,llynch@hotmail.com,001-836-917-0450,North Cassandraport,Petty-Costa,7
E538506,Amanda Davis,zatkins@tate.com,634.925.8354x6985,South Paul,Davis-Mcmillan,13
E614682,Tricia Perry,moorejamie@roman-daugherty.com,+1-044-417-1162x72725,West Aaronmouth,Woodward PLC,8
E674601,Michaela Knight,ryanshort@hotmail.com,001-769-392-9702x115,Heidifurt,Graham-Parker,9
E722781,Robert Vance,nthomas@bryant-bruce.org,914-141-2681x31616,Lake Allison,White PLC,17
E773961,Lisa Stewart,jillianstewart@sanders-burns.org,9923180053,Ashleyfort,Davis and Sons,1
E135121,Sandra Reilly,sharon71@taylor.com,(014)757-3192x7616,New Jeffery,"Michael, Murphy and Robbins",10
E754816,Jesse Welch,syoung@yahoo.com,8975612325,Lake Brian,Brown and Sons,15
E814107,Jason Glass,qfleming@hotmail.com,952-845-5298x840,South Danielview,"Cook, Evans and Hill",17
E301435,Brian Costa,michael78@yahoo.com,(471)170-8831x5792,Port Justin,Johnston-Gonzalez,8
E916525,Riley Hurley,william29@wilson.net,001-148-638-4237,South Sheliaberg,Rios Inc,17
E665992,James Sanchez,osmith@jimenez-lewis.org,377-561-5595x474,West Samantha,"Sanders, Thornton and Mata",19
E393308,Karen Solomon,veronicasims@zimmerman.biz,+1-729-876-4710x19757,Martinezfurt,Nguyen Inc,5
E119782,Matthew Washington,austinstephenson@callahan.com,339-867-6932,South Heatherville,Cohen Ltd,1
E305104,Samantha Wright,psmith@davis-wilson.biz,(395)456-9083x733,East Maria,Nunez Ltd,10
E310831,Mark Santos,martinnancy@yahoo.com,538-369-9263,New Brenda,"Douglas, Griffith and Reyes",11
E850104,Katherine Miller,markjackson@hotmail.com,(366)516-3474x63526,Silvafort,"Johnson, Sherman and Mercado",15
E236283,Robert Long,pbenson@hotmail.com,001-166-560-2242x68462,Kellyside,"Lam, Crawford and Jones",3
E616094,Whitney Moore,samantha66@wolfe.com,+1-785-779-0841x7938,East Tammyburgh,"Crawford, Glover and Warren",14
E722017,James Mcmahon,nicholasyoung@hotmail.com,(931)539-0923,West Katherineberg,Chapman-Lee,1
E465113,Jeffrey George,katherine38@gmail.com,014-239-6880,Port Terriside,Hicks LLC,13
E452310,Dr. Yvonne Douglas,aparker@hotmail.com,(008)075-4840x6368,Welchland,"Frazier, Price and Brown",19
E689771,Nicholas Brown,richardhooper@sheppard.info,001-850-484-2833,Williamschester,Norris Ltd,19
E217461,Amy Schneider,parkapril@murphy-james.org,(976)401-0072x1079,New April,Archer LLC,1
E116728,Antonio Davis,shane72@gmail.com,(031)558-3010x692,Amandatown,Norman-Mills,15
E581092,Brian Hopkins,corey64@hotmail.com,(714)216-5140,Port Daniel,"Sanders, Dunlap and Stewart",18
E859475,Brian Evans,fgordon@may.com,(848)832-8894x44552,Pearsonfort,"Flynn, Williams and Dunn",18
E336712,Travis Torres,icolon@page-burke.com,(969)146-2951x4991,West Joseside,Bell-Hernandez,7
E257124,Kimberly Murphy,cstanton@hotmail.com,455.192.8259,Rebeccaview,"Savage, Martinez and Zimmerman",15
E476734,Michael Black,skinnersarah@leblanc.net,+1-659-242-7922x9804,Cynthiaport,Miller-Landry,11
E444182,Tyler Daniels,sheila98@carr.net,(701)254-3998x16170,Port Meganland,"Young, Meza and Carter",5
E230868,Justin Scott,yatesbrandon@gmail.com,869-233-3010x532,Lake Lisa,"Taylor, Gardner and Diaz",19
E241633,Denise Barnett,laura72@miller.com,+1-164-335-4086x2033,North David,Wilson-Lynch,7
E227469,Susan Brown,rosejoseph@gmail.com,358.377.4657,East Renee,Stevens-Clements,5
E557217,Mark Vazquez,glennwright@roberts.com,(339)023-9250x6137,South Ambertown,"Jenkins, Rodriguez and Boyle",3
E237675,Jamie Pearson,pamela06@butler.info,+1-979-722-5924,Lake Jacobstad,"Woodward, Short and Young",19
E767395,Jennifer Ochoa,iaguirre@yahoo.com,(355)900-3700,Lake Stephen,Henderson LLC,2
E987956,Patricia Johnson,jerry83@golden.net,725.997.3660x55731,Port Thomasborough,Ramos LLC,20
E966963,Lisa Hansen,kaitlyn62@lopez-snyder.com,760-029-2484x203,Cliffordberg,Hudson-Miller,14
E156110,Michelle White,jamierodriguez@hunter.com,198.830.3475x7211,South Deborah,"Olsen, Jackson and Koch",12
E830339,Amy Reyes,dwayneramos@yahoo.com,784-623-5782,Lake Brianfort,Barnes PLC,5
E563089,Kristen Duncan,mcardenas@mcdonald.com,331.471.5204x77089,Cruzland,Gaines LLC,3
E538429,Martha Hood,catherine96@duncan.info,3664839893,Lake Alvin,Espinoza-Dawson,19
E933451,Richard Jackson,zbenson@romero.biz,+1-615-437-3974x3912,Lake John,"Mcneil, Jones and Johnson",2
E159434,Michael Walters,carl80@yahoo.com,(662)800-9768,South Jared,Davis LLC,11
E868748,Jacob Clark,francozachary@hotmail.com,3573925103,Rogersberg,Esparza-Joseph,12
E538422,Jonathan Higgins,hgalloway@hotmail.com,081.580.8841,Port Edward,Reed-Donovan,4
E243749,Lindsay King,briannagraham@reynolds.com,989.067.2806x52598,Ambertown,"Lee, George and Lee",13
E181144,Angela King,michael44@hotmail.com,001-139-192-1647,Singhbury,"Taylor, Harris and Ramos",19
E193461,Lucas Jenkins,logan15@rose.info,+1-840-898-3849x4783,South Kristenfurt,Barrett-Holloway,4
E977207,Dr. Laura Butler,freynolds@yahoo.com,+1-492-389-2490x239,North Nicole,"Anderson, Crawford and Webster",14
E972714,Kayla Mccoy,john97@davis-rodriguez.net,001-630-020-3583x00045,Owensberg,"Harper, Clark and Martinez",2
E229698,Miranda Ferguson,william42@avery.com,219-528-7599x73532,Lake Stephanieburgh,Ellis-Gutierrez,14
E188005,Richard Howard MD,julieandrews@hotmail.com,1440545340,Johnton,Kline-Turner,19
E922921,Jennifer Jenkins,zdelgado@norton.com,+1-110-938-5231x0476,East Jesseville,Clark Ltd,11
E852014,Mitchell Morris,stephanieschneider@santiago.info,001-395-046-6064,Thomaston,"Reed, Sanchez and Owens",8
E573823,Scott Medina,louiswerner@yahoo.com,591-658-8258x76327,Susanhaven,"Villegas, Ruiz and Garcia",5
E467874,Brian Warren,qrichardson@yahoo.com,260.424.4312x559,North Frank,"Stevens, Miles and Hernandez",10
E154673,Cynthia Evans,vasquezmatthew@hotmail.com,(649)655-3426x45563,Normanbury,"Barrett, Mcgrath and Martin",20
E632716,Frederick Berry,umiller@barton.net,331-471-2579x1096,Rogerston,Young Inc,13
E998707,Mr. Hector Jackson,williamcoleman@yahoo.com,001-749-487-8510x6950,East Nicolestad,"Phillips, Golden and Burns",14
E147279,Heather Lyons,ymayer@gmail.com,(658)003-3875,Davidmouth,Li-Miller,19
E782353,Rachel Johnson,rebeccaking@gmail.com,414.688.1826x54858,South Lori,Smith LLC,2
E973937,Gary Bentley,whitakerstephanie@johnson.net,001-313-059-2933x504,New Ambertown,Davis Inc,5
E234491,Cody Brandt,sbrown@davis.com,(658)302-9773x340,West Stephenland,Rogers LLC,8
E145992,Meghan Wilson,johnthomas@gmail.com,992-507-4910x442,East Raymondport,Smith Ltd,2
E553401,Cameron Navarro,roger79@yahoo.com,313-485-5293x41839,Monicaton,Johnson-Lopez,19
E607186,Tanya Reynolds,steven29@martin.net,809.481.2929x4564,Murphyview,Jones-Hays,2
E839404,Phillip Yates,davidrice@schwartz.biz,(849)939-4135x8330,Port Lauraberg,"Moore, Kidd and Brown",4
E126154,Kyle Simmons,nicholas89@gmail.com,051.764.2189x85957,Maxwellport,"Edwards, Patrick and Wells",9
E661232,Samuel Ross,allisoncameron@yahoo.com,(798)050-5607,Lauraville,"Barrera, Walker and Reyes",3
E429444,Vanessa Bates,joshuaoconnor@gmail.com,001-060-663-1300x6040,Suttonstad,Harris and Sons,15
E169439,Samuel Moyer,anthony65@ellison.info,001-856-089-0433x019,Hudsonstad,Kim-Hess,11
E391122,Larry Wilson,carrie04@yahoo.com,(542)168-0823x677,Jenniferland,Dyer-Mills,4
E595361,Emily Rocha,thomasbaxter@gmail.com,019.312.8871,West James,Braun and Sons,20
E568151,Jacob Watson,obriendaniel@yahoo.com,001-059-460-0205,North Michael,Brown-Ross,19
E383047,Robert Stevenson,steinbradley@gmail.com,109.301.0024,Port Moniqueville,"Christian, Gordon and Sutton",8
E278098,Matthew Page,hartmanbrandon@hotmail.com,920-982-1286x49632,New Haroldburgh,"Henry, Brooks and Martinez",17
E768131,Jessica Rodriguez,campbellkatelyn@stevens.com,+1-872-612-4140x598,Sheltonport,Coleman LLC,16
E755466,Brianna Stokes,todd77@martinez-castillo.com,001-620-493-5320x481,West Melissa,Cantrell-Vaughn,13
E272413,Thomas Brown,mdavila@martin.com,(957)904-3160x5567,North Heidiville,Hall-Reed,13
E158081,Anthony Simmons,wthomas@hotmail.com,+1-268-152-5739x13687,Robertmouth,"Wilson, Martinez and Johnson",13
E533094,Joseph Lambert,linda05@huffman.com,001-090-720-6204x590,Brownmouth,Poole LLC,2
E694834,Chelsea Rodriguez,oarmstrong@gmail.com,001-806-714-6458x59922,Port Christinashire,Palmer and Sons,16
E489860,Heather Harrison,smithholly@rios.com,+1-674-791-8345x93464,Lake Matthewton,Jacobs PLC,18
E381424,Christina Kennedy,ryan69@lopez.info,205.176.8691x6795,Hannahview,Frey PLC,16
E647387,Alvin Miller DDS,sullivanjacqueline@guerrero.net,001-490-557-8296x806,Hornmouth,Caldwell LLC,6
E692892,Linda Klein,suzannebaird@garcia.com,001-682-744-2559x31799,South Maureen,Mccarthy LLC,3
E350431,Alexander Barnes,churchjerry@gmail.com,272.540.0556,Santiagochester,Wilkerson and Sons,11
E248921,Holly Carter,rjames@gmail.com,001-821-930-7658,West Christineton,"Padilla, Gibson and Strickland",11
E928753,Audrey Brown,dcox@green-ali.com,363-064-4518,Lake Andrea,Marks Inc,9
E955152,Jonathan Wiley,wayne46@cunningham.net,001-008-195-9069,South Joshualand,Wilson-Lewis,13
E218564,Jessica Martinez,jfranklin@hotmail.com,001-587-104-8675x18817,West Kelliefurt,Daniel-Malone,15
E378091,Dan Wilson,crystal78@hotmail.com,+1-154-534-9150x844,West Spencer,Hansen-Black,4
E787551,Larry Leach,carlwilkins@yahoo.com,001-135-941-7101x467,West Jessica,"Rollins, Cannon and Thomas",12
E564325,Robert Mitchell,zroach@yahoo.com,083.250.4748x496,Mccoyberg,Barber Ltd,7
E501301,Kayla Martin,jerryfarley@acosta.info,414-464-7405,East Julia,Morrison Group,16
E216411,Trevor Potts,jamie88@hotmail.com,+1-922-410-2767x6671,New Michaelfurt,"Holmes, Rodriguez and Figueroa",14
E212415,Kelly May,williamsjoe@lane.com,(537)178-5761x449,Jamesfurt,Warner LLC,1
E806872,Sophia Brown,thomasjason@carter.com,(539)419-2602x175,Andrealand,Buchanan Inc,18
E697549,Kelly Brown,johnnygutierrez@gmail.com,(231)984-0522x7680,Gileston,Davis PLC,7
E835912,David Benitez,davisandrew@thompson.net,5988889212,South Markfurt,"Patton, Owens and Elliott",7
E407521,Manuel Thomas,astokes@lindsey-poole.org,001-703-087-9788x69874,West Theresaside,Hill-Morgan,6
E988644,Michele Buchanan,uolson@gmail.com,907-187-4505x11726,East Curtisbury,"Riley, Kim and Terrell",14
E600813,Nancy Schneider,davidharvey@morrison.biz,001-144-057-0573x8259,North Ryanfurt,Ortiz-Wright,6
E595208,Caroline Hensley,brianhuynh@yahoo.com,(071)144-8050,East Natalie,Mullins-Figueroa,15
E412839,Shannon Smith,kimberlyhoffman@hotmail.com,663.821.5473,Arieltown,"Cox, Henderson and Meyer",4
E266434,Sean Torres,margaret73@yahoo.com,(108)846-9432x0119,North Loriville,Rice-Stanley,16
E824484,Michelle Caldwell,crystal83@black.biz,+1-770-191-3579x021,Jaredshire,Hall Group,7
E126271,Alejandro Chavez,smithjill@yahoo.com,691.585.8881x129,Angelmouth,Harris Inc,1
E313196,Nicole Morgan,david70@cook.net,001-929-182-0541,North Tracytown,"Yang, Simmons and Thomas",18
E524899,Nicholas Horn,emma72@woodward.info,(651)183-0797x8859,Port Emilyfort,Dixon LLC,15
E150560,Russell Rogers,xmorgan@gmail.com,898.831.1947,Jenniferhaven,"Harrington, Rodriguez and Sanchez",12
E428353,Nicole Ward,fisherjason@hotmail.com,016.525.3726x7796,Danielshire,Simpson Group,3
E145817,Vicki Weaver,nsanchez@stewart-murphy.info,+1-457-552-5226x73134,Patrickbury,Jackson-Robinson,12
E991981,James Smith,yguerrero@woodard.net,6780961299,Katrinabury,Salas-Casey,12
E562194,Jamie Taylor,courtneylambert@lewis-wells.com,402-606-3482,South Joanberg,Randolph LLC,17
E627295,Krista Barker,hward@odonnell-burgess.com,(691)821-9672x22094,Martinshire,"Smith, Robinson and Carter",10
E382373,Dalton Booth,gsmith@yahoo.com,131.065.7735x2149,Lake Danielfurt,Gonzalez PLC,5
E973248,Ann Casey,alexissharp@hotmail.com,726.969.9241x88006,Micheleside,"Buchanan, Barton and Hanson",5
E895385,Christopher Valenzuela,taylorvaldez@hotmail.com,001-828-697-5376x9064,Lake Cynthia,Cruz LLC,17
E325932,Nicholas Martinez,pruiz@gmail.com,+1-846-223-9010x5920,Hernandezbury,Mitchell-Hunt,9
E358759,Sara Sullivan,karengreen@lucas.com,317.367.7490x65814,Jacobtown,Smith-Mills,13
E429630,Karen Sanders,antoniomoran@hotmail.com,001-134-091-0988x348,Torresfort,"Reed, Montgomery and Jenkins",2
E286223,Paul Diaz,joycestuart@gmail.com,+1-403-966-6503x935,North Kennethville,Villegas-Mendoza,4
E854918,Sean Richards,matthewsjeffrey@yahoo.com,001-126-359-7518,Lake Jessicaberg,"Stevens, Richardson and Lewis",16
E474649,Andrew Mann,cunninghamgilbert@hotmail.com,917-436-5178x907,Rachelmouth,Riggs-Foster,10
E433974,Sean Romero,nelsontracy@yahoo.com,001-048-137-2524x8492,West Kristine,Ryan Ltd,10
E312796,Theresa Burnett,dsanchez@clark.com,(361)475-4593x4510,Lake Lauren,Wiley-Williams,6
E116685,Joseph Norris,barrettjeffrey@mcmahon-warner.org,001-136-531-4605,Bakerland,Walker-Rodriguez,6
E570545,Michael Ford,molinakendra@gmail.com,9836300502,West Jamiebury,"Moore, Bowman and Moore",4
E441681,James Phillips,xmiller@gmail.com,914-648-8783,Timothyburgh,"Ware, Perry and Jacobs",15
E832748,Carl Brewer,audrey01@perez.com,7520646040,Kathleenstad,Byrd-Lopez,9
E657403,Sean Valentine,vfuller@roberts-garcia.org,001-974-639-2660x067,New Mark,Johnson-Ramirez,10
E244328,Miguel Jordan,powens@richards-morris.biz,972-031-9528x91855,Ruizmouth,"Johnson, Johnson and Brewer",1
E422609,Shaun Vang,davidlarsen@gmail.com,025.681.4165,Lake Raymond,Green Group,7
E947176,Bethany Ramsey,yterrell@hotmail.com,903.892.8924,Port Nicolemouth,Douglas-George,1
E908136,Eric Robinson MD,wintersjohnny@gmail.com,001-572-133-1664x7518,Lake Kimberly,Robinson-Gray,3
E853165,Eric Barrera,juanbutler@lindsey.biz,597-515-0690x68600,East Franklinborough,Anderson Group,7
E371381,Shannon Anderson,mjohnson@french.com,001-302-242-3835x2663,South Erikafurt,"Scott, Phillips and Robinson",6
E469269,Gary Roth,sextonmatthew@yahoo.com,+1-538-264-6616x342,Russomouth,Clark-Bryant,17
E131098,John Fox,kimkevin@hotmail.com,100.092.5959,Port Traciport,Willis LLC,16
E201599,James Miller,chelseamyers@hotmail.com,444.341.4096,Jadestad,"Rivera, Williams and Rodriguez",7
E236958,Tina Green,vrojas@gmail.com,+1-331-613-8297x971,East Melanieville,Cohen Ltd,11
E811748,Thomas Gordon,jane99@mendoza.biz,001-188-751-2757,Cherryview,Castillo-Brown,20
E299610,Kristin Barrett DVM,xpotter@hotmail.com,001-156-105-1364x541,New Jacob,Long-Wood,3
E886216,Nicole Rice,bethanyrodriguez@hotmail.com,572-282-8973,Lake Sean,"Murphy, Parsons and Marshall",4
E753144,Joy Reynolds,jason79@mcconnell.org,256.664.8870x43689,East Mary,Davila-Carson,5
E105810,Samuel Curtis,vgross@gmail.com,844-484-0308,Greeneville,Smith-Rose,1
E291718,Karen Torres,mikayla57@hotmail.com,807.635.3834,Jarvisstad,"Buchanan, Raymond and Solis",5
E312042,Raymond Carter,hineselizabeth@hickman.com,297.998.3367x77284,Cynthiaport,"Joyce, Hernandez and Thompson",11
E967601,Brandy Bowers,morrowscott@johnson-nunez.com,+1-100-506-7840x593,Aliciaview,Bray-Neal,6
E762221,Brenda Morris,mathisjessica@nelson-finley.com,(372)447-3315x2620,West Joannefurt,Schwartz Group,19
E638410,Teresa Holloway,andrewyates@wilson.info,069-858-1915x128,North Darrellburgh,Collins-Mitchell,5
E262894,Pamela Blake,sbanks@gmail.com,478-790-5601,Lake Daniel,"Holmes, Floyd and Giles",8
E924938,Kimberly Beck,pmoody@yahoo.com,998-399-6948x8369,Dominguezchester,Ortiz LLC,6
E880054,Susan Johnson,kwhitehead@gmail.com,001-632-173-2534x938,North David,"Hicks, Gross and Jacobs",18
E484407,Kristy Robinson,anthony47@franklin.com,001-842-924-4932x78707,Lake Kyleview,Perez-Smith,20
E236074,William Thomas,akrueger@gmail.com,002-845-9760,Oliverborough,Rios-Dougherty,20
E677650,Barbara Brown,anthonycampbell@osborne.com,(588)168-3958x481,Port Sharon,Hunt-Zuniga,20
E121689,Lisa Sanders,zrodriguez@yahoo.com,(897)467-2650,Ericksonport,Edwards-Thompson,16
E448855,Frank Smith,kylieshelton@hotmail.com,619.714.2706x61778,Alexanderchester,Anderson-Richards,12
E709499,Scott Gregory,heather79@gmail.com,903.106.4624x69537,Lisamouth,Cook Group,12
E347751,Katherine Gonzales PhD,robertmcknight@hotmail.com,747.053.0495x8301,New Sabrina,"Snow, Wood and Parker",5
E924921,Emily Williams,kyle45@gmail.com,(668)039-4714x76923,Jamesmouth,"Johnson, Yates and Kline",20
E361196,Michael Fields,christina96@hotmail.com,(155)540-5856x134,Taylortown,"Lopez, Hatfield and Foster",14
E315668,Lindsey Moran,heather32@yahoo.com,(145)133-7312,Rachelland,Fernandez and Sons,5
E982149,Jodi Chapman,gdavidson@matthews.com,487.109.6700x16847,North Brittany,"Carlson, Hill and Robinson",9
E768927,Michele Diaz,espinozatimothy@boyd.com,1597049268,Lake Jeffreyshire,"Smith, Mueller and Robinson",7
E114733,Evan King,ramirezdavid@hotmail.com,(359)977-6368x2524,Anthonymouth,Johnson LLC,4
E142362,Mitchell Gonzalez,peterwagner@ward.com,(464)874-6921,East Arthurport,Johnson-Garza,1
E514742,William Cole MD,bmartinez@grant.com,978-132-5424,Lake Julie,Hartman-Peck,7
E934462,Richard Young,gbrowning@gmail.com,(276)595-3547,North Brucemouth,"King, Wilson and Williams",19
E519306,Erika Gutierrez,richard51@arnold-williams.com,131.463.2097,Grimesmouth,Proctor-Gonzalez,20
E942428,Mary Nelson,dbecker@hotmail.com,+1-424-422-9429,Murphyville,Howe-Rodriguez,14
E545978,Daniel Manning,btownsend@vazquez-banks.com,970.127.0125,Joshuamouth,Taylor Inc,8
E629486,Paul Morris,evelyndonovan@johnson.com,(777)462-0459x1949,Kristinmouth,Patton PLC,4
E681812,Judith Delacruz,scottmario@cochran-moore.com,001-842-438-2395x00793,Martinborough,"Morales, Terrell and Yu",14
E831065,Matthew Anderson,gmorse@yahoo.com,037-964-1002x5901,New Debra,Wallace-Burke,17
E984847,Rodney Chung,nbennett@johnson-collins.com,001-430-526-9582x463,South Aliciaside,Ortega-Stevens,8
E416956,Christopher Scott,leah19@gmail.com,(986)954-8241x564,South Christina,"Lawrence, Parker and Best",1
E790579,Matthew Guzman,paulwalters@harris-frederick.biz,293-362-3090x61940,Carrland,"Roberts, Jacobs and Cunningham",14
E634700,Cameron Cordova,josephgraham@allen-thomas.com,(876)641-8612x6999,Lake Courtneyville,"Roberts, Olson and Hooper",8
E692844,Jeremiah Ross,dchurch@gmail.com,(357)000-3652x764,Port Lauren,Reed and Sons,11
E304440,Ms. Kimberly Barnett MD,robertparrish@owens.com,(991)749-8624x0738,Hollyport,Petersen PLC,19
E916695,Robin Adams,nathanielking@smith.com,+1-620-665-3665x9721,Brennanland,Kelly PLC,13
E918826,Marissa Johnson,michaeltaylor@gmail.com,457.302.7716x79088,Smithport,Stewart Inc,1
E568562,Ashley West,johnsonveronica@hotmail.com,001-282-685-4463x199,Woodsfurt,"Miller, Green and Salinas",8
E722493,Kevin Patterson,vbennett@yahoo.com,(926)744-0530,West Kevin,"Taylor, Cox and Smith",11
E831090,Laurie Harper,iphillips@hotmail.com,(260)758-3443x0313,Suarezport,Krueger Ltd,5
E855159,Susan Bradshaw,williamsariel@yahoo.com,290.698.4696x575,Laurenville,Salinas-Friedman,13
E677338,Stephen Hill,robertrobinson@hotmail.com,(552)333-9459x31022,Alexanderfort,"Flores, Mclaughlin and Sloan",17
E522857,Sandra Booth,robert92@small-turner.com,001-416-626-4914x718,Armstrongton,Buchanan LLC,3
E227832,Richard Robinson,philip86@yahoo.com,+1-557-026-1630x5303,Salazarland,Lee and Sons,10
E129282,Arthur Diaz,jordanlauren@frost.biz,(607)735-4999,South Cathyville,"Bruce, Smith and Sullivan",1
E784039,Wesley Frazier,james67@hotmail.com,+1-990-377-1153x6502,Port Rachelland,Foster-Cabrera,16
E448344,Christopher Rivera,richardsilva@yahoo.com,001-867-379-8114,West Samanthaburgh,Goodman Group,17
E466358,William Bishop,amyashley@chan-king.biz,+1-438-042-3048x0179,Christinetown,Rangel LLC,13
E332900,Catherine Nolan,sandra20@davis-soto.biz,+1-135-143-1115,West Wayneburgh,Velazquez Inc,12
E405737,Kimberly Burns,iflores@hotmail.com,(328)026-4828,Lake Sherryberg,"Nguyen, Robinson and Ball",10
E709906,Justin Hopkins,johnruiz@yahoo.com,+1-842-669-9920x821,New Michael,"Obrien, Brown and Olsen",2
E861166,Stephanie Rowe,torresluis@taylor.com,(810)068-9518x45872,Port Cherylville,Pineda-Martin,8
E577905,Crystal Kim,sabrinacollins@gmail.com,405.839.0332x11659,Nicholasberg,Davis LLC,14
E788594,Julia Beck,brownchristopher@kelly-nichols.com,001-822-872-4105x3860,Sellerstown,"Green, Lee and Soto",15
E214635,Mr. Joseph Wallace,edward66@hunt.com,+1-750-306-8406,Morganstad,Johnson-Williams,16
E643633,Sarah Leonard,gallaghernatalie@yahoo.com,7580423355,Jonesfurt,Gregory-Cisneros,19
E969598,Leslie Clark,edwarddavis@gmail.com,211-161-8687,Leeland,Young-Mckay,15
E587997,Anthony Bell DVM,amber11@yahoo.com,001-139-543-9828x9425,Lake Miguelberg,Holland-Stewart,18
E772322,Christine Hall,norriscarol@gmail.com,(572)710-9567x800,Courtneyview,Colon-Campbell,14
E358598,Deanna Gregory,pmclaughlin@johnson-baker.com,001-204-696-4710x74338,Crystalstad,Torres Group,17
E269426,Tammy Lopez,gcowan@gmail.com,001-158-677-1834x104,West Mariaview,Sanchez PLC,6
E232033,Mark Bowman,christopherstein@hotmail.com,658.305.7169x93417,South James,"Avila, Russell and Diaz",18
E961153,Christopher Lee,ashley91@hotmail.com,751.612.8699,New Laurachester,Ortiz Group,18
E195740,Gabrielle Raymond,kenneth41@gmail.com,2366567543,Sanchezmouth,Davis Ltd,11
E824234,Michael Gardner,anthony64@tanner.info,087-387-6650x0618,Lake Michaelview,"Hayes, Wilkinson and Bennett",19
E887870,Wendy Robinson,lking@gallagher.info,+1-747-218-4015x5330,North Christopherstad,Joseph-Lee,20
E501329,Amanda Mckinney,elizabeth58@foster.org,+1-987-442-8001,Suttonland,"Nguyen, Hardin and Stephens",18
E627021,Tom Miller,xwebster@cortez.com,068-810-6750x96082,New Barbaraside,Henderson LLC,4
E927913,Antonio Walton,aroberts@hotmail.com,430.327.1748,Williamsonbury,"Hoover, Gomez and Williams",8
E126804,Daniel Glenn,sfritz@gmail.com,677.632.1991x304,Lake Kimberlyland,Aguilar-Garcia,19
E855526,Brian Gonzalez,joshua46@hotmail.com,784-499-6803,Jeromebury,Lara-Madden,16
E887915,Brandon Lee,crystal92@jones-washington.com,+1-852-154-3527x22076,Adamport,"Williams, Hill and Turner",11
E723798,Hunter Herman,dayjanet@davis.biz,001-303-398-0593x3690,Christineview,Spencer-Horn,1
E186933,Katie Hill,katietorres@hotmail.com,121.685.1835x018,South Jasmine,"Schroeder, Ramirez and Hayes",17
E272537,Jennifer Shepard,heidi41@marshall.com,407.500.5292x78083,South Williambury,Mcfarland Ltd,18
E744727,Jordan Tucker,erin15@hotmail.com,+1-319-391-6565x02804,Paulmouth,"Johnson, Mullins and Watson",11
E477178,George Graves,ericawarner@austin.biz,698.041.9614,Michaeltown,Meyer LLC,6
E439147,Joshua Thomas,millsanna@gmail.com,948.406.9457,Port Keithfort,"Dixon, Reyes and Glenn",3
E889260,Diana Powell,kflowers@hardy-garcia.com,+1-345-733-1453x997,Cherylside,Harper LLC,8
E963754,Nicholas Clark,obriendana@yahoo.com,8857118395,North Jennifertown,Henry Group,20
E633134,Jared Baird,gabrielle71@mckinney.com,001-777-853-0831x0535,Whitetown,Stout Ltd,9
E261242,Jacqueline West,dli@yahoo.com,453.729.3751x1081,Gonzalezberg,Perry LLC,9
E596984,Kelly Dean,timothy46@ellison-torres.com,519-641-3440,Lake Mariah,Gonzales Group,10
E362561,Timothy Watson,xjenkins@rogers.com,686-816-6162x326,Karentown,"Walker, Green and Brown",16
E344611,Marissa Macias,walkerlauren@gmail.com,001-094-541-1791,New Kristine,"Moore, Jacobs and Smith",16
E264299,Krystal Fields,justin95@jones-marshall.com,(523)050-2000,East Nicoleberg,Morrison-Reed,10
E612816,Jeffrey Green,khudson@hotmail.com,001-010-524-6161,South Georgeburgh,Stewart and Sons,19
E756945,Sandra Brooks,adamscameron@nelson.net,+1-820-221-5929,Cherylside,Gaines-Chambers,16
E324561,Christy Garcia,jenniferjimenez@neal.com,(814)156-4563x80585,Jasonburgh,"Moody, Little and Clark",2
E197789,Ashley Hall,herreranichole@gmail.com,982-083-8957x302,Lake Kristina,"Landry, Flores and Coleman",9
E579731,Miranda Moore,kaitlyn88@preston.com,(930)373-1133x3192,North Andrea,Khan-Garcia,8
E363262,Laura Wilson,louiscruz@jones.com,485.980.1672x09587,Theodoreberg,Daniel-House,3
E828590,Robert Grant,benitezbrandon@jimenez-thomas.org,(175)083-2535x11785,North Crystalmouth,"Moore, Hendricks and Martinez",12
E226524,David Welch,nicolespence@yahoo.com,+1-012-628-3024,Port Frances,"Mcmahon, Holland and Brooks",4
E815940,Olivia Spencer,michellerivera@barrett.info,187.459.8771,Valeriebury,"Park, Sanders and Gregory",10
E741766,Carla Jordan,gnichols@gmail.com,+1-903-199-0332,Johnsontown,Martinez-Ramsey,10
E784549,Ricky Allison,gbrooks@gmail.com,001-983-326-6246,Port Benjaminberg,"Walker, Barnes and Caldwell",1
E596318,Travis Shepherd,cameronlambert@davis-lee.com,001-050-174-1524x671,North Helen,"Richardson, Lam and Peterson",11
E601166,Natasha Lara,weaverholly@farmer.net,355.351.3275x7214,South Justin,Garza Inc,8
E303668,Deborah Little,framos@gmail.com,001-352-667-4310x675,Clarkmouth,"Johnson, Johnson and Byrd",6
E954939,Gloria Ross,tthomas@evans-valenzuela.com,001-977-986-3727x716,Lake Lauriemouth,"Powell, Wells and Roberts",13
E962045,Rodney Vang,leeamanda@gmail.com,001-703-833-7277x360,West Tracyshire,Neal-Martinez,19
E101877,Jeffrey Smith,mhines@gmail.com,(555)913-3368x97446,Porterstad,Henderson Inc,14
E461375,Tina Ruiz,simmonsjennifer@yahoo.com,298-552-6752,Castrofurt,Douglas-Rogers,4
E212721,Dalton Johnson,jenniferchavez@hotmail.com,+1-149-483-4458x82399,East Kimberlytown,Willis LLC,17
E569297,Jose Lee,castrodeborah@hotmail.com,078.395.8899x2930,South Grace,Morrison-Reed,18
E151284,Fernando Campbell,catherine32@gmail.com,+1-021-944-2849x5990,Michaelland,Butler-Nguyen,3
E250791,Samuel Carter,pettyelizabeth@campbell-smith.net,001-827-678-4628x277,Danielburgh,Richardson-Black,11
E204497,George Gonzalez,qreynolds@yahoo.com,001-307-763-5034x6004,South Kylieshire,Stokes-Fuller,17
E859309,Thomas Lang MD,brucemorgan@garcia.net,369.847.7805,New Emma,Jordan LLC,2
E638163,Jessica Rogers,brian92@andrews-hoffman.com,+1-007-838-4508x66054,Port Brittany,Frederick-Miller,9
E390762,Deanna Coleman,hartrebecca@yahoo.com,(191)181-7292,New Jennifer,Jordan LLC,13
E187308,Jorge Young,arroyosarah@smith.com,(414)505-4473,Andreaborough,Rodriguez-Lynch,18
E195357,Troy Meza,hartmanpatricia@gmail.com,(108)773-3675x212,New Jason,Bryant LLC,7
E341017,Michelle Ochoa MD,smithlisa@gmail.com,4001835161,Port Lisafort,Green-Oconnor,2
E938888,Stacie Summers,kathleenrichardson@wilson.com,183-510-1886x80940,Jesuston,"Williams, Stevenson and Garrison",10
E465756,Heather Warren,stephen69@hotmail.com,738.703.7211,Lake Shawn,"Brown, Chang and Thomas",18
E274617,Nicole Trujillo,burnscindy@gmail.com,355-252-6259,Gibbsborough,Shepherd-Maddox,1
E849537,Nathaniel Richardson,lucastracey@gmail.com,624.203.8099x2590,Brittanyton,"Larsen, Navarro and Odom",4
E880030,Amy Austin,lrichardson@yahoo.com,909.706.5119,Villarrealstad,Perkins-Armstrong,16
E403827,Kevin Diaz,annmercer@hotmail.com,071-977-8772x7342,North Anthonyport,Barry-Murphy,1
E566943,Amanda Gonzales,sarah13@aguirre.biz,133.010.9455,Rittermouth,Bradley PLC,2
E398003,Kristina Caldwell,david58@woods-lara.net,764-777-7280x2426,Port Johnside,"Thomas, White and Smith",13
E132429,Sarah Goodwin,davidjohnson@yahoo.com,(870)135-8960x1914,West Matthewfort,Crane-Wolfe,16
E153145,Valerie Martinez,clarkstephanie@alexander-becker.com,0938635969,East Kimberlymouth,"Larsen, Burch and Park",7
E571820,Andrew Webb,yharvey@diaz.biz,+1-297-912-5364x5138,Morrisonburgh,Carlson LLC,19
E938760,Richard Brown,moorechristine@vazquez.com,4130918258,Cherylberg,Harris-Beasley,2
E612070,Susan Green,longbrooke@acosta.com,435-294-8792x03879,West Rebecca,Alexander PLC,2
E894624,Melissa Hernandez,kariruiz@yahoo.com,572.668.2189,Holderchester,Garcia-Jackson,1
E510506,Jennifer Higgins,mcconnelljeffrey@hooper-allen.com,753-392-3834,South Cassidyburgh,Hensley and Sons,19
E948047,Scott Young,joseph29@kane-miller.com,631.457.7673x47762,Ellisstad,"Bell, Bailey and Griffin",14
E674663,Vincent Perry,egutierrez@hotmail.com,6910084599,Lake Christinashire,Whitehead-Kim,3
E828728,Wendy Bell,campbellnatalie@davis.com,057-914-8874x659,Ramseystad,Villa Ltd,11
E641063,Veronica Coleman,usmith@yahoo.com,785-959-4811x3737,North Elizabeth,Ryan LLC,12
E221716,Jessica Porter,avilahannah@gmail.com,+1-075-189-1723x898,Robertberg,Fleming-Gonzalez,12
E433773,Taylor Gray,pchristian@gibson.biz,001-579-598-6493,Markmouth,Anderson-Santos,20
E230473,Kristen Porter,garzasamantha@schneider.com,001-375-967-1771x69646,Lake Cherylbury,"Torres, Herrera and Young",3
E650130,Jacob Moore,jvilla@fleming.info,001-950-798-5022x97856,South Anne,Mendez Ltd,12
E254275,Troy Carter,simonbrittany@caldwell.com,(745)455-6160,Kimberlyfort,Owens-Cantrell,10
E528174,Kristen Rhodes,barbarasmith@yahoo.com,(182)642-7918x488,Kelleytown,Luna Ltd,3
E780143,Kristine Bernard,omiles@wu-underwood.com,001-440-650-8815x5972,Guzmanchester,Herman PLC,4
E118672,Kevin Williams,csmall@johnson.com,001-245-419-5284x78600,Hermanton,Martinez Group,20
E656537,Melanie Cameron,cgalloway@hotmail.com,(907)337-9298,Mclaughlinmouth,"Nguyen, Schultz and Cole",10
E462177,Austin Rodriguez,melanielane@yahoo.com,(305)709-8159x4109,Baldwintown,Campbell-Wilcox,12
E418777,Donald Perkins,william18@gmail.com,411.705.1362x177,South Louiston,"Anderson, Martinez and Brown",7
E406480,Jessica Schwartz,aaron87@james.org,+1-364-979-5974x9963,North Joshua,"Clarke, Castro and Lee",12
E673286,Kimberly Davis,ebailey@gmail.com,299-173-3828x76164,West Kevinfurt,Smith and Sons,4
E628421,Nicholas Sullivan,bmorgan@gmail.com,265.546.8271,Sellershaven,Spence Inc,18
E940905,Vernon Christian,william99@yahoo.com,+1-176-565-6117x3735,North Matthewville,Sanchez PLC,20
E454614,Christopher Newton,morriskenneth@vargas.net,3595630811,Riveraborough,"Wheeler, Collins and Anderson",18
E989413,Melissa Scott,perezryan@moore.com,(376)772-3481,Lake Christianburgh,"Hurst, Cobb and Williams",15
E800307,Jennifer Everett,melissaharrison@hotmail.com,499.939.4918,Thomasberg,Wagner PLC,19
E217615,Douglas Elliott,zkelley@gmail.com,+1-966-091-8030x662,Carrillomouth,Craig Group,15
E675832,Sean Jones,cunninghammargaret@simon.net,005.468.9142x473,Deanland,Smith and Sons,8
E835348,Jennifer Ryan,holmeskristin@thompson.com,(100)972-2127,East Thomas,Bradley PLC,7
E222943,Michelle Johnson,robert52@hotmail.com,972.207.2847x3209,West Caitlyn,"Wallace, Harrison and Powell",19
E939317,Karen Garcia,jessicajuarez@gordon-hurst.biz,+1-675-104-3007x06360,North Sean,"Wilson, Jones and Ware",4
E551513,Joanne Johnson,horneanthony@hotmail.com,744.336.9140x2227,Davidside,Hunter-Ortiz,19
E722068,Nancy Woods,gregory57@hotmail.com,(869)638-2116x56974,Port Jameston,Cisneros-Jenkins,14
E181991,William Massey,youngbethany@yahoo.com,+1-947-843-2677x56458,Josephland,Evans and Sons,12
E737336,Wayne Higgins,james49@hotmail.com,518.021.8877x834,Whitneyshire,Finley LLC,11
E262204,Barbara Obrien,anita30@ramirez.net,001-252-724-3389x56712,Brookschester,"Williams, Elliott and Ford",14
E127248,Pamela Downs,patriciaturner@gray-moss.com,(685)234-0857x0004,East Evan,"Clarke, Ward and Powers",7
E128952,Katherine Rivers,grayeric@avery.info,+1-162-998-8118x258,Kevintown,"Douglas, Sanchez and Miller",15
E266880,Brittany Booker,ocarroll@nelson.biz,030.526.4231,Davidborough,Good Inc,4
E326550,Mrs. Kristin Romero,michaelgibson@cox.org,+1-247-512-9691x904,Raymondshire,"Martinez, Richards and Nelson",1
E267340,Benjamin Cunningham,ysharp@yahoo.com,923.278.3306,South Ericbury,Kelly and Sons,7
E804626,Jesse Lucas,evanskimberly@gmail.com,(947)206-8364x2108,Kathrynton,Ochoa Group,19
E768965,David Martinez,kbishop@hughes.com,146.326.1880x5480,North Vickieton,Martinez-Eaton,13
E820283,Daniel Watts,danielsantiago@evans-mercado.com,494.885.9198,Matthewtown,Barnett Ltd,4
E927233,Joshua Dudley PhD,nicolecraig@wilkins.com,784.999.5970x8798,New Karen,"Collins, Rich and Thompson",1
E183414,Jeffery Cox,michael36@yahoo.com,250.391.0889x726,Frenchchester,Jackson Group,4
E849882,Nicole Castillo,ujones@smith.com,656-387-7842x62189,South Julia,Taylor Ltd,6
E275930,Heather Webster,kara96@dunlap.com,(406)666-8585x25694,Daviesfort,Flores-Vargas,12
E341929,Scott Jackson,danielpayne@young.info,(858)225-7619x2771,Kellyside,Park-Hansen,4
E267879,William Williams,rollinsjacqueline@hotmail.com,001-412-954-0466,Markton,"Bennett, Rodriguez and Huffman",4
E215379,Monique Baker,cgilbert@hotmail.com,(763)674-3196x502,Hallmouth,Griffin-Lozano,15
E434107,Daniel Stafford,nmorgan@browning.biz,4585221100,New Tamaraborough,Williams and Sons,7
E155117,Katie Hart,erica42@gmail.com,444-668-0472x6869,North Richard,Christensen-Wright,12
E627337,Anthony Phelps,craig21@mullins.info,(331)954-2531x29915,Lake Christopher,Clark and Sons,11
E649046,Derek Brown,royrobin@yahoo.com,+1-806-804-5647x3593,East Brandon,Hayes LLC,18
E425888,Paul Figueroa,christinascott@gmail.com,001-456-620-5186x73209,Myersview,Reynolds-Jacobs,3
E228097,Linda Stewart,duranalan@hotmail.com,356.846.2165x31747,Port Stacy,Lewis and Sons,9
E784416,Kimberly Wolf,jnixon@andersen.com,001-995-658-8412,Frankfort,Fox LLC,14
E920806,Veronica Young,browningcheryl@gmail.com,8172055426,West Brittanyburgh,"Lane, Mason and Gill",1
E739501,Ashley Moore,imeyer@bruce.info,873-549-1407,Port Alyssaborough,"Shah, Finley and Garcia",8
E464155,Chelsea King,ythompson@frey.com,252-381-6153x2685,Derekfort,"Butler, Stafford and Huff",14
E706582,Sarah Becker,john05@yahoo.com,(998)451-6609x4496,New Courtney,Barajas-Mcguire,10
E870581,Heather Bridges,vpearson@gmail.com,(021)383-0325x26116,East Pattyland,"Gonzalez, Ramirez and Williams",15
E859511,Heather Mcclure,tony68@hotmail.com,+1-874-506-0277x647,Briantown,"Williams, Thompson and Kennedy",15
E639769,Alexander Hickman,michelle24@graham.org,930.017.8176,Juliaside,Stanley Ltd,15
E636946,Philip Rivera,westmatthew@conley.com,+1-876-086-6853x31819,Jamesfurt,Smith Group,20
E283331,Bridget Levy,brownjill@yahoo.com,001-202-590-9002x2033,Karimouth,Johnson PLC,19
E293016,Charles Hatfield,zbeasley@sandoval.net,1710947399,Lake Sean,Dickerson and Sons,16
E123059,Robert Walker,ostark@beard.com,647.594.3414x277,Reyesfurt,Tyler Group,8
E173857,Jordan Barnett,april27@hotmail.com,879.494.0923,South Garrettchester,Kerr-Lee,13
E499176,Jacqueline Brown,eriley@holland.com,(374)414-6118x400,Thomasmouth,Leblanc Ltd,17
E170556,Nicole Bates,maryturner@hotmail.com,001-289-655-9313x6229,West Benjaminville,Jimenez-Ingram,8
E234565,Richard Baker,stacy72@harris.com,001-351-052-2729,New Jeremy,Gutierrez and Sons,11
E816831,Adam Figueroa,richardbender@guerra-daugherty.com,001-866-541-6166,Willistown,Bradley Inc,10
E864303,Matthew Golden,ashelton@valencia-ellis.com,048-053-7734x39407,West Joseburgh,"Thornton, Keller and Swanson",13
E202433,Charles Kelley,matthew67@gmail.com,001-005-934-1463x77418,Lake Josephside,"Tanner, Gamble and Moore",6
E824792,Tina Smith,susan09@hotmail.com,+1-173-532-1190x75950,Johnsonburgh,Gentry-Sanchez,14
E967063,Amy Lynch,porterangela@kim.com,656.255.4562x01128,Housefort,Price PLC,20
E634371,Heidi Clark,qperry@armstrong.com,+1-347-153-1561x43144,Vincentbury,Davidson-Cochran,11
E418133,Laura Beck,lsilva@gmail.com,177.577.0672x82259,South Brandon,Vargas-Ramirez,13
E211740,Linda Scott,epeterson@sims.com,683-566-9912x1869,Catherineburgh,"Bowman, Christensen and Martin",18
E567495,Daniel Jones,juliawilliamson@gonzalez.com,289-079-8170x53339,East Ruthmouth,Orozco Inc,2
E418427,Jeffery Fernandez,patricia79@kim.net,(473)579-6007,Thompsonview,Gomez-Cox,17
E123685,Donna Rose,bgreen@duke.biz,5288355197,North Ryanport,Golden LLC,20
E165409,Joseph Everett,veronica02@hotmail.com,001-356-502-6558x318,East Kevinville,Salinas LLC,10
E590520,Allison Wise,gbennett@yahoo.com,8899254135,Kaylabury,White Ltd,4
E958803,Jesse Waller,campbellchristopher@collins-james.org,797.388.6816,Morenofort,Bautista and Sons,10
E902124,Kayla Gray,yvette24@ross.com,001-614-009-2942x73040,West Lisa,"Wheeler, Donaldson and Carpenter",19
E506515,Amy Carson,awalker@yahoo.com,799.348.3519x8477,North Christie,Jackson and Sons,16
E325745,Rachael Sanchez,rmacias@gmail.com,001-721-958-7772x754,Brittanyborough,Silva-Wilson,6
E747696,Dale Fisher,robynwatkins@daniel-zuniga.net,+1-021-448-0167x3036,Flowersburgh,Fletcher LLC,7
E964835,Cody Morris,tbrown@miller-rogers.com,2884595122,Laurafurt,Massey-Jones,20
E350810,Natalie Sharp,williamsjoshua@gmail.com,110.581.2636x3935,Chelseatown,Bradley Group,5
E974260,Manuel Stevens,bartlettstacy@hotmail.com,001-969-676-8236x08869,South Kylemouth,"Larson, Simmons and Woods",16
E289420,Edward May,franciscojohnson@myers-chavez.com,3057658246,Bobbyville,"Davis, Williams and Elliott",7
E708101,Stacy Jones,hopkinsjennifer@gmail.com,(029)731-8783x700,Jamesland,Hamilton and Sons,19
E320954,Sandra Martin,smithkaren@hotmail.com,683-311-0712x05813,South Brittanymouth,Garcia LLC,9
E452758,Christina Ruiz,collinsjessica@gmail.com,(196)786-2950x734,Stephenport,"Davis, English and Baker",19
E187866,Sydney Dickerson,melanieking@bruce.org,001-884-297-6798x0246,Smithmouth,Brennan-Johnson,18
E586544,Megan Howe,obrown@allen.com,621-278-6434,Taylorville,Hubbard-Lawrence,14
E737006,Nancy Bennett,brettrose@maldonado.net,(975)924-8713x103,Garciaton,Smith-Patel,11
E529865,Lisa Collins,cjohnson@hotmail.com,6243583781,Bauershire,"Ross, Black and Reed",15
E292311,Lisa Cooper,hartmanmegan@gmail.com,(443)468-0688,North Anthonymouth,Joseph-Lopez,20
E978307,Melinda Cummings,jwilson@hotmail.com,+1-926-298-2372x875,Lake Shelia,Gutierrez-Fox,18
E880899,Michelle Woodard,benjaminkidd@yahoo.com,630-163-7235x60976,Lake Julian,Lewis LLC,1
E389301,Tracie Valentine,nancy89@yahoo.com,+1-621-855-7196x54719,New Jorge,Sanders PLC,6
E699954,Adam Young,fsanders@smith-carter.info,902.136.1944x9158,Amandatown,Hardin-Gallegos,20
E537556,Jessica Jennings,stacythompson@hotmail.com,001-441-273-8943x38214,Lake Shane,"Flores, Thompson and Bradley",14
E116725,Brian Gill,julia63@gmail.com,001-935-290-0520x51949,Juliachester,"Kelly, Giles and Morgan",2
E286125,Carlos Schneider,rjenkins@hotmail.com,(545)309-9314x6855,Andrewborough,Miller Inc,18
E146931,Natalie Jones,tinaknox@hotmail.com,(021)005-5471,East Olivia,Cummings Ltd,11
E653017,Sandra Carroll,dominic84@haynes-mason.com,188.245.0629x09014,Christinaport,Mendoza Ltd,17
E690005,Christopher Norris,lopezjohn@gmail.com,001-407-942-7598x6361,New Jamesberg,"Weaver, Smith and Roy",7
E342529,David Beck,greenchristopher@rose.com,554-786-6605x4706,Colonville,"Lee, Campbell and Fletcher",13
E728173,Kimberly Smith,lisasoto@smith.info,+1-734-012-5105,Lake Christopher,Thornton-Murray,4
E423939,Denise Johnson,ryan97@holmes.info,591.885.8767x694,Samanthaburgh,Bean-Simmons,7
E261984,Jennifer Navarro,jennifer08@benjamin.com,(108)733-1473x697,Leefurt,Harmon-Martin,13
E759572,Rodney Jones,wilsonchristopher@hotmail.com,991-035-9642,East Jessica,"Martinez, Lee and Cox",15
E301649,Elizabeth Horn,toddgillespie@yahoo.com,001-901-071-2242x3607,Gabrielside,"Olson, Juarez and Williams",12
E593798,Alexander Preston,ibradley@stewart.org,(047)598-3374,Velezstad,Rivera-Nelson,15
E442920,Teresa Hudson,kiara58@davis-allen.info,459.920.0330x769,East Shane,Guerrero Inc,9
E343884,Nicole Palmer,deckerjames@yahoo.com,(211)581-1030x485,Terrimouth,Morton Ltd,2
E456834,Todd Wilson,philip61@hotmail.com,001-488-610-6829x906,Nelsonfurt,Moon-Gonzalez,8
E216558,Christopher Rodriguez,tmitchell@hughes.com,001-464-932-5895,Racheltown,"Gross, Johns and Mcmahon",3
E924386,Kerry Lee,katrina61@gmail.com,623.863.8346,Ambermouth,"Mcconnell, Johnson and Young",10
E239766,Cynthia Wilson,hholden@hotmail.com,973.471.6403x5324,Johnsonhaven,Haynes LLC,18
E914865,Linda Perry,davefrey@hotmail.com,+1-165-996-1108x99156,West Benjaminstad,"Odonnell, Butler and Williams",11
E877852,Jo Medina,ggates@hodge-rose.com,001-414-850-0632x36511,Bendermouth,Hernandez-Rodriguez,9
E571748,Megan Hudson,leah87@jones-mason.com,(615)400-0871,Stephenburgh,White-Ross,20
E186211,Samuel Spencer,ortegadavid@yahoo.com,001-965-710-3577,Port Lawrence,"Price, Villa and Palmer",17
E313961,David Gill,qharris@castro.org,+1-600-145-7574x95852,Mooremouth,"Phillips, Melton and Walker",16
E741320,Arthur Miller DVM,gsharp@hotmail.com,+1-317-407-5315x48722,Lake Amyport,Anderson and Sons,5
E995473,Nicole Peck,joseph72@gmail.com,812.222.7997,West Katelynton,Castro-Garcia,14
E665266,Miss Mary Walters DDS,manuelpatel@hotmail.com,536-174-7101,Harrisport,Walters Inc,10
E204206,Sean Wright,salazarkelly@yahoo.com,062.295.7540x28964,Lake Valerie,Sullivan-Diaz,13
E621251,Danielle Browning,millerraymond@callahan-gomez.biz,070.342.1941x556,Lake Cherylport,Frost-Rogers,1
E475385,Dean Baker,matthewmartin@campbell.com,001-050-631-0919,Matthewchester,Pineda-Wood,5
E398932,Karen Zuniga,tmcdonald@gmail.com,(254)151-3653x80026,Donaldstad,Sharp and Sons,1
E415807,Adam Alexander,samuelsmith@brewer.com,(183)720-3974x4198,Port Brittanyview,Beck LLC,15
E806045,Monica Evans,srice@gmail.com,(902)321-4616x4032,East Amy,Pitts-Morales,3
E519763,Rachel Frost,tammysmith@alvarado-walker.biz,001-661-418-7554x83505,West Davidmouth,Harris-Santiago,4
E901121,Steven Davis,janeblake@hall.com,764-063-9697,North Crystalberg,"Carlson, Kim and Hanna",9
E487350,Morgan Allen,amy00@ferguson.net,(586)573-7857x391,North Gary,Brewer-Hayden,15
E840561,Robert Ibarra,dana66@gmail.com,(537)731-7533x133,Lake Barbaraland,Herman Ltd,13
E483438,Jonathan Campbell,sbrown@gmail.com,548-052-1914x46660,Bradfordberg,Walton PLC,5
E455334,Jerry Howe,amandaharvey@avila.com,156-438-5232x585,South Aaron,"Kim, Johnson and Miles",15
E229418,Shelia Jones,jonathan61@rodriguez-hendricks.biz,649.089.2604,Port Jameshaven,Bailey PLC,2
E720530,Heather Rivera,ronnieholmes@smith.com,+1-650-875-3666x010,Lake Rachelburgh,"Davis, Hernandez and Davis",11
E232563,Karen Brown,robertking@riley.com,+1-653-997-0153,Richardstad,Richards and Sons,18
E199091,Angela Smith,sara65@hotmail.com,067-579-2933,South Johnfort,Murray Inc,20
E731145,Charles Richmond,pamela42@yahoo.com,(186)724-5421x6611,Dillonside,Lee PLC,12
E699499,Michelle Conway,cindy79@le.com,001-502-059-7676x877,Andersonside,"Vazquez, Eaton and Cortez",6
E510223,Gregory Walton,petersonjoshua@clayton-anthony.net,790.254.7245x83029,Rodgerston,Richardson Ltd,1
E187989,Jonathan Oneal,ashleysmith@gmail.com,803.796.2644x4347,Robinton,"Spears, Reyes and King",19
E146173,Bailey Davis,emily53@rasmussen.com,718-623-6129x940,Villegasmouth,Johnson and Sons,16
E496002,Kevin Wallace,daniel89@bell.net,(869)265-4779,Gregoryfort,Gonzalez-Hopkins,3
E683892,Jessica Gonzalez DDS,carmen42@yahoo.com,(048)673-9732,South Nathaniel,Barton-Miller,12
E321094,Mrs. Jillian Edwards,qwright@gmail.com,+1-127-369-2164x15614,Sarahtown,"Conway, Steele and Davis",19
E670954,Dawn Edwards,craig68@gmail.com,001-967-315-6423x1413,Port Patriciastad,Allen-Campbell,3
E904702,Pamela Reed,barrycaldwell@hotmail.com,001-097-511-2319x20733,Priceberg,Sellers-Marquez,14
E149306,Michelle Wilson,victoria60@hotmail.com,106-438-7543,South Adamfort,Ramirez and Sons,17
E476362,Laurie Barry,rowlandandrew@gmail.com,165.569.3606x60049,Lake Paulside,"Cole, Silva and Martin",10
E100811,Nicole White,vphillips@gmail.com,090.796.9291x457,Jenniferfurt,Ferrell-Bird,19
E346858,Angela Simmons,raymondhammond@yahoo.com,6411099620,Christopherfort,Harris-Munoz,1
E899202,Mr. Timothy Pena,williamsjonathan@gordon.net,(883)874-1320,Josephshire,Brewer Group,3
E104073,Jill Thompson,david08@johnson-hartman.com,(767)115-6918x91733,Colefort,Parker PLC,20
E909451,Tony Moreno,qballard@parks.com,+1-641-070-2264x1602,Williamsstad,Clayton PLC,9
E780468,Kelly Acevedo,lisa24@gmail.com,(712)451-3808,East Laurenshire,Chandler Group,19
E186827,Anthony Rocha,castillojeffrey@hotmail.com,+1-102-321-7038,Simpsonmouth,Lewis-Stewart,2
E375613,Adam Allen,garcialouis@hotmail.com,845.574.8293,Lake Jameshaven,"Terry, Macias and Stafford",20
E883062,Robert Brown,andrew64@yahoo.com,135-028-1583x637,Howardmouth,"Moore, Barnes and Ponce",14
E918477,Rachel Sanders,rebecca68@gmail.com,528.341.6924x8797,Russellchester,Jones PLC,8
E310171,Benjamin Noble,frenchmelissa@yahoo.com,8717074937,East Jeremyborough,Foley-Pearson,11
E645790,Joshua Patterson,dbailey@yahoo.com,2088570331,Abbottburgh,"Cole, Ortiz and Rice",13
E489485,Jessica Tate,phillipknight@gmail.com,(219)989-9128x2239,New Alexander,"Clark, Stokes and Chavez",9
E128742,Donna Martin,william60@smith-hughes.org,(296)400-6918,Armstrongborough,"Rosario, Burton and Steele",2
E516515,Tyler Howard,calderonjeremy@peterson-may.net,+1-316-196-2169,Port Eugenefort,Duke-Green,18
E483080,Monique Esparza,kristincoleman@holmes.com,(531)549-4782x6301,Jacobstad,Villegas-Montgomery,18
E353816,Erin Lewis,cassandra91@butler-adams.com,(003)376-2894x023,Mariaburgh,Warner PLC,16
E900648,Sarah Thompson,mccartysamantha@bridges.com,(476)461-3998,North Randallberg,Atkins-Russo,5
E677619,Michelle Carson,colleenmullins@gmail.com,887.778.2925x0982,Gallowayfurt,Harrison-Smith,5
E841533,Jessica Woodward,crawfordjenna@garner.com,001-953-734-7969,Kaitlynmouth,Chavez Inc,20
E213086,Erin Mcintyre,vhenry@perez.com,+1-330-504-6851x902,Sawyerborough,"Collins, Warren and Walsh",14
E450589,Gordon Daniel,kathywhite@hotmail.com,(663)055-2084x0077,New Christopherberg,Bishop LLC,4
E391978,Jesse May,randy93@yahoo.com,803-848-4513,East Phillipview,Jackson-Smith,13
E849978,Ryan Mcdaniel,sarah00@jackson.com,001-724-817-6885x0777,Williamsside,Steele-Gibson,14
E144204,Shawn Sanchez,courtney66@garcia.com,(524)957-2784,Collinsmouth,Madden-Jackson,17
E896858,Mr. Ruben Huffman,pjoyce@hotmail.com,001-112-008-5354x799,West Brendastad,"Rivera, Brown and Wilson",20
E390622,Jeffrey Perkins,robert03@gmail.com,(986)304-3730x27777,Robertsonside,Turner Ltd,5
E285377,Daniel Boone,wrightcatherine@hotmail.com,+1-488-237-9599x156,Lake Jackiebury,Delgado-Reeves,12
E760671,Christopher Hoffman,ethompson@hart.com,(652)830-5782x421,Port Victoriaview,Pace-Webb,2
E120159,Lisa Wade,gbutler@yahoo.com,001-482-333-6307x53943,East Pennyfurt,Rodriguez Group,11
E955447,Melanie Gonzalez,susan31@travis-york.com,(920)400-1680x8889,Sellersland,Goodman-Lopez,3
E666005,Brent Andrews,larry53@gmail.com,441.676.3518x31254,New Joseph,Warren-Long,11
E735046,Joshua Newman,bnguyen@yahoo.com,+1-454-074-3050x42651,South Erica,Gibson-Fisher,10
E909295,Eric Kennedy,savannahglover@parks.com,(459)936-4524x6247,Port Leslieshire,Short-Mueller,15
E576389,Amanda Curry,mendezandrew@hotmail.com,+1-435-853-5368x1684,Victorshire,Blackwell PLC,7
E330479,Paul Baker,feliciakelly@gmail.com,607.519.4348x779,New Sarah,Lopez-Smith,10
E152770,Alexis Hutchinson,josephclarke@ashley.com,017.079.7003,South Theresaside,Wall and Sons,18
E810525,Kari Brennan,douglaswayne@edwards.info,770-525-2777,East Gina,"Parker, Robinson and Garcia",20
E674347,Teresa Palmer,autumnreyes@yahoo.com,001-196-566-5201x384,Marilynville,Hernandez-Phillips,6
E994434,Kaitlyn Newman,wolfeannette@jones.org,0763606101,Osborneburgh,Ingram-Collins,15
E839624,Brandon Harris,joseph97@gmail.com,(732)309-6260,New Jamesland,"Snow, Hall and Browning",4
E662662,Donald Sweeney,raysusan@sullivan.com,(617)315-1836x802,Barbaraborough,Paul Ltd,1
E359282,Rachel Gonzalez,halvarado@murphy-adams.com,(862)133-8191x0744,Joshuaville,Rosales-Snyder,19
E941050,Brooke Nicholson,kayla62@scott.com,788-426-8495,Hayesview,"Hickman, Russell and Richardson",13
E296222,David Vazquez,wjackson@fuller-jones.com,7427883184,South Joan,Hughes Group,9
E778364,Nancy Hernandez,zmiller@lindsey-miller.com,4915105871,Peterbury,Rice LLC,14
E286613,Luke Hall,alexasalazar@yahoo.com,+1-454-687-6079x8321,Williamland,Hood-Pennington,7
E285927,Joseph West,ncarpenter@hotmail.com,351-752-8157x8673,East Michaelville,Parsons Ltd,10
E199374,Kimberly Wilson,schneiderstephen@hotmail.com,(528)612-9024,Richardside,Greene-Fitzpatrick,9
E178568,Sandra Farrell,rodriguezjoshua@bailey-rodriguez.net,+1-776-783-7186x35625,West Michaelshire,Herrera-Haynes,13
E970133,Jamie Conley,pjohnson@yahoo.com,(885)331-4465x67508,Cliffordport,Rodriguez-Rivera,18
E131693,Kevin Schmidt,williamsterri@yahoo.com,(213)262-0241,Port Lisamouth,Randall Ltd,3
E218913,Sarah Huang,dbooth@gmail.com,509.759.8955x30795,Bryantfort,Aguirre PLC,18
E742000,Patricia Sanders,aprilcasey@peters.org,(055)747-0258x65792,Port Leonardborough,"Bell, Baker and Hunt",10
E286792,Amanda Yang,jamierobertson@rodriguez.com,2979053019,Darrenstad,Dixon and Sons,10
E703811,Alyssa Young,billy72@hotmail.com,809-627-6486,Leeview,"Johnson, Moore and Gibson",5
E797017,James West,fritzbobby@yahoo.com,3526711653,Port Stephenhaven,Ellis Inc,4
E662087,Paul Diaz,diane08@gmail.com,+1-885-761-8853,Port Alexis,Hawkins Inc,19
E453006,Melissa Robles,gainescraig@hotmail.com,001-816-770-3994,New Teresamouth,"Fuentes, Williams and Dyer",5
E129510,Carolyn Wilson,pyoder@munoz.org,001-999-121-0556,East Patrickton,"Gibbs, Banks and Smith",13
E323047,James Nguyen,lauramiller@richardson.net,5324672592,New Mary,Peck-Young,18
E183943,Theresa Glass,justin60@hotmail.com,(305)884-6108,Aliciaborough,Bridges-Griffith,20
E407583,Alexander Wilson,jessicasummers@hotmail.com,912-660-0712,Davidchester,"Hodges, Walker and Silva",13
E964383,Kevin Alvarado,maryrose@webb.com,578-878-2809,Justinberg,"Moran, Moody and Harris",3
E944444,Edward Smith,danielsantiago@russell-norris.com,087.591.7771,Kimberlyville,"Decker, Mccarthy and Bowman",15
E819760,Joshua West,ahess@hotmail.com,(505)768-9946,New Jacktown,Hughes-Giles,18
E718308,Tracy Allen,slewis@gmail.com,661.485.2725,North Lisa,"Griffin, Mitchell and Anderson",5
E381819,Rachel Salazar,shirleyhicks@adams.net,712-956-5681x33198,Zacharyfort,"Drake, Lee and Anderson",20
E184855,Dustin Jones,kelsey58@higgins.org,4315217128,East Crystaltown,"Olsen, Riley and Lin",1
E959182,Kayla Savage,edwardmccann@gmail.com,454-559-9823x023,West Christinatown,Day Group,6
E847170,Hannah Farley,karensmith@francis.com,920-360-0431x046,Dayview,"Moore, Rivera and Allen",12
E956500,Michael Hudson,haroldcooper@moore.info,6025770129,Jasonshire,"Gray, Williams and Bishop",2
E876728,Erika Marquez,mark68@frank-wolf.net,800-811-4778x72820,West Doris,Owens LLC,13
E207704,Nancy Crane,larry19@hotmail.com,169.280.8303x578,Nicoleside,Thornton-Powell,9
E106364,Martin Rodriguez,richard91@hotmail.com,716.540.0221,Jeffreychester,Owens Ltd,19
E471595,Dr. Jenny Johnson MD,murrayrobert@hotmail.com,001-759-165-9335,New Janetberg,Beck-Walton,19
E146530,Kelsey Williams,hernandeznathan@hotmail.com,917.102.0302x28561,Dixonport,Flores-Parker,12
E454592,Annette Stafford,trankathy@montes-david.com,001-117-971-5216,Vickiehaven,Poole-Small,3
E707125,Rebecca Davis,coreyjimenez@calderon.com,001-529-130-9825,Riveraberg,Blake-Simmons,1
E388551,Brenda Ruiz,nguyendavid@hotmail.com,(458)456-0067x73907,Port Benjaminfort,"Erickson, Holmes and Carr",12
E537106,James Davis MD,nbarnett@gmail.com,9485490761,New Christina,"Williams, Wade and Blevins",5
E124492,Sean Diaz,rosebenjamin@hotmail.com,+1-194-717-8983x636,East John,"Jones, Shaw and Bush",4
E245198,Rodney Obrien,greenlindsay@yahoo.com,001-299-562-0266x223,Bishopland,"Richardson, Price and Davis",9
E986875,Kyle Walker,kimberly64@gmail.com,(792)929-2117,Cynthiaview,Thompson-May,5
E403133,Terry Garcia,robert72@guerra.com,436-453-3761,South Matthew,"Patterson, Hall and Hill",5
E127108,Christopher Ray,cschwartz@gmail.com,391.304.5244,Bartonmouth,"Fischer, Hutchinson and Robinson",16
E729706,John Garcia,gbrown@stanton.com,+1-358-783-0123x86150,Jeremyside,Roberts-Becker,12
E970607,Jeffrey Snyder,christinagonzales@martinez-woods.com,(058)286-7621,New Thomas,"Ross, Cole and Turner",17
E933452,Carrie Clark,meghannunez@gmail.com,+1-515-095-3353x228,Mendezmouth,Shepard Inc,17
E822272,Jessica Orozco,kendra89@hotmail.com,001-336-131-3582x786,Lake Alexandra,Ballard Inc,2
E560308,Denise Lawson,ubarton@yahoo.com,5139996863,Riceborough,"Dixon, Nelson and Wilson",19
E691957,Dr. Sharon Martin,rmartin@richardson.com,849-115-0525x89265,Peterview,Joseph-Rogers,1
E719473,Kerry Wright,mccarthysamantha@hotmail.com,(604)478-7617,Cameronside,Powers Inc,6
E799059,Kathleen Weber,dreeves@johnson-brewer.com,(090)605-4425x0656,Lake Donnaside,Carroll-Cox,14
E714741,Jordan Wallace,jeffersonryan@norris-williams.com,252-831-7649x902,Fredview,Christian PLC,19
E342669,Julie Davila,samantha41@reyes.com,967-270-5169x1576,Brewerhaven,Baker-Sanchez,11
E836196,Suzanne Bailey,edwinfuentes@joseph.com,074-632-6890x4488,Lyonsburgh,Martinez PLC,7
E364347,Holly Scott,bryanbrown@anderson.com,229-365-8066x3863,South Stacey,"Maldonado, Terrell and Jones",20
E249135,Karen Jackson,mariaherrera@fitzgerald-boyd.com,484-846-9947x0945,Cynthiaberg,Hooper LLC,15
E390242,Jennifer Tyler,vangwalter@yahoo.com,001-468-439-6040x04791,Robertport,Davis-Dominguez,6
E387430,Zachary Jefferson,ramosryan@castro.biz,+1-083-947-2613x2367,East Sherryville,"Hayes, Stout and Cooley",13
E339342,Natalie Gordon,tflores@crosby-james.info,605.189.4077x93723,East Ryan,Watson LLC,7
E250747,Mark Collins,jhayes@hotmail.com,496-871-5120x21024,Victortown,"Morris, Hays and Casey",7
E465101,Eugene Gray MD,zkelly@gmail.com,001-551-559-1904x0114,West Shane,"Walker, Taylor and Barker",15
E171206,Justin Francis,linda55@martin.com,861.010.4040x3660,Sandersshire,Burgess Group,13
E811399,Cynthia Kirby,robertsmith@petersen.info,973-453-6453,Rogerstad,"Murray, Jones and Garcia",6
E533280,Shelley Howell,nicholas22@martinez.org,001-443-688-0796,Emilyborough,Cox-Griffin,9
E485667,Ryan Nolan,gibsonkimberly@gmail.com,2502318317,West Stephaniestad,Brandt Inc,17
E327427,Christina Keller,sarah87@gmail.com,(128)398-6545,Port Keithfort,"Smith, Stanton and Nelson",17
E688532,David Middleton,aliciaparsons@yahoo.com,065-828-1520x8916,Kristenside,Hines Inc,3
E707126,Justin Wilson,wgriffin@yahoo.com,238.857.1995,Port Sarashire,Harrison-Wallace,13
E890900,Aaron Gordon,howesophia@gmail.com,357-123-1997x09845,Garzahaven,"Mitchell, Johnson and Chavez",12
E886046,Arthur Bolton,robertsaustin@vazquez.com,303.338.7138x132,Millerchester,"Lopez, Simon and Farmer",2
E338177,Anna Gould,heather75@hotmail.com,082-799-5937,Collinschester,York-Wright,8
E494218,Carla Palmer,john74@yahoo.com,001-422-232-1101x8531,Guzmanton,"Moss, Arroyo and Humphrey",5
E838606,Lauren Nelson,jennifer79@hotmail.com,376-991-5631x834,West Andrew,Clay Inc,10
E557157,Joanna Solis,juliapaul@johnson.biz,5318355611,East Michaelborough,Scott-Smith,11
E626268,David Daniel,christopher06@hotmail.com,1010261043,East Johnmouth,"Roberts, Ellis and Butler",18
E605766,Adam Morse,dawn05@davis.com,001-963-356-5442x9175,Wrightmouth,Maldonado-Burgess,11
E654906,Dr. Zachary Williams,brandon79@gmail.com,+1-026-695-2794x231,Johnsonland,Figueroa-Gonzales,17
E808302,Angela Howard,shawn13@yahoo.com,056.710.8659x79322,Smithshire,Downs-Davis,6
E163184,Mark Villegas,fguzman@jensen.com,421-773-7233x600,East Stephenbury,Park PLC,15
E261358,Thomas Contreras,joshuahodge@jones.com,001-706-129-4273x40063,Smithview,Weeks-Allen,8
E350042,Jessica Munoz,dbecker@yahoo.com,(212)643-0340,Yatesmouth,Snyder-David,18
E834449,Sean Olson,jessica93@gmail.com,+1-329-331-8539x800,Carolborough,Hunt-Cooper,8
E504614,Sydney Lang,trevor64@shea.com,+1-069-441-2292x6061,Lake Diana,Harvey and Sons,3
E840820,Emily Williams,ryan25@gmail.com,266-722-0247,Vanessaport,Sandoval-Thomas,1
E580912,Nathan Miller,michellevazquez@sanchez-valdez.com,085.624.2868,Terriland,"Alvarez, Bush and Miller",13
E104674,Deborah Sullivan,brownerica@ingram-davis.info,(522)558-5110,Robinsonport,Cook Ltd,4
E908513,Catherine Oneal,fbennett@nunez.com,2792330427,New Loretta,Marshall LLC,14
E331553,Marcus Beasley,tracey06@wolf-jacobs.info,224-222-4815x42399,Spearsfurt,Martin-Carney,14
E407918,Robert Cunningham,fisherzachary@moon.biz,+1-956-122-2313x0949,South Dustin,Walsh-Garcia,3
E149714,Timothy Turner,abarnes@gmail.com,(856)523-5365,Lake Gabrielborough,Rodriguez LLC,16
E875385,Tony Davenport,okoch@gmail.com,432.961.5927,New David,Giles Inc,11
E890681,Wendy Lawson,cwhite@stevens.com,752-486-8452x6031,New Cherylberg,Nolan Inc,16
E548066,Mark Carroll,jerrybrown@hotmail.com,850-002-7318,Lake Sylviaton,Lopez-Bell,10
E692802,Kelsey Griffin,xburke@ellis.net,428-988-8933x8930,Samuelside,Wright LLC,10
E335382,Jason Hudson,morenojulie@hotmail.com,+1-606-115-6997x3689,Port Craigville,Strong PLC,8
E379096,Thomas Chapman,yangjacob@gmail.com,(432)387-6236,Lesliefort,Hanson Inc,1
E807378,Brian Mcintyre,lisa05@hotmail.com,+1-925-230-6069x888,Manningberg,"Johnson, Castro and West",13
E693896,Carol Schultz PhD,dustin77@gmail.com,001-092-283-2437x707,East Davidton,"Yu, Silva and Gallegos",12
E118589,Diane Campbell,richardfletcher@avila-hill.org,001-067-783-8705x25897,Susanmouth,"Harper, Johnson and Hill",4
E646818,Wayne Prince,alex37@simmons.com,(703)923-9634x71530,Hoganville,Hardy Ltd,18
E656856,Dennis Brown,cho@hotmail.com,(178)956-4953x726,West Williamburgh,Fitzgerald-Stewart,18
E795924,Julie Tucker,itaylor@hamilton.com,(968)621-8069x7818,South Michaelstad,Nelson LLC,1
E140697,Keith Anderson,xpatterson@yahoo.com,(992)549-0805,North Robert,"Evans, Owen and Koch",18
E263103,Teresa Ingram,shuber@yahoo.com,299-285-2898x14583,East Sean,Hahn LLC,8
E127501,Patrick Wilson,mcgeejoseph@hernandez.biz,415.036.3821,Taylorton,Brown-Cummings,6
E487003,Brian Johns,watsonmichael@reeves.org,+1-549-521-2662x68020,Jessicaland,Miller Ltd,3
E180418,Beverly Gay,kimberly46@hotmail.com,898.194.8241,Johnsonmouth,"Price, Johnson and Williams",10
E964301,Kenneth Cohen,hamiltonbrianna@daniel-colon.org,400.324.2827x166,New Vicki,Woodard-Hines,6
E268581,Christopher Hill,kevinhicks@hotmail.com,(300)702-0278x40863,Ellisside,"Baker, Hutchinson and Wright",17
E202722,Peter Thompson,xjohnson@richards-bennett.org,7009167440,Matthewborough,Frank-Bell,14
E543071,Samantha Gross,jeffreypearson@yahoo.com,895.867.0215x24405,Wilsonland,Stone-Pierce,2
E867098,Mary Simon,melinda62@singleton.info,+1-347-739-7435x15289,New Jillville,Stewart Group,6
E619467,Diane Miller,ricardobishop@yahoo.com,648-373-3684x8825,Oscarhaven,"Hopkins, Shannon and Jordan",9
E573200,Dean Roberts,zclark@yahoo.com,001-837-753-8814x4257,Allenmouth,Chavez-Dyer,13
E725510,Sharon Shaw,jennifer52@williams.org,(420)222-7042x547,Brennanport,Donovan Ltd,14
E443530,James Phillips,mark09@ball.com,937.073.9047,Kennethmouth,Burgess-Figueroa,12
E373648,Jessica Reid,sarah70@meadows.net,431-555-0876,Baxterberg,"Ortiz, Lee and Matthews",20
E631755,Nancy Robertson,cortezdavid@yahoo.com,720-199-5154x97076,New Peter,Chavez-Green,5
E146185,David Thomas,iadams@brown.org,(921)377-2272x45255,Alyssachester,Hahn-Brown,5
E821696,Pamela Smith,ehall@serrano.org,952-024-2569,Ginafurt,Rogers Ltd,2
E610701,Joe Wise,jillfoster@brown.org,149-595-6890,Thompsonmouth,Gomez-Ross,18
E337278,Ashley Krueger,jbrewer@gmail.com,092-959-0093x050,Port Allenmouth,Gibbs PLC,2
E302101,Melanie Gray,stephanie74@lewis.info,001-450-375-1428x58540,South Monica,"Wagner, Chan and Armstrong",13
E957773,Morgan Bradley,michaelpham@yahoo.com,001-032-100-6076,West Daniel,Scott-Brown,17
E631270,Jonathan Frazier,dean53@hotmail.com,830-424-2536x661,New Maryview,"Moss, Hill and Ramsey",9
E207024,Dr. Joseph Barber,david92@hotmail.com,001-210-358-9902x71843,West Julieberg,Watkins Group,15
E738920,Jeffery Jones,elizabethsmith@hotmail.com,986-213-6034,New Frances,Harrington PLC,20
E561552,Paul Hill,ramirezdavid@hotmail.com,425-411-2249x587,Robertton,Boone Group,7
E371735,Richard Webb MD,gmarshall@yahoo.com,001-733-195-4492x81944,Lake Thomasburgh,"Haas, Harvey and Perkins",15
E498175,Joshua West,ingrammichael@peterson-parker.com,156-744-8572x412,Lake Alexischester,Montoya and Sons,3
E995149,Dana Bryant MD,hannah05@hotmail.com,(088)956-6020,East Jared,Mendoza Ltd,12
E193523,Matthew Diaz,thomasgibson@ayers-steele.com,001-876-798-2505x801,Blackview,Owens LLC,15
E663173,Sabrina Morgan,hhernandez@gillespie.biz,001-368-332-0098x113,Allenburgh,Ruiz-Reynolds,16
E647283,Michael Miller,martinezadam@yahoo.com,(007)956-3456x7864,West Aaronburgh,Woods PLC,15
E443743,Jennifer Walton,jordanrebecca@yahoo.com,(387)708-2474x386,East Virginia,Huber Inc,9
E465830,Tiffany Smith,yochoa@holmes.com,748.624.0503,Nicolestad,"Robinson, Haynes and Dalton",10
E369496,Robin Oliver,bishoppaul@holland.com,820-188-8762x256,Christopherport,"Garcia, Everett and Anderson",1
E322982,Janet Gibson,haledavid@gmail.com,001-817-655-1092,Johnsonton,"Gallegos, Holland and Cooley",7
E188732,Pamela Snyder,adamsscott@gmail.com,(737)873-0280,West Jasonland,"Jones, Castillo and Palmer",20
E920419,James Mullins,crystalnelson@gmail.com,7134638521,Port Kathryn,Chung-Miller,15
E553366,Rachel May,samantha92@henry.com,4119630331,Chambersfort,"Baker, Crawford and Brooks",6
E443149,Luke Shaw,qhowell@yahoo.com,(281)617-4634x38065,North Christy,Jensen-Floyd,12
E457272,George Jackson,garciacourtney@yahoo.com,+1-551-905-3944x8302,East Jeremy,Harris-Wood,18
E241271,Raymond Bowman,rleonard@martin.com,+1-333-167-0147x4579,New Brianna,Jarvis Group,6
E975949,Angela Gilbert,xsantos@gmail.com,(673)445-1259x357,East Grantborough,Riley-Martinez,20
E315076,Jay Moses,tommyrandall@schneider.com,(072)613-5446x06284,Mauriceton,Williams Inc,14
E135139,Paul Gomez,aaron07@alvarez.biz,001-904-074-1447,Sanchezfort,Berry-Acosta,11
E914832,Kelly Cook,phillipsshawn@gray.info,244.449.7539,Wrightport,Castro LLC,13
E663511,Patrick Boyd,mckenziewatson@faulkner.com,391-382-1617x454,South Christine,Martin Ltd,10
E481102,Alexander Thomas,zoe05@johnson-knight.com,2920396088,Port Erikton,Newman Ltd,20
E947605,Marc Jackson,michaelcobb@munoz-armstrong.com,+1-881-045-4371,South Mary,"Finley, Torres and Miller",20
E279883,Joseph Becker,andreajohnson@yahoo.com,001-033-647-1524x0090,West Lisaton,Navarro-Perry,3
E464561,Steven Hubbard,kathleenherrera@ayala-williams.com,290-449-3244x2254,North Katherine,Williams-Harris,9
E566687,Sara Lewis,ojohnson@hotmail.com,6506508345,South Samuel,"Rosales, Robinson and Rodriguez",18
E953580,Olivia Flores,johnburke@yahoo.com,+1-419-117-8344x4193,Kristenside,Griffin PLC,3
E849546,Todd Nelson,tvargas@greene.com,0276391812,Alexandershire,Jimenez Group,6
E342055,Chelsea Gallegos,veronicahall@davis.net,(423)807-5471x46929,New Susanstad,Anderson-Kane,5
E731318,Victoria Morrow,uwilson@wilcox-sullivan.net,103.480.6942x358,Williamsstad,Frost Group,3
E909205,Peter Brooks,amybuck@davis-perkins.com,001-374-720-5055x624,North Bradley,Carpenter-Hunter,4
E252166,Tammy Gonzalez,hmcneil@yahoo.com,(157)459-5143,North Jamesville,"Perez, Hall and Goodwin",14
E240463,Cynthia Harrison,hardyroberto@gmail.com,+1-915-084-9616x650,Connerview,"Johnson, Mason and Garcia",4
E639164,Jessica Thomas,maria53@gardner.org,001-018-682-5376x46880,Port Andrewland,Lowe-Warren,12
E862390,Ashley Clark,georgekathleen@house.com,001-881-105-1287,Whitakerstad,Madden-Carey,17
E833003,Paul Lewis,contrerasanthony@johns.com,108-924-0469x074,Lake Jasmineborough,"Peters, Stephens and Gonzalez",10
E870487,Brenda Bell,laura01@hotmail.com,086.616.4445x8643,West Donaldtown,King Group,13
E490515,William Kim,kirkkevin@kirby.com,521-208-1801x841,Cynthiastad,Harper-Cook,7
E876082,John Wolfe,vli@carlson.com,+1-479-028-6999,Cartermouth,Butler-Miles,17
E800569,Autumn Ramos,brandon28@lee-henry.com,001-239-026-4783x6460,Smithport,"Richards, Smith and Daugherty",20
E699498,Bradley Ball,matthewbowers@gmail.com,343-394-0709x194,Gloverport,"Carpenter, Wang and Richards",14
E584433,Corey Turner,kerrythomas@johns.com,455-400-4531,East Shirley,Oliver-Howell,1
E494431,Toni Villarreal,sparksandrew@dalton.com,835.304.0769,South Dianahaven,Ortiz-Anderson,8
E880161,Mr. Joseph Aguilar,kfischer@myers.com,0385837603,Melendeztown,Smith PLC,3
E310355,Kristin Reyes,jordangilbert@kelley-burns.com,001-288-182-6171x3325,West Jill,Adams Group,5
E286404,Joshua Glass,tylerwhite@gmail.com,218-664-2696x032,Bensonburgh,"Alexander, Ferguson and Jackson",5
E646913,Bradley Noble,stephaniehenderson@hotmail.com,662.831.2486x4667,Roberthaven,Cruz-Davis,6
E377552,Catherine Williams,travis25@rice.org,(422)303-2091x6411,Adamstad,Strong-Turner,11
E638183,Lori Fitzgerald,tayloraaron@gmail.com,001-839-924-5941x424,North Michaelbury,Stephens-Dougherty,5
E429354,Crystal Ryan,clarkrebecca@gmail.com,5169104695,Vargasborough,"Edwards, Jackson and Martin",2
E222077,Mr. Luke Padilla,bellemily@gmail.com,297-645-5819,East Jonathan,Larson Inc,10
E158549,Catherine Lee,emendoza@hotmail.com,001-373-467-2695,Freemanburgh,Stevens-Diaz,16
E277177,Todd Bradley,wcannon@gmail.com,920-759-7481x628,Port Jessicaville,Clayton-Rice,8
E924705,Susan Wagner,fnelson@hotmail.com,4933481940,Benjaminchester,Mills Group,10
E409347,Kimberly Brown,garciagary@hotmail.com,+1-718-382-4086x2777,Kaylachester,Scott-Cox,2
E632887,Denise Howell,mevans@hotmail.com,001-799-057-7265x87024,Lake Jamesfurt,"Brown, Delacruz and Douglas",14
E301074,Matthew Mccarthy,tparsons@hotmail.com,270-363-9792,Andersonview,"Whitney, Lucas and Short",18
E184754,Michael Norton,johnsonjason@gmail.com,9654300564,Waltonhaven,Phillips-Ortiz,6
E676373,Angela Contreras,jonespaul@hotmail.com,(645)707-0133x09633,Stephanieville,Thornton-Bradley,1
E969553,Latoya Mcguire,anthonydudley@hotmail.com,001-502-426-2563x3181,Edwardfort,"Lutz, Clark and Richards",14
E300655,Scott Solis,jenkinssydney@hotmail.com,001-853-186-2603x60330,Newtonbury,Escobar LLC,20
E434569,Nicole Cox,juarezlaura@stark-lane.biz,7439903214,Evansport,Holland-Whitney,15
E119945,Anthony Ballard,joshuaochoa@morgan-shaw.org,(482)661-5177x711,Lake Angelicastad,"Montgomery, Sullivan and Williams",14
E263963,William Diaz,joshua84@hotmail.com,841-892-4538,North Cherylstad,"Lucero, Long and Martin",12
E405352,Paul Love,robertbaird@king-jones.com,684.080.3824x052,Barrettmouth,"Hill, Fuentes and Wilkinson",14
E145507,Mr. Brian Jenkins,hbarker@diaz.biz,+1-887-385-7218,Coopershire,Fletcher Ltd,5
E798789,William Flores,kelly36@smith.com,(496)239-7325x168,Port Amy,Sanders Ltd,2
E347196,Betty Ruiz,scottannette@yahoo.com,001-288-346-5261x68438,Michaelberg,Buchanan PLC,13
E525453,Stacy Hunt,adrian42@foster-mclean.com,001-259-968-3975,North Elizabeth,"Cisneros, Vance and Bush",17
E307561,Wendy Stephens,psantiago@hotmail.com,5420773017,Shawchester,"Henderson, Wade and Chambers",8
E725586,Abigail Adams,johnsonbrittany@ryan.info,+1-055-580-5486,East Cameron,Harvey-Chandler,1
E406506,Michael Davidson,jacksonapril@hernandez.com,001-204-530-2807x4680,Francisview,Brooks-Hernandez,1
E998623,Ann Williams,kreynolds@yahoo.com,3584471381,East Susan,Barajas Ltd,9
E463588,Renee Perez,mahoneykristi@taylor-anderson.com,5899515103,East Monica,Williams Group,20
E551940,Gina Baker,nicholsonamy@edwards-wells.com,+1-888-609-5117,Lake Joemouth,Robinson Group,14
E653164,Adam Hall,derrickgoodwin@grant.com,001-412-026-1628x077,South Tammy,Mccann-Taylor,12
E440819,Sara Hinton,riverajuan@yahoo.com,+1-818-257-3897x11796,East Carriechester,Ochoa-Baxter,4
E439284,Teresa Cantu,corey77@yahoo.com,961.563.6273x760,Lake Brian,"Flores, Ponce and Rice",6
E529258,Christine Johnson,brittany78@woods.com,687.664.4682x54008,North Christopher,"Santos, Harris and Miller",7
E565490,Michael Arnold,colinrichardson@hotmail.com,530.309.1148,South Melindashire,"Campos, Rodriguez and Torres",2
E885938,Melissa Robinson,gloriaperkins@hood-reyes.com,001-854-449-4531x578,Brandonport,"Stewart, Hall and Contreras",5
E719988,Helen Patrick,cgonzales@yahoo.com,5699780078,West Brittany,Brennan Group,10
E529381,Tiffany Bauer,jill74@weaver.biz,001-825-285-5421x737,South Elizabethside,"Good, Dennis and Vazquez",2
E169756,Nicholas Hughes,archerpenny@cox.biz,(768)215-7278,South Rhonda,"Barnes, Thompson and Young",19
E710913,William Jacobs,wrightwilliam@williams.org,(752)675-5359,East Brandon,Larson Inc,4
E437241,Isabella Woods,john49@gmail.com,611.712.5896,Hernandezberg,"Fernandez, Taylor and Carpenter",4
E450338,Nicole Chang,wroberts@gmail.com,641.328.1968x85823,Pattersontown,Miller-Holt,18
E523355,James Johnson,butlerharold@gmail.com,+1-768-649-1754x06863,New Alyssaborough,Mcclain-Powell,16
E598049,Luis Ochoa,uvelasquez@gmail.com,013.666.2395x1213,Harringtonmouth,"Fisher, Robbins and Warner",13
E220466,Courtney Rogers,cblake@sullivan-wilson.com,623-324-1914,South Nicholas,"Mahoney, Bryant and Williams",14
E558774,Jose Rivera,trujillotimothy@mayo-petersen.com,151-670-4901x782,West Christinastad,Wise Inc,4
E267986,Kathleen Curtis,david58@abbott.biz,001-895-614-3690x8712,Benjaminmouth,Johnson LLC,20
E329794,Lisa Gibson,debracrosby@lane-hood.com,2229941174,Lake Chris,"Moore, Lindsey and Fernandez",8
E199423,Amanda Garza,dcollins@williams-ray.com,(755)656-7998,Perezport,"Keith, Edwards and Bowman",6
E916533,Travis Rivera,julia45@baker.info,(553)756-3735x72404,North James,Lee Ltd,11
E574503,Jocelyn Luna,amandasmith@robinson.info,120.257.5715x03797,North Jo,"Ellis, Hill and Benson",10
E853977,Suzanne Mcdonald,woodrachel@gmail.com,(895)451-9364x42763,New Jacquelinetown,"Mathis, Allen and White",12
E569303,Maria Mccarty,gdavis@montoya.com,762-268-7719,Wilcoxtown,Rodriguez and Sons,12
E214039,Scott Morrow,grossmercedes@richardson.org,0850409647,Lake Leonard,Tran-Perez,2
E753518,Jessica Dixon,travishenderson@reynolds.org,(376)738-5816,West Scott,Castillo-Smith,12
E211774,Jessica Clay,davidperez@gmail.com,380.751.8510,Millerstad,"Miller, Williams and Ray",3
E327153,William Glover,jessicaharper@gmail.com,(973)001-0524x85056,Dawnside,Hill-Short,18
E489126,Kathleen Conley,smithjulie@ford.org,+1-615-562-8300x225,West Jenniferport,Hubbard Ltd,19
E784872,Victoria Davis,rmcbride@yahoo.com,001-038-077-6489x0323,Joshuaville,Garza-Spencer,17
E346717,Anthony Simpson,imcdonald@lopez.com,+1-784-386-3897x70757,Jessicashire,Freeman-Jones,13
E687373,Morgan Monroe,rodriguezmichele@rollins.com,2005334794,New Emilyport,"Dean, Martinez and Nichols",19
E971471,Connie Weaver,jacobskelly@duncan.com,1814060753,Port Megan,Brown LLC,10
E875772,Jane Miller,timothyadams@gmail.com,+1-192-749-3138,New Maryside,Woods-Stevenson,2
E170576,Jessica Braun,angelica91@anderson-crawford.info,430.253.6454,North Julie,"Johnson, Blankenship and Turner",13
E854196,Jeremiah Hudson,patrickjones@lee-benson.com,(076)049-5903x33247,Matthewshire,"Howard, Smith and Cox",1
E502961,Amy Woods,riddlesamuel@hotmail.com,+1-241-151-2529x662,Andersenmouth,Watkins-Garcia,12
E465259,Steve Stewart,oweaver@yahoo.com,(830)576-0714,Davismouth,Schroeder-Garcia,7
E330186,Jonathan Finley,heatherdavis@weaver.org,6709061459,Port Mark,Black and Sons,8
E712697,Christina Webster,joshuadecker@gmail.com,(482)781-5778x7095,Timothybury,"Vasquez, Black and Griffin",7
E234679,Robert Mckee,amartinez@hotmail.com,+1-722-494-2937,Nataliefurt,Grant-Jones,19
E124611,Susan Gross,garycummings@yahoo.com,014.906.0205x43563,Alexisfurt,"Miller, Diaz and Lang",2
E102691,Richard Taylor,ashleymoore@santiago.com,001-124-837-4076,Christopherland,"Perez, Howell and Fuller",2
E792577,John Poole,gcoleman@hotmail.com,6037475418,South Heather,Mendoza-Johnson,15
E784367,Christopher Perez,rhammond@gmail.com,(092)902-5189x77454,North Bobbyburgh,"Smith, Reyes and Hanson",11
E843464,Christopher Smith,jeremywilson@yahoo.com,001-767-875-3725x9350,Palmermouth,"Matthews, Sanford and Turner",8
E144570,Brandon Sawyer,knguyen@hotmail.com,001-453-437-5277x5668,Port Justin,"Turner, Moran and Fernandez",8
E510227,Patrick Bolton,wangconnie@swanson.biz,001-066-140-0903x35839,Michelefurt,Williams PLC,19
E512527,Stephanie Cobb,karen94@yahoo.com,022.811.5541,Lake Seanberg,Holland Inc,2
E707763,John Hampton,mbrandt@gmail.com,001-656-263-0965,Teresamouth,"Guerrero, Ward and Briggs",1
E421170,Patricia Flores DDS,travis84@hotmail.com,228-037-5452x560,East Ryanstad,"Sanford, Martinez and Stewart",17
E754102,Christie Lopez,christine03@gmail.com,020-625-2054,West Michael,"Alexander, Blake and Price",18
E679250,Albert Spencer,nguyenrobert@hotmail.com,(556)503-5481x411,Melissaville,"Cohen, Thomas and Johnson",19
E270700,Joseph Castaneda,lawrence80@hotmail.com,399-300-2526,Lake Danieltown,White LLC,18
E808481,Patrick Walker,williamstephens@gmail.com,001-628-158-1540x960,Lake Toddshire,Booth-Kelly,20
E399567,Mary Sherman,dflores@montgomery.com,913.855.1081,Wilsonstad,Wells-Floyd,8
E478829,Patrick Castillo,ericberg@gmail.com,1027799079,Aaronborough,"Rhodes, Thompson and Garcia",1
E264039,Matthew Johnson,richardortega@gmail.com,3430984468,South Johnnyton,Jensen-Travis,2
E998218,Andrew Gordon,lorifloyd@yahoo.com,790-555-6881x38798,Wallacetown,Campbell-Wolfe,20
E511165,Maurice Clark,allenlowe@brock-allen.org,985.728.4262,Rhondafurt,Powell-Mcdonald,2
E140449,Ashley Johnson,edward08@mckinney-allen.com,(448)477-6583x7822,West Patrickburgh,"Anthony, Hopkins and Tran",11
E647610,Sean Best,thomasangela@yahoo.com,(633)410-7118x15099,Sharpport,Chan Group,15
E357520,David Cisneros,boonejacqueline@woodard.biz,001-857-567-2891x95960,South Jennifer,Hayes Ltd,13
E124383,Rachel Boone,hchristian@berg-george.biz,307-601-6701,Lynchland,Scott PLC,9
E644448,Michael Riddle,vbeltran@hotmail.com,859-798-2732x23951,Tiffanyville,White-Garcia,16
E916060,Sherri Oliver,kathryn69@yahoo.com,(221)727-9092,East Christineview,"Olsen, Mcgee and Kim",2
E414209,Kyle Moore,adrienne94@jones.com,(201)917-4293,Port Rebekah,Woods PLC,13
E992541,Amanda Maldonado,hgonzales@warren-martin.info,001-406-988-9985x49207,Port Deborah,Simon Ltd,13
E696270,Chris Allen,ybrown@castro.com,(580)881-0869x3975,Jeanshire,Coffey-Martinez,1
E620415,Christopher Gonzalez,vsingleton@yahoo.com,7553751230,Nathanburgh,Dixon-Patterson,11
E303971,Christopher Miller,robinsonroberto@craig-young.net,578-987-5657x05768,Port Thomasstad,"Wolfe, Page and Spencer",18
E520151,Nicholas Rivera,jeffreyhartman@yahoo.com,681-371-8962,Caitlinhaven,Kelly-Ross,16
E839160,Dr. Megan Gutierrez,kpage@jackson.com,+1-158-837-6602,West Carolyn,Harris-Henderson,14
E178415,Xavier Carlson,otucker@hensley-young.com,(753)081-3287,Kellyport,"Ramirez, Fields and Hanson",9
E721685,Lindsey Lee,bradleyweaver@gmail.com,197-659-4168x417,Mooreton,"Nicholson, Kline and Beck",3
E239800,Shawn Davis,williamsjon@gmail.com,9042711023,Donaldport,Hernandez Group,20
E219214,Jeffrey Stanton,chadwhitehead@pope-oliver.com,173.801.0268,East Paul,Bell and Sons,10
E378257,Allison Hernandez,swilson@martin-pierce.info,(214)791-8695x811,Danielstad,Downs-Franklin,12
E780626,Karla Jones,hernandezrobin@hotmail.com,120.513.1157x160,Rileystad,Sanchez Group,10
E731453,Barry Griffin,iramos@hotmail.com,001-393-700-4143,East Davidview,"Palmer, Smith and Green",8
E227587,Julia Rosales,wlong@hotmail.com,8082026180,Mckayville,Lyons Inc,7
E461333,Joseph Kelly,riveracorey@gmail.com,646-915-4923,Brianborough,Palmer-Brown,17
E964719,Ashley Bonilla,brandonwilson@ramirez.biz,+1-174-102-7724x6341,Ashleyview,"Turner, Floyd and Clarke",19
E413043,Mrs. Stephanie Morgan,janet64@alexander.com,9683597461,North Frankburgh,"Ramos, Wyatt and Ochoa",1
E628155,Jeffrey Armstrong,dolson@smith-jacobs.com,176.153.6792x04682,Parkerbury,Chen-Cohen,20
E113582,Ashley Robbins,emartin@hotmail.com,059.113.8477,South Michelle,Holmes-Smith,12
E694005,Lori Gray,wintersraymond@gmail.com,+1-525-349-9509x62548,Brandontown,"Martinez, Cooper and Perez",13
E619194,Megan Brown,ashley38@shepherd.com,001-376-157-3394x3431,Juliehaven,Mercer-Medina,20
E165351,April Martinez,bmendez@henderson.com,(507)394-2067x473,Elizabethville,Scott LLC,13
E791691,Scott Gutierrez,jennifer82@chen.com,+1-884-911-9465,Watersstad,George LLC,2
E314218,Jacob Chaney,fisherdanny@yahoo.com,608.601.4760x6650,New Michael,"Williams, Curtis and Raymond",19
E268470,Julie Robertson,sallen@gmail.com,630-127-4531x630,Port Rachel,Stuart PLC,7
E254093,Joanna Patterson,mcclureadam@gmail.com,842.247.4307,Mariaton,"Collins, Thomas and Dunn",6
E751531,Rebecca Roberts,jjuarez@yahoo.com,001-922-501-5229,West Brandyhaven,Johnson-Clark,14
E716176,Mark Johnson,valeriesmith@yahoo.com,795.658.7857,North Robert,Kennedy Group,1
E888705,Suzanne Haynes,duffyandrew@hotmail.com,(166)020-2611,Claytonchester,Quinn-Smith,6
E782800,Sonia Miller,xcampbell@allen-wade.com,877.946.9111,North Andrew,"Powell, Alvarado and Davis",1
E296469,Brittney Smith,vschmidt@phillips.info,+1-503-866-0562x608,Sandersside,Bonilla LLC,5
E173025,Chad Brady,alec41@hotmail.com,217.781.1866x84218,Perkinsside,Hicks-Daniels,9
E170673,Terri Benson DVM,edward28@olson.com,396.877.4511x5026,New Jennafort,"Flores, Bates and Rivas",5
E680247,Michael Castillo,brayjames@harris.com,589.246.4717,New Kaylatown,"Hendrix, Vega and Russell",3
E986267,Marvin Lawrence,harrisantonio@hotmail.com,214.276.2223,Port Davidfurt,Fleming Inc,12
E943415,Jo Nguyen,rscott@yahoo.com,+1-625-271-2222,Rachelfort,Roberts-Simmons,14
E469298,Austin Garrison,richardscarrie@simon.com,+1-375-068-1482,Port Michael,Vazquez and Sons,4
E759275,Amy Walter,katrinajoyce@mendoza.com,838.866.5208x26722,Bautistabury,Sandoval-Petersen,14
E326740,Heidi Williams,jtravis@hotmail.com,+1-602-672-6349x1945,Jimenezburgh,Davis PLC,16
E730319,Gary Brown,brandirangel@hotmail.com,+1-695-950-3540x2246,East David,Reed-Beck,3
E258148,Sophia Lopez,kdavis@gmail.com,001-924-213-1505,Santanabury,Bailey-Kennedy,12
E755151,Alicia Rodgers,waltersjamie@williams.com,001-836-047-5979x8003,Danielburgh,"Ashley, Hunt and Oneal",14
E721236,Matthew Ford,kelly42@yahoo.com,177.930.9690x826,Rickyfurt,Miller-Reyes,7
E382635,Roger White,knightshannon@hotmail.com,6362485096,Ryanmouth,"Castro, Parker and Morrow",15
E468832,Elizabeth Sexton,erin70@moody-ray.biz,704.698.3292,Port Timothyberg,"Duffy, Smith and Baker",7
E859604,David Stanley,rachelvillarreal@flynn-robles.com,(017)849-8403x870,Patrickburgh,Mason-Andrade,5
E535693,Justin Webb,fcrawford@yahoo.com,001-700-253-6843x8771,Lake Christianland,"Joseph, Thomas and Espinoza",11
E202417,Joseph Gaines,danielle51@yahoo.com,711.492.0463,Orrton,Owens-Harmon,3
E491314,Kimberly Jackson,haleygonzalez@smith.biz,+1-791-859-5543x1900,Nicoleburgh,"Howard, Glover and Braun",6
E823222,Jamie Miller,starkandrew@lawrence.com,356.787.4201,Pattersontown,Kelley and Sons,3
E566854,Rachel Scott,ojones@ramirez.com,001-242-436-3956x17625,Lake Sarah,"Edwards, Lawson and Jimenez",11
E184146,Madison Cruz,cmiller@hotmail.com,779.172.1656,West Elizabethside,Diaz Group,4
E702111,Kevin Olson MD,ggoodman@hart.net,950.261.5297,Salazarton,Jimenez-Sanders,16
E491245,Vanessa Macias,myerssteven@hotmail.com,(936)448-4213,Lake Jillport,"Harrison, Thomas and King",18
E294961,Michael Noble,reevestyrone@yahoo.com,001-317-720-3621x20622,Johnsonstad,"Jordan, Alexander and Murray",13
E429998,Erin Hill,eduardonorton@gilbert-davis.com,315.048.9152,New Richardstad,Grant-Carroll,16
E306127,Johnny Collins,snyderalexander@stokes-turner.com,615.634.0432x2428,Pattonborough,Weaver-Fuller,14
E625767,Michael Turner,cdiaz@hotmail.com,+1-163-992-2870,Russelltown,White-Hamilton,15
E686089,Jessica Steele,castrolawrence@richard.biz,8540445842,New Dawn,Jimenez-Sheppard,7
E296128,Robin Weeks,ismith@hotmail.com,4172448190,East Stephanie,Caldwell and Sons,17
E506004,Robert Reyes,ocampbell@rice.com,(209)052-6751x55260,Chelseabury,Pacheco-Cannon,8
E607719,Tom Garcia,wheelermaria@gmail.com,113.706.3974x069,Michelefurt,"Burns, Frazier and Todd",2
E354738,Julian Young,ykennedy@yahoo.com,1145964269,North Matthew,Dunn PLC,13
E343125,Joseph Sutton,smithjennifer@hotmail.com,001-878-483-8781x941,Irwintown,Riley-Watson,18
E836731,Amy Carey,alexis35@henry-patel.com,(434)211-3413,West Morgan,Graham-Leon,9
E862384,Cathy Cooper,isoto@robinson.org,(322)684-0351x0901,Walkerview,Adkins-Watson,10
E422189,Rita Garrison,williamsjacqueline@gmail.com,977-947-8446x61523,Amandaborough,"Torres, Mooney and Miles",10
E232363,Mackenzie Jones,karen66@hotmail.com,+1-868-690-7127,East Ronald,"Wilson, Morgan and Hatfield",5
E246569,Amy Espinoza,paulbennett@hotmail.com,(309)235-1858x3509,Nicholaschester,Coleman Inc,15
E811496,Sandra Lam,carrillojordan@melton-lopez.com,(276)838-9044,South Jodi,Martinez-Parker,12
E364739,Annette Bailey,eramirez@gmail.com,831-502-4667x18681,West Danielleberg,Kennedy and Sons,16
E552331,Michael Vaughn,wattsgregory@morris.com,(211)656-5462x279,Lesliefort,"Dunlap, Lee and West",10
E420576,Sierra Hendricks,jenkinsjoshua@barry-johnson.biz,9789362498,Franktown,Flores-Ramos,12
E641051,Christine Leblanc,elizabeth17@yahoo.com,1152311935,Port Michael,Joseph Group,1
E236415,Catherine Barrett,marissa82@yahoo.com,(840)293-6990x42698,Cervantesmouth,Lewis-Payne,17
E160562,Brianna Thomas,iwhite@phillips-rodriguez.biz,001-425-320-3004x976,Waltertown,Carney LLC,3
E337009,Brent Perez Jr.,lking@solomon.com,+1-197-500-7031,North Michaelborough,Frey-Williams,17
E793792,Victoria Mcfarland,joelhernandez@oneill.info,+1-285-978-6358,Elizabethville,Wilson LLC,15
E918894,Stephanie Myers,amy95@gmail.com,011.653.3432x730,Brittanyview,"Boyle, Mathews and Powers",1
E224062,Michael Young,yjones@prince-burnett.com,103.279.3352x465,Lake Ann,Riley-Atkinson,10
E811154,Anita Hill,andrewstevenson@johnson.com,298.017.2511,South Kelliton,"Jackson, Barnes and Meyer",1
E505243,Michael Richmond,alyssa16@hotmail.com,(004)685-9935x199,Lindaview,Moore-Mccormick,5
E990941,Rebecca Carroll,taylorjoseph@yahoo.com,926.663.1320x507,Carolton,Cook Group,17
E409030,Regina Bailey,george06@yahoo.com,001-424-200-1139x72957,Richardland,Paul Ltd,18
E553555,David Johnson,marktucker@morris.com,682-781-9559x564,South Samanthaport,Lloyd Inc,6
E421185,Alexander Morrison,coxjonathan@gmail.com,001-009-718-8985x8635,Theresamouth,Lyons-Sanders,11
E275302,Michelle Jimenez,jessicasmith@mccarthy.org,001-590-616-2363x208,West Alexandra,"Black, Burton and Sandoval",8
E664216,Melissa Pennington,wmoran@clark.com,021.679.2088x0142,New Eduardo,Garcia Ltd,2
E769550,Gary Erickson,djackson@gmail.com,(704)813-1497,New Carrietown,Jacobson Group,7
E594850,Amanda Benson,eric02@rose-murphy.com,(701)525-2286x560,Port Hailey,Hernandez and Sons,4
E873964,Martha Weaver,jennifer45@odom.net,066-988-9030,New Claudiaport,Donaldson LLC,9
E836055,Destiny Peterson,desiree27@yahoo.com,001-132-317-1015x34856,Shawnstad,Martinez LLC,6
E426603,Keith Bush,pennyspencer@hoffman.com,862-743-4062,Deborahville,Davis-Eaton,2
E709998,Kathy Wallace,colondavid@hotmail.com,+1-565-591-1557x529,South Pamborough,"Walker, Campbell and Heath",7
E485388,Carolyn Moore,cameronbrianna@pope-calhoun.biz,303.931.5623,New Keith,Clark-Hammond,19
E966229,Victoria Moreno,jenniferbriggs@hotmail.com,+1-394-574-7518x652,Angelaberg,Craig LLC,6
E377535,Mary Anderson,sophia43@copeland.com,549-998-0734x16153,Virginiachester,Williams-Oneal,1
E978259,Donna Hampton,ddavis@yahoo.com,988.347.6540,Carriefort,White Ltd,6
E479804,Brandon Davis,linda20@bauer.com,(564)497-7086x8321,South Timothystad,"Gates, Olson and Cuevas",8
E851561,Tara Ward,stevenbrewer@gmail.com,+1-590-311-5800x270,Nicolemouth,"Simpson, Harper and Perez",16
E545768,Melanie Bell,douglasirwin@hotmail.com,(273)238-3163,Evansside,"Kim, Brady and Price",11
E682407,Dylan Jones,brianna80@smith.com,660.635.7389,Cookefort,Miranda-Stewart,17
E794689,Isaac Frye,ejohns@hotmail.com,001-094-629-2211x270,Melissahaven,Stout-Michael,2
E343063,Michael Ortiz,osbornewillie@hotmail.com,(710)538-2493x43556,Johnsonfort,"Barnes, Gibson and Hernandez",20
E861047,Kristen Lewis,waterscarlos@yahoo.com,346-282-9434x063,Patriciaport,Morales-Thompson,6
E624407,Carrie Conway,lkennedy@gmail.com,226.256.9039,Lake Timothy,Blackburn LLC,3
E579687,Angela Mccarty,leedanielle@jones-king.biz,001-669-712-0735,Ortizchester,Torres and Sons,10
E533080,Donald Hall,hinesray@yahoo.com,180-235-9144x517,Lake Michael,"Reid, Hicks and Pollard",3
E648419,Michelle Gomez,vprice@wallace-boyle.biz,+1-921-374-8205,Brandttown,Floyd-Brennan,1
E486346,Katherine Cook,leonardhaley@long.biz,1210582453,Andersenton,White PLC,2
E769357,Danielle Wallace,chapmanmichael@tate.com,023.622.7246,Banksshire,Williams-Sutton,5
E808304,Christopher Anderson,qdavis@hoffman.com,6397939177,Byrdhaven,"Perez, Ortega and Mendoza",12
E530235,Aaron Martin,jonathanfaulkner@osborn.net,928-740-1182x70396,Schmidthaven,Rojas Ltd,9
E722810,Tiffany Cox,shafferashley@hotmail.com,001-339-796-8274x8567,South Kimberlymouth,Glass-Aguirre,18
E120770,Michael Morgan,ramirezleslie@yahoo.com,(088)370-2392,New Beverly,"Miles, Ruiz and Hale",1
E620526,Catherine Lynch,angelamiller@williams.net,001-942-453-7459x0430,New Marthaton,"Smith, Schmitt and Carney",9
E690277,Scott Lawrence,dennis87@gmail.com,761-661-6244,Wilsonchester,Black-Mathews,17
E456081,Nicholas Soto,ryanthomas@parker.com,5782839911,Butlerborough,Smith-Watts,15
E855792,Timothy Aguilar,fosteramy@mack.org,770-863-6652x825,East Jamesfort,Gray Ltd,6
E213537,Maria Reyes,breyes@yahoo.com,960-544-1906x04538,Christinabury,"Williams, Strickland and Hopkins",3
E807858,Jennifer Johnson,bridgetevans@gmail.com,(379)020-6184,West Matthewborough,Williams-Morales,3
E129513,James Martin,tammybowers@walker-scott.com,001-595-809-7090,Wheelerchester,"Durham, Brown and Hurst",8
E934157,Nicole Hammond,psims@gmail.com,387.959.1676x9836,West Jessicaborough,Terry-Cummings,15
E156265,Ashley Wilkinson,kfarmer@miller.com,(372)547-0472x660,Port Leonard,Anderson Group,11
E117448,Paul Walter,frank76@yahoo.com,962-197-4941x25666,Ryanside,Wu PLC,16
E413955,Daniel Smith,bchase@green.com,(642)760-2992x375,Rachelport,Lambert-Jones,4
E301941,George Osborne,kimcynthia@hotmail.com,665.986.7020,Candaceberg,Cobb-Snyder,14
E379483,Keith Mcclain,cordovanicole@yahoo.com,904-930-9402,Davisstad,"Gray, Adams and Flores",9
E326519,Raymond Castaneda,clinebrianna@hotmail.com,700.547.4153,West Luis,"Mason, Lane and Solomon",13
E509612,Peter Harris,timothy87@rodriguez.com,(173)203-1474x0125,Lake Jacobfort,Galloway Group,16
E383446,Nicholas Sutton,tami25@wilson-hunter.com,727-475-8338x37939,Amberchester,Miller-Stokes,19
E180047,Jaime White,pthompson@perry.biz,281-438-3691x41439,Port Steven,Whitaker-Atkins,18
E475326,Steven Patel,kaitlynfields@turner-williams.com,570.116.3869x41657,Mendeztown,Phillips and Sons,18
E901834,Nicole Hansen,nicolegonzalez@stafford-hendricks.com,001-353-313-8869x0780,Debraville,"Pugh, Gutierrez and Conrad",8
E884406,Michael King,nataliewilson@hotmail.com,(687)874-0992,Lake Michelleburgh,Lewis Group,13
E300315,Melissa Norris,mcdonaldsabrina@flowers-mckenzie.info,(149)931-6872,Paulburgh,Hill-Williams,5
E405430,Robert Hayes,qford@yahoo.com,020-082-4032x350,West John,Hopkins Inc,10
E745165,Timothy Chen,pvargas@hotmail.com,001-022-008-5307,Wangmouth,Ferguson-Holland,17
E697838,Hannah Carter,lanedawn@gonzalez.net,200.360.9348x9179,Lake Richard,"Chavez, Walker and Scott",1
E173262,Megan Miller,murillomisty@yahoo.com,(943)623-1633,Valeriechester,"Humphrey, Harris and Juarez",3
E972172,Dr. Jessica Saunders MD,fergusonjoseph@moss.com,+1-873-846-8453x025,West Dianashire,Gilbert-Morgan,20
E702032,Matthew Smith,anthony92@martin.com,931-434-9969,Davidside,Nguyen-Sutton,11
E774094,Catherine Lewis,laurendecker@rivera-collins.com,001-763-432-4862x9218,Stephenville,"Johnson, Reed and Robinson",10
E890531,Kimberly Webster,timothyrios@gmail.com,+1-723-973-0132x198,Lake Laurenchester,"Bates, Weaver and Collins",13
E319279,Robert Gibbs,mcmahonkaren@hotmail.com,(899)311-0698,East Kevin,Smith Group,13
E917439,Kristen Black,christinechristensen@yahoo.com,987-975-4897x5223,Williamsstad,May-Moore,4
E537640,Adam Oconnell,danielstewart@gmail.com,717-807-5430x090,New Michael,Wells PLC,9
E434038,Stephen Walters,linda59@hotmail.com,829.683.2228,West Jennifer,Vance PLC,8
E602765,Jason Martinez,jonathan91@bowman.com,376-603-2810x666,Lake Paulaland,"Mason, Mullen and Williams",7
E864803,John Cunningham,sjohnson@sanders-james.com,001-083-109-6383x926,Port Richard,Jacobson and Sons,19
E384797,Erin Wolf,wlara@jordan.info,728.420.8069x12140,Lake Jennifer,Marquez-Aguilar,11
E993612,Andrea Morrison,vbarajas@hotmail.com,+1-166-165-7617,Port Samuelburgh,Ward PLC,14
E263713,Jenna Hodges,bradleyshirley@gmail.com,(976)664-0470,West Krystalbury,Cox PLC,13
E395691,Tara Williams,martinezdavid@madden-henderson.biz,754-731-3017,Nicolechester,Davis Inc,9
E963803,Samuel Flores,sheltonandrew@gmail.com,(965)984-5563,Port Amandaside,Boyer-Ramirez,6
E425927,Taylor Quinn,xwhite@yahoo.com,344.358.3975x4914,East Kyle,"Anderson, Wilkerson and Burton",20
E173003,William Singh,kcasey@hotmail.com,001-723-201-7868x483,Dylanmouth,Hamilton-Watts,19
E422282,Calvin Walton,karen64@long.org,(685)109-9183,Margarethaven,"Morgan, Fuller and Acosta",9
E893413,Christopher Jones,tamara02@yahoo.com,888.601.7894,West Joseph,Carlson-Warren,13
E859539,Nicole Warner,michael70@clark.com,617.118.4301x877,West Jessicaside,Shaw Inc,11
E215698,Meagan Ray,clarkamanda@turner.org,+1-007-955-4038x474,West Tyronemouth,Cross-Miranda,5
E566921,Donna Wolf,xwest@hensley.com,847.636.0529,East Joshua,"Pope, Oliver and Allen",11
E480909,Lisa White,msmith@yahoo.com,429-088-9145x6215,New Robert,Bates-French,20
E668065,Todd Jones,bbyrd@simmons.com,574-797-9724,Ingrammouth,"Lane, Cook and Roy",18
E891110,Robert Jones,johnsonstacie@romero.info,119-431-6874x88107,North Antonio,Wallace-Ruiz,9
E787060,Jacob Clarke,dallen@gmail.com,810-451-7421x994,Susanfort,Hodges-Gross,8
E207685,Jonathan Acosta,efrank@yahoo.com,+1-039-828-9076x1245,Jesseview,Foster-Jordan,11
E160557,Gary Wong,williamssandra@bentley.biz,903-566-6734x43015,South Caleb,Crawford PLC,1
E777947,Kelsey Sullivan,durankathy@young-hogan.biz,193.239.5294x8395,West Lindsay,Sandoval-Butler,12
E833500,Richard Chan,nguyenjoshua@yahoo.com,884.700.9742x197,Emilychester,Tapia LLC,7
E941066,Randy Myers,pettyjuan@hotmail.com,889.689.7353x19843,Sandramouth,"Fowler, Blake and Simon",9
E808350,Michael Gonzales,martindanielle@carter-pearson.com,721-928-8894x27928,West Rhonda,"Bryant, Hess and Alexander",12
E604494,Timothy White,stewartsteven@gmail.com,936.787.4793x07904,Sandraville,"Morgan, Chan and Griffin",13
E270849,Gregory Doyle PhD,angelica83@gmail.com,+1-526-303-2117x0654,North Austinberg,Payne and Sons,19
E489994,Joanna Franklin,denisebennett@marshall.org,830.952.3188x56815,Brianville,"Knight, Evans and Hernandez",18
E603123,Andrew Walters,savagejoshua@yahoo.com,627-363-1238,Russellhaven,Mccullough Ltd,4
E682874,Jacqueline Turner,wesleymyers@kim.com,0690032113,Boothmouth,"Castillo, Powers and Murphy",16
E443535,Michael Perry,david16@williams-smith.com,+1-600-653-3341,Fernandezhaven,Jackson-Reynolds,13
E576796,Rebecca Reid,melissa91@hotmail.com,+1-382-764-5993,Wandastad,Hopkins PLC,5
E937794,Nicholas Brooks,anthonyhawkins@hotmail.com,745.674.0459,Port Haley,Browning Group,4
E285240,David Butler,rflores@yahoo.com,392.527.6477,East Patriciafort,Moore-Harris,5
E855725,Frank Bolton,patricia80@reese-krause.info,101.495.3413x902,Irwinland,"Waller, Day and Richards",15
E496681,Taylor Sloan,tamiscott@gmail.com,360-792-4380,New Lori,"Reid, Hill and King",15
E263547,Gary Banks,qblair@hotmail.com,267-393-7738x90179,Johnview,"Watkins, Thompson and Weeks",9
E763743,Kristin Miller,brent80@smith-smith.com,025-668-9534,Robertport,"Reed, Ward and Stevens",15
E982257,Shelby Petty,annmyers@gmail.com,001-926-333-3950x8462,South Richard,Butler-Wallace,14
E738459,Michael Maldonado,amanda39@shepherd-robinson.com,001-971-421-8147x440,Amandastad,Maynard Inc,16
E932786,Charles Alvarez,wrightlisa@yahoo.com,4129312487,Lake John,"White, Jimenez and Davis",14
E996898,Jessica James,qstanley@hotmail.com,(987)956-4085,North Ericshire,Hamilton-Stone,3
E814351,Justin Bennett,buckleyannette@harvey-andrews.com,001-232-556-7365x80972,Andrewmouth,"Johnston, Wilson and Foster",19
E171348,Joseph Chapman,randywashington@morton.net,(420)614-8250x369,New Michaelshire,Miller and Sons,12
E881362,Carl Martin,samanthasullivan@park.org,872.016.6455x2361,Ramirezbury,Fletcher-Robles,17
E238721,Rebekah Marquez,jeffrey80@hotmail.com,8800949296,West Monicaburgh,"Wilson, Carlson and Martin",5
E752487,Jennifer Wells,bryanlee@yahoo.com,5191741242,New Ryan,"Ross, Thomas and Harris",9
E663051,Brandon Martinez,xmeyer@taylor-schroeder.biz,001-816-687-1353x9101,Morgantown,Lopez-Romero,3
E122498,Summer Cole,ustevens@yahoo.com,487.946.9115,Jensenmouth,Garrett Inc,20
E694247,Linda Martin,johncross@hotmail.com,001-338-921-3899x981,Delgadofurt,Turner Ltd,17
E398559,Tonya Brown,xwang@hernandez-torres.com,+1-172-239-6886x1498,West Thomasfort,Hall Inc,3
E762677,Matthew Wagner,zlara@yahoo.com,(594)595-6086x7534,Port Tyler,Porter Ltd,8
E984808,Jeffrey Schmidt,nicholasfrazier@gmail.com,+1-467-669-3810,Danamouth,Figueroa Ltd,4
E287441,Thomas Joyce,ogillespie@price.org,+1-672-289-5591,Rioshaven,Harvey-Horton,13
E220256,Linda Sutton,garrisondanielle@jones-brown.info,+1-222-134-3591x5234,Bergerland,Ford Group,16
E864871,Gary Collins,mmcintosh@skinner.com,275.382.0932x2153,Lake Christopher,Crawford-Mcdonald,10
E852021,Katrina Johnson,rnorton@gmail.com,682-851-1264x26953,Jeffreyville,"Simpson, Bryan and Jenkins",19
E910103,Alicia Villarreal,emathis@green-durham.com,194-122-2071x493,West Ginaburgh,Collins Group,4
E114091,Katherine King,gonzalezkathleen@yahoo.com,+1-815-292-9281x392,Harriston,Lynch Ltd,16
E165477,Hector Lee,judy48@bean.com,001-488-893-0307x74400,Jordanchester,"Davis, Jenkins and Prince",17
E943509,Roy Shields,jacksonbrenda@elliott.com,945-302-8667,New Michael,Greene-Quinn,5
E517662,Karen Smith,jeffrey32@hines.com,943-402-2127x741,Maryton,Greene-Weber,12
E582908,Sandra Hampton,michaelsullivan@yahoo.com,938-688-1921x11149,Cynthiastad,Taylor LLC,7
E259161,Zachary Huff,caseyvincent@hotmail.com,684-309-7648x2390,South Carol,Howell-Greene,1
E312049,Don Ward,dianejohnson@jones.com,522.165.8408,Johnsonborough,Weber Group,9
E580674,Meghan Berg,calvin71@mcdonald.org,(118)145-5670,East Michaelchester,Gallagher-Robertson,5
E691989,Sylvia Mcdonald,aaronwilliams@gmail.com,(622)559-9351x787,Jamesburgh,Harris-Logan,18
E763131,Calvin Waters,aaron23@yahoo.com,001-769-722-3701x812,Thompsonfurt,Robles LLC,6
E900589,Jeremy Saunders,jjones@hotmail.com,295-526-2745x64464,Lake Whitneyville,Mitchell-Coleman,2
E253651,Edward Rosario,spencerflowers@simon.com,(142)859-6247,Lake James,Bryant-Arnold,20
E284566,Michelle Frazier,samanthahansen@lowe.info,(994)280-3144x5342,Juliehaven,"Hampton, Fisher and Aguilar",19
E849613,Alexander Tran,beckerrichard@hotmail.com,(455)009-7516x856,Lisabury,"Rios, Jackson and Huynh",14
E111697,Samantha Allen,gabrielle71@yahoo.com,(983)274-9742,South Joseph,Wilson-Christensen,1
E685732,William Pope,walterpeterson@gmail.com,001-604-373-9616x340,Nobleville,"Johnson, Friedman and Jackson",20
E635545,Tracy Daniels,cmoore@gmail.com,722.195.1497x902,Carolinechester,Greene and Sons,9
E809516,Judith Harvey,herrerarandall@yahoo.com,+1-562-600-7242,West Nicole,Kelley Group,19
E462139,Natasha Bowman,alexandra47@green.com,001-873-011-6708,Lake Angelaville,Montoya-Romero,7
E859172,Joseph Jackson,veronicamoore@gmail.com,520-594-3302x02948,Tarabury,Bailey Ltd,3
E528632,Alyssa Young,grose@hotmail.com,(667)048-1183x94060,North Susan,"Harper, Chang and Mckay",15
E506113,Cody Carey,reyesrachel@yahoo.com,+1-246-056-7998x1624,North Timothy,"Graham, Rogers and Myers",10
E905302,Mercedes Newman,wilsonvanessa@gmail.com,+1-662-482-2194x6066,Samuelland,"Davis, Dixon and Lopez",13
E319294,Mark Gallagher,jackfernandez@yahoo.com,891.669.8701x767,Callahanport,"Guerra, Chang and Clark",10
E924234,Natalie Liu,waltersbrittany@hotmail.com,254.083.7747,Taylorport,"Young, Spencer and Escobar",18
E660358,Dustin Mckinney,angelagentry@wilson-garrison.info,6118998076,Conleystad,Miller PLC,3
E844065,Shelby Carrillo,stevenroberts@gmail.com,004-356-6430,Markfurt,Morgan and Sons,8
E712760,Kayla Stone,ebony28@hotmail.com,001-628-819-5079x555,Lake Caroline,"Sparks, Frank and Arnold",17
E769545,James Campbell,bethrice@snow.com,001-810-349-7782x52017,Lake Ashley,Gregory Group,20
E444277,Evan Lee,welchronald@guerra.com,001-796-005-9391x39575,South Katelyn,Reed-Morales,15
E763731,Paula Hill,timothyparks@bell-stewart.com,(522)236-2426,Moorechester,Perkins-Hall,16
E296498,Joshua Cunningham,aliciafoster@garcia.com,535.678.6347x68298,Elizabethburgh,"Carpenter, Reed and Wallace",20
E798448,Theresa Alvarado,pcooper@smith.org,001-369-501-4941x697,Chadton,Patterson-Johnson,3
E549910,Sarah Williams,debbievega@rodriguez-garcia.biz,+1-957-380-4558x17618,West Jennifer,Howe-Weeks,8
E641281,Vickie King,karenrios@yahoo.com,480.011.8995,Alejandroburgh,"Collins, Martinez and Howell",7
E233372,Alicia Evans,freymarie@gmail.com,(985)317-9312x09589,Waltersside,Hutchinson Group,19
E306299,Tanya Bell,jordankristen@hotmail.com,807-619-3827,Lewischester,Ortega-Nguyen,4
E490000,Michael Garcia,urush@romero.com,001-578-193-0765x7174,Kathleenton,Johnson-Mahoney,15
E989037,Michael Carter,fisherbrandon@yahoo.com,267-211-0844x4368,South Kimberlyberg,Johnston-Hess,10
E781834,Samuel Schroeder,ksmith@gonzalez.com,(862)652-3699x7330,North Emilymouth,Moody and Sons,8
E524545,Stephanie Davis,mary93@thompson.org,678.135.4732x6353,Thomasborough,"Hughes, Carter and Pena",14
E900941,Jennifer Salazar,nstone@yahoo.com,+1-678-274-7406,South Tiffanytown,Hanson Ltd,15
E485995,Nicholas Oneal,bhernandez@jones-romero.org,(056)501-2236,Karenmouth,"Raymond, Sanchez and Kelly",20
E236332,Faith Ortiz,wolferegina@hernandez-anderson.com,1933940380,West Derrickville,"Dennis, Simmons and Torres",7
E187035,Jessica Cooper,josephwong@hall.org,+1-447-257-8945,East Crystal,Mcconnell LLC,17
E329730,Mark Shelton,garciarandy@yahoo.com,(484)184-4027,Lake Deborahstad,"Lewis, Palmer and Stephenson",18
E218478,Shannon Clark,melinda38@gmail.com,+1-329-304-3156x510,West Joseph,Collins and Sons,7
E142704,Christopher Schroeder,dustingraham@hotmail.com,999.153.9167x08225,New Ronaldton,"Delgado, Richardson and Reid",16
E646676,Angela Leblanc,alison81@gmail.com,028-373-3357x83830,Aprilmouth,"Morgan, Henry and Nichols",13
E974308,Evelyn Curtis,mjohnson@poole.com,001-288-464-9168x6890,Youngberg,"Martin, Hickman and Espinoza",6
E931453,Gregory Caldwell,phayes@hotmail.com,274-439-1174x522,North Melissa,Jones-Hughes,8
E808355,Cheryl Parker,anthony64@gmail.com,+1-860-002-9563x00490,Ashleechester,Ramirez Group,18
E537032,Dawn Mckee,kyle57@goodwin.com,+1-840-036-9567,East Tammyborough,"Jones, Mitchell and Wood",5
E449198,Nicole Green,jose46@yahoo.com,+1-278-053-7324x96529,Lake Patriciaport,Williamson Group,18
E560301,Martha Barton,handerson@gmail.com,919-076-5934x179,West Louis,May PLC,7
E704067,Dr. Michael Callahan,monica01@shepherd.biz,001-842-543-3833x625,Kochfurt,"Hernandez, Melendez and Mitchell",11
E571216,Renee Mejia,stephensamanda@yahoo.com,(837)478-3000,West Kathleenmouth,Taylor Ltd,7
E271555,Robin Gonzalez,janetbrooks@yahoo.com,(175)496-5072x21025,Brandonbury,"Daniels, Braun and Patterson",18
E185140,Nancy Larsen,sfreeman@howard-burns.biz,(390)013-6278,Bradleyshire,"Guerrero, Rodriguez and Matthews",20
E982960,Tracy Bullock,lambertalicia@williams-dunn.com,001-221-541-8838x8717,Fisherbury,Johnson-Zimmerman,15
E532225,Zachary Miles,georgeshelton@park.org,660.665.4683,Smithberg,Ortiz LLC,12
E252205,Amy Martin,bryce91@hicks-marsh.com,001-226-450-1452,Hayschester,Garcia-Vance,4
E832840,Amanda Collins,jperez@hotmail.com,001-388-734-8373x82672,New Christophermouth,Ortega-Gutierrez,16
E425182,Adriana Montgomery,griffinmichele@gmail.com,611-853-0678x7999,North Melanieville,Willis-Wise,4
E635423,Phillip Russo,bradleyward@taylor.com,+1-525-173-0093x928,Wallaceside,Morgan PLC,7
E556415,John Williams,khawkins@hotmail.com,+1-379-089-3177,East Kathryn,"Kirby, Silva and Bradford",9
E620890,Martin Burton,todd70@hotmail.com,(623)302-7203x97143,Henryport,Rodriguez-Brown,14
E169082,Andrea Henry,yvonnelee@rodriguez.biz,(520)966-9215x548,Stewartmouth,Chavez LLC,19
E480709,Laura Garrett,jilliansmith@hotmail.com,+1-833-222-6417,New Lauraside,"Jimenez, Thomas and Smith",2
E181078,Beth Cantu,pittmanmichael@wilcox-martin.net,9015564561,North Sandramouth,"Diaz, George and Wilson",10
E199512,Timothy Moon,gwilliams@oneal.com,312-919-8396,Brandtton,Cooper-Mooney,20
E775020,Danielle Jenkins DDS,harrisonjeremy@pope-sandoval.info,(682)890-2241,Holderhaven,"Bennett, Leblanc and Walters",1
E685634,John Murillo,dbeltran@hotmail.com,062.697.7239x699,Brandonville,"Holloway, Shaw and Jordan",3
E833613,David Nguyen,dickersonjennifer@gmail.com,4697490286,West Brianna,"Brown, Tucker and Barnes",14
E940817,Tracy Morris,spowell@gmail.com,+1-375-106-6612x93629,North Blake,Rodriguez-Green,18
E114705,Kelly Allen,mmclaughlin@yahoo.com,8249664666,East Billy,Craig Group,6
E442999,Donna Stephens,corykirk@yahoo.com,+1-057-614-6402,Lake Kimberlystad,"Bailey, Thompson and Perez",15
E973708,Dennis Davidson,savannahspencer@gmail.com,(678)048-3769x679,Port Brianbury,Small and Sons,20
E352438,Melissa Campos,stephen19@daniels.biz,001-609-873-8143x4337,Michelleside,Roman-Daniels,18
E903298,Nathan Taylor,matthewhammond@yahoo.com,001-440-856-4546x644,Ashleyside,"Dougherty, Cervantes and Drake",9
E688775,Maria Bruce,jacobmcconnell@hotmail.com,000.203.1544x177,West Christopher,Gill-Rios,6
E158235,Mr. Steven Martinez,qmaldonado@yahoo.com,5660972882,Lake Zachary,Travis PLC,3
E147942,Rebecca Ochoa,yrhodes@mcdonald-wade.net,001-525-949-7491x33836,Charlesberg,Johnson Inc,17
E586437,Rebecca Lewis,rhurley@yahoo.com,079.011.6167,West Johnchester,"Gordon, Wheeler and Valentine",15
E655254,Christopher Henderson DVM,badams@yahoo.com,+1-564-239-5317x3773,South Vanessa,Le-Taylor,16
E581790,Ruth Johnson,joshuataylor@hotmail.com,+1-296-177-2890,Summersshire,Jennings-Moore,18
E724377,James Sparks,martinezmolly@wright.com,(183)270-0304,Rodriguezton,"Hamilton, Watkins and Garcia",16
E552105,Carla Lopez,daniel90@ryan-johnson.com,001-569-535-4246,East Diane,"Walter, Martin and Thompson",17
E141485,Dr. Jamie Cook MD,tmiller@yahoo.com,829.872.4793x230,Courtneyton,"Patel, Wiley and Johnson",5
E246583,Wendy Freeman,susanjackson@gmail.com,+1-675-212-3509,Daniellehaven,Russell Ltd,14
E971266,Richard Sullivan,okim@fuentes-porter.com,+1-451-689-9034x604,Russellmouth,Stewart LLC,3
E307656,Andrea Hall,wshaw@walker.org,(996)496-7422,East Josephhaven,Morgan LLC,12
E563265,Tony Howell,qclark@mitchell.com,(189)243-2102x014,Lake Williamtown,Gonzalez Ltd,11
E346837,Lisa Shaw,rosepatricia@yahoo.com,9798815037,Heidihaven,Gutierrez-Ward,9
E252862,Anthony Schmidt,candace08@hernandez.com,001-519-344-8412x98997,Thomasville,Byrd-Flores,20
E274237,Chelsea Brooks,rogersjason@dorsey.net,001-340-812-3965x589,Sheilamouth,Davis-Newton,6
E333877,Amy Mccarthy,ortegakenneth@gmail.com,263-957-1142,New Alyssaton,"Collins, Smith and Carr",13
E119783,Daniel Wells,howarddaniel@peters.com,131-989-9385,Lake Kenneth,Johnson PLC,7
E567320,Barbara Martinez,alicia61@yahoo.com,001.603.3863,North Dana,Robinson PLC,6
E991709,David Williamson,iblack@yahoo.com,864-282-8653x1734,West Bethton,Jones and Sons,9
E791922,Michelle Williams,dannypark@hart-garcia.info,+1-231-717-8091x29585,Keithtown,Taylor and Sons,15
E318599,Dr. Brian Miles,parkerpatricia@gmail.com,+1-329-466-6334x4875,West Robertfort,Brooks Inc,14
E780389,Mrs. Vanessa Gonzalez MD,barbaramoore@gmail.com,115-858-1299x214,West Meganfurt,Owen Group,13
E169117,Sara Black,gsampson@yahoo.com,001-985-802-9200,Clairefurt,Donovan-Bennett,1
E542168,Terri Kelley DVM,william15@hotmail.com,(456)054-1518x42472,Shermanland,"Carr, Hall and Floyd",12
E881165,James Wise,robertdillon@yahoo.com,001-040-795-0786x766,Brianchester,"Foster, Williams and Boyd",16
E486414,Leonard King,warevirginia@murphy.com,+1-188-569-9882,West Alexandrastad,Page-Williams,6
E144540,Kristin Hardy,timothy04@gmail.com,715-726-5610,Lake Alexismouth,"Anderson, Horton and Lee",2
E950915,Marissa Norris,danielpierce@bennett.net,005-691-7244,Morganhaven,Adams-Haynes,3
E806743,Jonathan Rice,mrussell@bray.net,226.952.3361x48088,New Pamela,Watson Ltd,13
E981704,Phillip Stephens,adamrodriguez@hotmail.com,824.933.7730x94706,Lindsaychester,"Jackson, Wall and Murphy",12
E704355,Don Osborne,harrisrobert@hotmail.com,(355)785-6849,Roberttown,Harris-Newman,19
E699914,Russell Perry,tasha47@cunningham-hayes.com,135.622.2620x0997,Littleland,"French, Francis and Ferrell",7
E663219,Adriana Ward,npope@bentley.com,818-199-8927x30912,Thomasfort,"Bond, Salazar and Thompson",1
E865278,Shawn Harding,ibriggs@brown-weaver.com,+1-189-604-0961x325,West William,Reyes-Miller,4
E979491,Kaylee Crawford,monica67@bautista.info,789-170-8320x2783,Parkerport,"Pineda, Gonzales and Price",1
E865293,Richard Lee,owenscarla@mcdaniel.com,(753)203-9896,Thomasstad,"Roberts, Perez and Bryan",16
E298846,Brent Horn,crystal28@hotmail.com,689.204.0340x8958,Robinsontown,Jackson Group,5
E316334,Caleb Romero,james48@brown-kelley.info,631.143.2990,Holmestown,Walker-Thomas,2
E482915,Justin Black,cameron72@banks.net,+1-955-856-4112,Karenshire,"Sanchez, Burns and Walker",8
E651503,Benjamin Allen,kjohnson@carr.info,(426)260-3399,Beanborough,Jones LLC,6
E271097,Mr. Dillon Davenport,catherine59@yahoo.com,(010)914-2462x23672,Lake Eric,"Sanchez, Coleman and Campbell",20
E268466,Jasmine Franklin,ohoward@jenkins-harris.org,819-928-5953x065,Lake Kathleenchester,"Christensen, Harris and Bryan",17
E450079,Ann Horn,kingdavid@yahoo.com,263.056.7095x66463,South Nicholasshire,"Reyes, Martinez and Clarke",8
E632302,Michelle Lee,finleyjoshua@jefferson.com,2747364717,New Kevinburgh,"Williams, Jackson and Yoder",17
E833665,Joseph Morrow,jennifer59@blair.info,470.509.9091,Wrightbury,Griffin PLC,16
E454505,Douglas Williams,yholmes@williams.com,(828)907-5857,Benjaminshire,Jimenez-Vasquez,1
E541253,Brian Jacobs,zimmermanlouis@allen.biz,582-940-7892x955,Jenniferberg,Rivera Ltd,12
E480093,April Medina,longleslie@horton.com,(192)740-8851x6170,South Lisaville,Cameron PLC,3
E572117,Diana Smith,jamiegutierrez@hotmail.com,+1-489-567-0097,Smithland,Brady-Eaton,6
E628728,Benjamin Bush,terribarton@hotmail.com,001.455.5051,Lake Rhondaville,"Wells, Gardner and Johnson",3
E116616,Aaron Hernandez,julie19@hotmail.com,(468)610-5893x77570,Rioschester,Green PLC,17
E445004,Paul Hayden,meyermark@yahoo.com,001-311-518-4484x57065,East Bryan,"Vance, Miller and Adams",14
E598002,Cathy Anderson,mitchellmelissa@wilson-jones.com,987.945.9752x53194,Lake Jesseville,Payne-Powell,4
E213243,Christopher Rogers,zfisher@cohen.com,001-994-646-1175x596,South Paul,"Sparks, Cummings and Gregory",6
E910881,Roy Bruce,sdavis@hotmail.com,833.175.7222,Obrienshire,Tran-Wallace,18
E575227,Erik Ballard,yeseniajones@avila.org,576.596.0953x927,Monicashire,Woods Ltd,18
E369334,Nicholas Nelson,jhart@knight-chen.com,+1-038-850-1433x23793,South Debbiestad,"Nichols, Reed and Stewart",12
E192195,Mallory Dougherty,samanthaochoa@davis.com,1276789323,New Patricia,"Price, Smith and Mccullough",18
E202930,Donald Mcneil,louisfoster@arellano.com,(743)375-2404x6012,Russellville,Cruz-Sandoval,4
E613020,Sarah Perez,otaylor@simpson.com,202-876-0201,East Ericview,Davis Group,5
E304394,Alicia Parker,jamesmason@alvarado-vasquez.info,(093)603-0119,North Ronald,Cline-Wilson,8
E200210,Timothy Hubbard,jerry54@gmail.com,138.496.8889x65073,Lake Brittany,Mendoza-Brown,7
E773353,Douglas Jones,richardtorres@walker.com,+1-726-303-7408,South Danaland,Ray-Goodman,15
E755876,Angel Larson,nancy64@davidson-smith.com,(617)246-0133x198,Paulland,Harris-Taylor,10
E125167,Jason Evans,aliciafoster@cox.com,+1-459-170-2971x944,East John,"Floyd, Mcneil and Green",7
E607424,Lindsey Jordan,rodriguezgregory@gray.biz,738-376-1577,West Kevinton,"Waters, Jones and Johnson",18
E818338,John Dixon,kimberlyward@yahoo.com,(322)397-7751,Amandaside,"Taylor, Wilkinson and Peterson",7
E699279,David Gray,hensleynicole@gmail.com,001-081-195-0624x836,South Laceyfurt,"Martinez, Wise and Young",7
E792497,Kendra Glenn,brookschristopher@hale.org,+1-408-387-0540x41427,West Hector,Wilson LLC,19
E857578,Doris Martinez,wagnerelizabeth@carroll-ross.com,(856)253-2297x81034,Jacksonmouth,Dudley-Kaiser,17
E125686,Sabrina Kelley,barnettgina@adams.net,+1-114-523-3873x89492,Reedborough,Dennis-Campos,14
E836822,Daniel Gardner,morristiffany@parker-moore.com,(799)141-7786,Davidside,Best Ltd,11
E133423,Paul Miranda,jamesreese@yahoo.com,319-458-5804,New Kelly,Schroeder-Sanchez,12
E773564,Jennifer Foster,laura47@moss.com,6054936303,Justinview,Mclaughlin-Wallace,10
E869638,Lynn Vasquez,whiteconnie@hotmail.com,(799)267-6125x7281,Smithfort,Nielsen Group,10
E890944,Mitchell Scott,sloanjoshua@hotmail.com,090.783.5519,Tanyabury,Gray-Lopez,13
E836493,Rebecca Duran,christina90@gmail.com,001-890-265-6484x859,Veronicaside,Coleman-Davis,13
E581886,Diana Ramirez,lnelson@fleming-norris.com,472.055.8942,Angelaton,Friedman-Murray,10
E516165,David Jones,amandalane@hill.org,214-687-4573x853,Rogersshire,Hendrix-Mason,18
E294212,Meghan Barnes,ruizchristopher@french-smith.com,001-309-395-0394x202,North Danielle,Hatfield Inc,18
E721645,William Horton,smithrichard@whitney.info,001-657-633-5578,East Johnnyland,"Watts, Gonzalez and Potts",14
E935191,Cameron Baker,ahunt@hotmail.com,001-200-227-7621x04092,Port Waynechester,Donovan-Eaton,20
E539452,Andrew Wong,amandatucker@yahoo.com,+1-821-454-3428,Port Christopher,Brown Group,9
E907090,Natalie Robinson,ylee@ballard.net,(009)813-7064,New Christopher,"Dixon, Reed and Smith",12
E331841,Robert Gonzalez,elizabethbowman@yahoo.com,001-284-732-6734x54417,Johnhaven,Parks-Hicks,1
E858775,Shannon Hansen,smcintyre@campbell.com,+1-134-077-1591x857,Adamville,"Jenkins, Anderson and Hines",13
E233829,Tracy Andrade,hernandezmatthew@gmail.com,652.382.7504x03743,Morganchester,Wallace Group,4
E458112,Brianna Watkins,lindamcdonald@gmail.com,001-965-538-7665,East Terrishire,Williams-Todd,14
E825523,Amanda Archer,fdaniels@hernandez.com,+1-702-471-2465,Reidfurt,Smith and Sons,17
E451232,Hannah Barrett,jerryharper@hotmail.com,001-186-929-0963,Michelleberg,Drake LLC,5
E913443,Brianna Moss,melanielewis@garcia.com,+1-865-517-8190x53147,Rodrigueztown,"Jackson, Spencer and Vincent",7
E661541,Julie Copeland,cdillon@cohen.org,(288)942-5569,Katiefort,Shields Group,19
E615680,Roger Obrien,christopher47@gmail.com,629-967-7446x793,East Natasha,Bell LLC,9
E931891,Andrew Coleman II,nicole54@hotmail.com,(457)659-8141x076,Lesliefort,"Finley, Ramirez and Brown",15
E606125,Christopher Raymond,kellypatel@davis.biz,+1-799-508-4640,Petersonmouth,"Bowman, Sims and Anderson",12
E199739,David Brown,rshepard@hotmail.com,+1-391-746-3579x60724,Perezfurt,Collins Ltd,2
E234934,Terri Barnett,maddenlynn@gmail.com,(753)893-9077x8984,Lindsayview,Gardner-Hall,6
E245538,John Vega,xhoward@gmail.com,(245)679-0559x63341,Abigailmouth,Gonzalez-Wallace,20
E278748,Brenda Martinez,corybrown@gmail.com,+1-349-950-1441,South Richardburgh,"Alvarez, Henry and Farmer",14
E101218,Riley White,kobrien@yahoo.com,(718)125-1454x64979,Johnsonville,Brown LLC,4
E228102,Melissa Moran,samuelporter@gmail.com,8863136224,Port Deborahton,Rubio Inc,6
E154465,Samantha Hayes,dscott@rodriguez.biz,3605762262,Mooremouth,"Gomez, Bass and Watkins",16
E454666,Jeffrey Sanders,brandonwright@medina.com,(986)514-3279x560,West Justin,"Johnson, Avila and Garcia",2
E494825,Jack Hill,carlyrobinson@patterson.com,642-605-0654,New Laurenstad,Barber-Hensley,17
E153668,Devin Mendez,devinlarson@thompson.net,001-056-422-8252x3750,New Paul,"Hunt, Jacobs and Barnes",8
E265502,Gina Williams,gallowaylarry@howard.com,+1-581-352-4672x65553,Port Chadhaven,"Brown, Hall and Morton",18
E747233,Barbara Watts,tatejoshua@robertson.com,(840)957-8258x97282,Woodwardside,"Branch, Garcia and Smith",19
E286704,Emily Martin,mooretravis@hotmail.com,541.397.8834x55311,New Richard,Jordan-Torres,1
E698074,Amber Kerr MD,hughesdanielle@hotmail.com,+1-307-331-7925,New Davidton,"Wood, Reynolds and Jackson",5
E432054,Allison Adams,strongdaniel@hill.net,569.585.2803x7680,Port Michelle,"Rocha, Anderson and Myers",7
E674039,Jamie Green,joel66@evans.org,282.023.1568x3703,North Erin,Foster PLC,9
E669771,Steve Baldwin,suzanneburgess@garza-lee.com,065.456.0492x14353,Lake Christinaport,"Hamilton, Brown and Harris",11
E565347,Kimberly Evans,vsmith@yahoo.com,953-075-5739x81360,East Michaelfort,Singh Inc,11
E930044,Alice Mcdowell,samuel25@kennedy.com,140-756-7541x580,Wilsonview,Wagner PLC,5
E530903,Randy Ponce,lsmith@gmail.com,+1-778-626-4818,Williamsbury,Mejia LLC,16
E223282,Dalton Brooks,matthew93@yahoo.com,(312)004-2048x564,New Daniel,"Moreno, Pratt and Taylor",3
E989995,Scott Madden,wanderson@burnett.com,+1-339-363-3361x4185,East Joanne,Mccall-Wang,17
E249714,Mark Wallace,upatterson@gmail.com,127.300.5057x7917,West Sharon,Hill-Santos,20
E717935,David Bass,rebecca67@yahoo.com,587-381-6931,South Courtneyland,"Rodriguez, Hayes and Hutchinson",13
E483418,Brian Hawkins,tammybarker@taylor-mcdonald.org,(092)821-0605x83659,West Joseph,Sullivan-Benson,12
E163912,Carmen Brown,michaeldixon@hotmail.com,9279038826,Wilsonland,Cummings-Franklin,12
E604285,Stephen Smith,williammcclain@gmail.com,(791)753-6995x4808,Suzannechester,"Terry, Kelly and Jones",12
E222422,William Martinez,brownmadison@anderson.biz,(418)199-4644,West Alexiston,Mendez-Merritt,17
E594659,Gregory Conway,zacharycox@hotmail.com,871.866.5454x3707,Lloydstad,Alexander-Ortiz,2
E459893,John Powell,medinaemily@hotmail.com,571.658.7731x5557,North Jacquelineport,Gardner Inc,2
E713233,Steven Scott,lindsay16@yahoo.com,+1-709-928-1200,Garciahaven,James-Cook,3
E276850,Daniel Grant,kellymonica@carter.net,590.139.8215x193,Christopherville,"Johnson, Bradshaw and Delacruz",7
E503174,Dana Hopkins,amy63@thomas.com,(451)375-5330,East Theresaton,Parker and Sons,18
E380204,Joseph Hughes,josephalvarado@keller.com,(157)528-4948x79619,South Michellechester,Reid LLC,13
E572968,Troy Bailey,kathleenhunter@gmail.com,+1-530-795-8827x45623,North Claudiaborough,Thompson and Sons,9
E464651,Samantha Garcia,zmckee@hotmail.com,701-672-1017x250,Weissport,"Johnson, Morgan and Boyd",19
E489663,Sherry Bauer,cgonzales@calhoun.com,6273944452,Evansmouth,Gonzalez Group,12
E602970,Andre Jimenez,carlsonkristine@yahoo.com,001-334-781-0856x83575,Lake Sheliaside,Santiago-Harrison,3
E415278,Donald Bautista,wmcmillan@sharp-downs.net,(290)129-6246x1530,Port Cindyland,Wright-Richardson,10
E813366,Andrew Casey,samantha24@yahoo.com,001-628-663-8998x25826,North Dawnside,Long-Terrell,16
E102004,Carol Robertson,carrtanya@hotmail.com,388-166-3253,Donaldmouth,"Martinez, Hanson and Pena",11
E737959,Timothy Griffin,trobbins@hotmail.com,9806799146,South Elizabeth,Andrade-Preston,11
E777220,Gerald West,michael87@floyd.com,738.059.2901x558,North Brandonhaven,"Jenkins, Pugh and Gonzalez",10
E819121,Joseph Hill,ddodson@yahoo.com,+1-320-981-0680,West Christopher,"Woods, Hanson and Davis",2
E689257,Breanna Joyce,julie34@peters-bush.net,038.934.3745,South James,Booker-Ballard,7
E944919,Andrew Chen,davidmyers@morgan.com,791-826-6933x814,West Johnberg,Hernandez Ltd,4
E896736,Mark Salinas,xpope@randolph.info,993.127.3683,Brownfurt,Williams PLC,20
E584877,Donna Massey,goldenjulie@yahoo.com,(684)351-8627x9595,North Tonyaville,Wood Ltd,7
E278998,John Allen,amccarty@booth-rose.org,981-530-6559x4008,Waltersmouth,Floyd-Howe,1
E275059,Gregory Doyle,frank84@hotmail.com,001-330-687-7634x6704,North Rebecca,"Newman, Moran and Arellano",16
E156030,Thomas Matthews,mindy24@gmail.com,001-674-906-0269x85131,North Charlesville,Lopez-Salazar,17
E813833,Vicki Mcguire,jonathan07@yahoo.com,001-275-868-5804x149,Lake Joseborough,Klein-Stein,7
E789983,Emily Case,andersonbryan@yahoo.com,522-660-8565x5957,New Michelle,Vasquez and Sons,2
E603958,Susan Perez,anthonyfranco@fowler.com,760.817.9976x691,New Patrick,Abbott-Wood,5
E470141,Jennifer Gonzalez,lisa46@perez-cunningham.com,+1-776-863-1311x339,Deborahtown,Chen-Mcknight,9
E789056,John Flores,graynicholas@yahoo.com,599.409.8421x103,Carolynbury,Williams Ltd,14
E310413,Carla Davis,elizabeth65@hale.com,9179253639,Lake Jessica,"Boone, Hughes and James",12
E589435,Jorge Johnson,ortegamichele@hotmail.com,(933)961-6094x7556,Lake Mark,"Morrow, Francis and Le",15
E342651,Melissa Garcia,jessicastrickland@kent.biz,903-540-3969x36808,South Garrett,"Delacruz, Alvarez and Gilbert",3
E506767,Jeffrey Diaz,kevinwatts@reyes-williams.com,189-606-3486x53995,South Marissa,Williamson-Trevino,12
E408481,Keith Obrien,edwardsrenee@townsend.com,001-327-697-9570x071,Martintown,Evans-Pollard,8
E277294,Michelle Hudson,reedbrenda@gmail.com,580-963-9767x755,Matthewberg,Martinez-Flores,1
E520707,Martin Ruiz,bryantjoshua@willis.com,001-484-949-3072,Mariahland,"Hawkins, Martin and Kelly",6
E959094,Jennifer Jones,coxjames@yahoo.com,+1-325-402-0148x95826,Nguyenburgh,"Martin, Johnson and Moody",6
E363961,Steven Lane,hayespaul@wagner.com,612-386-0809x2122,Trevorchester,"Bradley, Richardson and Spears",18
E521825,Lisa Freeman,sharon88@edwards.com,001-730-945-9628,New Austinstad,Turner PLC,18
E697041,Claire Keller,paul43@smith.com,838.228.6639,Ashleyborough,"Miller, Cameron and Davis",19
E690872,Lauren Johnson,hansonjames@yahoo.com,+1-605-613-6428,Dianaton,"Hernandez, Villarreal and Lucas",20
E559556,Justin Jimenez,betty28@gmail.com,001-662-679-9971,Markbury,"Weeks, Adams and Martin",8
E454292,Julian Williams,russell35@taylor.com,(914)222-7130,East Tina,Lee Group,7
E629823,Harold Cross,sydneymann@gmail.com,0347220619,Lake Sethton,Powers Ltd,20
E286850,Brian Johnson,sara84@williams.com,5938663670,North Andrew,Fletcher Inc,5
E977184,Jamie Mitchell,benjamin14@davenport.com,831.035.4774x14423,Port Judyfurt,"Ward, Daniels and Galloway",1
E668127,Kevin Austin,zritter@wilcox.net,(815)601-2338,New Amandafort,"Salazar, Peck and Lewis",5
E145285,Michael Edwards,ybaker@hotmail.com,(258)302-4502x001,Markmouth,Harper-Jones,7
E907064,Pedro Vazquez,matthewwhite@gmail.com,(684)048-0111x63788,South Amyside,"Morgan, Koch and Moore",2
E609001,Jaime Reyes,anna12@gmail.com,803.672.3046,Jacquelineberg,Franklin LLC,7
E266816,Barry Berry,zmorrow@yahoo.com,+1-598-126-4512x1084,West Gregoryview,Soto Group,4
E813865,David Mendez,tuckertravis@martin.com,0412029548,Port Davidton,Bennett Inc,11
E134677,William Salazar,jeremiah38@yahoo.com,(773)570-0199,Patelchester,"Fuller, Gillespie and Ramirez",4
E447915,Christopher Burgess,matthewsmith@hotmail.com,+1-488-706-3882x953,Wallsberg,"Garcia, Banks and Ferguson",15
E807516,Alexander Jackson,james26@rush.com,(457)437-2426x1333,South Kathy,Sawyer-Arnold,5
E742266,Rita Black,stephanie43@hotmail.com,001-009-699-0224,West Amanda,Hubbard Ltd,3
E297689,Emily Wilson,harry53@gmail.com,887.114.5723x0107,East Maurice,Duncan Group,7
E351378,Paul Martin,connie79@wallace.info,+1-369-748-4122x624,Casestad,"Murray, Dalton and Smith",15
E327189,Michael Velazquez,shannonyates@gmail.com,300-951-3067,Perrymouth,Thomas-Ibarra,6
E637541,Hannah Huber,mdillon@kent.com,+1-179-940-4362x90903,Justinbury,Ruiz Group,7
E718168,Megan Banks,csanchez@yahoo.com,001-357-028-4561x255,Lake Juanburgh,Rodriguez-Randolph,9
E997487,Eric Young,cardenasrebecca@gmail.com,001-498-961-6578x938,Timothymouth,Aguilar and Sons,17
E905765,Jamie Mullen,nguyendavid@yahoo.com,664-983-1125,Saraland,Clark-Yang,19
E729055,Steven Miller,oho@page.com,+1-268-431-3618x332,New Kevinport,Vargas Inc,19
E670753,Hannah Baker,stephanie00@gmail.com,001-465-933-5565x7704,New Matthew,"Carr, Martin and Harris",11
E413020,Robert Miller,smithkaren@lopez.com,102-007-5606x3277,Scottshire,Mejia-Brown,1
E171054,Patrick Doyle,stacybarnes@cook-moore.com,057.979.9000x14060,Port Kristen,"Taylor, Mendoza and Morgan",1
E708206,Brent Barnes,dcastro@hotmail.com,090.691.7265,Hoopermouth,Hunt-Myers,5
E864383,Molly Huff,ericabenson@moses.org,(245)306-0244x2636,Lake Edward,"Hodge, Rodriguez and Conner",13
E796300,Matthew Nelson,davidsimpson@gmail.com,416.770.3538x9212,Stonefort,Tran-Castillo,7
E548062,Patrick Arnold,glenngarcia@taylor-werner.com,900.004.3875x13385,Saundersborough,"Adams, Warren and Freeman",17
E907903,Nicole Harris,cconley@yahoo.com,001-652-501-1840x553,Port Chelseyport,Paul-Jackson,8
E826855,Cheryl Chang,eclark@yahoo.com,001-159-303-9812,North Dennisburgh,"Fuller, Beck and Williamson",16
E362141,Joseph Wilson,oliveramanda@lozano.com,924.668.0739x943,Michaelfort,"Harris, Lin and Morris",9
E444594,April Campbell,marissabrown@suarez-nelson.biz,531.086.0573x917,Cruzhaven,Jones-Silva,4
E586593,Henry Michael,steven19@yahoo.com,193.244.5405x848,Angelaport,Smith Inc,14
E119347,Anna Randolph,sjimenez@smith.com,977.510.7270x71753,Martinland,Jones-Harris,2
E553942,Bruce Kramer,shanekhan@love.biz,512.082.0002x693,Lake Elizabeth,"Patrick, Flynn and Rodriguez",14
E228598,Chase Turner,saranelson@yahoo.com,268.233.6064x4864,South Mary,Jimenez-Thompson,2
E274623,Kristen Roberts,matthewscody@gibson-cunningham.com,001-344-386-1718,Nicoleberg,Rosario Group,13
E601556,Alison Richmond,kevinfox@yahoo.com,+1-746-012-3255x48929,Jeanfurt,Fernandez Inc,16
E382419,Lindsay Paul,barreraeddie@benson-joseph.net,(094)259-2251,Guzmanport,Liu-Martinez,11
E712655,Lisa Dennis,danielledavis@yahoo.com,7294544473,Matthewsstad,"Cook, Price and Crawford",19
E450467,Terry Wilson,gonzalezleonard@brown.biz,135-909-6636,North Scott,Kim LLC,20
E475406,Kelly Patterson,tmoore@johnson.info,909-480-8138x3123,North Carrieburgh,"Martin, Robbins and Gross",7
E773759,Natalie Miller MD,richard89@chen-andersen.com,088.663.5958x5315,Port Luis,"Miller, Clark and Henry",18
E974416,Carlos Wheeler,ajones@kaiser-lopez.org,179-231-9683,North Michael,"Miller, Dyer and Taylor",5
E875695,Donald Pham,bpeterson@guerrero.com,153.515.2775,East Jessestad,"Tanner, Martinez and Keller",18
E404097,Erin Woods,donaldblake@kelly.com,001-157-824-1830x28416,Cuevastown,Richardson-Dean,5
E943054,James Walsh,justin37@mcconnell.biz,0588859892,North Anthonyside,Tran-Harris,13
E559311,Christopher Perez,erika92@yahoo.com,+1-437-110-6813x5705,West Anthonyberg,"Adkins, Day and Pierce",15
E208665,Angela York,aaron70@moore-mack.org,613-616-3860x025,Howardmouth,Ruiz-Dillon,13
E795513,Matthew Curry,cmunoz@martin-jackson.com,(271)785-5213,Jefferystad,"James, Davis and Curry",14
E810897,Tammy Barber,paulray@gmail.com,527.168.6994x2470,Smithfort,"Garcia, Manning and Booth",7
E482173,Brian Taylor,daniel44@landry.org,651.355.6439x91570,North Jose,Cruz-Harris,7
E138976,Kristen Murillo,atkinsonalison@gibson.biz,+1-296-204-3483,Lake Cheryl,"Ball, Austin and Mckee",5
E180294,Laura Mcmahon,thomas40@hotmail.com,(068)986-1639x733,South Christopher,"Sloan, Murray and Olsen",7
E478923,Edward Hamilton,npetersen@owens.com,398.950.3032x509,South Linda,"Thomas, Jones and Miller",13
E148568,Jeffery Smith,christinaorozco@greene.com,(975)028-3900x83016,New Maryport,Morgan-Alvarez,3
E550368,Tonya Smith,cohenjohn@yahoo.com,(887)989-1365x428,Grahamhaven,"Wheeler, James and Meyers",19
E162457,Andrew Richards,cameronnorris@yahoo.com,001-367-535-4162,North Vincent,Woodard LLC,12
E334186,Mary Medina,lauren51@carson.info,058-003-1661x37609,South Donna,Logan-Leonard,20
E669956,Marcus Morgan,woodsmelinda@ritter-thomas.net,001-046-874-4718x2676,West Amandaborough,Larson-Miller,17
E729124,Linda Black,pacedylan@murphy.com,(955)362-1554x12804,South Richard,"Reilly, Jones and Gibson",18
E399147,Olivia James,sharonwoods@stephens.org,(391)849-7544x758,South Gary,Thompson-Taylor,6
E411577,Angela Smith,ple@yahoo.com,(174)873-8676x1443,North James,Elliott-Myers,19
E948630,Don Willis,bellstephanie@yahoo.com,(953)181-7560,North Jonathanville,Christensen LLC,10
E496939,Virginia Gutierrez,brian34@gibson.com,+1-849-668-9072x017,Richardbury,Clark-Fleming,20
E632296,Shane Parker,igarcia@day.com,516-571-5670x6865,South Brianshire,Brown-Reynolds,3
E896697,Nathan Bailey,pbarnes@hotmail.com,(483)805-9494x16142,South Katherine,Hill and Sons,2
E360560,Scott Herring,morrisaustin@bennett-lee.com,885-351-3111x47590,Danielbury,Brown PLC,14
E924001,Tammy Perez,zkemp@brown.com,(404)735-0096,Port Lori,"Garcia, Wilson and Cooper",16
E646773,Jonathan Olson,hahnjohn@gmail.com,001-291-628-0226x07276,Burnsfurt,"Brewer, Powell and Shaw",20
E358769,Donna Lucas,lfrench@boone.com,(810)291-5739x76788,Ramosview,Bailey-Smith,17
E606923,Ryan Perez,gcarlson@lara.net,(739)119-9885x814,Sloanside,"Thompson, Johnson and Cherry",14
E651351,James Fritz,melissa00@gmail.com,031.388.0755x049,Lake Tara,Reeves Inc,4
E391119,Destiny Wright,nathan82@dudley.biz,242-825-9104,Perezshire,Young-Dixon,7
E177913,Mariah Sanford,greerdaryl@hotmail.com,808-483-8609x097,West Taylor,Montgomery-Harding,2
E277158,Rachel Gross,lbowen@hotmail.com,(448)989-9588x8984,Harrisonmouth,Gonzalez PLC,10
E988776,Laurie Lamb,martinandrew@gmail.com,067.239.3181,Kennethport,Burke PLC,16
E186708,Joseph Johnson,ericksonbrian@reed.net,603-610-5812x80324,Coryview,"Delgado, Good and Ray",3
E716132,Carl Carlson,stevensonbecky@vaughn.biz,292-810-8157,Jennifertown,Pruitt Inc,6
E820231,Michael Francis,rebecca71@cunningham.org,275.887.3672,West Paulton,Jimenez Inc,1
E683962,Daniel Mason,stewartdonald@gmail.com,702.838.3427x3005,Martinezburgh,Owens-Walker,2
E211803,Julia Burns,olsonjoshua@sullivan.com,001-173-649-7100x68735,Lake Tamifort,"Payne, Gomez and Cooper",19
E683109,Christine Terry,justinjefferson@hotmail.com,532.102.8724,Javiershire,Garcia and Sons,20
E993499,Nancy Torres,codysantiago@young-hamilton.com,(861)179-5539,Jocelynland,Castaneda-Diaz,6
E997732,Andrew Walsh,christophermedina@cox-brown.net,+1-051-505-0303x410,Carterville,Rodriguez Group,17
E908226,Janet Acevedo DVM,kylebarnes@gmail.com,001-858-605-4147x2566,West David,"Wolfe, Holmes and James",17
E385963,Tammy Campbell,kimberly14@hotmail.com,5868755578,Port Debbieland,Owens and Sons,14
E993597,Andrew Brown,emily69@ramos.biz,834-434-7296,East Sarahport,"Roth, Melton and Santos",4
E133780,Robert Wade,garywilson@gmail.com,127.827.9495,Timothymouth,"Richardson, Gonzalez and Petersen",15
E131385,Nathan Nash,leeholly@anderson.org,529.454.5275x14348,North Robertmouth,Rosario LLC,1
E520569,Courtney Armstrong,srhodes@santos-steele.biz,001-795-534-0892x5300,Lindseyton,"Navarro, Medina and Braun",18
E975274,Cynthia Smith,lisaedwards@hernandez.biz,001-324-977-3208x6937,Leahview,Morgan PLC,4
E814461,Michelle Nguyen,csteele@gmail.com,001-427-645-9995x2152,West Leslietown,Mitchell-Thomas,17
E306690,Scott Hayes,hcollins@gmail.com,(368)872-2895x3464,Millerside,"Mcguire, Walsh and Carney",4
E773305,Henry Adams,pwoods@reyes.com,416-284-8109,East Bradborough,Parker Ltd,3
E178080,Erik Brown,johnathanperry@robinson.com,9451013595,Sarahbury,Johnson-Porter,19
E555079,Wendy Palmer,angela36@gmail.com,+1-911-391-3896x123,Port Garystad,Mayo Group,19
E220834,James Hood,robert58@manning.net,246-997-5620x03282,South Angela,"Pearson, Sullivan and Hurley",9
E443027,Haley Torres,fruiz@yahoo.com,(097)304-0779,Jenniferstad,"Hudson, Norton and Gill",14
E254580,Amy Montgomery,lmartin@torres.com,269.556.6824x00345,Barbaramouth,Rich and Sons,8
E222346,Paul Weaver,brandy90@mcdonald-garrett.com,135.134.4523x96789,South Jamesburgh,Powers-Conrad,18
E431319,Laura Pena,othompson@hotmail.com,9282379187,Bakerfort,Wheeler Ltd,13
E214862,Lori Wang,taylortammy@hotmail.com,+1-432-557-3339,New Michaelshire,"Hancock, Davis and Wallace",19
E177218,Michael Williams,blakeruth@hotmail.com,001-429-207-6779x263,Parkermouth,Reed-Mcdaniel,15
E631495,Tiffany Baker,aaron17@gmail.com,660.913.7716x89382,Lake Jamesfurt,Wright-Stark,1
E311356,Jesse Black,njones@turner.com,+1-063-190-4556x27290,Roberttown,"Miller, Macdonald and Pacheco",4
E600981,Amber Strong,waltermeyer@grant.org,+1-017-825-2967x4163,Port William,Brown-Warren,19
E199081,Jamie Reynolds,cheryl90@jensen-bailey.com,001-673-082-5465,Larsonport,Mitchell and Sons,2
E726443,Alejandra Rios,rwright@yahoo.com,355.572.5414x90576,East Brandy,Phillips-Blake,4
E303375,Benjamin Schultz,wdelacruz@gmail.com,(368)742-5654x93379,Jasmineberg,Nelson-Bray,9
E677623,Margaret Rosales,kristen70@yahoo.com,001-644-601-8748x11761,South Katherineport,"Mullins, Ballard and Williams",8
E833176,Virginia Lewis,floresronald@richards-griffin.com,587.455.5542x2018,New Eric,Leon Inc,17
E833751,Linda Delgado,evansdouglas@yahoo.com,001-438-661-3326,West Robert,Bennett-Smith,10
E857418,Ashley Scott,andrew68@hancock-frank.com,+1-326-761-6968,Port Scott,"Cantrell, Acosta and Bartlett",11
E684931,Jonathan Camacho,xwhite@garcia-herrera.biz,3083944855,Perkinsville,Juarez Group,16
E682626,Gary Fuller,bellshirley@gmail.com,+1-493-188-1480x5242,New Kellymouth,Dawson-Bennett,14
E674063,Richard Garcia,ericcollins@turner.net,001-377-088-2867,New Dillon,"Lopez, Haney and King",17
E829015,Andrea Long,jennifer05@hotmail.com,001-713-857-8658,Elliottfurt,Perez PLC,15
E518564,Brian Dunn,xharvey@mitchell.net,+1-025-204-5541x09418,East Frankfort,Mckee Inc,13
E393381,Jason Patel,zbishop@hotmail.com,(645)107-8908,Kathleenburgh,Gonzalez Group,17
E658968,Brenda Nelson,mark62@young.com,185.894.9866x18046,North Elizabethberg,Davidson-Sanchez,2
E959307,Stephanie Ramos,ddickerson@yahoo.com,(286)243-3983x501,Lake Travis,Rios Group,13
E844912,Robin Guerrero,markmyers@yahoo.com,(562)191-7466x1494,Josephchester,Williams LLC,1
E673586,Diana Wright,gabrielle13@hotmail.com,992-384-5432,Erikstad,Jacobson-Arnold,3
E381763,Dr. Johnathan Chavez,joseph34@yahoo.com,001-734-468-5659x3036,Taylortown,Allen-Walters,5
E227825,Kathy Baker,christopher55@gmail.com,064.997.9151,Bakerburgh,Navarro-Bailey,1
E909886,Cynthia Lin,christopherhoffman@villegas-boone.com,428.701.4293,East Ryan,"Peters, Smith and Craig",10
E383985,Laura Martin,angela27@sloan-velasquez.com,+1-804-417-9835,North Kim,"Hill, Meyer and Jackson",9
E539309,Sydney Cummings,anna17@gmail.com,987-627-1187x830,Taylorberg,"Baker, Ellison and Burke",5
E533985,Brandon Cook,julian67@li.com,(150)498-7774,East Tammyberg,Shaw Ltd,5
E409186,Dr. Jodi Reyes,stoneheather@taylor-green.com,315-957-7340,East Gloria,"Burton, Hicks and Stanley",2
E544517,Theresa Pratt,ctaylor@diaz.org,135-806-6690x466,North Nicoleton,Henry-George,14
E328498,Adam Mitchell,grahamedward@heath.com,001-118-007-6742,Delgadoville,Hanna-Moore,18
E418938,Michael Hudson,donna21@yahoo.com,001-354-231-6324,Lisaton,"Cain, Martinez and Baker",12
E744764,Philip Ortiz,ortizdaniel@hotmail.com,815-473-3730x2465,Stevenberg,Simmons Inc,15
E500303,Jose Brown,lwhite@gmail.com,+1-041-876-9628,Rhondachester,Petersen Ltd,14
E753300,Amy Henderson,patrickhart@gmail.com,330-384-4600x214,Johnnymouth,Nguyen Ltd,4
E164975,Jessica Diaz,william84@pittman.biz,217-928-8772x1371,Lisaland,"Knight, Reyes and Wright",15
E159154,Andrew Glover,fwright@roach.com,7340981188,Nathanburgh,Davila-Ramirez,14
E200412,David Hill,hamptontimothy@rodgers-wood.com,140-140-5717x72464,Fryhaven,Haynes Inc,10
E483425,Deborah Hansen,newtonstephanie@oconnor.com,098.090.0510,North Matthew,Robinson Inc,8
E345554,Patrick Huff,foxapril@fleming-newton.com,+1-742-470-2031,North Debbie,Smith Ltd,16
E606960,Karen Crawford,cheyennewade@ramos-rowe.com,(886)109-4098x9800,Jenniferside,Robinson-Crawford,5
E232557,Kelly Harrison,nford@bruce.com,330-458-9065,Port Jasmine,Wheeler PLC,16
E223751,Elizabeth Nelson,susanlong@gmail.com,+1-870-136-9300x04317,Port Michele,"Jackson, Taylor and Bryant",8
E691016,David Garcia,fordlarry@hotmail.com,(942)669-3099x0299,East Christina,Anderson PLC,1
E952226,Andrea Jones,hunterrobert@hotmail.com,954.257.7835,South Rachael,Anthony-Lee,16
E856169,Michael Benitez,ccarlson@hotmail.com,001-896-227-4265x09158,New Jessicafurt,"Olson, Miller and Holmes",8
E482539,Joseph Davis,janet06@yahoo.com,+1-034-392-5161x530,Michaelberg,Montes PLC,15
E908210,Robert Alvarado,williamsmichael@hotmail.com,001-233-725-7062x459,Lake Lynn,Rice Group,12
E188350,Crystal Smith,christinegreen@gmail.com,595.514.6242x63660,New Cynthiaview,"Griffin, Butler and Richards",11
E892719,Stephen Stevens,ricardo48@hansen.info,001-763-236-5992x22462,South Thomaschester,"Webster, Terry and Ortiz",19
E665168,Taylor Robinson,yhines@arnold.com,782.057.9449x4047,Lake Alexandra,Walter-Cummings,19
E446278,Linda Gallegos,roy25@yahoo.com,(153)715-2415,Deniseland,Crosby-Jackson,14
E100676,Andrea Brown,rossconnie@yahoo.com,001-125-883-8036x707,New Victoriaside,Sanchez Ltd,20
E480532,Shawn Coleman,zwilson@wilson.com,006-411-7870,Alexandriafort,Mack-Dodson,4
E175469,Matthew Ramirez,billyrogers@yahoo.com,7005922196,East Joseph,Scott PLC,4
E244574,Patrick Franco,jodidavis@hotmail.com,7365732807,South Tammy,"Rollins, Frye and Harris",4
E224895,Sean Parker,anthonygrant@hotmail.com,137-266-8980,East Bryanside,"Garza, Cruz and Morris",15
E498831,Keith Bowman,destinyedwards@yahoo.com,+1-893-971-0475,South Justinborough,Foster-Moran,15
E976157,Jesus Jackson,marypeters@hotmail.com,(020)756-5213,South Rhondaburgh,"Beck, Soto and Todd",4
E404180,Jennifer Smith,murphydaniel@wiggins.net,(573)847-3808x0164,East Elizabeth,"Smith, Trevino and Valdez",12
E975313,Ryan Ward,thompsonsuzanne@walton-wade.com,001-849-171-5592,West Heiditown,Robinson Group,9
E692259,Angela Jackson,william48@yahoo.com,8996629160,Melissaville,"Sellers, Kim and Brooks",12
E827795,Marc Johnson,carrie94@brooks.biz,617-306-1824,Port Jamesborough,"Lopez, Wu and Dixon",16
E415569,Sergio Rivera,nmiles@ford.com,(460)157-8308,Oliviachester,Mora-Bray,20
E211868,Joseph Mckay,jessicalutz@yahoo.com,353-486-5545x60263,South Jennifermouth,Hanson and Sons,20
E972828,Adam Rivera,william26@paul-dunn.com,279-370-6827,Lake Davidhaven,Gray LLC,11
E453885,Peter Hardy,schwartzpatricia@gmail.com,6169789290,Stephenstad,"Allen, Brown and Mckinney",18
E728566,Kevin Bates,uunderwood@smith.com,677.321.0005,North Aarontown,Chandler Ltd,3
E242686,Daniel Contreras,collierjohn@hotmail.com,(988)233-4831,New Janice,Mack Ltd,14
E544779,Antonio Wells,colemanaaron@yahoo.com,001-274-653-7121x4019,Langhaven,Tate Group,4
E119031,Nicholas Short,derekwhite@evans.com,+1-887-962-5729x08776,East Paul,Delgado-Day,15
E731615,Maria Diaz,marygomez@hotmail.com,(661)054-3851,West Crystalstad,Carroll Inc,17
E554117,Matthew Collins,padillazachary@choi.net,873-507-7362,Masonchester,"Jones, Frazier and Rodriguez",10
E846388,Devon Brady,klinejonathan@thompson.com,001-275-709-1952x1124,New Thomas,Hernandez and Sons,1
E998972,Robert Reynolds,amandathomas@gmail.com,(762)396-1798,Christopherchester,"Ryan, Scott and Boyd",13
E613742,Stacy Pratt,brian82@mitchell.com,9777753115,New Lacey,"Oneill, Melendez and Keller",13
E308120,Robert Roach,ehansen@gmail.com,+1-719-075-2606x85222,Port Samuelshire,Morales LLC,8
E260076,Carolyn Leon,jonesrobert@yahoo.com,2852529304,East Donald,Lee-Williams,14
E847615,Jessica Taylor,bartonrachel@yahoo.com,(820)890-7101x64224,South Patriciaton,Macias and Sons,19
E987421,Tiffany Miller,hurstdebra@gmail.com,391-855-6945x8007,West Natalie,Hughes-Wilson,5
E101451,Kaitlyn Gutierrez,hgarcia@wallace.net,(238)740-6737x4196,Andersontown,Martinez-Forbes,12
E134701,Michael Torres,rmccall@hotmail.com,0939780661,Greeneborough,"Evans, Johnson and Alvarez",7
E567612,Joseph Baker,zsalinas@hotmail.com,001-914-859-1056x567,Melissaport,Walton-Lowery,11
E202454,Eric Gill,shelly05@waller.com,160.891.0569,East William,Santos Inc,12
E798371,Kari Wilson,wblake@harris.com,001-047-952-2242x4275,East Lisaton,Davis-Butler,15
E248311,Diane Brewer,zscott@gmail.com,(043)273-9331x23235,Hubbardchester,Sellers LLC,9
E655771,Ashley Stokes,shernandez@hotmail.com,(569)045-5595,East Markborough,Gallagher PLC,7
E342322,Theresa Hardy,cvaughn@mack-long.org,001-535-400-2490x9017,North James,"Parker, Myers and Fisher",7
E318284,Mario Ballard,paul99@yahoo.com,(659)588-8893x8988,Port Jodi,"Griffith, Bailey and Watson",2
E795369,David Bauer,taylormichael@hotmail.com,983-007-1207x701,Carterside,Love-Harrington,3
E936269,Anthony Macdonald,brianna05@gmail.com,(736)575-7978,North Andreaton,Watson-Anderson,7
E431550,Jerry Woodard,wsweeney@yahoo.com,+1-744-410-2488,Barryland,Lee Group,17
E130987,Sarah Duke,wfriedman@yahoo.com,(000)056-8725x81624,Millerburgh,Pennington-Vasquez,15
E155517,Brian Salinas,deanna81@mcdonald.com,+1-564-509-2849x75863,Wilsontown,"Schroeder, Tate and Stephens",13
E937452,Ryan Morgan,catherinesullivan@yahoo.com,471-288-8946x436,Johnnyberg,"Baker, Malone and Mercer",20
E762688,Joseph Lyons,romerotheresa@collins-brown.com,(139)365-0478x732,Scottshire,Moore-Peterson,4
E269248,Jeffrey Hebert,spencerlori@kim.com,283.097.7513,Lake Christopherport,Sanders-Knight,6
E331034,Jose Weber,uyoung@johnson.biz,606.144.4945,Matthewburgh,King-Stewart,16
E233089,Maria Roberts,katherineboyle@henry.com,(243)161-0831,North Danielport,Pope-Cooper,19
E398612,Tina Scott,clarkdiana@jenkins.com,356-197-9658x9841,East Davidberg,"Clarke, Phelps and Ho",15
E125981,Caitlin Fitzpatrick,simonjean@yahoo.com,628.964.8727,South Heatherside,Kelly Ltd,4
E193061,Troy Rocha Jr.,daniel54@gmail.com,231-918-3196x1189,South Tamara,"Pope, Gray and Mendoza",19
E176490,Louis Brown,joneschad@yahoo.com,872-144-5823,Reginaborough,Patel and Sons,3
E806779,Jonathan Porter,deborahberg@barnes.com,001-435-704-6763x3163,South Matthew,Smith and Sons,7
E905872,Norman Miller,hmiller@le.com,001-135-840-1054x285,Michelleport,"Perez, Nelson and Snyder",10
E322134,Rachael Porter,ljones@ramirez.com,(247)374-6534x5851,Humphreybury,Campbell Inc,20
E792910,Michelle Robinson,hamptongregory@hancock-martin.info,+1-896-462-1646,Stephenshire,"Foster, Howard and Jackson",2
E157247,James Johnson,alexander19@hotmail.com,665.945.8330,Andreton,Alexander PLC,9
E979019,Jennifer Johnson,jerry74@yahoo.com,(658)495-6033x8478,West Lucasland,Wiley-Howard,4
E801433,Mark Macias,brandon96@yahoo.com,393-214-1961x448,Anthonyport,Lawrence LLC,4
E201900,Travis Arroyo,luke92@singleton.info,674-032-8672x574,Jonesborough,"Stevens, Sanders and Mccarty",10
E545424,Lori Simpson,valentinemichelle@hotmail.com,281-455-8897,Lake Brandyborough,Riley-Martinez,4
E378708,Holly Haynes,jacksonbrandon@gilmore-cole.com,(191)123-5587x736,Michaelville,Hays-Schmidt,3
E568530,Mitchell Garza,katrinawhite@yahoo.com,830-637-6367x066,East Matthewmouth,"Fisher, Cook and Chung",10
E988732,Harry Rose,nelsonalyssa@murillo.com,(043)841-4667,Joshuahaven,"Trujillo, Booth and Winters",3
E499707,Megan Morton,shawnjoseph@reese.biz,(805)170-7365x8818,Lake Heather,"Nichols, Hawkins and Gordon",18
E543320,Jacob Espinoza,brandon40@snyder.org,+1-768-371-5839x2548,Lake Ronaldfurt,"Lopez, Wiggins and Chaney",11
E645928,Bradley Taylor,olopez@leblanc-edwards.com,(936)579-6604,Juarezville,"Ferguson, Velasquez and Shepard",5
E886582,Stephanie Ramirez,palmerkevin@bruce.info,126-810-9661,Stephanieland,"Johnson, Jackson and Rios",14
E947400,Jose Tanner,williamsonanthony@olson.com,503.527.0155,North Dustinfort,Andrade PLC,7
E749947,Kimberly Harris,williamsmichael@harris-mitchell.net,(214)609-9020x04395,West Scott,Everett LLC,16
E844358,Jennifer Davis,alyssa47@gutierrez.com,001-920-115-8912x419,Kristopherton,"Mitchell, Werner and Stone",7
E112189,Michael Weeks,campbellmitchell@rivera-parker.info,637-171-2081x76948,New Alyssa,"Ryan, Page and Gibson",20
E241777,Kara Murphy,barkertimothy@gmail.com,176-301-5366x37389,Port John,Mcclure PLC,8
E679216,Gary Crawford,aaron23@wilson-sanchez.com,094-801-4733,Edwardview,Allen-Thomas,5
E452855,Joseph Crawford,cwhite@brown-williamson.com,710-383-2385,New Sarahborough,Martin PLC,7
E818932,Jasmine Fernandez,josephlewis@nguyen-gray.info,053.197.6655x0189,South Davidburgh,King Inc,18
E556328,Jason Riley,rjones@hotmail.com,+1-647-269-8869x9379,Lake Nicholasville,"Graham, Leonard and Ramos",1
E932031,Jeffrey Hayes,andersonstacey@yahoo.com,(750)651-0989,Lake Staceystad,"Butler, Chavez and Ferguson",14
E801272,Paula Silva,carriehenson@hotmail.com,001-071-682-6390,Mcguireborough,Montgomery-Ayers,19
E424036,James Burke,zacharywilliams@yahoo.com,001-408-483-4528x73462,Bowmanton,Glenn Ltd,11
E254539,Paul Brooks,samanthaparker@hotmail.com,492-229-9509x8233,West Rebeccabury,Ellis PLC,13
E670928,Tara Gutierrez,joy39@tanner.com,758-878-0869x46558,South Marcoberg,"Pugh, Austin and Summers",19
E121222,Martha Griffith,mcooper@gmail.com,(603)341-2462x1534,North Toddstad,"Berg, Vega and Harris",6
E464766,Kenneth Fernandez,bjohnson@williams-hardy.org,(437)352-1455x9368,Brandtborough,Roberts Ltd,10
E884319,Mrs. Katie Marshall,manueldickson@yahoo.com,+1-658-116-8635,South Lisa,Oconnell-Scott,20
E654647,Amanda Baker,jonathan24@hotmail.com,001-309-158-6144x282,East Gerald,Lewis-Shah,4
E709541,Amanda Poole,jackperez@allen.com,271-925-3287,East Christinafort,"Jones, Carson and Moore",2
E968028,Julie Kirk,debbienorton@weber-ruiz.com,+1-602-171-2239x9407,Zacharymouth,Price-Robinson,14
E527749,Brandon Munoz,xwalton@murphy.com,(691)048-7298,Lake James,Oliver-Cunningham,1
E778480,Theodore Weeks,kenneththomas@hotmail.com,3133095039,Suarezbury,Pruitt LLC,6
E288681,Levi Campbell,ashley84@gmail.com,075.480.7268,Brooksburgh,Hansen-Nelson,17
E209292,Amy Ramirez,walkerjames@cole-zuniga.com,(110)767-0560,Taraport,Brown-Bishop,7
E991865,Renee Hamilton,zanderson@hotmail.com,071.757.3814x40178,New Robin,Adams-Hall,9
E611739,David Hubbard,berrysean@wilson-lopez.com,0015529042,Cobbton,"Stevenson, Gomez and Hull",17
E925986,Sarah Brown,tferguson@hotmail.com,9042342400,New Max,"Ortega, Hernandez and Norman",16
E151111,Jonathan Hartman,michelleperkins@gmail.com,001-480-146-2424,Zacharystad,Taylor Ltd,12
E778202,Daniel Riley,lisa94@blackburn.com,001-992-698-6996x160,Reedport,"Ritter, Travis and Diaz",5
E255506,Debra Hill,watsonemily@warren-hines.com,(943)188-1651,Calderonmouth,"Kelly, Morales and Haynes",6
E650250,Mark Hanson,iramirez@jones.com,4860502103,Johnsonstad,"Thomas, Riley and Owen",2
E534231,Sandra Montgomery,colleenmcknight@whitaker-barnett.com,322.590.4462x38161,Port Brandonmouth,Pena-Lin,2
E410699,Alexander Martin,rachelmiller@lee.info,(793)335-4769x008,South Taylorfort,Jones PLC,16
E643258,Jack Hill,kristen19@norris.org,(622)354-8624,New William,Diaz-York,6
E554991,Meagan Mathis,apriltorres@montgomery.com,325-280-3306,West Jonathanfort,Rush-Peterson,8
E862883,Mark Holloway,kellycourtney@gmail.com,654-252-5692x416,Pamelaside,"Acosta, Wilson and Mcclure",3
E112226,Andrew Russell,thomas97@yahoo.com,(296)761-8518,Stephensonhaven,Martin Group,16
E979067,Kelly Foster,nfoster@gmail.com,1592854151,Lake Sarah,"Pham, Rodriguez and Cole",1
E647890,Kyle Peters,jessica65@gmail.com,001-278-739-7891,Markmouth,"Brown, Hill and Stephenson",20
E408141,Joshua Wheeler,richardcarter@powell.com,001-395-723-0450x25448,Simsmouth,"Kane, Watson and Sullivan",13
E354356,Adam Tanner,lthomas@carey.com,(809)681-4106,Nolanborough,Lloyd Ltd,2
E306650,Morgan Moore,farroyo@hotmail.com,+1-498-308-1134x66804,Lake Tiffany,Whitney-Kelly,12
E187392,Monica Knight,millerwanda@hotmail.com,001-829-885-8433x581,East Kellyport,Scott-Garcia,7
E749340,Nicole Adams,brookemendez@wilson.biz,001-112-372-6839x1652,Smithville,"Terry, Mercado and Williams",2
E238152,Tracy Carlson,elizabeth98@martinez-lopez.com,517.341.6756,North Brian,Delgado LLC,2
E704052,Daniel Pitts,christopher34@hotmail.com,001-145-962-4601x192,Palmermouth,Harris-Richardson,12
E586063,Monica Mcneil,michael34@gmail.com,152-807-9767,Christopherview,Rodriguez and Sons,14
E979564,Jimmy Brown,annprice@booth-jones.net,001-549-165-2429,Gutierrezside,Gray Inc,4
E495470,Nicole Cummings,ghendrix@hotmail.com,(110)210-2989,Port Lauramouth,"Yang, Swanson and Robinson",2
E175212,Charles Rodriguez,sandra89@gmail.com,319-851-9388x572,New Kelseymouth,Gould-White,16
E416526,Brandon Simmons,david70@jimenez.com,606.430.4819x139,Tranmouth,Davis-Odom,10
E543102,Mark Webster,blairstephanie@peck.com,+1-615-650-9352x5535,Scotttown,Stokes Ltd,5
E388139,Brad Chavez,hoffmangary@hotmail.com,693.702.3542x186,Timothyland,Chung-Hansen,15
E335646,Emily Johnson,nashtimothy@hotmail.com,+1-169-122-8969x412,New Craig,Gray Group,18
E369262,Juan Hansen,jordan34@larson-brown.com,129.879.2160x7489,West Ryan,"Allen, Moran and Wagner",8
E285620,Gary Carroll,gillespiejames@young-fowler.com,(578)167-1115,Olsonchester,Smith LLC,13
E691585,Walter Stuart,joyceanna@yahoo.com,298-208-0657,South Annatown,Aguilar Ltd,15
E589083,Bryan Miles,williamsangela@hotmail.com,+1-134-881-0364,Keithchester,"Pierce, Martinez and Anderson",2
E844335,Michael Long,ireynolds@gmail.com,(092)079-3884,Jamesmouth,Moore PLC,16
E946448,Christina Keller,rdelgado@gmail.com,001-703-133-6427x3166,Marioborough,Johnson-Harper,11
E759796,Sarah Price,blakekennedy@roy.com,(996)355-6419x91938,Pamelaborough,Davis-Henderson,18
E790209,Mary Boyd,colemanrobert@moore.com,3109476778,Port Travis,"Long, Thomas and House",8
E555444,Melissa Rose,sguerrero@beck.info,205-369-1054x5363,North Rebecca,Leonard LLC,16
E772127,Annette Dunn,sarah96@mccarthy.org,+1-165-296-9712x49662,New Diamondmouth,Moore-Kim,4
E163322,Zoe Hughes,jhawkins@clark.net,382-929-9760x28172,South Davidhaven,"Foster, Welch and Lozano",17
E477501,Adam Cox,ilawson@yahoo.com,552.135.6272x6939,North Shannon,Jackson Ltd,5
E236879,Kevin Mckay,qkennedy@armstrong.com,801-092-6489x99489,Andrewsland,"Mendez, Parker and Smith",10
E216310,Michelle Jackson,john33@hotmail.com,001-211-446-9304x902,Lindsaybury,Grimes-King,11
E753083,Danielle Reese,svillanueva@figueroa.com,(418)834-7594x26311,New Matthew,Sloan Group,5
E577771,Victor Brown,sarah81@hotmail.com,513-783-4620,Josephbury,Reynolds Ltd,7
E712544,Johnny Ramirez,kristinawilliams@moore-pacheco.com,+1-673-821-1168x34211,Munoztown,Smith-Page,7
E128650,Ebony Ayers,samantha84@chavez.info,386.849.5547x7297,Johnnytown,"Shepherd, Cox and Vega",4
E960334,Robert Armstrong,madisonescobar@burgess.com,(692)883-0912x627,Sandraport,Hatfield-Walls,2
E849620,Courtney Mitchell,vincent19@yahoo.com,214-656-0972x0313,Velezbury,"Estrada, Clark and Martin",17
E729624,Wesley Velasquez,james95@campbell.com,0790844194,Savagemouth,Scott-Silva,17
E553408,Becky Cabrera PhD,watsonoscar@johnson.com,906-375-1075x691,East Thomas,"Morrow, Webb and Lewis",17
E149988,Phillip Herrera,hickmandaniel@marshall-turner.net,001-225-406-9788,Billyburgh,"Jacobs, Lynch and Bryant",7
E758029,Caleb Bridges,tstone@yahoo.com,+1-362-062-4076x01205,Allenstad,Brown Ltd,2
E129797,Jessica Brown,vherman@diaz-harrison.com,893-820-9418x54586,New James,Mccarty Group,9
E925209,Angel Johnson,obriencarolyn@glover.com,872-281-5055,Larryfurt,Campbell-Bradshaw,9
E220830,Samantha Smith,fhale@cervantes-hudson.com,2263036905,Lake Victoria,Strickland-Thompson,17
E965479,Lauren Estrada,jeffreycook@gamble.com,037.186.6653,Gibbsberg,"Lowery, Holloway and Wilkinson",2
E479392,Brian Medina DDS,markestrada@ortiz-wright.org,817-621-9404,South Amanda,"Brown, Holt and Webb",3
E952359,Ashlee Wells,andersonjustin@yahoo.com,501-301-8823,Port Cynthiaburgh,"Malone, Norris and Williams",16
E576998,Juan Bernard,christopher68@hahn.com,853.477.6179x0414,Velasquezside,Ibarra-Berg,6
E427010,Kevin Gould,lnorman@houston.com,(542)740-9555,Brownshire,Edwards PLC,10
E931061,Chelsea Lewis,ashlee63@hotmail.com,113-783-3223,Hamptonview,Jackson PLC,6
E283733,Daniel Kerr,taylorkimberly@welch.org,8887634647,Jenniferfort,Lara-Brown,5
E892068,Richard Green,nicholaswilson@hotmail.com,600.841.3355x427,Daviston,Chavez and Sons,3
E214394,Erin Barrett,dodsonolivia@hotmail.com,(028)693-0433x9827,Port Breannaton,"Pearson, Wright and Davis",10
E625713,George Thompson,travisbailey@yahoo.com,5307867609,Jasonborough,Peck PLC,17
E832535,Allison Rivera,frank09@ramirez.com,+1-280-218-0963,West Billy,Williams-Anderson,16
E255186,Christopher Russell,pgreene@gmail.com,(952)836-5553x432,North Chelseaside,Keller and Sons,5
E528005,Jason Wyatt,christian98@yahoo.com,(048)921-9021x24369,Port Timothy,Howell Group,11
E709187,Emily Boyd,lisa01@gmail.com,5350399619,Derrickmouth,Pratt-Burke,2
E142296,Melissa Melton,henryjustin@gmail.com,342-809-0076x2895,Reedborough,"Walsh, Gomez and Young",20
E689982,Jeremy Ward,hannah01@davis.com,001-717-976-0868,Laneton,Vaughn-Macdonald,8
E944858,Jordan Miller,ramseybradley@gmail.com,+1-133-204-5034x00253,Patrickbury,Ryan Group,8
E763364,Rodney Smith MD,doyletracey@gmail.com,001-905-676-1482x41089,New Bianca,"Barnes, Turner and Shaffer",13
E661799,Eileen Jefferson,katherinegray@gmail.com,171.225.8467x1671,Sandersburgh,Smith-Lopez,17
E332372,Michael Woods,nathanmullins@gmail.com,001-930-436-3583x979,West Kathleenview,Taylor-Webb,4
E100636,Tammy Price,matthewaustin@yahoo.com,915.948.5003x16124,Mccanntown,Norton-Glover,7
E202159,Renee Taylor,jilljohnson@russell.com,+1-155-973-2133x0812,South Brendaborough,Fowler-Davis,15
E864457,Marcus Johns,ruthrobinson@yahoo.com,718-845-8393x27274,Torresburgh,"Wood, Schroeder and Thompson",4
E911992,Gerald Baxter,ashleyandersen@yahoo.com,001-943-269-0795,Crystalberg,Robbins PLC,14
E643391,Alexander Ball,walterscheryl@gmail.com,(195)806-1063x6583,Mullinsview,"Evans, Parks and Drake",8
E891015,Elizabeth Davis,michael61@hotmail.com,001-898-687-9372,Lake Janet,"Tran, Wright and Perez",14
E372792,Jillian Jackson,rcowan@martinez.info,683.382.9917,Gonzalezchester,"Harris, Griffith and Nelson",3
E702353,James Fernandez,reidmary@miller.com,001-372-503-8727x96161,New Lindatown,Paul-Mcdaniel,20
E915270,John Harris,larry38@yahoo.com,256-948-5098x166,South Stephenfurt,Walter Inc,10
E465509,George Sanders,sabrina28@nelson-smith.biz,(621)391-2146,North Kathleenview,"Delgado, Nunez and Wolf",15
E666023,Crystal White,rebeccaryan@hotmail.com,685.373.6958,East Ashleytown,Robles LLC,4
E422118,Ethan Rich,harperkim@gmail.com,969.732.6938,Lake Sydney,Owen-Marshall,3
E109764,Lucas Delgado,qchandler@hotmail.com,+1-796-326-7508,New Roberta,"Wilkinson, Schultz and Mendez",6
E564316,Jacob Solis,markmarks@hotmail.com,764.285.9427,Lake Aliciastad,"Tran, Gross and Powell",7
E438990,Andrew Moore,phyllisjennings@gmail.com,001-563-113-7027,Brittanyport,Mullins-Delacruz,7
E525656,Alec Taylor,loriyoung@gmail.com,001-100-538-7171x58624,East Kathryn,Reynolds Group,20
E746832,Philip Thornton,kevin99@gmail.com,(206)083-7280,Armstrongfurt,Smith-Anderson,13
E465052,Rachel Lewis,hmaynard@brock-spence.info,(248)539-7334x889,Port Jessicaville,May LLC,8
E585640,Benjamin Anderson,bartonlauren@gmail.com,+1-882-495-8917,West Carrie,Simmons-Collins,1
E494906,Katherine Castillo,nicolefischer@hotmail.com,001-494-944-6177,Hobbsport,Carlson-White,12
E949137,Philip Coleman,warren59@johnson.info,369.349.8051,Wisechester,Goodwin Group,18
E227602,Eric Lambert,uharmon@gmail.com,001-126-851-2297x93023,Jasminechester,Walsh-Smith,13
E399202,Wendy House,vnewman@yahoo.com,(649)315-0629,West Janeville,"Delgado, Davis and Cochran",8
E744388,Timothy Price,campbellteresa@callahan.com,701.981.5332,Jamesside,Morales-Patel,2
E292149,Amanda Bates,donnaortega@crawford-curtis.biz,+1-695-655-3842x6192,Port Tonyville,Lewis and Sons,14
E435779,Christopher Jackson,cameron98@gmail.com,+1-035-797-5970,South Robertside,Ballard Inc,2
E331090,Rhonda Hernandez DDS,morganbriana@henderson-snyder.org,713-054-0163x273,Port Elizabethfurt,Miller-Vang,15
E158359,Jennifer Martin,bpatel@cook.com,(267)945-2673x7234,Millerborough,Hutchinson-Sanders,16
E991752,Fred Green,florescheryl@hill.com,(039)926-7560x816,South Barbara,"Hudson, Tucker and Bennett",3
E881325,Casey Miller,vargasantonio@green.org,001-901-555-2138,West Brettville,Reed-Conner,1
E666295,Philip Ramirez,kathy05@gmail.com,947.769.5559x9823,Parrishmouth,Singleton Group,15
E478968,Susan King,polsen@kirby-logan.com,001-809-754-5655,Blackborough,Moore Group,1
E522390,Scott Morrison,daviesdonald@garcia.info,001-374-174-0103,East Katieburgh,"Novak, Mitchell and Torres",17
E167494,David Farrell,ryanmills@campbell.com,(702)967-8033,Stephaniefurt,"Peck, Harper and Barnes",18
E893944,Deborah Carrillo,stephaniedavis@yahoo.com,001-044-029-6173x447,South Jameshaven,Thompson-Moore,18
E482083,Angela Gardner,lisa82@yahoo.com,+1-002-500-4703x16683,Howardmouth,"Lester, Lyons and Hayes",20
E239355,Michael Davis,antoniosingh@kelly.com,001-005-166-5907,Ashleyville,"Weaver, Wagner and Villarreal",8
E894479,Mr. Brett Khan MD,vlloyd@hotmail.com,001-664-153-7796,Carsonberg,"Russell, Mullen and Stewart",15
E314820,Christopher Martinez,jamesmonica@nunez.com,(352)961-9686x0447,Leefurt,"Jones, Moore and Wilson",15
E397770,Stephen Fisher,kimberly84@hotmail.com,779.579.7460x569,Smithhaven,"Hubbard, Harris and Williams",19
E444129,Krystal Jackson,peter61@underwood.biz,308-734-4377,Susanstad,Burke-Pugh,12
E432420,Ethan Edwards,ronnie51@woodard-murphy.com,001-513-340-9869x514,Vargasborough,Williams-Fisher,19
E492357,Nicole Weber,ojohnson@yahoo.com,509-096-0673,Mendozamouth,Davis Group,3
E723062,Gina Gross,hannah87@gmail.com,001-923-168-5004,Cannonmouth,Greene Group,4
E938994,Amanda Moore,johnsonscott@yahoo.com,001-136-257-6441x82030,Danielside,Haynes LLC,15
E160221,Lori Butler,warrenpatrick@yates.com,8622810376,North Nicholasmouth,Miller-Matthews,8
E411092,Daniel Murphy,smithteresa@hotmail.com,(958)227-0559x96845,Robinview,Rios-Reed,13
E716501,Jennifer White,cameron86@yahoo.com,5502272330,Tapiaside,Harris LLC,20
E313519,Cody Jensen,robertsmatthew@yahoo.com,652.923.6985x962,Jeffreybury,Williams Inc,6
E892667,Sarah Cline,andersonrobert@craig.com,254.899.8149x395,Lake Valerie,Collins LLC,12
E844347,Kenneth Davis,schmittrobin@hotmail.com,374-957-7627x85728,West Daltonfort,Gomez PLC,20
E442280,Sarah Snyder,emiller@hotmail.com,(904)383-3841,Lake Amber,Rowland-Wade,14
E853841,Casey Banks,davidpowell@warner-perry.com,089.891.4824,North Hannahfort,Harrington-Johnson,3
E959479,Kimberly Esparza,alexandrajohnson@yahoo.com,558-105-6114x55171,Port Andrewhaven,"Jackson, Rowe and Morrow",11
E896362,Nicholas Thompson,wcarney@yahoo.com,001-702-823-7856x24687,Port Michaelberg,Turner-Ellis,12
E458064,Valerie Lee,shannonbrown@pratt.com,509-764-4264x34958,Port Michaelmouth,Rogers PLC,4
E281067,Gary Sosa,vpowell@gmail.com,+1-441-040-8384,Holmesland,Zuniga-Miller,11
E730502,Laura Chase,stephanieelliott@gmail.com,001-947-591-3573,Charleschester,Daniels Ltd,18
E822817,Derrick Mcmillan,zchurch@yahoo.com,962-191-7328,South Matthewbury,Warren Ltd,10
E958764,Thomas Wang,rivasjennifer@ortiz.net,+1-665-755-5283x259,Allenview,"Bullock, Nguyen and Chan",8
E583379,Scott Smith,susan99@gmail.com,(151)980-4628,East Julia,Roberts-Moreno,1
E756029,Jill Smith,jacob07@bartlett.com,517.967.6056x953,North Markport,Collins and Sons,17
E659751,Trevor Hunter,trujillocarlos@yahoo.com,406.234.6570x2119,New Alex,"Williams, Hill and Garcia",19
E778947,Tracy Payne,sherri41@dunn.com,665.519.7200,Sallytown,Lynn LLC,12
E202041,Kevin Stewart,rbrown@edwards.com,312-830-1673,Dyerview,"Wright, Johns and Hanson",8
E312750,Troy Norman,xcampos@gmail.com,037.850.2663,Hamiltonton,Santiago Inc,20
E608379,Joshua Butler,hoffmansandra@clay.com,951.897.2715,Jordanland,Mendoza and Sons,2
E844058,Tony Collins,howardmercer@yahoo.com,348-959-0308x485,Hornefort,"Lopez, Parsons and Hernandez",11
E626544,Melissa Mcdonald,christopherporter@kim.com,(258)718-0319x610,Holtshire,Barker PLC,2
E665375,Matthew Rodriguez,theresamiller@bates.net,328-872-3737x193,Susanstad,Lowe-Peterson,14
E655307,Sarah Johnson,kevin18@black-evans.com,001-287-773-1951,Matthewbury,Anderson LLC,17
E619759,Bob Simon,sharibaldwin@gmail.com,+1-062-662-3532x4821,Lindsayton,"Chavez, Fowler and Lewis",10
E457655,Ashley Stevens,diazkevin@hotmail.com,312-292-1851x864,Smithmouth,"Stone, Ashley and Wilson",6
E335937,Tammy Watson,april03@gmail.com,7258891741,Robertton,Bennett PLC,10
E248689,Anthony Reed,vanessabest@gmail.com,(290)489-5202x731,Gonzalezstad,"Gibson, Fitzgerald and Mathis",4
E479673,Erin Robertson,lawrenceochoa@gmail.com,001-206-508-0880x3961,West Debbieton,Garrett PLC,20
E842958,Kristin Hendrix,jeffersonbrian@myers-rodriguez.com,804.451.4056x97519,Jenniferchester,Moore PLC,12
E784667,Benjamin West,karenmartinez@hotmail.com,520-222-6009,Lake Trevorstad,Harris-Williams,13
E159724,Samantha Johnson,summerslauren@horton.com,(343)251-4257x942,Hannahberg,Rivera-Coleman,10
E982346,Stephanie Reed,bradfordgregg@yahoo.com,+1-899-324-1187,New Malloryburgh,Knight Ltd,15
E350000,Mrs. Krista Robinson,lcollins@rodriguez.com,537.653.9681,Amberfurt,Blair-Young,15
E827323,Brandon Perez,suarezjoshua@gmail.com,(172)380-0912,Lake Adam,Johnston-Moore,16
E761402,Heather Peters,mendezangela@adams-gonzales.com,1667238420,East Ralphhaven,"Petersen, Flores and Osborn",17
E548839,Connie Klein,donnaalvarez@cooper.com,+1-667-364-1107,Deborahview,Howard-Williams,12
E775830,Christopher Williams,sarahpark@hotmail.com,(652)597-5755x5098,North Kelly,Owens Ltd,7
E367933,Alison Carney,ericpatterson@evans.com,410-497-0001,Dominguezmouth,Dixon-Pierce,17
E844408,Toni Elliott,gonzalesshawna@gmail.com,635.553.7618,Taylorville,Bell-Jenkins,16
E363024,Elizabeth Blankenship,charles78@li-cox.com,868-632-0358x23607,Sandraland,Jackson-Hansen,8
E903048,Kevin Bowman,tgill@nguyen.com,+1-157-099-4362x60127,Lake Michealburgh,Ayala-Powell,8
E936601,Kathy Johnson,sarah16@gmail.com,132.189.8633,Port Ryan,Waters-French,17
E494194,Dylan Vasquez,timothy65@yahoo.com,978.204.4310x2882,West Victorialand,Diaz-Harvey,7
E212608,Christina Brown,charlessmith@gmail.com,001-369-164-0097x6293,Yesenialand,"Olson, Jackson and Marsh",14
E904580,Dr. David Adams,ashley57@hotmail.com,(431)036-5414x307,Brownville,Owens-Rowland,3
E146837,Laura Gibson,warrenrhonda@hodge.com,+1-474-324-7185x885,Nielsenborough,Turner and Sons,7
E893759,Margaret Williams,craig20@yahoo.com,225-949-6228,East Rebeccachester,"Gutierrez, Fox and Price",2
E819673,Shawn Martinez,bauerleslie@hotmail.com,238-318-7937x074,Gardnerview,Thomas Group,8
E558561,Rachel Nicholson,josephhaley@romero.com,459-886-0063,Jamieside,Knight-Potts,19
E591707,Kaitlyn Jensen,melindalove@wallace-lewis.net,0201767753,Dixonside,"Evans, Jones and Chambers",14
E159518,Margaret Orr,juliancarter@wolf-wright.com,001-631-693-6040x8650,Wiseborough,Dillon PLC,14
E743179,Brian Parks,kristen60@yahoo.com,001-454-257-7281x55904,Hoganborough,Higgins-Lopez,1
E191482,Margaret Gates,wmiddleton@hotmail.com,+1-383-507-1029x98531,East Alexanderhaven,Cherry PLC,12
E695572,John Lowery,thompsondeanna@mccarthy.org,9619230214,Williamview,Bailey PLC,19
E198384,James Smith,rollinskevin@yahoo.com,972-966-6837x051,East Amy,"Miller, Hampton and Conrad",14
E711491,Patricia Silva,nicole89@mann.net,372.376.1550,Julieburgh,Davis Ltd,3
E382842,Katherine Crane,kendra85@guzman.com,(803)640-5836,Jillmouth,Forbes-Walker,18
E967218,Sarah Snyder,ayerscharles@hardy.com,152.471.7352x420,Brianshire,Stevens PLC,6
E895648,James Hall,margaretsimmons@bailey.biz,624.596.8802x8967,Taramouth,Ford LLC,18
E547788,Jamie Turner,waltersrita@johnson.com,301-645-0944,North Brittany,"Jones, Hickman and Whitaker",11
E636779,Christina Thompson,angelamiller@david.info,144-932-0017x91661,New James,Cochran Group,1
E675838,Elizabeth Crosby,hmoore@gmail.com,(904)116-9532x00879,Tracyland,Foley-Johnson,5
E746805,Joseph Mitchell,wisethomas@yahoo.com,(653)744-2983,East Jeffrey,Wilson-Figueroa,13
E420486,Brenda Sandoval,cheryl95@gmail.com,454-472-5883x02356,West Dennis,Gardner-Bentley,9
E279887,Jason Underwood,jacob34@gmail.com,675-913-5062x2307,Jordanmouth,Love Inc,11
E194750,Raymond Garcia,rsingleton@johnson.com,+1-627-958-6541,New Tiffanyview,Bryant PLC,2
E870881,Dr. Keith Torres Jr.,vhaynes@yahoo.com,+1-479-417-9806x6662,Christopherhaven,"Smith, Thomas and Braun",17
E662514,Carlos Perez,livingstonjohn@gmail.com,217.277.2013x99556,New Nicolemouth,Holt Inc,2
E440106,Alejandro Wheeler,mikepeterson@yahoo.com,001-837-026-4931x77253,East Ronaldport,Torres Group,13
E656480,Raven Mcgee,heather10@yahoo.com,(512)954-6143x344,Masseyside,Silva-Allen,19
E225176,Gwendolyn Wilson,stephanielin@gmail.com,(815)308-5736x8012,New Luiston,Jenkins Group,14
E423930,William Walls,qdunn@weber.biz,491.198.1886,Petersonmouth,Watson-Johnson,1
E625336,Evan Davis,samanthanichols@gmail.com,562.553.6907,Josephfurt,"Shields, Mcmahon and Snyder",17
E573802,Paul Robinson,kristenwillis@hotmail.com,895-065-6166,Port Biancafurt,Howard-Byrd,20
E110973,James Lee,gwebb@hotmail.com,685.886.6395,Millertown,"Brown, Adams and Robertson",13
E635441,Victoria Landry,ithompson@morales.com,608.152.2229x14882,Wallaceshire,Becker and Sons,10
E648037,Deanna Wright,brandongonzalez@watson.info,+1-181-087-7564,North Billy,Johnston-Combs,14
E189257,Frank Terry,theresawaters@gmail.com,111-161-4992x5086,New Williamside,Jones-Russell,2
E665906,Sarah Wilkerson,bmitchell@hotmail.com,127.096.5484,Port Lauratown,Smith-Figueroa,8
E657118,Jade Fox,carrollkaren@hunt.com,001-328-306-6423x09439,New Amandaton,Shields-Owens,5
E112098,Anna Sanders,ufuller@yahoo.com,(140)437-0669,West Penny,Gutierrez-Burns,10
E596881,Cynthia Howard,smithjames@brown.com,(711)877-3273,Bradyburgh,Garcia Ltd,1
E324633,Michael Lewis,qmartin@lloyd-marshall.com,2056337402,New Stevenborough,"Fritz, Davis and English",3
E986847,Duane Wheeler,glong@yahoo.com,957.241.4799x478,Sherryshire,Butler-Hutchinson,13
E274976,Christopher Munoz,cooperaustin@gmail.com,(647)254-7100x124,Torresport,Harris-Saunders,13
E274355,Douglas Ross,jeffreybell@jones.com,+1-813-396-7262x036,Jeanetteport,Preston-Black,17
E484707,Amanda Leblanc,bradrose@blair.com,(720)139-4087x874,Blakeville,Moore-Brown,8
E941184,Nancy Shields,aguilarandrew@gmail.com,001-593-155-8976x3919,Johntown,Moore Ltd,15
E932559,Ashley Williamson,katherine42@hotmail.com,001-452-517-9582,New Joanna,Cantrell-Green,4
E293182,Justin Wells,tina16@hotmail.com,001-200-545-5977x744,Hufffort,"Torres, Beck and Gonzales",8
E417558,Zachary Tucker,tara37@smith.com,223.964.9629x66576,Lake Stephaniemouth,Contreras Group,5
E972307,John Thompson,dannyclark@yahoo.com,(020)094-2644,Anthonyfort,"Parker, Grimes and Mcmahon",18
E499092,Brandy Wallace,bennettterry@parsons.net,712.896.3220x84187,East Andrewberg,Chapman-Montoya,16
E211738,John Hunter,sberg@patterson-mendez.com,575-976-0559x73087,New Alicehaven,Henry-Higgins,9
E428148,Bradley Maynard,vlucas@hotmail.com,252-457-7324x18974,Johnsonbury,Myers Inc,4
E250687,Patrick Warner,welchvincent@yahoo.com,390.733.3797x3048,West Hannahborough,"Kaufman, Decker and Kelley",14
E381093,Sean Davis,jacob65@watkins.com,105-983-3729x781,Carsontown,"Hogan, Anderson and Hoover",7
E355169,Brandon Montgomery,cochrandawn@stark.net,(320)263-3343,North Angela,Norman-Richardson,11
E777866,Amy Alvarado,gkramer@thomas-ryan.com,243.374.9582,Waltontown,"Wilkins, Salazar and Garcia",13
E242267,Amanda Villarreal,mary34@yahoo.com,001-755-190-9945x47623,Millsside,Clark and Sons,13
E537009,Patricia Miller,banksmichelle@yahoo.com,001-820-936-0743x519,Frostburgh,Bishop and Sons,18
E324954,Michele Lopez,masonjames@perry.com,(536)946-3859x233,Boydchester,Barker-Gonzalez,15
E623107,Allison Dickerson,fstrickland@glass-chase.com,001-277-560-6590x7810,West Williammouth,Jacobs-Nelson,17
E714702,Jonathan Snyder,samuelwoodward@vasquez.com,001-273-443-8373x379,West Phillipberg,Johnson Group,5
E453982,Samantha Hodges,wmoore@miller.org,001-276-611-7878,North John,Garcia Group,10
E814127,Thomas Meyers,churchmichael@gmail.com,001-306-145-6799x1998,Ryanton,"Harris, Hurley and Wright",15
E735422,Cathy Silva,kristyrobinson@cox.com,(785)183-3456x261,North Jenniferhaven,Clark and Sons,3
E437306,Ebony Hernandez,brownkenneth@cross-harmon.com,860.577.0524,New Mariachester,Frazier LLC,3
E241779,Jessica Swanson,rivasbrian@yahoo.com,001-936-825-4710,Port Johnburgh,"Ortiz, York and Melendez",4
E594825,Beth Valencia,wrightmarvin@gmail.com,(563)447-2270x3106,Annamouth,Moore PLC,20
E749826,Natalie Fox,katiehicks@ferrell.com,+1-385-890-2172x156,Jenniferfort,"Brown, Hartman and Frederick",19
E137985,Raymond Mcgrath,rickyrichards@yahoo.com,365-895-8290,South Ashleyville,Horton Ltd,1
E465312,Thomas Rodriguez,wboone@lewis-gardner.net,024-690-4870,Hillville,Grant-Salas,16
E412858,Melissa Wright,scottvanessa@yahoo.com,127.322.6182,East Michaelton,Sherman-Hill,19
E546773,Mr. Robert Wood,harriskurt@lester.com,854-709-9628x388,Wheelerland,"Fletcher, Gray and Robles",5
E103531,Karen Yang,devon46@gray.com,400.631.6006x185,Gomezfurt,Hernandez-Collins,16
E533624,Karen Livingston,isaacwilliams@yahoo.com,(064)130-4323x7572,Lake Josephburgh,Myers-Hall,11
E748382,Michelle Lane,charles80@miller.com,222.781.9770,Lamshire,"Robinson, Fernandez and Solomon",13
E133051,Kathy Campbell,kurt90@deleon-ford.biz,(541)699-5366x74057,Michaelhaven,Torres Inc,11
E610084,Patricia Fuentes,xbates@mitchell-schwartz.com,+1-637-700-6176x48340,Howardfurt,"Barnes, Singh and Perkins",11
E201401,Richard Brown,elizabethhogan@yahoo.com,661-018-6296,South Amberland,Oconnor Ltd,4
E325121,Ashley Payne,robertcarter@garcia-knight.com,450-608-4620,Bakerport,"Baker, Tran and Williams",18
E834016,Christopher Shields,timothy21@yahoo.com,+1-146-681-2242x80820,New Timport,"Dean, Williams and Underwood",19
E616707,Jessica Barry,regina90@walters.com,001-921-052-4485,Allisonchester,Walters Inc,7
E456129,Jenna Long,ugarrison@gmail.com,001-234-691-9029x0987,East Ralphbury,Stephens Group,20
E172559,Angelica Freeman,sgoodman@edwards.com,001-471-333-0882,Rebeccaton,Ryan-Flynn,16
E657540,Ricky Price,christopherdaniels@hotmail.com,001-052-100-9555x332,Powelltown,Gallagher-Williams,2
E625300,Luke Nolan,robertjames@nguyen-jones.com,001-811-115-1669x4717,Cookchester,Chen LLC,20
E888148,James Powell,sherriharris@potts.info,096-611-9882x3388,Cannonshire,Miller-Fry,12
E928223,Joseph Peterson,jenniferdavis@hotmail.com,451-032-8970,Moralesstad,"Davis, Spencer and Spencer",18
E714205,Brian Olson,denniscoleman@monroe.net,096.754.0697x8197,Phelpsville,"Lara, Reyes and Munoz",3
E178194,Gary Wallace,nicholas30@ellis-watson.org,649.242.1817x3731,East Richardside,Mclean Inc,4
E422206,Chad Wood,jessicaphillips@gmail.com,1967564121,New Samantha,"Cantu, Martin and Montgomery",17
E571695,Anthony Garcia,caitlinrichardson@gmail.com,170.340.8451x3815,West Amanda,"Collier, Graves and Walters",15
E632874,Stephanie Moody,johngross@mathis.com,+1-833-424-3160x900,Hesstown,"Benson, Morales and Davidson",18
E114450,Patricia Lee,troy40@wagner.org,001-767-775-0507,Parksmouth,"Anderson, Taylor and Murphy",15
E758822,Jack Walker,kendra62@yahoo.com,001-607-984-2352x6568,Port Jennifer,"Wright, Henderson and Herrera",16
E562332,Timothy Lawrence,michelle20@hotmail.com,+1-700-274-7748,Mcdanielstad,Houston-Lee,4
E905295,Monica Webb,molly87@riggs.com,010.814.3972,Chasehaven,Simpson-Gibson,18
E921119,Robert Villegas,joshua74@yahoo.com,(466)295-1420x97724,West Joseph,Turner Group,14
E656362,Jason Dawson,john36@gutierrez.com,(026)545-9219x548,Meredithfort,"Little, Myers and Garcia",6
E487334,Helen Turner,stokesbrittany@martinez.com,001-665-921-6587x0416,Lake Dawnton,"Scott, Huerta and Roberts",8
E963608,Jessica Hughes,mirandaeverett@castillo.com,001-894-185-3886x5174,North Christopher,Figueroa and Sons,10
E720343,Jeremy Webb,upowell@gmail.com,1058605509,Rodriguezstad,"Campbell, Bradshaw and Wilson",16
E925556,Victoria Johnson,david11@wagner.com,+1-753-839-4953,Port Sylvia,Wheeler and Sons,17
E511938,Beverly Rogers,angela91@gmail.com,271.902.4624,South Nicole,"Wright, Thompson and Daniel",6
E737935,Daniel Hernandez,lbenton@lopez.org,509.219.2357x72142,South Anthonybury,"Hernandez, Brown and Sexton",2
E316673,Robert Robinson,lopezian@hotmail.com,346-388-5687x094,Jenniferport,"Mathews, Rivas and Robertson",16
E924083,Brandon Marshall,garciaryan@chan.com,479.430.1154x47261,Lynnton,Anderson LLC,19
E548588,Jaime Meza,george73@banks-wilson.com,302.977.8756,Boydfort,"Lee, King and Jordan",20
E337724,Alexis Yates,jacobjames@yahoo.com,(784)548-5917,East Veronica,"Johnson, Johnson and Cantu",13
E767454,Craig Ramos,rfuller@gmail.com,001-841-078-8155,Tylerville,Mitchell and Sons,13
E562950,Francisco Tapia,joanna10@noble.com,(752)858-0426x073,Phillipschester,Green Ltd,20
E566369,Jason Graham,jerrydrake@hotmail.com,1618266909,New Petertown,Morris-Marshall,6
E536667,Megan Garza,jonathan26@schwartz-campbell.info,(147)143-5230x866,East Corey,Rogers PLC,20
E629207,Eric Medina,emily79@holt-wilson.org,+1-469-068-5618x450,Jamesberg,"Rodriguez, Bowman and Anderson",14
E315777,Jennifer Garcia,jeremycox@yahoo.com,+1-882-020-3393x456,South David,Golden Group,16
E677944,Jesus Evans,javier11@gmail.com,+1-605-271-9762,West Susanview,"King, Sanders and Hoffman",3
E471011,Melissa Barber,lallen@gmail.com,(846)530-6720x0801,Terryfurt,Roach-Weaver,4
E117370,Mary Ho,sheila26@hotmail.com,528.912.7013x36570,Port Brettburgh,Robinson Inc,19
E225593,Traci Johnson,jacobward@james.com,078.333.3661,Powellton,"Price, Mata and Turner",17
E377433,Amy Wall,fbrewer@ramirez.com,+1-593-598-5591,New Charles,Hale and Sons,17
E168137,David Wells,lorraine29@hughes-thomas.com,001-156-466-7775x154,Quinnview,"Mercer, Williams and Mccullough",18
E923342,Thomas Stevens,tiffanysanchez@yahoo.com,+1-864-436-5564x62126,Richardport,Smith PLC,9
E105131,Aaron Watkins,astrickland@sawyer.biz,965-109-0977,South Devinberg,Morrison-Morris,10
E604035,Kaitlyn May,patricia39@daniels.info,(284)281-5615x12863,Katherineville,Mcintyre Ltd,13
E252500,Brian Paul,umills@richards-villarreal.com,+1-142-496-2726x0436,Jasonborough,Jacobs PLC,14
E881916,Thomas Cruz,jamiewilson@greene.com,694-260-4247,Jasonborough,"Cunningham, Blake and Collier",11
E272739,Briana Harris,zunigamary@yahoo.com,175-726-5806x48710,East Brittany,Daniel PLC,13
E180077,Jessica Downs,goodwinashley@hotmail.com,+1-590-330-2449x11455,East Benjamin,"Acosta, Ross and Padilla",5
E779122,Jennifer Conway,smithdaniel@hotmail.com,001-026-956-1502x54840,West Julieburgh,Morris-Silva,18
E748989,Kathy Poole,francisco19@ramirez.com,(480)480-4490x70113,North Robert,Norman and Sons,14
E830341,Martha Mcknight,annepaul@gmail.com,102-597-2828x726,Nicoleview,Wade and Sons,3
E676932,Seth Wood,phillip02@gmail.com,525.919.1586x18005,Robertsview,Smith-Lyons,3
E642205,Brian Dean,joshua91@woods.com,+1-284-581-5479x3716,Suzanneport,"Bell, Boone and Bowers",20
E875349,Douglas Sweeney,irogers@mccormick.com,+1-088-064-1512,Maryport,Thomas Group,5
E666199,Cheryl Robinson,dustinweber@gmail.com,311-416-6613x701,Heatherborough,"Casey, Duncan and Gomez",8
E214548,John Jackson,akelly@crawford.info,562-476-0578x301,East Jeremy,Thomas LLC,4
E500441,Lee Davis,vholmes@hotmail.com,561.108.1166,South James,Baker LLC,16
E536462,Kurt Waller,bhoover@hotmail.com,+1-580-548-8328x476,West Amandaberg,"Wade, Rose and Stevens",5
E336357,Paula Trevino,bparker@scott-calhoun.net,095.881.8859x088,North Richard,Mosley Inc,20
E380952,Charles Owens,tyler42@yahoo.com,+1-482-398-2225x9639,West Logan,"Martinez, Salinas and Fry",2
E376777,Shirley Glover,xcoleman@gmail.com,001-788-582-4962x48228,Jefferyfurt,Smith-Johnson,18
E213451,Michael Gray,richard91@miller-bright.com,+1-814-961-2964x9820,West Monicahaven,Lee and Sons,13
E298420,Juan Cruz,newtonjoseph@yahoo.com,(075)919-3599x51829,Jacquelinefurt,Lutz Inc,4
E333668,Morgan Baxter,debra56@brock.net,(672)956-0958,Jamesmouth,"Wang, Cruz and Garza",7
E381314,Nicole Wilkins,xmartinez@yahoo.com,001-441-080-6800x992,North Tinaport,Davis-Mckenzie,7
E221472,Michael Delgado,kelliedwards@yahoo.com,001-725-280-1849x914,Sarahview,Marks-Becker,18
E339203,Christian Jones,robin55@hotmail.com,(865)138-7224x83272,Reynoldston,Price-Prince,6
E141572,Dan Hughes,bwest@jarvis-walters.com,436-160-5590x690,Justinbury,"Johnson, Walters and Vaughn",3
E828481,Amy Hood,james54@torres-mathews.com,859.552.0287,Rhondaberg,Smith-Smith,19
E573426,Sean Frye,agonzalez@gmail.com,873.100.0149,South Steven,"Powell, Haas and Clark",3
E857313,Jessica Mcdonald DVM,micheal96@day-alvarez.com,149-044-5253,South Robertstad,Henderson-Davis,10
E382310,Brian Parker,jruiz@yahoo.com,738-225-7592x876,South Susan,"Yoder, West and Chen",16
E819286,Makayla Carter,kmiller@gmail.com,(940)946-6097,Laurashire,Brooks Group,8
E571749,Kenneth Morales MD,xhayes@hotmail.com,(729)469-7131x7505,Simshaven,Newman-Gill,8
E327831,Bruce Martin,jennifer01@white-watkins.net,563.567.7195x85243,Triciaborough,"Baird, Ross and Mcmahon",1
E292832,Amy Tate,patriciaromero@freeman-robinson.net,(933)086-1924x763,Jenniferland,Carlson-Velasquez,17
E365324,Edward Frederick,brenda77@mullins.biz,(153)087-4338,Port Robertstad,Hebert Ltd,13
E417229,Michael Vasquez,kalvarez@underwood-murphy.com,001-162-454-0360x5087,Colinfort,"Miller, Sloan and Miller",12
E848062,Lisa Mills,amitchell@hotmail.com,(837)387-7593x14434,Murrayport,Johnson LLC,16
E732402,Stephanie Jackson,cmoore@bennett.com,(607)875-1693,Jayton,Bridges-Hurst,4
E179972,Paula Stewart,jennifermills@stone-martinez.info,(248)981-5631,Lake Katherine,Herrera-Watkins,3
E955501,Jenna Woods,marco78@yahoo.com,082-566-7706x38642,Pettyshire,White-Anderson,16
E638056,Susan Brown,rogersalexander@chandler.com,1572812570,Castilloberg,Sanchez Ltd,14
E701701,Jeffrey Sullivan,kimwalter@gmail.com,(575)348-3226,East Anthonyport,Walton-Simpson,19
E949994,Joseph Rivera,powerskristin@gmail.com,(629)804-1058x9704,Jillville,Roach-Padilla,16
E436136,Jessica Hunter,xhall@wilson.com,2758014443,Jessicaborough,"Johnson, Boone and Lopez",4
E696649,Roy Ramsey,rebeccaball@yahoo.com,001-803-238-4310x7640,New Davidburgh,Marshall-Levine,10
E618742,Elizabeth Morse,qlopez@gmail.com,+1-704-259-6059,Valentineton,Peters Group,13
E725113,Denise Johnson,maryharris@gmail.com,144-704-2187,South Stephanie,Little-Thomas,13
E317701,Samantha Marshall,erikakennedy@yahoo.com,311.883.5546,Shanefort,Harrison-Massey,5
E467818,Jason Evans,manuelwatts@yahoo.com,001-501-651-9896x698,Port Paulatown,Davis-Wade,3
E933035,Jamie Jones,chamberssandra@gmail.com,+1-234-323-9866x232,Ryanport,Holt LLC,12
E619142,Rodney Barrett,charles02@yahoo.com,(783)615-5512,West Jeffreyhaven,"Smith, Ramos and Liu",2
E183386,Jennifer Ramirez,heather22@parks.biz,001-475-349-3104,Smithstad,"Berg, Villa and Lewis",17
E135170,Daniel Hernandez,heather83@hotmail.com,(560)471-2624,South Lori,Powell-Nguyen,18
E662130,Michael Bell,garciabrandon@gmail.com,774.000.4736,Dustinton,Lewis PLC,14
E937417,Randy Cole,wilsonjames@yahoo.com,001-296-257-3283,Blairfort,"Simon, Patterson and Smith",18
E958188,Sabrina Johnson,debbie56@gmail.com,078.689.7936x08143,West Kirkfurt,Moyer LLC,9
E220362,Melissa Jacobs,manuel59@yahoo.com,705-367-9505x287,West Ronniestad,"Hooper, Watson and Cordova",7
E788598,Derrick Foster,kevinreynolds@hotmail.com,+1-553-822-6691x5530,Blanchardtown,Murray LLC,6
E525524,Katelyn Reilly,wallerkaren@hotmail.com,747.616.5327x054,Lake Michael,Berry-Warner,16
E360123,Anita Ayala,jason68@yahoo.com,222.892.2876x045,Stanleymouth,Johnson LLC,16
E653995,Terry Ramsey,haleyjulie@gmail.com,+1-886-474-8827x70901,Thomashaven,"Smith, Lee and Garcia",12
E124437,Amy Sanders,myerslauren@patel-ward.org,272-578-1704x6872,West Sandra,Everett LLC,19
E591657,Lisa Bates,garciadaniel@green.com,+1-940-419-0907x4685,Nelsonhaven,"Whitaker, Robbins and Dennis",8
E668470,Derek Willis,michaeljones@baxter.com,2501126929,Schmidtshire,"Russell, Kerr and Lambert",11
E803704,Sean Miller,lee47@suarez-leon.com,+1-116-600-6334x645,Justinland,Evans PLC,3
E480939,Jacqueline King,landerson@henderson.com,(726)475-7514x5037,Martinezberg,Hughes-Ward,3
E699442,Alejandro Lamb,mcochran@gmail.com,(480)490-6034,Justinborough,"Hernandez, Larsen and Knight",19
E181205,Erik Sutton,robertweaver@gmail.com,001-652-255-6579x706,East Vanessabury,"Bruce, Adams and Garcia",17
E656542,Mr. David Phillips,agarcia@phillips.com,8277431653,Port Brittany,Rubio PLC,9
E291544,Leslie Miller,christy07@hotmail.com,089.269.2380x877,Davidside,Jackson-Adams,2
E696193,Stephen Sanders,mitchellsandra@gmail.com,208.301.0650x223,Mendozaville,"Aguirre, Nelson and Jones",6
E753316,Leslie Scott,uprice@beard.com,861-750-0601x1782,Ericaton,Ward Inc,7
E437535,Bradley Mckinney,rogersshelby@kaufman.com,9664960126,Brittanybury,Gonzales LLC,10
E371758,Robert Ward,christopher05@schneider.net,(849)444-0567x801,Colemanchester,Baker Inc,9
E264815,David Miller,michael06@carpenter.net,665-642-3070,South Brianville,Lawrence Inc,11
E424123,Michael Petersen,zflores@hotmail.com,001-792-390-5034,West Emma,"Garrett, Phillips and Brennan",2
E676943,Erik Montgomery,scott83@lawrence.com,838.106.3793x2245,New Amberbury,Lloyd LLC,18
E248827,Jeremy Quinn,warrengarcia@bell.com,623.455.6057x15882,Owenshaven,Robinson Group,7
E590756,Anna Gonzalez,fdennis@price.org,(994)915-9156x0484,Johnstonshire,"Figueroa, Leach and Fields",6
E614911,Jennifer Vang,alexanderrodriguez@stephenson.com,001-254-738-1068,West Ruth,"Brown, York and Cox",12
E215133,Robert Johnson,jamie59@yahoo.com,(546)449-6348x6756,Port Cynthiabury,Curtis-Green,9
E214900,Emma Carrillo,jack39@heath.info,(768)475-0077x9038,Lowemouth,"Jensen, Miller and Padilla",17
E328878,Bradley Herring,opeters@hotmail.com,001-612-991-3712x0667,Lake Justinstad,Gray-Shaw,20
E636677,James Nguyen,jessica97@yahoo.com,001-067-936-1016x4195,East Amyport,"Lewis, Lawson and Lynch",13
E336324,Sherry Grant,connie01@duncan-robinson.com,558-908-1194x18811,West Eric,"Cruz, Rivera and Richards",8
E867090,Mrs. Virginia Flores,jack10@baker-castro.com,(844)004-7334,Davisborough,Smith PLC,4
E525448,Ryan Simmons,christineallen@hotmail.com,582.822.1228,Vasquezfort,Roberts Group,15
E102690,Ronald Jenkins Jr.,lloydkyle@hotmail.com,(313)679-9075x724,North Lisa,Hernandez-Jordan,14
E781160,Lisa Sampson,jasonmarshall@mitchell.net,+1-385-911-2565x19767,Richstad,Klein Group,15
E814195,David Olson,lewisjohn@hotmail.com,395-108-8776x2750,South Angela,Salazar Inc,15
E728686,Christy Davis,olewis@riley.com,647-943-9425x0932,Jessicamouth,"David, Moody and Ellis",2
E602164,Heather Tucker,rdaniels@barker.com,370-210-9538,Stephenmouth,Bailey-Roberson,11
E190480,Meghan Nunez,saragardner@mills.com,001-428-395-2607x74065,Port Kristinstad,"Bauer, Boyle and Tran",9
E863672,Shelby James,andersonmelanie@gmail.com,898.405.2077,East Walter,Newman LLC,9
E303147,Amy Owens,bonnie71@mathews-murray.com,922.504.9203x89781,South Jason,Jones-Potter,15
E216071,Kimberly Wilkinson,ucollins@hall-mccarthy.com,+1-854-730-3070x36967,Matthewsmouth,Johnson LLC,10
E482163,Heather Cabrera,laura22@vaughan.com,346-849-1217x7560,Jesseside,Peterson-Wheeler,11
E192130,Garrett Davis,vjones@gmail.com,6963114866,Krystalport,Johnson and Sons,19
E412709,Jessica Anderson,petersonashley@garcia.biz,596-161-6677x281,Lake Matthewtown,"Solomon, Reyes and Boyer",14
E984125,Maria Brooks,yjefferson@gomez-chase.net,+1-756-574-7178,Padillashire,Davis-Hayes,9
E378334,Patrick Hendricks,jillianhudson@coleman.com,142-493-7007x194,Lake Emily,Valenzuela-Fuller,12
E827818,John Price,edwardsvictor@yahoo.com,001-483-729-1483x15770,Lake Keithstad,"Barnes, Delgado and Boyd",17
E314880,Victoria Irwin,craigzimmerman@hotmail.com,+1-188-201-8391x9135,North Jenniferberg,Lee-Cummings,4
E994867,Dawn Kent,cunninghamjennifer@riley-hardy.com,001-759-009-0839,New Robert,Baker-Wilson,20
E172834,Katherine Hayes,taterachael@gmail.com,(946)796-9885x2271,Murphyland,"Marshall, Hernandez and Castillo",3
E253536,Michael Roberts,smithjeffrey@gmail.com,5632455162,Port Adamfort,Barry Inc,20
E905191,Kerri Morris,mgreen@nunez.com,001-307-494-9559,New Justin,"Jackson, Munoz and Phelps",19
E972548,William Perez,brandi85@nichols.net,001-164-011-4434x48428,West Fred,Thompson Ltd,6
E717738,Kristin Thompson,donnarusso@bailey-white.com,521-488-2178x84441,Lake Melvin,Green-Kaiser,1
E561857,Courtney Gutierrez,woodmatthew@gmail.com,882.060.6045x5719,Port Joelhaven,Phillips-Gutierrez,6
E477855,Scott Miller,joan59@rodriguez.info,069-889-1294x5400,Shawnburgh,"Finley, Hodge and Cole",4
E781868,Daniel Foster,peckjanet@washington.com,+1-550-642-9396x099,Lake Wendy,Melendez-Rodriguez,19
E697568,Benjamin Vaughn,heidiwood@hotmail.com,976-823-8302,Thomaston,Richards and Sons,5
E143454,Michael Nunez,enunez@walker-wade.biz,(449)903-5590,Christinahaven,Compton and Sons,10
E321514,Kyle Perry,codyjackson@gmail.com,726.512.1055x0349,Wilkinsonfort,Lopez-Jordan,7
E584788,Heather Edwards DDS,tonyagutierrez@gmail.com,+1-622-018-2577,East Jennifer,"Edwards, Peterson and Jacobs",20
E457332,Patrick Adams,danielhoffman@hotmail.com,880-147-7347,Berryfurt,Shelton-Green,4
E137330,Wanda Mason,drogers@leon.com,+1-728-710-8107x17468,Sherrybury,Soto-Brown,11
E802782,Kenneth Nelson,stacyayala@lowe.com,(475)009-2436x5247,Port Mary,"Dudley, Davis and Jackson",4
E237914,Jennifer King,lisawalton@pierce-lopez.org,478-286-6142x96827,Port Deanshire,"Nguyen, Glenn and Robinson",17
E286890,Catherine Chandler,brianna34@gmail.com,+1-402-296-5026,West William,"Edwards, Lara and Wilcox",14
E537089,Justin Flores,thomasellis@gmail.com,6308454166,South Kristina,"Bean, Smith and Lindsey",13
E842370,Robert Rodriguez,woodzachary@hotmail.com,3599023771,Thomastown,Munoz-Garcia,17
E445932,Tracy Scott,lbrown@bell.com,001-429-760-5651x579,Paynestad,Ritter-Miller,11
E549419,Mr. Zachary Barton,qwhite@wright.info,141-154-5041x5170,North Daniel,"Potter, Phillips and Turner",6
E117000,Alice Walsh,hsmith@werner.com,815-593-4665x3293,Brittanyborough,Burton Ltd,16
E324104,Brittany Woods,lmunoz@miller.com,(802)751-9037x044,Toddburgh,"Cole, Campbell and Cruz",2
E806388,Patricia Mejia,mmartin@thompson.info,001-999-018-9134x8228,Lake Jennifer,Pratt Inc,14
E867726,Harold Castillo,stephen64@floyd.com,(851)483-9814,Schmidtside,Farrell-Hogan,14
E940322,Michael Morales,rhiggins@mckinney.net,066-640-8343,West Jenniferburgh,"Vargas, Newton and Berger",5
E720054,Mrs. Donna Ayers,petervargas@anderson.com,7262299400,Rebeccaberg,Fitzgerald Ltd,6
E886218,Ricky Anderson,hroberts@bennett.info,806-898-9113x38599,Lake Nicolemouth,Davis Group,9
E519924,William Montoya,ywolfe@davis.com,(863)437-5019,Friedmanfurt,"Howell, Schroeder and Huber",8
E804431,Steven Campbell,karenmaxwell@gmail.com,561.557.9289x2671,North Teresa,"Davis, Bass and Hernandez",11
E823393,Nicole Bradley,shelbymorris@yahoo.com,265.287.2513x39386,New Renee,Flores-Miller,15
E747435,Brenda Elliott,mcgeeerin@nolan.net,(489)894-5008x547,North Frederickstad,Robinson and Sons,10
E379796,Diana Serrano,martinezbrian@hotmail.com,777-748-0306,Powellmouth,Thompson PLC,4
E269627,Ryan Harris,krobinson@yahoo.com,408.919.0574,South Garyland,Walter-Johnson,9
E344818,Sherry Silva,lisa95@jordan-joseph.org,978-000-1794x399,Port Jeremiahmouth,Beard-Clements,2
E351751,Gabriella Campbell,melissa86@horton.com,060-803-9002x88930,Jasminemouth,Brown-Garcia,2
E287678,Samantha Allison,stevenwilliams@hotmail.com,8526524429,New Jessicaview,Simpson-Harris,3
E654037,David Robbins,ryancarmen@hotmail.com,001-134-435-3308x99263,Tuckerberg,Coleman Inc,3
E470970,Brian Baker,timothy17@yahoo.com,001-320-407-7270x463,Torresbury,Schmidt-Thompson,20
E470612,Joseph Levy,ricky93@trevino.com,498.654.5047x3168,Petersonview,Lowe PLC,15
E462137,Bradley Perez,bryan23@gmail.com,001-263-195-9105x908,Rogersbury,Tate LLC,16
E542289,Mr. Jeffrey Livingston,garciajohn@hotmail.com,204.099.0471,Port Michaelbury,Lopez LLC,14
E705257,Brandy Townsend,rjohnson@gmail.com,001-682-777-8676,North Teresa,Gonzales PLC,11
E816216,Lisa Jackson,larry21@anderson.com,+1-067-656-4443x30719,East Justinstad,"White, Davis and Miller",9
E331097,Lauren Myers,vanessa11@jones-leblanc.net,281.846.1098x5869,Morrisonchester,Henry and Sons,6
E613977,Dwayne Smith,summer34@martinez.com,727.164.0792x26143,East Christopherborough,Soto-Stone,6
E373968,Dr. Ryan Rodriguez,marshallbrian@montgomery.com,032-580-8861,South Alexandra,Johnson-Rodriguez,1
E742648,Mr. Tyler Vargas,burnskelly@yahoo.com,+1-534-694-7595x9971,Derrickmouth,"Middleton, Hull and Rivas",20
E224505,Ryan Cunningham,wharrell@jones-hutchinson.com,7736288295,Kennethview,Foster Inc,11
E582135,Joseph Cook,sjordan@russell.com,+1-958-885-2285x58985,Nicholeport,Sanford-Mccoy,7
E806951,Philip Smith,dennis67@herrera-graham.net,645-072-2229x55891,Lake Roy,"Stone, Middleton and Parker",8
E173071,Martha Harvey,megan08@hotmail.com,0024600156,Lake Alexanderfurt,Romero PLC,4
E822066,Kyle Morris,leepratt@gmail.com,001-601-172-5769x973,Andrewfort,Smith Inc,13
E421599,Donna Madden,qmoreno@swanson-barber.com,001-661-121-9528,West Michellestad,Robinson Inc,16
E868375,Amanda Martin,cliffordsmith@gmail.com,550-879-3001,New Tylermouth,Clark-Garza,17
E317307,Jeremy Larsen,raymondelliott@martinez.net,1710088660,Davisstad,"Davis, White and Rojas",16
E284431,Matthew Foster,michealmason@caldwell-harris.com,192.640.4843,North Kaylahaven,"Valenzuela, Stephenson and James",6
E637973,Teresa Spencer,saraphillips@jimenez.com,001-642-286-5452,Port Thomas,Morrison LLC,7
E631915,Lisa Arnold,baileynathan@armstrong-collins.net,(650)154-8832,Port Lindseyview,Pennington-Smith,9
E418181,Amy Gould,andrewlee@gmail.com,(107)455-0904x3484,East Steven,Nelson and Sons,13
E392311,Jennifer Kent,leslie84@hotmail.com,519.453.4161,Michaelmouth,Orr-Frazier,6
E920294,Ruth Espinoza,jburton@fitzgerald-wilson.com,923.576.4737x58028,Duncanfurt,Watson-May,1
E894228,Bradley Nelson,chaddavis@yahoo.com,687-305-1052x2759,Rodriguezland,"Jones, Anderson and Garcia",1
E775256,Angela Patterson,monica85@barker-estes.org,+1-851-417-1851,Bellville,"Moran, Robinson and Moore",6
E152942,Maria Esparza,hendrixrandall@rogers.com,144-871-6656x57170,East Maxwell,Tran Group,12
E193454,Melissa Hatfield,charles55@yahoo.com,(308)813-7776,Ellisstad,Harmon Ltd,18
E583256,Robert Vargas,gkeller@hotmail.com,+1-724-862-5834x08200,Lake Tyroneview,Crawford LLC,5
E378685,Anne Henry,melinda97@owens-tucker.biz,(709)500-0620x494,North Eric,"Willis, Mueller and Butler",13
E231488,Lori Parrish,angelamendoza@meyer.net,(973)206-3194,Williamshire,Strickland-Bowers,13
E723612,Amber Mckinney,stricklandrobert@gmail.com,394-224-0216,Daviston,Smith and Sons,20
E616259,Keith Stewart,msimmons@hotmail.com,001-377-240-3720x764,Laurentown,Jenkins-Beltran,3
E707094,Olivia Walls,jessica03@hotmail.com,+1-168-961-0180x551,South Davidville,"Wright, White and Wilson",17
E143660,Alfred Hicks,carolyn17@romero-wiley.com,733-430-9907x03677,North Andrew,"Rice, Smith and Roberts",17
E343506,Annette Lucero,susan50@morris-alvarado.org,694.482.5353,Lake Deborah,"Stevens, Barton and Hoffman",4
E744758,Marie Perry,austin51@hotmail.com,080-338-9227,Port Katrinashire,Stone-Haley,1
E722202,Michael Weaver,annastevens@yahoo.com,(494)083-6805x897,East Matthew,Joseph-James,14
E774165,Shawn Mclean,jermaine57@scott.biz,001-764-857-5418x34746,Crystalbury,Harrell Inc,5
E916710,Cindy Lane,andrewmartinez@fitzpatrick-ramos.com,190.286.6989,New Joshuastad,Salazar PLC,2
E952583,John Reynolds,walter98@caldwell-jones.com,935.971.1785x658,South Amandaport,Morgan-Greer,19
E866616,Jessica Thompson,lhuff@gmail.com,+1-688-487-4130,South Joel,Taylor-Johnson,5
E296640,Allison Kim,katie05@gmail.com,+1-696-405-6950x145,Lake Steven,Taylor PLC,14
E181523,Sara Foster,davistanner@hotmail.com,(638)195-1066x84242,Lake Robertborough,Perez-Hawkins,16
E591462,Mrs. Katelyn Lynn DDS,cassandra34@hotmail.com,+1-441-842-4139x087,Williamburgh,"Gonzalez, Bartlett and Ferguson",20
E552488,Jesse Griffin,christina89@hotmail.com,001-051-235-2502x608,Sarahview,Morrison-Nelson,18
E319084,Jessica Davies,wosborne@gmail.com,913.799.5079,Brownside,"Cox, Hill and Valenzuela",9
E351853,Miguel Hall,stephen46@jones.org,(253)997-7327,New Justinberg,Ramirez LLC,17
E382337,Jeremy Reynolds,shannon50@thompson.com,652.359.9696x671,Greenton,Sullivan Inc,12
E412540,Dominique Cruz,lisagreen@morgan.com,+1-921-122-9651x8719,Jessicaton,Harris-Tanner,12
E626468,Micheal Hawkins,coltonmcdonald@gmail.com,576.988.1499x48730,Owenfort,"Robles, Henderson and Smith",15
E959927,Matthew Perry,ghunter@bryan-johnson.com,+1-039-419-1701x432,North Matthew,Butler-Taylor,8
E792545,Linda Johnson,thomasbryan@gmail.com,823.810.5344,Larafort,Brown-Conrad,11
E468392,Angel Elliott,plee@gmail.com,+1-730-869-4357,South Ivanview,Robertson LLC,7
E134940,Brianna Lucas,buchanannatalie@pearson.com,483.856.6881x2097,Wallview,Brown-Thompson,15
E122979,Emily Black,kathleen38@yahoo.com,001-065-508-2130x213,Warrenfurt,Washington and Sons,1
E372950,William Guzman,nancydawson@hotmail.com,(340)950-4459x43506,New Carriebury,Gallagher and Sons,14
E876245,Gary Williams,edgargarcia@gmail.com,+1-740-217-9146x85563,Pamelaland,"Evans, Owens and Mejia",12
E576775,Katherine Arellano,jonesjessica@rollins.com,947.999.4428,Brianberg,"Mullins, Turner and Chase",8
E242982,Andrew Moreno,murphylisa@jones-white.com,001-939-641-2387,New Josephton,"Phillips, Hunt and Gordon",4
E837589,Michele Clark,deanna90@miller.org,+1-566-574-5434x479,Jessicashire,"Bridges, Smith and Davis",4
E962263,Carmen Trujillo,zcastillo@young.org,7168936620,Rangelhaven,"Newman, Miller and Scott",9
E265531,Anthony Kaufman,jimmylopez@hotmail.com,+1-944-146-1975x7178,East Jasonton,Kelly-Smith,8
E337084,John Savage,jessicapowers@daniels.net,001-742-361-4217x756,West Chadshire,Smith Inc,16
E450809,Luke Key,brownrobert@pitts.biz,(044)530-2607x772,Jamesview,Schultz LLC,1
E838854,Laurie Thomas,paulbrennan@sharp-delgado.org,001-326-937-5365x0687,New Crystalberg,Williams LLC,15
E930353,Rebekah Bradley,gcastillo@jacobs.com,001-247-777-4556x015,Ronaldview,"Figueroa, Nguyen and Williams",6
E160671,Garrett Tyler,brettnorris@sanchez.com,672-716-6547,East Timothy,Brewer-Lopez,3
E797932,Denise Higgins,scottrose@hotmail.com,592.102.1141x2926,Melanieville,"Wall, Kemp and Morales",19
E621834,Patricia Patterson,aolson@munoz.com,847-518-2269x5602,Port Stacy,Taylor-Brown,18
E277867,Bridget Wilson,stevenschristopher@hotmail.com,+1-198-426-5504x54034,Lake Jody,Simon PLC,7
E313939,Amber Ramos,browndawn@yahoo.com,(728)052-9957x77407,Port Kimberlytown,Brown-Powell,6
E428378,Jacob Mcintosh,taraherman@goodwin-nelson.org,(364)219-7066x349,West Jamesberg,"Cameron, Bird and Reyes",15
E328820,Charles Stephenson,alyssaevans@silva-brown.net,001-271-691-5891x58204,Rickyton,"Martin, Knight and Myers",18
E936916,Jennifer Jackson,katherine82@lewis-barnes.info,+1-510-120-6733x72327,Mackenziestad,"Hogan, Jackson and Hall",7
E376102,Cameron Carter,hmorris@hotmail.com,001-616-231-3537x7647,Amandaborough,Sanchez-Acosta,13
E408007,Elizabeth Duncan,joy38@hotmail.com,001-005-767-5828,South Aliciaville,"Patterson, Armstrong and Kirby",6
E929764,Michael Wilson,stephaniewallace@smith-coleman.com,(985)600-3451x5991,Port Jenniferberg,"Johnson, Holt and Clarke",18
E151337,Bryce Shaw,kschmitt@hotmail.com,594-293-3442x35359,Port Jessicabury,"Johnson, Lewis and Johnson",8
E586622,Kimberly Gaines,williamschristine@lee.org,(764)551-9704,Dixonview,"Lambert, Mccullough and Reyes",19
E192353,Diane Webb,stacysmith@davis-castro.net,815.473.4376x6117,Michaelhaven,Williams-Robbins,1
E553840,Kimberly Brown,trujillojeffrey@phelps.biz,001-436-986-7494x8635,Rosalesborough,Smith PLC,8
E583676,Mrs. Maria Rose,iramirez@gmail.com,(440)752-9646,Shannonside,"Johnson, Bell and Stanley",1
E306950,Tamara Woods,sierra10@johnson.com,(517)456-2575x92481,Jamesberg,Warren-Huynh,11
E996800,Wanda Goodwin,fatkins@yahoo.com,(462)628-2726x997,Timothyside,"Sanford, Jimenez and Nichols",12
E658509,Mrs. Kimberly West,gary64@yahoo.com,833.088.0942,Smithville,Nunez PLC,15
E942739,Diana Johnson,charlespatterson@yahoo.com,+1-151-529-0567x38126,Carterchester,Carter Inc,9
E620113,Sean Calhoun,jameskristin@yahoo.com,079-140-9078x376,Devinton,Mason LLC,1
E363322,Joseph Munoz,maria58@hotmail.com,(592)573-5355x03881,Lake Henryhaven,Solis and Sons,12
E725256,Eric Smith,laurie73@hotmail.com,813.033.1707x91114,Johnsonburgh,Cohen PLC,9
E467180,Lucas Gonzalez,cfarley@solis-anthony.com,001-191-579-5412x686,Melaniebury,White-Hunter,7
E544024,Sara Dawson,kmurphy@jackson-flores.biz,+1-415-487-8486x670,Timothymouth,Hampton LLC,13
E212208,Stephen Green,gary32@moore-bradley.net,009.669.6519x2817,South Mary,Day and Sons,3
E389832,Veronica Davis,april16@yahoo.com,001-020-443-8317x032,Micheleville,Brown-Brown,8
E317502,Ian Knight,danielhodges@gmail.com,824.992.3047,Edwardborough,"Harrison, Frazier and Anderson",20
E318046,Jesse Atkinson,sarah92@gray-johnson.info,+1-897-132-8121,Melaniefurt,Brown PLC,15
E878120,Steven Miller,dawnharrison@carr.info,001-508-743-7466x0871,New Jennifer,Ward Inc,1
E683588,Paul Burke,lramsey@chavez.org,6698424323,Martinezborough,Tapia and Sons,20
E701291,Megan Rios,rushtimothy@malone.com,337-529-2875,North Diana,Holland-Dyer,11
E776228,Joseph Rice,romerojames@hotmail.com,922.969.0630,Coleland,Richardson and Sons,9
E913928,Gary Johnson,sharon21@sparks.com,001-121-461-8340x734,Dayhaven,Mejia-Valdez,8
E710003,Timothy Bright,jlopez@hotmail.com,674-654-7891x47378,Armstrongtown,Robbins Ltd,17
E228218,Shane Zhang,frazieredward@yahoo.com,001-605-171-2831x04064,New Veronicaside,"Wright, Smith and Conley",8
E969113,Mark Horton,williamsfernando@moore.info,+1-630-901-6033,Hartmanville,Baker-Smith,13
E924981,Raymond Mccarthy,marktyler@hotmail.com,001-906-396-0841x8900,West Kimberlyburgh,Bell-Baker,9
E318204,Adam Patrick,antoniohoward@cortez.com,129.172.4050x81257,Timothyport,Sanford PLC,9
E551594,Justin Decker,phillip47@spears.com,435-655-6937x45023,North Jessicafurt,"Gibbs, Ramirez and Lewis",14
E419129,Joseph Johnson,wcarrillo@rodriguez-mendoza.com,+1-885-845-1003x073,Johnsonfurt,Burgess PLC,6
E699039,John Whitehead,sethdavis@gamble.com,959.586.1839x96483,Port Shari,Buchanan Ltd,12
E676123,Christian Schroeder,valerie12@lee.com,062.013.5976x193,Josephmouth,Hunter Inc,16
E107177,Linda Austin,martinamy@yahoo.com,369-766-6501,Johnside,Richards LLC,4
E786655,Michael Alvarez,christophermills@gmail.com,+1-595-032-0674x644,Tinaport,"Watson, Jefferson and Perez",11
E332156,James Gomez,xsnyder@hotmail.com,001-201-922-0949,Kimberlyside,Garrison Ltd,15
E175851,Amanda Garcia,sdavis@hotmail.com,115.369.0326x11509,Smithview,Hoover-Schneider,13
E338459,Kenneth Lopez,steven08@hotmail.com,797-235-0555x1022,East Christinatown,Bell-Robinson,6
E285474,David Hill,michaelgraham@yahoo.com,001-604-227-2623x9160,New Theodore,Hull-Phillips,10
E983564,Kelly Watkins,janet51@rios.com,001-025-827-7711x034,South Pamelaside,Contreras Inc,8
E376937,Brittany Martin,njames@smith-adams.com,735.777.1382x049,South Lindaside,"King, Garza and Huffman",9
E608334,Nicole Malone,agriffin@yahoo.com,587-092-0502,Port Paula,Henry PLC,14
E843354,Stacey Martin,rebekahortiz@burns-watkins.com,2034157100,Melissamouth,"Riley, Munoz and Garcia",3
E972733,Brooke Stevens,chaneyabigail@king.com,230.980.7652x7741,Stephaniefurt,Kennedy LLC,12
E699487,Bridget Dixon,mhaynes@hotmail.com,642-776-8975x732,Laurenmouth,"Simpson, Hill and Le",5
E410296,Renee Brown,travis54@wade.biz,286-015-7943x1089,East Candiceside,"Arroyo, Taylor and Cabrera",14
E585871,Theodore Jones,willischarles@hotmail.com,512-510-7850,Lake Brettfurt,Zhang-Harmon,13
E815149,Karen Bowers,antoniobaker@hotmail.com,749-447-8083x409,Karenmouth,Phillips Group,20
E265070,Christian Pollard,karen62@yahoo.com,8099867443,Torreshaven,"Dunlap, Schwartz and Perry",7
E558058,Amanda Strickland,alexandra00@gmail.com,014-174-3942,New Dominique,"Parker, Rodriguez and Alvarez",11
E633668,Sherri Walker,umartinez@gmail.com,+1-921-799-1640,East Amy,"Lopez, Smith and Miller",19
E499429,Robyn Roberson,bendermelissa@brown-snyder.biz,591-388-1628,Vancestad,"Davis, Jenkins and Haynes",18
E125318,Gabriel Davidson,carcher@yahoo.com,+1-040-493-4504x705,West Stephaniebury,Gardner-Stewart,3
E512386,Ryan Barnett,xmorris@yahoo.com,3464914494,Millermouth,Carpenter Group,5
E172246,Alex Terry,lisaguzman@lewis-owens.biz,527.475.5639x255,Josephport,Morris-Jimenez,12
E546363,Paul Thomas,dianeorozco@yahoo.com,001-062-489-3798x7359,Mcdonaldtown,Reyes PLC,10
E455174,Stephanie Shelton,roberto78@hooper-hodge.info,(516)165-6888x832,West Christopher,"Morris, Bowman and Ortiz",2
E628767,Angela Roberts,robertsmatthew@yahoo.com,281.473.0611x4359,Port Lacey,Mills Ltd,20
E844599,Aaron Summers,esparzapatricia@gmail.com,(765)987-3080x2732,Megantown,Boyd Group,5
E971365,Scott Hughes,whitejacqueline@gonzalez.com,238.257.0388x85669,North Nathanielburgh,Fox and Sons,16
E990354,John Wright,ethandillon@eaton.info,+1-515-764-7077,Lake Patrick,Benson-Smith,4
E800890,Amanda Rodgers,utyler@burns-hill.org,281.776.8557,Lake Patrick,Peters Ltd,20
E346506,Kelly Torres,nicolewilson@yahoo.com,(835)411-5797x9050,Barkerborough,"Smith, Collins and Roberts",9
E508299,Joseph Soto,huffmanjason@montgomery-barker.com,7990947520,Danielleburgh,Williams-Sellers,9
E708404,Brian Jones,changrenee@sanchez.com,964.125.2360,Leehaven,"Brown, Woods and Davidson",16
E636813,Aaron Maldonado,brucelittle@yahoo.com,001-891-227-4785x4748,Ryanburgh,West PLC,15
E720711,Lisa Cochran,fkirby@hotmail.com,568-598-0150x38690,North Eric,"Osborne, Moore and Norman",3
E849444,Shelby Richard,katelyn59@hotmail.com,229.354.9842,Lake Hannahfurt,Clark Group,14
E232813,Ryan Church,jacob11@rivera.com,316-058-8010x903,Harveyhaven,Beck-Reilly,9
E929382,Kyle Mitchell,watsonjohn@hotmail.com,166-693-1055x32643,East Jose,Clark-Pennington,16
E553151,Eric Hayes,hogandavid@fuentes.biz,+1-274-946-0764x642,Munozshire,Nunez Inc,4
E151321,John Klein,pboyd@yahoo.com,195-202-6785x714,West Alexander,Adams-Swanson,20
E465343,Oscar Lindsey,andrew40@hotmail.com,460-554-6590x02570,North Tyronetown,Moore Group,16
E378181,Aaron Buckley,deanna51@gmail.com,772.781.9671,Priceberg,"Mosley, Wiley and Hoffman",11
E606436,Raymond Williams,masonblack@yahoo.com,001-559-440-2846,Millerview,Collins Group,4
E978018,Donald Francis,figueroaeric@arnold.biz,(015)671-3799x509,Lake Kevin,"Brooks, Fisher and Guzman",11
E886098,Alison Diaz,owenerin@hotmail.com,133-769-4030x052,Boyerfort,Hernandez-Martinez,7
E281885,Alicia Sullivan,higginsjennifer@yahoo.com,+1-721-951-7346x26135,Stevenburgh,"Cantrell, Hall and Brown",20
E987675,Sonia Snyder,cheyenneparker@mcdonald-davis.org,(691)207-5756,Jonesport,Fox PLC,5
E107858,Jeremy Clark,gblair@harvey.com,001-946-436-8330x3415,Anthonyland,Mcdowell Inc,20
E421034,Margaret Martinez,hannahknight@mcdaniel.com,374.362.7023x7605,North Brittany,White LLC,15
E926411,Sandra Cooper,williambolton@cross.com,+1-915-634-6670x4255,Lake Kathleen,Snyder-Oliver,18
E191029,Gerald Martinez,sswanson@cummings.com,449-160-6989,South Sean,Morgan LLC,7
E895371,Molly Torres,gonzaleswillie@yahoo.com,001-474-508-4423,Devinmouth,Rivera Ltd,5
E579361,Kendra Wallace,zhester@young-valentine.com,001-983-827-4654x107,South Benjamin,"Jackson, Murphy and Fuller",4
E364700,Elizabeth Martin,coxjustin@parker.org,4003283967,South Kayla,Yates-Mendoza,4
E226337,Jackson Davis,pearsonjeremy@hotmail.com,+1-142-629-5196x5062,New Christiantown,Woodward-Johnson,20
E417070,Joshua Oneal,qhill@yahoo.com,+1-904-708-0887x2580,Cowanville,Vaughn-Rodgers,17
E329518,Benjamin Cole,mnelson@aguilar.com,315-087-0248x2543,East Benjamin,"Bowman, Hall and Brown",14
E340904,Ebony Smith,kylewilliams@gmail.com,(776)521-3789x559,North Lori,"King, Wallace and Fernandez",12
E401370,Desiree Maxwell,randywilson@bowen-ochoa.com,433-143-8853,Hillshire,Dickerson Ltd,15
E456861,Christopher Barnes,thomas47@little-campbell.com,001-039-791-6481x46276,Hannahview,"Erickson, Riddle and Garrett",10
E238261,Jason Johnson,kellyashley@yahoo.com,845-754-4582x621,Garciabury,Richard Group,14
E125165,Alicia Vasquez,kaylaglover@fowler.com,(823)980-5350x796,East Stanley,Avila-Roth,1
E308376,Marvin Aguirre,mary46@baker.biz,130-621-5696x1419,Jessicabury,Collins-Rowland,17
E990046,Adam Malone,tuckeramanda@villanueva.com,(512)178-1100,Robertshire,Jackson-Willis,9
E913560,Christine Parker,aramirez@wright.com,001-214-512-6196x15987,Bakerborough,Lopez Group,10
E587987,Richard Moran,michaeljohnson@webb.com,393.347.9831x24611,Sarahview,Gonzalez Inc,2
E314709,James Hardin,kyliedavid@foster-hendricks.com,001-331-675-6820x225,North Leonardberg,Wall Ltd,1
E162931,Thomas Gutierrez,samuel93@becker.net,001-031-121-9596,Lisaland,"Hansen, Henderson and Juarez",20
E626376,Damon Williams,jonathanbarnett@medina-reyes.com,152.155.8771,Tylerhaven,Green Group,8
E211207,Kristin Wright,vrobinson@steele.com,001-441-507-6388x4987,Colehaven,Cohen Inc,15
E833604,Barry Reed,malonemike@hotmail.com,817.325.3571,Pierceville,White-Stein,1
E832344,Jeff Meadows,zjones@gmail.com,001-184-795-6298x8313,Port Christina,Hoover-Wilson,6
E242006,Thomas Lane,kayla69@miller-wade.com,+1-244-606-1713x454,West Katherineberg,Gilbert Ltd,17
E586334,Michael Duran,faguilar@mcpherson.com,+1-647-173-5184x415,Cervantesberg,Smith-Wallace,8
E837661,Katie Miranda,barnesmark@yahoo.com,+1-820-417-7272x31341,Jamieside,Ward-Bennett,8
E650012,Travis Miller,victoriahill@yahoo.com,216-561-8207x9191,Lewisburgh,"Wade, Hart and Velasquez",14
E640739,Samuel Johnson,robert56@gmail.com,612.013.5892x960,East Travisside,"Martin, Smith and Anderson",7
E345351,William Nelson,wilsonelizabeth@hotmail.com,0170688138,Beanchester,"Ryan, Donovan and Holmes",19
E853952,Stephanie Lawrence,rdouglas@moon.com,379.354.4999,Whitneyville,"Jones, Butler and Simmons",19
E805879,Linda Sanchez,gerald41@wagner.com,001-872-918-5257x7776,East Joshua,Alexander Group,6
E585374,Sherry Ruiz,riversdonald@hotmail.com,044-452-8989,Amandahaven,Walsh Inc,18
E893603,Mary Oneill,zwashington@davis.com,235.177.7913,Port Erin,King and Sons,7
E675583,Alicia Meyers,ksutton@english.com,+1-405-142-4332,Michaelview,Mueller-Weaver,3
E645482,Amanda Cox,joshuablack@roberts-monroe.com,994-773-6516x4384,Port Lori,Smith-Holmes,16
E643374,Shelly Carrillo,westjulie@gardner.com,+1-062-769-9884x934,East Hollyside,Rogers and Sons,12
E718238,Robert Lambert,nicholas91@hotmail.com,001-388-742-6838x662,Cantuland,"Jones, Wells and Gray",12
E928551,Carlos Bailey,curtis77@lowe.info,(581)330-1708x7092,East Jenny,"Manning, Ochoa and Cook",4
E926228,Charles Lewis,joneskristina@wright-ford.com,(388)431-4788x2649,Port Markshire,James Group,8
E998871,Christopher Williams,hterry@yahoo.com,(921)205-0752x8245,New Jonathanburgh,"Mccann, Greene and Williams",4
E230440,Diana Meyer,joneskevin@archer.com,9453968256,East Bryantown,Scott-Cordova,9
E926995,Robert Villanueva,brianhess@gmail.com,352.733.6896x630,Kingstad,"Brown, Martinez and Johns",8
E165357,Brian Pineda,costadiana@rodriguez.info,001-938-221-1705,West Christopher,Reynolds-Valentine,19
E476178,Daniel Morris,andersonkenneth@scott-espinoza.com,001-263-055-0447x7286,Lake Teresa,"Joseph, Thompson and Robles",18
E332689,Connor Armstrong,gabriellarhodes@ellis.com,819-714-2583x58698,Garciaport,"Nguyen, Hooper and Williams",5
E673507,Roberto Bailey,nathanlee@hotmail.com,+1-671-109-4959x216,Montgomeryland,Norton PLC,1
E248621,Jennifer Mcdonald,fernandezmichael@yahoo.com,854.817.9050x9279,South Clinton,House Inc,5
E196810,Miss Sheila Peterson,jeremy10@watkins.com,2029469729,Robertston,"Mercado, Burns and Powell",10
E399607,Christopher Black,laura17@johnston-weber.com,001.644.7723x43329,Brooksbury,"Acosta, Cox and Ramos",5
E516185,Joseph Glover,thompsonlori@hotmail.com,637.263.5310x2413,North Matthew,Patton-Gibson,1
E154209,Dominique Brady,mackwanda@jimenez-aguirre.com,001-509-003-1015x38879,New Joel,Beasley-Frazier,7
E873676,Kayla Moore,lbrown@morgan-lee.biz,001-614-919-1410x080,Port Walterport,Sullivan-Scott,17
E331318,Ann Perez,davisjoel@gmail.com,001-513-991-0710x4717,West Darin,Arias LLC,8
E541979,Kenneth Atkinson,markwilliams@garcia.com,+1-104-577-5208x516,East Elaineport,"Mckenzie, Kelly and Martin",18
E281759,Paul Soto,walshcarlos@hines.com,262-151-4415x7072,Christopherview,Johnson-Kane,19
E618107,Deborah Johnson,penny00@hotmail.com,1765016576,Clarkchester,"Hart, Campbell and Marsh",10
E757293,Mathew Pennington,stephanie64@hotmail.com,+1-586-598-0593,Michaelburgh,Andersen-Jensen,11
E725717,Jennifer Shaw,morrowchristina@kramer.com,(632)466-1457,Pearsonbury,White and Sons,16
E451387,Lisa Berry,richard59@gould.com,582-368-5105,Davisview,"Parker, Burnett and Stuart",8
E156342,Phillip Ruiz,whitecaleb@woodward.com,001-605-923-4015,East Vanessashire,Moore Inc,3
E255337,Joshua Navarro DDS,plawson@hotmail.com,001-678-135-6819x50699,Smithhaven,Alvarado-Pierce,20
E499766,David Scott,melissa04@alexander-roman.com,(568)710-4826x88488,Lake Sarahside,Johnson PLC,14
E902808,Megan Brennan,youngtonya@hotmail.com,+1-216-600-0799x0216,Melissastad,"Patel, Gomez and Torres",12
E691520,Joshua Porter,youngjessica@walker-mccann.com,001-649-729-7467x30779,Taylorshire,Rhodes-Lester,17
E278767,Robert Kaiser,juarezpatrick@gmail.com,+1-593-491-5165x806,Lake Anneland,Barton-Cohen,1
E776550,Maria Gonzalez,adriennevasquez@sanders.com,771-668-4076,Anneberg,"Vasquez, Warren and Moore",18
E937115,Anthony Vazquez,michael82@henry.com,078-803-5169x3865,Port Allisonside,Shepherd PLC,7
E773560,David Melton,valenciamegan@yahoo.com,(121)492-5730x26191,Orrside,King Group,15
E839746,Caitlin Hall,porterbradley@chapman.net,(038)908-0926x114,Jamestown,Moran-Vance,7
E270962,Preston Patterson,judithhorton@miles.info,457.306.2565x997,Clarkfort,Sims-Oliver,19
E386212,Kim Love,wskinner@hotmail.com,659-900-8608x396,Port Raven,Blake-Morse,9
E707352,Matthew Duffy,davidwarner@hotmail.com,5881337105,Stevenport,Mills-Mitchell,13
E117673,Heather Martinez,kgarcia@yahoo.com,+1-517-074-7580x31344,Keithton,Figueroa-Johnson,10
E873093,Jason Gutierrez,darius50@gmail.com,(021)487-2417x0987,Dominiqueshire,"Fisher, Peterson and Lee",3
E635749,Adam Reid,qkeller@gmail.com,001-288-711-0294x598,Travisberg,"Perez, Johnson and Peterson",19
E487489,Joseph Lewis,smithrichard@gmail.com,001-722-024-7138,Nancyburgh,Riley-Smith,20
E789523,Lisa Tran,ronald13@atkinson.info,+1-286-132-8119x8470,Hillton,Jimenez and Sons,20
E349442,Danielle Kelly,cartersara@gmail.com,001-477-376-4338x556,New Shawntown,Davis PLC,3
E212117,Gloria Carroll,samueltaylor@acosta.com,001-180-649-3813x1594,New Mindy,Newman LLC,2
E704363,Jeremiah Paul,ujohnson@gonzalez-black.net,(118)246-3282,Victortown,"Young, Mata and Butler",1
E268991,Ryan Durham,jesselevy@hotmail.com,(316)446-9996x6480,New Kevinburgh,Stewart-Mays,11
E554631,Sarah Smith,ialexander@allen.com,(623)566-7976x6294,West Gary,"Holder, Thomas and Rodriguez",15
E629024,Angela Wilson,lawsonerik@williams-morgan.com,(007)551-8133x901,Port Lori,"Moore, Fleming and Acosta",10
E600001,Thomas Wolfe,michaelkim@gmail.com,+1-038-934-0964,Monicashire,"Watkins, Perry and Harris",12
E449752,Stephen Smith,kingerik@ewing.org,001-971-269-2752,New Amber,Mathews-Soto,4
E281716,Lindsay Garcia,ruizbrandy@gomez-brown.com,762-790-9352,Josechester,Hall-Higgins,19
E934531,Greg Adams,xcain@keller.com,(478)322-0633x62148,North Rebekah,Roberts PLC,5
E305851,Ashley Reed,dfarrell@yahoo.com,(385)471-1168x245,South Brittany,Walters-Hoffman,2
E788057,Nicholas Owens,sandersmaria@collins.com,192.493.1235x6131,Nicoleville,Bridges-Sanders,12
E349141,Randy Newton,nicolegoodwin@chandler.com,001-471-642-1177x83866,Littlestad,Cruz-Murillo,10
E524833,Natalie Hughes,dominic00@yahoo.com,(142)484-3583x36176,West Heatherbury,Ramirez Group,12
E248001,Laura Johnson,tanya39@hotmail.com,001-238-010-8136x4536,Holmesburgh,Santos-Miles,3
E282340,Natalie Andersen,ashley79@yahoo.com,367-968-6792x61542,Perryport,Hart-Yates,3
E243880,Matthew Morales,kathryn39@gmail.com,+1-002-267-1660x6506,Clarkport,Thompson-Dean,11
E963107,Jacob Valencia,christinefreeman@yahoo.com,032-032-8664x093,Lake Thomasville,"Harris, Davidson and Martin",3
E438070,Jacob Kirby,vpaul@gmail.com,8415954422,Lake Elijah,"Fitzpatrick, Davis and Sanchez",1
E368584,Erin Kelly,georgecunningham@jackson-french.org,001-946-248-8986,Briantown,Griffin-Garcia,4
E729089,Denise Turner,wrobinson@mendoza.com,4935183598,Lake Margaret,Dorsey Group,5
E367507,Mrs. Sandra Baker DDS,linda10@gmail.com,081.568.9144x846,East Justinport,Dillon-Hill,9
E423958,Johnny Banks,lisa44@dean.info,619.282.4687x219,Hesschester,"Ward, Barrett and Arellano",14
E274482,Laura Shannon,erichouston@miller-hughes.com,001-220-612-7548x45624,Whiteport,"Houston, Gomez and Sanchez",19
E604727,Kristina Norris,timothy38@mosley.org,3587682748,East Caroline,Ayers LLC,15
E450986,Kimberly Le,whitneyedwards@gmail.com,382-880-1564x831,Benjaminmouth,Price-Williams,11
E777132,Kelly Lee,simpsontanya@baker.org,+1-680-568-2778x27723,Willisland,Foster and Sons,6
E865074,Pamela Marquez,brandon80@gmail.com,(849)004-0066x282,Hollandville,Cooper Inc,4
E850978,Alan Armstrong,wesleywarren@fitzgerald-hayes.com,+1-468-431-9321x5647,Juliebury,Olson-Bennett,1
E151987,Karen Thornton,crogers@fisher.info,+1-409-201-5832x102,Ianmouth,"Newman, Villa and Johnson",7
E664157,Jason Moreno,mcneilkayla@yahoo.com,354-870-2212x47708,Fowlershire,"Salinas, Johns and Miller",8
E906983,Jorge Grant,joseph23@hammond-joseph.com,035-631-3857x31591,West Timothyside,Logan PLC,19
E158697,Jasmin Allison,halldavid@hall.biz,(087)925-7423,Port John,"Gonzales, Lee and Torres",5
E409975,Angela Baker,drobinson@hotmail.com,(582)291-4023,North Paul,Gross LLC,6
E801442,Eric Russell,annawilliams@yahoo.com,001-364-177-6356x251,Lake Davidton,Montes Group,18
E774216,Jason Miller,sarahdickerson@yahoo.com,+1-357-498-0426x970,Freemanside,"Bautista, Rodriguez and Roberson",9
E123968,Frank Rodriguez,jdennis@gmail.com,(628)280-9563,Garrettland,Morrison and Sons,2
E969122,Christopher Moore,andrea60@hotmail.com,+1-374-426-2151x1253,Miketown,Oconnor-Wilson,14
E347725,Robert Crawford,wilsonomar@stevens.info,434.311.4227x872,South Michaeltown,Scott Ltd,12
E205089,Jeffrey King,tanyamcdonald@doyle.info,(384)206-5473x66115,Seanton,"Campbell, Hawkins and Schmidt",13
E293039,Julia Gardner,jackie73@young.biz,+1-063-339-5924x3508,North Mark,Long PLC,15
E999132,Amy Watkins,gabriel75@hotmail.com,199.869.8727x251,East Williamton,Reyes-Santana,5
E896623,William Mcdonald,tjackson@hebert.biz,001-339-172-8895x01717,Millerfurt,"Barnes, Barron and Weaver",10
E862091,Jacob Whitney,jennifer00@yahoo.com,+1-520-607-5759x6939,Robinsonland,Best-Wright,16
E172374,Aaron Gonzalez,nicholscalvin@gmail.com,543-835-3763,Hillton,Nichols-Johnson,15
E760045,Ashley Smith,walshrita@gmail.com,(412)270-5998,Victorfurt,"Schmitt, Jones and Kelly",5
E567567,Shannon Obrien,oliviaboyd@yahoo.com,001-715-335-1562x41943,Shermanmouth,"Perez, Rice and Pittman",12
E990124,Elizabeth Thomas,brenda88@yahoo.com,001-511-447-3846x53886,West Bridget,"Coffey, Hancock and Savage",11
E351467,William Huff,shernandez@gmail.com,001-337-518-0944x499,East Joshua,Miller LLC,16
E386291,Tina Randolph,brittany19@martin.com,001-421-114-6055x31045,East Amanda,"Key, Dunn and Blackwell",19
E467568,Wendy Frazier,tdiaz@montgomery.com,136.152.8109,Lanemouth,Thompson-Schultz,18
E384952,Tracie Jordan,kevin24@gmail.com,396.278.0793x2598,Coreychester,Richardson Inc,1
E670329,Gregory Nguyen,alyssacruz@chapman.info,547.432.6164,West Katherine,Buck LLC,2
E606344,Lynn Martin,codyflynn@hotmail.com,8278005236,East Calvinmouth,Diaz-Ramirez,9
E606838,Shannon Sosa,jesus98@gmail.com,8402052208,Blackwellview,"Lloyd, Crawford and Thompson",13
E277854,Jeffery Hooper,renee76@hotmail.com,001-249-551-9525,Smithfurt,Chung LLC,4
E632997,Shelly Rodriguez,william89@rocha-garcia.com,(091)720-7584x325,Millershire,Nielsen LLC,11
E624942,Alexander Herrera,cadkins@yahoo.com,001-626-675-5012,East Lisaport,"Hernandez, Spears and Weber",15
E316643,Diana Walker,evanstammy@gmail.com,001-135-440-0271,Crossland,Carrillo Group,15
E721807,Mr. Mark Barron,ayerswendy@campbell.com,7718876948,Cortezstad,Perez-Harper,19
E833228,Joseph Valencia,qstephens@yahoo.com,7515799023,Lake Scott,"Acosta, Simmons and Li",2
E638469,Michelle Garner,bradley82@gmail.com,3324206587,East Paula,"Fisher, Brooks and Phillips",1
E964577,Ronald Hammond,nharrison@schmitt-sullivan.com,(161)196-6566,Port Elizabeth,"Miller, Coleman and Allen",2
E896961,Jennifer Johnson,wmoran@yahoo.com,(650)605-6969,Chadmouth,Phillips Ltd,20
E673093,Patricia Nguyen,ijacobs@gmail.com,068-251-3822x2041,North Jonathan,"Daniels, Boyd and Clark",10
E134997,Carol Holmes,tylerrodriguez@thompson.org,(539)994-8452x29856,West Brian,"Moore, Chang and Beard",15
E942155,Michael Wagner MD,hernandeztyler@pierce.net,310-386-2126x47563,North Royfort,Robinson LLC,5
E403731,Eileen Henry,mooreriley@moyer.com,753-939-2525x845,Kleinfurt,Grant-Fox,6
E836258,Joe Rose,zdoyle@white.com,375-798-1522x89281,Piercemouth,Fisher Group,15
E202246,David Smith,rebeccathompson@allen.org,822-197-1926,Moralesside,Horton and Sons,14
E755794,Lynn Stephens,colemichael@yahoo.com,(887)407-0617x859,Sydneyland,Romero-Hale,19
E943145,Miguel Scott,bshaw@hotmail.com,225.133.0959x4940,Port Brandonstad,Bullock-Moore,10
E823245,Roy Williams,jeffery18@gmail.com,083-576-3418,Jamesfort,Wheeler-Lawrence,17
E928499,Sara Bowman,phamdonald@gmail.com,505-867-6612,West Danahaven,Cohen-Baker,17
E465995,Shannon Bernard,jessica16@hotmail.com,+1-888-237-5523,North Scottchester,"Rodriguez, Salas and Stephens",14
E692473,Anthony Mendoza,clarkejustin@allen.com,608.036.4596,West Kim,"Duncan, Robinson and Collins",3
E481443,Geoffrey Burton,hunterbarr@hotmail.com,+1-941-288-2865x547,Stephanieberg,"Lopez, Davis and Robinson",1
E300613,Jennifer Campbell,ahall@hotmail.com,001-997-227-5955x203,Virginiamouth,Jackson-Huff,6
E352755,Laura Martin,hnelson@olson-garcia.biz,(176)551-6567x67907,South Shanechester,Lee LLC,19
E869547,Debra Case,julie40@hotmail.com,1631316718,Paulfort,Espinoza Ltd,15
E275854,John Gonzalez,daniel97@bennett.com,966.914.6710x68004,Bradleyburgh,"Crawford, Turner and Miller",18
E930892,Jason Mcgee,petersonmichael@gmail.com,529-699-0605x89638,Joshuachester,Harris Ltd,20
E651819,David Mayo,alandalton@gregory.com,001-150-585-2460x70726,Jasonborough,Mahoney Group,13
E390876,Lisa Diaz,nicole81@yahoo.com,+1-565-370-3273x99042,Dylanport,Clark Ltd,7
E599002,Michael Patrick,jamesfoster@zavala.com,758-904-8182,East Michael,"Daniel, Velez and Harmon",10
E952999,Sarah Atkinson,mclark@peterson-warner.com,+1-075-723-6928x10311,Port Brianborough,Parsons Ltd,18
E951200,Katherine Martin,john93@brown.com,(670)695-6417x34043,Ellisburgh,Norris LLC,2
E847338,Jodi Edwards,gutierrezangel@yahoo.com,+1-927-013-8083x672,Priscillastad,Hardy-Johnston,7
E728940,Alicia Smith,matthewkennedy@yahoo.com,374-664-0323,Johntown,Martin-Gonzalez,3
E425344,Kristin Foster,karencampbell@mata-norman.com,057-931-6135,South Christina,Wong-Figueroa,1
E239758,Taylor Aguilar,robertjackson@mclaughlin.com,001-907-592-5346x7553,Howellmouth,Schmidt-Caldwell,19
E204641,Julie Green,sanchezalexandra@gmail.com,7661530944,Charlesport,Camacho-Murray,18
E614739,Jeffrey Frazier,michael48@watson.net,761.589.2691x10978,Samuelfurt,Nicholson Inc,19
E785693,William Thomas,wharris@baker.com,083-655-6968,East Elizabeth,Hernandez LLC,14
E388018,Miguel King,kaitlyn56@gmail.com,732-384-3754x013,South Christine,Gardner-Sims,13
E164121,Kelly Rios,johnsedward@yahoo.com,+1-677-511-3353x91248,New Johnberg,Vasquez-David,20
E714288,Jody Kennedy,heidirangel@yahoo.com,438.259.8090,South Ashley,Jimenez-Dalton,12
E643218,Stephen Pratt,davidellis@yahoo.com,+1-717-830-5417x2662,New Christopher,"Long, Vasquez and Pham",6
E908204,Bryan Moore,richard07@murray.com,+1-107-053-7946x7312,Andersonstad,"Lee, Smith and Hernandez",18
E279243,Sara Gomez,oortega@estrada.net,+1-763-459-0153x5829,Candaceshire,Cooper-Mason,14
E255220,Matthew Kelly,pkent@yahoo.com,7042984623,Port Erinfort,"Wiley, Griffin and Cook",15
E672160,Anne Davis,ashleywilson@hudson.org,+1-973-437-7323,East Jessicafort,Murphy Group,18
E922064,Bruce Perez,williamsmegan@brooks.com,+1-419-731-2885x4512,Richardbury,Duffy Ltd,20
E554515,Heather Stewart,roger73@yahoo.com,+1-031-886-9898x927,Matthewsburgh,Stevenson-Reed,8
E797314,Stephanie Davis,brownstacey@wheeler-wilson.com,659-057-7759x9822,Port Johnchester,Dunn PLC,9
E422594,David Bruce,angelicawilson@yahoo.com,747-416-7300,East Johnport,Smith-Huerta,7
E410257,Debra Brennan,djackson@yahoo.com,451.534.0161,South Brianview,Barrett-Romero,16
E485826,Aaron Townsend,fosterkyle@yahoo.com,(791)053-4266,East Raymondchester,"Wheeler, Johnson and Carrillo",19
E258014,Caitlin Salazar,kimberlywilliams@gmail.com,953.979.3806,Ingramhaven,Vaughn-Beard,20
E215799,Martha Jacobs,greenchristopher@perez-browning.com,(287)170-4116x72512,New Dennisberg,Stewart Group,1
E516237,Jessica Stanley,vpierce@hotmail.com,(769)595-8845x120,Jessicaberg,Cummings-Davis,20
E350506,Taylor Moss,perezcolleen@carter.com,064.502.7128x297,South Jane,"Cook, Huff and Villarreal",15
E142568,Christine Alexander,ssanchez@ruiz.info,7934800212,Monroeside,"Kim, Pearson and Stewart",18
E206067,Daniel Reyes,daniel30@yahoo.com,001-777-378-2830,South Willie,"Sanchez, Lowe and Lam",7
E740591,Gary Duran,ashleycarlson@jones.com,689-624-7153x251,West Markshire,Walker Inc,19
E421248,Tyler Miller,alex06@gmail.com,339.284.0021x54793,Jessicaview,"Taylor, Thompson and King",16
E669987,Bethany Anderson,hrobinson@estrada.com,(970)247-2208,Obrienfort,"Adams, Avila and Lee",3
E744216,Christopher Walker,suzanne59@yahoo.com,381.332.3383,Sarahshire,Brown and Sons,14
E397260,Lisa Ryan,ubarry@gmail.com,801-231-0245x2557,Bethmouth,Hudson Inc,8
E163540,Matthew Blackwell,rodriguezjames@brown.com,851.680.8218,South Brandonview,"Watts, Hooper and Solis",13
E294038,Nicole Castro,gabriel96@berger.com,7771420604,Allentown,"Austin, Barber and Buck",10
E833076,Stephen Thompson,murrayseth@gonzalez.org,440-126-3351x879,North Melanie,Molina-Navarro,13
E611123,Alan Williams,derrickli@jones-brooks.com,646.428.7376,Johnsonmouth,"Larson, Frost and Pham",5
E454288,Kelly Clark,david93@hotmail.com,603.814.9120x98837,New Ricardo,Hoffman Ltd,15
E799338,Corey Dougherty,dwilson@gmail.com,001-585-423-6445x32323,Port Robert,"White, Thomas and Jones",12
E553226,Brian Green,thernandez@malone.com,001-702-596-3686,Williamsfort,Ortiz-Davis,4
E216492,Donna Graham,rodriguezmonica@yahoo.com,+1-333-428-9553,South Marcusport,"Murphy, Hill and Ortiz",15
E462736,Stephanie Gray,howardvalerie@foster.com,+1-995-636-1527,East Victoriastad,Ortiz-Wells,12
E906828,Donna Davis,johnsonmichelle@parker.com,001-043-444-8579x5900,North Brandy,Miller and Sons,19
E805634,David Henry,sotojon@ramos.com,140.136.3642x8208,New Patriciaborough,Williams and Sons,9
E851972,Jason Myers,darren81@bates.com,0665263571,New Nancyburgh,Anderson-Mclaughlin,5
E227999,Courtney Bolton,jesusharper@yahoo.com,212-417-1939x1215,Port Garyland,"Martin, Morgan and Shah",18
E595579,Katherine Cortez,jerrysimmons@boyd.com,(264)446-1330x88978,New Cassieport,Ochoa LLC,3
E676151,Joshua Anderson,david81@gmail.com,527.207.4863x03031,Pedroside,"Simpson, Hammond and Johnson",12
E348671,Rachel Avila,lori09@hotmail.com,175.905.7049,East Ericaville,Howard and Sons,17
E380121,Brett Robinson,david98@parrish-sanchez.biz,(806)072-4838x400,Brownport,Schmidt-Goodwin,11
E335875,Michael Fox,jeremystark@yahoo.com,001-456-410-5173x4131,Laurenton,"Rogers, Floyd and Williams",11
E915739,Christopher Archer III,jonathan88@hotmail.com,(574)296-4618x29471,Amychester,Willis Group,6
E574335,Kim Rios,aharper@hotmail.com,915-046-4826x1227,Scotttown,Harvey Ltd,16
E227232,Valerie Mayer,ygarcia@gmail.com,685-736-1132,New Joshuaside,Tyler Group,7
E356211,Gabriela Adams,piercelisa@hotmail.com,5468628272,Tateport,Garza LLC,8
E975571,Rebecca Watson,sandra53@gmail.com,691-056-2912x1547,New Courtneymouth,Jones and Sons,18
E673840,Scott Hernandez,kbradley@yahoo.com,750.889.3607,Adrianmouth,Walker-Roberts,16
E327800,Alexis Hansen,vbond@bishop.biz,3656374479,West Douglas,Nguyen and Sons,17
E890224,Gary Singh,kimberlyallen@hotmail.com,001-575-084-5604x0743,North Theresa,"Kelly, Martinez and Gonzalez",11
E994340,Brandon Wise,ramirezdonna@garcia-cervantes.net,932-113-7866x4150,Port Tracy,Cook-Rosario,18
E407458,Ronald Rowe,banksvanessa@yahoo.com,131-079-6142x97190,South Jamesstad,Howard Ltd,12
E521050,Mariah Hayes,lisa63@cooper.com,3582008334,East Susan,"Lara, Floyd and Jimenez",14
E462827,Sharon Stevenson,hmays@bush-wallace.biz,872-435-3669x1870,Farrellport,"Blake, Forbes and Taylor",17
E360904,Adam Goodman,stefanie50@patterson-bell.com,(082)801-9621x379,Williamsonside,Miranda Ltd,11
E952983,Eric Burton,andrewknox@hotmail.com,891.432.5571x66808,North Beverly,Moore-Smith,14
E489520,Austin Carter,kevin71@nelson.biz,468.992.2869,Alexandriamouth,"Nguyen, Giles and Rodriguez",2
E265191,Barry Porter,elizabeth09@hotmail.com,(145)299-6159,New Justin,"Rivas, Schmidt and Sanchez",9
E628861,Michael Perez,athomas@gmail.com,646-013-3076x626,Lake Charles,Tyler Ltd,13
E869705,Gregory Gutierrez,ehess@yahoo.com,203.080.1818x41635,South Amy,"Ochoa, Padilla and Juarez",5
E605055,Michele Whitney,butlersydney@yahoo.com,244-632-1415,West Jasonhaven,"Walton, Edwards and Young",14
E718301,Bruce Barry,umendoza@hotmail.com,001-779-782-1436,New Pamela,Ortiz-Maldonado,2
E486066,Mrs. Paula Alvarado,lisaraymond@hotmail.com,(799)657-1107x058,West Bruceton,"Cole, Clark and Meza",7
E452745,Rachel Lang,xreynolds@leon.info,425.575.0246,New Stephenchester,Johnson-Taylor,7
E806871,Angelica Hall,nelsondanielle@hotmail.com,+1-520-158-6980,New Jameston,White LLC,19
E877525,Cynthia Miller,olutz@gmail.com,833.832.9762,Emilyhaven,Crawford Group,11
E586077,Amy Lee,zsmith@shaw-bryant.com,+1-323-745-3759x607,Nelsonfort,Hughes-Allen,10
E690155,Tracy Marsh,wwood@gmail.com,(187)767-7013,Shannonchester,"Carpenter, Foster and Campbell",6
E510128,Brian Mcdonald,beardpaul@yahoo.com,035-924-2390x950,Jeffreyburgh,Hobbs-Allen,2
E534449,Joel Kelly,uwallace@liu-burnett.com,(333)155-7484,Kramershire,Olson Inc,2
E753793,Holly Powell,barnettmichael@yahoo.com,001-038-979-5340x77395,Richardside,"Stephens, Blake and Pham",18
E140172,Belinda Horton,cassandrarocha@horn.com,(914)983-9919x0674,Mitchellland,"Browning, Garcia and Sandoval",13
E851700,John Miller,mwatkins@thomas.com,4373420133,Reyesville,"Cox, Wheeler and Johnson",8
E817526,Amanda Williams,audreywilliams@gomez.com,(116)782-0909x1915,Maxville,"Davila, Bond and Adams",6
E916011,Gabrielle Fowler,fanderson@gmail.com,550.911.4146x5116,Edwardmouth,Bass-Tucker,1
E409184,Nathan Hudson,wangdana@torres.com,310-532-3000,New Steven,"Wright, Wagner and Perry",1
E470157,Mark Daniel,craigsanchez@james.com,(191)017-6291x3658,Cherylchester,King-Turner,8
E210811,Amber Brewer,patriciawall@livingston-hernandez.biz,3711610621,West Kimberly,Walsh-Shaffer,11
E157775,Rebekah Jones,michael61@johnson.com,001-698-455-5355x19544,New Margaretmouth,"Hawkins, West and Smith",11
E657345,Cole Werner,tony64@myers.com,687.228.2269,Ianmouth,"Bryant, Morgan and Cross",18
E672093,Timothy Hughes,nicholas24@barnes-bennett.com,001-550-250-0717x011,Clarktown,Dixon Group,7
E798728,Courtney Munoz,garzaharold@yahoo.com,001-198-718-3387,Lanemouth,Bird-Howard,7
E375680,Michelle Thomas,haleyhill@morgan-white.com,001-816-102-0700x71734,Armstrongmouth,Ellison-Mckee,9
E631612,William Floyd,chad73@santana.com,361.074.7248x39069,Markbury,"Sanchez, Wright and Weber",7
E449817,Andrea Monroe,maria06@clark.org,232.384.6209x4288,Brianbury,Oconnor Ltd,16
E340235,Jeffrey Hayes,kimberlyrivera@chen-willis.net,+1-385-551-9546x67374,Timothybury,Ward-Cook,3
E334556,Kyle Maldonado,ohill@lee-reynolds.com,+1-985-697-3532x923,Jonesmouth,Patel PLC,4
E773572,Lori Wagner,vpalmer@ferguson.org,356.162.6920x876,Amberburgh,"Li, Wood and Edwards",10
E358947,Julie Myers,elizabeth36@heath-white.com,+1-940-710-8791,Michaelton,"Henderson, Jones and Carter",2
E318186,Sara Rogers,webbjennifer@davis.com,259.819.6696x75425,Esparzaport,Lopez-Cortez,11
E506749,Robert Wilkins,tcastro@horton.com,766.447.8531x522,Laurastad,"Jensen, Stevens and Atkinson",8
E438113,Jonathon Vincent,rebeccalewis@johnson.org,001-502-926-6399x6839,Codyfort,Cole-Colon,1
E381122,Tara Sweeney,websterbrandon@white-flores.org,988-052-1499x424,West Elizabethchester,"Lee, Hall and Castro",17
E583242,Tina Carter,fergusonamy@jenkins.com,943.868.5635x610,North John,"Owens, Peters and Young",3
E393793,Christine Barnett,mary91@gmail.com,(680)454-2601x377,Halefort,Nicholson Ltd,19
E746295,Patricia Weaver,robinsonsuzanne@foster.com,957-526-6458x53536,Leehaven,Simmons-Friedman,10
E209487,David Smith,seth61@yahoo.com,+1-400-537-1004x1953,Lake Jonathan,Jordan Inc,7
E917891,Angela Martinez,austinvaughan@bailey-pierce.com,356.116.3080,Jessicaport,"Lara, King and Johnson",9
E471788,Ellen Warren,sellerscole@hotmail.com,608-831-4477x145,West Lucasberg,Guzman-Lewis,13
E435032,Heather Paul,elizabethgarner@hotmail.com,110-054-4522,Christopherview,Pitts PLC,11
E221914,Carolyn Phillips,vatkins@hotmail.com,029-791-9546,West Shawnton,Smith Group,5
E175171,Melissa Crosby,heatherhenderson@bush-williams.biz,(406)765-7554x1860,North Bryanburgh,"Taylor, Porter and Smith",15
E834132,Justin Martin,barias@adams.com,+1-584-682-4289x236,New Jamesbury,"Gardner, Ramos and Bryan",10
E569204,Cassie Turner,barnettelizabeth@bradley.biz,987.919.8898x7990,Amberview,Kennedy-Phillips,18
E939415,Sheila Garcia,walkerlori@yahoo.com,0451317060,Georgeberg,Roberts Group,7
E649212,Paul Strong,peter98@gmail.com,+1-347-487-3613,Nguyenmouth,Martinez Ltd,9
E161912,Roy Lee,cynthiawalker@gmail.com,207.258.2162x993,Tamiport,"Warner, Henderson and Campbell",10
E379247,Javier Herrera,lcobb@aguilar.biz,+1-013-695-1705,Port Melodyshire,Burton-Harmon,20
E792278,Michael Hall,carolineparsons@gmail.com,987-136-8387x1050,Suzannetown,"Ray, Compton and Morgan",7
E643470,Sean Rice,meganyoung@anderson.com,(015)130-1085,Coopershire,Bryan and Sons,20
E389376,Erika Keith,lararichard@smith.com,(899)510-0204,South Pamelaland,Thomas-Henry,2
E288344,Whitney Murphy,hensonbrooke@lopez-turner.org,096.736.1515x39575,North Javier,Garcia Ltd,15
E363512,Dan Fisher,rwagner@yahoo.com,037-116-4352,East Karenstad,Gordon Ltd,2
E636738,Joshua Adams,charlesgreene@hale.net,458.082.7735x01266,West Aaron,"Ferguson, Oneill and Fernandez",3
E926102,Eric House,hjones@perez.com,+1-044-155-6438,Fernandezview,Oconnell-Dixon,16
E238390,David Wagner,rickyreynolds@li.com,584.432.0931x283,Port Ronald,"Lam, Hill and Leonard",7
E583448,Martin Lee,lorimartin@gmail.com,004-849-6892,New Natasha,"Dodson, Weeks and Anderson",6
E388078,Jeffrey Medina,paul21@yahoo.com,001-097-465-1141x777,Torresshire,Cox Ltd,11
E137401,Mrs. Alicia Robinson PhD,deandeanna@crawford.com,142.205.3376x21570,New Johnberg,"Lynch, Palmer and Hill",8
E527575,Dustin Guerra,jennifer97@kim.com,(386)383-4532x61396,Jodyshire,Torres-Garcia,16
E648428,Cynthia Klein,thomasgreen@mason.com,+1-211-800-6443x8969,Powellfort,Bradley Group,19
E950843,Jeffrey Hayes,lcooley@yahoo.com,(234)355-9356,Richardton,Bartlett Ltd,19
E255321,Danielle Boyd,mary13@johnson.com,001-833-226-6782x60143,New Tammieview,Johnson-Kelly,19
E147321,Scott Duffy,qmarsh@hotmail.com,+1-349-786-0327x4268,Leonardland,Thompson Inc,12
E752894,Shannon Hawkins,montgomerychristopher@gmail.com,+1-628-248-3227,New Anita,Everett-Kirk,18
E581218,Michael Green,afletcher@hernandez-perry.com,(560)220-0072x241,Rodriguezshire,Davenport-Ochoa,5
E102695,William Clark,ijones@pham.info,001-830-944-8449x3191,New Jenny,"Mendoza, Wang and Morris",4
E101016,Jeffery Solomon,blackdanielle@gmail.com,339-395-5207x949,East Gilbert,Henderson Inc,18
E971604,Kelly Haynes,gwendolyn17@moore.com,766-615-0354x448,Crystalland,"Diaz, Clark and Dominguez",1
E191445,James White,john18@harris.info,+1-738-806-3424x834,Keithtown,"Hardy, Hartman and Potts",10
E386278,Anna Hernandez,wernerluke@williams-king.info,7368725531,Lake Rebeccaview,Stein-Fry,1
E455091,Bethany Allison,michael06@hotmail.com,(523)539-2978,Lake Rachel,Carter Inc,12
E607449,Jacob Price,dhartman@gmail.com,116.617.8323x47640,West Monique,Johnson-Snow,14
E475933,Carmen Mason,dskinner@yahoo.com,(629)137-0191x2851,East Matthewville,"Williams, Clements and Jimenez",5
E713159,Larry Poole,eric11@hotmail.com,(891)458-4551,West William,Sullivan Group,4
E456290,Kimberly White,nicolemitchell@gmail.com,(273)991-2634,Johnberg,"Phillips, Price and Marsh",18
E854156,Courtney Mathews,phillip59@yahoo.com,614.944.6921x9307,South Madison,"Williams, Green and Gonzalez",1
E173215,Taylor Wilson,andrew30@mccormick.com,515.117.6364,North Heather,Bailey-Gentry,9
E252492,Natalie Jones,carolpalmer@hotmail.com,878.838.9846x8538,Lake Gabrieltown,Reese and Sons,19
E778505,Tony Weaver,joshua22@yahoo.com,001-752-409-4327x6408,West Sean,Adams-Harris,11
E955006,Jeffrey Rhodes,nbowman@villarreal.info,+1-976-965-0184x780,Christophershire,Johnson-Turner,12
E562039,Cassandra Myers,elewis@gmail.com,8795159294,Abbottstad,"Montgomery, Lewis and Wolfe",1
E166404,Ann Fisher,jessicasmith@dudley-powell.com,558-653-2352x921,West John,Hall Inc,7
E257083,Jesus Gray,hooverdavid@hotmail.com,(285)852-8945x49406,Lake Thomas,Scott and Sons,17
E163302,Jennifer Boone,brian26@bolton.com,404.684.6149x8197,Port Nicholasberg,Jackson-Odom,20
E105737,Samantha Ferguson,aaron91@potts.com,429.267.9814,Derrickhaven,Stevenson LLC,6
E982850,Troy Hoffman,richard36@hotmail.com,(943)996-5128,Tammyfort,"Williams, Smith and Anderson",17
E511230,Jennifer Hughes,thomas07@gmail.com,171-585-8249,Port Markland,Gutierrez Group,6
E623792,Charles Schneider,bethanyjohnson@gmail.com,(747)624-8286,Lake Lindastad,"Dorsey, Alvarez and Mclaughlin",20
E260097,Scott Evans,kaylajennings@lynch.com,+1-359-672-0959x65705,Rowefort,Lee Inc,11
E253585,Michael Cochran,jennifer27@mitchell-watson.com,486.173.4442x890,East Karla,Wells LLC,9
E111984,Jessica Hanson,juliefleming@jones-moore.com,484-562-9529,Port Leslie,"Glover, Fleming and Garcia",14
E261293,Elizabeth Kelley,ewilliams@hotmail.com,904-657-9807x9496,South Billyborough,Shaw-Vargas,7
E920019,Andrea Holt,whitejames@rios.com,001-332-891-7229x527,Sarahshire,"Mills, James and Pugh",3
E325180,Robert Smith,willie45@velez-baker.biz,851.234.4878,East Daniellemouth,Howard Ltd,17
E933269,Jessica Graham,bryantkevin@gmail.com,127.183.9801x3830,East Gabrielview,Mcguire-Reynolds,1
E841812,Nancy James,ashley08@gmail.com,(165)870-4272,New Brandonfurt,Johnson PLC,6
E809100,Nicole Wood,whiteleah@gmail.com,324-228-2574x840,East Jennifer,"Moore, Little and Adams",6
E936744,Daniel Ellis,michaeledwards@mclaughlin.org,(663)036-2891x2281,South Lisa,"Curtis, Mcbride and Garcia",18
E999081,Summer Munoz,brianna35@yahoo.com,(204)836-5170,Josephfort,"Kelly, Smith and Anderson",6
E335081,Eric Gutierrez,amandastephens@williams.biz,784.665.8538x23854,New Nathanfurt,Arroyo LLC,15
E784284,Steven Burgess,lisa79@gmail.com,791.378.7346,Reedhaven,Kelley and Sons,6
E716970,Peter Hogan,jwalker@martinez-wood.org,052-945-5081x00742,Wallacehaven,"Smith, Harrell and Martin",18
E996954,Savannah Eaton,zfloyd@hotmail.com,177-357-7728,East Jeffery,"Osborne, Wells and Mitchell",15
E437925,Linda Hughes,joshua38@mullen.com,+1-242-576-5515x62054,East Jessicashire,Curtis-Johnson,20
E177084,Andrew Lopez,duncanscott@harris-martin.com,+1-413-250-2363x353,East Alyssaborough,Cabrera Inc,2
E167445,Brittany Griffin,kingmichael@yahoo.com,286-865-9694,West Shaneberg,"Kim, Jones and Beck",18
E125872,Jay Bryant,james81@fields.org,382.291.1239,Port Chadview,Perez PLC,2
E896280,Christina Bridges,ndavis@lowery.biz,001-700-185-7553x6543,North Erika,"Silva, Osborn and James",10
E840905,Jessica Campbell DDS,fburgess@gmail.com,(936)660-7038x0532,Ericbury,Brown-Mitchell,12
E779188,Seth Ramos,vpreston@stewart.com,(661)039-9759,Port Marcus,Coleman and Sons,15
E997217,Jennifer Pearson,wesleywilliams@gates.net,586-178-5932,Thompsonstad,Barnes-Patton,2
E487415,Robert Mora,marysanders@parks-trujillo.org,+1-568-888-9115x90773,Terrimouth,"Rios, Nunez and Moreno",3
E482424,Jose Hunter,lisamann@yahoo.com,527-763-9215x986,Port Erichaven,Crosby Group,1
E885738,Kristi Davis,qgibbs@davidson-goodwin.biz,(048)272-0348x82227,Johnsonview,Jones-Williams,6
E162886,Wendy Hunter,gpham@hall.com,+1-771-665-2997x4623,New Lauren,Smith and Sons,2
E362272,Austin Vasquez,john84@gmail.com,(963)128-3609,Alvarezmouth,Hartman LLC,15
E613006,Heather Rose,rodney21@franklin-spencer.org,530.477.7982,Wendyfort,Sandoval-Waller,17
E194172,Mitchell Ruiz,jose60@gonzales.info,+1-756-266-7978x16463,Matthewbury,"Robbins, Benton and Williams",7
E762955,Donald Griffin,alexandrawyatt@brennan.com,159.638.8621,East Markmouth,"Freeman, Jones and Whitehead",18
E650616,Robert Terrell,tylersweeney@yahoo.com,593-750-8314x257,Lake Robinhaven,Bauer-Hines,20
E459476,Gary Terry,blakejessica@yahoo.com,+1-022-238-6644,Johnsonchester,Wallace and Sons,14
E926221,Brent Lee,ronaldjones@ellis.com,+1-760-241-7828x291,North John,Washington-Adams,4
E531728,Mario Wright,jason69@yahoo.com,+1-447-406-2794x796,North Danielview,"Robbins, Hawkins and Rollins",4
E186510,Dawn Roberts,christine66@gmail.com,001-510-553-2124x932,South Andreamouth,Chang-Shepherd,13
E215506,Dawn Miller,alexandra00@hotmail.com,704-477-7763x025,Russellfort,Simmons LLC,15
E668254,Yolanda Lewis,jacksonlori@perry.biz,805-485-9292,Jasonland,"Wells, Holder and Fowler",18
E955407,Bonnie Chapman,grantjamie@hotmail.com,001-413-265-0574x354,Grayburgh,Hurst-Allen,10
E802856,Brittany Cline,nicole65@yahoo.com,(841)141-7973x854,Lake Elizabethhaven,Weber LLC,11
E291401,Robert Zimmerman,williamthomas@salazar.biz,038.008.0081,Newtonmouth,Lee-Walker,10
E851831,Angel Hernandez,ballleslie@mcdaniel.com,783.737.5960x3203,Lake Kevin,Johnson PLC,6
E229877,Michael Thompson,edwin35@ford.net,+1-336-131-3426x0739,Alvarezmouth,Scott-Wiley,7
E484398,Ryan Chandler,ebrown@cook.com,001-428-036-7005x344,Sheriberg,"Cruz, Martinez and Brown",8
E154740,John Moreno,jjohnston@reyes.org,(437)122-0626,New Katelyn,"Decker, Kline and Brewer",13
E445071,Cindy Lawrence,imartinez@yahoo.com,7884018822,South Markshire,"Green, Hendricks and Sutton",18
E658241,Steve Wiggins,nicholas47@gmail.com,+1-634-522-9195x10137,East Daniel,"Torres, Wilson and Contreras",11
E384466,Darlene Johnson,patriciabooth@hotmail.com,390.046.0815,West Brian,Young Group,12
E242534,Rose Fernandez,nlucas@lynch-kelley.com,975.055.2241x54502,Port Joseph,"Figueroa, Bridges and Parker",13
E656764,Adam Kelley,danielle97@gmail.com,335.578.8502x05613,North Rickey,Ellis LLC,14
E518522,Jeanne Goodwin,hhudson@hotmail.com,979.880.9100x18681,Port Davidfort,"Christensen, Dunn and Gregory",18
E785755,Mary Lopez,molly96@gmail.com,519-667-1805x58371,Port Sherry,"Brown, Kennedy and Gibson",15
E516339,Richard Briggs,boydkaren@yahoo.com,496.135.2382,New Brucehaven,"Parker, Lewis and Schmidt",9
E231719,Melody Roberts,james65@yahoo.com,(392)850-3716x823,Lake Christina,Tanner Inc,6
E438271,Jeffrey Mullins,jnielsen@yahoo.com,956-363-4553x3292,Michaelashire,"Davis, Pace and Sanchez",16
E403429,Joseph Klein,nelsonmatthew@taylor.biz,001-957-090-7413x64937,Harveyfurt,"Phillips, Mitchell and Smith",7
E781762,Jasmine Nelson,robertscurtis@davis.com,238.566.8129,North Cassandraberg,"Carter, Durham and Herrera",7
E202296,Elizabeth Villanueva,davidwashington@cooper.com,001-421-703-9397x67830,East Ronaldchester,"Hernandez, Williams and Owen",16
E942171,Adam Hanson,howardhatfield@reyes.com,075.895.1348,Johnsonborough,Mcguire-Wolfe,5
E813728,Alexis Turner,gregoryhines@yahoo.com,+1-038-854-5582,Fieldsbury,"Osborne, Pham and Fisher",20
E309350,Kimberly Rosales,danielle84@yahoo.com,(827)458-4196x38882,Smithburgh,Jones-Hogan,11
E245336,Jean Adams,maryrowe@yahoo.com,(255)146-6019x1065,Muellermouth,"Williams, Harris and Martinez",1
E544478,Richard Robinson Jr.,jamesbailey@gmail.com,967-747-6823x9643,Lake Robertmouth,"Williams, Wolf and Ritter",19
E768998,Michael Hunt,jenniferdavidson@cisneros.net,(387)671-5367,Port Melindamouth,Cruz-Rivera,18
E290809,Kim Alvarez,amber51@lopez.net,8898176271,Lake Garytown,Carter Inc,3
E248288,Stephen Martin,anthonyangela@baldwin.net,001-467-719-9397x639,Sethberg,"Macdonald, Perry and Ruiz",11
E310451,Kelly Brown,dawn26@gmail.com,173.257.5953x483,Joshuashire,Dudley PLC,2
E442010,Laura Martinez,burgessdonna@yahoo.com,(772)017-1100,Dorothyside,Johnson Ltd,9
E547220,Kendra Murphy,jessicareyes@gmail.com,391-784-1000x625,Jamieville,"Brown, Shaffer and Adams",18
E815227,Jared Jenkins,joshua16@howard.com,045.350.6359x299,South Jamieville,"Moreno, Park and Galvan",1
E690249,Miguel Harmon,brandywarren@gmail.com,732-862-6630x6833,North Edwinburgh,"Parks, Carrillo and Miller",11
E259387,Theresa Potter,morgan54@gmail.com,+1-630-398-4161x598,Walkerfort,Hall Ltd,12
E552003,Ashley Farmer,fsmith@gmail.com,713.884.3238x380,East Garyville,Ortiz Ltd,17
E765286,Pamela Dean,evan63@hotmail.com,552-975-7901,Michaelastad,Raymond-Velazquez,17
E774197,Eric Schmitt,nsmith@trujillo-welch.com,384-821-0942x7238,Hendrickstown,Lewis PLC,7
E175524,Deanna Williams,andrea15@garrett-johnson.com,(373)216-8819,West Richard,Knight-Clark,11
E681986,Andrea Franco,qhamilton@jones-barrera.com,+1-900-849-4340x301,Barnesview,"Rowland, Alvarez and Jones",12
E723962,Todd Johnson,michaelblack@hotmail.com,+1-112-674-9696x46732,Kaufmanport,Tucker Ltd,3
E640892,Linda Carlson,robertfox@yahoo.com,001-953-266-9346x41289,Lake Susanhaven,Fox LLC,11
E482550,Jamie Hernandez,cindy43@hotmail.com,787-178-7873,Port Danielshire,"Lamb, Wise and Anderson",8
E689235,Eric Moss,danielharvey@harris-stevens.com,+1-337-548-2749x84591,Lauraborough,Christensen LLC,10
E156610,Brian Stanton,samantha61@stone.biz,448.659.4039x571,Timothyhaven,"Brown, Nelson and Sullivan",12
E432233,Amanda Richardson,yreynolds@ray.com,001-276-784-8764,East Anthony,White LLC,10
E366142,Darrell Oliver,jorgeacosta@yahoo.com,001-779-114-0108x860,Port Sophia,Bowers-Beasley,5
E521185,Alicia Avila,ryanturner@marquez.org,(561)987-3913x97733,Hectorborough,Williams-Brown,11
E661622,John Barrett,jason24@hotmail.com,090.749.1511x701,North Jeffery,Hayes Ltd,10
E811295,Jessica Wilson,jennifer77@boone.net,7270667133,South Cassandra,Stewart and Sons,8
E634271,Aaron Conner MD,elizabeth10@gmail.com,001-818-025-1769x4761,Jamesshire,Wilson Ltd,12
E656012,Jennifer Valenzuela,flewis@gmail.com,826.706.9431x30874,North Robertstad,Rogers-Ramirez,15
E814393,James Miller,charles70@jones-jimenez.com,001-193-140-0403,New David,"Roman, Owens and Grant",12
E565889,Melinda Lane,cjoseph@thomas.biz,973-085-4904,Lake Courtneyport,"Gardner, Lopez and Hunt",6
E422053,Diane Robinson,goodthomas@hotmail.com,(959)792-7672,Frostton,"Gillespie, Taylor and Cordova",7
E916902,Bonnie Martinez,hilllori@gmail.com,787-840-4505,South Robert,Ayala-Dominguez,3
E615771,Robert Mann,rodriguezdebbie@hotmail.com,001-480-362-7812,North Christina,"Anderson, Daugherty and Anderson",13
E405456,Charles Smith,wdean@blair.com,+1-654-627-2443x739,Port Stephanieside,"Moore, Garcia and Owens",5
E921463,Tammy Torres,nvazquez@yahoo.com,001-448-612-3137,Lake Thomasview,Rogers Ltd,7
E419814,Miranda Morgan,lsmith@bell.com,001-777-690-9391,South Rossshire,Gomez PLC,10
E505769,Jesus Giles,rpitts@gmail.com,(059)655-3337x654,Claytonland,Rivera-Daniels,9
E925051,Justin Thompson,daviescaleb@yahoo.com,630-699-1040x8941,Taylorhaven,Robinson Group,2
E707209,Patrick Johnson,kelly14@turner-brady.com,(321)215-4678x5879,Isabelfort,"Wang, Smith and Delgado",2
E607137,Stephanie Smith,beckyjohns@hotmail.com,733.557.7544x5872,Keithside,Aguilar and Sons,11
E742924,Michelle Terrell,christian33@santos.com,909-460-9464x9747,New Timothyfort,Maldonado-Ray,4
E773189,Mrs. Lori Bailey,christophercrane@bowman.com,139.631.8963,Port Nicoleport,"Norman, Garcia and Johnson",5
E607266,Kimberly Sawyer,simpsonmelissa@gmail.com,340-684-8005x3186,East Charlene,"Bell, Reid and Gutierrez",6
E590897,Marcus Marshall,chrisarnold@yahoo.com,+1-125-776-7229x2072,Port Kevin,Bradford-Whitaker,4
E934137,Thomas Miller,danielwhite@hotmail.com,583-874-8081,New Calvinland,"Melton, Bowen and Perez",3
E606502,Courtney Donovan,fbaxter@gmail.com,(976)308-1120,Michaelshire,"Bonilla, Henderson and Gibbs",15
E792342,Elizabeth Carter,jonathan59@gmail.com,+1-635-401-8786,West Michael,"Dunn, Robinson and Griffith",19
E809845,Patrick Porter,starkglen@yahoo.com,819-025-5579x419,Lake Patrickview,Reed-Wagner,20
E421165,Annette Daniel,kaitlynryan@gmail.com,181-672-5296x30489,Port Jacobbury,Kennedy and Sons,8
E299727,Michael Gallagher,brianfernandez@gmail.com,001-532-581-0063x085,Jamesberg,"Turner, Johnson and Beck",12
E782033,Melissa Rogers,markshepherd@johnson-decker.com,4656711423,East Kim,"Raymond, Wright and Olsen",11
E576885,Karen Harrison,cle@yahoo.com,756.190.8844,Kristinstad,Williams-Curry,14
E514771,Colin Brown,josespence@hotmail.com,(449)983-5682x51702,Michelleshire,Rubio Inc,19
E186713,Timothy Lopez,mitchelljustin@myers.com,+1-092-828-9115,Kaylabury,Williams-Rodriguez,14
E627776,Alexander Rodriguez,kim64@yahoo.com,001-584-600-2476x714,Lake Lesliestad,"Morgan, Rubio and Hamilton",9
E326010,Austin Lopez,hunterelizabeth@hotmail.com,(547)604-5637x403,East Carriehaven,Reid-Floyd,12
E159108,Carlos Walton,bradleymelissa@gmail.com,+1-416-754-6831,Michaelview,Ballard Group,15
E491799,Laurie Powers,millergerald@hotmail.com,(054)893-7624,Joshuamouth,Ross Inc,19
E172757,Robert Martinez,lori98@gmail.com,209-244-8860x4523,Brookefort,Bullock-Allen,7
E187399,Christopher May,emiller@hotmail.com,369.084.9118x31691,South Johnfort,Mcclain-Proctor,4
E254761,Manuel Smith,michelle89@henderson-brock.com,900.642.6938x595,New Ericborough,Bridges Group,12
E363043,Rebecca Flores,orice@gmail.com,(168)919-2405,South William,"Harper, Rivers and White",10
E681428,Shannon Gibbs,brendahahn@hotmail.com,(140)426-8140x351,Taylorburgh,Torres PLC,12
E184157,Joshua Walters,aaron12@gmail.com,001-879-888-7130x92068,Christopherburgh,"Oliver, Wilcox and Jackson",3
E411285,Dawn Whitehead,millerbenjamin@allen-lindsey.com,6570403458,Baileyshire,Kennedy-Smith,19
E187381,Kelly Miller,robertturner@yahoo.com,+1-464-721-6818x52776,Paulatown,Carter-Scott,2
E731443,Tiffany Keith,brady47@hall.org,191-097-0819,Michelleville,Rogers-Edwards,16
E502213,Matthew Hughes,urowe@black.org,0861851258,Elizabethchester,"Thompson, Ellis and Lewis",15
E268878,Jesus Parrish,monicathomas@jackson-french.com,001-198-401-2795x54187,Haynesmouth,"Smith, Willis and May",3
E610491,Megan Martin,ftapia@gmail.com,+1-880-710-2433,Port Catherineburgh,Garcia Group,13
E921811,Kirsten White,hudsonsusan@hotmail.com,(744)090-4095x479,Mitchellshire,Bailey-Harris,17
E448125,Clifford Oconnor,katherinejohnson@baker-jones.info,9067952080,Brandonchester,Chapman and Sons,11
E643790,Anthony Hill,nolannathan@gmail.com,001-098-841-9824x27131,Dawsonland,"Jackson, Yoder and Armstrong",3
E496064,Christopher Brown,smithpaul@hotmail.com,9412253612,Fishermouth,"White, Green and Reyes",20
E966178,Desiree Snyder,andrewoconnor@hotmail.com,0519678067,Johnstonland,Harris-Boyer,10
E381881,Jason Harris,hunterchristopher@leonard-rogers.com,595-963-9945x62323,Port Timothy,Newman Group,11
E427586,David Morgan,josephschneider@stewart.com,077.402.2276x49153,Wayneshire,"Aguilar, Garcia and Fuentes",9
E633204,Angela Clark,andrewjennings@hotmail.com,(924)986-9653x76980,South Anneview,Davis-Diaz,14
E318888,Amy Wright,valerie36@hotmail.com,+1-223-996-1603x64300,Mathewland,Contreras-Yates,6
E333135,Tyler Wolfe,fmacdonald@ibarra-bryant.biz,(562)282-0833x718,North Josephside,Johns PLC,13
E150424,Mitchell Russell,billymcdonald@fuller-sullivan.com,450-692-9886,West Williamberg,Brown-Medina,10
E784037,Matthew Harmon,cbrown@jenkins-sharp.com,001-904-120-5570x637,Millsstad,Smith-Deleon,8
E190069,Christian Lopez,christinaramirez@miller-solomon.com,(313)074-8880,Raymondfurt,Leon-Bowers,2
E752645,Justin Miller,jamiewolf@yahoo.com,873-062-6725x625,East Michael,"Collins, Malone and Cardenas",4
E311950,Angela Hill,copelandhenry@yahoo.com,529-486-1736,Randallborough,"Wilson, Davis and Norris",5
E301580,Jessica Miller,pcampbell@yahoo.com,001-034-350-0171x23679,Wareberg,"Ewing, Johnson and Rodriguez",12
E209995,Kelly Diaz,treed@schroeder.com,+1-037-096-6919x07121,Blackfurt,Pena Ltd,20
E301879,Curtis Blair,wilsonkevin@hotmail.com,+1-697-746-8351x496,West Glenbury,"Medina, Vargas and Vega",17
E588051,Randy Martin,hollychambers@walker-wells.org,964-401-8501x12075,West Robert,Garcia-Bush,13
E668183,Mark Brown,perryvickie@brennan.com,(221)251-6414x25021,North Meganberg,"Richardson, Stevens and Price",17
E377827,Justin Richardson,freemansarah@dickerson.com,(569)751-6207,Amandahaven,Woods Ltd,9
E602837,Austin Bailey,mark56@vaughn.com,+1-539-796-5246x991,Brooksland,Rojas PLC,13
E360209,Heidi Roth,choffman@hotmail.com,998.144.7570x2264,Port James,Collins-Spencer,2
E876493,Michael Clark,brandon32@patterson-foster.net,(933)646-3277,East Debramouth,Brooks LLC,8
E196698,Steven Thomas,joshuafriedman@hotmail.com,6986590041,Beardfurt,Rios-Miller,17
E920076,Brandon Morgan,ykemp@terry-gonzales.biz,322.219.9797x3250,Port Kathleen,Williams-Watkins,18
E525033,Erin Obrien,alexander88@hotmail.com,+1-990-884-5267x102,Riveraview,"Mason, Cummings and Perkins",17
E395317,Brenda Valenzuela,megansims@yahoo.com,(718)581-2482,Edwardland,Chandler PLC,10
E742321,Pamela Maddox,fzuniga@smith.com,(512)257-4212,Grayberg,Reyes-Campbell,13
E866369,Stephanie Miller,pamelajoyce@yahoo.com,157-779-1292x558,Byrdburgh,Bailey-Miller,9
E149006,Alexis Lane,johnjennings@oconnor.com,815.207.1902x28405,Hamiltonmouth,Perez Ltd,6
E929086,Anita Ford,jonathan46@yahoo.com,(451)654-0732,Lake Cynthiastad,Moss-Soto,10
E253039,Christopher Flores,kfry@gmail.com,6385845970,Booneburgh,"Mendez, Crawford and Lynch",16
E920930,Matthew Greer,brandonhorne@wallace.org,+1-256-227-2923x91522,North Francisco,Martin-Chavez,11
E240872,Cynthia Knight,carolyn60@sanchez.org,763-561-4510x54806,East Elizabeth,Miller LLC,6
E421839,Jo Johnson,thomasrachel@cantu.com,194.987.9142,Port David,Cowan-Townsend,19
E695431,Eric Lee,christopher32@yahoo.com,(669)582-4572,Lake Jefferyland,"Jennings, Wilson and Smith",5
E259544,Shawn Wells,moneill@hotmail.com,9586772825,Parkerland,Lane-Walker,5
E608240,Oscar Marshall,phamlinda@gmail.com,(581)956-4320,East Patricia,Bell LLC,7
E732988,Tiffany Williams,stephen39@brown.com,968.058.0447x81229,Erinborough,"Collins, Lloyd and Baker",13
E169939,Olivia Gray,ylopez@yahoo.com,001-949-204-6346x784,Samuelstad,Luna PLC,7
E122614,Carolyn Wright,osanchez@hotmail.com,988-404-0852,Port Miranda,"Stephens, Walker and Simpson",12
E784697,Jordan Johnson,leonard28@klein.biz,855-371-3377,Amandaland,Giles LLC,15
E492764,Nicholas Thomas,jgarrett@jimenez.info,526.135.6537,Port Jessica,"Robertson, Potter and Vazquez",11
E254703,Lawrence Carpenter,oreed@gmail.com,+1-374-756-0087,Port Alexandra,Wallace Ltd,14
E194577,Matthew Espinoza,sandragibson@horn-marshall.info,781-439-6572,Lake Tracy,"Wells, Day and Santiago",16
E735485,Caroline Rodriguez,hinesbrittany@palmer.info,+1-358-900-3543x0401,Marcport,Spence LLC,9
E142098,Mrs. Veronica Wells,michaelgray@hickman-wilkerson.biz,001-344-168-6021x439,North David,Fields-Rivas,19
E181553,Sara Johnson,teresa95@bender.com,+1-728-505-7550x619,Lake George,"Barnes, Kim and Nichols",18
E901845,Samantha Chambers,williamleon@erickson-miller.com,001-363-081-6464,Lambertchester,Miller-Stewart,7
E819653,Cindy Weeks,bakerstacey@gonzalez.com,001-956-441-9811x182,East Betty,Miller and Sons,7
E322357,Tanya Sims,george23@hall.com,884.501.6201x53033,North Ernest,Hernandez PLC,3
E497999,Emily Johns,yjones@chang.com,539-726-1560,Deniseport,Cunningham-Bruce,15
E946749,Bradley Black,chaneyricardo@blake-ashley.org,001-347-103-4280x95929,Fowlerbury,Vega Inc,1
E639459,Cynthia Williams,colelaurie@taylor-vargas.net,3382202898,Port Leslie,Gomez Inc,18
E676254,Robert Robbins,matthew23@barker.com,+1-616-723-0861x9583,East Edward,Jackson Inc,11
E265580,Jacob Mendoza,amyhamilton@campos-brown.com,001-862-592-0402x26204,South Christopher,Skinner-Miller,15
E338487,Barbara Ward,denise56@gmail.com,+1-536-490-3322x58310,Port Jeffreychester,Guerrero PLC,8
E889580,Gina Ramsey,vincentowens@yahoo.com,406-094-6259x01016,New Darrellburgh,Rodriguez-Reid,19
E353085,Christine Logan DVM,jonathan55@fields.com,426-842-4034,Michaelport,"Camacho, Hawkins and Wagner",10
E286712,Jordan Mendez,cjohnson@yahoo.com,(517)665-8363x55279,Harveyport,"Gonzalez, Richard and Robinson",14
E678903,Ryan Davila,joy52@steele-ortiz.info,084-494-3842,Smithton,Thompson Ltd,15
E346507,Larry Cruz,salvarez@davies.org,(552)428-6249x8973,West Katherine,"Daniels, Reyes and Gomez",5
E705464,Patricia Abbott,caroltaylor@baxter-guzman.org,(453)799-6560,New Yolanda,"Perry, Newton and Huang",20
E877337,Joseph Carroll,michael95@gmail.com,001-644-641-1119,East Mark,Phillips Ltd,5
E594106,Christopher Hartman,pamela01@reed-smith.com,433-306-9777,West Michellechester,Ho LLC,20
E930800,Anna Garner DVM,emurphy@johnson.com,780-609-0880x8312,Hendersonchester,"Schmidt, Armstrong and Smith",5
E143856,Regina Davis,georgepowell@smith-thompson.com,001-725-245-2452x00981,Beverlyberg,Davis-Rogers,1
E168344,Daniel Jefferson,victoria29@hotmail.com,+1-308-768-9537x337,Kevinville,"Hernandez, Torres and Vasquez",18
E598256,Tanya Kent,wayneturner@watkins-boyd.com,7459144826,East Alexander,Roman-Robles,5
E237566,Jeffrey Odom,tanner08@winters.com,635-649-6921x71498,Lake Joshuaton,"Chase, Barajas and Hanna",9
E315190,Dwayne Crawford,birdjames@yahoo.com,676.622.0362,Sharonhaven,Gonzalez and Sons,12
E707478,Derek Williams,holdernoah@williams-evans.com,741-165-1332x29740,Stevenburgh,"Warner, Parsons and Gross",10
E698324,Erika Adams,williamscharles@mercer.biz,(787)734-1931,New Dustin,Wright and Sons,12
E462041,Kimberly Newton,emilywhite@yahoo.com,364-342-5606,Davidmouth,Morrison LLC,6
E904986,Ralph West,lauraadams@yahoo.com,(105)340-1055x6260,South Carlosmouth,Ramirez Ltd,18
E414977,Susan Russo,joesampson@gmail.com,3119882565,Marthabury,Snyder Group,4
E334140,Michael Hansen,timothy85@gmail.com,(132)226-8897x00124,Ryanside,"Rodriguez, Leonard and Strickland",4
E334269,Peggy Leblanc,maryjones@yahoo.com,+1-468-439-0682x03006,West Joshua,Jordan-Miller,18
E136592,Andrea Johnson,wyattrachel@gmail.com,+1-594-730-1771x472,Clarkton,Wallace-Richardson,9
E524424,Joshua Hernandez,cestrada@yahoo.com,001-733-116-8901x3509,West Lisabury,Evans-Kelley,17
E997721,Ian Hurst,craigjames@hotmail.com,547-787-0801,East Courtneyview,Cantrell-Hurst,14
E118606,Stephen Lewis,deleonvanessa@turner.org,+1-962-897-5410x52491,Herringfurt,Todd Inc,10
E737967,Stanley Allen,pwebb@hotmail.com,610.192.3785,North Sergio,"Davidson, Huff and Schmidt",1
E253980,Amanda Hartman,ifisher@campbell.com,878.912.1672,Lake Stephen,Rodriguez Inc,13
E856798,Michael James,pthomas@gmail.com,+1-989-342-1204x67695,Romerotown,Stewart-Chang,15
E402843,Kelly Mcneil,smithmartha@yahoo.com,966.060.2203x925,West Jessicashire,"Hernandez, White and Wilson",1
E919588,Thomas Lucas,garrettchad@yahoo.com,(315)000-9331x498,Charleston,Harrison-Jensen,18
E332034,Alexandra Pineda,maria14@george.com,(160)142-1394,West Brendan,"Medina, Chang and Avila",12
E688211,Victoria Johnson,ywilson@gmail.com,228-064-5283x41314,Lake Andrewfurt,Jenkins Group,3
E101488,Eric Gonzalez,xrice@morrison.com,001-675-853-3335x691,Delgadoport,Castaneda and Sons,11
E175106,Sean Yang,sandovaltimothy@snyder-mahoney.com,240.289.6543x7982,New Patriciachester,Bernard and Sons,8
E493037,Stephen Harper,peter39@johnson-torres.com,+1-759-589-5323x9211,West Jeromemouth,Jones-Welch,13
E679482,Adam Mcgee,christopherbaker@hughes.com,(522)123-8001x0774,New Deannatown,Steele-Blair,16
E824040,George Jacobs,mary09@russo-williams.net,659-387-5277x376,West James,Peck-Morris,19
E410473,Haley Torres,mackpaige@thomas.com,939-709-4739x51777,Lake Daniel,"Smith, Dawson and Roberts",12
E193480,Tammy King,stewartbarbara@gmail.com,035.544.6701x7011,Davidview,Pineda Ltd,2
E168353,Casey Daniels,dscott@gmail.com,(654)263-6784x9577,West Kenneth,Gomez-Ramirez,9
E390639,Bryan Henderson,jennifer82@yahoo.com,001-416-556-3613x0705,Matthewhaven,"Bauer, Russell and Christensen",3
E530784,Matthew Holt,johnsonshannon@tapia-ortega.com,4180588750,New Gregoryland,Nunez-Thompson,2
E898970,Angela Neal,oklein@yahoo.com,160-331-8658x879,South Edward,Fuller-Garcia,7
E915842,Scott Johnson,elizabethhernandez@arnold.com,584.969.9853x292,Berryborough,Smith-Walker,1
E968450,Jamie Butler,murrayjohn@brown-hansen.biz,849.759.0185,Aliciastad,"George, West and Foster",16
E275698,Steven Quinn,chrisreid@yahoo.com,001-351-080-8080,North Scott,"Frederick, Dunlap and Kim",11
E280239,Beth Mitchell,rickyray@washington-green.org,4860102013,Manningbury,Wilkinson-Stephenson,2
E182994,Kevin Hale,barnettautumn@gmail.com,252-725-9476x3321,Lake Amandafurt,Love-Williams,5
E220736,Carlos Bryant,ianderson@gmail.com,+1-286-774-3298x244,Jennyton,"Dean, Rodriguez and Burns",13
E273188,Joanna Schmitt,nkelly@gmail.com,1641369207,Port Matthew,"Prince, Rosario and Lucas",8
E599623,Cory Larson,blackdaniel@roy.org,+1-240-661-5548x3963,Princehaven,Lopez-Love,14
E761489,Jessica Smith,hroy@gmail.com,(405)248-8625,Lake Travisberg,Murphy LLC,18
E598541,Teresa Washington,curtislinda@ramirez-gilmore.net,001-673-717-5670x667,South Stacy,Grant-Roy,20
E459738,Timothy Mathis,zmiller@hernandez.biz,(219)956-3401x638,Angelaberg,"Brown, Wilson and Baldwin",16
E802397,Danielle Beltran,jessicapace@gmail.com,+1-313-317-1086,Hicksmouth,"Cruz, Moran and Chapman",18
E161317,Jill Wilcox,joseph05@johnson-reed.info,404-546-1195x422,New Bethborough,Gray-Keith,16
E973663,Gavin Adams,ruizchristopher@brown.biz,001-929-734-6005x3454,East Ricky,French PLC,10
E135206,Carl Allen,morgancollins@hotmail.com,+1-503-461-5170x58841,Port Kimberly,Ball-Cook,3
E532823,Bradley Graham,jordanbrandon@thomas.biz,025-976-3958x240,Hendrixland,"Gross, Carlson and Phillips",1
E161617,Samantha Lewis,qvasquez@gmail.com,534-468-1107x126,South Philip,"Bird, Allen and Chapman",13
E824492,Jesse Winters,normanjessica@hobbs-kim.com,552.693.8764x559,Gloverstad,Jefferson-Rivera,13
E109584,Jessica Davis,apittman@hotmail.com,896-625-6441x216,Michaelburgh,Ward-Murphy,14
E397213,Donna Summers,staceycrawford@gmail.com,(409)611-9781,Jameshaven,"Navarro, Gonzalez and Thompson",17
E289541,Jay Jones,katherinebowman@kelly-russell.com,(980)012-9090x15009,North Marymouth,Boone-Curry,16
E499138,Kathy Rojas,gary58@gmail.com,379-720-1060,Lake Danny,"Merritt, Smith and Roberts",10
E780112,Emily Marshall,achase@wolfe.net,+1-415-043-8993x268,Ramosview,"Moran, Reilly and Davis",7
E423698,Timothy Brown,patrickle@huerta.info,550.693.2348,North Patrickside,"Simpson, Mendoza and Mcfarland",8
E215246,Michael Ashley,fbean@hotmail.com,+1-944-246-1091x73118,Port Jessicaview,Weber Ltd,8
E435980,Kevin Estrada,bjennings@yahoo.com,(843)384-6469x6990,South Catherinehaven,Hernandez-Adams,12
E725318,John Adams,ashley38@mejia.biz,001-270-040-6753x2402,East Victoriabury,Hoover Ltd,5
E326478,Brandon Murphy,vincent76@carter-reed.com,390-221-3143,South Hollyside,Olson-Bernard,13
E703381,Karen Duncan,daviddavis@gmail.com,105.979.3163,South Mary,"Pratt, Morales and Pena",5
E427871,Joseph Shelton,angelamorris@roberts-monroe.net,+1-349-045-1801x422,Lake Tiffanychester,"Brown, Johnson and Maynard",20
E765886,David Flores,thomas96@hotmail.com,(437)577-6674,Mcleanburgh,Raymond Ltd,2
E190984,Chelsea Gonzalez,john17@gmail.com,689.631.4630,South Mike,"Anderson, Hines and Figueroa",10
E803540,Rebecca Davis,aprilpittman@moore.com,001-895-119-5786,Katherinebury,Mitchell-Graham,5
E850348,Seth Lee,ramirezdavid@hotmail.com,+1-313-206-1701,Harrisland,King-Booth,14
E448037,Tina Brennan,deborahperry@dalton.com,+1-082-844-6322x0624,Johnsonmouth,"Rowe, Morales and Rogers",5
E487281,Erica Stephens,tylercox@gmail.com,418.498.3401x7424,North Matthew,Burton Group,18
E646631,Cory Gill,gilbertveronica@walker.com,5395861135,East Heather,"Howell, Richardson and Pham",9
E536347,Michael Miller,kingjennifer@gmail.com,3271432356,Jeremyside,Price and Sons,20
E682363,Alison Diaz,emilygomez@gmail.com,147-917-1559x94767,North Samanthahaven,Ramirez-Nelson,5
E541457,Luke Solis,dford@yahoo.com,001-137-952-9042x391,Beckerstad,"Pierce, Cole and Hughes",18
E597729,Margaret Rice,pmartinez@gmail.com,001-807-617-0066x87120,Perezstad,Perez-Lopez,6
E688688,Ross Hughes,smithrebekah@duke.info,970.665.4498,Mccoytown,Johnson and Sons,11
E916084,Kelli Murray,samuel16@larson-simmons.org,835-282-8438,Baileyland,Good PLC,15
E979457,Mr. Tyler Mejia Jr.,angelaporter@hood.com,6578303073,West Charleschester,Thompson Group,4
E438297,Charles Ho,patriciahanna@randolph.com,248.257.1775x609,Saraton,Hernandez Ltd,20
E981818,Mark Bowman,saraspence@hotmail.com,114-326-3575,Hallshire,"Hodges, Boyd and Harris",14
E342457,Jessica Fisher,vharrison@watts.biz,5362224077,Hamptonmouth,Reyes Ltd,8
E317519,Nicholas Palmer,gutierrezfranklin@hotmail.com,001-502-398-1550,Robertville,Baker PLC,17
E598400,Matthew Fischer,pshaw@gmail.com,+1-232-275-5100x3069,Phillipsfort,Peck-Meyer,5
E788626,Richard Santana,zwilson@johnson.com,872-223-0704x64490,Nortonberg,Roth Inc,4
E431389,Debra Sparks,jeffreyrobinson@miller.com,001-602-496-3061x297,Campbellside,Alvarez-Howell,2
E601247,Kristen Hall,josephflores@smith.info,+1-702-474-9997x5479,Lake Elizabeth,Perkins-Hernandez,2
E591120,Dr. Christopher Hill,cameron81@gmail.com,+1-430-630-2882x0083,Port Johnathan,Miller-Nichols,12
E400795,Connie Murray,alice84@stevens-schultz.net,2690951221,New Janice,"Keith, Nielsen and Benton",19
E412939,Elizabeth Wood,geraldbartlett@yahoo.com,(847)210-7633x05563,East Shaneburgh,"Miller, Smith and Johnson",17
E889434,Joshua Morales,donna21@smith-bell.com,+1-396-011-0658x166,West Janice,Lara-Page,9
E405986,David Elliott,evansmelissa@gmail.com,+1-802-731-3350x331,Jennaside,"Moore, Mccullough and Brown",7
E766456,Janet Campbell,rlowe@newman.com,066-080-3303,Katherinemouth,Maddox and Sons,19
E668872,Kathryn Hill,ronald35@murphy-owens.info,(009)130-4367,South Phillip,Smith-Brooks,11
E827346,Jacqueline Hall,benjamin67@weber-bennett.com,4729620384,Port Zachary,Lopez-Murillo,19
E482353,Connor Ramos,victor49@butler.net,001-886-748-0118,Lake Vincent,"Huff, White and Williams",10
E685674,Elizabeth Gardner,sandra01@hotmail.com,067-682-4147,Damonfurt,Brown-Vaughn,14
E577199,Mrs. Kimberly Webster,barrypatricia@jensen.com,874-750-8086,East Brittanyland,"Casey, Travis and Brooks",14
E329563,Jeffrey Christensen,johnsonjohn@gmail.com,273.486.0820,New Carrie,Manning-Smith,12
E666106,Michaela Barrera,amber73@dixon.com,+1-744-268-0642x0341,West Edward,"Mcconnell, Ramsey and Orozco",9
E844679,Kelly Schneider,brettconway@king.org,810-644-5953x281,North Rebecca,Patel-Wood,1
E472559,Krista Miller,zpeterson@lee.org,4688659783,Port Jeffmouth,Hernandez-Allison,6
E397757,Alexandra Zimmerman,acunningham@yahoo.com,074.806.8010x427,Wilkinsonville,"Curry, Miller and Reynolds",19
E863594,Sheena York,floresmartin@robinson.com,(942)917-9832x4866,Stephanieland,Thompson Ltd,14
E297133,Melissa Castillo,nbenson@yahoo.com,960.750.1871x27449,South Kevin,"Warner, Johnson and Parker",19
E104171,Dr. Teresa Short,santosjoseph@wilson.com,219-487-1700x022,Willieberg,"Duncan, Mckenzie and Tate",18
E342280,Alexa Anthony,theresa14@yahoo.com,(541)798-0970x8101,New Roger,Schultz-Brock,15
E793751,Christopher Price,michelle28@reyes-mitchell.net,953-995-0532x3736,Rhondaborough,Tran Group,18
E788795,Dawn Payne,dawnjones@flores.com,(676)177-1846x053,Coryton,"Rubio, Barton and Campbell",14
E811331,Andrew Bailey,ashley87@castillo.net,7478822100,Danielmouth,Benson-Tran,14
E247523,Amanda Robbins,johngriffin@robertson.biz,8342006095,Hooverfurt,Stewart and Sons,16
E233385,Rebekah Beck,tanyabrooks@powell.org,573.827.1020x28896,Justinberg,Edwards-Chang,7
E620522,Logan Smith,williamsjohn@yahoo.com,147-119-6332x0552,Port Stephaniehaven,"Fernandez, Johnson and Ford",3
E144102,Thomas Jones,frank81@yahoo.com,7672344273,North Jacobbury,Miller and Sons,17
E117988,Janice Miller MD,cookanthony@yahoo.com,711.201.0233,Myerstown,Moreno PLC,9
E260331,Debra Sharp,troymiller@thompson.com,8538193586,Curtischester,Donaldson Group,9
E782147,Victor Fields Jr.,anthony28@robertson.info,369-539-1180x4534,Millerhaven,Lawson PLC,8
E617144,Veronica King,stephanietaylor@yates-mclean.org,+1-635-123-9815x80726,South Tanyaburgh,"Hill, Garcia and Hamilton",6
E508665,Kathleen Diaz,ccompton@schwartz-wu.com,530.041.4516x343,Andrewchester,"Golden, Yu and Vasquez",6
E224878,Jonathan Pierce,amiller@gmail.com,126-127-0325,Robertstad,Armstrong Inc,13
E848151,Dylan Matthews,jerry21@yahoo.com,(673)099-3414x2389,Bennettfurt,Scott and Sons,11
E515271,Morgan King,yatessandra@lopez.com,+1-823-035-0499,Kennedystad,"Simpson, Logan and Pitts",11
E494492,Ashley White,jacobhernandez@yahoo.com,665.332.0759x322,Wilsonton,Thompson LLC,17
E319260,Fred Mccoy,lsosa@hotmail.com,7821921915,South Josephland,"Archer, Davis and Fletcher",14
E908626,Mary Williams,edwardclark@yahoo.com,910-963-6208,East Jackie,Singleton-Roberts,18
E999915,Reginald Cannon,tammylyons@yahoo.com,839-230-3327x1121,East Johnburgh,Hammond Group,13
E177250,Lauren Johnson,vanessa07@thompson-atkinson.org,7940979281,Marieborough,"Terrell, Scott and Jennings",12
E830030,Duane Johnson,rdavid@hotmail.com,(387)472-8820,New Ryan,Clark-Walter,3
E314792,Tony Johnson,hendrixbrian@gmail.com,(874)519-6991,New Yvonne,Herrera-Wheeler,12
E269157,Jason Daniels,bryantamanda@parker.net,(499)602-7579x7700,Silvamouth,"Arnold, Davis and Avery",8
E119838,Paul Harper,allison35@hotmail.com,001-375-961-9776,Lake William,Wallace-Lee,15
E456225,David Smith,ojohnson@foley-oliver.com,+1-267-468-4842,Wilsontown,"Fisher, Maynard and Mcdaniel",13
E530800,Douglas Steele,brian37@gmail.com,094.427.3163x8536,Port Brookechester,"Payne, Obrien and Mendoza",1
E424482,Julie Molina,rvaldez@hotmail.com,498-877-4740x95209,Jimton,"Huerta, Wright and Sheppard",3
E724119,Jason Thomas,perkinsveronica@michael.net,168.311.3620x4856,Wongshire,Hall and Sons,16
E671018,Nicholas Herrera,wbryant@hotmail.com,645-922-2067x8933,South Stacyside,Dawson-Hardin,16
E168989,Patrick Quinn,bautistajennifer@strong-singleton.com,001-138-590-1926x655,Port Georgechester,Bryant Ltd,6
E714430,Bridget Hester,oanderson@hotmail.com,001-836-350-4346x05694,Marystad,Cook-King,13
E235404,Christine Carter,mariaortiz@gmail.com,764.145.7121x379,New Margaretburgh,Cochran-White,12
E520087,Katelyn Romero,kimberly88@dean.info,001-416-203-6913x6936,South Jimmy,"Hayes, Brown and Gonzales",15
E751052,Matthew Hall,feliciamitchell@campbell.com,+1-714-903-7798x8196,North Matthewberg,"Medina, Rivas and Hunter",13
E678028,Anthony Friedman,andersonsara@brown.com,6434240673,New Brookeland,Zimmerman Ltd,7
E429046,Mr. Timothy Obrien,elizabeth24@gmail.com,(010)589-1757x966,Erichaven,Chen LLC,6
E979980,Laurie Sheppard,brian97@kelly.com,056-639-9944x66456,Moorechester,Hughes Ltd,15
E721747,Lee Stanley,thomaspayne@cannon.com,708-887-1892x275,West Matthew,Saunders Inc,5
E982319,David Hooper,currykayla@williams.net,001-719-034-4584x57027,Curtismouth,Patterson Ltd,14
E421674,Doris Washington,sarah39@hotmail.com,1135354364,East Olivia,Norman PLC,4
E958335,Dennis Singh,juliedrake@brown.com,313-760-8350x5672,Lake Alexandrashire,Smith Ltd,10
E392313,Richard Townsend,darrenmercado@yahoo.com,536.478.5810x276,New Cristianfurt,Fisher LLC,9
E694814,Carolyn Massey,ronaldgilmore@scott.com,(263)306-0646x38247,Robertstown,Jordan and Sons,4
E608235,Jason Price,wileysean@hotmail.com,(596)961-2312x4200,Vazquezland,Ortiz-Cabrera,2
E272481,Kelly Salas,william14@montgomery.org,2619185919,North Robertton,"Carroll, Guerra and Powell",11
E284981,Alice Watson,edwardsbrittany@yahoo.com,014.512.4587x271,Williamstown,"Harrison, Smith and Ramirez",17
E721109,Jeffrey Barnett,wrightlisa@meza-kelley.net,+1-547-704-2175x50051,Richardsonville,Cobb-Brown,20
E331153,April Richard,elizabeth82@hotmail.com,669.418.3289,Millermouth,Hartman-Thomas,1
E755937,Debra Woods,thomas40@peterson.com,001-446-171-3010,Haysfort,"Bauer, Davis and Harris",13
E940553,Destiny Stewart,jpugh@hotmail.com,773-061-6152,Ortizberg,Mendoza-Hicks,7
E530090,Ryan Johnson,christina73@gmail.com,608.935.5817x935,Wrightshire,Watkins Ltd,11
E249044,Deborah Johnson,anthony18@herring.info,(046)109-5343x8043,Cochranton,"Smith, White and Martinez",16
E906692,Michael Keller,kendra48@brown.info,903.726.2614x70603,Lake Jennifer,Mcgrath-Santana,2
E653889,Amy Adams,lauramiller@harrington.info,+1-782-408-8447x42013,Lake Jacquelineburgh,"Washington, Hicks and Castillo",19
E938638,Jason Combs,fbrown@bryant.com,+1-398-401-4151x442,Kristenstad,Andrews-Payne,10
E766643,Paul Garner,angela93@holt-perez.com,+1-808-462-2043x177,Wagnerchester,"Dominguez, Johnson and Mcguire",11
E751139,Victor Gutierrez,gkoch@gmail.com,(950)332-0508x0215,Paulmouth,Davis PLC,8
E913470,Laura Davis DDS,ryandebbie@salazar.net,442.153.4745x5406,Owenmouth,Jordan-Jackson,13
E500252,James Smith,simmonsjennifer@gmail.com,943-715-0904x14306,Jasonshire,Richardson-Montoya,20
E917752,Andrew Hall,jose07@thomas.com,(713)683-1557,South Jamesfurt,Mccoy Ltd,18
E334068,Christopher Buck,oortiz@yahoo.com,(173)224-0595x26282,New Michael,Jones Ltd,2
E980415,Jennifer Berry,shelbyclark@johnson-terrell.com,241-801-6408x922,East Courtney,Allison PLC,18
E318457,Gary Mason,heather05@lewis.net,020.486.8938x521,Lake Kathryn,"Jones, Taylor and Horton",10
E599727,Sarah Perez,hollybrown@yahoo.com,3142966525,Jeremytown,"Williams, Wheeler and Barrett",2
E926444,Donna Hamilton,wthompson@gmail.com,344.136.6534x57490,Port Jessica,Cruz-Sutton,16
E494590,Alexis Underwood,marciadaniels@yahoo.com,774-640-3214,Walshside,"Lopez, Valenzuela and Murphy",2
E690105,Jennifer Stephens,jessica41@nelson.com,818-813-2035x315,Dunnchester,Lopez Ltd,6
E602570,Aaron Morgan,lisa74@compton.biz,229-827-8533x15887,Franciscochester,Horton-Fernandez,2
E689766,Connor Henderson,jamescourtney@yahoo.com,(098)128-9301x54122,East Ambertown,Jones Ltd,10
E142801,Jeremy Leonard,andrewnelson@gmail.com,+1-800-784-9830x9023,East Maryhaven,Hernandez and Sons,4
E897041,Bryan Novak,hutchinsonandrea@gmail.com,(874)335-2327x91416,Johnsonland,"Roth, Burke and Curtis",11
E902233,Lisa Goodman MD,nmckee@yahoo.com,001-546-290-9742x744,Jamesfort,Myers Group,12
E961426,Heather Cantrell,paulvasquez@monroe-donovan.com,(819)784-7880x0072,Port Jademouth,"Hays, Jackson and Clark",7
E243123,Dana Cox,shannoncruz@yahoo.com,+1-714-382-7878x284,Millerport,"Jacobs, Torres and Thompson",17
E840227,Mary Woods,eric24@galvan.biz,001-371-689-7726x25396,Port Samantha,Evans-Campbell,9
E277616,Mariah Riddle,rblackwell@jenkins.com,(049)112-5441x7195,West Martinfort,Lane Inc,20
E234062,Hector Wang,rpatterson@yahoo.com,001-037-231-1988x80356,Lake Cheryl,Rogers-Jenkins,12
E589115,Joanna Lopez,keith07@gmail.com,191.756.8120x413,Kristenview,Palmer-Jones,7
E860230,Xavier Aguirre,sheppardmegan@yahoo.com,156-419-7493,Ashleyfurt,Jones-Reynolds,17
E492665,Angelica Kent,johnsonrachel@gmail.com,771.053.1397,North Joshua,Parrish-Carlson,7
E135047,Kirk Nguyen,keithsmith@yahoo.com,(267)850-6255,Adrianachester,Scott-Hurley,14
E196996,Sandra Payne DDS,boylechristian@phillips.com,+1-902-107-3552,South Thomas,Harris PLC,6
E411199,Laura Jackson,fhodge@peterson.info,4886525263,Stanleymouth,"Lopez, Thompson and Brooks",4
E591123,Christy Williams,marroyo@lewis.com,001-135-826-1666x79101,Jonesmouth,Cruz-Clark,8
E362974,Monica Davis,ryan93@nelson.com,235-946-8879x6950,New Michelleton,"May, Chambers and Miller",6
E969401,Samuel Robinson,erica66@gmail.com,001-697-045-4447x3950,South Thomas,Peters-Ashley,16
E294801,Susan Chan,stevensjason@jordan.net,001-368-808-5000x266,Millerhaven,Baker-Flores,5
E140101,Dr. Tara Orozco,nblake@yahoo.com,540.319.8137x986,Kevinhaven,"Davis, Shepard and Villarreal",3
E545015,Deanna Hall,grantcraig@smith-wilson.com,866-942-2644x569,West Sethville,Gonzalez Inc,14
E962367,Megan Smith,hpace@molina-rios.com,687-154-9578,South Kimberlymouth,Edwards PLC,12
E290753,Danielle Gutierrez,lorilewis@yahoo.com,623-535-1944,Heatherview,Wade-Weaver,11
E620010,Kristin Donovan,kevinhayes@thompson.com,+1-075-348-7832x03352,Michaelburgh,"Anderson, Oconnell and Moore",1
E764757,Edward Cole,gary01@yahoo.com,0100278547,West Ashley,"Franklin, Strong and Vance",14
E796655,Daniel Gutierrez,mellis@leblanc.net,001-703-445-8291x511,South Derrickmouth,"Phillips, Rowland and Williams",16
E656497,Ryan Trevino,anthony24@randall.com,+1-232-212-2040x7305,North Elizabethside,"Hernandez, Pham and Sullivan",2
E795889,Diana Thompson,pattersonalexander@yahoo.com,001-894-050-9190x859,Lake Eric,"Jones, Mendez and Gregory",14
E706541,David Brewer,cherylross@yahoo.com,529-660-3624,Campbellville,Fields-Clark,6
E280402,Michelle Thornton,richardturner@fleming.com,+1-703-448-6373x0919,Stephanieton,"Riddle, Craig and Woods",19
E430071,Cassandra Anderson,robert47@hotmail.com,407-606-2032x5338,Kleinmouth,Hicks Group,16
E877350,Justin Foster,mirandaryan@gmail.com,+1-418-934-3381,Lake Patrickton,Holloway-Mccullough,13
E537553,Brett Rodriguez,sweeneyjames@greene-green.com,918-805-5009x019,Melissachester,Vargas-Morris,20
E462569,Angela Brennan,victorayers@hotmail.com,8047164013,Whiteberg,Morales and Sons,18
E947221,Carl Smith,rodriguezbrandi@hotmail.com,(136)206-4682x290,North Ronald,Evans-Lam,10
E884276,James Rose,johnsanchez@hotmail.com,840-217-9180x126,New Samantha,"Ingram, Luna and Brown",4
E154011,Michael Waller,maryclark@yahoo.com,628-156-1318,New Rebeccafort,Gordon and Sons,20
E124543,Jamie Hammond,llee@huff.com,001-860-974-1107x57309,Christineside,"Dalton, Wheeler and Williams",18
E441666,Julie Oliver,anna33@gmail.com,429-517-1339x607,Oneillland,"Willis, Smith and Ford",8
E753951,William Robinson,john59@warner.com,(181)537-8059,East Heather,Sims Group,16
E807202,Diane Bryan,yolanda24@smith.org,559-798-5946x05222,Jamesville,Little and Sons,18
E298735,Brittany Lewis,delgadochristian@gmail.com,183.785.4614,Matthewtown,"Barrera, Harper and Armstrong",1
E390838,Richard Adams,ytrujillo@paul-jones.com,265-128-8671,East Richardfort,Jimenez and Sons,5
E460352,Robin Gutierrez,veronicamccoy@jackson.biz,+1-130-502-6630,North Lindseyside,"Jimenez, Martin and Holland",17
E715285,Melinda Wilson,tylersanchez@holmes-lee.com,(784)650-8699,Dustinville,"White, Phillips and Cooper",12
E133153,Jeremy Meyer,lorettadavis@jimenez.com,223-400-2242,East Zachary,"Boyer, Robinson and Torres",4
E447157,Travis Ward,kathrynharrison@smith.com,246-745-9955x1636,Parkerville,"Smith, Garcia and Mitchell",14
E249851,Tiffany Robles,dchen@small.com,001-164-096-1746,Taylorton,Duncan-Smith,18
E422108,Brandy Ramsey,zkeller@yahoo.com,754-361-2253x458,South Henryhaven,Tapia Inc,1
E754688,Christina Massey,randypeterson@yahoo.com,001-787-198-4908x96307,East Kevin,"Washington, Johnson and Gomez",19
E152136,Deanna Johnson,lorisanchez@gray.com,001-862-373-7966,Lake Andrewside,Vega Group,9
E224822,Brianna Campbell,megan05@hotmail.com,997-849-4582,Mcmillanmouth,Schmitt-Mann,1
E283271,Briana Ross,daniel28@hotmail.com,001-292-641-2862x760,Russomouth,Anderson-Bell,4
E348965,Lisa Roberts,ucampbell@atkins.com,(400)663-3897x500,Adrienneside,Moore-Fisher,9
E706002,Chase Berry,collinsryan@gmail.com,+1-208-535-2368x6552,New Donna,Mayer-York,3
E524299,Austin Moore,tracismith@hotmail.com,794-004-0405x188,New Jeffrey,Hall Inc,12
E608906,Karina Gutierrez,zjackson@yahoo.com,470-306-0031x3125,North Kellytown,Arnold Inc,10
E357533,Matthew Beltran,michael97@clay.com,233-994-7646,Gomezberg,"Davis, Lewis and Grant",6
E710175,Caroline Garcia,jonessteven@yahoo.com,001-465-544-0749,South Frank,Allison-Davidson,8
E840500,Bradley Graham,cooktristan@gmail.com,+1-069-231-6520,North Josephchester,Johnson-Cook,10
E314456,Christopher Keller,keithvazquez@hotmail.com,520-967-9442x9823,Mooreburgh,"Smith, Ford and Greene",5
E359998,Elizabeth Howard,campbellalexa@yahoo.com,(489)501-5006,Port Donna,Arnold-Calhoun,18
E509180,Katherine Hunt,andreasantiago@esparza.com,+1-815-676-5473x5305,South Brandi,"Odom, Tyler and Alexander",18
E203705,Alexis Mcintosh,robert81@stokes.info,+1-101-898-2445x492,North Patrickchester,Newman-Cole,9
E691792,Ethan Matthews,klyons@davis.com,148.208.7006,Rhondaview,"Osborne, Dean and Clark",7
E785540,Kenneth Horn,lindsey10@carter-davis.org,001-604-482-9159,Port Krystal,"Hill, Hensley and Torres",17
E417972,Michael Hoffman,mary05@yahoo.com,9336835257,Lake Georgebury,Jackson-Tucker,12
E912940,Chad Butler,dianahodges@hotmail.com,8602049551,New Jeremyport,Cowan-Cook,6
E779463,Sophia Anderson,phillip85@reynolds-king.org,660-839-2688,Jessefurt,Smith Group,15
E469139,Rachel Mccarthy,hernandezsusan@kirk.com,8875880317,Port Anthonyton,Morgan-Lowe,19
E862628,Matthew Miller,jonestracy@baker.info,604.040.3977,East Jennifer,Ortega-Rosario,20
E105039,Thomas Hayes,amy49@rivera-martinez.com,301.474.9987,Port James,"Olson, Morris and Edwards",18
E398957,Karen Smith,djones@fry.org,259.852.8053,Thomasburgh,"Buchanan, Shaw and Golden",20
E251730,Eric Miller,gonzalezdavid@nunez.info,573-097-9555,North Ashley,Cobb-Smith,19
E803750,Katrina Carpenter,jfigueroa@hotmail.com,009.473.0652,East Leahland,Simpson-Torres,3
E879693,Brittany Douglas,guerrerobrittney@walker.net,728.254.1090x47781,Port Tiffany,"Roberts, Cameron and Escobar",5
E355740,Michael Wood,juan10@hotmail.com,727.389.5161x16177,New Aliceport,"King, Choi and White",10
E682459,Russell Oconnor,chencarol@gmail.com,(283)068-7339x91424,North Joycebury,Williams-Jacobs,1
E894856,Natalie Cummings,zmurphy@lee.com,+1-899-119-5253,Russellburgh,Hayes Inc,10
E112317,Keith Simmons,pgonzalez@hotmail.com,629-277-8264,Millerton,"Walker, Vaughan and Johns",8
E779153,Matthew Sullivan,dana04@yahoo.com,982-905-3871x4873,Carlton,"Barber, Lindsey and Woodward",16
E370244,Mandy Herring,cooktyler@anderson.info,001-002-950-9445x0473,Nathanielmouth,"Dickerson, Barnes and Ponce",20
E356719,Daisy Russell,emaxwell@cooper.com,933.045.4746x822,East Leslie,Williams Inc,10
E276138,Matthew George,paul87@yahoo.com,(948)042-5776,West Christopher,Munoz-Sharp,14
E506258,Stephanie Vance,gwhite@gmail.com,631.026.9907x4819,Port Timothyview,"Koch, Fox and Rojas",14
E563261,Christopher Silva,stephanie08@gmail.com,3116678735,Lake Jessicamouth,"Bowen, Garcia and Taylor",17
E452699,Michael Flores,durankevin@gmail.com,+1-247-187-9227,Hillport,Shelton Inc,8
E464240,Michael Hardy,jasonwagner@yahoo.com,058.239.4793x08244,Courtneymouth,Martinez Ltd,4
E887428,Christopher Kane,shannonyoung@cox.net,1491706980,Moyerbury,"Williams, Allen and Morgan",8
E231002,Samantha Wilson,marie44@medina-jones.com,(577)147-1479,South Julieland,Lewis Group,9
E692818,Brent Salas,rachel01@yahoo.com,(203)581-7814,North Nancytown,Kelly-Tate,17
E213952,Michael Powell,jason81@hotmail.com,+1-456-472-0454x770,Tuckerchester,"Young, Moore and Diaz",18
E528465,Charles Mitchell,allen66@yahoo.com,001-762-362-9148x18540,New Rebecca,Roy PLC,5
E611550,Christopher Gordon,prestonlauren@vazquez.biz,717-548-8493,West Pamelaland,Dyer PLC,12
E615610,Cynthia Wallace,jordantiffany@gmail.com,001-286-526-2600x8080,Erinport,"Young, Brooks and Gibson",9
E181495,Rachel Lucas,villalynn@hotmail.com,678-640-9983x439,South Shawn,Schneider-Bennett,8
E410438,Lisa Reyes,jlopez@yahoo.com,098.007.3236x342,Courtneyport,"Gray, Gonzalez and Wood",17
E505805,Jennifer Chapman,thenderson@thompson.com,460-896-4011,West Connie,"Hernandez, Wilson and Lawrence",16
E640129,Christopher Daniels,jacob94@lynch-miranda.com,943.907.9874x7442,Lake John,Duffy Group,7
E280108,Tina Ramirez,josephpeter@horton.info,001-637-340-0788x23681,West Rebecca,Allison-Bird,20
E162344,Steven Edwards,cody54@taylor-peterson.org,319-998-1448,Lake Michaelside,Shepherd Ltd,19
E673350,Courtney Gill,dreed@hotmail.com,001-214-407-0929x9678,North Nathan,Allison-Church,16
E753685,Tanya Maynard,gomezfrank@gmail.com,+1-964-690-6366x8678,New Anthony,Johnson Group,1
E676657,Samantha Cohen,timothy18@yahoo.com,+1-886-906-0408x7154,Elizabethshire,Hardy-Ashley,17
E569448,Jonathan Williams,zday@yahoo.com,957.155.2180,North Veronicachester,Medina-Robinson,3
E807256,Joseph Sawyer,sheriwaters@yahoo.com,+1-252-252-1595,Bakerhaven,Thomas PLC,11
E946732,Kenneth Smith,johnjoseph@rodriguez.com,9658547436,New Jamie,Marquez-Martin,18
E503937,Leah Gonzales,kelli34@gmail.com,+1-215-068-9797x2326,Jamesland,"Brown, Hughes and Ellison",11
E627013,Samuel Martin,stephenwilliams@reynolds.net,+1-310-317-3277x7512,Lorettastad,Bradley PLC,20
E583161,Karen Miller,peter29@yahoo.com,752.911.0664,New Donna,"Ellis, Morgan and Moreno",1
E177186,Thomas Johnson,briggsdaniel@may-chan.com,(829)321-6382x0679,South Katrinaberg,"Gonzalez, Cross and Bradley",9
E472558,Jacqueline Williams,sstone@evans-blair.biz,+1-205-345-5718x89073,Port Carrieborough,"Malone, Wade and Leach",9
E964309,Gabrielle Todd,dcooper@lewis.com,(878)953-2574,Victoriashire,Hickman Ltd,17
E634977,Chase White,dana86@thomas.com,+1-762-778-9919x5976,Port Alexandertown,Hall-Jacobs,20
E394900,Samantha Perez,billychapman@hotmail.com,549.036.2695x01731,Barryburgh,Mullins-Morgan,11
E473822,Melanie Brown,brandon46@pierce.org,001-511-526-2090x9979,North Alan,Campbell-Novak,18
E587651,Mr. Erik Turner,bsanchez@pitts.com,(850)944-8794x39988,North Coryfort,Cox LLC,13
E348867,Rebecca Hernandez,carramanda@yahoo.com,504-087-7782x4084,Edwardport,Williams-Lopez,12
E687459,Jordan Taylor,mlewis@gmail.com,235-427-4373,Hernandezfurt,"Williams, Dunlap and Garrett",8
E950875,Kevin Burns,jessicastone@yahoo.com,795-033-9519,Kevinfurt,"Moyer, Copeland and Graham",11
E114333,Jenna Lewis,asanchez@gmail.com,813-302-1836x2108,South Brittney,Frederick PLC,16
E934317,Michael Green,samantha98@yahoo.com,614.764.1577,Lake Robin,Buckley LLC,4
E235883,Stephanie Madden,wrhodes@crawford.biz,546.964.1535,North Richardburgh,Hunter Inc,16
E230416,Joshua Estrada,seanbaker@gmail.com,001-711-020-2174x807,Howardmouth,"Harrison, Russell and Callahan",15
E859288,Corey Gomez,dsmith@yahoo.com,(111)667-3464,Howardville,Joyce and Sons,16
E950958,Rachel Bailey,kellysmith@silva.com,(499)939-5395,Robersonmouth,Walker-Russell,8
E983135,James Arroyo,danielrice@hotmail.com,539-364-9805x45557,Robertton,Brown LLC,8
E566084,Jeffrey Jenkins,adrianfuller@hotmail.com,(288)217-3320x91349,West Rodney,"Stewart, Morales and Knight",13
E531097,Jerry Monroe,carolyndrake@dunn.org,(448)373-4147x979,North Nicholaschester,"Doyle, Miller and Wilson",2
E904766,Matthew Johnson,kimberly05@gmail.com,(536)199-1610x02300,New Jenniferstad,"Thompson, Brown and Stevens",18
E837330,Alexa Barnes,lhernandez@acosta-stephens.com,001-762-675-8757x6869,North Kristenburgh,"Daniels, Stewart and Allen",1
E880240,Wendy Taylor,acox@gmail.com,(857)931-5256,Evansberg,Moran-Vang,1
E741683,Zachary Miller,richardpeterson@glover.com,523-837-9747,West Joshuaview,Hayes Inc,12
E788132,Carolyn Thompson,lori96@hotmail.com,001-128-642-3135x669,Walkerfort,"Nguyen, Stewart and Martin",14
E424940,Katrina Smith,timothystevenson@yahoo.com,(395)827-7722,Alexischester,Long LLC,8
E553977,Jennifer Smith,inguyen@sosa-shelton.com,622.391.9063,Michaelland,Wilson-Mcintosh,9
E701384,Jonathan Arnold,jasonwolfe@gmail.com,957.531.1737x490,West Victoriahaven,Frey-Duran,11
E119539,Michael Luna,mannmiranda@hotmail.com,(367)011-7742,Port Michael,"Hardy, Jennings and Brown",15
E977225,Sarah Wood,davisbenjamin@hotmail.com,+1-239-861-2141x282,Port Josephbury,"Alvarez, Duke and Ochoa",18
E936541,Dawn Jefferson,bhernandez@chandler.net,309-696-6650x38658,Davisstad,Wolf Group,3
E179405,Thomas Jackson,pjones@johnson.com,474.018.0872,Port Krista,"Hays, Flores and Bowman",13
E648678,Michael Smith,amoore@gmail.com,731-333-7973,South Christopherbury,White LLC,9
E956236,Karen Chavez,matthewcrosby@yahoo.com,001-808-412-6562x85132,Russellstad,Burns-Weiss,20
E700510,Carol Floyd,nicholas97@yahoo.com,001-444-922-8341x45900,Cardenasberg,Parker-Jones,6
E519822,Rachel Ellis,sbrown@gmail.com,725-791-5658,Tonyville,"Brown, Bishop and Wilson",9
E976281,Amy Bryant,hickseric@gmail.com,686.454.5332,New Lisa,Gray Ltd,14
E744746,Taylor Jarvis,medinabrian@hotmail.com,233-582-0958,West Adrian,Colon LLC,3
E956222,Deborah Smith,umack@hotmail.com,637-797-0039x9300,West Deborah,"Garner, Garcia and Chandler",14
E411810,Douglas Bowman,james55@yahoo.com,935.032.5221,East Robertshire,Frank Ltd,6
E670097,Ashley Mills,connerkevin@carson.biz,686.802.0652,Juliaborough,Smith Group,6
E342294,Courtney Sanchez,gloria51@gmail.com,9872925965,Harrisonfort,Archer and Sons,10
E315509,Paul Estes,jennifergonzalez@graham.org,+1-007-928-0145x1781,Jacksonchester,Smith Ltd,18
E858146,Douglas Bentley,lindarussell@espinoza-thomas.com,627-667-0548x000,Tuckerview,Larson-Lewis,1
E418189,Lauren Richmond,danielgrant@gmail.com,671-685-3778,South Angelaborough,Grant PLC,3
E304564,Paul Guerra,laurencarter@mason-ramirez.com,(535)750-3939x20092,South Brianna,Deleon-Perez,9
E539455,Thomas Smith,daniel23@gmail.com,100-224-5373x013,Matthewmouth,"Sparks, Eaton and Brown",9
E505039,Kelly Berger,russellmarcus@gmail.com,3315917221,New Isabel,Shepherd LLC,13
E616256,Veronica Myers,clarkcasey@hotmail.com,+1-544-738-1517x061,West Patrickmouth,Carroll-Hendricks,3
E161747,Scott Hall,garypace@zuniga.biz,990-303-7577,Ingramside,"Murillo, Leonard and Gill",2
E168160,Sandra Solis,stevenhendricks@hill.com,231.619.8023,New Melissa,"Franklin, Ortiz and Gilbert",6
E717263,Brandi Fletcher,pamelawhite@hotmail.com,+1-231-407-3154,Colemanside,Smith-Jackson,17
E455589,Rebecca Camacho,crawfordronald@hotmail.com,001-456-373-5232x0443,South Michaelchester,Ross Group,4
E397327,Ryan Collins,brownvanessa@thompson.com,122-882-3105x5908,New Nathan,"Herrera, Soto and Harris",16
E878445,Victoria Valentine,ggarcia@gmail.com,439.472.2816x56339,West Phillipport,Shepard-Mullins,4
E424865,Gerald Flores,scott83@sanders.com,+1-268-704-1600,West Suzanneland,Schroeder LLC,8
E403732,Cassandra Adams,rphillips@yahoo.com,(004)856-0006,Christophermouth,"Morgan, Berry and Williams",1
E514294,Richard Franco,tanyagardner@hotmail.com,444-518-3871x51465,New Nancyton,Cooper-Brown,6
E924650,Sheila Todd,mhill@beard.com,251-124-6276,West Jeremy,"Bennett, Randolph and Cabrera",16
E244691,Stephen Owens,wwilliams@hotmail.com,077.667.1534x840,Paulside,"Fischer, Wright and Anderson",4
E176626,Cindy Butler,qfloyd@preston-johnson.org,+1-624-621-5961x536,New Frederick,Kramer-Jones,4
E537114,Dylan Thomas,masseyrebecca@hotmail.com,001-086-521-0157x350,Jordanshire,Dominguez LLC,7
E549645,William Gonzales,barrettjanet@flores-davis.info,001-672-094-6898x7555,Kingland,Doyle Group,13
E214496,Emily Flores,edward04@obrien-gomez.com,687.958.0111x86510,Port Robinborough,"Aguirre, Jordan and Gray",19
E513372,Donald Powell,scotterickson@yahoo.com,949.940.6369x993,Traceyfort,Warren-Jensen,3
E275114,John Young,brandonross@yahoo.com,823.493.7196,Port Katherine,Pearson-Davis,5
E281089,Jacqueline Rose,rhonda73@yahoo.com,001-945-377-1743x0842,Curryport,Hamilton PLC,13
E638453,Alexander Page,timgarcia@lopez.com,001-085-275-7396x5413,Floresberg,Davis-Myers,3
E485539,Ashlee Anderson,amy23@nichols.biz,281-221-0638x208,Juliebury,May-Clark,17
E279357,Tara Lewis,alicia28@martin.com,208-926-2516,Jenniferburgh,Gamble-Perkins,8
E116584,Erika Perry,lblackwell@moreno.com,127-004-9725x7511,Lake Richardmouth,Adams Ltd,17
E401945,Denise Shaw,vdyer@ellis.biz,858.792.9094,New Alejandra,"Diaz, Gonzalez and Turner",20
E922169,Tyler Rogers,jane99@hotmail.com,297-843-3385x41586,West John,Mullins LLC,3
E297132,Tanya Martinez,qramos@hotmail.com,(096)982-8862x699,West Janiceview,Gonzalez Inc,17
E997370,James Poole,angela45@yahoo.com,001-215-360-5263,Lake Jacquelinechester,Fields LLC,12
E926973,Kathy Smith,jessica53@english-hart.org,001-252-352-4232,Lake Matthew,Durham-Juarez,14
E522837,Debra Hughes,annetteharris@ramirez.org,6666459308,Natashaberg,Beck-Carlson,6
E552914,Kenneth Brock,matthewgaines@nichols.biz,+1-971-182-2834x0694,West Benjamin,Owens PLC,17
E408520,Amy Harris,katherine76@marquez-davis.com,8134081754,Alexanderland,Fischer-Abbott,3
E660964,Annette Anderson,arnoldalice@bernard-perry.biz,(557)330-1948x1960,South Angela,Martin-Bishop,16
E550207,Anthony Jackson,icoleman@hotmail.com,(290)817-2128x4876,Cynthiatown,Prince Ltd,18
E834472,Allison Thompson,nathan35@reed.biz,001-722-403-4196x546,Michaelfort,Franco-Hall,9
E205388,Justin Simmons,ymcmillan@riley-wall.info,(574)744-3205x2235,Port Catherineshire,"Jones, Bradshaw and Huff",1
E810962,Ashley Powers,kaufmanelizabeth@gmail.com,979-942-5568x962,East Nancy,Combs and Sons,15
E384608,Troy Walker,jason26@gmail.com,001-223-775-4534,Heiditon,Fitzgerald-Wagner,6
E489480,Michael Bullock,farleykevin@martinez.com,(320)133-8079x8724,Williamsstad,Campbell Group,6
E986849,Wendy Reed,brownmatthew@king.com,+1-565-115-0803x45453,South James,Ayers Ltd,1
E593647,Amy Bernard,andersonfelicia@gmail.com,+1-291-140-3155,Annachester,Coleman PLC,18
E531556,Howard Velasquez,angelagomez@yahoo.com,028-839-6508x11867,Millerborough,"Stokes, Mccarthy and Dodson",4
E748571,Casey Medina,michelle74@gmail.com,541-170-0155x00220,Jenningsland,Wu-Jones,17
E541826,David Lambert,alexa74@hotmail.com,151-384-2606x7009,Grantport,Wheeler LLC,10
E769852,Jason Baker,rtaylor@horn.org,(429)435-4607x98689,North James,"Turner, Freeman and Moore",11
E367454,Gregory Parker,goodmanerika@gmail.com,(829)258-1530,Melissaland,Knight and Sons,1
E726259,Stacey Murphy,heatherbennett@holder-thompson.com,+1-488-831-7982x20079,Nicholasland,"Sanders, Gross and Peters",3
E412475,Hannah Rowe,dgoodwin@ross.info,991.069.5092x4663,North Danielburgh,Smith-Martinez,15
E424294,Steven Miller,austinsolomon@yahoo.com,453.933.9205x74931,West Raymondburgh,Clayton LLC,1
E125551,Tammy Collins,donna49@hotmail.com,+1-903-036-3868x2258,Maryville,"Blankenship, Perez and Taylor",15
E700080,Alexander Sanders,yramos@floyd.com,(821)503-1721,North Tammyfort,Collins-Reese,18
E752754,Kevin Carson,kathleenweeks@yahoo.com,551-722-4291x37787,North Tanyaborough,Bartlett-Melendez,7
E158506,Jason Jones,onelson@cunningham.com,056-232-3552x9004,Port Davidview,Collins-Wright,5
E501200,Kendra Hall,smithsamantha@patterson.net,793.948.5049x537,North Rodneymouth,"Mitchell, Howard and Lewis",1
E526790,Sara Ray,bethany89@crawford.com,061-680-3998,New Matthewshire,Davis-Smith,9
E184554,Thomas Brown,jonestricia@gmail.com,231.815.3164x927,South Kayla,Prince-Bentley,4
E271363,Robert Cruz,michael31@gmail.com,959-331-4609,Matthewborough,Riddle Ltd,13
E174060,Holly Bell,floresterry@yahoo.com,300.914.6255x7753,New Jessicaberg,Gordon Group,12
E648636,Marcus Kim,nolandaniel@yahoo.com,343.843.2486x560,North Amanda,Campbell and Sons,12
E864045,Andrew Phillips,aprilruiz@hotmail.com,(375)969-8315x0899,Destinyburgh,"Mathews, Hanson and Osborne",8
E790970,Krystal Barber,hwhite@vasquez.com,(557)533-5452,Port Katie,Garcia Ltd,17
E887359,Colin Davies,jonathanbrooks@chavez.biz,565-652-6537x991,Jeffreystad,Johnson-Stevens,4
E240111,Steven Marshall,chad26@gmail.com,(578)951-1961x162,Colemanstad,"Harris, Morrison and Young",4
E355167,David Romero,kimberly51@webb.com,(391)241-4197x7021,Larryport,Lang-Taylor,19
E842753,Marcus Brown,xparker@gmail.com,5830891740,South Paulborough,Franklin Inc,20
E271059,James Howard,destinyellis@hotmail.com,916.143.5680x18902,Brownbury,Burke LLC,1
E872426,Sheila Gilbert,kenneth58@yahoo.com,571.096.8707x4537,Glennfort,Little-Avery,6
E112023,Crystal Barr,yhoffman@mcdonald.net,355-788-8120x3795,Antonioshire,Pierce Group,11
E251313,Steven Carr II,cathy03@walker-harris.com,842.178.6936x4671,Mccarthyfurt,"Castro, Rowe and Martinez",3
E231951,Dana Mccullough,hansenwesley@hotmail.com,001-160-940-2590,West Audreyside,Wade LLC,17
E373922,Brett Mathews,jacobhall@gmail.com,+1-737-675-2578x814,Port Elizabethfurt,Hopkins Inc,17
E630270,Anthony Berry,alexisflores@yahoo.com,495.286.4972,Frankhaven,"Klein, Sanchez and Salas",13
E520079,Julie Sanford,tararichmond@davis.org,(899)009-1998x337,North Mary,Morris LLC,5
E312517,Spencer Williams,jordan63@yahoo.com,547-292-0682,Jeanhaven,Bowman Inc,15
E570511,Oscar Jackson,uschultz@mueller.net,499-274-3788,New Reneefurt,Crawford LLC,11
E292823,Roger Johnson,mthompson@taylor-beltran.org,145-323-1828x13331,South Nicholas,White Inc,9
E557824,Shannon Knight,zthomas@ramirez.com,+1-033-900-2077x89628,Pamelafort,Mccullough Inc,7
E338400,Carrie Bryant,dburke@gomez-monroe.biz,921-722-6678,Millerbury,"Wall, Cook and Blake",16
E494131,Heidi Welch,patrick45@gmail.com,5674816276,Brandonview,Edwards-Cole,7
E158139,Amber Perez,martinshelly@duran.com,497.625.9442x2877,North Michelle,Thomas-Foster,18
E793841,Jeff Lloyd,annette85@jensen-taylor.info,(557)879-0047x743,Simmonston,Tate Ltd,7
E936978,Kelsey Moore,tyler64@greene-jones.biz,940-095-4388x081,North Kimberly,Munoz Group,8
E932472,Tony Hester,hernandezjoseph@roberts.com,+1-895-474-0168x46352,Townsendfort,Maxwell-Callahan,16
E860741,Logan Santana,pamela83@lopez.com,001-813-660-6330x8713,Lake Stephanie,Stone-Miller,20
E360432,Christopher Russell,jennifermoore@rivers.org,233-714-4883x52090,Goodwinstad,Jones and Sons,3
E663084,Ann Clark,robersondebra@pollard.com,178-301-3195,Lake Spencermouth,"Green, Jennings and Johnson",6
E550271,Dr. Ronald Arnold,jacksonmeredith@chaney.org,838-188-5069,Hollytown,"Williams, Copeland and Keller",18
E247754,Keith Jones,smithgail@rose.info,(340)477-4356,Cindyton,"Lewis, Nunez and Moore",2
E374400,Lisa Ramos,dfranklin@chan.com,5653867533,Lake Michael,"Holmes, Rodriguez and Hubbard",20
E850196,Craig Burke,emily23@harris.com,997-434-5628x53015,Johnsonfort,Espinoza LLC,2
E930081,Ashley Johnson,alvarezleslie@yahoo.com,(162)290-3352,Port Lisaville,Lowe Inc,14
E846995,Brandon Sparks,ddavid@gmail.com,4498961609,North Sarah,Forbes Ltd,4
E107184,Chelsea Ortega,kmendoza@pennington.biz,(149)139-4343x2261,Port Emily,"Reyes, Glover and Cline",11
E851800,Jeffrey Jones,aprilmartin@gmail.com,001-814-020-4484x5559,Mendezfort,Phillips-Jones,15
E422578,Robyn Wilson,jsantos@gmail.com,900.035.1389x02787,West Renee,"Grant, Watson and Oliver",4
E814048,Veronica Bailey,andrew51@hughes.com,913-995-5249,Port Shannonville,Schaefer-Phillips,15
E274386,Cathy Gallagher,nelsonrobert@yahoo.com,(008)967-2384,Mooreland,Arias-Reed,3
E742950,Patrick David,twilson@yahoo.com,519-410-6772x13030,Fuentesville,Huffman LLC,7
E609271,Andrew Cummings,ksullivan@porter.biz,282.706.7959,Matthewside,Parker-Escobar,2
E885042,Elijah Moody,wporter@gmail.com,228-494-5682x42375,West Johnshire,Burke-Jones,6
E855835,Jodi Dunlap,wilsonpam@ford.net,001-248-796-6275x4978,Rachelmouth,Baker-Greer,9
E230463,Michael Rivera,terrelldeanna@hotmail.com,(120)183-3308,Jasonfort,Nicholson Inc,15
E356425,Katherine Taylor,rchandler@gmail.com,362.488.6894,New Pamela,Green-Franklin,12
E640934,Robert Smith,christopher64@hotmail.com,887.413.0912,South Josephside,"Price, Forbes and Stone",14
E665498,Jordan Taylor,brownann@gmail.com,1860894472,Johnsonland,"Harvey, Fox and Moses",15
E423909,Reginald Robinson,srichards@yahoo.com,(707)178-7767x4821,Tylerstad,Bradford-Johnson,14
E633956,Mr. David Grant,andraderobin@gmail.com,(495)043-5832,West Darryl,"Short, Little and Vasquez",10
E815656,Catherine Welch,pweber@gmail.com,295.645.6881x7671,Kendrabury,Haynes-Santos,18
E845654,Jessica Elliott,ejackson@yahoo.com,697-423-4034x086,South Stephenmouth,Morton-Johnson,4
E611925,Roberta Poole,javierdaniels@gallegos.info,1903748092,New Jacobland,"Vasquez, Pierce and Meyer",1
E371282,Jeffrey Sanders,mlynch@scott.com,362-456-7500,Lorraineburgh,"Jones, Waters and Gordon",4
E659349,Jessica Lopez,mary52@wilson-roy.info,+1-710-310-4585x242,East Natalieport,Miller-Brown,2
E370388,Natalie Bender,mendezbradley@kemp-wright.info,001-127-138-2111x545,West Tina,Parker Inc,10
E286492,Lisa Stevenson,larry77@thompson.net,653-231-6548x352,Starkstad,Powell Ltd,9
E649711,Jessica Moore DDS,james42@hotmail.com,305.556.9446x7167,Spencermouth,Horton and Sons,18
E534679,Julie Moore,lori31@hotmail.com,750.902.3845x29081,West Daltonburgh,Gomez-Dougherty,7
E849224,Jill Mcclure,danielle32@hotmail.com,001-731-089-2045x773,South Laura,"Rowe, Warren and Barton",7
E819718,Cameron Garcia,smithtammie@buckley-holt.net,(697)397-8024x25933,East Dennisfort,Lewis Group,18
E930931,Ryan Turner,laurie79@gmail.com,368-849-2074x34309,Brianhaven,Allison-Liu,12
E446506,Peter Saunders,iwilliams@gutierrez-boyle.com,292.014.3274,Sharpbury,Browning PLC,14
E561941,Bonnie Mitchell,stephanie85@yahoo.com,001-365-266-2512x4934,West Jessicamouth,Cannon Group,2
E487431,Jeremy Moreno,juliabrooks@yahoo.com,350.058.5561x33505,Stevenstad,Hicks-Singleton,9
E944196,Stephanie Gutierrez,sloanjustin@herrera.com,+1-153-383-0470,Katieshire,"Baker, Villegas and Hart",16
E353451,Daniel Huff,christopherstephenson@gmail.com,+1-755-621-4362x178,South Kathrynfurt,"Guerrero, Moore and Martinez",12
E293520,Christina Perez,david33@gmail.com,+1-118-723-0973,Daniellehaven,Reed LLC,11
E485611,Melanie Anderson,bennettjames@evans-simpson.com,(350)173-9806x03650,Foxview,Rodriguez Group,8
E877074,Amanda Phillips,zcobb@gmail.com,+1-449-423-9284x338,Delgadoport,Parker LLC,14
E832782,Paul Cook,cindybailey@hotmail.com,074-308-9784,Port Abigailshire,Cole-Guerrero,4
E950797,Nancy Olson,kevin79@richardson.com,+1-813-671-8024x68192,Weberport,Logan-Sherman,6
E156800,Lisa Norman,davisjennifer@hotmail.com,784.782.7349x792,Rogersstad,Hernandez-Ramirez,11
E282264,Joseph Costa,justin41@grant.com,+1-691-416-3995x3282,Travisbury,Stuart LLC,15
E786493,James Copeland,ethan39@bullock-ramirez.org,(290)073-3054,Pagefort,Rowe Inc,11
E509038,Alan Watson,jross@cook-norris.com,+1-737-557-8825x5158,Tannerborough,Edwards-Woodward,6
E210456,Samuel Ward,halexander@davis-wheeler.com,(001)600-6536,Port Angelamouth,James LLC,6
E172451,Dawn Gibson,sanchezmary@zhang.org,(841)753-6932,Lewisburgh,Adams-Hernandez,18
E731841,Ruth Clark,bowmancasey@buck.biz,1910921804,Patrickhaven,"Valentine, Irwin and Smith",2
E922811,Christopher Brown,dillonvicki@meyers-guzman.com,408-716-6234x97616,Elizabethtown,David PLC,2
E615487,Christopher Foster,mharris@mcdonald.com,+1-167-058-8482x2548,South Melissa,Jones-Brady,18
E637831,Bryan Coleman,kristinbrown@nelson-hall.com,2553473628,East Marymouth,"Allen, Taylor and Logan",16
E126106,Jonathan Gill,jonathan51@reid.org,567.833.6292,Shaffertown,Pittman-Harrison,13
E137132,Cynthia Durham,whughes@hotmail.com,1575829338,East Michaelaside,"Clark, Harrison and Torres",6
E382636,David Castro,achapman@hotmail.com,091-681-4061x5310,Lake Katherine,Sloan-Franco,1
E561670,Scott Perry,moniquebarajas@yahoo.com,157.603.3517,East Tommyfort,Mcbride LLC,13
E396917,Melissa Turner PhD,aparks@aguilar.com,175.078.3915x2752,Port Melanie,Ferrell-Cohen,18
E141251,Anthony Watts,allison03@yahoo.com,+1-983-364-1891x9908,Sarahstad,"Rowland, Smith and Roberts",18
E652490,Mr. Paul Mack Jr.,jessicaray@gutierrez-white.biz,917.995.5059x0138,Vasquezburgh,Ramsey-Sanchez,16
E369777,Marcus Lane,reginald31@yahoo.com,(927)009-8514x770,New Shannon,Hoffman Group,9
E755514,Allison Brown,millerjerry@gmail.com,(927)767-2881x2659,Kanestad,Cochran and Sons,14
E647976,Christopher Davis,briannatravis@vance.net,890.300.8030x01127,North Anthonyhaven,Irwin Group,2
E525636,Ryan White,christysmith@gmail.com,6285849187,Beasleychester,Coleman LLC,9
E194778,John Mcfarland,matthewanderson@gmail.com,(912)390-8459x9050,South Aliciaborough,Wilson LLC,12
E599113,Tiffany Massey,lewiskatie@smith.com,+1-253-113-0028,South Stevenstad,Gutierrez Group,12
E875737,Kaitlyn Colon,hollyhoward@yahoo.com,(835)647-0291x10673,New Justinfort,"Stevenson, Sutton and Cook",11
E628010,Ashley Castillo,donaldwright@hotmail.com,823.792.4218x399,Port Tinaland,"Gomez, Wright and Bailey",7
E611662,Daniel Robbins,markgibson@clark-walters.biz,002.070.4825x32410,Matthewview,"Daugherty, Gonzalez and Wheeler",19
E789410,Robert Bradley,medinajessica@newman-heath.info,665.265.3017x6761,Kaiserbury,Morales-Smith,13
E323603,Justin Thomas,angela75@gmail.com,(092)633-5690,West Victorside,"Hamilton, Bell and Hamilton",19
E324069,Michelle Jones,awilliams@gmail.com,+1-108-085-8696,Colleenton,Myers-Blackwell,18
E343210,Rebecca Moore,nicholas33@henderson.com,035-153-3710x128,South Pamland,Russell PLC,4
E265602,Cynthia Bishop,bennettdeborah@hotmail.com,616-896-2023x35069,West Ashley,"Douglas, Terrell and Garcia",12
E879851,James Obrien,speterson@hotmail.com,001-836-616-6672,Lake Charlesfurt,Smith and Sons,1
E891764,Kevin Thomas,brewererik@daugherty.com,979.527.0067x036,North Seanmouth,"Salinas, Robertson and Cruz",19
E692878,Christopher Martinez,paul88@yahoo.com,001-564-935-2919x23554,South Mary,Mcknight and Sons,7
E957074,Kathryn Hale,daniellestout@burke.com,6189112904,Danielsstad,"Martin, Cook and White",8
E880910,Morgan Smith,psmith@yahoo.com,116-245-0639x976,Gailshire,Edwards Group,14
E910645,Martin Suarez,thomasburch@hotmail.com,(939)024-4719x064,Valeriechester,Mitchell Ltd,14
E551489,Brenda Peters,ericmorris@smith.com,447.981.8139,Seanstad,Bautista Ltd,1
E749685,Ryan Newton,molly73@hotmail.com,004-495-1260,South Carrie,Sparks-Stafford,5
E542221,James Watkins,jacqueline75@washington.net,351-364-5307,Patriciatown,Nguyen-Hawkins,7
E190106,Jacob Fisher,vrowe@yahoo.com,508-211-6868,Lake Darlenemouth,"Daniel, Robinson and Buck",15
E327274,Jermaine Carpenter,jeffreyjohnson@simmons.info,001-833-948-7881x8495,Pamelaville,"Jackson, Wilkins and Jackson",8
E411055,Allison Myers,micheal23@gmail.com,(539)362-0749x112,Shanehaven,Baker Inc,2
E480911,Travis Sims,rogerschristopher@yahoo.com,001-754-517-3431x2904,Brownfort,"Palmer, Durham and Campos",2
E130532,Lucas Martin,scottbrewer@gallagher.com,969.142.1613,South Johnberg,Fry-Dillon,16
E612605,Robert Velazquez,rgardner@carlson.info,210.993.1384,South Alexandra,"Fox, Harris and Soto",17
E513846,Jessica Velasquez,johnsonnicole@wong.com,321.666.1148x717,Port Johnfurt,Decker Ltd,3
E745019,Paul Scott,tphillips@houston.com,286.335.3775x222,Darleneshire,Zimmerman Group,9
E218426,Adam Marks,amandaturner@gmail.com,7167100256,New Matthew,Gonzalez-Roberts,20
E815451,Robert Johns,millsshannon@williams.org,001-403-296-3933x5554,Hermanbury,"Mann, Smith and Ryan",19
E352351,Steven Soto,jeffery11@bates.info,325-653-7514x826,West Kathy,Alexander and Sons,16
E179331,Tina Valenzuela,raymondalex@gmail.com,+1-721-164-0187,Sandraland,Hess LLC,1
E484163,Christy Guerra MD,ashleyhoover@whitney.com,(368)816-3365x32514,Rebeccaview,"Reynolds, Baker and Castro",17
E619373,Robert Barry,petersmelissa@payne.com,898-050-1821x41906,South Kellyside,"Morales, Scott and Huff",12
E840066,Allison Doyle,powellmatthew@hotmail.com,+1-536-627-3508,Rebeccahaven,Yates-Alexander,6
E799405,Donald Patterson,olivingston@hotmail.com,032-523-4904,South Sarahport,"Reeves, Smith and Meyers",1
E511615,Anna Jefferson,thomasdanielle@gmail.com,+1-059-678-2546x7276,Lake Kathryn,"Mays, Jones and White",16
E848470,Michael Ball,ralvarado@williams-gutierrez.com,001-404-099-5888x167,South Jameshaven,Washington LLC,7
E239273,Denise Allen,holmesgabriel@davis-marsh.info,406.373.6258x78893,East Jeffreyfort,Harper PLC,20
E392224,Cody Joyce,hwilliams@campbell.net,001-452-665-2647x799,New Marybury,"Webster, Foster and Edwards",7
E566516,Rodney Mcguire,jessica25@santos-mitchell.com,216-201-0381,Jamesview,"Hall, Marshall and Brown",13
E356173,Troy Gentry,jamesmartinez@clements.com,627-952-5448,East Austin,Beck-Atkinson,14
E786752,Jordan Sampson,brad60@oliver-huber.com,+1-478-067-5012x96512,Hughesbury,"Choi, Diaz and Martinez",1
E653369,Kyle Campbell,sarahmendoza@miles.com,680.609.4448x25347,Sarahshire,"Hall, Obrien and King",3
E300467,Dr. Denise Mendez,elizabeth00@hotmail.com,371-973-1197x15621,Martinezhaven,Hawkins Group,18
E653267,Connie Mcdowell,david77@smith.com,(304)259-8161x923,Sherryport,Hutchinson Inc,17
E999939,Jorge Robles,christopherstephens@gmail.com,001-980-432-8446x464,South Georgehaven,"Brown, Stevens and Ramsey",8
E241227,James Hernandez,danielcox@davis.com,941.198.4325x9345,Kaitlynton,King Inc,4
E263685,Susan Bradley,brian14@solis.biz,0272440057,Ianshire,Johns Inc,10
E277758,Michael Phillips,wilkinsontristan@villarreal-rogers.net,983-063-6128,New Dillonchester,Moore LLC,2
E262690,Thomas Barrera,sponce@yahoo.com,649.087.4572x70122,Wandaton,Long Ltd,15
E980437,Peggy Greene,donna65@hotmail.com,+1-318-448-6715x9577,North Michelle,Jones-Gray,15
E709187,Richard Villanueva,samantha05@yahoo.com,3311618635,Newtonfurt,Perry-Clark,2
E252690,Alexis Bailey,williamsjulie@hotmail.com,001-680-016-1228x975,Pamelashire,Ortiz Ltd,13
E113615,Sherry Gonzalez,jonathanvega@yahoo.com,001-402-774-7347x78724,South Jasonberg,Gordon-Wilson,2
E756769,Sean Mckenzie,francisaaron@gmail.com,+1-384-014-0273x413,South Kimberlyberg,"Alexander, Rivera and Sandoval",13
E111296,Melissa Castillo,parkjames@taylor.com,(843)152-0014x8055,East Julieview,Archer LLC,14
E489881,Amber Johnson,collieralexander@yahoo.com,798-700-5748x914,East Bettyfurt,"Sullivan, Moore and Bowman",1
E222590,Elizabeth Khan DDS,jameshayes@yahoo.com,001-309-799-1102x159,East Joseland,Hayes PLC,5
E156895,Traci Chandler,zhanson@hotmail.com,+1-823-918-1141x7875,South Richardton,"Ward, Watson and Hernandez",19
E838101,Danny Sullivan,npope@hensley.com,(961)382-4133,Wellsshire,Lara-Marquez,16
E989359,Lisa Williams,potterbradley@williams.net,809.417.7393x76525,Lake Lisahaven,Foster-Hurley,11
E352068,Adam Guzman,jackpatterson@owens.org,001-870-534-2409x07967,New Anthonyshire,Larson-Smith,12
E120591,Ms. Alyssa Bonilla DVM,jenna96@rodriguez.com,001-789-530-5244x79091,Calvinchester,Sanchez-Sanchez,12
E962614,Larry Reeves,gpetersen@hotmail.com,001-765-169-7242x23492,Brownmouth,Meyers Ltd,14
E816429,Shelby Howard,antonio23@richardson.biz,001-247-900-3456x3183,Justinchester,Contreras Ltd,11
E941920,Danielle Phillips,ibrown@hotmail.com,001-796-051-8128x83033,Port Heidiland,"Meyer, Harris and Brown",20
E454860,Jennifer Hernandez,russellgilmore@ayala.com,585-181-8865x1404,North Andrew,"Carey, Frey and Ochoa",10
E983525,John Miller,randy83@mills.info,727.532.7351,Lake Jeffreyside,Paul Inc,6
E499274,Scott Adams,anthony80@hotmail.com,435-730-0291x897,Lake Sandra,Smith-Cabrera,2
E419155,Eric Ingram,willisluke@jackson.org,873-406-9714x0530,Port Patriciahaven,Guzman Ltd,4
E195290,Alan Davenport,christopherromero@lopez.net,247.736.0362x1873,Kimberlymouth,Anderson-Durham,15
E837436,Kevin Smith,scott05@yahoo.com,996-797-6119,Petertown,"Frost, Potter and Arroyo",3
E856346,Jason Phillips,amber24@patel.biz,348.687.2164x47355,South Staceyside,Meyers-Quinn,7
E832069,Christine Downs,garylarson@gmail.com,346.528.6553x81792,Lake Pam,Chen-Gonzalez,17
E940648,Robert Townsend,handerson@cruz.com,(617)916-3140x911,Luismouth,Williams PLC,11
E799963,Justin Rodriguez,loganwhite@gmail.com,7983345805,New Stephanieborough,"Green, Brown and Marquez",14
E939165,Michelle Martinez,xtucker@perry.net,001-500-142-6816x057,Sierrafurt,Cantrell PLC,7
E548179,Charles Nielsen,qanderson@yahoo.com,+1-834-844-0125x4398,Grahamfurt,"White, Walker and Ward",13
E651347,Kevin Myers,wyoung@yahoo.com,924-414-9481x184,Kleinton,Anderson and Sons,10
E209154,Brian Martin,xcarter@hotmail.com,001-478-026-6234x851,Gallegoshaven,Love-Thomas,16
E616880,Valerie Griffin,sampsonjoseph@young.org,001.845.1518x836,New Maria,Miller-Mendoza,2
E459498,Tracy Scott,nosborne@hotmail.com,(506)982-9984x28268,Port Erin,Maldonado and Sons,7
E825432,David Browning,ambermiller@french.com,(313)070-2059x320,Edwinville,Cole-Villanueva,10
E675262,Phyllis Benson,laurarichardson@williams-grimes.com,001-209-064-2690x02480,Potterburgh,Knox-Sampson,12
E276709,Erica Freeman,joan42@gmail.com,+1-339-017-2073x67801,Osbornechester,Hebert and Sons,6
E731569,Charles Carr,richardolsen@carter.com,(431)066-0419x9413,Port Mary,Wilson Ltd,1
E291554,John Brown,ajones@knight.biz,(261)601-4964x71359,Katherineberg,"Grant, Contreras and Khan",2
E333832,Michelle Parker PhD,vsmith@buchanan.info,001-143-558-4905x41806,Timothyfurt,Mills PLC,14
E779243,Lindsay Craig,johnsondavid@yahoo.com,440.610.7046x2612,South Jennyborough,Clark-Murillo,1
E202625,Charles Smith,daniel58@bailey-miller.com,891-961-5033x689,Port Sandra,"Robinson, Hudson and Holloway",19
E339475,Steven Estes,judysnyder@smith.com,+1-172-657-8794x2171,East Deborah,"Mcdowell, Dawson and Rice",19
E798161,Keith Hayes,csmith@baker.com,481.307.1682x58345,West Shellyside,Hebert-Tran,3
E781372,Robert Lynch,dianadavis@hotmail.com,404-590-8672,Port Tammymouth,Burke-Hall,15
E975729,Sarah Price,jamesrobert@hotmail.com,539.107.3579x10297,Meganchester,"Bush, Luna and Shaw",19
E859593,Ronald Miller,kbowen@matthews-fuller.net,001-179-521-1968,Michaelbury,"Reynolds, Douglas and Good",13
E470107,Daniel Griffin,maria36@hotmail.com,(589)143-0749,New Roberthaven,Hernandez-Anderson,13
E689543,Christopher Smith,amanda09@hotmail.com,+1-972-656-0295x879,Batestown,Miller-Scott,17
E770396,Brandon Patel,joematthews@wilson-stone.com,(140)585-3902x0913,Harrisstad,"Dudley, Bailey and Young",11
E680104,Sara Frost,ghill@bishop-jones.com,733.063.6868,Lake Kathleenport,Moran-Arnold,14
E440756,David Delgado,gomezrobert@campbell.com,(534)859-5623x1192,Teresashire,Jones LLC,1
E612485,Robert Cooper,robinsonshannon@johnson.org,+1-609-158-6529,East Darleneberg,Cook-Rodgers,7
E770468,Andrea Price,zachary22@brown.com,406-896-9995x5778,East John,Montgomery LLC,13
E200248,Christopher Guzman,matthew49@alvarez-murphy.net,720-804-7140,Stephensview,Miller-Gordon,20
E994247,Diana Miller,rickythompson@gmail.com,(301)201-8958x075,Lake Andrew,"Glover, Olson and Quinn",15
E396624,Gina Coleman,hmartinez@yahoo.com,(032)095-1281x70676,South Jeremyfort,"Poole, Mayer and Thomas",14
E904494,Devin Shaw,coxjonathan@jones.net,505-586-7897,South James,Sloan-Brewer,13
E153396,Kathleen Hernandez,wlee@gutierrez-lopez.com,9011088959,Rogerbury,Osborn-Williams,17
E552607,Donna Ward,russellsylvia@miller.com,+1-270-360-7753x743,Myersberg,Curtis PLC,4
E583264,Leah Henderson,jesus47@avila-george.com,+1-037-951-0698x8040,Mcgeeburgh,Lawson-Garrett,7
E502730,Marissa Walls,christopherwest@yahoo.com,5920918139,Jenniferburgh,"Wilson, Kirby and Mccoy",4
E175766,Linda Gross,nwarren@hotmail.com,955-565-2623,Colliermouth,Warner PLC,4
E510921,Sylvia Adkins,gelliott@gmail.com,628.058.8479,New Samuel,Carroll-Clark,16
E913414,Mario Gonzales,scottsteven@yahoo.com,9610499406,Joshuafort,"Clarke, Chang and Wall",6
E453652,Heather Russell,bbaxter@allen.com,+1-044-325-9356x298,Port Lorraine,Chapman-Howe,6
E755312,Stephanie Warner,osharp@hotmail.com,9864288390,Lake Patricia,"Wolfe, Hutchinson and Hill",1
E870497,Drew White,stacy33@clarke-ramos.org,001-615-479-4566x420,Websterberg,Russell and Sons,19
E719054,Stephen King,nathanielcampbell@salas-vaughn.com,622-972-1533,Scottburgh,Mclaughlin PLC,4
E971293,James Meyers,michael11@hotmail.com,868-412-7877x3426,Port Joel,"Snyder, Cox and Smith",12
E237005,Matthew Hernandez,bradleymann@hicks.info,5872911352,South Brittneymouth,"Kim, Hughes and Evans",17
E133627,Benjamin Rice,andersontammy@washington.com,(537)700-4225,Christophermouth,Williams-Trevino,4
E559298,Jessica Riley,albertrobbins@bell.com,001-014-007-7091,Lake Billyview,Hayes-Mills,12
E925179,Matthew Santiago,christinesanchez@hotmail.com,+1-400-775-1946x2113,Rivasbury,Cordova-Oliver,1
E481392,Andrea Conway,mjones@nixon.info,610-707-3372,Stevenville,"Mendoza, Lee and Wiggins",6
E826070,Chad Carr,kpitts@gmail.com,(764)261-2811x2368,Lake Rodney,Smith and Sons,1
E600848,Amy Jones,robert22@parker.org,696.019.3821x201,Jessehaven,King-Garcia,9
E737297,Nicole Guerra,penaamanda@hotmail.com,+1-114-245-1384x99582,Thompsonmouth,Sanders LLC,9
E671168,Amber Willis,hannahpaul@kelly-johnson.net,(071)985-6734x0558,Nicoleville,Frazier and Sons,18
E749925,Alyssa Delgado,jhunt@turner-luna.com,413-195-6105x578,Morganport,Johnson Inc,14
E143233,Christina Martinez,joseph98@gmail.com,001-308-102-6990x95633,Raymondmouth,"Fitzpatrick, Johnson and Bender",3
E570449,Candice Robinson,rosalesfrederick@ford-curry.com,263-370-0893x7978,Phillipsbury,Jones-Lane,15
E625048,Michael Vincent,mathewjones@burns-jones.net,7787521540,North Barbara,Harris-Lewis,10
E451427,Alicia Guerrero,david88@shaw.net,001-718-964-4257x3101,South Kristen,Howell-Stevens,16
E771723,Tammy Beasley,jasonodonnell@hotmail.com,+1-415-093-5568,Port Royfurt,Berg Ltd,3
E265563,David Kirby,codyaustin@gmail.com,001-566-984-0458x525,Brownport,Ruiz-Smith,7
E980835,Nicole Dunn,floresveronica@bailey.com,909-104-3485,Stephenshire,"Morales, Woods and Porter",12
E586639,Zachary Wyatt,lisawilson@johnson-wilson.com,(811)199-8740x6315,Hamiltonburgh,Banks and Sons,3
E921618,Sheila Foley,ruth69@bowman.com,169.235.6224,Gardnermouth,Gibson LLC,2
E887532,Donald Butler,mosleymatthew@lewis-turner.com,(310)804-6843,Farmermouth,"Davis, Schaefer and Miller",1
E556713,Philip Robinson,clinton07@simmons.com,840.199.4642x4227,Lake Andrea,Carter Group,17
E865827,Tara Sutton,clarkkyle@bass-reyes.com,038.572.6757,North Edwardchester,"Dyer, Cook and Hines",12
E825134,Brittany Stewart,thomaslaura@miranda.com,+1-403-929-8715x601,North Alyssa,Gutierrez-Johnston,2
E217910,Heather Decker,jessicascott@hotmail.com,691.485.4498x8153,South Danielbury,"Cooper, Robinson and Butler",10
E268972,James Luna,megancurtis@hotmail.com,176.070.2856x1345,Maynardchester,Hart LLC,19
E855587,Scott Blake,edaniel@hotmail.com,7002146870,Amyborough,Baker Inc,10
E778652,Sara Thomas,fhayden@yahoo.com,4756564956,North Craig,Griffin LLC,20
E454798,Amanda Tran,ericajensen@white.com,005.647.7790x2253,Port Jonathan,"Oconnor, Nelson and Crawford",13
E328197,Evelyn Boyd,twilliams@gmail.com,8681831154,Port Ryanstad,Patton LLC,19
E903625,Gerald Rios,erin62@leon.com,644-776-1891x4075,Lewisview,"Flores, Ramirez and Rowe",8
E535755,Kimberly Owens,katherine05@hopkins.com,444.854.1059x800,North Christopher,Wright Group,5
E115100,Michael Robinson,donnafuller@gmail.com,+1-874-330-3421x504,Houstonport,"Smith, Williamson and Lopez",9
E953392,Jason Goodwin,reynoldsjohn@yahoo.com,(652)466-8196x28877,North Justin,Turner-Evans,2
E626677,Jacqueline Mitchell,weisskimberly@fowler.com,001-214-242-8245x812,Wilsonhaven,"Huff, Singleton and Johnson",10
E695028,Stacy Green,drichardson@johnson.com,335.578.9036x9755,New Kristen,Deleon-Guerrero,8
E222594,Melissa Martinez,veronicawright@williams-james.com,+1-812-162-7860x231,Douglasmouth,Johnson Group,18
E105761,Maria Smith,marquezdillon@cruz-tran.biz,001-329-480-0155x95223,East Matthewshire,"Burch, Bautista and Barker",6
E653754,Christopher Escobar,harveychristopher@hotmail.com,412-529-5477x7115,Grayview,Sullivan-Stewart,16
E567372,Kelly Fletcher,markadkins@miller-ray.com,001-408-196-6490x498,North Brittanyhaven,Nixon-Delacruz,15
E679249,Raymond Harris,jenniferlewis@yahoo.com,741.969.9437x88812,Lake Sarahaven,Clark-Henry,6
E533537,Logan David,zbrock@hotmail.com,(119)583-6797x615,Staceyton,Lopez-Dixon,14
E541828,Robert Gardner,jennifer07@turner.info,648.403.8308x99314,Christopherstad,Mcdonald-Roberts,2
E866388,Matthew Hernandez,michael10@foster.com,(459)938-7882x531,Port Randall,Walsh-Wilkinson,5
E687781,Cynthia Smith,vickiedunn@carroll.com,+1-088-087-1979,South Meredith,Chen Inc,10
E419989,Heather Flores,elizabethfriedman@golden.com,001-874-183-3226x428,Perezview,Steele-Roberts,15
E858479,Angela Fowler,mbraun@wall.com,001-487-665-4813x53529,New Raymondborough,"Wells, Reynolds and Rivas",19
E516256,Debra Wright,angelawilliams@gmail.com,549.438.0166,Christineside,"Grimes, Kramer and Randolph",12
E784249,David Sherman,whitakerpamela@colon.com,(498)864-2349,South Amandaburgh,"Gomez, Benson and Andrews",15
E918049,Joel Gutierrez,james65@sutton-clark.biz,+1-655-641-7475x6498,East James,Lee PLC,8
E628702,Derek Baker,marieclark@roy-anderson.com,567-657-9197x86118,Brownmouth,Jordan-Frazier,4
E418956,Holly Brown,bennettmelanie@yahoo.com,(731)991-7822,Avilamouth,Singh Inc,13
E116249,Brian Thompson,chad34@brown-barrett.org,+1-465-860-1514x4899,North Kimberlyfurt,"Cooley, Martinez and Santos",14
E914191,Jeffrey Rivera,nealkevin@hansen.com,586.857.2218x31703,Bryanberg,Watts LLC,16
E488416,Ashley Hayes,wyattelizabeth@stewart.com,986.382.6803,Shepardburgh,Tucker and Sons,6
E559130,Charles Smith,phillip50@faulkner.biz,522.938.3306x3575,Tylerfort,"Page, Green and Young",1
E261171,Jennifer Collins,anthony47@lopez.com,943-091-5071,Butlershire,"Haley, Davis and Barnett",8
E242962,Alexander Everett,brendameyer@castillo.org,(939)774-5152,Lake Maria,Hughes-Wilson,17
E528383,Mark Davis,lee02@ramirez.com,+1-422-138-5298x305,Alyssaview,Brewer Inc,16
E136762,Brandon Mack,ryan22@harris.com,(890)598-6577x76806,Blakehaven,"Adkins, Kidd and Nielsen",13
E119225,Preston Lopez,smithamanda@ryan.biz,(710)808-5243,Port Laurenberg,"Chavez, Moore and Fisher",7
E441400,Mary Randolph,bradley66@gmail.com,(248)568-3096x71903,Matthewburgh,Chandler-White,9
E234990,Dylan Frank,martinezjoseph@hotmail.com,106-162-9195,Oconnormouth,Stokes-Ferguson,12
E102064,Mr. Ryan Bentley DVM,danataylor@leach.com,745-115-6371,Estesmouth,Barrett LLC,19
E250908,Brian Graves,elizabeth23@yahoo.com,+1-303-962-8902,West Scott,"Frank, Rodriguez and Hicks",2
E975437,Timothy Juarez,rsanders@yahoo.com,(052)579-8513x7310,Davidtown,Clark-Robbins,15
E614921,Benjamin Kerr,xgarrett@collins.com,001-193-567-9530x317,East Melissa,Mckay PLC,14
E136272,Jason Nelson,jberry@griffin.com,169.480.1737x10060,Hudsontown,Cooper-Johnston,10
E205214,Frances Pollard,mwilliams@gmail.com,(818)334-3800x43544,New Steve,Smith Inc,19
E993890,Martin Johnson,qburke@gonzalez.biz,282-579-0186x508,Elliottview,Morrow-Vargas,4
E418372,Nicole Wallace,pattersonzachary@yahoo.com,483-663-5970x36563,Laurenmouth,Porter Ltd,2
E106523,Joseph Johnson,nbaxter@harmon.com,(557)377-5806x1548,Larryborough,Lucas Ltd,13
E200988,Linda Lee,roy75@hotmail.com,001-110-514-4468x7645,Port Stevenberg,"Allen, Torres and Pearson",16
E943102,Benjamin Thompson,crojas@gmail.com,+1-103-604-1715x17850,Brandiborough,Morrow-Bauer,6
E254104,Paula Erickson,blackwilliam@gallagher.info,381.938.8284x82280,South Alexandershire,"Black, Price and Lang",2
E580178,Robert Harris,rachel83@mendoza-ellis.com,(766)094-7059x80901,Kevintown,Callahan-Charles,3
E516359,Justin Fitzpatrick,pamela76@king.net,7151100686,Nelsonstad,"Smith, Miller and Pena",15
E961100,Michael Thomas,duncangregory@yahoo.com,(784)400-4563x224,North Jessicashire,"Rogers, Welch and Lucero",14
E706704,Jonathan James,gregoryjoseph@webster.com,513.471.3906,South Wanda,Beck-Lane,7
E244757,Leah Huffman,ledonna@yahoo.com,472-773-6927x681,Lake Cathyside,"Mueller, Dickerson and Campos",19
E968343,Kimberly Lowe,sarah16@hotmail.com,001-441-228-4515x9335,Bryanview,Bonilla-Gregory,9
E892504,Gerald Hinton,torresfrank@yahoo.com,(984)675-8125,Lake Jonathantown,Davenport Group,4
E291565,Nicole Martinez,tkim@sims.biz,764.353.3967,Lake Shawn,Gilbert Inc,17
E153426,Matthew Ruiz,zmorse@yahoo.com,332.130.4168,Port Erikshire,Olsen Ltd,7
E542185,Eric Romero,floresmatthew@sanchez.com,001-183-447-7536x0975,East Michellehaven,Wilson-Daugherty,19
E968981,Darryl Henry,fjimenez@hotmail.com,+1-902-978-9415x3213,Josephland,"Bryant, Rodgers and Wright",9
E935836,Jonathon House,toni11@gmail.com,208-433-8015x34386,Laurenchester,"Ross, Reed and Mays",17
E832354,Alan Preston,terri39@yahoo.com,+1-289-592-5866x2730,Garrisonland,"Gonzalez, Durham and Robinson",3
E984044,Randy Lucero,brianjackson@gmail.com,904.704.9023x572,Shawnville,Bray-Scott,16
E117079,Susan Bolton,evanthompson@gmail.com,801.020.9515x681,Monroeberg,Silva PLC,17
E820629,Joshua West,perezjustin@hotmail.com,(425)971-6627x17678,West Joshua,Stanton-Stone,1
E639445,Hannah Villegas,watsoncurtis@king.org,(560)145-6366x9310,Vincentport,Martinez-Alvarez,12
E731779,Michelle Brown,alexa47@hotmail.com,(088)073-1711x25741,Fergusonchester,"Brown, Smith and Garcia",2
E289926,Karen Johnson,prussell@grimes.com,822.195.8688,Munozville,Gomez Ltd,16
E838066,Tommy Brown,rachel06@hill.org,803-653-9589,East Charlesview,Walker and Sons,16
E317543,Mark Reyes,barnesjoe@edwards.biz,049.535.4062x3026,Robertmouth,Clark-Ford,13
E126644,Olivia Hendrix,francisprice@yahoo.com,0132334217,Josephburgh,Bradley PLC,1
E582545,Eugene Bryant,kathy31@hansen-salas.com,001-324-519-7758x6677,Adamfurt,Rivers-Davis,9
E499288,Gabriel Tran DDS,nroberson@cruz.info,7673005557,Port Joshua,Walker-Smith,20
E487005,Eric Wall,mlarson@yahoo.com,891.784.0587x606,Brettfurt,Williams Group,10
E740468,Leonard Valentine,stonejon@davis-stewart.info,+1-688-017-6441x74565,Port Sarah,"Smith, Tran and Stephens",11
E990107,Destiny Lee,epatterson@hughes.info,001-642-862-2675,Harrisville,Smith PLC,18
E330172,Chelsea Combs,hudsonjason@baker.info,683.365.9199,Maryville,Watson-Williams,10
E128529,Cody Miller,wallsbrandon@gmail.com,(288)544-1924x3193,West Rachelville,Frank-Baker,4
E369981,Angela Allen,evan81@gmail.com,(580)605-0158,Johntown,Sullivan-Newman,19
E114779,Cheryl Jones,kcooper@miller.biz,001-837-027-0392x23813,South Timothytown,"Santos, Rangel and Hayes",7
E106144,Cindy Mendez,sethhamilton@howard.com,(449)696-8173x1695,New Tamarastad,"Stone, Harris and Smith",12
E289337,Hailey Daniels,clarkelizabeth@mason.info,094.795.4557,West Ebony,Turner-Hodge,6
E640603,Jeffery Ramirez,milleralbert@yahoo.com,3620603194,Bryanmouth,"Rowe, Stewart and White",18
E433146,Jason Rios,jenglish@marshall-castillo.com,(932)510-7682,Pierceside,Paul-Gentry,13
E406823,Whitney Duncan,tbennett@montgomery-brooks.com,001-849-404-8235x1675,East Sarah,Scott-Robinson,11
E269615,Gabriel Gordon,youngjonathan@summers-anderson.com,859.861.2866x46645,Mendozaborough,"Rodriguez, Butler and Rhodes",6
E525694,Debra Riley,michaelsmith@newton.com,(811)720-5915x89677,Huffstad,"Baxter, Ramirez and Zimmerman",1
E278909,Mike Hickman,goldenerin@hotmail.com,596-839-1109x35705,New Jenniferton,Walter Ltd,5
E520378,David Berry,mharris@clark-brock.biz,+1-563-324-5185x942,Lake Shawn,Alvarez Ltd,11
E705017,Adam Davenport,brian73@wall.org,726-907-1350,Sierraborough,Vance Inc,9
E586594,Brittney Lyons,scottwarren@hotmail.com,(604)018-3474,South Christopher,Gilmore-Russell,19
E840133,Melanie Nguyen,connie27@wiggins.com,+1-231-714-9718x6527,Paulshire,"Jones, Richards and Maldonado",2
E906392,Joseph Miller,heathermcdaniel@gmail.com,001-659-495-7095x790,Port Karenview,Hardin-Rivas,17
E614336,Lisa Dorsey,ashleyscott@gmail.com,570-884-9525x379,Port Melissaside,Miller PLC,6
E475209,Lucas Smith,dspencer@hotmail.com,874-880-1435,Lake Christopher,"Rodriguez, Johnson and Ortega",14
E929285,John Ramos,veaton@gmail.com,256-635-2274x89875,New Davidmouth,Dixon-Norton,13
E194048,Brandon Young,ellisnicole@durham.com,651-218-7345x96039,North Ericabury,Lane-Smith,7
E755096,Jennifer Quinn,tday@lowe-stone.net,001-218-942-4632x83765,Smithside,Hart-Sharp,3
E969644,Lisa Monroe,toddanderson@gmail.com,9597527009,South Anthonyburgh,Stewart-Barton,6
E835648,Charles Pace,jgreen@hotmail.com,001-156-130-4541,Warrenview,Summers LLC,2
E642095,Jessica Mathews,radams@jimenez.com,+1-540-661-8041x151,South Heather,Brown Group,8
E678278,Taylor Carter,renee35@yahoo.com,(428)437-0854,Ruizbury,Wilkerson LLC,20
E279675,Michael Gutierrez,cscott@crawford.net,191.318.0557,Kellyborough,Anthony Group,2
E540256,Raymond Arellano,chanpeter@hotmail.com,(574)034-0862x74603,Frankton,Madden-Guzman,20
E507651,Alice Bailey,kevin63@hotmail.com,484-368-6775,East Aaronville,"Mendoza, Mendez and Odom",2
E247390,Timothy Wade,robindiaz@white-jones.com,645.284.5602x73394,North Evelynstad,Howard and Sons,15
E367832,Kenneth Brewer,jeromemann@yahoo.com,+1-739-731-4779x478,North Nathan,Thompson Ltd,10
E478169,Derek Randolph,nguyenpatrick@solomon.biz,+1-971-209-4475x55515,Watkinsfort,"Grant, Salinas and Collins",9
E127271,Rachel Baker,chiggins@gmail.com,+1-423-084-0558x4491,North Michelle,Stout-Padilla,6
E440808,Lauren Arnold,allenanthony@hotmail.com,+1-546-098-1957x614,South William,Burton-Dougherty,15
E660813,Jennifer Daniel,joneslisa@gmail.com,+1-951-688-4813x18124,South Andreaton,Park Ltd,11
E391358,Cheryl Davis,austinpatel@montes-flores.net,713.534.4411x19735,South Larrymouth,Alvarado-Stephens,10
E436649,Samuel Phillips,qlin@gmail.com,+1-842-551-7375,Lake Andrewfurt,"Huerta, Trevino and Murphy",6
E455394,Kristi Olson,james98@hotmail.com,001-785-079-0512x498,West Davidtown,Newman and Sons,14
E268479,Victor Guzman,gonzalescrystal@french-willis.com,+1-661-342-3487,Williamsside,Harding Ltd,16
E687342,Melissa Butler,kennedycarolyn@lewis-gross.biz,135-708-4214,West Troyville,Alexander-Robertson,4
E376132,Jennifer Murphy,amy72@hotmail.com,744-155-8622,South Aaron,Armstrong Ltd,17
E206827,Cheyenne Austin,huynhgary@yahoo.com,001-085-673-2411x7332,New Nicole,Alexander and Sons,4
E690409,Alejandra Hill,longjennifer@gmail.com,001-636-608-6172x20767,West Johnside,Delacruz-Nixon,8
E196577,Leonard Brennan PhD,diana78@gmail.com,+1-950-751-0755,Michelemouth,Day-Kent,8
E631285,Tracy Williams,daniel06@hotmail.com,652.336.4270x7892,Lake Brittany,Long-Jones,2
E536718,Lucas Ford,boothbrendan@gmail.com,(718)886-7908x1074,East Jessica,Hahn and Sons,10
E530548,Rachel Griffin,aprilsilva@hotmail.com,+1-734-942-1273x1538,Riggsmouth,Thompson-Newman,16
E705913,Timothy Baker,tcarter@yahoo.com,(589)753-2008x309,Sandraport,Rivera Inc,13
E678491,John Chavez,wilsonmelissa@yahoo.com,(170)187-0139x51576,South Jessicabury,Williamson and Sons,14
E452508,Jacqueline Hunter,fbell@blevins.com,793.655.4786x2093,Alexandraborough,Campbell-Graham,1
E557090,Robert Gallagher,bradleyalvarez@hotmail.com,0121605390,Port Matthewville,White-Lloyd,6
E122927,Jeffery Oliver,martinadam@hotmail.com,395-744-9130x90430,North Kevintown,Washington Group,4
E496617,David Garcia,jessechaney@yahoo.com,001-676-680-8619x74388,New Vincentborough,"Long, Bruce and Mcfarland",12
E470953,Michael Richardson,dgibson@hotmail.com,898-421-2707x5455,South Jacob,Martinez-Yang,3
E226746,Jill Mullins,johnpatel@cross.com,0217401597,North Beckyshire,Ruiz-Chapman,12
E268215,Peter Hansen MD,dwayne73@donovan.com,488.068.0901,North Paige,Mitchell-Herrera,12
E100319,Katie Edwards,rubensimon@williams.com,4114009826,West Brooke,Armstrong-Kane,17
E125788,Luis Davidson,robert07@hotmail.com,667.631.0732x479,North Davidmouth,Green-Cruz,18
E942873,Dr. Steven Reynolds,mannscott@collins-hernandez.com,001-444-387-6903,Port Tracy,Skinner-Mullen,6
E468518,Ian Baker,barbarataylor@lloyd.com,+1-894-255-8017,Josephview,Jackson-Harmon,12
E169220,Mark Rogers,ckelly@gmail.com,(705)703-6608,West Frederick,"Brooks, Jarvis and Aguirre",1
E129538,Ryan Munoz,david76@hunter-smith.com,+1-158-755-9338,Andersonport,"Frazier, Beltran and Thomas",12
E435430,Brittany Boyer,ericawashington@yahoo.com,161.825.0669,Kathrynberg,Schultz-Burch,10
E997459,Elizabeth Buckley,josephparker@hotmail.com,(685)384-1050x09493,East Jacqueline,"James, Jones and Arnold",19
E335332,Cynthia Wilson,kristaswanson@miller.biz,1911119096,Lake Ronaldchester,"Cochran, Anderson and Rodriguez",11
E619843,Jason Sims,dfitzgerald@ramos-cantu.org,369-268-3842x3457,Jonesmouth,Newman Inc,3
E525658,Kayla King,michele71@hernandez-butler.com,(352)647-9834x81348,West Carlaport,Anderson-Francis,16
E406006,Bryan Collins,kaylayoder@yahoo.com,+1-016-259-2801x621,Petersonshire,"Mccarty, Robles and Wagner",19
E446160,Sergio Diaz,hilljohn@anthony.com,001-965-600-8811x3393,East Linda,"Kirk, Phillips and Smith",18
E279855,Andrew Mccoy,shaneirwin@chan.info,945-616-9534,Lake Daleburgh,"Robertson, Cruz and Hanson",10
E713868,Melissa Lewis,diana50@cisneros.com,693-666-9644x98595,Lake Jack,Coleman-Townsend,12
E281076,Corey Ortega,margaret03@dunn.org,001-581-042-7640x476,East Brittany,Mata Ltd,4
E448078,Douglas Aguilar,lauragarrison@hotmail.com,+1-361-067-8230,North Lisamouth,Ochoa-Cook,18
E288669,Jessica Miller,lchavez@yahoo.com,647-671-3777,Smithstad,"Hansen, Pollard and Medina",12
E557447,Kevin Green,jennifer94@miller.com,001-636-721-4600x7997,Mariaville,Adkins-Johnston,2
E528399,Jeffrey Rogers,cespinoza@hotmail.com,001-849-535-1184x947,Marshland,Cook-Mcgee,8
E177635,Kathleen Scott,jacqueline57@lee.com,058.788.8966x016,Pattersonfurt,"Dean, Bishop and Hayes",17
E352186,George Alexander,mathew26@hotmail.com,5429974988,Ashleechester,"Petty, Reynolds and Pope",10
E238879,Jeffrey Holland,ericcook@simon.com,001-939-670-4506x805,Barbaraburgh,Parker-Cruz,19
E654327,Darrell Hernandez,christinecarroll@hotmail.com,4096884355,East Michaelfort,"James, Morgan and Stevens",12
E254478,Jessica Hansen,bharris@gregory.info,001-240-553-4551x7636,North Carolport,"Jones, Jones and Velazquez",1
E559508,Lauren Marshall,paultran@murphy-white.com,801.689.2641,Port Johnnyville,Lewis Inc,15
E681849,Charles Rodriguez,eklein@hutchinson.net,(974)342-1934x405,New Rodneyland,Harris Inc,17
E297811,Danielle Peterson,grahamjohn@yahoo.com,596.013.5694,Johnsontown,Erickson and Sons,9
E553167,Kyle Curry,heather70@hotmail.com,595.975.4273,Mariatown,"Hartman, Evans and Carrillo",4
E532416,Michael Zhang,vleon@martinez-davenport.com,(234)059-0477x3114,South Colton,Fleming-Walter,6
E157405,Deborah Reynolds,mccarthythomas@yahoo.com,001-277-171-6260x23610,East Tiffany,Thompson Group,4
E644897,Ann Hughes,tgonzalez@martin.biz,(597)303-0904x83306,Victoriaberg,Warren-Hall,11
E709287,Lauren Edwards,nwilliams@johnson-case.org,(620)779-4076x963,West Samanthafort,"Ward, Rivera and Allen",12
E520398,Marissa Williams,courtney98@hotmail.com,(511)750-0680x48104,North Judytown,"Hamilton, Davis and Hamilton",2
E743844,Brett Jones,carl31@humphrey-vincent.info,3673062386,New Steventown,"Moore, Gregory and Johnson",11
E946971,Monica Fields,vblack@gmail.com,+1-449-761-5961x1928,New Williamstad,Cole Ltd,19
E863617,Leslie Hernandez,fsalazar@johnson-martin.org,(606)668-6915,Joshuaton,Thompson-Roth,7
E888529,Samuel Mendoza,icarpenter@dean.com,186-941-1197x0551,Lake Dawnmouth,Pineda-Pena,4
E993135,Julie Watts,spayne@gmail.com,001-374-965-0789x901,North Ryanfort,Novak Inc,11
E488020,David Schneider Jr.,saralucero@lee.biz,+1-714-855-8656x19277,East Antoniomouth,Sutton-Russell,15
E652255,William Morris,tmcpherson@yahoo.com,(720)042-9862x155,Wrighthaven,"Orr, Strickland and Camacho",3
E757980,David Hernandez,knelson@hotmail.com,513-293-3680,Ayalaborough,Vaughn LLC,3
E887662,Matthew Rosario,benjaminlewis@gmail.com,+1-091-054-6503x54636,Baileyhaven,Spencer-Farmer,8
E272718,Danny Gray,jennifer36@yahoo.com,+1-371-744-6642x5809,Port Janice,Knight-Bailey,2
E532354,Fernando Holt,obarnett@gmail.com,452.860.9069,Lake Joseph,Hughes-Palmer,18
E316421,Christopher Thomas,patelchristopher@allen.com,8588611235,Port Jermaine,Mejia-Bradley,9
E204311,Kelly Benitez,smithraymond@bartlett.com,558-831-4757,Kington,"Chen, Martin and Nichols",8
E418119,Mark Rivera,brian26@hotmail.com,+1-189-779-8562x2385,East Steven,"Ferrell, Washington and Gonzalez",14
E166557,Jacob Johnson,marvin19@williams-le.com,666.534.5283x7945,Smithside,Bailey-Gallegos,2
E952759,Christopher Davis,kyle41@brown.net,550-763-1287,North Anthony,Wilson LLC,10
E514684,Megan Nelson,epeterson@kline-shannon.com,(570)092-9330,Dannyburgh,Chapman-Kennedy,18
E171990,April Santiago,gmyers@sanford.biz,001-310-213-1546x18554,South Elizabeth,"Medina, Booth and Fox",15
E382358,Kimberly Jones,hughesgeorge@hotmail.com,001-892-701-7913x277,East Joanna,Holland and Sons,2
E525489,Barbara Green,scottdaugherty@foster.org,443.857.3034x742,Port Timothymouth,"Hart, Mccarty and Long",9
E849372,Jessica Shepard,erin08@smith.org,304.321.7852x85647,Peterton,"Morgan, Powell and Munoz",9
E846132,Geoffrey Shepard,asmith@gmail.com,001-891-067-5536,South Christinaborough,Stout-Watson,17
E801900,Vickie Baker,lisa07@yahoo.com,828.481.0725,Port Coryborough,"Wall, Martinez and Nicholson",2
E326727,William Vincent,ywilcox@beard-harris.com,+1-416-166-4693x3023,Port Madisonberg,"Lewis, Jones and Miller",18
E750181,Ryan Woodward,richard73@jones.com,162-316-5895x26011,Makaylaview,Molina Group,20
E615325,Barbara Ferguson,bennettashley@reyes.net,+1-224-451-2169x64958,Kempville,Carter-Johnson,10
E860699,Robert Hardy,bbrown@schultz.org,001-473-361-5991x189,Wheelerville,Ellis LLC,1
E439465,Michael Lucas,darlene06@gmail.com,+1-662-505-2143x220,Lake Nicholeborough,Tanner-Thomas,11
E736918,Samuel Edwards,ethompson@hotmail.com,376-536-5266x4901,Williamstad,Garcia PLC,20
E767057,Crystal Macdonald,rturner@yahoo.com,(130)777-2264x29089,New Davidville,Smith-Jones,1
E738200,Susan Morgan,medinajohnny@romero.com,001-918-334-5104x61425,Dianeville,Rogers-Chase,18
E212900,Ryan Long,john67@cole-swanson.com,(286)760-1695x835,Taylorchester,"Fox, Greene and Jackson",8
E594334,Jacob Morrison,catherinehogan@hernandez-evans.biz,001-119-624-4099x862,Lewismouth,Scott Group,15
E597248,Julia King,zlopez@gmail.com,(651)854-7833,Thomasshire,Miller-Hernandez,17
E216867,Jessica Chang,bentonmartha@hotmail.com,+1-317-492-3138x8623,Kevinmouth,Hines Group,16
E950202,Mary Tucker,christine46@hotmail.com,(167)241-3378x8207,East Kristen,Reyes-Peters,8
E963434,Julia Bailey,jeffery25@nicholson.org,913-258-4758,New Sarah,Adams Group,18
E292589,Steven Long,irodriguez@yahoo.com,0705834304,Port Maria,Allen LLC,6
E511235,Tiffany Adams,richard82@rios.com,173-049-7622x299,South Andrew,Price LLC,17
E306871,Jeffrey Ray,watsonluis@yahoo.com,916.184.4592x302,Thomaston,Smith and Sons,15
E534614,Taylor Dyer,marcus23@gmail.com,503.015.0517x3608,West Joshua,Graves-Morgan,11
E181076,Joshua Arellano,irobertson@yahoo.com,465-745-1656x620,Christophermouth,"Martinez, Houston and Aguilar",13
E332490,Justin Valencia,barbara04@gmail.com,+1-020-055-1029x942,Amyborough,Gomez-Herman,19
E826227,Jason Wilson,garrettjoseph@gmail.com,+1-282-639-0667x108,Adamsville,Cunningham-Meyer,2
E204384,Barbara Vega,veronica93@taylor.com,243.742.7614,Jessicaberg,"Lewis, Delgado and Braun",4
E780093,Marvin Jackson,nicole50@mckinney.com,529-167-1420x97535,Tylerland,Henry-Crawford,4
E154895,Jessica Stewart,timothyavery@gmail.com,9603063282,Luisberg,"Banks, Anderson and Hall",16
E610367,Eric Hayes,charlesmurray@wagner.com,(460)911-5629,North Dianeton,Peterson-Richmond,13
E345801,Amanda Hutchinson,xwatson@hotmail.com,(430)465-2067x2801,West Barryburgh,Franco and Sons,13
E272380,Kathleen Kelley,danielle76@wolfe-richard.biz,444-743-4085,West Michael,"Wall, Wall and Robinson",7
E830335,Paul Johnson,brendaharmon@robinson.com,689-786-8646x3780,Lake Davidside,"Yang, Hernandez and Harris",10
E979199,Sarah Medina,sherry06@gmail.com,+1-579-709-2819,Ingramberg,Ward PLC,17
E263920,Ashley Baker,rachelbruce@adams.com,693.767.5834x8244,Anitamouth,Kane-Ramsey,5
E963791,Audrey Thornton,brittanyreed@garcia-welch.com,(660)996-9809x8468,Lake Melindafurt,"Aguilar, Thomas and Mitchell",9
E161533,Susan Cohen,tyler92@yahoo.com,8406348708,Port Brianmouth,Carroll Inc,20
E995675,John Glass,mcoleman@gmail.com,1638799733,Lake Emilyfort,Taylor-Goodman,11
E650237,Terrence Hampton,carolyn86@yahoo.com,508.025.7964x9951,Lorifort,Ruiz-Holloway,1
E724217,Harold Fritz,gtaylor@hart.net,+1-056-385-0771,Jessicaburgh,Doyle-Cameron,10
E697774,Erica Foster,janet06@yahoo.com,731-283-0653x116,New Nathan,Saunders-Powell,7
E985738,Deanna Noble,matthew88@strickland-wright.org,993-911-3475x4553,Tinaville,"Payne, Coffey and Dennis",19
E144832,Timothy Walters,sanchezkeith@gmail.com,(877)953-2066,North Nicoleville,Scott-Rogers,2
E456834,Robert Silva,nathan50@williamson.com,997-090-4983x2042,Lukeville,"Pearson, Russell and Vega",13
E772697,Matthew Watkins,david12@blackwell.com,+1-705-227-1496x559,Lake Jamesview,Abbott Group,17
E430577,Alexander Leach,zjohnson@wood.com,825-088-8718x69141,Johnsonborough,Willis-Cole,20
E943572,Donald Williams,hthompson@garcia-cook.com,001-593-757-9098,West Allenfurt,Boone and Sons,12
E340624,Bryce Floyd,brian20@walters.com,662.452.2214x446,Lake Williamland,"Robles, Benton and Reese",10
E741632,Thomas Harris III,holdenmark@gmail.com,145-125-0919x579,North James,"Thomas, Ray and Ponce",3
E991275,Tanya Gutierrez,mbutler@henderson.biz,(546)370-4086x327,South Theresaton,"Myers, Montgomery and Weber",12
E389283,Alexander Jones,mmckay@lawson-moore.com,818-509-5791,South Joseph,Wallace PLC,1
E477869,Robert Adams,erhodes@gmail.com,+1-705-042-3368x90996,West Jeffrey,"Reed, Bell and Berry",9
E921987,Stephen Ochoa,jessicamacias@gmail.com,(918)880-4919x14455,North Tyler,"Thomas, Conley and George",2
E500078,Eric Odom,tsmith@griffin-hill.org,001-061-857-3623x844,West Jontown,"Nichols, Holden and Brooks",3
E226902,Troy Williams,conradeduardo@yahoo.com,001-051-472-6098,East Kristinchester,Oconnor PLC,14
E464215,Daniel Kemp,stevendavis@blair.com,413.657.6812x6318,Georgehaven,Knight Ltd,10
E731702,Samuel Perry,nicholasbrown@palmer.com,880-748-6038x81197,West Kennethfort,Michael-Blake,1
E568462,John Gibson,stonejames@johnson.com,947-806-7977,Foxville,Johnson LLC,2
E370067,Jody Delacruz,kellypowell@hill.biz,274.452.5744x61362,Port Shannon,White Group,16
E122552,Vanessa Williams,bennettsonya@clark-allen.com,001-638-293-6970x35385,South Anna,"Warren, Sparks and Olson",14
E523656,Jasmine Acosta,inguyen@humphrey-fitzgerald.com,230.798.3884x471,South Noah,"Sullivan, Peters and Hayes",9
E682636,Curtis Patterson,dennisterry@yahoo.com,369-997-3806x506,Colleenberg,"Williams, Thomas and Cook",5
E253053,William Hunter,sandramills@alexander-freeman.com,384.944.9041,West Perrybury,West-Fuller,15
E820665,Melvin Jones,jasminevans@daniels-henderson.com,729-448-9117x1997,Simmonsberg,Watts-Reed,6
E993999,Ricky Collins,matthew22@riley-conrad.com,0240630986,Yangshire,Copeland-Jackson,17
E883396,Derrick Carter,mary37@yahoo.com,951.806.7246x3348,Carolfurt,Robinson Group,7
E318594,Scott Mckinney,qlong@hotmail.com,928.569.3675x6184,Olivertown,Krueger-Cervantes,9
E562502,Marc Mcintosh,luisgutierrez@perry-fry.net,001-498-296-5148x855,East Coreyshire,Miller Ltd,14
E718924,Erin Mccann,bridgesphillip@hotmail.com,(898)826-6905x49503,Shannontown,Clark-Allen,1
E204148,Jessica Gomez,ycummings@hotmail.com,022.081.8858x6392,Nicoleberg,Gonzalez-White,2
E697872,Renee Johnson,johnsonhannah@montgomery-stevens.com,001-176-625-0180x324,New Bradley,Ruiz Inc,15
E284479,Carla Grant,fordamanda@hotmail.com,0962841088,Brittanyshire,"Myers, Flynn and Lewis",19
E577635,Zachary Brown,dwalsh@terry.com,+1-596-462-1797x0537,Lake Jefferyview,Wiggins LLC,17
E721102,Katie Jones,samuelli@hotmail.com,001-607-531-0549,North Donaldfurt,Robinson-Herrera,4
E474671,Jacqueline Trevino,lopezdiana@hotmail.com,399-497-2942x30500,East Gregory,Davila-Ferguson,6
E618735,Roger Middleton,yvonnesandoval@scott.com,039-297-1649x813,Michelleside,Berger Inc,16
E256540,James Gonzalez,cmorrison@hotmail.com,140.330.9189x5169,Port Josephhaven,Olson Group,12
E505539,Susan Barton,chuerta@nguyen.com,191-072-3909x576,North David,"Myers, Smith and Ingram",4
E770065,Mary Shelton,collinskristina@neal.net,(819)922-1071,Rachelshire,Lee LLC,6
E195427,Christopher Richards,louisgolden@hotmail.com,001-447-257-9771x04620,New Alexander,King Inc,9
E456236,Sergio Spencer,bakerraymond@hodges.info,090.901.5316x5102,North Davidberg,Bradley Group,4
E489889,Nicole Sullivan,lori74@carlson.info,652-756-9076x948,Barberton,Curtis-Byrd,12
E372728,Katelyn Barber,saradaugherty@brown.biz,(641)301-8606,New Taylorshire,Klein-Sullivan,4
E619744,Robin Taylor,huffmanzachary@johnson.com,0432034922,West Sarahshire,"Chase, Thomas and Smith",9
E436726,Cindy Flores,karenharvey@spears.org,+1-532-241-5114x8719,East Adrian,Hall Ltd,18
E202930,Ian Anderson,jason45@harris-wilson.com,(998)719-9423,Lyonsmouth,Wilson LLC,15
E445367,Wendy Ryan,james01@vega.com,216-277-0626x751,Walkermouth,Smith and Sons,7
E402336,Andrea Graham,edwardowens@hotmail.com,001-790-864-4309,North John,Hays PLC,2
E300709,Eric Brooks,johnhuff@hotmail.com,102-786-9956,New Sandra,Barnes LLC,17
E219418,Richard Burgess DDS,joel51@watson-ramirez.net,(972)266-0830,Lake Traviston,Garcia Inc,9
E490774,Clinton Perry,asutton@yahoo.com,+1-438-892-3358x555,Michaelton,"Scott, Summers and Castro",9
E499410,Patricia Robinson,nicolemiller@montes.com,999-270-1885x78000,Lake Casey,Hogan and Sons,6
E886052,Kelly Hansen,bryantjames@gmail.com,001-196-859-2184,South Henryland,Maldonado LLC,4
E325202,Stephanie Daniel,jeremy27@jones.com,(140)509-8016x38291,New Jasonfurt,Ellis Inc,10
E476446,Brenda Vega,howard50@hotmail.com,559.022.1699x671,Melissahaven,"Williams, Murphy and Jones",9
E426876,Joseph Bender,mathew27@gmail.com,4265680065,Brownborough,Smith-Flynn,2
E754021,Michael Jones,irice@lopez.net,(724)218-5137x034,Ashleychester,Johnson-Thomas,20
E610154,Danielle Solis,frederickpineda@cantrell.org,(384)291-6613x10735,Barbarafort,"Lewis, Lee and Gibson",11
E919790,Donald Spencer,beasleykevin@yahoo.com,102-799-6361,North Luis,Morris-Bowen,8
E924583,Dean Sullivan,sandovalemily@moore.net,501-566-8776x1764,Michaeltown,"Barajas, Silva and Welch",11
E557574,Alexander Mccoy,cynthia89@gmail.com,6413652731,Wallacehaven,"Leblanc, Sanchez and Harvey",13
E393378,James Riley,maryphillips@gmail.com,758.571.0010x4113,Johnfort,Smith and Sons,1
E368045,Robin Hart,jamesjuarez@yahoo.com,6279189448,Campbellmouth,Mckenzie Ltd,19
E602536,Joseph Kaufman,nicolenash@hotmail.com,523.066.2440x4031,Kimberlyborough,"Robinson, Larson and Dominguez",20
E343699,David Thomas,laura70@king.info,(409)554-5980x5562,Port Tinaburgh,Chapman PLC,10
E717364,Andrea King,kimberlywiley@thompson.com,+1-236-926-3079x4010,West Brandon,Duran Ltd,19
E775078,Mark Jones,paulathompson@hotmail.com,001-692-480-9945,Ashleyfurt,Joyce Ltd,3
E131599,Carol Ortiz,mullinswilliam@hotmail.com,001-706-533-8852x35329,Stevenmouth,Peterson Group,8
E839052,Thomas Green,sheilahuff@hotmail.com,(621)734-0127,South Angela,Carrillo-Wilcox,19
E447132,Jamie Hill,michellewilson@yahoo.com,865.346.0307x4885,Amandatown,Romero PLC,7
E747095,Rachel Ward,codyhancock@edwards-contreras.biz,4822979095,South Teresa,Coleman Ltd,12
E808210,Tara Morrison,smaynard@dillon.info,160-346-1027x038,Jonathanland,"Yoder, Khan and Thompson",19
E468859,Wendy Sellers,tiffany72@gmail.com,603.564.5906,Cranetown,"Lee, Ray and Ortiz",13
E382007,Ms. Katie Moore MD,danielroberts@vasquez.com,921.668.3346x438,South Amy,Daniels Group,15
E859733,James Johnson,larryanderson@ruiz.com,415-723-4187x6076,Bentleyburgh,"Dominguez, Allen and Young",1
E382831,Christopher Reyes,hking@dougherty.info,998.232.8872x893,Jonesport,Drake-Roth,15
E134539,Adam Jacobson,catherinepeterson@dunlap.com,(629)461-8597x85589,Port Elizabeth,"Howard, Mcintosh and Robles",19
E475414,Julia Haley,robertschaefer@yahoo.com,985.652.0706x3163,Lake Katherineville,"Wagner, Walker and Perkins",2
E473826,Steven Wilson,wendy55@yahoo.com,532.674.1200x2930,Port Johnborough,"White, Baldwin and Cross",15
E871673,Travis King,diane94@gmail.com,5720721685,West Amyside,Miller PLC,20
E902461,Samantha Maldonado,angelaolson@hall-grant.com,+1-946-478-4845,Lake Robin,Smith-Curtis,10
E482872,Travis Burke,coltonprince@hotmail.com,214-563-0796x4615,Matthewfurt,"Nicholson, Carrillo and Figueroa",10
E660351,Samantha Jones,xsimpson@hernandez.com,+1-285-583-1730x92982,New Matthew,Davis LLC,12
E779486,Elizabeth Wolfe,jill11@hotmail.com,622.798.2520x4428,Franklinborough,"Turner, Mitchell and Anderson",11
E647315,Cory Allen,lambertandrew@yahoo.com,937-548-1588,West Jason,Walls-Harmon,13
E575465,Latoya Horton,deborahmartinez@gmail.com,(471)377-0059,North Gregory,Hill Group,10
E222193,Mr. Miguel Farmer,tanyakhan@huffman.com,001-232-593-4659x1728,Coxshire,Beard and Sons,12
E774607,Penny Boone,alison15@hotmail.com,(762)036-9627x6870,West Stanley,"Dennis, Copeland and Burton",10
E715032,Jennifer White,aliciabrooks@cantu.org,+1-455-231-4889x08616,Oneillshire,Garza-Armstrong,17
E446376,Sarah Morales,hubbardemily@gmail.com,084-259-6154,Tracychester,Olsen-Ochoa,3
E796105,Patrick Dickerson,cwade@kelly-walker.biz,+1-300-384-4407x3663,North Andrewside,"Hernandez, Chambers and Pruitt",14
E800407,Alan Cannon,shawmelissa@zhang-mcneil.com,001-344-977-4687,South Jennahaven,Thomas-Hill,7
E934235,Kimberly Walker,laura72@yahoo.com,+1-970-967-6176x1336,South Amanda,Curry Ltd,5
E490881,Robert Herrera,jenniferjones@gmail.com,+1-479-320-7989,Timothyland,Welch-Mejia,10
E430364,Ronald Lewis,xpierce@peterson.com,(104)052-4627x1845,Chandlerfort,Le LLC,3
E235529,Robert Garcia,marc13@hotmail.com,352-438-6217x8259,North Jasonport,Meyer-Sanchez,3
E695936,Sarah Johnson,shirley86@yahoo.com,261.151.2714,Mitchellland,Thompson-Nichols,1
E267278,David Day,andrea57@gmail.com,5308618075,Port John,Guerrero-Hernandez,9
E770940,Melanie Lynch,meyerjill@blair.com,137.472.5916x21160,North Charleschester,"Krause, Stewart and Morris",7
E303859,Morgan Smith,reginaldcabrera@hotmail.com,001-143-087-2301x3514,Murrayburgh,"Rice, Weaver and Perez",8
E429108,Suzanne Smith,danielrobertson@allen.biz,605-458-0298x3714,Nguyenfort,Young-Hatfield,11
E718053,Mrs. Sherry Palmer,derek76@morgan.com,400-003-9944x5883,East Ginashire,Chase-Hardy,20
E884233,Anthony Mcclure,hjuarez@gmail.com,+1-963-213-0662x50957,North Kathryn,Cooper Inc,3
E728092,Steven Rowe,williamparker@gmail.com,7027434994,Markfurt,"Green, Jones and Edwards",7
E802734,Stephen Sweeney,davidbrown@yahoo.com,001-069-743-2139x834,Ianburgh,"Strong, Santana and Perez",3
E618543,Mark Davis,jblack@knox.net,993-242-9196x305,South Ashleyville,Mosley-Adams,10
E212968,Briana Martin,gregory41@johnson.com,(454)068-3212x692,North Andrew,"Mitchell, Baker and Schmidt",8
E689335,Zachary Thompson,vaughndrew@green.com,791-852-4350,Lake Thomasmouth,Carson and Sons,4
E288703,Shannon Pearson,andrew70@hotmail.com,690.961.3567x41511,Lewistown,Rodriguez-Hardin,3
E614307,Diane Schmidt,elizabethfields@taylor.com,(690)937-6148,Parkschester,Watson Inc,15
E903307,Kimberly Hanson,parkergomez@mitchell.biz,2552683317,Gwendolynside,"Hicks, Meyers and Ingram",12
E344522,Michael Pittman,swhite@villa.com,+1-239-071-6462x85923,Walshtown,"Rios, Spence and Strickland",11
E921369,Jennifer Patel,jacksonlisa@yahoo.com,(892)220-6629x87947,North Alyssa,Owens-Parks,19
E530474,Ryan Vargas,renee07@yahoo.com,2923204462,Laneborough,Duncan LLC,2
E557650,Sarah Boyd,vazquezellen@johnston.com,0640034333,Port Alexandrabury,"Butler, Jones and Anderson",14
E585264,Elizabeth Pollard,joshua63@howard-walters.com,+1-961-906-7145x6596,Johnsonmouth,Moore LLC,10
E178274,Brenda Williams,kennedynancy@matthews.com,(974)447-3007x9693,New Joseph,"Blankenship, Pennington and Carter",12
E378827,Todd Andrade,calebjimenez@hill-hill.com,+1-211-898-9346,East Joseph,Willis and Sons,14
E180650,Toni Martinez,rebekah40@yahoo.com,414.615.0188,New Amanda,"Woods, Copeland and Love",16
E976284,Ashley Wright,gonzalezjorge@gmail.com,+1-364-475-2782x91341,Cooperborough,West-Miller,5
E429790,Sally Fry,cgutierrez@ashley-schultz.biz,950-376-8850x37048,Turnerside,Mcconnell Ltd,13
E984031,Christina Cooper,cindycalhoun@phillips.com,(985)920-5925,North Paul,"Garza, Roberts and Phelps",18
E638821,Matthew Jones,kenneth67@fisher.com,001-609-441-1951x5177,Lake Ethanchester,"Coleman, Anderson and Phillips",8
E294929,Jennifer Morgan,yharmon@warren-wilson.com,0937390030,South Samantha,Gardner Ltd,14
E704608,Lorraine Wheeler,joel54@torres.net,260-976-0770,South Dianafurt,Cochran-Ortiz,1
E636377,Benjamin Jones,hamiltoncrystal@yahoo.com,001-238-579-4793x8611,Lorettaport,Jones-Moody,1
E443961,Mackenzie Contreras,charles55@farmer-scott.com,501-907-6837x448,Lake Melanieburgh,"Moses, Dixon and Herrera",4
E545186,Evan Sheppard,williamsmichelle@hotmail.com,(765)495-8037,South Maria,Phillips-Miranda,4
E609344,Amanda Freeman,melinda55@hines-martinez.biz,001-667-630-6609x109,Port Nicoleville,Lewis Group,18
E408378,Katie Brown,lanekatie@waller.biz,(413)634-1075x4343,South Susanshire,Browning-Thomas,20
E674030,Dawn Weaver,jasontucker@mason.com,039.166.5916x7288,South Renee,"Thornton, Fisher and Lopez",9
E583694,Maria Henderson,jessica47@hotmail.com,+1-513-056-2268,Kylebury,"Spencer, Willis and Odom",11
E114042,Clifford Jackson,efletcher@gmail.com,+1-148-371-0615,East Paige,Munoz-James,19
E167135,Martin Dean,matthew78@smith-ray.com,+1-384-069-4211x929,Greenside,Thompson-Perkins,16
E565097,Kiara Walsh,ukerr@zhang.biz,+1-413-626-4223,Gardnerberg,Martin Group,15
E405910,Jacqueline Mays,smithkurt@hotmail.com,780-396-2113x50436,New Chad,Young-Baker,4
E619586,Bianca Ward,michaelbridges@yahoo.com,+1-372-698-6602x5304,Johnnytown,Kim-Beltran,2
E313673,Nicholas Garrison,xherrera@yahoo.com,301-333-0742,East Joseph,"Conrad, White and Myers",13
E334440,Eric Gonzalez,chill@gmail.com,386-654-3959,Lake Brittneyburgh,Smith Ltd,3
E233415,Jacob Velez,douglasfernandez@yahoo.com,705.686.3445x59263,New Rhondamouth,"Garner, Gonzales and Wong",14
E105125,Shannon Olsen,beckerdeborah@gmail.com,690.653.9269,Johnsonbury,Knox-Palmer,8
E614838,Gregory Williams,nguyenkayla@rodriguez.com,(743)043-0820x01033,Lake Ryan,Quinn Group,19
E686434,David Lowe,jrivera@church.com,049-254-2998,New Johnathan,Harrison PLC,2
E863763,Maria Clark,qfoster@johnston.com,149-691-2693,Hunterberg,Dixon-Bolton,5
E230788,Patricia Kelly,jamesgoodman@english.com,2230105863,New Cassiebury,"Green, Hood and Brown",5
E870284,Natalie Short,bakerdonald@flynn-thomas.net,321-384-7468,East Andrew,Williams Inc,16
E368393,Brian Craig,brandon90@hampton-ruiz.info,(682)052-7833x13096,Markberg,Hughes PLC,15
E738101,Alexandria Gonzalez,patriciajohnson@green.org,001-887-015-5425x332,New Crystal,"Schroeder, Jackson and Aguirre",9
E650484,Jeff Murphy,nmartinez@hotmail.com,599-174-6226x065,South Scott,Huerta-Murray,9
E642431,Sarah Williams,kmiller@jenkins.com,676-795-2722,South Wendy,Cole-Rios,1
E675705,Rodney Sanchez,zacharysims@adams-miller.com,+1-803-876-6897x04413,Rodgerston,Vaughn LLC,14
E152738,Troy Terrell,tlopez@johnson.net,+1-798-316-5576x15429,Lewismouth,Burton-Haynes,15
E643162,Charles Gardner,vmurray@hotmail.com,350-823-6001x746,Amandaburgh,"Hunter, Holmes and Garcia",1
E523310,Randall Roberts,sandra28@holt.info,048-293-8912x64188,New William,"Lee, Wiley and Rodriguez",6
E225313,Justin Greene,pdavis@hotmail.com,001-387-559-3008,New Michaelhaven,"Fisher, Coffey and Gardner",3
E315394,Holly Hernandez,luis32@gmail.com,(923)200-8921x070,Saratown,"Hansen, Molina and Stephenson",19
E523578,Diana Rodriguez,matthewskim@gmail.com,607-355-0101,North Jack,Ruiz and Sons,1
E526859,Alec Garcia,jessicawatts@brown-park.com,+1-299-430-0468,New Noah,Russell-Edwards,11
E307259,Jared Mays,jessicamarks@mathews-velasquez.com,(427)664-7552x094,Huntfurt,Huber Group,18
E356535,Mary Kelly,avaughn@dalton.biz,(126)808-6270,Lucasmouth,Jackson-Phillips,12
E698126,Walter Nunez,cowanashley@hotmail.com,(068)231-0473x62754,Elizabethhaven,Arias-Sutton,13
E326674,Amanda Gibson,vanglindsay@gmail.com,(751)038-2347,South Patriciatown,Hopkins and Sons,12
E265614,Cynthia Harris,larry70@perry-johnson.com,(939)915-7795,South Susanland,"Anderson, Sanders and King",5
E126054,Brandon Higgins,brooksjulie@hotmail.com,920-417-5315x24714,North Victoria,Hernandez Inc,3
E499969,Heather Perez,mccoymichael@hotmail.com,660-365-5189x000,Douglasport,Lopez-Fields,4
E480005,James Conner,hharris@ross.net,001-253-140-2122,Port Denise,Richardson Inc,3
E720386,William Moran,laurenmartin@russo-rivera.com,274-610-9871x799,North Susan,"Meyers, Pham and Crawford",13
E119366,Stephanie Figueroa,francisalyssa@gmail.com,001-040-252-1038x94162,Lake Kevinfort,Sparks-Hicks,7
E788986,Dan Garcia,anthonyleslie@yahoo.com,+1-544-380-4268x329,North Teresa,Campbell Inc,19
E542532,William Gibson,rlopez@gmail.com,691.487.4048x090,North Evelynshire,Gordon-Keller,14
E578728,Samuel Nelson,james84@li-owens.com,143-836-5641x8751,Simmonsmouth,Taylor-Moody,14
E801904,Jesse Sanchez,ruthfreeman@hotmail.com,(253)758-6659x7959,Lake Austin,Aguirre Ltd,3
E306033,Jennifer Moreno,teresa59@hotmail.com,+1-270-053-2733x857,Lake Randyshire,Casey and Sons,6
E986739,Andrew Harmon,heather59@yahoo.com,001-477-457-6077x738,Daniellebury,Rodriguez and Sons,20
E937387,Tammy Moreno,snyderdylan@yahoo.com,325.490.7345x725,East Ericview,Harris-Hughes,13
E224524,Victor Ramos,jack60@gmail.com,395.714.3248,Bassmouth,"Beck, Benton and Hammond",14
E104108,Russell Carlson,ymarquez@yahoo.com,070.748.2866,Melissaside,Coleman-Dyer,5
E528153,Matthew Hobbs,jason09@snyder-steele.com,001-425-942-0081x509,Matthewmouth,Bird Ltd,9
E447571,Holly Cox,sallison@hayes.info,+1-123-431-7671,Guzmanland,Tapia Group,17
E339589,Marissa Yoder,sean71@riley-jackson.com,+1-340-116-3005,Millerborough,Lopez-White,17
E541349,Samuel Richardson,jamestodd@yahoo.com,648-853-2066x762,Kennethton,Mooney Group,5
E151707,Amy Bell,fmartin@bridges.info,(947)733-6017x0947,New Josephview,"Padilla, Gutierrez and Vargas",15
E712974,Joshua Ali,simpsondavid@warner.org,408-922-3107x25294,Port Sophia,Wang-Steele,2
E218043,Rose Mcdaniel,mlivingston@yahoo.com,090.410.8841,Webbfort,Young-Mcdonald,9
E955235,Angela Coffey,jsmith@wheeler.net,(359)972-9568x7576,Mollyport,Grant LLC,7
E186558,Angie Logan,fbenjamin@yahoo.com,001-618-940-8191,Jamesmouth,Tran Ltd,8
E297600,Kelly Green,heidibrown@yahoo.com,+1-751-748-7828,South Lisatown,Mcdonald-Dodson,3
E178736,Megan Fischer,ghowe@hill-liu.biz,469-687-3174,Patriciafurt,King LLC,7
E105864,Theodore Novak,elee@ward.org,(416)021-7372,Zacharyfurt,Williamson Inc,12
E483990,William Wallace,jacksontravis@hotmail.com,230-574-5327x35888,New Joshuaberg,"Byrd, Burgess and Glover",20
E886708,Christina Bates,lhodges@gmail.com,078.941.0219,New Ryan,"Brooks, Weber and Robinson",16
E795839,William Young,vlowe@simmons-key.com,711-980-3181,Lake Austin,Crawford-Smith,3
E299944,Richard Alvarez,phoffman@hotmail.com,(708)358-6384,East Stacyshire,Stark-Smith,13
E479636,Bryan Hanson,williamriddle@clark.net,272-206-8740x59018,Cooperberg,Irwin LLC,7
E319733,Samuel Jones,courtney82@jackson.com,(179)672-4151,East Michaelside,Anderson-Juarez,9
E752583,Tony Washington,andrewanderson@wright.com,+1-301-968-3117x9184,Duncanborough,"Daniel, Manning and Reyes",14
E207716,Ashley Williams,mwoods@gmail.com,805.441.4059x667,North Chris,Norton-Allison,13
E442308,Shane Perry,kingamber@park.com,328-186-0533,Port Katherineborough,Gilbert LLC,3
E258367,Alison Weeks,andrewlee@mcdonald-powers.com,001-538-842-4898,New Stephanietown,"Mason, Patel and Bryant",18
E702991,Tammy Cameron,rthompson@gonzalez.info,083.730.2223x7605,South Williamville,Singh-Harris,9
E863290,Debra Smith,paulwilcox@yahoo.com,(202)517-6301,Geraldtown,Campbell LLC,3
E903529,Raymond Carroll,adrian42@hotmail.com,262.699.0832,South Jessica,"Ferguson, Torres and Weaver",12
E658430,Kelly Henderson,kelseyhayes@gmail.com,0867911820,Gabriellaburgh,Brown-Rodriguez,6
E960898,Brett Adams,gabrielle22@hotmail.com,279-773-2411x654,Reedstad,Barnett LLC,6
E966528,Jennifer Wells,qbaker@george.com,+1-952-448-1324,Barnestown,Cook-Moore,2
E136748,Theresa Lowe,xellison@wise.com,001-608-518-2957x04249,South Anneland,Livingston Group,10
E722163,Crystal Barber,holly86@patel.com,726.543.7236,Lake Dawn,"Hatfield, Hamilton and Buckley",5
E602315,Thomas Lynch DDS,stoneregina@wells.com,+1-496-005-4985x6923,Robertfurt,Daniels Inc,5
E411098,Vanessa Smith,matthew11@gmail.com,327-139-4998,Vargasstad,Steele-Bryan,14
E705599,Charles Ray,kaitlynreynolds@yates.com,(253)380-9722,Ortegaport,Martin-Lewis,11
E697122,Sabrina Deleon,kjackson@vaughan.biz,001-945-967-6691,Finleytown,Murphy LLC,3
E924687,Brittany Bates,roger58@torres.com,440-651-9249,Brianshire,Miller PLC,14
E732548,Justin Franklin,rbush@kane.biz,902.881.7228x4287,East Gregory,Ali-Rojas,16
E363653,Ashley Villa,eclark@curtis.com,001-609-479-2820x46739,East Gabrielberg,"Young, Nichols and Pratt",14
E913303,Tracy Everett,paul17@cardenas-hicks.com,1985232209,Kylemouth,"White, Gomez and Bridges",6
E952603,George Key,baileyjohnson@gmail.com,(624)089-4938,South Lisa,Williams and Sons,1
E554872,Jason Warren,bturner@hotmail.com,+1-039-139-3663x44437,Zacharyburgh,Vaughan-Mcgee,3
E935520,Michelle Abbott,luiswilliams@yahoo.com,447.164.1635x7254,Lopezview,Cunningham Ltd,17
E168309,Ashley Anderson,vsmith@hotmail.com,681.008.6830x4237,Hallville,"Kelly, Beck and Brown",16
E221393,Connor Sanders,mjohnson@davenport.info,915-468-8038x503,Jessicaberg,"Woodard, Johnson and Walker",1
E865842,Sydney Smith,fwhite@yahoo.com,1555283132,Daisymouth,Jackson Group,3
E175580,Alexandra Davidson,mhuff@gmail.com,+1-852-409-9814x44138,North Cindy,Perez-Mack,4
E261717,Robin Klein,adam30@pearson.biz,050.896.7302,South Kevinborough,Parrish-Rogers,15
E686458,Cassandra Thompson,john63@gmail.com,(996)803-4672x3698,Jennifermouth,"Lopez, Young and Fernandez",13
E330498,Stacy Hunt,brandonrice@rogers.info,652.890.6119x55514,Lake Ianhaven,Juarez-Mitchell,14
E813372,Dawn Johnson,woodsalbert@carlson.com,253.160.9575x093,East Jesseshire,Hayes PLC,6
E470714,Jason Taylor,laura09@cole-rasmussen.info,+1-242-005-5537x149,Nguyenville,"Kim, Bell and Kidd",4
E375392,Robert Morrow,javiergibson@gmail.com,6128729887,Darrellbury,Griffin-Rogers,6
E163663,Timothy Mitchell,kayla43@hotmail.com,400.764.8532,Taraside,Oconnell PLC,6
E442704,Allen Robinson,perkinsmargaret@yahoo.com,+1-905-395-2677x1089,East Samanthaport,Mitchell Ltd,8
E212323,Michael Bauer,meredith80@levine-miller.com,(042)964-4061x3237,West Jacqueline,Anthony-Hughes,10
E343130,Debra Newman,crystaldavis@hotmail.com,(905)037-2391x225,New Jilltown,"Adams, Haney and Murphy",2
E420762,Sabrina Young,tranclaudia@nelson.info,(403)645-8088x9568,North Jessica,Baker-Brown,19
E345536,David Adkins,carrillotheresa@johns.biz,+1-161-024-7545,Lake Kaitlynburgh,"Guerra, Sanchez and Craig",4
E602667,Nicholas Washington,xferguson@knight.com,661-859-4992x6908,Joshuaville,Morales-Hebert,3
E970839,Jennifer Marshall,kmorrow@hotmail.com,+1-147-578-7741x775,West Amber,Potter-Wilson,3
E564204,Travis Thompson,candace73@hotmail.com,927-928-2999,Kiddchester,Mayer-Manning,10
E857798,Christina Sherman,debbietaylor@murphy.com,730.596.4249x009,North Kyle,"Tate, Boyd and Dodson",12
E126099,Susan Ross,rose55@collins.com,217-558-5689x00657,Ruizhaven,Romero Inc,20
E266828,Jonathan Black,jenniferroberts@hotmail.com,001-299-128-7530,Lake Heatherchester,"Hoffman, Jenkins and Walters",2
E985066,Joseph Frederick,gsanchez@johnson.com,(144)807-7965,Colemanmouth,"Newman, Allen and Martinez",16
E425414,Cheryl Maldonado,sharonwilliams@harrison.info,345.486.9003x5396,North Jade,Nguyen-Miller,6
E860864,Nicole Garcia,amandamarsh@haney.com,(444)492-4279x57248,Friedmanville,Clark-Wood,7
E787187,George Thomas,dhernandez@washington.org,(186)110-2322x4360,Port Robertside,Wilkins-Wiley,11
E464579,John Hahn,bonnie49@yahoo.com,+1-053-681-6181x451,North Jennifer,Robinson Group,18
E144984,Ashley Watson,samantha32@thomas.net,001-384-638-4840x585,Port Jeremychester,"Zavala, Santiago and Martin",4
E148552,Matthew Baldwin,smithchristopher@yahoo.com,6320837818,Williamstown,Hopkins-Long,7
E481183,Stephanie Sanchez,ibrandt@hotmail.com,001-386-502-6324x4998,New Hannah,Marshall-Turner,13
E370725,Kenneth Shelton,llee@hotmail.com,(959)305-1328x90406,Cheyennemouth,Hawkins-Perkins,7
E803571,Nathan Roberts,jgonzalez@yahoo.com,001-549-597-4908x95315,Karlville,Rocha Group,3
E635307,Susan Huffman,martinmichael@hotmail.com,(600)957-5110x76637,Lake Autumnmouth,"Farmer, Bridges and Smith",6
E758220,Samantha Hodge,eric50@nelson-green.com,605-125-8488x424,Port Michelle,Palmer Ltd,12
E730109,David Bryant,ngross@gmail.com,024.494.1927x598,North Stacystad,"Schaefer, Smith and Coleman",16
E917682,Heather Walker,aaron53@holland.org,945-454-0022,Port Mary,Norman Group,5
E480353,Angel Alvarez,mthomas@mejia-martin.com,001-552-105-4866,Daviston,Phillips LLC,12
E564503,Jennifer Gonzalez,dalvarez@shah-davidson.com,+1-248-508-0813,South Aliciaberg,Vasquez PLC,15
E497652,Thomas Sanders,michaelmoore@garcia.com,(039)388-4127x61095,East Taratown,"Ferrell, Henry and Jones",17
E995163,Michelle Lawrence,khowell@hotmail.com,(640)937-6242x6214,Port Benjamin,"Hernandez, Price and Allen",10
E629560,Jesse Whitaker,melissa93@yahoo.com,+1-687-489-7090,Michaelville,"Carpenter, Miller and Jenkins",20
E520054,Kathleen Brown,mreid@cox.com,977-936-4507x61157,East David,Gregory LLC,2
E300853,Dean Chavez,hector74@gmail.com,(789)229-0916x33946,Aprilfort,Terrell-Foster,13
E760173,Timothy Nelson,josephriddle@hotmail.com,+1-986-113-8679x013,Ericastad,"Elliott, Bryant and Craig",6
E939636,Regina Ward,jacqueline13@sanchez-barker.net,001-066-780-8169x47493,Palmerchester,Simpson-Rivers,13
E197719,Patricia Gonzalez,shardy@hotmail.com,+1-437-322-9852x1805,Bethanystad,"Byrd, Campbell and Mayo",15
E431378,Kristine Gonzalez,bakernicholas@hotmail.com,(681)610-9394x050,Angelmouth,Lee Group,16
E616247,James Warren,wayneodom@yahoo.com,(770)806-2751x8348,Port Katherinetown,Gonzalez LLC,10
E211929,Jennifer Beck,mark72@mathews.com,(830)175-6368,Paigeland,"Jacobson, Benton and Perry",9
E781276,Karen Jefferson,anthony91@herrera.com,001-491-630-3799x313,North Andrea,Greene LLC,3
E880496,Michael Ross,gailjones@yahoo.com,+1-884-994-4099x68349,Port Paul,"Larsen, Hunt and Williams",11
E511878,Mark Bryant,mccormickdonna@hughes.biz,(437)063-4633x632,Jacquelinetown,Morton Group,5
E432847,Christie White,marygarcia@murphy.com,+1-502-022-1956,Haileyville,"Ryan, Bernard and Smith",2
E712743,Jason Leblanc,odaniel@yahoo.com,326-151-7697,Port Williamland,Trujillo PLC,8
E609234,Janet Brown,whitelauren@smith-williams.com,0817512475,Amandaberg,Fletcher-Scott,13
E530284,Stephanie James,isandoval@yahoo.com,(680)999-7463,Dunnberg,Randall Inc,18
E755286,Shirley Chapman,jamesray@yahoo.com,208.522.8747,North Bruceside,Vargas Group,16
E618554,Kristine Taylor,linkathryn@gmail.com,480.259.8050,East Summerchester,Valdez Inc,12
E595060,Scott Smith,qmitchell@yahoo.com,+1-395-722-9319x44717,Porterborough,"Lopez, Wong and Santiago",1
E549649,Rachel Blanchard,michaelhernandez@gmail.com,+1-868-971-6522x02314,Port Michellemouth,Wells Ltd,1
E244227,Robin Jensen,kathybarnett@gmail.com,001-708-886-0958x93164,Codymouth,Lee Group,16
E834779,Cynthia Perez,paula36@morse.com,001-856-291-1076x496,Beckerhaven,Walker-Williams,13
E510850,Lawrence Martin,lopezsamuel@hotmail.com,2336795588,Stevenshire,White-Espinoza,7
E136250,John Gonzales,jennifer61@moore.com,(581)555-0362x285,Laneside,Smith Inc,6
E513232,Stephanie Hahn,jefferybean@yahoo.com,+1-245-932-8939,New Paul,Mejia Inc,2
E239065,Nicole Martin MD,dalton45@gmail.com,(355)234-3501,North Gerald,Brown-Mason,15
E590935,Daniel Long,lgomez@grimes-miller.biz,001-478-507-6628,Lake Lindsey,Palmer and Sons,6
E519542,Chad Thomas,ericasmith@hotmail.com,945.211.8609x9835,West Jonathanmouth,Jones and Sons,20
E861856,Jimmy Malone,mary89@yahoo.com,891-209-6775,North Bradleyfort,Stanley PLC,15
E320248,Alexa Andrade,jenniferroberts@williams.com,001-383-852-0746x4246,Williamsmouth,Conrad-Roberts,13
E271568,Patricia Grant,ronniebrown@morris-walker.com,924-646-2785,Port Amy,Perkins and Sons,10
E841605,Dr. Pamela Gardner MD,hornjessica@hotmail.com,+1-370-063-3442x82025,East John,Bradley Group,13
E277093,William Gallagher,amorgan@mcdonald.com,+1-150-686-0499x56667,South Annaview,Stevenson and Sons,19
E780304,William Cross,samuelwilcox@ballard-garcia.com,786-227-3848x082,Lake Donaldport,"Simmons, Baker and Morgan",6
E743467,Debra Hansen,tnguyen@hotmail.com,+1-990-702-2298x50370,Lake Peter,"Banks, Ayers and Davis",10
E123336,Rachel Stone,karen71@hotmail.com,0785746838,Lake Susanbury,Russell-Mcintosh,19
E987963,Erin Lawrence,oschroeder@hotmail.com,507.391.0746x129,Gonzalezbury,Rocha Inc,11
E111717,Mary Willis,wilsonstacy@yahoo.com,044.703.4989,Simsville,Martinez-Wells,1
E776770,Sandra Rivera,pittmanjames@hotmail.com,001-587-310-0900x1419,Port Nicolas,"Jones, Mendoza and Collins",14
E409497,Gary Romero,jamiebailey@garner.com,805-862-1323,North Victoria,Maddox-Caldwell,15
E527883,John Wood,charles04@yahoo.com,(870)872-6194,South Juanmouth,Sharp-Perez,6
E657990,Katherine Mccarthy,dnguyen@murphy-hawkins.biz,+1-918-539-3771x478,West Tiffanyberg,Simpson LLC,9
E825538,Sheila Cannon,daymark@smith.biz,493-806-6084x207,Lake Jessicachester,Mccormick LLC,16
E592662,Jessica Smith,eric78@mays.info,001-036-539-3339,Port Erik,Downs LLC,17
E434732,Laura White,riverarhonda@davis.com,761-097-1932x587,Veronicaside,Ortega-Oconnor,4
E366303,Jason Davis,richard20@chase.com,(657)443-6316x5114,Sarahmouth,Mathis-Stafford,14
E196837,Amanda Silva,elizabethsanchez@yahoo.com,172-143-9900,East Kimberlyburgh,Parker-Branch,17
E810829,Kim Graham,slewis@gmail.com,853-093-4361,Lake Jessicabury,"Myers, Martin and Brown",7
E925351,Kenneth Barron,qmurphy@crane.com,001-738-329-9040x9304,Jenniferview,Garcia PLC,14
E919719,Todd Mckinney,david24@pierce.com,(947)111-4472,Barnesland,Levine-Ray,3
E298693,Wanda French,wilkinsonrenee@yahoo.com,001-392-976-0731x0136,Lake Dennishaven,Hammond and Sons,4
E127551,Whitney Marshall,laura82@hotmail.com,001-683-265-3915x8587,Lake Johnstad,"Martin, Harrison and Odom",13
E755273,Lynn Shelton,matthew59@wallace.biz,4922860149,Palmerfort,Ramsey-Garrison,2
E781852,Aaron Moore,weavermiguel@hotmail.com,(236)456-6328,Melissaborough,Bowers PLC,18
E314742,David Lee,wrighttina@caldwell-jenkins.biz,4541093723,West Timothy,Freeman-Mendez,19
E544853,Valerie Shelton,mrobinson@hunter-prince.org,(765)056-0979x2265,West Jerrytown,Allen Inc,20
E208139,Julie Aguilar,laura26@hotmail.com,685.495.6306,Dominicshire,"Miller, Dickson and Brooks",2
E963165,Mary Townsend,thomas62@gmail.com,001-903-415-7906x74929,Fletcherstad,Weber-Acosta,4
E931342,Stephanie Miller,halljames@salas.biz,+1-179-030-3166x7048,Robertston,"Campbell, Rogers and Welch",16
E199833,April Jackson,lopezthomas@yu-martin.com,3083104844,Meltonstad,"Perez, Patel and Moran",8
E499561,Michelle Reynolds,robbinsalyssa@burke-everett.com,0540172209,Schmidthaven,Douglas Group,7
E713038,Dana Williams,sarahjacobs@castro-smith.net,571.241.3201x87958,Deleonmouth,Richards-Salazar,17
E188692,Russell Fitzgerald,vanessa35@yahoo.com,8843541654,Lake Jennifer,Diaz-Mitchell,16
E819809,Renee Ross,fperez@white.com,(336)590-7679,New Dennis,Scott Group,1
E481724,Susan Silva,rachel40@gmail.com,369-130-2993x128,Clarkmouth,Reed LLC,17
E746056,John Ho,angelicasnyder@soto.com,(345)305-8515,North Jennifer,Wilkins-Callahan,4
E664617,Edward Jones,mcintoshjaime@yahoo.com,8781591378,Port Brianland,Rodriguez-Jones,5
E842611,Dr. Melinda Wheeler,jacksonscott@kidd-fuller.com,967-748-8991,Lake Melissa,Gonzalez and Sons,13
E382915,Thomas Smith,williamsmartin@yahoo.com,006-803-0861x7747,East Stevenchester,Rodriguez-Williams,17
E935551,Emily Reid,storres@hotmail.com,+1-455-936-2498x223,Stacyborough,Smith-Delgado,17
E820000,Julie Bridges,theresapatton@thompson-mitchell.info,+1-067-816-2326x870,Cassandrastad,"Benitez, Shaffer and Davis",5
E387245,Dustin Taylor,jamieburns@hill.biz,106-672-3948x430,Charlesfurt,"Newman, Rubio and Chandler",7
E160579,Joseph Adkins,linda37@gmail.com,001-367-127-8212x03013,Davisberg,Bailey-Blankenship,13
E399250,Nicholas Carter,frazierfrank@cunningham.biz,387-686-0635x3081,Lake Gwendolyn,Carroll and Sons,19
E868599,Lisa Hernandez,sherry96@dunn-glass.com,(705)294-1866x0206,Port Amberland,Sullivan-Houston,6
E987954,Mr. Gary Strong,jeremy85@edwards-middleton.org,690.392.9408,North Hannahside,Brock-Herrera,1
E877422,Nicole Lambert,allison47@rose.com,(746)365-9782x8383,Mccormickfurt,Finley-Ritter,5
E300686,Joseph Daniels,diazjohn@hotmail.com,468.761.8201x67509,Johnsonmouth,Peters-Nelson,14
E326440,Emily Rivera,hmorgan@hotmail.com,+1-781-208-4924,Wattsville,Gibson-Ellis,7
E252547,Katelyn Ashley,umiller@yahoo.com,817.706.8703x609,South Saraborough,"Bowman, Campos and Nash",10
E726973,Ethan Wade,smcguire@hernandez.biz,778-738-6019x273,North Melissaport,Maldonado-Lewis,4
E140773,Nathan King,kdodson@long.com,395-224-5255,Richardton,Grant-Little,1
E286305,Jeffrey Luna,kylebrown@williams.net,786-087-9174x26434,Harrisonshire,"Bell, Wilson and Miller",11
E199442,Pamela Rodriguez,cheryl90@crawford.com,+1-346-928-0322x983,Washingtonside,Campbell-Evans,14
E249180,Edward Benjamin,brownjason@martinez.com,5877146783,Lake Christine,Brown-Todd,4
E568324,Peter Brown,lisa51@yahoo.com,001-022-196-2134x85568,West Stephaniebury,Tucker LLC,17
E968344,Kathryn Hayes,shieldskristina@garcia.biz,001-046-330-4648x891,East Paul,"Garcia, Glover and Graham",3
E378370,Kimberly Carlson,andreakaiser@hart-randolph.com,(044)298-2208x807,New Kimberlyland,Weber Group,3
E704799,William Davis,cheryl61@hotmail.com,(020)361-5851x49008,Amandaview,"Ramirez, Ballard and White",14
E559344,Donna Rodriguez,stevenmoreno@hendricks.com,001-428-032-7132x6161,Port Ginatown,Pena-Brown,16
E219885,Robert Carter,rodriguezjudith@jenkins.com,850.179.5324x09217,Kennethberg,Contreras-Gallegos,9
E321573,Jennifer Patton,huertamarie@gomez-green.info,633.249.6790,Dayport,Ross-Mosley,8
E323278,Jacqueline Coleman,andrea19@hotmail.com,(759)114-7270,North Krististad,"Barnes, Kennedy and Ryan",10
E446888,Chelsea Moreno,hector42@martinez.com,516.252.2247,South Robert,Guzman and Sons,4
E655555,Danielle Mcknight,ahahn@yahoo.com,123-858-6418x6969,Lake Jonborough,"Klein, Sanchez and Sparks",4
E667989,Jeremy Franklin,ccraig@campbell-owens.com,864.478.5835x401,East Roberttown,Robertson Inc,8
E173350,Jeffrey White DDS,barryellis@garcia-sellers.com,4743287070,South Tiffany,Lewis Ltd,6
E342163,Marcus Rose,eugenebrewer@gmail.com,050.056.7046x722,Lake Christina,"Larson, Miller and Young",15
E130217,Rhonda Johnson,annettelyons@daniels-dudley.net,+1-746-656-3321x11082,Daniellebury,Walters and Sons,5
E413320,Gregory Nolan,johnmendoza@hotmail.com,001-267-443-4352x745,South Matthewborough,"Farrell, Tucker and Key",6
E656808,John Sanders MD,jerry15@hotmail.com,+1-745-414-5221x0228,Scottton,Lloyd-Weaver,12
E623772,Tiffany Evans,mallory69@gibson.biz,507.258.4920x117,West Paulamouth,"Brooks, Davis and Beasley",12
E459941,Lori Le,nli@johnson-zimmerman.com,+1-075-154-3568x44415,Greenville,"Harris, Brown and Hill",8
E134120,Dr. Kayla Simon,brownedwin@mcintyre.com,468-311-0511x85623,East Parkerside,"Huff, Fry and Dickerson",6
E954927,Jamie Hudson,leebrian@baker.com,001-701-927-0913x356,Cassandraborough,Avery LLC,5
E581508,Thomas Bruce,sabrinajordan@yahoo.com,(569)376-5017x09384,Zacharychester,Owen-Santana,20
E112337,Bethany Jensen,wperez@martinez.net,001-728-697-1113x303,West Donna,Holmes-Nicholson,1
E867269,Whitney Williams,nixonwanda@gmail.com,(253)924-4323x54117,Port Alexandraside,"Faulkner, Chambers and Davis",17
E822576,Micheal Hess,tkelly@gmail.com,095-428-2065,Robertbury,Davis PLC,16
E825491,Mark Thomas,qphillips@harmon.com,934-910-7152x775,North Brian,Gonzales-Johns,10
E874698,Jamie Johnson,spencercynthia@nguyen.com,770.238.1828,Caldwellton,Howard-Scott,17
E231341,Mary Gray,mwood@gmail.com,(267)682-9609,Port Angela,Berg Ltd,15
E972038,Elizabeth Wright,cisnerosamanda@yahoo.com,+1-456-855-9623x67875,Jamesstad,Roberts LLC,16
E228845,Scott Richards,alexflores@hotmail.com,+1-917-050-4858x65611,Williamston,Santiago-Stanley,14
E838541,Kyle Carlson,catherine70@schaefer.biz,710-699-8058x9226,Emilyside,"Miller, Cisneros and Edwards",4
E624639,Robert Cook,uliu@yahoo.com,416-090-4943x47131,Anitafurt,Reed Ltd,1
E759963,Tammy Hartman,cathystokes@brown.biz,(085)955-8775,West Blakeshire,Davis Inc,12
E522893,Ronald Ingram,qrush@hotmail.com,3574924408,Port Johnton,Moss-Jones,15
E537775,Megan Poole,woodscandice@hotmail.com,070-574-2847,South Teresafurt,"Bradley, Garza and Hood",1
E371445,Dr. Hannah Nguyen,karenpatterson@hotmail.com,(573)926-8841x31029,Tatefurt,Porter-Powell,14
E125541,Connor Paul,fbrown@yahoo.com,565-452-4714,Port Dianaland,Harper-Fischer,8
E523270,Adam Mcdonald,edward92@nguyen.info,+1-988-426-4025,North Noahville,Allen-Maxwell,17
E918837,Bryan Pena,jenningsalex@medina.com,4768948599,North Crystal,"Johnson, Graves and Stein",19
E500493,Stacey Ellis,mckenziesusan@hotmail.com,1804949276,North Erinhaven,"Torres, Snyder and Patel",11
E941663,Darren Smith,woodsrobin@randall.com,001-525-726-1777x80689,South Nicolefort,Fowler-Flores,7
E122731,Andrew Castillo,hernandezjasmine@johnson-drake.org,3214761778,Ginamouth,Miller Inc,16
E424851,Micheal Reeves,matthewholmes@hotmail.com,633.956.2352x56289,Scottberg,Thomas Inc,2
E319491,Jason Mcintyre,cody03@velasquez.com,3138482365,Emilyfort,Santana-Stevens,3
E626499,Travis Hood,matthew06@hotmail.com,163.012.5203x933,Yangville,Rhodes-Silva,2
E934857,William Robinson,stevenrichardson@yahoo.com,001-018-452-2763,Jaredfurt,Anderson and Sons,11
E499270,Steven Ochoa,mcleancarol@cook.com,001-843-692-5906x0794,Christophershire,Reyes Ltd,16
E797937,Juan Jackson,ryan84@hayes.com,(140)584-8894x861,Dudleyberg,"Lopez, Woodward and Whitney",12
E646544,Steve Johnson,bethbrock@yahoo.com,533.545.0794,South Monica,"Hill, Sims and Wagner",7
E371397,Todd Robinson,taylorgregory@palmer.com,617-295-8932,Port Toddberg,Johnson-Barrera,12
E455414,Michael Hernandez,ortizshane@daniels.com,+1-494-828-1068x2268,East Davidborough,"Osborne, Lawrence and Mann",6
E174875,Elizabeth Carlson MD,john36@yahoo.com,379.145.1740,New Deniseborough,Willis-Case,1
E779963,Joshua Garcia,taylormichael@hotmail.com,609.865.6074,Matthewston,Webb-Anderson,8
E513477,Rachel Maxwell,ustephens@gmail.com,(660)794-0732x199,Waltonfort,"Miller, Scott and Dunn",19
E588983,Lauren Brown,danielharmon@gmail.com,(762)943-4775,Port Michael,Young Inc,8
E442914,Anthony Hamilton,linda72@yahoo.com,9079363840,Taraburgh,Williams-Freeman,1
E388625,Chad Silva,fmccormick@yahoo.com,540.256.0957x655,Port Jamesberg,Benjamin Ltd,7
E434694,Mary Jensen,pamela07@solis-owens.net,(723)775-8608x95161,Greenfurt,Meyer-Cook,1
E940804,Karen Cain,barbarahill@nguyen-ward.biz,832.611.6184x926,Hancockville,Jackson-Kim,10
E355085,Marcus Fleming,myersalyssa@rodriguez-weaver.com,+1-603-526-6074x12510,South Dana,Klein LLC,7
E932262,Rebecca Sellers,melissafischer@gmail.com,(159)890-0834,Nicolefort,"Howe, Ward and King",9
E793096,Sherri Green,kaylabrock@little.com,(541)926-7721x76980,Trevormouth,Patton-Butler,5
E410965,David Mays,brandon63@thornton.org,(750)716-5273x61529,North Amanda,Massey and Sons,9
E126627,Jennifer Robinson,richard66@hotmail.com,(257)743-1351,North Bryan,Norton Ltd,4
E753546,Alyssa Webster,vyoung@gmail.com,8723733705,Loganburgh,"Powell, Hernandez and Clark",15
E868433,Kaitlin Horne,kimkristi@holland.com,+1-646-770-7214x70363,New Sean,Mitchell LLC,9
E115564,Dillon Pineda,suzannemills@garcia.info,122-930-4544x5153,Jonesbury,"Gomez, Jackson and Wolfe",15
E375165,Christopher Fox,fhahn@harris.net,(548)155-7556x698,Port Arielhaven,Scott and Sons,8
E227911,Allen Rivas,alexander19@craig.com,001-243-773-1350x798,Hernandezburgh,Silva-Hines,14
E756352,Benjamin Rodriguez,osbornraymond@yahoo.com,001-425-717-1732,Lake Maryport,"Cross, Martinez and Fisher",1
E327503,Robin Gentry,wmay@yahoo.com,(110)575-2937,North Melissa,Murphy Inc,1
E655817,Mark Evans,ulane@gmail.com,+1-905-416-2125,Sarabury,Williams-Chavez,3
E211103,Shannon Miller,tara09@hotmail.com,956-083-8043,South Antonio,Shepherd-Grant,11
E865260,Jacqueline Hunt,sarahbaker@hotmail.com,1545181357,Lake Laurenberg,"Rodriguez, Cochran and Gilbert",15
E555688,Alexander Alexander,harpertonya@yahoo.com,0786887658,New Brittanyville,Hayes PLC,16
E369568,Theresa Crane,gomezkimberly@gardner.com,109-908-0724x45118,South Glennborough,Cobb Ltd,12
E897877,Angela Romero,marylittle@avila.com,011-971-4915,North Angela,"Howell, Torres and Mason",19
E985194,Alexandria Massey,dustin10@smith-silva.com,(051)324-5306,New Aliciabury,Sanchez-Mcdonald,5
E108245,Jason Payne,fjohns@gmail.com,468.794.1031,North Stevenview,"Love, Atkinson and Graham",13
E307369,Daniel Harrison,daniel53@dalton.biz,7373999271,New Bettyfort,Mercer Inc,6
E221194,Michael Perez,xrobinson@brooks.net,170.077.1747x2447,North Angela,"Nolan, Watkins and Norris",13
E913921,Anthony Stokes,jsanchez@gmail.com,(583)940-3467x27059,New Lisaburgh,Duncan PLC,16
E263593,Andrew Maynard,xduncan@yahoo.com,001-955-844-2829x4677,Rebeccatown,Garcia Group,11
E608952,Ashley Shaw,keith37@hotmail.com,001-287-592-0484x03422,Nicolefurt,"Ryan, Nelson and Jensen",7
E726941,Roger Smith,tonya92@hotmail.com,(190)395-2898,West Elizabethmouth,"Jackson, Stanley and Baker",6
E892352,Brian Miller,ann54@miller.com,001-284-408-9805x347,Lake Tammie,Castaneda-Zimmerman,7
E833827,Daniel Lee,holly36@hotmail.com,577-896-3391,New Tylerville,Lewis Group,9
E712241,Jared Patton,morrisonlaura@jimenez.info,215-590-6652x5757,Melissahaven,"Little, Martinez and Parker",20
E788627,Caroline Campbell,collinssarah@yahoo.com,(850)091-9932x20196,Lake Toddchester,"Jones, Johnson and Carr",10
E462248,Monica Rhodes,obrienkim@yahoo.com,+1-799-878-1309x19649,New William,"Tucker, Murray and Davis",11
E810399,Denise Taylor,katherinecampbell@yahoo.com,(316)657-5890,Denisechester,Lopez-Ayala,9
E679364,Caleb Nelson,bradleyhubbard@bennett-scott.biz,206-495-3014,Lake Melissaville,Levy-Harrison,5
E713415,Karen Barry,anne84@beck.biz,(799)236-3157x1938,Deleonhaven,Elliott Group,13
E257708,John Williams,patrick49@hotmail.com,001-159-847-6930,Lake Davidhaven,"Mitchell, White and Clark",4
E913734,Chase Nash,masoncrystal@morris.com,001-750-368-4663,West Amberfort,Ross and Sons,8
E707926,Victoria Soto,kylie39@singh.org,+1-133-428-5995x655,West Nicoleview,Green-Hicks,14
E424751,Alyssa Lawrence,christianmiller@peterson-johnson.net,001-197-280-0159x8837,South Taraburgh,Roberts PLC,5
E771265,Jennifer Bridges,brianevans@davis-peters.com,+1-017-616-2311x313,Albertchester,Cooley-Holland,14
E377189,Amanda Arnold,keithcarr@hotmail.com,(856)590-8116x83719,Lake Pamela,Figueroa Ltd,2
E307328,Christy Knox,russelladriana@james.com,321.674.6605,Montgomerystad,"Lee, Ford and Olson",9
E139048,Natalie Harrison,simpsontravis@perez-williams.com,(937)910-2545x489,Port Heathermouth,"Byrd, Hughes and Reynolds",5
E836617,Daniel Trevino,stevenhill@villegas.com,808.512.8514x0762,Lake Pam,Garcia-Cooper,1
E293612,Justin Hernandez,garcher@hawkins.com,887-770-9053x714,Zimmermanside,Goodwin Group,15
E867727,Eric Powell,stephenssean@anderson.com,121-775-1492x7172,Clarkeville,Adkins-Brown,19
E660045,Adam Mooney,mitchelltodd@erickson.com,704-016-8703x59120,Angelaborough,"Ramirez, Fields and Cabrera",1
E931996,Mary Ross,apadilla@hotmail.com,(586)346-8785,Wrightview,"Ramirez, Mccarthy and Hernandez",13
E724685,Brandi Lutz,hunterjennifer@yahoo.com,+1-310-716-9249x83906,West Juliamouth,Holden and Sons,5
E689503,William Martinez,walshfrancisco@hotmail.com,+1-763-273-1765,Martinport,Miller PLC,12
E712622,Keith Walters,richard52@jackson-thompson.net,+1-684-332-3586,Ryanport,"Owen, Johnson and Haynes",4
E988068,Julia Figueroa,armstrongmark@gordon.biz,(471)256-2173,Kentfurt,Taylor Group,14
E195019,Mary Smith,rmatthews@hotmail.com,546-467-4412x17315,South Christine,Harris Group,18
E704171,Tina Thomas,weaverpam@barr.com,3401062369,East Keithmouth,Mullins-Bell,19
E548411,Samuel Johnson,marquezmary@sanchez.com,432-991-8147,New Stephaniehaven,"Hughes, Lopez and Wilkerson",12
E833219,Robert Alvarez,ccook@sanders.info,001-291-436-9478x706,Glassshire,Garcia and Sons,20
E714398,Tonya Campbell,danajarvis@yahoo.com,256-253-0045,Angelicaberg,Jimenez Ltd,11
E623245,Derek Anderson,adamcarter@anderson-johnson.com,(392)594-5152x53305,Lake Charlesfurt,Gutierrez-Herrera,1
E825227,Frederick Curtis,alvarezelizabeth@gmail.com,001-623-024-6125x7138,Santanashire,"Williams, Mcdonald and Lowery",17
E248194,Madison Rowe,jeffreyscott@yahoo.com,001-489-097-3651,Mendozamouth,"Norman, Jordan and Sweeney",1
E910484,David Mcguire,yschultz@yahoo.com,666.614.3096x979,Lake Nicholaston,Miller Inc,19
E281920,Ruben Zimmerman,lcollier@hotmail.com,256-639-4134,Martinshire,Davis-King,18
E955319,Shelly Adkins,jbennett@fitzgerald.net,(882)367-1863,Russellfort,Johnson-Collins,1
E518245,Marissa Crawford,marshallherbert@rich.com,001-369-192-7449x46776,New Kimberlystad,Miller-Brown,1
E389607,Shawn Waters,christopheryoung@ramirez.biz,(593)959-7028x892,Hintonport,"Dominguez, Burton and Jones",20
E195116,Ashley Johnson,rarroyo@manning.com,192-448-3596x3046,Bauerport,Sanchez-Werner,18
E739825,Nicholas Turner,stephanieaguilar@hines.com,(085)779-8918x1082,Holmesside,"Brown, Campos and Carpenter",7
E875688,Sarah Lambert,ronald06@gmail.com,+1-369-308-3122,West Timothy,Mitchell Group,8
E892111,Cynthia Lopez,karafrost@hotmail.com,9020006846,West Christopherside,"Byrd, Smith and Singleton",4
E861415,Jacqueline Wallace,rpowell@yahoo.com,+1-063-712-1246x9772,Madisonmouth,Cole-Simpson,17
E286496,Margaret Brock,kristenarnold@gmail.com,532.869.1341,West Justin,Porter Group,5
E532846,Ashley Mitchell,powellkyle@reed.biz,646.891.2150x92719,Lake Emily,"Williams, Rowe and David",13
E496102,Bryan Roberts,michelle56@hotmail.com,038-689-0046,New Victoriaton,"Lynch, Torres and Lopez",14
E535287,James Steele MD,bryantnicole@johnson-torres.net,251-639-7656,Michaelville,Martin-Kelley,6
E276944,Vanessa Lopez,micheal37@wright.info,475-284-2931x2926,East Susan,Roberson Group,12
E213229,David Bauer,nelsonjessica@hotmail.com,212.970.2255,Port Michele,Huff and Sons,6
E176579,Jay Blackburn,xmitchell@duke-myers.org,001-780-659-0503,Nelsonberg,"Martinez, Santos and Tyler",7
E703892,Kendra Thomas,elizabeth62@yahoo.com,(366)107-8535,Lopezborough,Weiss PLC,6
E200524,Tina Lewis,vaughanjohn@gmail.com,175.150.9661x62987,Cunninghamhaven,"Aguilar, Ortega and Howell",9
E642511,Nicole Taylor,wolfscott@yahoo.com,930-838-2999,South Lauraside,"White, Lewis and Mckee",13
E966837,Dillon Ortiz,wendy46@gmail.com,614-177-8515,East Sarahfurt,"Mclean, Mayer and Rivera",10
E252152,Corey West,katiebell@bowers-craig.info,001-463-239-5042x65744,West Donald,Duncan-Griffin,6
E852382,Ricardo Harrison,eddie95@bartlett.com,+1-270-512-7694,North Donaldville,Williams PLC,7
E929752,Shawn Jordan,ubarnes@yahoo.com,735-389-7112,Morenochester,"Vargas, Thomas and Haynes",11
E331303,Kathleen Petersen,youngjonathan@torres-martinez.com,079-432-4964x2641,East Ryanfort,"Simon, Martin and Rivera",6
E209424,Cheryl Cabrera,ruth27@hotmail.com,917.803.9156,Johnsonside,Quinn-Mcdonald,6
E295619,Doris Buchanan,dbarton@carter.com,001-126-416-1908,South Stephanietown,Green Group,10
E721238,Kathryn Ruiz,mariareyes@boyer.net,223-300-9493x1586,Danielmouth,Adams-Smith,8
E201704,Erin Clay,yhicks@yahoo.com,5950698232,West James,Goodman LLC,13
E636189,Richard Ryan,kylewu@curtis-warner.com,623-809-8914x9833,Kathleenville,Brown-Velez,6
E851575,Stacey Perry,maureen72@yahoo.com,+1-863-237-2754,Sarahborough,"Williams, Wilson and Thomas",1
E644350,Edward Vaughan,mlynch@hotmail.com,(992)370-9138,South Chadborough,Sanchez-Davis,15
E365901,Anthony Dyer,donald60@yahoo.com,001-945-139-1912,Hillburgh,Bradley and Sons,7
E486464,Christopher Miller,edwinvalentine@hotmail.com,(299)293-0598x24447,Lake Brett,Ashley Group,16
E389397,Kimberly Nicholson,lmurphy@andrade.com,(096)198-0394x541,Grossside,Brown LLC,9
E943660,Carrie Jones,richard35@lee-eaton.com,001-010-903-5013x689,South Toni,Bell PLC,6
E736971,Steven Nash,carlosbarnes@solis.net,+1-859-602-0476x03038,Port Dennisside,Vega and Sons,3
E879698,Anthony Hawkins,colton35@keller-harris.com,9802655624,East Cheryl,"Baxter, Harris and Herrera",15
E394212,Albert Ruiz,wmejia@reed.com,001-686-739-0130x25510,Port Krista,Hayes-Wagner,19
E683317,Lauren Allen,shelby86@gmail.com,8662576007,North Julieborough,"Johnson, Richardson and Watkins",9
E562967,Dean Thornton,wscott@hopkins.net,108-847-1144,New Eric,"Sullivan, Esparza and Brown",6
E742513,David White,jordanjeffrey@hotmail.com,855-224-3223x994,Robertstad,"Kemp, Cummings and Yates",4
E997092,Kyle Crawford,mnelson@hotmail.com,+1-042-759-5080x510,Hicksview,"Frank, Vasquez and Coleman",4
E854754,Brian Clark,john58@smith.info,+1-198-198-6538,New Maria,Mayer and Sons,15
E257914,Joy Lee,nfarley@hotmail.com,(009)419-1032,Davidshire,"Rodriguez, Erickson and Clark",15
E879758,David Mitchell,jblevins@gmail.com,265-589-2260x1661,North Glenn,"Davis, Lyons and Bryant",1
E305534,Christian Wright,rhumphrey@thompson.info,001-412-509-6166x742,South Erica,Ramirez-Green,6
E737071,Carlos Hinton,tracylloyd@hotmail.com,161-203-3975,New Timothychester,Johnson-Williams,14
E411313,Tiffany Ortiz,johnsantana@roberts.org,(520)674-3882x07841,East Joyce,Villarreal-Klein,9
E821527,Jennifer Moreno,xcox@allen-holt.net,+1-083-251-5241x49908,East Davidland,Davis-Johnson,20
E996672,Philip Davies,davistracy@woods-richardson.biz,(298)543-0365x694,Lake Ricky,Davidson-King,17
E504416,Regina Hernandez,sonia16@gmail.com,+1-588-936-8573x7093,Dannyton,"Wright, Warren and Lyons",16
E632536,Wanda Cohen,patriciajames@lewis.com,150.683.9452,Lesliechester,Vasquez-Mendez,17
E163250,Gregory Andrade,linda03@murphy-mcclain.com,+1-009-261-3560x99899,New Felicia,Leon and Sons,8
E285091,Melanie Hunt,harry83@hotmail.com,(840)416-6786,South Erinmouth,Gomez-Underwood,14
E642251,Sarah Sanders,uharrison@gmail.com,5460559197,Kevinborough,Gomez LLC,20
E803660,Cindy Williams,brittanylee@miller-andrews.com,759-138-0693,Toddfurt,Herrera-Oconnor,8
E613267,Allison Jordan,amanda42@flowers.com,017.224.5603x55392,Jamieville,"Johnson, Lewis and Jones",20
E315721,Amanda Newman,stephanie43@yates-clements.com,720-285-3956,New Gabriela,"Stewart, Golden and Vincent",16
E257094,Andrew Garza,valdezchristopher@sanchez-buck.info,(983)972-8602x8420,Jeffborough,"Wells, Foley and Bond",1
E971866,Susan Williams,ghudson@hotmail.com,+1-231-480-2726x346,Carterfurt,Kennedy-Watts,7
E892447,Mary Jones,alexanderdeborah@yahoo.com,843.252.1953,South Robertport,Cole-Wilson,20
E334827,Dennis Rodgers,amywallace@hotmail.com,(981)138-5914x2396,North Allen,Myers-Meadows,4
E133573,Frank Brown,gthomas@hotmail.com,640-127-0307,Travischester,Reed Ltd,7
E463126,William Cochran,usanders@anderson-carr.com,+1-236-522-2227x385,East Thomas,"Sheppard, Brady and Macias",13
E292901,Elizabeth Marshall,dking@hotmail.com,919-302-2821x3592,West Rachel,Chung Group,3
E583106,William Pruitt,kwerner@yahoo.com,(911)894-3727,Jessicachester,Hall-Baker,12
E148652,Joshua Rodriguez,ewilson@yahoo.com,001-278-797-9564x07539,Deanberg,Crosby and Sons,5
E377858,David Weaver,vstokes@miller.com,+1-333-275-7860,North Christian,Larson Inc,1
E872403,Andrea Smith,pamelaalvarez@hotmail.com,0764676501,West Amberland,"Higgins, Thomas and Schmidt",1
E685041,Jennifer Davila,ramosrobert@williams.com,+1-206-273-3145x43590,East Jackside,Coleman-Miller,1
E366180,Michelle Francis,thomaskatrina@torres.com,(808)027-1484x0519,Port Stephenton,"Juarez, Bailey and Morris",16
E697240,Lisa Bowen,yprice@jenkins.com,001-173-310-3332x89734,Timothyport,Matthews-Scott,13
E244734,Jose Adams,megansmith@hotmail.com,547-790-7016,Lake Kimberly,Reynolds-Williams,10
E428854,Monica Thomas,jesse15@moore.com,075.899.6776,Reyesside,Ellis-Smith,1
E511969,Joshua Lawson,raymond96@paul.com,217-688-3150,North Donnatown,Lam Group,13
E700991,Christopher Howard,ntaylor@hayes.com,+1-231-762-8287x6133,Amandaport,"Newman, Mayo and Scott",14
E179649,Mark Jenkins,daniel72@hotmail.com,916.296.8131,Bryanville,"Campbell, Howell and Calhoun",10
E885149,Michelle Hale,khall@hotmail.com,+1-371-603-1917x549,Lake Michael,Patrick-Hansen,13
E404038,Claudia Rangel,olsonalexis@donovan-morgan.com,001-606-002-9041,North Sean,Sweeney LLC,5
E821594,Robert Kirk,houstonheidi@roberts-franco.com,296-805-6313x2142,Brownhaven,"Sherman, Mosley and Mays",13
E400316,Allison Walker,donnaprice@yahoo.com,(516)133-9135,Jacobbury,Cisneros-Black,12
E358967,David Cook,ronaldtaylor@taylor.com,001-828-242-3070x0293,North Katrinatown,Owens Ltd,3
E662331,Veronica Bush,david23@gmail.com,(564)205-1916x56995,Tanyaton,Cooke-Smith,6
E337753,Vanessa Daniels,haley74@brown.com,449.748.5420,Christymouth,"Dixon, Rubio and Hampton",3
E698204,Danielle Evans,denise16@hancock.com,176-090-3993x381,East Kevinland,"Rivera, Colon and Morales",16
E116504,Michael Smith,robert71@brown.com,+1-964-680-3855x0316,Thompsonstad,Crane PLC,16
E330359,Tammy Lowe,jperez@yahoo.com,870.283.5674x75730,Lake Bianca,"Mccoy, Herrera and Gould",14
E771506,Christopher West,williamedwards@williams.biz,+1-602-710-3292x517,Lake Christopherfurt,Khan-Stephenson,4
E715693,Kenneth Brooks,juarezcatherine@allen.com,836-570-2461x331,New Debra,Adams Ltd,13
E371609,Christopher Jones,phillip06@yahoo.com,(259)120-5197x60752,Robertsonfurt,Scott-Smith,7
E779021,Craig Melton,youngkevin@gmail.com,+1-267-202-1408x7916,Alisonfort,Rodriguez and Sons,11
E946947,Phillip Sanchez,marywood@hotmail.com,904.149.5764x93506,West Kimberly,Harper LLC,19
E461269,Kevin Alexander,hobrien@campbell-reed.net,9408142562,Mccormickberg,Alvarez-White,20
E858158,Sydney Ho,scottsteven@yahoo.com,001-575-019-6627x130,Whiteton,"Chen, Jimenez and Wood",18
E488826,Lori Morgan,lbrooks@gmail.com,(806)475-1579,Jennahaven,Wilcox PLC,4
E733401,Brittany Thornton,matthew49@hodges-cohen.com,+1-219-167-2498x9343,North Rickeytown,Sweeney PLC,5
E660918,Alexis Munoz,zgordon@miller-lee.com,354-423-3311x8488,East Ariana,Lopez Group,15
E229195,Deborah Holmes,tmccormick@baker-decker.com,001-484-908-2211,Calvinfurt,Smith-Ellison,3
E129734,Thomas Marshall,lthompson@perez.com,+1-899-505-0283,Lake Ricardo,"Lopez, Rowland and Coleman",10
E873532,Carlos Banks,amylopez@yahoo.com,8609389332,Zimmermanhaven,Pham-Smith,18
E693076,Andrew Arnold,roygregory@walker.biz,(646)264-0617x23736,Pittsmouth,Taylor-Cruz,3
E434799,Adam Baker,duncanjohnathan@gmail.com,+1-673-622-5409,Wellsborough,James-Taylor,7
E289551,Mackenzie Johnson,samanthafleming@mejia.com,6295700715,Cunninghamfurt,Smith and Sons,16
E415756,Sarah Rodriguez,jhenson@gmail.com,(588)373-1273x63761,Solisbury,Butler Inc,18
E619240,Molly Williams,erobinson@shannon.info,099.822.6489x64825,Laurenbury,"Gray, Stanley and Love",3
E669147,Kelly Haynes,sandrakirby@wright-adkins.com,001-149-658-4266x78537,Kimberlyborough,Stein LLC,12
E386659,Mark Werner,abigailmyers@gmail.com,(907)499-0215,West Emilyfort,Navarro-Hancock,1
E279187,John Williams,ypitts@yahoo.com,351-568-8799,Lake Eric,Hill Group,1
E259149,Nancy Charles,ibrown@rivera-klein.info,+1-270-884-5143x0299,East Jeffreyfort,"Le, Baker and Blake",12
E254201,Colleen Mitchell,andersonanthony@watson.net,4020000438,Donaldland,Moore Ltd,10
E371107,Scott Norton,dbradley@warren.com,985.229.9892,Robinsonfurt,"Olson, James and Jones",12
E858863,Sarah Goodwin,roblesdavid@gmail.com,(978)497-0028,Lake Jamie,"Wilson, Lester and Garcia",12
E995655,Joe King,svalentine@farrell-murphy.com,(667)973-9878,Haasland,"Blair, Kelly and Hudson",19
E715339,Robert Smith,inorris@yahoo.com,001-010-752-0939x371,Hendersonfurt,Moore PLC,2
E862574,Karen Ross,woodardjessica@gmail.com,249-644-9205x2096,South Tashamouth,Roberts-Daniels,1
E255706,Stephen Gaines,ruizbrandon@yahoo.com,878.416.3876,Ambermouth,Hunt Group,6
E479566,Larry Reynolds,fbender@gmail.com,001-275-227-3527x088,Robinsonhaven,Price-Walker,2
E794759,Shelby Howard,breanna85@gmail.com,001-518-358-8333x670,East Amandashire,"Perkins, Chapman and Bernard",13
E695500,Anthony Jenkins,zrandall@johnson.com,(806)266-8963x92155,Kelleyport,Hamilton-Rodriguez,6
E825679,Eric Crawford,rebeccasalinas@hotmail.com,001-452-949-2924x492,Port Teresaland,Hansen Inc,19
E420915,Matthew Richardson,bschneider@yahoo.com,(741)460-2919x632,Popeside,"Smith, Cook and Smith",10
E685396,Chad Stuart,tammybell@wade.biz,024-944-4786x179,Wyattshire,"Martin, Golden and Williams",4
E655085,Vanessa Boyer,gardnershane@scott.org,316-690-6599x5977,Matthewview,Howard-Murphy,4
E243106,Mary Green,bethschaefer@powell-ford.com,370.124.9258x6824,Tammyberg,Griffin Inc,4
E167960,Janice Perry,thomassean@benjamin.com,+1-288-644-2190x3492,New Megan,Adams-Hall,8
E295681,Jesse Ford,antonio76@gmail.com,001-335-814-8670,Kennethchester,"Wilson, Nelson and Potter",9
E558967,Karen Clark,connor99@nguyen.com,+1-999-435-1071x6810,Melissaville,Brown-Campbell,19
E166763,Ashley Landry,cainlinda@thomas.info,001-134-985-7412,New Arielfurt,"Marks, Carr and Nash",4
E192788,Richard Malone MD,markgreene@jones.com,(489)028-0083,Port Nicholas,Phillips-Johnson,19
E795039,Michelle Williams,tammy51@gmail.com,001-292-657-0602x42738,West Juliefurt,"Doyle, Gutierrez and Ritter",19
E150112,Clifford Thompson,brandi50@gmail.com,6037041852,West Charlesmouth,"Hernandez, Franklin and Cole",16
E151295,Andrea Becker,amandalopez@hotmail.com,+1-915-184-2130x1595,Port Marcmouth,Miller PLC,16
E479900,Craig Santos,ronaldmendoza@hotmail.com,1322063832,Diazside,Maddox PLC,15
E721129,Michael Floyd,ghammond@elliott.com,002.990.4911x3975,Smithmouth,"Garcia, Salinas and Douglas",11
E915489,Marie Barrett,ruizcory@mathews-duncan.com,875-895-3375x22159,Port Emilyview,Jones PLC,9
E367111,Aaron English,cherrycarla@yahoo.com,911.562.4097x804,East Jason,Lee-Austin,10
E978018,Zachary Rose,rogersbenjamin@yahoo.com,001-681-006-2430x701,South Katieville,"Lozano, Lopez and Perez",4
E871694,Sarah Galvan,pageamy@nelson.com,(272)646-5430x6046,Port Jeffreyberg,"Roberts, Odom and Hinton",14
E485637,Dana Webster,justinhale@hotmail.com,(141)097-0268x993,North Jasminehaven,Russell Inc,11
E359500,Andrew Williams,daniel50@anderson.org,001-074-790-1118x428,South Jesse,Knight Group,10
E909716,James Jones,martinadrienne@mcdonald-bowers.com,+1-849-282-7821x310,Hooverbury,Hall Ltd,4
E508114,Shannon Moore,joshua51@gmail.com,(043)821-8150x82447,Michaelbury,Stephens and Sons,14
E139758,Charles Oliver,klowe@jones.com,+1-456-126-3616x4505,New Cliffordmouth,Miller LLC,16
E624358,Marcus Giles,falexander@hotmail.com,665-687-8235,South Samantha,"Harris, Tran and Austin",9
E866279,Jennifer Lewis,patriciashort@phelps.biz,+1-814-140-6348x08435,Michellefurt,Stokes-Cummings,4
E948248,Paula Odonnell,vtate@hotmail.com,321.278.5065,West Kimberly,Miller-Perez,11
E174687,Timothy Baird,bushroy@mejia-maldonado.biz,(212)302-4902x544,Laurieton,"Meyer, Young and Kelly",3
E604433,Christopher Chen,patriciaandrade@brooks.com,(217)091-1904x0027,East Mark,"Cooper, Sutton and Walker",9
E303709,Justin Warren,myersshelby@smith.info,+1-270-242-2867,Bobview,Walter-Orr,16
E104854,Michael Roberts,ksingleton@gmail.com,908-724-8774x660,Nicholasberg,Bolton Group,11
E420679,Ms. Sarah Greer MD,kyleruiz@burnett.info,205.920.6847x938,West Rhonda,Costa Inc,15
E557389,Jason Richardson,michael49@yahoo.com,+1-370-987-3270x998,East Jenniferborough,Reid-Collins,11
E294334,Donald Stein,yreyes@yahoo.com,(240)183-5952,West Laurenfort,"Moore, Jackson and Lee",7
E853554,Timothy Browning,wbrown@romero-rivera.biz,189-064-0069,Dyerstad,Rogers Group,13
E789132,Kerry Wilson,timothyhill@hotmail.com,855-922-4475,Sonyaside,"Hogan, Middleton and Parrish",12
E560358,Justin Williams,alexis21@yahoo.com,(546)684-4486,South Elizabeth,"Harris, Stewart and Cabrera",13
E861489,Terry Tran,bcurtis@yahoo.com,(286)369-4149x83561,Robertsonbury,Morales and Sons,5
E388833,Ashley Richards,johnsterrance@brown.com,(793)316-3646x21634,Port Karen,Butler and Sons,14
E805923,Christopher Blankenship,millskimberly@jones.org,(963)728-9532,South Susanland,Hudson LLC,15
E348310,Caitlin Jones,egonzales@newton.com,001-024-672-6693,Lake Brandi,"Mills, Griffith and Black",5
E836863,Sharon Martin,sparksnicholas@wolf.com,(206)652-5112x17546,Chadbury,"Lozano, Shields and Vincent",13
E936301,Cheryl Lee,vheath@gmail.com,428.965.6527x203,Lake Andrea,"Rivera, Garza and Garrett",18
E997979,William Aguirre,larrystevens@hotmail.com,+1-411-425-3276x02778,West Kristine,Williams-Ellison,8
E764633,Mason Huynh,timhaas@arias.com,745.406.4647,Lawsonmouth,Reed and Sons,4
E128375,Holly Contreras,davismary@patterson.com,001-742-389-3287x56297,West Sandrastad,Holder-Barajas,12
E973313,Audrey Hernandez,jo51@garcia.com,276-468-3118,South Brittanytown,Doyle Group,8
E696600,Jose Jones,reneedunn@hotmail.com,(855)772-6897,East Derrick,"Riggs, Walker and Robertson",1
E685202,Felicia Robinson,hernandezanne@crawford.com,8005949641,Brendaport,Ritter-Crawford,11
E686511,Jeffrey May,stevenfrank@jackson.com,428-670-2848,Patrickbury,Bauer Ltd,14
E508382,Susan Hayden,monicagalvan@lee.com,+1-322-621-4805x93640,Jessicaport,Dawson-Thompson,14
E807129,Andrew Thompson,stephaniefernandez@hotmail.com,5724364043,South Anna,"Nelson, Lawson and Graham",12
E973541,Regina Rhodes,osoto@yahoo.com,001-183-058-7172x9206,East Michael,"Anderson, Farley and Castro",5
E330712,Sue Bush,baileymegan@stephenson-davis.info,933.582.3648x871,Ramoschester,Torres-Gregory,16
E589097,Kathleen Armstrong,adam70@yahoo.com,(656)078-6031x342,East Antonioland,"Humphrey, Lawrence and Jacobson",16
E190175,Brian Espinoza,dsmith@yahoo.com,(346)836-3481,New Lisaberg,"Bailey, Perez and Williams",4
E914979,Jennifer Smith,smartin@lynch.com,+1-042-651-7447x99332,Michellefurt,"Dougherty, Ramos and Skinner",18
E307301,John Barr,qsawyer@gmail.com,+1-138-506-4004x15165,Whiteberg,Hall LLC,17
E403537,Samuel Schwartz,bdonovan@gmail.com,+1-479-340-7762x67158,Simonchester,"Marshall, Bennett and Mason",1
E273533,Sarah Williams,christian53@gmail.com,962-963-2355x371,South Zacharychester,Colon-Scott,3
E986252,Caitlin Garcia,mason75@ryan.com,001-329-522-6263x20232,Alexandriashire,Johnson-Duncan,13
E176548,Daniel Graham,ccortez@hotmail.com,(864)541-9341x989,Lauraland,Mcdaniel-Tucker,17
E989370,Kendra Obrien,elizabethbrown@ford.biz,119-239-9919x5238,Craigburgh,"Lewis, Stone and Koch",5
E738521,Jeremy Contreras,josephwheeler@gray-lee.org,578.273.5006x700,Jonestown,"Cooper, Cummings and Reyes",18
E794788,Courtney Harris,lauraconley@barron.net,786.063.5465,Lunamouth,Le Group,1
E762273,Joel Ross,woodsjoseph@howard-moore.biz,573.488.2636x67656,Harrisonton,Watkins Group,2
E385232,Candace Evans,josephwilson@grant.com,780.013.0186,Marcustown,Ortiz Inc,12
E402145,Mr. Brian Garcia,mmurray@reyes.com,+1-201-258-7014,North Jacobburgh,Webb-Medina,3
E261953,Mr. Joshua Browning,petersteele@yahoo.com,886.855.7828,Wesleystad,Mitchell-Walsh,4
E904317,Linda Williams,jasonmcdonald@clark.com,111.841.7819x670,North Jeff,Welch Inc,6
E817886,Samantha Valentine,rachel75@buchanan.com,635-604-4322x6692,East Kaylee,Cooley Group,9
E532900,Michael Chen,kimberlyrice@turner.com,773-615-7161,South Amanda,Roberts-Taylor,12
E303705,Emily Mckenzie,wsantiago@obrien.com,1975908116,West Tiffanyland,Sanchez LLC,15
E646286,Eric Olsen,wrightdylan@yahoo.com,908.575.6244,Meyerland,"Nichols, Khan and Williamson",6
E710535,Justin Flores,steven10@hotmail.com,+1-708-793-4024x518,East Wayne,Brown-Moore,1
E817241,Margaret Wright,garywilliams@hotmail.com,001-555-005-9010x2594,West Jenniferberg,"Boyle, Cole and Taylor",1
E617219,Sara Morgan,fergusonjennifer@vargas-cantu.info,702.186.4601x9433,Kennedyland,Boyle-Sheppard,5
E814943,Karen Mcdowell,tabithawilliams@gmail.com,(942)016-1200x96744,Stephanietown,"Richardson, Byrd and Rojas",8
E811017,Kristin Vazquez,mspencer@yahoo.com,+1-390-793-5586x6570,West Emilyburgh,Allen LLC,6
E648609,Mary Thompson,smeyer@gmail.com,394-798-1618x3938,Lake Tiffanychester,Moore and Sons,10
E348900,Cynthia Miller,lamheather@phillips-lopez.com,+1-695-081-1983x5887,Tuckertown,Gonzalez-Pruitt,9
E520663,Dr. Christine Gonzales,brianjefferson@ortega.com,001-553-131-3376x290,Kathleenhaven,Gibbs PLC,9
E595053,Brittany Barrera,matthewwilson@romero-jimenez.biz,3501596842,Lake Timothyview,Mitchell and Sons,7
E878941,David Phillips,fbrandt@yahoo.com,3787132034,East Taylor,"Lopez, Gould and Summers",7
E700623,Catherine Miles,kerri68@smith-perkins.biz,369.292.6971,Gonzalezstad,King-Smith,5
E863787,Lisa Sanchez,joel89@vega.com,950-230-4483,South Bobby,"Williams, Hammond and Short",1
E620962,Johnny Ellis,randall12@yahoo.com,(677)925-4298,North Donaldburgh,Miller PLC,3
E300063,Christopher Powell,allison57@gmail.com,431-584-3905,Smithfurt,Roberson Group,2
E175307,Aaron Lopez,michael30@gmail.com,483-061-9426,Paulstad,Keller-Morgan,3
E202413,Robin Brandt,james72@steele.biz,934.875.4866x659,East Christinaberg,Jones-Taylor,19
E541127,William Barnes,dianagardner@walker.com,(089)738-4118,Zamorafurt,Hanna-Rodriguez,2
E725468,Jimmy Peterson,angela73@hotmail.com,(751)062-2642x711,Catherinechester,Mason Ltd,6
E595527,Mr. Matthew Smith,hectorwatkins@yahoo.com,349-900-9840x4947,New Kathleen,Rodriguez-Warner,17
E786940,Jordan Nichols,laurenkemp@shaw.info,(788)579-5895x6441,Rosalesshire,Becker Group,5
E558616,Amanda Ford,llutz@ingram.com,2977843951,Brightfort,Obrien-West,12
E948982,Dustin Jones,djones@cooper.com,190-923-9454x5371,West Ryanville,Jackson Group,12
E210188,Shawna Jennings,sbowman@yahoo.com,001-013-591-3827,West Stephen,Moore-Spencer,20
E357455,Laura Park,carlos23@morgan.com,145.449.5315x02765,South Lisaport,Lewis Ltd,1
E438216,Cassandra Johnson,wlopez@yahoo.com,001-595-294-4616x46145,South Ann,"Blair, Griffin and Martin",3
E653662,Debra Valencia,christine23@long.com,831.992.7640,North Laura,"Singleton, Brown and Vasquez",10
E781792,Jack Hernandez,gbright@anderson.info,(901)495-9027,Michelefort,Johnson PLC,19
E811547,Cheryl Dalton,walkerbradley@martinez.com,136.506.3553x453,North Sharon,Clark Ltd,19
E190657,Michele Burton,ryan16@yahoo.com,2892212782,New Josephland,Moran PLC,8
E208507,Joseph Garcia,dukemichael@yahoo.com,(656)201-4365x2580,North Heatherside,"Stanton, Fernandez and Davis",20
E144156,Dawn Smith,adavid@oneill.org,+1-176-704-3269x9190,Wareport,Washington PLC,11
E318252,Ronald Lutz,alicia46@yahoo.com,570.119.1771x333,Moyerburgh,Sparks PLC,14
E388228,Julian Murphy,julieharris@yahoo.com,265-366-2042,Adamsmouth,Davis Inc,4
E161770,Brenda Obrien,chelsey28@jacobs.com,+1-743-862-6183,East Douglasfort,"Kim, Bradley and Callahan",18
E920612,Mark Baker,williamscaroline@cook-roberts.info,+1-260-884-3705x5137,East Henrymouth,Turner-Li,14
E906047,John Carr,qsnyder@yahoo.com,055.990.8241x59701,Davisfort,"Garcia, Miller and Kirby",12
E957915,George Mccall DVM,bking@watkins-cook.org,+1-501-456-6631x3807,Patriciaview,"Garza, Smith and Barry",14
E474611,Melinda Hall,rossmatthew@hernandez-fitzpatrick.info,+1-337-036-7499x143,Lake Stephaniechester,Meyer PLC,10
E768818,Mary Douglas MD,mcculloughchristopher@gmail.com,(249)143-1651x80740,Smithbury,Hill-Cardenas,18
E568996,Scott Conway,amartinez@yahoo.com,001-098-248-8922x83295,Fosterton,Ray Ltd,17
E782277,Dawn Madden,mendozajulie@jenkins.com,001-948-703-9427x782,Lake Christina,Pacheco Inc,10
E352564,Katie Allen,jonesemily@yahoo.com,380-651-9844x98655,Joneshaven,Campbell Ltd,13
E657704,Ryan Willis,wshelton@sullivan.com,001-603-214-1555x0873,Port Williamfort,Jennings Inc,4
E409837,Robert Howard,kimberlymorrow@anderson.com,315-665-0014x40054,Lake Stephanieport,Reynolds-Hill,9
E878434,David Davis,taylorshirley@gmail.com,001-099-449-8841,Lake Chaseberg,"Sims, Gray and Parks",1
E552154,Amy Foster,jimenezdavid@hotmail.com,135.100.9748,Lake Shanefurt,Smith-Wilson,17
E462327,Billy Wilson,david57@jacobson.com,001-828-750-5299x8490,Port Marieburgh,Johnson-Kelley,17
E323846,Natasha Hicks,lhicks@hubbard.info,711.033.2252x3305,Josephport,"Ayala, Washington and Lewis",1
E395851,Mrs. Christina Hodge DVM,tylerestrada@yahoo.com,075.540.7163,Chelseaton,"Hatfield, Durham and Williams",9
E767357,Sheila Craig,jbrown@yahoo.com,(352)610-8756x907,Thomasside,"Velasquez, Wagner and Olson",14
E153461,Kayla Lane,huberadrian@hotmail.com,301.912.2156,Anthonyfurt,Rodriguez-Cooper,16
E267357,Jeffrey Hernandez,murphyandrea@yahoo.com,+1-442-460-6345x197,Kennethchester,"Wade, George and Walters",2
E985644,Steven Delgado,gina12@king.com,+1-207-133-0764x2416,Pooleton,Wilcox Ltd,20
E181767,Crystal Jones PhD,kelli75@hotmail.com,117-562-2839,Courtneyborough,Williams-Bird,6
E108537,Regina Barnes,nsullivan@gmail.com,015.308.5186x146,New Michelle,Cooper Ltd,10
E701000,Mary Jones,gilbertlindsay@martin.com,(477)553-7855,Port Donna,Bradley Inc,7
E484209,Helen Morse,ymclaughlin@salinas.com,001-305-746-7079x016,New Diana,Anderson PLC,15
E586679,James White,michael67@yahoo.com,001-381-696-4352x717,Andradeview,"Jones, Parsons and Harris",9
E623936,Vanessa Schmitt,samuel87@griffin.com,+1-968-874-2046x160,West Stacey,Wright and Sons,12
E984026,Donald Fitzgerald,barnesrachel@walker.biz,668.908.4875x4690,Holmesfort,"Wagner, Foster and Ward",5
E911737,Mr. Douglas Bennett,rhonda30@hotmail.com,435.158.5669x9032,Markstad,"Horne, Martin and Snyder",8
E962238,Michael Davila,tmitchell@stein.com,+1-176-908-9563x196,Leontown,"Taylor, Chan and Flores",12
E449354,Tony Reyes,tonykramer@holmes.biz,090-850-5234x3037,Wongborough,"Lopez, Ashley and Phillips",8
E522765,Michael Christensen,taylorsusan@barrera-murphy.com,851.666.7791x831,East Ronald,West PLC,16
E687386,Adam Williams,lbarton@green-patel.com,1158833492,Susantown,"Steele, Doyle and Cain",8
E898509,Kayla White,sheltonandrew@payne.biz,(549)713-7735x7760,South Carmen,"Sparks, Rivera and Davis",11
E193441,Erica Rodriguez,sarahalexander@yahoo.com,001-629-182-0222,Walkerville,Ross-Martinez,4
E823415,Steve Bass,bushrobert@yahoo.com,(807)846-5176x98113,Joycemouth,Davis-Robinson,1
E600923,Amanda Hodges,carlos98@bailey-potter.com,001-440-876-8592,East Davidport,Clayton-Hall,11
E469055,Joseph Zuniga,georgesimon@hotmail.com,587.151.9950x3819,Gordonport,"Santos, Clements and Miller",2
E609359,Katrina Patton,goodwindavid@gmail.com,939.106.8396x730,Port Michael,"Brooks, Smith and Williams",9
E523051,Katherine Nguyen,alejandromiller@gmail.com,314.798.5532x16909,Lake Angelabury,Smith-Jenkins,6
E566257,Julia Reed,jacqueline89@lewis.net,001-542-185-6961x12054,North David,Blankenship Group,8
E810141,Chelsea Owen,grobinson@hotmail.com,832.209.3086x8517,Lake Jenniferstad,Chambers-Burton,9
E561921,Daniel Johnson,terrimartin@perry-miller.com,+1-095-001-0027x4390,Christopherberg,Hess Group,1
E429833,Richard Ingram,robertmartinez@yahoo.com,927-827-6453x322,East Teresa,Thomas-Kelly,18
E312182,Austin Schneider,cowanmichael@haynes.com,6356507181,Lake Mark,Hill and Sons,8
E914263,Stephen Calderon,alexandra19@wilson.com,(727)083-5479x431,Hardingland,Cantu Group,1
E999171,Andrea Jones,murraychristopher@hotmail.com,7181522623,Hallview,Williams-Lopez,4
E274970,Jeff White,rileydavis@frey.com,787-796-1961,North Georgemouth,Rose PLC,16
E327382,Jessica Villa,jorgegutierrez@medina.com,(603)378-1782,Lake John,Malone-Hubbard,8
E110255,Michael Yoder,lisawolfe@lewis.com,001-207-565-6880,Solomonbury,Hunt-Brooks,6
E613685,Gregory Ellison,ystewart@yahoo.com,001-605-891-9628x22351,Paulchester,"Smith, Lee and Salas",10
E864091,Dustin Wilcox,gayala@ryan.com,001-966-342-8856x32307,New Christopherburgh,Carpenter-Dean,3
E998826,Steven Andrews,diana44@rivera.com,001-683-497-0670x03532,Mcgrathton,Evans PLC,17
E212981,Margaret Dickerson,reginald61@gmail.com,(788)675-7152x93233,Sharonmouth,"Schmitt, Hernandez and Moore",7
E432029,Christopher Rogers,zmcknight@rubio.com,(261)464-5639,Marvinmouth,"Johnson, Williams and Sparks",6
E294980,Erica Norris,tmason@gmail.com,277.406.4827x9042,South Karenhaven,Jordan-Hanson,1
E512715,Crystal Smith,jacksonkevin@hotmail.com,+1-891-081-4033,Bridgetmouth,George Group,2
E530709,Kathryn Robinson,pearsonadam@yahoo.com,7619686110,Kimview,"Tucker, Cohen and Hammond",7
E863676,Pamela Jones,rosalesrobert@bennett-vargas.com,001-045-372-4023x7791,West Charles,Williams-Figueroa,16
E780111,Ashley Stephens,joshua00@hotmail.com,+1-663-184-6802x086,Lake Bryanport,"West, Woodward and Howard",1
E155754,Jonathan Perry,fjackson@velez.com,(223)578-0572,Port Kevinshire,Ellis-Guerra,19
E715886,Tonya Price,jroberts@hotmail.com,+1-215-463-1230x685,Lutzland,Martin PLC,9
E471435,Jennifer Smith,hernandezerin@peterson-lee.com,+1-749-674-6495x74800,Bassport,Baker-Howe,5
E500229,Brandy Sanchez,elizabeth61@robinson.biz,(363)977-6667x602,Millerfurt,Frank-Saunders,12
E287156,Jeremy Lopez,kellyrichard@swanson.com,0564420345,South Jimmy,"Stanley, Sanchez and Valdez",11
E403479,Richard Douglas,helengarcia@yahoo.com,001-175-011-5632,Williamsport,Simmons Inc,6
E139598,Hannah Clark,derekhayes@blackwell-griffin.org,125.783.0706,Shannonfort,"Mccarthy, Lang and Downs",18
E602492,Daniel Long,garciajason@yahoo.com,+1-061-871-8337x375,Huertachester,Mann-Solis,19
E611091,Danielle Smith,william39@davis-rowland.info,220-335-8116x7608,Christineville,"Johns, Miller and Carter",8
E255612,Dale Watson,dunncarlos@williams-yates.com,001-035-183-6488x45078,Foxton,Bird Ltd,13
E415063,Adrian Aguilar,moorebrittany@yahoo.com,001-746-538-5683x95260,North Daniel,Yang-Burns,3
E468582,Dr. Joy Collins,myerskimberly@hotmail.com,0461099103,Andrewmouth,Brennan-Hale,20
E585028,Christina Ward,mccluredaniel@ross.com,6821430514,Emilyhaven,Hoffman Group,15
E797698,Karla Buck,latoya56@hotmail.com,703-489-1308x523,Mortonhaven,"Marshall, Hernandez and Patterson",6
E623237,Dale Smith DDS,ariana62@alexander-nichols.biz,001-825-111-9123x37842,West Yolanda,"Moon, Ellis and Peterson",18
E630406,Clayton Davenport,zwebb@yahoo.com,(124)072-3989,Lake Ronald,Nelson PLC,13
E597806,Rachel Reynolds,amandakelley@yahoo.com,416.075.8864x6468,Cynthiaport,"Miller, Clark and Little",16
E725687,Lisa Johnson,donald52@hernandez.com,(016)773-1913x16343,South Steventon,Hood-Williams,16
E661627,Jack Jefferson,brenda41@long-edwards.biz,371-206-7347,Hernandezton,"Fox, Harris and Alexander",2
E272289,Jennifer Paul,melissajohnson@yahoo.com,(815)250-8596x53050,Dawntown,Esparza Group,7
E501167,Marcus Sanders,jeffrey72@hotmail.com,+1-932-567-6005,North Frankfort,Martin Ltd,20
E179364,Nathaniel Gomez,bdavis@morgan-henderson.com,+1-264-611-0804x147,South Anna,Lucero and Sons,17
E875281,Steve Rojas,terrymicheal@hawkins.info,420.724.5884x302,Nicholasshire,Obrien-Sullivan,18
E391734,John Ward,raymondkrueger@gmail.com,076-524-7455,Jennychester,Morris Ltd,7
E285985,Laura Mitchell MD,whitecurtis@hotmail.com,+1-471-054-3799x3526,Cruzton,"Sanchez, Hart and Sampson",8
E156612,Samantha Chen,ronaldbaldwin@gmail.com,001-578-653-0038,Jessicaburgh,Rosales LLC,20
E999597,Dr. Kenneth Williams,jeremy01@yahoo.com,(619)452-4733,Daviesshire,Mcpherson Group,2
E659052,Kevin Stephens,john10@hotmail.com,964.049.3986x985,Lindaville,Vega-Nguyen,17
E991150,Charles Wang,pchristensen@garcia.com,587.003.8525x1644,South Sarahchester,Cook-Munoz,18
E137611,Benjamin Miller,sherryhamilton@gmail.com,703-161-5331,Alejandrochester,Welch Ltd,11
E473580,Karen Nunez,efranco@yahoo.com,172-512-1226x32260,Richardfort,Osborne-Jackson,11
E502870,Patrick Washington,ktaylor@hotmail.com,074-482-5574,Cynthiafort,"Davis, Newton and Reyes",14
E462262,Denise Davis,veronica94@beck-bauer.com,353.664.9547x3260,Sherriborough,Allison Ltd,16
E918443,Robert Ritter,craigdebbie@ellis-collier.org,980.273.5454x14367,Alishaton,"Hughes, Hernandez and Campbell",11
E570204,Tammy Davis,molly00@shaffer.com,(770)655-1077x3259,East Michael,Spears-Martinez,14
E620122,Stephanie Howard,maria97@yahoo.com,(172)184-9210x816,Burnsmouth,"Cortez, Benson and Underwood",16
E125787,Joshua May,rbecker@gmail.com,(056)321-2029,South Nicoletown,Alexander Group,19
E378356,Brent Martin,kaitlin60@hill-johnson.com,029-658-2115x44822,Reedchester,"Valdez, Tate and Jones",16
E498981,Mary Price,patricksolomon@yahoo.com,476-903-9027x361,East Kimberlymouth,"Robinson, Sherman and Rose",4
E426220,Carlos Edwards,brenda44@gmail.com,918.004.3616x44559,Gregorymouth,"Davidson, Baker and Coffey",11
E924468,James Spence,judithlewis@gmail.com,891.070.1530x42505,Port Natalieville,"Gonzales, Green and Riley",17
E856491,Helen Foster,zacharyperez@medina.com,+1-746-262-1921,East Robertview,Tucker-Burgess,7
E208163,Jennifer Williams,kristinaeaton@yahoo.com,+1-428-171-3656,North Phyllisborough,Harris-Garcia,7
E898299,Anne Wolf,whiteheadrodney@gmail.com,743-551-3487,Rangelfort,"Mcdonald, Cameron and Brooks",17
E532413,Melissa Colon,kenneth80@hotmail.com,008.046.5199,Port Nicole,"Smith, Howard and Davis",6
E135706,Henry Smith,omorrison@yahoo.com,(558)723-2765,Port Darryl,Davis Inc,1
E496294,Stephanie Salazar,maryrasmussen@henry.com,(246)866-5983,West Jacobville,"Larson, Gardner and Fuller",12
E289420,Amy Lynch,alopez@yahoo.com,6450442028,Meltonshire,Blankenship Inc,9
E636740,Steven Smith,levynancy@yahoo.com,536.984.6543,South Megantown,Noble LLC,2
E101461,Gabriela Sanchez,marcus19@gmail.com,290.265.1578x0258,South Brandonstad,"Malone, Franco and Ramirez",18
E155302,Jason Griffin,ryannicole@clark-gallagher.net,+1-982-443-2827x950,West Joshua,Pham-Harvey,3
E203331,Jade Noble,websterjessica@gmail.com,328-432-5947x72953,Jaredfurt,Perry Group,17
E594559,Mindy Long,hernandezpatricia@hotmail.com,782.774.1467x130,North Nathan,"Ward, Butler and Coleman",14
E654776,Amy Stewart,phillipswayne@davidson.com,418-297-1470x387,East Karenville,"Delacruz, Carlson and Miles",1
E630956,Thomas Smith,vhawkins@colon-french.biz,815-238-3843x6688,Kellyville,"Sharp, Manning and Woods",6
E518488,Craig Henderson,maynardjill@mccann-reyes.biz,(933)279-5099x222,North Mary,"Owens, Boyle and Wyatt",15
E663785,Christy Hunter,brianyoung@hotmail.com,7407521953,East Stephenport,"Williams, Palmer and Morgan",6
E373455,Edward Torres,alexandriawilliamson@gmail.com,870.246.7753,Taylorhaven,"Ballard, Martin and Sherman",19
E371082,James Ryan,kgreer@petersen.biz,001-139-128-1972x260,Tanyamouth,Brown-Wang,7
E905685,Glen Weber,caindavid@gmail.com,241-577-0684x261,Lake Amandaview,"Payne, Mora and Vance",13
E526850,Tammy Stevenson,hooverhunter@morgan-sanchez.com,074-436-7382x711,Michaelhaven,"Miller, Berry and Taylor",14
E418298,Karla Burgess,marshallscott@hotmail.com,(820)256-0020x71801,Lake Christopher,Hutchinson Ltd,20
E524145,Scott Sanchez,leekristin@gmail.com,+1-665-987-6444x697,South Heatherhaven,Walker-Ford,15
E380672,Joshua Garcia,jjones@gmail.com,(630)196-5731,Carterville,"Carroll, Guerra and Morgan",5
E331060,Michael Baker,andrew20@cole.net,767-602-9471x393,Bryantport,Atkinson PLC,14
E368770,Angela Davis MD,jason73@hotmail.com,1182170839,Sawyerside,"Doyle, Guerrero and Faulkner",1
E378859,Carl Hines,fosterkristen@thomas.com,207.078.9514,Heatherhaven,Howard-Johnson,2
E161538,Michelle Mcgrath,amandayoung@norton.com,(700)073-3276x2543,East Cynthiaside,Pierce-Hart,9
E408959,Maria Scott,brian96@wallace-wood.com,465-217-1615x0033,East Cody,"Carr, Myers and Nelson",10
E134532,Christina Mendez,jeanne94@hotmail.com,0829130084,North Linda,Hays-Horton,7
E787677,Dale Allen,adamjohnson@hotmail.com,(435)773-7095x17911,Molinatown,"Scott, Meadows and Caldwell",7
E416870,Dr. Lori Rose,mfranklin@may.com,(212)592-5579x06048,East Matthewtown,Mcneil Inc,12
E968542,Andrew Murray,justinrichardson@owens.info,001-920-495-8128,Powellfurt,Coleman Inc,1
E977977,Cynthia Miller,michellerice@gmail.com,(783)526-8740x595,Shaunside,"Dean, Bennett and Vargas",5
E406228,Gabriella Moses,uschmidt@davis.com,(176)317-2022x81364,Atkinsshire,Mcdonald Ltd,7
E663792,Michelle Roberts,bandersen@yahoo.com,240-574-3142,Cookstad,Gallegos Group,13
E470199,Thomas Matthews,donnakim@floyd-lopez.com,889-706-9132,Gouldmouth,"Lyons, Rodriguez and Reeves",14
E992905,Shannon Chan,pamela62@schultz-nash.net,(881)015-2476,Masonville,Davis PLC,3
E418268,Anita Watkins,gmarquez@white.org,712.649.9788x2818,Lake Richardberg,Mcbride LLC,4
E631228,Michele Beasley,scottcrystal@gmail.com,994.208.0267,Ashleyville,Oliver and Sons,15
E208676,Linda Franklin,oliviadavis@yahoo.com,+1-854-584-0463x3574,Port Stephaniefort,Zimmerman-Miller,12
E792789,Kimberly Lamb,diana41@gmail.com,299.425.0907,North Peter,Cole-Jones,8
E814455,Barbara Patterson,susan78@hotmail.com,001-596-182-6624x871,Millermouth,"Ellison, Reed and Burke",17
E512378,Timothy Bond,xgonzalez@hotmail.com,(832)348-9416x399,Sheaview,Adams-Johnson,13
E988443,Robert Jones,pamelafox@jacobs-smith.net,(943)292-5286x738,North Sarah,Jensen PLC,14
E109643,Jennifer Reed,zmoore@jenkins-ross.org,406-869-4649x81125,Mistybury,Garcia and Sons,10
E535640,Sabrina Adams,katrinachambers@palmer-pierce.net,001-498-843-2768x4309,Heatherfurt,Delgado-Dunn,5
E565420,Paula Newton,kellymercer@hotmail.com,494-153-1358x454,East Amandafurt,"Bennett, Montoya and Williams",2
E358762,Kayla Smith,phillipsrenee@henderson-williams.com,017-582-1809,Juliaborough,Bridges-Knox,6
E550530,Marie Diaz,mjohnson@sharp-cervantes.com,001-893-277-3484x10120,South Michael,Esparza PLC,16
E472584,Ashley Gutierrez,sean47@figueroa.com,236.589.0739,South Mariefort,"Myers, Lee and Nelson",12
E511661,Ruth Young,juliegonzales@hotmail.com,2368415921,Port Alanberg,"Fuller, Martin and Cox",2
E981311,Kimberly Mccarty,fuentesbruce@yahoo.com,(307)693-3702,Port Ryanton,Nelson Group,6
E602658,Christopher Hayes,vguerrero@yahoo.com,495.086.7173,Robertsfurt,Ward-Bryant,20
E628224,Michael Webster,alice65@smith.com,(625)522-9108,South Stephaniebury,Schmitt-Weiss,19
E673309,Zachary Hampton,mary48@johnson.com,503-940-3353x73885,North Melissaton,Gallagher-Zuniga,16
E580457,Anna Webster,danielcastaneda@glover-walters.com,5972964126,North Patricia,Porter Group,5
E812003,Oscar Lee,mark92@hotmail.com,(966)157-2691x706,Melaniemouth,Coleman-Holloway,19
E400149,Tristan Riggs,christina25@parks-summers.biz,601.090.1150x26595,New Teresa,Martinez and Sons,17
E576777,Dr. Douglas Levine,karlareed@hurley-delacruz.info,(216)582-4152,Brownstad,Cox Group,6
E860073,Andrew Newton,fnorman@harris.com,761.008.8940x013,South Randyton,"Parker, Spencer and Herrera",8
E609980,Kyle Gamble,lisahanson@hotmail.com,699.273.6875,Nicholashaven,"Lewis, Huang and Williams",14
E210736,Jennifer Bruce,christopher14@horne-johnson.net,+1-056-023-3745x954,South Ericberg,Delgado-Munoz,20
E721103,Jeffrey Larson,jennifergarrison@hotmail.com,(401)619-9338,North Matthew,Powell Group,12
E476187,Lori Gutierrez,edwardvalentine@white-austin.info,(273)106-0382x7868,South Mark,Rivera-Walker,16
E127536,Douglas Parker,dwayne82@yahoo.com,+1-562-679-1478,Stephanieburgh,Brown Ltd,16
E173565,Sergio Martinez,millerevan@yahoo.com,001-350-483-0985x693,South Lisa,Sutton-Morris,19
E846119,Suzanne Bean,joshua98@grimes.com,442.391.9155,South Paul,Clay-Morales,15
E560910,Courtney Davila,mendozamichael@yahoo.com,(768)290-9385x3355,North Maryshire,Thomas-Ramirez,17
E239333,John Williamson Jr.,bryantalisha@jones.com,+1-289-202-7364x590,Davisstad,Smith-Mathews,15
E169992,Claudia Williams,taranguyen@hotmail.com,1209748295,North Thomas,"Noble, Lawrence and Wilson",15
E304876,Danielle Hernandez,gyates@hall.com,7479607490,Brownhaven,Garrett-Porter,14
E594050,Deborah Hall,larry64@holmes-evans.com,001-686-246-5730x734,Jessicaburgh,Jenkins Group,12
E756452,Dylan Gibson,valdezdaniel@yahoo.com,001-052-251-3734,Roweshire,Martinez Ltd,18
E324700,Deborah Bailey,christopherroth@hotmail.com,034-256-0725x14279,North Gregory,Bond-Cardenas,10
E409468,David Smith DVM,bonnie56@yahoo.com,0868354176,New Jacob,Bell-French,15
E606840,Lisa Young,mckenziepalmer@davila.com,(313)545-1169x6126,Ericatown,Manning-Roth,20
E614691,Cassandra Reyes,tammylopez@herrera.com,9045299983,Mcgeeland,Stephens-Padilla,2
E625493,Lori Nguyen,robert77@ryan.com,403.580.3194x942,Amyfort,"Hernandez, Peterson and Morris",12
E222587,Alejandro James,tiffany17@cohen.com,813.606.0494x72692,South Robin,"Mccullough, Gilbert and Peterson",7
E652024,Patricia Horn,colton04@kirk-bowman.net,599.408.3974x7897,Andersonland,Thomas Ltd,3
E134485,Luis Crawford,danielle82@gmail.com,273-552-0418x30445,New Maureen,"Green, Anderson and Davis",8
E122807,Kimberly Webster,martinraymond@hotmail.com,193-475-3147x0821,Nguyenchester,Chan and Sons,9
E742125,Vanessa Martin,jacob23@hotmail.com,000.319.0498x950,West Emily,Logan LLC,18
E437699,Alyssa Day,alberthayden@hotmail.com,+1-906-964-6905x5054,West Ethan,Barrera-Kim,16
E632266,Laura Wilson,hollyadams@erickson-alexander.org,713.414.2575x675,Shawnaside,"Nolan, Romero and Smith",12
E780896,Sean Garcia,jacob00@gmail.com,+1-034-099-3846,Christinaport,"Davis, Morgan and Miller",15
E214500,Janet Parrish,randall06@lindsey.com,+1-511-155-2895,Christopherfort,Brewer-Sandoval,2
E416882,Tara Vaughan,ojohnson@stevens.com,+1-723-780-0118x633,Roachchester,"Jones, Henderson and Scott",13
E853461,Steven Jordan,christinafreeman@yahoo.com,(318)007-7508x494,East Kaylaview,"Singh, Thomas and Grant",19
E893947,Leonard Cortez,spencerrandall@hotmail.com,085.896.1417x29223,Port Debrafurt,"Foster, Acosta and Hughes",7
E931671,Anita Garcia,ngraham@rios.net,848-076-9905x524,Port Jenniferborough,Williams PLC,3
E170217,Terry Pacheco,russellcarlos@gmail.com,070.575.9180x7778,East Melissatown,Martin Group,14
E235667,Jason Cantu,jonathangood@small-hall.com,+1-732-944-0073,Douglasburgh,"Garcia, Rodriguez and Carter",5
E115026,Tiffany Griffith,weberjames@gmail.com,+1-530-087-7843x0982,South Johnborough,Scott Group,7
E637002,Catherine Ruiz,andrew52@gmail.com,001-858-895-0981x73347,Michaelview,Juarez and Sons,15
E221531,Jessica Thomas,nbranch@williams-hall.net,001-544-257-5513x4964,North Maurice,Perez-Thompson,10
E107578,Frank Joseph,wrightrachel@gmail.com,900.633.8530,North Royborough,Stuart-Francis,12
E690780,Kelly Black,fullerpatricia@smith-bean.com,731-624-3940x32180,West Wesleybury,"Ross, Hart and Montoya",1
E350027,Andrew Garcia,donna30@lewis-reese.com,001-866-101-4980x677,Lake Andrewville,"Pearson, Jackson and Adams",15
E294868,Jennifer Shaw,lisa39@dominguez.com,770-950-5575,Kyleton,Mann Inc,11
E868162,Michael Wilson,fdavis@boyd.com,784.425.6632x8761,Meganton,"Wheeler, Saunders and Smith",10
E564259,Mark Howell,allen87@yahoo.com,(621)828-9773x8314,Jackfurt,"Richmond, Brooks and Larson",10
E381654,Scott Burgess,murraymegan@hotmail.com,462-426-6704x20602,Lake Terrifort,"Barnes, Peters and Taylor",19
E551330,Jerry Hancock,larry97@yahoo.com,(757)198-1243x3928,Lake Richardstad,Cox-Christensen,3
E289407,Jennifer Clark,rachel52@west.com,001-275-697-5292x6127,Torresshire,Miller-Norris,11
E246182,Joshua Cordova,ephillips@gmail.com,+1-637-982-6125x071,New Antonio,Cline-Oliver,5
E494235,Ashley White,ievans@sullivan.org,001-192-505-1835,Lake Brianside,Mclean-Lee,10
E287881,Nathan Ferguson,kristarodriguez@atkinson.com,001-642-695-9167,Scottborough,Vasquez-Nguyen,8
E427361,Manuel Keller,mooreamanda@martin.com,001-402-658-1218x04935,Bryanside,Chang PLC,16
E910114,Mr. Randall Stevens DDS,mannsamuel@bauer.biz,298.889.1479,Ramirezfurt,"Perez, Allen and Hanson",7
E116803,Christopher Reid,pewing@hill.com,692-462-3598x6960,West Jamie,Alexander and Sons,1
E281236,Patrick Robinson,mary09@yahoo.com,+1-878-779-3814,West Stephen,"Sosa, Russell and Mclaughlin",2
E557141,Thomas Hunt,toddroy@gmail.com,472.300.4280x80652,Lake Mark,"Carr, Spencer and Cobb",13
E518619,Melissa Lawson,duanejohnson@morales.biz,(258)230-7278x566,East Jason,"Buchanan, Lowe and Johnson",5
E964611,Sean Wolfe,victoriafields@medina.com,(500)255-4760,East Scottville,Rice-Cook,10
E717836,Kimberly Rowe,pellison@cortez.info,779.279.4177,Michaelland,Richardson and Sons,7
E811843,Rebecca Roy,jamesbryant@fuller.com,776-640-1340,Antoniohaven,"Adams, Lewis and Wilson",18
E246769,Adrienne Blankenship,joshua20@yahoo.com,298.486.2625x84878,North Michaelton,"Hernandez, Ortiz and Wang",9
E130198,Willie Thomas,glennleah@vasquez-farley.com,015.291.1931,North Davidton,Burnett PLC,9
E749344,Debbie Fletcher,ukennedy@gonzalez.org,+1-389-968-5287,South Melissashire,Romero Inc,5
E945923,Christy Mathews,ywalters@hotmail.com,284.706.6891,Michaeltown,"Griffith, Randall and Price",9
E783008,Vicki Sutton,murillomaria@lara.com,2675436311,Nataliemouth,"Hart, Schultz and Hernandez",2
E522197,Grant Jones,jeffrey70@ponce.com,216.179.4941x65801,Sandramouth,"Ellis, White and Ibarra",6
E914566,Tina Donovan,opeterson@yahoo.com,001-292-138-7374x60654,Jeffreystad,Mills-Brown,11
E414999,Matthew Yu,gonzalezbetty@oliver-myers.org,001-420-203-4766x9588,Gillespieton,"Velasquez, Burnett and Smith",14
E108681,Joshua Smith,christopher55@hotmail.com,+1-166-947-5715x22410,Gregorychester,Porter-Dixon,16
E945900,Doris Bates,millerdamon@yahoo.com,296.646.6117x4169,East Andrew,"Peterson, Henderson and White",18
E816745,Joe Olson,xcain@walker.com,(983)366-6170x708,Maddenburgh,Wagner and Sons,19
E241619,Courtney Hatfield,amy98@williams-gill.info,004.645.2129x9580,Lake Charles,Pace Ltd,17
E139050,Isaac Golden,perezmichael@rojas.com,332.993.1687x27994,Hamiltonfurt,Miller PLC,4
E165799,Kelli Garcia,robertcombs@gmail.com,+1-418-762-9599x86287,Kathryntown,"Marsh, Stevens and Boone",2
E424220,Valerie Bryant,valdezjesus@gonzales-brown.com,768.777.8560,West Kristenton,Schultz-Martin,6
E394037,Judith Dalton,gbass@hayes.org,416-802-3916x98179,Port Ashley,Suarez-Alexander,10
E730894,Brian Anderson,bellalexander@yahoo.com,162-450-8419,West Matthew,"Martin, Clark and Tucker",20
E428137,Johnathan Leonard,riverawalter@yahoo.com,3266022781,Jessechester,Cantu Inc,5
E256926,Johnny Richardson,matthew37@white.net,(527)683-5026,South Carolynville,Pennington LLC,4
E584209,Mr. Cody Reyes,ericgarcia@gmail.com,+1-954-372-9030x6521,Brownburgh,Larsen-Conrad,4
E294743,Jimmy Ward,eschroeder@mcdonald.net,+1-240-604-2981x4110,South Morgan,"Clark, Pierce and Wong",18
E333257,James Davis,sestrada@massey.biz,(642)200-9446,Danielsview,"Munoz, Rodriguez and Dougherty",4
E359004,Tracy Wong,asmith@gmail.com,932.250.9315x552,Haletown,"Powers, Bennett and Leon",4
E642802,Heather Chavez,knightrobert@bond.com,620-818-9328x9085,South Gabrielaville,Garcia Ltd,9
E502952,Robert Buchanan,timothyhood@hotmail.com,8700265049,Fernandezton,"Wells, Matthews and Sullivan",6
E756332,Jimmy Spencer,carolyn68@yahoo.com,001-101-261-4130x097,South Tonyafurt,Kelly-Sanders,6
E448464,Trevor Miller,ecardenas@munoz.biz,790-194-6127,East John,Lopez LLC,2
E878412,Robin Rodriguez,gcurry@morris-flores.com,464-217-3644x000,Nathanielburgh,"Jackson, Branch and Cooper",18
E283201,Jocelyn Silva,christopherpayne@crawford-rodriguez.net,001-749-805-4615x01508,Russellmouth,Hines and Sons,20
E650372,Maria Ross,greenkarl@tucker.com,+1-107-075-5911x838,Markmouth,Turner-Ferguson,19
E709275,Rachel Young,tracey82@daniels-kelly.net,(186)970-8682x100,Jessicaborough,Phillips-Rodriguez,4
E846057,Steven Frederick,ugarcia@gmail.com,155.579.2156,South Elizabeth,Wallace Group,16
E744415,Carmen Adams,tanya54@sims.net,345-039-4436,Lake Amy,Pollard-Davidson,13
E376452,Mary Patrick,stevenssarah@anderson.com,451.994.8153x424,Saraland,Banks-Brown,14
E616201,Deborah Rodriguez,jwalsh@hotmail.com,(814)424-4938,North Todd,"Smith, Strickland and Goodman",1
E305985,Adam Young,xesparza@gonzalez-perez.net,(950)705-9210,New Craig,Jackson-Williams,17
E270115,Linda Scott,nicholscaitlin@hernandez-sawyer.com,001-632-925-7771x4855,Lisashire,"Pittman, Nguyen and Jacobs",8
E838254,Philip Ingram,cassandrasanchez@hotmail.com,497-646-6461,Brightshire,Acosta-Oliver,19
E518177,Carolyn Thompson,sharon14@yahoo.com,079-062-1187x928,Dyertown,Sullivan LLC,4
E357715,Steve Ward,katie66@yahoo.com,299-720-3526,West Keithmouth,"Robertson, Evans and Manning",3
E612944,Christopher Taylor,bobby54@gmail.com,001-447-113-5306x898,New Luisberg,Stanley-Phillips,20
E952906,Billy Anderson,hardingtammy@carpenter.net,(167)247-9530x7122,North Arielburgh,Taylor Group,9
E263765,Travis Harrington,levinejohn@hotmail.com,596-979-6063x11140,West Allison,Stanton Group,9
E927337,Austin Fowler,leetyler@gmail.com,+1-364-658-3308x181,Santosfurt,Hayes and Sons,12
E765001,Stephanie Cox,woodwardjames@yahoo.com,001-487-849-2870x372,East Kathleen,Thomas-Miller,13
E842356,Erik Crosby,staceyflores@nelson.info,833-927-8061x80635,Chadfurt,Randolph and Sons,20
E142858,Mark Evans,johnsonchristian@yahoo.com,001-703-908-3537x25568,Port Aprilberg,Collins Inc,13
E533341,Karina Levy,jonathan16@mcknight.com,206-564-2378,North Kimberlyland,Hampton and Sons,9
E325827,Richard Hayes,jared52@yahoo.com,001-913-055-3932,East Laceyburgh,Dillon-Bailey,11
E934801,Mariah Kemp,hernandezjennifer@gmail.com,762.846.1975,Allenborough,Hicks LLC,1
E190342,Mr. Matthew Calhoun,markthompson@yahoo.com,+1-143-923-8181x9974,Davisfurt,Lester-Lewis,2
E725750,Dr. Tiffany Sanchez,davidwilliams@phillips.com,292.952.8252x733,Port Saraborough,"Chandler, Williams and Juarez",17
E814767,Crystal Bridges,wfisher@rodriguez.com,(187)047-8949,Torresland,Greene Ltd,7
E793400,Latoya Ray,oburke@brooks.com,001-613-129-9773x2509,Cordovaland,"Henderson, Short and Phelps",8
E177587,Vanessa Thompson,adam96@gmail.com,4665649241,East Billshire,Shepard-Ross,11
E305058,Keith Howell,steveortega@michael.info,001-337-961-2281x1616,Colemanville,"Barker, Escobar and Moon",1
E634894,Susan Baker,michelle39@gmail.com,792.648.9811x06468,East Lisaton,Cook-Graham,8
E506705,Dennis Craig,hendersonaustin@hotmail.com,0971486036,Port Brianna,"Allen, Lee and Lee",15
E444794,James Mcfarland,benitezdebra@jones-petersen.com,446-979-7213x87770,Valeriemouth,Ross Ltd,12
E695411,Sarah Hernandez,sara80@oliver-benjamin.com,001-808-941-5909,Lake Shelby,Gomez-Nguyen,10
E167428,Randall Kirk,waynebond@hotmail.com,(039)044-5155,Fullerland,Boone Inc,18
E499614,Ryan Miller,wbarajas@rosales-matthews.com,065-613-5296,Susanville,Graham-Glenn,18
E732801,Charles Santos,christinahunter@gmail.com,514-398-3065x02035,New Matthew,Cooley and Sons,19
E639727,Tonya Hernandez,kwhite@savage.com,176.709.6220x910,West Mary,Taylor-Park,4
E391114,Edward Smith,ellisonbryan@melton.org,001-230-086-4630x31104,Michaelfort,"Potter, Campos and Willis",19
E159040,Nathan Mayo,claytonstewart@ortiz.com,850.052.3745,Marshallburgh,"Chang, Daniel and Barker",4
E746694,Alisha Conrad,tracie51@hotmail.com,331-871-8334x7851,Changborough,Price-Garcia,8
E814475,Joshua Henderson,richardrobinson@gmail.com,(030)445-8507x38225,Port Brett,Payne-Lutz,4
E280463,David Wheeler,kimmelanie@gmail.com,+1-939-082-0346x249,East Matthew,Bauer LLC,14
E278280,Kimberly Ferguson,matthew86@scott-thomas.com,001-495-672-6401x7185,Andrewshire,Cox-Farrell,4
E216309,Jacqueline Harmon,melanie05@yahoo.com,001-287-372-2675x40384,Johntown,Martinez and Sons,4
E292266,Joseph Sims,iwelch@gmail.com,(064)431-1650x0552,Port Patriciaberg,"Pierce, Huber and Foley",3
E868476,Scott Snyder,jason86@trujillo.com,(198)432-6388x1471,East Erica,"Roberts, Morrow and Wilson",11
E495498,Kenneth Morrison,paul94@chambers.com,(102)819-3896,North Lindsay,"Montgomery, Brown and Vega",19
E233571,James Hall,patriciamartin@hotmail.com,179.940.8687x976,Garciafort,Smith PLC,8
E758989,Jennifer Li,jesse71@alexander.com,419-786-6935x0201,Coopertown,"Parker, Brooks and Navarro",18
E588338,Scott Mason,pattersonkaren@riggs-castro.biz,360.040.6172,Isaacborough,Wyatt-Khan,14
E172621,Cody Houston,claudiamcdonald@smith.com,001-418-055-9342x469,Lake Marie,Fitzpatrick Group,19
E830379,Ryan Sanchez,johnsonrobert@hotmail.com,156-245-7899,Ericburgh,"Johnson, Cowan and Jones",7
E633948,Tyler Oliver,janetcain@yahoo.com,+1-294-786-6609x1759,Emilyhaven,"Chaney, Greene and Myers",11
E646065,Courtney Mitchell,madisonschaefer@hotmail.com,582.488.9439x382,Lake Amandaview,Hall LLC,6
E544049,Jordan Smith,michael51@yahoo.com,987.554.0611x49271,South Todd,Peterson PLC,10
E776867,Sarah Sanders,lindacarpenter@gmail.com,059.828.2660,Robinstad,Yu and Sons,7
E663501,Mary Walker,jacksondonna@hotmail.com,270-154-5514x5972,Nancyview,"Mcgee, Rodgers and Douglas",8
E749541,Nicholas Kramer,jessica27@clark.org,1030627816,Debbietown,"Salas, Green and West",2
E614750,Richard Cochran,madeline67@yahoo.com,+1-096-528-2399x4972,Andrewsside,Olson-Peterson,20
E245822,Luis Simmons,jhernandez@joyce-hickman.com,(224)120-7309x647,Port Jasonside,"Flores, Hampton and Hensley",3
E222928,Daniel Bailey,uwalsh@warren.com,(161)630-5293,Sophiaside,"Snyder, Gomez and Hood",14
E340616,Katie Sandoval,xwaller@carr.com,+1-477-757-0460,Matthewfort,"Torres, Russell and Taylor",11
E354439,Christopher Chang,lisagray@hotmail.com,098-220-6343,Lake Jennifer,"Smith, White and Scott",11
E204785,Lisa Bell,aaronfoster@hotmail.com,+1-838-897-0628x6900,West Sheilastad,"Ross, Williams and Stewart",8
E981169,Kara Chavez,joseph48@bryant.org,375-820-2962x1477,East Brittanymouth,"Sanders, Sullivan and Vega",1
E166961,Joseph Sandoval,schmittjohnny@obrien-nixon.info,001-321-964-6546x757,East Bryan,Rogers-Cohen,7
E892438,Amanda Perry,michaelrodriguez@rojas-robertson.net,801.463.0323,Adambury,"Lopez, Mitchell and Sims",20
E254321,Gregory Gutierrez,emilyking@yahoo.com,549.198.5937x9318,Davidhaven,"Hampton, Padilla and Stanley",4
E751357,Regina Holmes,ugallagher@moreno.org,001-811-202-5872x84951,New Stephaniechester,"Monroe, Cordova and Patterson",3
E443430,Lauren Harrison,thaney@clark-marshall.com,733-459-3511x11083,West Donaldchester,"Singh, Gonzalez and Fleming",7
E799542,Kimberly Miller,gjohnson@gmail.com,001-909-748-9902x4909,West Melanie,Martin-Hayes,4
E741786,Jessica Esparza,whitematthew@gmail.com,824.808.6909,Port Adam,"Wilson, Young and Jackson",9
E888382,Robert Cherry,lonnienorris@scott-madden.com,386.557.1321x56125,Perezberg,Olson Group,8
E562115,Cody Stewart,kcollins@reed.info,(725)137-9911x0963,Rojasfurt,Fuentes Ltd,18
E882542,Tammy Tucker,laura07@golden.com,837-163-8215,Pottstown,Cantu Group,3
E130856,John Blanchard,randy93@yahoo.com,1029381058,West Deborah,Lewis Ltd,14
E230967,Tracy Brown,karen54@yahoo.com,593.971.4236,Williamsland,Lewis-Barnes,5
E371651,Alan Jones,alison93@brown.com,7392870630,Kevinland,Jones-Smith,6
E427956,Gregory Dunn,kyle68@lutz.com,001-658-120-8698x59663,Lake Amymouth,Jones-Mason,8
E749233,Joshua Mills,madisonharris@webb.org,001-964-708-8366x8952,Garciamouth,Woods Group,7
E513888,Ruben Mcknight,hernandeztiffany@washington.org,470.281.4495x8026,Port Karl,Hunt and Sons,16
E340591,Christopher Nelson,jonathanvasquez@cross.org,524.026.9360,Jeremychester,Koch-Cortez,1
E459675,Michael Adams,erica07@shelton.net,(611)042-9123x4121,West Jennifer,Hart-Jackson,7
E372256,Sharon Hughes,brobinson@carter.com,(723)035-0219,Pughland,"Barker, Griffin and Moore",16
E436793,Ashley Smith,masonjessica@evans-spencer.com,149.872.8110x427,New Michelle,Edwards-Cain,2
E422069,Adam Bridges,kristendaniel@hernandez.com,694.776.1161x8048,Saundersstad,Kelly-Cole,3
E865354,Glenn Casey,fmartin@mason-davis.com,+1-702-445-6411x7653,Charleston,"James, Adkins and White",15
E302254,Mark Mcgee,kbrowning@yahoo.com,001-255-466-5404x572,South Sydney,Shannon-Preston,7
E962191,Holly Lopez,afrank@davenport.com,001-133-647-7949,Port Brian,Clark-Williamson,4
E746263,Melissa Mcintyre,michael88@schmidt-ballard.com,855-799-8141,New Spencershire,Johnson Group,13
E656931,Jennifer Lowe,ktaylor@carlson.com,+1-091-460-2125x924,Lake Heather,Farley and Sons,3
E135143,Jerry Chen,whall@marshall-doyle.net,626-023-4745,West Ryan,Cooper LLC,5
E347423,Richard Washington,amber69@mitchell-sloan.org,(727)038-6319x3162,Lucasburgh,"Clark, Jones and Vaughn",13
E108760,Dr. Anna Mccormick,taylorangela@yahoo.com,(313)808-0968x527,Richardtown,Poole and Sons,1
E212689,Robin Smith DVM,john02@ponce-oneal.net,468-892-2292,Brownton,Phillips PLC,16
E325117,Elizabeth Norton,michaelgarcia@hotmail.com,2517721093,Kylehaven,Weiss-Callahan,11
E620811,Scott Ross,greenmichael@hotmail.com,(045)372-1336,Dominguezview,Smith Ltd,13
E400074,Phillip Fleming,christina03@gmail.com,(297)137-9553x670,West Karastad,Walker Inc,18
E259110,Jasmine Bowen,christopherglenn@hopkins.com,(435)001-9082x485,Wolfeborough,Miller-Hall,12
E231099,Samantha Hobbs,michelecasey@sanchez.biz,+1-654-156-5254,West Crystal,"Hall, Porter and Pollard",14
E222491,Theresa Williams,zwong@yahoo.com,001-530-251-5898,East Laurenshire,"Hayes, Smith and Butler",7
E989136,Albert Banks,vhooper@cowan-graham.com,727-898-4727x307,Alexanderchester,"Drake, Lawrence and Levine",16
E105677,Ryan Mills,rebeccamoore@hotmail.com,5403359667,Jamesland,Kelley-Smith,13
E223923,Grant Dalton,jon11@moore-benson.com,(994)786-3405,West Gregorybury,Terrell LLC,20
E431749,Caroline Archer,matthew71@yahoo.com,201.457.5247x5583,Schroederside,"Parker, Jones and Gardner",16
E814746,Cynthia Rasmussen,arodriguez@hotmail.com,001-489-555-6225x1737,Port Roseburgh,Mcmillan-Sims,19
E990630,Andrew Johnson,michelle65@evans.com,522-219-8163x32209,East Tyler,Green-Sellers,3
E272221,Hayden Sanchez,schmidtrachel@gmail.com,(057)625-9430x714,New Jacobburgh,Jensen Ltd,17
E114983,Connie Bruce,patriciagraves@yahoo.com,+1-462-387-7632x56335,Kellyport,Brown Group,18
E893520,Meghan Pace MD,jgarcia@freeman.net,983-797-1591x332,Dustinside,Bailey Ltd,15
E490244,Brandon Brown,gibsongeorge@gmail.com,(243)609-6549x694,Davidberg,Perkins PLC,7
E631843,Alex Martin,jamespriscilla@yahoo.com,001-814-236-1931x1723,New Joshua,Willis and Sons,14
E941046,Shelia Bernard,raymondmarquez@gmail.com,(097)955-4710,East Josephville,Lee-Allen,8
E975778,Bianca Mcdonald,richard99@hotmail.com,8329708207,Martinburgh,Dixon PLC,5
E708600,Jessica Price,holtdavid@williams.org,+1-825-227-5890,Valeriechester,Powers-Carroll,11
E251830,Joseph Cook,jroman@yahoo.com,338-721-6020x12598,Burnsview,"Combs, Johnson and Brown",3
E715414,Mary Key,qdouglas@norman.com,610.072.8194x5818,West Keith,"Hubbard, Graham and Armstrong",7
E233260,William Lam,dmitchell@gmail.com,8224533803,Sandramouth,"Johnson, Buckley and Liu",13
E141771,Rebecca Juarez,tonyaelliott@hayden.org,639-818-7375x3810,Lake Jennifer,"Long, Johnson and Sanders",7
E850302,Tammy Livingston,theresa28@gmail.com,540.268.4976,Courtneyland,Adkins LLC,19
E190230,Elizabeth Bernard,sarah70@johnson.net,178-693-9569x16591,Sototown,Butler-Young,18
E860712,Lisa Contreras,russelllori@gmail.com,+1-812-519-9180x962,Brandyhaven,Dunn LLC,19
E786467,Christopher Baker,kjones@hotmail.com,+1-138-449-8736,New Katie,Ford and Sons,13
E676005,Chris Hensley,marycook@gmail.com,+1-435-380-8407x317,Jessicaside,"Wilson, Chavez and Kim",8
E546267,Joshua Cooper,ylynch@gmail.com,+1-272-479-2140,South Justin,"Willis, Hays and Davis",18
E743928,Stephanie Lopez,marybrooks@smith.biz,590.691.6370,Laurenton,Holden-Villarreal,10
E959839,Daniel Hill,timothy37@collins.net,+1-874-604-4927x225,Nancyfurt,Hammond Ltd,3
E797884,Scott Marquez,caseyarthur@hebert-rosario.com,001-035-055-9576x29304,Lake Jeffrey,Zimmerman-Hanson,16
E722596,Amy Wright,davismark@chen.com,418.205.2079x680,Kathybury,Stanley Ltd,1
E721474,Brandy Dyer,andrewhanna@hotmail.com,753-641-8672x78607,East Ronaldburgh,Burke-Warner,3
E249400,Jeff Hall,jennifer74@oconnell-smith.com,658-095-2353x812,East Craigberg,Morgan-Morrison,5
E549528,Diamond Rodriguez,johnking@yahoo.com,(521)459-2651x837,East Dennis,Bowers-Mueller,2
E597735,Andrew Blackwell,jalvarado@oneill-fischer.com,988-985-2750x216,Jessicafort,"Dillon, Murillo and Cole",11
E529810,Raymond Nichols,halldiana@gmail.com,(926)494-8495x3195,Gilmoreburgh,Collins-Sweeney,20
E175083,Cynthia Baker,michael35@price-park.biz,001-406-712-0356x81614,South Melodyshire,Giles PLC,2
E120045,Nicole Miller,ncarney@miller.com,233.792.6186x91627,Port Leah,Clayton and Sons,5
E753557,Paula Roberson,hillcatherine@yahoo.com,731.817.8342,Stewartstad,Collins-Long,9
E542045,Jessica Perry,speterson@hotmail.com,+1-524-744-9632x3900,East Ronaldfurt,White-Rios,12
E258131,Nancy Mitchell,sfowler@hotmail.com,+1-149-071-1689x80100,Stewartview,"Wagner, Velazquez and Harris",9
E624098,Lindsay Neal,sierralang@gmail.com,0987906225,Markland,Anderson and Sons,4
E251380,Kimberly Simon,brownjames@gmail.com,(453)878-6826x32139,Lake Ryan,Price-Buck,14
E354196,Seth Smith,farmerjoseph@perkins-soto.biz,(251)664-0855,North Loriton,Ellis-Mays,12
E481159,Joseph Walker,susan72@jensen.com,(513)665-9377,Hufffort,Williams-Doyle,6
E914798,Christina English,vincentalexander@gmail.com,380-334-1463x19725,North Bethport,"Wolfe, Jones and Hernandez",6
E501937,Jennifer Cook,jasonjones@zimmerman-curtis.org,004-959-1954,Georgeton,"Willis, Hendrix and Watson",10
E480386,Tiffany Clark,lopezchristopher@gmail.com,(455)631-6875x70930,West Brentton,Harvey Inc,10
E811918,Lindsey Mullins,plester@gmail.com,001-992-303-5997x256,Lake Jamesmouth,Foster-Aguilar,15
E368462,Cassandra Scott,vgibbs@thomas.com,557.032.1497x7984,Lake Steven,"Hicks, King and Goodman",8
E807185,Cameron Orozco,clarkrebecca@jensen-cardenas.org,811-665-0187x9520,Donaldbury,Reynolds Group,11
E318939,Mark Christensen,smadden@yahoo.com,391-720-4998,Lauriefort,Hughes-Austin,16
E534274,Jacob Williams,otran@wright.com,153-789-9411x72891,Johnton,Hernandez-Juarez,6
E843551,Glenn Williams,fernandezleah@smith.biz,656-157-5251x1935,Sanchezland,"Townsend, Morgan and Williamson",5
E341848,Tanya Murphy,katherinedavis@yahoo.com,001-998-307-3462x222,Holmeshaven,"Welch, Ball and Snyder",19
E688428,Mitchell Alvarado,friedmancorey@yahoo.com,956.483.2780x970,Vanceberg,Walter PLC,3
E170768,Emily Hodge,hendersonleslie@hotmail.com,001-524-324-4163x625,New Georgemouth,Mccarty-Avila,5
E411758,Robert Rodriguez,umckinney@wolf.biz,001-393-508-0504,Drakehaven,Vazquez Inc,12
E622199,Elizabeth Nelson,sierra49@riley.com,515-023-1235x774,South Lisa,Lewis and Sons,7
E237156,James Wyatt,michaelchristopher@mcdonald.info,001-442-102-1960x3241,Victoriafort,"Peterson, Gibson and Arnold",9
E464107,Rebecca Jones,montgomerymary@berg-griffin.com,035-015-3623,New Maryberg,Barker-Booker,20
E196031,Dennis Pierce,youngapril@hotmail.com,759.501.9959x197,South Kennethmouth,"Smith, Reyes and Hayes",20
E527021,William Chen,mooredennis@thomas.net,0122262198,Hendricksport,Humphrey Ltd,5
E990748,Kenneth Williams,christopher35@hammond.org,2904161639,Calvintown,Bowman LLC,13
E234119,Lauren Mejia,janetadams@gmail.com,769-513-4849x536,Lake Matthew,Marshall and Sons,11
E910941,Rachel Williams,anthony08@gmail.com,655-093-7144x4218,Port Jessica,Shea Ltd,14
E763412,Gregory Jackson,murraymichael@taylor.biz,001-233-095-3381,Schneiderville,Wright Ltd,7
E937069,Jessica Smith,andrew68@hotmail.com,843.843.9977,Clarkburgh,Bond-Mccoy,18
E706418,Casey Burton,susanguerrero@bishop.com,468-668-7846x899,Nataliefort,Christian-Allen,8
E778703,Gerald Jones,brianhodge@wade.com,+1-230-800-0248x2401,East April,Hood Ltd,14
E320520,Robert Mccullough,gary87@gmail.com,001-244-917-0854,East Justinberg,Gonzalez and Sons,2
E597270,Jane Banks,susangarcia@olson-tapia.com,(085)710-1597x9876,Kimbury,"Wilson, Wolf and Rodriguez",3
E878465,Tim Miller,santossarah@gmail.com,312-547-0832,Whitneyberg,Edwards PLC,11
E265512,Jeffrey Price,herrerarichard@cobb.info,168-638-5149,North Leonard,"Johnston, Sullivan and Hamilton",4
E353813,Parker Reynolds,ameadows@thomas.org,+1-131-753-1674x60143,Colechester,Kirby-Wilson,9
E267500,Rachel Martin,kristen14@mathis.com,938.038.9032x48459,Michaelmouth,Foster Group,7
E717790,Felicia Burns,sharibridges@gmail.com,199-795-1500x365,South Michelle,Griffin Ltd,10
E615412,Michael Jordan,taylorkatelyn@bass-williams.com,949-385-4845,Emilyburgh,Hamilton and Sons,15
E748693,Katrina Nash,njordan@gmail.com,864-617-3628x6999,North Michele,Parrish LLC,5
E481270,Stacie Gomez,laura00@adams-little.com,(819)053-1529,Lake Christina,Lopez Group,1
E691082,Lisa Hawkins,lindsey29@sparks.com,+1-027-116-8675x8162,Leblancview,Guerrero Ltd,9
E685216,Julia Houston,ylogan@gmail.com,001-196-274-0304x640,Marciamouth,Washington Inc,8
E675726,Aaron Beck,nicole90@gmail.com,+1-102-809-0875x8227,East Raymondberg,Myers PLC,2
E567843,Kathy Aguirre,hurleychristopher@knight-dominguez.biz,(230)110-3152,Port Joseph,Bartlett-Moss,2
E647371,Brandy King,rebecca60@hotmail.com,(012)804-1228,South Sherry,Sutton-Moss,14
E428266,Catherine Fisher,jason62@simmons-williams.com,+1-065-482-0159x8699,West Jennifermouth,"Ponce, Harris and Herring",2
E321338,Adam Williams,dustinperez@williams-johnson.com,(017)862-0246x568,Kimberlyborough,Reese and Sons,8
E137172,Keith Rogers,xlane@yahoo.com,644.740.3231,Veronicashire,"Norman, Roberts and Rivera",1
E533075,Jose Anderson,shawstephen@yahoo.com,263-485-2817x345,Port Johnmouth,"Hines, Johnston and Martinez",2
E937960,Haley Curry,jimmyramos@gonzalez.com,+1-965-839-5943x4713,North Jeffreybury,"Davidson, Jacobson and Contreras",18
E568703,Steven Rogers,laura60@gmail.com,5283820137,Ashleeton,Manning Group,4
E675011,Jessica Williams,johndiaz@gmail.com,+1-334-010-1113x1286,North Davidburgh,Burgess and Sons,9
E759978,Rachel Saunders,lawrence96@yahoo.com,001-174-596-3905x2350,North Alexanderport,Rios-Mendoza,12
E465447,Brent Arnold,qweaver@mclean.com,001-014-289-1366,Dawnbury,"Burke, Crosby and Ali",19
E662296,Zachary Avery,richard60@yahoo.com,396.790.1271,Sullivanport,"Lopez, Webb and Bailey",18
E889262,Sara Patton,jamieandersen@flowers.com,941.423.3444x309,Mendezfort,"Pena, Davis and Smith",1
E972354,Nina Cortez,craigtony@young.net,073.874.3344,West Tiffany,Anderson and Sons,3
E557062,Michael Griffith,jstein@hotmail.com,001-029-611-1107x19305,Port Jamestown,Thomas-Hunt,16
E677066,Katelyn Johnson,allison98@gmail.com,+1-060-678-5198,Lake Lisa,"Brooks, Watson and Hendricks",15
E431804,Phyllis Greene,tkelley@alexander.org,001-898-492-8517x95371,Simsland,"Hines, Jones and Johnson",12
E904572,Richard Weber,jasonorozco@armstrong.com,106-942-8655,Butlershire,Johnson Ltd,14
E266745,Lisa Ward,hshaw@hotmail.com,2024233584,East Pamela,Hall Inc,8
E998343,Lisa Anderson,robert04@singleton.com,001-002-145-6913x6087,Rushberg,Watkins-Wilkins,12
E982999,Rachael Spears,roblestamara@gmail.com,001-997-936-3749x878,East Jessica,"Elliott, Hodges and Park",19
E215033,Mrs. Amanda Simpson,tamara78@hotmail.com,7050619399,West Trevormouth,Jackson-Santana,14
E226721,Anthony Walker,trhodes@hunter.info,984.786.3986x9426,East Kyleburgh,"Ballard, Oneal and Hood",5
E918434,Kimberly Vargas,robinsontheresa@dyer.net,+1-704-997-5687x08597,Karachester,Li Ltd,2
E365900,Samantha Brown,garzaleslie@lamb.com,001-193-837-5785x33597,Mcgeeburgh,Frazier Inc,17
E539972,Martha Armstrong,rodgersmegan@king.com,941-121-2418x96975,Kimberlyfort,Phillips-Sims,7
E924546,Todd Reed,jacksoncarol@marshall-lee.com,985-933-8268,Ryanburgh,Jones and Sons,15
E490189,Michael York,lpennington@yahoo.com,9251943300,Villarrealchester,"Jones, Reed and Moran",7
E829476,Tracey Freeman,dawsonshirley@gmail.com,001-752-624-6750x66807,Shannonfort,Moreno-Rios,14
E518045,Susan Torres,schambers@gmail.com,564-230-1995x98140,Reynoldsbury,Adams Inc,9
E632954,Michael Mooney,nunezandrew@patterson.com,865.165.6336,Stacymouth,"Williams, Baker and Richard",16
E597613,David George,ingramcathy@bell.com,(053)662-3967,Salinasside,Smith-Davis,19
E393070,Laura Henry,edwardsalas@garcia.net,382-690-2523,Autumnland,Boyle-Ramirez,10
E932367,Anthony Miller,joejordan@valdez-holmes.com,501.524.4081,Lake Sandyhaven,Thomas Inc,18
E632364,Manuel Whitehead,shawn10@gmail.com,0699848882,West Todd,"Lopez, Barnes and Medina",15
E348316,Michelle Reyes,tracibrown@kim.info,001-930-029-9039x880,South Brittney,Bradley-Smith,14
E470810,Caitlyn Farmer,kevinaustin@ryan-carpenter.org,6190315998,Lake Vincentmouth,"Hammond, Turner and Horn",5
E611785,Shannon Kirk,amanda72@gmail.com,069-966-2765,East Raymond,Fleming-Ruiz,5
E725964,David Porter Jr.,jose80@hotmail.com,675.427.4868,Lake Michelle,Hoffman and Sons,7
E373942,James Wilson,nmcpherson@yahoo.com,+1-874-830-8991x3946,Port Marcus,"King, Wilson and Carroll",1
E281870,Ann Shelton,gbyrd@larson.com,4096229882,Lake Kyle,Maxwell-Sparks,5
E510764,Kelly Ramos,moralesbenjamin@wilson.com,555.963.7952,Calebburgh,Kelly PLC,1
E833065,Jason Thompson,rebeccafranklin@gmail.com,(154)804-1503x132,Woodardfurt,Huang-Parks,12
E494656,Stephen Mcknight,marshallsarah@rush-jones.com,4750826677,New Ashley,Simpson LLC,16
E359269,Justin Nichols,jamesbarrett@hotmail.com,6674725645,East Kevinmouth,"Daniels, Meyer and Morales",8
E560330,Erika Graham,hernandezmichael@hotmail.com,+1-241-372-9666,Jeffreyborough,Ballard-Lozano,4
E554616,Marcus Rivera,robert77@yahoo.com,9289248742,North Jeremy,Jackson-Carr,12
E699236,Whitney Phillips,ryan74@yahoo.com,870-063-5498x1020,Patriciamouth,Huber Inc,16
E966547,Scott Baker,michaelneal@yahoo.com,001-249-356-5178,Millerhaven,Howell and Sons,8
E903602,Lisa Sanchez,fortega@yahoo.com,882-637-1150x871,South Patriciabury,Reynolds Ltd,18
E967642,Robin Henderson,franklynch@wells.com,568.177.8744x84039,New Betty,Jones Inc,17
E990866,Alyssa Rodriguez,crawfordjacqueline@phelps.com,509-231-5367,West Tammy,"Vance, Jones and Chen",10
E142899,Courtney Browning,markhernandez@hotmail.com,4821202384,South Andrewstad,James and Sons,16
E220541,Cynthia Jones,wcook@hotmail.com,7505684563,Johnton,Smith-Meyer,15
E706404,Renee Dean,tjones@gmail.com,1534083341,New Brittney,Sanders LLC,2
E839081,Peggy Robinson,bcampbell@henderson.org,921-665-1706,North Julieside,Sanders-Brown,11
E844621,Cody Ford,huntcaroline@baker-adams.com,006.944.9683x9919,East Justinberg,Hogan Ltd,11
E663909,Tyler Fowler,jonescarlos@melton-whitaker.com,161-028-6020x53847,West Sandrastad,Kemp-Nguyen,6
E543037,Lydia Williams,fthompson@fox.com,(920)448-9872,Powellmouth,Frank-Walker,2
E917579,Richard Hodge,ucummings@franco.org,193-045-9914,Baxterton,Barber Group,10
E580368,Daniel Newman,carsondonna@hotmail.com,+1-989-210-5731,Lake Andrea,Allen LLC,3
E317259,Natalie Rice,villarrealchristopher@gmail.com,157-213-9697x4583,Michaelshire,"Woodard, Leon and Martinez",3
E761207,Amber Hatfield,jennifer75@yahoo.com,8040230870,Mirandaland,Clark Ltd,13
E770078,Donald Gomez,ericvillanueva@gmail.com,535.182.6539x5960,North Jaime,Gardner LLC,20
E528778,Samuel Barnett,upetty@gmail.com,754-515-6052x96559,West Lindaview,"Yang, Clark and Dougherty",4
E838892,Gregory Lozano,andrea61@gmail.com,(959)177-3361x79733,Oliviabury,Richmond-Walsh,18
E429734,Ricardo Rhodes,toddroberts@yahoo.com,(949)862-7337x59232,West Davidshire,Pham-Clark,16
E942524,Michael Brooks,wardjose@miller.com,221-286-7656,Lake Joshuachester,Richards-Hall,16
E545495,Devin Rodriguez,asmith@hotmail.com,631.137.9972x85159,South Alex,"King, Wilkinson and Brown",13
E804636,Danielle Maldonado,drakeroger@fleming.com,(353)606-7918,Port Laura,Winters-Wright,18
E524926,Dennis Washington,kirbykaren@lutz-smith.info,001-491-013-7461x295,Charlesborough,Ramirez LLC,2
E955631,Donna Hill,james49@hotmail.com,+1-253-680-3312x753,Foxview,"Austin, Mckinney and Fernandez",11
E509705,Joseph Powell,smithmegan@hines.com,865.248.9462x251,West Alyssaburgh,"Heath, Benson and Brewer",1
E122304,Justin Walters,andreaharper@bass.com,001-070-199-9903,West Luishaven,"Giles, Taylor and Nixon",3
E953806,Regina Johnson,kellydaniel@gmail.com,001-483-434-2298x82990,New Karenburgh,Chang-Miller,15
E246952,Dustin Wright,halvarez@martinez-horton.com,096.741.2088x807,New Daniel,Howe and Sons,8
E617866,Christopher Gilbert,daniel57@gibson-jackson.org,434.555.4751x582,New Grant,Bonilla and Sons,16
E465384,Brittany Gutierrez,kendrasmith@yahoo.com,839.850.4657x3764,Lake Jennifer,Pineda-Yang,3
E147290,Jesus Willis,leahedwards@yahoo.com,(415)965-4133,Wayneborough,"Schmidt, Campbell and Bowman",15
E675884,Nathan Armstrong,mary28@cuevas.info,001-720-266-9285,West Emilymouth,Oliver and Sons,3
E900505,Andres Smith,pamela86@evans.biz,232.484.7293x0358,West Michaelshire,Hernandez-Wade,6
E212072,Gregory Gregory,jasonruiz@gmail.com,231-185-3016x17744,Garciamouth,Anderson LLC,15
E658064,Michael Bailey,piercezachary@anderson.com,+1-842-878-5220x250,North Chris,"Hester, Farrell and Webb",11
E915045,Laura Martin,glennchristopher@hotmail.com,(535)292-5544,South Ethanhaven,Petersen-Christensen,6
E284640,Jennifer Mills,leroy85@yahoo.com,+1-588-330-8318x81704,Davidchester,"Martinez, Cunningham and Carson",18
E901438,Matthew Williams,ddavis@rush-jones.com,656-032-7879x2323,South Mary,Erickson PLC,5
E215310,Paula Cook,blackburndavid@werner.com,004.971.7146,South Jonathan,Williams and Sons,14
E934954,Russell Benjamin,qandrews@yahoo.com,001-649-163-2310,Port Stephanie,Allen-Yu,14
E487896,Samantha Williams,emiranda@duarte.com,965.696.0829x09556,Paceview,Ray LLC,18
E314734,Alan Crawford,elizabeth38@hotmail.com,515-171-4424,South Scottborough,Gamble Group,3
E648890,Rita Smith,shirleyjohnson@mendoza.net,(390)330-9207,East Vincent,"Carpenter, Mcmahon and White",16
E489175,Tiffany Perez,marvinroth@taylor-duran.com,7738921761,Norrismouth,"Chapman, Romero and Beltran",3
E160756,Benjamin Reynolds,newmanmatthew@gmail.com,+1-881-786-9683,Thomasstad,"Ward, Barnes and Matthews",6
E440874,Dan Williams,singhdanielle@barton.info,001-006-796-6349x230,Port Sarahmouth,Meyer-Payne,13
E330855,Stephen Thomas,medinaamber@yahoo.com,(623)967-5524x18711,Smithberg,"Rose, Bishop and Morris",11
E715000,Jeffrey Morales,haleydavis@gmail.com,899.050.0549x486,Lake Stephaniefurt,"Miller, Brown and Owens",7
E523482,Sara Alexander,shortmichelle@taylor-taylor.info,(254)698-3340,Smithside,Quinn LLC,17
E381679,Richard Downs,tony27@hotmail.com,001-038-227-1661,Nicoleton,"Johnson, Bauer and Cruz",19
E776356,Lisa Wilson,jenniferzimmerman@yahoo.com,001-351-734-2496x289,New Matthew,"Craig, Orozco and Gill",18
E685745,Thomas Fernandez,james50@gmail.com,(349)464-2256,Garciaville,"Escobar, Moore and Riddle",18
E262929,Bonnie Navarro,marshallthomas@morgan-nicholson.com,495.906.3674x17996,Melissatown,"Alexander, Flowers and Davis",13
E128759,Teresa Aguilar,longpamela@brown-sheppard.biz,370-555-6219x825,New Kimberly,"Carter, Turner and Snow",7
E143150,Grant Benson,catherine80@schmidt-brown.com,001-897-691-5809,Wilsonton,Dean-Robertson,20
E387178,Betty Mcintosh,qfisher@hotmail.com,(785)005-9152,North Nathan,"Peterson, Gomez and Cooper",12
E942252,Gregory Salas,ysanders@yahoo.com,(202)662-5245x8170,West Destiny,"Daniels, James and Maxwell",8
E365219,Mary Lee,lesliehinton@hotmail.com,198.102.5170x3089,Madisonfort,Hudson PLC,14
E991182,Lindsay Moody,brucehill@gmail.com,6227325295,North Markburgh,"Michael, Thompson and Williams",1
E416440,Kevin Davis,brandon74@yahoo.com,+1-773-961-3885x763,Port Rachelville,"Watson, Cannon and Gonzalez",17
E707334,Darlene Miller,gloriasimmons@hotmail.com,+1-860-009-4358x03779,New Matthewtown,Hicks-Miller,12
E638923,Charles Smith,feliciafleming@villanueva.com,(519)882-2367x029,Reynoldsburgh,Hancock-Savage,11
E644771,Robin Matthews,hughessteven@martinez.com,(989)200-4973,Lake Nicole,Santiago-Smith,9
E353641,Cynthia Rogers,austin68@mays.biz,736-207-0372,Barryshire,Bailey LLC,16
E809339,Nicholas Rivera,garrisonmelissa@gmail.com,881-462-5947x33716,West Thomasbury,"Smith, Novak and Smith",12
E531470,Lisa Villarreal,icook@fuller.biz,+1-136-526-0967,North Andrew,"Lopez, Hardin and Bell",1
E135289,David Allen,qholmes@gmail.com,001-322-902-6940x919,Brandonside,"Robinson, Phillips and Rowland",20
E956127,Nicholas Graves,khill@simpson-singh.biz,001-451-948-1483x6056,Aguilarside,"Warren, Clark and Cross",4
E418957,Ellen Wiley,alexandra34@lowe.com,001-504-994-2207,Mccartystad,"Johnson, Ortiz and Perez",8
E626676,Adam Ramos,ghorn@vazquez-stephens.info,001-074-003-2069x0855,Andrewshire,Frost-Anderson,20
E614298,Glen Hall,weissdavid@gmail.com,(512)744-8680,Rachelmouth,Lin-Schroeder,15
E320549,Beth Lawson,sylvia16@gmail.com,+1-204-941-2401x7788,New James,"Cunningham, Trujillo and Martinez",19
E658382,Dr. Stephen Meyer,pstewart@yahoo.com,597-236-4516,Port Amanda,Young LLC,10
E602480,Adam Moran,karen72@coleman.info,(497)230-9149x7275,Lake Robertstad,Williams-Clark,20
E265907,Jennifer Perez,odunn@doyle.biz,(973)350-8546,North Arthur,Barnett PLC,2
E616237,Joseph Lee,richardwilson@miller-drake.org,001-831-239-2253x77040,North Roberttown,Meyers PLC,2
E447744,Zachary Jones,judith12@oneal.com,609.790.6372,Morganland,"Rivera, Hardy and Hall",15
E565484,Anthony Carter,briannastanley@yahoo.com,(375)895-3366x7126,North Brianbury,Norton-Curry,12
E956662,Sandra Silva,kevinschmitt@williams-davis.net,001-658-345-8614,South Megan,Rivera Group,18
E501400,Alexis Perry,stephenpeters@hotmail.com,(831)719-5058,Wyattside,"Chavez, Porter and Miranda",8
E583147,Alan Parker,joyhampton@hotmail.com,+1-753-809-9969x96714,Phillipsville,Kelly PLC,18
