CUSTOMER_ID,FIRST_NAME,LAST_NAME,GENDER,DOB,CITY,STATE,ZIP,EMAIL,PHONE,LOYALTY_TIER,REGISTRATION_DATE
CUS00001,Ajay,Joshi,M,1986-12-13,Jaipur,Rajasthan,874483,user1@email.com,9619904272,Bronze,2021-10-18
CUS00002,Ajay,Kapoor,F,1994-12-19,Lucknow,Uttar Pradesh,205409,user2@email.com,9994027897,Bronze,2024-01-15
CUS00003,Meera,Joshi,M,1983-06-06,Chennai,Tamil Nadu,842411,user3@email.com,9673523188,Bronze,2024-09-03
CUS00004,Priya,Verma,M,1991-03-27,Mumbai,Maharashtra,232413,user4@email.com,9784907325,Gold,2021-02-18
CUS00005,Sneha,Sharma,F,1991-03-26,Ahmedabad,Gujarat,592198,user5@email.com,9614015466,Silver,2022-12-17
CUS00006,Priya,Gupta,F,1985-10-24,Bengaluru,Karnataka,600935,user6@email.com,9222500131,Gold,2022-11-20
CUS00007,Isha,Singh,F,1983-10-06,Pune,Maharashtra,819796,user7@email.com,9157562304,Bronze,2022-06-07
CUS00008,Rajesh,Mehta,M,1998-04-27,Chandigarh,Punjab,360247,user8@email.com,9227186396,Silver,2023-07-10
CUS00009,Swathi,Pandey,F,1972-10-20,Pune,Maharashtra,336650,user9@email.com,9932894596,Silver,2024-05-30
CUS00010,Geeta,Mishra,M,2000-03-19,Ahmedabad,Gujarat,717113,user10@email.com,9560452529,Bronze,2022-09-18
CUS00011,Priya,Pandey,Other,1995-08-31,Lucknow,Uttar Pradesh,204053,user11@email.com,9918982730,Bronze,2023-05-19
CUS00012,Arjun,Singh,M,1970-02-08,Chennai,Tamil Nadu,282256,user12@email.com,9692697161,Bronze,2023-05-15
CUS00013,Nisha,Mishra,F,1970-12-18,Mumbai,Maharashtra,592738,user13@email.com,9412737284,Bronze,2023-02-20
CUS00014,Mohan,Mehta,F,1975-08-12,Kolkata,West Bengal,576086,user14@email.com,9176428684,Silver,2023-05-16
CUS00015,Arjun,Tiwari,F,1985-03-23,Nagpur,Maharashtra,307428,user15@email.com,9556489494,Bronze,2023-05-20
CUS00016,Dev,Reddy,F,1988-12-26,Chennai,Tamil Nadu,966785,user16@email.com,9252725050,Bronze,2024-12-07
CUS00017,Ritu,Mehta,F,1985-11-02,Bengaluru,Karnataka,964278,user17@email.com,9711181411,Platinum,2022-07-12
CUS00018,Sneha,Mishra,F,1982-05-02,Ahmedabad,Gujarat,833723,user18@email.com,9532190231,Platinum,2024-10-14
CUS00019,Kavya,Bose,M,1986-02-11,Jaipur,Rajasthan,727086,user19@email.com,9142800191,Gold,2021-08-28
CUS00020,Kiran,Pandey,M,1988-01-11,Kochi,Kerala,195763,user20@email.com,9345805719,Platinum,2021-12-08
CUS00021,Neha,Tiwari,F,1982-07-30,Bhopal,Madhya Pradesh,121753,user21@email.com,9921155204,Silver,2023-12-25
CUS00022,Rajesh,Patel,F,1976-04-28,Kolkata,West Bengal,283700,user22@email.com,9605196410,Silver,2021-10-08
CUS00023,Geeta,Gupta,M,1978-11-08,Ahmedabad,Gujarat,713762,user23@email.com,9568027936,Silver,2021-10-21
CUS00024,Rohan,Bose,M,1997-01-25,Ahmedabad,Gujarat,449499,user24@email.com,9444733679,Silver,2020-08-21
CUS00025,Ananya,Rao,M,1999-05-08,Bhopal,Madhya Pradesh,619536,user25@email.com,9409471503,Silver,2020-02-09
CUS00026,Varun,Verma,M,1977-12-12,Pune,Maharashtra,192337,user26@email.com,9437710224,Bronze,2021-06-01
CUS00027,Ajay,Shah,F,1977-06-07,Delhi,Delhi,964998,user27@email.com,9101235946,Silver,2022-03-04
CUS00028,Amit,Agarwal,M,1983-04-18,Jaipur,Rajasthan,643623,user28@email.com,9488457631,Silver,2020-05-11
CUS00029,Dev,Mishra,F,1994-12-11,Ahmedabad,Gujarat,313446,user29@email.com,9386749454,Silver,2022-10-25
CUS00030,Divya,Mishra,F,1974-09-06,Nagpur,Maharashtra,608257,user30@email.com,9230380269,Bronze,2024-09-02
CUS00031,Swathi,Iyer,F,1989-03-14,Surat,Gujarat,425845,user31@email.com,9691458887,Bronze,2021-03-12
CUS00032,Rohan,Iyer,Other,1994-10-21,Pune,Maharashtra,218972,user32@email.com,9595475899,Platinum,2020-09-23
CUS00033,Varun,Reddy,F,1978-05-26,Surat,Gujarat,851413,user33@email.com,9413383963,Silver,2022-09-24
CUS00034,Nisha,Bose,Other,1998-04-20,Kolkata,West Bengal,355570,user34@email.com,9590470737,Silver,2020-09-15
CUS00035,Rahul,Pandey,F,1995-02-28,Pune,Maharashtra,243139,user35@email.com,9174958005,Bronze,2024-04-05
CUS00036,Neha,Agarwal,M,1999-11-20,Chandigarh,Punjab,925981,user36@email.com,9645179180,Bronze,2024-01-20
CUS00037,Divya,Mehta,F,1973-06-03,Mumbai,Maharashtra,708093,user37@email.com,9808605988,Silver,2021-09-01
CUS00038,Amit,Verma,F,1995-10-17,Bengaluru,Karnataka,448588,user38@email.com,9692616814,Gold,2022-09-28
CUS00039,Amit,Rao,F,1989-09-17,Pune,Maharashtra,831380,user39@email.com,9356415500,Silver,2024-10-25
CUS00040,Neha,Agarwal,M,2000-12-06,Chennai,Tamil Nadu,880879,user40@email.com,9607854378,Gold,2021-11-28
CUS00041,Sanjay,Shah,Other,1982-01-16,Chandigarh,Punjab,930884,user41@email.com,9981270974,Silver,2021-01-29
CUS00042,Isha,Patel,M,1996-09-03,Bengaluru,Karnataka,718849,user42@email.com,9456476596,Gold,2022-11-01
CUS00043,Neha,Mishra,M,1976-02-27,Bhopal,Madhya Pradesh,579123,user43@email.com,9116479358,Gold,2023-03-22
CUS00044,Neha,Reddy,M,1980-04-02,Pune,Maharashtra,919488,user44@email.com,9384566044,Bronze,2024-05-11
CUS00045,Sanjay,Singh,F,1988-11-15,Kochi,Kerala,993744,user45@email.com,9824085842,Gold,2022-11-27
CUS00046,Kiran,Bose,F,1975-05-28,Pune,Maharashtra,137642,user46@email.com,9762992051,Bronze,2022-03-18
CUS00047,Tara,Mehta,Other,1981-10-22,Surat,Gujarat,883041,user47@email.com,9197044071,Silver,2023-10-11
CUS00048,Ajay,Kumar,M,1974-03-18,Delhi,Delhi,827712,user48@email.com,9421549249,Platinum,2023-07-16
CUS00049,Kiran,Patel,M,1989-03-07,Mumbai,Maharashtra,493049,user49@email.com,9562446417,Bronze,2021-08-22
CUS00050,Nisha,Tiwari,F,1972-02-17,Jaipur,Rajasthan,288803,user50@email.com,9282518553,Bronze,2023-01-10
CUS00051,Neha,Shah,F,1989-09-20,Lucknow,Uttar Pradesh,352528,user51@email.com,9634366139,Platinum,2021-07-11
CUS00052,Pooja,Mishra,F,1975-12-02,Bengaluru,Karnataka,581894,user52@email.com,9374154962,Silver,2020-10-01
CUS00053,Ritu,Mishra,F,1971-12-01,Nagpur,Maharashtra,810526,user53@email.com,9686905284,Bronze,2020-05-27
CUS00054,Meera,Tiwari,M,1997-01-23,Ahmedabad,Gujarat,544920,user54@email.com,9841218491,Bronze,2022-08-20
CUS00055,Divya,Nair,Other,1998-10-06,Bhopal,Madhya Pradesh,994787,user55@email.com,9618840705,Bronze,2022-11-23
CUS00056,Rajesh,Pillai,F,1984-06-03,Pune,Maharashtra,833247,user56@email.com,9417001612,Bronze,2021-07-27
CUS00057,Tara,Shah,M,1993-12-29,Bhopal,Madhya Pradesh,693419,user57@email.com,9836371599,Gold,2023-07-20
CUS00058,Geeta,Pandey,F,1985-10-08,Mumbai,Maharashtra,973294,user58@email.com,9407298630,Gold,2021-08-17
CUS00059,Swathi,Pillai,M,1981-01-04,Chennai,Tamil Nadu,299367,user59@email.com,9766676815,Bronze,2024-06-23
CUS00060,Lata,Reddy,F,1978-08-26,Chandigarh,Punjab,757937,user60@email.com,9794002948,Bronze,2021-09-22
CUS00061,Amit,Patel,F,1992-08-01,Chandigarh,Punjab,867934,user61@email.com,9241102355,Bronze,2023-12-02
CUS00062,Kiran,Agarwal,M,1988-09-21,Kolkata,West Bengal,238579,user62@email.com,9944511703,Silver,2023-05-13
CUS00063,Suresh,Kapoor,F,1988-09-03,Hyderabad,Telangana,970813,user63@email.com,9276678230,Bronze,2024-09-21
CUS00064,Isha,Mehta,F,1988-02-03,Bhopal,Madhya Pradesh,455168,user64@email.com,9963538119,Bronze,2024-08-27
CUS00065,Vikram,Iyer,F,1999-01-09,Delhi,Delhi,859396,user65@email.com,9824138175,Platinum,2024-12-15
CUS00066,Ritu,Verma,M,1971-06-21,Bhopal,Madhya Pradesh,929090,user66@email.com,9523671208,Bronze,2024-08-28
CUS00067,Sneha,Mishra,M,1978-05-05,Jaipur,Rajasthan,885395,user67@email.com,9821920438,Bronze,2022-11-08
CUS00068,Varun,Pillai,M,1970-10-29,Pune,Maharashtra,345180,user68@email.com,9606244434,Bronze,2023-02-04
CUS00069,Kavya,Rao,F,1998-09-03,Nagpur,Maharashtra,332120,user69@email.com,9795411453,Bronze,2023-06-17
CUS00070,Amit,Mehta,F,1995-10-08,Bhopal,Madhya Pradesh,222343,user70@email.com,9250084428,Bronze,2021-12-07
CUS00071,Divya,Bose,M,1974-04-12,Mumbai,Maharashtra,346205,user71@email.com,9677186272,Bronze,2022-10-29
CUS00072,Meera,Verma,M,1988-07-25,Ahmedabad,Gujarat,878325,user72@email.com,9880179899,Bronze,2020-04-02
CUS00073,Dev,Kumar,F,1978-08-12,Pune,Maharashtra,745558,user73@email.com,9538211092,Platinum,2021-03-02
CUS00074,Priya,Pillai,M,1996-08-11,Kolkata,West Bengal,566297,user74@email.com,9353524015,Gold,2024-06-06
CUS00075,Tara,Pillai,F,1988-12-18,Delhi,Delhi,776149,user75@email.com,9485123110,Bronze,2024-10-24
CUS00076,Rahul,Kumar,F,1975-06-04,Kolkata,West Bengal,964226,user76@email.com,9588249062,Bronze,2020-10-02
CUS00077,Dev,Pandey,Other,1997-08-21,Chennai,Tamil Nadu,153035,user77@email.com,9944814262,Bronze,2020-09-23
CUS00078,Ritu,Tiwari,M,1980-06-23,Bengaluru,Karnataka,970127,user78@email.com,9921581473,Silver,2024-12-12
CUS00079,Rahul,Iyer,M,1975-05-31,Lucknow,Uttar Pradesh,254721,user79@email.com,9946799779,Platinum,2020-12-28
CUS00080,Arjun,Reddy,Other,1991-12-11,Mumbai,Maharashtra,666456,user80@email.com,9369137895,Gold,2020-09-28
CUS00081,Tara,Sharma,M,1994-06-16,Delhi,Delhi,475644,user81@email.com,9948239575,Gold,2021-02-21
CUS00082,Kiran,Sharma,M,1984-05-11,Lucknow,Uttar Pradesh,154944,user82@email.com,9236105947,Gold,2022-08-04
CUS00083,Sneha,Singh,F,1977-04-22,Jaipur,Rajasthan,915809,user83@email.com,9488736388,Silver,2024-03-18
CUS00084,Amit,Kapoor,M,1995-05-24,Delhi,Delhi,744986,user84@email.com,9146562851,Gold,2022-05-22
CUS00085,Neha,Kapoor,M,1988-02-21,Nagpur,Maharashtra,774591,user85@email.com,9133447745,Bronze,2021-08-11
CUS00086,Neha,Shah,M,1977-10-26,Ahmedabad,Gujarat,213206,user86@email.com,9626422169,Gold,2022-11-14
CUS00087,Rohan,Singh,M,1984-06-20,Ahmedabad,Gujarat,255539,user87@email.com,9170525764,Bronze,2020-09-30
CUS00088,Dev,Tiwari,F,1991-05-06,Lucknow,Uttar Pradesh,440981,user88@email.com,9508992977,Platinum,2023-01-05
CUS00089,Divya,Mishra,F,1990-02-06,Jaipur,Rajasthan,551096,user89@email.com,9206492059,Gold,2020-01-26
CUS00090,Neha,Verma,F,1979-04-05,Delhi,Delhi,325468,user90@email.com,9561784080,Silver,2020-12-11
CUS00091,Nisha,Rao,F,1992-05-30,Chennai,Tamil Nadu,518098,user91@email.com,9546665485,Gold,2021-06-18
CUS00092,Nisha,Rao,F,1974-08-22,Hyderabad,Telangana,492483,user92@email.com,9263894795,Silver,2024-09-16
CUS00093,Rohan,Singh,F,1996-03-11,Ahmedabad,Gujarat,197758,user93@email.com,9563723880,Bronze,2022-08-22
CUS00094,Meera,Reddy,F,1981-12-04,Kochi,Kerala,714953,user94@email.com,9702998820,Silver,2020-09-25
CUS00095,Sneha,Agarwal,M,1992-11-26,Surat,Gujarat,797660,user95@email.com,9905611583,Silver,2021-06-16
CUS00096,Lata,Patel,Other,1999-10-10,Nagpur,Maharashtra,729575,user96@email.com,9435489452,Bronze,2022-07-23
CUS00097,Suresh,Nair,M,1977-11-28,Lucknow,Uttar Pradesh,605612,user97@email.com,9340781088,Gold,2022-02-10
CUS00098,Neha,Verma,M,1990-12-09,Hyderabad,Telangana,899649,user98@email.com,9399110343,Silver,2020-04-28
CUS00099,Nisha,Verma,Other,2000-03-08,Chandigarh,Punjab,958182,user99@email.com,9767570850,Silver,2020-07-13
CUS00100,Kavya,Sharma,F,1998-11-30,Surat,Gujarat,789786,user100@email.com,9990626742,Silver,2020-03-29
CUS00101,Ananya,Gupta,F,1996-09-19,Mumbai,Maharashtra,423993,user101@email.com,9464883950,Bronze,2023-05-16
CUS00102,Neha,Reddy,F,1976-12-04,Bengaluru,Karnataka,520252,user102@email.com,9174716780,Bronze,2023-02-21
CUS00103,Aarav,Singh,F,1974-09-28,Surat,Gujarat,325583,user103@email.com,9503935666,Silver,2022-04-14
CUS00104,Ananya,Pillai,M,1984-11-29,Hyderabad,Telangana,440140,user104@email.com,9934120892,Platinum,2020-05-13
CUS00105,Rohan,Patel,M,1991-12-02,Lucknow,Uttar Pradesh,891083,user105@email.com,9763398699,Bronze,2024-06-30
CUS00106,Arjun,Mishra,F,1973-11-25,Delhi,Delhi,609253,user106@email.com,9751842899,Silver,2024-06-07
CUS00107,Rahul,Kapoor,M,1991-07-17,Kolkata,West Bengal,550797,user107@email.com,9219066986,Bronze,2021-04-09
CUS00108,Rajesh,Bose,F,1994-08-05,Surat,Gujarat,423401,user108@email.com,9148766522,Bronze,2022-09-15
CUS00109,Priya,Sharma,M,1974-03-18,Lucknow,Uttar Pradesh,321494,user109@email.com,9923935280,Bronze,2021-05-26
CUS00110,Divya,Rao,M,1977-03-14,Kolkata,West Bengal,621546,user110@email.com,9902100304,Silver,2024-02-10
CUS00111,Sanjay,Verma,F,1993-06-05,Bengaluru,Karnataka,624563,user111@email.com,9699924859,Gold,2022-07-01
CUS00112,Meera,Singh,M,1971-08-01,Chandigarh,Punjab,878086,user112@email.com,9145421708,Silver,2024-06-18
CUS00113,Geeta,Singh,F,1988-01-03,Ahmedabad,Gujarat,703727,user113@email.com,9560940492,Silver,2021-02-28
CUS00114,Dev,Agarwal,M,1990-04-04,Kochi,Kerala,524707,user114@email.com,9122394554,Platinum,2024-11-13
CUS00115,Ritu,Pandey,F,1979-01-16,Bengaluru,Karnataka,823108,user115@email.com,9488536370,Bronze,2023-10-13
CUS00116,Sneha,Iyer,M,1976-07-31,Bhopal,Madhya Pradesh,519902,user116@email.com,9662600500,Bronze,2023-02-07
CUS00117,Divya,Rao,M,1990-07-07,Bhopal,Madhya Pradesh,916964,user117@email.com,9280531127,Bronze,2021-02-15
CUS00118,Sneha,Kapoor,F,1971-02-12,Surat,Gujarat,913934,user118@email.com,9475138838,Bronze,2021-02-17
CUS00119,Dev,Reddy,M,1975-07-20,Bhopal,Madhya Pradesh,253557,user119@email.com,9374843786,Bronze,2023-11-12
CUS00120,Vikram,Singh,M,1980-05-03,Lucknow,Uttar Pradesh,910389,user120@email.com,9774254861,Silver,2024-06-15
CUS00121,Rajesh,Tiwari,M,1972-04-04,Chandigarh,Punjab,691912,user121@email.com,9790407222,Silver,2023-03-21
CUS00122,Kiran,Rao,M,1971-08-25,Lucknow,Uttar Pradesh,171603,user122@email.com,9603500181,Silver,2024-12-02
CUS00123,Ritu,Gupta,F,1989-10-04,Kolkata,West Bengal,469038,user123@email.com,9644748834,Bronze,2024-08-01
CUS00124,Amit,Patel,M,1993-09-24,Ahmedabad,Gujarat,972097,user124@email.com,9408246619,Bronze,2020-05-30
CUS00125,Neha,Singh,F,1995-12-27,Bhopal,Madhya Pradesh,631699,user125@email.com,9512834919,Silver,2023-01-27
CUS00126,Ritu,Patel,M,1988-08-11,Jaipur,Rajasthan,949153,user126@email.com,9713811693,Silver,2022-06-01
CUS00127,Swathi,Bose,F,1995-06-01,Hyderabad,Telangana,164879,user127@email.com,9583745511,Bronze,2023-06-07
CUS00128,Varun,Rao,Other,1988-09-19,Nagpur,Maharashtra,188425,user128@email.com,9641755366,Silver,2023-11-21
CUS00129,Pooja,Mishra,Other,1985-06-11,Mumbai,Maharashtra,649525,user129@email.com,9661296425,Silver,2022-12-08
CUS00130,Meera,Mehta,M,1993-10-11,Hyderabad,Telangana,912085,user130@email.com,9463318956,Silver,2020-04-26
CUS00131,Ritu,Rao,M,1996-08-24,Mumbai,Maharashtra,199096,user131@email.com,9699108439,Silver,2021-01-29
CUS00132,Arjun,Pandey,F,1991-10-10,Kolkata,West Bengal,449555,user132@email.com,9187512088,Silver,2020-08-22
CUS00133,Geeta,Pillai,M,1977-07-07,Bengaluru,Karnataka,787923,user133@email.com,9849987147,Silver,2022-04-06
CUS00134,Swathi,Singh,M,1974-01-13,Bengaluru,Karnataka,494976,user134@email.com,9790945624,Gold,2021-06-22
CUS00135,Vikram,Kapoor,M,1982-09-03,Bhopal,Madhya Pradesh,803024,user135@email.com,9554629125,Silver,2023-10-19
CUS00136,Meera,Mehta,M,1990-01-14,Mumbai,Maharashtra,324597,user136@email.com,9466932310,Platinum,2023-06-17
CUS00137,Rahul,Iyer,Other,1988-01-20,Ahmedabad,Gujarat,262471,user137@email.com,9182855381,Bronze,2021-02-06
CUS00138,Sneha,Kapoor,F,1995-09-07,Chandigarh,Punjab,975686,user138@email.com,9893112954,Gold,2023-08-11
CUS00139,Tara,Rao,F,1973-12-06,Mumbai,Maharashtra,748052,user139@email.com,9240712839,Silver,2024-12-29
CUS00140,Ananya,Joshi,F,1997-04-08,Bengaluru,Karnataka,908554,user140@email.com,9770809983,Gold,2024-08-25
CUS00141,Lata,Mishra,M,1990-01-08,Bengaluru,Karnataka,481995,user141@email.com,9826239153,Gold,2021-08-23
CUS00142,Swathi,Mehta,F,1991-01-11,Ahmedabad,Gujarat,921874,user142@email.com,9582032731,Bronze,2024-01-25
CUS00143,Divya,Bose,F,1988-10-01,Chennai,Tamil Nadu,303440,user143@email.com,9494966219,Silver,2022-04-26
CUS00144,Amit,Mishra,F,1983-09-27,Lucknow,Uttar Pradesh,915922,user144@email.com,9510032406,Silver,2022-12-11
CUS00145,Ananya,Nair,F,1995-04-07,Pune,Maharashtra,245121,user145@email.com,9368438908,Bronze,2024-12-25
CUS00146,Neha,Pillai,F,1974-10-23,Ahmedabad,Gujarat,207573,user146@email.com,9863860982,Gold,2023-03-16
CUS00147,Sneha,Mehta,M,1992-12-31,Bhopal,Madhya Pradesh,268099,user147@email.com,9392907427,Silver,2022-06-23
CUS00148,Vikram,Agarwal,M,1971-04-03,Jaipur,Rajasthan,332823,user148@email.com,9976928440,Silver,2020-05-10
CUS00149,Geeta,Sharma,M,1992-04-02,Hyderabad,Telangana,515712,user149@email.com,9639026034,Bronze,2024-12-02
CUS00150,Rohan,Pillai,M,1970-09-09,Pune,Maharashtra,434165,user150@email.com,9206389694,Gold,2024-08-13
CUS00151,Kiran,Reddy,M,1991-11-20,Surat,Gujarat,400814,user151@email.com,9990949719,Silver,2020-08-06
CUS00152,Vikram,Bose,M,1997-01-02,Bhopal,Madhya Pradesh,105506,user152@email.com,9185068029,Bronze,2023-09-02
CUS00153,Varun,Reddy,F,2000-07-10,Chennai,Tamil Nadu,862560,user153@email.com,9753780028,Silver,2023-05-11
CUS00154,Ajay,Mehta,M,1972-06-17,Delhi,Delhi,227767,user154@email.com,9151270577,Bronze,2021-10-03
CUS00155,Ritu,Pandey,F,1994-05-04,Surat,Gujarat,216242,user155@email.com,9998386592,Platinum,2023-05-09
CUS00156,Kavya,Sharma,F,1983-07-04,Lucknow,Uttar Pradesh,702980,user156@email.com,9359779090,Gold,2024-07-20
CUS00157,Nisha,Sharma,F,1991-06-14,Kolkata,West Bengal,352249,user157@email.com,9712745501,Silver,2020-10-15
CUS00158,Tara,Singh,F,1975-10-16,Surat,Gujarat,478120,user158@email.com,9172670118,Platinum,2024-03-29
CUS00159,Suresh,Kapoor,F,1971-03-15,Jaipur,Rajasthan,509420,user159@email.com,9604803700,Bronze,2021-07-17
CUS00160,Meera,Gupta,F,1972-01-26,Pune,Maharashtra,474440,user160@email.com,9946666926,Bronze,2020-01-23
CUS00161,Lata,Kumar,F,1982-03-26,Chennai,Tamil Nadu,870899,user161@email.com,9912477810,Bronze,2024-10-31
CUS00162,Meera,Verma,M,1989-06-23,Mumbai,Maharashtra,774020,user162@email.com,9288000513,Gold,2022-04-27
CUS00163,Amit,Bose,F,1991-03-31,Surat,Gujarat,950916,user163@email.com,9244796859,Bronze,2020-11-01
CUS00164,Amit,Patel,M,1995-02-05,Chandigarh,Punjab,145934,user164@email.com,9949447049,Bronze,2020-05-11
CUS00165,Kiran,Mehta,F,1989-10-01,Mumbai,Maharashtra,955015,user165@email.com,9683074770,Silver,2021-12-17
CUS00166,Ajay,Nair,M,1992-12-28,Mumbai,Maharashtra,918771,user166@email.com,9151329185,Gold,2021-01-19
CUS00167,Arjun,Kumar,F,2000-04-11,Hyderabad,Telangana,558176,user167@email.com,9529520110,Gold,2024-03-09
CUS00168,Sanjay,Rao,Other,1979-10-20,Nagpur,Maharashtra,620306,user168@email.com,9843102880,Silver,2023-04-23
CUS00169,Ritu,Kapoor,M,1972-07-11,Nagpur,Maharashtra,186624,user169@email.com,9880697625,Silver,2022-10-14
CUS00170,Swathi,Joshi,F,1975-12-08,Pune,Maharashtra,436814,user170@email.com,9210163669,Bronze,2020-05-27
CUS00171,Divya,Mehta,M,1999-12-08,Surat,Gujarat,852524,user171@email.com,9557538651,Bronze,2022-03-27
CUS00172,Meera,Mishra,M,1974-01-09,Ahmedabad,Gujarat,469685,user172@email.com,9760191749,Platinum,2021-02-26
CUS00173,Dev,Patel,M,1986-05-10,Kolkata,West Bengal,768480,user173@email.com,9536164913,Bronze,2022-02-07
CUS00174,Lata,Joshi,Other,1997-08-21,Chandigarh,Punjab,249715,user174@email.com,9752376434,Silver,2022-06-26
CUS00175,Priya,Reddy,M,1994-04-02,Ahmedabad,Gujarat,916332,user175@email.com,9792738367,Bronze,2023-12-20
CUS00176,Rajesh,Patel,F,1979-11-03,Pune,Maharashtra,812048,user176@email.com,9583100677,Platinum,2023-07-22
CUS00177,Amit,Singh,F,1984-01-08,Hyderabad,Telangana,655178,user177@email.com,9494009507,Bronze,2021-09-30
CUS00178,Arjun,Iyer,Other,1976-01-19,Surat,Gujarat,127172,user178@email.com,9889924866,Bronze,2021-05-16
CUS00179,Sanjay,Verma,M,1995-12-26,Jaipur,Rajasthan,912609,user179@email.com,9379484009,Gold,2022-07-07
CUS00180,Swathi,Mehta,F,1979-02-09,Chennai,Tamil Nadu,615060,user180@email.com,9314939857,Bronze,2022-09-05
CUS00181,Rohan,Mishra,M,1995-05-03,Bhopal,Madhya Pradesh,848022,user181@email.com,9577934499,Platinum,2024-04-25
CUS00182,Tara,Rao,F,1996-09-05,Chandigarh,Punjab,844007,user182@email.com,9169727803,Silver,2021-01-10
CUS00183,Prakash,Mehta,F,1979-08-02,Kolkata,West Bengal,846385,user183@email.com,9861888313,Platinum,2024-09-19
CUS00184,Ananya,Pillai,F,1998-06-08,Surat,Gujarat,227257,user184@email.com,9315801027,Gold,2022-01-19
CUS00185,Ritu,Bose,M,1970-07-26,Chennai,Tamil Nadu,680933,user185@email.com,9714478186,Bronze,2022-06-30
CUS00186,Kavya,Reddy,F,1976-03-01,Chandigarh,Punjab,190403,user186@email.com,9170596494,Bronze,2020-04-27
CUS00187,Lata,Bose,F,1979-11-16,Kochi,Kerala,906527,user187@email.com,9539625898,Gold,2024-12-03
CUS00188,Vikram,Rao,F,1996-10-24,Delhi,Delhi,571832,user188@email.com,9600184588,Silver,2021-07-31
CUS00189,Vikram,Verma,F,1997-07-23,Hyderabad,Telangana,290802,user189@email.com,9924399252,Platinum,2022-11-30
CUS00190,Suresh,Patel,F,1984-11-25,Pune,Maharashtra,643269,user190@email.com,9264299106,Bronze,2020-11-04
CUS00191,Kiran,Iyer,M,1985-12-07,Bengaluru,Karnataka,644103,user191@email.com,9404994549,Gold,2022-08-07
CUS00192,Rahul,Verma,M,1971-07-18,Kolkata,West Bengal,755383,user192@email.com,9425155441,Silver,2020-09-14
CUS00193,Suresh,Joshi,F,1970-03-17,Delhi,Delhi,708851,user193@email.com,9265564833,Bronze,2020-05-23
CUS00194,Lata,Pandey,M,1976-07-28,Lucknow,Uttar Pradesh,690996,user194@email.com,9144232045,Gold,2020-12-02
CUS00195,Rohan,Patel,F,1990-05-30,Mumbai,Maharashtra,908475,user195@email.com,9719303396,Bronze,2021-02-23
CUS00196,Ajay,Tiwari,M,1997-06-27,Chennai,Tamil Nadu,770030,user196@email.com,9132519237,Silver,2022-12-18
CUS00197,Kavya,Mehta,F,1976-03-26,Surat,Gujarat,416768,user197@email.com,9618558050,Bronze,2022-01-15
CUS00198,Tara,Shah,M,1988-08-05,Chandigarh,Punjab,176517,user198@email.com,9839393192,Bronze,2023-06-21
CUS00199,Nisha,Bose,F,1973-10-04,Ahmedabad,Gujarat,456717,user199@email.com,9751396498,Bronze,2020-01-29
CUS00200,Mohan,Rao,F,1980-09-25,Bhopal,Madhya Pradesh,462147,user200@email.com,9528118701,Bronze,2024-04-13
CUS00201,Suresh,Verma,M,1995-08-27,Hyderabad,Telangana,353480,user201@email.com,9600871106,Bronze,2022-02-23
CUS00202,Pooja,Reddy,M,1993-05-31,Ahmedabad,Gujarat,404309,user202@email.com,9512477736,Gold,2024-11-21
CUS00203,Pooja,Joshi,F,1980-08-20,Pune,Maharashtra,705748,user203@email.com,9874305759,Bronze,2023-10-28
CUS00204,Ananya,Bose,Other,1991-02-07,Chandigarh,Punjab,589491,user204@email.com,9635539154,Gold,2024-12-21
CUS00205,Aarav,Singh,F,1982-02-07,Ahmedabad,Gujarat,629996,user205@email.com,9590947659,Platinum,2023-11-09
CUS00206,Rajesh,Pillai,M,1985-01-10,Chennai,Tamil Nadu,395023,user206@email.com,9631388604,Silver,2024-02-25
CUS00207,Dev,Bose,M,1970-01-13,Bhopal,Madhya Pradesh,108574,user207@email.com,9215424112,Silver,2021-05-17
CUS00208,Arjun,Pillai,F,1977-04-01,Nagpur,Maharashtra,483713,user208@email.com,9148578655,Silver,2020-04-12
CUS00209,Kavya,Nair,M,1980-06-07,Lucknow,Uttar Pradesh,402620,user209@email.com,9178954113,Bronze,2023-01-10
CUS00210,Ajay,Verma,M,1980-08-06,Ahmedabad,Gujarat,753516,user210@email.com,9830572478,Silver,2022-09-20
CUS00211,Sneha,Shah,M,1972-12-06,Bengaluru,Karnataka,455556,user211@email.com,9698967370,Platinum,2023-11-08
CUS00212,Vikram,Nair,F,1999-04-19,Chandigarh,Punjab,520884,user212@email.com,9636954564,Bronze,2022-09-09
CUS00213,Vikram,Rao,F,1981-08-13,Mumbai,Maharashtra,644559,user213@email.com,9590687732,Bronze,2024-01-07
CUS00214,Suresh,Reddy,M,1977-01-13,Nagpur,Maharashtra,742848,user214@email.com,9442019016,Bronze,2020-12-08
CUS00215,Lata,Mehta,F,1974-04-08,Lucknow,Uttar Pradesh,631958,user215@email.com,9989368954,Silver,2024-12-12
CUS00216,Mohan,Tiwari,M,1975-07-13,Ahmedabad,Gujarat,955374,user216@email.com,9117863798,Bronze,2021-08-20
CUS00217,Sneha,Agarwal,F,1988-09-14,Surat,Gujarat,935457,user217@email.com,9878810937,Gold,2021-10-25
CUS00218,Aarav,Pandey,F,2000-10-09,Surat,Gujarat,787436,user218@email.com,9940636753,Platinum,2021-01-20
CUS00219,Rajesh,Iyer,F,2000-09-27,Lucknow,Uttar Pradesh,711868,user219@email.com,9615877957,Bronze,2024-05-11
CUS00220,Lata,Pandey,F,1972-03-21,Surat,Gujarat,498658,user220@email.com,9258672959,Gold,2023-09-08
CUS00221,Priya,Tiwari,F,1979-12-06,Chennai,Tamil Nadu,215233,user221@email.com,9304853117,Bronze,2023-03-30
CUS00222,Nisha,Reddy,M,1972-11-01,Hyderabad,Telangana,313795,user222@email.com,9540639384,Silver,2020-03-14
CUS00223,Geeta,Bose,F,1980-09-05,Lucknow,Uttar Pradesh,871581,user223@email.com,9881042056,Bronze,2020-02-12
CUS00224,Suresh,Nair,F,1973-06-14,Bengaluru,Karnataka,794395,user224@email.com,9613646933,Silver,2023-06-04
CUS00225,Ananya,Mishra,F,1981-01-03,Hyderabad,Telangana,458955,user225@email.com,9686556403,Bronze,2023-03-13
CUS00226,Neha,Gupta,F,1994-04-09,Chandigarh,Punjab,301603,user226@email.com,9364697908,Bronze,2021-02-25
CUS00227,Pooja,Mehta,F,1995-08-28,Kolkata,West Bengal,839142,user227@email.com,9322562836,Silver,2024-08-14
CUS00228,Kiran,Bose,M,1977-12-02,Ahmedabad,Gujarat,934042,user228@email.com,9874881231,Bronze,2024-04-11
CUS00229,Rajesh,Verma,M,1996-03-06,Delhi,Delhi,513697,user229@email.com,9978726109,Bronze,2020-01-13
CUS00230,Ritu,Reddy,M,1976-09-13,Chandigarh,Punjab,401602,user230@email.com,9866803374,Bronze,2024-04-08
CUS00231,Amit,Gupta,F,1999-03-17,Nagpur,Maharashtra,324381,user231@email.com,9316968866,Gold,2024-10-15
CUS00232,Geeta,Verma,F,1995-02-16,Kolkata,West Bengal,243941,user232@email.com,9217281149,Silver,2024-01-28
CUS00233,Pooja,Iyer,M,1988-10-26,Lucknow,Uttar Pradesh,656837,user233@email.com,9342313086,Silver,2022-05-13
CUS00234,Sneha,Agarwal,M,1972-04-09,Mumbai,Maharashtra,595351,user234@email.com,9207959268,Silver,2024-05-15
CUS00235,Aarav,Verma,Other,1977-05-25,Bengaluru,Karnataka,265613,user235@email.com,9536913550,Silver,2020-06-24
CUS00236,Prakash,Bose,F,1984-06-03,Nagpur,Maharashtra,309144,user236@email.com,9911653317,Platinum,2024-07-30
CUS00237,Divya,Patel,F,1971-01-26,Hyderabad,Telangana,193806,user237@email.com,9800400428,Silver,2021-12-16
CUS00238,Lata,Patel,F,1982-07-04,Jaipur,Rajasthan,283568,user238@email.com,9548700579,Gold,2023-12-27
CUS00239,Geeta,Patel,Other,1976-04-05,Bengaluru,Karnataka,516278,user239@email.com,9946066287,Silver,2024-04-22
CUS00240,Lata,Mehta,F,1975-07-18,Nagpur,Maharashtra,109717,user240@email.com,9420396197,Silver,2022-03-14
CUS00241,Geeta,Rao,M,1993-11-11,Delhi,Delhi,772464,user241@email.com,9683364453,Silver,2024-12-28
CUS00242,Vikram,Kapoor,F,1972-05-03,Nagpur,Maharashtra,302177,user242@email.com,9968457290,Bronze,2024-10-22
CUS00243,Lata,Mishra,F,1971-10-27,Bengaluru,Karnataka,853504,user243@email.com,9299929730,Bronze,2024-11-23
CUS00244,Ritu,Mehta,F,1983-02-09,Hyderabad,Telangana,894068,user244@email.com,9307405357,Bronze,2023-09-12
CUS00245,Dev,Shah,F,1995-01-09,Bhopal,Madhya Pradesh,640310,user245@email.com,9452108572,Bronze,2023-05-16
CUS00246,Sneha,Joshi,Other,1990-03-19,Surat,Gujarat,600646,user246@email.com,9447464644,Platinum,2021-08-01
CUS00247,Arjun,Shah,M,1988-05-21,Mumbai,Maharashtra,890371,user247@email.com,9386682971,Platinum,2021-08-03
CUS00248,Rajesh,Tiwari,M,1976-03-02,Kolkata,West Bengal,785436,user248@email.com,9486066116,Silver,2021-06-25
CUS00249,Tara,Kumar,F,1986-12-17,Mumbai,Maharashtra,267475,user249@email.com,9535312769,Silver,2022-01-30
CUS00250,Prakash,Mehta,F,1987-02-17,Nagpur,Maharashtra,769737,user250@email.com,9416794215,Bronze,2020-06-04
CUS00251,Pooja,Reddy,F,1970-02-21,Chennai,Tamil Nadu,577079,user251@email.com,9902874167,Platinum,2024-08-01
CUS00252,Nisha,Verma,F,1995-01-14,Hyderabad,Telangana,894139,user252@email.com,9677155220,Gold,2021-02-05
CUS00253,Rahul,Iyer,F,1996-05-22,Bhopal,Madhya Pradesh,724756,user253@email.com,9945432844,Bronze,2022-05-15
CUS00254,Suresh,Pillai,M,1996-06-09,Ahmedabad,Gujarat,691573,user254@email.com,9220483278,Bronze,2023-08-10
CUS00255,Prakash,Kapoor,M,1985-12-13,Jaipur,Rajasthan,662728,user255@email.com,9260902774,Bronze,2023-03-03
CUS00256,Suresh,Mishra,M,1988-07-25,Bhopal,Madhya Pradesh,315379,user256@email.com,9869784803,Silver,2020-05-15
CUS00257,Prakash,Kapoor,M,1976-12-07,Delhi,Delhi,158338,user257@email.com,9586869229,Bronze,2021-10-06
CUS00258,Amit,Tiwari,M,1994-02-11,Pune,Maharashtra,584838,user258@email.com,9822378827,Gold,2021-10-16
CUS00259,Aarav,Shah,M,1979-12-27,Kochi,Kerala,103161,user259@email.com,9900801470,Bronze,2022-06-28
CUS00260,Priya,Agarwal,M,1987-06-28,Delhi,Delhi,166857,user260@email.com,9681069884,Platinum,2022-10-28
CUS00261,Prakash,Singh,Other,1978-05-01,Nagpur,Maharashtra,595002,user261@email.com,9134075063,Bronze,2021-02-08
CUS00262,Ajay,Reddy,F,1996-01-22,Bengaluru,Karnataka,864715,user262@email.com,9793509240,Platinum,2020-02-16
CUS00263,Prakash,Shah,M,1988-07-10,Hyderabad,Telangana,495833,user263@email.com,9503346325,Bronze,2021-01-29
CUS00264,Neha,Verma,M,1998-09-29,Surat,Gujarat,464663,user264@email.com,9227381397,Bronze,2023-08-09
CUS00265,Sanjay,Kapoor,M,1991-02-22,Jaipur,Rajasthan,333507,user265@email.com,9996382881,Bronze,2022-08-11
CUS00266,Divya,Mishra,F,1996-08-24,Mumbai,Maharashtra,670892,user266@email.com,9555404004,Silver,2023-04-06
CUS00267,Pooja,Iyer,F,1979-06-10,Bhopal,Madhya Pradesh,262656,user267@email.com,9395976645,Bronze,2023-09-08
CUS00268,Lata,Kumar,M,1983-09-19,Nagpur,Maharashtra,792267,user268@email.com,9550156166,Silver,2020-04-22
CUS00269,Prakash,Sharma,M,1972-06-24,Nagpur,Maharashtra,170559,user269@email.com,9208337018,Silver,2024-05-06
CUS00270,Swathi,Patel,M,1986-02-04,Ahmedabad,Gujarat,146385,user270@email.com,9531929128,Silver,2023-04-10
CUS00271,Rahul,Patel,M,1979-09-09,Jaipur,Rajasthan,403314,user271@email.com,9351429015,Gold,2024-03-07
CUS00272,Rajesh,Rao,F,1979-05-22,Kochi,Kerala,910065,user272@email.com,9822125631,Gold,2021-05-31
CUS00273,Divya,Reddy,Other,1982-11-30,Chennai,Tamil Nadu,646571,user273@email.com,9337342839,Silver,2023-03-02
CUS00274,Priya,Verma,F,1982-05-02,Kolkata,West Bengal,870925,user274@email.com,9288047830,Silver,2020-04-07
CUS00275,Kavya,Bose,M,1971-06-16,Pune,Maharashtra,461145,user275@email.com,9790755362,Silver,2024-05-02
CUS00276,Suresh,Rao,F,1986-01-31,Chandigarh,Punjab,528090,user276@email.com,9260221190,Bronze,2020-09-24
CUS00277,Ajay,Verma,F,1996-10-10,Bengaluru,Karnataka,990598,user277@email.com,9341961866,Bronze,2024-11-16
CUS00278,Vikram,Mishra,F,1987-07-20,Kochi,Kerala,689704,user278@email.com,9543109075,Platinum,2020-05-02
CUS00279,Suresh,Reddy,M,1975-05-02,Jaipur,Rajasthan,367382,user279@email.com,9318331154,Bronze,2024-02-04
CUS00280,Geeta,Mishra,F,1974-05-12,Delhi,Delhi,196955,user280@email.com,9675134276,Gold,2020-01-31
CUS00281,Priya,Gupta,M,1979-04-30,Chennai,Tamil Nadu,734356,user281@email.com,9747382621,Bronze,2021-10-29
CUS00282,Rahul,Tiwari,F,1992-02-18,Delhi,Delhi,685997,user282@email.com,9333019716,Silver,2020-05-13
CUS00283,Geeta,Rao,M,1986-08-10,Bhopal,Madhya Pradesh,116078,user283@email.com,9327426863,Platinum,2020-01-01
CUS00284,Sneha,Bose,F,1973-08-05,Kochi,Kerala,829417,user284@email.com,9748971205,Gold,2022-06-15
CUS00285,Geeta,Iyer,F,1982-05-11,Pune,Maharashtra,913185,user285@email.com,9403932500,Bronze,2020-02-13
CUS00286,Dev,Pillai,M,1970-08-14,Jaipur,Rajasthan,477114,user286@email.com,9650632566,Gold,2020-05-15
CUS00287,Sneha,Bose,F,1990-10-06,Ahmedabad,Gujarat,435788,user287@email.com,9318106480,Bronze,2024-09-02
CUS00288,Priya,Tiwari,F,1970-09-19,Pune,Maharashtra,877259,user288@email.com,9256683320,Bronze,2021-11-24
CUS00289,Geeta,Tiwari,F,1989-01-01,Jaipur,Rajasthan,537862,user289@email.com,9416960306,Bronze,2021-01-10
CUS00290,Pooja,Shah,F,1976-06-25,Hyderabad,Telangana,357666,user290@email.com,9636120880,Silver,2022-10-17
CUS00291,Kiran,Gupta,F,1983-08-11,Surat,Gujarat,612356,user291@email.com,9876914430,Silver,2021-12-06
CUS00292,Amit,Joshi,F,1977-04-12,Ahmedabad,Gujarat,469283,user292@email.com,9281747678,Bronze,2021-06-22
CUS00293,Isha,Joshi,F,1998-05-20,Jaipur,Rajasthan,668471,user293@email.com,9789137659,Platinum,2024-02-19
CUS00294,Priya,Singh,F,1983-03-23,Jaipur,Rajasthan,800674,user294@email.com,9152091933,Gold,2023-12-01
CUS00295,Vikram,Iyer,M,1984-04-11,Pune,Maharashtra,258366,user295@email.com,9109815572,Bronze,2020-12-04
CUS00296,Meera,Patel,F,1998-02-23,Ahmedabad,Gujarat,799143,user296@email.com,9761982621,Platinum,2021-09-16
CUS00297,Isha,Sharma,M,1994-01-22,Surat,Gujarat,678440,user297@email.com,9541671360,Bronze,2021-10-13
CUS00298,Lata,Gupta,F,1979-12-30,Jaipur,Rajasthan,400614,user298@email.com,9118406723,Silver,2020-12-05
CUS00299,Tara,Agarwal,F,1981-05-03,Kochi,Kerala,287974,user299@email.com,9214908010,Platinum,2021-06-28
CUS00300,Vikram,Iyer,M,1982-06-25,Jaipur,Rajasthan,652029,user300@email.com,9371031968,Gold,2022-03-14
CUS00301,Ritu,Shah,M,1977-04-23,Kolkata,West Bengal,525750,user301@email.com,9592845076,Silver,2023-06-08
CUS00302,Pooja,Mehta,F,1970-04-29,Kochi,Kerala,989053,user302@email.com,9186561759,Silver,2021-03-08
CUS00303,Dev,Patel,M,1975-08-29,Bhopal,Madhya Pradesh,497687,user303@email.com,9504982743,Silver,2024-04-04
CUS00304,Dev,Sharma,F,1975-05-24,Mumbai,Maharashtra,186702,user304@email.com,9636718857,Gold,2023-11-27
CUS00305,Ritu,Rao,F,1994-08-17,Surat,Gujarat,999636,user305@email.com,9202393989,Gold,2020-07-19
CUS00306,Priya,Iyer,M,1988-09-28,Nagpur,Maharashtra,825916,user306@email.com,9708579840,Silver,2022-06-30
CUS00307,Geeta,Singh,F,1985-12-07,Mumbai,Maharashtra,393992,user307@email.com,9683074772,Silver,2024-03-28
CUS00308,Ananya,Rao,M,1989-06-18,Mumbai,Maharashtra,317221,user308@email.com,9730325223,Bronze,2020-01-27
CUS00309,Mohan,Shah,F,1971-07-27,Bhopal,Madhya Pradesh,413814,user309@email.com,9274429624,Silver,2023-05-01
CUS00310,Varun,Shah,F,1986-02-02,Lucknow,Uttar Pradesh,666820,user310@email.com,9456192204,Bronze,2023-07-15
CUS00311,Vikram,Singh,F,1981-06-12,Kochi,Kerala,462659,user311@email.com,9157656107,Bronze,2021-10-31
CUS00312,Varun,Singh,M,2000-04-17,Chennai,Tamil Nadu,906360,user312@email.com,9759132774,Platinum,2021-05-25
CUS00313,Ajay,Rao,M,1989-12-17,Pune,Maharashtra,386604,user313@email.com,9941328406,Platinum,2021-04-10
CUS00314,Pooja,Pillai,F,1989-04-24,Ahmedabad,Gujarat,493663,user314@email.com,9563693201,Bronze,2022-07-20
CUS00315,Tara,Shah,M,1989-12-14,Lucknow,Uttar Pradesh,748665,user315@email.com,9417161302,Gold,2022-07-25
CUS00316,Rohan,Singh,M,1971-10-25,Kochi,Kerala,498458,user316@email.com,9864157523,Gold,2023-01-15
CUS00317,Lata,Shah,M,1981-01-24,Bengaluru,Karnataka,211726,user317@email.com,9198269319,Bronze,2020-09-23
CUS00318,Amit,Pillai,F,1978-07-19,Kolkata,West Bengal,207197,user318@email.com,9242278314,Bronze,2021-04-29
CUS00319,Amit,Verma,F,1991-06-18,Pune,Maharashtra,527865,user319@email.com,9210909937,Bronze,2023-12-31
CUS00320,Kavya,Singh,F,1970-06-17,Hyderabad,Telangana,922543,user320@email.com,9448354409,Gold,2020-03-03
CUS00321,Divya,Agarwal,M,1998-05-02,Mumbai,Maharashtra,188813,user321@email.com,9878295151,Platinum,2022-11-09
CUS00322,Pooja,Tiwari,F,1973-09-11,Nagpur,Maharashtra,818605,user322@email.com,9508807900,Bronze,2020-05-28
CUS00323,Divya,Gupta,F,1977-12-13,Kolkata,West Bengal,166340,user323@email.com,9279537578,Silver,2022-05-24
CUS00324,Divya,Bose,F,1993-09-17,Pune,Maharashtra,478666,user324@email.com,9370260533,Platinum,2024-04-07
CUS00325,Dev,Bose,F,1980-12-03,Kochi,Kerala,305047,user325@email.com,9591625191,Bronze,2020-07-02
CUS00326,Aarav,Shah,M,1971-07-19,Kolkata,West Bengal,750318,user326@email.com,9507903732,Gold,2024-02-10
CUS00327,Amit,Rao,M,1999-10-05,Hyderabad,Telangana,963539,user327@email.com,9799045497,Platinum,2021-03-22
CUS00328,Divya,Rao,F,1977-08-30,Bengaluru,Karnataka,829066,user328@email.com,9315662642,Silver,2022-05-04
CUS00329,Sanjay,Rao,M,1985-12-30,Bengaluru,Karnataka,828716,user329@email.com,9779573843,Silver,2021-05-26
CUS00330,Ritu,Iyer,M,1990-04-23,Lucknow,Uttar Pradesh,393916,user330@email.com,9976704309,Gold,2022-11-03
CUS00331,Sneha,Tiwari,M,1998-11-17,Hyderabad,Telangana,672133,user331@email.com,9293195372,Silver,2023-06-07
CUS00332,Aarav,Mishra,F,1986-12-30,Jaipur,Rajasthan,319832,user332@email.com,9570787423,Gold,2024-11-10
CUS00333,Mohan,Singh,F,1981-04-13,Bhopal,Madhya Pradesh,934306,user333@email.com,9953673740,Silver,2023-11-11
CUS00334,Vikram,Mehta,M,2000-06-07,Ahmedabad,Gujarat,790658,user334@email.com,9265510032,Gold,2023-07-02
CUS00335,Sanjay,Singh,M,1977-02-03,Chandigarh,Punjab,726979,user335@email.com,9614574336,Silver,2021-08-27
CUS00336,Suresh,Agarwal,F,1999-12-05,Jaipur,Rajasthan,929130,user336@email.com,9486041850,Gold,2021-05-21
CUS00337,Kavya,Pandey,F,1989-03-18,Chandigarh,Punjab,189110,user337@email.com,9217434526,Gold,2023-10-09
CUS00338,Tara,Pillai,M,1993-10-08,Surat,Gujarat,742439,user338@email.com,9147563208,Silver,2021-07-15
CUS00339,Tara,Shah,Other,1970-05-29,Surat,Gujarat,447704,user339@email.com,9954946593,Silver,2021-01-28
CUS00340,Sneha,Gupta,M,1999-11-06,Mumbai,Maharashtra,883132,user340@email.com,9657054862,Silver,2021-10-04
CUS00341,Rajesh,Iyer,M,1973-02-22,Kochi,Kerala,510133,user341@email.com,9597210335,Gold,2020-08-06
CUS00342,Mohan,Kapoor,M,1999-07-05,Lucknow,Uttar Pradesh,125755,user342@email.com,9618371508,Bronze,2021-02-14
CUS00343,Geeta,Singh,M,1976-01-21,Pune,Maharashtra,865618,user343@email.com,9252122560,Bronze,2022-04-27
CUS00344,Amit,Nair,F,1987-05-12,Hyderabad,Telangana,465219,user344@email.com,9611275626,Bronze,2021-04-13
CUS00345,Mohan,Mishra,M,1981-06-23,Kochi,Kerala,414849,user345@email.com,9147978060,Gold,2021-04-02
CUS00346,Aarav,Rao,F,1990-07-29,Delhi,Delhi,810032,user346@email.com,9959047280,Bronze,2024-03-19
CUS00347,Pooja,Kapoor,M,1998-05-28,Kochi,Kerala,267914,user347@email.com,9455397438,Silver,2021-10-03
CUS00348,Pooja,Shah,F,1977-11-16,Ahmedabad,Gujarat,295440,user348@email.com,9787708952,Silver,2022-01-28
CUS00349,Aarav,Pandey,F,1989-09-02,Pune,Maharashtra,571413,user349@email.com,9735873300,Silver,2022-06-21
CUS00350,Mohan,Nair,M,1984-07-12,Mumbai,Maharashtra,888870,user350@email.com,9855656265,Gold,2023-02-25
CUS00351,Rajesh,Kumar,F,1973-09-23,Delhi,Delhi,662968,user351@email.com,9300746596,Bronze,2020-01-31
CUS00352,Amit,Kumar,M,1989-12-26,Chennai,Tamil Nadu,613261,user352@email.com,9666629680,Platinum,2023-07-26
CUS00353,Swathi,Shah,F,1988-10-26,Hyderabad,Telangana,715519,user353@email.com,9222655758,Bronze,2022-11-17
CUS00354,Amit,Pandey,M,1972-03-03,Bhopal,Madhya Pradesh,806309,user354@email.com,9858049231,Gold,2022-01-27
CUS00355,Swathi,Tiwari,M,1985-01-07,Nagpur,Maharashtra,240454,user355@email.com,9436280635,Bronze,2021-05-09
CUS00356,Sneha,Joshi,M,1997-08-30,Kolkata,West Bengal,248225,user356@email.com,9648494024,Bronze,2021-06-13
CUS00357,Vikram,Tiwari,M,1974-05-26,Lucknow,Uttar Pradesh,294776,user357@email.com,9622558165,Silver,2024-11-29
CUS00358,Geeta,Joshi,F,1974-01-19,Kochi,Kerala,613426,user358@email.com,9410133983,Bronze,2024-12-04
CUS00359,Varun,Mishra,F,1978-09-07,Hyderabad,Telangana,476479,user359@email.com,9110290140,Silver,2022-11-07
CUS00360,Varun,Shah,Other,1992-02-18,Chennai,Tamil Nadu,629990,user360@email.com,9801228319,Silver,2021-02-10
CUS00361,Isha,Agarwal,F,1991-11-26,Surat,Gujarat,565412,user361@email.com,9624737111,Bronze,2021-11-12
CUS00362,Aarav,Iyer,M,1979-11-15,Lucknow,Uttar Pradesh,388204,user362@email.com,9341423782,Silver,2020-05-30
CUS00363,Ajay,Mishra,F,1997-03-12,Bengaluru,Karnataka,910074,user363@email.com,9922399856,Silver,2022-07-16
CUS00364,Sneha,Tiwari,M,1985-06-08,Jaipur,Rajasthan,912764,user364@email.com,9683155818,Gold,2022-10-03
CUS00365,Kavya,Patel,F,1994-11-14,Hyderabad,Telangana,562806,user365@email.com,9686642360,Bronze,2020-03-23
CUS00366,Sneha,Iyer,M,1985-10-18,Pune,Maharashtra,133796,user366@email.com,9582896428,Bronze,2023-08-03
CUS00367,Varun,Singh,M,1991-12-13,Bhopal,Madhya Pradesh,223088,user367@email.com,9932828137,Gold,2020-03-13
CUS00368,Ritu,Tiwari,F,1973-10-04,Chennai,Tamil Nadu,845279,user368@email.com,9755263618,Silver,2023-06-17
CUS00369,Swathi,Reddy,F,1987-04-02,Bengaluru,Karnataka,953047,user369@email.com,9322203053,Gold,2024-04-21
CUS00370,Meera,Verma,M,1987-10-25,Lucknow,Uttar Pradesh,664939,user370@email.com,9280793819,Bronze,2022-06-13
CUS00371,Divya,Mehta,F,1999-12-07,Kochi,Kerala,999695,user371@email.com,9652348887,Platinum,2022-04-08
CUS00372,Varun,Kumar,M,1982-07-16,Surat,Gujarat,886530,user372@email.com,9943629337,Silver,2020-11-23
CUS00373,Arjun,Reddy,F,1982-01-08,Mumbai,Maharashtra,239136,user373@email.com,9368088898,Bronze,2020-02-20
CUS00374,Varun,Iyer,F,1999-10-07,Hyderabad,Telangana,809083,user374@email.com,9521659217,Silver,2021-03-16
CUS00375,Dev,Gupta,F,1973-03-09,Lucknow,Uttar Pradesh,493396,user375@email.com,9585322421,Bronze,2021-11-10
CUS00376,Prakash,Singh,M,1977-09-03,Chandigarh,Punjab,886224,user376@email.com,9398742558,Silver,2021-10-01
CUS00377,Meera,Mishra,Other,1985-08-12,Nagpur,Maharashtra,443187,user377@email.com,9724870012,Bronze,2020-07-28
CUS00378,Neha,Singh,F,1978-07-24,Chandigarh,Punjab,580718,user378@email.com,9781654847,Silver,2024-09-03
CUS00379,Neha,Singh,F,1992-03-17,Hyderabad,Telangana,517035,user379@email.com,9333893106,Platinum,2023-01-30
CUS00380,Rahul,Bose,M,1972-08-01,Bhopal,Madhya Pradesh,968581,user380@email.com,9404505751,Bronze,2020-12-27
CUS00381,Vikram,Tiwari,F,1970-12-19,Lucknow,Uttar Pradesh,926596,user381@email.com,9469087606,Gold,2020-05-21
CUS00382,Priya,Patel,M,1997-04-18,Chandigarh,Punjab,921967,user382@email.com,9998402124,Silver,2022-05-22
CUS00383,Geeta,Joshi,M,1987-07-31,Delhi,Delhi,100708,user383@email.com,9559346003,Bronze,2020-03-12
CUS00384,Geeta,Reddy,F,1997-10-09,Kochi,Kerala,416528,user384@email.com,9270700744,Gold,2023-05-14
CUS00385,Arjun,Singh,F,1984-06-13,Nagpur,Maharashtra,362552,user385@email.com,9188498371,Bronze,2022-09-07
CUS00386,Dev,Joshi,M,1987-06-14,Nagpur,Maharashtra,755993,user386@email.com,9428038048,Gold,2020-12-13
CUS00387,Pooja,Agarwal,F,1986-01-29,Chandigarh,Punjab,837880,user387@email.com,9202202698,Bronze,2022-07-17
CUS00388,Rohan,Reddy,F,1985-06-15,Ahmedabad,Gujarat,644676,user388@email.com,9830125895,Silver,2023-01-07
CUS00389,Mohan,Rao,F,1993-05-08,Mumbai,Maharashtra,542828,user389@email.com,9845210115,Bronze,2022-10-06
CUS00390,Pooja,Shah,M,2000-10-14,Delhi,Delhi,945106,user390@email.com,9209980341,Bronze,2023-01-14
CUS00391,Prakash,Mehta,M,1981-01-27,Hyderabad,Telangana,911032,user391@email.com,9973347156,Gold,2022-09-29
CUS00392,Dev,Reddy,M,1977-11-12,Bengaluru,Karnataka,690653,user392@email.com,9109099680,Silver,2020-07-12
CUS00393,Amit,Pillai,F,1977-01-24,Bengaluru,Karnataka,758589,user393@email.com,9903447550,Bronze,2024-02-23
CUS00394,Swathi,Mishra,F,1978-04-18,Pune,Maharashtra,190898,user394@email.com,9207873599,Bronze,2023-07-11
CUS00395,Rajesh,Shah,M,1987-03-28,Delhi,Delhi,550246,user395@email.com,9437695739,Gold,2023-11-16
CUS00396,Arjun,Singh,M,1982-03-30,Chennai,Tamil Nadu,730193,user396@email.com,9744253537,Gold,2021-03-24
CUS00397,Ajay,Sharma,F,1973-12-01,Kolkata,West Bengal,790388,user397@email.com,9423893509,Bronze,2020-09-12
CUS00398,Suresh,Nair,F,1974-09-20,Lucknow,Uttar Pradesh,409898,user398@email.com,9793819512,Bronze,2021-12-14
CUS00399,Ritu,Iyer,F,1997-10-10,Nagpur,Maharashtra,218220,user399@email.com,9358859561,Silver,2023-06-19
CUS00400,Rohan,Kapoor,F,1990-11-05,Lucknow,Uttar Pradesh,112653,user400@email.com,9487726245,Platinum,2021-07-19
CUS00401,Sanjay,Tiwari,M,1985-12-17,Bengaluru,Karnataka,672896,user401@email.com,9833303441,Bronze,2021-12-24
CUS00402,Ajay,Singh,M,1983-09-10,Ahmedabad,Gujarat,170813,user402@email.com,9114810579,Bronze,2023-09-24
CUS00403,Geeta,Patel,F,1988-08-06,Mumbai,Maharashtra,517307,user403@email.com,9643968992,Bronze,2022-05-07
CUS00404,Suresh,Agarwal,M,1977-06-17,Kochi,Kerala,521818,user404@email.com,9188506190,Silver,2023-11-17
CUS00405,Swathi,Reddy,M,1990-12-25,Jaipur,Rajasthan,424960,user405@email.com,9184848753,Silver,2024-11-12
CUS00406,Ritu,Reddy,F,1976-06-16,Chennai,Tamil Nadu,509711,user406@email.com,9729682105,Silver,2021-11-26
CUS00407,Dev,Singh,M,1997-05-06,Bhopal,Madhya Pradesh,558737,user407@email.com,9883786839,Platinum,2024-07-30
CUS00408,Priya,Iyer,M,1991-11-04,Chennai,Tamil Nadu,555589,user408@email.com,9224539647,Silver,2022-12-06
CUS00409,Priya,Mehta,F,1976-07-12,Lucknow,Uttar Pradesh,790017,user409@email.com,9895275666,Bronze,2023-03-19
CUS00410,Mohan,Reddy,F,1985-04-17,Mumbai,Maharashtra,271790,user410@email.com,9633019326,Platinum,2021-05-19
CUS00411,Suresh,Gupta,M,1997-02-26,Jaipur,Rajasthan,233096,user411@email.com,9905066256,Gold,2023-01-02
CUS00412,Lata,Kumar,F,1998-06-29,Kolkata,West Bengal,130782,user412@email.com,9459715348,Gold,2024-01-10
CUS00413,Suresh,Singh,M,1972-07-29,Kolkata,West Bengal,704663,user413@email.com,9773808249,Bronze,2021-02-13
CUS00414,Suresh,Pillai,M,1979-01-06,Ahmedabad,Gujarat,694423,user414@email.com,9279187532,Bronze,2022-12-11
CUS00415,Ajay,Kumar,F,1976-03-29,Kolkata,West Bengal,806866,user415@email.com,9876077372,Bronze,2024-10-01
CUS00416,Suresh,Sharma,M,1980-09-19,Kochi,Kerala,112884,user416@email.com,9362585121,Bronze,2022-12-11
CUS00417,Sanjay,Reddy,M,1988-02-27,Hyderabad,Telangana,999138,user417@email.com,9137971349,Silver,2022-05-02
CUS00418,Mohan,Agarwal,M,1982-06-18,Nagpur,Maharashtra,360322,user418@email.com,9546952114,Platinum,2021-10-26
CUS00419,Arjun,Singh,F,1975-01-27,Hyderabad,Telangana,225200,user419@email.com,9639062353,Silver,2020-07-11
CUS00420,Ananya,Iyer,F,1998-08-07,Mumbai,Maharashtra,148159,user420@email.com,9530489781,Bronze,2020-05-31
CUS00421,Neha,Mehta,F,1981-07-15,Ahmedabad,Gujarat,425790,user421@email.com,9451436694,Bronze,2023-08-30
CUS00422,Aarav,Pillai,M,1990-06-16,Ahmedabad,Gujarat,691194,user422@email.com,9942358213,Bronze,2021-11-18
CUS00423,Pooja,Mishra,M,1996-11-26,Lucknow,Uttar Pradesh,617326,user423@email.com,9929587172,Gold,2022-02-28
CUS00424,Prakash,Verma,F,1994-07-05,Kochi,Kerala,357034,user424@email.com,9261669421,Bronze,2021-03-23
CUS00425,Aarav,Iyer,F,1983-01-08,Pune,Maharashtra,766833,user425@email.com,9844597866,Gold,2024-12-27
CUS00426,Aarav,Shah,F,1989-12-23,Hyderabad,Telangana,862540,user426@email.com,9430187039,Bronze,2024-12-17
CUS00427,Pooja,Agarwal,F,1972-01-28,Jaipur,Rajasthan,162804,user427@email.com,9252872361,Gold,2024-11-05
CUS00428,Priya,Iyer,F,1993-06-15,Delhi,Delhi,645007,user428@email.com,9543516366,Gold,2020-08-26
CUS00429,Amit,Singh,F,2000-06-19,Hyderabad,Telangana,629979,user429@email.com,9243359401,Silver,2021-04-06
CUS00430,Rohan,Tiwari,F,1992-12-28,Pune,Maharashtra,556112,user430@email.com,9811293744,Platinum,2024-06-07
CUS00431,Divya,Gupta,F,1973-11-22,Chennai,Tamil Nadu,939717,user431@email.com,9521929719,Gold,2024-10-11
CUS00432,Kiran,Rao,F,1994-02-03,Kochi,Kerala,344959,user432@email.com,9180195016,Platinum,2024-04-30
CUS00433,Ajay,Tiwari,M,1982-01-27,Bengaluru,Karnataka,210790,user433@email.com,9276496293,Silver,2024-09-07
CUS00434,Nisha,Kumar,F,1998-09-08,Hyderabad,Telangana,907756,user434@email.com,9322947698,Silver,2022-07-25
CUS00435,Arjun,Kumar,M,1989-08-18,Ahmedabad,Gujarat,946826,user435@email.com,9836645781,Bronze,2020-07-05
CUS00436,Mohan,Pandey,M,1970-06-19,Kochi,Kerala,976530,user436@email.com,9451965766,Bronze,2022-05-24
CUS00437,Pooja,Pillai,M,1995-11-30,Kochi,Kerala,151328,user437@email.com,9827120114,Bronze,2021-03-27
CUS00438,Ananya,Sharma,Other,1975-05-09,Bhopal,Madhya Pradesh,996114,user438@email.com,9585547305,Silver,2024-01-20
CUS00439,Pooja,Kumar,F,1976-09-22,Jaipur,Rajasthan,942946,user439@email.com,9952346725,Bronze,2020-05-24
CUS00440,Priya,Iyer,M,1995-07-23,Mumbai,Maharashtra,963684,user440@email.com,9530121446,Bronze,2022-08-15
CUS00441,Dev,Singh,F,1971-08-03,Surat,Gujarat,371393,user441@email.com,9972680546,Bronze,2024-05-08
CUS00442,Rahul,Mishra,F,1993-04-04,Delhi,Delhi,196446,user442@email.com,9990514408,Gold,2020-04-23
CUS00443,Priya,Mishra,M,1978-04-25,Delhi,Delhi,701761,user443@email.com,9565098113,Gold,2020-05-08
CUS00444,Isha,Sharma,M,1973-08-29,Pune,Maharashtra,547389,user444@email.com,9285550328,Bronze,2022-12-30
CUS00445,Ananya,Gupta,M,1983-03-29,Nagpur,Maharashtra,255851,user445@email.com,9137204552,Silver,2022-12-22
CUS00446,Pooja,Mehta,F,1974-12-24,Lucknow,Uttar Pradesh,677438,user446@email.com,9614355545,Bronze,2021-05-09
CUS00447,Sanjay,Reddy,M,1986-03-09,Kolkata,West Bengal,773870,user447@email.com,9955984774,Silver,2024-04-03
CUS00448,Ritu,Verma,F,1998-12-05,Surat,Gujarat,501078,user448@email.com,9939575663,Gold,2024-06-29
CUS00449,Kavya,Bose,M,1978-06-27,Ahmedabad,Gujarat,693128,user449@email.com,9639440654,Bronze,2024-12-28
CUS00450,Ananya,Sharma,M,1990-02-09,Kolkata,West Bengal,329659,user450@email.com,9131464348,Gold,2020-05-01
CUS00451,Arjun,Patel,F,1988-02-13,Chandigarh,Punjab,594596,user451@email.com,9668473595,Bronze,2023-07-08
CUS00452,Pooja,Joshi,M,1995-06-23,Lucknow,Uttar Pradesh,788772,user452@email.com,9358935844,Bronze,2022-10-01
CUS00453,Ritu,Patel,F,1982-11-08,Bhopal,Madhya Pradesh,330069,user453@email.com,9718144695,Gold,2021-08-03
CUS00454,Sanjay,Pillai,F,1974-05-16,Chandigarh,Punjab,986278,user454@email.com,9286521875,Bronze,2024-02-23
CUS00455,Kiran,Pillai,F,1984-08-02,Lucknow,Uttar Pradesh,129576,user455@email.com,9855326778,Gold,2021-05-07
CUS00456,Rajesh,Reddy,F,1984-03-05,Lucknow,Uttar Pradesh,297377,user456@email.com,9998396384,Platinum,2024-06-09
CUS00457,Isha,Verma,M,1990-01-11,Nagpur,Maharashtra,614259,user457@email.com,9140763261,Bronze,2022-08-14
CUS00458,Swathi,Iyer,M,1987-04-29,Chennai,Tamil Nadu,601207,user458@email.com,9100733897,Bronze,2022-09-24
CUS00459,Rahul,Reddy,M,1978-09-15,Lucknow,Uttar Pradesh,286080,user459@email.com,9961596686,Gold,2021-04-21
CUS00460,Priya,Sharma,M,1982-05-07,Hyderabad,Telangana,838927,user460@email.com,9252098390,Gold,2023-04-05
CUS00461,Suresh,Pillai,Other,1982-02-21,Bhopal,Madhya Pradesh,491738,user461@email.com,9856491925,Platinum,2022-01-15
CUS00462,Rajesh,Kumar,M,1974-10-23,Pune,Maharashtra,438273,user462@email.com,9246513857,Platinum,2022-02-10
CUS00463,Nisha,Bose,F,1982-08-25,Kochi,Kerala,282664,user463@email.com,9859331874,Platinum,2024-03-25
CUS00464,Prakash,Pandey,F,2000-06-25,Kochi,Kerala,334081,user464@email.com,9814609188,Silver,2023-03-30
CUS00465,Sanjay,Mehta,F,1981-10-30,Bengaluru,Karnataka,408823,user465@email.com,9236739271,Bronze,2022-12-14
CUS00466,Mohan,Tiwari,M,1975-01-19,Mumbai,Maharashtra,908274,user466@email.com,9709329975,Bronze,2023-04-25
CUS00467,Kiran,Pandey,M,1977-11-10,Lucknow,Uttar Pradesh,693022,user467@email.com,9211787506,Platinum,2023-04-09
CUS00468,Kiran,Singh,M,1994-09-22,Bengaluru,Karnataka,435039,user468@email.com,9280267742,Silver,2020-04-07
CUS00469,Varun,Rao,M,1987-05-14,Delhi,Delhi,378095,user469@email.com,9325146786,Bronze,2020-07-06
CUS00470,Meera,Gupta,F,1974-08-07,Delhi,Delhi,855408,user470@email.com,9101375634,Bronze,2023-05-25
CUS00471,Lata,Agarwal,Other,1985-05-23,Ahmedabad,Gujarat,534130,user471@email.com,9629442753,Gold,2023-05-10
CUS00472,Kavya,Shah,M,1989-11-10,Hyderabad,Telangana,602780,user472@email.com,9946892378,Gold,2021-02-15
CUS00473,Ajay,Iyer,M,1984-06-10,Surat,Gujarat,177289,user473@email.com,9958128631,Gold,2022-06-06
CUS00474,Aarav,Rao,M,1984-05-25,Kolkata,West Bengal,209812,user474@email.com,9179672074,Bronze,2021-01-09
CUS00475,Sanjay,Joshi,F,1983-11-08,Nagpur,Maharashtra,673619,user475@email.com,9199970392,Bronze,2023-10-16
CUS00476,Prakash,Bose,F,1985-09-13,Lucknow,Uttar Pradesh,552275,user476@email.com,9801835431,Bronze,2024-11-08
CUS00477,Nisha,Joshi,M,1983-09-21,Nagpur,Maharashtra,447177,user477@email.com,9320708138,Platinum,2023-06-16
CUS00478,Mohan,Verma,F,1974-10-11,Pune,Maharashtra,865433,user478@email.com,9679955265,Bronze,2022-12-17
CUS00479,Divya,Iyer,M,1982-07-25,Kolkata,West Bengal,511987,user479@email.com,9713933158,Silver,2022-05-31
CUS00480,Vikram,Patel,M,1977-01-10,Ahmedabad,Gujarat,548377,user480@email.com,9194090232,Bronze,2023-05-03
CUS00481,Dev,Pandey,F,1972-06-25,Surat,Gujarat,201698,user481@email.com,9127633490,Bronze,2024-10-25
CUS00482,Divya,Singh,F,1996-10-22,Surat,Gujarat,221119,user482@email.com,9431091936,Gold,2022-12-10
CUS00483,Isha,Gupta,M,1990-02-14,Ahmedabad,Gujarat,670557,user483@email.com,9516104074,Bronze,2021-11-02
CUS00484,Sanjay,Pillai,M,1999-11-14,Nagpur,Maharashtra,146784,user484@email.com,9382711894,Silver,2020-09-20
CUS00485,Pooja,Gupta,F,1979-02-17,Kolkata,West Bengal,258471,user485@email.com,9907706333,Silver,2021-01-27
CUS00486,Rohan,Pillai,F,1993-04-04,Delhi,Delhi,534096,user486@email.com,9912239392,Silver,2024-10-25
CUS00487,Priya,Shah,F,1992-12-14,Jaipur,Rajasthan,538967,user487@email.com,9675004218,Silver,2021-02-19
CUS00488,Isha,Tiwari,F,1994-05-31,Nagpur,Maharashtra,599397,user488@email.com,9420890008,Bronze,2024-03-18
CUS00489,Neha,Patel,F,1977-09-22,Nagpur,Maharashtra,641922,user489@email.com,9959477004,Silver,2024-10-07
CUS00490,Vikram,Kumar,F,1979-09-30,Lucknow,Uttar Pradesh,570852,user490@email.com,9285627380,Platinum,2024-01-30
CUS00491,Rahul,Nair,M,1982-01-21,Bengaluru,Karnataka,543940,user491@email.com,9184147554,Platinum,2022-08-26
CUS00492,Rahul,Reddy,F,1997-11-29,Pune,Maharashtra,370413,user492@email.com,9443328397,Platinum,2024-02-24
CUS00493,Ritu,Singh,M,1980-01-11,Nagpur,Maharashtra,683390,user493@email.com,9526656677,Silver,2023-03-11
CUS00494,Arjun,Kapoor,F,1993-11-16,Bhopal,Madhya Pradesh,112964,user494@email.com,9944552318,Gold,2021-08-19
CUS00495,Suresh,Agarwal,M,1971-01-14,Lucknow,Uttar Pradesh,256911,user495@email.com,9259128258,Silver,2024-01-23
CUS00496,Ajay,Kumar,F,1985-08-18,Lucknow,Uttar Pradesh,690016,user496@email.com,9937029745,Bronze,2022-09-07
CUS00497,Neha,Verma,F,1985-01-20,Kolkata,West Bengal,530849,user497@email.com,9383614547,Bronze,2022-06-02
CUS00498,Rajesh,Pandey,F,1975-04-05,Ahmedabad,Gujarat,280564,user498@email.com,9395723682,Silver,2023-05-17
CUS00499,Swathi,Shah,M,1981-01-21,Lucknow,Uttar Pradesh,447596,user499@email.com,9841433502,Bronze,2020-10-30
CUS00500,Isha,Gupta,F,1991-01-04,Kochi,Kerala,121215,user500@email.com,9462780939,Gold,2021-02-08
CUS00501,Divya,Gupta,F,1974-06-09,Kolkata,West Bengal,999924,user501@email.com,9847520637,Silver,2024-04-09
CUS00502,Pooja,Reddy,M,1977-01-20,Bhopal,Madhya Pradesh,879850,user502@email.com,9575786397,Gold,2023-04-13
CUS00503,Arjun,Agarwal,F,1997-10-20,Hyderabad,Telangana,193624,user503@email.com,9301794412,Silver,2021-04-13
CUS00504,Varun,Agarwal,F,1976-08-13,Nagpur,Maharashtra,896386,user504@email.com,9654589168,Gold,2020-02-13
CUS00505,Priya,Kapoor,F,1976-08-28,Bhopal,Madhya Pradesh,168804,user505@email.com,9434065879,Gold,2021-12-08
CUS00506,Vikram,Kapoor,F,1979-11-06,Pune,Maharashtra,130354,user506@email.com,9286549068,Bronze,2023-06-15
CUS00507,Rahul,Patel,M,1970-08-19,Bhopal,Madhya Pradesh,578621,user507@email.com,9154287614,Platinum,2021-11-18
CUS00508,Rahul,Gupta,M,1994-09-14,Kochi,Kerala,586768,user508@email.com,9642375317,Bronze,2020-05-14
CUS00509,Sneha,Sharma,M,1971-05-24,Nagpur,Maharashtra,612530,user509@email.com,9737849448,Silver,2024-07-05
CUS00510,Isha,Tiwari,F,2000-05-16,Bhopal,Madhya Pradesh,460971,user510@email.com,9275571407,Gold,2024-08-20
CUS00511,Lata,Singh,M,1984-06-10,Kolkata,West Bengal,505343,user511@email.com,9153312407,Bronze,2024-12-12
CUS00512,Ajay,Nair,F,1984-07-10,Lucknow,Uttar Pradesh,778827,user512@email.com,9341712209,Silver,2022-06-19
CUS00513,Dev,Agarwal,F,1999-04-08,Kolkata,West Bengal,918207,user513@email.com,9924174943,Silver,2024-07-24
CUS00514,Geeta,Reddy,F,1986-12-01,Ahmedabad,Gujarat,730343,user514@email.com,9959922040,Bronze,2020-02-11
CUS00515,Swathi,Mehta,F,1997-11-25,Kolkata,West Bengal,843826,user515@email.com,9790137154,Bronze,2020-07-29
CUS00516,Sanjay,Pillai,F,1979-01-19,Nagpur,Maharashtra,328808,user516@email.com,9601113183,Bronze,2024-08-21
CUS00517,Varun,Pandey,M,1980-02-20,Jaipur,Rajasthan,207282,user517@email.com,9107889398,Silver,2023-12-28
CUS00518,Varun,Pillai,F,1974-04-16,Surat,Gujarat,722615,user518@email.com,9753962570,Bronze,2022-01-04
CUS00519,Sneha,Bose,M,1980-08-10,Surat,Gujarat,389913,user519@email.com,9787833374,Bronze,2020-01-25
CUS00520,Arjun,Mehta,M,1997-06-10,Kolkata,West Bengal,642421,user520@email.com,9921921869,Bronze,2021-09-19
CUS00521,Ritu,Pandey,M,1992-05-10,Mumbai,Maharashtra,435109,user521@email.com,9830955923,Bronze,2020-04-13
CUS00522,Dev,Bose,Other,1992-06-25,Mumbai,Maharashtra,372028,user522@email.com,9549431487,Silver,2021-03-11
CUS00523,Priya,Tiwari,F,1973-02-20,Kochi,Kerala,699829,user523@email.com,9976189113,Bronze,2024-06-21
CUS00524,Mohan,Iyer,F,1984-10-23,Kochi,Kerala,769320,user524@email.com,9942776797,Silver,2020-07-02
CUS00525,Meera,Kapoor,M,1987-04-25,Surat,Gujarat,278243,user525@email.com,9806108387,Gold,2023-07-06
CUS00526,Divya,Kumar,F,1989-05-21,Bengaluru,Karnataka,876909,user526@email.com,9377725308,Gold,2020-07-22
CUS00527,Ajay,Joshi,F,1997-06-26,Jaipur,Rajasthan,451936,user527@email.com,9802693852,Bronze,2020-03-22
CUS00528,Pooja,Mehta,M,1999-02-05,Hyderabad,Telangana,447411,user528@email.com,9499090969,Bronze,2020-04-06
CUS00529,Amit,Kumar,F,1990-05-16,Kolkata,West Bengal,765213,user529@email.com,9726608478,Silver,2023-06-05
CUS00530,Rohan,Bose,F,1986-11-22,Lucknow,Uttar Pradesh,624788,user530@email.com,9228651382,Gold,2020-03-02
CUS00531,Suresh,Mehta,M,1970-05-16,Pune,Maharashtra,995735,user531@email.com,9261897130,Bronze,2022-01-14
CUS00532,Kiran,Agarwal,Other,1984-05-04,Chennai,Tamil Nadu,579798,user532@email.com,9253785761,Bronze,2023-05-06
CUS00533,Ananya,Singh,F,1989-04-04,Kochi,Kerala,761685,user533@email.com,9289863614,Bronze,2021-03-17
CUS00534,Aarav,Mishra,M,1974-05-03,Mumbai,Maharashtra,898169,user534@email.com,9930584689,Bronze,2020-07-23
CUS00535,Ananya,Bose,F,1991-04-19,Chandigarh,Punjab,917629,user535@email.com,9194533678,Bronze,2020-04-25
CUS00536,Dev,Agarwal,M,1981-04-09,Pune,Maharashtra,600590,user536@email.com,9511582876,Bronze,2020-05-14
CUS00537,Rahul,Pillai,Other,1981-07-22,Jaipur,Rajasthan,437864,user537@email.com,9912659064,Gold,2020-11-05
CUS00538,Aarav,Sharma,F,1988-12-15,Chennai,Tamil Nadu,360909,user538@email.com,9342950952,Silver,2020-06-29
CUS00539,Divya,Reddy,M,1986-05-05,Hyderabad,Telangana,627786,user539@email.com,9732080338,Bronze,2024-07-21
CUS00540,Varun,Patel,M,1989-08-01,Delhi,Delhi,404955,user540@email.com,9589547144,Gold,2021-06-13
CUS00541,Suresh,Rao,M,1975-04-03,Lucknow,Uttar Pradesh,820141,user541@email.com,9243655310,Bronze,2023-08-19
CUS00542,Isha,Pillai,F,1970-04-30,Nagpur,Maharashtra,272892,user542@email.com,9971887294,Silver,2022-08-26
CUS00543,Pooja,Reddy,M,1973-11-21,Chennai,Tamil Nadu,122977,user543@email.com,9733177858,Silver,2022-06-20
CUS00544,Meera,Patel,M,1974-07-25,Delhi,Delhi,771425,user544@email.com,9374651533,Gold,2022-04-27
CUS00545,Priya,Pandey,Other,1979-07-07,Lucknow,Uttar Pradesh,794125,user545@email.com,9216085930,Silver,2023-08-13
CUS00546,Priya,Kumar,M,1971-09-12,Mumbai,Maharashtra,498724,user546@email.com,9232709191,Silver,2020-03-28
CUS00547,Mohan,Reddy,M,1970-08-19,Ahmedabad,Gujarat,819050,user547@email.com,9776791654,Bronze,2024-01-10
CUS00548,Tara,Kumar,F,1984-01-03,Pune,Maharashtra,383091,user548@email.com,9768724016,Silver,2021-03-11
CUS00549,Nisha,Kumar,F,1974-12-19,Bengaluru,Karnataka,747703,user549@email.com,9226416530,Bronze,2020-07-08
CUS00550,Sneha,Bose,M,1983-02-16,Chandigarh,Punjab,309452,user550@email.com,9935327024,Bronze,2022-08-27
CUS00551,Rahul,Pillai,F,1987-05-09,Jaipur,Rajasthan,409698,user551@email.com,9272199842,Bronze,2023-01-12
CUS00552,Geeta,Nair,F,1970-04-24,Ahmedabad,Gujarat,604012,user552@email.com,9454982932,Bronze,2023-05-23
CUS00553,Tara,Singh,F,1991-08-20,Mumbai,Maharashtra,975804,user553@email.com,9716491837,Silver,2024-09-23
CUS00554,Rohan,Kapoor,M,1972-12-23,Bengaluru,Karnataka,858724,user554@email.com,9208759822,Platinum,2024-06-05
CUS00555,Pooja,Mishra,Other,1971-08-30,Surat,Gujarat,410401,user555@email.com,9383602087,Silver,2022-03-13
CUS00556,Varun,Joshi,F,1983-05-26,Delhi,Delhi,993647,user556@email.com,9411994135,Bronze,2020-11-16
CUS00557,Kiran,Agarwal,F,1978-12-01,Surat,Gujarat,199613,user557@email.com,9914115345,Gold,2023-11-26
CUS00558,Neha,Reddy,F,1970-03-31,Mumbai,Maharashtra,278795,user558@email.com,9452896879,Bronze,2024-12-20
CUS00559,Swathi,Gupta,F,1983-01-10,Ahmedabad,Gujarat,197466,user559@email.com,9500099988,Gold,2021-12-11
CUS00560,Sneha,Shah,M,1994-09-19,Bengaluru,Karnataka,578715,user560@email.com,9391878557,Gold,2022-12-08
CUS00561,Neha,Bose,F,1991-07-26,Kochi,Kerala,780364,user561@email.com,9955675121,Bronze,2024-02-01
CUS00562,Mohan,Patel,Other,1981-05-08,Bengaluru,Karnataka,985364,user562@email.com,9271149511,Bronze,2023-07-09
CUS00563,Rajesh,Bose,F,1993-08-17,Nagpur,Maharashtra,811346,user563@email.com,9570473733,Bronze,2023-05-03
CUS00564,Ajay,Pillai,F,1975-03-01,Pune,Maharashtra,817712,user564@email.com,9880909484,Platinum,2021-05-01
CUS00565,Isha,Bose,M,1985-08-24,Bengaluru,Karnataka,531262,user565@email.com,9573185010,Bronze,2023-11-10
CUS00566,Dev,Rao,M,1992-01-11,Kolkata,West Bengal,810859,user566@email.com,9663518937,Gold,2023-03-25
CUS00567,Lata,Tiwari,M,1988-12-07,Lucknow,Uttar Pradesh,802382,user567@email.com,9463247548,Silver,2020-10-19
CUS00568,Mohan,Pandey,M,1983-09-20,Kochi,Kerala,793856,user568@email.com,9880236611,Bronze,2020-10-26
CUS00569,Tara,Shah,M,1972-06-19,Hyderabad,Telangana,966582,user569@email.com,9699517559,Gold,2024-02-23
CUS00570,Priya,Sharma,F,1994-10-15,Lucknow,Uttar Pradesh,264550,user570@email.com,9642849045,Gold,2020-05-10
CUS00571,Isha,Joshi,M,1992-12-19,Bhopal,Madhya Pradesh,615530,user571@email.com,9444277942,Bronze,2021-03-30
CUS00572,Priya,Kapoor,M,1975-06-16,Kolkata,West Bengal,774567,user572@email.com,9506559022,Silver,2023-02-18
CUS00573,Rohan,Mishra,M,1998-03-16,Chennai,Tamil Nadu,700870,user573@email.com,9581142194,Bronze,2023-08-03
CUS00574,Amit,Rao,M,1990-10-05,Ahmedabad,Gujarat,621533,user574@email.com,9900194244,Silver,2022-11-22
CUS00575,Sanjay,Agarwal,M,1980-05-20,Delhi,Delhi,675771,user575@email.com,9100182231,Gold,2020-11-15
CUS00576,Swathi,Pandey,F,1993-09-13,Chandigarh,Punjab,633030,user576@email.com,9703800000,Bronze,2022-01-06
CUS00577,Amit,Rao,M,1984-03-10,Surat,Gujarat,156911,user577@email.com,9976805431,Bronze,2023-10-20
CUS00578,Kiran,Verma,F,1993-11-23,Ahmedabad,Gujarat,729094,user578@email.com,9608023421,Gold,2024-11-08
CUS00579,Mohan,Mishra,M,1997-05-02,Hyderabad,Telangana,896204,user579@email.com,9807499502,Bronze,2023-08-05
CUS00580,Meera,Mehta,F,1995-05-12,Hyderabad,Telangana,492052,user580@email.com,9853869899,Bronze,2023-05-27
CUS00581,Ananya,Bose,M,1993-04-02,Nagpur,Maharashtra,851678,user581@email.com,9897264993,Gold,2022-09-03
CUS00582,Arjun,Pandey,M,1986-04-27,Delhi,Delhi,226611,user582@email.com,9521869399,Bronze,2022-07-25
CUS00583,Ritu,Nair,F,2000-12-12,Bhopal,Madhya Pradesh,213000,user583@email.com,9912982916,Silver,2023-12-01
CUS00584,Dev,Tiwari,M,1984-09-07,Nagpur,Maharashtra,572388,user584@email.com,9591116494,Silver,2023-04-08
CUS00585,Vikram,Bose,M,1987-08-07,Jaipur,Rajasthan,871976,user585@email.com,9152153364,Silver,2023-02-02
CUS00586,Varun,Tiwari,F,1997-12-24,Pune,Maharashtra,633025,user586@email.com,9938679870,Platinum,2020-08-18
CUS00587,Mohan,Tiwari,M,1984-02-13,Bengaluru,Karnataka,954845,user587@email.com,9237848895,Bronze,2022-11-09
CUS00588,Swathi,Pandey,F,1985-07-21,Surat,Gujarat,628597,user588@email.com,9513028367,Silver,2023-02-25
CUS00589,Geeta,Iyer,M,1992-05-22,Lucknow,Uttar Pradesh,459513,user589@email.com,9415866432,Silver,2024-08-09
CUS00590,Vikram,Agarwal,F,1999-05-11,Bengaluru,Karnataka,884782,user590@email.com,9650072167,Bronze,2024-09-08
CUS00591,Kavya,Rao,F,1992-12-04,Kochi,Kerala,680472,user591@email.com,9779231134,Bronze,2022-01-01
CUS00592,Swathi,Mehta,F,1981-11-07,Chennai,Tamil Nadu,805034,user592@email.com,9242455183,Platinum,2024-06-20
CUS00593,Ananya,Kapoor,F,1997-07-21,Surat,Gujarat,767814,user593@email.com,9446154387,Gold,2022-02-27
CUS00594,Meera,Verma,F,1994-01-03,Chandigarh,Punjab,698357,user594@email.com,9816354624,Gold,2022-01-22
CUS00595,Lata,Verma,M,1992-07-11,Surat,Gujarat,988459,user595@email.com,9553533911,Gold,2024-08-11
CUS00596,Sneha,Sharma,M,1992-06-08,Jaipur,Rajasthan,155642,user596@email.com,9819679947,Bronze,2024-02-24
CUS00597,Ajay,Joshi,Other,1980-12-20,Kolkata,West Bengal,816586,user597@email.com,9369037833,Bronze,2023-10-03
CUS00598,Mohan,Mehta,M,1988-01-01,Mumbai,Maharashtra,667460,user598@email.com,9134688715,Bronze,2024-06-08
CUS00599,Sneha,Pandey,F,1971-10-13,Ahmedabad,Gujarat,875414,user599@email.com,9703319400,Gold,2023-06-05
CUS00600,Dev,Verma,M,1992-04-04,Kochi,Kerala,635740,user600@email.com,9942143413,Gold,2022-01-24
CUS00601,Divya,Patel,F,1994-03-26,Kochi,Kerala,506380,user601@email.com,9547284589,Platinum,2023-03-17
CUS00602,Kiran,Verma,M,1998-06-11,Surat,Gujarat,879794,user602@email.com,9369875484,Bronze,2023-03-22
CUS00603,Ajay,Mishra,F,1977-10-19,Bhopal,Madhya Pradesh,764575,user603@email.com,9856589701,Gold,2023-02-09
CUS00604,Ajay,Tiwari,F,1974-10-10,Hyderabad,Telangana,732697,user604@email.com,9310957071,Gold,2020-04-19
CUS00605,Divya,Mishra,M,1976-10-01,Chennai,Tamil Nadu,815819,user605@email.com,9179960473,Bronze,2024-06-22
CUS00606,Lata,Kapoor,M,1978-02-27,Bengaluru,Karnataka,142608,user606@email.com,9560106760,Bronze,2020-08-15
CUS00607,Vikram,Joshi,F,1990-01-19,Kolkata,West Bengal,367403,user607@email.com,9106061417,Bronze,2023-01-18
CUS00608,Geeta,Reddy,M,1976-10-10,Kochi,Kerala,438302,user608@email.com,9740895381,Bronze,2023-02-20
CUS00609,Dev,Pandey,F,1983-07-12,Nagpur,Maharashtra,415783,user609@email.com,9626725060,Gold,2022-05-26
CUS00610,Meera,Singh,F,1999-09-14,Jaipur,Rajasthan,433299,user610@email.com,9664138658,Bronze,2020-06-07
CUS00611,Suresh,Singh,F,1987-01-04,Bengaluru,Karnataka,267112,user611@email.com,9546602768,Silver,2024-12-21
CUS00612,Rohan,Pillai,M,1987-05-21,Pune,Maharashtra,323717,user612@email.com,9812249975,Bronze,2024-09-14
CUS00613,Divya,Nair,Other,1981-10-13,Hyderabad,Telangana,748314,user613@email.com,9669618855,Silver,2020-04-26
CUS00614,Varun,Sharma,M,1981-11-26,Jaipur,Rajasthan,462814,user614@email.com,9578531560,Bronze,2020-06-08
CUS00615,Swathi,Pandey,M,1975-12-30,Surat,Gujarat,141814,user615@email.com,9832883943,Gold,2023-06-22
CUS00616,Geeta,Kumar,M,1999-02-18,Pune,Maharashtra,666479,user616@email.com,9877362892,Bronze,2022-02-23
CUS00617,Suresh,Pillai,F,1973-10-06,Nagpur,Maharashtra,633447,user617@email.com,9578413078,Silver,2023-04-27
CUS00618,Prakash,Nair,M,1974-09-09,Kolkata,West Bengal,186345,user618@email.com,9203032434,Bronze,2020-06-11
CUS00619,Kavya,Verma,M,1990-07-09,Chandigarh,Punjab,168652,user619@email.com,9326324885,Silver,2022-02-02
CUS00620,Rahul,Agarwal,F,1991-02-17,Chandigarh,Punjab,315565,user620@email.com,9677409188,Gold,2022-12-22
CUS00621,Lata,Agarwal,F,1985-03-19,Nagpur,Maharashtra,175623,user621@email.com,9901967913,Silver,2021-10-08
CUS00622,Amit,Rao,M,1996-09-09,Mumbai,Maharashtra,176806,user622@email.com,9158269903,Bronze,2020-06-10
CUS00623,Kavya,Singh,F,1986-10-13,Kolkata,West Bengal,338703,user623@email.com,9377721135,Silver,2023-01-13
CUS00624,Dev,Shah,M,1972-10-28,Ahmedabad,Gujarat,117711,user624@email.com,9518224445,Silver,2023-01-20
CUS00625,Aarav,Pandey,M,1989-08-07,Jaipur,Rajasthan,882186,user625@email.com,9728791817,Bronze,2023-08-14
CUS00626,Rohan,Pillai,F,1991-08-09,Bhopal,Madhya Pradesh,211291,user626@email.com,9411209672,Gold,2023-06-15
CUS00627,Swathi,Singh,M,1991-04-03,Kolkata,West Bengal,558936,user627@email.com,9509539711,Bronze,2023-09-18
CUS00628,Aarav,Bose,M,1999-05-25,Surat,Gujarat,330545,user628@email.com,9246438473,Gold,2024-08-13
CUS00629,Ritu,Verma,M,1991-07-03,Chandigarh,Punjab,764845,user629@email.com,9254699931,Bronze,2023-09-08
CUS00630,Geeta,Pillai,Other,1977-01-15,Nagpur,Maharashtra,111691,user630@email.com,9694342064,Gold,2024-09-09
CUS00631,Sneha,Patel,M,1970-07-13,Bengaluru,Karnataka,725637,user631@email.com,9523142000,Silver,2021-03-04
CUS00632,Divya,Nair,F,1993-05-24,Delhi,Delhi,861200,user632@email.com,9469207896,Bronze,2020-09-30
CUS00633,Dev,Kapoor,M,1972-09-06,Nagpur,Maharashtra,292930,user633@email.com,9337069279,Silver,2024-06-06
CUS00634,Rahul,Kumar,M,1984-03-03,Kolkata,West Bengal,938504,user634@email.com,9709125837,Gold,2023-08-23
CUS00635,Ajay,Verma,F,1976-10-17,Bhopal,Madhya Pradesh,676365,user635@email.com,9178538388,Bronze,2020-12-11
CUS00636,Arjun,Kumar,M,1994-04-20,Delhi,Delhi,708798,user636@email.com,9623116712,Platinum,2021-09-11
CUS00637,Vikram,Iyer,M,1990-10-16,Hyderabad,Telangana,749609,user637@email.com,9174956719,Platinum,2024-07-14
CUS00638,Isha,Mishra,M,1983-07-15,Hyderabad,Telangana,791454,user638@email.com,9428216558,Silver,2024-09-24
CUS00639,Rajesh,Tiwari,M,1984-01-17,Bengaluru,Karnataka,431699,user639@email.com,9559891563,Bronze,2022-05-30
CUS00640,Pooja,Iyer,F,1998-12-10,Hyderabad,Telangana,771967,user640@email.com,9568284652,Bronze,2023-01-07
CUS00641,Vikram,Rao,F,1996-06-17,Hyderabad,Telangana,585331,user641@email.com,9578199481,Bronze,2022-03-10
CUS00642,Isha,Verma,M,1997-11-24,Kolkata,West Bengal,776909,user642@email.com,9751361501,Bronze,2024-04-09
CUS00643,Neha,Reddy,F,1975-11-15,Kolkata,West Bengal,305973,user643@email.com,9382646055,Gold,2021-07-25
CUS00644,Rohan,Singh,F,1989-12-01,Surat,Gujarat,990856,user644@email.com,9644578566,Silver,2023-04-29
CUS00645,Rajesh,Tiwari,M,1971-10-09,Bhopal,Madhya Pradesh,718697,user645@email.com,9328450041,Platinum,2021-02-13
CUS00646,Arjun,Verma,F,1981-08-21,Jaipur,Rajasthan,665892,user646@email.com,9606917752,Silver,2022-10-10
CUS00647,Meera,Shah,M,1983-05-10,Bengaluru,Karnataka,909652,user647@email.com,9733078989,Gold,2023-08-11
CUS00648,Vikram,Mishra,F,1986-09-17,Kolkata,West Bengal,194952,user648@email.com,9526044822,Bronze,2020-03-12
CUS00649,Tara,Iyer,F,1981-04-21,Mumbai,Maharashtra,945718,user649@email.com,9759316106,Silver,2022-06-10
CUS00650,Suresh,Reddy,M,1993-05-01,Chandigarh,Punjab,287847,user650@email.com,9708121468,Platinum,2022-03-28
CUS00651,Neha,Reddy,F,1989-06-02,Surat,Gujarat,606990,user651@email.com,9485253781,Bronze,2024-11-05
CUS00652,Isha,Iyer,M,1979-03-07,Chandigarh,Punjab,487380,user652@email.com,9351275639,Bronze,2023-12-28
CUS00653,Suresh,Pillai,M,1981-09-08,Chennai,Tamil Nadu,576728,user653@email.com,9149861842,Bronze,2021-04-13
CUS00654,Kiran,Kumar,F,1980-03-22,Surat,Gujarat,646699,user654@email.com,9780287364,Gold,2020-08-21
CUS00655,Lata,Gupta,F,1985-05-22,Bhopal,Madhya Pradesh,697856,user655@email.com,9286669820,Bronze,2023-10-13
CUS00656,Meera,Tiwari,F,1974-08-29,Pune,Maharashtra,976052,user656@email.com,9183577346,Silver,2022-06-16
CUS00657,Geeta,Iyer,F,1980-12-23,Pune,Maharashtra,470040,user657@email.com,9977501292,Gold,2024-06-13
CUS00658,Ritu,Bose,F,1991-09-12,Ahmedabad,Gujarat,106918,user658@email.com,9638843355,Gold,2023-03-30
CUS00659,Ananya,Iyer,M,1977-01-31,Ahmedabad,Gujarat,774734,user659@email.com,9401516912,Bronze,2024-05-10
CUS00660,Ananya,Pillai,F,1997-01-04,Bengaluru,Karnataka,956639,user660@email.com,9227056105,Silver,2021-11-07
CUS00661,Ritu,Rao,F,1974-01-19,Pune,Maharashtra,604906,user661@email.com,9825022076,Silver,2022-01-21
CUS00662,Rajesh,Joshi,F,1985-07-19,Chennai,Tamil Nadu,530859,user662@email.com,9124101254,Bronze,2020-06-11
CUS00663,Rajesh,Tiwari,M,1989-09-03,Bengaluru,Karnataka,760120,user663@email.com,9650446037,Bronze,2024-07-26
CUS00664,Vikram,Patel,M,1976-10-14,Lucknow,Uttar Pradesh,288783,user664@email.com,9654738715,Platinum,2023-01-21
CUS00665,Rajesh,Sharma,F,1971-09-12,Lucknow,Uttar Pradesh,863336,user665@email.com,9810543344,Gold,2022-07-17
CUS00666,Rahul,Mishra,F,1975-09-01,Delhi,Delhi,594312,user666@email.com,9617187507,Bronze,2021-07-18
CUS00667,Nisha,Pandey,M,1988-03-02,Bhopal,Madhya Pradesh,710948,user667@email.com,9980954894,Gold,2023-10-01
CUS00668,Tara,Kapoor,M,1971-01-28,Lucknow,Uttar Pradesh,859364,user668@email.com,9836147907,Bronze,2024-02-26
CUS00669,Swathi,Tiwari,M,1988-12-19,Ahmedabad,Gujarat,496583,user669@email.com,9513886549,Bronze,2022-09-23
CUS00670,Rahul,Kapoor,F,1981-07-23,Mumbai,Maharashtra,628859,user670@email.com,9834834366,Silver,2020-12-27
CUS00671,Swathi,Kumar,M,1973-07-01,Bengaluru,Karnataka,744610,user671@email.com,9744045166,Bronze,2023-06-25
CUS00672,Kavya,Kapoor,F,1993-05-14,Chandigarh,Punjab,197716,user672@email.com,9617802256,Silver,2020-07-04
CUS00673,Swathi,Verma,F,1973-01-13,Nagpur,Maharashtra,912510,user673@email.com,9828597565,Silver,2022-07-03
CUS00674,Nisha,Pillai,F,1979-11-18,Jaipur,Rajasthan,831531,user674@email.com,9668886152,Silver,2024-01-14
CUS00675,Isha,Shah,M,1986-01-10,Chandigarh,Punjab,943706,user675@email.com,9896065791,Platinum,2020-05-06
CUS00676,Mohan,Tiwari,M,1980-05-31,Bhopal,Madhya Pradesh,240386,user676@email.com,9373286650,Silver,2023-04-10
CUS00677,Geeta,Singh,M,1979-02-22,Chennai,Tamil Nadu,670143,user677@email.com,9538781057,Bronze,2024-02-12
CUS00678,Mohan,Sharma,F,1990-08-11,Mumbai,Maharashtra,223552,user678@email.com,9658090039,Bronze,2022-05-07
CUS00679,Rahul,Rao,M,1999-12-21,Surat,Gujarat,211760,user679@email.com,9266192234,Silver,2022-07-29
CUS00680,Arjun,Gupta,F,1984-07-04,Lucknow,Uttar Pradesh,544136,user680@email.com,9706310053,Bronze,2021-06-30
CUS00681,Tara,Shah,F,1989-01-21,Kolkata,West Bengal,533301,user681@email.com,9692818173,Gold,2021-08-13
CUS00682,Ananya,Pillai,F,1971-11-12,Ahmedabad,Gujarat,607259,user682@email.com,9372491666,Platinum,2023-05-28
CUS00683,Meera,Shah,F,1972-03-31,Lucknow,Uttar Pradesh,996531,user683@email.com,9807899575,Bronze,2024-10-01
CUS00684,Amit,Joshi,M,1970-02-06,Chennai,Tamil Nadu,633036,user684@email.com,9530098998,Gold,2021-02-06
CUS00685,Kavya,Pandey,F,1992-06-18,Chandigarh,Punjab,841122,user685@email.com,9155891270,Bronze,2021-06-20
CUS00686,Aarav,Singh,F,1992-05-17,Surat,Gujarat,594580,user686@email.com,9744508634,Silver,2023-06-26
CUS00687,Arjun,Iyer,M,1992-12-20,Delhi,Delhi,738613,user687@email.com,9140539484,Gold,2023-12-31
CUS00688,Sanjay,Pandey,F,1988-02-14,Nagpur,Maharashtra,400384,user688@email.com,9864080940,Platinum,2022-11-05
CUS00689,Ajay,Joshi,F,1972-07-29,Mumbai,Maharashtra,560295,user689@email.com,9111500207,Bronze,2022-11-16
CUS00690,Geeta,Kapoor,M,1995-02-04,Surat,Gujarat,135241,user690@email.com,9941770040,Silver,2022-10-06
CUS00691,Mohan,Iyer,F,1982-04-18,Jaipur,Rajasthan,806765,user691@email.com,9138720348,Bronze,2022-11-09
CUS00692,Aarav,Joshi,M,1979-04-16,Surat,Gujarat,389340,user692@email.com,9937167377,Bronze,2021-12-11
CUS00693,Sanjay,Shah,F,1981-11-07,Surat,Gujarat,642892,user693@email.com,9116499677,Gold,2024-04-17
CUS00694,Geeta,Singh,F,2000-02-25,Delhi,Delhi,861411,user694@email.com,9990953173,Silver,2020-07-13
CUS00695,Meera,Pillai,Other,1997-02-15,Lucknow,Uttar Pradesh,389939,user695@email.com,9342982954,Silver,2022-12-12
CUS00696,Amit,Shah,F,1992-04-11,Chennai,Tamil Nadu,373791,user696@email.com,9287942172,Silver,2022-04-04
CUS00697,Kavya,Singh,F,1995-06-06,Delhi,Delhi,456480,user697@email.com,9225637455,Gold,2021-05-12
CUS00698,Prakash,Verma,F,1999-04-03,Kolkata,West Bengal,702819,user698@email.com,9368587379,Silver,2022-09-16
CUS00699,Rajesh,Bose,F,1974-03-31,Pune,Maharashtra,894268,user699@email.com,9464707961,Platinum,2021-09-01
CUS00700,Tara,Mishra,F,1992-01-19,Ahmedabad,Gujarat,128679,user700@email.com,9617511527,Bronze,2024-06-07
CUS00701,Sanjay,Iyer,F,1982-06-16,Delhi,Delhi,341099,user701@email.com,9959166755,Bronze,2024-08-12
CUS00702,Suresh,Verma,M,1997-12-07,Hyderabad,Telangana,972600,user702@email.com,9382769582,Bronze,2024-09-03
CUS00703,Sanjay,Rao,M,1991-01-19,Delhi,Delhi,287155,user703@email.com,9611697526,Bronze,2022-12-16
CUS00704,Prakash,Tiwari,M,1986-10-14,Chennai,Tamil Nadu,882401,user704@email.com,9833480882,Platinum,2022-11-05
CUS00705,Isha,Nair,M,2000-07-08,Chennai,Tamil Nadu,353814,user705@email.com,9384976854,Bronze,2024-05-03
CUS00706,Varun,Iyer,F,1980-03-24,Chennai,Tamil Nadu,473321,user706@email.com,9267498965,Gold,2022-05-16
CUS00707,Geeta,Singh,F,1995-08-23,Delhi,Delhi,795650,user707@email.com,9628994865,Silver,2024-11-13
CUS00708,Neha,Verma,Other,1995-02-26,Chandigarh,Punjab,989203,user708@email.com,9617857180,Bronze,2023-01-07
CUS00709,Isha,Tiwari,F,1980-05-02,Hyderabad,Telangana,614646,user709@email.com,9296357164,Platinum,2020-11-24
CUS00710,Suresh,Gupta,M,1980-08-01,Nagpur,Maharashtra,886609,user710@email.com,9719189534,Bronze,2020-04-26
CUS00711,Ritu,Agarwal,F,1996-07-01,Jaipur,Rajasthan,667036,user711@email.com,9134963873,Silver,2024-02-10
CUS00712,Neha,Joshi,F,1973-01-05,Pune,Maharashtra,226215,user712@email.com,9849734394,Silver,2020-09-18
CUS00713,Mohan,Sharma,M,1982-04-13,Hyderabad,Telangana,320989,user713@email.com,9507407714,Silver,2020-04-14
CUS00714,Meera,Pandey,F,1982-06-19,Hyderabad,Telangana,296243,user714@email.com,9689015467,Bronze,2023-05-07
CUS00715,Isha,Pandey,M,1988-08-15,Kolkata,West Bengal,292847,user715@email.com,9635550230,Silver,2021-09-25
CUS00716,Mohan,Pillai,M,1995-12-08,Pune,Maharashtra,520051,user716@email.com,9400249927,Silver,2021-02-26
CUS00717,Vikram,Tiwari,F,1972-11-24,Lucknow,Uttar Pradesh,953740,user717@email.com,9207234319,Gold,2023-04-18
CUS00718,Pooja,Verma,M,1975-09-14,Chandigarh,Punjab,499385,user718@email.com,9310521278,Bronze,2022-10-24
CUS00719,Vikram,Bose,F,1986-09-25,Kochi,Kerala,285186,user719@email.com,9552604373,Silver,2021-02-21
CUS00720,Neha,Kapoor,F,1988-11-29,Nagpur,Maharashtra,431064,user720@email.com,9943244821,Silver,2021-03-25
CUS00721,Kavya,Tiwari,M,1991-08-12,Kolkata,West Bengal,203782,user721@email.com,9841465088,Bronze,2024-12-24
CUS00722,Varun,Gupta,F,1996-03-03,Chennai,Tamil Nadu,760458,user722@email.com,9203403365,Silver,2021-08-31
CUS00723,Arjun,Pillai,M,1983-07-03,Hyderabad,Telangana,684572,user723@email.com,9969747935,Bronze,2023-11-10
CUS00724,Nisha,Kumar,M,1989-12-17,Mumbai,Maharashtra,812597,user724@email.com,9750232313,Bronze,2024-08-02
CUS00725,Dev,Verma,M,1996-04-16,Lucknow,Uttar Pradesh,918213,user725@email.com,9405596297,Bronze,2020-11-22
CUS00726,Suresh,Bose,F,1993-02-15,Surat,Gujarat,568640,user726@email.com,9184189438,Bronze,2022-06-17
CUS00727,Amit,Reddy,F,1982-01-05,Kolkata,West Bengal,771697,user727@email.com,9967279679,Platinum,2020-09-27
CUS00728,Dev,Pandey,F,2000-05-18,Pune,Maharashtra,990136,user728@email.com,9176605123,Bronze,2020-01-18
CUS00729,Pooja,Rao,M,1974-08-15,Hyderabad,Telangana,405509,user729@email.com,9862822145,Bronze,2021-05-08
CUS00730,Sanjay,Gupta,F,1976-06-11,Surat,Gujarat,918910,user730@email.com,9489945274,Gold,2020-09-10
CUS00731,Amit,Agarwal,M,1993-09-26,Jaipur,Rajasthan,995706,user731@email.com,9124804609,Bronze,2024-07-26
CUS00732,Tara,Gupta,F,1993-05-18,Chennai,Tamil Nadu,834733,user732@email.com,9905026919,Bronze,2020-12-02
CUS00733,Sanjay,Kumar,M,1976-03-03,Bengaluru,Karnataka,596171,user733@email.com,9688876249,Bronze,2024-12-30
CUS00734,Sanjay,Kapoor,F,1985-04-01,Chandigarh,Punjab,187295,user734@email.com,9211592272,Bronze,2024-05-12
CUS00735,Rohan,Shah,M,1997-12-02,Bengaluru,Karnataka,359414,user735@email.com,9891984698,Bronze,2020-11-24
CUS00736,Vikram,Reddy,F,1973-01-20,Surat,Gujarat,278895,user736@email.com,9130678197,Bronze,2022-03-27
CUS00737,Neha,Rao,F,1989-09-03,Hyderabad,Telangana,589887,user737@email.com,9680447823,Platinum,2023-06-05
CUS00738,Amit,Reddy,Other,1983-02-07,Jaipur,Rajasthan,831510,user738@email.com,9679055622,Bronze,2021-12-19
CUS00739,Amit,Tiwari,M,1988-05-16,Lucknow,Uttar Pradesh,770864,user739@email.com,9786688228,Silver,2021-03-12
CUS00740,Meera,Bose,F,1974-02-13,Nagpur,Maharashtra,943797,user740@email.com,9196157900,Silver,2023-09-22
CUS00741,Nisha,Gupta,M,1996-01-01,Hyderabad,Telangana,111068,user741@email.com,9100099158,Silver,2024-01-05
CUS00742,Neha,Reddy,M,1978-11-23,Chandigarh,Punjab,591989,user742@email.com,9674558056,Bronze,2021-05-08
CUS00743,Isha,Bose,M,1978-11-20,Nagpur,Maharashtra,903072,user743@email.com,9562176397,Gold,2024-12-27
CUS00744,Pooja,Sharma,F,1979-05-11,Lucknow,Uttar Pradesh,297731,user744@email.com,9542098017,Gold,2020-02-14
CUS00745,Sanjay,Iyer,M,1972-09-29,Pune,Maharashtra,872924,user745@email.com,9793627337,Bronze,2021-06-29
CUS00746,Pooja,Gupta,M,1994-01-24,Pune,Maharashtra,755698,user746@email.com,9357227536,Silver,2020-03-23
CUS00747,Geeta,Pandey,F,1992-10-18,Chandigarh,Punjab,817897,user747@email.com,9391912946,Bronze,2023-04-27
CUS00748,Kavya,Gupta,M,1998-11-05,Kochi,Kerala,994940,user748@email.com,9173512612,Bronze,2022-11-23
CUS00749,Sneha,Mishra,F,1970-01-12,Kolkata,West Bengal,385353,user749@email.com,9852126726,Silver,2023-12-09
CUS00750,Kiran,Sharma,M,1988-03-26,Chennai,Tamil Nadu,660957,user750@email.com,9123762858,Bronze,2020-03-18
CUS00751,Divya,Gupta,M,1994-11-07,Delhi,Delhi,559713,user751@email.com,9880725278,Bronze,2021-01-09
CUS00752,Vikram,Sharma,F,1971-04-17,Delhi,Delhi,458521,user752@email.com,9551232519,Bronze,2022-05-04
CUS00753,Isha,Pillai,F,1982-01-19,Chandigarh,Punjab,929868,user753@email.com,9134077472,Bronze,2023-08-31
CUS00754,Ajay,Reddy,M,1975-02-12,Bhopal,Madhya Pradesh,913331,user754@email.com,9521359675,Bronze,2020-05-04
CUS00755,Ananya,Nair,F,1980-12-28,Ahmedabad,Gujarat,362227,user755@email.com,9977516280,Bronze,2022-12-14
CUS00756,Sneha,Iyer,M,1990-03-08,Mumbai,Maharashtra,564478,user756@email.com,9365388382,Gold,2022-06-27
CUS00757,Rahul,Mishra,F,1982-06-25,Mumbai,Maharashtra,198524,user757@email.com,9659568869,Silver,2023-04-01
CUS00758,Isha,Shah,F,1993-04-28,Chennai,Tamil Nadu,427270,user758@email.com,9446886458,Bronze,2023-01-24
CUS00759,Priya,Verma,F,1970-06-16,Kochi,Kerala,365617,user759@email.com,9616716343,Silver,2024-01-21
CUS00760,Meera,Patel,F,1984-03-28,Chennai,Tamil Nadu,328367,user760@email.com,9221256011,Bronze,2023-10-26
CUS00761,Kiran,Sharma,M,1982-02-16,Pune,Maharashtra,389511,user761@email.com,9727813474,Bronze,2023-09-17
CUS00762,Pooja,Sharma,Other,1972-06-07,Chandigarh,Punjab,709303,user762@email.com,9941250135,Silver,2024-10-22
CUS00763,Swathi,Reddy,M,1976-02-20,Kochi,Kerala,193826,user763@email.com,9367063493,Bronze,2021-04-08
CUS00764,Tara,Pandey,M,1989-04-11,Delhi,Delhi,896456,user764@email.com,9771230728,Bronze,2024-03-08
CUS00765,Dev,Reddy,F,1998-02-03,Hyderabad,Telangana,929912,user765@email.com,9215310912,Bronze,2021-09-11
CUS00766,Kiran,Verma,F,1976-07-13,Chennai,Tamil Nadu,893454,user766@email.com,9472929578,Gold,2024-12-11
CUS00767,Lata,Nair,M,1971-03-23,Ahmedabad,Gujarat,496119,user767@email.com,9484579421,Gold,2023-08-30
CUS00768,Prakash,Patel,F,1982-01-20,Kolkata,West Bengal,558752,user768@email.com,9700248296,Bronze,2020-07-23
CUS00769,Isha,Nair,F,1988-04-07,Kochi,Kerala,670027,user769@email.com,9473302105,Bronze,2020-12-25
CUS00770,Arjun,Pandey,F,1983-09-20,Ahmedabad,Gujarat,681456,user770@email.com,9272167429,Bronze,2024-01-26
CUS00771,Amit,Mehta,F,1990-12-03,Bengaluru,Karnataka,667915,user771@email.com,9494184264,Silver,2020-05-03
CUS00772,Dev,Kapoor,M,1990-08-19,Chandigarh,Punjab,294546,user772@email.com,9120100290,Silver,2020-09-17
CUS00773,Ajay,Pandey,M,1981-12-14,Hyderabad,Telangana,856027,user773@email.com,9168012695,Silver,2023-05-10
CUS00774,Varun,Shah,M,1984-08-30,Jaipur,Rajasthan,816412,user774@email.com,9634239338,Gold,2022-06-20
CUS00775,Swathi,Mehta,M,1971-09-23,Bengaluru,Karnataka,772036,user775@email.com,9445770698,Bronze,2021-03-27
CUS00776,Tara,Singh,M,2000-01-04,Jaipur,Rajasthan,236078,user776@email.com,9291811951,Gold,2024-12-30
CUS00777,Sneha,Bose,M,1995-05-17,Chennai,Tamil Nadu,133362,user777@email.com,9713119661,Silver,2022-09-09
CUS00778,Tara,Bose,F,1974-01-10,Pune,Maharashtra,835381,user778@email.com,9733830783,Bronze,2021-11-12
CUS00779,Pooja,Pandey,F,1983-08-18,Hyderabad,Telangana,113721,user779@email.com,9324130818,Silver,2020-08-25
CUS00780,Prakash,Singh,F,1999-10-27,Nagpur,Maharashtra,769952,user780@email.com,9165176331,Bronze,2023-12-03
CUS00781,Prakash,Agarwal,F,1988-03-17,Kochi,Kerala,932831,user781@email.com,9860674986,Bronze,2022-06-26
CUS00782,Arjun,Kapoor,M,1994-03-12,Lucknow,Uttar Pradesh,173807,user782@email.com,9995990847,Bronze,2024-09-24
CUS00783,Suresh,Kumar,M,1973-05-29,Chennai,Tamil Nadu,342239,user783@email.com,9670866707,Bronze,2021-05-23
CUS00784,Suresh,Iyer,F,1989-11-26,Chennai,Tamil Nadu,287588,user784@email.com,9699602642,Gold,2022-01-27
CUS00785,Lata,Kumar,F,1971-02-14,Pune,Maharashtra,704570,user785@email.com,9484360237,Silver,2021-02-27
CUS00786,Tara,Agarwal,F,1990-12-12,Kochi,Kerala,274912,user786@email.com,9950899166,Bronze,2023-01-20
CUS00787,Suresh,Rao,F,1978-12-17,Pune,Maharashtra,659835,user787@email.com,9744154611,Silver,2023-07-10
CUS00788,Prakash,Rao,F,2000-07-19,Hyderabad,Telangana,440424,user788@email.com,9499130788,Silver,2024-12-10
CUS00789,Nisha,Rao,F,1975-01-13,Surat,Gujarat,690500,user789@email.com,9685861719,Bronze,2024-09-29
CUS00790,Kavya,Gupta,M,1982-08-26,Chandigarh,Punjab,574379,user790@email.com,9580499237,Platinum,2022-09-17
CUS00791,Lata,Patel,Other,1980-11-25,Mumbai,Maharashtra,724702,user791@email.com,9117504619,Silver,2023-12-11
CUS00792,Divya,Sharma,M,1998-03-26,Nagpur,Maharashtra,332665,user792@email.com,9330664237,Gold,2020-05-02
CUS00793,Ajay,Gupta,F,1989-03-19,Mumbai,Maharashtra,636107,user793@email.com,9697347361,Silver,2022-02-14
CUS00794,Vikram,Kumar,M,1973-02-15,Lucknow,Uttar Pradesh,472932,user794@email.com,9267618731,Bronze,2020-08-12
CUS00795,Prakash,Tiwari,M,2000-11-07,Hyderabad,Telangana,368691,user795@email.com,9970884334,Bronze,2021-11-14
CUS00796,Sanjay,Tiwari,F,1976-01-15,Lucknow,Uttar Pradesh,869933,user796@email.com,9182894551,Gold,2022-06-21
CUS00797,Isha,Joshi,F,1983-11-29,Chandigarh,Punjab,823092,user797@email.com,9854677179,Silver,2024-10-26
CUS00798,Sneha,Pandey,F,1978-02-06,Nagpur,Maharashtra,139186,user798@email.com,9884679098,Gold,2022-04-02
CUS00799,Rohan,Patel,F,1991-02-17,Pune,Maharashtra,450632,user799@email.com,9473587211,Gold,2023-05-02
CUS00800,Nisha,Kumar,F,1974-04-10,Pune,Maharashtra,337730,user800@email.com,9902813840,Silver,2024-07-20
CUS00801,Geeta,Sharma,F,1970-05-12,Lucknow,Uttar Pradesh,762903,user801@email.com,9510692249,Bronze,2020-09-09
CUS00802,Priya,Rao,F,1971-04-30,Jaipur,Rajasthan,256846,user802@email.com,9450932787,Silver,2021-02-12
CUS00803,Vikram,Patel,F,2000-05-29,Chennai,Tamil Nadu,511967,user803@email.com,9578476787,Gold,2024-06-08
CUS00804,Suresh,Singh,M,1981-01-11,Lucknow,Uttar Pradesh,403859,user804@email.com,9944356532,Bronze,2023-05-08
CUS00805,Kiran,Singh,F,1999-12-20,Bengaluru,Karnataka,881519,user805@email.com,9152947385,Silver,2022-08-26
CUS00806,Rohan,Shah,F,1980-05-12,Kolkata,West Bengal,911414,user806@email.com,9849332765,Bronze,2021-01-28
CUS00807,Isha,Verma,M,1972-03-10,Bengaluru,Karnataka,514521,user807@email.com,9800346424,Silver,2024-01-26
CUS00808,Swathi,Kapoor,M,1991-04-21,Jaipur,Rajasthan,175124,user808@email.com,9385891368,Gold,2021-08-28
CUS00809,Tara,Tiwari,M,1979-09-16,Hyderabad,Telangana,804378,user809@email.com,9544080348,Silver,2024-10-21
CUS00810,Rahul,Rao,M,1992-01-24,Hyderabad,Telangana,787247,user810@email.com,9125991885,Gold,2020-06-09
CUS00811,Meera,Pandey,F,1985-08-01,Bengaluru,Karnataka,941792,user811@email.com,9574819483,Silver,2022-04-26
CUS00812,Priya,Iyer,M,1987-07-05,Ahmedabad,Gujarat,491979,user812@email.com,9267494290,Gold,2022-11-22
CUS00813,Rohan,Kumar,F,1976-06-15,Bhopal,Madhya Pradesh,354854,user813@email.com,9766796289,Platinum,2024-07-20
CUS00814,Varun,Mehta,M,1983-09-09,Bhopal,Madhya Pradesh,827497,user814@email.com,9963589906,Bronze,2024-05-26
CUS00815,Isha,Sharma,M,1985-12-18,Ahmedabad,Gujarat,875959,user815@email.com,9677678962,Bronze,2024-10-25
CUS00816,Suresh,Gupta,F,1998-05-11,Jaipur,Rajasthan,753306,user816@email.com,9883749478,Platinum,2022-12-05
CUS00817,Mohan,Sharma,M,1981-11-04,Kochi,Kerala,795759,user817@email.com,9665646221,Bronze,2021-05-10
CUS00818,Priya,Mehta,M,1994-07-06,Bengaluru,Karnataka,830361,user818@email.com,9763534625,Bronze,2021-07-25
CUS00819,Dev,Sharma,M,1970-05-16,Ahmedabad,Gujarat,792451,user819@email.com,9391317298,Silver,2020-03-26
CUS00820,Tara,Pillai,F,1991-08-03,Nagpur,Maharashtra,120005,user820@email.com,9414064734,Gold,2020-11-25
CUS00821,Sanjay,Iyer,Other,1987-10-24,Surat,Gujarat,633243,user821@email.com,9862022549,Bronze,2023-03-29
CUS00822,Isha,Pandey,F,1986-08-01,Hyderabad,Telangana,295472,user822@email.com,9313540619,Silver,2023-10-22
CUS00823,Kavya,Sharma,M,1973-12-24,Ahmedabad,Gujarat,655132,user823@email.com,9427413432,Bronze,2020-07-21
CUS00824,Lata,Joshi,M,1980-04-26,Pune,Maharashtra,817552,user824@email.com,9477863798,Bronze,2020-09-12
CUS00825,Pooja,Kapoor,M,1987-07-17,Kolkata,West Bengal,165021,user825@email.com,9771939435,Bronze,2021-01-05
CUS00826,Prakash,Sharma,F,1981-08-02,Pune,Maharashtra,393804,user826@email.com,9342217581,Bronze,2024-08-02
CUS00827,Sanjay,Reddy,M,1991-11-18,Nagpur,Maharashtra,500773,user827@email.com,9659116527,Platinum,2020-02-25
CUS00828,Neha,Iyer,M,1979-04-02,Lucknow,Uttar Pradesh,700727,user828@email.com,9264013159,Silver,2022-09-03
CUS00829,Geeta,Pandey,M,1970-11-26,Kolkata,West Bengal,668573,user829@email.com,9241489248,Bronze,2021-01-06
CUS00830,Rajesh,Verma,F,1971-03-08,Bengaluru,Karnataka,312137,user830@email.com,9248294102,Bronze,2020-11-13
CUS00831,Prakash,Kapoor,F,1996-04-14,Kochi,Kerala,550955,user831@email.com,9926834891,Bronze,2022-12-09
CUS00832,Rajesh,Joshi,M,1985-11-30,Nagpur,Maharashtra,684413,user832@email.com,9672263097,Platinum,2021-11-23
CUS00833,Ananya,Rao,F,1978-02-22,Delhi,Delhi,252591,user833@email.com,9880695706,Bronze,2020-12-04
CUS00834,Prakash,Agarwal,Other,1985-10-07,Hyderabad,Telangana,418083,user834@email.com,9575672443,Gold,2021-05-02
CUS00835,Prakash,Gupta,M,1987-03-31,Bhopal,Madhya Pradesh,297062,user835@email.com,9214644955,Bronze,2021-03-23
CUS00836,Ajay,Pandey,F,1971-03-27,Mumbai,Maharashtra,735022,user836@email.com,9708857885,Silver,2020-11-03
CUS00837,Pooja,Iyer,F,1974-01-23,Lucknow,Uttar Pradesh,476712,user837@email.com,9185336088,Silver,2020-06-20
CUS00838,Vikram,Kapoor,F,1984-07-24,Ahmedabad,Gujarat,591534,user838@email.com,9864524716,Silver,2024-07-15
CUS00839,Neha,Shah,F,1971-07-03,Bengaluru,Karnataka,244192,user839@email.com,9275864280,Bronze,2022-07-05
CUS00840,Nisha,Sharma,F,1975-08-14,Mumbai,Maharashtra,533108,user840@email.com,9338965760,Gold,2023-06-21
CUS00841,Ajay,Nair,M,1982-04-07,Chennai,Tamil Nadu,560623,user841@email.com,9762562441,Silver,2023-12-31
CUS00842,Neha,Mishra,F,1989-05-07,Hyderabad,Telangana,548324,user842@email.com,9534722381,Gold,2021-01-13
CUS00843,Lata,Shah,F,1994-06-06,Lucknow,Uttar Pradesh,513296,user843@email.com,9756598356,Platinum,2020-07-02
CUS00844,Swathi,Verma,F,1983-12-14,Lucknow,Uttar Pradesh,838315,user844@email.com,9944948773,Bronze,2020-01-20
CUS00845,Amit,Mishra,F,1972-11-02,Delhi,Delhi,144476,user845@email.com,9363841612,Silver,2020-09-22
CUS00846,Lata,Patel,F,1996-11-07,Pune,Maharashtra,641198,user846@email.com,9921584159,Silver,2022-10-24
CUS00847,Rahul,Mehta,M,1972-11-09,Mumbai,Maharashtra,419348,user847@email.com,9930729364,Gold,2020-08-29
CUS00848,Ananya,Agarwal,M,1998-05-22,Ahmedabad,Gujarat,157196,user848@email.com,9840831347,Silver,2022-09-04
CUS00849,Amit,Mishra,M,2000-06-05,Bengaluru,Karnataka,624977,user849@email.com,9221517071,Bronze,2024-07-17
CUS00850,Prakash,Verma,M,1977-11-19,Lucknow,Uttar Pradesh,533648,user850@email.com,9447313528,Silver,2021-08-29
CUS00851,Amit,Tiwari,F,1976-03-23,Bengaluru,Karnataka,311741,user851@email.com,9588212379,Bronze,2024-11-24
CUS00852,Mohan,Joshi,F,1993-12-17,Hyderabad,Telangana,229545,user852@email.com,9197915848,Bronze,2024-04-08
CUS00853,Dev,Pillai,M,1996-09-02,Ahmedabad,Gujarat,841635,user853@email.com,9512410679,Gold,2023-01-27
CUS00854,Swathi,Joshi,M,1987-09-15,Jaipur,Rajasthan,499095,user854@email.com,9147143794,Gold,2024-05-04
CUS00855,Kiran,Tiwari,F,1971-02-15,Nagpur,Maharashtra,257380,user855@email.com,9274079423,Gold,2021-03-04
CUS00856,Ajay,Patel,M,1973-05-07,Bengaluru,Karnataka,424553,user856@email.com,9884005207,Gold,2020-06-04
CUS00857,Divya,Joshi,M,1973-01-04,Ahmedabad,Gujarat,237962,user857@email.com,9317810361,Bronze,2021-03-24
CUS00858,Arjun,Sharma,F,1980-01-08,Chandigarh,Punjab,996963,user858@email.com,9635413025,Silver,2020-11-08
CUS00859,Swathi,Bose,M,1972-10-11,Mumbai,Maharashtra,717466,user859@email.com,9808101187,Silver,2020-05-04
CUS00860,Amit,Singh,F,1994-12-12,Pune,Maharashtra,106892,user860@email.com,9362758762,Gold,2020-02-21
CUS00861,Swathi,Verma,F,1996-08-30,Kolkata,West Bengal,317723,user861@email.com,9152526165,Bronze,2024-08-14
CUS00862,Dev,Pillai,M,1973-03-20,Mumbai,Maharashtra,995304,user862@email.com,9134823688,Silver,2024-03-22
CUS00863,Swathi,Mehta,M,1996-06-11,Bhopal,Madhya Pradesh,191962,user863@email.com,9152647028,Bronze,2021-11-21
CUS00864,Ananya,Mehta,F,1984-03-08,Bengaluru,Karnataka,825104,user864@email.com,9851454793,Silver,2023-09-05
CUS00865,Kavya,Joshi,Other,1976-02-06,Chandigarh,Punjab,885734,user865@email.com,9721660320,Bronze,2021-10-29
CUS00866,Rohan,Mehta,M,1996-05-11,Mumbai,Maharashtra,497346,user866@email.com,9980752567,Bronze,2024-07-11
CUS00867,Varun,Verma,M,1982-03-30,Pune,Maharashtra,593687,user867@email.com,9244467442,Bronze,2022-09-15
CUS00868,Arjun,Rao,F,1973-02-08,Bhopal,Madhya Pradesh,650131,user868@email.com,9325319746,Silver,2024-01-07
CUS00869,Priya,Kumar,F,1987-11-16,Lucknow,Uttar Pradesh,759531,user869@email.com,9667952106,Platinum,2023-03-02
CUS00870,Lata,Pandey,F,1986-01-25,Ahmedabad,Gujarat,841139,user870@email.com,9408365022,Silver,2021-10-26
CUS00871,Kiran,Gupta,F,1999-01-09,Bhopal,Madhya Pradesh,753518,user871@email.com,9479947133,Platinum,2023-07-19
CUS00872,Rajesh,Bose,F,1974-04-06,Lucknow,Uttar Pradesh,762550,user872@email.com,9634445451,Silver,2020-10-31
CUS00873,Prakash,Pandey,M,1991-09-18,Bengaluru,Karnataka,404598,user873@email.com,9307828574,Bronze,2021-11-03
CUS00874,Amit,Kumar,F,1999-03-13,Mumbai,Maharashtra,317402,user874@email.com,9958525681,Silver,2023-01-28
CUS00875,Nisha,Patel,M,1971-05-17,Pune,Maharashtra,687638,user875@email.com,9965482632,Silver,2023-04-18
CUS00876,Dev,Nair,F,1996-03-04,Mumbai,Maharashtra,366776,user876@email.com,9948465967,Bronze,2024-09-02
CUS00877,Suresh,Verma,M,1979-08-18,Kolkata,West Bengal,106429,user877@email.com,9222231288,Silver,2022-08-07
CUS00878,Sanjay,Tiwari,F,2000-07-18,Hyderabad,Telangana,130531,user878@email.com,9993399121,Bronze,2023-06-26
CUS00879,Varun,Rao,F,1997-04-08,Hyderabad,Telangana,602381,user879@email.com,9609490977,Gold,2024-03-27
CUS00880,Vikram,Bose,M,1986-01-28,Surat,Gujarat,582992,user880@email.com,9676564508,Gold,2023-08-18
CUS00881,Ritu,Agarwal,F,1999-04-02,Ahmedabad,Gujarat,158743,user881@email.com,9996687959,Silver,2020-01-13
CUS00882,Lata,Rao,F,1985-07-25,Lucknow,Uttar Pradesh,119627,user882@email.com,9323620127,Silver,2024-08-18
CUS00883,Ritu,Pillai,M,2000-05-18,Hyderabad,Telangana,256557,user883@email.com,9401141657,Gold,2024-03-05
CUS00884,Sanjay,Verma,F,1991-09-04,Hyderabad,Telangana,698717,user884@email.com,9750353707,Bronze,2022-03-16
CUS00885,Sneha,Mehta,F,1986-02-22,Lucknow,Uttar Pradesh,429776,user885@email.com,9862184916,Bronze,2023-11-25
CUS00886,Rohan,Bose,F,1973-08-15,Pune,Maharashtra,489633,user886@email.com,9585230723,Gold,2023-11-25
CUS00887,Rahul,Kapoor,M,1972-11-06,Kolkata,West Bengal,217683,user887@email.com,9501811039,Gold,2022-03-15
CUS00888,Rahul,Singh,M,1982-11-25,Chandigarh,Punjab,126146,user888@email.com,9957946858,Silver,2024-02-17
CUS00889,Vikram,Nair,M,1971-07-03,Jaipur,Rajasthan,606957,user889@email.com,9886452604,Gold,2022-06-06
CUS00890,Ajay,Rao,M,1987-03-07,Kolkata,West Bengal,203024,user890@email.com,9982764505,Platinum,2020-11-06
CUS00891,Tara,Reddy,M,1976-01-05,Jaipur,Rajasthan,138328,user891@email.com,9593243074,Bronze,2024-06-04
CUS00892,Suresh,Kumar,M,1992-01-10,Bhopal,Madhya Pradesh,146168,user892@email.com,9837716816,Gold,2024-01-31
CUS00893,Rohan,Rao,F,1985-11-16,Bhopal,Madhya Pradesh,148381,user893@email.com,9210705823,Silver,2023-05-07
CUS00894,Lata,Mehta,M,1970-03-03,Surat,Gujarat,895338,user894@email.com,9435160886,Silver,2024-11-15
CUS00895,Kiran,Nair,M,1987-01-15,Chennai,Tamil Nadu,390088,user895@email.com,9671526798,Bronze,2021-10-09
CUS00896,Tara,Kumar,M,2000-09-11,Ahmedabad,Gujarat,265146,user896@email.com,9393815375,Bronze,2024-11-15
CUS00897,Kavya,Kapoor,M,1978-09-27,Lucknow,Uttar Pradesh,668882,user897@email.com,9476151232,Silver,2023-08-11
CUS00898,Vikram,Mehta,F,1981-02-26,Kolkata,West Bengal,279594,user898@email.com,9176496452,Bronze,2021-10-29
CUS00899,Kiran,Verma,M,1972-08-02,Nagpur,Maharashtra,236392,user899@email.com,9131130659,Silver,2023-10-12
CUS00900,Priya,Kumar,M,1976-06-22,Surat,Gujarat,190302,user900@email.com,9557914110,Bronze,2022-05-30
CUS00901,Swathi,Tiwari,F,1990-05-11,Kochi,Kerala,823648,user901@email.com,9850937987,Silver,2021-07-31
CUS00902,Divya,Rao,F,1999-03-17,Hyderabad,Telangana,847528,user902@email.com,9914328532,Silver,2021-05-09
CUS00903,Rohan,Mishra,F,1994-07-24,Jaipur,Rajasthan,197429,user903@email.com,9972792130,Gold,2022-05-19
CUS00904,Amit,Kumar,F,1989-10-23,Kochi,Kerala,817727,user904@email.com,9791939208,Gold,2024-09-05
CUS00905,Isha,Iyer,F,1975-09-03,Ahmedabad,Gujarat,250703,user905@email.com,9762436526,Bronze,2024-05-08
CUS00906,Sanjay,Joshi,F,1996-07-15,Hyderabad,Telangana,797492,user906@email.com,9454686942,Gold,2020-12-16
CUS00907,Kiran,Mishra,F,1984-12-27,Nagpur,Maharashtra,168540,user907@email.com,9610386386,Bronze,2022-01-23
CUS00908,Amit,Joshi,M,1974-01-23,Ahmedabad,Gujarat,465549,user908@email.com,9749012758,Silver,2024-06-19
CUS00909,Sneha,Shah,F,1975-05-24,Jaipur,Rajasthan,935461,user909@email.com,9214870295,Bronze,2022-11-06
CUS00910,Rohan,Mehta,F,1983-12-28,Surat,Gujarat,520286,user910@email.com,9734083157,Silver,2021-02-21
CUS00911,Pooja,Verma,M,1989-05-24,Lucknow,Uttar Pradesh,605806,user911@email.com,9512119784,Bronze,2022-07-02
CUS00912,Varun,Tiwari,M,1986-01-30,Chennai,Tamil Nadu,556501,user912@email.com,9709038381,Gold,2023-02-09
CUS00913,Mohan,Iyer,M,1997-07-22,Jaipur,Rajasthan,802131,user913@email.com,9183638479,Gold,2024-07-24
CUS00914,Rajesh,Bose,M,1978-02-13,Kochi,Kerala,725030,user914@email.com,9597044149,Bronze,2023-07-06
CUS00915,Varun,Mishra,M,1971-05-01,Delhi,Delhi,525505,user915@email.com,9174740628,Silver,2020-07-04
CUS00916,Varun,Pandey,F,1980-05-28,Surat,Gujarat,497316,user916@email.com,9451551922,Silver,2021-05-07
CUS00917,Priya,Singh,M,1972-05-30,Surat,Gujarat,245664,user917@email.com,9723594774,Platinum,2024-08-29
CUS00918,Ritu,Sharma,F,1981-12-16,Surat,Gujarat,792984,user918@email.com,9260219920,Silver,2021-01-09
CUS00919,Sanjay,Pandey,F,1983-09-12,Kolkata,West Bengal,305171,user919@email.com,9320827549,Silver,2022-09-21
CUS00920,Divya,Tiwari,F,1974-07-09,Hyderabad,Telangana,812569,user920@email.com,9427008211,Platinum,2021-08-20
CUS00921,Nisha,Pillai,Other,1980-09-11,Nagpur,Maharashtra,711033,user921@email.com,9108717978,Silver,2022-12-25
CUS00922,Sanjay,Reddy,F,1979-10-24,Jaipur,Rajasthan,165442,user922@email.com,9496450063,Platinum,2021-01-18
CUS00923,Aarav,Verma,F,2000-12-16,Mumbai,Maharashtra,476695,user923@email.com,9217787669,Gold,2020-09-07
CUS00924,Aarav,Iyer,M,1997-05-03,Bhopal,Madhya Pradesh,718831,user924@email.com,9523342384,Silver,2020-04-07
CUS00925,Sanjay,Shah,M,1996-04-17,Kochi,Kerala,671598,user925@email.com,9326791535,Silver,2021-03-20
CUS00926,Vikram,Nair,F,1997-03-29,Ahmedabad,Gujarat,984293,user926@email.com,9486856173,Gold,2021-11-29
CUS00927,Divya,Reddy,M,1988-07-26,Bengaluru,Karnataka,175231,user927@email.com,9796202652,Bronze,2022-08-01
CUS00928,Prakash,Bose,F,1989-11-25,Kochi,Kerala,242371,user928@email.com,9190906681,Bronze,2024-04-19
CUS00929,Nisha,Mishra,F,1982-11-25,Chandigarh,Punjab,829169,user929@email.com,9749001242,Platinum,2022-12-07
CUS00930,Ananya,Mishra,F,1995-03-17,Lucknow,Uttar Pradesh,678866,user930@email.com,9980544989,Silver,2021-05-04
CUS00931,Pooja,Joshi,M,1999-02-20,Hyderabad,Telangana,107790,user931@email.com,9720556736,Silver,2020-01-16
CUS00932,Pooja,Kapoor,M,1977-01-15,Kochi,Kerala,672696,user932@email.com,9718853630,Bronze,2024-07-19
CUS00933,Rajesh,Bose,F,1982-03-05,Mumbai,Maharashtra,218661,user933@email.com,9723058861,Silver,2020-04-25
CUS00934,Rohan,Reddy,F,1980-11-26,Kochi,Kerala,651978,user934@email.com,9905931508,Gold,2024-11-15
CUS00935,Suresh,Singh,F,1989-09-16,Ahmedabad,Gujarat,739705,user935@email.com,9194968544,Bronze,2024-10-04
CUS00936,Lata,Singh,F,1979-02-28,Surat,Gujarat,665389,user936@email.com,9956951458,Silver,2024-08-08
CUS00937,Priya,Rao,F,1997-07-15,Lucknow,Uttar Pradesh,111307,user937@email.com,9603444049,Silver,2022-07-12
CUS00938,Isha,Tiwari,F,1975-07-19,Nagpur,Maharashtra,541467,user938@email.com,9478939097,Platinum,2023-08-05
CUS00939,Divya,Mehta,M,1992-04-27,Chandigarh,Punjab,828813,user939@email.com,9741707324,Gold,2020-02-25
CUS00940,Ritu,Tiwari,M,1981-02-09,Kochi,Kerala,759868,user940@email.com,9608052255,Silver,2024-03-10
CUS00941,Priya,Mehta,F,1990-06-16,Lucknow,Uttar Pradesh,754643,user941@email.com,9129311097,Bronze,2024-09-13
CUS00942,Vikram,Kapoor,M,1986-07-29,Delhi,Delhi,921834,user942@email.com,9398337874,Bronze,2024-04-25
CUS00943,Arjun,Gupta,F,1980-10-02,Lucknow,Uttar Pradesh,114892,user943@email.com,9896103507,Bronze,2024-06-12
CUS00944,Geeta,Tiwari,F,1981-10-29,Bengaluru,Karnataka,791174,user944@email.com,9579590189,Bronze,2024-08-02
CUS00945,Arjun,Iyer,F,1975-12-11,Bengaluru,Karnataka,938202,user945@email.com,9666279467,Gold,2024-12-28
CUS00946,Rohan,Reddy,F,1977-07-15,Hyderabad,Telangana,961639,user946@email.com,9265517620,Gold,2022-11-03
CUS00947,Nisha,Shah,M,1999-11-01,Chandigarh,Punjab,561567,user947@email.com,9879535586,Silver,2023-11-05
CUS00948,Rajesh,Pillai,M,1981-03-15,Chennai,Tamil Nadu,377238,user948@email.com,9911194689,Gold,2023-06-12
CUS00949,Ananya,Mishra,M,1981-02-04,Mumbai,Maharashtra,416006,user949@email.com,9611386978,Gold,2021-08-21
CUS00950,Geeta,Verma,M,1990-11-10,Chandigarh,Punjab,816712,user950@email.com,9857640614,Bronze,2024-07-01
CUS00951,Vikram,Kapoor,F,1979-10-30,Kolkata,West Bengal,112439,user951@email.com,9410088282,Platinum,2024-03-03
CUS00952,Sanjay,Rao,Other,1997-09-15,Ahmedabad,Gujarat,816047,user952@email.com,9144042329,Bronze,2021-01-16
CUS00953,Dev,Pillai,Other,1982-04-24,Jaipur,Rajasthan,552760,user953@email.com,9755503884,Platinum,2023-06-02
CUS00954,Arjun,Rao,M,1993-09-16,Bhopal,Madhya Pradesh,941289,user954@email.com,9205523897,Bronze,2023-03-03
CUS00955,Sanjay,Mishra,F,2000-12-01,Lucknow,Uttar Pradesh,885478,user955@email.com,9359627518,Gold,2024-08-04
CUS00956,Ajay,Nair,F,1993-11-19,Lucknow,Uttar Pradesh,810638,user956@email.com,9841180707,Platinum,2020-07-06
CUS00957,Kavya,Sharma,F,1983-01-21,Hyderabad,Telangana,972089,user957@email.com,9172962860,Bronze,2022-05-31
CUS00958,Suresh,Kumar,F,1970-08-29,Delhi,Delhi,468591,user958@email.com,9335596484,Gold,2021-11-26
CUS00959,Rahul,Patel,M,1980-09-15,Kolkata,West Bengal,196407,user959@email.com,9161076482,Platinum,2023-06-24
CUS00960,Prakash,Nair,Other,1995-09-03,Surat,Gujarat,769078,user960@email.com,9230771153,Gold,2024-01-01
CUS00961,Rohan,Pandey,M,2000-08-28,Delhi,Delhi,788279,user961@email.com,9920186027,Gold,2022-10-16
CUS00962,Ritu,Joshi,F,1984-06-14,Lucknow,Uttar Pradesh,829445,user962@email.com,9297850884,Bronze,2024-10-16
CUS00963,Tara,Singh,F,1990-07-06,Ahmedabad,Gujarat,389809,user963@email.com,9926093073,Silver,2024-01-31
CUS00964,Tara,Rao,M,1973-08-26,Nagpur,Maharashtra,918656,user964@email.com,9179453743,Bronze,2024-01-23
CUS00965,Sanjay,Shah,M,1974-08-10,Mumbai,Maharashtra,162976,user965@email.com,9377281586,Platinum,2023-02-25
CUS00966,Ananya,Mishra,M,1988-03-20,Kolkata,West Bengal,310416,user966@email.com,9755306663,Bronze,2023-11-08
CUS00967,Isha,Kumar,M,1987-11-27,Surat,Gujarat,906048,user967@email.com,9563055004,Bronze,2023-03-14
CUS00968,Sneha,Mishra,F,1987-11-28,Surat,Gujarat,208304,user968@email.com,9137431602,Bronze,2023-07-16
CUS00969,Lata,Gupta,F,1999-05-17,Lucknow,Uttar Pradesh,119676,user969@email.com,9634402789,Bronze,2024-02-15
CUS00970,Aarav,Patel,F,1991-08-24,Surat,Gujarat,379378,user970@email.com,9262787284,Gold,2021-01-09
CUS00971,Sanjay,Tiwari,M,1986-09-20,Nagpur,Maharashtra,841978,user971@email.com,9927844881,Silver,2024-08-11
CUS00972,Sanjay,Singh,F,1971-09-20,Pune,Maharashtra,103468,user972@email.com,9512771985,Platinum,2020-11-25
CUS00973,Ajay,Bose,M,1995-06-23,Bhopal,Madhya Pradesh,661307,user973@email.com,9485385619,Bronze,2024-09-30
CUS00974,Sanjay,Patel,F,1986-06-08,Kolkata,West Bengal,778506,user974@email.com,9197352922,Bronze,2024-02-01
CUS00975,Kiran,Singh,F,1996-07-31,Bhopal,Madhya Pradesh,897392,user975@email.com,9923031795,Bronze,2024-02-21
CUS00976,Ananya,Verma,M,1972-01-07,Chennai,Tamil Nadu,502824,user976@email.com,9809457825,Bronze,2022-04-20
CUS00977,Sanjay,Kumar,F,1984-11-13,Kochi,Kerala,476712,user977@email.com,9622379207,Bronze,2024-02-22
CUS00978,Amit,Nair,M,1982-12-19,Surat,Gujarat,302472,user978@email.com,9127235036,Gold,2023-09-10
CUS00979,Pooja,Bose,M,1989-03-15,Lucknow,Uttar Pradesh,931247,user979@email.com,9680413337,Silver,2024-05-05
CUS00980,Kavya,Mishra,Other,1990-04-15,Ahmedabad,Gujarat,117215,user980@email.com,9139774278,Bronze,2021-02-08
CUS00981,Ritu,Patel,M,1984-09-12,Hyderabad,Telangana,321960,user981@email.com,9966621002,Silver,2024-04-26
CUS00982,Amit,Verma,M,1971-03-25,Jaipur,Rajasthan,707488,user982@email.com,9350166446,Platinum,2021-09-22
CUS00983,Lata,Reddy,F,1982-01-13,Mumbai,Maharashtra,119989,user983@email.com,9605968226,Platinum,2023-03-12
CUS00984,Priya,Iyer,F,1983-06-09,Lucknow,Uttar Pradesh,236878,user984@email.com,9115424523,Bronze,2020-10-18
CUS00985,Prakash,Mehta,F,1989-12-17,Mumbai,Maharashtra,202018,user985@email.com,9589824472,Silver,2024-05-25
CUS00986,Rajesh,Singh,F,1997-09-26,Bhopal,Madhya Pradesh,211496,user986@email.com,9222599500,Silver,2021-03-08
CUS00987,Swathi,Iyer,M,1980-01-02,Chandigarh,Punjab,312484,user987@email.com,9557641077,Bronze,2020-08-12
CUS00988,Lata,Shah,M,1993-02-07,Bhopal,Madhya Pradesh,817318,user988@email.com,9718439865,Silver,2022-07-03
CUS00989,Varun,Nair,F,1972-09-09,Hyderabad,Telangana,721894,user989@email.com,9286237999,Bronze,2021-07-14
CUS00990,Arjun,Reddy,F,1981-11-03,Delhi,Delhi,276214,user990@email.com,9847641906,Bronze,2022-03-25
CUS00991,Amit,Iyer,F,1989-11-02,Bengaluru,Karnataka,142675,user991@email.com,9243205892,Bronze,2021-08-16
CUS00992,Dev,Pandey,M,1981-12-17,Bhopal,Madhya Pradesh,265416,user992@email.com,9116782928,Gold,2021-07-04
CUS00993,Aarav,Sharma,M,1998-02-21,Delhi,Delhi,193471,user993@email.com,9858857635,Silver,2020-05-05
CUS00994,Divya,Agarwal,F,1992-09-25,Nagpur,Maharashtra,930724,user994@email.com,9929532895,Silver,2020-08-04
CUS00995,Rahul,Reddy,F,1974-12-28,Bengaluru,Karnataka,648496,user995@email.com,9583633860,Silver,2024-07-23
CUS00996,Swathi,Patel,F,2000-07-28,Bengaluru,Karnataka,852037,user996@email.com,9636750257,Silver,2024-04-29
CUS00997,Dev,Mehta,M,1982-10-26,Delhi,Delhi,104792,user997@email.com,9698836985,Bronze,2022-06-08
CUS00998,Suresh,Kumar,F,1977-07-30,Delhi,Delhi,898100,user998@email.com,9679522971,Silver,2021-03-16
CUS00999,Ajay,Nair,M,1981-08-13,Ahmedabad,Gujarat,303129,user999@email.com,9220988280,Gold,2022-06-30
CUS01000,Neha,Bose,F,1975-06-07,Surat,Gujarat,267520,user1000@email.com,9819560168,Platinum,2024-08-26
CUS01001,Dev,Pillai,M,1972-09-08,Mumbai,Maharashtra,555786,user1001@email.com,9369919135,Bronze,2024-03-29
CUS01002,Prakash,Mishra,M,1995-05-26,Chandigarh,Punjab,876383,user1002@email.com,9156324816,Platinum,2022-01-15
CUS01003,Ananya,Sharma,F,1986-08-15,Bengaluru,Karnataka,221703,user1003@email.com,9176084801,Gold,2021-12-31
CUS01004,Amit,Tiwari,F,1994-07-02,Kochi,Kerala,539422,user1004@email.com,9313407685,Gold,2023-07-19
CUS01005,Kiran,Iyer,F,1979-01-02,Nagpur,Maharashtra,441974,user1005@email.com,9344579129,Bronze,2020-12-25
CUS01006,Nisha,Nair,M,1981-07-11,Kochi,Kerala,331381,user1006@email.com,9178951929,Silver,2020-02-05
CUS01007,Priya,Agarwal,M,1990-03-11,Ahmedabad,Gujarat,739037,user1007@email.com,9588542730,Bronze,2023-01-17
CUS01008,Vikram,Mishra,F,1999-04-12,Hyderabad,Telangana,762722,user1008@email.com,9485033279,Platinum,2020-09-02
CUS01009,Kiran,Reddy,M,1972-05-13,Chennai,Tamil Nadu,696289,user1009@email.com,9164050550,Bronze,2021-12-12
CUS01010,Neha,Mishra,F,1979-12-15,Delhi,Delhi,279517,user1010@email.com,9916408414,Bronze,2021-12-02
CUS01011,Divya,Pandey,M,2000-05-13,Nagpur,Maharashtra,933162,user1011@email.com,9785046438,Platinum,2022-05-25
CUS01012,Ananya,Tiwari,Other,1997-11-12,Nagpur,Maharashtra,996536,user1012@email.com,9346640965,Bronze,2020-07-29
CUS01013,Suresh,Bose,F,1972-02-15,Bhopal,Madhya Pradesh,326956,user1013@email.com,9735205122,Silver,2022-12-16
CUS01014,Arjun,Sharma,F,1982-08-11,Ahmedabad,Gujarat,871939,user1014@email.com,9364842906,Bronze,2024-05-21
CUS01015,Rajesh,Iyer,F,1989-01-03,Pune,Maharashtra,720517,user1015@email.com,9259954997,Platinum,2020-02-06
CUS01016,Aarav,Agarwal,Other,1974-01-29,Nagpur,Maharashtra,142004,user1016@email.com,9605359412,Gold,2021-01-18
CUS01017,Priya,Agarwal,F,1977-11-19,Jaipur,Rajasthan,602550,user1017@email.com,9969426488,Gold,2022-07-10
CUS01018,Sneha,Mishra,F,1997-11-09,Bhopal,Madhya Pradesh,187127,user1018@email.com,9699670808,Gold,2020-04-25
CUS01019,Lata,Agarwal,F,1997-06-22,Kochi,Kerala,239158,user1019@email.com,9484835170,Bronze,2024-05-30
CUS01020,Rohan,Sharma,F,1995-08-20,Surat,Gujarat,419644,user1020@email.com,9273734464,Gold,2024-04-09
CUS01021,Rajesh,Tiwari,M,1993-06-29,Bhopal,Madhya Pradesh,576935,user1021@email.com,9597959196,Gold,2024-03-29
CUS01022,Mohan,Shah,M,1996-05-15,Bhopal,Madhya Pradesh,488414,user1022@email.com,9773033141,Silver,2023-07-08
CUS01023,Aarav,Singh,M,1994-02-10,Surat,Gujarat,824304,user1023@email.com,9457455242,Silver,2020-09-20
CUS01024,Nisha,Gupta,F,1996-03-20,Kolkata,West Bengal,742254,user1024@email.com,9682435262,Silver,2024-12-26
CUS01025,Ritu,Singh,F,1981-12-29,Chennai,Tamil Nadu,452001,user1025@email.com,9890017125,Platinum,2020-12-19
CUS01026,Geeta,Pillai,F,1986-12-01,Jaipur,Rajasthan,216356,user1026@email.com,9511194794,Bronze,2022-05-20
CUS01027,Priya,Pillai,M,1986-01-15,Lucknow,Uttar Pradesh,779658,user1027@email.com,9699996680,Gold,2022-07-02
CUS01028,Mohan,Nair,M,1986-03-08,Jaipur,Rajasthan,451199,user1028@email.com,9356229918,Silver,2021-02-07
CUS01029,Isha,Tiwari,F,1972-07-09,Surat,Gujarat,836984,user1029@email.com,9325264561,Gold,2024-02-19
CUS01030,Pooja,Rao,M,1985-05-24,Chandigarh,Punjab,380345,user1030@email.com,9640699840,Silver,2020-04-10
CUS01031,Priya,Singh,M,1992-12-16,Kolkata,West Bengal,574386,user1031@email.com,9622082166,Silver,2023-11-01
CUS01032,Sneha,Bose,F,1995-12-24,Bhopal,Madhya Pradesh,811257,user1032@email.com,9986243970,Silver,2024-08-11
CUS01033,Amit,Pandey,M,1980-06-16,Kolkata,West Bengal,806013,user1033@email.com,9844342619,Gold,2022-07-26
CUS01034,Rohan,Nair,F,1992-09-22,Nagpur,Maharashtra,580115,user1034@email.com,9193747059,Bronze,2023-07-28
CUS01035,Ananya,Mehta,Other,1980-07-03,Nagpur,Maharashtra,180685,user1035@email.com,9217429693,Bronze,2024-11-28
CUS01036,Mohan,Reddy,F,1991-06-26,Delhi,Delhi,314178,user1036@email.com,9659084094,Platinum,2024-08-31
CUS01037,Divya,Agarwal,Other,1984-04-14,Mumbai,Maharashtra,667735,user1037@email.com,9241763305,Silver,2020-10-05
CUS01038,Amit,Sharma,M,2000-12-01,Pune,Maharashtra,166007,user1038@email.com,9123661636,Gold,2024-05-05
CUS01039,Varun,Kapoor,F,1986-06-08,Chennai,Tamil Nadu,531690,user1039@email.com,9721379342,Bronze,2020-04-30
CUS01040,Ritu,Rao,F,1974-05-29,Surat,Gujarat,798199,user1040@email.com,9848251568,Silver,2023-10-22
CUS01041,Amit,Mishra,M,1979-02-14,Jaipur,Rajasthan,238364,user1041@email.com,9947556242,Bronze,2020-06-23
CUS01042,Arjun,Iyer,F,1990-06-26,Chandigarh,Punjab,402143,user1042@email.com,9926512485,Gold,2023-12-19
CUS01043,Meera,Mehta,F,1972-01-26,Bengaluru,Karnataka,274444,user1043@email.com,9764249151,Platinum,2021-12-23
CUS01044,Kavya,Mehta,M,1993-11-28,Kochi,Kerala,283877,user1044@email.com,9860328560,Silver,2020-02-03
CUS01045,Ritu,Reddy,M,1977-11-15,Surat,Gujarat,222596,user1045@email.com,9144186034,Platinum,2023-08-04
CUS01046,Vikram,Mishra,M,1971-09-03,Lucknow,Uttar Pradesh,293458,user1046@email.com,9320283891,Silver,2020-05-23
CUS01047,Tara,Rao,Other,1976-07-04,Mumbai,Maharashtra,255130,user1047@email.com,9500414366,Silver,2020-08-21
CUS01048,Kavya,Mehta,M,1995-04-05,Bengaluru,Karnataka,126135,user1048@email.com,9534395495,Platinum,2020-09-22
CUS01049,Vikram,Mishra,F,1987-02-08,Chandigarh,Punjab,263633,user1049@email.com,9104610971,Platinum,2023-04-11
CUS01050,Suresh,Rao,F,1970-10-14,Jaipur,Rajasthan,409913,user1050@email.com,9608857707,Gold,2022-02-28
CUS01051,Rajesh,Reddy,F,1980-02-25,Chandigarh,Punjab,863933,user1051@email.com,9574707201,Bronze,2020-09-15
CUS01052,Lata,Bose,F,1985-11-07,Delhi,Delhi,246195,user1052@email.com,9828005909,Silver,2022-11-18
CUS01053,Aarav,Shah,F,1978-08-20,Kolkata,West Bengal,331069,user1053@email.com,9578859534,Bronze,2021-01-31
CUS01054,Priya,Pandey,F,1987-10-02,Hyderabad,Telangana,711772,user1054@email.com,9665254032,Bronze,2021-11-04
CUS01055,Ajay,Gupta,M,1976-08-07,Nagpur,Maharashtra,187649,user1055@email.com,9678115797,Gold,2021-07-10
CUS01056,Tara,Singh,Other,1983-02-18,Surat,Gujarat,513583,user1056@email.com,9308789137,Silver,2020-12-09
CUS01057,Swathi,Kapoor,F,2000-12-06,Lucknow,Uttar Pradesh,799155,user1057@email.com,9487690454,Bronze,2021-12-30
CUS01058,Neha,Agarwal,M,1979-12-18,Kochi,Kerala,490941,user1058@email.com,9113089765,Bronze,2023-05-05
CUS01059,Divya,Mishra,F,1984-01-30,Hyderabad,Telangana,191853,user1059@email.com,9331600910,Gold,2022-05-23
CUS01060,Lata,Agarwal,F,1986-04-06,Ahmedabad,Gujarat,402654,user1060@email.com,9275868541,Gold,2021-04-09
CUS01061,Nisha,Agarwal,M,1999-01-21,Nagpur,Maharashtra,715702,user1061@email.com,9742028580,Bronze,2020-01-23
CUS01062,Divya,Bose,Other,1987-08-31,Chennai,Tamil Nadu,650818,user1062@email.com,9460150990,Bronze,2021-11-25
CUS01063,Ajay,Shah,M,1972-08-06,Lucknow,Uttar Pradesh,529350,user1063@email.com,9785912716,Platinum,2024-09-19
CUS01064,Ananya,Verma,F,1992-05-09,Pune,Maharashtra,695503,user1064@email.com,9910936792,Platinum,2023-06-28
CUS01065,Ananya,Shah,M,1978-09-05,Chennai,Tamil Nadu,614416,user1065@email.com,9145347243,Gold,2023-11-30
CUS01066,Varun,Tiwari,M,1984-10-28,Kolkata,West Bengal,686448,user1066@email.com,9894414358,Silver,2020-09-15
CUS01067,Ritu,Sharma,M,1990-04-12,Mumbai,Maharashtra,414750,user1067@email.com,9787790914,Gold,2023-03-30
CUS01068,Sneha,Mehta,M,1973-08-16,Ahmedabad,Gujarat,615780,user1068@email.com,9838565998,Silver,2022-05-28
CUS01069,Sneha,Gupta,F,1974-07-29,Mumbai,Maharashtra,169966,user1069@email.com,9743054662,Gold,2022-08-20
CUS01070,Isha,Tiwari,M,1972-01-10,Lucknow,Uttar Pradesh,370439,user1070@email.com,9774305616,Silver,2020-01-25
CUS01071,Varun,Kumar,M,1999-09-08,Kochi,Kerala,868561,user1071@email.com,9717684683,Bronze,2023-10-23
CUS01072,Ananya,Tiwari,M,1997-12-21,Kolkata,West Bengal,435209,user1072@email.com,9595042189,Gold,2022-11-21
CUS01073,Meera,Joshi,M,1972-06-25,Bengaluru,Karnataka,478707,user1073@email.com,9550449730,Silver,2021-05-06
CUS01074,Priya,Mehta,M,1996-08-24,Hyderabad,Telangana,769983,user1074@email.com,9182492018,Silver,2021-01-10
CUS01075,Dev,Joshi,F,1989-12-20,Chandigarh,Punjab,727847,user1075@email.com,9908128706,Bronze,2023-01-22
CUS01076,Neha,Rao,F,1979-09-14,Hyderabad,Telangana,818240,user1076@email.com,9958861610,Bronze,2023-02-18
CUS01077,Mohan,Pillai,M,1997-11-08,Surat,Gujarat,708222,user1077@email.com,9477559154,Gold,2024-01-16
CUS01078,Vikram,Kapoor,M,1994-02-04,Mumbai,Maharashtra,916639,user1078@email.com,9620656360,Silver,2020-09-09
CUS01079,Geeta,Joshi,M,1978-03-15,Nagpur,Maharashtra,262062,user1079@email.com,9640503265,Bronze,2021-04-24
CUS01080,Ritu,Verma,F,1995-02-07,Chennai,Tamil Nadu,971803,user1080@email.com,9664415423,Gold,2020-12-16
CUS01081,Kavya,Kumar,M,1983-10-21,Kochi,Kerala,180111,user1081@email.com,9225161415,Gold,2020-12-02
CUS01082,Aarav,Bose,M,1973-02-21,Nagpur,Maharashtra,824619,user1082@email.com,9489305032,Bronze,2024-09-29
CUS01083,Prakash,Pandey,F,1993-02-24,Ahmedabad,Gujarat,458660,user1083@email.com,9284906027,Gold,2024-05-22
CUS01084,Lata,Kumar,M,1975-05-01,Mumbai,Maharashtra,998435,user1084@email.com,9845439079,Bronze,2022-07-05
CUS01085,Divya,Reddy,M,1978-05-06,Chennai,Tamil Nadu,182423,user1085@email.com,9556130975,Silver,2023-09-10
CUS01086,Sneha,Singh,M,1985-01-06,Chandigarh,Punjab,607778,user1086@email.com,9913181224,Silver,2024-02-07
CUS01087,Sneha,Patel,F,1999-06-02,Chennai,Tamil Nadu,638421,user1087@email.com,9736918066,Bronze,2023-05-23
CUS01088,Geeta,Gupta,M,1973-01-29,Delhi,Delhi,416298,user1088@email.com,9816815464,Bronze,2021-06-14
CUS01089,Ritu,Kumar,F,1986-08-03,Delhi,Delhi,315378,user1089@email.com,9730933965,Platinum,2023-01-22
CUS01090,Tara,Pillai,M,1994-08-27,Bengaluru,Karnataka,252627,user1090@email.com,9901224008,Platinum,2023-06-04
CUS01091,Meera,Pillai,M,1995-02-14,Lucknow,Uttar Pradesh,624953,user1091@email.com,9938379910,Gold,2022-12-07
CUS01092,Suresh,Tiwari,M,1976-02-29,Chennai,Tamil Nadu,959398,user1092@email.com,9720766308,Gold,2020-08-27
CUS01093,Rahul,Nair,Other,1995-03-18,Jaipur,Rajasthan,280117,user1093@email.com,9909620527,Silver,2020-11-22
CUS01094,Sneha,Nair,F,1992-10-31,Kochi,Kerala,992649,user1094@email.com,9859947314,Silver,2023-06-17
CUS01095,Rajesh,Joshi,M,1993-10-02,Kochi,Kerala,212537,user1095@email.com,9294184632,Gold,2023-05-04
CUS01096,Nisha,Nair,F,1977-08-15,Pune,Maharashtra,527376,user1096@email.com,9221166907,Gold,2020-06-10
CUS01097,Sneha,Mishra,M,1976-11-01,Hyderabad,Telangana,242514,user1097@email.com,9632378393,Gold,2023-08-10
CUS01098,Divya,Verma,F,1988-02-14,Kochi,Kerala,186243,user1098@email.com,9452311239,Silver,2021-11-22
CUS01099,Divya,Mishra,F,1970-05-09,Pune,Maharashtra,427162,user1099@email.com,9837710623,Platinum,2021-10-07
CUS01100,Pooja,Verma,M,1979-06-02,Ahmedabad,Gujarat,996915,user1100@email.com,9559520342,Bronze,2022-01-24
CUS01101,Prakash,Bose,F,1988-04-07,Delhi,Delhi,485290,user1101@email.com,9292518998,Bronze,2024-03-22
CUS01102,Isha,Kumar,M,1975-12-15,Surat,Gujarat,648051,user1102@email.com,9807110812,Silver,2023-05-05
CUS01103,Vikram,Shah,M,1989-12-14,Delhi,Delhi,719244,user1103@email.com,9209223328,Gold,2024-11-25
CUS01104,Ananya,Singh,M,1985-01-28,Nagpur,Maharashtra,308757,user1104@email.com,9463602964,Bronze,2023-09-22
CUS01105,Sanjay,Kumar,M,1991-03-21,Bhopal,Madhya Pradesh,545334,user1105@email.com,9878678109,Silver,2023-05-28
CUS01106,Mohan,Tiwari,F,1972-09-18,Chandigarh,Punjab,893041,user1106@email.com,9947711366,Gold,2020-10-07
CUS01107,Meera,Bose,F,1974-02-26,Pune,Maharashtra,524089,user1107@email.com,9620263193,Silver,2023-05-18
CUS01108,Ajay,Mishra,M,1979-11-19,Bengaluru,Karnataka,362867,user1108@email.com,9625426306,Silver,2024-06-30
CUS01109,Vikram,Sharma,M,1972-04-07,Surat,Gujarat,155419,user1109@email.com,9991541224,Bronze,2023-05-13
CUS01110,Aarav,Joshi,M,1997-06-17,Surat,Gujarat,812197,user1110@email.com,9451066210,Bronze,2023-04-13
CUS01111,Swathi,Kumar,F,1990-10-27,Lucknow,Uttar Pradesh,793193,user1111@email.com,9907034823,Silver,2024-10-25
CUS01112,Ritu,Mishra,M,1999-07-02,Ahmedabad,Gujarat,794255,user1112@email.com,9634615027,Silver,2024-10-23
CUS01113,Kavya,Rao,F,1983-01-10,Kolkata,West Bengal,666785,user1113@email.com,9686928797,Bronze,2023-03-21
CUS01114,Priya,Agarwal,F,1978-06-23,Chandigarh,Punjab,224921,user1114@email.com,9511919441,Silver,2022-04-23
CUS01115,Sanjay,Mishra,F,1984-07-29,Bhopal,Madhya Pradesh,134455,user1115@email.com,9289911827,Silver,2022-07-17
CUS01116,Ajay,Mehta,F,1976-05-10,Bhopal,Madhya Pradesh,272117,user1116@email.com,9627722211,Silver,2021-10-06
CUS01117,Mohan,Shah,F,1970-12-09,Kolkata,West Bengal,214695,user1117@email.com,9710803644,Silver,2022-03-01
CUS01118,Kavya,Verma,F,1987-12-20,Surat,Gujarat,599028,user1118@email.com,9703717150,Gold,2024-05-08
CUS01119,Priya,Shah,M,1977-12-15,Jaipur,Rajasthan,719755,user1119@email.com,9505657194,Silver,2022-04-13
CUS01120,Ajay,Mehta,M,1973-05-04,Hyderabad,Telangana,129514,user1120@email.com,9734005271,Bronze,2021-07-22
CUS01121,Meera,Pillai,F,1983-03-18,Bhopal,Madhya Pradesh,712333,user1121@email.com,9128883480,Gold,2021-01-15
CUS01122,Kiran,Shah,M,1993-12-07,Surat,Gujarat,461908,user1122@email.com,9483718906,Silver,2023-12-28
CUS01123,Tara,Iyer,M,1996-03-25,Mumbai,Maharashtra,779564,user1123@email.com,9435114318,Silver,2021-02-16
CUS01124,Mohan,Singh,F,1999-08-13,Nagpur,Maharashtra,220031,user1124@email.com,9462489075,Bronze,2020-09-02
CUS01125,Kiran,Patel,F,1972-02-26,Jaipur,Rajasthan,542995,user1125@email.com,9709938401,Silver,2023-11-22
CUS01126,Arjun,Sharma,F,1987-06-23,Pune,Maharashtra,716551,user1126@email.com,9123876200,Platinum,2020-11-04
CUS01127,Rajesh,Shah,M,1984-03-03,Pune,Maharashtra,202472,user1127@email.com,9967934041,Silver,2023-05-14
CUS01128,Tara,Nair,M,1980-09-01,Kochi,Kerala,627191,user1128@email.com,9971295506,Gold,2024-02-26
CUS01129,Ananya,Pandey,M,1973-04-16,Hyderabad,Telangana,557169,user1129@email.com,9316636672,Silver,2023-01-29
CUS01130,Ritu,Singh,F,1980-10-22,Bhopal,Madhya Pradesh,661862,user1130@email.com,9329866763,Bronze,2022-01-10
CUS01131,Divya,Tiwari,M,1981-08-29,Mumbai,Maharashtra,336858,user1131@email.com,9770629385,Gold,2022-10-05
CUS01132,Mohan,Tiwari,M,1989-08-16,Delhi,Delhi,453200,user1132@email.com,9393523362,Bronze,2024-07-10
CUS01133,Suresh,Bose,M,1996-02-11,Chandigarh,Punjab,464187,user1133@email.com,9954324560,Bronze,2023-07-25
CUS01134,Divya,Kapoor,F,1979-12-27,Bhopal,Madhya Pradesh,553939,user1134@email.com,9812381203,Silver,2024-03-24
CUS01135,Nisha,Shah,M,1984-04-16,Chennai,Tamil Nadu,640403,user1135@email.com,9586650508,Silver,2020-12-10
CUS01136,Ananya,Sharma,F,1996-03-09,Jaipur,Rajasthan,641300,user1136@email.com,9300294656,Silver,2022-08-05
CUS01137,Tara,Mishra,M,1981-02-21,Chennai,Tamil Nadu,768914,user1137@email.com,9672003029,Gold,2020-09-11
CUS01138,Ajay,Agarwal,F,1993-01-30,Bhopal,Madhya Pradesh,861911,user1138@email.com,9772976789,Bronze,2021-01-04
CUS01139,Meera,Mishra,M,1989-01-28,Chennai,Tamil Nadu,257782,user1139@email.com,9901476885,Silver,2022-11-17
CUS01140,Neha,Agarwal,M,1987-09-15,Kolkata,West Bengal,970542,user1140@email.com,9169178531,Silver,2024-02-15
CUS01141,Nisha,Gupta,F,1990-07-15,Bhopal,Madhya Pradesh,777424,user1141@email.com,9272426088,Bronze,2024-06-26
CUS01142,Pooja,Shah,M,1980-02-13,Lucknow,Uttar Pradesh,257246,user1142@email.com,9306068248,Bronze,2022-08-20
CUS01143,Varun,Mehta,F,1981-04-19,Chandigarh,Punjab,687019,user1143@email.com,9568294151,Silver,2020-05-20
CUS01144,Priya,Nair,M,1993-01-25,Nagpur,Maharashtra,243057,user1144@email.com,9131290846,Bronze,2020-06-21
CUS01145,Arjun,Verma,M,1992-01-11,Chandigarh,Punjab,993933,user1145@email.com,9145346658,Platinum,2021-03-16
CUS01146,Ritu,Sharma,M,1999-04-16,Ahmedabad,Gujarat,188006,user1146@email.com,9437052680,Silver,2022-11-13
CUS01147,Rohan,Agarwal,F,1978-03-09,Bhopal,Madhya Pradesh,804299,user1147@email.com,9805910729,Gold,2022-06-12
CUS01148,Varun,Reddy,M,1978-06-24,Pune,Maharashtra,698708,user1148@email.com,9888642330,Silver,2023-07-29
CUS01149,Suresh,Tiwari,F,1998-04-05,Delhi,Delhi,650775,user1149@email.com,9370376840,Silver,2023-04-16
CUS01150,Pooja,Pandey,M,1993-11-10,Delhi,Delhi,945872,user1150@email.com,9436521776,Bronze,2021-05-10
CUS01151,Lata,Shah,F,1995-11-11,Lucknow,Uttar Pradesh,880097,user1151@email.com,9353336580,Platinum,2020-08-28
CUS01152,Vikram,Kumar,M,1997-05-07,Chennai,Tamil Nadu,387883,user1152@email.com,9571883135,Silver,2024-11-16
CUS01153,Rajesh,Patel,F,1991-09-15,Bhopal,Madhya Pradesh,492906,user1153@email.com,9851208813,Platinum,2024-08-25
CUS01154,Kavya,Agarwal,F,1993-07-03,Hyderabad,Telangana,358313,user1154@email.com,9398214359,Gold,2021-10-01
CUS01155,Vikram,Pillai,F,1979-10-10,Nagpur,Maharashtra,485602,user1155@email.com,9981934350,Bronze,2020-11-02
CUS01156,Prakash,Pandey,M,1970-03-03,Surat,Gujarat,875369,user1156@email.com,9811056998,Gold,2024-10-09
CUS01157,Mohan,Iyer,M,1976-12-02,Mumbai,Maharashtra,503376,user1157@email.com,9432074523,Silver,2021-01-09
CUS01158,Meera,Kumar,F,1986-04-23,Kochi,Kerala,347864,user1158@email.com,9575026390,Bronze,2023-04-23
CUS01159,Sanjay,Gupta,M,2000-07-05,Nagpur,Maharashtra,962671,user1159@email.com,9912466001,Bronze,2023-09-24
CUS01160,Neha,Joshi,F,1972-09-22,Chennai,Tamil Nadu,762021,user1160@email.com,9440574106,Gold,2022-07-13
CUS01161,Dev,Agarwal,F,1975-06-10,Chandigarh,Punjab,387348,user1161@email.com,9186000877,Gold,2024-01-08
CUS01162,Isha,Agarwal,F,1993-05-08,Ahmedabad,Gujarat,448884,user1162@email.com,9870287372,Silver,2022-11-07
CUS01163,Varun,Kumar,F,1982-08-25,Nagpur,Maharashtra,832411,user1163@email.com,9380214480,Silver,2020-12-16
CUS01164,Nisha,Pandey,F,1982-02-17,Hyderabad,Telangana,674334,user1164@email.com,9892191168,Bronze,2020-09-18
CUS01165,Aarav,Patel,F,1985-08-11,Kochi,Kerala,292664,user1165@email.com,9776625216,Silver,2020-05-14
CUS01166,Vikram,Sharma,M,1984-10-06,Surat,Gujarat,758816,user1166@email.com,9428079168,Bronze,2021-11-05
CUS01167,Sneha,Joshi,M,1970-12-06,Delhi,Delhi,848226,user1167@email.com,9924212122,Gold,2024-05-11
CUS01168,Vikram,Pandey,F,1991-09-07,Chandigarh,Punjab,931145,user1168@email.com,9442952206,Silver,2022-11-22
CUS01169,Lata,Reddy,M,1978-08-04,Bhopal,Madhya Pradesh,820861,user1169@email.com,9736750819,Gold,2024-12-02
CUS01170,Divya,Nair,M,1986-01-05,Chandigarh,Punjab,485456,user1170@email.com,9295302103,Bronze,2021-10-13
CUS01171,Varun,Tiwari,M,1982-06-24,Pune,Maharashtra,124085,user1171@email.com,9699717002,Silver,2020-10-20
CUS01172,Pooja,Singh,Other,1981-12-05,Surat,Gujarat,307897,user1172@email.com,9381087533,Gold,2024-08-08
CUS01173,Priya,Shah,F,1995-06-12,Bengaluru,Karnataka,729557,user1173@email.com,9379342292,Bronze,2021-04-28
CUS01174,Ananya,Tiwari,M,1977-07-23,Hyderabad,Telangana,853489,user1174@email.com,9664613933,Silver,2021-09-27
CUS01175,Geeta,Mishra,F,1990-01-02,Nagpur,Maharashtra,618152,user1175@email.com,9227251665,Bronze,2024-01-16
CUS01176,Rahul,Gupta,M,1996-11-02,Chennai,Tamil Nadu,618172,user1176@email.com,9510248318,Bronze,2020-08-30
CUS01177,Rahul,Pandey,M,1983-09-10,Bhopal,Madhya Pradesh,964119,user1177@email.com,9403833764,Gold,2022-02-18
CUS01178,Nisha,Joshi,M,1992-01-07,Chennai,Tamil Nadu,253032,user1178@email.com,9130894901,Bronze,2024-12-08
CUS01179,Pooja,Pandey,F,1980-02-25,Kolkata,West Bengal,360380,user1179@email.com,9496895499,Silver,2020-07-21
CUS01180,Amit,Singh,M,1983-10-21,Surat,Gujarat,239675,user1180@email.com,9447082726,Platinum,2022-03-08
CUS01181,Tara,Nair,F,1998-05-19,Pune,Maharashtra,842866,user1181@email.com,9554505193,Gold,2020-02-27
CUS01182,Rohan,Kumar,F,1994-07-31,Kolkata,West Bengal,154644,user1182@email.com,9457408429,Platinum,2023-01-07
CUS01183,Geeta,Pillai,Other,1985-11-02,Ahmedabad,Gujarat,803375,user1183@email.com,9961407774,Silver,2020-09-03
CUS01184,Ritu,Patel,M,1987-06-01,Kochi,Kerala,629050,user1184@email.com,9765352581,Bronze,2020-10-06
CUS01185,Tara,Pillai,M,1993-09-21,Pune,Maharashtra,686741,user1185@email.com,9144157616,Silver,2020-05-27
CUS01186,Ananya,Kapoor,F,1974-06-03,Kolkata,West Bengal,455652,user1186@email.com,9602602298,Bronze,2024-08-13
CUS01187,Mohan,Kapoor,M,1977-08-12,Hyderabad,Telangana,373055,user1187@email.com,9225458204,Bronze,2022-03-20
CUS01188,Isha,Gupta,F,1975-06-13,Bengaluru,Karnataka,550977,user1188@email.com,9403788949,Platinum,2023-05-02
CUS01189,Swathi,Gupta,F,1977-06-11,Kolkata,West Bengal,556943,user1189@email.com,9277150029,Bronze,2020-11-05
CUS01190,Ajay,Reddy,F,1981-01-05,Ahmedabad,Gujarat,789354,user1190@email.com,9783600081,Gold,2021-05-13
CUS01191,Rahul,Reddy,M,1990-10-27,Mumbai,Maharashtra,292037,user1191@email.com,9138506797,Silver,2023-02-12
CUS01192,Mohan,Mishra,M,1993-08-13,Bengaluru,Karnataka,618951,user1192@email.com,9143799764,Silver,2023-12-02
CUS01193,Kavya,Bose,F,1996-07-14,Kochi,Kerala,217955,user1193@email.com,9872840670,Gold,2024-11-30
CUS01194,Meera,Singh,M,1983-01-30,Delhi,Delhi,397917,user1194@email.com,9293976787,Gold,2022-09-12
CUS01195,Suresh,Gupta,F,2000-09-15,Kochi,Kerala,795350,user1195@email.com,9728866327,Bronze,2021-06-08
CUS01196,Suresh,Tiwari,M,1989-03-09,Mumbai,Maharashtra,180567,user1196@email.com,9364309534,Gold,2021-05-11
CUS01197,Sneha,Rao,M,1980-03-25,Surat,Gujarat,814407,user1197@email.com,9830831002,Bronze,2021-01-09
CUS01198,Rajesh,Kumar,F,1985-03-31,Hyderabad,Telangana,261245,user1198@email.com,9131003764,Bronze,2020-03-02
CUS01199,Mohan,Bose,F,1993-07-06,Bhopal,Madhya Pradesh,382400,user1199@email.com,9738021964,Silver,2021-12-06
CUS01200,Priya,Pandey,Other,1984-06-17,Hyderabad,Telangana,440698,user1200@email.com,9885490692,Platinum,2023-03-02
CUS01201,Ritu,Tiwari,M,1972-01-07,Nagpur,Maharashtra,151047,user1201@email.com,9960666308,Silver,2022-04-16
CUS01202,Ritu,Patel,F,1993-10-18,Hyderabad,Telangana,673734,user1202@email.com,9746705600,Bronze,2020-09-07
CUS01203,Arjun,Joshi,M,1970-05-08,Pune,Maharashtra,908323,user1203@email.com,9528334149,Bronze,2022-01-30
CUS01204,Rahul,Joshi,M,1990-03-27,Bhopal,Madhya Pradesh,521943,user1204@email.com,9405947579,Silver,2021-09-23
CUS01205,Vikram,Kumar,M,1989-12-03,Surat,Gujarat,940014,user1205@email.com,9564241316,Gold,2020-10-08
CUS01206,Divya,Pandey,M,1973-07-07,Nagpur,Maharashtra,797848,user1206@email.com,9203198935,Gold,2020-10-30
CUS01207,Rahul,Bose,M,1988-05-25,Jaipur,Rajasthan,506941,user1207@email.com,9611573219,Bronze,2023-06-27
CUS01208,Nisha,Singh,F,1980-11-19,Lucknow,Uttar Pradesh,950389,user1208@email.com,9495390429,Silver,2023-08-21
CUS01209,Dev,Agarwal,M,1999-05-17,Pune,Maharashtra,638277,user1209@email.com,9466945733,Platinum,2024-04-29
CUS01210,Pooja,Reddy,F,1978-05-31,Surat,Gujarat,652891,user1210@email.com,9775984454,Silver,2020-11-01
CUS01211,Divya,Mishra,M,1987-03-01,Delhi,Delhi,940480,user1211@email.com,9612831297,Bronze,2020-04-10
CUS01212,Tara,Mehta,F,1973-10-11,Bengaluru,Karnataka,648501,user1212@email.com,9559273528,Bronze,2022-02-25
CUS01213,Kavya,Singh,F,1970-01-17,Mumbai,Maharashtra,638354,user1213@email.com,9215569160,Silver,2023-11-19
CUS01214,Sneha,Mishra,F,1972-05-29,Pune,Maharashtra,696092,user1214@email.com,9972763942,Bronze,2023-06-06
CUS01215,Rajesh,Singh,F,1985-08-16,Kolkata,West Bengal,117058,user1215@email.com,9222337296,Gold,2023-09-05
CUS01216,Ananya,Joshi,F,1988-07-28,Ahmedabad,Gujarat,147457,user1216@email.com,9189432561,Silver,2020-04-06
CUS01217,Divya,Rao,F,1974-03-10,Kochi,Kerala,577100,user1217@email.com,9913202948,Silver,2020-07-31
CUS01218,Ritu,Gupta,M,1998-07-22,Lucknow,Uttar Pradesh,949352,user1218@email.com,9300995596,Bronze,2023-04-20
CUS01219,Lata,Pandey,M,1977-12-01,Delhi,Delhi,806120,user1219@email.com,9214171676,Silver,2020-07-30
CUS01220,Aarav,Shah,M,1977-11-12,Mumbai,Maharashtra,280077,user1220@email.com,9804160934,Silver,2021-01-09
CUS01221,Sanjay,Pandey,F,1976-06-12,Kochi,Kerala,417508,user1221@email.com,9764108643,Gold,2022-05-07
CUS01222,Meera,Shah,F,1980-02-27,Lucknow,Uttar Pradesh,191892,user1222@email.com,9234313823,Bronze,2024-06-13
CUS01223,Sneha,Sharma,F,1977-04-02,Chennai,Tamil Nadu,297364,user1223@email.com,9128792710,Bronze,2022-02-03
CUS01224,Vikram,Iyer,M,1983-10-03,Surat,Gujarat,756470,user1224@email.com,9948268430,Silver,2020-08-19
CUS01225,Divya,Mishra,M,1996-01-30,Delhi,Delhi,542372,user1225@email.com,9123425640,Bronze,2021-04-13
CUS01226,Vikram,Mishra,Other,1988-02-16,Nagpur,Maharashtra,594392,user1226@email.com,9121075163,Gold,2020-03-14
CUS01227,Pooja,Nair,M,1985-09-06,Lucknow,Uttar Pradesh,969742,user1227@email.com,9995327309,Bronze,2024-07-13
CUS01228,Aarav,Kumar,F,1977-08-28,Hyderabad,Telangana,847732,user1228@email.com,9563628778,Platinum,2024-03-07
CUS01229,Isha,Tiwari,F,1973-09-06,Bhopal,Madhya Pradesh,681230,user1229@email.com,9412216780,Bronze,2024-10-31
CUS01230,Isha,Kapoor,F,1993-12-19,Pune,Maharashtra,741199,user1230@email.com,9828714124,Platinum,2020-10-10
CUS01231,Isha,Iyer,F,1975-09-24,Bhopal,Madhya Pradesh,653971,user1231@email.com,9120422206,Silver,2021-07-30
CUS01232,Kavya,Singh,M,1991-01-26,Hyderabad,Telangana,779792,user1232@email.com,9547897930,Gold,2021-09-02
CUS01233,Isha,Pandey,F,1990-12-21,Delhi,Delhi,463608,user1233@email.com,9581385722,Silver,2020-12-20
CUS01234,Ananya,Mehta,F,1984-03-09,Mumbai,Maharashtra,592034,user1234@email.com,9469203324,Silver,2023-06-21
CUS01235,Pooja,Tiwari,F,1992-05-03,Jaipur,Rajasthan,455627,user1235@email.com,9746500088,Gold,2022-01-17
CUS01236,Tara,Mishra,M,1994-01-28,Kochi,Kerala,407645,user1236@email.com,9876309973,Gold,2021-08-23
CUS01237,Varun,Pillai,F,1972-08-17,Pune,Maharashtra,938603,user1237@email.com,9273973824,Silver,2023-08-01
CUS01238,Mohan,Singh,F,1971-07-03,Kolkata,West Bengal,235367,user1238@email.com,9286069909,Bronze,2021-03-13
CUS01239,Isha,Kumar,F,1992-12-11,Lucknow,Uttar Pradesh,617708,user1239@email.com,9426043743,Bronze,2022-08-12
CUS01240,Priya,Sharma,M,1975-06-29,Jaipur,Rajasthan,373477,user1240@email.com,9483372937,Silver,2021-05-02
CUS01241,Varun,Kapoor,M,1981-03-07,Bengaluru,Karnataka,166758,user1241@email.com,9462639932,Silver,2021-05-26
CUS01242,Pooja,Kumar,F,1994-08-19,Lucknow,Uttar Pradesh,609990,user1242@email.com,9376834410,Platinum,2021-08-24
CUS01243,Meera,Patel,F,1995-10-26,Chandigarh,Punjab,684080,user1243@email.com,9387216523,Gold,2024-10-21
CUS01244,Mohan,Kapoor,F,1986-03-10,Bhopal,Madhya Pradesh,209200,user1244@email.com,9858496505,Bronze,2023-10-09
CUS01245,Ritu,Mishra,Other,1980-01-02,Ahmedabad,Gujarat,892476,user1245@email.com,9219111087,Platinum,2021-08-25
CUS01246,Swathi,Pandey,F,1981-06-22,Chandigarh,Punjab,206816,user1246@email.com,9984344748,Silver,2020-08-01
CUS01247,Sneha,Joshi,F,2000-09-28,Jaipur,Rajasthan,315363,user1247@email.com,9488306318,Bronze,2021-07-18
CUS01248,Mohan,Mishra,F,1977-01-05,Kolkata,West Bengal,622600,user1248@email.com,9886571603,Gold,2020-04-15
CUS01249,Dev,Pillai,M,1998-07-11,Bengaluru,Karnataka,244464,user1249@email.com,9232052491,Gold,2022-02-26
CUS01250,Nisha,Sharma,M,1976-07-12,Ahmedabad,Gujarat,948450,user1250@email.com,9608592130,Bronze,2022-11-14
CUS01251,Ananya,Singh,M,1997-10-25,Jaipur,Rajasthan,849941,user1251@email.com,9910508874,Silver,2024-05-02
CUS01252,Tara,Iyer,M,1972-03-07,Surat,Gujarat,890109,user1252@email.com,9668707653,Silver,2024-11-03
CUS01253,Vikram,Agarwal,M,1990-04-24,Chennai,Tamil Nadu,529191,user1253@email.com,9592582348,Platinum,2020-04-19
CUS01254,Ritu,Pillai,F,1990-06-03,Jaipur,Rajasthan,564077,user1254@email.com,9256319955,Gold,2021-08-28
CUS01255,Ritu,Kapoor,F,1990-08-25,Kochi,Kerala,188896,user1255@email.com,9463250759,Bronze,2020-02-14
CUS01256,Ananya,Agarwal,M,1985-07-12,Chandigarh,Punjab,896070,user1256@email.com,9139829091,Silver,2022-08-26
CUS01257,Vikram,Tiwari,M,1984-11-29,Surat,Gujarat,762288,user1257@email.com,9865974687,Gold,2022-12-26
CUS01258,Suresh,Mehta,M,1989-05-19,Nagpur,Maharashtra,813944,user1258@email.com,9852467956,Silver,2024-10-06
CUS01259,Lata,Rao,F,1998-01-25,Kolkata,West Bengal,108286,user1259@email.com,9987988308,Bronze,2022-04-29
CUS01260,Swathi,Reddy,F,1988-02-14,Jaipur,Rajasthan,567863,user1260@email.com,9791360184,Bronze,2022-06-05
CUS01261,Swathi,Pandey,F,1983-11-26,Jaipur,Rajasthan,831351,user1261@email.com,9470710020,Gold,2024-08-01
CUS01262,Dev,Shah,F,1978-11-26,Chandigarh,Punjab,416178,user1262@email.com,9190495952,Bronze,2020-09-22
CUS01263,Sanjay,Reddy,F,1995-08-10,Hyderabad,Telangana,667059,user1263@email.com,9404865220,Bronze,2020-01-06
CUS01264,Kavya,Mehta,F,1980-05-26,Jaipur,Rajasthan,893820,user1264@email.com,9782562119,Bronze,2020-08-20
CUS01265,Prakash,Verma,F,1973-12-30,Mumbai,Maharashtra,353063,user1265@email.com,9993599071,Gold,2023-11-11
CUS01266,Nisha,Kapoor,M,1994-07-17,Kochi,Kerala,162857,user1266@email.com,9500483008,Bronze,2020-06-01
CUS01267,Meera,Kumar,M,1990-08-28,Jaipur,Rajasthan,782583,user1267@email.com,9233949085,Silver,2024-03-29
CUS01268,Lata,Sharma,F,1998-10-13,Lucknow,Uttar Pradesh,347565,user1268@email.com,9964778305,Gold,2021-09-19
CUS01269,Rajesh,Verma,F,1988-09-03,Lucknow,Uttar Pradesh,345196,user1269@email.com,9476171636,Bronze,2024-09-03
CUS01270,Ritu,Tiwari,F,1988-07-22,Surat,Gujarat,849051,user1270@email.com,9505515484,Silver,2022-09-27
CUS01271,Sneha,Rao,F,1997-03-28,Chennai,Tamil Nadu,301908,user1271@email.com,9983520645,Gold,2021-08-03
CUS01272,Sneha,Reddy,F,2000-11-21,Ahmedabad,Gujarat,968679,user1272@email.com,9542438495,Bronze,2021-12-16
CUS01273,Nisha,Reddy,F,1979-01-27,Mumbai,Maharashtra,567836,user1273@email.com,9183829919,Bronze,2021-10-14
CUS01274,Sanjay,Tiwari,F,1972-07-04,Jaipur,Rajasthan,916656,user1274@email.com,9523894453,Gold,2021-01-05
CUS01275,Isha,Agarwal,Other,1990-06-09,Lucknow,Uttar Pradesh,822487,user1275@email.com,9625640719,Gold,2021-08-30
CUS01276,Varun,Joshi,M,1996-04-21,Pune,Maharashtra,233299,user1276@email.com,9620511813,Gold,2023-01-13
CUS01277,Mohan,Kapoor,F,1999-06-11,Bengaluru,Karnataka,223792,user1277@email.com,9845682242,Bronze,2024-08-18
CUS01278,Priya,Joshi,F,1979-10-24,Ahmedabad,Gujarat,487272,user1278@email.com,9227524085,Silver,2021-03-11
CUS01279,Sneha,Kumar,M,1984-05-04,Pune,Maharashtra,403657,user1279@email.com,9143252622,Silver,2021-08-24
CUS01280,Meera,Mehta,Other,1974-11-04,Delhi,Delhi,417991,user1280@email.com,9415660014,Silver,2022-08-02
CUS01281,Vikram,Reddy,F,1971-03-03,Chandigarh,Punjab,542244,user1281@email.com,9152238662,Platinum,2021-09-18
CUS01282,Prakash,Mehta,M,1984-01-20,Kolkata,West Bengal,958914,user1282@email.com,9894204228,Silver,2023-04-30
CUS01283,Kavya,Pillai,M,1976-05-02,Delhi,Delhi,146852,user1283@email.com,9548367904,Silver,2024-07-10
CUS01284,Rajesh,Mishra,F,1973-05-10,Kolkata,West Bengal,919304,user1284@email.com,9505128837,Silver,2020-08-27
CUS01285,Varun,Pandey,M,1991-12-18,Kochi,Kerala,245251,user1285@email.com,9641986065,Silver,2024-08-09
CUS01286,Amit,Mishra,M,1995-03-17,Chandigarh,Punjab,863220,user1286@email.com,9449198328,Bronze,2024-11-19
CUS01287,Tara,Pandey,M,1976-10-02,Lucknow,Uttar Pradesh,344131,user1287@email.com,9524554436,Bronze,2024-10-20
CUS01288,Tara,Mishra,F,1980-12-17,Mumbai,Maharashtra,777292,user1288@email.com,9195058246,Gold,2021-12-15
CUS01289,Aarav,Tiwari,F,1979-05-09,Kochi,Kerala,909076,user1289@email.com,9859563731,Bronze,2022-01-17
CUS01290,Sneha,Verma,M,1993-09-21,Surat,Gujarat,748758,user1290@email.com,9681790182,Silver,2022-11-07
CUS01291,Rajesh,Kapoor,M,1981-03-30,Mumbai,Maharashtra,598949,user1291@email.com,9639704301,Gold,2022-09-04
CUS01292,Tara,Verma,M,1971-12-30,Delhi,Delhi,119895,user1292@email.com,9395238760,Gold,2024-02-18
CUS01293,Varun,Tiwari,M,1990-04-07,Chennai,Tamil Nadu,946118,user1293@email.com,9672888364,Silver,2024-06-02
CUS01294,Rajesh,Patel,F,1972-08-13,Pune,Maharashtra,124393,user1294@email.com,9465025573,Silver,2020-12-10
CUS01295,Aarav,Kapoor,M,1992-10-11,Pune,Maharashtra,369670,user1295@email.com,9197737441,Bronze,2022-06-23
CUS01296,Kavya,Joshi,M,1971-06-03,Delhi,Delhi,291542,user1296@email.com,9374399576,Gold,2020-09-26
CUS01297,Divya,Agarwal,F,1985-08-27,Bengaluru,Karnataka,161775,user1297@email.com,9759787964,Platinum,2021-06-16
CUS01298,Aarav,Patel,M,1973-05-09,Bengaluru,Karnataka,203540,user1298@email.com,9443641906,Bronze,2020-12-01
CUS01299,Kiran,Gupta,M,1989-08-02,Nagpur,Maharashtra,967949,user1299@email.com,9229886539,Bronze,2023-01-14
CUS01300,Ajay,Pandey,F,1974-02-15,Chennai,Tamil Nadu,616926,user1300@email.com,9646127934,Gold,2022-10-31
CUS01301,Sneha,Gupta,M,1999-09-27,Pune,Maharashtra,587402,user1301@email.com,9693909246,Silver,2021-04-27
CUS01302,Aarav,Agarwal,F,1976-08-18,Ahmedabad,Gujarat,119527,user1302@email.com,9389008064,Silver,2020-01-12
CUS01303,Tara,Kumar,M,1975-10-30,Lucknow,Uttar Pradesh,681652,user1303@email.com,9799597461,Gold,2022-09-17
CUS01304,Rajesh,Agarwal,M,1993-03-06,Kolkata,West Bengal,987386,user1304@email.com,9782683973,Silver,2022-10-29
CUS01305,Vikram,Pillai,F,1978-05-29,Chandigarh,Punjab,276358,user1305@email.com,9939691516,Bronze,2024-04-13
CUS01306,Geeta,Verma,F,1991-04-27,Pune,Maharashtra,101049,user1306@email.com,9972569546,Silver,2020-06-02
CUS01307,Swathi,Mehta,F,1975-12-15,Bhopal,Madhya Pradesh,275512,user1307@email.com,9100582968,Bronze,2023-07-04
CUS01308,Isha,Gupta,F,1985-01-30,Nagpur,Maharashtra,980266,user1308@email.com,9830142077,Bronze,2024-11-26
CUS01309,Varun,Nair,F,2000-07-27,Hyderabad,Telangana,635118,user1309@email.com,9402055699,Bronze,2024-06-04
CUS01310,Kavya,Tiwari,M,1986-08-17,Kochi,Kerala,194073,user1310@email.com,9524455403,Silver,2020-02-19
CUS01311,Vikram,Verma,Other,1994-10-13,Bhopal,Madhya Pradesh,552945,user1311@email.com,9326398655,Silver,2020-04-04
CUS01312,Kiran,Rao,F,1988-11-14,Chandigarh,Punjab,889256,user1312@email.com,9859945169,Silver,2020-10-04
CUS01313,Tara,Rao,M,1973-03-28,Chennai,Tamil Nadu,582134,user1313@email.com,9743722897,Bronze,2021-05-10
CUS01314,Mohan,Reddy,F,1988-08-20,Nagpur,Maharashtra,102146,user1314@email.com,9753679794,Silver,2021-09-24
CUS01315,Aarav,Joshi,M,1989-11-05,Nagpur,Maharashtra,830322,user1315@email.com,9855162274,Silver,2024-11-19
CUS01316,Kavya,Singh,F,1993-05-03,Pune,Maharashtra,780627,user1316@email.com,9799292052,Bronze,2020-06-20
CUS01317,Prakash,Mishra,F,1979-02-09,Mumbai,Maharashtra,470141,user1317@email.com,9972717220,Bronze,2020-07-31
CUS01318,Meera,Shah,M,1983-02-19,Lucknow,Uttar Pradesh,905270,user1318@email.com,9971738456,Silver,2021-02-23
CUS01319,Sneha,Mishra,M,1992-12-28,Mumbai,Maharashtra,302365,user1319@email.com,9577361628,Bronze,2020-04-21
CUS01320,Aarav,Gupta,F,1988-07-09,Kochi,Kerala,843647,user1320@email.com,9484207398,Bronze,2020-09-07
CUS01321,Swathi,Mehta,F,2000-02-02,Bhopal,Madhya Pradesh,331890,user1321@email.com,9351532545,Platinum,2023-02-19
CUS01322,Priya,Gupta,F,1982-07-10,Hyderabad,Telangana,838247,user1322@email.com,9859101116,Silver,2023-08-07
CUS01323,Rahul,Shah,M,1994-07-31,Mumbai,Maharashtra,390819,user1323@email.com,9711068865,Silver,2024-03-29
CUS01324,Kavya,Nair,F,1977-05-01,Bengaluru,Karnataka,693186,user1324@email.com,9821742994,Silver,2021-01-10
CUS01325,Ananya,Singh,F,1976-02-17,Lucknow,Uttar Pradesh,882209,user1325@email.com,9169846182,Bronze,2020-06-07
CUS01326,Rajesh,Iyer,F,1972-08-18,Nagpur,Maharashtra,864305,user1326@email.com,9939937450,Bronze,2020-11-30
CUS01327,Tara,Sharma,Other,1995-03-22,Bhopal,Madhya Pradesh,826648,user1327@email.com,9827711835,Silver,2023-12-31
CUS01328,Tara,Verma,F,1979-03-24,Kolkata,West Bengal,102049,user1328@email.com,9558610676,Silver,2023-10-05
CUS01329,Priya,Rao,M,1999-01-22,Surat,Gujarat,526640,user1329@email.com,9394243484,Bronze,2020-10-17
CUS01330,Amit,Bose,M,1990-07-05,Jaipur,Rajasthan,895891,user1330@email.com,9146669835,Gold,2023-11-02
CUS01331,Priya,Gupta,F,1982-07-29,Chennai,Tamil Nadu,658272,user1331@email.com,9581961364,Bronze,2021-02-10
CUS01332,Rahul,Rao,M,1982-04-19,Pune,Maharashtra,699596,user1332@email.com,9967232189,Bronze,2021-02-19
CUS01333,Pooja,Agarwal,Other,1985-03-27,Kochi,Kerala,362127,user1333@email.com,9311394879,Bronze,2020-05-05
CUS01334,Rohan,Kumar,M,1990-08-18,Kolkata,West Bengal,552931,user1334@email.com,9967646831,Bronze,2020-03-09
CUS01335,Dev,Rao,F,1982-10-05,Chandigarh,Punjab,359159,user1335@email.com,9215793020,Silver,2021-12-30
CUS01336,Varun,Patel,F,1988-07-20,Hyderabad,Telangana,644918,user1336@email.com,9952670321,Bronze,2020-04-16
CUS01337,Ajay,Pandey,F,1971-07-07,Delhi,Delhi,901215,user1337@email.com,9202725681,Silver,2024-10-09
CUS01338,Sneha,Singh,Other,1991-11-22,Lucknow,Uttar Pradesh,134963,user1338@email.com,9505224939,Bronze,2023-04-10
CUS01339,Mohan,Singh,F,1977-11-25,Bhopal,Madhya Pradesh,165014,user1339@email.com,9961556586,Silver,2021-04-08
CUS01340,Swathi,Agarwal,M,1978-05-28,Kolkata,West Bengal,810477,user1340@email.com,9159904013,Silver,2020-11-16
CUS01341,Neha,Shah,M,1973-10-19,Kolkata,West Bengal,747288,user1341@email.com,9907414505,Silver,2024-12-28
CUS01342,Swathi,Pandey,M,1996-05-25,Bhopal,Madhya Pradesh,502569,user1342@email.com,9598440715,Gold,2023-08-10
CUS01343,Swathi,Pandey,M,1987-09-02,Nagpur,Maharashtra,782540,user1343@email.com,9825609063,Gold,2024-06-06
CUS01344,Suresh,Rao,F,1997-10-08,Ahmedabad,Gujarat,213253,user1344@email.com,9210262182,Bronze,2020-05-10
CUS01345,Rohan,Tiwari,F,1985-10-14,Kochi,Kerala,303019,user1345@email.com,9715481841,Bronze,2020-01-27
CUS01346,Arjun,Pillai,M,1995-07-28,Jaipur,Rajasthan,859822,user1346@email.com,9766633565,Silver,2020-01-13
CUS01347,Vikram,Patel,M,1974-08-07,Chennai,Tamil Nadu,426806,user1347@email.com,9727626038,Silver,2023-04-15
CUS01348,Ajay,Pillai,M,1970-09-17,Surat,Gujarat,667430,user1348@email.com,9932682132,Bronze,2024-11-02
CUS01349,Divya,Pandey,M,1971-07-01,Ahmedabad,Gujarat,486746,user1349@email.com,9108677810,Silver,2023-09-27
CUS01350,Tara,Reddy,M,1974-10-22,Surat,Gujarat,631741,user1350@email.com,9979591893,Gold,2022-09-30
CUS01351,Priya,Agarwal,M,1971-07-03,Bhopal,Madhya Pradesh,310105,user1351@email.com,9787790466,Platinum,2022-01-14
CUS01352,Rohan,Rao,M,1998-04-27,Chandigarh,Punjab,598833,user1352@email.com,9846016035,Silver,2021-03-07
CUS01353,Swathi,Rao,F,1986-01-19,Ahmedabad,Gujarat,693595,user1353@email.com,9460412697,Silver,2021-12-18
CUS01354,Kiran,Joshi,M,1970-11-08,Pune,Maharashtra,927527,user1354@email.com,9145303473,Silver,2023-04-02
CUS01355,Aarav,Iyer,F,1982-07-08,Nagpur,Maharashtra,589199,user1355@email.com,9769929016,Bronze,2024-06-19
CUS01356,Lata,Rao,F,1987-03-28,Ahmedabad,Gujarat,494172,user1356@email.com,9320456760,Silver,2020-04-11
CUS01357,Aarav,Pillai,M,1986-12-22,Bhopal,Madhya Pradesh,475271,user1357@email.com,9132231138,Silver,2021-05-30
CUS01358,Divya,Mishra,M,1997-01-11,Bengaluru,Karnataka,714136,user1358@email.com,9921984514,Bronze,2022-07-01
CUS01359,Rahul,Nair,M,2000-03-23,Mumbai,Maharashtra,329580,user1359@email.com,9381319126,Gold,2024-02-20
CUS01360,Neha,Verma,M,1988-07-15,Hyderabad,Telangana,305507,user1360@email.com,9123076889,Bronze,2024-01-16
CUS01361,Geeta,Kumar,M,1982-08-31,Kolkata,West Bengal,810360,user1361@email.com,9247364121,Bronze,2021-09-29
CUS01362,Prakash,Kumar,M,1989-04-06,Chandigarh,Punjab,320449,user1362@email.com,9427568970,Silver,2020-04-03
CUS01363,Ritu,Pillai,F,1996-08-16,Hyderabad,Telangana,652522,user1363@email.com,9957944228,Platinum,2020-06-08
CUS01364,Nisha,Singh,M,1973-12-16,Nagpur,Maharashtra,237148,user1364@email.com,9953515359,Bronze,2021-09-22
CUS01365,Sanjay,Pillai,M,1982-08-28,Jaipur,Rajasthan,550405,user1365@email.com,9783053289,Bronze,2023-09-20
CUS01366,Ajay,Pandey,F,1982-01-02,Mumbai,Maharashtra,995940,user1366@email.com,9674954759,Bronze,2021-05-17
CUS01367,Kiran,Iyer,M,1989-05-16,Bengaluru,Karnataka,934259,user1367@email.com,9400726419,Gold,2024-11-19
CUS01368,Suresh,Tiwari,F,1978-10-29,Bhopal,Madhya Pradesh,319401,user1368@email.com,9880930867,Bronze,2022-05-19
CUS01369,Ritu,Pandey,M,2000-09-06,Ahmedabad,Gujarat,633320,user1369@email.com,9516736210,Gold,2022-02-06
CUS01370,Ajay,Kapoor,M,1978-04-04,Surat,Gujarat,644098,user1370@email.com,9598503197,Bronze,2022-09-12
CUS01371,Meera,Kapoor,F,1973-02-13,Kochi,Kerala,850413,user1371@email.com,9631278888,Silver,2021-09-15
CUS01372,Sanjay,Tiwari,F,1979-10-25,Lucknow,Uttar Pradesh,317264,user1372@email.com,9335714544,Gold,2021-07-25
CUS01373,Neha,Iyer,M,1980-06-27,Ahmedabad,Gujarat,420863,user1373@email.com,9556364808,Gold,2023-04-08
CUS01374,Ananya,Pillai,M,1977-12-20,Lucknow,Uttar Pradesh,188876,user1374@email.com,9244236074,Gold,2021-01-28
CUS01375,Amit,Kapoor,M,1981-06-19,Kolkata,West Bengal,712328,user1375@email.com,9144176873,Silver,2024-09-30
CUS01376,Kiran,Agarwal,F,1998-04-07,Lucknow,Uttar Pradesh,553515,user1376@email.com,9539109702,Bronze,2023-01-15
CUS01377,Kiran,Gupta,M,1975-04-04,Ahmedabad,Gujarat,288288,user1377@email.com,9574259410,Bronze,2021-09-19
CUS01378,Rohan,Pillai,F,1972-05-08,Surat,Gujarat,408824,user1378@email.com,9638765977,Silver,2022-10-05
CUS01379,Rohan,Gupta,F,1995-11-20,Surat,Gujarat,203189,user1379@email.com,9227332770,Bronze,2023-01-21
CUS01380,Kavya,Nair,M,1986-08-28,Mumbai,Maharashtra,807901,user1380@email.com,9453520145,Bronze,2022-02-19
CUS01381,Varun,Gupta,M,1995-01-17,Kochi,Kerala,733375,user1381@email.com,9248031551,Platinum,2023-07-21
CUS01382,Mohan,Verma,F,1986-07-11,Chandigarh,Punjab,108948,user1382@email.com,9926862906,Bronze,2024-07-04
CUS01383,Meera,Shah,F,1978-07-06,Bhopal,Madhya Pradesh,961784,user1383@email.com,9722720629,Gold,2024-11-10
CUS01384,Isha,Kapoor,Other,1976-12-28,Mumbai,Maharashtra,256532,user1384@email.com,9526818051,Bronze,2022-04-04
CUS01385,Lata,Nair,F,1994-12-03,Kochi,Kerala,640882,user1385@email.com,9730290352,Gold,2022-05-23
CUS01386,Amit,Mishra,M,1993-08-11,Chandigarh,Punjab,190047,user1386@email.com,9436161542,Gold,2021-09-16
CUS01387,Ajay,Agarwal,M,1988-07-14,Pune,Maharashtra,571829,user1387@email.com,9699627706,Bronze,2024-11-07
CUS01388,Rajesh,Reddy,M,1994-04-05,Bengaluru,Karnataka,873644,user1388@email.com,9110395063,Silver,2024-10-01
CUS01389,Varun,Pillai,M,1982-03-23,Surat,Gujarat,539507,user1389@email.com,9557112668,Silver,2021-03-15
CUS01390,Ajay,Verma,M,1979-10-13,Pune,Maharashtra,715467,user1390@email.com,9124953585,Silver,2021-09-28
CUS01391,Geeta,Reddy,M,1981-12-12,Mumbai,Maharashtra,446292,user1391@email.com,9710090318,Silver,2022-02-06
CUS01392,Geeta,Pandey,F,1995-02-09,Lucknow,Uttar Pradesh,509873,user1392@email.com,9509437695,Bronze,2020-05-31
CUS01393,Rohan,Verma,M,1985-04-11,Pune,Maharashtra,597840,user1393@email.com,9216649547,Bronze,2022-12-30
CUS01394,Dev,Mehta,M,1992-06-30,Ahmedabad,Gujarat,209380,user1394@email.com,9824652824,Silver,2023-07-26
CUS01395,Varun,Pandey,F,1997-04-03,Mumbai,Maharashtra,295760,user1395@email.com,9313673270,Bronze,2023-04-17
CUS01396,Divya,Nair,M,1981-09-05,Pune,Maharashtra,791609,user1396@email.com,9663065592,Bronze,2022-08-12
CUS01397,Meera,Kapoor,M,1981-10-08,Mumbai,Maharashtra,442645,user1397@email.com,9541158894,Bronze,2023-02-20
CUS01398,Vikram,Verma,M,1996-11-26,Delhi,Delhi,879241,user1398@email.com,9173833701,Bronze,2022-06-17
CUS01399,Neha,Nair,M,1994-06-12,Nagpur,Maharashtra,315667,user1399@email.com,9432599234,Silver,2024-06-07
CUS01400,Tara,Bose,M,1995-12-14,Kochi,Kerala,703027,user1400@email.com,9433196834,Silver,2021-04-07
CUS01401,Mohan,Mishra,M,1983-12-25,Jaipur,Rajasthan,107804,user1401@email.com,9253214356,Silver,2020-04-05
CUS01402,Sanjay,Pandey,F,1982-07-07,Bhopal,Madhya Pradesh,651400,user1402@email.com,9453144519,Platinum,2023-04-19
CUS01403,Isha,Mishra,F,1995-05-01,Nagpur,Maharashtra,140983,user1403@email.com,9891659872,Bronze,2022-10-25
CUS01404,Prakash,Mishra,M,1995-07-02,Surat,Gujarat,983571,user1404@email.com,9864126144,Gold,2022-07-09
CUS01405,Swathi,Joshi,M,1988-03-02,Pune,Maharashtra,288301,user1405@email.com,9763289534,Gold,2020-11-02
CUS01406,Sanjay,Joshi,F,1980-12-20,Ahmedabad,Gujarat,200174,user1406@email.com,9522572507,Silver,2023-12-08
CUS01407,Pooja,Joshi,M,1991-09-11,Mumbai,Maharashtra,758592,user1407@email.com,9677391292,Bronze,2024-02-10
CUS01408,Rohan,Nair,F,1970-12-16,Nagpur,Maharashtra,531256,user1408@email.com,9918041802,Silver,2022-02-10
CUS01409,Rohan,Kumar,F,1977-10-18,Hyderabad,Telangana,917376,user1409@email.com,9450053941,Silver,2024-08-12
CUS01410,Arjun,Nair,F,2000-08-26,Bengaluru,Karnataka,584617,user1410@email.com,9128688105,Bronze,2020-11-11
CUS01411,Tara,Mishra,M,1988-06-03,Kochi,Kerala,882193,user1411@email.com,9528790025,Gold,2023-03-30
CUS01412,Priya,Sharma,M,1970-03-10,Pune,Maharashtra,843544,user1412@email.com,9246544896,Bronze,2024-05-07
CUS01413,Amit,Bose,F,2000-03-22,Kochi,Kerala,186558,user1413@email.com,9688870662,Silver,2022-08-08
CUS01414,Amit,Reddy,F,1971-10-29,Kochi,Kerala,392701,user1414@email.com,9273265999,Bronze,2020-11-17
CUS01415,Swathi,Kumar,M,1974-06-16,Mumbai,Maharashtra,230182,user1415@email.com,9674080176,Gold,2024-05-19
CUS01416,Rohan,Sharma,F,1974-12-09,Bengaluru,Karnataka,260952,user1416@email.com,9573152913,Bronze,2021-08-04
CUS01417,Mohan,Patel,F,1973-07-02,Chennai,Tamil Nadu,658155,user1417@email.com,9332107009,Silver,2023-06-27
CUS01418,Varun,Kapoor,F,1991-04-08,Mumbai,Maharashtra,851210,user1418@email.com,9808712990,Gold,2022-12-27
CUS01419,Mohan,Mehta,M,1986-07-01,Pune,Maharashtra,727263,user1419@email.com,9105009792,Bronze,2021-04-12
CUS01420,Ajay,Nair,F,1994-05-07,Pune,Maharashtra,492843,user1420@email.com,9356130725,Bronze,2021-08-31
CUS01421,Nisha,Sharma,Other,1982-11-26,Mumbai,Maharashtra,453492,user1421@email.com,9981033677,Bronze,2023-08-20
CUS01422,Rohan,Iyer,Other,1972-06-20,Surat,Gujarat,201295,user1422@email.com,9955690804,Gold,2020-05-22
CUS01423,Ananya,Joshi,M,1991-04-14,Surat,Gujarat,637395,user1423@email.com,9215624631,Gold,2024-07-28
CUS01424,Kavya,Nair,F,1976-04-30,Hyderabad,Telangana,668016,user1424@email.com,9524196654,Platinum,2020-01-08
CUS01425,Pooja,Nair,M,1986-04-17,Delhi,Delhi,439075,user1425@email.com,9286424733,Bronze,2024-04-11
CUS01426,Kiran,Sharma,M,1978-06-09,Surat,Gujarat,581061,user1426@email.com,9336326489,Bronze,2021-12-09
CUS01427,Arjun,Pandey,M,1983-01-21,Bhopal,Madhya Pradesh,170601,user1427@email.com,9334677931,Silver,2024-05-30
CUS01428,Swathi,Bose,Other,1978-11-15,Chandigarh,Punjab,206759,user1428@email.com,9865074455,Silver,2024-11-29
CUS01429,Neha,Tiwari,M,1972-12-22,Nagpur,Maharashtra,199346,user1429@email.com,9744102442,Bronze,2024-09-28
CUS01430,Mohan,Shah,F,1981-10-06,Surat,Gujarat,908878,user1430@email.com,9844876980,Bronze,2023-05-19
CUS01431,Dev,Rao,Other,1972-12-20,Bengaluru,Karnataka,798740,user1431@email.com,9617683557,Bronze,2023-07-11
CUS01432,Swathi,Tiwari,M,1987-06-03,Mumbai,Maharashtra,635849,user1432@email.com,9787830375,Gold,2020-12-20
CUS01433,Rajesh,Sharma,M,1995-06-05,Jaipur,Rajasthan,746288,user1433@email.com,9914906726,Gold,2022-07-06
CUS01434,Pooja,Agarwal,F,1977-02-10,Kolkata,West Bengal,749871,user1434@email.com,9185243980,Bronze,2022-02-02
CUS01435,Isha,Mehta,M,1992-12-21,Hyderabad,Telangana,494000,user1435@email.com,9319457073,Silver,2021-05-19
CUS01436,Geeta,Pandey,Other,1986-12-08,Chennai,Tamil Nadu,565280,user1436@email.com,9893769688,Gold,2020-11-20
CUS01437,Arjun,Rao,F,1989-09-24,Bengaluru,Karnataka,897435,user1437@email.com,9142528200,Silver,2023-12-21
CUS01438,Dev,Mehta,F,2000-08-23,Pune,Maharashtra,340134,user1438@email.com,9886916528,Bronze,2021-06-10
CUS01439,Rahul,Verma,M,1996-01-09,Chennai,Tamil Nadu,797309,user1439@email.com,9366650945,Gold,2020-05-20
CUS01440,Lata,Iyer,F,1982-01-05,Kochi,Kerala,500016,user1440@email.com,9659926223,Bronze,2023-08-06
CUS01441,Dev,Sharma,M,1977-12-27,Ahmedabad,Gujarat,615524,user1441@email.com,9175145733,Platinum,2024-09-11
CUS01442,Dev,Reddy,F,1996-10-25,Mumbai,Maharashtra,231660,user1442@email.com,9198525897,Bronze,2024-01-24
CUS01443,Varun,Nair,M,1983-07-18,Jaipur,Rajasthan,181961,user1443@email.com,9557671519,Gold,2022-12-31
CUS01444,Ananya,Nair,M,1990-08-02,Kolkata,West Bengal,285006,user1444@email.com,9750527812,Bronze,2024-06-03
CUS01445,Rajesh,Mishra,Other,2000-08-31,Kolkata,West Bengal,311184,user1445@email.com,9391908293,Gold,2020-02-18
CUS01446,Rohan,Pillai,M,1982-02-03,Ahmedabad,Gujarat,275915,user1446@email.com,9605424753,Silver,2023-03-08
CUS01447,Swathi,Agarwal,F,1985-08-15,Jaipur,Rajasthan,959416,user1447@email.com,9952077058,Silver,2023-12-11
CUS01448,Sanjay,Agarwal,F,2000-04-29,Chandigarh,Punjab,895720,user1448@email.com,9422371175,Silver,2020-09-13
CUS01449,Kavya,Joshi,M,1975-09-04,Bengaluru,Karnataka,586173,user1449@email.com,9428401021,Silver,2022-10-07
CUS01450,Kavya,Pandey,F,1976-08-24,Pune,Maharashtra,449421,user1450@email.com,9246733633,Gold,2022-08-13
CUS01451,Vikram,Nair,M,2000-10-11,Chennai,Tamil Nadu,625021,user1451@email.com,9884227355,Gold,2022-10-31
CUS01452,Sanjay,Agarwal,F,1983-03-11,Ahmedabad,Gujarat,878246,user1452@email.com,9500661283,Bronze,2022-03-04
CUS01453,Dev,Tiwari,M,1996-08-20,Kolkata,West Bengal,140712,user1453@email.com,9233656706,Bronze,2023-11-22
CUS01454,Ananya,Nair,F,1993-01-02,Lucknow,Uttar Pradesh,367657,user1454@email.com,9928145258,Platinum,2024-10-08
CUS01455,Meera,Kapoor,F,1998-11-23,Kochi,Kerala,765824,user1455@email.com,9839259862,Bronze,2023-01-31
CUS01456,Dev,Shah,F,1990-07-19,Mumbai,Maharashtra,871399,user1456@email.com,9364990693,Bronze,2021-09-13
CUS01457,Geeta,Pillai,F,1985-03-27,Mumbai,Maharashtra,809283,user1457@email.com,9130339728,Silver,2022-12-16
CUS01458,Vikram,Gupta,F,1977-01-26,Surat,Gujarat,814149,user1458@email.com,9258234528,Bronze,2024-12-08
CUS01459,Rajesh,Joshi,M,1997-05-28,Lucknow,Uttar Pradesh,908422,user1459@email.com,9199112600,Silver,2023-09-17
CUS01460,Sanjay,Shah,F,1971-03-05,Nagpur,Maharashtra,184251,user1460@email.com,9656774907,Platinum,2022-05-30
CUS01461,Nisha,Joshi,F,1971-02-23,Nagpur,Maharashtra,365154,user1461@email.com,9842854111,Bronze,2020-12-01
CUS01462,Tara,Shah,F,1970-07-24,Jaipur,Rajasthan,869584,user1462@email.com,9541961791,Gold,2022-08-21
CUS01463,Lata,Singh,M,1972-06-11,Nagpur,Maharashtra,700426,user1463@email.com,9933965732,Gold,2022-05-14
CUS01464,Vikram,Gupta,F,1987-03-09,Bhopal,Madhya Pradesh,884639,user1464@email.com,9527317270,Silver,2020-05-20
CUS01465,Ananya,Bose,M,1991-09-23,Mumbai,Maharashtra,173234,user1465@email.com,9930800901,Silver,2020-08-15
CUS01466,Nisha,Mehta,F,1991-12-31,Jaipur,Rajasthan,278922,user1466@email.com,9289409450,Bronze,2020-09-30
CUS01467,Vikram,Nair,F,1996-10-05,Kochi,Kerala,627028,user1467@email.com,9218367418,Silver,2021-11-13
CUS01468,Rahul,Joshi,M,1978-03-11,Bhopal,Madhya Pradesh,886343,user1468@email.com,9296204192,Gold,2020-02-06
CUS01469,Arjun,Agarwal,M,1972-12-30,Chennai,Tamil Nadu,754753,user1469@email.com,9217247719,Gold,2023-09-12
CUS01470,Rohan,Mehta,M,1977-02-23,Bengaluru,Karnataka,230738,user1470@email.com,9397171155,Bronze,2020-05-14
CUS01471,Rajesh,Iyer,F,1982-10-25,Mumbai,Maharashtra,805486,user1471@email.com,9916616735,Bronze,2023-08-06
CUS01472,Arjun,Sharma,F,1982-10-01,Mumbai,Maharashtra,927543,user1472@email.com,9144946135,Bronze,2024-08-28
CUS01473,Ritu,Sharma,M,1974-06-01,Jaipur,Rajasthan,645337,user1473@email.com,9917508336,Bronze,2022-02-20
CUS01474,Isha,Rao,F,1976-07-31,Ahmedabad,Gujarat,452898,user1474@email.com,9498127494,Silver,2024-04-28
CUS01475,Kiran,Iyer,F,1997-06-14,Hyderabad,Telangana,797385,user1475@email.com,9527855355,Bronze,2021-04-22
CUS01476,Meera,Rao,F,1990-01-22,Mumbai,Maharashtra,103234,user1476@email.com,9590613316,Gold,2020-09-26
CUS01477,Lata,Reddy,M,1982-09-18,Pune,Maharashtra,228864,user1477@email.com,9669758914,Bronze,2023-06-27
CUS01478,Ajay,Iyer,M,1996-01-03,Kochi,Kerala,748388,user1478@email.com,9836785419,Silver,2023-09-03
CUS01479,Suresh,Agarwal,F,1996-08-15,Ahmedabad,Gujarat,103281,user1479@email.com,9785125940,Platinum,2022-03-19
CUS01480,Kiran,Sharma,F,1995-06-01,Bhopal,Madhya Pradesh,147976,user1480@email.com,9967108597,Gold,2023-03-05
CUS01481,Amit,Iyer,F,1982-10-19,Surat,Gujarat,519603,user1481@email.com,9893714928,Silver,2021-01-06
CUS01482,Meera,Agarwal,F,1980-07-24,Delhi,Delhi,599250,user1482@email.com,9806886123,Gold,2023-08-07
CUS01483,Sneha,Shah,M,1988-04-26,Nagpur,Maharashtra,304553,user1483@email.com,9864441874,Bronze,2022-05-28
CUS01484,Prakash,Tiwari,F,1989-11-13,Jaipur,Rajasthan,851478,user1484@email.com,9641849446,Bronze,2021-02-18
CUS01485,Ritu,Singh,M,1992-06-20,Ahmedabad,Gujarat,805756,user1485@email.com,9689212238,Platinum,2022-12-27
CUS01486,Ananya,Mishra,Other,1974-06-30,Ahmedabad,Gujarat,605590,user1486@email.com,9811506547,Silver,2022-09-30
CUS01487,Rahul,Joshi,F,1991-07-01,Chennai,Tamil Nadu,791792,user1487@email.com,9851521568,Bronze,2021-05-17
CUS01488,Mohan,Sharma,M,1996-08-30,Pune,Maharashtra,442360,user1488@email.com,9511769051,Gold,2020-07-30
CUS01489,Lata,Gupta,F,1985-06-11,Chennai,Tamil Nadu,803176,user1489@email.com,9232175587,Silver,2024-03-28
CUS01490,Kavya,Bose,M,1990-01-12,Nagpur,Maharashtra,825388,user1490@email.com,9457342476,Gold,2023-08-30
CUS01491,Rajesh,Pandey,M,1992-12-24,Nagpur,Maharashtra,459898,user1491@email.com,9504811746,Platinum,2020-12-16
CUS01492,Lata,Shah,F,1989-02-24,Kochi,Kerala,923218,user1492@email.com,9703335469,Platinum,2024-11-05
CUS01493,Ritu,Iyer,M,1997-06-30,Pune,Maharashtra,221309,user1493@email.com,9412433640,Bronze,2024-07-17
CUS01494,Kiran,Tiwari,F,1995-01-27,Delhi,Delhi,880788,user1494@email.com,9224668108,Silver,2022-08-01
CUS01495,Neha,Rao,Other,1990-12-31,Bengaluru,Karnataka,704941,user1495@email.com,9891259564,Bronze,2021-01-26
CUS01496,Rajesh,Verma,M,1990-09-14,Mumbai,Maharashtra,507000,user1496@email.com,9554942797,Bronze,2020-02-02
CUS01497,Ritu,Reddy,F,1995-11-27,Hyderabad,Telangana,730841,user1497@email.com,9734340885,Bronze,2024-02-13
CUS01498,Aarav,Verma,F,1981-05-12,Pune,Maharashtra,431272,user1498@email.com,9255371286,Gold,2021-01-03
CUS01499,Varun,Iyer,F,1986-01-05,Kolkata,West Bengal,577924,user1499@email.com,9258296773,Silver,2020-09-15
CUS01500,Lata,Patel,F,1979-06-26,Bengaluru,Karnataka,423896,user1500@email.com,9639424260,Platinum,2024-01-12
CUS01501,Arjun,Tiwari,F,1992-10-31,Delhi,Delhi,968941,user1501@email.com,9331611548,Silver,2021-04-25
CUS01502,Sanjay,Patel,Other,1979-12-09,Kochi,Kerala,449327,user1502@email.com,9263962774,Gold,2020-12-10
CUS01503,Neha,Iyer,F,1994-02-27,Chennai,Tamil Nadu,155119,user1503@email.com,9933265252,Bronze,2024-03-27
CUS01504,Lata,Shah,M,1992-01-30,Ahmedabad,Gujarat,954602,user1504@email.com,9807864626,Platinum,2020-08-27
CUS01505,Aarav,Verma,M,1971-09-19,Bengaluru,Karnataka,542957,user1505@email.com,9827888175,Silver,2024-02-26
CUS01506,Ajay,Shah,M,1973-09-24,Hyderabad,Telangana,653485,user1506@email.com,9880346808,Bronze,2023-12-30
CUS01507,Geeta,Nair,F,1999-11-09,Kochi,Kerala,674630,user1507@email.com,9522809954,Bronze,2021-06-03
CUS01508,Ajay,Tiwari,F,1989-02-02,Hyderabad,Telangana,156752,user1508@email.com,9861913813,Bronze,2023-01-11
CUS01509,Ananya,Tiwari,M,1980-10-22,Surat,Gujarat,829762,user1509@email.com,9618017848,Bronze,2020-07-19
CUS01510,Rahul,Nair,F,2000-05-31,Bengaluru,Karnataka,305159,user1510@email.com,9889542655,Silver,2023-04-24
CUS01511,Lata,Tiwari,M,1984-09-21,Hyderabad,Telangana,923655,user1511@email.com,9258490157,Bronze,2020-11-22
CUS01512,Tara,Joshi,F,1992-11-22,Pune,Maharashtra,200713,user1512@email.com,9481805252,Platinum,2023-02-04
CUS01513,Priya,Kumar,Other,1971-04-22,Bengaluru,Karnataka,781676,user1513@email.com,9463446378,Silver,2020-04-01
CUS01514,Dev,Shah,M,2000-02-07,Bengaluru,Karnataka,224573,user1514@email.com,9358616542,Bronze,2023-07-31
CUS01515,Mohan,Pandey,Other,1979-10-02,Kolkata,West Bengal,784507,user1515@email.com,9900152663,Bronze,2023-08-18
CUS01516,Ritu,Singh,F,1998-06-25,Kochi,Kerala,957939,user1516@email.com,9798266050,Bronze,2020-03-18
CUS01517,Dev,Mishra,M,1984-09-02,Surat,Gujarat,225829,user1517@email.com,9225227973,Bronze,2020-08-02
CUS01518,Dev,Kapoor,M,1979-06-05,Ahmedabad,Gujarat,715357,user1518@email.com,9715234639,Platinum,2022-02-21
CUS01519,Arjun,Kumar,F,1987-09-02,Ahmedabad,Gujarat,289893,user1519@email.com,9512273781,Silver,2023-02-02
CUS01520,Mohan,Agarwal,M,1973-06-18,Surat,Gujarat,231319,user1520@email.com,9206774236,Bronze,2023-05-03
CUS01521,Geeta,Verma,M,1985-05-16,Kochi,Kerala,952353,user1521@email.com,9852415900,Bronze,2021-11-01
CUS01522,Varun,Verma,F,1981-11-12,Jaipur,Rajasthan,655837,user1522@email.com,9624590810,Bronze,2024-04-18
CUS01523,Rajesh,Verma,F,1993-02-25,Bhopal,Madhya Pradesh,928446,user1523@email.com,9799758257,Bronze,2022-04-23
CUS01524,Rahul,Kumar,M,1991-02-22,Chandigarh,Punjab,728204,user1524@email.com,9846482380,Bronze,2024-10-27
CUS01525,Amit,Rao,M,1997-04-08,Jaipur,Rajasthan,235073,user1525@email.com,9717488556,Bronze,2020-07-05
CUS01526,Rohan,Verma,M,1985-06-26,Bengaluru,Karnataka,889649,user1526@email.com,9137586639,Bronze,2023-07-23
CUS01527,Suresh,Mehta,M,1995-04-01,Delhi,Delhi,670873,user1527@email.com,9284257535,Silver,2022-01-03
CUS01528,Aarav,Iyer,M,1983-12-08,Surat,Gujarat,644675,user1528@email.com,9940527063,Bronze,2023-12-09
CUS01529,Amit,Reddy,F,1977-08-25,Jaipur,Rajasthan,828866,user1529@email.com,9436012520,Silver,2024-08-06
CUS01530,Swathi,Verma,F,1982-10-04,Hyderabad,Telangana,821347,user1530@email.com,9206310240,Silver,2020-07-16
CUS01531,Pooja,Patel,M,1988-04-04,Mumbai,Maharashtra,414267,user1531@email.com,9994027302,Bronze,2024-03-26
CUS01532,Swathi,Verma,M,1987-03-09,Bengaluru,Karnataka,476507,user1532@email.com,9397851389,Bronze,2021-09-18
CUS01533,Nisha,Singh,F,1978-11-02,Lucknow,Uttar Pradesh,373336,user1533@email.com,9509935637,Silver,2020-07-08
CUS01534,Sanjay,Mishra,M,1979-06-24,Bengaluru,Karnataka,366526,user1534@email.com,9826413906,Silver,2024-02-14
CUS01535,Vikram,Verma,M,2000-12-02,Kochi,Kerala,760150,user1535@email.com,9886703684,Bronze,2023-05-04
CUS01536,Mohan,Nair,F,1979-11-22,Surat,Gujarat,691021,user1536@email.com,9805789882,Silver,2023-12-26
CUS01537,Swathi,Joshi,M,1980-06-28,Jaipur,Rajasthan,260947,user1537@email.com,9439689322,Platinum,2022-06-07
CUS01538,Sanjay,Sharma,Other,1982-04-20,Pune,Maharashtra,359520,user1538@email.com,9183241401,Bronze,2020-11-26
CUS01539,Sneha,Verma,M,1985-11-03,Jaipur,Rajasthan,445356,user1539@email.com,9787385349,Bronze,2021-09-21
CUS01540,Kiran,Gupta,M,1999-05-03,Nagpur,Maharashtra,936865,user1540@email.com,9342413830,Bronze,2023-06-03
CUS01541,Sanjay,Iyer,M,1979-04-29,Delhi,Delhi,210103,user1541@email.com,9940453822,Platinum,2024-07-07
CUS01542,Suresh,Mehta,F,1971-10-16,Bengaluru,Karnataka,945989,user1542@email.com,9625723975,Bronze,2024-07-13
CUS01543,Mohan,Tiwari,F,1990-11-05,Hyderabad,Telangana,678333,user1543@email.com,9391041983,Silver,2021-04-04
CUS01544,Priya,Joshi,M,1995-08-18,Nagpur,Maharashtra,888395,user1544@email.com,9518290447,Bronze,2023-11-23
CUS01545,Lata,Verma,F,1986-07-01,Chandigarh,Punjab,990901,user1545@email.com,9532343498,Silver,2022-03-09
CUS01546,Arjun,Sharma,F,1977-10-24,Bengaluru,Karnataka,847868,user1546@email.com,9266957491,Silver,2023-03-31
CUS01547,Sanjay,Tiwari,F,1971-05-27,Bengaluru,Karnataka,155432,user1547@email.com,9878913009,Silver,2023-07-04
CUS01548,Mohan,Iyer,F,1991-05-25,Hyderabad,Telangana,538560,user1548@email.com,9858906506,Silver,2020-01-10
CUS01549,Meera,Mishra,F,1978-03-24,Ahmedabad,Gujarat,389221,user1549@email.com,9559309261,Silver,2022-01-03
CUS01550,Prakash,Iyer,M,1996-10-26,Kochi,Kerala,999595,user1550@email.com,9193353560,Platinum,2020-08-11
CUS01551,Ajay,Rao,F,1998-08-18,Pune,Maharashtra,765506,user1551@email.com,9185335495,Bronze,2020-11-24
CUS01552,Rohan,Joshi,F,1976-05-07,Chennai,Tamil Nadu,188693,user1552@email.com,9898229824,Bronze,2020-07-10
CUS01553,Isha,Sharma,Other,1987-10-01,Nagpur,Maharashtra,544579,user1553@email.com,9826958713,Silver,2022-06-13
CUS01554,Vikram,Bose,F,1975-09-21,Kochi,Kerala,818402,user1554@email.com,9826680721,Gold,2023-09-12
CUS01555,Sneha,Shah,M,1992-11-16,Kochi,Kerala,299422,user1555@email.com,9992706183,Gold,2023-11-29
CUS01556,Nisha,Verma,F,1974-02-02,Kochi,Kerala,356089,user1556@email.com,9893477119,Silver,2020-05-01
CUS01557,Varun,Kapoor,F,1984-09-29,Nagpur,Maharashtra,144413,user1557@email.com,9752162382,Silver,2022-09-30
CUS01558,Tara,Kapoor,F,1975-09-30,Bengaluru,Karnataka,283305,user1558@email.com,9180662039,Bronze,2024-10-19
CUS01559,Suresh,Pillai,Other,1991-11-18,Bengaluru,Karnataka,543256,user1559@email.com,9632047514,Bronze,2021-11-04
CUS01560,Sneha,Rao,F,1970-07-16,Hyderabad,Telangana,361897,user1560@email.com,9993059429,Silver,2021-08-10
CUS01561,Neha,Kumar,M,1977-06-22,Chandigarh,Punjab,606592,user1561@email.com,9415191584,Bronze,2023-09-02
CUS01562,Lata,Tiwari,M,1972-06-14,Mumbai,Maharashtra,419626,user1562@email.com,9790387684,Silver,2023-06-12
CUS01563,Priya,Mishra,F,1986-07-08,Nagpur,Maharashtra,989561,user1563@email.com,9624272120,Bronze,2020-06-09
CUS01564,Swathi,Mishra,M,1980-10-21,Mumbai,Maharashtra,471083,user1564@email.com,9215066535,Bronze,2024-06-12
CUS01565,Lata,Joshi,M,1974-04-16,Nagpur,Maharashtra,109294,user1565@email.com,9208810611,Silver,2021-05-16
CUS01566,Rohan,Kapoor,F,1986-09-16,Chennai,Tamil Nadu,261177,user1566@email.com,9541006226,Bronze,2021-09-05
CUS01567,Aarav,Reddy,F,1985-04-28,Ahmedabad,Gujarat,362285,user1567@email.com,9342767911,Silver,2024-03-18
CUS01568,Divya,Pillai,M,1997-09-21,Hyderabad,Telangana,291031,user1568@email.com,9675984517,Gold,2020-10-17
CUS01569,Amit,Mishra,M,1983-02-20,Delhi,Delhi,470920,user1569@email.com,9902182950,Silver,2021-10-23
CUS01570,Prakash,Nair,M,1976-04-11,Hyderabad,Telangana,398739,user1570@email.com,9143224883,Bronze,2021-09-08
CUS01571,Lata,Rao,F,1979-02-22,Pune,Maharashtra,268099,user1571@email.com,9815331979,Bronze,2024-04-03
CUS01572,Tara,Gupta,M,1974-08-09,Ahmedabad,Gujarat,612824,user1572@email.com,9690690799,Silver,2021-08-21
CUS01573,Mohan,Reddy,M,1983-05-22,Surat,Gujarat,901523,user1573@email.com,9937881000,Gold,2021-08-06
CUS01574,Lata,Shah,M,1976-06-06,Jaipur,Rajasthan,213119,user1574@email.com,9951169063,Bronze,2024-12-09
CUS01575,Meera,Kapoor,M,1976-07-21,Bengaluru,Karnataka,817684,user1575@email.com,9353945243,Bronze,2020-04-08
CUS01576,Kiran,Agarwal,Other,1990-10-23,Bhopal,Madhya Pradesh,873253,user1576@email.com,9108620954,Silver,2020-04-21
CUS01577,Divya,Bose,M,1983-12-02,Kolkata,West Bengal,549788,user1577@email.com,9366016633,Silver,2020-04-22
CUS01578,Suresh,Joshi,M,1992-11-02,Kochi,Kerala,903972,user1578@email.com,9223501774,Gold,2022-06-09
CUS01579,Pooja,Agarwal,M,1982-09-09,Kochi,Kerala,840777,user1579@email.com,9940435889,Gold,2023-10-19
CUS01580,Lata,Kapoor,F,1989-05-14,Kochi,Kerala,297833,user1580@email.com,9734792087,Silver,2020-02-28
CUS01581,Pooja,Kumar,M,1980-09-30,Bengaluru,Karnataka,140230,user1581@email.com,9394056688,Platinum,2024-04-05
CUS01582,Vikram,Agarwal,M,1981-12-31,Nagpur,Maharashtra,309341,user1582@email.com,9197641175,Gold,2024-10-20
CUS01583,Nisha,Kapoor,M,1974-09-20,Pune,Maharashtra,764073,user1583@email.com,9348493551,Bronze,2022-10-06
CUS01584,Isha,Patel,F,1972-06-02,Pune,Maharashtra,775149,user1584@email.com,9155464661,Bronze,2021-06-23
CUS01585,Meera,Gupta,F,1972-12-02,Kolkata,West Bengal,846151,user1585@email.com,9548903755,Bronze,2024-08-08
CUS01586,Priya,Joshi,M,1978-08-30,Nagpur,Maharashtra,154662,user1586@email.com,9809132123,Gold,2020-04-24
CUS01587,Divya,Bose,M,1981-01-28,Chennai,Tamil Nadu,735984,user1587@email.com,9208192050,Silver,2024-06-14
CUS01588,Isha,Pillai,M,1983-06-22,Kolkata,West Bengal,216946,user1588@email.com,9204031858,Silver,2024-04-07
CUS01589,Kavya,Reddy,M,1973-06-08,Surat,Gujarat,877301,user1589@email.com,9969768720,Bronze,2024-09-17
CUS01590,Rajesh,Kapoor,F,1974-06-11,Chandigarh,Punjab,349825,user1590@email.com,9798198840,Bronze,2022-04-14
CUS01591,Sanjay,Singh,F,1978-10-21,Lucknow,Uttar Pradesh,236823,user1591@email.com,9775983431,Gold,2020-07-16
CUS01592,Priya,Tiwari,Other,1998-01-05,Delhi,Delhi,786141,user1592@email.com,9977686393,Bronze,2021-04-05
CUS01593,Amit,Kumar,M,1973-06-03,Kochi,Kerala,673129,user1593@email.com,9764657323,Bronze,2022-05-17
CUS01594,Isha,Nair,F,1996-06-19,Kochi,Kerala,261137,user1594@email.com,9147041818,Bronze,2022-09-06
CUS01595,Kavya,Gupta,F,1979-02-10,Pune,Maharashtra,896241,user1595@email.com,9701666987,Platinum,2024-11-08
CUS01596,Meera,Mishra,F,1995-02-15,Nagpur,Maharashtra,223133,user1596@email.com,9568286479,Bronze,2023-08-31
CUS01597,Suresh,Kapoor,F,1973-04-02,Pune,Maharashtra,275044,user1597@email.com,9743336344,Bronze,2021-09-14
CUS01598,Divya,Patel,Other,1983-11-15,Bengaluru,Karnataka,163746,user1598@email.com,9952970175,Platinum,2023-11-08
CUS01599,Lata,Shah,F,1989-05-25,Chennai,Tamil Nadu,658335,user1599@email.com,9651353212,Platinum,2020-10-19
CUS01600,Amit,Kapoor,M,1993-03-20,Bengaluru,Karnataka,917230,user1600@email.com,9519024421,Silver,2021-06-11
CUS01601,Rahul,Joshi,M,1987-11-15,Kolkata,West Bengal,699678,user1601@email.com,9333869257,Silver,2021-01-20
CUS01602,Prakash,Kapoor,F,1982-06-25,Mumbai,Maharashtra,842133,user1602@email.com,9873715986,Silver,2022-01-22
CUS01603,Neha,Iyer,M,1988-12-31,Kolkata,West Bengal,381558,user1603@email.com,9692867539,Bronze,2021-09-06
CUS01604,Priya,Verma,M,1987-12-04,Chennai,Tamil Nadu,140989,user1604@email.com,9786781749,Bronze,2021-04-17
CUS01605,Arjun,Reddy,M,1975-01-01,Nagpur,Maharashtra,929026,user1605@email.com,9155319151,Silver,2024-07-11
CUS01606,Varun,Nair,F,1990-09-20,Chennai,Tamil Nadu,101467,user1606@email.com,9796477802,Bronze,2021-09-22
CUS01607,Meera,Rao,M,1997-04-17,Lucknow,Uttar Pradesh,839730,user1607@email.com,9689779617,Bronze,2022-12-08
CUS01608,Nisha,Pandey,M,1983-09-13,Bengaluru,Karnataka,160045,user1608@email.com,9772114391,Gold,2024-10-25
CUS01609,Meera,Iyer,F,1970-11-08,Bhopal,Madhya Pradesh,393276,user1609@email.com,9289768018,Bronze,2022-07-31
CUS01610,Kavya,Tiwari,M,1988-04-02,Mumbai,Maharashtra,881996,user1610@email.com,9838858273,Bronze,2024-05-08
CUS01611,Arjun,Pandey,F,1979-08-28,Surat,Gujarat,956526,user1611@email.com,9574792409,Bronze,2022-03-30
CUS01612,Rahul,Tiwari,F,1970-08-07,Kolkata,West Bengal,999910,user1612@email.com,9908417746,Bronze,2020-05-25
CUS01613,Pooja,Agarwal,M,1985-03-23,Ahmedabad,Gujarat,602275,user1613@email.com,9200600013,Silver,2024-10-05
CUS01614,Ananya,Joshi,M,1984-03-01,Ahmedabad,Gujarat,614345,user1614@email.com,9883273181,Bronze,2024-05-28
CUS01615,Aarav,Mehta,M,1989-01-21,Kolkata,West Bengal,286367,user1615@email.com,9977783087,Bronze,2023-08-25
CUS01616,Rahul,Singh,M,1999-11-23,Lucknow,Uttar Pradesh,547107,user1616@email.com,9363339299,Silver,2024-08-18
CUS01617,Sanjay,Kumar,F,1997-04-14,Surat,Gujarat,243960,user1617@email.com,9880357575,Gold,2022-07-25
CUS01618,Swathi,Kumar,M,2000-05-06,Mumbai,Maharashtra,121722,user1618@email.com,9218149731,Gold,2021-03-03
CUS01619,Varun,Patel,M,1999-11-28,Chandigarh,Punjab,907526,user1619@email.com,9189760032,Bronze,2021-05-10
CUS01620,Swathi,Sharma,F,1974-03-06,Surat,Gujarat,109852,user1620@email.com,9950039201,Bronze,2022-08-26
CUS01621,Varun,Rao,F,1982-05-15,Kochi,Kerala,189092,user1621@email.com,9317241211,Bronze,2022-04-03
CUS01622,Rajesh,Mishra,F,1975-01-14,Chandigarh,Punjab,422316,user1622@email.com,9456220636,Silver,2020-09-30
CUS01623,Priya,Verma,F,1984-03-04,Chennai,Tamil Nadu,757966,user1623@email.com,9683699916,Bronze,2021-01-15
CUS01624,Priya,Kumar,F,1976-09-26,Bhopal,Madhya Pradesh,207548,user1624@email.com,9649264485,Gold,2024-04-18
CUS01625,Vikram,Sharma,F,1981-05-04,Pune,Maharashtra,125166,user1625@email.com,9343390582,Silver,2024-12-30
CUS01626,Meera,Mehta,M,1982-10-14,Bengaluru,Karnataka,817663,user1626@email.com,9513115512,Silver,2024-10-01
CUS01627,Varun,Kumar,F,1982-02-04,Kochi,Kerala,215485,user1627@email.com,9341079154,Bronze,2023-06-14
CUS01628,Meera,Singh,F,1977-02-27,Kolkata,West Bengal,224099,user1628@email.com,9487076952,Platinum,2020-02-21
CUS01629,Rohan,Patel,F,1979-10-22,Nagpur,Maharashtra,286717,user1629@email.com,9560236245,Silver,2024-03-21
CUS01630,Ananya,Agarwal,M,1971-09-22,Lucknow,Uttar Pradesh,799686,user1630@email.com,9837833207,Bronze,2022-12-19
CUS01631,Divya,Pillai,F,1975-12-02,Bhopal,Madhya Pradesh,384261,user1631@email.com,9636066442,Silver,2023-10-15
CUS01632,Arjun,Singh,F,1990-01-04,Nagpur,Maharashtra,255863,user1632@email.com,9935139248,Silver,2020-07-26
CUS01633,Vikram,Shah,M,1981-11-08,Hyderabad,Telangana,935558,user1633@email.com,9943473690,Platinum,2024-09-14
CUS01634,Rohan,Kumar,F,1985-12-07,Bhopal,Madhya Pradesh,862008,user1634@email.com,9399011485,Bronze,2020-10-10
CUS01635,Vikram,Joshi,F,1985-06-29,Hyderabad,Telangana,469737,user1635@email.com,9442862704,Silver,2024-04-19
CUS01636,Mohan,Agarwal,F,1982-12-17,Ahmedabad,Gujarat,767527,user1636@email.com,9458055473,Bronze,2020-08-29
CUS01637,Geeta,Iyer,M,1971-01-04,Surat,Gujarat,676023,user1637@email.com,9633759522,Silver,2021-09-02
CUS01638,Kavya,Verma,F,1986-11-28,Ahmedabad,Gujarat,503310,user1638@email.com,9189783843,Silver,2024-01-14
CUS01639,Suresh,Tiwari,F,1993-11-16,Pune,Maharashtra,950701,user1639@email.com,9903463290,Bronze,2022-01-03
CUS01640,Pooja,Pillai,M,1976-02-08,Delhi,Delhi,991913,user1640@email.com,9118419668,Bronze,2021-10-13
CUS01641,Vikram,Kumar,M,1987-11-24,Ahmedabad,Gujarat,466317,user1641@email.com,9487468897,Gold,2023-05-14
CUS01642,Ajay,Reddy,M,1992-06-26,Bhopal,Madhya Pradesh,251141,user1642@email.com,9996845363,Gold,2022-08-31
CUS01643,Geeta,Agarwal,M,1989-01-14,Nagpur,Maharashtra,968034,user1643@email.com,9341148670,Bronze,2024-11-25
CUS01644,Sneha,Reddy,M,1988-01-01,Bengaluru,Karnataka,127626,user1644@email.com,9847455877,Platinum,2024-06-09
CUS01645,Priya,Kumar,F,1993-04-07,Hyderabad,Telangana,177353,user1645@email.com,9611988629,Gold,2023-08-11
CUS01646,Ananya,Sharma,M,1971-02-11,Bhopal,Madhya Pradesh,248140,user1646@email.com,9184818406,Bronze,2021-07-15
CUS01647,Rajesh,Agarwal,M,1999-09-24,Mumbai,Maharashtra,291285,user1647@email.com,9604406044,Gold,2022-05-22
CUS01648,Suresh,Mehta,F,1997-10-08,Kochi,Kerala,857656,user1648@email.com,9462212833,Silver,2021-03-08
CUS01649,Mohan,Sharma,M,2000-02-18,Surat,Gujarat,263459,user1649@email.com,9164425366,Gold,2020-03-18
CUS01650,Swathi,Joshi,F,1985-05-13,Mumbai,Maharashtra,111395,user1650@email.com,9525621256,Gold,2021-07-20
CUS01651,Prakash,Mishra,F,1970-04-15,Surat,Gujarat,969812,user1651@email.com,9377083754,Platinum,2024-02-03
CUS01652,Divya,Iyer,M,1971-01-14,Jaipur,Rajasthan,264417,user1652@email.com,9391872669,Platinum,2022-04-29
CUS01653,Sanjay,Reddy,F,1978-02-06,Jaipur,Rajasthan,519852,user1653@email.com,9764693183,Bronze,2020-11-28
CUS01654,Ananya,Verma,F,1985-08-01,Pune,Maharashtra,180959,user1654@email.com,9976773369,Silver,2021-03-15
CUS01655,Kiran,Shah,F,1976-11-08,Ahmedabad,Gujarat,272830,user1655@email.com,9158703244,Gold,2022-07-20
CUS01656,Nisha,Nair,M,1992-02-21,Surat,Gujarat,209471,user1656@email.com,9183546326,Bronze,2024-01-20
CUS01657,Neha,Rao,M,1986-06-22,Chandigarh,Punjab,395915,user1657@email.com,9274762655,Silver,2024-08-08
CUS01658,Rahul,Pandey,M,1992-12-29,Delhi,Delhi,424135,user1658@email.com,9301588378,Silver,2020-02-28
CUS01659,Geeta,Patel,M,1990-06-17,Surat,Gujarat,189170,user1659@email.com,9712164669,Silver,2021-02-26
CUS01660,Ritu,Bose,M,1990-12-29,Lucknow,Uttar Pradesh,429861,user1660@email.com,9200084477,Platinum,2022-05-28
CUS01661,Meera,Mehta,Other,1979-09-04,Mumbai,Maharashtra,624514,user1661@email.com,9309254786,Bronze,2020-07-29
CUS01662,Lata,Pillai,Other,1992-02-21,Pune,Maharashtra,836789,user1662@email.com,9824439027,Bronze,2022-11-14
CUS01663,Prakash,Kapoor,M,1994-04-26,Pune,Maharashtra,946719,user1663@email.com,9932214536,Bronze,2022-12-02
CUS01664,Ritu,Shah,F,1985-03-26,Lucknow,Uttar Pradesh,993415,user1664@email.com,9140166847,Bronze,2021-10-10
CUS01665,Tara,Mishra,M,1982-09-30,Bengaluru,Karnataka,756359,user1665@email.com,9200170301,Platinum,2024-12-04
CUS01666,Prakash,Nair,F,1971-05-19,Chennai,Tamil Nadu,785999,user1666@email.com,9251250089,Gold,2020-04-17
CUS01667,Suresh,Kapoor,Other,1988-07-10,Bengaluru,Karnataka,738309,user1667@email.com,9799429965,Silver,2021-11-20
CUS01668,Kiran,Mishra,F,1992-03-23,Chandigarh,Punjab,455488,user1668@email.com,9412288779,Bronze,2023-12-28
CUS01669,Nisha,Patel,F,1986-11-02,Bhopal,Madhya Pradesh,911781,user1669@email.com,9833229811,Bronze,2024-12-18
CUS01670,Swathi,Pandey,M,1988-10-06,Chennai,Tamil Nadu,259804,user1670@email.com,9708705165,Silver,2023-09-26
CUS01671,Sneha,Sharma,M,1974-01-30,Ahmedabad,Gujarat,424578,user1671@email.com,9687482857,Gold,2020-07-15
CUS01672,Ritu,Singh,F,1980-10-02,Chandigarh,Punjab,576900,user1672@email.com,9436852895,Bronze,2024-08-15
CUS01673,Ananya,Singh,M,1989-05-06,Kolkata,West Bengal,480977,user1673@email.com,9479426514,Bronze,2021-01-08
CUS01674,Mohan,Mishra,M,1971-08-05,Bengaluru,Karnataka,596250,user1674@email.com,9374906146,Gold,2021-01-01
CUS01675,Dev,Reddy,F,1993-05-31,Ahmedabad,Gujarat,696360,user1675@email.com,9624264108,Bronze,2024-06-03
CUS01676,Divya,Shah,M,1976-02-17,Bhopal,Madhya Pradesh,749785,user1676@email.com,9830772348,Bronze,2021-07-18
CUS01677,Suresh,Pandey,Other,1981-06-27,Hyderabad,Telangana,491835,user1677@email.com,9189647293,Silver,2021-12-31
CUS01678,Amit,Gupta,F,1990-05-01,Jaipur,Rajasthan,815711,user1678@email.com,9145822547,Silver,2024-10-12
CUS01679,Priya,Iyer,F,1986-09-28,Surat,Gujarat,688041,user1679@email.com,9108528676,Bronze,2023-11-20
CUS01680,Divya,Shah,M,1982-09-06,Delhi,Delhi,518675,user1680@email.com,9178360259,Bronze,2023-12-17
CUS01681,Amit,Singh,M,1979-01-30,Bhopal,Madhya Pradesh,591246,user1681@email.com,9789862456,Silver,2023-09-18
CUS01682,Amit,Kumar,M,1979-03-04,Bhopal,Madhya Pradesh,867324,user1682@email.com,9216338130,Platinum,2024-07-03
CUS01683,Sanjay,Agarwal,M,1988-09-12,Nagpur,Maharashtra,444688,user1683@email.com,9169225783,Bronze,2020-09-05
CUS01684,Isha,Nair,F,1983-11-11,Lucknow,Uttar Pradesh,599352,user1684@email.com,9222757072,Bronze,2023-12-07
CUS01685,Kavya,Reddy,F,1993-07-17,Mumbai,Maharashtra,252582,user1685@email.com,9787427108,Bronze,2022-01-21
CUS01686,Priya,Pandey,F,1973-06-15,Lucknow,Uttar Pradesh,165431,user1686@email.com,9968156321,Bronze,2023-10-13
CUS01687,Isha,Nair,M,1996-09-25,Pune,Maharashtra,124057,user1687@email.com,9914558145,Silver,2021-04-04
CUS01688,Arjun,Joshi,M,1979-11-10,Kolkata,West Bengal,172623,user1688@email.com,9394103594,Silver,2021-09-19
CUS01689,Neha,Mishra,F,1984-08-21,Kolkata,West Bengal,650269,user1689@email.com,9329893386,Silver,2022-04-13
CUS01690,Ananya,Patel,M,1992-09-05,Kolkata,West Bengal,549350,user1690@email.com,9467240263,Platinum,2021-04-09
CUS01691,Ananya,Nair,M,1994-08-19,Kolkata,West Bengal,539459,user1691@email.com,9617141182,Silver,2024-12-13
CUS01692,Ritu,Joshi,Other,1979-05-17,Kochi,Kerala,558001,user1692@email.com,9480848036,Platinum,2021-12-29
CUS01693,Sanjay,Sharma,F,1981-03-10,Lucknow,Uttar Pradesh,726134,user1693@email.com,9313202153,Bronze,2021-09-03
CUS01694,Rajesh,Pandey,M,1986-06-29,Surat,Gujarat,796320,user1694@email.com,9984230489,Platinum,2023-09-25
CUS01695,Varun,Rao,M,1997-12-24,Kochi,Kerala,580938,user1695@email.com,9258362512,Silver,2022-06-12
CUS01696,Sneha,Agarwal,M,1995-08-23,Hyderabad,Telangana,857371,user1696@email.com,9103948031,Platinum,2023-07-07
CUS01697,Neha,Reddy,F,1986-12-14,Bhopal,Madhya Pradesh,769952,user1697@email.com,9721027598,Bronze,2021-08-03
CUS01698,Lata,Nair,M,1992-09-16,Chennai,Tamil Nadu,672612,user1698@email.com,9931488913,Bronze,2022-10-28
CUS01699,Rahul,Pillai,M,1989-05-29,Pune,Maharashtra,300444,user1699@email.com,9829745265,Silver,2022-01-20
CUS01700,Meera,Pillai,M,1971-08-15,Mumbai,Maharashtra,421876,user1700@email.com,9639109879,Gold,2024-07-17
CUS01701,Mohan,Bose,F,1996-10-06,Delhi,Delhi,578148,user1701@email.com,9544586800,Silver,2024-01-04
CUS01702,Varun,Verma,M,1982-03-21,Hyderabad,Telangana,902245,user1702@email.com,9460591086,Bronze,2023-06-19
CUS01703,Amit,Agarwal,M,1972-05-06,Bengaluru,Karnataka,679604,user1703@email.com,9738760216,Bronze,2022-11-01
CUS01704,Sanjay,Mehta,F,1987-07-19,Pune,Maharashtra,821997,user1704@email.com,9830447058,Silver,2021-08-14
CUS01705,Mohan,Pandey,F,1970-11-30,Kolkata,West Bengal,998626,user1705@email.com,9206542097,Platinum,2023-10-29
CUS01706,Varun,Kumar,M,1988-06-29,Chandigarh,Punjab,117224,user1706@email.com,9761704528,Platinum,2021-04-02
CUS01707,Isha,Pandey,F,1975-09-05,Delhi,Delhi,204545,user1707@email.com,9780242454,Silver,2024-09-17
CUS01708,Ritu,Patel,F,1983-01-24,Lucknow,Uttar Pradesh,993077,user1708@email.com,9551659683,Bronze,2024-09-17
CUS01709,Amit,Verma,M,1984-05-25,Chandigarh,Punjab,305059,user1709@email.com,9604201501,Platinum,2024-03-25
CUS01710,Ritu,Mishra,M,1985-08-06,Hyderabad,Telangana,960270,user1710@email.com,9792412526,Gold,2023-12-23
CUS01711,Sanjay,Sharma,F,1999-08-28,Kochi,Kerala,920192,user1711@email.com,9340450094,Silver,2022-05-30
CUS01712,Prakash,Gupta,M,1978-02-15,Kolkata,West Bengal,933762,user1712@email.com,9545298475,Silver,2022-03-31
CUS01713,Prakash,Agarwal,M,1984-04-29,Mumbai,Maharashtra,127521,user1713@email.com,9264685524,Gold,2020-02-08
CUS01714,Varun,Kapoor,F,1992-10-11,Bhopal,Madhya Pradesh,729088,user1714@email.com,9440881854,Bronze,2022-02-12
CUS01715,Nisha,Iyer,F,2000-03-20,Lucknow,Uttar Pradesh,510373,user1715@email.com,9306867533,Silver,2023-09-30
CUS01716,Varun,Patel,F,2000-12-15,Pune,Maharashtra,705923,user1716@email.com,9560745246,Bronze,2020-09-28
CUS01717,Sanjay,Joshi,M,1974-05-06,Surat,Gujarat,433578,user1717@email.com,9655422035,Bronze,2023-08-11
CUS01718,Sneha,Reddy,F,1988-06-25,Chennai,Tamil Nadu,762113,user1718@email.com,9719477895,Gold,2021-04-02
CUS01719,Ajay,Gupta,F,1983-07-08,Bhopal,Madhya Pradesh,266779,user1719@email.com,9446179340,Bronze,2022-11-28
CUS01720,Aarav,Agarwal,M,1974-03-19,Delhi,Delhi,907437,user1720@email.com,9737038349,Bronze,2021-10-07
CUS01721,Mohan,Verma,F,1992-05-04,Lucknow,Uttar Pradesh,182598,user1721@email.com,9713958957,Bronze,2024-10-07
CUS01722,Lata,Reddy,Other,1989-10-17,Kochi,Kerala,765282,user1722@email.com,9778069884,Gold,2023-03-06
CUS01723,Pooja,Iyer,M,1978-08-09,Bengaluru,Karnataka,661425,user1723@email.com,9363339926,Gold,2020-11-04
CUS01724,Ritu,Shah,F,1990-01-06,Chandigarh,Punjab,791281,user1724@email.com,9155564923,Bronze,2022-11-11
CUS01725,Vikram,Sharma,F,1975-05-05,Nagpur,Maharashtra,707497,user1725@email.com,9211045552,Bronze,2020-09-07
CUS01726,Swathi,Kumar,M,1990-06-05,Nagpur,Maharashtra,396183,user1726@email.com,9381314639,Gold,2023-02-16
CUS01727,Rohan,Bose,F,1985-10-22,Delhi,Delhi,979037,user1727@email.com,9323308727,Bronze,2022-07-04
CUS01728,Ritu,Sharma,M,1986-12-27,Ahmedabad,Gujarat,610150,user1728@email.com,9771821748,Bronze,2020-03-13
CUS01729,Nisha,Shah,F,2000-06-27,Surat,Gujarat,764327,user1729@email.com,9584127135,Gold,2021-10-28
CUS01730,Divya,Sharma,F,1996-06-03,Bengaluru,Karnataka,791710,user1730@email.com,9709127131,Silver,2021-12-07
CUS01731,Priya,Kumar,Other,1976-03-05,Bhopal,Madhya Pradesh,463629,user1731@email.com,9619595468,Platinum,2023-07-01
CUS01732,Kavya,Sharma,M,1975-03-25,Lucknow,Uttar Pradesh,877725,user1732@email.com,9373268387,Platinum,2023-03-20
CUS01733,Swathi,Sharma,F,1990-08-19,Chennai,Tamil Nadu,643157,user1733@email.com,9649481705,Gold,2021-12-20
CUS01734,Neha,Pillai,M,1974-03-18,Chennai,Tamil Nadu,327496,user1734@email.com,9131672825,Bronze,2021-06-06
CUS01735,Rohan,Reddy,M,2000-01-17,Chennai,Tamil Nadu,604967,user1735@email.com,9313929666,Platinum,2023-10-18
CUS01736,Mohan,Verma,F,1973-03-16,Hyderabad,Telangana,589730,user1736@email.com,9900146448,Gold,2023-12-19
CUS01737,Suresh,Shah,F,1977-04-24,Pune,Maharashtra,362241,user1737@email.com,9285713869,Bronze,2024-05-22
CUS01738,Prakash,Gupta,Other,1975-09-05,Bhopal,Madhya Pradesh,207892,user1738@email.com,9726687538,Gold,2021-08-14
CUS01739,Divya,Joshi,F,1981-05-21,Lucknow,Uttar Pradesh,857135,user1739@email.com,9623805398,Silver,2023-07-18
CUS01740,Nisha,Pandey,F,1995-12-02,Ahmedabad,Gujarat,955524,user1740@email.com,9442253799,Silver,2021-12-12
CUS01741,Sanjay,Agarwal,M,1971-04-10,Lucknow,Uttar Pradesh,470058,user1741@email.com,9501537013,Gold,2022-12-05
CUS01742,Rohan,Mishra,M,1996-06-27,Bhopal,Madhya Pradesh,135399,user1742@email.com,9649065195,Bronze,2021-01-05
CUS01743,Divya,Pandey,F,1982-08-01,Pune,Maharashtra,776434,user1743@email.com,9669618090,Bronze,2022-10-03
CUS01744,Sneha,Joshi,F,1999-06-16,Mumbai,Maharashtra,550244,user1744@email.com,9949218518,Bronze,2022-06-23
CUS01745,Rohan,Nair,F,1977-11-08,Chennai,Tamil Nadu,490032,user1745@email.com,9255735166,Gold,2024-09-24
CUS01746,Aarav,Rao,F,1992-06-28,Delhi,Delhi,851622,user1746@email.com,9453120816,Bronze,2022-06-12
CUS01747,Ritu,Rao,F,1981-04-18,Lucknow,Uttar Pradesh,688922,user1747@email.com,9171119440,Bronze,2021-12-06
CUS01748,Rahul,Kapoor,M,1996-05-29,Lucknow,Uttar Pradesh,688207,user1748@email.com,9398552270,Gold,2023-06-22
CUS01749,Ritu,Singh,F,1987-03-08,Nagpur,Maharashtra,777663,user1749@email.com,9552850761,Silver,2020-07-30
CUS01750,Kiran,Rao,M,1998-03-20,Pune,Maharashtra,152072,user1750@email.com,9961919613,Silver,2023-08-24
CUS01751,Arjun,Agarwal,M,1974-05-30,Mumbai,Maharashtra,574779,user1751@email.com,9283759887,Silver,2020-09-21
CUS01752,Sanjay,Iyer,F,1976-11-14,Lucknow,Uttar Pradesh,398882,user1752@email.com,9119151578,Silver,2021-10-24
CUS01753,Rajesh,Sharma,F,1979-06-11,Bhopal,Madhya Pradesh,398179,user1753@email.com,9240722504,Gold,2023-04-05
CUS01754,Priya,Verma,F,1997-05-26,Pune,Maharashtra,141020,user1754@email.com,9462269610,Silver,2022-09-28
CUS01755,Isha,Kumar,F,1990-02-21,Delhi,Delhi,535241,user1755@email.com,9876587717,Bronze,2023-03-08
CUS01756,Ajay,Pillai,M,1975-11-09,Hyderabad,Telangana,683480,user1756@email.com,9931734840,Bronze,2024-05-06
CUS01757,Priya,Shah,M,2000-12-30,Lucknow,Uttar Pradesh,576663,user1757@email.com,9629716164,Gold,2021-01-01
CUS01758,Sneha,Pillai,F,1999-02-17,Nagpur,Maharashtra,207734,user1758@email.com,9131447949,Bronze,2024-02-25
CUS01759,Aarav,Reddy,M,1991-09-14,Bhopal,Madhya Pradesh,438542,user1759@email.com,9838303704,Gold,2024-12-25
CUS01760,Ananya,Singh,M,2000-03-26,Chennai,Tamil Nadu,951739,user1760@email.com,9496081382,Gold,2024-07-17
CUS01761,Aarav,Patel,M,1998-05-16,Jaipur,Rajasthan,923073,user1761@email.com,9146252698,Bronze,2020-10-07
CUS01762,Rohan,Gupta,M,1975-07-07,Kolkata,West Bengal,742515,user1762@email.com,9950003908,Gold,2023-07-04
CUS01763,Mohan,Joshi,F,1999-07-04,Kolkata,West Bengal,711795,user1763@email.com,9594666160,Bronze,2020-04-13
CUS01764,Neha,Reddy,F,1974-09-10,Hyderabad,Telangana,991450,user1764@email.com,9543770966,Silver,2020-11-21
CUS01765,Sneha,Kapoor,F,1999-11-21,Surat,Gujarat,705956,user1765@email.com,9613170015,Silver,2023-03-28
CUS01766,Kiran,Bose,M,1997-02-05,Kolkata,West Bengal,376626,user1766@email.com,9922703112,Bronze,2023-06-05
CUS01767,Meera,Verma,F,1971-10-04,Delhi,Delhi,354149,user1767@email.com,9808112095,Silver,2024-03-29
CUS01768,Rahul,Singh,M,1970-08-18,Bhopal,Madhya Pradesh,618631,user1768@email.com,9164711124,Bronze,2023-07-27
CUS01769,Rahul,Mishra,F,1977-02-20,Surat,Gujarat,297045,user1769@email.com,9623605451,Bronze,2020-01-17
CUS01770,Varun,Tiwari,F,1974-11-14,Chennai,Tamil Nadu,638891,user1770@email.com,9436466691,Gold,2023-01-20
CUS01771,Mohan,Mishra,F,1997-08-29,Kolkata,West Bengal,988990,user1771@email.com,9641715005,Bronze,2020-01-11
CUS01772,Pooja,Pillai,M,1971-08-10,Bengaluru,Karnataka,574409,user1772@email.com,9766233236,Silver,2020-07-04
CUS01773,Sanjay,Nair,M,1988-08-01,Chandigarh,Punjab,543646,user1773@email.com,9276304457,Silver,2021-07-14
CUS01774,Rajesh,Kumar,M,1992-12-18,Bhopal,Madhya Pradesh,212379,user1774@email.com,9899965574,Bronze,2022-01-04
CUS01775,Prakash,Mishra,M,2000-09-20,Mumbai,Maharashtra,129974,user1775@email.com,9611359256,Silver,2022-08-24
CUS01776,Meera,Gupta,M,1998-01-13,Ahmedabad,Gujarat,677035,user1776@email.com,9190266007,Bronze,2024-06-07
CUS01777,Vikram,Shah,F,1996-04-30,Chennai,Tamil Nadu,632599,user1777@email.com,9458350064,Bronze,2022-01-16
CUS01778,Meera,Kumar,M,1983-11-25,Kolkata,West Bengal,501103,user1778@email.com,9885980740,Platinum,2021-12-23
CUS01779,Divya,Nair,M,1982-06-10,Chennai,Tamil Nadu,722905,user1779@email.com,9396272962,Silver,2021-07-02
CUS01780,Suresh,Agarwal,M,1977-09-14,Ahmedabad,Gujarat,152294,user1780@email.com,9794007506,Bronze,2022-07-10
CUS01781,Pooja,Kumar,M,2000-10-28,Delhi,Delhi,137421,user1781@email.com,9717649055,Bronze,2021-10-06
CUS01782,Kavya,Kumar,M,1984-11-14,Delhi,Delhi,750348,user1782@email.com,9851095587,Gold,2020-06-06
CUS01783,Sanjay,Kumar,M,1995-09-29,Pune,Maharashtra,964098,user1783@email.com,9842689810,Bronze,2022-01-25
CUS01784,Ananya,Nair,M,1983-03-14,Chennai,Tamil Nadu,401982,user1784@email.com,9857904261,Silver,2022-06-18
CUS01785,Aarav,Kumar,M,1978-07-02,Kochi,Kerala,834497,user1785@email.com,9767994493,Silver,2021-02-24
CUS01786,Neha,Iyer,M,1970-10-28,Kolkata,West Bengal,814544,user1786@email.com,9174576347,Bronze,2021-06-21
CUS01787,Prakash,Mishra,M,1974-03-11,Hyderabad,Telangana,113353,user1787@email.com,9815145748,Silver,2021-06-02
CUS01788,Aarav,Joshi,Other,2000-02-25,Hyderabad,Telangana,180716,user1788@email.com,9283314690,Silver,2020-03-20
CUS01789,Aarav,Pandey,M,2000-01-17,Bhopal,Madhya Pradesh,596846,user1789@email.com,9726162060,Bronze,2022-08-08
CUS01790,Pooja,Bose,M,1971-09-19,Bhopal,Madhya Pradesh,958706,user1790@email.com,9118673248,Silver,2020-01-12
CUS01791,Varun,Iyer,F,1974-02-27,Kolkata,West Bengal,275431,user1791@email.com,9910667004,Bronze,2024-10-16
CUS01792,Sneha,Mehta,F,1986-08-12,Delhi,Delhi,451983,user1792@email.com,9585993109,Silver,2020-09-07
CUS01793,Kavya,Gupta,F,1973-09-15,Hyderabad,Telangana,365852,user1793@email.com,9491152693,Silver,2021-04-14
CUS01794,Meera,Mehta,F,1988-01-15,Bhopal,Madhya Pradesh,642985,user1794@email.com,9931641272,Silver,2022-08-25
CUS01795,Prakash,Pandey,F,1984-10-18,Bhopal,Madhya Pradesh,383049,user1795@email.com,9836355132,Silver,2020-12-28
CUS01796,Aarav,Reddy,Other,1977-05-30,Surat,Gujarat,997859,user1796@email.com,9336497651,Silver,2022-11-05
CUS01797,Meera,Bose,M,1973-11-30,Bengaluru,Karnataka,705640,user1797@email.com,9895656039,Silver,2023-02-27
CUS01798,Meera,Nair,F,1973-11-21,Pune,Maharashtra,303258,user1798@email.com,9505636313,Silver,2022-09-18
CUS01799,Prakash,Verma,F,1975-11-28,Kolkata,West Bengal,571093,user1799@email.com,9665761958,Bronze,2021-03-16
CUS01800,Tara,Pillai,F,1997-04-23,Nagpur,Maharashtra,510020,user1800@email.com,9732592673,Silver,2022-03-04
CUS01801,Divya,Nair,M,1982-03-23,Kolkata,West Bengal,645341,user1801@email.com,9853590274,Bronze,2020-04-25
CUS01802,Sneha,Agarwal,F,1971-12-13,Lucknow,Uttar Pradesh,694188,user1802@email.com,9950967842,Gold,2023-12-26
CUS01803,Sneha,Sharma,F,1981-06-14,Kolkata,West Bengal,818826,user1803@email.com,9257980803,Silver,2021-01-28
CUS01804,Suresh,Mehta,F,1979-05-25,Bengaluru,Karnataka,796590,user1804@email.com,9274597751,Bronze,2022-06-06
CUS01805,Rohan,Mehta,M,1970-10-09,Kolkata,West Bengal,142942,user1805@email.com,9333351264,Bronze,2020-06-19
CUS01806,Sneha,Patel,F,1995-06-19,Lucknow,Uttar Pradesh,105337,user1806@email.com,9562055622,Bronze,2022-07-29
CUS01807,Aarav,Patel,M,1979-10-16,Bhopal,Madhya Pradesh,467230,user1807@email.com,9404154049,Gold,2024-07-25
CUS01808,Tara,Verma,M,1978-01-21,Jaipur,Rajasthan,190181,user1808@email.com,9865789553,Bronze,2022-03-12
CUS01809,Rahul,Agarwal,F,1988-04-18,Kochi,Kerala,184638,user1809@email.com,9412246300,Bronze,2024-07-19
CUS01810,Geeta,Pillai,M,1997-03-23,Ahmedabad,Gujarat,811459,user1810@email.com,9784021486,Bronze,2023-07-21
CUS01811,Prakash,Kumar,F,1990-04-17,Pune,Maharashtra,416693,user1811@email.com,9741065526,Bronze,2024-11-07
CUS01812,Nisha,Rao,F,1980-07-26,Lucknow,Uttar Pradesh,245936,user1812@email.com,9833710528,Gold,2024-02-16
CUS01813,Vikram,Agarwal,F,1991-06-11,Kolkata,West Bengal,415686,user1813@email.com,9427487069,Bronze,2024-05-15
CUS01814,Geeta,Mishra,F,1973-05-02,Lucknow,Uttar Pradesh,494228,user1814@email.com,9940101757,Gold,2020-06-23
CUS01815,Sneha,Reddy,F,1977-08-22,Pune,Maharashtra,827851,user1815@email.com,9436360856,Silver,2024-12-10
CUS01816,Mohan,Pillai,F,1976-09-08,Surat,Gujarat,548443,user1816@email.com,9600956992,Silver,2020-12-18
CUS01817,Amit,Sharma,F,1977-12-04,Pune,Maharashtra,127705,user1817@email.com,9923312698,Silver,2021-12-23
CUS01818,Vikram,Pandey,F,1996-11-27,Chandigarh,Punjab,924843,user1818@email.com,9360538788,Silver,2021-05-24
CUS01819,Vikram,Pandey,F,1979-11-04,Hyderabad,Telangana,693047,user1819@email.com,9414974851,Bronze,2020-10-29
CUS01820,Sanjay,Reddy,M,1997-12-01,Bhopal,Madhya Pradesh,106242,user1820@email.com,9596936109,Gold,2023-01-27
CUS01821,Suresh,Mishra,F,1986-03-10,Bhopal,Madhya Pradesh,188771,user1821@email.com,9158725903,Bronze,2021-12-14
CUS01822,Sneha,Rao,F,1985-05-15,Surat,Gujarat,961866,user1822@email.com,9412004592,Silver,2020-02-01
CUS01823,Kiran,Patel,M,1982-07-14,Kochi,Kerala,713015,user1823@email.com,9824145444,Silver,2022-08-31
CUS01824,Priya,Nair,F,1976-11-01,Kochi,Kerala,689351,user1824@email.com,9895024339,Platinum,2022-09-30
CUS01825,Pooja,Reddy,M,1979-12-03,Bengaluru,Karnataka,425992,user1825@email.com,9872172887,Platinum,2023-01-28
CUS01826,Ritu,Bose,F,1990-10-22,Mumbai,Maharashtra,310449,user1826@email.com,9223167705,Bronze,2023-03-19
CUS01827,Swathi,Kumar,F,1985-06-08,Bengaluru,Karnataka,359214,user1827@email.com,9319358643,Bronze,2024-03-21
CUS01828,Varun,Kapoor,M,1990-08-05,Mumbai,Maharashtra,158356,user1828@email.com,9230794015,Bronze,2023-09-20
CUS01829,Ananya,Iyer,F,1991-02-10,Ahmedabad,Gujarat,673276,user1829@email.com,9379464422,Gold,2022-03-14
CUS01830,Amit,Pandey,M,1991-04-01,Surat,Gujarat,253350,user1830@email.com,9783111510,Bronze,2022-12-30
CUS01831,Varun,Iyer,M,1979-09-25,Bengaluru,Karnataka,877691,user1831@email.com,9851220552,Silver,2022-10-28
CUS01832,Isha,Mehta,M,2000-10-26,Ahmedabad,Gujarat,204878,user1832@email.com,9732180317,Silver,2024-01-17
CUS01833,Arjun,Shah,M,2000-10-05,Surat,Gujarat,938708,user1833@email.com,9215250981,Silver,2022-02-08
CUS01834,Nisha,Reddy,M,1999-11-05,Bhopal,Madhya Pradesh,579285,user1834@email.com,9228984845,Silver,2024-07-31
CUS01835,Rajesh,Mehta,M,1984-02-01,Mumbai,Maharashtra,782017,user1835@email.com,9805653943,Silver,2023-09-10
CUS01836,Geeta,Pillai,Other,1984-09-03,Mumbai,Maharashtra,590636,user1836@email.com,9876385418,Silver,2023-02-08
CUS01837,Ananya,Pillai,F,1971-04-23,Mumbai,Maharashtra,627649,user1837@email.com,9326323450,Bronze,2020-01-18
CUS01838,Suresh,Shah,F,1988-11-14,Kochi,Kerala,282973,user1838@email.com,9804287932,Bronze,2024-05-24
CUS01839,Lata,Tiwari,M,1970-06-03,Surat,Gujarat,849923,user1839@email.com,9944709329,Bronze,2021-08-12
CUS01840,Ajay,Mehta,F,1997-10-04,Chandigarh,Punjab,171523,user1840@email.com,9792707365,Silver,2023-03-07
CUS01841,Swathi,Joshi,F,1979-09-21,Ahmedabad,Gujarat,631607,user1841@email.com,9932577261,Silver,2021-04-06
CUS01842,Vikram,Rao,F,1988-08-28,Kolkata,West Bengal,708934,user1842@email.com,9473764397,Silver,2023-07-30
CUS01843,Sanjay,Singh,M,1999-01-05,Bhopal,Madhya Pradesh,993419,user1843@email.com,9886921228,Bronze,2023-08-07
CUS01844,Tara,Kumar,F,1979-11-15,Delhi,Delhi,812321,user1844@email.com,9611544570,Bronze,2020-02-09
CUS01845,Ajay,Iyer,M,1972-09-29,Chennai,Tamil Nadu,282450,user1845@email.com,9881859239,Gold,2022-06-07
CUS01846,Nisha,Singh,M,1992-09-13,Chandigarh,Punjab,362651,user1846@email.com,9222915292,Bronze,2023-06-13
CUS01847,Rohan,Mishra,F,2000-01-12,Kochi,Kerala,735996,user1847@email.com,9777846827,Gold,2022-11-30
CUS01848,Ananya,Rao,M,1990-08-12,Nagpur,Maharashtra,571345,user1848@email.com,9505475993,Bronze,2024-07-29
CUS01849,Rajesh,Verma,M,1974-08-31,Surat,Gujarat,364760,user1849@email.com,9627317852,Silver,2020-12-13
CUS01850,Pooja,Nair,F,1988-03-19,Kolkata,West Bengal,555148,user1850@email.com,9973851617,Silver,2021-07-14
CUS01851,Rahul,Singh,F,1987-08-20,Chandigarh,Punjab,759675,user1851@email.com,9817966331,Bronze,2024-08-28
CUS01852,Ritu,Reddy,F,1977-05-24,Mumbai,Maharashtra,477027,user1852@email.com,9931490287,Silver,2022-12-07
CUS01853,Neha,Singh,M,1990-10-01,Jaipur,Rajasthan,815507,user1853@email.com,9883806954,Platinum,2020-09-09
CUS01854,Dev,Kapoor,F,1983-12-26,Kochi,Kerala,972837,user1854@email.com,9322774349,Silver,2020-01-07
CUS01855,Suresh,Pillai,M,1995-09-24,Ahmedabad,Gujarat,685836,user1855@email.com,9248040578,Gold,2021-07-07
CUS01856,Nisha,Shah,F,1974-06-30,Ahmedabad,Gujarat,696799,user1856@email.com,9183906278,Bronze,2023-09-30
CUS01857,Divya,Kumar,M,1973-07-24,Jaipur,Rajasthan,341773,user1857@email.com,9155275164,Silver,2024-03-20
CUS01858,Aarav,Iyer,F,1998-03-03,Hyderabad,Telangana,403978,user1858@email.com,9989217681,Bronze,2022-10-27
CUS01859,Meera,Singh,F,1978-07-14,Kochi,Kerala,265531,user1859@email.com,9409311735,Bronze,2022-10-29
CUS01860,Pooja,Kapoor,F,1982-02-28,Lucknow,Uttar Pradesh,624337,user1860@email.com,9435264420,Bronze,2024-01-04
CUS01861,Kavya,Kumar,F,1970-07-09,Mumbai,Maharashtra,375831,user1861@email.com,9801402523,Bronze,2023-10-17
CUS01862,Nisha,Gupta,M,1995-12-03,Hyderabad,Telangana,901883,user1862@email.com,9163771640,Bronze,2022-10-01
CUS01863,Varun,Rao,F,1979-01-08,Jaipur,Rajasthan,795558,user1863@email.com,9166924725,Bronze,2021-12-07
CUS01864,Ritu,Tiwari,F,1985-01-01,Delhi,Delhi,837244,user1864@email.com,9996578131,Gold,2020-09-02
CUS01865,Meera,Singh,F,1972-10-10,Mumbai,Maharashtra,727203,user1865@email.com,9893805940,Silver,2020-05-03
CUS01866,Prakash,Verma,F,1982-08-14,Delhi,Delhi,235753,user1866@email.com,9390456188,Gold,2020-02-12
CUS01867,Priya,Bose,F,1979-10-10,Delhi,Delhi,781927,user1867@email.com,9476086325,Silver,2024-05-19
CUS01868,Ritu,Iyer,M,1989-04-23,Kolkata,West Bengal,158045,user1868@email.com,9128297197,Gold,2020-09-29
CUS01869,Rahul,Verma,F,1995-01-07,Chandigarh,Punjab,497817,user1869@email.com,9832228806,Silver,2024-10-03
CUS01870,Kavya,Bose,M,1987-04-30,Mumbai,Maharashtra,902875,user1870@email.com,9505045274,Silver,2020-04-25
CUS01871,Mohan,Agarwal,F,1995-05-12,Pune,Maharashtra,221197,user1871@email.com,9570248300,Bronze,2023-08-14
CUS01872,Prakash,Pillai,M,1993-11-02,Lucknow,Uttar Pradesh,459793,user1872@email.com,9568714963,Platinum,2023-08-24
CUS01873,Pooja,Singh,F,1985-10-16,Chennai,Tamil Nadu,338158,user1873@email.com,9543525682,Gold,2020-04-15
CUS01874,Ritu,Verma,F,1988-09-25,Nagpur,Maharashtra,940713,user1874@email.com,9115997204,Gold,2021-01-18
CUS01875,Varun,Patel,M,1982-10-30,Chennai,Tamil Nadu,232871,user1875@email.com,9570895797,Bronze,2022-03-24
CUS01876,Kiran,Pillai,F,1993-12-07,Mumbai,Maharashtra,356108,user1876@email.com,9413975774,Bronze,2020-08-04
CUS01877,Isha,Kumar,F,1988-12-07,Pune,Maharashtra,180088,user1877@email.com,9368648974,Platinum,2020-07-29
CUS01878,Isha,Pillai,F,1998-12-30,Chennai,Tamil Nadu,330987,user1878@email.com,9576249422,Gold,2020-01-26
CUS01879,Ajay,Verma,M,1992-08-24,Hyderabad,Telangana,785395,user1879@email.com,9362213975,Silver,2023-11-20
CUS01880,Kiran,Verma,F,1973-11-14,Kolkata,West Bengal,156620,user1880@email.com,9472196982,Platinum,2021-07-02
CUS01881,Swathi,Bose,M,1987-08-22,Kochi,Kerala,313442,user1881@email.com,9247243809,Gold,2021-10-21
CUS01882,Pooja,Mehta,F,1993-12-20,Jaipur,Rajasthan,321007,user1882@email.com,9231799713,Bronze,2022-01-17
CUS01883,Ritu,Reddy,M,1996-05-26,Bhopal,Madhya Pradesh,346525,user1883@email.com,9849838945,Silver,2022-07-31
CUS01884,Amit,Kumar,M,1984-05-04,Chandigarh,Punjab,976950,user1884@email.com,9136245424,Bronze,2024-04-30
CUS01885,Sanjay,Mehta,F,1988-04-14,Lucknow,Uttar Pradesh,188597,user1885@email.com,9164123910,Bronze,2022-08-09
CUS01886,Sanjay,Bose,M,1976-07-23,Lucknow,Uttar Pradesh,501172,user1886@email.com,9513029019,Silver,2022-08-17
CUS01887,Rahul,Shah,M,1988-05-22,Chennai,Tamil Nadu,552025,user1887@email.com,9671758865,Bronze,2020-01-20
CUS01888,Priya,Verma,F,1985-10-06,Kolkata,West Bengal,127254,user1888@email.com,9753628836,Gold,2022-10-01
CUS01889,Geeta,Gupta,F,1985-02-07,Hyderabad,Telangana,719665,user1889@email.com,9332512511,Gold,2022-11-28
CUS01890,Lata,Pandey,M,1988-04-18,Hyderabad,Telangana,548317,user1890@email.com,9940323966,Gold,2022-10-30
CUS01891,Ajay,Patel,F,1986-04-22,Kochi,Kerala,680170,user1891@email.com,9516730543,Platinum,2020-05-23
CUS01892,Tara,Mehta,F,1977-02-15,Nagpur,Maharashtra,660737,user1892@email.com,9597682057,Silver,2022-05-23
CUS01893,Rajesh,Kapoor,M,1995-04-27,Kochi,Kerala,499812,user1893@email.com,9601794417,Gold,2021-04-26
CUS01894,Pooja,Reddy,F,1992-07-25,Nagpur,Maharashtra,394335,user1894@email.com,9958552071,Silver,2024-05-17
CUS01895,Rohan,Iyer,F,1998-11-08,Kolkata,West Bengal,410194,user1895@email.com,9462422604,Silver,2024-05-27
CUS01896,Swathi,Gupta,M,1986-04-20,Mumbai,Maharashtra,791252,user1896@email.com,9368986577,Gold,2024-09-25
CUS01897,Ajay,Pandey,M,1987-09-19,Chandigarh,Punjab,421802,user1897@email.com,9710358959,Silver,2023-02-03
CUS01898,Arjun,Joshi,M,1999-05-13,Bhopal,Madhya Pradesh,118105,user1898@email.com,9572348993,Bronze,2020-07-18
CUS01899,Meera,Bose,F,1984-08-31,Mumbai,Maharashtra,683646,user1899@email.com,9333906600,Silver,2024-11-21
CUS01900,Rohan,Gupta,F,1976-03-01,Lucknow,Uttar Pradesh,678235,user1900@email.com,9437183417,Platinum,2022-09-08
CUS01901,Ananya,Gupta,F,1988-08-04,Ahmedabad,Gujarat,389558,user1901@email.com,9378679814,Gold,2023-08-17
CUS01902,Pooja,Joshi,M,1987-02-10,Bengaluru,Karnataka,747966,user1902@email.com,9804351176,Bronze,2020-06-04
CUS01903,Dev,Patel,M,2000-07-26,Delhi,Delhi,631333,user1903@email.com,9572778060,Silver,2022-09-12
CUS01904,Kavya,Iyer,M,1977-02-07,Mumbai,Maharashtra,849259,user1904@email.com,9378157917,Platinum,2022-09-27
CUS01905,Tara,Pillai,F,1994-10-18,Mumbai,Maharashtra,146906,user1905@email.com,9744866619,Bronze,2023-07-01
CUS01906,Rohan,Kapoor,M,1999-09-10,Delhi,Delhi,635859,user1906@email.com,9183161545,Bronze,2021-08-05
CUS01907,Rajesh,Pillai,F,1980-10-10,Hyderabad,Telangana,814097,user1907@email.com,9546644034,Bronze,2022-01-26
CUS01908,Prakash,Mehta,M,1981-08-13,Pune,Maharashtra,442402,user1908@email.com,9751725570,Gold,2021-06-21
CUS01909,Nisha,Pillai,F,1985-03-06,Hyderabad,Telangana,408347,user1909@email.com,9767777623,Bronze,2024-05-10
CUS01910,Priya,Mehta,F,1972-02-28,Hyderabad,Telangana,719946,user1910@email.com,9127418311,Bronze,2022-05-24
CUS01911,Ritu,Rao,F,1983-08-05,Chennai,Tamil Nadu,918805,user1911@email.com,9896763052,Silver,2023-02-16
CUS01912,Mohan,Pillai,F,1995-08-05,Lucknow,Uttar Pradesh,497242,user1912@email.com,9991986075,Silver,2021-12-31
CUS01913,Lata,Reddy,M,1987-07-28,Surat,Gujarat,780748,user1913@email.com,9184229641,Platinum,2024-11-27
CUS01914,Pooja,Tiwari,F,1981-11-20,Nagpur,Maharashtra,702343,user1914@email.com,9776805644,Silver,2023-07-04
CUS01915,Kavya,Kumar,F,1972-08-18,Pune,Maharashtra,653392,user1915@email.com,9957066684,Bronze,2022-12-23
CUS01916,Tara,Kapoor,F,1986-12-05,Ahmedabad,Gujarat,432335,user1916@email.com,9389032747,Bronze,2021-07-18
CUS01917,Divya,Iyer,M,1992-04-09,Lucknow,Uttar Pradesh,937818,user1917@email.com,9924250832,Platinum,2024-04-10
CUS01918,Amit,Rao,F,1990-12-31,Chennai,Tamil Nadu,221023,user1918@email.com,9844181609,Bronze,2022-05-31
CUS01919,Prakash,Agarwal,M,1974-03-18,Kochi,Kerala,469082,user1919@email.com,9701786256,Silver,2024-03-24
CUS01920,Meera,Bose,F,1982-12-13,Nagpur,Maharashtra,570777,user1920@email.com,9944287643,Silver,2022-04-08
CUS01921,Varun,Reddy,F,1971-05-09,Lucknow,Uttar Pradesh,356842,user1921@email.com,9933704981,Platinum,2023-08-15
CUS01922,Rajesh,Reddy,F,1987-05-17,Surat,Gujarat,934515,user1922@email.com,9408040624,Bronze,2023-07-16
CUS01923,Rohan,Agarwal,M,1975-09-02,Delhi,Delhi,255607,user1923@email.com,9718487909,Silver,2022-08-04
CUS01924,Ajay,Nair,F,1990-02-04,Nagpur,Maharashtra,576126,user1924@email.com,9116656158,Bronze,2021-09-03
CUS01925,Arjun,Verma,F,1978-06-03,Pune,Maharashtra,592684,user1925@email.com,9897633403,Bronze,2022-05-15
CUS01926,Priya,Agarwal,M,1973-04-07,Bhopal,Madhya Pradesh,275044,user1926@email.com,9178398946,Bronze,2022-05-07
CUS01927,Suresh,Shah,F,1973-02-13,Bhopal,Madhya Pradesh,471581,user1927@email.com,9236851601,Silver,2024-05-24
CUS01928,Pooja,Mehta,M,1972-11-24,Jaipur,Rajasthan,964776,user1928@email.com,9461464967,Silver,2020-11-20
CUS01929,Sneha,Patel,M,2000-10-05,Lucknow,Uttar Pradesh,472200,user1929@email.com,9581997700,Platinum,2020-01-28
CUS01930,Amit,Agarwal,M,1980-04-03,Surat,Gujarat,600281,user1930@email.com,9851741358,Bronze,2022-04-22
CUS01931,Lata,Tiwari,F,1980-05-25,Bengaluru,Karnataka,634117,user1931@email.com,9189968284,Bronze,2022-09-29
CUS01932,Rajesh,Tiwari,M,1988-01-17,Mumbai,Maharashtra,780950,user1932@email.com,9586971074,Bronze,2022-02-13
CUS01933,Ananya,Kapoor,F,1995-04-01,Ahmedabad,Gujarat,392866,user1933@email.com,9930009221,Bronze,2022-05-22
CUS01934,Isha,Rao,M,1981-03-05,Kolkata,West Bengal,642824,user1934@email.com,9663922382,Silver,2023-12-27
CUS01935,Geeta,Agarwal,M,1973-02-24,Bhopal,Madhya Pradesh,502724,user1935@email.com,9442070847,Gold,2022-06-11
CUS01936,Priya,Nair,M,2000-05-21,Bengaluru,Karnataka,391772,user1936@email.com,9717549533,Gold,2024-11-04
CUS01937,Sneha,Pillai,M,1989-04-22,Hyderabad,Telangana,224309,user1937@email.com,9409069241,Bronze,2021-02-09
CUS01938,Pooja,Joshi,M,1970-03-09,Ahmedabad,Gujarat,372031,user1938@email.com,9750870273,Gold,2020-10-05
CUS01939,Pooja,Gupta,M,1976-10-11,Nagpur,Maharashtra,316890,user1939@email.com,9692880978,Gold,2022-12-02
CUS01940,Ananya,Sharma,F,1976-08-02,Chandigarh,Punjab,141675,user1940@email.com,9679637778,Silver,2024-12-29
CUS01941,Aarav,Bose,F,1987-08-05,Chennai,Tamil Nadu,127029,user1941@email.com,9496791155,Bronze,2024-09-14
CUS01942,Nisha,Mishra,F,1993-11-24,Lucknow,Uttar Pradesh,971406,user1942@email.com,9587317059,Bronze,2023-03-18
CUS01943,Mohan,Kumar,M,1976-05-23,Delhi,Delhi,553263,user1943@email.com,9629629113,Bronze,2023-03-17
CUS01944,Vikram,Gupta,F,1980-11-09,Bhopal,Madhya Pradesh,222119,user1944@email.com,9479805207,Gold,2024-07-08
CUS01945,Ritu,Iyer,F,1984-06-12,Kochi,Kerala,443005,user1945@email.com,9268284543,Silver,2024-02-19
CUS01946,Amit,Kapoor,F,1975-08-08,Kolkata,West Bengal,177687,user1946@email.com,9858931242,Silver,2022-10-15
CUS01947,Geeta,Patel,M,1998-03-09,Nagpur,Maharashtra,839354,user1947@email.com,9952762961,Silver,2023-02-17
CUS01948,Varun,Verma,F,1990-09-25,Chennai,Tamil Nadu,756493,user1948@email.com,9138264060,Platinum,2023-04-30
CUS01949,Aarav,Iyer,M,1978-12-10,Surat,Gujarat,494483,user1949@email.com,9336448207,Silver,2023-01-30
CUS01950,Isha,Reddy,F,1995-07-03,Kolkata,West Bengal,296193,user1950@email.com,9887654788,Silver,2024-11-19
CUS01951,Rahul,Singh,Other,1978-02-16,Bengaluru,Karnataka,998794,user1951@email.com,9876619853,Gold,2024-12-09
CUS01952,Nisha,Singh,F,1993-05-12,Mumbai,Maharashtra,740907,user1952@email.com,9323925607,Gold,2022-09-06
CUS01953,Nisha,Gupta,F,1998-04-13,Mumbai,Maharashtra,761679,user1953@email.com,9726956729,Bronze,2020-09-16
CUS01954,Isha,Kapoor,F,1974-10-16,Hyderabad,Telangana,288811,user1954@email.com,9422230529,Gold,2024-03-07
CUS01955,Divya,Bose,F,1990-07-19,Nagpur,Maharashtra,760631,user1955@email.com,9521132336,Silver,2022-08-31
CUS01956,Isha,Mehta,M,1998-12-16,Jaipur,Rajasthan,217825,user1956@email.com,9910633311,Gold,2021-10-13
CUS01957,Amit,Rao,M,1973-08-31,Pune,Maharashtra,545503,user1957@email.com,9224359899,Bronze,2022-05-18
CUS01958,Tara,Kumar,M,2000-09-03,Hyderabad,Telangana,517426,user1958@email.com,9856793425,Bronze,2021-02-18
CUS01959,Isha,Bose,F,1986-04-19,Nagpur,Maharashtra,820604,user1959@email.com,9352179050,Bronze,2022-02-24
CUS01960,Suresh,Nair,F,1989-11-18,Kolkata,West Bengal,920854,user1960@email.com,9539166656,Bronze,2024-09-20
CUS01961,Kiran,Gupta,F,1974-04-07,Chandigarh,Punjab,531204,user1961@email.com,9520239344,Gold,2020-05-11
CUS01962,Sanjay,Gupta,F,1980-08-28,Pune,Maharashtra,381351,user1962@email.com,9621307443,Gold,2023-07-28
CUS01963,Dev,Patel,M,1990-01-01,Hyderabad,Telangana,529718,user1963@email.com,9337629854,Silver,2023-09-17
CUS01964,Kavya,Nair,F,1988-07-03,Bengaluru,Karnataka,215674,user1964@email.com,9758530127,Silver,2024-04-10
CUS01965,Swathi,Verma,M,1988-10-21,Bengaluru,Karnataka,857311,user1965@email.com,9122674951,Gold,2022-06-04
CUS01966,Ajay,Rao,F,1971-05-08,Delhi,Delhi,904092,user1966@email.com,9922500130,Silver,2024-06-13
CUS01967,Priya,Kapoor,M,1996-11-12,Surat,Gujarat,661483,user1967@email.com,9313073127,Platinum,2023-05-19
CUS01968,Kavya,Shah,F,1975-07-07,Bhopal,Madhya Pradesh,340474,user1968@email.com,9411586438,Gold,2024-06-03
CUS01969,Meera,Rao,M,1975-04-14,Nagpur,Maharashtra,679811,user1969@email.com,9887411763,Bronze,2022-01-22
CUS01970,Priya,Sharma,F,1978-04-02,Mumbai,Maharashtra,652133,user1970@email.com,9210080796,Silver,2022-10-02
CUS01971,Isha,Patel,M,1995-11-10,Chandigarh,Punjab,416110,user1971@email.com,9126032185,Bronze,2020-05-09
CUS01972,Mohan,Iyer,M,1990-01-18,Chandigarh,Punjab,886343,user1972@email.com,9232760474,Gold,2021-01-24
CUS01973,Dev,Shah,M,1987-10-27,Pune,Maharashtra,876497,user1973@email.com,9389908854,Gold,2021-05-20
CUS01974,Rohan,Kapoor,F,1976-01-25,Delhi,Delhi,899419,user1974@email.com,9886664952,Silver,2021-04-06
CUS01975,Lata,Verma,F,1992-07-18,Mumbai,Maharashtra,259223,user1975@email.com,9202603195,Gold,2022-10-12
CUS01976,Sanjay,Nair,F,1977-01-24,Chandigarh,Punjab,427354,user1976@email.com,9942642258,Bronze,2024-01-14
CUS01977,Lata,Sharma,M,1971-07-06,Jaipur,Rajasthan,581197,user1977@email.com,9317611709,Bronze,2020-01-31
CUS01978,Rajesh,Bose,M,1997-02-03,Surat,Gujarat,550399,user1978@email.com,9199924985,Bronze,2023-05-18
CUS01979,Kavya,Gupta,F,1980-05-17,Pune,Maharashtra,837022,user1979@email.com,9672523333,Silver,2023-05-13
CUS01980,Aarav,Bose,F,1994-04-26,Pune,Maharashtra,490843,user1980@email.com,9918943296,Silver,2021-06-23
CUS01981,Amit,Iyer,F,1998-07-15,Delhi,Delhi,126101,user1981@email.com,9526649827,Gold,2022-11-14
CUS01982,Meera,Bose,F,1975-12-23,Ahmedabad,Gujarat,774044,user1982@email.com,9433514756,Bronze,2021-02-03
CUS01983,Dev,Singh,M,1998-06-21,Chandigarh,Punjab,277477,user1983@email.com,9322996651,Gold,2023-02-01
CUS01984,Rajesh,Iyer,M,1976-10-20,Ahmedabad,Gujarat,522780,user1984@email.com,9761949453,Gold,2024-03-28
CUS01985,Lata,Tiwari,F,1988-08-24,Jaipur,Rajasthan,161795,user1985@email.com,9923998576,Silver,2023-09-15
CUS01986,Divya,Rao,F,1984-02-16,Pune,Maharashtra,138283,user1986@email.com,9445146772,Silver,2022-04-18
CUS01987,Nisha,Sharma,M,1991-08-28,Lucknow,Uttar Pradesh,319387,user1987@email.com,9910715800,Silver,2023-02-23
CUS01988,Kavya,Bose,M,1984-10-27,Ahmedabad,Gujarat,783680,user1988@email.com,9353123185,Bronze,2021-04-13
CUS01989,Isha,Kapoor,F,1988-08-01,Kochi,Kerala,875615,user1989@email.com,9887127186,Bronze,2021-11-23
CUS01990,Nisha,Singh,M,1991-04-29,Delhi,Delhi,893653,user1990@email.com,9114629222,Bronze,2023-04-19
CUS01991,Sneha,Joshi,M,1997-08-19,Kochi,Kerala,219185,user1991@email.com,9141942442,Gold,2023-01-25
CUS01992,Ananya,Kapoor,F,1979-06-19,Ahmedabad,Gujarat,885376,user1992@email.com,9687428098,Silver,2024-04-20
CUS01993,Divya,Kumar,M,1971-04-20,Mumbai,Maharashtra,408515,user1993@email.com,9873032900,Platinum,2022-12-02
CUS01994,Arjun,Kapoor,M,1995-06-14,Surat,Gujarat,489684,user1994@email.com,9705386785,Silver,2024-03-24
CUS01995,Divya,Kapoor,F,1993-12-19,Bengaluru,Karnataka,941811,user1995@email.com,9759277285,Platinum,2021-06-10
CUS01996,Suresh,Pandey,M,1999-02-13,Hyderabad,Telangana,585365,user1996@email.com,9326148417,Platinum,2021-10-09
CUS01997,Lata,Reddy,M,1971-12-07,Nagpur,Maharashtra,849817,user1997@email.com,9990570076,Silver,2020-05-09
CUS01998,Nisha,Joshi,M,1980-10-21,Hyderabad,Telangana,170304,user1998@email.com,9106015564,Bronze,2024-06-23
CUS01999,Rahul,Kumar,F,1984-04-18,Chennai,Tamil Nadu,447115,user1999@email.com,9201698998,Bronze,2020-11-04
CUS02000,Swathi,Joshi,M,1996-12-28,Ahmedabad,Gujarat,767254,user2000@email.com,9700389279,Gold,2023-01-30
CUS02001,Dev,Sharma,F,1989-10-06,Hyderabad,Telangana,387918,user2001@email.com,9405144085,Gold,2022-12-02
CUS02002,Nisha,Tiwari,F,1997-08-13,Bhopal,Madhya Pradesh,485115,user2002@email.com,9770552774,Gold,2024-01-09
CUS02003,Arjun,Verma,F,1970-12-30,Nagpur,Maharashtra,791397,user2003@email.com,9317527335,Bronze,2022-06-03
CUS02004,Sneha,Nair,M,1992-01-02,Bengaluru,Karnataka,375710,user2004@email.com,9705225064,Bronze,2023-02-21
CUS02005,Suresh,Tiwari,F,1999-09-19,Chandigarh,Punjab,501548,user2005@email.com,9454506806,Silver,2022-02-15
CUS02006,Rajesh,Pandey,M,1998-05-05,Bhopal,Madhya Pradesh,946514,user2006@email.com,9891632826,Gold,2024-04-07
CUS02007,Geeta,Bose,M,1992-02-22,Surat,Gujarat,102800,user2007@email.com,9941131677,Bronze,2023-01-31
CUS02008,Rohan,Pandey,M,1978-11-10,Chennai,Tamil Nadu,272824,user2008@email.com,9610525583,Gold,2021-11-06
CUS02009,Rohan,Patel,M,1972-12-11,Hyderabad,Telangana,946446,user2009@email.com,9572112488,Silver,2021-08-24
CUS02010,Kiran,Mehta,F,1981-08-16,Ahmedabad,Gujarat,222994,user2010@email.com,9358527922,Silver,2021-03-25
CUS02011,Ajay,Shah,F,1974-09-08,Pune,Maharashtra,472235,user2011@email.com,9434751714,Gold,2020-04-08
CUS02012,Suresh,Singh,F,1993-12-24,Hyderabad,Telangana,983101,user2012@email.com,9329672688,Platinum,2021-04-10
CUS02013,Varun,Gupta,F,1976-04-08,Surat,Gujarat,980673,user2013@email.com,9569486359,Silver,2024-09-14
CUS02014,Mohan,Gupta,F,1977-11-27,Ahmedabad,Gujarat,685005,user2014@email.com,9567521545,Silver,2021-03-31
CUS02015,Aarav,Pillai,F,1994-03-18,Bengaluru,Karnataka,908184,user2015@email.com,9819449001,Bronze,2024-11-01
CUS02016,Rahul,Pandey,F,1971-12-31,Pune,Maharashtra,300261,user2016@email.com,9510660521,Bronze,2024-06-23
CUS02017,Lata,Sharma,M,1970-07-09,Nagpur,Maharashtra,478526,user2017@email.com,9664790986,Bronze,2023-12-21
CUS02018,Divya,Rao,M,1990-10-16,Lucknow,Uttar Pradesh,486785,user2018@email.com,9372473079,Silver,2022-09-03
CUS02019,Swathi,Gupta,M,1992-02-09,Mumbai,Maharashtra,388307,user2019@email.com,9788992272,Silver,2020-01-23
CUS02020,Mohan,Gupta,M,1986-02-16,Mumbai,Maharashtra,160006,user2020@email.com,9714374583,Gold,2023-08-04
CUS02021,Mohan,Bose,Other,1975-04-17,Bhopal,Madhya Pradesh,762951,user2021@email.com,9587994955,Silver,2023-12-03
CUS02022,Lata,Verma,F,1990-02-13,Ahmedabad,Gujarat,140048,user2022@email.com,9496783962,Bronze,2022-05-12
CUS02023,Mohan,Reddy,F,1976-02-11,Nagpur,Maharashtra,285501,user2023@email.com,9241356185,Bronze,2021-09-24
CUS02024,Neha,Kumar,M,1971-07-02,Bhopal,Madhya Pradesh,768444,user2024@email.com,9862991143,Bronze,2021-06-03
CUS02025,Neha,Verma,M,1989-05-22,Delhi,Delhi,993990,user2025@email.com,9308501740,Silver,2023-11-03
CUS02026,Aarav,Rao,F,1970-08-01,Kochi,Kerala,989433,user2026@email.com,9439818115,Gold,2024-06-09
CUS02027,Prakash,Tiwari,F,1992-12-03,Bengaluru,Karnataka,484047,user2027@email.com,9654416338,Bronze,2021-10-29
CUS02028,Sanjay,Agarwal,F,1996-06-14,Surat,Gujarat,802169,user2028@email.com,9166017304,Bronze,2021-12-27
CUS02029,Ajay,Kapoor,M,1973-06-23,Bhopal,Madhya Pradesh,379588,user2029@email.com,9190160709,Bronze,2020-02-19
CUS02030,Arjun,Pandey,M,1988-07-21,Mumbai,Maharashtra,630019,user2030@email.com,9539430470,Bronze,2020-03-19
CUS02031,Varun,Sharma,M,1980-01-19,Kochi,Kerala,687789,user2031@email.com,9476544916,Bronze,2024-04-21
CUS02032,Rajesh,Singh,F,1983-03-29,Ahmedabad,Gujarat,585496,user2032@email.com,9194663182,Bronze,2023-09-15
CUS02033,Ananya,Singh,M,1996-01-29,Delhi,Delhi,719864,user2033@email.com,9772833401,Platinum,2020-04-27
CUS02034,Ananya,Sharma,M,1992-11-24,Chandigarh,Punjab,492722,user2034@email.com,9594296083,Bronze,2023-09-29
CUS02035,Pooja,Mehta,F,1970-10-24,Kochi,Kerala,773518,user2035@email.com,9305177088,Gold,2023-09-19
CUS02036,Vikram,Mehta,M,2000-01-22,Kochi,Kerala,840204,user2036@email.com,9408246106,Bronze,2020-03-29
CUS02037,Rajesh,Rao,M,1975-04-20,Bengaluru,Karnataka,975849,user2037@email.com,9302126845,Bronze,2024-11-25
CUS02038,Ananya,Mehta,M,1998-01-30,Chennai,Tamil Nadu,560952,user2038@email.com,9384053184,Bronze,2023-02-26
CUS02039,Rajesh,Pillai,M,1985-11-22,Hyderabad,Telangana,773003,user2039@email.com,9661612863,Silver,2024-06-02
CUS02040,Tara,Joshi,M,2000-08-10,Surat,Gujarat,975271,user2040@email.com,9728378396,Bronze,2021-10-06
CUS02041,Rajesh,Nair,Other,1994-09-08,Jaipur,Rajasthan,554928,user2041@email.com,9472504153,Silver,2022-08-08
CUS02042,Ritu,Mehta,M,1999-10-30,Surat,Gujarat,833640,user2042@email.com,9640913819,Silver,2020-02-10
CUS02043,Ritu,Gupta,M,1980-11-25,Kochi,Kerala,910978,user2043@email.com,9326261010,Bronze,2022-04-10
CUS02044,Arjun,Patel,F,1980-05-22,Ahmedabad,Gujarat,642145,user2044@email.com,9806878792,Silver,2021-03-12
CUS02045,Vikram,Mishra,F,1982-03-16,Ahmedabad,Gujarat,490366,user2045@email.com,9705342814,Bronze,2024-06-03
CUS02046,Prakash,Patel,M,1989-07-29,Lucknow,Uttar Pradesh,209694,user2046@email.com,9775890502,Bronze,2022-08-07
CUS02047,Aarav,Joshi,M,1990-12-05,Nagpur,Maharashtra,450971,user2047@email.com,9461498632,Silver,2021-03-21
CUS02048,Ananya,Pillai,M,1983-01-17,Delhi,Delhi,589518,user2048@email.com,9687098523,Bronze,2022-05-22
CUS02049,Amit,Pandey,F,1990-07-18,Mumbai,Maharashtra,703943,user2049@email.com,9845712019,Silver,2021-10-13
CUS02050,Isha,Iyer,M,1974-02-18,Pune,Maharashtra,491344,user2050@email.com,9745256477,Bronze,2021-06-13
CUS02051,Sanjay,Mehta,M,2000-10-21,Surat,Gujarat,345684,user2051@email.com,9919450756,Platinum,2021-11-21
CUS02052,Suresh,Kumar,M,1976-01-22,Nagpur,Maharashtra,911673,user2052@email.com,9389224147,Platinum,2022-05-04
CUS02053,Rajesh,Sharma,M,1997-10-29,Pune,Maharashtra,274467,user2053@email.com,9422748286,Gold,2023-11-24
CUS02054,Suresh,Nair,Other,1970-09-21,Kochi,Kerala,695578,user2054@email.com,9907292889,Bronze,2022-08-05
CUS02055,Kiran,Patel,Other,1982-10-07,Surat,Gujarat,424296,user2055@email.com,9951330633,Gold,2024-06-18
CUS02056,Meera,Mishra,M,1998-03-08,Chandigarh,Punjab,582961,user2056@email.com,9100905387,Silver,2021-07-02
CUS02057,Prakash,Joshi,M,1979-09-08,Chennai,Tamil Nadu,184279,user2057@email.com,9298205935,Bronze,2020-11-19
CUS02058,Nisha,Singh,F,1976-02-27,Chennai,Tamil Nadu,261625,user2058@email.com,9835205605,Silver,2020-06-12
CUS02059,Meera,Sharma,F,1987-08-17,Chandigarh,Punjab,461456,user2059@email.com,9207281279,Silver,2020-12-10
CUS02060,Sanjay,Nair,F,1998-08-01,Surat,Gujarat,800906,user2060@email.com,9504040007,Gold,2024-09-06
CUS02061,Pooja,Kumar,M,1982-12-09,Kochi,Kerala,433821,user2061@email.com,9919312568,Platinum,2021-12-09
CUS02062,Ajay,Rao,F,1981-09-06,Pune,Maharashtra,959613,user2062@email.com,9824506875,Gold,2022-09-05
CUS02063,Swathi,Shah,F,2000-11-10,Pune,Maharashtra,463716,user2063@email.com,9624318145,Silver,2020-10-31
CUS02064,Aarav,Iyer,F,1973-04-03,Lucknow,Uttar Pradesh,286814,user2064@email.com,9924466143,Bronze,2022-11-16
CUS02065,Kiran,Kapoor,F,1983-12-19,Hyderabad,Telangana,740225,user2065@email.com,9743354090,Gold,2024-01-13
CUS02066,Rohan,Iyer,M,1980-03-06,Nagpur,Maharashtra,297101,user2066@email.com,9147510841,Bronze,2023-08-15
CUS02067,Rohan,Rao,M,1972-02-18,Pune,Maharashtra,288613,user2067@email.com,9557104051,Bronze,2020-02-13
CUS02068,Sanjay,Bose,M,1999-01-11,Kolkata,West Bengal,542223,user2068@email.com,9292755937,Bronze,2024-06-02
CUS02069,Suresh,Kumar,F,1975-06-13,Surat,Gujarat,186654,user2069@email.com,9471822692,Silver,2022-04-16
CUS02070,Dev,Shah,F,1987-05-28,Delhi,Delhi,112818,user2070@email.com,9272747645,Bronze,2022-02-11
CUS02071,Suresh,Shah,F,1974-05-11,Lucknow,Uttar Pradesh,112151,user2071@email.com,9621988185,Silver,2020-01-01
CUS02072,Sanjay,Agarwal,F,1982-04-23,Surat,Gujarat,417670,user2072@email.com,9556320088,Bronze,2023-01-23
CUS02073,Sneha,Pandey,F,1985-04-08,Surat,Gujarat,572142,user2073@email.com,9639084522,Bronze,2024-11-06
CUS02074,Mohan,Rao,F,2000-05-12,Ahmedabad,Gujarat,482585,user2074@email.com,9219907046,Gold,2021-10-11
CUS02075,Kavya,Shah,F,2000-10-10,Pune,Maharashtra,183895,user2075@email.com,9261477051,Bronze,2022-03-10
CUS02076,Mohan,Tiwari,M,1977-05-18,Nagpur,Maharashtra,639907,user2076@email.com,9972775048,Silver,2021-05-16
CUS02077,Amit,Agarwal,M,1977-05-05,Bhopal,Madhya Pradesh,395398,user2077@email.com,9142782651,Bronze,2021-01-19
CUS02078,Amit,Pillai,M,1970-03-15,Ahmedabad,Gujarat,728441,user2078@email.com,9837003118,Bronze,2020-06-28
CUS02079,Kiran,Mehta,F,1999-07-07,Pune,Maharashtra,124673,user2079@email.com,9682771762,Bronze,2022-02-16
CUS02080,Meera,Agarwal,M,1992-08-02,Kolkata,West Bengal,440401,user2080@email.com,9419635063,Silver,2024-11-20
CUS02081,Sneha,Pillai,F,1971-03-27,Lucknow,Uttar Pradesh,657075,user2081@email.com,9893151937,Bronze,2022-11-11
CUS02082,Rohan,Verma,M,1980-03-31,Bengaluru,Karnataka,862091,user2082@email.com,9255310652,Silver,2020-10-01
CUS02083,Prakash,Gupta,M,1998-12-09,Pune,Maharashtra,580280,user2083@email.com,9839799487,Silver,2020-05-19
CUS02084,Varun,Kapoor,F,1979-02-02,Nagpur,Maharashtra,142615,user2084@email.com,9182180063,Bronze,2022-12-01
CUS02085,Vikram,Pandey,Other,1994-09-20,Mumbai,Maharashtra,768796,user2085@email.com,9972389969,Gold,2020-01-18
CUS02086,Suresh,Singh,M,1986-06-18,Pune,Maharashtra,767671,user2086@email.com,9904519313,Bronze,2023-05-01
CUS02087,Aarav,Joshi,Other,1990-09-05,Pune,Maharashtra,369335,user2087@email.com,9874805614,Silver,2024-03-08
CUS02088,Rohan,Agarwal,Other,2000-01-04,Nagpur,Maharashtra,932196,user2088@email.com,9305775789,Silver,2020-07-30
CUS02089,Swathi,Kapoor,F,1971-09-13,Kolkata,West Bengal,932279,user2089@email.com,9361727150,Silver,2022-06-23
CUS02090,Meera,Tiwari,F,1975-10-13,Mumbai,Maharashtra,897671,user2090@email.com,9569166804,Bronze,2023-10-30
CUS02091,Ajay,Joshi,M,1990-05-12,Kochi,Kerala,804055,user2091@email.com,9149115293,Silver,2024-11-25
CUS02092,Ananya,Mehta,M,1987-10-15,Nagpur,Maharashtra,526962,user2092@email.com,9322410957,Bronze,2022-03-04
CUS02093,Tara,Reddy,M,1992-05-20,Pune,Maharashtra,584904,user2093@email.com,9743256662,Gold,2020-07-09
CUS02094,Kiran,Kumar,M,1998-06-28,Surat,Gujarat,118950,user2094@email.com,9861292088,Bronze,2022-10-24
CUS02095,Swathi,Mehta,F,1992-10-09,Delhi,Delhi,738914,user2095@email.com,9987957620,Silver,2022-08-03
CUS02096,Dev,Pandey,M,1974-03-03,Pune,Maharashtra,507937,user2096@email.com,9610674706,Platinum,2022-05-24
CUS02097,Kiran,Rao,M,1981-05-27,Mumbai,Maharashtra,962588,user2097@email.com,9577152687,Bronze,2022-07-25
CUS02098,Lata,Bose,M,1997-07-10,Bhopal,Madhya Pradesh,831618,user2098@email.com,9282550509,Silver,2020-06-19
CUS02099,Sanjay,Patel,F,1975-10-10,Kolkata,West Bengal,699065,user2099@email.com,9184405248,Silver,2022-01-31
CUS02100,Meera,Singh,M,1985-03-16,Jaipur,Rajasthan,655317,user2100@email.com,9496416310,Bronze,2021-08-05
CUS02101,Kiran,Mishra,F,1976-05-03,Chandigarh,Punjab,131000,user2101@email.com,9267396883,Silver,2020-12-21
CUS02102,Swathi,Pillai,F,1999-03-09,Bengaluru,Karnataka,535571,user2102@email.com,9921348247,Bronze,2020-09-02
CUS02103,Kavya,Bose,Other,1971-03-24,Kolkata,West Bengal,493514,user2103@email.com,9677235776,Bronze,2024-03-07
CUS02104,Neha,Kumar,M,1971-11-20,Lucknow,Uttar Pradesh,328909,user2104@email.com,9326887199,Platinum,2022-11-09
CUS02105,Divya,Joshi,F,1971-03-18,Lucknow,Uttar Pradesh,904126,user2105@email.com,9934860763,Platinum,2024-10-01
CUS02106,Kavya,Agarwal,M,1994-11-24,Pune,Maharashtra,328330,user2106@email.com,9549017351,Platinum,2021-07-16
CUS02107,Kiran,Pillai,F,1980-07-19,Kolkata,West Bengal,796500,user2107@email.com,9837492998,Platinum,2024-08-18
CUS02108,Dev,Rao,F,1996-11-03,Chandigarh,Punjab,658375,user2108@email.com,9521092945,Bronze,2023-08-26
CUS02109,Isha,Mishra,M,1983-05-16,Pune,Maharashtra,571288,user2109@email.com,9268542889,Platinum,2023-04-18
CUS02110,Sanjay,Mehta,M,1977-04-14,Bengaluru,Karnataka,970177,user2110@email.com,9458688662,Gold,2020-12-18
CUS02111,Ananya,Kumar,M,1987-01-12,Surat,Gujarat,784829,user2111@email.com,9548931346,Platinum,2024-05-14
CUS02112,Rahul,Sharma,F,1973-04-11,Pune,Maharashtra,245303,user2112@email.com,9754666903,Silver,2024-03-13
CUS02113,Swathi,Tiwari,F,1977-10-08,Delhi,Delhi,123942,user2113@email.com,9448987901,Silver,2021-01-19
CUS02114,Rajesh,Bose,F,1989-05-08,Bengaluru,Karnataka,488283,user2114@email.com,9124394894,Gold,2024-06-20
CUS02115,Ritu,Shah,F,1999-01-16,Nagpur,Maharashtra,302408,user2115@email.com,9273279673,Silver,2023-02-22
CUS02116,Neha,Iyer,M,1992-06-23,Kochi,Kerala,847417,user2116@email.com,9314517837,Bronze,2024-05-25
CUS02117,Rohan,Sharma,M,1984-07-01,Kolkata,West Bengal,583581,user2117@email.com,9593054651,Bronze,2021-11-10
CUS02118,Amit,Iyer,F,1972-01-02,Lucknow,Uttar Pradesh,583819,user2118@email.com,9637101700,Silver,2021-04-21
CUS02119,Swathi,Rao,F,1976-09-17,Chandigarh,Punjab,267003,user2119@email.com,9362920130,Silver,2020-10-01
CUS02120,Aarav,Patel,F,1992-03-10,Delhi,Delhi,526085,user2120@email.com,9658096119,Platinum,2020-11-27
CUS02121,Sanjay,Singh,F,1974-12-05,Bhopal,Madhya Pradesh,372660,user2121@email.com,9868773997,Silver,2021-08-31
CUS02122,Ajay,Pandey,F,1991-04-24,Kochi,Kerala,660118,user2122@email.com,9867472238,Bronze,2021-04-10
CUS02123,Varun,Patel,M,1972-03-09,Ahmedabad,Gujarat,517749,user2123@email.com,9989388663,Gold,2023-06-06
CUS02124,Priya,Pillai,M,1974-05-19,Chandigarh,Punjab,636409,user2124@email.com,9775671577,Silver,2023-08-10
CUS02125,Ritu,Kumar,M,1986-12-06,Pune,Maharashtra,988217,user2125@email.com,9381856258,Gold,2021-07-21
CUS02126,Ajay,Kumar,F,1976-06-21,Lucknow,Uttar Pradesh,484265,user2126@email.com,9543340540,Silver,2022-03-16
CUS02127,Geeta,Iyer,F,1985-10-11,Bengaluru,Karnataka,320290,user2127@email.com,9384012987,Bronze,2024-06-16
CUS02128,Mohan,Singh,F,1982-09-11,Surat,Gujarat,843527,user2128@email.com,9627826710,Gold,2020-01-09
CUS02129,Arjun,Rao,M,1983-04-10,Chandigarh,Punjab,566272,user2129@email.com,9455044770,Gold,2022-05-13
CUS02130,Arjun,Tiwari,M,1970-02-24,Kochi,Kerala,137480,user2130@email.com,9917464065,Bronze,2020-08-18
CUS02131,Divya,Sharma,M,1998-01-23,Jaipur,Rajasthan,488865,user2131@email.com,9705095857,Bronze,2024-08-31
CUS02132,Divya,Joshi,F,1999-07-16,Kolkata,West Bengal,419544,user2132@email.com,9610333211,Gold,2020-08-26
CUS02133,Divya,Reddy,F,1978-01-03,Surat,Gujarat,828846,user2133@email.com,9238032824,Bronze,2024-03-18
CUS02134,Neha,Shah,M,1985-05-01,Kolkata,West Bengal,338989,user2134@email.com,9130069819,Gold,2023-04-08
CUS02135,Divya,Reddy,F,1976-10-21,Lucknow,Uttar Pradesh,372022,user2135@email.com,9491015745,Gold,2023-08-30
CUS02136,Neha,Kapoor,M,1977-03-05,Kochi,Kerala,748502,user2136@email.com,9282976474,Platinum,2022-01-14
CUS02137,Vikram,Tiwari,F,1989-12-12,Surat,Gujarat,429563,user2137@email.com,9661929277,Bronze,2020-11-29
CUS02138,Geeta,Bose,F,1987-08-09,Bhopal,Madhya Pradesh,650750,user2138@email.com,9617599918,Bronze,2024-05-23
CUS02139,Sanjay,Sharma,F,1994-02-10,Nagpur,Maharashtra,167898,user2139@email.com,9467613766,Bronze,2020-01-02
CUS02140,Pooja,Reddy,M,1975-06-14,Chennai,Tamil Nadu,915807,user2140@email.com,9882502045,Gold,2020-07-20
CUS02141,Rahul,Pillai,F,1986-07-11,Surat,Gujarat,697067,user2141@email.com,9785730802,Platinum,2020-07-13
CUS02142,Lata,Kapoor,F,1993-07-04,Bhopal,Madhya Pradesh,877391,user2142@email.com,9317464915,Bronze,2020-03-16
CUS02143,Sanjay,Kumar,Other,1976-05-09,Mumbai,Maharashtra,632064,user2143@email.com,9172153013,Bronze,2021-02-21
CUS02144,Neha,Verma,F,1970-01-24,Jaipur,Rajasthan,936677,user2144@email.com,9160102484,Silver,2020-01-19
CUS02145,Pooja,Iyer,M,1986-12-30,Jaipur,Rajasthan,875354,user2145@email.com,9296156159,Silver,2021-04-04
CUS02146,Neha,Iyer,M,1983-09-14,Surat,Gujarat,852227,user2146@email.com,9589697192,Bronze,2022-10-07
CUS02147,Arjun,Verma,M,1991-03-31,Lucknow,Uttar Pradesh,879207,user2147@email.com,9304026156,Gold,2020-05-28
CUS02148,Rohan,Reddy,F,1971-08-28,Nagpur,Maharashtra,163821,user2148@email.com,9323050590,Bronze,2022-09-11
CUS02149,Ajay,Tiwari,F,1975-02-14,Lucknow,Uttar Pradesh,203043,user2149@email.com,9676528107,Gold,2022-02-18
CUS02150,Kiran,Singh,M,1977-09-23,Mumbai,Maharashtra,222060,user2150@email.com,9574484446,Bronze,2020-07-14
CUS02151,Sneha,Verma,F,1984-01-06,Chennai,Tamil Nadu,727356,user2151@email.com,9623159945,Bronze,2024-12-27
CUS02152,Rajesh,Agarwal,F,1986-07-05,Mumbai,Maharashtra,216941,user2152@email.com,9873074192,Gold,2022-12-07
CUS02153,Dev,Nair,F,1994-07-28,Chandigarh,Punjab,765775,user2153@email.com,9759721239,Gold,2020-05-28
CUS02154,Arjun,Agarwal,F,1991-01-12,Mumbai,Maharashtra,616533,user2154@email.com,9777668740,Bronze,2020-10-17
CUS02155,Isha,Kapoor,M,1974-08-06,Jaipur,Rajasthan,776624,user2155@email.com,9421733069,Bronze,2024-11-12
CUS02156,Pooja,Rao,M,1981-06-03,Jaipur,Rajasthan,688528,user2156@email.com,9640159008,Bronze,2022-11-08
CUS02157,Sneha,Joshi,F,1995-03-29,Ahmedabad,Gujarat,434713,user2157@email.com,9647122926,Silver,2022-09-19
CUS02158,Ananya,Singh,F,1979-10-25,Bengaluru,Karnataka,805666,user2158@email.com,9427105761,Bronze,2022-06-08
CUS02159,Amit,Rao,F,1986-11-13,Bhopal,Madhya Pradesh,664752,user2159@email.com,9983214584,Bronze,2020-11-16
CUS02160,Sneha,Iyer,M,1996-06-19,Chandigarh,Punjab,626154,user2160@email.com,9427903381,Bronze,2022-04-11
CUS02161,Isha,Kumar,F,1974-09-29,Jaipur,Rajasthan,739135,user2161@email.com,9325799238,Silver,2020-12-27
CUS02162,Kiran,Joshi,M,1985-10-24,Bengaluru,Karnataka,515487,user2162@email.com,9943758275,Bronze,2021-07-25
CUS02163,Swathi,Joshi,M,1974-03-21,Bengaluru,Karnataka,641554,user2163@email.com,9608712246,Silver,2024-10-19
CUS02164,Nisha,Gupta,M,1970-02-16,Chandigarh,Punjab,375623,user2164@email.com,9606786457,Platinum,2023-10-16
CUS02165,Divya,Pillai,M,1980-03-29,Bhopal,Madhya Pradesh,449933,user2165@email.com,9880298529,Bronze,2023-08-01
CUS02166,Kiran,Mishra,M,1996-01-13,Kochi,Kerala,690648,user2166@email.com,9522562723,Gold,2021-07-24
CUS02167,Ajay,Shah,M,1979-03-10,Mumbai,Maharashtra,528645,user2167@email.com,9479687950,Silver,2021-09-19
CUS02168,Amit,Gupta,M,1972-07-18,Bengaluru,Karnataka,838552,user2168@email.com,9317124660,Bronze,2024-07-07
CUS02169,Arjun,Mehta,F,1976-07-03,Kochi,Kerala,124829,user2169@email.com,9445579291,Silver,2023-11-22
CUS02170,Kiran,Verma,F,1977-07-21,Pune,Maharashtra,309140,user2170@email.com,9956281850,Bronze,2020-04-25
CUS02171,Amit,Gupta,M,1997-11-03,Jaipur,Rajasthan,354948,user2171@email.com,9272247459,Bronze,2022-09-05
CUS02172,Lata,Tiwari,F,1993-07-05,Ahmedabad,Gujarat,148234,user2172@email.com,9938837115,Silver,2022-04-22
CUS02173,Geeta,Bose,M,1983-02-20,Kochi,Kerala,736176,user2173@email.com,9729335505,Bronze,2022-09-06
CUS02174,Priya,Rao,M,1990-02-02,Delhi,Delhi,487395,user2174@email.com,9570432459,Platinum,2021-07-27
CUS02175,Isha,Reddy,F,1971-12-11,Delhi,Delhi,177582,user2175@email.com,9448478088,Platinum,2022-06-05
CUS02176,Nisha,Reddy,F,1972-04-14,Kochi,Kerala,718458,user2176@email.com,9420893788,Silver,2022-07-10
CUS02177,Rohan,Mishra,M,1987-10-16,Jaipur,Rajasthan,700554,user2177@email.com,9686891329,Gold,2024-04-27
CUS02178,Kavya,Kapoor,F,1995-10-30,Kolkata,West Bengal,823066,user2178@email.com,9123463202,Bronze,2024-03-22
CUS02179,Rohan,Rao,Other,1989-08-04,Chandigarh,Punjab,478776,user2179@email.com,9929683513,Silver,2024-06-21
CUS02180,Rahul,Joshi,M,1980-06-23,Nagpur,Maharashtra,338742,user2180@email.com,9594784193,Bronze,2021-10-12
CUS02181,Tara,Gupta,M,1993-11-21,Chennai,Tamil Nadu,883968,user2181@email.com,9124844575,Bronze,2021-11-23
CUS02182,Nisha,Agarwal,M,1979-04-20,Surat,Gujarat,609982,user2182@email.com,9956950131,Bronze,2024-01-09
CUS02183,Priya,Kapoor,M,1996-08-25,Jaipur,Rajasthan,693194,user2183@email.com,9569447344,Platinum,2024-12-21
CUS02184,Neha,Rao,F,1998-04-24,Jaipur,Rajasthan,615909,user2184@email.com,9403489287,Silver,2024-01-11
CUS02185,Rohan,Singh,F,1990-03-19,Surat,Gujarat,685410,user2185@email.com,9938150211,Bronze,2022-05-15
CUS02186,Ritu,Kapoor,F,1989-04-11,Bengaluru,Karnataka,191991,user2186@email.com,9716247535,Platinum,2022-01-21
CUS02187,Dev,Nair,F,1997-09-26,Lucknow,Uttar Pradesh,904378,user2187@email.com,9834389102,Silver,2023-09-29
CUS02188,Amit,Mishra,F,1986-10-11,Kolkata,West Bengal,874831,user2188@email.com,9263429209,Silver,2020-02-14
CUS02189,Ananya,Tiwari,M,1978-08-31,Delhi,Delhi,653348,user2189@email.com,9938713602,Silver,2021-10-17
CUS02190,Nisha,Sharma,M,1998-02-14,Bhopal,Madhya Pradesh,408086,user2190@email.com,9106822504,Silver,2022-11-12
CUS02191,Aarav,Sharma,M,1978-07-25,Pune,Maharashtra,547898,user2191@email.com,9261592689,Bronze,2023-07-04
CUS02192,Rajesh,Rao,F,1972-11-14,Chennai,Tamil Nadu,785362,user2192@email.com,9814469817,Bronze,2024-10-14
CUS02193,Rajesh,Pillai,F,1970-04-11,Bhopal,Madhya Pradesh,849631,user2193@email.com,9719394502,Bronze,2021-04-04
CUS02194,Vikram,Nair,M,1985-12-07,Chandigarh,Punjab,205797,user2194@email.com,9128158333,Silver,2021-07-29
CUS02195,Priya,Reddy,F,1991-01-27,Bhopal,Madhya Pradesh,172631,user2195@email.com,9451608619,Gold,2020-12-25
CUS02196,Pooja,Nair,M,1999-01-01,Nagpur,Maharashtra,271220,user2196@email.com,9555571081,Platinum,2020-03-18
CUS02197,Geeta,Nair,F,1988-02-07,Chennai,Tamil Nadu,128622,user2197@email.com,9247437812,Gold,2020-11-28
CUS02198,Sneha,Shah,M,1997-07-30,Ahmedabad,Gujarat,880080,user2198@email.com,9894475285,Bronze,2023-01-13
CUS02199,Amit,Mishra,M,1981-12-02,Mumbai,Maharashtra,315621,user2199@email.com,9927837480,Bronze,2020-01-11
CUS02200,Sneha,Singh,Other,1997-05-17,Bhopal,Madhya Pradesh,631316,user2200@email.com,9720948691,Gold,2024-07-05
CUS02201,Ananya,Nair,M,1987-05-09,Delhi,Delhi,612867,user2201@email.com,9895258294,Silver,2022-02-04
CUS02202,Kiran,Agarwal,M,1988-06-16,Kochi,Kerala,195201,user2202@email.com,9958769279,Silver,2022-10-12
CUS02203,Arjun,Kapoor,M,1995-05-09,Ahmedabad,Gujarat,579150,user2203@email.com,9117336060,Bronze,2020-06-03
CUS02204,Nisha,Shah,Other,1975-09-19,Chandigarh,Punjab,204926,user2204@email.com,9480835931,Bronze,2021-09-26
CUS02205,Varun,Singh,M,1995-10-24,Kolkata,West Bengal,988991,user2205@email.com,9800081643,Bronze,2022-09-25
CUS02206,Rohan,Shah,F,2000-01-04,Kochi,Kerala,116619,user2206@email.com,9394974196,Gold,2023-04-09
CUS02207,Kiran,Patel,M,2000-09-20,Nagpur,Maharashtra,361093,user2207@email.com,9290437112,Silver,2023-09-19
CUS02208,Suresh,Reddy,M,1985-12-16,Bengaluru,Karnataka,592634,user2208@email.com,9918500336,Bronze,2020-02-21
CUS02209,Ritu,Nair,F,1993-06-22,Lucknow,Uttar Pradesh,793058,user2209@email.com,9414697172,Bronze,2023-09-12
CUS02210,Varun,Joshi,M,2000-11-23,Pune,Maharashtra,283120,user2210@email.com,9656842161,Platinum,2021-02-17
CUS02211,Ritu,Joshi,M,1994-12-26,Kochi,Kerala,214705,user2211@email.com,9944558917,Bronze,2021-12-24
CUS02212,Rahul,Mehta,M,1982-08-10,Ahmedabad,Gujarat,491311,user2212@email.com,9384736299,Silver,2022-01-18
CUS02213,Ritu,Sharma,M,1981-06-22,Mumbai,Maharashtra,593357,user2213@email.com,9136746419,Gold,2021-03-09
CUS02214,Geeta,Agarwal,M,1979-02-26,Bengaluru,Karnataka,495351,user2214@email.com,9918730606,Silver,2021-09-24
CUS02215,Ananya,Joshi,M,2000-05-30,Jaipur,Rajasthan,465603,user2215@email.com,9339121961,Bronze,2020-02-13
CUS02216,Sneha,Bose,F,1971-03-27,Delhi,Delhi,535239,user2216@email.com,9676306442,Silver,2023-09-01
CUS02217,Swathi,Sharma,M,1985-06-02,Bhopal,Madhya Pradesh,592292,user2217@email.com,9375803064,Bronze,2021-09-22
CUS02218,Kavya,Pillai,Other,1993-03-25,Surat,Gujarat,800901,user2218@email.com,9869137689,Bronze,2021-10-26
CUS02219,Lata,Tiwari,M,1999-02-18,Ahmedabad,Gujarat,329964,user2219@email.com,9652691461,Bronze,2022-04-01
CUS02220,Pooja,Singh,F,1982-06-10,Bengaluru,Karnataka,852110,user2220@email.com,9533618323,Bronze,2023-12-12
CUS02221,Sneha,Iyer,M,1997-02-13,Lucknow,Uttar Pradesh,293595,user2221@email.com,9883864035,Silver,2020-10-18
CUS02222,Mohan,Mishra,F,1987-05-08,Hyderabad,Telangana,645172,user2222@email.com,9655021824,Silver,2024-12-20
CUS02223,Arjun,Reddy,M,1971-11-15,Nagpur,Maharashtra,492975,user2223@email.com,9809960056,Bronze,2024-01-06
CUS02224,Geeta,Patel,F,1984-06-03,Kochi,Kerala,938621,user2224@email.com,9513422831,Silver,2023-08-30
CUS02225,Rahul,Joshi,M,1972-02-26,Chandigarh,Punjab,765458,user2225@email.com,9136629671,Gold,2022-10-31
CUS02226,Ananya,Shah,M,1980-07-01,Chennai,Tamil Nadu,699876,user2226@email.com,9616229701,Silver,2024-12-02
CUS02227,Rahul,Tiwari,M,1978-07-06,Hyderabad,Telangana,325272,user2227@email.com,9586612913,Silver,2022-12-01
CUS02228,Amit,Kumar,F,1993-10-14,Jaipur,Rajasthan,787300,user2228@email.com,9925182458,Silver,2023-10-16
CUS02229,Kiran,Joshi,M,1984-07-11,Hyderabad,Telangana,946188,user2229@email.com,9623293606,Gold,2024-09-15
CUS02230,Tara,Kumar,F,1993-07-12,Ahmedabad,Gujarat,459006,user2230@email.com,9919554196,Silver,2024-05-24
CUS02231,Ritu,Pillai,M,1981-01-16,Delhi,Delhi,126648,user2231@email.com,9683384105,Bronze,2021-11-26
CUS02232,Amit,Kumar,M,1981-04-20,Chennai,Tamil Nadu,847315,user2232@email.com,9417519885,Bronze,2023-07-16
CUS02233,Divya,Mishra,M,1988-05-15,Hyderabad,Telangana,186997,user2233@email.com,9641942969,Bronze,2021-02-15
CUS02234,Prakash,Kapoor,M,1979-12-08,Bhopal,Madhya Pradesh,980817,user2234@email.com,9830761164,Bronze,2024-07-13
CUS02235,Rahul,Pillai,F,1976-01-09,Mumbai,Maharashtra,917823,user2235@email.com,9262963079,Silver,2021-09-27
CUS02236,Suresh,Patel,F,1990-01-25,Jaipur,Rajasthan,480272,user2236@email.com,9679237767,Bronze,2021-11-07
CUS02237,Ananya,Pillai,M,1970-06-16,Jaipur,Rajasthan,813447,user2237@email.com,9277849781,Silver,2022-12-02
CUS02238,Swathi,Iyer,F,1975-08-25,Bhopal,Madhya Pradesh,887589,user2238@email.com,9868891453,Bronze,2020-10-23
CUS02239,Nisha,Nair,M,1972-10-28,Lucknow,Uttar Pradesh,520345,user2239@email.com,9418360616,Bronze,2022-07-19
CUS02240,Nisha,Bose,F,1981-06-29,Jaipur,Rajasthan,242732,user2240@email.com,9874755886,Platinum,2022-11-15
CUS02241,Rohan,Gupta,F,1972-07-26,Mumbai,Maharashtra,800574,user2241@email.com,9434583699,Bronze,2022-10-08
CUS02242,Swathi,Pandey,Other,1984-12-12,Kochi,Kerala,162099,user2242@email.com,9910857149,Silver,2024-10-06
CUS02243,Isha,Joshi,F,1975-02-02,Bengaluru,Karnataka,946188,user2243@email.com,9360342730,Bronze,2022-04-17
CUS02244,Dev,Agarwal,M,1991-12-17,Bengaluru,Karnataka,302764,user2244@email.com,9366903551,Gold,2020-09-17
CUS02245,Pooja,Gupta,M,1986-11-03,Delhi,Delhi,520940,user2245@email.com,9232576429,Gold,2021-10-05
CUS02246,Tara,Reddy,M,1997-12-18,Lucknow,Uttar Pradesh,249326,user2246@email.com,9821810129,Bronze,2022-11-17
CUS02247,Aarav,Kumar,F,1994-03-04,Hyderabad,Telangana,649706,user2247@email.com,9210179022,Gold,2020-09-07
CUS02248,Isha,Iyer,F,1974-10-08,Lucknow,Uttar Pradesh,413337,user2248@email.com,9982873873,Bronze,2023-04-24
CUS02249,Swathi,Mishra,M,1989-08-26,Kochi,Kerala,890888,user2249@email.com,9873101432,Bronze,2024-08-16
CUS02250,Priya,Shah,F,1978-09-17,Kolkata,West Bengal,367861,user2250@email.com,9221158422,Silver,2021-08-31
CUS02251,Rajesh,Joshi,F,1970-01-04,Pune,Maharashtra,825024,user2251@email.com,9953040219,Silver,2024-10-10
CUS02252,Pooja,Kapoor,M,1996-05-23,Kolkata,West Bengal,867305,user2252@email.com,9747805692,Platinum,2024-12-11
CUS02253,Meera,Iyer,F,1972-12-25,Bhopal,Madhya Pradesh,797209,user2253@email.com,9630999472,Gold,2021-11-06
CUS02254,Nisha,Patel,F,1976-12-12,Pune,Maharashtra,907346,user2254@email.com,9400866284,Gold,2023-10-10
CUS02255,Arjun,Gupta,F,1970-05-11,Kochi,Kerala,444802,user2255@email.com,9550590774,Silver,2024-06-10
CUS02256,Meera,Singh,M,1977-08-24,Kolkata,West Bengal,847734,user2256@email.com,9965426771,Silver,2024-05-10
CUS02257,Isha,Iyer,F,1973-11-08,Lucknow,Uttar Pradesh,797962,user2257@email.com,9385351360,Bronze,2023-01-24
CUS02258,Varun,Bose,F,1984-05-06,Chandigarh,Punjab,978090,user2258@email.com,9707329936,Bronze,2024-03-22
CUS02259,Neha,Shah,M,1971-12-19,Jaipur,Rajasthan,213034,user2259@email.com,9733876003,Gold,2023-06-19
CUS02260,Sneha,Tiwari,M,1991-09-25,Surat,Gujarat,901144,user2260@email.com,9356210171,Bronze,2021-07-25
CUS02261,Mohan,Pandey,M,1991-02-13,Surat,Gujarat,512871,user2261@email.com,9871256936,Gold,2024-08-06
CUS02262,Dev,Mishra,F,1971-05-24,Hyderabad,Telangana,701195,user2262@email.com,9661315067,Bronze,2024-09-10
CUS02263,Varun,Agarwal,F,1985-03-24,Pune,Maharashtra,126886,user2263@email.com,9331970687,Silver,2024-10-28
CUS02264,Dev,Rao,M,1972-03-27,Mumbai,Maharashtra,532164,user2264@email.com,9961028466,Bronze,2021-02-01
CUS02265,Neha,Gupta,M,1974-12-21,Ahmedabad,Gujarat,816189,user2265@email.com,9469420581,Bronze,2020-09-07
CUS02266,Arjun,Mishra,F,1992-05-08,Chennai,Tamil Nadu,440275,user2266@email.com,9591993412,Silver,2020-11-28
CUS02267,Arjun,Joshi,M,2000-01-08,Surat,Gujarat,908251,user2267@email.com,9687634973,Silver,2020-03-21
CUS02268,Sanjay,Pillai,F,1980-05-30,Kochi,Kerala,280415,user2268@email.com,9636695255,Gold,2021-03-08
CUS02269,Meera,Pandey,F,1985-01-11,Hyderabad,Telangana,944266,user2269@email.com,9997901191,Platinum,2021-01-30
CUS02270,Varun,Mehta,M,1978-02-21,Hyderabad,Telangana,857009,user2270@email.com,9197101136,Silver,2020-10-15
CUS02271,Swathi,Bose,F,1972-01-16,Hyderabad,Telangana,893315,user2271@email.com,9510917117,Bronze,2024-11-02
CUS02272,Mohan,Bose,M,1970-08-31,Bhopal,Madhya Pradesh,945044,user2272@email.com,9570050991,Gold,2021-12-03
CUS02273,Ananya,Joshi,M,1980-09-10,Chandigarh,Punjab,216895,user2273@email.com,9303785198,Silver,2022-02-15
CUS02274,Suresh,Verma,M,1977-11-13,Nagpur,Maharashtra,687119,user2274@email.com,9677946218,Bronze,2023-11-20
CUS02275,Mohan,Singh,M,1992-04-16,Lucknow,Uttar Pradesh,194940,user2275@email.com,9864145083,Silver,2022-01-31
CUS02276,Tara,Shah,F,1974-12-13,Nagpur,Maharashtra,252846,user2276@email.com,9868678998,Bronze,2021-12-09
CUS02277,Sanjay,Reddy,F,1987-12-30,Hyderabad,Telangana,208659,user2277@email.com,9890577157,Gold,2020-10-07
CUS02278,Ritu,Mehta,F,1972-12-04,Nagpur,Maharashtra,186205,user2278@email.com,9447716573,Platinum,2020-06-28
CUS02279,Varun,Patel,M,1987-03-12,Ahmedabad,Gujarat,262541,user2279@email.com,9816745560,Platinum,2020-10-30
CUS02280,Isha,Iyer,F,1983-12-17,Mumbai,Maharashtra,329612,user2280@email.com,9363444418,Gold,2023-11-20
CUS02281,Dev,Nair,M,1989-06-05,Ahmedabad,Gujarat,411210,user2281@email.com,9361649622,Platinum,2022-01-22
CUS02282,Swathi,Bose,F,1977-04-07,Bhopal,Madhya Pradesh,534661,user2282@email.com,9697346574,Silver,2022-03-24
CUS02283,Rahul,Agarwal,M,1970-06-05,Lucknow,Uttar Pradesh,643761,user2283@email.com,9723731918,Bronze,2024-12-13
CUS02284,Prakash,Shah,F,1996-05-20,Lucknow,Uttar Pradesh,841076,user2284@email.com,9955554613,Platinum,2022-12-09
CUS02285,Ritu,Gupta,M,1984-10-23,Chandigarh,Punjab,482221,user2285@email.com,9352013447,Bronze,2021-04-11
CUS02286,Rohan,Reddy,M,1981-12-18,Hyderabad,Telangana,967641,user2286@email.com,9854233642,Bronze,2024-05-23
CUS02287,Rajesh,Reddy,M,1984-10-20,Jaipur,Rajasthan,922312,user2287@email.com,9644874404,Gold,2023-04-25
CUS02288,Kiran,Kumar,F,1992-05-23,Jaipur,Rajasthan,733435,user2288@email.com,9344624608,Gold,2020-03-26
CUS02289,Mohan,Verma,F,1971-10-21,Kochi,Kerala,334843,user2289@email.com,9599597507,Bronze,2024-10-24
CUS02290,Priya,Mishra,F,1998-06-21,Bhopal,Madhya Pradesh,621281,user2290@email.com,9734648986,Silver,2024-11-29
CUS02291,Aarav,Verma,M,1994-05-25,Bengaluru,Karnataka,781865,user2291@email.com,9161789291,Gold,2024-09-07
CUS02292,Neha,Reddy,M,1996-05-25,Ahmedabad,Gujarat,471628,user2292@email.com,9170236410,Platinum,2021-05-02
CUS02293,Rajesh,Gupta,F,1985-12-31,Kolkata,West Bengal,863112,user2293@email.com,9129610544,Gold,2020-04-09
CUS02294,Nisha,Reddy,Other,1985-05-17,Ahmedabad,Gujarat,325657,user2294@email.com,9810603224,Silver,2024-04-01
CUS02295,Mohan,Mehta,M,1974-05-05,Jaipur,Rajasthan,697538,user2295@email.com,9957293021,Gold,2022-01-12
CUS02296,Vikram,Verma,Other,1976-05-14,Pune,Maharashtra,715380,user2296@email.com,9437647343,Gold,2024-12-12
CUS02297,Priya,Pillai,F,1975-08-19,Lucknow,Uttar Pradesh,912248,user2297@email.com,9176250049,Silver,2022-11-12
CUS02298,Nisha,Joshi,F,1982-12-17,Jaipur,Rajasthan,360885,user2298@email.com,9745883049,Gold,2022-08-08
CUS02299,Varun,Joshi,M,1992-05-07,Bengaluru,Karnataka,619018,user2299@email.com,9882400360,Bronze,2022-02-27
CUS02300,Sneha,Shah,F,1987-12-02,Delhi,Delhi,818644,user2300@email.com,9516022494,Gold,2021-04-24
CUS02301,Mohan,Bose,M,1984-05-03,Pune,Maharashtra,459971,user2301@email.com,9296483585,Bronze,2022-09-03
CUS02302,Ananya,Agarwal,F,2000-04-06,Hyderabad,Telangana,623954,user2302@email.com,9197425423,Bronze,2022-08-13
CUS02303,Rahul,Iyer,M,1998-11-03,Pune,Maharashtra,778664,user2303@email.com,9779686446,Bronze,2022-03-07
CUS02304,Ajay,Kumar,F,1972-05-24,Ahmedabad,Gujarat,121391,user2304@email.com,9750858728,Bronze,2023-02-25
CUS02305,Priya,Pillai,M,1999-11-19,Jaipur,Rajasthan,101812,user2305@email.com,9668139316,Bronze,2023-01-16
CUS02306,Sanjay,Mehta,M,1979-10-15,Hyderabad,Telangana,695673,user2306@email.com,9704908241,Bronze,2020-07-11
CUS02307,Ananya,Nair,F,1994-05-10,Delhi,Delhi,622401,user2307@email.com,9295191987,Silver,2021-03-19
CUS02308,Sneha,Reddy,F,1992-01-12,Hyderabad,Telangana,701866,user2308@email.com,9289975300,Gold,2021-12-29
CUS02309,Neha,Joshi,F,1970-06-28,Kochi,Kerala,953919,user2309@email.com,9979389668,Silver,2022-03-14
CUS02310,Priya,Verma,F,1970-01-06,Lucknow,Uttar Pradesh,932199,user2310@email.com,9229152969,Gold,2022-01-18
CUS02311,Geeta,Mehta,M,1992-01-16,Kolkata,West Bengal,816211,user2311@email.com,9293721017,Silver,2021-10-03
CUS02312,Prakash,Kumar,F,1987-11-20,Bengaluru,Karnataka,732819,user2312@email.com,9266701228,Platinum,2023-01-05
CUS02313,Kiran,Mishra,F,1974-06-04,Nagpur,Maharashtra,674599,user2313@email.com,9993106372,Bronze,2021-01-13
CUS02314,Sneha,Verma,M,1985-09-15,Ahmedabad,Gujarat,358182,user2314@email.com,9492660421,Bronze,2021-03-29
CUS02315,Isha,Nair,F,1984-05-18,Bhopal,Madhya Pradesh,143610,user2315@email.com,9484744683,Bronze,2023-05-13
CUS02316,Isha,Tiwari,M,1995-09-26,Nagpur,Maharashtra,645095,user2316@email.com,9197660544,Silver,2022-06-05
CUS02317,Geeta,Kapoor,F,1996-02-22,Hyderabad,Telangana,836316,user2317@email.com,9671150852,Silver,2021-09-02
CUS02318,Kavya,Nair,M,1998-01-26,Chandigarh,Punjab,242056,user2318@email.com,9580933864,Gold,2022-04-18
CUS02319,Dev,Agarwal,M,1972-01-06,Kolkata,West Bengal,495383,user2319@email.com,9188464399,Silver,2022-10-24
CUS02320,Sneha,Rao,F,1994-05-08,Ahmedabad,Gujarat,739278,user2320@email.com,9517480119,Bronze,2022-04-15
CUS02321,Ajay,Mehta,F,1973-02-16,Chandigarh,Punjab,832851,user2321@email.com,9159179859,Silver,2021-01-22
CUS02322,Rahul,Singh,M,1997-06-01,Mumbai,Maharashtra,716006,user2322@email.com,9902999305,Platinum,2023-08-09
CUS02323,Ananya,Rao,F,1972-06-19,Jaipur,Rajasthan,660245,user2323@email.com,9130025158,Bronze,2020-11-21
CUS02324,Sanjay,Nair,M,1993-07-31,Kolkata,West Bengal,663886,user2324@email.com,9156301926,Gold,2024-07-04
CUS02325,Neha,Agarwal,F,1978-04-05,Surat,Gujarat,649437,user2325@email.com,9291437553,Silver,2021-06-11
CUS02326,Mohan,Patel,F,1987-06-25,Surat,Gujarat,203442,user2326@email.com,9590951003,Platinum,2024-09-06
CUS02327,Pooja,Rao,M,1995-09-03,Nagpur,Maharashtra,313498,user2327@email.com,9631797707,Bronze,2023-09-11
CUS02328,Swathi,Sharma,M,1970-06-12,Surat,Gujarat,500019,user2328@email.com,9321222848,Platinum,2020-11-22
CUS02329,Geeta,Mehta,M,1971-05-12,Delhi,Delhi,352064,user2329@email.com,9808233867,Gold,2024-11-21
CUS02330,Kiran,Joshi,Other,1996-11-06,Bhopal,Madhya Pradesh,966723,user2330@email.com,9345212382,Bronze,2024-11-07
CUS02331,Sanjay,Patel,M,1970-05-12,Bhopal,Madhya Pradesh,727836,user2331@email.com,9364326419,Silver,2023-03-20
CUS02332,Prakash,Agarwal,F,1999-04-09,Kolkata,West Bengal,844669,user2332@email.com,9772366837,Bronze,2021-03-17
CUS02333,Dev,Gupta,M,1986-11-25,Nagpur,Maharashtra,110724,user2333@email.com,9546555658,Gold,2024-03-12
CUS02334,Arjun,Nair,F,1997-09-08,Pune,Maharashtra,611932,user2334@email.com,9372113539,Silver,2020-04-28
CUS02335,Mohan,Shah,M,1981-05-20,Surat,Gujarat,904390,user2335@email.com,9582247741,Bronze,2024-10-31
CUS02336,Pooja,Singh,F,1975-08-28,Kochi,Kerala,220878,user2336@email.com,9270643164,Platinum,2024-04-18
CUS02337,Rohan,Joshi,F,1997-05-25,Ahmedabad,Gujarat,275496,user2337@email.com,9894668747,Bronze,2021-06-09
CUS02338,Mohan,Shah,M,1994-12-19,Surat,Gujarat,400353,user2338@email.com,9405699476,Gold,2021-02-06
CUS02339,Sneha,Kumar,M,1984-04-15,Kolkata,West Bengal,311944,user2339@email.com,9192881954,Silver,2024-01-09
CUS02340,Rahul,Reddy,F,1988-01-16,Ahmedabad,Gujarat,137429,user2340@email.com,9603538733,Silver,2023-12-03
CUS02341,Pooja,Patel,F,1971-10-27,Delhi,Delhi,293439,user2341@email.com,9189773437,Gold,2021-10-18
CUS02342,Rohan,Iyer,M,1991-09-28,Chandigarh,Punjab,488918,user2342@email.com,9570415484,Gold,2021-09-29
CUS02343,Swathi,Patel,F,1990-02-10,Ahmedabad,Gujarat,628083,user2343@email.com,9923334686,Platinum,2022-02-09
CUS02344,Rahul,Rao,M,1990-08-28,Chandigarh,Punjab,114901,user2344@email.com,9263971681,Bronze,2024-03-15
CUS02345,Geeta,Joshi,M,1997-09-10,Kolkata,West Bengal,310396,user2345@email.com,9791634879,Bronze,2022-10-13
CUS02346,Vikram,Mehta,F,1979-02-12,Pune,Maharashtra,336176,user2346@email.com,9297528940,Silver,2020-04-26
CUS02347,Tara,Mishra,M,1988-12-21,Hyderabad,Telangana,561929,user2347@email.com,9174499298,Gold,2024-02-28
CUS02348,Suresh,Mehta,F,1983-05-01,Lucknow,Uttar Pradesh,250327,user2348@email.com,9687469231,Platinum,2020-07-21
CUS02349,Sneha,Singh,M,1976-03-16,Mumbai,Maharashtra,660226,user2349@email.com,9118749474,Silver,2023-03-05
CUS02350,Lata,Rao,M,1980-02-01,Bengaluru,Karnataka,250456,user2350@email.com,9211446453,Silver,2021-10-07
CUS02351,Sanjay,Sharma,F,1987-01-29,Mumbai,Maharashtra,953232,user2351@email.com,9516104233,Gold,2021-10-26
CUS02352,Neha,Iyer,F,1977-04-29,Delhi,Delhi,136904,user2352@email.com,9705202509,Silver,2020-09-07
CUS02353,Dev,Bose,F,1978-01-14,Mumbai,Maharashtra,776111,user2353@email.com,9514523135,Bronze,2021-03-06
CUS02354,Sanjay,Mishra,F,1996-09-23,Lucknow,Uttar Pradesh,349214,user2354@email.com,9833238075,Silver,2024-06-09
CUS02355,Meera,Mishra,F,1979-07-12,Kolkata,West Bengal,260576,user2355@email.com,9587718440,Silver,2020-11-04
CUS02356,Pooja,Reddy,M,1998-02-14,Hyderabad,Telangana,866486,user2356@email.com,9287210273,Platinum,2023-08-22
CUS02357,Arjun,Joshi,M,1986-04-06,Pune,Maharashtra,121954,user2357@email.com,9563573628,Gold,2024-10-17
CUS02358,Priya,Mishra,M,1976-03-02,Bengaluru,Karnataka,667802,user2358@email.com,9343723943,Platinum,2024-04-26
CUS02359,Varun,Pillai,M,1983-08-09,Bengaluru,Karnataka,525504,user2359@email.com,9552196329,Gold,2022-11-23
CUS02360,Lata,Mishra,M,1994-05-27,Ahmedabad,Gujarat,507311,user2360@email.com,9597697758,Bronze,2021-02-19
CUS02361,Tara,Shah,M,1987-08-03,Hyderabad,Telangana,655678,user2361@email.com,9321099638,Bronze,2024-02-08
CUS02362,Rahul,Tiwari,M,1981-01-27,Kochi,Kerala,864733,user2362@email.com,9807945877,Gold,2024-12-28
CUS02363,Prakash,Mishra,F,1982-07-26,Hyderabad,Telangana,901087,user2363@email.com,9950487601,Silver,2020-09-21
CUS02364,Divya,Nair,M,1987-12-19,Surat,Gujarat,593074,user2364@email.com,9216662246,Silver,2024-06-22
CUS02365,Divya,Pandey,M,1973-02-07,Ahmedabad,Gujarat,309096,user2365@email.com,9333193248,Bronze,2020-07-16
CUS02366,Ananya,Shah,F,1981-01-10,Nagpur,Maharashtra,552758,user2366@email.com,9293612001,Platinum,2022-03-31
CUS02367,Mohan,Nair,M,1993-12-18,Mumbai,Maharashtra,799393,user2367@email.com,9285049518,Bronze,2022-11-20
CUS02368,Tara,Tiwari,F,1976-07-15,Kochi,Kerala,772386,user2368@email.com,9531511587,Silver,2024-05-07
CUS02369,Rahul,Reddy,M,1972-11-13,Chandigarh,Punjab,591341,user2369@email.com,9363816732,Gold,2020-03-27
CUS02370,Ajay,Bose,M,1983-08-22,Bengaluru,Karnataka,900475,user2370@email.com,9757478848,Silver,2022-06-14
CUS02371,Prakash,Patel,F,1971-02-27,Surat,Gujarat,925189,user2371@email.com,9170178740,Bronze,2022-01-31
CUS02372,Geeta,Patel,M,1971-12-29,Mumbai,Maharashtra,194316,user2372@email.com,9436396741,Platinum,2022-09-08
CUS02373,Rahul,Reddy,Other,1986-05-25,Hyderabad,Telangana,422501,user2373@email.com,9170891744,Bronze,2023-07-03
CUS02374,Kiran,Tiwari,F,1988-08-05,Nagpur,Maharashtra,568311,user2374@email.com,9610121136,Bronze,2021-01-06
CUS02375,Divya,Mehta,M,1983-03-14,Bengaluru,Karnataka,689181,user2375@email.com,9271597258,Platinum,2022-02-05
CUS02376,Ananya,Agarwal,M,1989-02-26,Bengaluru,Karnataka,748322,user2376@email.com,9539890432,Bronze,2024-08-01
CUS02377,Dev,Bose,F,1991-07-15,Jaipur,Rajasthan,394895,user2377@email.com,9840842888,Gold,2021-02-13
CUS02378,Sneha,Reddy,F,1971-03-10,Chennai,Tamil Nadu,201784,user2378@email.com,9911398262,Bronze,2024-09-18
CUS02379,Sanjay,Bose,M,1994-12-06,Nagpur,Maharashtra,278738,user2379@email.com,9923708262,Bronze,2023-12-19
CUS02380,Varun,Pillai,F,1973-04-23,Kochi,Kerala,713302,user2380@email.com,9714083959,Bronze,2021-12-03
CUS02381,Aarav,Bose,F,1983-12-18,Nagpur,Maharashtra,694315,user2381@email.com,9469183381,Gold,2022-03-21
CUS02382,Prakash,Pillai,M,1975-09-02,Delhi,Delhi,241498,user2382@email.com,9770048289,Bronze,2021-01-02
CUS02383,Geeta,Reddy,M,1971-02-15,Pune,Maharashtra,929389,user2383@email.com,9818230059,Bronze,2024-04-13
CUS02384,Kiran,Mehta,F,1977-09-29,Surat,Gujarat,924786,user2384@email.com,9189198631,Bronze,2024-12-15
CUS02385,Isha,Sharma,F,1992-06-14,Chandigarh,Punjab,718998,user2385@email.com,9548543471,Platinum,2023-12-07
CUS02386,Neha,Gupta,M,1998-12-17,Hyderabad,Telangana,393859,user2386@email.com,9658809180,Platinum,2022-11-07
CUS02387,Isha,Rao,F,1988-07-16,Mumbai,Maharashtra,154537,user2387@email.com,9797293434,Bronze,2022-01-03
CUS02388,Arjun,Mishra,Other,1982-01-17,Kolkata,West Bengal,453913,user2388@email.com,9143439020,Bronze,2020-03-06
CUS02389,Tara,Mishra,F,1995-03-25,Chandigarh,Punjab,449090,user2389@email.com,9691926077,Bronze,2023-09-24
CUS02390,Geeta,Pandey,M,1985-03-06,Bhopal,Madhya Pradesh,701518,user2390@email.com,9120628901,Bronze,2024-06-20
CUS02391,Prakash,Bose,M,2000-07-14,Chennai,Tamil Nadu,137731,user2391@email.com,9846560110,Silver,2020-12-16
CUS02392,Sanjay,Rao,M,1995-07-30,Kochi,Kerala,637483,user2392@email.com,9941942818,Silver,2021-12-20
CUS02393,Kiran,Reddy,F,1981-07-10,Kochi,Kerala,854048,user2393@email.com,9380877904,Silver,2021-03-06
CUS02394,Divya,Gupta,M,1988-03-10,Ahmedabad,Gujarat,571727,user2394@email.com,9821348271,Bronze,2021-01-22
CUS02395,Geeta,Rao,F,1996-05-20,Surat,Gujarat,219039,user2395@email.com,9124704065,Gold,2021-04-08
CUS02396,Ajay,Kumar,M,1997-04-29,Chandigarh,Punjab,285710,user2396@email.com,9500922627,Bronze,2024-09-11
CUS02397,Ritu,Iyer,F,1998-05-18,Lucknow,Uttar Pradesh,179074,user2397@email.com,9110356496,Gold,2022-12-26
CUS02398,Ritu,Rao,F,1976-09-18,Kochi,Kerala,747454,user2398@email.com,9175572930,Bronze,2020-08-29
CUS02399,Neha,Mishra,F,1974-07-11,Surat,Gujarat,446974,user2399@email.com,9944102411,Silver,2021-11-30
CUS02400,Sneha,Patel,F,1988-08-12,Lucknow,Uttar Pradesh,309213,user2400@email.com,9901080200,Platinum,2020-03-18
CUS02401,Rohan,Singh,M,1988-07-24,Bengaluru,Karnataka,930045,user2401@email.com,9836158465,Bronze,2021-08-20
CUS02402,Mohan,Singh,M,1973-11-28,Mumbai,Maharashtra,755833,user2402@email.com,9668367500,Bronze,2022-08-27
CUS02403,Rahul,Bose,F,1980-05-01,Bhopal,Madhya Pradesh,295103,user2403@email.com,9603810893,Bronze,2020-06-19
CUS02404,Rajesh,Patel,M,1999-01-02,Surat,Gujarat,632240,user2404@email.com,9106778955,Bronze,2020-12-20
CUS02405,Arjun,Reddy,F,1973-11-15,Chennai,Tamil Nadu,703386,user2405@email.com,9303308276,Silver,2024-03-31
CUS02406,Ajay,Singh,M,1991-01-21,Kochi,Kerala,989838,user2406@email.com,9445106468,Gold,2024-06-18
CUS02407,Ananya,Shah,F,1980-01-15,Chennai,Tamil Nadu,721080,user2407@email.com,9418600131,Silver,2021-12-28
CUS02408,Dev,Mehta,M,1978-08-05,Jaipur,Rajasthan,363139,user2408@email.com,9985266387,Bronze,2023-08-24
CUS02409,Suresh,Sharma,F,1978-11-03,Chennai,Tamil Nadu,816734,user2409@email.com,9370226644,Bronze,2021-03-30
CUS02410,Rohan,Patel,M,1973-10-25,Bengaluru,Karnataka,460944,user2410@email.com,9886960612,Bronze,2023-04-09
CUS02411,Varun,Agarwal,M,1971-06-24,Chandigarh,Punjab,901566,user2411@email.com,9868916948,Silver,2020-01-12
CUS02412,Tara,Singh,M,1974-12-30,Kochi,Kerala,908856,user2412@email.com,9488135963,Silver,2023-07-10
CUS02413,Tara,Singh,F,1973-03-22,Lucknow,Uttar Pradesh,862470,user2413@email.com,9442592338,Silver,2021-07-23
CUS02414,Ritu,Bose,M,1986-02-09,Kochi,Kerala,414831,user2414@email.com,9919707906,Silver,2023-06-26
CUS02415,Lata,Nair,M,1994-10-26,Jaipur,Rajasthan,278837,user2415@email.com,9145848218,Silver,2024-01-17
CUS02416,Amit,Mishra,M,1974-03-29,Pune,Maharashtra,934930,user2416@email.com,9532977458,Silver,2023-08-09
CUS02417,Amit,Mishra,M,1971-04-22,Nagpur,Maharashtra,873701,user2417@email.com,9905899160,Bronze,2021-11-27
CUS02418,Neha,Reddy,F,1974-08-02,Mumbai,Maharashtra,499987,user2418@email.com,9778812108,Bronze,2020-07-27
CUS02419,Aarav,Agarwal,F,1988-11-05,Hyderabad,Telangana,793918,user2419@email.com,9285521063,Bronze,2021-08-10
CUS02420,Rahul,Kumar,M,1977-10-21,Bengaluru,Karnataka,595230,user2420@email.com,9260953712,Bronze,2020-09-07
CUS02421,Aarav,Bose,M,1975-04-22,Chennai,Tamil Nadu,418266,user2421@email.com,9990967517,Platinum,2024-08-05
CUS02422,Arjun,Iyer,M,1979-12-10,Jaipur,Rajasthan,736302,user2422@email.com,9877098316,Silver,2023-02-13
CUS02423,Neha,Joshi,F,1997-05-14,Pune,Maharashtra,798130,user2423@email.com,9164167256,Bronze,2021-10-14
CUS02424,Rohan,Rao,F,1971-12-07,Delhi,Delhi,737343,user2424@email.com,9410656982,Bronze,2021-09-27
CUS02425,Isha,Nair,M,1990-07-19,Jaipur,Rajasthan,113597,user2425@email.com,9430720723,Silver,2021-10-04
CUS02426,Dev,Mehta,F,1982-11-03,Hyderabad,Telangana,549836,user2426@email.com,9756729233,Bronze,2024-05-28
CUS02427,Suresh,Mehta,M,1978-07-15,Bengaluru,Karnataka,491490,user2427@email.com,9966643102,Silver,2021-12-07
CUS02428,Meera,Tiwari,Other,1998-02-24,Bengaluru,Karnataka,166191,user2428@email.com,9119015738,Silver,2020-08-24
CUS02429,Pooja,Nair,F,1999-07-28,Pune,Maharashtra,821715,user2429@email.com,9350652514,Platinum,2024-05-30
CUS02430,Kiran,Bose,F,1980-06-07,Nagpur,Maharashtra,681955,user2430@email.com,9465885406,Silver,2023-10-28
CUS02431,Mohan,Nair,F,1980-06-06,Hyderabad,Telangana,437466,user2431@email.com,9939231372,Silver,2020-10-11
CUS02432,Pooja,Tiwari,F,1999-05-17,Nagpur,Maharashtra,952829,user2432@email.com,9980099988,Bronze,2021-03-06
CUS02433,Isha,Sharma,M,1975-06-29,Lucknow,Uttar Pradesh,200225,user2433@email.com,9512470771,Gold,2024-12-04
CUS02434,Kiran,Singh,F,1979-04-09,Lucknow,Uttar Pradesh,585164,user2434@email.com,9747036581,Platinum,2020-09-09
CUS02435,Arjun,Singh,M,1998-09-27,Kochi,Kerala,915197,user2435@email.com,9307427294,Gold,2023-01-19
CUS02436,Mohan,Reddy,M,1989-04-15,Kolkata,West Bengal,915539,user2436@email.com,9163373589,Silver,2024-12-28
CUS02437,Dev,Sharma,M,1974-08-05,Chennai,Tamil Nadu,964904,user2437@email.com,9766420568,Silver,2024-03-21
CUS02438,Ritu,Gupta,Other,1979-01-03,Bengaluru,Karnataka,608242,user2438@email.com,9437335622,Silver,2021-11-11
CUS02439,Rahul,Nair,Other,1978-07-18,Jaipur,Rajasthan,726615,user2439@email.com,9749701221,Bronze,2022-05-30
CUS02440,Priya,Nair,F,1991-01-03,Kochi,Kerala,628617,user2440@email.com,9403285097,Bronze,2022-02-21
CUS02441,Nisha,Sharma,M,1971-12-16,Pune,Maharashtra,314161,user2441@email.com,9254682821,Bronze,2022-05-02
CUS02442,Dev,Agarwal,M,1971-12-15,Mumbai,Maharashtra,587524,user2442@email.com,9933005577,Platinum,2022-07-16
CUS02443,Amit,Shah,F,1971-09-04,Bengaluru,Karnataka,722691,user2443@email.com,9576890916,Gold,2021-01-15
CUS02444,Geeta,Gupta,F,1981-11-09,Delhi,Delhi,307388,user2444@email.com,9858380341,Silver,2021-08-01
CUS02445,Ananya,Tiwari,M,1986-04-08,Kolkata,West Bengal,117779,user2445@email.com,9233052656,Bronze,2020-09-22
CUS02446,Kavya,Bose,M,1978-08-18,Hyderabad,Telangana,430583,user2446@email.com,9993143108,Gold,2020-02-15
CUS02447,Aarav,Agarwal,F,1986-12-17,Jaipur,Rajasthan,514751,user2447@email.com,9291124362,Bronze,2023-09-20
CUS02448,Ajay,Patel,F,1981-10-31,Bhopal,Madhya Pradesh,439753,user2448@email.com,9707326507,Gold,2022-02-14
CUS02449,Prakash,Kapoor,M,1981-01-07,Mumbai,Maharashtra,852112,user2449@email.com,9866291023,Bronze,2020-12-05
CUS02450,Geeta,Singh,M,1988-10-29,Delhi,Delhi,207220,user2450@email.com,9661331376,Bronze,2020-11-30
CUS02451,Pooja,Singh,F,1996-03-03,Kochi,Kerala,474426,user2451@email.com,9463094446,Bronze,2022-09-16
CUS02452,Ajay,Singh,F,1988-11-03,Hyderabad,Telangana,671590,user2452@email.com,9166733536,Silver,2021-12-08
CUS02453,Ritu,Shah,F,1980-09-24,Surat,Gujarat,674721,user2453@email.com,9983524116,Bronze,2020-12-13
CUS02454,Amit,Joshi,M,1983-03-08,Chennai,Tamil Nadu,373421,user2454@email.com,9344164763,Bronze,2020-07-24
CUS02455,Tara,Verma,M,1994-05-20,Surat,Gujarat,774132,user2455@email.com,9848707043,Bronze,2024-01-01
CUS02456,Priya,Iyer,F,1986-02-18,Mumbai,Maharashtra,260044,user2456@email.com,9247825381,Silver,2023-10-07
CUS02457,Sanjay,Shah,M,1988-02-11,Hyderabad,Telangana,902723,user2457@email.com,9410997938,Silver,2023-04-14
CUS02458,Mohan,Agarwal,F,1999-11-05,Surat,Gujarat,142079,user2458@email.com,9314881943,Silver,2020-10-03
CUS02459,Pooja,Tiwari,F,1990-05-08,Chennai,Tamil Nadu,466353,user2459@email.com,9853578008,Bronze,2023-03-22
CUS02460,Meera,Kapoor,F,1999-04-11,Nagpur,Maharashtra,272154,user2460@email.com,9526470378,Bronze,2020-04-30
CUS02461,Aarav,Pandey,M,1982-09-05,Jaipur,Rajasthan,683283,user2461@email.com,9501902191,Silver,2020-07-18
CUS02462,Varun,Nair,F,1977-04-05,Bengaluru,Karnataka,368727,user2462@email.com,9459151333,Bronze,2021-08-04
CUS02463,Arjun,Shah,M,1997-11-13,Nagpur,Maharashtra,399244,user2463@email.com,9584955248,Bronze,2022-10-07
CUS02464,Dev,Kapoor,F,1993-10-15,Lucknow,Uttar Pradesh,314528,user2464@email.com,9298461891,Bronze,2020-07-27
CUS02465,Ritu,Kumar,F,1993-10-28,Pune,Maharashtra,315569,user2465@email.com,9314901516,Gold,2020-11-26
CUS02466,Lata,Mehta,F,1970-01-18,Kochi,Kerala,806956,user2466@email.com,9330148431,Gold,2020-06-17
CUS02467,Divya,Pillai,F,1989-08-20,Bhopal,Madhya Pradesh,779299,user2467@email.com,9772288694,Bronze,2021-04-23
CUS02468,Prakash,Gupta,M,2000-07-09,Nagpur,Maharashtra,124969,user2468@email.com,9432754275,Bronze,2023-03-21
CUS02469,Ananya,Rao,M,1979-07-02,Bhopal,Madhya Pradesh,854914,user2469@email.com,9517225705,Gold,2023-06-11
CUS02470,Sanjay,Pandey,F,1977-06-11,Ahmedabad,Gujarat,615566,user2470@email.com,9615584596,Silver,2024-03-31
CUS02471,Ritu,Iyer,M,1988-07-02,Kolkata,West Bengal,212471,user2471@email.com,9100290700,Gold,2022-04-08
CUS02472,Priya,Sharma,F,1997-12-02,Lucknow,Uttar Pradesh,100009,user2472@email.com,9425823255,Silver,2022-05-28
CUS02473,Rajesh,Joshi,M,1980-11-07,Kochi,Kerala,485928,user2473@email.com,9331185888,Silver,2022-02-05
CUS02474,Lata,Pillai,M,1981-11-22,Pune,Maharashtra,537766,user2474@email.com,9801825549,Bronze,2021-07-12
CUS02475,Priya,Kumar,M,1993-02-06,Chandigarh,Punjab,375487,user2475@email.com,9590622322,Platinum,2022-08-09
CUS02476,Ritu,Nair,M,1995-03-27,Nagpur,Maharashtra,767638,user2476@email.com,9899143659,Platinum,2023-12-17
CUS02477,Aarav,Bose,M,1973-05-26,Chandigarh,Punjab,218055,user2477@email.com,9192444088,Gold,2021-08-26
CUS02478,Neha,Tiwari,F,1997-09-15,Ahmedabad,Gujarat,386402,user2478@email.com,9389982059,Bronze,2023-06-29
CUS02479,Isha,Singh,F,1997-11-19,Lucknow,Uttar Pradesh,260741,user2479@email.com,9331365141,Bronze,2023-03-10
CUS02480,Sanjay,Sharma,M,1991-10-22,Surat,Gujarat,553496,user2480@email.com,9991690203,Silver,2024-11-21
CUS02481,Aarav,Tiwari,F,1988-12-03,Bengaluru,Karnataka,788505,user2481@email.com,9167656728,Platinum,2022-03-08
CUS02482,Arjun,Mehta,F,1990-09-03,Nagpur,Maharashtra,312544,user2482@email.com,9961077612,Bronze,2020-11-24
CUS02483,Arjun,Nair,M,1990-12-02,Surat,Gujarat,569750,user2483@email.com,9970110910,Bronze,2022-12-29
CUS02484,Priya,Tiwari,F,1979-11-19,Surat,Gujarat,556491,user2484@email.com,9700161968,Platinum,2022-11-24
CUS02485,Ritu,Iyer,F,1973-09-04,Ahmedabad,Gujarat,878594,user2485@email.com,9150782116,Bronze,2022-05-23
CUS02486,Swathi,Pillai,F,1993-04-25,Delhi,Delhi,595426,user2486@email.com,9684749861,Bronze,2022-03-09
CUS02487,Prakash,Pillai,F,1981-04-28,Surat,Gujarat,667035,user2487@email.com,9256439562,Bronze,2024-02-17
CUS02488,Meera,Agarwal,M,1982-12-01,Surat,Gujarat,521296,user2488@email.com,9499549977,Silver,2024-04-18
CUS02489,Ajay,Mehta,M,1977-01-28,Hyderabad,Telangana,805332,user2489@email.com,9907087951,Gold,2022-01-22
CUS02490,Kavya,Agarwal,M,1974-04-27,Surat,Gujarat,552682,user2490@email.com,9192820212,Silver,2020-07-19
CUS02491,Vikram,Rao,F,1993-08-04,Nagpur,Maharashtra,776818,user2491@email.com,9600959801,Silver,2023-01-01
CUS02492,Neha,Joshi,F,1992-07-19,Jaipur,Rajasthan,460137,user2492@email.com,9643692256,Platinum,2020-10-23
CUS02493,Vikram,Pandey,M,1988-02-03,Surat,Gujarat,763431,user2493@email.com,9993367254,Gold,2020-06-07
CUS02494,Ritu,Tiwari,M,1991-08-25,Bhopal,Madhya Pradesh,955908,user2494@email.com,9950701808,Bronze,2024-08-30
CUS02495,Sanjay,Singh,F,1998-10-01,Kochi,Kerala,217314,user2495@email.com,9638356589,Silver,2020-03-19
CUS02496,Sneha,Tiwari,M,1985-05-19,Jaipur,Rajasthan,677187,user2496@email.com,9813648478,Platinum,2021-07-05
CUS02497,Pooja,Rao,F,1994-12-20,Kochi,Kerala,441298,user2497@email.com,9885822999,Gold,2021-03-31
CUS02498,Kavya,Shah,F,1987-01-27,Hyderabad,Telangana,959162,user2498@email.com,9521765498,Bronze,2024-12-20
CUS02499,Lata,Agarwal,F,1988-04-26,Hyderabad,Telangana,211596,user2499@email.com,9342466812,Silver,2020-01-11
CUS02500,Vikram,Nair,F,1997-04-18,Ahmedabad,Gujarat,932143,user2500@email.com,9641714649,Gold,2024-02-01
CUS02501,Vikram,Singh,F,1999-06-06,Ahmedabad,Gujarat,421447,user2501@email.com,9359666580,Gold,2023-01-16
CUS02502,Varun,Nair,F,1996-01-10,Kolkata,West Bengal,201279,user2502@email.com,9974556653,Bronze,2024-11-18
CUS02503,Aarav,Mehta,M,1986-03-13,Mumbai,Maharashtra,294735,user2503@email.com,9988689504,Gold,2023-09-29
CUS02504,Rohan,Gupta,F,1995-12-19,Delhi,Delhi,224731,user2504@email.com,9553030493,Platinum,2024-09-30
CUS02505,Sanjay,Sharma,F,1973-07-12,Surat,Gujarat,414798,user2505@email.com,9468475537,Bronze,2020-05-25
CUS02506,Divya,Agarwal,F,1981-08-10,Chennai,Tamil Nadu,601680,user2506@email.com,9782061852,Silver,2024-10-06
CUS02507,Tara,Bose,Other,1979-02-14,Mumbai,Maharashtra,624282,user2507@email.com,9443202087,Bronze,2022-11-08
CUS02508,Mohan,Bose,F,1979-02-12,Kolkata,West Bengal,502396,user2508@email.com,9908439501,Silver,2022-04-19
CUS02509,Nisha,Tiwari,F,1995-08-01,Delhi,Delhi,468107,user2509@email.com,9835350127,Silver,2023-01-28
CUS02510,Sanjay,Patel,Other,1977-01-22,Mumbai,Maharashtra,895921,user2510@email.com,9193231525,Silver,2021-06-10
CUS02511,Rohan,Singh,M,1975-05-14,Jaipur,Rajasthan,970978,user2511@email.com,9868378762,Silver,2021-02-28
CUS02512,Amit,Shah,F,1992-08-15,Delhi,Delhi,353103,user2512@email.com,9748119941,Platinum,2023-03-03
CUS02513,Kiran,Mehta,F,1992-11-18,Mumbai,Maharashtra,838239,user2513@email.com,9584471226,Bronze,2024-04-20
CUS02514,Sneha,Sharma,F,1977-07-08,Pune,Maharashtra,722255,user2514@email.com,9825036318,Gold,2022-07-11
CUS02515,Suresh,Mishra,M,1996-03-08,Nagpur,Maharashtra,290036,user2515@email.com,9597335712,Bronze,2021-09-04
CUS02516,Sanjay,Verma,F,1992-10-18,Lucknow,Uttar Pradesh,151081,user2516@email.com,9371876053,Silver,2020-02-17
CUS02517,Suresh,Bose,M,1990-01-17,Kochi,Kerala,573668,user2517@email.com,9415024544,Gold,2024-01-25
CUS02518,Divya,Pandey,M,2000-05-12,Mumbai,Maharashtra,215002,user2518@email.com,9837453788,Bronze,2021-04-06
CUS02519,Rohan,Nair,F,1992-08-05,Bhopal,Madhya Pradesh,361140,user2519@email.com,9106112278,Bronze,2024-02-13
CUS02520,Ritu,Joshi,F,1985-07-29,Kochi,Kerala,146005,user2520@email.com,9424567060,Bronze,2020-04-21
CUS02521,Neha,Tiwari,F,1971-03-09,Hyderabad,Telangana,339843,user2521@email.com,9866466927,Silver,2023-11-11
CUS02522,Geeta,Kumar,M,1991-03-05,Kochi,Kerala,245967,user2522@email.com,9241732851,Gold,2022-09-09
CUS02523,Rajesh,Sharma,M,1980-05-18,Lucknow,Uttar Pradesh,484487,user2523@email.com,9952913236,Silver,2020-10-04
CUS02524,Mohan,Kapoor,F,1976-09-20,Mumbai,Maharashtra,486178,user2524@email.com,9781645666,Silver,2024-05-20
CUS02525,Isha,Patel,M,1972-10-17,Pune,Maharashtra,684352,user2525@email.com,9853818040,Silver,2020-08-20
CUS02526,Rohan,Gupta,F,1980-06-05,Delhi,Delhi,796990,user2526@email.com,9484015807,Silver,2020-11-17
CUS02527,Geeta,Iyer,F,1985-09-25,Jaipur,Rajasthan,244207,user2527@email.com,9229934440,Bronze,2020-01-04
CUS02528,Rajesh,Joshi,F,2000-09-03,Delhi,Delhi,567771,user2528@email.com,9808521384,Platinum,2023-02-17
CUS02529,Kavya,Gupta,F,1993-02-25,Hyderabad,Telangana,928373,user2529@email.com,9804656710,Bronze,2023-03-01
CUS02530,Sneha,Verma,M,1989-12-30,Pune,Maharashtra,312281,user2530@email.com,9258255838,Bronze,2023-08-25
CUS02531,Mohan,Shah,M,1982-08-11,Kochi,Kerala,162908,user2531@email.com,9647818813,Gold,2021-11-25
CUS02532,Suresh,Gupta,F,1985-08-09,Delhi,Delhi,109287,user2532@email.com,9425713292,Gold,2024-01-27
CUS02533,Kiran,Iyer,F,1972-11-28,Bengaluru,Karnataka,940145,user2533@email.com,9329309436,Bronze,2022-10-02
CUS02534,Isha,Bose,M,1983-06-02,Ahmedabad,Gujarat,280793,user2534@email.com,9516458857,Silver,2022-04-15
CUS02535,Kavya,Singh,M,1977-02-18,Surat,Gujarat,233122,user2535@email.com,9647466482,Bronze,2022-08-11
CUS02536,Rohan,Bose,F,1978-08-19,Chandigarh,Punjab,176116,user2536@email.com,9707906889,Bronze,2024-03-20
CUS02537,Ajay,Agarwal,F,1988-08-31,Surat,Gujarat,479293,user2537@email.com,9341959177,Gold,2022-06-23
CUS02538,Priya,Agarwal,M,1974-02-27,Pune,Maharashtra,436055,user2538@email.com,9938197230,Bronze,2020-09-30
CUS02539,Tara,Pillai,M,1977-04-19,Chennai,Tamil Nadu,735894,user2539@email.com,9998048068,Gold,2022-08-06
CUS02540,Geeta,Reddy,F,1978-05-25,Kochi,Kerala,928865,user2540@email.com,9647122228,Gold,2020-06-05
CUS02541,Neha,Joshi,M,1973-03-21,Surat,Gujarat,646579,user2541@email.com,9408837864,Silver,2020-01-21
CUS02542,Nisha,Pandey,M,1981-03-13,Delhi,Delhi,169556,user2542@email.com,9703106474,Bronze,2020-07-30
CUS02543,Ajay,Reddy,F,1998-07-11,Nagpur,Maharashtra,141889,user2543@email.com,9496770295,Bronze,2022-10-26
CUS02544,Amit,Rao,M,1979-11-08,Kolkata,West Bengal,661293,user2544@email.com,9749931490,Bronze,2023-10-08
CUS02545,Neha,Bose,F,1977-10-03,Kolkata,West Bengal,504848,user2545@email.com,9913271066,Gold,2024-05-05
CUS02546,Rajesh,Verma,F,1992-12-12,Kochi,Kerala,734603,user2546@email.com,9743538443,Silver,2022-11-06
CUS02547,Vikram,Bose,M,1995-12-17,Lucknow,Uttar Pradesh,825010,user2547@email.com,9625785101,Platinum,2024-09-14
CUS02548,Suresh,Pandey,F,1980-02-10,Jaipur,Rajasthan,363814,user2548@email.com,9775513932,Bronze,2023-09-06
CUS02549,Neha,Mehta,F,1992-05-07,Kolkata,West Bengal,338909,user2549@email.com,9436136625,Platinum,2021-08-06
CUS02550,Geeta,Iyer,F,1978-09-11,Hyderabad,Telangana,465442,user2550@email.com,9428938270,Bronze,2020-03-08
CUS02551,Suresh,Agarwal,M,1982-04-07,Hyderabad,Telangana,726797,user2551@email.com,9555103445,Silver,2020-01-03
CUS02552,Ajay,Pandey,F,1972-01-24,Chennai,Tamil Nadu,246043,user2552@email.com,9961403389,Gold,2021-12-22
CUS02553,Rahul,Pillai,F,1995-12-01,Kolkata,West Bengal,679761,user2553@email.com,9444824123,Bronze,2022-02-25
CUS02554,Rajesh,Kapoor,M,1996-07-24,Ahmedabad,Gujarat,859790,user2554@email.com,9876038893,Gold,2023-02-05
CUS02555,Pooja,Nair,F,2000-01-23,Surat,Gujarat,764214,user2555@email.com,9991623685,Bronze,2024-03-23
CUS02556,Dev,Bose,M,1978-02-09,Nagpur,Maharashtra,510654,user2556@email.com,9620059677,Gold,2023-07-03
CUS02557,Rajesh,Mishra,F,1991-07-08,Nagpur,Maharashtra,253448,user2557@email.com,9373509648,Silver,2024-04-30
CUS02558,Sneha,Shah,F,1986-10-09,Kolkata,West Bengal,512175,user2558@email.com,9103507992,Bronze,2022-02-21
CUS02559,Geeta,Gupta,F,1997-01-08,Chandigarh,Punjab,576851,user2559@email.com,9691249692,Silver,2022-03-30
CUS02560,Suresh,Tiwari,M,1992-08-12,Kolkata,West Bengal,378607,user2560@email.com,9154753357,Platinum,2021-09-10
CUS02561,Isha,Pandey,M,1971-11-20,Surat,Gujarat,558408,user2561@email.com,9515414277,Bronze,2020-02-19
CUS02562,Ananya,Kumar,M,1990-11-12,Bengaluru,Karnataka,940223,user2562@email.com,9158521238,Bronze,2021-03-19
CUS02563,Arjun,Kumar,F,1989-01-14,Delhi,Delhi,381452,user2563@email.com,9236818449,Gold,2021-11-24
CUS02564,Lata,Agarwal,M,1979-03-28,Nagpur,Maharashtra,792371,user2564@email.com,9708347055,Bronze,2021-05-19
CUS02565,Kiran,Pandey,F,1979-03-21,Delhi,Delhi,397992,user2565@email.com,9561497079,Bronze,2022-04-15
CUS02566,Swathi,Pandey,F,1971-10-04,Chennai,Tamil Nadu,379692,user2566@email.com,9693366694,Bronze,2022-09-08
CUS02567,Vikram,Sharma,F,1990-10-17,Chennai,Tamil Nadu,432102,user2567@email.com,9918568394,Bronze,2024-06-15
CUS02568,Varun,Shah,M,1977-03-02,Chandigarh,Punjab,746233,user2568@email.com,9118726669,Platinum,2024-12-27
CUS02569,Rajesh,Pandey,Other,1974-01-02,Delhi,Delhi,382831,user2569@email.com,9969248053,Silver,2022-03-17
CUS02570,Pooja,Agarwal,M,1987-12-02,Delhi,Delhi,581827,user2570@email.com,9754560757,Bronze,2021-02-20
CUS02571,Geeta,Iyer,M,1984-04-01,Bengaluru,Karnataka,103322,user2571@email.com,9356378128,Silver,2023-11-24
CUS02572,Rajesh,Pandey,F,1984-03-10,Pune,Maharashtra,567838,user2572@email.com,9329123420,Bronze,2024-03-31
CUS02573,Rohan,Agarwal,F,1994-11-19,Bhopal,Madhya Pradesh,564023,user2573@email.com,9261475232,Gold,2024-04-17
CUS02574,Neha,Pandey,F,1980-04-21,Pune,Maharashtra,124145,user2574@email.com,9681178463,Gold,2023-11-02
CUS02575,Prakash,Bose,M,1974-11-11,Chennai,Tamil Nadu,649386,user2575@email.com,9467529733,Bronze,2021-12-02
CUS02576,Suresh,Pandey,M,1999-12-07,Ahmedabad,Gujarat,563669,user2576@email.com,9751282333,Bronze,2021-03-11
CUS02577,Mohan,Singh,F,1986-06-29,Bengaluru,Karnataka,832880,user2577@email.com,9833664642,Bronze,2022-06-13
CUS02578,Sanjay,Nair,M,1974-11-07,Chandigarh,Punjab,470425,user2578@email.com,9534975269,Bronze,2020-05-19
CUS02579,Divya,Iyer,M,1976-06-30,Kochi,Kerala,592529,user2579@email.com,9126066135,Silver,2020-03-10
CUS02580,Pooja,Singh,F,1985-12-23,Lucknow,Uttar Pradesh,938966,user2580@email.com,9123492732,Bronze,2022-08-01
CUS02581,Meera,Shah,M,1981-11-04,Hyderabad,Telangana,557485,user2581@email.com,9877580735,Silver,2023-05-26
CUS02582,Rohan,Agarwal,M,1977-09-23,Pune,Maharashtra,339659,user2582@email.com,9388967162,Bronze,2024-06-09
CUS02583,Isha,Joshi,M,1979-12-19,Kolkata,West Bengal,995113,user2583@email.com,9728670022,Silver,2023-06-04
CUS02584,Suresh,Nair,F,1993-11-01,Lucknow,Uttar Pradesh,499973,user2584@email.com,9491456037,Bronze,2023-06-08
CUS02585,Rohan,Joshi,M,2000-01-05,Chennai,Tamil Nadu,829088,user2585@email.com,9693590276,Bronze,2020-05-11
CUS02586,Suresh,Gupta,F,1999-09-13,Delhi,Delhi,407393,user2586@email.com,9252078385,Gold,2022-09-24
CUS02587,Neha,Joshi,M,1986-11-20,Kolkata,West Bengal,426734,user2587@email.com,9278916307,Silver,2022-12-27
CUS02588,Neha,Singh,F,1982-02-07,Chennai,Tamil Nadu,700424,user2588@email.com,9802894922,Gold,2021-10-20
CUS02589,Neha,Joshi,M,1970-03-25,Bhopal,Madhya Pradesh,593091,user2589@email.com,9554476269,Gold,2020-02-02
CUS02590,Aarav,Nair,F,1986-10-22,Chennai,Tamil Nadu,180790,user2590@email.com,9172350979,Gold,2020-04-25
CUS02591,Varun,Joshi,F,1987-03-22,Kolkata,West Bengal,916902,user2591@email.com,9596645456,Silver,2020-01-14
CUS02592,Lata,Joshi,M,1990-09-11,Hyderabad,Telangana,295881,user2592@email.com,9363760967,Gold,2022-02-03
CUS02593,Neha,Joshi,F,1998-05-09,Hyderabad,Telangana,638177,user2593@email.com,9973280418,Bronze,2021-08-19
CUS02594,Prakash,Patel,M,1982-10-06,Jaipur,Rajasthan,275113,user2594@email.com,9151909478,Silver,2021-06-30
CUS02595,Vikram,Iyer,F,1975-06-15,Bhopal,Madhya Pradesh,974805,user2595@email.com,9494268170,Silver,2020-12-22
CUS02596,Amit,Iyer,F,1975-08-24,Kolkata,West Bengal,844708,user2596@email.com,9217978650,Gold,2022-09-23
CUS02597,Dev,Pandey,F,1993-10-02,Bengaluru,Karnataka,170332,user2597@email.com,9505257116,Bronze,2024-11-15
CUS02598,Amit,Kapoor,F,1991-07-25,Kolkata,West Bengal,810436,user2598@email.com,9909878938,Bronze,2023-09-26
CUS02599,Lata,Shah,F,1999-09-06,Jaipur,Rajasthan,589286,user2599@email.com,9795090262,Platinum,2020-11-15
CUS02600,Ritu,Pandey,F,1999-06-10,Hyderabad,Telangana,978316,user2600@email.com,9904601247,Silver,2023-01-24
CUS02601,Suresh,Agarwal,M,1971-06-10,Kolkata,West Bengal,999601,user2601@email.com,9636577456,Bronze,2022-01-15
CUS02602,Rahul,Singh,F,1991-01-10,Mumbai,Maharashtra,485353,user2602@email.com,9420449851,Bronze,2021-06-02
CUS02603,Nisha,Shah,M,1994-07-01,Nagpur,Maharashtra,491772,user2603@email.com,9125636498,Bronze,2021-10-04
CUS02604,Ajay,Sharma,M,1983-03-11,Chennai,Tamil Nadu,912721,user2604@email.com,9785534409,Gold,2022-04-04
CUS02605,Neha,Tiwari,F,1995-03-15,Ahmedabad,Gujarat,885619,user2605@email.com,9250157550,Silver,2022-08-24
CUS02606,Sanjay,Iyer,M,1987-02-14,Kolkata,West Bengal,338101,user2606@email.com,9571400622,Bronze,2023-02-10
CUS02607,Amit,Mishra,M,1998-04-29,Pune,Maharashtra,314635,user2607@email.com,9597463844,Bronze,2022-01-18
CUS02608,Pooja,Reddy,F,2000-09-19,Mumbai,Maharashtra,206204,user2608@email.com,9417202754,Bronze,2024-02-23
CUS02609,Amit,Shah,F,1971-10-03,Hyderabad,Telangana,554434,user2609@email.com,9183884443,Silver,2022-04-22
CUS02610,Varun,Kapoor,F,1976-03-09,Hyderabad,Telangana,142492,user2610@email.com,9614814659,Bronze,2023-10-19
CUS02611,Rahul,Mehta,F,1989-12-14,Hyderabad,Telangana,274006,user2611@email.com,9111871482,Platinum,2021-06-09
CUS02612,Lata,Verma,M,2000-11-10,Bengaluru,Karnataka,125882,user2612@email.com,9647078662,Bronze,2024-11-04
CUS02613,Meera,Sharma,M,1999-09-19,Jaipur,Rajasthan,450267,user2613@email.com,9957394843,Silver,2021-05-04
CUS02614,Swathi,Rao,M,1973-03-16,Hyderabad,Telangana,153389,user2614@email.com,9960307675,Silver,2020-03-04
CUS02615,Prakash,Mishra,F,1986-10-18,Delhi,Delhi,554461,user2615@email.com,9919951831,Silver,2020-03-06
CUS02616,Ajay,Verma,F,1974-10-02,Surat,Gujarat,693861,user2616@email.com,9643257249,Bronze,2023-11-16
CUS02617,Geeta,Shah,M,1976-12-18,Bengaluru,Karnataka,848967,user2617@email.com,9572297647,Gold,2020-02-03
CUS02618,Arjun,Reddy,M,1994-04-12,Surat,Gujarat,305871,user2618@email.com,9200061572,Silver,2023-08-19
CUS02619,Sanjay,Iyer,M,1991-11-14,Kolkata,West Bengal,417624,user2619@email.com,9113008090,Platinum,2023-05-26
CUS02620,Nisha,Tiwari,M,1970-07-05,Chennai,Tamil Nadu,938306,user2620@email.com,9986827122,Gold,2021-07-27
CUS02621,Kavya,Tiwari,M,1999-05-01,Pune,Maharashtra,320846,user2621@email.com,9100608789,Platinum,2023-03-14
CUS02622,Neha,Patel,M,1976-10-02,Bengaluru,Karnataka,606110,user2622@email.com,9945047864,Bronze,2023-11-01
CUS02623,Geeta,Joshi,F,2000-07-26,Ahmedabad,Gujarat,617453,user2623@email.com,9222661067,Bronze,2023-03-08
CUS02624,Ritu,Rao,F,1985-03-10,Ahmedabad,Gujarat,490192,user2624@email.com,9603505776,Platinum,2020-03-22
CUS02625,Rajesh,Verma,F,1974-03-24,Kolkata,West Bengal,953939,user2625@email.com,9896835990,Bronze,2021-02-07
CUS02626,Kiran,Kapoor,M,1987-08-29,Surat,Gujarat,815084,user2626@email.com,9996959522,Gold,2021-09-05
CUS02627,Tara,Gupta,F,1989-05-04,Jaipur,Rajasthan,916102,user2627@email.com,9363385154,Bronze,2020-02-08
CUS02628,Nisha,Bose,M,1979-04-27,Mumbai,Maharashtra,633552,user2628@email.com,9422733449,Silver,2020-01-25
CUS02629,Sanjay,Patel,Other,1990-08-15,Kochi,Kerala,414931,user2629@email.com,9960790684,Gold,2023-02-05
CUS02630,Varun,Reddy,F,1998-09-09,Delhi,Delhi,985510,user2630@email.com,9941251439,Bronze,2020-06-12
CUS02631,Amit,Reddy,F,1981-07-30,Chennai,Tamil Nadu,831257,user2631@email.com,9682192772,Silver,2021-09-04
CUS02632,Lata,Shah,M,1985-10-09,Pune,Maharashtra,447302,user2632@email.com,9421139569,Bronze,2020-07-01
CUS02633,Swathi,Bose,F,1979-04-06,Bengaluru,Karnataka,795082,user2633@email.com,9171211199,Gold,2022-08-10
CUS02634,Prakash,Patel,M,1980-06-17,Nagpur,Maharashtra,954653,user2634@email.com,9564036549,Bronze,2023-05-14
CUS02635,Aarav,Rao,F,1981-12-01,Ahmedabad,Gujarat,223969,user2635@email.com,9430720440,Bronze,2023-06-08
CUS02636,Isha,Shah,F,1974-06-19,Nagpur,Maharashtra,525006,user2636@email.com,9561822403,Gold,2024-06-07
CUS02637,Pooja,Pandey,F,1975-10-15,Kolkata,West Bengal,452438,user2637@email.com,9270931110,Silver,2024-02-05
CUS02638,Sanjay,Singh,M,1981-03-10,Lucknow,Uttar Pradesh,186308,user2638@email.com,9954907113,Gold,2023-04-07
CUS02639,Kavya,Agarwal,F,1975-12-17,Bengaluru,Karnataka,196799,user2639@email.com,9952110109,Gold,2021-08-24
CUS02640,Vikram,Patel,M,1972-02-10,Surat,Gujarat,286198,user2640@email.com,9135094854,Bronze,2024-09-25
CUS02641,Meera,Pillai,F,1985-03-03,Bhopal,Madhya Pradesh,191771,user2641@email.com,9143411204,Bronze,2023-11-11
CUS02642,Kiran,Kumar,M,1994-04-18,Kolkata,West Bengal,711176,user2642@email.com,9188418118,Platinum,2020-08-27
CUS02643,Aarav,Nair,F,1979-03-12,Lucknow,Uttar Pradesh,509850,user2643@email.com,9984968257,Platinum,2024-11-05
CUS02644,Arjun,Tiwari,M,1986-04-13,Delhi,Delhi,977500,user2644@email.com,9664882147,Bronze,2021-04-25
CUS02645,Divya,Reddy,M,1983-07-24,Lucknow,Uttar Pradesh,735612,user2645@email.com,9379153787,Bronze,2021-05-04
CUS02646,Mohan,Kapoor,M,1970-11-11,Chandigarh,Punjab,735944,user2646@email.com,9340294732,Silver,2023-09-27
CUS02647,Sanjay,Rao,F,1992-03-05,Mumbai,Maharashtra,828664,user2647@email.com,9607515137,Gold,2024-04-20
CUS02648,Suresh,Mehta,M,1982-03-21,Hyderabad,Telangana,839935,user2648@email.com,9974710918,Silver,2023-07-09
CUS02649,Geeta,Iyer,F,1997-12-26,Chandigarh,Punjab,988272,user2649@email.com,9432136364,Silver,2021-05-26
CUS02650,Pooja,Mishra,M,1994-03-30,Chennai,Tamil Nadu,262759,user2650@email.com,9139511177,Bronze,2023-11-20
CUS02651,Prakash,Kumar,M,1975-11-09,Lucknow,Uttar Pradesh,570726,user2651@email.com,9235409307,Bronze,2022-07-20
CUS02652,Divya,Rao,F,1983-03-10,Delhi,Delhi,707408,user2652@email.com,9356897080,Gold,2023-10-30
CUS02653,Nisha,Kumar,F,1982-03-31,Pune,Maharashtra,800731,user2653@email.com,9821168700,Silver,2022-05-07
CUS02654,Divya,Nair,F,1980-09-29,Lucknow,Uttar Pradesh,788056,user2654@email.com,9136331267,Bronze,2020-02-02
CUS02655,Rahul,Pillai,M,1996-03-29,Pune,Maharashtra,132903,user2655@email.com,9962888328,Bronze,2021-07-03
CUS02656,Varun,Bose,F,1982-02-10,Bengaluru,Karnataka,516798,user2656@email.com,9941518072,Gold,2024-03-15
CUS02657,Amit,Reddy,F,1981-07-06,Hyderabad,Telangana,881484,user2657@email.com,9859548363,Silver,2020-03-15
CUS02658,Geeta,Tiwari,F,1986-09-03,Hyderabad,Telangana,292898,user2658@email.com,9107987240,Gold,2022-01-31
CUS02659,Arjun,Agarwal,M,1994-04-24,Bengaluru,Karnataka,450807,user2659@email.com,9259093942,Bronze,2021-06-30
CUS02660,Pooja,Kapoor,F,1978-05-31,Bengaluru,Karnataka,391359,user2660@email.com,9317170067,Gold,2024-01-24
CUS02661,Priya,Sharma,F,1992-02-27,Pune,Maharashtra,845920,user2661@email.com,9468253706,Gold,2023-01-30
CUS02662,Kiran,Sharma,M,1982-12-17,Hyderabad,Telangana,909047,user2662@email.com,9985111193,Platinum,2023-02-14
CUS02663,Rahul,Reddy,M,1990-06-25,Chennai,Tamil Nadu,790660,user2663@email.com,9890859669,Gold,2023-12-08
CUS02664,Suresh,Shah,F,1999-09-06,Kolkata,West Bengal,719171,user2664@email.com,9757627978,Platinum,2021-07-14
CUS02665,Nisha,Patel,F,1996-10-09,Chennai,Tamil Nadu,854038,user2665@email.com,9734554728,Silver,2020-03-16
CUS02666,Ajay,Mishra,M,1995-10-11,Jaipur,Rajasthan,448762,user2666@email.com,9119235979,Silver,2020-09-06
CUS02667,Ritu,Singh,F,2000-01-27,Surat,Gujarat,537513,user2667@email.com,9597725586,Platinum,2024-01-19
CUS02668,Rajesh,Iyer,F,1970-02-28,Lucknow,Uttar Pradesh,975353,user2668@email.com,9734467244,Bronze,2023-01-24
CUS02669,Divya,Patel,F,1970-07-12,Kolkata,West Bengal,800901,user2669@email.com,9722301809,Bronze,2023-02-19
CUS02670,Aarav,Kapoor,M,1980-08-07,Kolkata,West Bengal,332575,user2670@email.com,9982086565,Silver,2023-12-30
CUS02671,Aarav,Agarwal,M,1976-01-10,Pune,Maharashtra,179802,user2671@email.com,9961560965,Gold,2020-08-31
CUS02672,Varun,Verma,F,1985-08-16,Jaipur,Rajasthan,117137,user2672@email.com,9638751928,Gold,2020-12-16
CUS02673,Ritu,Mehta,F,1996-01-26,Kochi,Kerala,795535,user2673@email.com,9154970958,Silver,2024-08-27
CUS02674,Rahul,Verma,F,1970-12-08,Lucknow,Uttar Pradesh,401525,user2674@email.com,9937169446,Bronze,2023-05-22
CUS02675,Geeta,Shah,F,1998-11-30,Chennai,Tamil Nadu,444548,user2675@email.com,9290306476,Silver,2024-12-04
CUS02676,Aarav,Agarwal,M,1999-07-21,Chennai,Tamil Nadu,778264,user2676@email.com,9363707031,Platinum,2023-09-24
CUS02677,Sneha,Reddy,F,1984-06-11,Mumbai,Maharashtra,866526,user2677@email.com,9377232860,Bronze,2021-04-21
CUS02678,Tara,Gupta,M,1984-07-13,Kolkata,West Bengal,547164,user2678@email.com,9319143540,Gold,2022-10-19
CUS02679,Sneha,Mehta,M,1971-01-07,Hyderabad,Telangana,668663,user2679@email.com,9842554204,Silver,2024-08-25
CUS02680,Rohan,Reddy,F,1976-02-19,Delhi,Delhi,994467,user2680@email.com,9103573647,Platinum,2020-03-09
CUS02681,Ajay,Gupta,Other,1976-08-25,Delhi,Delhi,218877,user2681@email.com,9921305438,Silver,2020-06-25
CUS02682,Suresh,Verma,F,1984-07-27,Delhi,Delhi,228028,user2682@email.com,9616729526,Silver,2022-12-11
CUS02683,Ritu,Singh,M,1995-11-13,Kolkata,West Bengal,196500,user2683@email.com,9479288737,Bronze,2020-06-03
CUS02684,Rahul,Verma,F,1995-02-17,Chandigarh,Punjab,860548,user2684@email.com,9119571674,Platinum,2020-05-15
CUS02685,Ritu,Singh,Other,1982-07-15,Lucknow,Uttar Pradesh,270175,user2685@email.com,9256565452,Bronze,2022-07-06
CUS02686,Varun,Verma,M,1979-11-13,Jaipur,Rajasthan,894101,user2686@email.com,9778143400,Bronze,2024-04-12
CUS02687,Neha,Shah,F,1985-11-30,Hyderabad,Telangana,553405,user2687@email.com,9211206782,Gold,2021-09-08
CUS02688,Ritu,Shah,M,1976-10-18,Chandigarh,Punjab,299380,user2688@email.com,9766874289,Silver,2021-08-23
CUS02689,Rajesh,Singh,Other,1983-01-29,Chandigarh,Punjab,880823,user2689@email.com,9343472242,Gold,2020-12-25
CUS02690,Geeta,Bose,F,1992-05-17,Nagpur,Maharashtra,580093,user2690@email.com,9515834008,Bronze,2022-11-15
CUS02691,Rahul,Patel,M,1985-11-13,Hyderabad,Telangana,297216,user2691@email.com,9103996185,Silver,2022-01-21
CUS02692,Tara,Pillai,F,1976-05-10,Mumbai,Maharashtra,535718,user2692@email.com,9905019323,Gold,2023-09-24
CUS02693,Neha,Mishra,M,1976-02-28,Hyderabad,Telangana,983973,user2693@email.com,9203054899,Silver,2024-04-12
CUS02694,Ajay,Kumar,F,1999-08-29,Jaipur,Rajasthan,596427,user2694@email.com,9630799340,Silver,2022-01-24
CUS02695,Lata,Rao,M,1991-08-06,Jaipur,Rajasthan,950216,user2695@email.com,9134875237,Gold,2022-07-29
CUS02696,Kiran,Iyer,M,1994-09-17,Surat,Gujarat,962102,user2696@email.com,9557028126,Bronze,2021-02-25
CUS02697,Sneha,Patel,F,1986-09-29,Bhopal,Madhya Pradesh,797118,user2697@email.com,9247016174,Silver,2020-07-23
CUS02698,Sanjay,Reddy,M,1973-02-24,Bhopal,Madhya Pradesh,991013,user2698@email.com,9542413659,Platinum,2024-05-11
CUS02699,Meera,Singh,F,1997-03-06,Jaipur,Rajasthan,874508,user2699@email.com,9421929419,Silver,2023-03-08
CUS02700,Divya,Rao,M,1991-11-23,Mumbai,Maharashtra,197597,user2700@email.com,9247558675,Platinum,2023-05-03
CUS02701,Swathi,Kumar,M,1978-03-31,Lucknow,Uttar Pradesh,199779,user2701@email.com,9383682425,Gold,2021-12-11
CUS02702,Prakash,Kumar,M,1996-03-22,Hyderabad,Telangana,322623,user2702@email.com,9725162765,Gold,2021-06-21
CUS02703,Priya,Gupta,M,1981-04-05,Chennai,Tamil Nadu,897582,user2703@email.com,9690781755,Gold,2021-11-29
CUS02704,Neha,Singh,F,1970-07-15,Nagpur,Maharashtra,675601,user2704@email.com,9719937594,Gold,2024-01-30
CUS02705,Divya,Verma,F,1984-03-20,Jaipur,Rajasthan,205314,user2705@email.com,9533415651,Gold,2024-12-06
CUS02706,Divya,Agarwal,M,1980-06-17,Mumbai,Maharashtra,449455,user2706@email.com,9388888289,Gold,2021-10-16
CUS02707,Rohan,Kumar,F,1999-02-15,Bengaluru,Karnataka,716881,user2707@email.com,9104305118,Bronze,2024-01-14
CUS02708,Priya,Bose,F,1981-07-31,Ahmedabad,Gujarat,525709,user2708@email.com,9681929857,Bronze,2023-09-13
CUS02709,Rajesh,Verma,F,2000-10-18,Bengaluru,Karnataka,359602,user2709@email.com,9188056367,Bronze,2020-08-23
CUS02710,Dev,Tiwari,F,1989-10-30,Bengaluru,Karnataka,208919,user2710@email.com,9777358085,Gold,2024-05-26
CUS02711,Rahul,Reddy,M,1974-07-24,Ahmedabad,Gujarat,962113,user2711@email.com,9832773091,Silver,2021-08-29
CUS02712,Aarav,Kapoor,F,1974-06-01,Pune,Maharashtra,704704,user2712@email.com,9953260765,Gold,2024-08-03
CUS02713,Rahul,Bose,F,1985-06-11,Bhopal,Madhya Pradesh,162255,user2713@email.com,9561411684,Bronze,2024-05-24
CUS02714,Sanjay,Nair,F,2000-05-11,Surat,Gujarat,406924,user2714@email.com,9469654813,Bronze,2020-09-29
CUS02715,Nisha,Tiwari,M,1976-04-23,Lucknow,Uttar Pradesh,361127,user2715@email.com,9761838191,Gold,2020-02-10
CUS02716,Mohan,Agarwal,M,1979-05-11,Delhi,Delhi,734656,user2716@email.com,9634376866,Bronze,2021-04-25
CUS02717,Sanjay,Tiwari,M,1974-04-29,Delhi,Delhi,365222,user2717@email.com,9842277684,Bronze,2024-05-20
CUS02718,Varun,Tiwari,M,1974-05-13,Bengaluru,Karnataka,803619,user2718@email.com,9367125638,Bronze,2024-10-06
CUS02719,Pooja,Iyer,F,1989-08-22,Mumbai,Maharashtra,866773,user2719@email.com,9177523352,Silver,2023-09-16
CUS02720,Rahul,Gupta,Other,1996-02-18,Bengaluru,Karnataka,702485,user2720@email.com,9103025443,Silver,2023-03-18
CUS02721,Sneha,Sharma,M,1998-04-20,Kochi,Kerala,457938,user2721@email.com,9321548851,Silver,2024-03-09
CUS02722,Lata,Kumar,F,2000-10-30,Bengaluru,Karnataka,440904,user2722@email.com,9541444081,Bronze,2021-08-16
CUS02723,Tara,Gupta,M,1970-05-23,Jaipur,Rajasthan,311339,user2723@email.com,9781881435,Bronze,2021-10-02
CUS02724,Meera,Nair,F,1980-07-26,Pune,Maharashtra,999797,user2724@email.com,9811143027,Bronze,2020-03-03
CUS02725,Arjun,Agarwal,M,1984-11-11,Ahmedabad,Gujarat,103205,user2725@email.com,9565245234,Silver,2023-02-04
CUS02726,Ritu,Patel,F,1980-01-05,Mumbai,Maharashtra,649749,user2726@email.com,9410389670,Bronze,2021-02-11
CUS02727,Prakash,Mehta,M,1980-05-27,Delhi,Delhi,392896,user2727@email.com,9290116812,Silver,2022-11-04
CUS02728,Isha,Kapoor,M,1983-09-21,Mumbai,Maharashtra,576503,user2728@email.com,9473493559,Bronze,2024-07-13
CUS02729,Amit,Nair,F,1977-08-01,Chennai,Tamil Nadu,389003,user2729@email.com,9611997917,Platinum,2022-02-18
CUS02730,Ananya,Bose,M,1977-10-19,Kolkata,West Bengal,239970,user2730@email.com,9118410135,Gold,2022-12-07
CUS02731,Isha,Shah,M,1991-03-28,Surat,Gujarat,678548,user2731@email.com,9647283746,Silver,2023-01-07
CUS02732,Sneha,Gupta,F,1981-07-07,Bengaluru,Karnataka,647386,user2732@email.com,9373601416,Silver,2023-12-22
CUS02733,Neha,Kapoor,F,1984-09-29,Kolkata,West Bengal,882660,user2733@email.com,9533485406,Bronze,2023-11-13
CUS02734,Prakash,Kumar,M,1978-12-10,Lucknow,Uttar Pradesh,396551,user2734@email.com,9370688991,Gold,2024-08-04
CUS02735,Tara,Verma,F,1994-11-11,Chandigarh,Punjab,702316,user2735@email.com,9957913970,Platinum,2020-10-24
CUS02736,Ananya,Bose,Other,1988-12-31,Nagpur,Maharashtra,103534,user2736@email.com,9260090934,Platinum,2021-11-25
CUS02737,Ajay,Verma,M,1980-01-08,Hyderabad,Telangana,457875,user2737@email.com,9101568217,Silver,2021-08-13
CUS02738,Sneha,Mehta,F,1988-04-27,Bengaluru,Karnataka,545486,user2738@email.com,9369689276,Silver,2024-04-15
CUS02739,Rajesh,Nair,F,1998-06-18,Kolkata,West Bengal,802374,user2739@email.com,9745933368,Silver,2023-07-04
CUS02740,Sneha,Shah,F,1977-04-02,Hyderabad,Telangana,305802,user2740@email.com,9362942260,Bronze,2022-04-12
CUS02741,Kiran,Pillai,F,1994-11-05,Bhopal,Madhya Pradesh,352882,user2741@email.com,9671752477,Bronze,2022-04-12
CUS02742,Nisha,Verma,M,1986-02-23,Chennai,Tamil Nadu,179973,user2742@email.com,9210802010,Silver,2021-11-30
CUS02743,Pooja,Agarwal,F,1995-01-10,Bengaluru,Karnataka,314915,user2743@email.com,9601526417,Silver,2024-04-18
CUS02744,Rohan,Kumar,F,1983-11-03,Kochi,Kerala,675215,user2744@email.com,9573822048,Gold,2024-06-11
CUS02745,Lata,Nair,M,1995-06-20,Chennai,Tamil Nadu,201561,user2745@email.com,9139315985,Bronze,2024-06-15
CUS02746,Rajesh,Agarwal,M,1991-12-11,Nagpur,Maharashtra,394032,user2746@email.com,9790436639,Silver,2023-12-20
CUS02747,Prakash,Nair,M,1991-04-16,Ahmedabad,Gujarat,348207,user2747@email.com,9756887369,Bronze,2024-07-30
CUS02748,Arjun,Pandey,F,1981-03-05,Chandigarh,Punjab,759666,user2748@email.com,9917021681,Bronze,2023-09-16
CUS02749,Mohan,Gupta,F,1982-11-29,Ahmedabad,Gujarat,789225,user2749@email.com,9913173027,Silver,2020-10-22
CUS02750,Geeta,Bose,F,2000-06-26,Mumbai,Maharashtra,326868,user2750@email.com,9954400296,Silver,2021-09-03
CUS02751,Sneha,Singh,F,1985-05-09,Hyderabad,Telangana,340469,user2751@email.com,9718126104,Bronze,2023-03-17
CUS02752,Mohan,Pillai,F,1995-08-27,Pune,Maharashtra,889921,user2752@email.com,9585713346,Silver,2020-10-17
CUS02753,Aarav,Kumar,Other,1980-06-14,Bengaluru,Karnataka,699475,user2753@email.com,9122936624,Silver,2023-03-01
CUS02754,Ananya,Joshi,M,1984-03-30,Chennai,Tamil Nadu,147400,user2754@email.com,9886451710,Bronze,2023-11-03
CUS02755,Rahul,Nair,M,1995-11-20,Bhopal,Madhya Pradesh,583241,user2755@email.com,9165793697,Silver,2022-11-17
CUS02756,Swathi,Reddy,M,1976-05-14,Chennai,Tamil Nadu,860997,user2756@email.com,9877455542,Bronze,2020-04-17
CUS02757,Ajay,Mehta,F,1979-06-25,Surat,Gujarat,552798,user2757@email.com,9265280512,Silver,2020-02-03
CUS02758,Prakash,Joshi,F,1986-10-21,Bhopal,Madhya Pradesh,107993,user2758@email.com,9284012669,Bronze,2023-04-20
CUS02759,Ananya,Agarwal,M,1970-09-23,Jaipur,Rajasthan,901549,user2759@email.com,9269151193,Bronze,2023-05-15
CUS02760,Nisha,Kumar,M,1984-05-30,Bengaluru,Karnataka,833675,user2760@email.com,9972522122,Bronze,2020-11-24
CUS02761,Suresh,Verma,F,1984-04-11,Kochi,Kerala,656653,user2761@email.com,9735314694,Gold,2020-01-02
CUS02762,Rajesh,Rao,F,1992-03-17,Nagpur,Maharashtra,265042,user2762@email.com,9989890958,Platinum,2024-04-22
CUS02763,Tara,Tiwari,M,1993-12-06,Jaipur,Rajasthan,570872,user2763@email.com,9556218214,Bronze,2024-07-06
CUS02764,Ritu,Mishra,M,1973-10-28,Bhopal,Madhya Pradesh,372869,user2764@email.com,9750989602,Bronze,2021-01-13
CUS02765,Ritu,Sharma,M,1999-07-12,Kochi,Kerala,409890,user2765@email.com,9503218111,Gold,2022-10-04
CUS02766,Geeta,Singh,F,1975-03-05,Ahmedabad,Gujarat,220950,user2766@email.com,9955344669,Silver,2024-04-30
CUS02767,Priya,Iyer,F,1973-12-20,Nagpur,Maharashtra,659460,user2767@email.com,9221509873,Silver,2022-01-05
CUS02768,Geeta,Tiwari,F,1991-05-27,Pune,Maharashtra,956376,user2768@email.com,9245189381,Bronze,2024-04-04
CUS02769,Kavya,Iyer,F,1993-01-10,Bengaluru,Karnataka,352164,user2769@email.com,9154501175,Silver,2024-06-07
CUS02770,Kavya,Singh,M,1992-11-22,Lucknow,Uttar Pradesh,679104,user2770@email.com,9189730334,Bronze,2022-06-27
CUS02771,Rohan,Gupta,M,1987-08-09,Jaipur,Rajasthan,675571,user2771@email.com,9246222107,Gold,2023-01-29
CUS02772,Nisha,Bose,F,1977-10-06,Mumbai,Maharashtra,315273,user2772@email.com,9250015073,Gold,2024-07-09
CUS02773,Mohan,Singh,F,1979-03-20,Chennai,Tamil Nadu,755192,user2773@email.com,9574967169,Bronze,2020-04-30
CUS02774,Dev,Verma,M,1999-10-06,Kochi,Kerala,897064,user2774@email.com,9445575662,Silver,2021-09-05
CUS02775,Arjun,Rao,M,1998-04-29,Surat,Gujarat,902663,user2775@email.com,9112379828,Gold,2020-01-28
CUS02776,Tara,Sharma,F,2000-01-02,Chandigarh,Punjab,858214,user2776@email.com,9132585286,Bronze,2023-04-07
CUS02777,Ajay,Tiwari,M,1988-07-14,Bengaluru,Karnataka,821374,user2777@email.com,9304464086,Silver,2023-09-09
CUS02778,Sneha,Mishra,F,1992-08-25,Chandigarh,Punjab,665215,user2778@email.com,9795299064,Bronze,2020-08-17
CUS02779,Dev,Pandey,M,1988-06-06,Chandigarh,Punjab,257050,user2779@email.com,9479392520,Bronze,2020-07-22
CUS02780,Sneha,Kapoor,F,1987-09-02,Surat,Gujarat,889084,user2780@email.com,9413680712,Bronze,2024-11-09
CUS02781,Kavya,Reddy,F,1990-11-08,Delhi,Delhi,704383,user2781@email.com,9679834925,Silver,2023-12-06
CUS02782,Suresh,Singh,M,1970-04-30,Ahmedabad,Gujarat,964400,user2782@email.com,9919510530,Bronze,2020-04-25
CUS02783,Ritu,Patel,M,1974-04-05,Lucknow,Uttar Pradesh,591650,user2783@email.com,9143361095,Silver,2024-03-19
CUS02784,Aarav,Patel,F,1994-04-16,Ahmedabad,Gujarat,102931,user2784@email.com,9810856943,Bronze,2023-02-28
CUS02785,Sanjay,Pillai,F,1996-05-23,Chennai,Tamil Nadu,192996,user2785@email.com,9488121954,Gold,2021-08-18
CUS02786,Suresh,Reddy,M,1989-07-18,Kolkata,West Bengal,690349,user2786@email.com,9232008323,Bronze,2022-12-01
CUS02787,Ritu,Gupta,F,1991-07-06,Bengaluru,Karnataka,437264,user2787@email.com,9496818788,Silver,2022-10-12
CUS02788,Divya,Joshi,F,1971-02-05,Hyderabad,Telangana,493557,user2788@email.com,9883401703,Bronze,2020-10-09
CUS02789,Priya,Bose,M,1982-11-19,Kochi,Kerala,318016,user2789@email.com,9358116644,Silver,2020-07-19
CUS02790,Swathi,Verma,F,1972-06-20,Bhopal,Madhya Pradesh,472325,user2790@email.com,9944522875,Platinum,2020-01-24
CUS02791,Swathi,Kapoor,M,1970-02-28,Chandigarh,Punjab,167648,user2791@email.com,9165188767,Bronze,2024-04-25
CUS02792,Geeta,Kumar,F,1976-06-17,Mumbai,Maharashtra,365095,user2792@email.com,9996465129,Silver,2021-12-01
CUS02793,Kavya,Kapoor,F,1973-04-27,Nagpur,Maharashtra,374315,user2793@email.com,9771709698,Gold,2023-08-14
CUS02794,Dev,Joshi,F,1979-12-10,Bhopal,Madhya Pradesh,596649,user2794@email.com,9635203625,Gold,2023-10-09
CUS02795,Suresh,Nair,M,1980-03-27,Chennai,Tamil Nadu,900957,user2795@email.com,9301524161,Silver,2021-04-10
CUS02796,Sanjay,Gupta,M,1975-05-07,Delhi,Delhi,805691,user2796@email.com,9170362901,Bronze,2022-12-29
CUS02797,Swathi,Mehta,F,1980-09-06,Pune,Maharashtra,647066,user2797@email.com,9713558011,Silver,2020-11-13
CUS02798,Lata,Mehta,M,1998-12-20,Surat,Gujarat,266296,user2798@email.com,9122236522,Bronze,2021-04-02
CUS02799,Ajay,Reddy,M,1999-05-13,Pune,Maharashtra,860457,user2799@email.com,9667280402,Silver,2021-08-11
CUS02800,Divya,Gupta,M,1989-10-03,Delhi,Delhi,142759,user2800@email.com,9982655420,Bronze,2023-03-08
CUS02801,Sanjay,Joshi,M,1983-01-15,Surat,Gujarat,886739,user2801@email.com,9501219692,Gold,2021-01-29
CUS02802,Neha,Patel,M,1977-07-18,Bhopal,Madhya Pradesh,926968,user2802@email.com,9345971765,Gold,2020-06-01
CUS02803,Kiran,Verma,F,1996-10-11,Hyderabad,Telangana,408106,user2803@email.com,9305806298,Platinum,2021-01-03
CUS02804,Lata,Sharma,F,1990-06-12,Nagpur,Maharashtra,592654,user2804@email.com,9505091795,Bronze,2020-12-26
CUS02805,Arjun,Mehta,F,1974-07-14,Chandigarh,Punjab,954297,user2805@email.com,9669464287,Silver,2022-03-02
CUS02806,Aarav,Iyer,F,1997-10-26,Nagpur,Maharashtra,486265,user2806@email.com,9359247864,Silver,2024-02-09
CUS02807,Suresh,Joshi,F,1973-07-05,Jaipur,Rajasthan,388812,user2807@email.com,9456000421,Gold,2020-06-29
CUS02808,Amit,Pandey,F,1991-09-17,Bengaluru,Karnataka,164518,user2808@email.com,9823356014,Silver,2023-01-06
CUS02809,Divya,Patel,Other,1995-08-05,Mumbai,Maharashtra,405530,user2809@email.com,9356427918,Bronze,2020-02-21
CUS02810,Rahul,Pillai,M,1996-12-17,Chennai,Tamil Nadu,651773,user2810@email.com,9376721617,Silver,2020-06-07
CUS02811,Mohan,Kumar,M,1986-09-16,Nagpur,Maharashtra,332656,user2811@email.com,9966192895,Bronze,2021-08-25
CUS02812,Rohan,Kumar,F,2000-04-22,Delhi,Delhi,576833,user2812@email.com,9665015203,Silver,2023-07-30
CUS02813,Ritu,Kumar,F,1991-10-22,Nagpur,Maharashtra,735915,user2813@email.com,9313265406,Bronze,2020-09-30
CUS02814,Dev,Nair,F,1993-04-07,Delhi,Delhi,241250,user2814@email.com,9534859536,Silver,2020-05-25
CUS02815,Priya,Agarwal,F,1992-11-19,Chennai,Tamil Nadu,858498,user2815@email.com,9182506982,Platinum,2020-08-24
CUS02816,Ajay,Pandey,F,1970-12-29,Nagpur,Maharashtra,620792,user2816@email.com,9914324029,Platinum,2023-02-15
CUS02817,Sneha,Mishra,Other,2000-07-08,Pune,Maharashtra,526977,user2817@email.com,9936351832,Silver,2022-12-11
CUS02818,Suresh,Sharma,M,1995-12-01,Bhopal,Madhya Pradesh,293807,user2818@email.com,9324093733,Gold,2022-06-18
CUS02819,Aarav,Tiwari,M,1982-04-29,Chandigarh,Punjab,916455,user2819@email.com,9545627219,Bronze,2022-04-04
CUS02820,Varun,Pandey,F,1977-02-17,Bengaluru,Karnataka,113757,user2820@email.com,9362407290,Silver,2024-12-30
CUS02821,Isha,Bose,M,1991-09-22,Hyderabad,Telangana,397427,user2821@email.com,9983733458,Platinum,2023-02-23
CUS02822,Lata,Agarwal,F,1992-03-09,Delhi,Delhi,751226,user2822@email.com,9830274097,Bronze,2021-12-12
CUS02823,Swathi,Pillai,M,1973-03-24,Hyderabad,Telangana,160759,user2823@email.com,9181874897,Bronze,2022-05-27
CUS02824,Ritu,Kumar,F,1981-07-24,Delhi,Delhi,770342,user2824@email.com,9928786321,Silver,2021-06-18
CUS02825,Kavya,Mehta,M,2000-07-31,Delhi,Delhi,516286,user2825@email.com,9668963471,Silver,2021-06-03
CUS02826,Aarav,Tiwari,M,1971-12-23,Bhopal,Madhya Pradesh,527063,user2826@email.com,9309063902,Bronze,2024-01-25
CUS02827,Ananya,Nair,F,1986-02-12,Kochi,Kerala,630424,user2827@email.com,9258787439,Bronze,2023-10-09
CUS02828,Arjun,Rao,M,1994-01-07,Ahmedabad,Gujarat,180472,user2828@email.com,9199025561,Bronze,2024-11-21
CUS02829,Mohan,Mehta,M,1993-02-01,Mumbai,Maharashtra,662146,user2829@email.com,9537279135,Platinum,2023-07-26
CUS02830,Varun,Pillai,F,1975-05-13,Mumbai,Maharashtra,915811,user2830@email.com,9950438087,Bronze,2021-07-23
CUS02831,Geeta,Shah,M,1971-04-27,Ahmedabad,Gujarat,929142,user2831@email.com,9898603154,Bronze,2022-06-08
CUS02832,Sneha,Kumar,F,1984-09-10,Kochi,Kerala,547234,user2832@email.com,9937848006,Gold,2023-11-25
CUS02833,Rahul,Patel,F,1981-05-01,Mumbai,Maharashtra,313051,user2833@email.com,9487966651,Bronze,2021-04-05
CUS02834,Swathi,Singh,F,1971-07-16,Nagpur,Maharashtra,899786,user2834@email.com,9129280427,Bronze,2024-04-20
CUS02835,Amit,Singh,M,1975-02-01,Surat,Gujarat,881358,user2835@email.com,9328549652,Bronze,2020-02-29
CUS02836,Ajay,Nair,M,1977-09-06,Bengaluru,Karnataka,457075,user2836@email.com,9482032339,Bronze,2021-05-22
CUS02837,Suresh,Verma,M,1982-01-10,Pune,Maharashtra,699828,user2837@email.com,9216794851,Silver,2023-02-01
CUS02838,Isha,Agarwal,F,1979-01-05,Bhopal,Madhya Pradesh,775441,user2838@email.com,9253111068,Silver,2024-12-09
CUS02839,Varun,Gupta,M,1970-11-08,Jaipur,Rajasthan,142301,user2839@email.com,9224369980,Bronze,2023-06-08
CUS02840,Kavya,Sharma,F,1974-10-25,Nagpur,Maharashtra,569164,user2840@email.com,9937779825,Bronze,2022-12-26
CUS02841,Pooja,Bose,F,1978-12-29,Kolkata,West Bengal,677019,user2841@email.com,9890980624,Gold,2022-12-04
CUS02842,Nisha,Patel,M,1970-03-14,Bengaluru,Karnataka,776473,user2842@email.com,9501904358,Silver,2023-12-24
CUS02843,Priya,Kumar,F,1987-12-18,Delhi,Delhi,573467,user2843@email.com,9842071325,Silver,2021-10-17
CUS02844,Varun,Patel,F,1976-10-14,Lucknow,Uttar Pradesh,691881,user2844@email.com,9723676092,Gold,2020-12-11
CUS02845,Divya,Mehta,F,1976-11-19,Chandigarh,Punjab,116539,user2845@email.com,9867352565,Platinum,2024-03-05
CUS02846,Rajesh,Joshi,M,1993-12-21,Kolkata,West Bengal,726891,user2846@email.com,9858235280,Silver,2024-10-30
CUS02847,Nisha,Pandey,F,1981-03-18,Surat,Gujarat,494126,user2847@email.com,9938075564,Silver,2024-08-31
CUS02848,Kavya,Pandey,F,2000-07-12,Bhopal,Madhya Pradesh,882257,user2848@email.com,9883571847,Silver,2020-09-08
CUS02849,Neha,Mishra,M,2000-10-08,Chandigarh,Punjab,647579,user2849@email.com,9417341731,Bronze,2021-04-11
CUS02850,Meera,Tiwari,M,1979-02-28,Chandigarh,Punjab,696389,user2850@email.com,9366503598,Bronze,2023-06-01
CUS02851,Sneha,Mehta,M,1994-07-21,Lucknow,Uttar Pradesh,624747,user2851@email.com,9432423268,Silver,2023-09-24
CUS02852,Neha,Nair,Other,1982-12-24,Chandigarh,Punjab,299623,user2852@email.com,9216345156,Bronze,2020-10-12
CUS02853,Ritu,Iyer,M,1997-03-24,Chandigarh,Punjab,248155,user2853@email.com,9933512248,Platinum,2023-05-25
CUS02854,Rajesh,Verma,Other,1987-03-19,Pune,Maharashtra,157433,user2854@email.com,9537892427,Silver,2022-11-11
CUS02855,Kavya,Bose,M,1974-01-18,Mumbai,Maharashtra,771339,user2855@email.com,9226397304,Silver,2023-03-20
CUS02856,Prakash,Sharma,F,1981-02-28,Pune,Maharashtra,282362,user2856@email.com,9904529581,Bronze,2020-05-02
CUS02857,Lata,Iyer,F,1992-02-27,Jaipur,Rajasthan,331103,user2857@email.com,9449801553,Silver,2021-03-27
CUS02858,Geeta,Pillai,F,1996-02-23,Lucknow,Uttar Pradesh,645478,user2858@email.com,9248738005,Silver,2022-12-24
CUS02859,Ajay,Sharma,F,1989-09-04,Jaipur,Rajasthan,398531,user2859@email.com,9989072843,Bronze,2020-11-09
CUS02860,Nisha,Kumar,Other,1974-01-28,Hyderabad,Telangana,828910,user2860@email.com,9708025459,Silver,2024-12-12
CUS02861,Aarav,Verma,F,1999-06-07,Hyderabad,Telangana,922163,user2861@email.com,9258100294,Silver,2021-04-17
CUS02862,Meera,Verma,F,1998-05-22,Chandigarh,Punjab,555234,user2862@email.com,9809655953,Bronze,2021-05-20
CUS02863,Kavya,Shah,F,1991-11-20,Chandigarh,Punjab,461462,user2863@email.com,9536932332,Silver,2023-12-07
CUS02864,Varun,Nair,M,1976-06-15,Nagpur,Maharashtra,605339,user2864@email.com,9968380260,Silver,2023-04-20
CUS02865,Varun,Reddy,F,1972-06-22,Surat,Gujarat,946444,user2865@email.com,9667477531,Bronze,2024-08-20
CUS02866,Geeta,Kumar,M,1985-02-12,Hyderabad,Telangana,301369,user2866@email.com,9934532128,Bronze,2024-06-14
CUS02867,Vikram,Iyer,F,1991-07-26,Jaipur,Rajasthan,910701,user2867@email.com,9433657439,Gold,2020-01-29
CUS02868,Dev,Patel,F,1994-06-16,Kolkata,West Bengal,972970,user2868@email.com,9276357223,Silver,2022-01-08
CUS02869,Aarav,Sharma,F,1974-09-20,Chennai,Tamil Nadu,638861,user2869@email.com,9566270399,Silver,2023-01-15
CUS02870,Prakash,Shah,M,1989-04-25,Nagpur,Maharashtra,157829,user2870@email.com,9225395804,Gold,2023-05-29
CUS02871,Sanjay,Kapoor,M,1996-11-01,Chandigarh,Punjab,185159,user2871@email.com,9817597823,Bronze,2020-10-22
CUS02872,Kiran,Sharma,M,1989-04-05,Lucknow,Uttar Pradesh,169439,user2872@email.com,9502858736,Silver,2021-05-03
CUS02873,Dev,Gupta,M,1982-11-27,Lucknow,Uttar Pradesh,760458,user2873@email.com,9751260586,Bronze,2021-07-05
CUS02874,Kiran,Patel,F,1981-11-19,Kochi,Kerala,911235,user2874@email.com,9290255458,Gold,2022-10-25
CUS02875,Rahul,Tiwari,F,1978-06-05,Jaipur,Rajasthan,773262,user2875@email.com,9541452803,Silver,2024-12-09
CUS02876,Lata,Pillai,M,1990-02-27,Mumbai,Maharashtra,393391,user2876@email.com,9390040763,Bronze,2020-01-06
CUS02877,Amit,Mishra,F,1993-06-18,Ahmedabad,Gujarat,509718,user2877@email.com,9274281489,Bronze,2021-11-05
CUS02878,Prakash,Reddy,F,1989-03-16,Ahmedabad,Gujarat,900028,user2878@email.com,9542001632,Silver,2021-08-12
CUS02879,Vikram,Pillai,M,1984-05-15,Lucknow,Uttar Pradesh,937463,user2879@email.com,9198858895,Gold,2022-12-29
CUS02880,Lata,Bose,F,1976-03-01,Ahmedabad,Gujarat,150011,user2880@email.com,9272842164,Silver,2024-04-05
CUS02881,Swathi,Singh,F,1991-04-14,Nagpur,Maharashtra,376347,user2881@email.com,9124411597,Bronze,2024-10-13
CUS02882,Tara,Verma,M,1985-01-13,Jaipur,Rajasthan,304753,user2882@email.com,9313072521,Bronze,2022-08-28
CUS02883,Rohan,Reddy,Other,1993-04-23,Chennai,Tamil Nadu,429462,user2883@email.com,9484269579,Gold,2024-10-02
CUS02884,Rahul,Pillai,F,1972-10-23,Bengaluru,Karnataka,520806,user2884@email.com,9216730003,Silver,2022-07-20
CUS02885,Rohan,Mishra,M,1974-02-01,Nagpur,Maharashtra,990813,user2885@email.com,9276386655,Silver,2020-12-15
CUS02886,Swathi,Joshi,M,1991-04-05,Delhi,Delhi,218090,user2886@email.com,9335011022,Gold,2020-08-17
CUS02887,Varun,Kapoor,Other,1985-12-18,Chennai,Tamil Nadu,433191,user2887@email.com,9242116467,Silver,2024-09-07
CUS02888,Rajesh,Pillai,M,1971-08-04,Jaipur,Rajasthan,299635,user2888@email.com,9334348150,Silver,2022-01-30
CUS02889,Tara,Verma,M,1970-12-19,Nagpur,Maharashtra,377451,user2889@email.com,9736251119,Bronze,2021-10-03
CUS02890,Neha,Tiwari,M,1975-05-15,Bengaluru,Karnataka,247693,user2890@email.com,9524759964,Bronze,2024-02-09
CUS02891,Varun,Kumar,M,1972-06-14,Mumbai,Maharashtra,398593,user2891@email.com,9156801073,Bronze,2024-12-04
CUS02892,Tara,Gupta,F,1996-09-26,Chennai,Tamil Nadu,517710,user2892@email.com,9605086035,Silver,2022-06-03
CUS02893,Vikram,Mishra,F,1992-07-04,Nagpur,Maharashtra,623929,user2893@email.com,9816482528,Silver,2020-03-27
CUS02894,Ananya,Singh,M,1970-02-05,Nagpur,Maharashtra,269320,user2894@email.com,9786188102,Bronze,2022-09-14
CUS02895,Prakash,Tiwari,F,1997-06-06,Ahmedabad,Gujarat,291251,user2895@email.com,9209884550,Silver,2023-03-15
CUS02896,Suresh,Agarwal,M,1995-02-07,Kolkata,West Bengal,672653,user2896@email.com,9465219915,Gold,2020-03-19
CUS02897,Ritu,Pandey,M,1973-12-09,Ahmedabad,Gujarat,894693,user2897@email.com,9557436027,Gold,2021-06-19
CUS02898,Neha,Verma,M,1987-08-01,Chennai,Tamil Nadu,220570,user2898@email.com,9653299501,Bronze,2024-01-07
CUS02899,Kiran,Agarwal,M,1984-01-17,Surat,Gujarat,340027,user2899@email.com,9714637049,Gold,2022-03-16
CUS02900,Aarav,Bose,F,1973-03-19,Kochi,Kerala,717203,user2900@email.com,9684758032,Gold,2020-10-19
CUS02901,Sanjay,Kumar,F,1970-06-28,Pune,Maharashtra,834120,user2901@email.com,9165593754,Silver,2024-07-20
CUS02902,Pooja,Shah,F,1989-01-16,Ahmedabad,Gujarat,946835,user2902@email.com,9257350606,Gold,2021-01-08
CUS02903,Meera,Sharma,M,1975-12-31,Mumbai,Maharashtra,250606,user2903@email.com,9190572815,Silver,2023-09-08
CUS02904,Ananya,Iyer,F,1998-08-16,Bengaluru,Karnataka,443818,user2904@email.com,9823576406,Bronze,2024-03-17
CUS02905,Tara,Pillai,M,1972-02-03,Pune,Maharashtra,451326,user2905@email.com,9678826863,Platinum,2020-05-30
CUS02906,Sneha,Gupta,M,1983-12-12,Nagpur,Maharashtra,257643,user2906@email.com,9886504775,Bronze,2021-08-01
CUS02907,Ajay,Joshi,M,1983-12-31,Surat,Gujarat,698336,user2907@email.com,9248975333,Bronze,2020-02-17
CUS02908,Amit,Pandey,Other,1975-02-24,Pune,Maharashtra,684608,user2908@email.com,9734187044,Silver,2024-03-09
CUS02909,Arjun,Iyer,M,1993-08-29,Surat,Gujarat,738542,user2909@email.com,9681815214,Bronze,2023-08-01
CUS02910,Neha,Sharma,Other,1983-03-10,Jaipur,Rajasthan,233037,user2910@email.com,9140574697,Gold,2021-05-16
CUS02911,Priya,Pandey,F,1980-02-12,Chandigarh,Punjab,340961,user2911@email.com,9811153787,Gold,2023-08-24
CUS02912,Lata,Pandey,F,1994-01-08,Pune,Maharashtra,362952,user2912@email.com,9644774970,Platinum,2021-12-25
CUS02913,Vikram,Mehta,F,1982-10-29,Surat,Gujarat,454126,user2913@email.com,9889656269,Silver,2020-11-15
CUS02914,Dev,Singh,F,1984-01-15,Jaipur,Rajasthan,397340,user2914@email.com,9472351517,Silver,2022-02-25
CUS02915,Suresh,Mishra,Other,1994-11-04,Jaipur,Rajasthan,887663,user2915@email.com,9138439392,Silver,2020-09-25
CUS02916,Rohan,Pillai,F,1980-04-04,Ahmedabad,Gujarat,346709,user2916@email.com,9684082167,Silver,2020-03-07
CUS02917,Isha,Nair,F,1994-05-16,Pune,Maharashtra,788627,user2917@email.com,9300533137,Bronze,2020-06-03
CUS02918,Amit,Gupta,M,1973-07-12,Lucknow,Uttar Pradesh,181780,user2918@email.com,9759303485,Bronze,2022-07-03
CUS02919,Tara,Mishra,F,1972-07-12,Surat,Gujarat,658049,user2919@email.com,9628786900,Bronze,2022-07-02
CUS02920,Neha,Pandey,F,2000-10-18,Bengaluru,Karnataka,557666,user2920@email.com,9643104518,Silver,2023-08-13
CUS02921,Vikram,Reddy,M,1996-03-06,Bhopal,Madhya Pradesh,704823,user2921@email.com,9310618309,Silver,2020-10-03
CUS02922,Priya,Verma,M,1980-01-18,Kochi,Kerala,649859,user2922@email.com,9100702897,Bronze,2020-01-17
CUS02923,Tara,Iyer,M,1991-12-07,Bengaluru,Karnataka,829286,user2923@email.com,9389187894,Gold,2023-09-15
CUS02924,Prakash,Pillai,F,1999-10-08,Surat,Gujarat,509106,user2924@email.com,9509030342,Gold,2020-02-23
CUS02925,Tara,Mishra,F,1978-02-27,Hyderabad,Telangana,132122,user2925@email.com,9822640320,Bronze,2023-06-17
CUS02926,Prakash,Verma,M,1987-10-29,Kolkata,West Bengal,882733,user2926@email.com,9467897759,Gold,2023-05-19
CUS02927,Arjun,Joshi,F,1984-06-05,Kolkata,West Bengal,512272,user2927@email.com,9594657626,Silver,2021-11-21
CUS02928,Vikram,Pillai,F,1976-02-15,Chennai,Tamil Nadu,741086,user2928@email.com,9415856063,Bronze,2023-12-03
CUS02929,Dev,Reddy,F,1994-12-20,Chennai,Tamil Nadu,875275,user2929@email.com,9718532414,Gold,2024-04-21
CUS02930,Sanjay,Iyer,F,1994-05-06,Chandigarh,Punjab,304019,user2930@email.com,9686458547,Platinum,2024-12-13
CUS02931,Rajesh,Kumar,M,1981-02-26,Nagpur,Maharashtra,272408,user2931@email.com,9379954996,Bronze,2020-03-09
CUS02932,Geeta,Rao,M,1999-04-23,Surat,Gujarat,898488,user2932@email.com,9462804410,Gold,2023-10-16
CUS02933,Isha,Joshi,F,1971-11-12,Nagpur,Maharashtra,460029,user2933@email.com,9517767751,Bronze,2022-08-07
CUS02934,Ananya,Shah,F,1977-09-22,Lucknow,Uttar Pradesh,332419,user2934@email.com,9845818581,Bronze,2021-03-03
CUS02935,Swathi,Pillai,M,1982-07-11,Jaipur,Rajasthan,628986,user2935@email.com,9214042789,Silver,2023-10-16
CUS02936,Meera,Pillai,M,1987-11-18,Pune,Maharashtra,777192,user2936@email.com,9625738473,Silver,2023-09-26
CUS02937,Neha,Verma,M,1994-01-03,Pune,Maharashtra,739509,user2937@email.com,9444071348,Gold,2021-02-22
CUS02938,Tara,Mehta,F,1992-04-18,Chandigarh,Punjab,335097,user2938@email.com,9108162937,Bronze,2023-10-14
CUS02939,Swathi,Kumar,F,1990-02-16,Surat,Gujarat,637196,user2939@email.com,9985116069,Silver,2022-02-03
CUS02940,Varun,Kumar,F,1982-07-11,Nagpur,Maharashtra,728098,user2940@email.com,9619958500,Bronze,2021-12-15
CUS02941,Suresh,Rao,F,1992-07-30,Chennai,Tamil Nadu,382207,user2941@email.com,9951962057,Bronze,2020-03-11
CUS02942,Meera,Nair,M,1973-05-12,Bhopal,Madhya Pradesh,192492,user2942@email.com,9449230222,Bronze,2020-01-14
CUS02943,Kiran,Rao,M,1985-05-07,Delhi,Delhi,327117,user2943@email.com,9882685286,Bronze,2020-12-08
CUS02944,Prakash,Nair,F,1976-05-10,Lucknow,Uttar Pradesh,598970,user2944@email.com,9881514034,Gold,2023-09-22
CUS02945,Sneha,Iyer,F,1982-03-23,Jaipur,Rajasthan,569056,user2945@email.com,9440720011,Bronze,2020-05-03
CUS02946,Arjun,Reddy,F,1982-05-19,Lucknow,Uttar Pradesh,774561,user2946@email.com,9961551687,Bronze,2024-04-19
CUS02947,Ritu,Singh,M,1990-07-05,Chandigarh,Punjab,471048,user2947@email.com,9290401000,Silver,2022-06-27
CUS02948,Suresh,Kumar,F,1983-10-30,Lucknow,Uttar Pradesh,649161,user2948@email.com,9607759313,Silver,2023-09-15
CUS02949,Lata,Reddy,F,1975-11-26,Lucknow,Uttar Pradesh,107053,user2949@email.com,9391716359,Bronze,2023-06-20
CUS02950,Neha,Kapoor,F,1974-09-25,Chennai,Tamil Nadu,998056,user2950@email.com,9923544864,Bronze,2021-05-28
CUS02951,Prakash,Reddy,F,1990-06-14,Bengaluru,Karnataka,684483,user2951@email.com,9968762236,Platinum,2023-05-29
CUS02952,Nisha,Agarwal,M,1994-06-13,Chandigarh,Punjab,440215,user2952@email.com,9929922494,Silver,2021-02-22
CUS02953,Ritu,Mishra,F,1981-01-19,Pune,Maharashtra,393116,user2953@email.com,9420673181,Gold,2020-06-29
CUS02954,Isha,Rao,F,1970-02-25,Bengaluru,Karnataka,876787,user2954@email.com,9818671253,Bronze,2020-11-10
CUS02955,Kiran,Tiwari,M,1972-12-27,Surat,Gujarat,481377,user2955@email.com,9955345361,Gold,2022-08-10
CUS02956,Mohan,Pandey,M,1999-08-28,Chandigarh,Punjab,626417,user2956@email.com,9238401931,Bronze,2021-10-24
CUS02957,Geeta,Kumar,Other,1988-03-13,Lucknow,Uttar Pradesh,951881,user2957@email.com,9844296615,Silver,2020-05-17
CUS02958,Aarav,Reddy,F,1982-09-20,Hyderabad,Telangana,106561,user2958@email.com,9142307777,Bronze,2020-08-29
CUS02959,Divya,Pillai,F,1972-03-18,Chandigarh,Punjab,714812,user2959@email.com,9795076080,Gold,2021-07-02
CUS02960,Pooja,Reddy,F,1990-10-14,Delhi,Delhi,965932,user2960@email.com,9988066335,Bronze,2023-05-15
CUS02961,Neha,Rao,M,1977-09-13,Hyderabad,Telangana,105840,user2961@email.com,9447867218,Bronze,2020-04-27
CUS02962,Suresh,Nair,F,1982-08-15,Mumbai,Maharashtra,546360,user2962@email.com,9696513027,Gold,2020-03-04
CUS02963,Sneha,Mehta,M,1988-04-25,Surat,Gujarat,992466,user2963@email.com,9658140676,Silver,2020-02-16
CUS02964,Sanjay,Tiwari,F,1982-11-07,Pune,Maharashtra,851553,user2964@email.com,9626809313,Bronze,2022-08-03
CUS02965,Mohan,Iyer,M,1998-09-03,Bhopal,Madhya Pradesh,768280,user2965@email.com,9946997237,Silver,2023-05-17
CUS02966,Dev,Agarwal,M,1979-04-17,Kolkata,West Bengal,106674,user2966@email.com,9239303571,Bronze,2022-08-15
CUS02967,Lata,Joshi,F,1990-09-10,Jaipur,Rajasthan,401898,user2967@email.com,9324573973,Platinum,2022-09-16
CUS02968,Suresh,Nair,F,1975-03-17,Delhi,Delhi,281271,user2968@email.com,9859742984,Silver,2024-01-22
CUS02969,Sneha,Reddy,M,1976-08-22,Bhopal,Madhya Pradesh,165971,user2969@email.com,9235608676,Bronze,2022-03-16
CUS02970,Prakash,Sharma,F,1970-01-02,Bengaluru,Karnataka,754382,user2970@email.com,9199432884,Bronze,2021-11-08
CUS02971,Aarav,Singh,F,1998-11-15,Kochi,Kerala,535544,user2971@email.com,9381739513,Silver,2021-05-23
CUS02972,Mohan,Verma,F,1984-07-04,Chennai,Tamil Nadu,125402,user2972@email.com,9671781603,Bronze,2020-08-10
CUS02973,Sanjay,Kapoor,F,1990-03-04,Ahmedabad,Gujarat,797467,user2973@email.com,9589655769,Bronze,2021-10-03
CUS02974,Prakash,Pillai,F,1982-07-15,Bengaluru,Karnataka,436434,user2974@email.com,9379538662,Gold,2020-05-18
CUS02975,Kavya,Gupta,F,1983-10-08,Hyderabad,Telangana,497315,user2975@email.com,9266166841,Gold,2022-08-22
CUS02976,Kiran,Reddy,F,1998-04-05,Mumbai,Maharashtra,635747,user2976@email.com,9976890591,Gold,2021-07-06
CUS02977,Lata,Mishra,M,1978-12-13,Surat,Gujarat,789625,user2977@email.com,9694637969,Bronze,2023-03-28
CUS02978,Sanjay,Patel,F,1971-12-20,Delhi,Delhi,290476,user2978@email.com,9871257032,Silver,2023-01-26
CUS02979,Dev,Bose,M,1978-06-22,Delhi,Delhi,579374,user2979@email.com,9838179083,Bronze,2021-03-25
CUS02980,Ritu,Nair,F,1987-09-10,Ahmedabad,Gujarat,787232,user2980@email.com,9725513051,Platinum,2021-11-13
CUS02981,Geeta,Sharma,M,2000-09-20,Bhopal,Madhya Pradesh,280925,user2981@email.com,9266635767,Silver,2022-01-10
CUS02982,Geeta,Pandey,M,1982-12-04,Lucknow,Uttar Pradesh,531950,user2982@email.com,9283816626,Platinum,2020-04-30
CUS02983,Nisha,Rao,F,1988-10-13,Kochi,Kerala,713602,user2983@email.com,9180920264,Silver,2024-08-24
CUS02984,Kavya,Verma,M,1981-01-11,Chennai,Tamil Nadu,274654,user2984@email.com,9449076166,Silver,2022-05-06
CUS02985,Pooja,Tiwari,F,2000-11-13,Kochi,Kerala,666402,user2985@email.com,9318169853,Bronze,2020-11-24
CUS02986,Arjun,Agarwal,M,1991-01-22,Kolkata,West Bengal,859993,user2986@email.com,9792140950,Silver,2024-05-03
CUS02987,Prakash,Bose,M,1981-12-06,Kochi,Kerala,947502,user2987@email.com,9522068372,Bronze,2020-06-13
CUS02988,Rajesh,Rao,M,1989-03-26,Mumbai,Maharashtra,366229,user2988@email.com,9720202856,Gold,2022-10-01
CUS02989,Isha,Pandey,F,1999-02-06,Chandigarh,Punjab,222136,user2989@email.com,9293767948,Gold,2021-01-09
CUS02990,Varun,Tiwari,M,1980-06-21,Lucknow,Uttar Pradesh,295868,user2990@email.com,9713152983,Bronze,2020-10-15
CUS02991,Ananya,Patel,M,1990-10-13,Delhi,Delhi,799107,user2991@email.com,9739838225,Silver,2024-01-21
CUS02992,Geeta,Bose,F,1978-11-18,Jaipur,Rajasthan,324643,user2992@email.com,9626485141,Gold,2020-12-21
CUS02993,Kiran,Reddy,F,1988-02-17,Bhopal,Madhya Pradesh,685432,user2993@email.com,9657212859,Bronze,2021-01-02
CUS02994,Aarav,Kumar,M,1987-06-20,Bengaluru,Karnataka,482003,user2994@email.com,9526416897,Gold,2022-03-05
CUS02995,Neha,Patel,F,1986-04-10,Kochi,Kerala,281682,user2995@email.com,9140434015,Gold,2020-10-21
CUS02996,Ajay,Verma,F,1979-11-21,Kolkata,West Bengal,950219,user2996@email.com,9836602505,Gold,2021-10-13
CUS02997,Suresh,Kapoor,F,1970-12-02,Jaipur,Rajasthan,559664,user2997@email.com,9475071892,Silver,2020-06-21
CUS02998,Lata,Pillai,F,1977-05-13,Kochi,Kerala,474723,user2998@email.com,9298273092,Bronze,2024-01-31
CUS02999,Sanjay,Patel,F,1986-03-22,Jaipur,Rajasthan,887068,user2999@email.com,9948616874,Platinum,2024-02-17
CUS03000,Priya,Nair,M,1995-05-27,Chandigarh,Punjab,416778,user3000@email.com,9353711592,Platinum,2023-07-01
CUS03001,Rohan,Tiwari,F,1972-05-19,Surat,Gujarat,701727,user3001@email.com,9444385657,Bronze,2024-09-13
CUS03002,Meera,Joshi,Other,1977-10-30,Delhi,Delhi,863319,user3002@email.com,9712587020,Gold,2020-10-02
CUS03003,Rohan,Sharma,F,1985-12-09,Bhopal,Madhya Pradesh,774141,user3003@email.com,9719751372,Bronze,2021-03-10
CUS03004,Lata,Tiwari,F,2000-10-06,Nagpur,Maharashtra,796263,user3004@email.com,9125801967,Bronze,2020-01-28
CUS03005,Isha,Gupta,F,1976-12-12,Chennai,Tamil Nadu,870621,user3005@email.com,9649091149,Bronze,2023-07-15
CUS03006,Varun,Nair,F,1973-03-17,Lucknow,Uttar Pradesh,704555,user3006@email.com,9546230358,Platinum,2024-05-22
CUS03007,Rahul,Tiwari,F,1976-07-17,Delhi,Delhi,738265,user3007@email.com,9223662999,Bronze,2023-02-20
CUS03008,Dev,Reddy,F,1973-10-16,Mumbai,Maharashtra,221173,user3008@email.com,9322528294,Bronze,2022-12-05
CUS03009,Tara,Mishra,M,1981-09-16,Bhopal,Madhya Pradesh,889221,user3009@email.com,9808865902,Bronze,2023-08-30
CUS03010,Swathi,Singh,M,1977-10-05,Delhi,Delhi,501166,user3010@email.com,9532391853,Bronze,2022-09-17
CUS03011,Ananya,Patel,M,1984-05-10,Nagpur,Maharashtra,856726,user3011@email.com,9134271003,Silver,2023-02-21
CUS03012,Kiran,Kapoor,F,2000-07-05,Kochi,Kerala,360753,user3012@email.com,9312548616,Platinum,2020-07-27
CUS03013,Lata,Nair,M,1976-07-18,Kochi,Kerala,699663,user3013@email.com,9306635789,Silver,2021-09-27
CUS03014,Rahul,Verma,M,1976-03-20,Hyderabad,Telangana,287524,user3014@email.com,9588921094,Silver,2021-01-11
CUS03015,Ritu,Mehta,F,1994-11-05,Surat,Gujarat,208663,user3015@email.com,9260665891,Gold,2023-02-27
CUS03016,Ananya,Kumar,M,1972-12-19,Kolkata,West Bengal,123812,user3016@email.com,9948081018,Silver,2020-03-30
CUS03017,Dev,Kapoor,M,1990-04-21,Pune,Maharashtra,453533,user3017@email.com,9109386819,Silver,2020-04-24
CUS03018,Vikram,Reddy,F,1983-06-03,Hyderabad,Telangana,493820,user3018@email.com,9238305910,Bronze,2023-10-21
CUS03019,Rajesh,Nair,F,1985-06-19,Bhopal,Madhya Pradesh,484541,user3019@email.com,9475783148,Gold,2023-12-08
CUS03020,Ritu,Singh,F,1990-02-18,Bhopal,Madhya Pradesh,871734,user3020@email.com,9803468817,Bronze,2022-10-22
CUS03021,Rahul,Tiwari,F,1988-06-20,Nagpur,Maharashtra,234430,user3021@email.com,9936679916,Silver,2022-07-15
CUS03022,Varun,Sharma,F,1985-08-17,Ahmedabad,Gujarat,339980,user3022@email.com,9587193534,Bronze,2021-08-26
CUS03023,Rahul,Agarwal,F,1989-03-09,Kolkata,West Bengal,676396,user3023@email.com,9450725895,Silver,2024-06-15
CUS03024,Divya,Reddy,M,1999-06-04,Pune,Maharashtra,128355,user3024@email.com,9378482739,Platinum,2020-05-01
CUS03025,Lata,Reddy,M,1997-04-12,Nagpur,Maharashtra,605258,user3025@email.com,9157783846,Silver,2021-12-08
CUS03026,Swathi,Joshi,F,1972-10-13,Hyderabad,Telangana,684610,user3026@email.com,9631348756,Bronze,2023-05-17
CUS03027,Swathi,Pandey,M,1984-10-13,Bengaluru,Karnataka,853759,user3027@email.com,9874755721,Platinum,2020-07-21
CUS03028,Nisha,Tiwari,M,1991-12-17,Pune,Maharashtra,339286,user3028@email.com,9239573132,Bronze,2024-01-17
CUS03029,Suresh,Kumar,M,1972-11-06,Kolkata,West Bengal,373743,user3029@email.com,9270293780,Gold,2020-06-11
CUS03030,Dev,Sharma,M,1993-09-11,Surat,Gujarat,844836,user3030@email.com,9406505826,Bronze,2022-04-01
CUS03031,Sneha,Sharma,F,1981-04-29,Mumbai,Maharashtra,525239,user3031@email.com,9632991518,Silver,2021-12-27
CUS03032,Dev,Mishra,M,1977-03-20,Chandigarh,Punjab,925061,user3032@email.com,9430990934,Silver,2022-07-26
CUS03033,Amit,Tiwari,F,1999-06-22,Hyderabad,Telangana,464938,user3033@email.com,9499399531,Bronze,2020-06-04
CUS03034,Ananya,Iyer,M,1989-11-11,Bhopal,Madhya Pradesh,982459,user3034@email.com,9214273000,Bronze,2020-11-06
CUS03035,Arjun,Mishra,M,1993-12-20,Chandigarh,Punjab,215930,user3035@email.com,9147377352,Silver,2022-04-09
CUS03036,Sneha,Kapoor,M,1977-10-16,Chandigarh,Punjab,317285,user3036@email.com,9128610295,Gold,2020-02-13
CUS03037,Ritu,Agarwal,F,1975-06-13,Kochi,Kerala,205253,user3037@email.com,9582459879,Bronze,2020-09-29
CUS03038,Rohan,Bose,M,1981-07-04,Chandigarh,Punjab,641358,user3038@email.com,9145766573,Silver,2022-05-06
CUS03039,Sneha,Pillai,M,1999-11-07,Jaipur,Rajasthan,255327,user3039@email.com,9736457654,Bronze,2024-07-04
CUS03040,Sneha,Rao,F,1987-05-26,Kochi,Kerala,585968,user3040@email.com,9190661379,Bronze,2020-06-11
CUS03041,Nisha,Mishra,M,1978-06-11,Mumbai,Maharashtra,156500,user3041@email.com,9596010919,Gold,2023-12-23
CUS03042,Rohan,Patel,F,1982-02-26,Hyderabad,Telangana,401701,user3042@email.com,9487750861,Platinum,2021-12-08
CUS03043,Isha,Mehta,M,1970-10-22,Kolkata,West Bengal,520077,user3043@email.com,9287884018,Bronze,2024-07-03
CUS03044,Aarav,Sharma,F,1984-06-22,Chennai,Tamil Nadu,290553,user3044@email.com,9474664565,Silver,2021-12-08
CUS03045,Tara,Pillai,M,1985-07-14,Jaipur,Rajasthan,837576,user3045@email.com,9561155913,Silver,2020-06-25
CUS03046,Aarav,Nair,M,1990-07-06,Ahmedabad,Gujarat,105732,user3046@email.com,9458374978,Bronze,2021-12-26
CUS03047,Ritu,Nair,F,1988-02-21,Surat,Gujarat,264190,user3047@email.com,9983244394,Gold,2020-01-10
CUS03048,Geeta,Gupta,F,1988-09-06,Ahmedabad,Gujarat,512744,user3048@email.com,9569019932,Gold,2024-09-20
CUS03049,Meera,Tiwari,M,1985-11-05,Delhi,Delhi,352232,user3049@email.com,9991949861,Bronze,2020-08-13
CUS03050,Isha,Sharma,M,1998-03-27,Bhopal,Madhya Pradesh,378925,user3050@email.com,9532701137,Silver,2023-02-28
CUS03051,Divya,Rao,F,1989-12-31,Delhi,Delhi,126144,user3051@email.com,9910778211,Bronze,2022-06-07
CUS03052,Priya,Mishra,F,1978-09-03,Delhi,Delhi,798914,user3052@email.com,9601822501,Bronze,2020-05-29
CUS03053,Priya,Sharma,F,1990-04-01,Kolkata,West Bengal,375454,user3053@email.com,9728745204,Bronze,2021-05-29
CUS03054,Kavya,Singh,F,1997-11-04,Chandigarh,Punjab,690265,user3054@email.com,9913130969,Silver,2021-05-19
CUS03055,Dev,Gupta,F,1990-08-11,Kochi,Kerala,430350,user3055@email.com,9367673657,Silver,2021-09-11
CUS03056,Rohan,Rao,F,1983-11-09,Kochi,Kerala,144351,user3056@email.com,9374364321,Silver,2023-06-09
CUS03057,Priya,Tiwari,M,1981-02-15,Jaipur,Rajasthan,970455,user3057@email.com,9742026031,Gold,2023-08-08
CUS03058,Geeta,Shah,F,1986-01-31,Nagpur,Maharashtra,654893,user3058@email.com,9629166199,Silver,2023-06-25
CUS03059,Rohan,Nair,F,1976-06-12,Surat,Gujarat,560343,user3059@email.com,9835680345,Bronze,2020-03-31
CUS03060,Sanjay,Pandey,F,1992-02-14,Pune,Maharashtra,406830,user3060@email.com,9209581171,Silver,2022-04-12
CUS03061,Sneha,Reddy,M,1993-11-26,Pune,Maharashtra,400579,user3061@email.com,9152725202,Silver,2022-11-26
CUS03062,Arjun,Iyer,M,1996-12-22,Lucknow,Uttar Pradesh,282657,user3062@email.com,9918400762,Bronze,2023-09-24
CUS03063,Rahul,Kapoor,F,1977-02-16,Bengaluru,Karnataka,724029,user3063@email.com,9410425072,Silver,2024-06-15
CUS03064,Sneha,Pandey,M,1985-06-20,Nagpur,Maharashtra,115372,user3064@email.com,9171935975,Gold,2024-11-29
CUS03065,Arjun,Joshi,F,1980-06-23,Nagpur,Maharashtra,989319,user3065@email.com,9809015667,Bronze,2024-06-27
CUS03066,Amit,Patel,F,1970-07-31,Chennai,Tamil Nadu,959636,user3066@email.com,9680411499,Gold,2024-01-29
CUS03067,Rohan,Agarwal,M,1980-10-16,Delhi,Delhi,266050,user3067@email.com,9809481296,Silver,2020-06-15
CUS03068,Dev,Gupta,M,1982-08-17,Mumbai,Maharashtra,672257,user3068@email.com,9958119260,Bronze,2024-06-29
CUS03069,Tara,Pandey,F,1990-03-12,Hyderabad,Telangana,724399,user3069@email.com,9641656321,Gold,2022-11-25
CUS03070,Rajesh,Mishra,F,1993-06-03,Chandigarh,Punjab,217395,user3070@email.com,9189658290,Platinum,2020-07-06
CUS03071,Lata,Verma,F,1989-07-11,Mumbai,Maharashtra,716192,user3071@email.com,9411134568,Platinum,2023-08-07
CUS03072,Aarav,Singh,Other,1986-04-29,Jaipur,Rajasthan,518383,user3072@email.com,9379211235,Bronze,2024-07-07
CUS03073,Ananya,Kumar,F,1985-07-27,Bengaluru,Karnataka,473346,user3073@email.com,9660435567,Silver,2022-06-19
CUS03074,Pooja,Tiwari,Other,1973-03-22,Nagpur,Maharashtra,631468,user3074@email.com,9501363926,Silver,2020-04-12
CUS03075,Kavya,Joshi,M,1979-05-30,Mumbai,Maharashtra,126941,user3075@email.com,9378636734,Silver,2020-09-12
CUS03076,Isha,Rao,F,1999-12-07,Pune,Maharashtra,198248,user3076@email.com,9989928641,Gold,2023-04-14
CUS03077,Rahul,Shah,F,1970-05-04,Bhopal,Madhya Pradesh,414106,user3077@email.com,9739606946,Silver,2022-03-03
CUS03078,Dev,Singh,F,1997-04-29,Chandigarh,Punjab,635715,user3078@email.com,9636531976,Silver,2022-05-29
CUS03079,Arjun,Joshi,F,1978-11-06,Lucknow,Uttar Pradesh,544045,user3079@email.com,9700961387,Platinum,2020-09-10
CUS03080,Amit,Shah,F,1992-07-25,Bengaluru,Karnataka,802835,user3080@email.com,9612320575,Silver,2022-03-13
CUS03081,Arjun,Patel,F,1984-12-10,Mumbai,Maharashtra,340477,user3081@email.com,9865988089,Bronze,2024-07-21
CUS03082,Ritu,Singh,F,1977-10-03,Nagpur,Maharashtra,544095,user3082@email.com,9220788439,Bronze,2023-09-07
CUS03083,Isha,Verma,F,1996-07-26,Mumbai,Maharashtra,285628,user3083@email.com,9623456429,Bronze,2020-06-17
CUS03084,Ritu,Verma,F,1994-04-17,Nagpur,Maharashtra,449497,user3084@email.com,9876170716,Bronze,2021-06-10
CUS03085,Ajay,Mishra,F,1987-01-12,Delhi,Delhi,943906,user3085@email.com,9807199818,Silver,2024-07-20
CUS03086,Ananya,Mehta,F,1980-04-20,Pune,Maharashtra,734122,user3086@email.com,9552724457,Gold,2022-08-09
CUS03087,Varun,Pandey,M,2000-03-22,Kolkata,West Bengal,673359,user3087@email.com,9366991189,Gold,2024-02-21
CUS03088,Swathi,Agarwal,M,1999-11-17,Nagpur,Maharashtra,575067,user3088@email.com,9649434359,Bronze,2022-03-20
CUS03089,Amit,Sharma,M,1993-07-01,Delhi,Delhi,454437,user3089@email.com,9209746806,Bronze,2022-06-21
CUS03090,Geeta,Pillai,F,1995-04-22,Bengaluru,Karnataka,354969,user3090@email.com,9986395143,Silver,2021-06-05
CUS03091,Kavya,Verma,M,1993-06-11,Kolkata,West Bengal,626943,user3091@email.com,9716188585,Platinum,2022-09-24
CUS03092,Pooja,Gupta,F,1990-04-19,Chandigarh,Punjab,658580,user3092@email.com,9848062857,Silver,2024-11-20
CUS03093,Priya,Agarwal,M,1997-04-17,Lucknow,Uttar Pradesh,371090,user3093@email.com,9524330442,Silver,2023-01-01
CUS03094,Suresh,Mishra,F,1982-07-02,Chandigarh,Punjab,171460,user3094@email.com,9556248404,Bronze,2023-03-20
CUS03095,Rohan,Singh,M,1971-10-04,Bhopal,Madhya Pradesh,324869,user3095@email.com,9990879569,Bronze,2020-04-03
CUS03096,Ajay,Iyer,M,2000-11-07,Nagpur,Maharashtra,892189,user3096@email.com,9743912303,Silver,2024-02-16
CUS03097,Varun,Nair,F,1979-02-08,Bengaluru,Karnataka,213204,user3097@email.com,9349804856,Bronze,2020-12-22
CUS03098,Nisha,Sharma,M,1983-10-27,Kochi,Kerala,360702,user3098@email.com,9147020072,Platinum,2020-04-27
CUS03099,Kavya,Kapoor,M,1985-01-08,Hyderabad,Telangana,448599,user3099@email.com,9937259691,Gold,2022-07-31
CUS03100,Geeta,Joshi,M,1973-04-13,Mumbai,Maharashtra,391941,user3100@email.com,9905817961,Bronze,2020-10-22
CUS03101,Arjun,Kumar,F,1985-11-07,Bengaluru,Karnataka,549752,user3101@email.com,9441324993,Silver,2020-04-14
CUS03102,Rahul,Mehta,M,1983-07-16,Bhopal,Madhya Pradesh,925961,user3102@email.com,9709047122,Silver,2020-03-29
CUS03103,Rohan,Bose,F,1990-09-29,Bhopal,Madhya Pradesh,607762,user3103@email.com,9902645429,Bronze,2022-12-21
CUS03104,Vikram,Gupta,F,1988-02-18,Jaipur,Rajasthan,701080,user3104@email.com,9908536357,Silver,2020-04-15
CUS03105,Kavya,Verma,Other,1999-06-11,Mumbai,Maharashtra,864921,user3105@email.com,9103061836,Gold,2024-02-27
CUS03106,Varun,Verma,M,1996-03-18,Ahmedabad,Gujarat,384686,user3106@email.com,9185490742,Silver,2023-02-10
CUS03107,Suresh,Kumar,F,1976-08-01,Pune,Maharashtra,980525,user3107@email.com,9450520909,Silver,2021-04-11
CUS03108,Sanjay,Shah,F,1979-08-05,Nagpur,Maharashtra,672433,user3108@email.com,9553317805,Silver,2020-06-30
CUS03109,Swathi,Iyer,F,1980-05-22,Jaipur,Rajasthan,710029,user3109@email.com,9525016611,Silver,2021-08-15
CUS03110,Amit,Mehta,F,1981-12-23,Jaipur,Rajasthan,499677,user3110@email.com,9709049343,Bronze,2021-12-20
CUS03111,Neha,Singh,M,1984-01-13,Nagpur,Maharashtra,716931,user3111@email.com,9380481626,Platinum,2020-06-25
CUS03112,Tara,Patel,M,1976-10-10,Chandigarh,Punjab,743508,user3112@email.com,9244705703,Gold,2020-10-05
CUS03113,Ananya,Patel,F,1977-06-11,Surat,Gujarat,918986,user3113@email.com,9612987363,Platinum,2024-03-04
CUS03114,Mohan,Shah,F,1980-05-02,Chennai,Tamil Nadu,146649,user3114@email.com,9477163672,Bronze,2020-11-17
CUS03115,Rohan,Agarwal,F,1999-06-01,Ahmedabad,Gujarat,164872,user3115@email.com,9343813723,Gold,2024-09-06
CUS03116,Ajay,Verma,F,1996-08-04,Jaipur,Rajasthan,317203,user3116@email.com,9552312481,Bronze,2024-11-27
CUS03117,Mohan,Reddy,M,1971-12-26,Pune,Maharashtra,707407,user3117@email.com,9379071239,Bronze,2022-10-13
CUS03118,Priya,Shah,F,1985-10-29,Lucknow,Uttar Pradesh,151539,user3118@email.com,9126600019,Silver,2024-06-27
CUS03119,Rajesh,Mehta,F,1971-12-14,Surat,Gujarat,413223,user3119@email.com,9669462036,Platinum,2020-02-02
CUS03120,Ananya,Patel,M,1979-09-30,Kolkata,West Bengal,494616,user3120@email.com,9502701150,Silver,2022-11-10
CUS03121,Ritu,Verma,F,1995-02-27,Kolkata,West Bengal,552292,user3121@email.com,9634190259,Silver,2020-12-19
CUS03122,Ritu,Agarwal,M,1978-02-10,Hyderabad,Telangana,115052,user3122@email.com,9980673779,Gold,2021-09-06
CUS03123,Kiran,Agarwal,F,1984-03-15,Kolkata,West Bengal,613832,user3123@email.com,9912034755,Silver,2021-11-11
CUS03124,Prakash,Sharma,F,1974-07-17,Jaipur,Rajasthan,920528,user3124@email.com,9431272329,Gold,2023-03-09
CUS03125,Rahul,Kapoor,F,1981-11-15,Chennai,Tamil Nadu,130294,user3125@email.com,9556502904,Bronze,2022-05-25
CUS03126,Ritu,Pillai,M,1987-01-22,Bhopal,Madhya Pradesh,524082,user3126@email.com,9509375233,Gold,2020-08-03
CUS03127,Dev,Joshi,F,1971-09-06,Bhopal,Madhya Pradesh,452853,user3127@email.com,9852261831,Bronze,2022-06-11
CUS03128,Sanjay,Rao,F,1995-02-08,Delhi,Delhi,463880,user3128@email.com,9345781771,Platinum,2022-01-05
CUS03129,Mohan,Agarwal,M,1988-08-09,Mumbai,Maharashtra,295809,user3129@email.com,9227146375,Bronze,2024-10-31
CUS03130,Ananya,Mishra,M,1976-12-17,Kolkata,West Bengal,601601,user3130@email.com,9845122740,Silver,2021-05-17
CUS03131,Sanjay,Reddy,F,1990-02-11,Kolkata,West Bengal,743063,user3131@email.com,9172297474,Bronze,2021-08-04
CUS03132,Rohan,Joshi,M,1997-07-20,Delhi,Delhi,204768,user3132@email.com,9199106536,Bronze,2021-03-01
CUS03133,Suresh,Gupta,F,1988-01-27,Bhopal,Madhya Pradesh,642186,user3133@email.com,9786569718,Bronze,2022-10-22
CUS03134,Aarav,Verma,M,1982-02-18,Mumbai,Maharashtra,597638,user3134@email.com,9732229840,Silver,2020-11-27
CUS03135,Isha,Bose,Other,1989-10-12,Pune,Maharashtra,234062,user3135@email.com,9310328639,Gold,2020-10-10
CUS03136,Rajesh,Pandey,F,1970-12-31,Bengaluru,Karnataka,475772,user3136@email.com,9576836223,Platinum,2023-07-06
CUS03137,Aarav,Gupta,M,1979-09-08,Nagpur,Maharashtra,853169,user3137@email.com,9538675806,Gold,2021-07-18
CUS03138,Ananya,Agarwal,M,1972-10-13,Bhopal,Madhya Pradesh,865929,user3138@email.com,9219086258,Platinum,2020-06-23
CUS03139,Rahul,Kapoor,M,1987-06-05,Mumbai,Maharashtra,871139,user3139@email.com,9915745445,Gold,2021-12-13
CUS03140,Pooja,Agarwal,M,1977-11-16,Hyderabad,Telangana,717340,user3140@email.com,9883290610,Bronze,2021-02-06
CUS03141,Kavya,Patel,F,1998-07-21,Chandigarh,Punjab,467373,user3141@email.com,9979395613,Silver,2024-10-31
CUS03142,Arjun,Kapoor,M,1973-10-14,Hyderabad,Telangana,234130,user3142@email.com,9232506072,Silver,2021-05-04
CUS03143,Ajay,Iyer,F,1995-03-21,Kochi,Kerala,365518,user3143@email.com,9488725866,Gold,2023-10-12
CUS03144,Priya,Patel,F,1975-08-14,Kolkata,West Bengal,550087,user3144@email.com,9373229374,Bronze,2023-05-22
CUS03145,Divya,Mishra,M,1989-10-24,Hyderabad,Telangana,252716,user3145@email.com,9311322403,Gold,2021-11-11
CUS03146,Sneha,Reddy,F,1976-03-16,Delhi,Delhi,261652,user3146@email.com,9865497633,Platinum,2022-06-08
CUS03147,Ajay,Verma,F,1996-09-02,Kolkata,West Bengal,872254,user3147@email.com,9884875433,Platinum,2023-08-20
CUS03148,Swathi,Singh,F,1982-07-18,Surat,Gujarat,911129,user3148@email.com,9527503847,Gold,2022-04-14
CUS03149,Tara,Mehta,F,1976-05-06,Chennai,Tamil Nadu,811477,user3149@email.com,9896997211,Bronze,2021-11-30
CUS03150,Aarav,Nair,F,1980-07-04,Bengaluru,Karnataka,682052,user3150@email.com,9678635128,Bronze,2020-04-06
CUS03151,Varun,Singh,F,1976-04-29,Bengaluru,Karnataka,470808,user3151@email.com,9866884424,Bronze,2020-12-01
CUS03152,Priya,Singh,F,1972-07-11,Jaipur,Rajasthan,505824,user3152@email.com,9365147627,Gold,2020-06-09
CUS03153,Kiran,Nair,M,1995-02-01,Kolkata,West Bengal,738457,user3153@email.com,9951290613,Platinum,2021-07-24
CUS03154,Lata,Verma,F,1976-05-24,Hyderabad,Telangana,251861,user3154@email.com,9386437094,Silver,2022-05-22
CUS03155,Kiran,Iyer,F,1994-03-27,Chennai,Tamil Nadu,112389,user3155@email.com,9138401215,Gold,2020-12-20
CUS03156,Mohan,Kumar,F,1982-05-28,Bhopal,Madhya Pradesh,849894,user3156@email.com,9525565787,Silver,2024-11-19
CUS03157,Divya,Kapoor,F,1980-06-12,Jaipur,Rajasthan,983488,user3157@email.com,9556323792,Bronze,2020-07-27
CUS03158,Arjun,Gupta,M,1993-02-13,Bengaluru,Karnataka,802573,user3158@email.com,9485972027,Bronze,2022-04-16
CUS03159,Priya,Verma,M,1981-01-16,Pune,Maharashtra,661072,user3159@email.com,9488299146,Silver,2024-11-14
CUS03160,Swathi,Pandey,M,1972-03-04,Ahmedabad,Gujarat,838802,user3160@email.com,9942112320,Silver,2023-10-22
CUS03161,Dev,Rao,M,1973-04-08,Mumbai,Maharashtra,724695,user3161@email.com,9232427634,Bronze,2022-04-30
CUS03162,Suresh,Kapoor,F,1981-08-14,Ahmedabad,Gujarat,665042,user3162@email.com,9889566539,Bronze,2023-01-09
CUS03163,Rajesh,Tiwari,M,1994-02-06,Lucknow,Uttar Pradesh,714807,user3163@email.com,9666606892,Silver,2024-11-20
CUS03164,Prakash,Pandey,M,1975-08-22,Bengaluru,Karnataka,429779,user3164@email.com,9616728439,Silver,2022-08-13
CUS03165,Varun,Bose,M,1999-08-24,Bengaluru,Karnataka,980537,user3165@email.com,9582554755,Silver,2023-06-29
CUS03166,Sanjay,Iyer,M,1978-11-24,Kolkata,West Bengal,193891,user3166@email.com,9882649759,Platinum,2022-06-21
CUS03167,Lata,Shah,F,1993-01-26,Jaipur,Rajasthan,283531,user3167@email.com,9387547650,Bronze,2024-09-09
CUS03168,Varun,Verma,F,1976-12-08,Chennai,Tamil Nadu,721168,user3168@email.com,9582679659,Bronze,2022-10-05
CUS03169,Pooja,Tiwari,F,1994-03-01,Chennai,Tamil Nadu,258280,user3169@email.com,9221042498,Platinum,2023-06-06
CUS03170,Kavya,Bose,M,1976-05-21,Surat,Gujarat,956593,user3170@email.com,9268702405,Platinum,2022-08-26
CUS03171,Rahul,Joshi,F,1993-06-20,Lucknow,Uttar Pradesh,639685,user3171@email.com,9153017184,Gold,2024-04-21
CUS03172,Geeta,Nair,M,1979-11-25,Jaipur,Rajasthan,227010,user3172@email.com,9148084413,Gold,2024-03-01
CUS03173,Ananya,Iyer,M,1987-05-22,Mumbai,Maharashtra,102215,user3173@email.com,9117477783,Bronze,2023-01-21
CUS03174,Sanjay,Mishra,M,1974-05-31,Jaipur,Rajasthan,220181,user3174@email.com,9148650818,Platinum,2024-04-02
CUS03175,Varun,Pandey,F,1980-03-13,Jaipur,Rajasthan,685219,user3175@email.com,9961181927,Silver,2023-04-13
CUS03176,Sanjay,Kumar,M,1980-12-21,Kochi,Kerala,187672,user3176@email.com,9978138128,Bronze,2023-04-24
CUS03177,Sanjay,Singh,M,1987-10-16,Hyderabad,Telangana,859699,user3177@email.com,9352578218,Gold,2024-09-19
CUS03178,Geeta,Rao,F,1985-04-13,Kolkata,West Bengal,772297,user3178@email.com,9191324301,Silver,2022-04-08
CUS03179,Priya,Bose,M,1976-09-09,Chandigarh,Punjab,921075,user3179@email.com,9906460785,Gold,2020-12-27
CUS03180,Dev,Reddy,M,1981-06-17,Jaipur,Rajasthan,424356,user3180@email.com,9538803961,Gold,2023-01-30
CUS03181,Kiran,Kumar,M,1993-02-20,Lucknow,Uttar Pradesh,308200,user3181@email.com,9887412724,Gold,2022-02-27
CUS03182,Amit,Shah,F,1986-08-15,Mumbai,Maharashtra,103678,user3182@email.com,9497347055,Gold,2022-09-26
CUS03183,Kiran,Tiwari,M,1972-12-23,Kolkata,West Bengal,974607,user3183@email.com,9180029065,Bronze,2020-09-29
CUS03184,Mohan,Patel,M,1985-11-05,Nagpur,Maharashtra,800912,user3184@email.com,9518688497,Silver,2022-09-06
CUS03185,Rohan,Sharma,F,1996-02-20,Delhi,Delhi,512077,user3185@email.com,9498324344,Bronze,2022-01-22
CUS03186,Mohan,Singh,F,1989-01-19,Delhi,Delhi,335715,user3186@email.com,9403001934,Bronze,2023-09-17
CUS03187,Kavya,Rao,M,1992-07-26,Ahmedabad,Gujarat,743949,user3187@email.com,9978261652,Platinum,2023-01-05
CUS03188,Arjun,Pandey,F,1976-08-12,Lucknow,Uttar Pradesh,648187,user3188@email.com,9760539699,Bronze,2023-10-10
CUS03189,Kavya,Nair,M,1986-02-22,Chandigarh,Punjab,674865,user3189@email.com,9317220219,Bronze,2022-09-01
CUS03190,Sanjay,Verma,F,1979-05-01,Bengaluru,Karnataka,692027,user3190@email.com,9767684963,Silver,2021-05-22
CUS03191,Swathi,Mishra,F,1988-01-28,Pune,Maharashtra,653600,user3191@email.com,9351341315,Silver,2022-07-29
CUS03192,Kavya,Kapoor,F,1989-11-14,Jaipur,Rajasthan,693234,user3192@email.com,9227037914,Silver,2021-02-02
CUS03193,Tara,Bose,F,1971-07-05,Surat,Gujarat,176176,user3193@email.com,9490932614,Bronze,2024-08-04
CUS03194,Rajesh,Agarwal,M,1997-02-13,Chandigarh,Punjab,575565,user3194@email.com,9183251892,Silver,2021-04-06
CUS03195,Sanjay,Sharma,F,1987-08-22,Nagpur,Maharashtra,348247,user3195@email.com,9235832849,Bronze,2024-05-11
CUS03196,Vikram,Agarwal,F,1987-05-13,Delhi,Delhi,901112,user3196@email.com,9484943624,Silver,2024-08-21
CUS03197,Suresh,Tiwari,F,1998-05-09,Surat,Gujarat,295844,user3197@email.com,9508172677,Bronze,2021-10-19
CUS03198,Kavya,Sharma,F,1992-12-01,Delhi,Delhi,699407,user3198@email.com,9495720862,Platinum,2023-08-11
CUS03199,Ritu,Mishra,M,1984-09-03,Delhi,Delhi,635294,user3199@email.com,9437535659,Platinum,2020-02-27
CUS03200,Amit,Bose,F,1982-10-06,Delhi,Delhi,840364,user3200@email.com,9196864759,Silver,2021-10-12
CUS03201,Isha,Mehta,M,1991-12-23,Bengaluru,Karnataka,293858,user3201@email.com,9941876251,Bronze,2024-03-16
CUS03202,Tara,Verma,M,2000-03-06,Jaipur,Rajasthan,196366,user3202@email.com,9753427376,Gold,2021-07-16
CUS03203,Vikram,Agarwal,M,1977-04-12,Pune,Maharashtra,270623,user3203@email.com,9251304479,Silver,2020-05-04
CUS03204,Kiran,Kapoor,F,1979-07-26,Ahmedabad,Gujarat,571103,user3204@email.com,9157331978,Gold,2023-01-28
CUS03205,Geeta,Gupta,F,1979-05-31,Nagpur,Maharashtra,484241,user3205@email.com,9386045942,Platinum,2022-01-15
CUS03206,Varun,Verma,M,1973-06-06,Delhi,Delhi,407912,user3206@email.com,9500342933,Silver,2020-08-13
CUS03207,Priya,Rao,M,1984-04-08,Bhopal,Madhya Pradesh,630367,user3207@email.com,9235741420,Bronze,2024-11-01
CUS03208,Vikram,Reddy,F,1974-02-10,Lucknow,Uttar Pradesh,485004,user3208@email.com,9633590589,Gold,2020-03-10
CUS03209,Rajesh,Sharma,F,1997-02-17,Kochi,Kerala,152199,user3209@email.com,9168042297,Silver,2021-07-08
CUS03210,Geeta,Rao,M,1980-12-18,Chennai,Tamil Nadu,155407,user3210@email.com,9593232068,Bronze,2021-01-05
CUS03211,Vikram,Gupta,F,1979-03-05,Bhopal,Madhya Pradesh,592833,user3211@email.com,9290723740,Silver,2021-02-14
CUS03212,Kavya,Pandey,M,1971-10-17,Nagpur,Maharashtra,856148,user3212@email.com,9945622652,Bronze,2020-09-30
CUS03213,Rohan,Bose,F,1995-12-07,Mumbai,Maharashtra,956505,user3213@email.com,9654813310,Bronze,2021-02-10
CUS03214,Arjun,Mishra,M,1979-02-28,Kochi,Kerala,242868,user3214@email.com,9550633661,Bronze,2021-07-17
CUS03215,Kavya,Pillai,M,1992-01-17,Nagpur,Maharashtra,169112,user3215@email.com,9163262134,Gold,2020-11-19
CUS03216,Dev,Patel,M,1971-11-13,Jaipur,Rajasthan,702261,user3216@email.com,9499218823,Platinum,2020-11-21
CUS03217,Ananya,Mishra,F,1970-11-18,Lucknow,Uttar Pradesh,214512,user3217@email.com,9976475705,Silver,2024-06-29
CUS03218,Ananya,Agarwal,M,1974-11-06,Hyderabad,Telangana,145738,user3218@email.com,9898722372,Bronze,2023-12-03
CUS03219,Neha,Mishra,M,1973-04-05,Bhopal,Madhya Pradesh,697176,user3219@email.com,9246205280,Bronze,2020-11-03
CUS03220,Amit,Singh,F,1981-07-18,Mumbai,Maharashtra,722485,user3220@email.com,9437058401,Silver,2020-07-16
CUS03221,Isha,Gupta,F,1987-07-03,Mumbai,Maharashtra,970294,user3221@email.com,9801846847,Bronze,2021-07-18
CUS03222,Rajesh,Mehta,F,2000-03-02,Jaipur,Rajasthan,443124,user3222@email.com,9850681734,Bronze,2023-12-08
CUS03223,Dev,Reddy,F,1974-03-18,Chandigarh,Punjab,647254,user3223@email.com,9602860372,Silver,2020-02-03
CUS03224,Rajesh,Nair,F,1999-03-08,Jaipur,Rajasthan,532144,user3224@email.com,9470026225,Bronze,2024-05-27
CUS03225,Arjun,Bose,F,1987-01-24,Kolkata,West Bengal,533501,user3225@email.com,9998005043,Gold,2022-11-28
CUS03226,Ritu,Kapoor,F,1970-06-29,Lucknow,Uttar Pradesh,597166,user3226@email.com,9317094040,Gold,2022-12-08
CUS03227,Kavya,Singh,M,1989-05-04,Chandigarh,Punjab,907940,user3227@email.com,9878841703,Gold,2021-03-13
CUS03228,Arjun,Rao,M,1973-06-23,Mumbai,Maharashtra,468883,user3228@email.com,9931809747,Silver,2023-01-26
CUS03229,Sanjay,Iyer,F,1985-03-13,Lucknow,Uttar Pradesh,172058,user3229@email.com,9602803298,Gold,2021-12-27
CUS03230,Prakash,Pillai,M,1981-12-28,Chennai,Tamil Nadu,649472,user3230@email.com,9920275276,Gold,2022-02-17
CUS03231,Kiran,Reddy,M,1978-12-29,Chennai,Tamil Nadu,163413,user3231@email.com,9535543580,Gold,2024-09-08
CUS03232,Nisha,Patel,F,1987-04-13,Jaipur,Rajasthan,569557,user3232@email.com,9308044071,Silver,2020-10-12
CUS03233,Mohan,Gupta,F,1979-10-26,Chennai,Tamil Nadu,668267,user3233@email.com,9640499969,Bronze,2022-01-11
CUS03234,Ananya,Rao,F,1994-08-09,Kolkata,West Bengal,501211,user3234@email.com,9956624381,Platinum,2022-07-23
CUS03235,Divya,Shah,F,1994-08-29,Bhopal,Madhya Pradesh,666432,user3235@email.com,9150930624,Bronze,2021-07-07
CUS03236,Amit,Mishra,F,1975-07-16,Mumbai,Maharashtra,838918,user3236@email.com,9153816964,Bronze,2021-04-28
CUS03237,Swathi,Rao,M,1977-09-05,Ahmedabad,Gujarat,481914,user3237@email.com,9526346256,Bronze,2024-04-17
CUS03238,Ananya,Sharma,F,1981-12-23,Lucknow,Uttar Pradesh,667114,user3238@email.com,9457885126,Platinum,2023-09-11
CUS03239,Sneha,Patel,F,1994-01-08,Hyderabad,Telangana,833832,user3239@email.com,9432294431,Gold,2020-08-30
CUS03240,Swathi,Kumar,F,1985-09-16,Surat,Gujarat,204574,user3240@email.com,9189479909,Platinum,2022-08-04
CUS03241,Ajay,Kapoor,F,1981-02-07,Ahmedabad,Gujarat,199357,user3241@email.com,9745347846,Platinum,2023-06-11
CUS03242,Vikram,Rao,F,2000-05-11,Mumbai,Maharashtra,838364,user3242@email.com,9578013983,Silver,2023-01-31
CUS03243,Tara,Joshi,M,1972-06-17,Mumbai,Maharashtra,124948,user3243@email.com,9536071145,Gold,2023-09-24
CUS03244,Geeta,Iyer,M,1999-02-15,Hyderabad,Telangana,381070,user3244@email.com,9850151038,Platinum,2022-03-30
CUS03245,Ananya,Sharma,F,1974-07-13,Surat,Gujarat,799254,user3245@email.com,9245205505,Bronze,2021-12-27
CUS03246,Kiran,Tiwari,M,1990-06-17,Nagpur,Maharashtra,162412,user3246@email.com,9111355547,Bronze,2021-11-20
CUS03247,Ajay,Patel,M,1988-09-15,Pune,Maharashtra,216385,user3247@email.com,9462130814,Bronze,2023-04-26
CUS03248,Geeta,Joshi,F,1985-06-12,Kochi,Kerala,463881,user3248@email.com,9956789742,Silver,2022-03-06
CUS03249,Rajesh,Gupta,M,1972-09-28,Surat,Gujarat,747637,user3249@email.com,9464840605,Bronze,2022-10-05
CUS03250,Priya,Bose,M,1990-12-06,Kolkata,West Bengal,564458,user3250@email.com,9856112323,Bronze,2021-07-09
CUS03251,Amit,Pandey,F,1998-03-05,Bengaluru,Karnataka,471054,user3251@email.com,9860528097,Gold,2022-11-10
CUS03252,Meera,Sharma,F,1992-02-16,Surat,Gujarat,798799,user3252@email.com,9906375933,Gold,2020-04-13
CUS03253,Aarav,Shah,M,1977-11-09,Mumbai,Maharashtra,810450,user3253@email.com,9767911118,Bronze,2021-06-26
CUS03254,Ajay,Sharma,M,1994-05-16,Kolkata,West Bengal,707102,user3254@email.com,9227257185,Bronze,2020-06-26
CUS03255,Vikram,Patel,F,1994-09-26,Hyderabad,Telangana,549218,user3255@email.com,9148970283,Silver,2022-07-30
CUS03256,Ajay,Mehta,M,1999-12-19,Kochi,Kerala,669126,user3256@email.com,9422006465,Silver,2022-11-04
CUS03257,Sneha,Iyer,Other,1975-01-25,Nagpur,Maharashtra,453171,user3257@email.com,9760752396,Silver,2021-01-29
CUS03258,Kavya,Pillai,M,1987-08-30,Bengaluru,Karnataka,886476,user3258@email.com,9361596769,Platinum,2021-11-01
CUS03259,Rajesh,Rao,M,1976-09-12,Surat,Gujarat,478898,user3259@email.com,9516528453,Bronze,2020-12-26
CUS03260,Nisha,Bose,F,1977-10-10,Mumbai,Maharashtra,705666,user3260@email.com,9114010420,Silver,2023-01-17
CUS03261,Rajesh,Agarwal,F,1988-09-24,Pune,Maharashtra,964286,user3261@email.com,9687871529,Bronze,2020-11-03
CUS03262,Sanjay,Mishra,F,1970-02-16,Jaipur,Rajasthan,146230,user3262@email.com,9935686725,Silver,2024-07-05
CUS03263,Isha,Kapoor,M,1990-11-08,Chennai,Tamil Nadu,813260,user3263@email.com,9234546708,Gold,2021-10-14
CUS03264,Tara,Nair,F,1973-05-08,Chennai,Tamil Nadu,403013,user3264@email.com,9429377560,Silver,2022-12-27
CUS03265,Neha,Iyer,M,1970-01-03,Hyderabad,Telangana,511702,user3265@email.com,9626967265,Silver,2024-12-30
CUS03266,Neha,Joshi,M,1971-02-04,Chandigarh,Punjab,108440,user3266@email.com,9334039434,Bronze,2021-05-12
CUS03267,Varun,Sharma,M,1971-08-31,Hyderabad,Telangana,322839,user3267@email.com,9507466706,Bronze,2020-01-05
CUS03268,Prakash,Shah,M,1994-07-25,Bengaluru,Karnataka,210905,user3268@email.com,9593253917,Silver,2024-11-08
CUS03269,Rajesh,Patel,F,1994-09-24,Bengaluru,Karnataka,793624,user3269@email.com,9714912798,Gold,2023-01-08
CUS03270,Pooja,Iyer,M,1986-05-20,Bengaluru,Karnataka,997593,user3270@email.com,9202272739,Bronze,2022-10-21
CUS03271,Ritu,Patel,F,1981-05-24,Kochi,Kerala,774392,user3271@email.com,9552855808,Gold,2021-06-27
CUS03272,Meera,Iyer,M,1977-04-07,Mumbai,Maharashtra,901432,user3272@email.com,9680909211,Silver,2024-05-04
CUS03273,Suresh,Gupta,M,1988-07-19,Pune,Maharashtra,258824,user3273@email.com,9225250114,Bronze,2022-02-27
CUS03274,Amit,Iyer,F,1990-08-08,Pune,Maharashtra,746202,user3274@email.com,9106974196,Bronze,2020-07-25
CUS03275,Kiran,Mishra,M,1990-09-03,Surat,Gujarat,689900,user3275@email.com,9697519663,Gold,2023-10-30
CUS03276,Amit,Rao,F,1980-09-10,Jaipur,Rajasthan,295106,user3276@email.com,9194195977,Bronze,2022-07-11
CUS03277,Rajesh,Agarwal,M,1977-05-31,Kochi,Kerala,514440,user3277@email.com,9149849765,Bronze,2020-10-11
CUS03278,Pooja,Agarwal,F,1994-11-01,Bhopal,Madhya Pradesh,287884,user3278@email.com,9956136783,Bronze,2023-10-09
CUS03279,Vikram,Mishra,M,1994-04-02,Kochi,Kerala,645952,user3279@email.com,9300294311,Bronze,2021-09-16
CUS03280,Amit,Sharma,F,1987-12-20,Ahmedabad,Gujarat,232206,user3280@email.com,9101178290,Platinum,2022-08-18
CUS03281,Rohan,Pillai,F,2000-10-10,Delhi,Delhi,336610,user3281@email.com,9866323369,Gold,2020-08-09
CUS03282,Ananya,Nair,M,1985-12-02,Mumbai,Maharashtra,276421,user3282@email.com,9206273231,Silver,2023-01-09
CUS03283,Lata,Joshi,M,1994-02-25,Lucknow,Uttar Pradesh,649907,user3283@email.com,9943613555,Bronze,2022-08-06
CUS03284,Geeta,Bose,F,1989-10-06,Lucknow,Uttar Pradesh,819737,user3284@email.com,9493034684,Silver,2020-02-08
CUS03285,Sneha,Kumar,F,1988-07-08,Pune,Maharashtra,321706,user3285@email.com,9675021545,Bronze,2023-03-03
CUS03286,Kavya,Singh,F,1991-02-21,Jaipur,Rajasthan,428149,user3286@email.com,9710932306,Gold,2020-12-04
CUS03287,Isha,Joshi,F,1972-08-10,Kochi,Kerala,198772,user3287@email.com,9509868460,Silver,2023-03-09
CUS03288,Mohan,Patel,F,1997-01-13,Mumbai,Maharashtra,910682,user3288@email.com,9464717215,Platinum,2024-07-17
CUS03289,Kavya,Pandey,F,1978-06-13,Ahmedabad,Gujarat,170431,user3289@email.com,9687861720,Platinum,2024-08-29
CUS03290,Vikram,Kapoor,F,1980-03-27,Lucknow,Uttar Pradesh,602888,user3290@email.com,9285089731,Gold,2020-03-04
CUS03291,Kiran,Mehta,F,1980-01-14,Kolkata,West Bengal,789288,user3291@email.com,9203051813,Platinum,2022-12-29
CUS03292,Ananya,Bose,M,1972-01-26,Bengaluru,Karnataka,156596,user3292@email.com,9290731191,Silver,2024-07-29
CUS03293,Divya,Verma,M,1989-06-26,Lucknow,Uttar Pradesh,979422,user3293@email.com,9345498683,Bronze,2024-06-14
CUS03294,Priya,Gupta,M,1998-01-28,Bengaluru,Karnataka,392284,user3294@email.com,9623207215,Platinum,2022-04-03
CUS03295,Rahul,Reddy,F,1987-03-30,Surat,Gujarat,650398,user3295@email.com,9902914771,Bronze,2023-06-25
CUS03296,Meera,Tiwari,F,1982-02-23,Pune,Maharashtra,305817,user3296@email.com,9852801235,Bronze,2023-11-05
CUS03297,Lata,Sharma,M,1972-05-15,Bengaluru,Karnataka,764843,user3297@email.com,9323185442,Platinum,2022-09-16
CUS03298,Geeta,Reddy,M,1979-02-10,Kolkata,West Bengal,237573,user3298@email.com,9240214044,Gold,2020-01-25
CUS03299,Meera,Reddy,F,1976-04-01,Ahmedabad,Gujarat,208250,user3299@email.com,9361670087,Bronze,2024-10-10
CUS03300,Priya,Reddy,F,1971-12-30,Chennai,Tamil Nadu,538229,user3300@email.com,9460202958,Gold,2023-03-24
CUS03301,Arjun,Shah,M,1989-12-19,Pune,Maharashtra,815319,user3301@email.com,9985706499,Bronze,2020-05-20
CUS03302,Ritu,Pandey,M,1983-04-10,Kochi,Kerala,968406,user3302@email.com,9572414583,Silver,2021-01-09
CUS03303,Sanjay,Tiwari,M,1984-01-24,Hyderabad,Telangana,663367,user3303@email.com,9340781191,Bronze,2022-02-17
CUS03304,Tara,Sharma,F,1981-02-09,Delhi,Delhi,727273,user3304@email.com,9196270450,Silver,2020-01-29
CUS03305,Varun,Singh,F,1993-01-18,Nagpur,Maharashtra,496487,user3305@email.com,9752962225,Bronze,2022-10-27
CUS03306,Rajesh,Kapoor,M,1971-06-10,Bengaluru,Karnataka,923298,user3306@email.com,9131322804,Bronze,2020-02-28
CUS03307,Lata,Verma,F,1977-02-17,Bhopal,Madhya Pradesh,170129,user3307@email.com,9765815220,Bronze,2020-09-12
CUS03308,Vikram,Tiwari,M,1988-09-08,Bengaluru,Karnataka,312886,user3308@email.com,9227254987,Silver,2021-01-28
CUS03309,Suresh,Patel,M,1997-07-18,Mumbai,Maharashtra,684245,user3309@email.com,9495753745,Platinum,2022-12-17
CUS03310,Varun,Shah,F,1980-09-23,Pune,Maharashtra,889727,user3310@email.com,9143571772,Bronze,2020-03-31
CUS03311,Sanjay,Reddy,M,1996-05-06,Kochi,Kerala,637022,user3311@email.com,9963483699,Bronze,2021-02-14
CUS03312,Priya,Mehta,F,1975-05-15,Hyderabad,Telangana,916634,user3312@email.com,9919337022,Gold,2020-01-21
CUS03313,Dev,Patel,M,1974-07-10,Kolkata,West Bengal,552445,user3313@email.com,9520387366,Platinum,2020-11-28
CUS03314,Divya,Pandey,F,1997-11-27,Surat,Gujarat,852122,user3314@email.com,9341290975,Silver,2024-10-22
CUS03315,Aarav,Mehta,F,1981-02-26,Hyderabad,Telangana,495238,user3315@email.com,9279609980,Silver,2022-12-21
CUS03316,Neha,Joshi,M,1970-04-26,Bengaluru,Karnataka,554914,user3316@email.com,9995525718,Bronze,2021-10-25
CUS03317,Vikram,Gupta,M,1992-12-24,Kolkata,West Bengal,530897,user3317@email.com,9814537172,Bronze,2024-01-29
CUS03318,Lata,Rao,F,1998-07-05,Bhopal,Madhya Pradesh,681755,user3318@email.com,9846708348,Bronze,2024-02-10
CUS03319,Vikram,Kumar,F,1983-06-28,Surat,Gujarat,991447,user3319@email.com,9651085229,Silver,2023-06-29
CUS03320,Kavya,Bose,F,1988-02-27,Mumbai,Maharashtra,722978,user3320@email.com,9837921927,Silver,2020-12-15
CUS03321,Swathi,Agarwal,M,1992-11-26,Kochi,Kerala,351765,user3321@email.com,9877770137,Bronze,2021-02-04
CUS03322,Mohan,Singh,F,1981-10-07,Bhopal,Madhya Pradesh,698625,user3322@email.com,9833041703,Bronze,2021-07-03
CUS03323,Rahul,Verma,M,1995-10-01,Chennai,Tamil Nadu,351052,user3323@email.com,9243857676,Gold,2023-08-24
CUS03324,Amit,Joshi,F,1999-12-30,Kolkata,West Bengal,799096,user3324@email.com,9161850952,Bronze,2022-01-31
CUS03325,Pooja,Iyer,M,1971-07-07,Chennai,Tamil Nadu,312134,user3325@email.com,9975353559,Bronze,2023-03-09
CUS03326,Pooja,Singh,M,1975-11-11,Kochi,Kerala,974988,user3326@email.com,9492822372,Gold,2022-03-16
CUS03327,Isha,Shah,M,1980-10-30,Jaipur,Rajasthan,853682,user3327@email.com,9386770868,Bronze,2022-12-24
CUS03328,Ajay,Shah,F,1995-01-10,Ahmedabad,Gujarat,691098,user3328@email.com,9824925532,Bronze,2023-09-15
CUS03329,Ritu,Mishra,M,1982-02-03,Hyderabad,Telangana,846697,user3329@email.com,9873686824,Gold,2024-04-04
CUS03330,Lata,Rao,F,1993-04-11,Kolkata,West Bengal,478003,user3330@email.com,9357621981,Silver,2022-06-20
CUS03331,Isha,Gupta,M,1996-10-25,Lucknow,Uttar Pradesh,863503,user3331@email.com,9738497605,Gold,2022-04-24
CUS03332,Ritu,Singh,M,1987-08-06,Pune,Maharashtra,393975,user3332@email.com,9235799523,Bronze,2021-12-09
CUS03333,Divya,Pillai,M,1985-04-28,Hyderabad,Telangana,831634,user3333@email.com,9108503323,Silver,2024-06-17
CUS03334,Varun,Pandey,F,1977-08-30,Nagpur,Maharashtra,421230,user3334@email.com,9645509776,Bronze,2021-07-19
CUS03335,Ananya,Shah,F,1980-05-11,Hyderabad,Telangana,438791,user3335@email.com,9944527342,Platinum,2021-02-22
CUS03336,Sanjay,Shah,M,1998-10-10,Lucknow,Uttar Pradesh,568382,user3336@email.com,9295124505,Bronze,2020-11-12
CUS03337,Pooja,Sharma,F,1972-10-19,Nagpur,Maharashtra,389599,user3337@email.com,9246790028,Bronze,2021-01-17
CUS03338,Mohan,Tiwari,Other,1987-08-23,Chandigarh,Punjab,378601,user3338@email.com,9294983631,Bronze,2020-08-14
CUS03339,Varun,Mehta,M,1985-06-12,Nagpur,Maharashtra,800131,user3339@email.com,9384296673,Silver,2020-12-28
CUS03340,Rahul,Iyer,F,1973-06-21,Lucknow,Uttar Pradesh,265059,user3340@email.com,9546092601,Gold,2022-06-19
CUS03341,Ajay,Rao,F,1981-03-31,Kolkata,West Bengal,323861,user3341@email.com,9871370025,Gold,2021-12-09
CUS03342,Rajesh,Agarwal,M,1971-06-17,Ahmedabad,Gujarat,907738,user3342@email.com,9591663969,Bronze,2024-12-20
CUS03343,Tara,Sharma,M,1976-01-10,Nagpur,Maharashtra,776978,user3343@email.com,9836864391,Gold,2024-08-18
CUS03344,Suresh,Pillai,F,2000-09-23,Ahmedabad,Gujarat,248990,user3344@email.com,9229114508,Bronze,2020-10-07
CUS03345,Kavya,Mishra,M,1984-08-03,Kochi,Kerala,684037,user3345@email.com,9401561813,Bronze,2023-10-02
CUS03346,Meera,Gupta,F,1982-10-22,Chennai,Tamil Nadu,284778,user3346@email.com,9564871767,Gold,2022-10-18
CUS03347,Ritu,Mishra,M,1992-10-16,Jaipur,Rajasthan,985146,user3347@email.com,9830441124,Silver,2020-06-06
CUS03348,Isha,Patel,M,1998-12-08,Surat,Gujarat,303419,user3348@email.com,9790218221,Platinum,2020-09-01
CUS03349,Dev,Sharma,F,1974-07-12,Bhopal,Madhya Pradesh,530883,user3349@email.com,9955377778,Bronze,2020-10-01
CUS03350,Varun,Reddy,M,1986-08-04,Kochi,Kerala,566311,user3350@email.com,9596926738,Silver,2021-01-20
CUS03351,Nisha,Shah,F,1992-07-29,Lucknow,Uttar Pradesh,526495,user3351@email.com,9302185884,Bronze,2021-10-26
CUS03352,Sneha,Gupta,F,1978-08-05,Mumbai,Maharashtra,777071,user3352@email.com,9988430018,Bronze,2022-12-17
CUS03353,Dev,Pillai,F,2000-06-27,Chandigarh,Punjab,953196,user3353@email.com,9571725263,Platinum,2021-06-24
CUS03354,Aarav,Pillai,M,1997-05-24,Delhi,Delhi,644361,user3354@email.com,9806828453,Platinum,2024-06-21
CUS03355,Aarav,Reddy,F,1974-02-03,Mumbai,Maharashtra,815567,user3355@email.com,9291320822,Gold,2024-02-24
CUS03356,Divya,Joshi,M,1993-06-08,Delhi,Delhi,794752,user3356@email.com,9309237446,Bronze,2024-11-10
CUS03357,Swathi,Mehta,M,1974-10-10,Mumbai,Maharashtra,701530,user3357@email.com,9843351153,Gold,2020-09-11
CUS03358,Geeta,Nair,F,1996-08-20,Chandigarh,Punjab,654787,user3358@email.com,9965567967,Silver,2022-09-24
CUS03359,Isha,Joshi,F,1979-07-25,Delhi,Delhi,308099,user3359@email.com,9230591845,Bronze,2023-03-26
CUS03360,Meera,Pillai,F,1993-08-15,Lucknow,Uttar Pradesh,643264,user3360@email.com,9932757063,Bronze,2021-09-06
CUS03361,Lata,Sharma,F,1998-04-25,Nagpur,Maharashtra,295545,user3361@email.com,9718060269,Gold,2023-08-28
CUS03362,Isha,Iyer,M,1970-11-27,Bhopal,Madhya Pradesh,854069,user3362@email.com,9501073600,Platinum,2020-04-15
CUS03363,Varun,Nair,F,1994-08-11,Hyderabad,Telangana,255565,user3363@email.com,9281436558,Bronze,2021-10-02
CUS03364,Ajay,Mishra,M,1991-11-20,Kochi,Kerala,745868,user3364@email.com,9304122731,Gold,2021-02-19
CUS03365,Swathi,Joshi,M,1983-01-27,Lucknow,Uttar Pradesh,481252,user3365@email.com,9608611547,Silver,2024-07-06
CUS03366,Prakash,Iyer,F,1995-03-20,Bhopal,Madhya Pradesh,336455,user3366@email.com,9238730296,Bronze,2021-04-22
CUS03367,Rohan,Kapoor,M,1993-03-26,Pune,Maharashtra,136446,user3367@email.com,9604167347,Bronze,2020-03-22
CUS03368,Priya,Verma,Other,1982-12-07,Nagpur,Maharashtra,147774,user3368@email.com,9649165954,Bronze,2020-03-11
CUS03369,Isha,Kumar,F,1977-06-13,Lucknow,Uttar Pradesh,946123,user3369@email.com,9270075251,Gold,2021-02-14
CUS03370,Sanjay,Patel,M,1997-10-18,Chennai,Tamil Nadu,615262,user3370@email.com,9233875517,Bronze,2024-05-16
CUS03371,Meera,Verma,M,1984-05-06,Delhi,Delhi,685394,user3371@email.com,9827750968,Silver,2020-01-12
CUS03372,Mohan,Singh,Other,1977-04-29,Bengaluru,Karnataka,616942,user3372@email.com,9815348960,Gold,2021-10-07
CUS03373,Nisha,Gupta,F,1982-10-11,Surat,Gujarat,370816,user3373@email.com,9936821442,Silver,2024-04-09
CUS03374,Kiran,Mishra,F,1979-10-31,Chennai,Tamil Nadu,237388,user3374@email.com,9255852135,Bronze,2020-05-21
CUS03375,Mohan,Reddy,M,1986-05-20,Chennai,Tamil Nadu,269225,user3375@email.com,9864580285,Silver,2020-09-10
CUS03376,Sneha,Pandey,M,1987-03-06,Surat,Gujarat,261447,user3376@email.com,9471628615,Silver,2024-12-20
CUS03377,Neha,Tiwari,M,2000-04-27,Surat,Gujarat,955309,user3377@email.com,9814042660,Platinum,2022-06-16
CUS03378,Neha,Joshi,M,1986-03-20,Surat,Gujarat,470922,user3378@email.com,9534894837,Bronze,2021-09-08
CUS03379,Varun,Pandey,Other,1983-06-14,Bengaluru,Karnataka,453929,user3379@email.com,9326627746,Bronze,2021-06-06
CUS03380,Prakash,Shah,M,1986-12-28,Mumbai,Maharashtra,766298,user3380@email.com,9948638069,Gold,2023-03-14
CUS03381,Ritu,Iyer,M,1999-10-08,Bhopal,Madhya Pradesh,779219,user3381@email.com,9223201532,Silver,2024-11-04
CUS03382,Sanjay,Bose,M,1992-11-04,Kolkata,West Bengal,967878,user3382@email.com,9353741044,Bronze,2020-01-13
CUS03383,Kiran,Iyer,F,1995-11-04,Surat,Gujarat,419700,user3383@email.com,9929111453,Bronze,2023-05-03
CUS03384,Kiran,Reddy,M,1975-04-21,Jaipur,Rajasthan,792051,user3384@email.com,9177027123,Bronze,2022-04-15
CUS03385,Ananya,Shah,F,1981-01-17,Pune,Maharashtra,633429,user3385@email.com,9942398871,Bronze,2021-12-31
CUS03386,Pooja,Tiwari,F,1982-06-02,Pune,Maharashtra,596528,user3386@email.com,9805288365,Bronze,2020-11-28
CUS03387,Kiran,Gupta,F,1995-05-21,Delhi,Delhi,147220,user3387@email.com,9488192167,Bronze,2020-05-07
CUS03388,Rohan,Joshi,F,1971-03-19,Lucknow,Uttar Pradesh,791733,user3388@email.com,9172255080,Bronze,2020-05-01
CUS03389,Lata,Gupta,M,1985-03-02,Pune,Maharashtra,693731,user3389@email.com,9922944860,Platinum,2023-02-26
CUS03390,Kiran,Agarwal,M,1985-10-17,Hyderabad,Telangana,697243,user3390@email.com,9819971028,Bronze,2021-05-07
CUS03391,Sanjay,Tiwari,Other,1974-04-26,Kochi,Kerala,719639,user3391@email.com,9444714668,Silver,2023-10-26
CUS03392,Meera,Joshi,M,1974-10-05,Ahmedabad,Gujarat,942455,user3392@email.com,9100566867,Gold,2023-02-28
CUS03393,Arjun,Joshi,M,1975-02-17,Mumbai,Maharashtra,265985,user3393@email.com,9815824512,Bronze,2021-02-12
CUS03394,Neha,Bose,M,1978-07-01,Lucknow,Uttar Pradesh,864374,user3394@email.com,9810422369,Bronze,2020-08-15
CUS03395,Rohan,Nair,F,1974-01-03,Kolkata,West Bengal,888421,user3395@email.com,9869284995,Silver,2024-06-03
CUS03396,Sanjay,Mishra,F,1975-03-24,Lucknow,Uttar Pradesh,778707,user3396@email.com,9587374870,Silver,2021-07-25
CUS03397,Suresh,Bose,M,1990-03-26,Lucknow,Uttar Pradesh,272987,user3397@email.com,9557803192,Silver,2024-09-29
CUS03398,Pooja,Singh,F,1972-04-28,Ahmedabad,Gujarat,907918,user3398@email.com,9299044124,Bronze,2022-07-27
CUS03399,Sanjay,Sharma,F,1974-09-20,Surat,Gujarat,455591,user3399@email.com,9846736837,Silver,2024-07-02
CUS03400,Kavya,Pandey,F,1984-10-20,Jaipur,Rajasthan,671155,user3400@email.com,9551354463,Bronze,2020-12-13
CUS03401,Dev,Nair,F,1980-04-30,Bhopal,Madhya Pradesh,818209,user3401@email.com,9713821488,Platinum,2023-11-16
CUS03402,Mohan,Mehta,M,1997-10-08,Kochi,Kerala,731890,user3402@email.com,9198457305,Silver,2020-11-12
CUS03403,Kiran,Mehta,M,1972-06-27,Pune,Maharashtra,637389,user3403@email.com,9821676366,Gold,2023-05-19
CUS03404,Dev,Rao,M,1990-12-24,Lucknow,Uttar Pradesh,230746,user3404@email.com,9255404503,Bronze,2022-01-16
CUS03405,Rajesh,Singh,M,1979-05-06,Delhi,Delhi,124661,user3405@email.com,9931715844,Bronze,2020-01-30
CUS03406,Sanjay,Gupta,Other,1977-11-14,Chandigarh,Punjab,690390,user3406@email.com,9787284827,Silver,2021-11-21
CUS03407,Divya,Bose,M,1988-08-25,Nagpur,Maharashtra,152367,user3407@email.com,9101278408,Bronze,2020-10-09
CUS03408,Amit,Shah,M,1995-03-03,Jaipur,Rajasthan,671217,user3408@email.com,9814447710,Gold,2024-12-15
CUS03409,Sanjay,Mehta,F,1992-10-13,Ahmedabad,Gujarat,721895,user3409@email.com,9583332987,Platinum,2020-04-02
CUS03410,Rohan,Agarwal,F,1995-09-04,Nagpur,Maharashtra,504390,user3410@email.com,9473188349,Silver,2020-02-14
CUS03411,Arjun,Rao,M,2000-12-17,Mumbai,Maharashtra,526462,user3411@email.com,9362276388,Bronze,2024-02-15
CUS03412,Pooja,Bose,M,1977-11-16,Kochi,Kerala,717467,user3412@email.com,9893618450,Bronze,2022-05-27
CUS03413,Rajesh,Agarwal,F,1975-01-16,Kolkata,West Bengal,586961,user3413@email.com,9573927553,Bronze,2023-09-28
CUS03414,Dev,Tiwari,F,1997-09-07,Nagpur,Maharashtra,244025,user3414@email.com,9711291696,Silver,2023-08-26
CUS03415,Kiran,Nair,M,1978-03-13,Chennai,Tamil Nadu,488981,user3415@email.com,9737334983,Silver,2022-11-29
CUS03416,Ananya,Pillai,M,1976-06-26,Mumbai,Maharashtra,269357,user3416@email.com,9668026820,Bronze,2020-04-15
CUS03417,Tara,Nair,M,1979-08-01,Pune,Maharashtra,346174,user3417@email.com,9184141769,Gold,2024-04-30
CUS03418,Divya,Kapoor,F,1974-07-07,Lucknow,Uttar Pradesh,686773,user3418@email.com,9711943479,Gold,2024-02-21
CUS03419,Sanjay,Pillai,F,1988-05-12,Lucknow,Uttar Pradesh,534055,user3419@email.com,9805941341,Silver,2024-07-28
CUS03420,Kiran,Gupta,F,1986-11-09,Kolkata,West Bengal,406351,user3420@email.com,9900290963,Bronze,2021-11-16
CUS03421,Arjun,Singh,F,1979-08-08,Kochi,Kerala,420185,user3421@email.com,9757115733,Bronze,2022-10-28
CUS03422,Geeta,Pandey,F,1991-09-13,Lucknow,Uttar Pradesh,889558,user3422@email.com,9752256234,Bronze,2021-06-25
CUS03423,Neha,Gupta,M,1995-11-17,Kochi,Kerala,572792,user3423@email.com,9406111860,Bronze,2021-03-10
CUS03424,Arjun,Agarwal,M,1985-08-09,Nagpur,Maharashtra,651366,user3424@email.com,9915045715,Silver,2022-02-02
CUS03425,Mohan,Verma,M,1993-05-24,Surat,Gujarat,335435,user3425@email.com,9151264978,Silver,2022-06-11
CUS03426,Nisha,Reddy,F,2000-10-30,Jaipur,Rajasthan,600200,user3426@email.com,9876901643,Platinum,2021-11-27
CUS03427,Tara,Verma,F,1992-12-22,Lucknow,Uttar Pradesh,647760,user3427@email.com,9725601600,Gold,2020-05-07
CUS03428,Sneha,Iyer,M,1984-02-24,Kolkata,West Bengal,108363,user3428@email.com,9916310947,Silver,2021-10-19
CUS03429,Priya,Joshi,M,1998-11-22,Bengaluru,Karnataka,601992,user3429@email.com,9917851666,Bronze,2021-08-08
CUS03430,Divya,Kapoor,M,1985-09-23,Hyderabad,Telangana,401009,user3430@email.com,9776776527,Gold,2022-08-24
CUS03431,Meera,Rao,F,1981-10-06,Pune,Maharashtra,714051,user3431@email.com,9241639093,Gold,2020-05-02
CUS03432,Priya,Iyer,M,1991-09-01,Bengaluru,Karnataka,416430,user3432@email.com,9398648040,Silver,2021-12-15
CUS03433,Divya,Shah,F,1979-06-24,Bhopal,Madhya Pradesh,255589,user3433@email.com,9876889251,Silver,2021-10-17
CUS03434,Priya,Sharma,M,1997-02-11,Lucknow,Uttar Pradesh,873111,user3434@email.com,9482006738,Bronze,2024-08-26
CUS03435,Sneha,Nair,F,1970-07-04,Chandigarh,Punjab,583887,user3435@email.com,9457897966,Gold,2020-06-18
CUS03436,Meera,Kapoor,F,1987-04-17,Bhopal,Madhya Pradesh,510628,user3436@email.com,9304348728,Bronze,2022-01-16
CUS03437,Dev,Bose,Other,1989-07-04,Hyderabad,Telangana,682355,user3437@email.com,9561971098,Platinum,2020-08-13
CUS03438,Geeta,Tiwari,F,1976-01-24,Delhi,Delhi,172125,user3438@email.com,9380344818,Gold,2021-01-30
CUS03439,Divya,Nair,M,1991-10-05,Jaipur,Rajasthan,443152,user3439@email.com,9525791005,Bronze,2024-01-17
CUS03440,Rohan,Iyer,F,1996-01-11,Delhi,Delhi,677482,user3440@email.com,9498343846,Bronze,2021-10-29
CUS03441,Divya,Joshi,M,1992-10-21,Chennai,Tamil Nadu,527185,user3441@email.com,9269190920,Platinum,2020-12-02
CUS03442,Vikram,Patel,F,1978-03-17,Kochi,Kerala,304370,user3442@email.com,9432889352,Silver,2021-04-27
CUS03443,Arjun,Agarwal,M,1970-06-16,Bengaluru,Karnataka,213017,user3443@email.com,9120096765,Bronze,2022-05-11
CUS03444,Amit,Tiwari,M,1976-04-27,Surat,Gujarat,877468,user3444@email.com,9844260313,Silver,2024-01-17
CUS03445,Sanjay,Verma,F,1991-12-10,Surat,Gujarat,134256,user3445@email.com,9692886856,Gold,2022-10-17
CUS03446,Kiran,Reddy,F,1992-03-26,Surat,Gujarat,394209,user3446@email.com,9509556368,Gold,2024-03-09
CUS03447,Vikram,Singh,F,1986-02-02,Mumbai,Maharashtra,610966,user3447@email.com,9570464462,Gold,2023-08-10
CUS03448,Amit,Gupta,M,1981-11-25,Delhi,Delhi,139363,user3448@email.com,9424375336,Bronze,2020-04-27
CUS03449,Priya,Reddy,M,2000-01-05,Hyderabad,Telangana,932505,user3449@email.com,9949732478,Gold,2021-10-24
CUS03450,Ananya,Joshi,F,1973-04-07,Mumbai,Maharashtra,739109,user3450@email.com,9401003032,Silver,2023-01-18
CUS03451,Ananya,Mishra,F,1997-12-27,Hyderabad,Telangana,865285,user3451@email.com,9909485041,Platinum,2021-06-26
CUS03452,Rahul,Nair,M,1997-09-18,Bengaluru,Karnataka,260765,user3452@email.com,9769594504,Gold,2024-05-15
CUS03453,Vikram,Sharma,M,1983-12-05,Mumbai,Maharashtra,520764,user3453@email.com,9715916460,Platinum,2021-08-24
CUS03454,Rahul,Sharma,M,1994-05-17,Chennai,Tamil Nadu,330120,user3454@email.com,9311815508,Bronze,2022-05-05
CUS03455,Amit,Singh,F,1985-10-06,Ahmedabad,Gujarat,228823,user3455@email.com,9819758689,Platinum,2021-05-26
CUS03456,Amit,Pillai,F,1998-01-12,Chandigarh,Punjab,111226,user3456@email.com,9569804556,Gold,2022-03-16
CUS03457,Ajay,Bose,F,1970-07-03,Bengaluru,Karnataka,464247,user3457@email.com,9906276771,Gold,2021-11-02
CUS03458,Prakash,Patel,M,1980-10-09,Chennai,Tamil Nadu,772928,user3458@email.com,9497493972,Bronze,2021-02-08
CUS03459,Prakash,Joshi,F,1986-05-14,Delhi,Delhi,870405,user3459@email.com,9724618391,Silver,2020-11-24
CUS03460,Varun,Bose,M,2000-12-30,Kolkata,West Bengal,130454,user3460@email.com,9332770928,Bronze,2023-06-08
CUS03461,Ritu,Reddy,M,1982-08-08,Nagpur,Maharashtra,666423,user3461@email.com,9417833070,Silver,2022-06-12
CUS03462,Rajesh,Sharma,M,1987-05-18,Chandigarh,Punjab,852562,user3462@email.com,9275067445,Platinum,2020-06-26
CUS03463,Ritu,Reddy,M,1996-02-19,Surat,Gujarat,491433,user3463@email.com,9162802828,Silver,2021-02-14
CUS03464,Lata,Agarwal,F,1989-11-15,Nagpur,Maharashtra,371521,user3464@email.com,9809264290,Gold,2021-09-27
CUS03465,Lata,Kumar,F,1995-08-06,Ahmedabad,Gujarat,599423,user3465@email.com,9789549602,Silver,2024-03-26
CUS03466,Kiran,Gupta,M,1992-10-25,Ahmedabad,Gujarat,752527,user3466@email.com,9944669461,Gold,2021-09-11
CUS03467,Neha,Joshi,F,1980-05-03,Nagpur,Maharashtra,152477,user3467@email.com,9514805094,Bronze,2020-01-22
CUS03468,Pooja,Verma,F,1996-10-02,Jaipur,Rajasthan,562113,user3468@email.com,9265448759,Gold,2020-11-20
CUS03469,Dev,Reddy,M,1979-07-28,Ahmedabad,Gujarat,167202,user3469@email.com,9293143303,Bronze,2023-01-12
CUS03470,Priya,Tiwari,F,1978-06-03,Lucknow,Uttar Pradesh,459915,user3470@email.com,9513688446,Bronze,2020-02-29
CUS03471,Divya,Gupta,F,1993-04-30,Jaipur,Rajasthan,859910,user3471@email.com,9894029503,Bronze,2021-06-13
CUS03472,Isha,Iyer,F,1993-12-30,Chennai,Tamil Nadu,573295,user3472@email.com,9715687235,Gold,2023-03-14
CUS03473,Ritu,Joshi,M,1980-03-07,Delhi,Delhi,188642,user3473@email.com,9192290983,Platinum,2024-08-15
CUS03474,Suresh,Mishra,Other,1995-09-12,Delhi,Delhi,144002,user3474@email.com,9353087594,Silver,2020-04-03
CUS03475,Kavya,Agarwal,F,1977-01-25,Kochi,Kerala,878826,user3475@email.com,9759482289,Bronze,2020-12-20
CUS03476,Prakash,Singh,F,1988-01-02,Nagpur,Maharashtra,151887,user3476@email.com,9985170391,Silver,2021-04-01
CUS03477,Priya,Iyer,F,1999-08-21,Kochi,Kerala,469645,user3477@email.com,9211206375,Silver,2024-06-16
CUS03478,Swathi,Gupta,F,1976-10-16,Lucknow,Uttar Pradesh,286859,user3478@email.com,9742288333,Bronze,2020-04-04
CUS03479,Prakash,Kumar,F,1989-06-08,Nagpur,Maharashtra,281050,user3479@email.com,9288444798,Bronze,2023-04-08
CUS03480,Sanjay,Gupta,M,1996-09-08,Ahmedabad,Gujarat,684640,user3480@email.com,9587912048,Bronze,2023-07-20
CUS03481,Meera,Mehta,M,1985-04-24,Mumbai,Maharashtra,218475,user3481@email.com,9503383841,Bronze,2021-04-07
CUS03482,Kiran,Gupta,F,1980-01-27,Surat,Gujarat,777431,user3482@email.com,9510706397,Gold,2023-06-04
CUS03483,Geeta,Nair,F,1997-10-11,Chennai,Tamil Nadu,101580,user3483@email.com,9843411675,Silver,2020-10-08
CUS03484,Rahul,Mehta,M,1999-10-24,Chennai,Tamil Nadu,564328,user3484@email.com,9994978706,Bronze,2024-08-07
CUS03485,Varun,Kapoor,F,1976-12-07,Jaipur,Rajasthan,728328,user3485@email.com,9722889019,Platinum,2024-10-06
CUS03486,Arjun,Mishra,M,1994-07-09,Mumbai,Maharashtra,274283,user3486@email.com,9111085734,Gold,2020-06-09
CUS03487,Tara,Shah,F,1984-12-14,Lucknow,Uttar Pradesh,817597,user3487@email.com,9475123379,Bronze,2022-05-09
CUS03488,Neha,Rao,M,1988-03-12,Chandigarh,Punjab,814993,user3488@email.com,9581245766,Silver,2024-02-21
CUS03489,Mohan,Joshi,M,1997-02-17,Lucknow,Uttar Pradesh,765490,user3489@email.com,9806449777,Bronze,2023-06-14
CUS03490,Swathi,Rao,M,1979-11-02,Nagpur,Maharashtra,381026,user3490@email.com,9298627773,Silver,2020-05-06
CUS03491,Isha,Rao,F,1980-04-25,Ahmedabad,Gujarat,267791,user3491@email.com,9485143378,Silver,2020-06-28
CUS03492,Nisha,Singh,F,1984-02-09,Mumbai,Maharashtra,466256,user3492@email.com,9682759363,Bronze,2023-05-06
CUS03493,Swathi,Reddy,M,1988-08-14,Chandigarh,Punjab,486804,user3493@email.com,9714936900,Gold,2021-12-29
CUS03494,Vikram,Tiwari,M,1980-12-19,Bengaluru,Karnataka,174801,user3494@email.com,9446367983,Platinum,2023-01-06
CUS03495,Ajay,Agarwal,M,1998-03-07,Nagpur,Maharashtra,259000,user3495@email.com,9735024208,Bronze,2023-09-17
CUS03496,Tara,Tiwari,M,1991-11-21,Chandigarh,Punjab,557065,user3496@email.com,9362383577,Silver,2024-12-15
CUS03497,Ritu,Reddy,F,1970-10-28,Kochi,Kerala,280733,user3497@email.com,9987628155,Silver,2023-01-12
CUS03498,Tara,Joshi,M,1986-10-10,Kolkata,West Bengal,495295,user3498@email.com,9181602007,Bronze,2024-02-17
CUS03499,Swathi,Kapoor,M,1993-12-17,Kolkata,West Bengal,801311,user3499@email.com,9691873162,Bronze,2024-12-29
CUS03500,Rahul,Kumar,M,1979-08-02,Chennai,Tamil Nadu,664458,user3500@email.com,9916347780,Gold,2023-11-09
CUS03501,Arjun,Tiwari,F,1981-02-06,Mumbai,Maharashtra,992329,user3501@email.com,9341000851,Gold,2022-06-28
CUS03502,Rohan,Singh,M,1999-03-22,Bengaluru,Karnataka,259215,user3502@email.com,9201319576,Platinum,2020-11-07
CUS03503,Ritu,Singh,M,1988-04-20,Bengaluru,Karnataka,410454,user3503@email.com,9649070551,Silver,2024-05-28
CUS03504,Sneha,Pillai,F,1977-05-08,Nagpur,Maharashtra,556592,user3504@email.com,9683514119,Silver,2022-07-06
CUS03505,Sanjay,Mehta,F,1974-09-14,Ahmedabad,Gujarat,209032,user3505@email.com,9919883399,Silver,2020-03-21
CUS03506,Kiran,Gupta,F,1996-08-08,Jaipur,Rajasthan,161328,user3506@email.com,9518183156,Bronze,2022-02-01
CUS03507,Ajay,Reddy,F,1997-05-23,Kolkata,West Bengal,806445,user3507@email.com,9101030786,Bronze,2022-01-27
CUS03508,Ananya,Tiwari,F,1971-05-04,Pune,Maharashtra,622010,user3508@email.com,9574856057,Silver,2023-08-01
CUS03509,Pooja,Rao,F,1970-07-10,Ahmedabad,Gujarat,913630,user3509@email.com,9891078163,Platinum,2021-12-24
CUS03510,Sanjay,Mehta,F,1970-04-10,Surat,Gujarat,518691,user3510@email.com,9904162114,Bronze,2022-10-22
CUS03511,Sneha,Pandey,M,1983-04-06,Kochi,Kerala,235582,user3511@email.com,9333765973,Bronze,2022-03-29
CUS03512,Sneha,Pandey,M,1987-10-25,Bengaluru,Karnataka,557303,user3512@email.com,9968295630,Bronze,2020-03-17
CUS03513,Rahul,Joshi,M,1970-12-18,Delhi,Delhi,823703,user3513@email.com,9168680660,Bronze,2023-09-30
CUS03514,Swathi,Gupta,F,1999-06-24,Bengaluru,Karnataka,934496,user3514@email.com,9221083610,Bronze,2023-05-08
CUS03515,Suresh,Tiwari,F,1993-01-11,Ahmedabad,Gujarat,834021,user3515@email.com,9220169592,Bronze,2020-07-13
CUS03516,Swathi,Mishra,M,1982-07-16,Bhopal,Madhya Pradesh,897286,user3516@email.com,9536208983,Silver,2021-08-07
CUS03517,Swathi,Gupta,F,1998-10-17,Lucknow,Uttar Pradesh,652438,user3517@email.com,9203653745,Silver,2020-12-31
CUS03518,Mohan,Nair,M,1980-10-21,Jaipur,Rajasthan,676247,user3518@email.com,9121370039,Bronze,2020-05-21
CUS03519,Nisha,Agarwal,M,1983-11-02,Nagpur,Maharashtra,873325,user3519@email.com,9838937197,Gold,2024-09-13
CUS03520,Aarav,Patel,M,1977-04-16,Kochi,Kerala,306263,user3520@email.com,9903154313,Bronze,2020-11-16
CUS03521,Rahul,Verma,M,1976-09-13,Hyderabad,Telangana,201042,user3521@email.com,9104132664,Bronze,2021-08-28
CUS03522,Kiran,Joshi,M,1994-08-13,Mumbai,Maharashtra,655179,user3522@email.com,9352268460,Silver,2023-12-29
CUS03523,Geeta,Pillai,F,2000-08-21,Mumbai,Maharashtra,269700,user3523@email.com,9548748753,Gold,2024-11-23
CUS03524,Ananya,Tiwari,F,1981-04-15,Lucknow,Uttar Pradesh,165481,user3524@email.com,9164039356,Silver,2020-06-22
CUS03525,Mohan,Agarwal,M,1983-10-19,Jaipur,Rajasthan,579606,user3525@email.com,9912056458,Silver,2023-08-21
CUS03526,Neha,Iyer,M,1976-01-26,Chennai,Tamil Nadu,682809,user3526@email.com,9322059604,Gold,2024-06-05
CUS03527,Swathi,Shah,F,1989-09-28,Jaipur,Rajasthan,313748,user3527@email.com,9330307055,Gold,2021-02-24
CUS03528,Prakash,Singh,F,1976-12-23,Pune,Maharashtra,765845,user3528@email.com,9222454582,Gold,2022-09-22
CUS03529,Geeta,Shah,M,1990-09-02,Jaipur,Rajasthan,576971,user3529@email.com,9212479669,Bronze,2020-01-01
CUS03530,Divya,Kumar,M,1993-08-25,Jaipur,Rajasthan,177998,user3530@email.com,9303873421,Bronze,2021-09-11
CUS03531,Ritu,Joshi,M,1997-04-08,Jaipur,Rajasthan,336568,user3531@email.com,9869761490,Silver,2022-11-06
CUS03532,Tara,Verma,F,1999-02-26,Delhi,Delhi,866603,user3532@email.com,9340309597,Bronze,2021-04-29
CUS03533,Amit,Pandey,F,1995-05-16,Bengaluru,Karnataka,166375,user3533@email.com,9667316833,Silver,2024-12-29
CUS03534,Ajay,Sharma,M,1999-10-28,Kochi,Kerala,605705,user3534@email.com,9629363665,Bronze,2022-04-03
CUS03535,Priya,Agarwal,F,1983-02-15,Surat,Gujarat,858489,user3535@email.com,9497535805,Gold,2023-08-28
CUS03536,Aarav,Verma,F,1987-10-05,Bengaluru,Karnataka,997896,user3536@email.com,9802430291,Gold,2023-11-19
CUS03537,Ajay,Singh,F,1984-06-11,Chennai,Tamil Nadu,589778,user3537@email.com,9751437877,Silver,2024-01-19
CUS03538,Sneha,Mishra,F,1974-04-08,Pune,Maharashtra,828543,user3538@email.com,9218829934,Bronze,2023-10-05
CUS03539,Nisha,Tiwari,F,1989-11-03,Lucknow,Uttar Pradesh,774498,user3539@email.com,9365160344,Silver,2022-09-03
CUS03540,Meera,Bose,M,1985-05-26,Kolkata,West Bengal,808372,user3540@email.com,9117863091,Platinum,2023-02-15
CUS03541,Lata,Reddy,F,1998-11-13,Bhopal,Madhya Pradesh,495177,user3541@email.com,9495823594,Silver,2023-05-30
CUS03542,Sanjay,Verma,M,1974-11-07,Bhopal,Madhya Pradesh,279112,user3542@email.com,9756738678,Gold,2022-09-10
CUS03543,Varun,Kumar,M,1986-02-06,Lucknow,Uttar Pradesh,569989,user3543@email.com,9319193678,Bronze,2020-04-18
CUS03544,Rajesh,Tiwari,F,1994-08-04,Jaipur,Rajasthan,270401,user3544@email.com,9468753641,Bronze,2021-04-03
CUS03545,Arjun,Agarwal,F,1992-09-10,Lucknow,Uttar Pradesh,109471,user3545@email.com,9920334754,Silver,2021-06-29
CUS03546,Prakash,Reddy,F,1998-01-13,Kolkata,West Bengal,737355,user3546@email.com,9124132145,Silver,2020-02-16
CUS03547,Isha,Reddy,F,1977-04-27,Surat,Gujarat,532019,user3547@email.com,9554247940,Silver,2023-01-02
CUS03548,Rohan,Mishra,F,2000-12-07,Kolkata,West Bengal,515610,user3548@email.com,9620154061,Bronze,2022-11-17
CUS03549,Kavya,Pandey,F,1992-03-24,Mumbai,Maharashtra,819324,user3549@email.com,9829839136,Silver,2021-09-23
CUS03550,Meera,Pandey,F,1982-02-16,Jaipur,Rajasthan,398033,user3550@email.com,9535539861,Bronze,2021-10-26
CUS03551,Rahul,Pandey,F,1976-11-23,Jaipur,Rajasthan,988122,user3551@email.com,9424558846,Bronze,2023-10-31
CUS03552,Pooja,Mehta,F,1984-07-23,Ahmedabad,Gujarat,644197,user3552@email.com,9776364739,Bronze,2020-03-01
CUS03553,Lata,Tiwari,F,1983-08-24,Pune,Maharashtra,659119,user3553@email.com,9214694782,Platinum,2021-10-26
CUS03554,Ajay,Tiwari,F,1972-09-08,Kolkata,West Bengal,378104,user3554@email.com,9411402048,Bronze,2021-07-03
CUS03555,Swathi,Joshi,F,1978-02-01,Chandigarh,Punjab,639775,user3555@email.com,9965654456,Bronze,2023-12-19
CUS03556,Kiran,Joshi,M,1995-06-01,Mumbai,Maharashtra,132924,user3556@email.com,9276122005,Bronze,2023-03-12
CUS03557,Priya,Shah,M,1972-02-19,Ahmedabad,Gujarat,679733,user3557@email.com,9746209302,Platinum,2020-10-22
CUS03558,Varun,Verma,M,1990-01-23,Mumbai,Maharashtra,660612,user3558@email.com,9995032341,Bronze,2022-02-01
CUS03559,Sneha,Iyer,M,1982-07-15,Jaipur,Rajasthan,665836,user3559@email.com,9715398372,Silver,2020-06-10
CUS03560,Tara,Patel,M,1985-07-14,Bhopal,Madhya Pradesh,419942,user3560@email.com,9815925186,Gold,2024-09-26
CUS03561,Pooja,Pandey,F,1980-04-27,Jaipur,Rajasthan,596738,user3561@email.com,9381225320,Gold,2022-07-15
CUS03562,Sneha,Verma,M,1996-02-05,Kochi,Kerala,348053,user3562@email.com,9115643227,Bronze,2024-11-21
CUS03563,Ritu,Pillai,F,1977-07-21,Ahmedabad,Gujarat,149538,user3563@email.com,9100678471,Bronze,2022-11-30
CUS03564,Meera,Shah,F,1982-04-02,Surat,Gujarat,522887,user3564@email.com,9209331091,Silver,2022-08-27
CUS03565,Ajay,Pandey,M,1986-04-14,Bhopal,Madhya Pradesh,313181,user3565@email.com,9118562199,Platinum,2023-06-28
CUS03566,Sanjay,Mehta,M,1981-06-20,Hyderabad,Telangana,373740,user3566@email.com,9923832833,Silver,2023-08-25
CUS03567,Amit,Verma,F,1984-06-09,Bhopal,Madhya Pradesh,408480,user3567@email.com,9563849174,Silver,2024-10-08
CUS03568,Suresh,Bose,F,1994-07-20,Mumbai,Maharashtra,120453,user3568@email.com,9801827399,Bronze,2023-04-14
CUS03569,Ananya,Agarwal,F,1994-07-19,Ahmedabad,Gujarat,942683,user3569@email.com,9137494498,Bronze,2022-01-24
CUS03570,Ajay,Nair,M,1992-07-11,Surat,Gujarat,821349,user3570@email.com,9231936295,Bronze,2022-08-07
CUS03571,Geeta,Mehta,M,1975-04-24,Kolkata,West Bengal,364309,user3571@email.com,9241225724,Silver,2024-10-23
CUS03572,Sanjay,Bose,M,1986-03-18,Mumbai,Maharashtra,459602,user3572@email.com,9553054055,Silver,2021-05-28
CUS03573,Sanjay,Pillai,M,1989-02-16,Nagpur,Maharashtra,140495,user3573@email.com,9505691670,Bronze,2021-03-22
CUS03574,Vikram,Kumar,M,1974-12-19,Chandigarh,Punjab,460912,user3574@email.com,9756358865,Silver,2023-04-20
CUS03575,Isha,Reddy,M,1972-06-17,Bhopal,Madhya Pradesh,546137,user3575@email.com,9924760857,Bronze,2021-04-20
CUS03576,Ananya,Kumar,F,1981-10-11,Bhopal,Madhya Pradesh,447902,user3576@email.com,9353308409,Bronze,2022-04-16
CUS03577,Dev,Mehta,M,1984-09-09,Surat,Gujarat,130827,user3577@email.com,9377690895,Silver,2022-02-15
CUS03578,Prakash,Shah,M,1972-01-20,Ahmedabad,Gujarat,402591,user3578@email.com,9835227852,Gold,2024-04-27
CUS03579,Swathi,Iyer,F,1996-09-13,Hyderabad,Telangana,442105,user3579@email.com,9283311841,Bronze,2020-09-23
CUS03580,Varun,Iyer,F,1973-10-03,Bhopal,Madhya Pradesh,427721,user3580@email.com,9106556957,Silver,2024-02-10
CUS03581,Vikram,Mehta,M,1971-03-19,Delhi,Delhi,464587,user3581@email.com,9334248982,Bronze,2024-05-20
CUS03582,Varun,Pandey,M,1977-03-11,Kochi,Kerala,877018,user3582@email.com,9367508657,Bronze,2021-03-30
CUS03583,Ananya,Singh,F,2000-10-08,Surat,Gujarat,171292,user3583@email.com,9870013710,Gold,2024-06-02
CUS03584,Geeta,Reddy,F,1978-10-08,Chennai,Tamil Nadu,585820,user3584@email.com,9631130130,Bronze,2022-09-17
CUS03585,Arjun,Verma,F,1987-08-29,Chandigarh,Punjab,867040,user3585@email.com,9364549339,Silver,2023-04-21
CUS03586,Kiran,Rao,F,1985-12-13,Jaipur,Rajasthan,279274,user3586@email.com,9294287831,Silver,2023-03-06
CUS03587,Ananya,Pillai,M,1999-12-02,Kolkata,West Bengal,427814,user3587@email.com,9208880800,Silver,2022-09-30
CUS03588,Kiran,Bose,M,2000-12-24,Jaipur,Rajasthan,188115,user3588@email.com,9581709225,Bronze,2021-08-30
CUS03589,Geeta,Patel,F,2000-02-05,Hyderabad,Telangana,767661,user3589@email.com,9150641543,Bronze,2023-12-23
CUS03590,Rohan,Gupta,M,1995-01-05,Lucknow,Uttar Pradesh,422181,user3590@email.com,9389099621,Silver,2020-08-12
CUS03591,Meera,Nair,M,1980-09-01,Chandigarh,Punjab,248002,user3591@email.com,9419505958,Silver,2023-05-16
CUS03592,Lata,Mehta,M,1983-12-12,Jaipur,Rajasthan,927820,user3592@email.com,9595257084,Bronze,2024-06-22
CUS03593,Divya,Tiwari,F,1973-11-25,Lucknow,Uttar Pradesh,372585,user3593@email.com,9410724735,Gold,2024-01-13
CUS03594,Rahul,Patel,M,1981-06-29,Lucknow,Uttar Pradesh,612051,user3594@email.com,9648193635,Silver,2021-07-19
CUS03595,Rahul,Kumar,F,1972-08-18,Chennai,Tamil Nadu,541749,user3595@email.com,9189277215,Gold,2021-05-14
CUS03596,Mohan,Nair,M,1978-08-06,Delhi,Delhi,775607,user3596@email.com,9659597342,Platinum,2021-01-06
CUS03597,Nisha,Patel,F,1995-04-15,Bengaluru,Karnataka,630608,user3597@email.com,9674395925,Gold,2023-04-28
CUS03598,Geeta,Verma,M,1981-07-25,Chandigarh,Punjab,932992,user3598@email.com,9286925876,Silver,2021-06-08
CUS03599,Rahul,Sharma,M,1995-05-08,Ahmedabad,Gujarat,681804,user3599@email.com,9566857508,Bronze,2020-11-28
CUS03600,Rohan,Rao,M,1991-07-19,Surat,Gujarat,566794,user3600@email.com,9842502678,Bronze,2020-01-11
CUS03601,Varun,Nair,F,1973-08-22,Hyderabad,Telangana,864347,user3601@email.com,9343123279,Silver,2021-08-11
CUS03602,Ritu,Kapoor,M,1983-03-16,Chandigarh,Punjab,636749,user3602@email.com,9706154167,Gold,2020-12-24
CUS03603,Nisha,Bose,M,1994-11-21,Hyderabad,Telangana,392779,user3603@email.com,9509649601,Silver,2022-07-03
CUS03604,Isha,Mishra,F,1993-07-01,Kochi,Kerala,270483,user3604@email.com,9736181145,Gold,2021-09-29
CUS03605,Geeta,Singh,Other,1970-04-28,Lucknow,Uttar Pradesh,335388,user3605@email.com,9325378563,Gold,2022-02-03
CUS03606,Rajesh,Pandey,F,2000-07-31,Bengaluru,Karnataka,494338,user3606@email.com,9775496328,Gold,2023-04-03
CUS03607,Prakash,Rao,M,1974-12-31,Kolkata,West Bengal,716082,user3607@email.com,9717525639,Silver,2020-06-22
CUS03608,Mohan,Patel,M,1981-10-01,Mumbai,Maharashtra,658121,user3608@email.com,9739496339,Silver,2021-08-19
CUS03609,Pooja,Tiwari,M,1976-10-04,Ahmedabad,Gujarat,345317,user3609@email.com,9994062201,Platinum,2020-01-31
CUS03610,Kiran,Joshi,M,1980-02-26,Kochi,Kerala,189112,user3610@email.com,9680145479,Silver,2023-02-12
CUS03611,Suresh,Mehta,F,1993-07-06,Surat,Gujarat,278468,user3611@email.com,9798523925,Bronze,2024-10-03
CUS03612,Lata,Kapoor,F,1981-11-17,Kolkata,West Bengal,411994,user3612@email.com,9764918032,Gold,2022-06-14
CUS03613,Varun,Pandey,F,1994-06-11,Nagpur,Maharashtra,711150,user3613@email.com,9498049146,Silver,2024-04-07
CUS03614,Geeta,Pillai,F,1998-04-02,Jaipur,Rajasthan,614094,user3614@email.com,9452824489,Silver,2024-06-28
CUS03615,Meera,Kapoor,M,1980-03-12,Lucknow,Uttar Pradesh,643490,user3615@email.com,9896606119,Bronze,2020-01-08
CUS03616,Priya,Joshi,M,1984-06-13,Lucknow,Uttar Pradesh,562534,user3616@email.com,9900144258,Silver,2022-08-18
CUS03617,Kavya,Pandey,F,1981-11-27,Kochi,Kerala,794759,user3617@email.com,9777745924,Gold,2024-07-06
CUS03618,Vikram,Mehta,F,1985-07-19,Bhopal,Madhya Pradesh,296640,user3618@email.com,9786440732,Silver,2021-01-05
CUS03619,Amit,Singh,F,1970-09-24,Bhopal,Madhya Pradesh,444107,user3619@email.com,9905964314,Silver,2020-09-01
CUS03620,Geeta,Gupta,F,1980-08-12,Kolkata,West Bengal,950274,user3620@email.com,9206173232,Gold,2022-07-20
CUS03621,Geeta,Nair,M,1987-06-03,Chandigarh,Punjab,897493,user3621@email.com,9271665508,Silver,2021-12-12
CUS03622,Suresh,Kumar,M,1999-06-08,Pune,Maharashtra,861391,user3622@email.com,9333686812,Silver,2024-12-17
CUS03623,Suresh,Kapoor,M,1990-09-24,Chennai,Tamil Nadu,555519,user3623@email.com,9675929413,Bronze,2022-12-12
CUS03624,Rajesh,Iyer,F,1988-02-01,Delhi,Delhi,615568,user3624@email.com,9995814380,Silver,2024-04-18
CUS03625,Geeta,Rao,F,1976-02-23,Kolkata,West Bengal,960950,user3625@email.com,9124335199,Gold,2020-01-20
CUS03626,Tara,Tiwari,F,1996-05-16,Lucknow,Uttar Pradesh,275032,user3626@email.com,9994850544,Bronze,2024-04-14
CUS03627,Rajesh,Patel,M,1970-02-14,Ahmedabad,Gujarat,254986,user3627@email.com,9701589644,Gold,2021-09-08
CUS03628,Nisha,Tiwari,M,1983-09-09,Nagpur,Maharashtra,963096,user3628@email.com,9947524432,Bronze,2022-06-26
CUS03629,Varun,Rao,F,1975-06-08,Surat,Gujarat,664617,user3629@email.com,9906227616,Bronze,2021-07-29
CUS03630,Amit,Sharma,F,1985-01-29,Kochi,Kerala,801430,user3630@email.com,9441897555,Bronze,2022-01-21
CUS03631,Sanjay,Sharma,F,1983-02-03,Surat,Gujarat,227441,user3631@email.com,9230846757,Silver,2021-02-21
CUS03632,Rajesh,Singh,M,1990-12-06,Chandigarh,Punjab,999310,user3632@email.com,9671915981,Bronze,2022-09-17
CUS03633,Isha,Mehta,M,1983-08-21,Lucknow,Uttar Pradesh,430457,user3633@email.com,9475339059,Bronze,2020-05-30
CUS03634,Nisha,Patel,F,1985-12-15,Kochi,Kerala,823605,user3634@email.com,9670284458,Bronze,2021-05-02
CUS03635,Ritu,Kumar,F,1985-11-24,Jaipur,Rajasthan,852016,user3635@email.com,9232088439,Bronze,2023-12-24
CUS03636,Priya,Reddy,M,1972-04-04,Hyderabad,Telangana,849347,user3636@email.com,9595036360,Bronze,2023-12-01
CUS03637,Prakash,Rao,F,1986-02-19,Delhi,Delhi,933696,user3637@email.com,9945053923,Silver,2024-06-07
CUS03638,Sanjay,Shah,M,1978-10-19,Chennai,Tamil Nadu,561237,user3638@email.com,9184681609,Bronze,2022-04-06
CUS03639,Suresh,Pandey,M,1983-09-20,Hyderabad,Telangana,357263,user3639@email.com,9324396789,Bronze,2024-09-15
CUS03640,Swathi,Patel,F,1997-05-04,Chandigarh,Punjab,757070,user3640@email.com,9458483099,Silver,2022-05-05
CUS03641,Ajay,Agarwal,M,1974-10-17,Bhopal,Madhya Pradesh,763611,user3641@email.com,9413423927,Silver,2024-11-08
CUS03642,Rohan,Rao,F,1987-10-19,Chennai,Tamil Nadu,960263,user3642@email.com,9503269054,Bronze,2022-06-21
CUS03643,Rajesh,Joshi,M,1975-06-14,Ahmedabad,Gujarat,928221,user3643@email.com,9224221368,Bronze,2021-11-25
CUS03644,Pooja,Shah,Other,1971-01-22,Kolkata,West Bengal,743242,user3644@email.com,9145727805,Silver,2022-01-26
CUS03645,Suresh,Iyer,F,1974-05-06,Bhopal,Madhya Pradesh,290537,user3645@email.com,9590631012,Bronze,2020-10-02
CUS03646,Kavya,Pandey,M,1983-01-07,Bengaluru,Karnataka,902904,user3646@email.com,9798100675,Bronze,2020-03-09
CUS03647,Kiran,Iyer,M,1979-03-04,Mumbai,Maharashtra,646559,user3647@email.com,9188268881,Bronze,2024-03-09
CUS03648,Arjun,Singh,F,1999-12-27,Kolkata,West Bengal,816133,user3648@email.com,9542605687,Bronze,2022-01-30
CUS03649,Sneha,Pandey,Other,1978-01-22,Nagpur,Maharashtra,584260,user3649@email.com,9447172739,Silver,2022-01-02
CUS03650,Kiran,Verma,F,1970-03-30,Chennai,Tamil Nadu,765650,user3650@email.com,9421707105,Silver,2024-04-01
CUS03651,Priya,Pillai,Other,1972-03-07,Kolkata,West Bengal,139293,user3651@email.com,9302839899,Silver,2023-07-25
CUS03652,Aarav,Reddy,F,1974-06-20,Jaipur,Rajasthan,324388,user3652@email.com,9108882594,Bronze,2020-04-08
CUS03653,Nisha,Nair,M,1985-01-23,Ahmedabad,Gujarat,998855,user3653@email.com,9646652839,Gold,2021-01-03
CUS03654,Dev,Gupta,F,1980-11-06,Kolkata,West Bengal,575306,user3654@email.com,9224617663,Silver,2021-06-08
CUS03655,Pooja,Tiwari,M,1994-12-03,Lucknow,Uttar Pradesh,321684,user3655@email.com,9123201132,Silver,2022-08-06
CUS03656,Ritu,Patel,M,1994-11-06,Lucknow,Uttar Pradesh,521665,user3656@email.com,9379310017,Silver,2021-10-16
CUS03657,Geeta,Pandey,F,1983-01-18,Bhopal,Madhya Pradesh,825672,user3657@email.com,9103858794,Silver,2020-02-25
CUS03658,Suresh,Verma,F,1974-10-17,Bengaluru,Karnataka,391734,user3658@email.com,9758918948,Silver,2022-08-13
CUS03659,Arjun,Rao,F,1972-03-23,Chandigarh,Punjab,467635,user3659@email.com,9220136491,Gold,2024-04-10
CUS03660,Varun,Rao,F,1991-11-10,Chennai,Tamil Nadu,575712,user3660@email.com,9245797792,Gold,2020-08-28
CUS03661,Amit,Gupta,F,1975-01-31,Delhi,Delhi,122306,user3661@email.com,9789131248,Platinum,2023-03-23
CUS03662,Kavya,Verma,Other,1996-02-16,Chandigarh,Punjab,927154,user3662@email.com,9213449771,Gold,2023-04-20
CUS03663,Varun,Gupta,F,1999-11-03,Bhopal,Madhya Pradesh,902859,user3663@email.com,9990131866,Bronze,2022-12-07
CUS03664,Rahul,Tiwari,F,1987-11-14,Kolkata,West Bengal,648108,user3664@email.com,9169799413,Silver,2020-07-03
CUS03665,Kavya,Bose,M,1978-02-15,Chennai,Tamil Nadu,883719,user3665@email.com,9485628176,Platinum,2024-06-02
CUS03666,Lata,Iyer,M,1997-06-19,Chennai,Tamil Nadu,397758,user3666@email.com,9917097058,Silver,2024-08-08
CUS03667,Varun,Gupta,M,1993-02-07,Mumbai,Maharashtra,852311,user3667@email.com,9109050289,Silver,2021-05-31
CUS03668,Geeta,Kumar,F,1990-09-27,Lucknow,Uttar Pradesh,466064,user3668@email.com,9307233660,Silver,2020-01-24
CUS03669,Neha,Agarwal,Other,1995-01-18,Surat,Gujarat,295338,user3669@email.com,9685136792,Bronze,2024-01-24
CUS03670,Meera,Gupta,F,1970-11-17,Bengaluru,Karnataka,141438,user3670@email.com,9381283935,Bronze,2024-12-27
CUS03671,Ananya,Iyer,F,1998-06-14,Bhopal,Madhya Pradesh,740903,user3671@email.com,9137420126,Gold,2021-02-16
CUS03672,Amit,Mishra,M,1985-11-15,Hyderabad,Telangana,381575,user3672@email.com,9913855409,Bronze,2020-11-29
CUS03673,Priya,Bose,F,1975-06-29,Mumbai,Maharashtra,979614,user3673@email.com,9856080132,Bronze,2021-11-10
CUS03674,Rahul,Joshi,M,1997-04-04,Lucknow,Uttar Pradesh,918710,user3674@email.com,9357910663,Gold,2024-03-23
CUS03675,Rohan,Patel,F,1970-05-06,Surat,Gujarat,849298,user3675@email.com,9761559866,Bronze,2023-02-15
CUS03676,Geeta,Reddy,M,1996-03-30,Surat,Gujarat,390505,user3676@email.com,9684100671,Platinum,2024-09-24
CUS03677,Rajesh,Verma,F,1998-06-17,Mumbai,Maharashtra,880569,user3677@email.com,9518517277,Platinum,2022-07-08
CUS03678,Geeta,Tiwari,M,1987-09-28,Bhopal,Madhya Pradesh,292237,user3678@email.com,9290542002,Bronze,2021-12-26
CUS03679,Varun,Mehta,F,1997-09-13,Ahmedabad,Gujarat,294534,user3679@email.com,9410969170,Bronze,2023-12-30
CUS03680,Prakash,Nair,M,1972-08-05,Bhopal,Madhya Pradesh,204520,user3680@email.com,9215837729,Silver,2023-07-21
CUS03681,Priya,Patel,M,1978-11-26,Lucknow,Uttar Pradesh,501155,user3681@email.com,9664616896,Silver,2022-11-10
CUS03682,Sanjay,Nair,M,1979-03-30,Kochi,Kerala,112582,user3682@email.com,9260319624,Silver,2024-09-07
CUS03683,Mohan,Joshi,M,1971-03-13,Ahmedabad,Gujarat,258803,user3683@email.com,9936483568,Bronze,2021-02-17
CUS03684,Kiran,Iyer,M,1987-12-26,Lucknow,Uttar Pradesh,941574,user3684@email.com,9544641400,Gold,2020-07-25
CUS03685,Rajesh,Pillai,M,1977-01-19,Delhi,Delhi,670112,user3685@email.com,9726412812,Bronze,2021-05-23
CUS03686,Amit,Bose,F,1975-02-03,Hyderabad,Telangana,131483,user3686@email.com,9164352029,Bronze,2023-04-18
CUS03687,Vikram,Rao,Other,1970-09-24,Chennai,Tamil Nadu,690438,user3687@email.com,9113233072,Bronze,2023-10-25
CUS03688,Rahul,Pandey,F,1992-03-20,Ahmedabad,Gujarat,298712,user3688@email.com,9908135928,Gold,2021-04-20
CUS03689,Amit,Joshi,M,1988-10-11,Surat,Gujarat,214459,user3689@email.com,9319251480,Silver,2022-04-28
CUS03690,Rajesh,Patel,F,1986-06-08,Pune,Maharashtra,595571,user3690@email.com,9181143210,Silver,2021-03-08
CUS03691,Vikram,Joshi,M,2000-11-21,Ahmedabad,Gujarat,943332,user3691@email.com,9984363213,Bronze,2020-03-11
CUS03692,Geeta,Gupta,F,1996-07-30,Bhopal,Madhya Pradesh,930836,user3692@email.com,9220124502,Platinum,2020-07-09
CUS03693,Rajesh,Joshi,F,1994-01-14,Delhi,Delhi,171725,user3693@email.com,9608911742,Gold,2020-01-28
CUS03694,Arjun,Mehta,M,1985-06-08,Ahmedabad,Gujarat,156406,user3694@email.com,9255370170,Gold,2024-12-30
CUS03695,Divya,Mehta,F,1995-08-12,Chandigarh,Punjab,238144,user3695@email.com,9297211078,Bronze,2023-06-24
CUS03696,Dev,Shah,M,1987-06-28,Delhi,Delhi,458949,user3696@email.com,9294437160,Bronze,2022-09-04
CUS03697,Arjun,Singh,M,1999-04-14,Lucknow,Uttar Pradesh,868153,user3697@email.com,9813307041,Gold,2021-10-23
CUS03698,Arjun,Mehta,F,1987-05-08,Lucknow,Uttar Pradesh,567746,user3698@email.com,9956670202,Gold,2022-01-31
CUS03699,Ananya,Shah,F,1993-08-20,Nagpur,Maharashtra,318359,user3699@email.com,9824134645,Bronze,2022-05-10
CUS03700,Dev,Pillai,M,1974-06-02,Surat,Gujarat,335561,user3700@email.com,9240176981,Silver,2020-03-05
CUS03701,Dev,Mishra,F,1990-04-19,Delhi,Delhi,414685,user3701@email.com,9873308960,Silver,2021-08-30
CUS03702,Vikram,Gupta,F,1974-06-17,Surat,Gujarat,967341,user3702@email.com,9843074217,Bronze,2022-03-05
CUS03703,Meera,Kumar,M,1977-06-01,Jaipur,Rajasthan,237796,user3703@email.com,9213568279,Bronze,2022-04-27
CUS03704,Sneha,Rao,Other,1992-12-08,Surat,Gujarat,663110,user3704@email.com,9724318789,Platinum,2022-06-02
CUS03705,Ananya,Agarwal,F,1976-05-25,Delhi,Delhi,524257,user3705@email.com,9913303658,Gold,2024-02-09
CUS03706,Swathi,Verma,F,1982-02-01,Kochi,Kerala,367700,user3706@email.com,9614289576,Silver,2024-02-07
CUS03707,Prakash,Kapoor,F,1987-04-25,Chandigarh,Punjab,233066,user3707@email.com,9329666836,Silver,2020-07-11
CUS03708,Geeta,Sharma,F,1995-02-12,Mumbai,Maharashtra,382312,user3708@email.com,9434966161,Silver,2022-02-03
CUS03709,Suresh,Iyer,M,1986-04-09,Mumbai,Maharashtra,789280,user3709@email.com,9698600588,Platinum,2021-05-21
CUS03710,Sneha,Tiwari,M,1975-10-18,Lucknow,Uttar Pradesh,405739,user3710@email.com,9765409860,Gold,2024-04-03
CUS03711,Rohan,Agarwal,M,1990-11-26,Bengaluru,Karnataka,152797,user3711@email.com,9533430835,Silver,2021-11-13
CUS03712,Ajay,Kapoor,F,1973-04-07,Kochi,Kerala,905867,user3712@email.com,9316466362,Bronze,2020-11-03
CUS03713,Dev,Reddy,F,1982-08-31,Kochi,Kerala,923575,user3713@email.com,9450077799,Platinum,2022-07-21
CUS03714,Kavya,Gupta,F,1984-09-23,Kolkata,West Bengal,383554,user3714@email.com,9582160940,Platinum,2021-02-18
CUS03715,Suresh,Joshi,M,1996-06-25,Mumbai,Maharashtra,701970,user3715@email.com,9666703831,Silver,2023-05-26
CUS03716,Nisha,Joshi,M,1997-10-04,Kolkata,West Bengal,997248,user3716@email.com,9110445729,Bronze,2022-10-31
CUS03717,Rahul,Bose,F,1980-07-05,Bengaluru,Karnataka,878613,user3717@email.com,9259326530,Gold,2021-04-09
CUS03718,Prakash,Rao,M,1993-09-08,Hyderabad,Telangana,318247,user3718@email.com,9917506752,Bronze,2023-08-22
CUS03719,Aarav,Sharma,F,1972-04-08,Mumbai,Maharashtra,495211,user3719@email.com,9367003960,Gold,2024-10-21
CUS03720,Mohan,Shah,F,1982-02-08,Kochi,Kerala,722585,user3720@email.com,9219432184,Silver,2022-01-14
CUS03721,Suresh,Kapoor,F,1997-05-15,Mumbai,Maharashtra,915944,user3721@email.com,9710022933,Platinum,2024-05-25
CUS03722,Arjun,Kumar,M,1991-11-17,Delhi,Delhi,102778,user3722@email.com,9124849236,Silver,2023-02-07
CUS03723,Neha,Singh,M,1970-08-19,Bhopal,Madhya Pradesh,889544,user3723@email.com,9896053420,Silver,2020-11-14
CUS03724,Pooja,Reddy,F,1971-01-01,Bhopal,Madhya Pradesh,311331,user3724@email.com,9590427635,Gold,2020-07-28
CUS03725,Tara,Verma,F,1987-11-02,Lucknow,Uttar Pradesh,705206,user3725@email.com,9880347983,Silver,2024-12-11
CUS03726,Swathi,Patel,M,1976-06-13,Kochi,Kerala,668094,user3726@email.com,9953793008,Gold,2021-01-30
CUS03727,Kavya,Singh,F,1986-02-04,Kolkata,West Bengal,674214,user3727@email.com,9556616661,Silver,2020-01-17
CUS03728,Sanjay,Iyer,M,1978-04-07,Kolkata,West Bengal,124177,user3728@email.com,9740728845,Gold,2021-12-21
CUS03729,Suresh,Gupta,F,1970-04-07,Lucknow,Uttar Pradesh,361138,user3729@email.com,9566607438,Bronze,2024-10-02
CUS03730,Lata,Iyer,Other,1999-07-09,Delhi,Delhi,186488,user3730@email.com,9203209448,Silver,2024-01-19
CUS03731,Kiran,Singh,F,1984-12-07,Delhi,Delhi,682270,user3731@email.com,9793381428,Bronze,2022-08-30
CUS03732,Kiran,Kapoor,M,1974-12-03,Kolkata,West Bengal,701181,user3732@email.com,9964207402,Bronze,2024-01-24
CUS03733,Rahul,Gupta,F,1985-07-26,Mumbai,Maharashtra,797020,user3733@email.com,9112926019,Bronze,2020-10-28
CUS03734,Kiran,Iyer,M,1998-02-27,Chennai,Tamil Nadu,531086,user3734@email.com,9132181468,Silver,2020-03-09
CUS03735,Rajesh,Pandey,F,2000-08-21,Pune,Maharashtra,397149,user3735@email.com,9724922747,Gold,2021-07-03
CUS03736,Neha,Shah,M,2000-09-07,Kolkata,West Bengal,255472,user3736@email.com,9868921597,Bronze,2023-12-22
CUS03737,Kavya,Reddy,M,1970-12-11,Mumbai,Maharashtra,775243,user3737@email.com,9874186902,Bronze,2021-04-25
CUS03738,Mohan,Verma,F,1995-09-28,Bengaluru,Karnataka,822173,user3738@email.com,9644382412,Bronze,2022-10-27
CUS03739,Dev,Iyer,F,1985-06-20,Bengaluru,Karnataka,725437,user3739@email.com,9923622160,Bronze,2020-11-06
CUS03740,Vikram,Shah,M,1985-02-16,Mumbai,Maharashtra,656666,user3740@email.com,9472213267,Silver,2024-02-20
CUS03741,Isha,Gupta,F,1992-10-01,Delhi,Delhi,242546,user3741@email.com,9602048377,Bronze,2020-05-16
CUS03742,Meera,Nair,M,1986-11-17,Nagpur,Maharashtra,267530,user3742@email.com,9338659718,Bronze,2022-03-30
CUS03743,Aarav,Sharma,M,2000-01-15,Ahmedabad,Gujarat,267216,user3743@email.com,9765456801,Bronze,2021-11-25
CUS03744,Kavya,Reddy,F,1991-07-26,Chandigarh,Punjab,448143,user3744@email.com,9215086733,Silver,2021-05-22
CUS03745,Nisha,Singh,F,2000-03-11,Surat,Gujarat,924497,user3745@email.com,9778118071,Platinum,2021-09-19
CUS03746,Rajesh,Sharma,M,1990-08-24,Hyderabad,Telangana,516895,user3746@email.com,9222859966,Gold,2020-05-16
CUS03747,Amit,Pandey,M,1999-11-11,Mumbai,Maharashtra,158071,user3747@email.com,9384007049,Silver,2023-09-01
CUS03748,Priya,Singh,M,1984-09-05,Mumbai,Maharashtra,354073,user3748@email.com,9660892225,Bronze,2023-07-08
CUS03749,Aarav,Singh,F,1977-06-22,Delhi,Delhi,881857,user3749@email.com,9288743450,Bronze,2020-09-14
CUS03750,Vikram,Tiwari,F,1993-11-28,Nagpur,Maharashtra,757610,user3750@email.com,9558719363,Bronze,2020-07-21
CUS03751,Vikram,Sharma,F,1971-10-18,Delhi,Delhi,377339,user3751@email.com,9671608179,Gold,2023-10-17
CUS03752,Isha,Agarwal,M,1974-02-02,Mumbai,Maharashtra,440894,user3752@email.com,9340935163,Platinum,2024-11-12
CUS03753,Prakash,Gupta,M,2000-03-01,Chandigarh,Punjab,860643,user3753@email.com,9149395876,Platinum,2021-11-22
CUS03754,Dev,Joshi,F,2000-12-17,Kolkata,West Bengal,561170,user3754@email.com,9549856928,Platinum,2021-04-19
CUS03755,Dev,Mehta,M,1992-08-14,Bhopal,Madhya Pradesh,126375,user3755@email.com,9214966531,Silver,2021-09-28
CUS03756,Pooja,Sharma,M,1981-04-05,Hyderabad,Telangana,854113,user3756@email.com,9898350328,Gold,2020-02-12
CUS03757,Lata,Mehta,F,1995-11-07,Chennai,Tamil Nadu,256133,user3757@email.com,9378606992,Bronze,2021-02-03
CUS03758,Nisha,Singh,F,1982-08-30,Jaipur,Rajasthan,529740,user3758@email.com,9674192091,Bronze,2020-12-21
CUS03759,Ajay,Kumar,F,1998-02-19,Hyderabad,Telangana,232348,user3759@email.com,9986964603,Silver,2022-04-11
CUS03760,Sanjay,Mishra,Other,1994-05-21,Bengaluru,Karnataka,634131,user3760@email.com,9520890278,Gold,2022-03-13
CUS03761,Ritu,Shah,F,1997-04-02,Kochi,Kerala,832734,user3761@email.com,9940924182,Silver,2023-02-10
CUS03762,Neha,Reddy,M,1970-08-25,Bengaluru,Karnataka,180308,user3762@email.com,9767224411,Gold,2023-01-07
CUS03763,Nisha,Verma,M,1983-11-13,Nagpur,Maharashtra,997852,user3763@email.com,9389440522,Gold,2022-06-19
CUS03764,Isha,Mishra,F,1976-10-30,Kolkata,West Bengal,794567,user3764@email.com,9271416106,Silver,2022-12-07
CUS03765,Rahul,Pillai,M,1983-02-28,Surat,Gujarat,532832,user3765@email.com,9216880122,Gold,2024-06-26
CUS03766,Suresh,Tiwari,F,1998-10-10,Kolkata,West Bengal,415974,user3766@email.com,9256309347,Bronze,2024-05-01
CUS03767,Neha,Gupta,F,1988-07-01,Hyderabad,Telangana,422541,user3767@email.com,9157603643,Bronze,2022-02-27
CUS03768,Prakash,Shah,F,1975-05-11,Pune,Maharashtra,215828,user3768@email.com,9261937333,Bronze,2022-04-10
CUS03769,Dev,Agarwal,F,1972-12-22,Chandigarh,Punjab,733970,user3769@email.com,9892695042,Gold,2023-05-02
CUS03770,Meera,Gupta,F,1972-08-24,Bengaluru,Karnataka,280425,user3770@email.com,9118459667,Platinum,2021-04-13
CUS03771,Mohan,Gupta,F,1995-09-12,Surat,Gujarat,774043,user3771@email.com,9978707717,Bronze,2024-02-11
CUS03772,Sneha,Pandey,F,1992-05-17,Delhi,Delhi,305064,user3772@email.com,9687016782,Silver,2022-08-30
CUS03773,Vikram,Mishra,M,1973-09-09,Jaipur,Rajasthan,998812,user3773@email.com,9818000528,Silver,2024-07-23
CUS03774,Pooja,Rao,F,1978-06-06,Kolkata,West Bengal,927279,user3774@email.com,9408701001,Silver,2021-06-06
CUS03775,Suresh,Joshi,F,1985-03-27,Bhopal,Madhya Pradesh,653894,user3775@email.com,9654928234,Bronze,2021-08-14
CUS03776,Nisha,Verma,M,1984-11-26,Chandigarh,Punjab,524832,user3776@email.com,9535028229,Bronze,2022-06-28
CUS03777,Aarav,Pillai,F,1979-04-25,Chandigarh,Punjab,956223,user3777@email.com,9208186471,Platinum,2024-11-01
CUS03778,Rohan,Joshi,F,2000-11-22,Bengaluru,Karnataka,489095,user3778@email.com,9433935946,Bronze,2020-02-13
CUS03779,Arjun,Singh,F,1988-12-12,Kochi,Kerala,295546,user3779@email.com,9365358704,Gold,2021-04-25
CUS03780,Mohan,Shah,M,1988-09-14,Delhi,Delhi,740995,user3780@email.com,9898836185,Platinum,2024-08-10
CUS03781,Aarav,Iyer,F,1989-08-03,Pune,Maharashtra,205361,user3781@email.com,9866146970,Gold,2024-10-15
CUS03782,Suresh,Shah,M,1981-09-05,Bhopal,Madhya Pradesh,161293,user3782@email.com,9317578493,Bronze,2021-01-26
CUS03783,Rahul,Kumar,F,1994-01-29,Kochi,Kerala,677512,user3783@email.com,9989135496,Silver,2023-05-05
CUS03784,Geeta,Patel,M,1994-08-20,Lucknow,Uttar Pradesh,946817,user3784@email.com,9396376881,Bronze,2021-03-21
CUS03785,Rahul,Mehta,F,1976-11-15,Mumbai,Maharashtra,597909,user3785@email.com,9973264983,Bronze,2022-01-31
CUS03786,Ajay,Bose,F,1976-06-09,Delhi,Delhi,718338,user3786@email.com,9983298323,Silver,2023-11-27
CUS03787,Kavya,Agarwal,M,1989-02-11,Surat,Gujarat,885608,user3787@email.com,9212702393,Gold,2022-11-28
CUS03788,Sanjay,Reddy,F,1971-09-25,Chandigarh,Punjab,472012,user3788@email.com,9834163355,Gold,2022-06-04
CUS03789,Priya,Kapoor,M,2000-04-01,Chandigarh,Punjab,710097,user3789@email.com,9795799923,Bronze,2022-05-11
CUS03790,Amit,Kapoor,M,1980-02-12,Surat,Gujarat,482372,user3790@email.com,9110120646,Silver,2024-06-06
CUS03791,Rahul,Mishra,M,1997-07-06,Delhi,Delhi,454101,user3791@email.com,9669200353,Bronze,2023-12-13
CUS03792,Aarav,Bose,F,1980-01-09,Delhi,Delhi,685222,user3792@email.com,9667455943,Silver,2024-01-29
CUS03793,Amit,Kapoor,F,1998-06-12,Bhopal,Madhya Pradesh,594585,user3793@email.com,9247748824,Gold,2023-06-03
CUS03794,Ajay,Patel,F,1977-06-25,Lucknow,Uttar Pradesh,590679,user3794@email.com,9220206586,Platinum,2021-02-06
CUS03795,Nisha,Sharma,F,1980-09-09,Delhi,Delhi,636855,user3795@email.com,9219258561,Gold,2022-05-08
CUS03796,Varun,Reddy,M,1981-03-28,Ahmedabad,Gujarat,312653,user3796@email.com,9826757971,Silver,2021-05-14
CUS03797,Rajesh,Shah,M,1991-01-12,Chandigarh,Punjab,614232,user3797@email.com,9932036025,Bronze,2020-04-12
CUS03798,Isha,Rao,F,1984-08-31,Chennai,Tamil Nadu,142276,user3798@email.com,9580401429,Gold,2021-06-03
CUS03799,Neha,Kumar,F,1978-09-12,Jaipur,Rajasthan,107312,user3799@email.com,9295486701,Gold,2021-03-13
CUS03800,Aarav,Verma,M,1980-02-13,Jaipur,Rajasthan,468991,user3800@email.com,9599850534,Gold,2020-07-15
CUS03801,Priya,Sharma,M,1985-09-13,Jaipur,Rajasthan,369372,user3801@email.com,9818472514,Gold,2023-05-01
CUS03802,Ritu,Reddy,M,1986-04-16,Chennai,Tamil Nadu,514461,user3802@email.com,9299955363,Bronze,2024-09-22
CUS03803,Sneha,Shah,F,1999-06-23,Bhopal,Madhya Pradesh,927685,user3803@email.com,9512801950,Silver,2023-06-15
CUS03804,Sanjay,Verma,M,1996-07-01,Chandigarh,Punjab,578038,user3804@email.com,9378723623,Bronze,2022-06-09
CUS03805,Aarav,Shah,F,1981-07-21,Ahmedabad,Gujarat,815380,user3805@email.com,9832978139,Bronze,2021-03-09
CUS03806,Swathi,Kumar,M,1979-08-24,Pune,Maharashtra,990979,user3806@email.com,9491569078,Silver,2024-09-20
CUS03807,Vikram,Singh,M,1991-09-21,Nagpur,Maharashtra,871542,user3807@email.com,9223952832,Gold,2020-11-03
CUS03808,Divya,Reddy,M,1987-01-16,Nagpur,Maharashtra,104626,user3808@email.com,9615764065,Platinum,2020-01-07
CUS03809,Rahul,Pillai,M,1996-12-31,Chennai,Tamil Nadu,952880,user3809@email.com,9796619784,Silver,2023-12-03
CUS03810,Prakash,Joshi,M,1979-07-21,Kolkata,West Bengal,322173,user3810@email.com,9854643224,Gold,2024-12-16
CUS03811,Swathi,Verma,F,1984-12-30,Delhi,Delhi,705958,user3811@email.com,9247052758,Bronze,2023-03-01
CUS03812,Divya,Kapoor,M,1996-03-07,Bhopal,Madhya Pradesh,124730,user3812@email.com,9110972456,Bronze,2021-12-06
CUS03813,Lata,Agarwal,F,1973-04-10,Delhi,Delhi,948811,user3813@email.com,9180094972,Gold,2021-01-14
CUS03814,Neha,Iyer,M,1974-08-25,Hyderabad,Telangana,205836,user3814@email.com,9495460140,Platinum,2021-09-10
CUS03815,Isha,Pillai,F,1995-08-20,Pune,Maharashtra,849005,user3815@email.com,9690611154,Platinum,2020-09-25
CUS03816,Divya,Shah,F,1999-01-04,Kochi,Kerala,356972,user3816@email.com,9348129275,Silver,2022-06-30
CUS03817,Swathi,Rao,M,1975-03-15,Nagpur,Maharashtra,676665,user3817@email.com,9197404735,Bronze,2024-07-14
CUS03818,Aarav,Kumar,F,1988-01-19,Hyderabad,Telangana,389550,user3818@email.com,9635441673,Silver,2024-03-03
CUS03819,Vikram,Bose,F,1983-03-14,Chandigarh,Punjab,947652,user3819@email.com,9728362091,Gold,2020-07-28
CUS03820,Sneha,Rao,F,1984-01-23,Bhopal,Madhya Pradesh,678614,user3820@email.com,9461808085,Bronze,2024-06-04
CUS03821,Geeta,Kumar,M,1984-01-20,Chandigarh,Punjab,907852,user3821@email.com,9181990951,Platinum,2022-12-12
CUS03822,Isha,Rao,F,1975-12-17,Nagpur,Maharashtra,240494,user3822@email.com,9351481310,Silver,2021-01-06
CUS03823,Rajesh,Bose,F,1976-03-07,Chandigarh,Punjab,457948,user3823@email.com,9488995820,Bronze,2022-01-23
CUS03824,Neha,Patel,F,1982-04-29,Pune,Maharashtra,951546,user3824@email.com,9742696676,Silver,2021-02-17
CUS03825,Lata,Shah,M,1986-06-19,Chennai,Tamil Nadu,409996,user3825@email.com,9944785589,Bronze,2023-01-06
CUS03826,Lata,Pillai,F,1979-02-23,Chandigarh,Punjab,543391,user3826@email.com,9930178643,Silver,2021-11-10
CUS03827,Priya,Pillai,M,1988-04-22,Bengaluru,Karnataka,206688,user3827@email.com,9129330836,Silver,2022-10-27
CUS03828,Varun,Kapoor,F,1983-03-13,Mumbai,Maharashtra,479221,user3828@email.com,9512611145,Gold,2023-12-09
CUS03829,Dev,Bose,F,1994-09-29,Chandigarh,Punjab,772365,user3829@email.com,9908139417,Bronze,2024-04-28
CUS03830,Lata,Patel,M,1974-05-30,Surat,Gujarat,610316,user3830@email.com,9441503774,Bronze,2023-03-06
CUS03831,Suresh,Sharma,F,1975-12-28,Chennai,Tamil Nadu,563785,user3831@email.com,9418371805,Gold,2021-11-20
CUS03832,Divya,Kapoor,F,1980-05-30,Bhopal,Madhya Pradesh,839956,user3832@email.com,9592867625,Silver,2024-01-09
CUS03833,Priya,Joshi,F,1981-12-22,Pune,Maharashtra,448474,user3833@email.com,9378700607,Gold,2022-06-13
CUS03834,Tara,Kapoor,M,1995-07-09,Pune,Maharashtra,254665,user3834@email.com,9584116100,Bronze,2020-01-30
CUS03835,Varun,Mehta,Other,1970-08-12,Jaipur,Rajasthan,570490,user3835@email.com,9547341738,Silver,2021-06-23
CUS03836,Aarav,Mishra,F,1989-07-15,Bengaluru,Karnataka,495572,user3836@email.com,9833572515,Bronze,2021-03-27
CUS03837,Rohan,Nair,F,1995-03-27,Ahmedabad,Gujarat,318361,user3837@email.com,9880212094,Silver,2023-03-04
CUS03838,Sanjay,Bose,M,1994-10-12,Nagpur,Maharashtra,245084,user3838@email.com,9484544028,Silver,2021-07-05
CUS03839,Prakash,Kapoor,M,1971-10-02,Chennai,Tamil Nadu,628429,user3839@email.com,9997536058,Silver,2021-02-02
CUS03840,Nisha,Sharma,F,1982-11-26,Mumbai,Maharashtra,642126,user3840@email.com,9661905788,Platinum,2024-01-04
CUS03841,Tara,Iyer,M,1980-11-01,Lucknow,Uttar Pradesh,827629,user3841@email.com,9459283566,Gold,2021-03-08
CUS03842,Pooja,Gupta,M,1998-03-02,Chandigarh,Punjab,926494,user3842@email.com,9127272337,Silver,2023-12-29
CUS03843,Swathi,Reddy,F,1988-12-24,Bhopal,Madhya Pradesh,705773,user3843@email.com,9548952976,Gold,2020-11-29
CUS03844,Kiran,Pandey,F,1986-01-21,Nagpur,Maharashtra,549906,user3844@email.com,9376351483,Gold,2021-09-18
CUS03845,Rahul,Rao,M,1981-04-24,Hyderabad,Telangana,160579,user3845@email.com,9891074332,Silver,2024-02-25
CUS03846,Prakash,Mishra,F,1991-10-11,Lucknow,Uttar Pradesh,455468,user3846@email.com,9469648413,Bronze,2021-11-15
CUS03847,Neha,Singh,F,1982-08-01,Pune,Maharashtra,128962,user3847@email.com,9359029536,Gold,2020-11-14
CUS03848,Arjun,Reddy,F,1998-04-18,Jaipur,Rajasthan,600020,user3848@email.com,9325547936,Gold,2021-09-12
CUS03849,Varun,Reddy,F,1989-08-31,Kochi,Kerala,316260,user3849@email.com,9293555261,Bronze,2022-07-19
CUS03850,Ananya,Reddy,F,1985-12-07,Bengaluru,Karnataka,211586,user3850@email.com,9917736787,Bronze,2024-03-04
CUS03851,Varun,Pillai,F,1986-12-08,Ahmedabad,Gujarat,613902,user3851@email.com,9557334957,Silver,2023-12-24
CUS03852,Sneha,Agarwal,M,1983-07-23,Ahmedabad,Gujarat,917299,user3852@email.com,9416247032,Bronze,2022-10-22
CUS03853,Kavya,Pillai,M,1976-11-07,Nagpur,Maharashtra,381233,user3853@email.com,9998882657,Silver,2021-11-24
CUS03854,Kavya,Iyer,M,1983-05-07,Lucknow,Uttar Pradesh,284257,user3854@email.com,9211202448,Gold,2020-05-10
CUS03855,Aarav,Nair,F,1989-10-23,Lucknow,Uttar Pradesh,945646,user3855@email.com,9292383606,Bronze,2023-05-25
CUS03856,Ananya,Agarwal,Other,1999-06-26,Nagpur,Maharashtra,696261,user3856@email.com,9953317056,Silver,2021-06-05
CUS03857,Prakash,Gupta,M,1996-04-29,Delhi,Delhi,516830,user3857@email.com,9388447450,Silver,2021-11-27
CUS03858,Priya,Agarwal,F,1979-08-31,Delhi,Delhi,174923,user3858@email.com,9583803315,Silver,2024-11-06
CUS03859,Ajay,Sharma,F,1973-07-21,Nagpur,Maharashtra,945386,user3859@email.com,9186312815,Silver,2020-01-14
CUS03860,Amit,Patel,F,1972-04-13,Chennai,Tamil Nadu,818537,user3860@email.com,9111575269,Platinum,2023-03-12
CUS03861,Rajesh,Nair,M,1986-04-08,Kolkata,West Bengal,533343,user3861@email.com,9996714792,Silver,2021-04-04
CUS03862,Geeta,Gupta,M,1988-07-19,Kolkata,West Bengal,334751,user3862@email.com,9221475051,Gold,2021-11-25
CUS03863,Ananya,Tiwari,M,1984-01-31,Ahmedabad,Gujarat,565149,user3863@email.com,9565178496,Platinum,2020-06-04
CUS03864,Kavya,Sharma,F,1976-07-09,Nagpur,Maharashtra,690161,user3864@email.com,9134908759,Gold,2021-07-01
CUS03865,Geeta,Rao,M,1979-08-18,Chandigarh,Punjab,263864,user3865@email.com,9475588498,Silver,2023-03-22
CUS03866,Varun,Verma,M,1996-03-02,Lucknow,Uttar Pradesh,832829,user3866@email.com,9748135421,Bronze,2020-12-03
CUS03867,Pooja,Reddy,F,1978-02-04,Lucknow,Uttar Pradesh,265678,user3867@email.com,9914015094,Silver,2021-11-19
CUS03868,Neha,Singh,M,2000-08-11,Jaipur,Rajasthan,700406,user3868@email.com,9226565106,Gold,2021-12-01
CUS03869,Meera,Patel,M,1991-12-05,Chennai,Tamil Nadu,909924,user3869@email.com,9704744542,Gold,2023-12-30
CUS03870,Vikram,Agarwal,F,1996-07-02,Mumbai,Maharashtra,574546,user3870@email.com,9524270670,Silver,2023-01-23
CUS03871,Ananya,Mishra,F,1980-06-02,Bhopal,Madhya Pradesh,679825,user3871@email.com,9792049448,Bronze,2022-03-07
CUS03872,Rajesh,Bose,M,1974-12-12,Chennai,Tamil Nadu,885298,user3872@email.com,9772808571,Silver,2024-02-05
CUS03873,Amit,Sharma,F,1994-09-03,Mumbai,Maharashtra,672660,user3873@email.com,9566915622,Bronze,2020-05-14
CUS03874,Nisha,Bose,Other,1999-05-25,Mumbai,Maharashtra,890141,user3874@email.com,9543222668,Gold,2020-10-19
CUS03875,Ananya,Patel,F,1982-01-21,Mumbai,Maharashtra,797415,user3875@email.com,9867584104,Platinum,2021-01-21
CUS03876,Varun,Joshi,F,1978-09-22,Lucknow,Uttar Pradesh,273962,user3876@email.com,9299899342,Gold,2024-07-30
CUS03877,Meera,Mehta,F,1973-11-06,Nagpur,Maharashtra,349767,user3877@email.com,9765394079,Bronze,2023-03-12
CUS03878,Kavya,Tiwari,F,1989-10-16,Kolkata,West Bengal,713187,user3878@email.com,9341775047,Bronze,2023-12-18
CUS03879,Meera,Nair,M,1995-06-24,Bengaluru,Karnataka,281732,user3879@email.com,9107044325,Platinum,2024-02-17
CUS03880,Meera,Singh,M,1978-10-26,Chennai,Tamil Nadu,948914,user3880@email.com,9501836640,Platinum,2024-04-05
CUS03881,Kiran,Pillai,F,1992-10-13,Chandigarh,Punjab,162263,user3881@email.com,9221893424,Silver,2023-02-08
CUS03882,Pooja,Rao,M,1978-02-14,Kochi,Kerala,934891,user3882@email.com,9870853764,Silver,2024-02-04
CUS03883,Pooja,Shah,F,1995-07-25,Mumbai,Maharashtra,952659,user3883@email.com,9695265285,Gold,2021-03-12
CUS03884,Mohan,Nair,F,1994-02-09,Kolkata,West Bengal,891730,user3884@email.com,9932971152,Bronze,2022-02-24
CUS03885,Ananya,Mehta,F,1986-03-14,Nagpur,Maharashtra,513258,user3885@email.com,9275246883,Silver,2021-05-20
CUS03886,Aarav,Verma,M,1979-05-20,Bengaluru,Karnataka,691743,user3886@email.com,9901678268,Gold,2021-07-30
CUS03887,Pooja,Kumar,M,1983-04-25,Surat,Gujarat,926970,user3887@email.com,9389336686,Gold,2024-06-08
CUS03888,Ananya,Tiwari,M,1986-05-13,Delhi,Delhi,917968,user3888@email.com,9457920844,Gold,2020-07-17
CUS03889,Kiran,Pandey,F,1976-02-06,Pune,Maharashtra,240401,user3889@email.com,9160603959,Bronze,2020-05-13
CUS03890,Isha,Shah,M,1987-02-06,Chennai,Tamil Nadu,604493,user3890@email.com,9593691175,Bronze,2023-09-07
CUS03891,Arjun,Joshi,M,1975-05-29,Hyderabad,Telangana,115610,user3891@email.com,9512242536,Bronze,2023-10-17
CUS03892,Neha,Gupta,F,1972-11-16,Chandigarh,Punjab,693868,user3892@email.com,9318130086,Platinum,2023-07-18
CUS03893,Swathi,Kumar,F,1971-05-29,Hyderabad,Telangana,289594,user3893@email.com,9524689817,Silver,2024-12-01
CUS03894,Pooja,Kumar,F,2000-04-09,Kochi,Kerala,343394,user3894@email.com,9875829066,Silver,2022-04-01
CUS03895,Neha,Gupta,F,1971-01-03,Pune,Maharashtra,258486,user3895@email.com,9817023093,Gold,2024-01-28
CUS03896,Geeta,Shah,M,1971-03-31,Surat,Gujarat,207883,user3896@email.com,9252328549,Gold,2021-12-12
CUS03897,Swathi,Agarwal,M,1989-03-07,Nagpur,Maharashtra,947932,user3897@email.com,9922972154,Bronze,2022-05-03
CUS03898,Rajesh,Tiwari,M,1992-11-29,Mumbai,Maharashtra,877861,user3898@email.com,9672353892,Platinum,2020-12-08
CUS03899,Neha,Reddy,M,1977-04-02,Hyderabad,Telangana,300332,user3899@email.com,9278472364,Gold,2020-10-02
CUS03900,Meera,Iyer,F,1999-06-25,Delhi,Delhi,471852,user3900@email.com,9110665577,Bronze,2020-08-06
CUS03901,Rahul,Reddy,M,1984-10-15,Kolkata,West Bengal,770928,user3901@email.com,9212815329,Bronze,2022-04-14
CUS03902,Varun,Patel,F,1972-06-03,Surat,Gujarat,563068,user3902@email.com,9620887687,Platinum,2020-10-21
CUS03903,Dev,Reddy,M,1994-10-20,Ahmedabad,Gujarat,734875,user3903@email.com,9236203942,Bronze,2023-10-10
CUS03904,Arjun,Reddy,M,1982-06-14,Kochi,Kerala,197962,user3904@email.com,9638716005,Silver,2024-05-27
CUS03905,Varun,Gupta,F,1971-09-19,Kochi,Kerala,808214,user3905@email.com,9445031986,Gold,2022-08-26
CUS03906,Ritu,Kumar,F,1995-06-26,Jaipur,Rajasthan,871703,user3906@email.com,9107971093,Bronze,2020-01-17
CUS03907,Isha,Bose,M,1978-04-16,Jaipur,Rajasthan,616643,user3907@email.com,9780803166,Bronze,2021-06-12
CUS03908,Rahul,Nair,F,1997-06-07,Lucknow,Uttar Pradesh,894352,user3908@email.com,9282703106,Silver,2021-05-03
CUS03909,Nisha,Pillai,M,1973-10-09,Jaipur,Rajasthan,747507,user3909@email.com,9161374864,Bronze,2024-08-26
CUS03910,Mohan,Verma,F,2000-09-26,Ahmedabad,Gujarat,554338,user3910@email.com,9395211487,Bronze,2022-04-19
CUS03911,Kiran,Kapoor,F,1993-12-16,Jaipur,Rajasthan,476729,user3911@email.com,9889458889,Silver,2020-10-19
CUS03912,Varun,Verma,M,1985-10-26,Chennai,Tamil Nadu,912476,user3912@email.com,9444283515,Silver,2022-03-18
CUS03913,Ritu,Bose,M,1996-06-05,Kochi,Kerala,926840,user3913@email.com,9284577385,Bronze,2021-08-22
CUS03914,Arjun,Shah,F,1978-05-22,Jaipur,Rajasthan,790447,user3914@email.com,9727603238,Gold,2020-06-27
CUS03915,Divya,Nair,F,1996-09-20,Hyderabad,Telangana,768622,user3915@email.com,9442397086,Gold,2024-09-23
CUS03916,Ritu,Tiwari,M,1996-04-04,Delhi,Delhi,682430,user3916@email.com,9270750697,Bronze,2020-11-18
CUS03917,Meera,Sharma,F,1984-12-05,Bhopal,Madhya Pradesh,659188,user3917@email.com,9296871673,Bronze,2024-04-13
CUS03918,Tara,Shah,M,1992-06-21,Chandigarh,Punjab,414442,user3918@email.com,9580201106,Bronze,2022-10-14
CUS03919,Rahul,Tiwari,F,1991-04-13,Pune,Maharashtra,289037,user3919@email.com,9793765080,Bronze,2022-12-19
CUS03920,Ananya,Joshi,M,1970-03-31,Bhopal,Madhya Pradesh,386813,user3920@email.com,9193619024,Bronze,2020-10-13
CUS03921,Ananya,Pandey,M,1979-06-07,Lucknow,Uttar Pradesh,114097,user3921@email.com,9750134068,Gold,2023-05-11
CUS03922,Sanjay,Joshi,F,1970-04-14,Pune,Maharashtra,564921,user3922@email.com,9142689241,Bronze,2021-06-16
CUS03923,Aarav,Gupta,F,1981-05-27,Pune,Maharashtra,459337,user3923@email.com,9989091756,Gold,2022-06-27
CUS03924,Meera,Agarwal,M,1980-10-17,Lucknow,Uttar Pradesh,169995,user3924@email.com,9612404672,Gold,2024-09-21
CUS03925,Priya,Sharma,F,1988-12-01,Surat,Gujarat,744374,user3925@email.com,9180392318,Bronze,2020-12-04
CUS03926,Rohan,Tiwari,M,1976-05-19,Chandigarh,Punjab,488744,user3926@email.com,9919281684,Bronze,2020-11-30
CUS03927,Ananya,Reddy,M,1999-03-10,Lucknow,Uttar Pradesh,976980,user3927@email.com,9597872995,Bronze,2022-07-20
CUS03928,Pooja,Shah,F,1996-06-27,Lucknow,Uttar Pradesh,828579,user3928@email.com,9150226323,Silver,2023-09-08
CUS03929,Geeta,Kapoor,M,1997-02-13,Mumbai,Maharashtra,609454,user3929@email.com,9807677294,Bronze,2020-07-24
CUS03930,Arjun,Shah,M,1990-10-02,Pune,Maharashtra,818366,user3930@email.com,9903547902,Silver,2021-05-27
CUS03931,Priya,Bose,Other,1977-03-05,Bhopal,Madhya Pradesh,236104,user3931@email.com,9519749640,Bronze,2021-02-07
CUS03932,Suresh,Pillai,M,1996-09-12,Kochi,Kerala,700249,user3932@email.com,9449572138,Bronze,2023-08-09
CUS03933,Rahul,Gupta,M,1977-05-07,Bengaluru,Karnataka,566294,user3933@email.com,9987085078,Silver,2021-02-15
CUS03934,Neha,Iyer,F,1976-07-11,Bengaluru,Karnataka,315572,user3934@email.com,9312845035,Gold,2022-05-23
CUS03935,Aarav,Pandey,M,1986-01-08,Delhi,Delhi,847164,user3935@email.com,9200022789,Platinum,2022-09-27
CUS03936,Vikram,Nair,F,1977-05-14,Kolkata,West Bengal,507989,user3936@email.com,9474699440,Bronze,2023-07-10
CUS03937,Divya,Kumar,F,1977-01-18,Bhopal,Madhya Pradesh,306178,user3937@email.com,9593670730,Bronze,2023-05-14
CUS03938,Tara,Shah,F,1972-06-02,Ahmedabad,Gujarat,599760,user3938@email.com,9551211290,Gold,2020-06-18
CUS03939,Priya,Agarwal,F,1985-07-06,Chandigarh,Punjab,318552,user3939@email.com,9948298033,Bronze,2020-02-27
CUS03940,Ananya,Pandey,Other,1989-08-02,Kolkata,West Bengal,958562,user3940@email.com,9397902374,Gold,2022-12-20
CUS03941,Rohan,Bose,M,1980-07-12,Chandigarh,Punjab,456705,user3941@email.com,9207467352,Silver,2022-01-04
CUS03942,Aarav,Singh,F,1989-12-04,Ahmedabad,Gujarat,618430,user3942@email.com,9765422025,Silver,2022-02-12
CUS03943,Ananya,Mehta,F,1998-05-11,Chennai,Tamil Nadu,143176,user3943@email.com,9281140337,Bronze,2023-11-28
CUS03944,Amit,Mehta,M,1970-03-31,Chennai,Tamil Nadu,380304,user3944@email.com,9183504266,Gold,2024-09-04
CUS03945,Pooja,Gupta,M,1980-01-14,Bengaluru,Karnataka,918838,user3945@email.com,9459962400,Gold,2021-11-25
CUS03946,Varun,Shah,F,1981-08-09,Jaipur,Rajasthan,570428,user3946@email.com,9712325550,Gold,2022-07-30
CUS03947,Ananya,Pillai,F,1985-10-24,Mumbai,Maharashtra,910246,user3947@email.com,9675596715,Bronze,2022-01-21
CUS03948,Sanjay,Reddy,M,1988-02-28,Chennai,Tamil Nadu,695402,user3948@email.com,9144519955,Bronze,2020-07-24
CUS03949,Ananya,Nair,F,1976-02-16,Ahmedabad,Gujarat,869594,user3949@email.com,9858166756,Bronze,2024-06-19
CUS03950,Aarav,Sharma,F,1992-03-26,Surat,Gujarat,338169,user3950@email.com,9637794127,Gold,2023-01-25
CUS03951,Prakash,Rao,F,1989-10-21,Surat,Gujarat,380931,user3951@email.com,9287240259,Bronze,2020-04-15
CUS03952,Arjun,Iyer,M,1973-04-17,Kochi,Kerala,718624,user3952@email.com,9747902139,Bronze,2023-11-02
CUS03953,Priya,Tiwari,F,1992-09-20,Chandigarh,Punjab,600124,user3953@email.com,9672981414,Bronze,2024-01-19
CUS03954,Nisha,Patel,M,1972-05-02,Surat,Gujarat,987546,user3954@email.com,9795294431,Silver,2024-11-07
CUS03955,Sneha,Mehta,M,1990-05-10,Kochi,Kerala,629728,user3955@email.com,9661084098,Bronze,2020-07-22
CUS03956,Amit,Patel,M,1980-08-22,Chennai,Tamil Nadu,493401,user3956@email.com,9188427358,Silver,2020-02-22
CUS03957,Varun,Pillai,F,1989-06-23,Ahmedabad,Gujarat,368862,user3957@email.com,9544629874,Gold,2021-09-27
CUS03958,Tara,Shah,F,1978-12-13,Bengaluru,Karnataka,523763,user3958@email.com,9694265300,Platinum,2024-05-27
CUS03959,Ritu,Singh,M,1971-01-07,Nagpur,Maharashtra,411358,user3959@email.com,9845184155,Bronze,2020-12-30
CUS03960,Varun,Kapoor,F,1988-06-18,Hyderabad,Telangana,699002,user3960@email.com,9136032700,Platinum,2023-04-28
CUS03961,Amit,Bose,F,1971-05-15,Bengaluru,Karnataka,275046,user3961@email.com,9719403721,Gold,2021-02-28
CUS03962,Ajay,Kapoor,M,1988-05-19,Mumbai,Maharashtra,143001,user3962@email.com,9848939547,Silver,2021-08-04
CUS03963,Varun,Verma,M,1996-04-07,Bhopal,Madhya Pradesh,404145,user3963@email.com,9353604822,Bronze,2021-03-05
CUS03964,Prakash,Agarwal,M,1985-01-08,Chandigarh,Punjab,138278,user3964@email.com,9344698907,Gold,2024-05-09
CUS03965,Arjun,Agarwal,F,1981-07-26,Ahmedabad,Gujarat,357579,user3965@email.com,9326853761,Bronze,2022-03-27
CUS03966,Dev,Mishra,F,1998-08-18,Ahmedabad,Gujarat,123334,user3966@email.com,9977701660,Silver,2020-12-13
CUS03967,Ritu,Kumar,F,1985-04-24,Kochi,Kerala,242228,user3967@email.com,9296533829,Gold,2021-04-25
CUS03968,Nisha,Bose,F,1994-10-26,Pune,Maharashtra,773576,user3968@email.com,9401946171,Gold,2023-06-01
CUS03969,Aarav,Kapoor,F,1984-09-22,Lucknow,Uttar Pradesh,778473,user3969@email.com,9644458723,Silver,2021-12-02
CUS03970,Suresh,Rao,F,1993-03-21,Chennai,Tamil Nadu,947603,user3970@email.com,9987395668,Bronze,2023-11-15
CUS03971,Ajay,Nair,F,1995-06-02,Ahmedabad,Gujarat,314276,user3971@email.com,9427147583,Silver,2023-08-10
CUS03972,Mohan,Kapoor,F,1971-11-05,Bengaluru,Karnataka,989000,user3972@email.com,9640859888,Gold,2023-12-19
CUS03973,Aarav,Rao,F,1984-01-02,Pune,Maharashtra,768656,user3973@email.com,9446445855,Gold,2023-12-23
CUS03974,Tara,Mehta,F,1973-05-10,Bhopal,Madhya Pradesh,245750,user3974@email.com,9989526196,Bronze,2021-04-01
CUS03975,Priya,Gupta,F,1980-03-15,Ahmedabad,Gujarat,688287,user3975@email.com,9553749809,Gold,2024-10-31
CUS03976,Rohan,Verma,F,1981-10-03,Chandigarh,Punjab,815961,user3976@email.com,9876625109,Silver,2024-06-23
CUS03977,Sanjay,Nair,M,2000-07-18,Pune,Maharashtra,164164,user3977@email.com,9918767445,Bronze,2024-10-19
CUS03978,Ananya,Tiwari,F,2000-09-14,Chandigarh,Punjab,809011,user3978@email.com,9115923631,Silver,2022-12-12
CUS03979,Rajesh,Tiwari,M,1978-11-19,Chandigarh,Punjab,977634,user3979@email.com,9646502574,Gold,2023-12-26
CUS03980,Tara,Tiwari,F,1979-10-12,Delhi,Delhi,267497,user3980@email.com,9626711232,Bronze,2022-11-25
CUS03981,Nisha,Rao,Other,1987-08-08,Bengaluru,Karnataka,906841,user3981@email.com,9319122279,Gold,2023-01-15
CUS03982,Amit,Singh,F,1971-12-09,Chennai,Tamil Nadu,106370,user3982@email.com,9673263738,Silver,2020-06-15
CUS03983,Divya,Pandey,M,1975-05-03,Bhopal,Madhya Pradesh,524909,user3983@email.com,9730621745,Bronze,2023-06-06
CUS03984,Rahul,Tiwari,F,1970-09-11,Mumbai,Maharashtra,797165,user3984@email.com,9351703873,Platinum,2022-06-07
CUS03985,Tara,Iyer,Other,1992-01-10,Delhi,Delhi,417180,user3985@email.com,9837754990,Platinum,2020-03-30
CUS03986,Mohan,Sharma,M,1995-09-28,Lucknow,Uttar Pradesh,476221,user3986@email.com,9932243777,Silver,2023-07-09
CUS03987,Amit,Sharma,Other,1975-06-09,Pune,Maharashtra,727902,user3987@email.com,9292878637,Bronze,2023-06-04
CUS03988,Varun,Verma,M,1985-04-14,Hyderabad,Telangana,102088,user3988@email.com,9494991422,Bronze,2024-09-11
CUS03989,Suresh,Joshi,Other,1980-05-25,Lucknow,Uttar Pradesh,384745,user3989@email.com,9349108379,Silver,2020-03-27
CUS03990,Lata,Gupta,F,1997-06-04,Jaipur,Rajasthan,357276,user3990@email.com,9971581005,Bronze,2024-02-10
CUS03991,Ritu,Singh,F,1998-06-29,Bengaluru,Karnataka,664948,user3991@email.com,9219879025,Silver,2021-09-15
CUS03992,Neha,Sharma,M,1977-07-02,Jaipur,Rajasthan,495213,user3992@email.com,9788153732,Bronze,2023-07-22
CUS03993,Tara,Kumar,M,1999-10-23,Chennai,Tamil Nadu,776541,user3993@email.com,9666617788,Silver,2024-08-30
CUS03994,Ajay,Patel,M,1994-04-21,Chandigarh,Punjab,782089,user3994@email.com,9371224762,Gold,2021-04-11
CUS03995,Geeta,Reddy,F,1989-03-15,Lucknow,Uttar Pradesh,785820,user3995@email.com,9648684448,Bronze,2023-06-05
CUS03996,Rahul,Mishra,F,1978-05-23,Mumbai,Maharashtra,219996,user3996@email.com,9611051706,Bronze,2023-02-15
CUS03997,Vikram,Agarwal,F,1973-06-12,Lucknow,Uttar Pradesh,144597,user3997@email.com,9579175043,Gold,2020-06-25
CUS03998,Aarav,Kapoor,F,1982-01-03,Chennai,Tamil Nadu,132972,user3998@email.com,9655748779,Silver,2024-10-09
CUS03999,Neha,Singh,F,1992-04-21,Bhopal,Madhya Pradesh,521644,user3999@email.com,9261300328,Silver,2020-08-06
CUS04000,Nisha,Verma,M,1994-11-03,Lucknow,Uttar Pradesh,907816,user4000@email.com,9417808714,Gold,2021-08-21
CUS04001,Suresh,Rao,F,1999-04-22,Bhopal,Madhya Pradesh,131657,user4001@email.com,9809220826,Gold,2022-06-20
CUS04002,Vikram,Kapoor,F,1977-10-09,Ahmedabad,Gujarat,707601,user4002@email.com,9463868619,Platinum,2020-06-06
CUS04003,Dev,Mishra,F,1982-08-31,Bengaluru,Karnataka,193131,user4003@email.com,9180811924,Silver,2020-01-13
CUS04004,Nisha,Tiwari,F,1992-09-20,Mumbai,Maharashtra,854169,user4004@email.com,9744074145,Gold,2024-02-25
CUS04005,Neha,Kumar,M,1983-12-15,Pune,Maharashtra,595187,user4005@email.com,9536094349,Bronze,2021-08-15
CUS04006,Kavya,Patel,F,1983-04-18,Mumbai,Maharashtra,981508,user4006@email.com,9117977747,Bronze,2021-12-31
CUS04007,Amit,Patel,F,1986-04-17,Delhi,Delhi,943542,user4007@email.com,9288152059,Platinum,2023-11-04
CUS04008,Rahul,Gupta,M,1989-03-02,Pune,Maharashtra,328948,user4008@email.com,9450108093,Gold,2024-10-20
CUS04009,Dev,Joshi,F,1997-02-02,Pune,Maharashtra,450232,user4009@email.com,9660408053,Silver,2022-12-19
CUS04010,Isha,Sharma,M,1980-06-23,Nagpur,Maharashtra,111484,user4010@email.com,9890042804,Gold,2021-03-11
CUS04011,Tara,Reddy,M,1970-02-21,Chandigarh,Punjab,789574,user4011@email.com,9501509647,Bronze,2021-05-25
CUS04012,Aarav,Tiwari,M,1993-04-25,Lucknow,Uttar Pradesh,263798,user4012@email.com,9339260704,Silver,2021-08-30
CUS04013,Aarav,Joshi,F,1982-02-03,Chennai,Tamil Nadu,379193,user4013@email.com,9711899923,Silver,2020-01-09
CUS04014,Varun,Patel,M,1987-04-21,Bhopal,Madhya Pradesh,495022,user4014@email.com,9796885499,Gold,2021-03-05
CUS04015,Vikram,Mehta,M,1976-11-18,Mumbai,Maharashtra,433704,user4015@email.com,9242762145,Gold,2020-09-05
CUS04016,Mohan,Mehta,M,1981-06-02,Nagpur,Maharashtra,472097,user4016@email.com,9338699132,Silver,2020-07-30
CUS04017,Arjun,Kapoor,F,1991-12-06,Pune,Maharashtra,833911,user4017@email.com,9672077259,Gold,2020-10-27
CUS04018,Meera,Gupta,F,1979-08-06,Chandigarh,Punjab,354879,user4018@email.com,9529612494,Gold,2023-05-26
CUS04019,Varun,Kapoor,F,1971-05-14,Kolkata,West Bengal,224630,user4019@email.com,9478255806,Gold,2024-07-09
CUS04020,Amit,Bose,M,1976-08-21,Lucknow,Uttar Pradesh,487384,user4020@email.com,9396830806,Platinum,2021-11-28
CUS04021,Nisha,Reddy,Other,1982-10-04,Pune,Maharashtra,233350,user4021@email.com,9347842250,Silver,2020-01-28
CUS04022,Sanjay,Mishra,F,1987-12-13,Pune,Maharashtra,755285,user4022@email.com,9667944560,Silver,2024-01-26
CUS04023,Rohan,Reddy,M,1973-09-06,Lucknow,Uttar Pradesh,425490,user4023@email.com,9708755367,Gold,2022-09-22
CUS04024,Neha,Joshi,M,1982-06-08,Nagpur,Maharashtra,152950,user4024@email.com,9375492405,Bronze,2020-11-26
CUS04025,Sanjay,Joshi,M,1970-06-05,Jaipur,Rajasthan,530680,user4025@email.com,9705242004,Silver,2022-09-17
CUS04026,Sanjay,Agarwal,M,2000-12-15,Mumbai,Maharashtra,575744,user4026@email.com,9711169501,Silver,2020-02-06
CUS04027,Rahul,Pillai,M,1995-10-14,Bengaluru,Karnataka,718668,user4027@email.com,9745123334,Silver,2023-07-23
CUS04028,Rajesh,Pandey,F,1977-10-04,Bengaluru,Karnataka,869671,user4028@email.com,9688584039,Bronze,2021-05-26
CUS04029,Ajay,Verma,F,1981-12-13,Hyderabad,Telangana,519238,user4029@email.com,9696976715,Silver,2022-12-09
CUS04030,Isha,Mishra,F,1982-04-19,Kochi,Kerala,490247,user4030@email.com,9938580505,Silver,2022-05-19
CUS04031,Sneha,Iyer,M,1973-06-18,Kolkata,West Bengal,281054,user4031@email.com,9152458441,Silver,2021-05-25
CUS04032,Ritu,Gupta,F,1997-08-10,Bhopal,Madhya Pradesh,952595,user4032@email.com,9365235003,Bronze,2020-12-13
CUS04033,Swathi,Kapoor,F,1980-06-11,Chennai,Tamil Nadu,901569,user4033@email.com,9743698108,Bronze,2024-08-20
CUS04034,Sanjay,Sharma,M,1983-02-11,Bengaluru,Karnataka,169728,user4034@email.com,9410947975,Bronze,2023-04-18
CUS04035,Tara,Mishra,F,1999-06-23,Surat,Gujarat,253924,user4035@email.com,9762433952,Gold,2023-08-15
CUS04036,Ritu,Mehta,F,1995-12-17,Delhi,Delhi,793459,user4036@email.com,9343555636,Gold,2021-06-01
CUS04037,Divya,Tiwari,M,1987-02-07,Bhopal,Madhya Pradesh,415117,user4037@email.com,9226925707,Bronze,2023-07-11
CUS04038,Ritu,Tiwari,F,1980-12-28,Jaipur,Rajasthan,259704,user4038@email.com,9782435711,Gold,2023-10-29
CUS04039,Vikram,Patel,F,1995-06-11,Ahmedabad,Gujarat,666384,user4039@email.com,9566840114,Silver,2022-06-19
CUS04040,Tara,Shah,M,1998-01-08,Bhopal,Madhya Pradesh,878339,user4040@email.com,9943858326,Silver,2020-04-05
CUS04041,Vikram,Mehta,F,1983-12-13,Kochi,Kerala,445512,user4041@email.com,9766884646,Platinum,2024-08-07
CUS04042,Vikram,Patel,F,1987-03-01,Surat,Gujarat,344876,user4042@email.com,9461672337,Gold,2020-11-12
CUS04043,Rajesh,Bose,Other,1987-09-04,Mumbai,Maharashtra,548902,user4043@email.com,9753512782,Platinum,2021-04-04
CUS04044,Swathi,Gupta,F,1984-10-12,Delhi,Delhi,750579,user4044@email.com,9530225557,Bronze,2023-06-08
CUS04045,Varun,Verma,F,1980-07-15,Lucknow,Uttar Pradesh,956114,user4045@email.com,9136459149,Silver,2020-06-15
CUS04046,Meera,Shah,F,1971-10-01,Bhopal,Madhya Pradesh,104523,user4046@email.com,9191456029,Silver,2024-03-11
CUS04047,Pooja,Sharma,M,1984-05-18,Hyderabad,Telangana,528334,user4047@email.com,9539203518,Bronze,2022-03-09
CUS04048,Nisha,Tiwari,M,1978-07-22,Jaipur,Rajasthan,603622,user4048@email.com,9264212912,Gold,2022-03-19
CUS04049,Geeta,Mehta,F,1979-11-05,Surat,Gujarat,107054,user4049@email.com,9432452044,Bronze,2023-08-29
CUS04050,Isha,Gupta,M,1974-04-13,Kolkata,West Bengal,271302,user4050@email.com,9441436663,Bronze,2021-02-16
CUS04051,Tara,Nair,F,1997-08-31,Delhi,Delhi,748725,user4051@email.com,9439032410,Gold,2024-10-25
CUS04052,Aarav,Patel,F,1981-06-30,Delhi,Delhi,619955,user4052@email.com,9310935822,Silver,2021-09-28
CUS04053,Isha,Pillai,M,1974-12-02,Delhi,Delhi,539399,user4053@email.com,9192514659,Gold,2022-02-06
CUS04054,Tara,Joshi,Other,1972-08-10,Chandigarh,Punjab,253734,user4054@email.com,9846261080,Bronze,2020-03-23
CUS04055,Lata,Tiwari,F,1994-10-08,Lucknow,Uttar Pradesh,174430,user4055@email.com,9734351958,Bronze,2022-10-14
CUS04056,Rahul,Nair,F,1974-06-30,Ahmedabad,Gujarat,299100,user4056@email.com,9420264957,Gold,2024-07-19
CUS04057,Divya,Mehta,M,1997-10-03,Chandigarh,Punjab,570342,user4057@email.com,9407746385,Silver,2022-05-09
CUS04058,Ajay,Gupta,F,1998-07-28,Mumbai,Maharashtra,126919,user4058@email.com,9576667771,Gold,2023-05-13
CUS04059,Nisha,Reddy,F,1973-05-06,Jaipur,Rajasthan,430525,user4059@email.com,9170532937,Platinum,2024-02-11
CUS04060,Aarav,Bose,M,1986-07-02,Nagpur,Maharashtra,179918,user4060@email.com,9934718475,Gold,2023-04-18
CUS04061,Ritu,Bose,F,1971-12-30,Delhi,Delhi,821484,user4061@email.com,9698464103,Gold,2022-08-14
CUS04062,Rohan,Bose,F,1993-04-17,Hyderabad,Telangana,789344,user4062@email.com,9278733667,Gold,2021-03-22
CUS04063,Meera,Singh,M,2000-10-08,Lucknow,Uttar Pradesh,502156,user4063@email.com,9306787283,Platinum,2020-01-31
CUS04064,Swathi,Singh,F,2000-04-02,Mumbai,Maharashtra,471214,user4064@email.com,9646409482,Bronze,2022-10-21
CUS04065,Kavya,Singh,F,1989-12-15,Hyderabad,Telangana,946998,user4065@email.com,9202473824,Bronze,2020-07-03
CUS04066,Amit,Gupta,M,1989-11-11,Bhopal,Madhya Pradesh,939664,user4066@email.com,9764812142,Bronze,2020-06-16
CUS04067,Pooja,Pandey,F,1989-09-29,Hyderabad,Telangana,517722,user4067@email.com,9150348837,Silver,2024-04-27
CUS04068,Isha,Sharma,M,1980-01-24,Bhopal,Madhya Pradesh,111857,user4068@email.com,9731180025,Bronze,2024-03-30
CUS04069,Ritu,Sharma,F,1981-04-03,Bhopal,Madhya Pradesh,434425,user4069@email.com,9434747862,Bronze,2020-08-27
CUS04070,Aarav,Iyer,F,1978-02-03,Kolkata,West Bengal,926762,user4070@email.com,9864335895,Silver,2024-12-26
CUS04071,Rohan,Verma,M,1996-12-11,Bengaluru,Karnataka,319158,user4071@email.com,9731968306,Bronze,2024-02-23
CUS04072,Ananya,Patel,M,1992-07-07,Chandigarh,Punjab,489804,user4072@email.com,9981292633,Silver,2020-04-25
CUS04073,Tara,Gupta,F,1975-10-02,Pune,Maharashtra,827054,user4073@email.com,9898588119,Bronze,2024-03-27
CUS04074,Kavya,Verma,M,1984-03-25,Ahmedabad,Gujarat,510771,user4074@email.com,9445418399,Bronze,2020-04-14
CUS04075,Kiran,Singh,Other,1981-04-20,Kochi,Kerala,500699,user4075@email.com,9403315481,Silver,2020-04-25
CUS04076,Swathi,Nair,F,1998-04-14,Kochi,Kerala,857464,user4076@email.com,9354186893,Bronze,2021-03-21
CUS04077,Vikram,Nair,M,1972-02-19,Pune,Maharashtra,299096,user4077@email.com,9749507930,Platinum,2020-07-05
CUS04078,Arjun,Sharma,F,1989-11-05,Kolkata,West Bengal,631867,user4078@email.com,9157361182,Gold,2021-03-31
CUS04079,Nisha,Bose,M,1984-01-31,Bhopal,Madhya Pradesh,854800,user4079@email.com,9749741700,Silver,2021-05-02
CUS04080,Swathi,Joshi,M,1991-04-23,Mumbai,Maharashtra,812506,user4080@email.com,9868411231,Bronze,2022-06-19
CUS04081,Swathi,Singh,F,1991-05-14,Kochi,Kerala,858000,user4081@email.com,9982964456,Silver,2024-11-04
CUS04082,Divya,Iyer,M,1999-09-19,Nagpur,Maharashtra,309392,user4082@email.com,9830949166,Gold,2022-02-03
CUS04083,Ritu,Shah,M,1995-01-15,Bengaluru,Karnataka,200923,user4083@email.com,9460010344,Silver,2021-02-12
CUS04084,Kiran,Verma,M,1995-11-22,Jaipur,Rajasthan,270927,user4084@email.com,9959361214,Bronze,2022-11-04
CUS04085,Tara,Kumar,M,1977-01-08,Bengaluru,Karnataka,788073,user4085@email.com,9533016334,Bronze,2024-04-17
CUS04086,Ritu,Joshi,M,1995-08-18,Ahmedabad,Gujarat,428769,user4086@email.com,9342547852,Silver,2021-02-28
CUS04087,Tara,Sharma,F,1977-04-25,Ahmedabad,Gujarat,385880,user4087@email.com,9490153180,Gold,2020-10-15
CUS04088,Isha,Patel,F,1982-08-29,Kolkata,West Bengal,811874,user4088@email.com,9828975765,Gold,2023-02-26
CUS04089,Dev,Nair,M,1989-07-31,Nagpur,Maharashtra,887181,user4089@email.com,9168207760,Bronze,2021-08-23
CUS04090,Rohan,Pandey,F,1984-03-30,Kochi,Kerala,864616,user4090@email.com,9361865086,Silver,2022-01-04
CUS04091,Prakash,Bose,F,1993-07-16,Pune,Maharashtra,528001,user4091@email.com,9242024391,Gold,2021-10-21
CUS04092,Pooja,Rao,F,1976-03-15,Bengaluru,Karnataka,704208,user4092@email.com,9503648460,Platinum,2022-03-25
CUS04093,Pooja,Sharma,M,1993-08-11,Hyderabad,Telangana,503038,user4093@email.com,9179105181,Gold,2020-09-21
CUS04094,Aarav,Reddy,M,1997-07-17,Kolkata,West Bengal,952444,user4094@email.com,9696489365,Platinum,2022-07-05
CUS04095,Rahul,Shah,F,1996-11-02,Mumbai,Maharashtra,150770,user4095@email.com,9455026393,Platinum,2023-09-29
CUS04096,Sanjay,Iyer,M,1983-04-15,Mumbai,Maharashtra,515036,user4096@email.com,9356308622,Silver,2023-04-22
CUS04097,Meera,Patel,M,1993-08-24,Mumbai,Maharashtra,656690,user4097@email.com,9788344795,Bronze,2021-03-21
CUS04098,Nisha,Gupta,F,1992-06-12,Surat,Gujarat,754148,user4098@email.com,9685209333,Silver,2024-03-12
CUS04099,Neha,Nair,F,1985-10-10,Mumbai,Maharashtra,721139,user4099@email.com,9226986744,Platinum,2024-03-11
CUS04100,Ritu,Iyer,F,1994-11-11,Mumbai,Maharashtra,250116,user4100@email.com,9491740160,Bronze,2020-07-04
CUS04101,Arjun,Rao,M,1972-05-28,Lucknow,Uttar Pradesh,309747,user4101@email.com,9923981508,Platinum,2022-03-11
CUS04102,Meera,Tiwari,F,1983-12-27,Chandigarh,Punjab,726477,user4102@email.com,9493706871,Bronze,2022-06-17
CUS04103,Rajesh,Joshi,Other,1994-08-19,Delhi,Delhi,143683,user4103@email.com,9153192086,Silver,2022-03-05
CUS04104,Nisha,Patel,M,1971-06-07,Jaipur,Rajasthan,585981,user4104@email.com,9474539267,Platinum,2020-12-13
CUS04105,Geeta,Mehta,F,1989-02-18,Ahmedabad,Gujarat,370311,user4105@email.com,9971148490,Bronze,2022-09-15
CUS04106,Rajesh,Reddy,M,1993-10-15,Surat,Gujarat,399714,user4106@email.com,9902264040,Silver,2023-12-24
CUS04107,Divya,Mehta,F,1992-04-08,Lucknow,Uttar Pradesh,336064,user4107@email.com,9651682876,Bronze,2020-07-31
CUS04108,Aarav,Verma,M,1970-12-07,Jaipur,Rajasthan,674644,user4108@email.com,9739137271,Bronze,2024-01-07
CUS04109,Meera,Kapoor,M,1995-04-08,Surat,Gujarat,979721,user4109@email.com,9403858342,Gold,2020-12-04
CUS04110,Sanjay,Joshi,F,1988-08-26,Pune,Maharashtra,726123,user4110@email.com,9952767869,Silver,2023-05-28
CUS04111,Sneha,Bose,F,1984-07-26,Bengaluru,Karnataka,154875,user4111@email.com,9438118430,Silver,2024-11-30
CUS04112,Aarav,Iyer,Other,1974-03-07,Pune,Maharashtra,528226,user4112@email.com,9210111071,Gold,2024-10-15
CUS04113,Vikram,Mehta,F,1979-02-18,Bhopal,Madhya Pradesh,131964,user4113@email.com,9580655111,Bronze,2021-01-24
CUS04114,Neha,Reddy,F,1996-12-29,Ahmedabad,Gujarat,525831,user4114@email.com,9117217918,Bronze,2020-10-07
CUS04115,Ritu,Singh,M,1994-07-08,Hyderabad,Telangana,482904,user4115@email.com,9129176942,Bronze,2024-02-12
CUS04116,Tara,Sharma,M,1995-07-22,Chennai,Tamil Nadu,341591,user4116@email.com,9829490252,Gold,2022-02-24
CUS04117,Nisha,Bose,F,1978-03-21,Delhi,Delhi,431385,user4117@email.com,9554457734,Bronze,2021-06-27
CUS04118,Amit,Tiwari,M,1971-08-26,Jaipur,Rajasthan,235212,user4118@email.com,9292460426,Bronze,2024-11-16
CUS04119,Rahul,Iyer,F,1995-05-04,Delhi,Delhi,422532,user4119@email.com,9574956419,Silver,2021-08-08
CUS04120,Mohan,Shah,Other,1995-12-18,Mumbai,Maharashtra,867476,user4120@email.com,9900300051,Bronze,2020-05-28
CUS04121,Tara,Rao,F,1993-10-15,Delhi,Delhi,590249,user4121@email.com,9726554808,Bronze,2022-02-01
CUS04122,Amit,Kumar,F,1986-12-24,Kochi,Kerala,871059,user4122@email.com,9185847712,Gold,2020-05-21
CUS04123,Suresh,Tiwari,F,2000-06-30,Nagpur,Maharashtra,555844,user4123@email.com,9898428334,Platinum,2020-08-25
CUS04124,Mohan,Shah,F,1987-02-08,Bhopal,Madhya Pradesh,550557,user4124@email.com,9454439734,Bronze,2022-06-13
CUS04125,Kavya,Iyer,M,1972-12-01,Delhi,Delhi,437923,user4125@email.com,9866096611,Silver,2020-07-03
CUS04126,Dev,Verma,F,1988-02-16,Kolkata,West Bengal,673506,user4126@email.com,9107425539,Bronze,2024-07-26
CUS04127,Priya,Joshi,Other,1983-07-19,Ahmedabad,Gujarat,882334,user4127@email.com,9845246590,Silver,2020-12-21
CUS04128,Ritu,Singh,F,1978-12-12,Ahmedabad,Gujarat,356230,user4128@email.com,9106420084,Gold,2024-05-04
CUS04129,Rajesh,Joshi,M,1975-08-19,Delhi,Delhi,732784,user4129@email.com,9486418967,Silver,2023-10-29
CUS04130,Rahul,Nair,F,1994-07-29,Chennai,Tamil Nadu,250634,user4130@email.com,9841100072,Gold,2020-01-16
CUS04131,Isha,Nair,F,1976-09-29,Kochi,Kerala,239734,user4131@email.com,9325843670,Silver,2020-03-28
CUS04132,Sanjay,Mehta,M,1998-04-11,Bhopal,Madhya Pradesh,295080,user4132@email.com,9702015917,Platinum,2022-11-14
CUS04133,Pooja,Joshi,F,1983-01-03,Hyderabad,Telangana,942944,user4133@email.com,9594124534,Bronze,2021-06-06
CUS04134,Rajesh,Joshi,M,1990-03-01,Bhopal,Madhya Pradesh,560635,user4134@email.com,9608306970,Platinum,2023-09-18
CUS04135,Geeta,Joshi,M,1991-02-14,Lucknow,Uttar Pradesh,660901,user4135@email.com,9463083379,Silver,2024-07-25
CUS04136,Vikram,Iyer,F,1993-09-04,Mumbai,Maharashtra,122744,user4136@email.com,9717650280,Bronze,2022-04-20
CUS04137,Aarav,Singh,M,1980-10-31,Kochi,Kerala,298074,user4137@email.com,9344762874,Gold,2024-09-14
CUS04138,Suresh,Gupta,M,1992-02-18,Bengaluru,Karnataka,322736,user4138@email.com,9418818039,Silver,2022-09-02
CUS04139,Swathi,Tiwari,F,1994-02-20,Delhi,Delhi,737647,user4139@email.com,9109763308,Gold,2020-12-22
CUS04140,Kiran,Rao,F,1970-12-17,Ahmedabad,Gujarat,444201,user4140@email.com,9388545571,Silver,2023-04-04
CUS04141,Prakash,Shah,M,1980-06-14,Bengaluru,Karnataka,564063,user4141@email.com,9447470858,Silver,2022-01-24
CUS04142,Swathi,Pandey,M,1992-04-12,Kochi,Kerala,677885,user4142@email.com,9337444291,Bronze,2023-10-21
CUS04143,Mohan,Shah,F,1992-07-26,Mumbai,Maharashtra,357797,user4143@email.com,9329183846,Silver,2022-12-02
CUS04144,Ajay,Agarwal,Other,1970-05-23,Bengaluru,Karnataka,859909,user4144@email.com,9936533595,Bronze,2022-09-22
CUS04145,Isha,Mishra,F,1976-02-21,Bengaluru,Karnataka,328950,user4145@email.com,9318777077,Platinum,2020-09-14
CUS04146,Prakash,Kapoor,F,1988-06-22,Pune,Maharashtra,135410,user4146@email.com,9527806405,Silver,2024-04-30
CUS04147,Lata,Bose,M,1999-03-05,Kolkata,West Bengal,941644,user4147@email.com,9575613769,Bronze,2022-12-16
CUS04148,Meera,Patel,M,1983-08-19,Jaipur,Rajasthan,936313,user4148@email.com,9137101218,Bronze,2023-07-01
CUS04149,Ananya,Pandey,F,1972-12-15,Hyderabad,Telangana,419014,user4149@email.com,9245247252,Silver,2024-04-26
CUS04150,Lata,Patel,F,1978-12-23,Delhi,Delhi,929513,user4150@email.com,9860273035,Bronze,2022-03-19
CUS04151,Vikram,Bose,M,1987-06-19,Mumbai,Maharashtra,808205,user4151@email.com,9795788741,Gold,2021-06-13
CUS04152,Ritu,Pillai,F,1982-01-12,Ahmedabad,Gujarat,548819,user4152@email.com,9586880829,Silver,2024-02-01
CUS04153,Rajesh,Sharma,F,1982-07-21,Hyderabad,Telangana,550573,user4153@email.com,9991642144,Bronze,2023-04-29
CUS04154,Priya,Iyer,F,1992-12-28,Bhopal,Madhya Pradesh,300183,user4154@email.com,9964201380,Silver,2020-08-20
CUS04155,Dev,Shah,F,1971-12-25,Hyderabad,Telangana,934103,user4155@email.com,9381719949,Platinum,2022-12-02
CUS04156,Rohan,Mehta,F,1992-08-31,Kochi,Kerala,380248,user4156@email.com,9438294473,Silver,2024-03-26
CUS04157,Rajesh,Nair,M,1988-09-29,Surat,Gujarat,328158,user4157@email.com,9730366539,Silver,2021-02-19
CUS04158,Tara,Bose,F,1977-05-25,Lucknow,Uttar Pradesh,979380,user4158@email.com,9681628162,Gold,2024-04-13
CUS04159,Swathi,Singh,M,1972-07-10,Bhopal,Madhya Pradesh,840363,user4159@email.com,9643405815,Silver,2021-01-11
CUS04160,Lata,Pandey,F,1989-07-19,Lucknow,Uttar Pradesh,953402,user4160@email.com,9436706856,Bronze,2024-06-25
CUS04161,Swathi,Nair,M,1986-05-21,Kolkata,West Bengal,537199,user4161@email.com,9932233178,Gold,2022-06-27
CUS04162,Rahul,Reddy,M,1974-12-20,Kolkata,West Bengal,333236,user4162@email.com,9734020498,Bronze,2024-02-22
CUS04163,Sneha,Reddy,M,1996-08-29,Pune,Maharashtra,853507,user4163@email.com,9688467051,Silver,2020-02-03
CUS04164,Prakash,Verma,F,1998-05-22,Nagpur,Maharashtra,178255,user4164@email.com,9809241789,Gold,2020-05-21
CUS04165,Kiran,Pandey,M,1988-09-08,Delhi,Delhi,455922,user4165@email.com,9344789978,Bronze,2020-01-02
CUS04166,Mohan,Singh,M,1979-08-16,Mumbai,Maharashtra,572310,user4166@email.com,9569157942,Gold,2020-05-19
CUS04167,Prakash,Joshi,M,1985-03-07,Nagpur,Maharashtra,302488,user4167@email.com,9976839511,Silver,2022-09-08
CUS04168,Mohan,Mehta,F,1974-09-26,Jaipur,Rajasthan,414752,user4168@email.com,9285354672,Gold,2024-09-06
CUS04169,Dev,Joshi,M,2000-07-23,Nagpur,Maharashtra,849870,user4169@email.com,9595097146,Gold,2021-05-08
CUS04170,Isha,Singh,F,1978-12-28,Kochi,Kerala,911966,user4170@email.com,9638145408,Silver,2024-05-23
CUS04171,Vikram,Nair,F,1976-04-25,Nagpur,Maharashtra,774192,user4171@email.com,9686301924,Silver,2022-01-30
CUS04172,Kiran,Verma,Other,1982-12-27,Mumbai,Maharashtra,404216,user4172@email.com,9172362185,Bronze,2022-03-07
CUS04173,Sanjay,Singh,Other,1988-08-04,Mumbai,Maharashtra,309640,user4173@email.com,9849372868,Gold,2020-02-25
CUS04174,Dev,Pillai,M,1991-11-27,Lucknow,Uttar Pradesh,590249,user4174@email.com,9902722296,Platinum,2023-09-26
CUS04175,Kavya,Gupta,M,1984-03-13,Lucknow,Uttar Pradesh,889617,user4175@email.com,9829551894,Bronze,2020-09-06
CUS04176,Tara,Mishra,F,1991-10-22,Pune,Maharashtra,694929,user4176@email.com,9932197547,Gold,2024-01-02
CUS04177,Prakash,Verma,M,1989-08-22,Chennai,Tamil Nadu,103887,user4177@email.com,9766681449,Gold,2020-03-29
CUS04178,Vikram,Nair,M,1982-09-25,Ahmedabad,Gujarat,225126,user4178@email.com,9154433654,Gold,2023-12-02
CUS04179,Rajesh,Reddy,M,1972-04-08,Mumbai,Maharashtra,502853,user4179@email.com,9530330047,Bronze,2022-07-19
CUS04180,Nisha,Rao,M,1986-10-24,Delhi,Delhi,434134,user4180@email.com,9886467460,Silver,2023-09-11
CUS04181,Nisha,Gupta,M,1997-03-05,Jaipur,Rajasthan,797837,user4181@email.com,9661286206,Platinum,2023-04-08
CUS04182,Kiran,Pillai,F,1982-12-19,Hyderabad,Telangana,469166,user4182@email.com,9207241147,Platinum,2021-01-08
CUS04183,Arjun,Bose,M,1986-08-08,Bengaluru,Karnataka,105998,user4183@email.com,9107353617,Bronze,2020-10-27
CUS04184,Amit,Rao,F,1987-12-18,Jaipur,Rajasthan,948607,user4184@email.com,9545522216,Gold,2022-12-08
CUS04185,Vikram,Mehta,F,1998-07-19,Bhopal,Madhya Pradesh,474775,user4185@email.com,9176548248,Silver,2020-08-28
CUS04186,Arjun,Rao,M,1983-10-29,Hyderabad,Telangana,283631,user4186@email.com,9375616439,Gold,2024-01-24
CUS04187,Rohan,Kapoor,F,1985-06-27,Kolkata,West Bengal,595252,user4187@email.com,9417941511,Bronze,2024-04-28
CUS04188,Neha,Nair,M,1982-09-16,Chandigarh,Punjab,526283,user4188@email.com,9673819051,Platinum,2021-09-06
CUS04189,Suresh,Iyer,F,1972-08-07,Mumbai,Maharashtra,960442,user4189@email.com,9604607098,Gold,2022-07-27
CUS04190,Rohan,Mishra,M,1995-10-31,Kochi,Kerala,357058,user4190@email.com,9538311357,Bronze,2021-03-04
CUS04191,Swathi,Mehta,F,1996-08-10,Nagpur,Maharashtra,380788,user4191@email.com,9265230512,Platinum,2022-09-19
CUS04192,Dev,Agarwal,M,1987-12-25,Jaipur,Rajasthan,147418,user4192@email.com,9956108975,Silver,2023-04-13
CUS04193,Priya,Verma,F,1995-03-21,Kochi,Kerala,660646,user4193@email.com,9339808248,Bronze,2022-06-08
CUS04194,Ajay,Gupta,F,1973-06-04,Lucknow,Uttar Pradesh,322917,user4194@email.com,9388959835,Silver,2022-06-14
CUS04195,Rajesh,Agarwal,F,1997-03-03,Mumbai,Maharashtra,963683,user4195@email.com,9752192946,Silver,2021-01-05
CUS04196,Neha,Tiwari,F,1970-01-28,Ahmedabad,Gujarat,241483,user4196@email.com,9392848031,Bronze,2024-02-28
CUS04197,Kavya,Gupta,M,1989-10-21,Bengaluru,Karnataka,480191,user4197@email.com,9517943910,Silver,2020-09-15
CUS04198,Aarav,Mehta,M,1987-06-02,Jaipur,Rajasthan,144289,user4198@email.com,9598257752,Bronze,2022-08-11
CUS04199,Ajay,Shah,F,1978-08-05,Chandigarh,Punjab,616049,user4199@email.com,9421215367,Platinum,2021-01-27
CUS04200,Rajesh,Rao,F,1982-01-13,Mumbai,Maharashtra,770206,user4200@email.com,9339199630,Silver,2023-03-02
CUS04201,Aarav,Rao,F,1983-11-05,Surat,Gujarat,758439,user4201@email.com,9917405678,Silver,2020-05-13
CUS04202,Tara,Agarwal,M,1987-06-05,Bengaluru,Karnataka,852067,user4202@email.com,9762489314,Bronze,2020-12-04
CUS04203,Dev,Patel,F,1980-11-17,Bengaluru,Karnataka,194396,user4203@email.com,9479862191,Platinum,2022-02-20
CUS04204,Ajay,Reddy,M,1992-07-17,Lucknow,Uttar Pradesh,393985,user4204@email.com,9755545337,Gold,2024-10-12
CUS04205,Amit,Nair,F,1971-02-17,Mumbai,Maharashtra,261024,user4205@email.com,9143882780,Bronze,2023-12-21
CUS04206,Lata,Mishra,F,1993-01-14,Lucknow,Uttar Pradesh,594052,user4206@email.com,9406770994,Silver,2021-06-10
CUS04207,Meera,Pandey,M,1977-03-15,Ahmedabad,Gujarat,219200,user4207@email.com,9804703228,Bronze,2021-11-09
CUS04208,Prakash,Agarwal,F,1997-10-19,Jaipur,Rajasthan,820094,user4208@email.com,9661224269,Gold,2020-03-30
CUS04209,Aarav,Kapoor,F,1992-01-05,Chennai,Tamil Nadu,859073,user4209@email.com,9238659194,Gold,2021-12-25
CUS04210,Ritu,Kapoor,F,1971-01-03,Hyderabad,Telangana,830156,user4210@email.com,9652228587,Gold,2020-07-18
CUS04211,Sneha,Tiwari,M,1987-10-14,Kolkata,West Bengal,356578,user4211@email.com,9794391882,Gold,2020-06-15
CUS04212,Prakash,Agarwal,M,1975-08-01,Bengaluru,Karnataka,774050,user4212@email.com,9487185405,Gold,2024-01-04
CUS04213,Mohan,Pandey,F,1997-05-17,Pune,Maharashtra,273797,user4213@email.com,9593112299,Silver,2020-02-07
CUS04214,Divya,Kapoor,M,1999-10-07,Ahmedabad,Gujarat,990562,user4214@email.com,9576153570,Bronze,2024-04-21
CUS04215,Sanjay,Shah,M,1981-09-26,Mumbai,Maharashtra,719032,user4215@email.com,9329390375,Silver,2024-04-29
CUS04216,Geeta,Singh,M,1986-02-28,Surat,Gujarat,951405,user4216@email.com,9668687017,Platinum,2020-08-27
CUS04217,Ajay,Singh,F,1981-02-12,Chandigarh,Punjab,624972,user4217@email.com,9260611772,Bronze,2023-08-07
CUS04218,Prakash,Shah,F,1999-08-20,Bengaluru,Karnataka,961617,user4218@email.com,9464949531,Silver,2020-01-17
CUS04219,Swathi,Verma,F,1992-06-08,Pune,Maharashtra,124540,user4219@email.com,9551410152,Platinum,2022-08-13
CUS04220,Vikram,Mishra,F,1981-08-16,Chennai,Tamil Nadu,330753,user4220@email.com,9801973086,Silver,2023-07-01
CUS04221,Swathi,Kapoor,F,1997-07-12,Ahmedabad,Gujarat,128285,user4221@email.com,9262676582,Gold,2024-07-01
CUS04222,Isha,Tiwari,M,1995-03-02,Chennai,Tamil Nadu,842842,user4222@email.com,9972470415,Gold,2020-11-21
CUS04223,Kiran,Gupta,F,1988-08-28,Pune,Maharashtra,849173,user4223@email.com,9682132175,Silver,2023-03-22
CUS04224,Priya,Verma,M,1987-08-11,Ahmedabad,Gujarat,588652,user4224@email.com,9579563332,Silver,2022-08-02
CUS04225,Arjun,Singh,F,1987-02-15,Kochi,Kerala,566794,user4225@email.com,9551743874,Silver,2023-04-29
CUS04226,Rahul,Tiwari,F,1983-06-30,Hyderabad,Telangana,958304,user4226@email.com,9684809257,Silver,2022-11-20
CUS04227,Priya,Mishra,F,1996-10-17,Surat,Gujarat,585248,user4227@email.com,9652105521,Bronze,2023-10-23
CUS04228,Rohan,Rao,F,1977-02-17,Lucknow,Uttar Pradesh,160899,user4228@email.com,9698961481,Silver,2024-06-26
CUS04229,Suresh,Pandey,F,1976-11-30,Hyderabad,Telangana,757653,user4229@email.com,9519410606,Bronze,2024-03-11
CUS04230,Kavya,Nair,F,1991-04-12,Bhopal,Madhya Pradesh,677234,user4230@email.com,9649462079,Silver,2023-02-13
CUS04231,Suresh,Sharma,F,1994-11-08,Chennai,Tamil Nadu,117714,user4231@email.com,9835779269,Silver,2020-01-12
CUS04232,Vikram,Iyer,F,1972-05-08,Delhi,Delhi,814351,user4232@email.com,9216795399,Bronze,2020-12-16
CUS04233,Dev,Pandey,M,1981-06-18,Nagpur,Maharashtra,991000,user4233@email.com,9458350207,Gold,2023-11-04
CUS04234,Prakash,Verma,M,1984-04-24,Jaipur,Rajasthan,694618,user4234@email.com,9794754655,Gold,2024-10-25
CUS04235,Dev,Shah,F,1987-11-05,Jaipur,Rajasthan,922228,user4235@email.com,9918640037,Bronze,2023-03-04
CUS04236,Vikram,Sharma,F,1999-04-01,Chandigarh,Punjab,612181,user4236@email.com,9107562191,Platinum,2023-11-09
CUS04237,Mohan,Pandey,M,1977-09-06,Pune,Maharashtra,224174,user4237@email.com,9150546742,Silver,2023-05-13
CUS04238,Pooja,Bose,F,1990-02-23,Bengaluru,Karnataka,718114,user4238@email.com,9695751636,Bronze,2023-09-03
CUS04239,Swathi,Iyer,M,1975-05-15,Jaipur,Rajasthan,840756,user4239@email.com,9649091046,Silver,2024-02-03
CUS04240,Nisha,Mehta,F,1973-08-26,Bhopal,Madhya Pradesh,576180,user4240@email.com,9149628534,Bronze,2024-10-22
CUS04241,Priya,Agarwal,F,1993-08-08,Hyderabad,Telangana,582598,user4241@email.com,9648716955,Silver,2020-08-30
CUS04242,Suresh,Iyer,Other,1985-08-01,Bhopal,Madhya Pradesh,300287,user4242@email.com,9463267502,Bronze,2022-05-18
CUS04243,Aarav,Bose,M,1983-09-03,Ahmedabad,Gujarat,875668,user4243@email.com,9209050627,Gold,2022-03-12
CUS04244,Ritu,Nair,M,1971-04-01,Bhopal,Madhya Pradesh,445264,user4244@email.com,9465355266,Silver,2022-07-04
CUS04245,Neha,Rao,M,1973-05-11,Surat,Gujarat,134324,user4245@email.com,9483837363,Bronze,2024-05-04
CUS04246,Suresh,Bose,F,2000-01-15,Delhi,Delhi,808315,user4246@email.com,9893657022,Bronze,2021-12-16
CUS04247,Mohan,Gupta,M,1974-07-14,Kolkata,West Bengal,426295,user4247@email.com,9494755256,Platinum,2023-05-06
CUS04248,Rahul,Kumar,Other,1983-01-07,Jaipur,Rajasthan,426488,user4248@email.com,9168602871,Bronze,2021-05-25
CUS04249,Priya,Kumar,F,1974-04-05,Ahmedabad,Gujarat,337839,user4249@email.com,9795974304,Gold,2024-11-30
CUS04250,Priya,Nair,M,1998-02-22,Bhopal,Madhya Pradesh,565535,user4250@email.com,9222224928,Bronze,2022-09-03
CUS04251,Sanjay,Verma,F,1985-10-21,Chandigarh,Punjab,879778,user4251@email.com,9140237920,Silver,2020-08-06
CUS04252,Prakash,Mishra,F,1984-02-08,Ahmedabad,Gujarat,663847,user4252@email.com,9157377339,Gold,2023-10-29
CUS04253,Pooja,Mehta,F,1997-07-19,Bengaluru,Karnataka,758047,user4253@email.com,9386699379,Bronze,2023-12-16
CUS04254,Divya,Gupta,M,1976-09-24,Jaipur,Rajasthan,596006,user4254@email.com,9716870019,Gold,2023-07-16
CUS04255,Geeta,Iyer,F,1972-07-26,Mumbai,Maharashtra,543818,user4255@email.com,9879138454,Gold,2020-12-18
CUS04256,Varun,Sharma,M,1994-07-14,Kolkata,West Bengal,328515,user4256@email.com,9244646506,Silver,2021-10-05
CUS04257,Rahul,Bose,F,1991-07-01,Ahmedabad,Gujarat,318431,user4257@email.com,9227802344,Bronze,2022-12-10
CUS04258,Meera,Mishra,F,1991-09-25,Ahmedabad,Gujarat,267947,user4258@email.com,9745769764,Platinum,2023-06-02
CUS04259,Vikram,Mishra,M,1975-06-16,Surat,Gujarat,633771,user4259@email.com,9522520422,Platinum,2024-04-15
CUS04260,Lata,Nair,F,1976-02-09,Chandigarh,Punjab,243345,user4260@email.com,9706594194,Gold,2021-02-05
CUS04261,Kavya,Pillai,F,1978-01-07,Hyderabad,Telangana,794040,user4261@email.com,9426739396,Silver,2023-04-09
CUS04262,Pooja,Iyer,M,1986-02-27,Bhopal,Madhya Pradesh,194864,user4262@email.com,9503635940,Gold,2022-09-07
CUS04263,Meera,Singh,F,1988-03-29,Kochi,Kerala,757277,user4263@email.com,9893351495,Bronze,2023-06-14
CUS04264,Rajesh,Agarwal,F,1982-10-27,Chennai,Tamil Nadu,125130,user4264@email.com,9600969027,Platinum,2021-04-24
CUS04265,Divya,Shah,F,1988-12-16,Kolkata,West Bengal,843460,user4265@email.com,9373383387,Bronze,2024-04-13
CUS04266,Sneha,Pillai,F,1972-10-02,Kochi,Kerala,700102,user4266@email.com,9483042986,Silver,2022-12-21
CUS04267,Rohan,Bose,M,1975-01-19,Surat,Gujarat,739379,user4267@email.com,9223377845,Silver,2022-06-22
CUS04268,Aarav,Rao,M,1990-01-29,Ahmedabad,Gujarat,269409,user4268@email.com,9277795347,Bronze,2024-06-16
CUS04269,Sneha,Shah,F,1995-10-01,Surat,Gujarat,175293,user4269@email.com,9793133016,Gold,2023-05-23
CUS04270,Prakash,Kumar,M,1982-06-13,Kolkata,West Bengal,900281,user4270@email.com,9421963515,Gold,2023-10-29
CUS04271,Isha,Shah,F,1980-04-12,Surat,Gujarat,161418,user4271@email.com,9857238597,Silver,2020-03-01
CUS04272,Kavya,Nair,F,1975-08-16,Bhopal,Madhya Pradesh,950249,user4272@email.com,9582913764,Bronze,2024-01-11
CUS04273,Vikram,Tiwari,F,1997-05-06,Kochi,Kerala,231465,user4273@email.com,9675541228,Silver,2024-03-06
CUS04274,Dev,Iyer,Other,1983-08-18,Surat,Gujarat,908085,user4274@email.com,9130786111,Gold,2023-02-10
CUS04275,Neha,Pillai,Other,1975-05-01,Pune,Maharashtra,885489,user4275@email.com,9131750706,Silver,2020-06-16
CUS04276,Rajesh,Shah,F,1997-07-12,Surat,Gujarat,296256,user4276@email.com,9225171515,Silver,2020-09-02
CUS04277,Nisha,Shah,F,1990-05-28,Chennai,Tamil Nadu,229094,user4277@email.com,9744012293,Gold,2020-04-09
CUS04278,Nisha,Agarwal,Other,1975-02-12,Pune,Maharashtra,101568,user4278@email.com,9249840510,Platinum,2023-09-25
CUS04279,Sanjay,Iyer,M,1980-04-25,Kochi,Kerala,950717,user4279@email.com,9134436645,Bronze,2023-03-16
CUS04280,Varun,Reddy,M,1989-10-03,Bhopal,Madhya Pradesh,832900,user4280@email.com,9336416716,Bronze,2023-05-10
CUS04281,Kavya,Patel,M,1972-04-23,Lucknow,Uttar Pradesh,318897,user4281@email.com,9878675451,Silver,2023-02-10
CUS04282,Kavya,Iyer,F,1974-12-18,Pune,Maharashtra,611938,user4282@email.com,9484489147,Silver,2020-05-10
CUS04283,Sneha,Bose,F,1989-06-21,Mumbai,Maharashtra,744106,user4283@email.com,9177488529,Bronze,2021-01-21
CUS04284,Divya,Gupta,F,1971-11-28,Surat,Gujarat,226141,user4284@email.com,9394578725,Bronze,2021-11-20
CUS04285,Ananya,Nair,M,1979-02-06,Lucknow,Uttar Pradesh,467485,user4285@email.com,9167288298,Silver,2021-12-15
CUS04286,Sanjay,Pillai,M,1994-10-22,Bhopal,Madhya Pradesh,422090,user4286@email.com,9250444644,Gold,2021-05-19
CUS04287,Varun,Patel,M,1982-06-24,Pune,Maharashtra,502370,user4287@email.com,9364497932,Silver,2021-10-22
CUS04288,Sanjay,Nair,M,1997-09-02,Bengaluru,Karnataka,712951,user4288@email.com,9939982638,Gold,2023-11-02
CUS04289,Prakash,Shah,F,1998-07-10,Kochi,Kerala,764488,user4289@email.com,9459547918,Bronze,2023-07-26
CUS04290,Ananya,Joshi,F,1979-04-11,Chandigarh,Punjab,559980,user4290@email.com,9503328665,Gold,2021-04-27
CUS04291,Ritu,Singh,M,1992-10-10,Kolkata,West Bengal,147166,user4291@email.com,9128267121,Bronze,2020-01-29
CUS04292,Ritu,Verma,M,1970-06-10,Bhopal,Madhya Pradesh,287590,user4292@email.com,9897737670,Gold,2022-02-11
CUS04293,Rohan,Nair,F,1972-01-24,Hyderabad,Telangana,919771,user4293@email.com,9391076575,Gold,2023-02-02
CUS04294,Tara,Gupta,F,1979-12-30,Nagpur,Maharashtra,518728,user4294@email.com,9616589157,Bronze,2023-04-27
CUS04295,Geeta,Verma,M,1979-06-04,Jaipur,Rajasthan,100832,user4295@email.com,9422863489,Silver,2023-03-02
CUS04296,Pooja,Singh,M,1974-12-21,Chennai,Tamil Nadu,478742,user4296@email.com,9396345583,Bronze,2023-06-23
CUS04297,Mohan,Singh,M,1985-05-25,Kochi,Kerala,605625,user4297@email.com,9413973608,Silver,2024-05-19
CUS04298,Vikram,Pillai,M,1981-05-28,Chennai,Tamil Nadu,373378,user4298@email.com,9848056906,Gold,2023-05-19
CUS04299,Suresh,Kapoor,F,1989-06-21,Ahmedabad,Gujarat,963921,user4299@email.com,9440177701,Bronze,2022-07-01
CUS04300,Neha,Sharma,M,1971-09-16,Bengaluru,Karnataka,711490,user4300@email.com,9445992536,Bronze,2021-05-31
CUS04301,Isha,Agarwal,M,1981-07-23,Ahmedabad,Gujarat,638792,user4301@email.com,9308648628,Bronze,2020-04-01
CUS04302,Ritu,Pillai,F,1972-03-17,Jaipur,Rajasthan,162678,user4302@email.com,9207272466,Gold,2020-06-08
CUS04303,Isha,Iyer,M,1974-04-08,Jaipur,Rajasthan,316143,user4303@email.com,9725236759,Bronze,2020-09-21
CUS04304,Rohan,Gupta,M,1986-08-24,Delhi,Delhi,604764,user4304@email.com,9674302274,Silver,2020-04-02
CUS04305,Sneha,Sharma,F,1998-02-09,Surat,Gujarat,675147,user4305@email.com,9183339806,Silver,2022-05-17
CUS04306,Priya,Pandey,F,1970-06-22,Delhi,Delhi,761506,user4306@email.com,9663183497,Bronze,2021-01-06
CUS04307,Vikram,Rao,F,1972-11-04,Kolkata,West Bengal,979702,user4307@email.com,9156778439,Silver,2020-05-05
CUS04308,Dev,Sharma,M,1982-03-06,Jaipur,Rajasthan,548595,user4308@email.com,9982581569,Silver,2021-06-14
CUS04309,Pooja,Singh,M,1992-11-11,Chennai,Tamil Nadu,376066,user4309@email.com,9292420820,Gold,2020-02-01
CUS04310,Aarav,Shah,M,1984-06-12,Chennai,Tamil Nadu,293657,user4310@email.com,9309634863,Bronze,2023-06-26
CUS04311,Nisha,Rao,Other,1983-07-05,Jaipur,Rajasthan,824967,user4311@email.com,9459850837,Platinum,2023-11-03
CUS04312,Tara,Rao,F,1971-12-26,Mumbai,Maharashtra,244814,user4312@email.com,9280603031,Bronze,2021-09-23
CUS04313,Sneha,Mehta,F,1980-10-05,Delhi,Delhi,128635,user4313@email.com,9533486564,Silver,2021-05-12
CUS04314,Sneha,Rao,M,1987-07-18,Mumbai,Maharashtra,435291,user4314@email.com,9892996284,Silver,2024-06-03
CUS04315,Aarav,Kumar,Other,1972-03-02,Bengaluru,Karnataka,521312,user4315@email.com,9555712014,Gold,2023-03-05
CUS04316,Neha,Kapoor,M,1984-06-08,Chennai,Tamil Nadu,242274,user4316@email.com,9246705427,Bronze,2023-10-17
CUS04317,Kiran,Iyer,F,1975-04-19,Mumbai,Maharashtra,715625,user4317@email.com,9240114400,Bronze,2021-04-05
CUS04318,Priya,Pillai,M,1983-02-26,Bengaluru,Karnataka,786833,user4318@email.com,9129561511,Bronze,2021-12-06
CUS04319,Lata,Pandey,F,1973-04-16,Surat,Gujarat,991642,user4319@email.com,9181095048,Bronze,2021-01-10
CUS04320,Arjun,Verma,M,1999-01-30,Chennai,Tamil Nadu,334490,user4320@email.com,9718342232,Bronze,2021-10-15
CUS04321,Dev,Joshi,M,1986-11-01,Chennai,Tamil Nadu,642138,user4321@email.com,9506768227,Platinum,2020-03-30
CUS04322,Ritu,Nair,M,1988-05-22,Delhi,Delhi,868540,user4322@email.com,9741780713,Bronze,2024-03-24
CUS04323,Neha,Agarwal,F,1976-01-22,Bhopal,Madhya Pradesh,449444,user4323@email.com,9235549617,Bronze,2020-04-14
CUS04324,Suresh,Shah,M,1975-04-30,Bengaluru,Karnataka,943219,user4324@email.com,9419920355,Silver,2021-11-16
CUS04325,Ritu,Sharma,M,1991-11-23,Pune,Maharashtra,712001,user4325@email.com,9649754558,Silver,2021-09-30
CUS04326,Arjun,Joshi,F,1997-08-31,Chennai,Tamil Nadu,865127,user4326@email.com,9969988383,Silver,2021-03-16
CUS04327,Pooja,Agarwal,F,1984-01-16,Hyderabad,Telangana,767583,user4327@email.com,9819429524,Silver,2022-07-24
CUS04328,Neha,Iyer,M,1970-11-02,Nagpur,Maharashtra,700675,user4328@email.com,9690715269,Silver,2022-03-27
CUS04329,Ananya,Pandey,F,1978-10-18,Hyderabad,Telangana,343325,user4329@email.com,9482479056,Silver,2020-07-26
CUS04330,Rohan,Rao,F,1995-05-04,Chandigarh,Punjab,502284,user4330@email.com,9534096846,Bronze,2021-11-02
CUS04331,Rajesh,Singh,M,1985-03-05,Hyderabad,Telangana,901144,user4331@email.com,9518852428,Platinum,2021-09-27
CUS04332,Ritu,Iyer,F,1984-10-18,Hyderabad,Telangana,635714,user4332@email.com,9165045854,Silver,2024-11-09
CUS04333,Nisha,Mehta,M,1973-12-25,Pune,Maharashtra,595695,user4333@email.com,9940478147,Platinum,2022-08-11
CUS04334,Pooja,Shah,F,1981-06-27,Chennai,Tamil Nadu,831873,user4334@email.com,9498218724,Bronze,2024-11-09
CUS04335,Amit,Gupta,F,1976-05-18,Nagpur,Maharashtra,512936,user4335@email.com,9566328476,Gold,2023-11-16
CUS04336,Pooja,Rao,M,2000-03-14,Surat,Gujarat,708761,user4336@email.com,9850268628,Silver,2023-07-21
CUS04337,Nisha,Reddy,F,1983-03-05,Nagpur,Maharashtra,903075,user4337@email.com,9719105291,Silver,2022-08-24
CUS04338,Lata,Iyer,M,1977-05-17,Hyderabad,Telangana,312386,user4338@email.com,9859215021,Gold,2023-11-18
CUS04339,Isha,Tiwari,M,1981-12-18,Pune,Maharashtra,208273,user4339@email.com,9463735153,Silver,2022-10-30
CUS04340,Dev,Mishra,F,1995-02-12,Bengaluru,Karnataka,831740,user4340@email.com,9549197453,Platinum,2021-05-25
CUS04341,Dev,Verma,F,1992-11-01,Kochi,Kerala,439719,user4341@email.com,9391470920,Bronze,2024-07-15
CUS04342,Divya,Agarwal,F,1975-12-26,Surat,Gujarat,624509,user4342@email.com,9904321647,Silver,2023-10-12
CUS04343,Rajesh,Sharma,M,1981-06-09,Surat,Gujarat,206187,user4343@email.com,9522298769,Gold,2023-02-25
CUS04344,Divya,Tiwari,F,1997-02-14,Bengaluru,Karnataka,769951,user4344@email.com,9353794145,Silver,2023-11-14
CUS04345,Prakash,Verma,F,1992-12-25,Chandigarh,Punjab,180912,user4345@email.com,9545904106,Bronze,2023-02-25
CUS04346,Pooja,Kapoor,M,1996-11-10,Bhopal,Madhya Pradesh,512773,user4346@email.com,9939248992,Silver,2023-02-15
CUS04347,Mohan,Mishra,M,1974-10-14,Chennai,Tamil Nadu,356736,user4347@email.com,9124826441,Silver,2020-04-13
CUS04348,Isha,Reddy,M,1979-12-16,Chennai,Tamil Nadu,594435,user4348@email.com,9842098773,Bronze,2020-04-24
CUS04349,Ajay,Sharma,F,1976-01-02,Bhopal,Madhya Pradesh,387173,user4349@email.com,9675853611,Silver,2022-08-27
CUS04350,Isha,Verma,F,1984-07-03,Bhopal,Madhya Pradesh,120026,user4350@email.com,9696927376,Gold,2021-05-02
CUS04351,Lata,Gupta,F,1993-06-17,Pune,Maharashtra,223548,user4351@email.com,9241535182,Platinum,2023-10-24
CUS04352,Sanjay,Nair,F,1980-09-20,Kolkata,West Bengal,412318,user4352@email.com,9940736866,Gold,2020-04-26
CUS04353,Ananya,Rao,F,1973-10-29,Pune,Maharashtra,979051,user4353@email.com,9254779707,Gold,2021-02-12
CUS04354,Dev,Joshi,M,1995-02-07,Bhopal,Madhya Pradesh,836657,user4354@email.com,9418404981,Bronze,2022-10-04
CUS04355,Rahul,Nair,F,1973-07-13,Pune,Maharashtra,582354,user4355@email.com,9248922222,Gold,2021-04-18
CUS04356,Neha,Tiwari,F,1998-01-13,Lucknow,Uttar Pradesh,415175,user4356@email.com,9112184992,Bronze,2021-12-03
CUS04357,Rajesh,Gupta,F,1998-06-27,Bhopal,Madhya Pradesh,797244,user4357@email.com,9185817576,Platinum,2022-11-17
CUS04358,Ananya,Agarwal,F,1992-12-28,Delhi,Delhi,501885,user4358@email.com,9871596547,Bronze,2023-07-09
CUS04359,Rohan,Pandey,M,1974-11-30,Ahmedabad,Gujarat,804889,user4359@email.com,9127460749,Silver,2023-07-28
CUS04360,Kavya,Iyer,M,2000-04-26,Nagpur,Maharashtra,331393,user4360@email.com,9744333516,Bronze,2020-03-02
CUS04361,Sanjay,Kumar,M,1996-07-31,Delhi,Delhi,923412,user4361@email.com,9930386149,Silver,2022-05-18
CUS04362,Sanjay,Iyer,F,1992-09-27,Delhi,Delhi,385326,user4362@email.com,9885315016,Silver,2022-11-06
CUS04363,Ajay,Singh,M,1977-02-11,Chandigarh,Punjab,342875,user4363@email.com,9392246075,Platinum,2023-06-02
CUS04364,Isha,Agarwal,F,1983-12-16,Chennai,Tamil Nadu,788695,user4364@email.com,9959109010,Bronze,2020-10-15
CUS04365,Arjun,Verma,F,1996-12-22,Surat,Gujarat,395118,user4365@email.com,9148952398,Gold,2021-02-22
CUS04366,Ritu,Gupta,M,2000-04-22,Jaipur,Rajasthan,165091,user4366@email.com,9176406146,Gold,2020-11-30
CUS04367,Swathi,Nair,M,1995-09-21,Ahmedabad,Gujarat,363240,user4367@email.com,9684549220,Bronze,2024-03-16
CUS04368,Aarav,Mehta,F,1974-04-30,Pune,Maharashtra,844884,user4368@email.com,9733845760,Silver,2020-03-22
CUS04369,Ajay,Sharma,M,1972-05-21,Delhi,Delhi,426684,user4369@email.com,9804543412,Gold,2022-08-12
CUS04370,Prakash,Patel,M,1981-02-25,Bengaluru,Karnataka,689112,user4370@email.com,9992057939,Gold,2021-02-25
CUS04371,Nisha,Kumar,M,1986-11-01,Bhopal,Madhya Pradesh,670730,user4371@email.com,9135412408,Gold,2020-11-07
CUS04372,Prakash,Pandey,F,1981-05-02,Delhi,Delhi,358419,user4372@email.com,9413509067,Bronze,2020-03-03
CUS04373,Ajay,Nair,M,1979-09-26,Bhopal,Madhya Pradesh,878796,user4373@email.com,9453397017,Bronze,2024-09-18
CUS04374,Prakash,Reddy,Other,1976-02-07,Kolkata,West Bengal,319707,user4374@email.com,9442793673,Bronze,2020-04-20
CUS04375,Priya,Bose,F,1972-09-08,Pune,Maharashtra,803908,user4375@email.com,9203259995,Silver,2022-01-10
CUS04376,Rajesh,Kumar,M,1991-08-18,Nagpur,Maharashtra,669948,user4376@email.com,9510338581,Bronze,2022-03-09
CUS04377,Ritu,Bose,M,1975-03-07,Hyderabad,Telangana,835985,user4377@email.com,9192782461,Gold,2022-01-18
CUS04378,Rahul,Reddy,F,1993-06-02,Delhi,Delhi,202509,user4378@email.com,9725955807,Silver,2023-10-27
CUS04379,Neha,Sharma,Other,1977-01-30,Nagpur,Maharashtra,418195,user4379@email.com,9598141520,Silver,2021-12-25
CUS04380,Ananya,Kapoor,F,1985-06-20,Mumbai,Maharashtra,787031,user4380@email.com,9194773719,Bronze,2020-07-13
CUS04381,Vikram,Verma,F,1988-02-26,Delhi,Delhi,762700,user4381@email.com,9421128214,Bronze,2023-05-10
CUS04382,Isha,Singh,F,1977-02-11,Nagpur,Maharashtra,737085,user4382@email.com,9328843118,Platinum,2024-12-30
CUS04383,Neha,Kapoor,M,1983-12-31,Ahmedabad,Gujarat,499050,user4383@email.com,9416285712,Gold,2021-04-28
CUS04384,Swathi,Singh,M,2000-12-19,Chennai,Tamil Nadu,926925,user4384@email.com,9185567659,Bronze,2023-07-29
CUS04385,Isha,Mehta,F,1981-12-29,Surat,Gujarat,216600,user4385@email.com,9806115507,Platinum,2024-09-19
CUS04386,Ritu,Tiwari,Other,1992-09-21,Delhi,Delhi,277544,user4386@email.com,9367902440,Silver,2020-02-18
CUS04387,Meera,Mehta,F,1997-04-26,Delhi,Delhi,179833,user4387@email.com,9862342195,Bronze,2020-11-09
CUS04388,Kiran,Nair,M,1987-09-19,Nagpur,Maharashtra,530927,user4388@email.com,9740821972,Silver,2021-01-07
CUS04389,Ananya,Shah,M,1980-07-18,Surat,Gujarat,674480,user4389@email.com,9371947554,Gold,2020-02-18
CUS04390,Ananya,Rao,M,1972-06-15,Hyderabad,Telangana,787853,user4390@email.com,9633486596,Gold,2021-10-25
CUS04391,Rohan,Sharma,M,1991-11-05,Nagpur,Maharashtra,480931,user4391@email.com,9403864320,Silver,2021-08-13
CUS04392,Rohan,Mishra,F,1994-12-07,Chandigarh,Punjab,726220,user4392@email.com,9856758910,Silver,2021-09-08
CUS04393,Suresh,Pillai,M,1983-07-16,Jaipur,Rajasthan,733873,user4393@email.com,9403145810,Silver,2024-06-20
CUS04394,Pooja,Patel,M,1999-06-14,Lucknow,Uttar Pradesh,211114,user4394@email.com,9734417214,Platinum,2024-08-08
CUS04395,Lata,Rao,M,1985-03-13,Kochi,Kerala,464766,user4395@email.com,9812328947,Platinum,2020-02-16
CUS04396,Meera,Pillai,F,1986-01-23,Chennai,Tamil Nadu,410634,user4396@email.com,9256384640,Gold,2024-07-06
CUS04397,Amit,Singh,F,1970-11-22,Bengaluru,Karnataka,508647,user4397@email.com,9534014323,Bronze,2024-06-15
CUS04398,Meera,Shah,M,1971-09-02,Surat,Gujarat,371571,user4398@email.com,9511008592,Gold,2023-09-27
CUS04399,Aarav,Patel,M,1990-11-28,Ahmedabad,Gujarat,785673,user4399@email.com,9394693152,Bronze,2020-01-05
CUS04400,Aarav,Shah,F,1996-09-13,Chennai,Tamil Nadu,541428,user4400@email.com,9293308552,Bronze,2022-05-08
CUS04401,Mohan,Kapoor,M,1993-07-01,Chandigarh,Punjab,947277,user4401@email.com,9210173873,Gold,2020-01-21
CUS04402,Dev,Agarwal,M,1970-09-24,Mumbai,Maharashtra,728626,user4402@email.com,9163344845,Silver,2024-06-02
CUS04403,Ajay,Kumar,F,1997-08-11,Chandigarh,Punjab,662349,user4403@email.com,9251095447,Bronze,2024-11-16
CUS04404,Ananya,Nair,F,1988-07-08,Pune,Maharashtra,216728,user4404@email.com,9230690083,Bronze,2023-03-18
CUS04405,Tara,Joshi,M,1991-01-25,Chandigarh,Punjab,249763,user4405@email.com,9692935478,Bronze,2022-02-26
CUS04406,Kavya,Reddy,M,1986-08-24,Bengaluru,Karnataka,662089,user4406@email.com,9398197430,Silver,2021-11-14
CUS04407,Vikram,Kapoor,M,1970-08-20,Bhopal,Madhya Pradesh,735432,user4407@email.com,9734640765,Silver,2021-09-16
CUS04408,Aarav,Gupta,M,1991-06-04,Mumbai,Maharashtra,861570,user4408@email.com,9906712236,Silver,2022-05-05
CUS04409,Swathi,Kumar,M,1979-01-20,Ahmedabad,Gujarat,919729,user4409@email.com,9209285278,Gold,2023-05-05
CUS04410,Pooja,Pillai,F,1989-05-08,Nagpur,Maharashtra,966168,user4410@email.com,9931401864,Bronze,2023-01-22
CUS04411,Ajay,Mishra,F,1987-02-16,Hyderabad,Telangana,272734,user4411@email.com,9922640285,Silver,2023-12-29
CUS04412,Vikram,Sharma,F,1977-06-02,Lucknow,Uttar Pradesh,557892,user4412@email.com,9410599478,Bronze,2023-04-05
CUS04413,Geeta,Pillai,Other,1991-09-18,Kochi,Kerala,683558,user4413@email.com,9143953474,Silver,2021-08-16
CUS04414,Suresh,Iyer,M,1988-06-13,Ahmedabad,Gujarat,666702,user4414@email.com,9118461505,Gold,2023-09-04
CUS04415,Prakash,Mehta,M,1971-05-13,Mumbai,Maharashtra,401673,user4415@email.com,9864820968,Platinum,2021-01-03
CUS04416,Divya,Singh,F,1993-04-01,Chennai,Tamil Nadu,895926,user4416@email.com,9235557399,Gold,2021-04-01
CUS04417,Ajay,Kumar,F,1996-11-27,Jaipur,Rajasthan,375394,user4417@email.com,9409142310,Silver,2022-08-10
CUS04418,Ritu,Mishra,M,1979-05-14,Pune,Maharashtra,759353,user4418@email.com,9238397631,Silver,2024-11-02
CUS04419,Rohan,Kapoor,F,1982-09-22,Bengaluru,Karnataka,739886,user4419@email.com,9339737188,Bronze,2021-01-20
CUS04420,Ajay,Pillai,F,1998-08-07,Chennai,Tamil Nadu,686411,user4420@email.com,9789852717,Gold,2024-06-09
CUS04421,Tara,Iyer,F,1988-12-27,Mumbai,Maharashtra,713608,user4421@email.com,9930119369,Bronze,2022-12-28
CUS04422,Sneha,Iyer,F,1977-03-04,Bengaluru,Karnataka,750709,user4422@email.com,9878876581,Platinum,2022-02-19
CUS04423,Arjun,Iyer,F,1975-03-06,Ahmedabad,Gujarat,522049,user4423@email.com,9740230708,Silver,2023-09-20
CUS04424,Varun,Rao,F,1988-06-17,Hyderabad,Telangana,461214,user4424@email.com,9629340509,Gold,2020-12-05
CUS04425,Rajesh,Mehta,F,1989-10-27,Lucknow,Uttar Pradesh,121868,user4425@email.com,9684900730,Gold,2024-02-01
CUS04426,Rajesh,Sharma,F,1996-11-14,Bengaluru,Karnataka,732021,user4426@email.com,9561628909,Silver,2022-06-04
CUS04427,Mohan,Mehta,M,1997-01-31,Mumbai,Maharashtra,260669,user4427@email.com,9658154519,Silver,2024-06-15
CUS04428,Nisha,Sharma,M,1995-07-08,Jaipur,Rajasthan,863245,user4428@email.com,9152045272,Bronze,2020-04-18
CUS04429,Amit,Iyer,M,1996-02-14,Pune,Maharashtra,892876,user4429@email.com,9393527111,Bronze,2021-11-10
CUS04430,Priya,Singh,M,1991-03-19,Nagpur,Maharashtra,250891,user4430@email.com,9576912483,Silver,2022-03-18
CUS04431,Pooja,Agarwal,F,1993-03-22,Nagpur,Maharashtra,172469,user4431@email.com,9420878001,Silver,2024-01-16
CUS04432,Priya,Reddy,M,1982-09-29,Jaipur,Rajasthan,765864,user4432@email.com,9122007079,Silver,2022-12-19
CUS04433,Isha,Shah,F,1997-11-28,Chennai,Tamil Nadu,268536,user4433@email.com,9787353394,Silver,2021-05-13
CUS04434,Divya,Gupta,M,1985-02-05,Pune,Maharashtra,911463,user4434@email.com,9999112453,Silver,2022-02-23
CUS04435,Ananya,Rao,F,1970-03-05,Nagpur,Maharashtra,951015,user4435@email.com,9109825050,Silver,2023-09-30
CUS04436,Ananya,Iyer,F,1989-08-07,Surat,Gujarat,362702,user4436@email.com,9286948009,Bronze,2022-12-15
CUS04437,Aarav,Patel,M,1990-06-14,Jaipur,Rajasthan,576440,user4437@email.com,9861753301,Bronze,2021-09-21
CUS04438,Lata,Rao,M,1982-04-22,Delhi,Delhi,517669,user4438@email.com,9744623687,Bronze,2022-05-08
CUS04439,Kiran,Rao,F,1996-12-05,Jaipur,Rajasthan,986932,user4439@email.com,9728095020,Platinum,2021-03-01
CUS04440,Ananya,Bose,F,1981-11-14,Pune,Maharashtra,497225,user4440@email.com,9116048474,Bronze,2020-05-31
CUS04441,Meera,Mishra,M,1990-09-21,Bengaluru,Karnataka,899946,user4441@email.com,9328594177,Bronze,2021-11-14
CUS04442,Swathi,Rao,F,1986-10-14,Bengaluru,Karnataka,405257,user4442@email.com,9485297578,Bronze,2020-09-06
CUS04443,Neha,Singh,M,1990-07-19,Chennai,Tamil Nadu,663945,user4443@email.com,9970192762,Bronze,2023-02-09
CUS04444,Pooja,Patel,M,1984-04-08,Pune,Maharashtra,968367,user4444@email.com,9250132142,Silver,2022-06-10
CUS04445,Ananya,Pandey,F,1990-11-18,Pune,Maharashtra,564122,user4445@email.com,9269577801,Bronze,2022-09-30
CUS04446,Ananya,Pandey,M,1985-11-11,Kolkata,West Bengal,237386,user4446@email.com,9128392744,Bronze,2020-06-10
CUS04447,Amit,Verma,F,1986-10-15,Pune,Maharashtra,285423,user4447@email.com,9228015227,Bronze,2022-01-31
CUS04448,Rajesh,Joshi,F,1990-08-10,Chennai,Tamil Nadu,501027,user4448@email.com,9748672787,Bronze,2024-02-28
CUS04449,Varun,Sharma,M,1976-08-05,Bhopal,Madhya Pradesh,232332,user4449@email.com,9979831261,Bronze,2022-09-07
CUS04450,Rahul,Kumar,F,1991-04-16,Mumbai,Maharashtra,714852,user4450@email.com,9268460904,Silver,2020-05-23
CUS04451,Kavya,Pillai,M,1978-01-30,Kolkata,West Bengal,258569,user4451@email.com,9148407788,Silver,2020-07-31
CUS04452,Rajesh,Patel,M,1984-05-26,Surat,Gujarat,350986,user4452@email.com,9790401984,Bronze,2020-06-08
CUS04453,Swathi,Iyer,F,1994-01-05,Hyderabad,Telangana,610880,user4453@email.com,9191002437,Silver,2022-07-03
CUS04454,Priya,Sharma,M,1979-08-01,Mumbai,Maharashtra,710027,user4454@email.com,9795818062,Bronze,2024-03-05
CUS04455,Sanjay,Reddy,M,1984-04-13,Delhi,Delhi,457052,user4455@email.com,9504342096,Gold,2022-01-27
CUS04456,Arjun,Bose,M,1970-06-08,Surat,Gujarat,875906,user4456@email.com,9495637588,Bronze,2022-03-09
CUS04457,Divya,Sharma,F,1991-12-17,Lucknow,Uttar Pradesh,707510,user4457@email.com,9767490610,Gold,2020-07-15
CUS04458,Pooja,Sharma,M,1977-05-13,Bengaluru,Karnataka,917507,user4458@email.com,9469505387,Gold,2020-02-27
CUS04459,Vikram,Iyer,M,1993-10-01,Chennai,Tamil Nadu,503775,user4459@email.com,9798887348,Silver,2021-03-12
CUS04460,Geeta,Verma,F,1987-07-08,Ahmedabad,Gujarat,398701,user4460@email.com,9455942903,Bronze,2024-09-14
CUS04461,Lata,Mehta,F,1982-09-05,Ahmedabad,Gujarat,565502,user4461@email.com,9113796010,Gold,2024-08-25
CUS04462,Swathi,Mehta,F,1989-08-17,Delhi,Delhi,469878,user4462@email.com,9310251221,Silver,2023-07-02
CUS04463,Geeta,Kumar,F,1993-01-24,Kochi,Kerala,802629,user4463@email.com,9584643845,Platinum,2022-02-19
CUS04464,Nisha,Agarwal,M,1989-08-05,Pune,Maharashtra,461340,user4464@email.com,9289832340,Silver,2023-10-24
CUS04465,Prakash,Agarwal,M,1982-11-28,Surat,Gujarat,127790,user4465@email.com,9941548925,Silver,2024-07-26
CUS04466,Rohan,Rao,F,1976-01-03,Jaipur,Rajasthan,157613,user4466@email.com,9536776115,Silver,2020-01-15
CUS04467,Lata,Pandey,M,1970-12-11,Chandigarh,Punjab,238459,user4467@email.com,9364040072,Bronze,2020-01-02
CUS04468,Sanjay,Bose,F,1976-06-15,Delhi,Delhi,812772,user4468@email.com,9574378104,Bronze,2021-06-08
CUS04469,Varun,Bose,F,1999-12-16,Surat,Gujarat,314431,user4469@email.com,9460025246,Bronze,2023-12-08
CUS04470,Rahul,Bose,M,1981-09-21,Bengaluru,Karnataka,473015,user4470@email.com,9728969739,Bronze,2023-07-31
CUS04471,Vikram,Shah,F,1989-04-23,Bhopal,Madhya Pradesh,641921,user4471@email.com,9873589883,Bronze,2023-05-26
CUS04472,Meera,Agarwal,M,1980-07-31,Jaipur,Rajasthan,622170,user4472@email.com,9189966735,Bronze,2022-06-17
CUS04473,Vikram,Pandey,M,1985-09-25,Bhopal,Madhya Pradesh,122621,user4473@email.com,9142995194,Bronze,2023-06-13
CUS04474,Pooja,Mishra,F,1988-11-13,Kochi,Kerala,910453,user4474@email.com,9363773421,Silver,2023-03-28
CUS04475,Rajesh,Reddy,F,1999-04-29,Jaipur,Rajasthan,837189,user4475@email.com,9848710964,Bronze,2021-01-23
CUS04476,Arjun,Agarwal,M,1986-05-26,Bengaluru,Karnataka,790702,user4476@email.com,9772558716,Silver,2024-10-30
CUS04477,Sanjay,Pandey,M,1983-10-27,Pune,Maharashtra,602003,user4477@email.com,9910638281,Platinum,2022-09-05
CUS04478,Arjun,Kumar,F,1991-04-26,Kochi,Kerala,680642,user4478@email.com,9316579566,Gold,2020-06-01
CUS04479,Nisha,Rao,F,2000-08-03,Ahmedabad,Gujarat,457383,user4479@email.com,9325817903,Platinum,2023-05-04
CUS04480,Priya,Kumar,M,1982-08-06,Bengaluru,Karnataka,388139,user4480@email.com,9816506780,Gold,2023-10-25
CUS04481,Sanjay,Pillai,M,1970-02-13,Bhopal,Madhya Pradesh,548759,user4481@email.com,9521893929,Bronze,2024-09-29
CUS04482,Amit,Iyer,F,1982-05-19,Pune,Maharashtra,486715,user4482@email.com,9168304647,Gold,2023-05-03
CUS04483,Ananya,Gupta,M,1988-10-24,Ahmedabad,Gujarat,462205,user4483@email.com,9336875344,Platinum,2020-06-17
CUS04484,Pooja,Bose,Other,1983-08-12,Nagpur,Maharashtra,483182,user4484@email.com,9822243014,Bronze,2020-06-04
CUS04485,Ajay,Shah,F,1997-08-05,Nagpur,Maharashtra,530684,user4485@email.com,9379363689,Silver,2023-02-19
CUS04486,Divya,Tiwari,M,1982-05-14,Jaipur,Rajasthan,272686,user4486@email.com,9399232586,Gold,2023-04-13
CUS04487,Divya,Pillai,F,1990-10-15,Lucknow,Uttar Pradesh,122733,user4487@email.com,9429453027,Silver,2023-05-31
CUS04488,Kiran,Sharma,Other,1970-10-09,Bengaluru,Karnataka,706700,user4488@email.com,9239171831,Platinum,2024-03-29
CUS04489,Kiran,Shah,F,1983-07-16,Pune,Maharashtra,450017,user4489@email.com,9217958183,Bronze,2021-01-04
CUS04490,Priya,Agarwal,F,1975-08-11,Surat,Gujarat,887159,user4490@email.com,9580295534,Gold,2021-12-15
CUS04491,Isha,Joshi,F,1977-05-01,Kochi,Kerala,342656,user4491@email.com,9894241542,Bronze,2020-01-08
CUS04492,Swathi,Mishra,F,1971-03-18,Mumbai,Maharashtra,325979,user4492@email.com,9376381823,Silver,2021-08-28
CUS04493,Neha,Reddy,M,1978-07-02,Kolkata,West Bengal,703484,user4493@email.com,9218376857,Bronze,2023-07-21
CUS04494,Ritu,Pillai,F,1988-03-25,Bhopal,Madhya Pradesh,295083,user4494@email.com,9258209699,Gold,2022-09-21
CUS04495,Prakash,Bose,F,1996-06-18,Kolkata,West Bengal,998661,user4495@email.com,9840423738,Platinum,2020-11-09
CUS04496,Tara,Sharma,M,1989-04-10,Kochi,Kerala,461642,user4496@email.com,9629082656,Gold,2024-10-28
CUS04497,Neha,Reddy,M,1999-06-24,Ahmedabad,Gujarat,644999,user4497@email.com,9412788206,Silver,2023-01-30
CUS04498,Amit,Sharma,M,1997-07-10,Mumbai,Maharashtra,781291,user4498@email.com,9756017743,Silver,2022-06-03
CUS04499,Divya,Mishra,F,1988-12-23,Delhi,Delhi,981722,user4499@email.com,9254638447,Gold,2023-08-31
CUS04500,Amit,Reddy,F,1997-06-14,Chennai,Tamil Nadu,694947,user4500@email.com,9850241428,Gold,2024-02-18
CUS04501,Rohan,Shah,F,1979-06-28,Hyderabad,Telangana,903143,user4501@email.com,9883663873,Silver,2021-06-22
CUS04502,Rahul,Agarwal,F,1987-11-12,Pune,Maharashtra,803492,user4502@email.com,9250994689,Gold,2022-10-28
CUS04503,Ritu,Kapoor,M,1997-07-07,Chandigarh,Punjab,104555,user4503@email.com,9221143570,Bronze,2022-05-30
CUS04504,Prakash,Reddy,M,1974-06-25,Bengaluru,Karnataka,981864,user4504@email.com,9152624468,Gold,2022-02-19
CUS04505,Tara,Kapoor,M,1996-03-21,Kochi,Kerala,381460,user4505@email.com,9235828540,Bronze,2022-12-14
CUS04506,Ajay,Verma,M,1987-11-09,Kolkata,West Bengal,889303,user4506@email.com,9328187609,Silver,2023-10-19
CUS04507,Tara,Tiwari,M,1992-04-08,Ahmedabad,Gujarat,928357,user4507@email.com,9647080927,Bronze,2021-01-01
CUS04508,Kavya,Pandey,M,1978-12-06,Kochi,Kerala,858940,user4508@email.com,9894639988,Silver,2020-10-06
CUS04509,Rahul,Shah,M,1970-07-14,Kochi,Kerala,451868,user4509@email.com,9787318239,Silver,2020-02-29
CUS04510,Geeta,Mehta,F,1971-11-03,Lucknow,Uttar Pradesh,728510,user4510@email.com,9242894408,Bronze,2023-07-13
CUS04511,Geeta,Agarwal,M,1983-10-05,Hyderabad,Telangana,849933,user4511@email.com,9995439936,Bronze,2024-11-29
CUS04512,Rahul,Reddy,M,1985-03-19,Bhopal,Madhya Pradesh,487544,user4512@email.com,9919906844,Gold,2021-11-09
CUS04513,Rajesh,Nair,M,1973-04-20,Nagpur,Maharashtra,964939,user4513@email.com,9801243466,Platinum,2022-08-24
CUS04514,Aarav,Singh,M,1979-01-17,Bhopal,Madhya Pradesh,447919,user4514@email.com,9413289430,Bronze,2023-09-30
CUS04515,Meera,Kapoor,F,1982-07-19,Ahmedabad,Gujarat,842896,user4515@email.com,9789644824,Bronze,2020-12-12
CUS04516,Priya,Nair,Other,2000-06-03,Nagpur,Maharashtra,869390,user4516@email.com,9647147779,Silver,2021-12-31
CUS04517,Lata,Patel,M,1978-10-15,Chandigarh,Punjab,769051,user4517@email.com,9173162323,Bronze,2023-02-03
CUS04518,Arjun,Iyer,M,1981-06-26,Mumbai,Maharashtra,525372,user4518@email.com,9513349886,Gold,2023-12-27
CUS04519,Rohan,Nair,F,1995-03-07,Hyderabad,Telangana,300206,user4519@email.com,9660966411,Silver,2022-10-03
CUS04520,Arjun,Kapoor,F,1971-04-18,Delhi,Delhi,600497,user4520@email.com,9433175966,Silver,2021-12-08
CUS04521,Suresh,Patel,M,1984-11-22,Hyderabad,Telangana,754799,user4521@email.com,9786294662,Bronze,2022-08-01
CUS04522,Sanjay,Kapoor,F,1996-03-06,Nagpur,Maharashtra,499961,user4522@email.com,9402615057,Silver,2020-10-17
CUS04523,Varun,Mishra,F,1992-12-15,Ahmedabad,Gujarat,137844,user4523@email.com,9197936506,Platinum,2021-10-20
CUS04524,Priya,Reddy,F,1978-11-26,Lucknow,Uttar Pradesh,928699,user4524@email.com,9805510612,Bronze,2024-08-02
CUS04525,Swathi,Kapoor,F,1994-11-08,Nagpur,Maharashtra,777210,user4525@email.com,9855145684,Bronze,2023-12-21
CUS04526,Sneha,Agarwal,M,1986-07-15,Kochi,Kerala,483583,user4526@email.com,9654004494,Platinum,2024-01-15
CUS04527,Ritu,Kapoor,Other,1988-07-23,Pune,Maharashtra,218303,user4527@email.com,9191469330,Silver,2022-05-07
CUS04528,Varun,Shah,M,1971-03-09,Ahmedabad,Gujarat,707274,user4528@email.com,9890105570,Gold,2024-05-04
CUS04529,Tara,Nair,M,1987-02-09,Chennai,Tamil Nadu,168863,user4529@email.com,9611627667,Gold,2020-05-01
CUS04530,Kiran,Sharma,M,1971-09-11,Kochi,Kerala,662361,user4530@email.com,9322671897,Bronze,2023-02-27
CUS04531,Meera,Verma,M,1990-06-17,Kolkata,West Bengal,464671,user4531@email.com,9553099742,Bronze,2024-12-08
CUS04532,Vikram,Verma,M,1992-06-07,Kochi,Kerala,482463,user4532@email.com,9357070361,Platinum,2022-10-03
CUS04533,Dev,Tiwari,F,1993-05-31,Lucknow,Uttar Pradesh,633913,user4533@email.com,9275121354,Bronze,2023-07-15
CUS04534,Sanjay,Reddy,M,1988-06-07,Pune,Maharashtra,914509,user4534@email.com,9852047789,Silver,2021-08-20
CUS04535,Priya,Singh,F,1977-08-04,Jaipur,Rajasthan,665629,user4535@email.com,9974438089,Bronze,2021-09-25
CUS04536,Nisha,Verma,F,1979-12-13,Pune,Maharashtra,318122,user4536@email.com,9104617588,Gold,2023-03-22
CUS04537,Rahul,Sharma,M,1992-05-04,Chandigarh,Punjab,640476,user4537@email.com,9466116319,Bronze,2021-05-30
CUS04538,Varun,Mishra,M,1983-02-07,Nagpur,Maharashtra,890573,user4538@email.com,9512583850,Silver,2022-06-26
CUS04539,Ritu,Iyer,M,1998-07-19,Jaipur,Rajasthan,173014,user4539@email.com,9785016512,Bronze,2020-12-31
CUS04540,Mohan,Patel,M,1993-11-11,Kochi,Kerala,231891,user4540@email.com,9656046834,Bronze,2022-06-24
CUS04541,Nisha,Kumar,Other,1971-05-18,Kolkata,West Bengal,104632,user4541@email.com,9963064875,Silver,2023-03-29
CUS04542,Rahul,Sharma,F,1979-06-04,Bhopal,Madhya Pradesh,691714,user4542@email.com,9606700235,Bronze,2023-07-10
CUS04543,Varun,Sharma,F,1993-03-30,Kochi,Kerala,902711,user4543@email.com,9989757654,Bronze,2021-04-06
CUS04544,Mohan,Joshi,Other,1999-09-23,Bhopal,Madhya Pradesh,931896,user4544@email.com,9610151726,Silver,2021-05-12
CUS04545,Lata,Kumar,M,1975-07-09,Nagpur,Maharashtra,896871,user4545@email.com,9638226709,Bronze,2022-05-21
CUS04546,Vikram,Bose,F,1998-05-03,Hyderabad,Telangana,508877,user4546@email.com,9313051357,Bronze,2021-01-08
CUS04547,Priya,Sharma,M,1978-05-01,Lucknow,Uttar Pradesh,186973,user4547@email.com,9257224640,Bronze,2022-12-07
CUS04548,Vikram,Gupta,M,1978-11-01,Bhopal,Madhya Pradesh,409543,user4548@email.com,9824921422,Bronze,2024-11-23
CUS04549,Prakash,Patel,M,1999-05-12,Chennai,Tamil Nadu,790641,user4549@email.com,9619077362,Gold,2024-03-21
CUS04550,Tara,Mishra,Other,1975-08-30,Kochi,Kerala,198498,user4550@email.com,9913242686,Silver,2024-05-24
CUS04551,Ritu,Agarwal,F,1987-08-13,Nagpur,Maharashtra,810783,user4551@email.com,9722366327,Silver,2022-06-12
CUS04552,Sneha,Shah,M,1970-12-10,Ahmedabad,Gujarat,739541,user4552@email.com,9566543501,Bronze,2022-09-03
CUS04553,Sanjay,Mishra,M,1976-11-30,Pune,Maharashtra,142668,user4553@email.com,9752035795,Silver,2020-12-20
CUS04554,Sanjay,Kapoor,F,1992-05-10,Surat,Gujarat,304232,user4554@email.com,9408778157,Gold,2020-06-23
CUS04555,Aarav,Pandey,F,1970-07-04,Mumbai,Maharashtra,259739,user4555@email.com,9273384473,Platinum,2022-05-30
CUS04556,Divya,Reddy,Other,1992-08-01,Bhopal,Madhya Pradesh,498314,user4556@email.com,9832453815,Gold,2023-07-09
CUS04557,Ajay,Mishra,F,1996-03-23,Chennai,Tamil Nadu,828296,user4557@email.com,9295742031,Bronze,2022-12-22
CUS04558,Rajesh,Singh,F,1973-07-05,Delhi,Delhi,355723,user4558@email.com,9769764671,Gold,2024-03-01
CUS04559,Aarav,Pillai,F,1981-02-01,Ahmedabad,Gujarat,601471,user4559@email.com,9821298838,Bronze,2022-01-21
CUS04560,Ajay,Kumar,M,1996-12-01,Mumbai,Maharashtra,926897,user4560@email.com,9787774320,Silver,2024-02-18
CUS04561,Geeta,Rao,M,1977-04-23,Delhi,Delhi,836204,user4561@email.com,9203275423,Bronze,2022-01-07
CUS04562,Mohan,Reddy,M,1984-06-17,Pune,Maharashtra,132222,user4562@email.com,9641079298,Bronze,2024-02-02
CUS04563,Meera,Verma,F,1995-11-19,Pune,Maharashtra,319084,user4563@email.com,9818789234,Bronze,2023-10-15
CUS04564,Geeta,Rao,F,1989-10-25,Ahmedabad,Gujarat,683328,user4564@email.com,9318300402,Bronze,2022-04-28
CUS04565,Suresh,Kapoor,F,1998-07-13,Kolkata,West Bengal,475554,user4565@email.com,9628277329,Gold,2020-06-23
CUS04566,Ananya,Kumar,M,1971-02-20,Lucknow,Uttar Pradesh,522491,user4566@email.com,9606799338,Silver,2022-03-11
CUS04567,Arjun,Shah,M,1974-01-19,Bhopal,Madhya Pradesh,845412,user4567@email.com,9642623237,Platinum,2022-10-25
CUS04568,Sanjay,Mehta,F,1978-11-03,Surat,Gujarat,351726,user4568@email.com,9972214492,Bronze,2023-06-28
CUS04569,Rahul,Singh,F,1990-03-30,Nagpur,Maharashtra,618893,user4569@email.com,9843752264,Bronze,2020-01-08
CUS04570,Nisha,Agarwal,M,1988-03-15,Surat,Gujarat,916505,user4570@email.com,9656678956,Bronze,2020-10-20
CUS04571,Kavya,Rao,M,1989-02-14,Pune,Maharashtra,721013,user4571@email.com,9278720248,Platinum,2020-09-27
CUS04572,Tara,Reddy,M,1973-10-18,Ahmedabad,Gujarat,141311,user4572@email.com,9970637122,Bronze,2024-12-21
CUS04573,Lata,Reddy,M,1980-10-28,Nagpur,Maharashtra,510122,user4573@email.com,9813040617,Bronze,2020-11-01
CUS04574,Tara,Shah,F,1995-12-10,Kolkata,West Bengal,435155,user4574@email.com,9192359478,Silver,2020-05-22
CUS04575,Ajay,Rao,M,1995-01-27,Jaipur,Rajasthan,963923,user4575@email.com,9253803731,Silver,2021-01-04
CUS04576,Sanjay,Nair,F,1976-04-19,Delhi,Delhi,776294,user4576@email.com,9847403765,Gold,2022-03-06
CUS04577,Kiran,Agarwal,F,1981-04-22,Chennai,Tamil Nadu,327614,user4577@email.com,9509513770,Silver,2023-02-03
CUS04578,Varun,Nair,F,1978-02-18,Chandigarh,Punjab,193752,user4578@email.com,9162505094,Bronze,2024-10-22
CUS04579,Rajesh,Patel,F,1988-11-11,Mumbai,Maharashtra,724100,user4579@email.com,9732051990,Bronze,2023-02-02
CUS04580,Amit,Kapoor,M,1980-10-05,Jaipur,Rajasthan,103724,user4580@email.com,9969239391,Platinum,2023-03-18
CUS04581,Varun,Verma,Other,1978-10-16,Bhopal,Madhya Pradesh,281917,user4581@email.com,9665569164,Silver,2021-08-23
CUS04582,Kiran,Gupta,M,1976-09-14,Chennai,Tamil Nadu,670168,user4582@email.com,9744391846,Gold,2020-06-07
CUS04583,Tara,Patel,F,1976-07-03,Lucknow,Uttar Pradesh,341293,user4583@email.com,9153009488,Platinum,2022-10-29
CUS04584,Pooja,Mishra,M,1983-11-30,Kochi,Kerala,192820,user4584@email.com,9360319583,Gold,2022-05-30
CUS04585,Ananya,Verma,F,1984-07-03,Pune,Maharashtra,125933,user4585@email.com,9649589315,Gold,2020-04-10
CUS04586,Vikram,Reddy,F,1989-11-17,Delhi,Delhi,549932,user4586@email.com,9658252128,Bronze,2020-01-31
CUS04587,Neha,Tiwari,M,1997-02-08,Bhopal,Madhya Pradesh,581153,user4587@email.com,9848835675,Platinum,2021-06-26
CUS04588,Amit,Sharma,F,1988-06-13,Chandigarh,Punjab,852675,user4588@email.com,9336532420,Bronze,2023-05-24
CUS04589,Neha,Singh,M,1992-07-06,Bhopal,Madhya Pradesh,465797,user4589@email.com,9831090035,Silver,2021-08-16
CUS04590,Tara,Iyer,M,1976-06-11,Chennai,Tamil Nadu,742643,user4590@email.com,9564554816,Silver,2020-09-11
CUS04591,Swathi,Mishra,F,1972-08-23,Chennai,Tamil Nadu,404313,user4591@email.com,9249795747,Bronze,2021-09-10
CUS04592,Sneha,Mehta,M,1999-04-20,Lucknow,Uttar Pradesh,542699,user4592@email.com,9751121470,Bronze,2021-09-03
CUS04593,Lata,Pillai,F,1977-12-05,Pune,Maharashtra,894262,user4593@email.com,9882192229,Bronze,2023-03-31
CUS04594,Isha,Agarwal,F,1971-09-03,Chandigarh,Punjab,203068,user4594@email.com,9646628125,Silver,2023-04-20
CUS04595,Neha,Reddy,F,1995-04-29,Pune,Maharashtra,669054,user4595@email.com,9970258472,Platinum,2024-05-04
CUS04596,Geeta,Iyer,M,1996-11-21,Pune,Maharashtra,651513,user4596@email.com,9813824999,Silver,2021-08-31
CUS04597,Rohan,Shah,F,1972-04-17,Mumbai,Maharashtra,920318,user4597@email.com,9787066238,Bronze,2024-09-06
CUS04598,Sanjay,Joshi,F,1972-06-28,Nagpur,Maharashtra,293017,user4598@email.com,9556462912,Silver,2023-11-08
CUS04599,Suresh,Kapoor,M,1994-08-14,Ahmedabad,Gujarat,833203,user4599@email.com,9838505209,Bronze,2024-08-14
CUS04600,Sanjay,Singh,F,1996-01-13,Surat,Gujarat,956710,user4600@email.com,9448820767,Bronze,2020-04-16
CUS04601,Geeta,Pandey,F,1987-12-01,Jaipur,Rajasthan,848815,user4601@email.com,9677432247,Platinum,2022-01-25
CUS04602,Amit,Mehta,F,1980-04-12,Mumbai,Maharashtra,353584,user4602@email.com,9968038114,Bronze,2023-05-10
CUS04603,Sneha,Reddy,M,1986-01-16,Jaipur,Rajasthan,752724,user4603@email.com,9611768104,Silver,2020-07-01
CUS04604,Nisha,Rao,Other,1985-08-13,Bengaluru,Karnataka,976552,user4604@email.com,9632581929,Bronze,2022-04-21
CUS04605,Kavya,Nair,F,1987-03-03,Mumbai,Maharashtra,487299,user4605@email.com,9896772337,Silver,2024-01-08
CUS04606,Aarav,Singh,F,1998-04-20,Hyderabad,Telangana,405039,user4606@email.com,9234001312,Gold,2022-07-26
CUS04607,Prakash,Shah,M,1999-01-29,Delhi,Delhi,678222,user4607@email.com,9725682612,Bronze,2022-11-11
CUS04608,Varun,Reddy,F,1970-04-30,Delhi,Delhi,469601,user4608@email.com,9525718988,Bronze,2024-10-22
CUS04609,Kavya,Verma,M,1991-05-06,Delhi,Delhi,779778,user4609@email.com,9222568433,Gold,2024-06-02
CUS04610,Suresh,Agarwal,M,1996-12-22,Kolkata,West Bengal,783134,user4610@email.com,9487686272,Gold,2024-06-17
CUS04611,Mohan,Pandey,M,1989-08-07,Mumbai,Maharashtra,382874,user4611@email.com,9738195468,Gold,2024-04-05
CUS04612,Suresh,Mishra,F,1986-08-28,Bengaluru,Karnataka,615139,user4612@email.com,9475359489,Silver,2020-02-24
CUS04613,Dev,Iyer,F,1975-03-13,Mumbai,Maharashtra,911536,user4613@email.com,9251715311,Silver,2023-11-22
CUS04614,Sneha,Kumar,F,1976-10-01,Mumbai,Maharashtra,257208,user4614@email.com,9464959908,Silver,2024-05-18
CUS04615,Dev,Kapoor,M,1994-07-18,Delhi,Delhi,755951,user4615@email.com,9138793135,Silver,2024-06-21
CUS04616,Rajesh,Sharma,M,1979-07-27,Bengaluru,Karnataka,774368,user4616@email.com,9745025424,Bronze,2024-04-22
CUS04617,Ananya,Iyer,F,1983-09-11,Bengaluru,Karnataka,527896,user4617@email.com,9749321858,Bronze,2020-07-05
CUS04618,Dev,Verma,M,1978-07-03,Delhi,Delhi,276316,user4618@email.com,9144933657,Bronze,2024-08-03
CUS04619,Dev,Nair,M,1991-03-12,Ahmedabad,Gujarat,242712,user4619@email.com,9972293080,Bronze,2024-09-25
CUS04620,Prakash,Shah,F,1972-01-28,Bengaluru,Karnataka,544045,user4620@email.com,9249135033,Bronze,2020-06-28
CUS04621,Rajesh,Mishra,M,1995-04-30,Chandigarh,Punjab,592383,user4621@email.com,9951053161,Gold,2021-02-11
CUS04622,Aarav,Rao,F,1997-01-20,Kolkata,West Bengal,919875,user4622@email.com,9841289401,Bronze,2021-06-15
CUS04623,Ajay,Gupta,M,1972-06-16,Surat,Gujarat,795567,user4623@email.com,9741626788,Bronze,2022-01-06
CUS04624,Tara,Bose,M,1977-07-14,Pune,Maharashtra,855353,user4624@email.com,9508482969,Silver,2021-02-04
CUS04625,Ritu,Nair,M,1971-07-21,Ahmedabad,Gujarat,418692,user4625@email.com,9371819915,Platinum,2021-03-28
CUS04626,Arjun,Rao,F,1972-03-23,Chennai,Tamil Nadu,394322,user4626@email.com,9508899382,Silver,2024-06-25
CUS04627,Kavya,Verma,F,1999-11-25,Nagpur,Maharashtra,539178,user4627@email.com,9480035703,Platinum,2021-07-20
CUS04628,Rahul,Gupta,F,1997-02-04,Jaipur,Rajasthan,924756,user4628@email.com,9418550784,Silver,2023-01-24
CUS04629,Pooja,Pillai,F,1976-04-28,Bhopal,Madhya Pradesh,549796,user4629@email.com,9776437011,Bronze,2024-04-12
CUS04630,Varun,Bose,M,1976-05-28,Pune,Maharashtra,510661,user4630@email.com,9991066547,Bronze,2023-08-08
CUS04631,Pooja,Reddy,M,1990-05-30,Hyderabad,Telangana,795201,user4631@email.com,9971238459,Silver,2020-07-06
CUS04632,Suresh,Bose,M,1972-05-01,Hyderabad,Telangana,632563,user4632@email.com,9753852734,Bronze,2023-11-01
CUS04633,Ajay,Agarwal,F,1987-04-08,Bengaluru,Karnataka,739719,user4633@email.com,9702210972,Bronze,2024-01-30
CUS04634,Dev,Gupta,M,1987-09-04,Bhopal,Madhya Pradesh,864202,user4634@email.com,9562378529,Platinum,2024-03-11
CUS04635,Kiran,Verma,M,1971-05-15,Kochi,Kerala,124934,user4635@email.com,9919435702,Gold,2024-06-25
CUS04636,Kiran,Patel,M,1996-07-08,Kolkata,West Bengal,855741,user4636@email.com,9134232063,Silver,2022-07-08
CUS04637,Arjun,Shah,F,1997-04-16,Jaipur,Rajasthan,868413,user4637@email.com,9983401472,Bronze,2021-03-03
CUS04638,Rahul,Gupta,M,1981-10-21,Ahmedabad,Gujarat,894986,user4638@email.com,9748012228,Gold,2023-09-13
CUS04639,Priya,Mishra,M,1973-09-01,Lucknow,Uttar Pradesh,874167,user4639@email.com,9626157496,Platinum,2020-06-12
CUS04640,Rajesh,Rao,M,1976-08-29,Bhopal,Madhya Pradesh,926769,user4640@email.com,9470827048,Silver,2022-07-07
CUS04641,Aarav,Iyer,F,1991-11-21,Surat,Gujarat,129965,user4641@email.com,9168113501,Silver,2024-02-10
CUS04642,Kavya,Pillai,M,1988-11-15,Hyderabad,Telangana,140319,user4642@email.com,9826476586,Bronze,2023-11-18
CUS04643,Dev,Sharma,M,1996-05-12,Kochi,Kerala,460182,user4643@email.com,9124867468,Silver,2020-10-07
CUS04644,Sneha,Mehta,M,1989-03-26,Jaipur,Rajasthan,338001,user4644@email.com,9169503511,Bronze,2024-12-10
CUS04645,Swathi,Gupta,F,1973-07-08,Ahmedabad,Gujarat,820019,user4645@email.com,9821914900,Silver,2022-10-02
CUS04646,Pooja,Bose,F,2000-03-08,Bhopal,Madhya Pradesh,972872,user4646@email.com,9914360633,Bronze,2023-04-23
CUS04647,Ritu,Kumar,M,1974-02-23,Delhi,Delhi,350610,user4647@email.com,9805255491,Bronze,2023-06-19
CUS04648,Arjun,Joshi,M,1997-05-19,Mumbai,Maharashtra,293620,user4648@email.com,9594693358,Gold,2022-05-23
CUS04649,Kavya,Agarwal,F,2000-07-19,Bengaluru,Karnataka,498777,user4649@email.com,9296686575,Gold,2023-11-23
CUS04650,Sneha,Patel,F,1971-05-11,Hyderabad,Telangana,619999,user4650@email.com,9339921653,Silver,2024-11-22
CUS04651,Mohan,Pillai,M,1981-07-15,Jaipur,Rajasthan,458845,user4651@email.com,9186164583,Bronze,2024-07-18
CUS04652,Nisha,Patel,F,1977-11-04,Chandigarh,Punjab,963813,user4652@email.com,9771957977,Bronze,2022-12-03
CUS04653,Kiran,Kumar,M,1978-02-11,Chennai,Tamil Nadu,797892,user4653@email.com,9426886112,Bronze,2023-12-29
CUS04654,Kiran,Iyer,F,1984-03-23,Hyderabad,Telangana,832469,user4654@email.com,9133555109,Platinum,2024-12-12
CUS04655,Vikram,Bose,M,1994-12-06,Pune,Maharashtra,986257,user4655@email.com,9215592123,Silver,2022-08-09
CUS04656,Pooja,Mishra,M,1974-06-21,Chennai,Tamil Nadu,200105,user4656@email.com,9250750366,Gold,2024-06-28
CUS04657,Kiran,Bose,M,1974-02-23,Surat,Gujarat,543734,user4657@email.com,9872172620,Gold,2023-11-11
CUS04658,Lata,Joshi,F,1971-02-26,Bhopal,Madhya Pradesh,369828,user4658@email.com,9208988708,Bronze,2020-10-03
CUS04659,Aarav,Kapoor,M,1982-12-22,Pune,Maharashtra,224285,user4659@email.com,9648858166,Platinum,2022-12-25
CUS04660,Amit,Shah,M,1975-01-18,Surat,Gujarat,717774,user4660@email.com,9767262095,Platinum,2024-03-05
CUS04661,Rajesh,Iyer,M,2000-09-17,Pune,Maharashtra,972685,user4661@email.com,9563306024,Bronze,2020-04-25
CUS04662,Neha,Iyer,F,1998-10-29,Chandigarh,Punjab,726747,user4662@email.com,9460806380,Platinum,2024-08-27
CUS04663,Lata,Bose,F,1975-10-16,Pune,Maharashtra,425860,user4663@email.com,9460333624,Bronze,2023-01-12
CUS04664,Lata,Pandey,F,1995-06-10,Hyderabad,Telangana,666076,user4664@email.com,9253371851,Platinum,2020-07-25
CUS04665,Geeta,Agarwal,M,1991-06-21,Bengaluru,Karnataka,809570,user4665@email.com,9963104832,Bronze,2023-05-18
CUS04666,Ajay,Nair,M,1981-08-08,Bengaluru,Karnataka,340283,user4666@email.com,9988827004,Gold,2022-05-20
CUS04667,Kavya,Kapoor,Other,1985-09-13,Nagpur,Maharashtra,423565,user4667@email.com,9639106246,Bronze,2023-12-18
CUS04668,Rohan,Mehta,F,1984-10-01,Nagpur,Maharashtra,159962,user4668@email.com,9255960650,Bronze,2023-08-16
CUS04669,Pooja,Shah,M,1985-09-20,Bhopal,Madhya Pradesh,148442,user4669@email.com,9829631072,Bronze,2021-11-07
CUS04670,Ritu,Iyer,M,1971-03-29,Bengaluru,Karnataka,367755,user4670@email.com,9242286492,Silver,2024-06-25
CUS04671,Meera,Mishra,M,1980-04-06,Chandigarh,Punjab,293782,user4671@email.com,9751093986,Silver,2020-01-18
CUS04672,Mohan,Rao,M,1986-01-21,Delhi,Delhi,125462,user4672@email.com,9903681751,Bronze,2021-10-21
CUS04673,Rahul,Singh,F,1978-05-08,Kolkata,West Bengal,841603,user4673@email.com,9318101953,Silver,2023-01-20
CUS04674,Nisha,Pandey,M,1999-03-15,Chennai,Tamil Nadu,934189,user4674@email.com,9190791768,Gold,2020-02-19
CUS04675,Dev,Joshi,F,2000-01-07,Surat,Gujarat,713685,user4675@email.com,9619485938,Silver,2024-01-22
CUS04676,Dev,Kumar,M,1981-10-04,Surat,Gujarat,527819,user4676@email.com,9257923134,Silver,2022-07-13
CUS04677,Tara,Mishra,F,1972-08-03,Delhi,Delhi,508763,user4677@email.com,9939944482,Platinum,2023-03-19
CUS04678,Rohan,Mishra,M,1996-09-22,Chandigarh,Punjab,269579,user4678@email.com,9646785453,Bronze,2020-05-18
CUS04679,Vikram,Pandey,M,1989-08-28,Pune,Maharashtra,156177,user4679@email.com,9885070927,Silver,2020-08-14
CUS04680,Varun,Pandey,M,1970-01-14,Chennai,Tamil Nadu,202708,user4680@email.com,9737484750,Silver,2022-12-09
CUS04681,Rajesh,Singh,F,1979-02-27,Pune,Maharashtra,564155,user4681@email.com,9333894461,Silver,2022-12-21
CUS04682,Ajay,Bose,M,1981-08-28,Pune,Maharashtra,128211,user4682@email.com,9485457063,Bronze,2021-02-26
CUS04683,Tara,Mishra,F,1971-03-09,Jaipur,Rajasthan,563544,user4683@email.com,9790919925,Bronze,2021-07-01
CUS04684,Swathi,Pandey,F,1973-07-11,Bhopal,Madhya Pradesh,184908,user4684@email.com,9500677608,Gold,2023-06-22
CUS04685,Arjun,Gupta,M,1974-10-17,Mumbai,Maharashtra,110855,user4685@email.com,9968511653,Platinum,2020-03-20
CUS04686,Vikram,Shah,F,1970-09-03,Mumbai,Maharashtra,646038,user4686@email.com,9362031460,Silver,2024-07-09
CUS04687,Swathi,Patel,F,1997-12-04,Jaipur,Rajasthan,880954,user4687@email.com,9432514850,Silver,2020-11-14
CUS04688,Priya,Joshi,F,1982-09-30,Nagpur,Maharashtra,627432,user4688@email.com,9529244463,Silver,2021-07-02
CUS04689,Priya,Iyer,F,1984-09-05,Pune,Maharashtra,149832,user4689@email.com,9392273188,Bronze,2023-11-10
CUS04690,Lata,Nair,M,1980-06-21,Chandigarh,Punjab,818111,user4690@email.com,9840638865,Silver,2024-01-23
CUS04691,Divya,Singh,F,1995-11-07,Hyderabad,Telangana,858751,user4691@email.com,9256976385,Bronze,2020-11-06
CUS04692,Kavya,Kapoor,M,1996-10-24,Pune,Maharashtra,179185,user4692@email.com,9361549469,Gold,2024-03-21
CUS04693,Vikram,Mishra,M,1988-07-28,Surat,Gujarat,150822,user4693@email.com,9905674189,Bronze,2023-11-25
CUS04694,Pooja,Gupta,M,1993-03-04,Chennai,Tamil Nadu,205434,user4694@email.com,9685717643,Bronze,2020-10-18
CUS04695,Aarav,Kumar,M,1997-07-17,Bengaluru,Karnataka,789474,user4695@email.com,9687234675,Bronze,2022-03-06
CUS04696,Pooja,Joshi,M,1993-01-22,Chandigarh,Punjab,676898,user4696@email.com,9894818130,Bronze,2020-11-07
CUS04697,Rohan,Shah,F,1988-08-15,Kochi,Kerala,858817,user4697@email.com,9937234260,Silver,2022-02-03
CUS04698,Nisha,Sharma,M,2000-08-04,Chennai,Tamil Nadu,692802,user4698@email.com,9826640616,Silver,2022-08-17
CUS04699,Dev,Bose,Other,1980-04-16,Delhi,Delhi,874142,user4699@email.com,9508425205,Silver,2022-10-25
CUS04700,Lata,Kapoor,F,1987-03-07,Ahmedabad,Gujarat,421133,user4700@email.com,9795801932,Silver,2020-11-15
CUS04701,Ananya,Patel,M,1970-06-01,Ahmedabad,Gujarat,470764,user4701@email.com,9238943860,Bronze,2020-11-29
CUS04702,Mohan,Kumar,F,1992-01-24,Kochi,Kerala,596908,user4702@email.com,9109486493,Silver,2020-08-07
CUS04703,Pooja,Gupta,F,1992-02-17,Pune,Maharashtra,932859,user4703@email.com,9129618682,Gold,2023-04-13
CUS04704,Kavya,Pandey,M,1970-04-01,Surat,Gujarat,289061,user4704@email.com,9332670816,Silver,2020-01-08
CUS04705,Meera,Singh,F,1991-10-26,Jaipur,Rajasthan,919022,user4705@email.com,9727216428,Gold,2023-09-13
CUS04706,Arjun,Mehta,M,2000-01-15,Lucknow,Uttar Pradesh,481019,user4706@email.com,9551310578,Silver,2024-04-15
CUS04707,Swathi,Shah,M,1976-09-09,Bengaluru,Karnataka,508404,user4707@email.com,9983370177,Bronze,2020-06-26
CUS04708,Amit,Agarwal,F,1975-07-07,Bengaluru,Karnataka,347807,user4708@email.com,9571577534,Silver,2022-03-29
CUS04709,Ritu,Kumar,F,1994-02-13,Surat,Gujarat,808553,user4709@email.com,9637972378,Silver,2021-01-13
CUS04710,Vikram,Agarwal,M,1988-03-29,Chandigarh,Punjab,471589,user4710@email.com,9530347139,Bronze,2022-01-31
CUS04711,Sanjay,Shah,F,1973-01-14,Kochi,Kerala,562022,user4711@email.com,9684011182,Bronze,2024-08-20
CUS04712,Meera,Pillai,F,1985-12-29,Mumbai,Maharashtra,581051,user4712@email.com,9205705141,Bronze,2023-12-18
CUS04713,Neha,Kapoor,F,1970-04-10,Bhopal,Madhya Pradesh,400412,user4713@email.com,9983865927,Platinum,2022-08-07
CUS04714,Lata,Reddy,M,1993-03-29,Bengaluru,Karnataka,787107,user4714@email.com,9870289580,Gold,2023-08-30
CUS04715,Tara,Shah,Other,1981-02-07,Kolkata,West Bengal,416592,user4715@email.com,9419029495,Gold,2021-03-16
CUS04716,Sanjay,Joshi,F,1974-07-23,Nagpur,Maharashtra,314741,user4716@email.com,9881169981,Bronze,2024-08-11
CUS04717,Tara,Kumar,M,1996-06-19,Kolkata,West Bengal,579281,user4717@email.com,9546779625,Gold,2023-05-16
CUS04718,Divya,Joshi,F,1977-10-09,Surat,Gujarat,207233,user4718@email.com,9502216455,Bronze,2022-09-27
CUS04719,Pooja,Kumar,F,1973-03-03,Jaipur,Rajasthan,657700,user4719@email.com,9891478687,Silver,2021-02-21
CUS04720,Geeta,Agarwal,M,1987-07-26,Nagpur,Maharashtra,128535,user4720@email.com,9368705960,Bronze,2020-10-29
CUS04721,Kavya,Tiwari,M,1975-01-07,Pune,Maharashtra,635312,user4721@email.com,9618656232,Platinum,2023-05-07
CUS04722,Sanjay,Verma,F,1995-05-24,Chennai,Tamil Nadu,342563,user4722@email.com,9103210393,Bronze,2024-05-06
CUS04723,Pooja,Bose,F,1977-12-10,Jaipur,Rajasthan,771818,user4723@email.com,9344638483,Silver,2021-01-25
CUS04724,Mohan,Singh,F,1986-04-09,Chennai,Tamil Nadu,704664,user4724@email.com,9294481468,Gold,2023-04-20
CUS04725,Ajay,Pandey,M,1971-12-02,Bengaluru,Karnataka,775124,user4725@email.com,9280031242,Silver,2024-12-11
CUS04726,Sanjay,Rao,F,1993-07-10,Mumbai,Maharashtra,393768,user4726@email.com,9169163934,Bronze,2024-02-21
CUS04727,Priya,Shah,F,1992-02-27,Kolkata,West Bengal,818894,user4727@email.com,9255857858,Silver,2021-08-27
CUS04728,Kavya,Mishra,M,1982-04-10,Delhi,Delhi,638509,user4728@email.com,9268446678,Bronze,2020-03-25
CUS04729,Suresh,Nair,M,1997-05-04,Delhi,Delhi,662533,user4729@email.com,9222634962,Silver,2023-05-02
CUS04730,Ajay,Shah,F,1991-04-14,Lucknow,Uttar Pradesh,989173,user4730@email.com,9988396112,Silver,2023-08-28
CUS04731,Amit,Kapoor,F,1974-01-05,Surat,Gujarat,928436,user4731@email.com,9998197038,Gold,2022-05-03
CUS04732,Arjun,Tiwari,F,1979-04-22,Surat,Gujarat,398696,user4732@email.com,9724526139,Silver,2024-10-15
CUS04733,Swathi,Patel,M,1993-05-14,Lucknow,Uttar Pradesh,241370,user4733@email.com,9214305785,Silver,2024-11-16
CUS04734,Arjun,Verma,F,1977-11-14,Delhi,Delhi,928928,user4734@email.com,9460510585,Platinum,2021-03-04
CUS04735,Suresh,Kumar,F,1996-04-02,Hyderabad,Telangana,660502,user4735@email.com,9811793751,Bronze,2024-07-06
CUS04736,Aarav,Agarwal,M,1977-08-09,Nagpur,Maharashtra,321521,user4736@email.com,9778435781,Gold,2021-08-20
CUS04737,Neha,Rao,M,1995-08-09,Bhopal,Madhya Pradesh,355070,user4737@email.com,9201697194,Platinum,2020-09-19
CUS04738,Varun,Kumar,M,1988-11-01,Chennai,Tamil Nadu,583391,user4738@email.com,9493551454,Gold,2023-05-11
CUS04739,Varun,Joshi,F,1996-12-05,Ahmedabad,Gujarat,889886,user4739@email.com,9544977661,Bronze,2021-12-15
CUS04740,Divya,Pandey,M,1979-06-08,Lucknow,Uttar Pradesh,611708,user4740@email.com,9701889966,Silver,2023-06-21
CUS04741,Rajesh,Nair,F,1998-02-03,Delhi,Delhi,823246,user4741@email.com,9862922925,Silver,2024-05-03
CUS04742,Prakash,Tiwari,M,1984-12-05,Lucknow,Uttar Pradesh,656166,user4742@email.com,9278981663,Silver,2023-05-21
CUS04743,Ajay,Nair,F,1970-10-19,Delhi,Delhi,113597,user4743@email.com,9636431847,Bronze,2023-02-12
CUS04744,Meera,Nair,F,1991-05-19,Ahmedabad,Gujarat,829397,user4744@email.com,9284405001,Bronze,2021-09-03
CUS04745,Ritu,Nair,M,1994-03-08,Chennai,Tamil Nadu,226389,user4745@email.com,9961495739,Gold,2020-11-11
CUS04746,Isha,Pandey,F,2000-11-10,Delhi,Delhi,445424,user4746@email.com,9387506050,Silver,2021-05-09
CUS04747,Neha,Patel,M,1989-09-13,Chandigarh,Punjab,731296,user4747@email.com,9996353032,Bronze,2023-10-23
CUS04748,Tara,Joshi,F,1972-05-28,Ahmedabad,Gujarat,886154,user4748@email.com,9417670319,Bronze,2024-11-04
CUS04749,Kiran,Kapoor,M,1971-10-13,Chandigarh,Punjab,828597,user4749@email.com,9552150502,Platinum,2023-03-19
CUS04750,Neha,Iyer,F,2000-07-16,Bhopal,Madhya Pradesh,714461,user4750@email.com,9688580930,Gold,2022-11-22
CUS04751,Vikram,Bose,F,1995-10-19,Delhi,Delhi,868100,user4751@email.com,9333890233,Silver,2022-05-06
CUS04752,Vikram,Rao,F,1984-10-31,Bengaluru,Karnataka,458639,user4752@email.com,9213646329,Silver,2023-07-30
CUS04753,Rohan,Pandey,F,1996-12-12,Kolkata,West Bengal,293206,user4753@email.com,9446465628,Silver,2020-01-26
CUS04754,Rohan,Gupta,F,1979-08-12,Nagpur,Maharashtra,541420,user4754@email.com,9292741111,Platinum,2024-08-04
CUS04755,Varun,Joshi,F,1994-04-09,Delhi,Delhi,525528,user4755@email.com,9970909950,Bronze,2023-02-20
CUS04756,Kavya,Shah,M,1992-11-10,Kochi,Kerala,727293,user4756@email.com,9380375624,Bronze,2022-11-18
CUS04757,Varun,Nair,F,1970-03-01,Delhi,Delhi,681811,user4757@email.com,9370249137,Bronze,2023-05-16
CUS04758,Kiran,Shah,M,1979-08-09,Delhi,Delhi,155282,user4758@email.com,9747582010,Bronze,2020-06-02
CUS04759,Ajay,Bose,F,1988-05-15,Nagpur,Maharashtra,646639,user4759@email.com,9810256084,Gold,2021-05-01
CUS04760,Swathi,Patel,F,1984-11-01,Chandigarh,Punjab,549471,user4760@email.com,9847070388,Silver,2020-08-04
CUS04761,Prakash,Tiwari,F,1977-12-10,Hyderabad,Telangana,242198,user4761@email.com,9776068391,Bronze,2024-08-28
CUS04762,Priya,Verma,Other,1988-10-15,Kochi,Kerala,740972,user4762@email.com,9749991422,Gold,2022-07-09
CUS04763,Sneha,Mishra,F,1977-08-03,Kochi,Kerala,914114,user4763@email.com,9302059403,Bronze,2020-12-03
CUS04764,Geeta,Singh,M,1979-12-01,Chandigarh,Punjab,632909,user4764@email.com,9169118818,Bronze,2022-08-27
CUS04765,Rahul,Pandey,F,1994-11-10,Chennai,Tamil Nadu,549621,user4765@email.com,9586213132,Bronze,2022-08-29
CUS04766,Vikram,Kumar,F,1990-09-07,Kochi,Kerala,337358,user4766@email.com,9858719317,Bronze,2020-09-21
CUS04767,Mohan,Joshi,M,1973-12-19,Mumbai,Maharashtra,782052,user4767@email.com,9284308700,Silver,2024-07-04
CUS04768,Neha,Gupta,M,1989-12-02,Kochi,Kerala,746687,user4768@email.com,9663940539,Gold,2020-02-07
CUS04769,Lata,Iyer,F,1980-12-22,Bhopal,Madhya Pradesh,164310,user4769@email.com,9542161188,Silver,2020-11-29
CUS04770,Ananya,Iyer,M,1979-09-16,Chennai,Tamil Nadu,423528,user4770@email.com,9115479088,Bronze,2021-03-12
CUS04771,Sneha,Mehta,M,1973-02-25,Jaipur,Rajasthan,276366,user4771@email.com,9418397613,Gold,2020-06-08
CUS04772,Neha,Gupta,M,1986-12-10,Jaipur,Rajasthan,800609,user4772@email.com,9133089860,Bronze,2023-10-02
CUS04773,Pooja,Pillai,M,1971-07-03,Kolkata,West Bengal,730113,user4773@email.com,9430337034,Silver,2024-02-21
CUS04774,Mohan,Singh,M,1987-02-12,Hyderabad,Telangana,871582,user4774@email.com,9652712731,Silver,2020-04-26
CUS04775,Kiran,Agarwal,Other,1985-07-28,Delhi,Delhi,108456,user4775@email.com,9757869371,Gold,2022-05-27
CUS04776,Sneha,Mehta,F,1978-01-30,Kolkata,West Bengal,301751,user4776@email.com,9766790630,Silver,2022-04-25
CUS04777,Rohan,Nair,F,1996-06-03,Kochi,Kerala,435459,user4777@email.com,9433983173,Gold,2024-01-10
CUS04778,Divya,Rao,Other,1972-03-12,Bengaluru,Karnataka,817621,user4778@email.com,9780148557,Silver,2023-07-10
CUS04779,Geeta,Joshi,M,1986-09-11,Jaipur,Rajasthan,179789,user4779@email.com,9816612328,Platinum,2022-10-05
CUS04780,Rohan,Sharma,F,1979-11-25,Chandigarh,Punjab,433768,user4780@email.com,9511598375,Bronze,2024-02-14
CUS04781,Ananya,Tiwari,F,1992-06-29,Kolkata,West Bengal,283950,user4781@email.com,9137830760,Silver,2024-07-25
CUS04782,Pooja,Bose,M,1977-03-30,Bengaluru,Karnataka,500141,user4782@email.com,9564696381,Silver,2024-08-11
CUS04783,Nisha,Pandey,M,1978-06-03,Nagpur,Maharashtra,276035,user4783@email.com,9711868984,Bronze,2024-05-13
CUS04784,Kavya,Shah,M,1992-01-12,Chennai,Tamil Nadu,362194,user4784@email.com,9199713203,Gold,2021-01-07
CUS04785,Varun,Verma,F,1976-02-01,Surat,Gujarat,301195,user4785@email.com,9753726009,Silver,2021-03-09
CUS04786,Swathi,Iyer,F,1973-05-20,Bhopal,Madhya Pradesh,420385,user4786@email.com,9236168242,Bronze,2020-07-13
CUS04787,Neha,Reddy,M,1987-07-21,Surat,Gujarat,496934,user4787@email.com,9555953574,Silver,2024-04-10
CUS04788,Lata,Nair,M,1998-06-29,Jaipur,Rajasthan,300608,user4788@email.com,9316436018,Gold,2020-09-28
CUS04789,Suresh,Verma,F,1976-08-07,Surat,Gujarat,349697,user4789@email.com,9376332045,Bronze,2022-05-03
CUS04790,Sneha,Kapoor,M,1976-02-20,Hyderabad,Telangana,742036,user4790@email.com,9373161867,Gold,2024-12-17
CUS04791,Nisha,Pillai,F,2000-12-09,Jaipur,Rajasthan,284264,user4791@email.com,9405242032,Bronze,2023-11-06
CUS04792,Ananya,Shah,F,1982-02-23,Jaipur,Rajasthan,240038,user4792@email.com,9695373815,Bronze,2024-11-26
CUS04793,Amit,Gupta,M,1995-09-05,Mumbai,Maharashtra,961082,user4793@email.com,9994280748,Bronze,2022-11-29
CUS04794,Meera,Joshi,Other,1999-09-16,Bhopal,Madhya Pradesh,993978,user4794@email.com,9700696681,Silver,2021-07-12
CUS04795,Suresh,Pandey,Other,1987-10-03,Nagpur,Maharashtra,738350,user4795@email.com,9392035653,Gold,2021-09-17
CUS04796,Isha,Sharma,M,1992-06-21,Nagpur,Maharashtra,547658,user4796@email.com,9966153808,Platinum,2023-12-10
CUS04797,Nisha,Mehta,M,1982-02-28,Bhopal,Madhya Pradesh,438392,user4797@email.com,9745254104,Bronze,2022-06-06
CUS04798,Isha,Shah,M,1995-07-23,Bhopal,Madhya Pradesh,371176,user4798@email.com,9591673711,Bronze,2024-03-26
CUS04799,Suresh,Nair,M,1975-08-10,Jaipur,Rajasthan,899038,user4799@email.com,9735566972,Gold,2023-12-02
CUS04800,Arjun,Reddy,F,1973-01-11,Hyderabad,Telangana,577447,user4800@email.com,9327919454,Platinum,2021-08-11
CUS04801,Lata,Pandey,F,1980-04-12,Kolkata,West Bengal,799360,user4801@email.com,9505113465,Silver,2021-11-19
CUS04802,Nisha,Mishra,F,1980-07-23,Pune,Maharashtra,740984,user4802@email.com,9722116070,Bronze,2024-10-13
CUS04803,Nisha,Kumar,F,1983-01-28,Mumbai,Maharashtra,994804,user4803@email.com,9789855263,Bronze,2021-09-16
CUS04804,Neha,Agarwal,F,1982-03-15,Bhopal,Madhya Pradesh,189132,user4804@email.com,9380098706,Silver,2024-12-23
CUS04805,Rohan,Singh,M,1981-11-21,Nagpur,Maharashtra,895572,user4805@email.com,9330739390,Gold,2022-05-09
CUS04806,Ritu,Mishra,M,1982-03-18,Kolkata,West Bengal,511239,user4806@email.com,9615862560,Gold,2023-04-10
CUS04807,Nisha,Rao,M,1984-08-31,Pune,Maharashtra,455159,user4807@email.com,9182220259,Silver,2024-12-24
CUS04808,Nisha,Sharma,F,1998-07-13,Jaipur,Rajasthan,503030,user4808@email.com,9627631129,Silver,2020-07-23
CUS04809,Rajesh,Joshi,M,2000-06-07,Kolkata,West Bengal,828020,user4809@email.com,9322787654,Platinum,2021-07-01
CUS04810,Swathi,Agarwal,F,1994-12-20,Hyderabad,Telangana,443582,user4810@email.com,9120021570,Gold,2024-05-14
CUS04811,Arjun,Rao,F,1991-02-05,Nagpur,Maharashtra,117447,user4811@email.com,9793329066,Bronze,2024-11-23
CUS04812,Nisha,Tiwari,F,1992-05-19,Pune,Maharashtra,340465,user4812@email.com,9620198442,Bronze,2020-02-03
CUS04813,Vikram,Gupta,F,1998-06-02,Mumbai,Maharashtra,934042,user4813@email.com,9702358509,Silver,2020-11-07
CUS04814,Varun,Verma,F,1994-03-18,Ahmedabad,Gujarat,447218,user4814@email.com,9960644116,Silver,2020-07-09
CUS04815,Priya,Reddy,M,1988-11-08,Kolkata,West Bengal,815641,user4815@email.com,9358468406,Silver,2020-08-07
CUS04816,Mohan,Bose,M,1995-08-25,Bhopal,Madhya Pradesh,280805,user4816@email.com,9911286994,Bronze,2022-06-06
CUS04817,Divya,Kapoor,Other,1993-04-14,Bhopal,Madhya Pradesh,174810,user4817@email.com,9775582258,Silver,2021-12-09
CUS04818,Pooja,Kapoor,F,1985-05-31,Chandigarh,Punjab,700802,user4818@email.com,9362523228,Gold,2021-01-17
CUS04819,Neha,Verma,F,1988-12-16,Pune,Maharashtra,803776,user4819@email.com,9513779957,Bronze,2020-12-24
CUS04820,Meera,Iyer,M,1994-05-21,Jaipur,Rajasthan,980697,user4820@email.com,9190817227,Bronze,2021-07-29
CUS04821,Neha,Reddy,M,1991-06-28,Delhi,Delhi,706187,user4821@email.com,9505200646,Silver,2022-06-29
CUS04822,Ritu,Pandey,F,1977-05-23,Delhi,Delhi,101608,user4822@email.com,9915068849,Bronze,2023-05-20
CUS04823,Suresh,Pillai,M,1981-10-07,Nagpur,Maharashtra,842510,user4823@email.com,9625838800,Silver,2020-03-12
CUS04824,Sanjay,Bose,M,1998-12-22,Jaipur,Rajasthan,326738,user4824@email.com,9515850822,Bronze,2021-08-23
CUS04825,Priya,Nair,F,1993-11-24,Bengaluru,Karnataka,326106,user4825@email.com,9372439905,Bronze,2023-04-26
CUS04826,Rahul,Pandey,M,1994-03-02,Kolkata,West Bengal,633379,user4826@email.com,9938466759,Silver,2021-05-02
CUS04827,Lata,Iyer,M,1992-06-24,Kochi,Kerala,663312,user4827@email.com,9177244239,Silver,2023-10-09
CUS04828,Rahul,Iyer,M,1975-01-06,Bengaluru,Karnataka,812641,user4828@email.com,9552774308,Bronze,2020-02-04
CUS04829,Varun,Patel,M,1974-02-22,Kochi,Kerala,330519,user4829@email.com,9233178211,Gold,2024-11-09
CUS04830,Arjun,Pillai,F,1991-09-29,Kolkata,West Bengal,548798,user4830@email.com,9285821044,Silver,2020-04-09
CUS04831,Vikram,Shah,M,1974-10-16,Nagpur,Maharashtra,511475,user4831@email.com,9577274150,Silver,2024-10-06
CUS04832,Priya,Kapoor,F,1975-10-31,Kochi,Kerala,681192,user4832@email.com,9750100764,Silver,2024-03-08
CUS04833,Arjun,Bose,Other,1978-02-20,Ahmedabad,Gujarat,492517,user4833@email.com,9758499804,Bronze,2022-09-26
CUS04834,Dev,Iyer,F,1985-01-26,Kolkata,West Bengal,980081,user4834@email.com,9639485907,Gold,2020-11-09
CUS04835,Rajesh,Pillai,F,1971-12-12,Bengaluru,Karnataka,567796,user4835@email.com,9905203911,Silver,2022-02-22
CUS04836,Prakash,Sharma,Other,1975-01-26,Kolkata,West Bengal,922092,user4836@email.com,9357726102,Silver,2021-07-17
CUS04837,Nisha,Verma,F,1986-05-03,Ahmedabad,Gujarat,126237,user4837@email.com,9384690208,Gold,2021-07-06
CUS04838,Neha,Bose,M,1976-10-14,Mumbai,Maharashtra,471920,user4838@email.com,9186454570,Bronze,2024-05-05
CUS04839,Meera,Nair,M,1972-01-17,Ahmedabad,Gujarat,179724,user4839@email.com,9440472854,Gold,2022-03-02
CUS04840,Rahul,Nair,M,1978-07-15,Chandigarh,Punjab,716940,user4840@email.com,9162479796,Gold,2023-06-28
CUS04841,Mohan,Patel,F,1977-06-14,Surat,Gujarat,391255,user4841@email.com,9892931318,Bronze,2021-10-22
CUS04842,Meera,Shah,M,1984-04-17,Pune,Maharashtra,630831,user4842@email.com,9261077524,Bronze,2020-06-04
CUS04843,Lata,Gupta,M,1983-06-17,Kolkata,West Bengal,650852,user4843@email.com,9959519811,Bronze,2020-06-19
CUS04844,Nisha,Pillai,M,1973-04-28,Surat,Gujarat,289051,user4844@email.com,9315054170,Gold,2023-05-29
CUS04845,Nisha,Agarwal,Other,1986-12-24,Bengaluru,Karnataka,761963,user4845@email.com,9833943659,Platinum,2023-11-09
CUS04846,Ajay,Sharma,F,1995-09-08,Surat,Gujarat,138607,user4846@email.com,9379418113,Silver,2020-07-03
CUS04847,Rajesh,Singh,M,1977-07-01,Bhopal,Madhya Pradesh,871345,user4847@email.com,9363619558,Gold,2020-03-29
CUS04848,Ajay,Pillai,F,1976-11-17,Lucknow,Uttar Pradesh,181575,user4848@email.com,9184465272,Silver,2024-10-20
CUS04849,Swathi,Kapoor,F,1980-04-30,Chandigarh,Punjab,871330,user4849@email.com,9528532743,Gold,2022-10-13
CUS04850,Rohan,Verma,M,1977-04-13,Delhi,Delhi,433742,user4850@email.com,9639429016,Bronze,2023-03-13
CUS04851,Ritu,Gupta,M,1984-07-02,Ahmedabad,Gujarat,180216,user4851@email.com,9434963378,Gold,2020-08-07
CUS04852,Amit,Agarwal,F,1995-08-21,Ahmedabad,Gujarat,635535,user4852@email.com,9790240116,Gold,2024-01-25
CUS04853,Suresh,Bose,F,1971-05-02,Pune,Maharashtra,394297,user4853@email.com,9873681671,Silver,2024-11-03
CUS04854,Nisha,Shah,F,1970-08-20,Lucknow,Uttar Pradesh,919958,user4854@email.com,9995386701,Bronze,2023-04-13
CUS04855,Vikram,Pandey,M,1978-07-22,Nagpur,Maharashtra,490976,user4855@email.com,9864520071,Bronze,2020-01-22
CUS04856,Kiran,Pandey,F,1983-05-06,Pune,Maharashtra,117590,user4856@email.com,9665597871,Silver,2023-02-20
CUS04857,Arjun,Joshi,F,1973-08-26,Delhi,Delhi,825253,user4857@email.com,9348632825,Bronze,2024-12-03
CUS04858,Rajesh,Joshi,F,1977-10-09,Bengaluru,Karnataka,399654,user4858@email.com,9118628435,Bronze,2022-05-10
CUS04859,Isha,Iyer,F,1985-01-17,Bhopal,Madhya Pradesh,542846,user4859@email.com,9287620469,Platinum,2020-05-22
CUS04860,Arjun,Patel,M,1999-11-10,Delhi,Delhi,326787,user4860@email.com,9194746366,Silver,2023-08-27
CUS04861,Priya,Mehta,F,1974-10-27,Pune,Maharashtra,572978,user4861@email.com,9361602151,Bronze,2020-10-05
CUS04862,Varun,Singh,M,1998-04-19,Lucknow,Uttar Pradesh,868849,user4862@email.com,9895266380,Silver,2021-08-07
CUS04863,Arjun,Mishra,M,1981-05-23,Bengaluru,Karnataka,417137,user4863@email.com,9988643566,Bronze,2020-04-26
CUS04864,Kiran,Pandey,M,1979-01-18,Chennai,Tamil Nadu,208120,user4864@email.com,9117917540,Platinum,2023-04-07
CUS04865,Neha,Joshi,F,1983-07-31,Kochi,Kerala,336904,user4865@email.com,9940837611,Silver,2021-09-29
CUS04866,Pooja,Pillai,Other,1992-08-31,Surat,Gujarat,663369,user4866@email.com,9902856986,Silver,2021-03-07
CUS04867,Neha,Agarwal,M,1987-10-25,Chandigarh,Punjab,621038,user4867@email.com,9614393186,Bronze,2024-10-29
CUS04868,Rohan,Nair,F,1994-11-03,Chennai,Tamil Nadu,180063,user4868@email.com,9642757734,Silver,2024-10-11
CUS04869,Vikram,Pillai,F,1998-07-21,Mumbai,Maharashtra,305096,user4869@email.com,9387264315,Platinum,2022-10-07
CUS04870,Ajay,Rao,F,1994-10-15,Pune,Maharashtra,182349,user4870@email.com,9475016990,Bronze,2022-10-02
CUS04871,Geeta,Kapoor,F,1999-05-15,Lucknow,Uttar Pradesh,482394,user4871@email.com,9784720281,Bronze,2023-10-12
CUS04872,Isha,Verma,F,1978-04-26,Delhi,Delhi,460424,user4872@email.com,9768530781,Gold,2021-04-29
CUS04873,Ritu,Tiwari,F,1972-05-24,Mumbai,Maharashtra,840170,user4873@email.com,9827370577,Gold,2023-07-18
CUS04874,Geeta,Joshi,Other,1986-12-08,Delhi,Delhi,680911,user4874@email.com,9502769279,Bronze,2023-05-12
CUS04875,Suresh,Kumar,M,1991-02-05,Chandigarh,Punjab,461928,user4875@email.com,9913787202,Silver,2023-08-10
CUS04876,Kavya,Nair,F,1988-09-24,Chennai,Tamil Nadu,201817,user4876@email.com,9730927112,Bronze,2021-07-26
CUS04877,Ajay,Tiwari,M,1979-12-18,Jaipur,Rajasthan,851280,user4877@email.com,9921873530,Bronze,2023-12-18
CUS04878,Rahul,Verma,M,1985-06-04,Mumbai,Maharashtra,370743,user4878@email.com,9513583322,Bronze,2024-04-16
CUS04879,Mohan,Pandey,Other,1989-02-03,Bengaluru,Karnataka,281455,user4879@email.com,9434746255,Platinum,2024-09-05
CUS04880,Mohan,Pandey,F,1975-04-15,Delhi,Delhi,702127,user4880@email.com,9597475626,Gold,2024-02-26
CUS04881,Ajay,Patel,F,1981-08-26,Chennai,Tamil Nadu,871233,user4881@email.com,9209097380,Bronze,2023-12-05
CUS04882,Kiran,Reddy,F,1992-09-21,Jaipur,Rajasthan,302576,user4882@email.com,9416960020,Bronze,2024-04-24
CUS04883,Divya,Shah,M,1986-06-28,Delhi,Delhi,361576,user4883@email.com,9190030521,Bronze,2023-02-12
CUS04884,Meera,Pillai,M,1971-12-20,Surat,Gujarat,156595,user4884@email.com,9167400710,Bronze,2024-09-08
CUS04885,Rahul,Patel,F,1981-01-09,Mumbai,Maharashtra,411251,user4885@email.com,9111019532,Silver,2020-10-31
CUS04886,Rohan,Kumar,F,1981-11-26,Jaipur,Rajasthan,746592,user4886@email.com,9895000643,Silver,2021-07-18
CUS04887,Kavya,Mehta,F,1971-01-09,Lucknow,Uttar Pradesh,428059,user4887@email.com,9443346851,Silver,2024-12-19
CUS04888,Varun,Agarwal,M,1990-08-02,Kochi,Kerala,939091,user4888@email.com,9427949509,Bronze,2021-04-04
CUS04889,Divya,Kumar,F,1984-04-20,Nagpur,Maharashtra,878025,user4889@email.com,9297313013,Silver,2021-07-05
CUS04890,Vikram,Agarwal,F,1991-07-24,Delhi,Delhi,999349,user4890@email.com,9742045128,Bronze,2020-04-25
CUS04891,Priya,Agarwal,M,1974-04-05,Bengaluru,Karnataka,186018,user4891@email.com,9763705212,Platinum,2022-08-22
CUS04892,Sneha,Sharma,M,1984-08-06,Chandigarh,Punjab,209724,user4892@email.com,9846008575,Gold,2021-12-22
CUS04893,Sanjay,Pandey,M,1971-02-11,Surat,Gujarat,161733,user4893@email.com,9909338691,Gold,2020-05-27
CUS04894,Mohan,Kapoor,F,1973-06-06,Bhopal,Madhya Pradesh,267811,user4894@email.com,9813129717,Bronze,2024-09-15
CUS04895,Lata,Kumar,M,1987-07-30,Chandigarh,Punjab,248263,user4895@email.com,9548183313,Gold,2021-03-17
CUS04896,Vikram,Reddy,F,1986-05-16,Nagpur,Maharashtra,763559,user4896@email.com,9970323808,Silver,2021-04-12
CUS04897,Dev,Shah,M,2000-10-12,Nagpur,Maharashtra,920158,user4897@email.com,9509126603,Gold,2024-08-17
CUS04898,Ajay,Shah,Other,1986-09-19,Lucknow,Uttar Pradesh,131957,user4898@email.com,9668093326,Bronze,2022-10-04
CUS04899,Isha,Tiwari,F,1978-10-15,Kolkata,West Bengal,842828,user4899@email.com,9192717920,Gold,2022-01-26
CUS04900,Meera,Tiwari,M,1974-05-28,Mumbai,Maharashtra,794208,user4900@email.com,9958620839,Silver,2021-10-14
CUS04901,Geeta,Pillai,F,1977-04-06,Nagpur,Maharashtra,896984,user4901@email.com,9242452492,Silver,2023-10-05
CUS04902,Priya,Nair,M,1989-06-10,Ahmedabad,Gujarat,131987,user4902@email.com,9150064782,Platinum,2020-05-01
CUS04903,Amit,Gupta,F,1994-06-14,Surat,Gujarat,745592,user4903@email.com,9629725989,Gold,2022-02-13
CUS04904,Ritu,Nair,F,1990-09-23,Kolkata,West Bengal,228027,user4904@email.com,9255422037,Silver,2022-10-15
CUS04905,Divya,Rao,M,1971-11-26,Delhi,Delhi,852058,user4905@email.com,9971236315,Bronze,2020-06-01
CUS04906,Suresh,Sharma,F,1994-02-27,Surat,Gujarat,254580,user4906@email.com,9778338775,Platinum,2022-10-11
CUS04907,Aarav,Shah,M,1986-05-02,Pune,Maharashtra,679252,user4907@email.com,9130794826,Bronze,2023-03-29
CUS04908,Varun,Joshi,M,1982-04-13,Nagpur,Maharashtra,538838,user4908@email.com,9940928459,Bronze,2022-03-11
CUS04909,Prakash,Bose,M,1984-06-01,Kolkata,West Bengal,943729,user4909@email.com,9528572652,Silver,2024-10-01
CUS04910,Kiran,Patel,F,1995-02-19,Lucknow,Uttar Pradesh,124425,user4910@email.com,9376140252,Gold,2020-09-22
CUS04911,Suresh,Tiwari,F,1994-08-02,Surat,Gujarat,556813,user4911@email.com,9521059872,Platinum,2020-06-28
CUS04912,Rahul,Patel,M,1972-07-21,Kolkata,West Bengal,507821,user4912@email.com,9453506845,Silver,2022-04-08
CUS04913,Nisha,Reddy,M,1972-02-14,Hyderabad,Telangana,686011,user4913@email.com,9628428046,Silver,2024-01-20
CUS04914,Suresh,Mishra,F,1972-05-06,Nagpur,Maharashtra,499420,user4914@email.com,9473226993,Silver,2021-05-01
CUS04915,Swathi,Pandey,F,1998-01-08,Nagpur,Maharashtra,177666,user4915@email.com,9321194669,Bronze,2021-09-19
CUS04916,Nisha,Reddy,F,1979-10-04,Mumbai,Maharashtra,244758,user4916@email.com,9735202247,Bronze,2024-11-07
CUS04917,Sneha,Nair,F,1999-04-30,Delhi,Delhi,109564,user4917@email.com,9400048778,Silver,2020-10-10
CUS04918,Arjun,Mishra,F,1970-08-31,Lucknow,Uttar Pradesh,183510,user4918@email.com,9909241996,Silver,2022-08-20
CUS04919,Rahul,Kapoor,M,1984-06-19,Mumbai,Maharashtra,445265,user4919@email.com,9230194626,Gold,2024-01-05
CUS04920,Arjun,Kapoor,F,1990-05-02,Kochi,Kerala,902471,user4920@email.com,9446445097,Gold,2021-05-11
CUS04921,Ananya,Tiwari,M,1991-09-09,Jaipur,Rajasthan,176984,user4921@email.com,9732564212,Gold,2023-02-21
CUS04922,Arjun,Mishra,F,1971-06-16,Delhi,Delhi,866589,user4922@email.com,9151302983,Platinum,2023-07-04
CUS04923,Divya,Mishra,M,2000-11-25,Chennai,Tamil Nadu,350996,user4923@email.com,9731922786,Bronze,2023-01-18
CUS04924,Lata,Agarwal,F,1988-03-06,Delhi,Delhi,770674,user4924@email.com,9160446779,Gold,2020-10-19
CUS04925,Lata,Iyer,M,1989-11-26,Hyderabad,Telangana,865621,user4925@email.com,9522885914,Silver,2020-06-30
CUS04926,Kavya,Gupta,F,1977-01-06,Chandigarh,Punjab,896015,user4926@email.com,9655197395,Silver,2021-01-10
CUS04927,Suresh,Agarwal,F,1974-01-01,Surat,Gujarat,447842,user4927@email.com,9508019579,Silver,2021-08-23
CUS04928,Rajesh,Joshi,M,1984-10-24,Bengaluru,Karnataka,795764,user4928@email.com,9811276402,Silver,2020-07-11
CUS04929,Neha,Joshi,F,1989-07-06,Bengaluru,Karnataka,272752,user4929@email.com,9869769967,Silver,2021-09-30
CUS04930,Ajay,Kumar,F,1971-09-14,Mumbai,Maharashtra,261755,user4930@email.com,9363570700,Bronze,2022-01-29
CUS04931,Nisha,Kapoor,F,1977-02-15,Mumbai,Maharashtra,547840,user4931@email.com,9674642822,Gold,2023-04-12
CUS04932,Varun,Agarwal,F,1977-01-24,Surat,Gujarat,529396,user4932@email.com,9786269852,Silver,2020-04-18
CUS04933,Swathi,Shah,M,1990-11-14,Mumbai,Maharashtra,940654,user4933@email.com,9692344782,Bronze,2020-12-23
CUS04934,Lata,Gupta,F,1977-12-04,Kolkata,West Bengal,971315,user4934@email.com,9717231320,Silver,2021-10-11
CUS04935,Rohan,Iyer,M,1994-02-02,Bengaluru,Karnataka,310413,user4935@email.com,9187145898,Platinum,2023-10-16
CUS04936,Prakash,Pillai,F,1990-03-16,Hyderabad,Telangana,843565,user4936@email.com,9454069622,Silver,2020-08-16
CUS04937,Geeta,Kapoor,F,1993-07-06,Bengaluru,Karnataka,612276,user4937@email.com,9394782915,Silver,2020-09-08
CUS04938,Arjun,Singh,Other,1987-08-10,Ahmedabad,Gujarat,167496,user4938@email.com,9857797684,Silver,2024-11-16
CUS04939,Sanjay,Joshi,M,1974-04-01,Jaipur,Rajasthan,438931,user4939@email.com,9916701932,Bronze,2024-12-13
CUS04940,Dev,Kumar,F,1992-01-16,Kochi,Kerala,748878,user4940@email.com,9629375948,Silver,2023-02-06
CUS04941,Pooja,Gupta,F,1983-09-06,Hyderabad,Telangana,472865,user4941@email.com,9945174794,Bronze,2020-06-17
CUS04942,Meera,Agarwal,M,1987-05-27,Chandigarh,Punjab,217013,user4942@email.com,9756461422,Silver,2024-03-29
CUS04943,Swathi,Agarwal,M,1990-10-30,Jaipur,Rajasthan,857727,user4943@email.com,9108521509,Platinum,2020-12-25
CUS04944,Rajesh,Nair,M,1990-04-20,Mumbai,Maharashtra,628814,user4944@email.com,9978510324,Bronze,2024-04-29
CUS04945,Sneha,Shah,F,1996-12-16,Bhopal,Madhya Pradesh,977787,user4945@email.com,9140414729,Bronze,2024-09-10
CUS04946,Kiran,Tiwari,F,1988-10-19,Kochi,Kerala,770356,user4946@email.com,9266680994,Bronze,2021-02-04
CUS04947,Vikram,Reddy,F,1990-12-21,Kolkata,West Bengal,896209,user4947@email.com,9681377696,Gold,2024-03-22
CUS04948,Divya,Pandey,M,1971-07-31,Chennai,Tamil Nadu,500105,user4948@email.com,9540459436,Silver,2024-08-13
CUS04949,Dev,Kapoor,F,1987-07-11,Lucknow,Uttar Pradesh,557067,user4949@email.com,9803200853,Silver,2021-05-18
CUS04950,Ritu,Kapoor,Other,1996-08-19,Delhi,Delhi,387932,user4950@email.com,9108704457,Gold,2020-08-24
CUS04951,Geeta,Mehta,F,1979-06-09,Chennai,Tamil Nadu,175486,user4951@email.com,9458247397,Gold,2022-03-21
CUS04952,Lata,Iyer,M,1988-01-25,Ahmedabad,Gujarat,652582,user4952@email.com,9528564635,Silver,2020-12-23
CUS04953,Isha,Kumar,F,1978-03-04,Kochi,Kerala,442146,user4953@email.com,9380477137,Bronze,2024-02-24
CUS04954,Aarav,Pillai,M,1985-12-11,Nagpur,Maharashtra,261733,user4954@email.com,9521927856,Bronze,2020-08-22
CUS04955,Nisha,Bose,F,1976-05-23,Nagpur,Maharashtra,884060,user4955@email.com,9985509949,Platinum,2021-05-06
CUS04956,Mohan,Reddy,F,1979-01-10,Surat,Gujarat,150413,user4956@email.com,9775519335,Bronze,2021-10-22
CUS04957,Sanjay,Mehta,F,1987-12-31,Chennai,Tamil Nadu,166025,user4957@email.com,9214982215,Silver,2021-07-25
CUS04958,Mohan,Kapoor,F,1990-01-04,Bengaluru,Karnataka,465978,user4958@email.com,9538911327,Silver,2023-03-08
CUS04959,Geeta,Reddy,F,1988-01-13,Surat,Gujarat,482133,user4959@email.com,9892274377,Bronze,2024-11-17
CUS04960,Prakash,Pillai,Other,1972-09-27,Delhi,Delhi,857758,user4960@email.com,9942530606,Silver,2020-05-15
CUS04961,Rahul,Verma,M,2000-06-15,Surat,Gujarat,120562,user4961@email.com,9823248462,Silver,2024-07-16
CUS04962,Neha,Rao,F,1996-10-12,Hyderabad,Telangana,193680,user4962@email.com,9270418799,Bronze,2024-03-01
CUS04963,Arjun,Nair,F,1970-12-19,Pune,Maharashtra,488791,user4963@email.com,9526989497,Silver,2024-03-03
CUS04964,Arjun,Mehta,F,1979-06-12,Jaipur,Rajasthan,102650,user4964@email.com,9578685950,Silver,2021-09-15
CUS04965,Varun,Sharma,F,1984-12-12,Chandigarh,Punjab,970460,user4965@email.com,9468716370,Bronze,2022-03-19
CUS04966,Prakash,Tiwari,F,1975-07-20,Chandigarh,Punjab,204915,user4966@email.com,9751922209,Silver,2022-01-22
CUS04967,Isha,Pillai,M,1987-01-10,Ahmedabad,Gujarat,260617,user4967@email.com,9714810201,Silver,2022-07-07
CUS04968,Divya,Kumar,F,1971-03-21,Kolkata,West Bengal,733355,user4968@email.com,9938326656,Bronze,2024-04-06
CUS04969,Tara,Kumar,M,1979-05-26,Chennai,Tamil Nadu,388979,user4969@email.com,9765625990,Silver,2023-05-13
CUS04970,Ajay,Iyer,F,1999-10-20,Jaipur,Rajasthan,775380,user4970@email.com,9461146735,Silver,2022-03-16
CUS04971,Arjun,Mishra,M,1994-12-01,Ahmedabad,Gujarat,467531,user4971@email.com,9507200851,Gold,2022-04-30
CUS04972,Prakash,Patel,F,1986-06-04,Lucknow,Uttar Pradesh,479212,user4972@email.com,9450194069,Bronze,2020-03-13
CUS04973,Arjun,Nair,F,1996-01-14,Lucknow,Uttar Pradesh,420777,user4973@email.com,9339074098,Platinum,2024-02-03
CUS04974,Kavya,Bose,F,1990-10-20,Pune,Maharashtra,206795,user4974@email.com,9461083934,Gold,2024-10-29
CUS04975,Rajesh,Joshi,Other,1992-05-13,Chandigarh,Punjab,861186,user4975@email.com,9102869995,Gold,2024-07-14
CUS04976,Ajay,Pandey,F,1985-04-18,Kolkata,West Bengal,156380,user4976@email.com,9622780076,Silver,2021-07-22
CUS04977,Pooja,Mehta,F,1980-04-17,Kochi,Kerala,462570,user4977@email.com,9326032381,Bronze,2021-12-24
CUS04978,Amit,Kumar,Other,1978-04-05,Ahmedabad,Gujarat,796244,user4978@email.com,9151259017,Bronze,2022-05-26
CUS04979,Dev,Gupta,F,1992-03-25,Hyderabad,Telangana,339826,user4979@email.com,9923022843,Bronze,2020-07-18
CUS04980,Pooja,Singh,F,1980-08-09,Kolkata,West Bengal,791287,user4980@email.com,9381765897,Silver,2022-11-21
CUS04981,Vikram,Joshi,M,1988-01-12,Ahmedabad,Gujarat,483026,user4981@email.com,9602831595,Platinum,2020-11-25
CUS04982,Sanjay,Gupta,M,1971-03-09,Hyderabad,Telangana,459251,user4982@email.com,9390300589,Silver,2024-12-24
CUS04983,Dev,Bose,M,2000-02-05,Kochi,Kerala,512622,user4983@email.com,9673342956,Bronze,2023-01-21
CUS04984,Meera,Mishra,M,1980-04-21,Surat,Gujarat,797503,user4984@email.com,9437234196,Bronze,2024-02-02
CUS04985,Vikram,Verma,M,2000-04-17,Bhopal,Madhya Pradesh,490992,user4985@email.com,9475292209,Silver,2020-04-29
CUS04986,Ajay,Tiwari,F,1994-06-04,Bhopal,Madhya Pradesh,977317,user4986@email.com,9469378398,Silver,2024-07-08
CUS04987,Divya,Bose,M,1977-06-18,Lucknow,Uttar Pradesh,625950,user4987@email.com,9204927181,Silver,2024-05-28
CUS04988,Priya,Reddy,F,1986-03-12,Pune,Maharashtra,656692,user4988@email.com,9930445270,Platinum,2024-03-24
CUS04989,Dev,Kumar,F,1984-03-28,Surat,Gujarat,530487,user4989@email.com,9280006670,Bronze,2021-04-12
CUS04990,Lata,Mehta,M,1977-02-08,Kochi,Kerala,415184,user4990@email.com,9119588153,Silver,2024-12-07
CUS04991,Sanjay,Tiwari,Other,1996-05-21,Kolkata,West Bengal,566184,user4991@email.com,9780321233,Gold,2022-11-03
CUS04992,Lata,Bose,F,1991-09-23,Kolkata,West Bengal,612900,user4992@email.com,9873485234,Gold,2022-11-23
CUS04993,Mohan,Iyer,Other,1980-11-07,Bhopal,Madhya Pradesh,230532,user4993@email.com,9696969321,Bronze,2024-01-06
CUS04994,Rajesh,Rao,Other,1992-09-25,Hyderabad,Telangana,643373,user4994@email.com,9865436080,Bronze,2022-06-20
CUS04995,Meera,Shah,M,1991-12-29,Kolkata,West Bengal,583896,user4995@email.com,9127271207,Bronze,2022-06-26
CUS04996,Sanjay,Kumar,M,1983-01-06,Bhopal,Madhya Pradesh,582467,user4996@email.com,9473591936,Silver,2021-02-18
CUS04997,Tara,Patel,F,1986-07-16,Mumbai,Maharashtra,559621,user4997@email.com,9904989260,Bronze,2024-12-11
CUS04998,Amit,Tiwari,F,1995-06-03,Pune,Maharashtra,382811,user4998@email.com,9716997878,Bronze,2022-04-24
CUS04999,Nisha,Pandey,M,1981-01-21,Jaipur,Rajasthan,654698,user4999@email.com,9435652862,Bronze,2022-04-13
CUS05000,Sanjay,Reddy,M,1995-11-12,Delhi,Delhi,936896,user5000@email.com,9492093199,Silver,2021-08-28
