INVENTORY_DATE,STORE_ID,PRODUCT_ID,OPENING_STOCK,PURCHASES,SALES,CLOSING_STOCK,REGION_ID,SHRINKAGE,REORDER_TRIGGERED
2024-12-15,STR010,PRD0116,923,276,532,667,R1,4.77,0
2024-01-28,STR030,PRD0002,446,132,93,485,R5,2.63,0
2023-02-26,STR003,PRD0003,848,275,48,1075,R3,3.69,0
2023-12-24,STR010,PRD0095,512,32,520,24,R1,2.85,1
2024-01-07,STR028,PRD0032,605,337,86,856,R3,1.75,0
2023-03-12,STR026,PRD0087,374,36,374,36,R3,3.83,1
2024-03-17,STR022,PRD0068,358,81,165,274,R3,4.05,0
2024-03-10,STR006,PRD0121,260,343,387,216,R2,0.44,0
2024-03-24,STR018,PRD0053,950,317,426,841,R5,1.35,0
2023-03-05,STR028,PRD0065,335,352,576,111,R3,0.09,0
2023-09-10,STR045,PRD0105,355,96,386,65,R4,0.01,1
2024-04-07,STR013,PRD0031,921,45,356,610,R2,1.92,0
2023-10-29,STR014,PRD0045,767,195,96,866,R5,3.66,0
2024-07-21,STR022,PRD0047,227,68,233,62,R3,0.23,1
2023-05-07,STR032,PRD0106,819,62,474,407,R2,3.87,0
2024-08-25,STR025,PRD0120,339,251,247,343,R4,0.37,0
2023-12-24,STR026,PRD0120,785,216,346,655,R3,1.84,0
2024-04-28,STR033,PRD0014,311,391,184,518,R1,0.97,0
2023-04-02,STR025,PRD0059,538,334,284,588,R4,4.8,0
2024-11-10,STR047,PRD0142,124,176,297,3,R2,3.02,1
2023-10-08,STR027,PRD0044,294,451,30,715,R1,3.35,0
2023-04-23,STR026,PRD0058,315,79,41,353,R3,2.92,0
2023-09-10,STR016,PRD0015,126,141,143,124,R2,3.76,0
2023-09-17,STR008,PRD0151,587,165,286,466,R2,0.4,0
2024-01-21,STR001,PRD0066,377,20,81,316,R2,4.37,0
2024-01-21,STR012,PRD0102,439,499,394,544,R4,4.18,0
2023-08-06,STR001,PRD0101,108,231,190,149,R2,0.12,0
2024-04-07,STR036,PRD0078,112,420,42,490,R3,1.48,0
2023-11-26,STR004,PRD0017,230,204,286,148,R4,3.33,0
2024-06-23,STR028,PRD0007,168,320,357,131,R3,1.42,0
2023-03-26,STR036,PRD0027,165,390,189,366,R3,0.44,0
2024-05-05,STR049,PRD0002,171,65,84,152,R3,0.99,0
2023-09-17,STR040,PRD0108,672,172,545,299,R2,0.05,0
2023-12-03,STR013,PRD0018,953,304,113,1144,R2,1.85,0
2024-12-01,STR028,PRD0137,632,237,150,719,R3,2.53,0
2023-03-26,STR005,PRD0044,477,221,503,195,R1,3.87,0
2023-10-08,STR037,PRD0051,562,242,526,278,R1,0.55,0
2023-03-26,STR016,PRD0039,232,182,269,145,R2,3.4,0
2023-12-03,STR021,PRD0086,616,291,361,546,R3,3.92,0
2024-04-21,STR020,PRD0061,223,327,260,290,R3,4.91,0
2023-04-30,STR029,PRD0021,267,17,124,160,R2,1.84,0
2023-09-03,STR018,PRD0111,993,85,278,800,R5,3.33,0
2023-07-09,STR032,PRD0150,617,196,241,572,R2,3.76,0
2024-09-22,STR007,PRD0093,112,37,67,82,R5,3.18,1
2023-10-29,STR016,PRD0152,148,9,141,16,R2,2.71,1
2023-11-05,STR011,PRD0157,603,464,570,497,R4,1.65,0
2023-04-09,STR013,PRD0101,444,122,427,139,R2,0.18,0
2023-02-05,STR050,PRD0064,615,235,234,616,R2,0.95,0
2024-11-17,STR016,PRD0059,443,429,14,858,R2,4.38,0
2024-01-14,STR019,PRD0032,731,202,352,581,R3,1.6,0
2024-03-24,STR047,PRD0006,214,142,192,164,R2,2.15,0
2023-04-23,STR016,PRD0054,210,466,484,192,R2,0.19,0
2023-03-12,STR047,PRD0055,706,351,128,929,R2,2.2,0
2023-11-26,STR044,PRD0010,151,492,552,91,R5,3.82,1
2024-06-23,STR035,PRD0083,350,467,511,306,R5,2.12,0
2023-04-16,STR032,PRD0099,775,24,495,304,R2,0.43,0
2024-08-04,STR040,PRD0062,328,152,181,299,R2,4.42,0
2024-07-21,STR042,PRD0029,605,155,450,310,R3,4.38,0
2024-08-04,STR015,PRD0153,709,434,574,569,R5,2.82,0
2024-02-11,STR049,PRD0136,488,251,29,710,R3,4.04,0
2023-12-31,STR048,PRD0010,277,225,72,430,R2,2.36,0
2023-08-06,STR020,PRD0107,887,137,519,505,R3,3.39,0
2024-12-22,STR028,PRD0052,919,120,159,880,R3,4.32,0
2023-11-26,STR018,PRD0019,466,92,174,384,R5,2.69,0
2024-04-28,STR015,PRD0006,944,177,456,665,R5,3.73,0
2024-08-11,STR028,PRD0160,291,129,338,82,R3,0.86,1
2023-01-22,STR019,PRD0091,982,13,401,594,R3,2.53,0
2024-12-15,STR025,PRD0103,185,268,147,306,R4,2.5,0
2024-08-11,STR015,PRD0100,365,297,210,452,R5,4.7,0
2024-04-07,STR022,PRD0145,880,418,325,973,R3,0.8,0
2024-04-14,STR032,PRD0070,335,313,88,560,R2,3.46,0
2023-03-12,STR033,PRD0131,307,312,166,453,R1,4.31,0
2024-06-30,STR008,PRD0155,968,362,487,843,R2,0.19,0
2023-12-03,STR018,PRD0125,308,73,128,253,R5,4.59,0
2024-07-28,STR031,PRD0139,822,299,469,652,R5,3.24,0
2024-02-11,STR033,PRD0018,538,286,168,656,R1,4.94,0
2024-08-25,STR005,PRD0021,734,263,96,901,R1,2.23,0
2023-09-10,STR004,PRD0063,643,140,313,470,R4,4.89,0
2024-03-24,STR028,PRD0008,851,136,320,667,R3,2.12,0
2023-07-09,STR042,PRD0116,126,175,255,46,R3,2.75,1
2023-05-07,STR020,PRD0120,946,417,493,870,R3,4.36,0
2024-03-10,STR004,PRD0090,257,242,77,422,R4,2.02,0
2024-04-07,STR020,PRD0090,923,139,210,852,R3,3.98,0
2024-10-13,STR036,PRD0106,688,431,53,1066,R3,0.96,0
2023-05-14,STR020,PRD0035,391,253,458,186,R3,4.58,0
2023-10-22,STR049,PRD0083,701,473,243,931,R3,3.88,0
2023-02-12,STR018,PRD0110,528,247,303,472,R5,1.46,0
2024-08-18,STR032,PRD0137,516,243,302,457,R2,0.01,0
2023-01-01,STR030,PRD0122,237,275,153,359,R5,4.4,0
2024-04-14,STR028,PRD0149,692,287,541,438,R3,1.87,0
2024-08-25,STR037,PRD0037,176,3,64,115,R1,2.48,0
2024-05-26,STR050,PRD0111,469,337,464,342,R2,2.78,0
2024-06-30,STR044,PRD0045,302,402,534,170,R5,3.4,0
2024-06-30,STR044,PRD0156,279,137,92,324,R5,4.62,0
2023-01-15,STR003,PRD0142,887,432,204,1115,R3,4.13,0
2023-11-19,STR022,PRD0049,814,201,223,792,R3,4.77,0
2024-08-11,STR017,PRD0043,113,364,107,370,R2,1.86,0
2024-09-22,STR025,PRD0021,321,85,150,256,R4,2.11,0
2024-04-21,STR018,PRD0002,700,495,111,1084,R5,3.57,0
2024-11-10,STR004,PRD0069,605,69,281,393,R4,1.33,0
2024-06-23,STR036,PRD0138,375,206,495,86,R3,3.13,1
2023-10-01,STR002,PRD0089,141,303,304,140,R2,0.69,0
2023-10-08,STR017,PRD0148,355,47,263,139,R2,4.21,0
2024-09-22,STR009,PRD0060,547,69,328,288,R5,3.86,0
2024-12-08,STR038,PRD0060,229,340,109,460,R3,4.44,0
2024-06-16,STR012,PRD0068,630,267,39,858,R4,1.17,0
2023-01-22,STR018,PRD0125,642,464,405,701,R5,0.47,0
2024-07-07,STR023,PRD0045,368,423,274,517,R5,3.03,0
2023-02-05,STR044,PRD0154,142,347,422,67,R5,1.83,1
2023-12-17,STR026,PRD0043,832,441,591,682,R3,3.61,0
2024-05-26,STR002,PRD0055,421,359,35,745,R2,4.03,0
2024-02-11,STR049,PRD0144,380,374,266,488,R3,2.14,0
2023-12-31,STR030,PRD0011,645,263,70,838,R5,2.06,0
2024-08-18,STR033,PRD0018,827,136,446,517,R1,2.82,0
2023-11-26,STR041,PRD0077,701,85,596,190,R5,0.57,0
2023-03-19,STR034,PRD0043,785,330,80,1035,R4,4.52,0
2023-07-02,STR034,PRD0109,388,142,461,69,R4,1.55,1
2024-08-18,STR045,PRD0052,152,55,63,144,R4,3.78,0
2023-10-15,STR035,PRD0082,464,214,347,331,R5,1.09,0
2023-10-01,STR008,PRD0022,952,139,571,520,R2,1.05,0
2023-09-10,STR003,PRD0094,386,478,220,644,R3,2.62,0
2023-07-16,STR044,PRD0107,748,272,298,722,R5,2.37,0
2023-05-07,STR040,PRD0072,258,300,303,255,R2,3.85,0
2024-05-19,STR040,PRD0098,287,173,46,414,R2,0.01,0
2023-04-23,STR024,PRD0140,116,371,5,482,R5,2.97,0
2024-05-19,STR011,PRD0050,449,113,431,131,R4,4.99,0
2024-06-30,STR011,PRD0130,176,497,234,439,R4,2.01,0
2024-09-01,STR049,PRD0135,138,372,299,211,R3,2.64,0
2024-12-01,STR048,PRD0119,723,490,293,920,R2,4.81,0
2023-04-23,STR044,PRD0147,489,341,533,297,R5,3.13,0
2023-09-03,STR031,PRD0108,914,104,362,656,R5,4.88,0
2024-02-04,STR005,PRD0100,427,169,5,591,R1,4.02,0
2024-06-09,STR008,PRD0090,670,179,74,775,R2,0.99,0
2024-03-10,STR012,PRD0134,610,178,289,499,R4,0.77,0
2024-04-28,STR047,PRD0040,100,97,142,55,R2,4.27,1
2024-06-23,STR036,PRD0020,670,339,353,656,R3,2.97,0
2024-02-18,STR031,PRD0141,168,32,15,185,R5,4.68,0
2023-02-26,STR023,PRD0088,778,437,18,1197,R5,4.92,0
2024-10-20,STR017,PRD0031,433,112,237,308,R2,1.59,0
2023-01-01,STR033,PRD0135,730,313,273,770,R1,0.73,0
2023-02-05,STR005,PRD0099,477,94,264,307,R1,0.96,0
2023-04-30,STR050,PRD0068,458,322,184,596,R2,0.61,0
2023-04-23,STR008,PRD0136,478,261,118,621,R2,4.94,0
2024-12-15,STR002,PRD0074,194,465,152,507,R2,2.7,0
2023-12-24,STR029,PRD0136,846,38,120,764,R2,2.04,0
2024-01-14,STR028,PRD0105,922,144,540,526,R3,3.31,0
2023-05-14,STR006,PRD0157,494,204,180,518,R2,3.21,0
2023-10-15,STR020,PRD0017,816,261,109,968,R3,1.25,0
2023-06-11,STR013,PRD0086,432,454,570,316,R2,1.65,0
2024-05-12,STR015,PRD0062,863,414,148,1129,R5,4.56,0
2024-01-21,STR008,PRD0136,479,159,433,205,R2,0.26,0
2023-08-06,STR038,PRD0035,217,149,155,211,R3,3.39,0
2024-09-08,STR039,PRD0068,450,228,448,230,R5,1.28,0
2023-11-12,STR040,PRD0083,233,383,4,612,R2,1.05,0
2023-04-30,STR008,PRD0093,411,228,161,478,R2,4.35,0
2024-07-28,STR039,PRD0005,354,263,244,373,R5,0.49,0
2023-12-03,STR013,PRD0012,156,11,160,7,R2,3.96,1
2023-07-09,STR013,PRD0034,261,112,311,62,R2,3.39,1
2023-05-21,STR026,PRD0034,738,402,532,608,R3,0.47,0
2023-07-30,STR031,PRD0009,234,32,144,122,R5,4.18,0
2023-02-19,STR032,PRD0106,953,142,502,593,R2,4.05,0
2023-07-09,STR009,PRD0088,448,480,176,752,R5,1.21,0
2024-07-07,STR034,PRD0066,243,31,100,174,R4,0.21,0
2024-02-25,STR025,PRD0099,379,302,388,293,R4,4.6,0
2024-09-01,STR024,PRD0065,932,448,184,1196,R5,3.52,0
2024-12-01,STR050,PRD0094,725,207,402,530,R2,0.91,0
2023-02-19,STR028,PRD0151,115,45,55,105,R3,2.2,0
2023-07-09,STR034,PRD0076,101,58,102,57,R4,0.95,1
2024-05-05,STR015,PRD0135,934,472,430,976,R5,4.87,0
2024-09-29,STR038,PRD0021,228,448,139,537,R3,3.67,0
2024-01-07,STR021,PRD0086,936,395,480,851,R3,1.61,0
2024-01-14,STR020,PRD0046,872,233,379,726,R3,4.74,0
2024-06-30,STR040,PRD0063,973,357,395,935,R2,1.76,0
2024-10-13,STR036,PRD0153,182,183,106,259,R3,1.07,0
2024-12-15,STR001,PRD0139,795,488,531,752,R2,3.3,0
2024-01-21,STR004,PRD0148,333,429,30,732,R4,4.59,0
2024-05-19,STR019,PRD0128,325,159,464,20,R3,0.26,1
2023-03-26,STR048,PRD0023,743,452,297,898,R2,3.42,0
2023-12-17,STR021,PRD0119,305,464,585,184,R3,1.43,0
2023-12-17,STR022,PRD0116,625,409,220,814,R3,3.81,0
2023-11-12,STR018,PRD0158,712,239,221,730,R5,2.73,0
2024-07-07,STR017,PRD0018,103,4,42,65,R2,1.95,1
2023-03-19,STR028,PRD0093,682,212,367,527,R3,3.57,0
2023-07-09,STR016,PRD0098,150,314,337,127,R2,3.53,0
2023-04-30,STR002,PRD0030,607,264,441,430,R2,3.18,0
2024-04-14,STR039,PRD0122,610,439,235,814,R5,4.95,0
2024-09-15,STR037,PRD0006,532,15,43,504,R1,3.21,0
2023-10-15,STR047,PRD0129,953,417,419,951,R2,0.09,0
2024-01-28,STR014,PRD0069,879,372,389,862,R5,2.44,0
2023-02-26,STR035,PRD0103,894,206,456,644,R5,0.45,0
2023-07-02,STR019,PRD0145,822,62,466,418,R3,0.58,0
2024-10-27,STR006,PRD0088,832,130,24,938,R2,4.11,0
2023-07-09,STR001,PRD0061,936,277,449,764,R2,2.18,0
2024-05-12,STR015,PRD0067,468,316,224,560,R5,2.2,0
2023-12-24,STR031,PRD0106,236,25,254,7,R5,4.02,1
2024-03-31,STR026,PRD0045,399,406,262,543,R3,0.02,0
2024-09-15,STR018,PRD0046,363,473,515,321,R5,0.93,0
2024-09-22,STR036,PRD0067,715,359,399,675,R3,0.44,0
2024-12-08,STR004,PRD0125,307,182,225,264,R4,2.02,0
2023-01-01,STR029,PRD0086,249,27,233,43,R2,2.69,1
2023-10-22,STR021,PRD0106,437,22,39,420,R3,1.06,0
2023-10-15,STR025,PRD0105,172,329,4,497,R4,0.0,0
2024-05-26,STR027,PRD0088,535,16,533,18,R1,0.25,1
2023-06-18,STR008,PRD0107,641,438,487,592,R2,2.21,0
2024-12-22,STR023,PRD0094,163,128,201,90,R5,4.42,1
2023-12-17,STR040,PRD0129,777,418,533,662,R2,2.42,0
2023-07-09,STR046,PRD0124,494,190,558,126,R3,3.71,0
2024-04-28,STR023,PRD0049,566,204,581,189,R5,4.9,0
2023-04-16,STR041,PRD0129,117,14,130,1,R5,0.34,1
2023-11-12,STR015,PRD0006,493,319,116,696,R5,3.73,0
2024-11-10,STR014,PRD0118,300,319,139,480,R5,1.08,0
2023-02-12,STR010,PRD0117,853,391,316,928,R1,1.35,0
2024-07-07,STR016,PRD0060,926,105,508,523,R2,1.51,0
2023-07-09,STR010,PRD0138,766,475,521,720,R1,4.58,0
2024-04-28,STR038,PRD0025,355,132,10,477,R3,3.3,0
2023-07-02,STR032,PRD0069,693,94,428,359,R2,2.65,0
2024-08-18,STR019,PRD0084,128,455,576,7,R3,4.54,1
2024-12-01,STR041,PRD0143,711,412,395,728,R5,2.18,0
2023-04-30,STR038,PRD0113,978,432,230,1180,R3,4.77,0
2024-02-25,STR016,PRD0093,485,30,5,510,R2,4.66,0
2024-02-04,STR009,PRD0107,423,102,7,518,R5,3.67,0
2024-11-17,STR035,PRD0141,941,477,198,1220,R5,1.69,0
2023-06-25,STR014,PRD0077,228,387,140,475,R5,1.99,0
2024-07-21,STR001,PRD0011,821,378,462,737,R2,2.39,0
2024-01-07,STR050,PRD0101,492,473,441,524,R2,4.9,0
2023-10-22,STR040,PRD0116,718,240,331,627,R2,4.79,0
2023-10-29,STR012,PRD0004,358,408,107,659,R4,1.81,0
2023-07-09,STR011,PRD0123,499,0,311,188,R4,3.03,0
2024-01-14,STR001,PRD0087,289,349,341,297,R2,4.82,0
2024-07-07,STR011,PRD0031,316,151,45,422,R4,3.43,0
2023-05-28,STR018,PRD0008,508,118,296,330,R5,4.37,0
2023-05-21,STR031,PRD0011,757,99,467,389,R5,1.36,0
2023-05-14,STR020,PRD0118,893,147,511,529,R3,3.3,0
2023-12-31,STR032,PRD0067,537,270,233,574,R2,4.32,0
2024-05-26,STR006,PRD0115,454,110,120,444,R2,1.51,0
2023-10-15,STR020,PRD0046,802,164,82,884,R3,3.97,0
2024-08-04,STR013,PRD0142,960,39,128,871,R2,2.25,0
2024-07-07,STR006,PRD0093,974,121,530,565,R2,3.69,0
2024-10-06,STR034,PRD0086,771,137,192,716,R4,1.81,0
2024-05-05,STR047,PRD0051,198,326,362,162,R2,1.3,0
2023-04-02,STR030,PRD0140,346,133,443,36,R5,0.16,1
2024-12-15,STR025,PRD0078,791,285,255,821,R4,3.8,0
2024-09-29,STR044,PRD0028,643,388,454,577,R5,1.99,0
2023-11-12,STR022,PRD0060,893,42,267,668,R3,3.16,0
2023-04-16,STR018,PRD0143,432,237,466,203,R5,1.86,0
2024-07-21,STR047,PRD0127,246,117,75,288,R2,3.42,0
2023-02-05,STR034,PRD0128,924,358,57,1225,R4,2.11,0
2023-02-05,STR017,PRD0078,146,259,242,163,R2,0.91,0
2024-01-28,STR012,PRD0138,254,241,333,162,R4,3.37,0
2023-05-21,STR045,PRD0014,732,437,266,903,R4,1.16,0
2024-07-07,STR001,PRD0133,201,358,201,358,R2,3.2,0
2023-10-01,STR020,PRD0150,224,430,96,558,R3,4.1,0
2023-09-17,STR003,PRD0159,890,394,140,1144,R3,4.36,0
2023-04-23,STR002,PRD0103,865,158,112,911,R2,2.5,0
2024-09-22,STR032,PRD0037,164,160,179,145,R2,2.03,0
2023-04-30,STR037,PRD0075,714,126,560,280,R1,4.0,0
2023-09-24,STR013,PRD0095,960,131,199,892,R2,1.72,0
2023-04-02,STR032,PRD0042,240,474,47,667,R2,4.64,0
2023-11-26,STR010,PRD0032,646,353,530,469,R1,0.57,0
2023-07-16,STR035,PRD0061,152,380,505,27,R5,2.62,1
2024-09-15,STR040,PRD0036,758,382,32,1108,R2,1.8,0
2024-08-18,STR021,PRD0091,158,143,22,279,R3,4.06,0
2023-03-26,STR023,PRD0086,624,447,54,1017,R5,3.73,0
2023-12-17,STR015,PRD0052,338,405,117,626,R5,1.2,0
2023-10-29,STR049,PRD0104,807,422,71,1158,R3,3.12,0
2023-07-02,STR038,PRD0076,349,223,324,248,R3,2.93,0
2023-07-02,STR004,PRD0048,509,37,376,170,R4,1.54,0
2024-04-14,STR030,PRD0147,537,400,300,637,R5,3.39,0
2023-11-26,STR004,PRD0092,905,200,504,601,R4,3.97,0
2024-05-19,STR017,PRD0065,213,123,203,133,R2,0.72,0
2024-11-03,STR031,PRD0088,555,475,239,791,R5,4.41,0
2023-10-08,STR032,PRD0054,271,357,117,511,R2,2.53,0
2024-09-22,STR039,PRD0032,246,223,93,376,R5,2.53,0
2023-07-30,STR033,PRD0032,350,424,329,445,R1,2.08,0
2024-09-29,STR020,PRD0113,875,40,449,466,R3,0.03,0
2024-06-23,STR048,PRD0043,896,4,96,804,R2,2.19,0
2023-01-08,STR014,PRD0081,665,393,212,846,R5,2.96,0
2023-06-25,STR005,PRD0092,741,372,63,1050,R1,1.8,0
2024-04-07,STR002,PRD0114,134,18,114,38,R2,3.22,1
2023-06-18,STR028,PRD0027,373,228,146,455,R3,3.52,0
2023-11-26,STR004,PRD0149,312,46,181,177,R4,4.18,0
2024-04-07,STR008,PRD0085,259,86,167,178,R2,0.83,0
2023-10-01,STR050,PRD0108,292,174,128,338,R2,0.71,0
2023-10-08,STR013,PRD0124,445,202,474,173,R2,2.05,0
2023-07-16,STR032,PRD0090,206,295,470,31,R2,3.78,1
2023-05-14,STR025,PRD0038,943,12,408,547,R4,4.1,0
2023-05-28,STR043,PRD0115,449,385,104,730,R1,4.87,0
2023-08-27,STR027,PRD0043,184,272,276,180,R1,1.6,0
2023-10-08,STR012,PRD0101,818,343,474,687,R4,2.2,0
2023-10-08,STR009,PRD0027,804,394,55,1143,R5,1.74,0
2024-12-22,STR044,PRD0083,142,459,387,214,R5,2.2,0
2024-08-11,STR006,PRD0121,792,335,196,931,R2,1.24,0
2023-06-18,STR021,PRD0088,459,148,208,399,R3,0.56,0
2024-05-26,STR050,PRD0031,422,113,276,259,R2,4.77,0
2024-01-14,STR019,PRD0046,848,349,214,983,R3,0.35,0
2024-04-14,STR006,PRD0073,101,169,152,118,R2,2.62,0
2023-07-02,STR014,PRD0027,432,8,407,33,R5,2.35,1
2024-08-25,STR013,PRD0116,173,105,19,259,R2,0.23,0
2024-12-29,STR045,PRD0029,113,99,153,59,R4,3.82,1
2023-01-01,STR017,PRD0060,834,311,2,1143,R2,0.82,0
2023-08-06,STR039,PRD0085,587,139,62,664,R5,1.12,0
2024-02-11,STR004,PRD0123,622,176,174,624,R4,0.74,0
2024-09-29,STR004,PRD0029,281,114,370,25,R4,3.49,1
2024-05-05,STR011,PRD0066,469,188,102,555,R4,3.0,0
2024-08-18,STR014,PRD0093,866,5,526,345,R5,1.97,0
2023-12-17,STR045,PRD0098,161,159,224,96,R4,3.73,1
2023-07-30,STR037,PRD0141,509,219,150,578,R1,2.91,0
2024-12-08,STR034,PRD0068,640,65,120,585,R4,2.17,0
2023-01-01,STR025,PRD0079,779,427,559,647,R4,2.78,0
2024-12-29,STR041,PRD0157,672,27,259,440,R5,2.18,0
2024-09-29,STR037,PRD0123,740,294,320,714,R1,3.52,0
2024-07-14,STR046,PRD0060,684,445,233,896,R3,4.95,0
2024-07-14,STR038,PRD0053,382,221,380,223,R3,2.52,0
2023-04-23,STR019,PRD0010,111,432,283,260,R3,0.21,0
2024-01-21,STR025,PRD0058,143,500,499,144,R4,0.61,0
2024-01-28,STR043,PRD0041,788,281,116,953,R1,1.08,0
2024-11-17,STR015,PRD0007,536,22,375,183,R5,1.27,0
2023-07-02,STR027,PRD0071,438,198,426,210,R1,3.82,0
2024-12-15,STR016,PRD0059,784,445,559,670,R2,1.68,0
2024-07-28,STR027,PRD0015,472,96,416,152,R1,2.86,0
2024-05-26,STR007,PRD0050,167,375,239,303,R5,0.44,0
2024-10-06,STR002,PRD0140,1000,460,155,1305,R2,0.22,0
2024-08-25,STR008,PRD0135,763,322,289,796,R2,1.8,0
2023-11-05,STR019,PRD0109,493,361,88,766,R3,4.64,0
2023-01-29,STR032,PRD0099,836,432,455,813,R2,3.4,0
2023-01-01,STR044,PRD0092,893,229,527,595,R5,2.07,0
2024-02-18,STR036,PRD0039,106,45,26,125,R3,4.21,0
2023-10-08,STR023,PRD0086,773,84,463,394,R5,4.31,0
2024-12-22,STR039,PRD0006,343,225,487,81,R5,2.73,1
2024-12-01,STR041,PRD0158,690,76,405,361,R5,4.29,0
2023-06-18,STR044,PRD0048,309,185,327,167,R5,4.9,0
2024-12-08,STR032,PRD0156,150,213,12,351,R2,4.14,0
2023-08-27,STR004,PRD0043,429,83,404,108,R4,2.27,0
2023-06-18,STR034,PRD0023,381,105,418,68,R4,1.97,1
2024-03-03,STR038,PRD0153,843,285,61,1067,R3,0.61,0
2023-08-20,STR015,PRD0143,950,385,262,1073,R5,2.33,0
2024-03-03,STR028,PRD0044,520,161,252,429,R3,2.17,0
2023-10-29,STR040,PRD0151,842,150,468,524,R2,4.95,0
2024-10-06,STR043,PRD0124,705,415,597,523,R1,1.43,0
2024-01-14,STR003,PRD0149,870,460,72,1258,R3,4.88,0
2023-10-15,STR042,PRD0102,303,488,277,514,R3,4.68,0
2023-09-17,STR041,PRD0035,689,248,85,852,R5,0.15,0
2023-12-10,STR034,PRD0142,825,176,472,529,R4,4.32,0
2023-05-21,STR019,PRD0145,277,251,20,508,R3,4.26,0
2024-03-03,STR023,PRD0026,490,219,350,359,R5,2.01,0
2023-01-15,STR007,PRD0105,776,295,234,837,R5,0.8,0
2024-08-25,STR047,PRD0088,313,401,357,357,R2,1.38,0
2023-09-17,STR001,PRD0062,892,277,53,1116,R2,1.06,0
2024-10-13,STR026,PRD0031,912,339,448,803,R3,1.22,0
2023-04-02,STR031,PRD0082,185,491,26,650,R5,1.35,0
2024-11-24,STR049,PRD0079,324,384,122,586,R3,0.35,0
2024-12-01,STR017,PRD0036,650,22,327,345,R2,2.21,0
2024-11-24,STR034,PRD0019,987,172,267,892,R4,1.13,0
2023-12-03,STR034,PRD0106,409,493,439,463,R4,1.37,0
2024-04-21,STR039,PRD0137,177,74,226,25,R5,1.0,1
2023-01-29,STR044,PRD0048,231,196,159,268,R5,1.4,0
2023-02-05,STR035,PRD0005,920,148,463,605,R5,2.39,0
2024-12-29,STR041,PRD0056,243,306,54,495,R5,3.59,0
2023-09-10,STR006,PRD0099,367,231,377,221,R2,1.42,0
2024-04-21,STR034,PRD0016,678,224,181,721,R4,0.57,0
2023-09-17,STR031,PRD0073,589,456,428,617,R5,3.48,0
2024-11-17,STR044,PRD0155,869,37,182,724,R5,3.36,0
2023-04-16,STR035,PRD0120,962,264,251,975,R5,0.14,0
2024-01-07,STR008,PRD0032,739,473,47,1165,R2,0.39,0
2023-10-15,STR041,PRD0015,479,448,302,625,R5,1.85,0
2023-02-26,STR030,PRD0084,143,16,59,100,R5,4.55,0
2023-07-30,STR004,PRD0133,840,213,302,751,R4,4.93,0
2024-12-01,STR001,PRD0124,659,367,400,626,R2,1.38,0
2023-03-05,STR013,PRD0045,636,216,344,508,R2,4.59,0
2024-08-04,STR015,PRD0069,569,448,314,703,R5,4.92,0
2023-01-22,STR005,PRD0109,103,351,313,141,R1,1.31,0
2023-01-01,STR039,PRD0011,769,153,267,655,R5,0.56,0
2024-04-07,STR028,PRD0027,656,114,57,713,R3,4.43,0
2023-10-29,STR033,PRD0096,648,165,516,297,R1,2.87,0
2023-09-24,STR008,PRD0076,188,341,371,158,R2,3.59,0
2023-04-23,STR027,PRD0072,659,125,34,750,R1,4.94,0
2024-02-04,STR013,PRD0065,290,219,496,13,R2,1.11,1
2023-10-22,STR007,PRD0090,757,479,164,1072,R5,4.0,0
2023-04-23,STR017,PRD0076,544,138,222,460,R2,3.08,0
2023-04-23,STR021,PRD0149,871,259,121,1009,R3,3.67,0
2023-09-03,STR048,PRD0029,476,417,304,589,R2,1.07,0
2023-12-17,STR001,PRD0144,175,71,221,25,R2,3.1,1
2023-10-29,STR036,PRD0140,546,179,579,146,R3,1.91,0
2023-04-16,STR034,PRD0088,536,466,362,640,R4,0.04,0
2023-10-22,STR020,PRD0030,104,59,144,19,R3,2.11,1
2023-04-23,STR044,PRD0053,963,52,432,583,R5,3.08,0
2024-05-19,STR019,PRD0149,906,423,243,1086,R3,3.25,0
2023-12-31,STR046,PRD0115,674,218,96,796,R3,0.98,0
2023-11-26,STR010,PRD0018,983,11,521,473,R1,3.89,0
2024-04-21,STR015,PRD0075,284,6,286,4,R5,3.63,1
2023-12-17,STR043,PRD0033,888,137,255,770,R1,3.61,0
2023-01-22,STR010,PRD0109,210,236,310,136,R1,4.99,0
2023-08-13,STR020,PRD0042,191,149,252,88,R3,2.11,1
2023-09-17,STR047,PRD0084,430,432,203,659,R2,0.44,0
2024-03-17,STR035,PRD0106,240,256,302,194,R5,2.51,0
2024-04-14,STR011,PRD0131,823,221,297,747,R4,1.14,0
2023-07-09,STR027,PRD0015,237,368,233,372,R1,4.38,0
2024-12-01,STR023,PRD0037,673,43,202,514,R5,2.04,0
2023-03-19,STR012,PRD0096,288,344,289,343,R4,0.43,0
2023-01-08,STR002,PRD0018,287,11,66,232,R2,4.15,0
2023-07-30,STR023,PRD0101,806,320,55,1071,R5,3.84,0
2023-01-22,STR033,PRD0143,580,109,106,583,R1,2.09,0
2024-02-25,STR009,PRD0015,114,100,181,33,R5,2.29,1
2023-10-22,STR046,PRD0063,890,101,467,524,R3,3.21,0
2023-04-23,STR050,PRD0020,629,7,28,608,R2,2.96,0
2024-03-03,STR029,PRD0002,699,73,343,429,R2,1.1,0
2023-10-29,STR028,PRD0094,126,381,428,79,R3,4.66,1
2023-06-25,STR002,PRD0032,510,407,552,365,R2,3.94,0
2024-03-24,STR036,PRD0002,285,445,327,403,R3,3.07,0
2023-04-09,STR025,PRD0026,616,109,178,547,R4,1.05,0
2024-12-22,STR004,PRD0012,370,23,10,383,R4,3.29,0
2023-06-04,STR009,PRD0049,103,436,429,110,R5,0.65,0
2023-09-03,STR009,PRD0126,119,257,204,172,R5,5.0,0
2024-05-19,STR045,PRD0144,746,338,34,1050,R4,2.45,0
2024-01-28,STR019,PRD0102,451,335,303,483,R3,0.75,0
2024-06-02,STR045,PRD0064,780,283,145,918,R4,0.94,0
2023-01-01,STR050,PRD0022,243,73,137,179,R2,3.21,0
2024-04-28,STR022,PRD0044,785,405,227,963,R3,3.06,0
2024-11-17,STR030,PRD0042,811,259,327,743,R5,2.29,0
2023-03-26,STR038,PRD0147,115,484,459,140,R3,0.51,0
2023-08-27,STR041,PRD0143,494,489,113,870,R5,3.94,0
2023-09-10,STR039,PRD0154,171,74,59,186,R5,1.43,0
2024-12-08,STR041,PRD0039,235,187,170,252,R5,4.97,0
2024-10-13,STR014,PRD0136,229,499,347,381,R5,4.97,0
2023-05-07,STR011,PRD0076,687,230,286,631,R4,2.34,0
2023-04-23,STR024,PRD0070,535,468,107,896,R5,3.6,0
2024-01-21,STR024,PRD0116,638,88,129,597,R5,1.12,0
2023-01-22,STR033,PRD0105,432,42,219,255,R1,3.45,0
2023-08-27,STR049,PRD0137,623,127,528,222,R3,1.98,0
2024-07-07,STR037,PRD0009,787,483,548,722,R1,4.56,0
2023-07-09,STR043,PRD0107,176,362,524,14,R1,3.33,1
2023-11-12,STR037,PRD0091,895,200,277,818,R1,2.32,0
2024-01-28,STR022,PRD0131,311,158,152,317,R3,3.2,0
2024-11-24,STR002,PRD0079,173,494,47,620,R2,4.44,0
2024-04-28,STR005,PRD0117,997,5,16,986,R1,4.94,0
2024-04-07,STR022,PRD0047,110,311,200,221,R3,2.19,0
2023-09-10,STR046,PRD0067,909,326,585,650,R3,2.29,0
2024-02-04,STR041,PRD0135,703,298,342,659,R5,4.52,0
2023-09-03,STR047,PRD0018,108,447,289,266,R2,3.32,0
2023-06-25,STR037,PRD0137,171,233,339,65,R1,3.71,1
2023-07-23,STR037,PRD0107,880,498,354,1024,R1,0.82,0
2024-12-01,STR005,PRD0030,712,176,359,529,R1,3.82,0
2023-10-08,STR044,PRD0001,518,32,505,45,R5,3.53,1
2024-07-21,STR039,PRD0096,886,289,309,866,R5,3.84,0
2023-05-28,STR018,PRD0050,756,236,407,585,R5,2.86,0
2023-12-03,STR005,PRD0133,158,434,356,236,R1,4.99,0
2024-09-15,STR034,PRD0013,343,311,220,434,R4,0.71,0
2024-06-09,STR033,PRD0116,921,477,106,1292,R1,0.35,0
2024-10-06,STR047,PRD0147,510,379,589,300,R2,2.4,0
2023-09-17,STR004,PRD0060,336,6,99,243,R4,2.84,0
2024-07-28,STR034,PRD0042,814,180,495,499,R4,4.1,0
2023-10-08,STR006,PRD0046,550,214,591,173,R2,1.15,0
2024-07-14,STR022,PRD0133,345,44,65,324,R3,0.57,0
2023-11-12,STR013,PRD0002,440,343,472,311,R2,2.6,0
2024-03-10,STR006,PRD0015,830,153,51,932,R2,1.79,0
2023-09-17,STR037,PRD0086,904,113,11,1006,R1,4.91,0
2024-05-19,STR019,PRD0080,816,174,374,616,R3,0.05,0
2024-03-03,STR044,PRD0148,338,428,107,659,R5,2.96,0
2023-10-22,STR026,PRD0053,372,40,332,80,R3,2.71,1
2024-08-25,STR035,PRD0139,480,485,541,424,R5,0.14,0
2023-05-07,STR036,PRD0016,487,250,35,702,R3,2.47,0
2024-11-24,STR046,PRD0006,539,51,543,47,R3,4.65,1
2023-08-20,STR012,PRD0125,837,82,419,500,R4,4.0,0
2023-11-05,STR007,PRD0110,432,255,133,554,R5,2.72,0
2024-01-28,STR007,PRD0032,733,87,299,521,R5,2.58,0
2024-04-07,STR034,PRD0119,570,404,586,388,R4,3.62,0
2024-08-04,STR003,PRD0139,616,84,282,418,R3,1.99,0
2023-03-12,STR048,PRD0075,299,359,109,549,R2,2.64,0
2024-12-01,STR008,PRD0084,878,106,167,817,R2,4.75,0
2024-02-04,STR027,PRD0120,300,150,65,385,R1,0.12,0
2023-09-03,STR021,PRD0135,624,58,130,552,R3,0.79,0
2024-09-15,STR013,PRD0117,650,417,286,781,R2,0.24,0
2024-10-20,STR043,PRD0016,540,86,576,50,R1,1.95,1
2023-07-30,STR021,PRD0160,935,268,166,1037,R3,0.0,0
2023-10-29,STR004,PRD0131,994,271,143,1122,R4,4.64,0
2024-04-14,STR045,PRD0130,802,346,44,1104,R4,1.45,0
2023-08-06,STR014,PRD0023,512,87,331,268,R5,4.05,0
2023-11-12,STR042,PRD0057,143,497,75,565,R3,3.94,0
2024-03-31,STR017,PRD0121,635,23,220,438,R2,1.55,0
2024-09-29,STR002,PRD0160,305,103,329,79,R2,0.36,1
2023-01-15,STR029,PRD0122,452,491,137,806,R2,4.97,0
2024-03-31,STR011,PRD0006,546,287,458,375,R4,0.83,0
2023-08-20,STR021,PRD0134,375,72,283,164,R3,4.0,0
2023-02-19,STR023,PRD0045,274,114,229,159,R5,2.05,0
2024-06-02,STR018,PRD0047,808,266,367,707,R5,3.57,0
2023-09-24,STR047,PRD0050,208,98,134,172,R2,3.27,0
2024-05-12,STR050,PRD0144,150,371,93,428,R2,2.2,0
2024-11-03,STR040,PRD0139,382,336,151,567,R2,3.43,0
2024-02-25,STR015,PRD0061,765,182,167,780,R5,2.18,0
2024-06-23,STR001,PRD0121,899,56,471,484,R2,4.24,0
2023-01-29,STR039,PRD0128,531,242,451,322,R5,1.86,0
2023-03-05,STR006,PRD0057,117,52,63,106,R2,2.03,0
2023-08-06,STR009,PRD0061,179,15,140,54,R5,0.82,1
2024-10-13,STR048,PRD0009,257,317,6,568,R2,2.49,0
2023-02-05,STR033,PRD0061,947,199,426,720,R1,0.29,0
2023-04-23,STR013,PRD0007,150,36,118,68,R2,4.58,1
2024-06-02,STR025,PRD0074,137,137,131,143,R4,4.07,0
2023-10-29,STR035,PRD0009,762,390,188,964,R5,2.45,0
2024-02-04,STR044,PRD0028,474,483,93,864,R5,2.14,0
2023-12-17,STR045,PRD0125,531,324,262,593,R4,2.91,0
2023-12-10,STR037,PRD0106,174,133,122,185,R1,4.85,0
2023-06-04,STR048,PRD0158,256,341,141,456,R2,0.95,0
2023-03-05,STR016,PRD0116,575,488,467,596,R2,3.55,0
2024-09-08,STR019,PRD0103,308,430,484,254,R3,2.18,0
2024-12-01,STR008,PRD0100,145,482,244,383,R2,1.48,0
2023-12-31,STR018,PRD0064,539,47,236,350,R5,1.74,0
2024-08-25,STR013,PRD0004,610,317,509,418,R2,3.97,0
2024-06-23,STR016,PRD0057,834,413,87,1160,R2,2.33,0
2024-05-12,STR014,PRD0005,923,212,76,1059,R5,1.95,0
2023-03-12,STR034,PRD0126,930,227,419,738,R4,3.54,0
2024-02-18,STR048,PRD0066,206,161,243,124,R2,0.35,0
2023-07-16,STR039,PRD0153,213,430,191,452,R5,3.44,0
2023-04-16,STR034,PRD0084,268,319,138,449,R4,3.54,0
2024-09-01,STR048,PRD0041,339,38,38,339,R2,0.23,0
2023-11-19,STR028,PRD0037,381,242,43,580,R3,0.71,0
2024-12-22,STR045,PRD0128,530,323,476,377,R4,4.05,0
2023-09-17,STR015,PRD0038,572,214,238,548,R5,0.06,0
2023-04-23,STR006,PRD0066,320,116,355,81,R2,1.71,1
2024-08-11,STR036,PRD0001,873,94,221,746,R3,0.87,0
2023-07-30,STR026,PRD0035,449,238,298,389,R3,2.79,0
2023-12-31,STR047,PRD0114,474,284,182,576,R2,2.54,0
2024-01-14,STR039,PRD0094,292,26,148,170,R5,1.88,0
2024-02-18,STR031,PRD0044,541,275,288,528,R5,0.45,0
2023-12-24,STR010,PRD0059,131,452,157,426,R1,1.77,0
2024-01-07,STR050,PRD0040,785,209,72,922,R2,4.46,0
2024-10-20,STR045,PRD0013,638,419,359,698,R4,1.61,0
2024-01-14,STR002,PRD0064,324,231,32,523,R2,4.76,0
2024-04-21,STR024,PRD0043,525,336,435,426,R5,4.03,0
2024-11-24,STR028,PRD0009,411,193,254,350,R3,4.8,0
2023-10-15,STR024,PRD0062,177,11,50,138,R5,3.39,0
2024-06-02,STR050,PRD0135,679,63,440,302,R2,0.85,0
2024-06-02,STR012,PRD0032,270,360,331,299,R4,1.03,0
2023-06-25,STR031,PRD0095,517,401,94,824,R5,0.25,0
2023-03-05,STR048,PRD0002,716,11,10,717,R2,4.45,0
2024-03-31,STR042,PRD0017,494,315,356,453,R3,1.45,0
2024-09-08,STR045,PRD0085,905,355,404,856,R4,0.34,0
2024-04-14,STR014,PRD0012,688,191,122,757,R5,3.43,0
2023-09-24,STR002,PRD0030,683,441,32,1092,R2,1.19,0
2023-07-16,STR025,PRD0078,616,188,205,599,R4,1.29,0
2023-09-17,STR031,PRD0153,796,263,297,762,R5,4.18,0
2023-08-06,STR018,PRD0046,534,443,281,696,R5,1.18,0
2024-05-12,STR001,PRD0002,247,101,227,121,R2,0.39,0
2023-10-15,STR021,PRD0109,246,241,343,144,R3,1.47,0
2024-07-21,STR016,PRD0028,529,177,17,689,R2,1.06,0
2023-11-19,STR037,PRD0032,270,324,549,45,R1,3.01,1
2023-02-19,STR011,PRD0038,1000,136,567,569,R4,0.11,0
2023-02-12,STR029,PRD0075,546,4,375,175,R2,4.54,0
2023-08-13,STR016,PRD0123,936,273,503,706,R2,1.76,0
2024-09-08,STR015,PRD0017,299,407,26,680,R5,4.75,0
2024-02-11,STR002,PRD0095,163,293,238,218,R2,2.83,0
2023-02-12,STR045,PRD0139,718,344,49,1013,R4,4.11,0
2024-05-26,STR033,PRD0138,692,384,52,1024,R1,1.38,0
2023-04-30,STR041,PRD0042,858,389,495,752,R5,3.19,0
2023-09-17,STR027,PRD0018,115,255,185,185,R1,0.43,0
2024-12-15,STR001,PRD0003,424,448,118,754,R2,4.64,0
2024-08-18,STR011,PRD0151,721,219,426,514,R4,1.95,0
2023-05-14,STR028,PRD0138,278,51,276,53,R3,2.51,1
2023-07-30,STR021,PRD0112,994,480,58,1416,R3,3.21,0
2024-01-21,STR036,PRD0124,367,52,291,128,R3,2.44,0
2024-09-22,STR005,PRD0012,184,331,242,273,R1,4.29,0
2024-10-06,STR042,PRD0071,176,287,85,378,R3,2.42,0
2024-12-29,STR007,PRD0044,492,224,440,276,R5,3.96,0
2024-06-02,STR021,PRD0072,222,392,80,534,R3,0.08,0
2024-12-01,STR008,PRD0116,315,108,420,3,R2,0.96,1
2023-09-17,STR042,PRD0026,798,112,53,857,R3,2.22,0
2024-06-23,STR030,PRD0101,436,489,264,661,R5,4.86,0
2024-11-10,STR005,PRD0142,107,431,132,406,R1,1.35,0
2023-05-28,STR006,PRD0149,219,215,343,91,R2,4.77,1
2023-12-24,STR050,PRD0092,265,302,458,109,R2,3.03,0
2023-11-12,STR012,PRD0073,499,185,179,505,R4,3.23,0
2023-12-31,STR036,PRD0149,136,4,86,54,R3,1.28,1
2024-11-24,STR029,PRD0125,956,285,1,1240,R2,1.44,0
2023-05-14,STR013,PRD0002,423,353,136,640,R2,4.48,0
2023-07-02,STR036,PRD0092,770,314,4,1080,R3,0.67,0
2024-12-08,STR047,PRD0065,939,9,550,398,R2,2.63,0
2023-10-29,STR044,PRD0028,240,123,306,57,R5,1.12,1
2024-07-07,STR004,PRD0152,136,449,129,456,R4,1.07,0
2023-01-15,STR034,PRD0063,897,250,348,799,R4,1.58,0
2023-01-29,STR024,PRD0059,692,310,160,842,R5,1.72,0
2023-07-02,STR014,PRD0147,453,434,128,759,R5,0.51,0
2024-03-17,STR005,PRD0032,209,189,196,202,R1,0.91,0
2023-05-21,STR012,PRD0063,831,448,186,1093,R4,4.36,0
2024-07-21,STR014,PRD0141,322,292,447,167,R5,3.38,0
2023-03-05,STR015,PRD0133,685,474,80,1079,R5,4.18,0
2024-03-10,STR033,PRD0151,269,144,202,211,R1,0.87,0
2023-09-03,STR010,PRD0078,110,202,251,61,R1,2.69,1
2023-08-13,STR034,PRD0089,583,47,539,91,R4,0.82,1
2023-12-03,STR012,PRD0126,324,35,135,224,R4,0.38,0
2024-06-09,STR020,PRD0065,349,273,481,141,R3,1.62,0
2023-09-17,STR017,PRD0116,542,279,150,671,R2,2.36,0
2023-05-07,STR007,PRD0003,469,386,305,550,R5,0.65,0
2024-06-16,STR028,PRD0026,779,76,288,567,R3,1.38,0
2024-06-16,STR008,PRD0138,289,315,93,511,R2,2.34,0
2023-09-24,STR018,PRD0093,472,398,485,385,R5,2.81,0
2024-06-16,STR050,PRD0078,390,4,52,342,R2,2.03,0
2023-07-23,STR009,PRD0048,868,495,586,777,R5,0.9,0
2023-03-19,STR002,PRD0130,516,64,504,76,R2,3.02,1
2023-05-14,STR039,PRD0081,371,401,62,710,R5,3.58,0
2024-05-19,STR049,PRD0134,553,178,461,270,R3,1.22,0
2023-03-05,STR022,PRD0137,351,416,96,671,R3,4.62,0
2023-12-17,STR017,PRD0026,529,103,284,348,R2,1.32,0
2024-03-31,STR002,PRD0092,453,317,317,453,R2,1.83,0
2024-05-05,STR035,PRD0042,664,485,362,787,R5,4.51,0
2024-08-18,STR022,PRD0115,347,369,125,591,R3,0.91,0
2024-04-28,STR009,PRD0077,901,76,398,579,R5,0.16,0
2023-01-22,STR002,PRD0081,967,239,86,1120,R2,2.69,0
2023-02-26,STR011,PRD0160,718,14,412,320,R4,0.68,0
2023-03-19,STR048,PRD0024,498,345,487,356,R2,1.34,0
2024-07-14,STR044,PRD0017,766,410,593,583,R5,4.43,0
2023-10-15,STR003,PRD0041,188,474,329,333,R3,3.44,0
2023-03-26,STR013,PRD0131,675,280,393,562,R2,0.51,0
2023-06-04,STR019,PRD0083,104,458,395,167,R3,4.1,0
2024-08-04,STR028,PRD0107,598,454,536,516,R3,2.7,0
2023-05-28,STR032,PRD0012,704,82,251,535,R2,0.81,0
2024-05-26,STR037,PRD0118,393,436,527,302,R1,0.09,0
2023-09-03,STR012,PRD0028,921,259,463,717,R4,0.36,0
2023-08-06,STR025,PRD0086,632,339,31,940,R4,0.4,0
2023-02-26,STR047,PRD0082,837,213,413,637,R2,2.44,0
2024-04-14,STR027,PRD0029,263,61,51,273,R1,3.12,0
2024-12-29,STR042,PRD0078,184,309,464,29,R3,0.84,1
2024-09-08,STR044,PRD0023,853,454,535,772,R5,1.0,0
2024-07-14,STR039,PRD0153,493,0,8,485,R5,1.47,0
2024-02-18,STR046,PRD0159,824,66,100,790,R3,0.51,0
2023-11-12,STR012,PRD0125,577,4,435,146,R4,4.63,0
2023-09-10,STR004,PRD0028,435,106,408,133,R4,4.33,0
2023-10-08,STR042,PRD0156,776,79,297,558,R3,2.11,0
2023-10-22,STR026,PRD0124,385,177,242,320,R3,0.1,0
2024-02-04,STR002,PRD0128,944,385,258,1071,R2,1.53,0
2023-05-07,STR013,PRD0147,443,61,223,281,R2,0.53,0
2024-01-07,STR009,PRD0067,490,390,7,873,R5,0.96,0
2024-08-04,STR005,PRD0076,367,489,336,520,R1,0.03,0
2024-07-07,STR046,PRD0015,332,46,253,125,R3,2.02,0
2024-02-11,STR026,PRD0071,723,231,135,819,R3,2.31,0
2024-07-14,STR003,PRD0068,294,318,166,446,R3,4.64,0
2023-07-23,STR041,PRD0057,906,219,566,559,R5,4.29,0
2023-10-22,STR032,PRD0142,625,17,353,289,R2,1.27,0
2023-01-29,STR042,PRD0141,274,220,155,339,R3,3.32,0
2023-09-17,STR042,PRD0049,669,83,362,390,R3,4.08,0
2024-08-18,STR004,PRD0030,418,399,87,730,R4,2.91,0
2024-08-11,STR026,PRD0011,691,84,399,376,R3,4.08,0
2024-07-07,STR018,PRD0090,593,370,557,406,R5,2.43,0
2023-05-21,STR011,PRD0025,955,260,595,620,R4,0.95,0
2023-11-12,STR019,PRD0144,981,443,598,826,R3,4.26,0
2023-09-10,STR038,PRD0028,923,192,219,896,R3,3.79,0
2023-02-12,STR045,PRD0004,510,180,119,571,R4,1.46,0
2024-02-04,STR034,PRD0079,193,286,254,225,R4,2.99,0
2023-01-29,STR008,PRD0072,877,356,431,802,R2,4.67,0
2024-01-07,STR018,PRD0115,276,57,13,320,R5,4.76,0
2024-01-14,STR016,PRD0009,905,239,260,884,R2,1.71,0
2023-02-26,STR034,PRD0125,462,188,498,152,R4,3.08,0
2024-05-05,STR030,PRD0121,294,40,33,301,R5,1.9,0
2024-03-24,STR005,PRD0075,925,230,382,773,R1,1.57,0
2023-04-30,STR039,PRD0120,915,175,580,510,R5,3.46,0
2023-12-03,STR039,PRD0130,591,418,32,977,R5,0.24,0
2024-04-14,STR029,PRD0080,647,458,191,914,R2,0.23,0
2023-08-13,STR019,PRD0026,331,156,475,12,R3,2.24,1
2023-07-23,STR025,PRD0080,204,461,3,662,R4,3.39,0
2023-10-15,STR041,PRD0052,197,233,132,298,R5,2.53,0
2023-12-17,STR019,PRD0098,263,218,230,251,R3,1.09,0
2024-07-21,STR049,PRD0075,643,173,236,580,R3,1.82,0
2023-12-31,STR009,PRD0054,190,440,410,220,R5,2.35,0
2024-11-10,STR008,PRD0048,771,440,100,1111,R2,1.19,0
2023-02-12,STR046,PRD0032,468,33,442,59,R3,4.76,1
2023-03-19,STR010,PRD0002,551,104,189,466,R1,1.78,0
2024-06-02,STR020,PRD0026,234,123,323,34,R3,3.72,1
2024-01-21,STR016,PRD0148,577,325,309,593,R2,3.54,0
2023-03-19,STR036,PRD0109,125,440,125,440,R3,4.81,0
2024-05-26,STR028,PRD0010,540,22,337,225,R3,0.16,0
2023-04-23,STR044,PRD0032,272,190,160,302,R5,3.49,0
2023-11-19,STR018,PRD0066,221,303,491,33,R5,3.95,1
2023-11-26,STR038,PRD0079,935,310,52,1193,R3,1.22,0
2024-09-29,STR016,PRD0080,784,484,338,930,R2,1.16,0
2024-07-21,STR045,PRD0129,950,446,356,1040,R4,4.04,0
2024-03-17,STR007,PRD0151,261,318,498,81,R5,1.42,1
2024-01-07,STR004,PRD0121,652,373,438,587,R4,1.86,0
2023-01-15,STR045,PRD0011,154,49,123,80,R4,0.6,1
2023-09-17,STR021,PRD0123,704,314,502,516,R3,4.33,0
2024-09-01,STR037,PRD0051,124,203,178,149,R1,3.34,0
2023-11-12,STR041,PRD0079,273,477,428,322,R5,0.3,0
2023-09-10,STR012,PRD0144,890,21,104,807,R4,0.5,0
2024-04-28,STR046,PRD0137,637,267,289,615,R3,0.89,0
2023-02-12,STR027,PRD0086,167,249,98,318,R1,0.42,0
2023-06-18,STR036,PRD0042,372,7,217,162,R3,0.74,0
2023-04-30,STR016,PRD0031,206,16,202,20,R2,1.56,1
2023-12-03,STR006,PRD0044,350,137,10,477,R2,1.43,0
2023-12-31,STR010,PRD0153,322,8,325,5,R1,2.29,1
2024-07-28,STR029,PRD0113,407,430,395,442,R2,3.95,0
2024-07-14,STR026,PRD0004,510,93,195,408,R3,2.6,0
2023-09-10,STR036,PRD0145,312,194,328,178,R3,1.08,0
2023-11-26,STR012,PRD0111,866,357,339,884,R4,2.95,0
2024-03-17,STR021,PRD0144,886,202,539,549,R3,4.42,0
2023-12-24,STR047,PRD0067,315,176,138,353,R2,1.84,0
2023-11-12,STR033,PRD0063,583,301,68,816,R1,2.66,0
2023-12-17,STR014,PRD0137,289,494,559,224,R5,0.71,0
2023-03-12,STR043,PRD0108,761,385,466,680,R1,4.47,0
2023-02-12,STR046,PRD0041,556,78,54,580,R3,1.12,0
2024-09-29,STR031,PRD0090,913,24,292,645,R5,3.27,0
2023-08-27,STR017,PRD0059,747,52,210,589,R2,3.21,0
2023-04-16,STR019,PRD0121,906,499,218,1187,R3,4.71,0
2023-08-20,STR026,PRD0007,421,416,393,444,R3,1.58,0
2023-07-02,STR049,PRD0145,379,491,301,569,R3,0.43,0
2023-03-05,STR014,PRD0121,463,356,431,388,R5,4.9,0
2023-05-14,STR009,PRD0025,340,384,349,375,R5,0.75,0
2023-06-11,STR009,PRD0017,846,8,292,562,R5,2.54,0
2024-07-14,STR002,PRD0106,391,70,143,318,R2,2.85,0
2023-08-20,STR011,PRD0037,459,150,498,111,R4,3.72,0
2024-01-28,STR006,PRD0159,398,406,562,242,R2,1.33,0
2023-10-01,STR032,PRD0043,292,390,200,482,R2,2.74,0
2024-12-22,STR015,PRD0047,383,302,547,138,R5,2.56,0
2024-03-10,STR007,PRD0098,738,338,292,784,R5,4.41,0
2023-05-07,STR048,PRD0159,767,477,135,1109,R2,2.18,0
2024-12-08,STR048,PRD0136,366,443,368,441,R2,4.34,0
2024-06-23,STR011,PRD0122,704,237,491,450,R4,0.59,0
2023-01-22,STR018,PRD0091,105,133,93,145,R5,4.53,0
2024-08-25,STR009,PRD0158,648,356,115,889,R5,4.37,0
2024-05-26,STR029,PRD0110,653,136,394,395,R2,1.17,0
2024-08-11,STR023,PRD0098,957,335,133,1159,R5,0.64,0
2023-06-25,STR008,PRD0085,791,59,204,646,R2,4.55,0
2023-12-10,STR011,PRD0033,133,151,100,184,R4,3.54,0
2024-10-27,STR020,PRD0040,924,451,512,863,R3,3.12,0
2024-07-21,STR013,PRD0135,493,418,207,704,R2,1.04,0
2024-01-28,STR050,PRD0146,778,27,598,207,R2,2.44,0
2024-10-13,STR050,PRD0028,491,295,570,216,R2,0.72,0
2023-06-25,STR030,PRD0006,941,100,454,587,R5,2.01,0
2024-03-03,STR033,PRD0061,402,193,358,237,R1,3.28,0
2023-11-19,STR020,PRD0074,537,465,512,490,R3,0.46,0
2023-01-22,STR012,PRD0073,523,138,344,317,R4,0.89,0
2024-07-21,STR037,PRD0043,599,499,120,978,R1,3.97,0
2023-09-03,STR021,PRD0043,286,436,234,488,R3,3.05,0
2024-05-12,STR038,PRD0122,507,112,571,48,R3,4.34,1
2024-12-15,STR047,PRD0065,568,450,552,466,R2,1.59,0
2024-05-19,STR018,PRD0130,167,273,175,265,R5,4.21,0
2023-07-09,STR030,PRD0082,830,300,239,891,R5,2.85,0
2023-06-18,STR006,PRD0108,786,452,58,1180,R2,4.86,0
2023-10-08,STR027,PRD0006,428,398,191,635,R1,1.62,0
2024-07-28,STR047,PRD0037,485,238,58,665,R2,3.36,0
2023-09-17,STR049,PRD0153,331,277,566,42,R3,0.17,1
2023-03-26,STR025,PRD0075,507,144,71,580,R4,3.65,0
2024-03-03,STR011,PRD0121,249,19,96,172,R4,3.54,0
2023-06-25,STR040,PRD0122,157,306,129,334,R2,4.9,0
2024-05-19,STR010,PRD0008,701,243,123,821,R1,4.35,0
2024-06-30,STR037,PRD0102,309,22,143,188,R1,0.8,0
2024-07-07,STR037,PRD0013,292,90,319,63,R1,2.42,1
2024-11-03,STR042,PRD0148,371,140,336,175,R3,4.75,0
2024-04-21,STR046,PRD0088,591,28,71,548,R3,3.32,0
2023-03-26,STR035,PRD0072,522,389,286,625,R5,0.39,0
2024-03-17,STR018,PRD0110,151,211,196,166,R5,4.91,0
2024-08-11,STR011,PRD0060,473,56,402,127,R4,4.03,0
2023-12-03,STR046,PRD0119,669,333,147,855,R3,3.83,0
2023-01-15,STR041,PRD0130,249,283,415,117,R5,3.49,0
2023-05-07,STR024,PRD0150,294,200,437,57,R5,3.59,1
2024-04-28,STR015,PRD0091,277,275,116,436,R5,2.3,0
2023-05-14,STR010,PRD0089,223,65,85,203,R1,0.73,0
2024-01-14,STR036,PRD0001,796,377,281,892,R3,0.1,0
2024-05-05,STR010,PRD0100,467,387,76,778,R1,3.96,0
2023-03-26,STR009,PRD0032,877,172,136,913,R5,0.79,0
2023-08-13,STR014,PRD0003,119,337,192,264,R5,0.48,0
2024-09-22,STR044,PRD0148,769,479,368,880,R5,4.21,0
2023-05-21,STR047,PRD0132,432,496,459,469,R2,4.95,0
2024-06-23,STR035,PRD0048,673,221,254,640,R5,0.09,0
2023-03-05,STR022,PRD0016,835,314,311,838,R3,2.45,0
2023-08-20,STR026,PRD0116,269,132,296,105,R3,1.67,0
2024-06-23,STR003,PRD0160,615,219,232,602,R3,0.95,0
2024-10-06,STR038,PRD0119,126,405,333,198,R3,2.01,0
2024-07-14,STR019,PRD0138,735,322,196,861,R3,3.24,0
2024-06-09,STR001,PRD0048,232,181,261,152,R2,0.37,0
2023-07-30,STR026,PRD0090,805,331,355,781,R3,2.78,0
2024-03-31,STR018,PRD0011,450,19,53,416,R5,3.93,0
2023-01-22,STR029,PRD0069,825,455,380,900,R2,0.84,0
2024-01-07,STR013,PRD0108,832,76,93,815,R2,4.38,0
2024-04-28,STR050,PRD0129,927,402,125,1204,R2,0.07,0
2024-03-17,STR014,PRD0043,406,240,538,108,R5,4.34,0
2023-06-11,STR002,PRD0101,376,46,201,221,R2,2.03,0
2024-07-28,STR002,PRD0135,440,88,469,59,R2,2.47,1
2023-10-22,STR002,PRD0129,262,1,158,105,R2,2.5,0
2023-05-28,STR024,PRD0130,340,124,400,64,R5,2.86,1
2023-08-20,STR038,PRD0116,706,9,427,288,R3,1.97,0
2024-04-21,STR010,PRD0154,672,490,352,810,R1,4.99,0
2023-10-22,STR002,PRD0059,433,185,192,426,R2,1.54,0
2023-11-19,STR030,PRD0099,360,435,440,355,R5,2.89,0
2023-04-23,STR034,PRD0108,954,103,78,979,R4,2.65,0
2023-10-01,STR006,PRD0007,287,432,104,615,R2,3.88,0
2023-05-07,STR004,PRD0025,509,448,480,477,R4,0.26,0
2023-09-17,STR019,PRD0100,134,47,121,60,R3,0.88,1
2023-10-01,STR046,PRD0155,974,74,165,883,R3,1.85,0
2024-09-29,STR009,PRD0075,994,393,189,1198,R5,1.74,0
2024-05-12,STR004,PRD0001,499,128,244,383,R4,4.17,0
2024-04-28,STR010,PRD0138,870,93,226,737,R1,2.19,0
2023-01-01,STR010,PRD0019,952,203,292,863,R1,3.84,0
2024-12-01,STR025,PRD0095,466,210,409,267,R4,1.24,0
2024-05-05,STR029,PRD0047,249,431,120,560,R2,0.9,0
2023-07-02,STR003,PRD0061,652,208,300,560,R3,4.21,0
2023-08-27,STR048,PRD0030,507,390,354,543,R2,0.16,0
2024-08-25,STR016,PRD0154,699,179,157,721,R2,0.02,0
2023-10-01,STR010,PRD0061,757,394,303,848,R1,2.08,0
2023-07-30,STR004,PRD0147,473,439,436,476,R4,3.69,0
2024-04-14,STR041,PRD0140,414,143,267,290,R5,4.88,0
2024-10-06,STR001,PRD0142,272,300,404,168,R2,4.42,0
2024-12-15,STR049,PRD0034,950,26,258,718,R3,0.01,0
2023-11-19,STR014,PRD0103,799,214,143,870,R5,0.46,0
2024-05-26,STR031,PRD0062,365,227,39,553,R5,4.49,0
2024-12-29,STR046,PRD0007,784,22,271,535,R3,0.99,0
2023-05-28,STR025,PRD0137,794,377,137,1034,R4,0.23,0
2024-12-01,STR045,PRD0097,483,262,121,624,R4,3.04,0
2023-10-08,STR050,PRD0044,693,211,52,852,R2,4.38,0
2023-06-11,STR034,PRD0038,946,90,424,612,R4,3.8,0
2024-11-10,STR002,PRD0154,841,386,439,788,R2,2.0,0
2023-04-09,STR011,PRD0092,815,320,551,584,R4,0.34,0
2023-08-27,STR050,PRD0005,612,464,490,586,R2,0.72,0
2024-09-22,STR038,PRD0140,637,297,232,702,R3,3.22,0
2024-07-28,STR030,PRD0118,339,282,354,267,R5,3.62,0
2023-08-13,STR037,PRD0121,306,471,339,438,R1,4.63,0
2023-06-25,STR025,PRD0144,730,190,423,497,R4,1.13,0
2024-02-25,STR005,PRD0089,154,447,384,217,R1,0.22,0
2023-05-07,STR024,PRD0105,802,402,572,632,R5,3.69,0
2024-06-16,STR048,PRD0085,249,311,290,270,R2,0.31,0
2023-04-16,STR042,PRD0142,806,188,501,493,R3,2.78,0
2023-08-13,STR006,PRD0082,105,497,465,137,R2,1.29,0
2024-04-14,STR033,PRD0147,931,408,445,894,R1,0.31,0
2023-04-09,STR008,PRD0019,674,143,98,719,R2,4.88,0
2023-05-07,STR041,PRD0156,374,319,418,275,R5,3.05,0
2024-05-19,STR001,PRD0118,283,20,53,250,R2,3.54,0
2023-07-23,STR028,PRD0125,635,413,179,869,R3,3.63,0
2024-09-15,STR016,PRD0059,459,1,242,218,R2,4.38,0
2024-09-29,STR002,PRD0080,615,238,275,578,R2,2.82,0
2023-09-10,STR015,PRD0037,756,448,589,615,R5,1.01,0
2024-09-15,STR004,PRD0022,876,409,432,853,R4,2.2,0
2023-12-10,STR035,PRD0118,631,291,52,870,R5,1.19,0
2024-10-20,STR012,PRD0104,619,410,404,625,R4,3.78,0
2024-12-01,STR010,PRD0067,316,346,420,242,R1,3.77,0
2023-05-28,STR005,PRD0088,516,301,509,308,R1,4.48,0
2023-12-17,STR019,PRD0062,948,367,562,753,R3,4.52,0
2024-02-18,STR005,PRD0009,615,353,119,849,R1,3.71,0
2024-09-15,STR012,PRD0002,515,223,325,413,R4,2.87,0
2023-03-05,STR034,PRD0075,343,301,498,146,R4,2.36,0
2024-09-01,STR035,PRD0050,267,157,218,206,R5,0.24,0
2023-08-20,STR018,PRD0027,834,303,393,744,R5,2.68,0
2024-08-25,STR038,PRD0149,216,197,334,79,R3,1.68,1
2023-09-10,STR038,PRD0033,747,65,14,798,R3,0.34,0
2023-11-19,STR046,PRD0040,975,156,373,758,R3,0.84,0
2024-08-25,STR007,PRD0038,165,416,87,494,R5,0.79,0
2024-11-17,STR017,PRD0087,960,112,528,544,R2,0.7,0
2024-06-16,STR029,PRD0114,704,350,121,933,R2,4.27,0
2024-05-19,STR022,PRD0020,520,479,484,515,R3,3.94,0
2024-09-29,STR005,PRD0040,255,125,68,312,R1,1.57,0
2023-02-05,STR010,PRD0103,718,262,445,535,R1,4.1,0
2023-02-12,STR042,PRD0122,938,24,571,391,R3,3.35,0
2023-01-15,STR009,PRD0119,415,492,398,509,R5,1.21,0
2024-03-31,STR041,PRD0106,242,251,84,409,R5,4.3,0
2023-06-18,STR009,PRD0049,392,60,46,406,R5,0.97,0
2024-03-10,STR013,PRD0035,610,486,245,851,R2,0.65,0
2023-10-08,STR006,PRD0157,424,276,482,218,R2,0.36,0
2023-10-01,STR009,PRD0121,908,380,247,1041,R5,0.97,0
2024-03-03,STR050,PRD0135,747,399,42,1104,R2,4.76,0
2023-10-29,STR004,PRD0104,276,284,108,452,R4,2.56,0
2023-01-08,STR043,PRD0126,128,117,96,149,R1,0.39,0
2024-09-08,STR043,PRD0031,847,431,216,1062,R1,4.15,0
2024-10-06,STR003,PRD0063,440,430,468,402,R3,2.51,0
2024-07-14,STR028,PRD0002,290,28,52,266,R3,3.86,0
2023-11-19,STR006,PRD0012,259,434,309,384,R2,3.74,0
2023-07-30,STR015,PRD0093,471,73,288,256,R5,2.41,0
2023-12-17,STR044,PRD0089,583,143,277,449,R5,0.33,0
2024-06-30,STR014,PRD0102,147,296,70,373,R5,3.78,0
2023-05-14,STR002,PRD0008,409,224,127,506,R2,1.55,0
2023-05-21,STR041,PRD0046,306,409,321,394,R5,4.42,0
2024-06-02,STR037,PRD0109,810,130,599,341,R1,3.83,0
2024-05-12,STR028,PRD0001,115,391,222,284,R3,4.14,0
2023-05-14,STR040,PRD0027,628,238,234,632,R2,4.37,0
2023-04-02,STR019,PRD0055,515,444,256,703,R3,1.63,0
2023-04-16,STR047,PRD0046,248,236,183,301,R2,1.23,0
2024-10-20,STR044,PRD0014,516,335,585,266,R5,0.93,0
2024-05-05,STR046,PRD0150,967,60,348,679,R3,0.56,0
2023-12-10,STR023,PRD0132,313,386,288,411,R5,3.72,0
2024-11-10,STR017,PRD0094,521,193,48,666,R2,1.26,0
2023-09-03,STR037,PRD0028,564,94,86,572,R1,1.35,0
2024-08-25,STR036,PRD0007,853,234,38,1049,R3,2.24,0
2023-10-22,STR027,PRD0146,897,321,178,1040,R1,4.83,0
2024-11-10,STR028,PRD0003,209,233,187,255,R3,1.83,0
2024-08-11,STR017,PRD0004,588,438,395,631,R2,1.05,0
2024-01-14,STR049,PRD0150,960,126,78,1008,R3,2.64,0
2023-08-20,STR012,PRD0045,452,484,428,508,R4,1.03,0
2023-01-08,STR011,PRD0143,486,357,399,444,R4,4.04,0
2023-10-29,STR011,PRD0127,450,463,93,820,R4,3.05,0
2024-10-06,STR006,PRD0030,677,71,68,680,R2,0.3,0
2023-09-03,STR034,PRD0009,109,118,15,212,R4,4.96,0
2024-01-07,STR020,PRD0025,510,492,121,881,R3,3.36,0
2024-12-15,STR037,PRD0138,143,276,156,263,R1,1.65,0
2023-03-19,STR013,PRD0086,580,257,105,732,R2,2.42,0
2023-07-30,STR022,PRD0088,260,140,399,1,R3,0.35,1
2024-03-10,STR036,PRD0148,106,154,230,30,R3,3.91,1
2023-08-13,STR003,PRD0082,499,112,93,518,R3,4.24,0
2023-10-29,STR007,PRD0061,150,144,114,180,R5,4.95,0
2023-01-01,STR023,PRD0072,528,161,20,669,R5,0.71,0
2023-05-07,STR034,PRD0067,653,134,224,563,R4,2.57,0
2023-02-19,STR021,PRD0108,273,456,561,168,R3,4.18,0
2023-10-15,STR019,PRD0099,604,12,206,410,R3,3.14,0
2023-07-02,STR021,PRD0104,220,235,372,83,R3,0.12,1
2023-04-16,STR016,PRD0113,950,311,465,796,R2,4.35,0
2023-11-12,STR015,PRD0149,103,408,327,184,R5,4.37,0
2023-02-12,STR002,PRD0120,508,292,200,600,R2,1.64,0
2023-02-19,STR012,PRD0059,308,279,213,374,R4,4.2,0
2024-10-06,STR027,PRD0011,106,479,548,37,R1,0.73,1
2023-05-28,STR004,PRD0090,681,185,0,866,R4,2.06,0
2024-02-11,STR025,PRD0139,577,377,512,442,R4,1.03,0
2024-03-31,STR039,PRD0140,472,30,260,242,R5,1.27,0
2023-08-13,STR035,PRD0090,572,102,290,384,R5,0.44,0
2024-03-24,STR013,PRD0143,863,302,142,1023,R2,2.5,0
2024-09-29,STR001,PRD0014,606,262,44,824,R2,1.99,0
2024-03-17,STR048,PRD0055,144,487,215,416,R2,4.09,0
2024-03-24,STR012,PRD0053,508,181,118,571,R4,1.86,0
2023-05-21,STR009,PRD0077,241,394,174,461,R5,0.2,0
2023-03-26,STR021,PRD0062,278,467,292,453,R3,0.02,0
2023-04-16,STR018,PRD0096,403,152,435,120,R5,1.98,0
2023-08-20,STR016,PRD0114,159,285,138,306,R2,0.12,0
2023-04-23,STR010,PRD0036,822,175,31,966,R1,1.86,0
2023-10-29,STR043,PRD0149,929,496,351,1074,R1,1.9,0
2024-05-26,STR002,PRD0049,357,396,296,457,R2,4.25,0
2023-08-20,STR005,PRD0018,824,427,80,1171,R1,0.05,0
2023-03-05,STR044,PRD0104,628,300,9,919,R5,0.66,0
2024-01-07,STR035,PRD0097,534,353,313,574,R5,1.54,0
2024-03-31,STR028,PRD0008,184,353,517,20,R3,3.09,1
2023-10-29,STR045,PRD0109,166,460,188,438,R4,3.55,0
2024-04-21,STR027,PRD0153,497,28,491,34,R1,1.0,1
2024-02-25,STR046,PRD0052,430,25,301,154,R3,0.3,0
2023-10-29,STR045,PRD0045,346,23,121,248,R4,1.25,0
2023-05-07,STR043,PRD0141,648,482,233,897,R1,4.47,0
2023-12-17,STR031,PRD0014,951,53,265,739,R5,1.8,0
2023-07-30,STR027,PRD0127,235,11,67,179,R1,0.03,0
2023-01-08,STR039,PRD0065,321,488,294,515,R5,0.83,0
2024-03-03,STR039,PRD0039,636,435,375,696,R5,3.57,0
2024-12-08,STR042,PRD0073,352,282,414,220,R3,1.3,0
2023-09-10,STR022,PRD0153,516,73,166,423,R3,1.75,0
2023-12-03,STR037,PRD0052,967,454,155,1266,R1,2.1,0
2023-11-05,STR030,PRD0099,844,333,434,743,R5,1.8,0
2024-03-03,STR001,PRD0156,117,214,209,122,R2,2.44,0
2023-02-26,STR029,PRD0138,296,475,216,555,R2,2.45,0
2024-07-21,STR044,PRD0094,476,486,355,607,R5,2.65,0
2023-08-13,STR036,PRD0151,886,498,383,1001,R3,1.48,0
2024-11-24,STR030,PRD0144,777,39,80,736,R5,4.25,0
2024-02-25,STR026,PRD0064,948,164,160,952,R3,1.71,0
2023-04-09,STR036,PRD0028,633,43,336,340,R3,1.46,0
2024-06-16,STR031,PRD0039,391,199,213,377,R5,4.45,0
2024-01-21,STR019,PRD0129,230,232,92,370,R3,4.0,0
2023-10-15,STR037,PRD0159,151,376,208,319,R1,2.2,0
2023-02-12,STR011,PRD0022,761,79,177,663,R4,2.64,0
2024-06-23,STR049,PRD0060,184,207,173,218,R3,0.61,0
2023-07-09,STR014,PRD0013,169,324,152,341,R5,3.89,0
2024-06-09,STR021,PRD0010,462,111,97,476,R3,3.41,0
2023-09-10,STR005,PRD0123,445,306,70,681,R1,4.93,0
2023-04-16,STR045,PRD0091,933,387,98,1222,R4,1.76,0
2024-05-05,STR039,PRD0022,876,19,454,441,R5,2.94,0
2024-06-30,STR022,PRD0105,423,455,379,499,R3,3.86,0
2024-06-16,STR026,PRD0140,190,441,169,462,R3,1.17,0
2023-05-14,STR039,PRD0001,212,280,311,181,R5,0.74,0
2024-10-13,STR045,PRD0121,748,42,118,672,R4,3.93,0
2024-06-16,STR036,PRD0030,752,42,548,246,R3,4.44,0
2023-05-07,STR021,PRD0085,889,324,432,781,R3,3.78,0
2023-07-23,STR016,PRD0129,303,218,498,23,R2,0.65,1
2023-01-22,STR047,PRD0062,541,467,95,913,R2,3.84,0
2023-04-30,STR004,PRD0003,361,230,95,496,R4,0.09,0
2023-04-09,STR032,PRD0149,216,49,102,163,R2,1.97,0
2023-07-02,STR049,PRD0119,619,334,549,404,R3,1.17,0
2023-08-06,STR002,PRD0111,882,403,476,809,R2,0.55,0
2024-12-29,STR023,PRD0072,993,70,370,693,R5,2.93,0
2023-03-26,STR046,PRD0082,168,34,102,100,R3,4.48,0
2024-11-03,STR049,PRD0149,754,310,26,1038,R3,3.8,0
2023-05-07,STR006,PRD0022,764,144,412,496,R2,2.39,0
2024-11-24,STR014,PRD0069,998,372,353,1017,R5,4.4,0
2024-03-03,STR038,PRD0147,684,250,134,800,R3,4.79,0
2024-10-27,STR021,PRD0002,760,335,5,1090,R3,3.45,0
2024-08-18,STR032,PRD0141,893,495,148,1240,R2,1.19,0
2023-10-29,STR006,PRD0042,420,130,106,444,R2,1.35,0
2024-09-08,STR025,PRD0134,794,138,297,635,R4,1.24,0
2023-01-01,STR026,PRD0119,779,465,264,980,R3,1.51,0
2023-04-09,STR019,PRD0090,365,263,56,572,R3,2.16,0
2024-02-18,STR034,PRD0050,606,121,402,325,R4,2.75,0
2023-11-26,STR024,PRD0135,851,387,112,1126,R5,1.72,0
2024-01-14,STR041,PRD0145,653,490,114,1029,R5,3.54,0
2024-03-17,STR002,PRD0064,959,402,590,771,R2,0.73,0
2024-03-31,STR038,PRD0135,464,287,223,528,R3,4.68,0
2023-09-10,STR011,PRD0068,422,248,302,368,R4,2.09,0
2024-05-26,STR003,PRD0055,916,344,406,854,R3,2.24,0
2023-04-23,STR007,PRD0020,116,278,199,195,R5,4.04,0
2024-06-16,STR022,PRD0104,277,492,380,389,R3,1.27,0
2024-01-28,STR005,PRD0119,359,79,276,162,R1,1.48,0
2024-10-27,STR008,PRD0135,750,362,335,777,R2,1.39,0
2024-01-14,STR005,PRD0059,617,26,242,401,R1,0.82,0
2024-02-25,STR032,PRD0136,298,35,129,204,R2,4.4,0
2024-12-15,STR005,PRD0058,252,202,321,133,R1,2.06,0
2023-08-06,STR018,PRD0125,461,20,16,465,R5,4.6,0
2024-08-25,STR028,PRD0092,130,30,158,2,R3,4.94,1
2023-12-24,STR049,PRD0097,737,310,127,920,R3,1.0,0
2023-08-13,STR016,PRD0070,387,361,460,288,R2,4.96,0
2023-10-08,STR017,PRD0146,828,487,241,1074,R2,2.2,0
2024-02-04,STR035,PRD0018,184,425,444,165,R5,3.65,0
2024-01-21,STR043,PRD0080,106,209,231,84,R1,3.69,1
2024-04-07,STR039,PRD0140,645,263,594,314,R5,4.31,0
2024-12-15,STR012,PRD0151,685,361,6,1040,R4,1.61,0
2024-10-20,STR033,PRD0117,414,206,91,529,R1,1.02,0
2023-04-09,STR006,PRD0006,486,452,148,790,R2,1.1,0
2023-12-03,STR044,PRD0018,631,269,97,803,R5,0.14,0
2023-08-20,STR035,PRD0014,609,277,470,416,R5,2.9,0
2024-12-08,STR012,PRD0028,507,282,246,543,R4,0.11,0
2023-12-03,STR041,PRD0002,598,311,486,423,R5,1.52,0
2024-11-17,STR023,PRD0035,133,30,28,135,R5,3.0,0
2023-09-10,STR004,PRD0050,704,27,225,506,R4,4.27,0
2024-12-01,STR023,PRD0070,869,286,286,869,R5,0.34,0
2024-06-02,STR030,PRD0031,284,477,19,742,R5,1.95,0
2024-09-08,STR023,PRD0069,816,428,78,1166,R5,3.82,0
2023-12-10,STR024,PRD0095,562,150,329,383,R5,2.43,0
2024-03-24,STR045,PRD0072,780,435,292,923,R4,2.22,0
2024-12-15,STR002,PRD0086,592,298,243,647,R2,3.11,0
2024-06-02,STR038,PRD0149,760,315,401,674,R3,1.07,0
2023-10-01,STR050,PRD0117,672,438,263,847,R2,1.36,0
2023-04-30,STR037,PRD0130,205,435,205,435,R1,0.06,0
2024-08-04,STR024,PRD0111,526,1,265,262,R5,2.27,0
2024-04-21,STR044,PRD0076,261,269,68,462,R5,1.46,0
2023-02-26,STR013,PRD0020,913,375,196,1092,R2,4.36,0
2023-03-12,STR016,PRD0002,445,345,141,649,R2,0.73,0
2023-05-28,STR008,PRD0109,616,408,142,882,R2,2.22,0
2023-12-24,STR035,PRD0034,510,209,246,473,R5,1.37,0
2023-05-21,STR023,PRD0128,793,86,581,298,R5,4.08,0
2024-10-27,STR040,PRD0054,926,309,106,1129,R2,1.95,0
2024-06-23,STR028,PRD0159,813,317,148,982,R3,4.47,0
2024-09-22,STR018,PRD0014,304,287,189,402,R5,3.29,0
2024-08-04,STR034,PRD0057,648,408,420,636,R4,2.13,0
2024-04-14,STR037,PRD0055,200,392,271,321,R1,0.4,0
2024-10-13,STR045,PRD0123,849,8,269,588,R4,3.91,0
2024-11-03,STR019,PRD0129,367,90,442,15,R3,0.58,1
2024-04-14,STR014,PRD0095,414,328,357,385,R5,3.27,0
2023-01-01,STR037,PRD0136,183,184,143,224,R1,2.64,0
2024-12-22,STR002,PRD0076,542,418,396,564,R2,1.27,0
2023-11-19,STR009,PRD0019,533,31,67,497,R5,2.2,0
2023-01-15,STR026,PRD0135,106,393,331,168,R3,4.15,0
2024-07-14,STR041,PRD0135,803,318,359,762,R5,0.18,0
2024-07-14,STR012,PRD0152,289,103,125,267,R4,1.1,0
2023-11-12,STR039,PRD0139,461,405,130,736,R5,4.94,0
2024-07-28,STR042,PRD0020,224,386,22,588,R3,3.42,0
2024-06-02,STR020,PRD0084,543,138,68,613,R3,0.79,0
2024-02-18,STR045,PRD0142,444,27,92,379,R4,1.63,0
2023-11-05,STR031,PRD0014,383,170,415,138,R5,4.81,0
2024-09-08,STR004,PRD0094,262,465,293,434,R4,0.77,0
2023-05-14,STR040,PRD0008,758,200,371,587,R2,4.61,0
2023-11-05,STR037,PRD0018,917,7,272,652,R1,1.5,0
2023-07-16,STR024,PRD0044,854,4,503,355,R5,1.96,0
2023-03-26,STR016,PRD0099,938,35,180,793,R2,3.8,0
2024-03-24,STR014,PRD0085,955,248,57,1146,R5,2.77,0
2024-03-31,STR040,PRD0098,971,229,189,1011,R2,0.99,0
2023-12-24,STR023,PRD0040,715,380,146,949,R5,0.27,0
2023-02-26,STR042,PRD0070,231,17,234,14,R3,1.27,1
2023-07-30,STR024,PRD0126,108,175,43,240,R5,3.18,0
2024-08-25,STR003,PRD0097,272,373,118,527,R3,0.66,0
2023-02-05,STR001,PRD0125,992,469,433,1028,R2,2.79,0
2023-03-19,STR031,PRD0121,161,213,372,2,R5,0.11,1
2023-09-03,STR050,PRD0065,227,80,192,115,R2,3.76,0
2023-03-05,STR019,PRD0126,162,479,75,566,R3,0.95,0
2024-01-28,STR034,PRD0050,727,440,7,1160,R4,0.97,0
2023-06-25,STR017,PRD0065,649,466,529,586,R2,2.09,0
2024-02-18,STR023,PRD0065,864,375,541,698,R5,4.13,0
2024-10-27,STR005,PRD0030,218,133,325,26,R1,4.28,1
2023-06-25,STR037,PRD0085,489,350,528,311,R1,0.27,0
2023-05-14,STR049,PRD0128,715,245,564,396,R3,2.07,0
2023-12-24,STR025,PRD0001,496,477,477,496,R4,0.92,0
2023-08-13,STR047,PRD0073,271,449,53,667,R2,2.15,0
2023-11-26,STR007,PRD0050,766,192,295,663,R5,3.25,0
2023-06-11,STR010,PRD0149,531,407,560,378,R1,1.29,0
2023-03-19,STR026,PRD0029,631,86,364,353,R3,0.22,0
2023-03-26,STR034,PRD0017,249,71,311,9,R4,4.12,1
2024-11-24,STR038,PRD0055,205,448,113,540,R3,4.95,0
2023-08-27,STR010,PRD0105,829,440,590,679,R1,2.29,0
2023-11-19,STR049,PRD0155,849,77,291,635,R3,3.83,0
2024-10-06,STR004,PRD0054,382,457,198,641,R4,0.06,0
2024-04-28,STR004,PRD0144,119,481,354,246,R4,3.87,0
2024-08-04,STR012,PRD0018,875,481,123,1233,R4,2.0,0
2023-07-16,STR015,PRD0087,750,140,179,711,R5,2.49,0
2024-05-05,STR025,PRD0027,608,35,241,402,R4,0.33,0
2023-04-16,STR028,PRD0155,928,296,373,851,R3,0.17,0
2023-09-10,STR021,PRD0058,769,39,113,695,R3,3.72,0
2023-12-24,STR041,PRD0054,116,248,100,264,R5,1.08,0
2024-10-20,STR001,PRD0010,934,179,426,687,R2,0.27,0
2024-02-25,STR012,PRD0103,172,427,396,203,R4,3.87,0
2023-01-15,STR023,PRD0155,681,404,133,952,R5,4.28,0
2024-04-21,STR003,PRD0034,648,389,145,892,R3,4.28,0
2023-07-16,STR037,PRD0115,916,377,300,993,R1,0.23,0
2023-01-29,STR042,PRD0119,330,253,72,511,R3,1.24,0
2024-12-29,STR050,PRD0106,706,221,511,416,R2,0.24,0
2023-07-16,STR034,PRD0032,812,370,121,1061,R4,4.78,0
2023-12-24,STR017,PRD0101,140,159,90,209,R2,1.02,0
2023-02-26,STR042,PRD0107,185,313,67,431,R3,4.7,0
2023-10-01,STR045,PRD0128,188,57,241,4,R4,3.35,1
2024-09-01,STR025,PRD0143,842,203,279,766,R4,3.9,0
2024-06-09,STR039,PRD0072,406,100,130,376,R5,0.27,0
2024-03-24,STR008,PRD0077,322,467,301,488,R2,3.04,0
2024-09-08,STR029,PRD0006,359,318,50,627,R2,0.81,0
2023-09-10,STR041,PRD0055,150,319,446,23,R5,4.27,1
2024-04-28,STR011,PRD0061,333,106,160,279,R4,0.4,0
2024-06-02,STR038,PRD0066,610,408,298,720,R3,2.02,0
2024-12-29,STR008,PRD0048,636,92,258,470,R2,3.52,0
2023-05-07,STR046,PRD0117,273,84,126,231,R3,1.42,0
2024-03-10,STR016,PRD0160,748,351,335,764,R2,4.57,0
2023-09-03,STR016,PRD0084,293,338,223,408,R2,3.47,0
2023-07-23,STR004,PRD0008,232,340,254,318,R4,3.67,0
2023-06-18,STR010,PRD0047,379,335,248,466,R1,3.73,0
2023-09-10,STR011,PRD0093,132,295,217,210,R4,4.06,0
2023-10-01,STR047,PRD0112,506,254,82,678,R2,4.2,0
2024-05-19,STR026,PRD0065,427,157,165,419,R3,1.84,0
2024-07-28,STR050,PRD0117,168,431,456,143,R2,1.81,0
2023-12-10,STR010,PRD0124,918,12,57,873,R1,1.71,0
2023-01-29,STR045,PRD0064,601,9,415,195,R4,2.54,0
2023-09-10,STR012,PRD0047,107,495,372,230,R4,4.68,0
2023-05-28,STR044,PRD0027,102,353,365,90,R5,1.63,1
2023-01-01,STR025,PRD0114,249,39,82,206,R4,2.65,0
2023-11-05,STR041,PRD0057,225,299,195,329,R5,2.75,0
2023-08-06,STR043,PRD0077,995,237,309,923,R1,4.82,0
2023-02-19,STR040,PRD0116,543,298,136,705,R2,3.76,0
2023-04-23,STR010,PRD0132,778,100,16,862,R1,2.64,0
2023-06-18,STR022,PRD0024,646,199,276,569,R3,4.55,0
2023-08-27,STR003,PRD0006,626,134,14,746,R3,0.78,0
2023-07-16,STR006,PRD0136,412,16,52,376,R2,3.44,0
2024-07-28,STR009,PRD0144,844,144,406,582,R5,4.35,0
2024-03-17,STR038,PRD0087,620,142,453,309,R3,3.51,0
2024-10-27,STR006,PRD0026,111,74,86,99,R2,3.67,1
2024-04-28,STR025,PRD0089,263,208,140,331,R4,1.44,0
2024-12-22,STR002,PRD0005,986,467,234,1219,R2,4.28,0
2024-07-14,STR007,PRD0057,213,493,63,643,R5,1.62,0
2023-09-24,STR033,PRD0039,448,391,282,557,R1,1.92,0
2023-10-01,STR008,PRD0118,310,302,524,88,R2,1.5,1
2024-01-28,STR005,PRD0147,929,346,306,969,R1,3.5,0
2023-05-07,STR031,PRD0056,605,62,354,313,R5,4.32,0
2024-03-10,STR014,PRD0132,478,124,535,67,R5,3.86,1
2023-12-24,STR021,PRD0057,700,408,116,992,R3,4.83,0
2024-03-10,STR013,PRD0105,360,123,145,338,R2,0.36,0
2024-11-10,STR033,PRD0048,940,270,271,939,R1,3.27,0
2024-07-21,STR035,PRD0150,411,99,82,428,R5,2.63,0
2024-08-25,STR041,PRD0092,518,492,221,789,R5,4.16,0
2024-03-10,STR039,PRD0071,240,202,351,91,R5,2.67,1
2024-02-25,STR009,PRD0095,729,52,403,378,R5,2.32,0
2024-07-28,STR003,PRD0150,899,208,398,709,R3,1.6,0
2023-08-20,STR033,PRD0015,702,202,388,516,R1,2.01,0
2023-08-27,STR004,PRD0014,375,317,368,324,R4,1.0,0
2024-04-28,STR013,PRD0044,564,341,4,901,R2,2.46,0
2024-04-28,STR042,PRD0069,118,57,107,68,R3,2.28,1
2024-11-24,STR023,PRD0145,468,170,220,418,R5,3.52,0
2024-04-28,STR049,PRD0003,720,97,245,572,R3,2.71,0
2024-03-03,STR002,PRD0069,554,92,540,106,R2,0.04,0
2023-04-16,STR013,PRD0107,715,365,243,837,R2,2.25,0
2023-10-29,STR021,PRD0148,431,192,597,26,R3,5.0,1
2023-07-02,STR036,PRD0070,683,318,362,639,R3,2.51,0
2023-07-09,STR034,PRD0075,142,6,70,78,R4,4.15,1
2023-02-19,STR032,PRD0059,679,452,576,555,R2,1.88,0
2024-05-12,STR007,PRD0143,480,452,105,827,R5,2.7,0
2023-11-19,STR008,PRD0121,347,150,421,76,R2,2.18,1
2023-04-23,STR017,PRD0126,591,112,443,260,R2,0.81,0
2023-05-07,STR050,PRD0136,269,252,38,483,R2,0.29,0
2024-11-10,STR031,PRD0123,318,499,96,721,R5,2.57,0
2023-10-22,STR007,PRD0102,433,77,458,52,R5,2.95,1
2023-10-29,STR015,PRD0015,266,379,341,304,R5,1.4,0
2023-04-23,STR007,PRD0119,901,41,552,390,R5,4.18,0
2024-07-21,STR011,PRD0032,984,227,179,1032,R4,1.97,0
2024-06-16,STR012,PRD0024,125,451,410,166,R4,4.15,0
2024-03-31,STR012,PRD0022,827,29,27,829,R4,4.62,0
2024-06-23,STR018,PRD0043,488,358,478,368,R5,3.9,0
2024-01-21,STR034,PRD0029,305,26,102,229,R4,2.63,0
2024-06-23,STR027,PRD0123,878,365,54,1189,R1,2.18,0
2024-07-21,STR036,PRD0072,800,274,213,861,R3,4.99,0
2024-09-01,STR005,PRD0099,401,478,340,539,R1,0.7,0
2024-04-28,STR050,PRD0024,702,422,116,1008,R2,2.85,0
2023-12-17,STR036,PRD0063,948,25,246,727,R3,1.15,0
2024-01-21,STR032,PRD0056,440,217,154,503,R2,1.12,0
2024-06-16,STR019,PRD0009,897,134,512,519,R3,4.17,0
2023-08-27,STR003,PRD0003,374,361,261,474,R3,4.33,0
2024-10-20,STR013,PRD0068,205,65,36,234,R2,1.57,0
2024-11-03,STR037,PRD0045,327,213,412,128,R1,2.6,0
2023-10-08,STR032,PRD0104,370,397,582,185,R2,3.19,0
2024-03-03,STR006,PRD0115,664,47,255,456,R2,2.66,0
2023-12-03,STR020,PRD0063,459,161,457,163,R3,1.56,0
2023-05-21,STR044,PRD0072,969,356,501,824,R5,1.71,0
2024-10-20,STR027,PRD0141,300,463,319,444,R1,1.19,0
2024-06-02,STR043,PRD0009,662,249,321,590,R1,2.02,0
2024-01-21,STR028,PRD0131,751,94,206,639,R3,1.17,0
2023-10-22,STR011,PRD0084,442,380,596,226,R4,2.35,0
2023-06-11,STR034,PRD0025,874,50,593,331,R4,2.41,0
2024-08-04,STR039,PRD0068,136,432,335,233,R5,2.84,0
2024-04-07,STR011,PRD0007,138,282,412,8,R4,2.07,1
2023-01-22,STR017,PRD0123,127,59,95,91,R2,4.45,1
2023-09-17,STR001,PRD0085,252,438,185,505,R2,3.22,0
2023-10-29,STR032,PRD0072,975,146,534,587,R2,3.11,0
2024-01-28,STR047,PRD0042,388,421,424,385,R2,2.34,0
2023-08-13,STR002,PRD0007,268,435,302,401,R2,0.38,0
2024-02-04,STR038,PRD0046,788,357,471,674,R3,3.91,0
2024-07-21,STR011,PRD0013,368,450,107,711,R4,4.35,0
2024-12-01,STR049,PRD0082,785,492,421,856,R3,1.17,0
2024-04-28,STR002,PRD0071,458,45,9,494,R2,3.06,0
2024-02-11,STR019,PRD0015,170,186,221,135,R3,2.35,0
2024-12-15,STR033,PRD0042,814,372,590,596,R1,2.53,0
2023-12-17,STR035,PRD0034,654,158,215,597,R5,2.98,0
2023-02-12,STR041,PRD0110,758,409,558,609,R5,3.39,0
2024-06-30,STR011,PRD0144,172,316,147,341,R4,1.14,0
2024-10-27,STR034,PRD0079,484,15,259,240,R4,2.5,0
2024-06-09,STR036,PRD0093,591,426,160,857,R3,1.59,0
2024-03-24,STR004,PRD0051,445,19,105,359,R4,4.19,0
2023-08-27,STR038,PRD0049,166,153,54,265,R3,0.16,0
2023-12-31,STR037,PRD0116,224,350,43,531,R1,3.71,0
2024-06-09,STR014,PRD0092,576,135,124,587,R5,1.56,0
2023-10-15,STR035,PRD0074,291,11,205,97,R5,2.67,1
2023-05-21,STR002,PRD0009,214,21,220,15,R2,2.67,1
2023-05-07,STR050,PRD0158,825,131,586,370,R2,1.63,0
2023-12-24,STR044,PRD0114,268,88,122,234,R5,1.59,0
2024-07-07,STR017,PRD0122,299,219,117,401,R2,1.58,0
2023-09-10,STR007,PRD0086,290,427,166,551,R5,1.76,0
2023-11-12,STR014,PRD0022,989,66,573,482,R5,1.5,0
2023-01-15,STR025,PRD0159,459,160,487,132,R4,2.59,0
2023-04-09,STR039,PRD0037,938,202,74,1066,R5,0.36,0
2024-01-14,STR031,PRD0130,682,82,435,329,R5,0.71,0
2024-03-31,STR025,PRD0151,761,239,261,739,R4,0.42,0
2024-05-05,STR005,PRD0127,405,400,566,239,R1,2.14,0
2024-05-19,STR024,PRD0047,828,444,191,1081,R5,3.11,0
2024-08-25,STR029,PRD0067,941,95,278,758,R2,3.77,0
2023-01-22,STR001,PRD0043,524,307,85,746,R2,4.03,0
2023-07-23,STR038,PRD0131,393,170,464,99,R3,2.54,1
2023-12-03,STR033,PRD0125,247,72,166,153,R1,3.19,0
2023-12-03,STR022,PRD0101,863,9,542,330,R3,2.05,0
2023-09-10,STR037,PRD0010,805,18,213,610,R1,4.8,0
2023-10-22,STR002,PRD0025,210,93,200,103,R2,2.25,0
2024-03-03,STR015,PRD0041,653,57,24,686,R5,1.01,0
2023-10-15,STR027,PRD0015,580,108,214,474,R1,2.24,0
2023-10-08,STR041,PRD0063,110,351,170,291,R5,0.77,0
2023-12-17,STR029,PRD0070,764,128,533,359,R2,1.11,0
2023-12-31,STR001,PRD0062,497,331,5,823,R2,2.27,0
2023-08-20,STR021,PRD0003,559,15,410,164,R3,0.55,0
2023-05-28,STR035,PRD0088,357,310,480,187,R5,1.65,0
2024-03-17,STR036,PRD0157,102,30,14,118,R3,2.88,0
2023-11-26,STR002,PRD0145,249,100,91,258,R2,2.57,0
2023-06-25,STR033,PRD0099,220,151,210,161,R1,1.49,0
2023-12-24,STR047,PRD0033,469,331,79,721,R2,1.43,0
2024-04-07,STR001,PRD0047,989,9,478,520,R2,1.2,0
2024-01-07,STR032,PRD0118,917,264,289,892,R2,3.89,0
2023-12-03,STR032,PRD0122,195,27,162,60,R2,3.15,1
2024-09-22,STR016,PRD0010,120,383,241,262,R2,2.88,0
2023-11-05,STR043,PRD0036,519,264,286,497,R1,3.38,0
2023-03-26,STR011,PRD0053,823,330,190,963,R4,0.5,0
2023-06-04,STR038,PRD0090,214,276,327,163,R3,1.87,0
2023-09-03,STR026,PRD0078,523,216,214,525,R3,0.27,0
2023-07-09,STR008,PRD0077,419,6,138,287,R2,2.37,0
2023-02-12,STR048,PRD0076,371,162,306,227,R2,1.94,0
2023-12-10,STR029,PRD0003,832,419,122,1129,R2,3.37,0
2024-08-04,STR035,PRD0131,192,282,288,186,R5,1.79,0
2024-03-10,STR007,PRD0120,261,114,116,259,R5,4.34,0
2024-12-29,STR007,PRD0098,370,111,312,169,R5,4.08,0
2024-11-17,STR041,PRD0156,175,237,270,142,R5,3.59,0
2024-03-24,STR041,PRD0115,819,183,50,952,R5,0.56,0
2024-10-20,STR005,PRD0082,404,488,13,879,R1,4.57,0
2023-02-12,STR028,PRD0152,250,380,507,123,R3,1.86,0
2024-04-28,STR018,PRD0094,781,298,461,618,R5,1.03,0
2023-12-24,STR041,PRD0123,724,289,100,913,R5,2.92,0
2024-09-15,STR012,PRD0138,646,32,365,313,R4,4.72,0
2024-07-21,STR003,PRD0155,961,137,473,625,R3,0.94,0
2023-03-05,STR020,PRD0114,962,113,185,890,R3,0.07,0
2024-12-15,STR032,PRD0140,953,377,388,942,R2,0.76,0
2024-10-20,STR036,PRD0111,906,261,396,771,R3,0.16,0
2024-04-21,STR035,PRD0136,755,289,528,516,R5,2.61,0
2023-09-24,STR023,PRD0135,518,136,443,211,R5,3.1,0
2023-10-01,STR015,PRD0148,349,46,312,83,R5,3.79,1
2024-09-22,STR020,PRD0127,590,128,403,315,R3,1.88,0
2023-09-03,STR033,PRD0073,270,378,88,560,R1,0.27,0
2024-04-14,STR045,PRD0087,640,188,374,454,R4,1.44,0
2024-03-10,STR043,PRD0019,104,500,33,571,R1,3.58,0
2024-11-24,STR003,PRD0092,708,143,34,817,R3,1.35,0
2023-01-01,STR008,PRD0061,143,26,102,67,R2,0.75,1
2024-06-23,STR024,PRD0154,362,266,515,113,R5,2.94,0
2023-03-19,STR027,PRD0079,895,24,193,726,R1,0.3,0
2024-11-17,STR044,PRD0125,117,207,107,217,R5,0.63,0
2023-03-19,STR028,PRD0126,478,11,432,57,R3,2.44,1
2023-05-21,STR037,PRD0049,487,282,381,388,R1,1.33,0
2023-10-15,STR015,PRD0009,830,239,193,876,R5,3.86,0
2024-03-24,STR045,PRD0086,891,476,485,882,R4,3.05,0
2024-11-03,STR010,PRD0038,615,499,87,1027,R1,1.93,0
2024-01-21,STR034,PRD0001,892,106,99,899,R4,1.11,0
2024-11-10,STR032,PRD0002,522,364,247,639,R2,1.15,0
2023-04-02,STR027,PRD0062,785,439,102,1122,R1,4.67,0
2024-02-11,STR024,PRD0124,749,232,207,774,R5,4.96,0
2024-03-31,STR028,PRD0030,195,218,158,255,R3,3.71,0
2024-07-21,STR028,PRD0036,442,330,277,495,R3,2.09,0
2024-07-07,STR044,PRD0091,632,307,503,436,R5,4.26,0
2023-02-12,STR029,PRD0158,877,85,404,558,R2,2.93,0
2023-06-18,STR035,PRD0062,295,75,362,8,R5,3.03,1
2024-11-10,STR048,PRD0144,907,281,429,759,R2,1.88,0
2024-01-07,STR024,PRD0015,501,268,130,639,R5,4.53,0
2024-12-29,STR001,PRD0086,443,109,86,466,R2,1.39,0
2023-08-20,STR017,PRD0114,954,334,168,1120,R2,2.2,0
2024-06-30,STR027,PRD0155,834,175,198,811,R1,2.18,0
2023-12-17,STR010,PRD0124,472,387,91,768,R1,0.18,0
2024-09-15,STR042,PRD0121,737,272,536,473,R3,3.43,0
2024-05-12,STR016,PRD0013,583,413,382,614,R2,0.13,0
2024-08-04,STR013,PRD0017,240,431,490,181,R2,3.33,0
2024-05-12,STR037,PRD0080,884,385,286,983,R1,2.34,0
2023-08-20,STR035,PRD0053,959,433,195,1197,R5,1.08,0
2024-10-20,STR006,PRD0068,869,202,16,1055,R2,0.82,0
2024-07-28,STR047,PRD0032,868,400,565,703,R2,1.75,0
2024-06-02,STR023,PRD0013,267,246,93,420,R5,3.56,0
2024-01-14,STR011,PRD0042,621,428,416,633,R4,0.62,0
2023-09-17,STR027,PRD0131,815,232,85,962,R1,2.82,0
2024-05-26,STR035,PRD0055,281,264,272,273,R5,2.54,0
2023-11-19,STR011,PRD0116,472,54,380,146,R4,1.87,0
2023-05-28,STR012,PRD0106,881,124,333,672,R4,3.8,0
2024-07-28,STR011,PRD0113,167,193,230,130,R4,2.32,0
2024-09-29,STR001,PRD0109,440,258,87,611,R2,1.34,0
2024-10-20,STR002,PRD0105,284,293,140,437,R2,4.45,0
2023-05-28,STR043,PRD0006,322,35,132,225,R1,0.2,0
2023-06-11,STR035,PRD0132,117,20,59,78,R5,1.41,1
2023-06-11,STR016,PRD0018,384,221,287,318,R2,0.86,0
2024-08-18,STR045,PRD0134,538,347,66,819,R4,3.61,0
2024-09-08,STR016,PRD0122,945,482,226,1201,R2,0.65,0
2023-06-18,STR038,PRD0088,548,397,340,605,R3,1.05,0
2024-02-18,STR022,PRD0015,899,363,507,755,R3,2.9,0
2023-07-23,STR028,PRD0128,266,23,50,239,R3,1.66,0
2024-06-23,STR040,PRD0081,942,463,480,925,R2,4.72,0
2023-10-08,STR003,PRD0106,982,355,589,748,R3,0.56,0
2023-10-22,STR012,PRD0052,400,121,163,358,R4,0.16,0
2024-11-24,STR018,PRD0151,462,465,418,509,R5,4.41,0
2023-01-01,STR046,PRD0009,755,254,563,446,R3,1.89,0
2023-12-24,STR006,PRD0032,234,85,49,270,R2,4.81,0
2024-11-10,STR023,PRD0027,178,167,34,311,R5,3.55,0
2023-05-28,STR013,PRD0118,877,156,224,809,R2,2.59,0
2024-08-11,STR006,PRD0043,250,438,336,352,R2,0.2,0
2024-06-02,STR034,PRD0019,971,116,104,983,R4,2.41,0
2023-04-02,STR005,PRD0113,193,94,21,266,R1,2.79,0
2024-04-28,STR036,PRD0083,472,483,383,572,R3,4.6,0
2024-03-17,STR016,PRD0104,717,197,381,533,R2,4.23,0
2023-07-02,STR010,PRD0108,757,94,297,554,R1,0.24,0
2023-03-12,STR048,PRD0104,132,135,116,151,R2,1.12,0
2023-07-02,STR019,PRD0120,865,139,203,801,R3,0.57,0
2023-01-01,STR031,PRD0132,108,69,52,125,R5,2.05,0
2024-09-22,STR034,PRD0152,669,307,157,819,R4,2.15,0
2023-01-01,STR010,PRD0145,300,219,162,357,R1,0.49,0
2024-07-07,STR045,PRD0040,538,229,12,755,R4,2.52,0
2023-12-03,STR013,PRD0123,854,47,589,312,R2,0.1,0
2023-01-29,STR039,PRD0004,516,414,290,640,R5,1.03,0
2024-04-14,STR017,PRD0125,109,277,325,61,R2,4.6,1
2024-11-17,STR006,PRD0066,992,400,355,1037,R2,4.48,0
2023-10-01,STR035,PRD0115,216,204,214,206,R5,3.72,0
2024-04-21,STR050,PRD0089,677,247,480,444,R2,1.21,0
2024-11-17,STR032,PRD0126,993,401,149,1245,R2,1.48,0
2024-08-04,STR030,PRD0047,307,61,256,112,R5,0.71,0
2023-03-26,STR009,PRD0016,352,442,77,717,R5,2.3,0
2023-11-12,STR035,PRD0152,338,61,204,195,R5,1.29,0
2024-09-29,STR017,PRD0051,735,22,380,377,R2,2.24,0
2024-04-21,STR011,PRD0055,422,313,388,347,R4,0.42,0
2023-04-02,STR011,PRD0080,887,277,501,663,R4,2.58,0
2023-09-17,STR019,PRD0146,747,357,384,720,R3,2.97,0
2023-02-26,STR028,PRD0145,690,183,468,405,R3,0.25,0
2023-11-26,STR042,PRD0044,570,288,208,650,R3,2.0,0
2023-11-19,STR045,PRD0110,283,322,460,145,R4,1.33,0
2023-09-24,STR031,PRD0143,753,440,267,926,R5,2.94,0
2023-04-16,STR041,PRD0077,478,372,145,705,R5,0.51,0
2024-11-24,STR046,PRD0130,762,493,107,1148,R3,1.87,0
2023-09-03,STR003,PRD0150,553,301,54,800,R3,0.22,0
2023-08-20,STR047,PRD0104,287,0,223,64,R2,1.13,1
2024-03-24,STR013,PRD0147,506,237,441,302,R2,2.43,0
2024-01-07,STR048,PRD0151,849,286,408,727,R2,0.77,0
2024-05-05,STR040,PRD0149,596,195,497,294,R2,2.19,0
2023-01-22,STR041,PRD0089,770,423,341,852,R5,4.6,0
2023-04-23,STR004,PRD0092,680,78,139,619,R4,2.99,0
2024-03-03,STR039,PRD0145,341,446,593,194,R5,4.77,0
2023-10-08,STR039,PRD0067,523,69,41,551,R5,2.65,0
2023-04-09,STR025,PRD0112,740,157,123,774,R4,0.91,0
2024-08-11,STR018,PRD0146,783,420,519,684,R5,1.89,0
2024-09-22,STR021,PRD0086,636,46,114,568,R3,4.52,0
2023-04-30,STR001,PRD0034,605,444,267,782,R2,4.73,0
2023-12-24,STR026,PRD0009,827,255,519,563,R3,2.23,0
2024-09-15,STR009,PRD0084,965,498,191,1272,R5,3.28,0
2023-10-22,STR013,PRD0059,741,462,142,1061,R2,2.82,0
2023-11-12,STR035,PRD0069,156,292,142,306,R5,0.13,0
2024-06-16,STR014,PRD0034,702,228,129,801,R5,0.24,0
2023-05-14,STR005,PRD0088,230,140,342,28,R1,4.14,1
2024-07-07,STR038,PRD0012,840,424,221,1043,R3,0.8,0
2023-03-26,STR047,PRD0037,951,458,491,918,R2,1.0,0
2024-07-14,STR008,PRD0118,666,409,571,504,R2,2.07,0
2023-12-10,STR040,PRD0045,505,17,63,459,R2,1.81,0
2023-12-17,STR017,PRD0022,976,498,499,975,R2,4.95,0
2024-06-23,STR048,PRD0112,880,251,519,612,R2,4.11,0
2023-06-11,STR039,PRD0107,780,497,200,1077,R5,2.99,0
2023-04-16,STR011,PRD0024,619,357,24,952,R4,1.77,0
2024-08-18,STR030,PRD0032,400,419,362,457,R5,3.56,0
2023-07-09,STR006,PRD0149,588,475,391,672,R2,0.9,0
2023-06-25,STR016,PRD0124,700,289,401,588,R2,4.77,0
2024-03-03,STR022,PRD0027,579,70,590,59,R3,0.56,1
2023-07-30,STR047,PRD0151,812,188,286,714,R2,1.26,0
2023-08-20,STR037,PRD0031,972,454,303,1123,R1,0.7,0
2023-04-09,STR021,PRD0157,284,28,94,218,R3,3.3,0
2024-07-28,STR013,PRD0140,818,156,71,903,R2,4.01,0
2023-10-01,STR032,PRD0047,518,383,245,656,R2,1.17,0
2024-09-29,STR001,PRD0097,822,343,143,1022,R2,2.3,0
2023-08-27,STR034,PRD0053,858,400,77,1181,R4,0.53,0
2024-07-14,STR010,PRD0029,733,64,323,474,R1,1.12,0
2023-04-09,STR046,PRD0035,332,426,368,390,R3,3.64,0
2023-11-19,STR012,PRD0129,409,323,530,202,R4,0.03,0
2024-06-09,STR031,PRD0071,753,286,101,938,R5,3.66,0
2023-02-26,STR020,PRD0050,927,359,179,1107,R3,1.03,0
2024-10-13,STR040,PRD0027,372,292,363,301,R2,3.01,0
2024-08-11,STR020,PRD0039,960,225,258,927,R3,0.73,0
2024-10-20,STR047,PRD0008,796,65,267,594,R2,0.13,0
2024-11-17,STR029,PRD0073,141,423,141,423,R2,3.4,0
2024-01-14,STR048,PRD0144,160,35,181,14,R2,4.65,1
2024-10-13,STR014,PRD0104,734,171,411,494,R5,3.34,0
2023-04-23,STR035,PRD0143,949,294,39,1204,R5,4.83,0
2024-02-25,STR032,PRD0153,802,233,333,702,R2,2.33,0
2023-04-02,STR008,PRD0100,552,156,59,649,R2,1.76,0
2024-11-03,STR042,PRD0019,394,103,423,74,R3,0.92,1
2023-03-26,STR001,PRD0028,925,95,451,569,R2,2.65,0
2023-10-22,STR047,PRD0104,873,412,128,1157,R2,0.41,0
2023-04-30,STR010,PRD0160,835,338,557,616,R1,4.22,0
2024-10-06,STR042,PRD0154,177,373,92,458,R3,1.24,0
2024-06-16,STR048,PRD0127,931,473,449,955,R2,2.79,0
2023-08-13,STR006,PRD0136,762,392,245,909,R2,3.15,0
2024-09-22,STR026,PRD0009,337,180,40,477,R3,4.77,0
2023-03-26,STR046,PRD0158,546,33,510,69,R3,0.4,1
2024-11-03,STR036,PRD0023,969,228,424,773,R3,3.45,0
2023-08-27,STR023,PRD0050,448,149,509,88,R5,3.13,1
2023-06-18,STR013,PRD0051,968,326,36,1258,R2,3.71,0
2024-06-30,STR046,PRD0076,819,382,451,750,R3,3.52,0
2023-04-02,STR011,PRD0156,318,107,278,147,R4,3.96,0
2024-08-04,STR025,PRD0005,601,7,544,64,R4,1.16,1
2023-01-01,STR032,PRD0045,394,19,247,166,R2,1.19,0
2024-02-25,STR007,PRD0136,218,235,360,93,R5,3.76,1
2024-07-14,STR010,PRD0062,819,4,61,762,R1,4.56,0
2023-01-08,STR038,PRD0115,257,172,360,69,R3,2.57,1
2024-01-14,STR047,PRD0054,649,199,245,603,R2,2.82,0
2024-03-17,STR015,PRD0154,965,157,390,732,R5,0.01,0
2023-07-02,STR032,PRD0112,288,376,325,339,R2,0.51,0
2024-02-11,STR001,PRD0142,910,55,414,551,R2,3.91,0
2023-09-10,STR014,PRD0096,790,68,442,416,R5,1.79,0
2024-09-01,STR024,PRD0039,443,343,533,253,R5,1.17,0
2023-06-18,STR011,PRD0060,392,276,322,346,R4,2.09,0
2024-08-11,STR033,PRD0135,117,441,144,414,R1,3.01,0
2023-05-21,STR024,PRD0070,535,12,254,293,R5,2.72,0
2023-03-12,STR027,PRD0023,751,252,135,868,R1,4.7,0
2023-06-11,STR046,PRD0142,304,95,132,267,R3,4.9,0
2023-09-24,STR029,PRD0018,892,91,192,791,R2,1.74,0
2024-04-21,STR045,PRD0145,571,439,220,790,R4,3.41,0
2024-01-21,STR012,PRD0118,114,28,124,18,R4,1.98,1
2024-02-18,STR007,PRD0112,251,131,59,323,R5,1.69,0
2024-10-13,STR046,PRD0041,136,368,238,266,R3,2.24,0
2024-10-13,STR034,PRD0137,913,242,589,566,R4,4.3,0
2023-04-02,STR008,PRD0108,660,55,513,202,R2,2.62,0
2023-07-23,STR033,PRD0008,401,11,53,359,R1,4.57,0
2024-04-14,STR043,PRD0064,302,404,312,394,R1,4.46,0
2023-11-05,STR001,PRD0024,104,17,14,107,R2,1.24,0
2023-09-10,STR050,PRD0058,922,233,362,793,R2,4.51,0
2023-10-29,STR037,PRD0141,656,31,353,334,R1,1.96,0
2023-11-26,STR037,PRD0035,180,255,54,381,R1,4.0,0
2023-06-04,STR040,PRD0112,976,459,92,1343,R2,3.02,0
2023-08-06,STR008,PRD0133,754,402,274,882,R2,0.39,0
2023-02-05,STR026,PRD0101,473,393,232,634,R3,1.48,0
2023-03-05,STR025,PRD0003,687,459,188,958,R4,0.5,0
2024-05-26,STR030,PRD0133,602,364,335,631,R5,1.2,0
2023-06-04,STR020,PRD0039,869,499,265,1103,R3,1.91,0
2024-09-01,STR017,PRD0148,921,402,413,910,R2,3.88,0
2024-03-10,STR046,PRD0015,137,489,191,435,R3,0.08,0
2023-11-12,STR020,PRD0124,602,386,210,778,R3,2.64,0
2024-12-08,STR007,PRD0154,667,105,575,197,R5,0.7,0
2024-12-01,STR033,PRD0008,300,393,437,256,R1,0.03,0
2023-03-26,STR016,PRD0102,274,392,585,81,R2,3.01,1
2024-06-02,STR027,PRD0116,878,455,592,741,R1,2.63,0
2023-05-14,STR019,PRD0085,176,467,337,306,R3,0.46,0
2024-08-18,STR041,PRD0029,314,304,74,544,R5,4.25,0
2024-11-10,STR040,PRD0078,488,453,106,835,R2,3.8,0
2024-09-08,STR029,PRD0035,379,133,366,146,R2,0.01,0
2023-07-02,STR048,PRD0031,720,327,558,489,R2,1.06,0
2024-06-23,STR021,PRD0030,867,22,354,535,R3,2.25,0
2023-05-07,STR001,PRD0118,443,96,74,465,R2,1.5,0
2024-06-09,STR045,PRD0111,695,488,147,1036,R4,2.3,0
2024-03-03,STR043,PRD0105,648,212,241,619,R1,0.22,0
2023-02-26,STR031,PRD0131,109,169,36,242,R5,0.6,0
2023-07-23,STR013,PRD0054,923,76,250,749,R2,0.47,0
2024-10-13,STR005,PRD0114,788,296,464,620,R1,1.27,0
2024-07-28,STR030,PRD0125,763,286,508,541,R5,4.63,0
2024-02-04,STR024,PRD0062,358,413,4,767,R5,0.22,0
2024-10-06,STR032,PRD0079,855,391,91,1155,R2,0.77,0
2024-02-25,STR036,PRD0117,972,0,262,710,R3,1.65,0
2024-07-14,STR005,PRD0092,592,145,402,335,R1,2.21,0
2024-03-31,STR024,PRD0048,339,168,380,127,R5,0.57,0
2023-03-19,STR004,PRD0005,245,357,393,209,R4,0.76,0
2023-05-21,STR026,PRD0063,355,500,229,626,R3,0.84,0
2023-04-02,STR045,PRD0090,254,336,320,270,R4,1.21,0
2023-11-12,STR046,PRD0071,263,281,170,374,R3,1.16,0
2024-05-12,STR002,PRD0087,162,431,478,115,R2,4.7,0
2023-11-26,STR041,PRD0062,329,423,447,305,R5,2.72,0
2023-10-22,STR016,PRD0157,561,269,324,506,R2,4.81,0
2024-03-24,STR050,PRD0103,289,423,153,559,R2,4.59,0
2024-06-02,STR012,PRD0019,468,18,63,423,R4,2.91,0
2023-08-20,STR047,PRD0074,828,408,98,1138,R2,3.91,0
2024-03-17,STR018,PRD0044,938,487,350,1075,R5,0.59,0
2023-06-18,STR035,PRD0151,607,177,412,372,R5,0.46,0
2023-08-06,STR046,PRD0007,240,92,167,165,R3,2.62,0
2023-11-05,STR012,PRD0046,911,198,358,751,R4,0.73,0
2024-06-23,STR042,PRD0053,884,327,390,821,R3,0.07,0
2024-08-18,STR006,PRD0087,266,230,40,456,R2,0.28,0
2023-12-17,STR026,PRD0117,313,495,533,275,R3,4.89,0
2024-08-25,STR038,PRD0048,408,483,236,655,R3,0.18,0
2024-02-11,STR023,PRD0090,666,396,170,892,R5,4.19,0
2023-10-29,STR003,PRD0061,935,152,378,709,R3,3.88,0
2023-04-23,STR019,PRD0084,769,483,459,793,R3,1.89,0
2024-07-21,STR047,PRD0110,866,348,496,718,R2,1.99,0
2024-09-15,STR028,PRD0152,767,278,388,657,R3,3.79,0
2024-06-09,STR045,PRD0106,283,259,413,129,R4,0.61,0
2024-09-29,STR034,PRD0081,923,454,49,1328,R4,0.3,0
2024-03-31,STR014,PRD0043,816,74,519,371,R5,4.9,0
2023-09-24,STR046,PRD0110,517,327,241,603,R3,0.32,0
2023-11-12,STR018,PRD0155,696,463,408,751,R5,0.92,0
2023-12-31,STR047,PRD0131,761,119,222,658,R2,3.43,0
2023-07-02,STR008,PRD0151,820,6,513,313,R2,2.95,0
2023-08-27,STR021,PRD0105,672,474,374,772,R3,1.75,0
2023-08-27,STR050,PRD0083,142,400,205,337,R2,2.67,0
2023-11-19,STR027,PRD0028,753,99,10,842,R1,0.19,0
2023-07-30,STR037,PRD0145,343,168,129,382,R1,3.35,0
2023-08-13,STR023,PRD0100,686,495,191,990,R5,0.26,0
2024-12-29,STR016,PRD0105,211,77,102,186,R2,3.34,0
2023-05-07,STR022,PRD0078,559,40,506,93,R3,3.42,1
2024-04-14,STR006,PRD0038,418,171,18,571,R2,1.13,0
2024-05-12,STR003,PRD0029,757,86,249,594,R3,4.8,0
2024-11-24,STR004,PRD0076,388,10,116,282,R4,4.04,0
2023-04-02,STR027,PRD0130,342,203,497,48,R1,1.63,1
2024-02-18,STR025,PRD0135,351,216,382,185,R4,1.34,0
2023-03-12,STR031,PRD0112,290,37,114,213,R5,3.97,0
2023-06-25,STR033,PRD0154,108,84,156,36,R1,3.08,1
2023-06-25,STR038,PRD0053,931,354,203,1082,R3,1.58,0
2024-05-05,STR040,PRD0061,916,86,484,518,R2,3.74,0
2024-11-03,STR003,PRD0093,635,118,578,175,R3,2.44,0
2023-02-19,STR035,PRD0153,915,246,316,845,R5,1.49,0
2024-05-12,STR022,PRD0129,882,32,445,469,R3,2.14,0
2024-10-27,STR036,PRD0030,850,333,248,935,R3,1.66,0
2023-05-07,STR025,PRD0014,453,280,109,624,R4,2.45,0
2024-11-03,STR042,PRD0030,702,492,592,602,R3,2.38,0
2024-11-24,STR049,PRD0043,720,29,452,297,R3,3.02,0
2024-07-07,STR010,PRD0077,393,131,91,433,R1,4.35,0
2023-12-24,STR021,PRD0090,872,3,93,782,R3,3.46,0
2023-05-28,STR039,PRD0013,333,115,99,349,R5,3.43,0
2024-07-07,STR004,PRD0026,444,438,415,467,R4,0.85,0
2024-04-28,STR042,PRD0085,169,465,168,466,R3,0.86,0
2024-06-23,STR043,PRD0138,605,401,529,477,R1,3.67,0
2023-07-30,STR016,PRD0152,927,423,243,1107,R2,0.66,0
2024-07-14,STR023,PRD0148,216,246,28,434,R5,4.66,0
2023-08-27,STR050,PRD0147,953,224,395,782,R2,1.45,0
2024-07-21,STR036,PRD0072,521,70,524,67,R3,1.88,1
2024-08-25,STR030,PRD0141,680,312,174,818,R5,4.13,0
2023-12-03,STR002,PRD0131,896,95,254,737,R2,2.74,0
2023-11-12,STR010,PRD0068,867,291,203,955,R1,1.98,0
2024-12-22,STR036,PRD0020,886,266,150,1002,R3,1.02,0
2024-01-14,STR043,PRD0121,790,380,186,984,R1,1.76,0
2023-01-22,STR007,PRD0035,923,115,354,684,R5,2.19,0
2024-06-16,STR006,PRD0111,499,215,333,381,R2,2.88,0
2023-02-19,STR010,PRD0124,887,21,29,879,R1,2.39,0
2023-01-08,STR009,PRD0111,738,338,557,519,R5,2.09,0
2023-02-12,STR010,PRD0133,770,209,596,383,R1,4.11,0
2024-01-14,STR019,PRD0072,203,11,59,155,R3,3.04,0
2024-12-15,STR024,PRD0096,248,132,21,359,R5,4.53,0
2023-07-16,STR035,PRD0092,317,181,80,418,R5,4.77,0
2024-02-25,STR009,PRD0120,669,43,283,429,R5,4.41,0
2023-06-18,STR026,PRD0002,250,125,249,126,R3,1.62,0
2024-12-22,STR050,PRD0052,979,272,542,709,R2,0.87,0
2024-06-30,STR048,PRD0112,246,421,538,129,R2,1.04,0
2024-06-30,STR023,PRD0114,911,483,232,1162,R5,2.74,0
2023-07-23,STR003,PRD0043,581,86,214,453,R3,0.47,0
2023-06-04,STR029,PRD0007,422,228,311,339,R2,2.41,0
2024-12-29,STR003,PRD0007,761,74,119,716,R3,2.8,0
2024-05-12,STR019,PRD0138,153,158,100,211,R3,1.51,0
2023-06-11,STR003,PRD0115,876,485,158,1203,R3,1.37,0
2024-08-11,STR033,PRD0127,956,449,209,1196,R1,4.46,0
2024-04-21,STR014,PRD0043,281,271,341,211,R5,3.69,0
2023-06-11,STR003,PRD0012,959,169,216,912,R3,4.63,0
2023-06-18,STR046,PRD0018,797,96,109,784,R3,2.19,0
2024-07-07,STR044,PRD0013,586,238,146,678,R5,4.43,0
2023-04-16,STR050,PRD0079,768,206,59,915,R2,1.69,0
2023-09-10,STR036,PRD0006,250,232,317,165,R3,2.89,0
2024-06-30,STR043,PRD0103,809,428,515,722,R1,2.66,0
2023-11-12,STR029,PRD0081,762,82,139,705,R2,0.97,0
2024-06-30,STR021,PRD0112,938,197,529,606,R3,2.78,0
2023-08-06,STR017,PRD0109,305,387,228,464,R2,0.13,0
2024-09-22,STR012,PRD0115,527,330,179,678,R4,3.55,0
2024-03-24,STR012,PRD0033,492,160,510,142,R4,0.62,0
2024-06-09,STR049,PRD0096,867,350,132,1085,R3,3.07,0
2024-02-18,STR031,PRD0002,899,43,475,467,R5,3.65,0
2023-06-04,STR013,PRD0113,271,1,19,253,R2,5.0,0
2024-04-21,STR036,PRD0058,494,368,459,403,R3,1.7,0
2023-07-16,STR008,PRD0068,338,72,52,358,R2,0.97,0
2024-12-15,STR033,PRD0016,192,440,184,448,R1,0.47,0
2023-07-16,STR031,PRD0055,387,180,283,284,R5,4.06,0
2023-10-08,STR041,PRD0036,211,287,459,39,R5,0.6,1
2023-03-12,STR018,PRD0068,156,247,318,85,R5,4.4,1
2024-01-14,STR010,PRD0140,795,462,354,903,R1,1.96,0
2024-10-20,STR016,PRD0125,301,379,165,515,R2,0.24,0
2023-04-02,STR023,PRD0152,245,475,136,584,R5,2.99,0
2023-09-03,STR044,PRD0116,866,100,128,838,R5,3.83,0
2024-06-02,STR004,PRD0069,465,307,25,747,R4,4.66,0
2023-12-10,STR038,PRD0087,107,62,51,118,R3,2.29,0
2023-09-24,STR010,PRD0159,589,422,560,451,R1,3.99,0
2023-05-14,STR003,PRD0019,475,253,529,199,R3,2.65,0
2023-06-18,STR011,PRD0068,990,488,531,947,R4,0.05,0
2024-09-15,STR019,PRD0047,886,166,496,556,R3,0.74,0
2024-10-20,STR045,PRD0110,691,290,40,941,R4,2.57,0
2023-06-25,STR029,PRD0035,1000,128,180,948,R2,0.81,0
2024-08-04,STR021,PRD0159,375,219,15,579,R3,4.16,0
2023-08-13,STR039,PRD0148,241,55,181,115,R5,3.21,0
2024-04-28,STR014,PRD0040,665,395,3,1057,R5,3.07,0
2023-04-23,STR005,PRD0098,883,70,177,776,R1,4.82,0
2023-08-27,STR022,PRD0023,139,333,231,241,R3,3.57,0
2023-03-19,STR049,PRD0003,399,386,60,725,R3,3.46,0
2023-04-16,STR007,PRD0032,846,150,151,845,R5,4.63,0
2023-04-09,STR027,PRD0141,255,361,288,328,R1,0.81,0
2023-01-29,STR040,PRD0121,486,498,438,546,R2,3.21,0
2024-11-10,STR037,PRD0070,801,107,442,466,R1,3.78,0
2024-11-10,STR020,PRD0125,179,372,415,136,R3,3.39,0
2023-08-13,STR039,PRD0030,177,253,311,119,R5,2.39,0
2023-12-10,STR024,PRD0092,936,254,99,1091,R5,3.45,0
2023-04-16,STR021,PRD0076,941,370,441,870,R3,4.76,0
2023-01-01,STR006,PRD0055,450,136,187,399,R2,4.16,0
2023-10-29,STR021,PRD0032,940,366,386,920,R3,3.81,0
2023-05-14,STR046,PRD0078,505,307,500,312,R3,4.21,0
2024-09-22,STR038,PRD0078,488,393,432,449,R3,1.52,0
2023-01-01,STR028,PRD0020,323,59,41,341,R3,1.41,0
2024-10-27,STR033,PRD0140,343,443,307,479,R1,3.55,0
2024-09-15,STR041,PRD0090,917,288,83,1122,R5,2.76,0
2023-11-12,STR035,PRD0042,184,225,38,371,R5,2.88,0
2023-07-30,STR026,PRD0038,311,262,299,274,R3,1.37,0
2024-01-28,STR036,PRD0041,522,36,398,160,R3,0.48,0
2023-03-12,STR004,PRD0082,692,486,273,905,R4,0.49,0
2024-12-29,STR046,PRD0093,203,171,90,284,R3,1.13,0
2023-01-15,STR029,PRD0006,954,469,517,906,R2,3.05,0
2023-08-27,STR003,PRD0119,581,343,225,699,R3,2.94,0
2024-05-26,STR011,PRD0019,887,168,2,1053,R4,4.36,0
2024-04-28,STR013,PRD0074,669,78,84,663,R2,2.48,0
2023-11-19,STR032,PRD0001,942,23,355,610,R2,0.34,0
2024-11-03,STR043,PRD0050,934,106,402,638,R1,1.14,0
2024-12-15,STR003,PRD0093,146,434,285,295,R3,4.85,0
2023-09-24,STR050,PRD0021,114,14,85,43,R2,1.92,1
2024-11-17,STR020,PRD0157,426,63,347,142,R3,3.82,0
2024-02-11,STR014,PRD0006,607,377,133,851,R5,3.15,0
2024-12-29,STR034,PRD0037,499,259,193,565,R4,0.45,0
2023-08-27,STR001,PRD0108,451,53,314,190,R2,0.52,0
2023-09-17,STR003,PRD0094,667,398,587,478,R3,3.87,0
2024-03-10,STR004,PRD0006,161,486,438,209,R4,0.7,0
2023-05-28,STR018,PRD0155,918,440,314,1044,R5,0.81,0
2024-02-25,STR033,PRD0148,837,427,224,1040,R1,4.66,0
2023-11-12,STR034,PRD0027,830,294,14,1110,R4,3.57,0
2024-05-12,STR046,PRD0140,363,197,224,336,R3,4.44,0
2024-12-15,STR018,PRD0111,434,180,589,25,R5,2.31,1
2023-05-07,STR048,PRD0098,662,106,375,393,R2,0.41,0
2024-07-28,STR028,PRD0122,231,8,72,167,R3,2.14,0
2024-12-08,STR050,PRD0046,485,361,96,750,R2,4.32,0
2023-05-28,STR029,PRD0006,249,394,89,554,R2,1.04,0
2024-05-26,STR012,PRD0137,893,76,343,626,R4,1.59,0
2024-09-01,STR028,PRD0005,840,498,49,1289,R3,4.61,0
2023-08-13,STR002,PRD0077,482,433,270,645,R2,4.46,0
2024-09-29,STR037,PRD0078,625,221,116,730,R1,0.44,0
2023-08-13,STR020,PRD0150,567,419,26,960,R3,0.25,0
2024-06-02,STR048,PRD0041,855,467,559,763,R2,2.84,0
2024-05-19,STR028,PRD0152,670,188,141,717,R3,0.93,0
2023-02-26,STR011,PRD0141,524,420,175,769,R4,4.11,0
2023-06-04,STR026,PRD0073,390,293,351,332,R3,2.03,0
2024-09-29,STR029,PRD0141,923,180,394,709,R2,2.08,0
2023-01-22,STR010,PRD0049,465,485,456,494,R1,0.75,0
2023-04-30,STR009,PRD0116,796,222,200,818,R5,2.51,0
2023-06-04,STR026,PRD0115,525,237,48,714,R3,0.45,0
2023-03-05,STR009,PRD0013,324,284,91,517,R5,3.65,0
2024-11-24,STR024,PRD0043,947,14,259,702,R5,0.04,0
2024-03-24,STR043,PRD0040,481,309,354,436,R1,1.2,0
2023-10-15,STR028,PRD0104,296,417,219,494,R3,3.89,0
2023-05-21,STR031,PRD0100,458,300,328,430,R5,2.63,0
2024-08-04,STR042,PRD0023,634,255,462,427,R3,3.99,0
2024-11-17,STR032,PRD0127,779,77,459,397,R2,0.53,0
2023-10-08,STR002,PRD0102,598,435,136,897,R2,1.57,0
2024-04-28,STR009,PRD0071,459,229,243,445,R5,1.28,0
2023-05-14,STR007,PRD0027,156,345,108,393,R5,0.53,0
2023-03-12,STR009,PRD0033,932,239,238,933,R5,4.24,0
2023-10-01,STR012,PRD0035,431,414,60,785,R4,1.14,0
2023-12-10,STR011,PRD0136,446,270,101,615,R4,2.16,0
2024-11-10,STR018,PRD0149,717,304,252,769,R5,4.14,0
2023-03-26,STR014,PRD0068,397,493,514,376,R5,4.9,0
2023-04-09,STR021,PRD0034,246,160,247,159,R3,4.95,0
2023-06-04,STR006,PRD0086,778,201,241,738,R2,0.36,0
2023-07-02,STR037,PRD0156,642,107,506,243,R1,4.97,0
2023-08-13,STR011,PRD0086,430,379,249,560,R4,1.82,0
2024-01-28,STR026,PRD0020,125,32,151,6,R3,3.09,1
2023-01-22,STR043,PRD0036,175,459,275,359,R1,1.76,0
2024-09-15,STR007,PRD0002,536,150,456,230,R5,4.36,0
2024-10-06,STR012,PRD0007,516,116,87,545,R4,1.26,0
2023-07-23,STR001,PRD0048,902,391,207,1086,R2,0.77,0
2024-07-14,STR013,PRD0075,856,13,143,726,R2,1.01,0
2023-12-10,STR005,PRD0068,872,363,577,658,R1,3.16,0
2023-01-22,STR012,PRD0117,525,315,209,631,R4,2.07,0
2023-07-23,STR010,PRD0145,260,488,60,688,R1,4.91,0
2024-01-14,STR031,PRD0027,336,398,410,324,R5,3.84,0
2024-01-14,STR021,PRD0010,563,461,380,644,R3,1.81,0
2024-08-04,STR035,PRD0072,295,239,318,216,R5,4.86,0
2023-09-17,STR034,PRD0084,720,462,119,1063,R4,1.44,0
2023-02-12,STR037,PRD0038,970,92,155,907,R1,3.56,0
2024-09-08,STR014,PRD0138,788,249,341,696,R5,4.35,0
2024-12-08,STR010,PRD0035,583,205,417,371,R1,2.84,0
2024-05-26,STR038,PRD0016,646,313,289,670,R3,0.4,0
2023-03-12,STR009,PRD0047,201,402,170,433,R5,1.82,0
2023-04-02,STR010,PRD0158,141,201,136,206,R1,1.19,0
2024-11-17,STR005,PRD0114,608,284,428,464,R1,1.97,0
2023-01-08,STR050,PRD0093,157,390,409,138,R2,0.04,0
2023-08-27,STR046,PRD0130,822,128,112,838,R3,2.75,0
2024-04-07,STR017,PRD0020,598,229,100,727,R2,1.63,0
2024-05-19,STR024,PRD0155,889,201,571,519,R5,0.21,0
2024-01-21,STR008,PRD0160,374,154,442,86,R2,3.73,1
2024-08-25,STR030,PRD0147,103,419,381,141,R5,1.58,0
2024-06-23,STR031,PRD0141,173,234,15,392,R5,4.99,0
2024-01-21,STR034,PRD0105,528,314,392,450,R4,2.68,0
2023-05-14,STR048,PRD0134,350,480,480,350,R2,1.63,0
2024-11-17,STR010,PRD0155,996,255,200,1051,R1,3.33,0
2024-12-22,STR049,PRD0025,928,266,21,1173,R3,2.98,0
2024-12-01,STR008,PRD0122,608,214,90,732,R2,2.44,0
2023-02-26,STR049,PRD0090,198,192,165,225,R3,2.02,0
2023-05-14,STR040,PRD0074,368,115,394,89,R2,3.71,1
2023-03-26,STR035,PRD0145,929,371,404,896,R5,2.02,0
2023-07-23,STR046,PRD0036,809,251,126,934,R3,2.27,0
2024-01-21,STR043,PRD0093,666,331,101,896,R1,4.04,0
2023-07-30,STR033,PRD0035,579,293,134,738,R1,3.74,0
2024-12-15,STR002,PRD0149,684,405,452,637,R2,1.58,0
2023-05-21,STR016,PRD0038,659,145,448,356,R2,1.15,0
2023-08-06,STR014,PRD0154,980,191,563,608,R5,1.72,0
2023-03-05,STR044,PRD0024,299,455,380,374,R5,1.62,0
2024-12-01,STR023,PRD0012,824,363,76,1111,R5,4.32,0
2024-09-15,STR003,PRD0133,813,346,421,738,R3,3.3,0
2023-01-08,STR007,PRD0104,653,166,74,745,R5,0.53,0
2024-06-23,STR013,PRD0049,282,289,311,260,R2,0.51,0
2024-02-25,STR022,PRD0102,279,12,180,111,R3,0.06,0
2024-12-08,STR004,PRD0040,122,445,520,47,R4,1.72,1
2023-08-20,STR048,PRD0045,184,148,300,32,R2,3.15,1
2023-01-22,STR042,PRD0038,898,342,314,926,R3,0.24,0
2024-10-06,STR022,PRD0128,991,303,22,1272,R3,2.0,0
2023-02-12,STR045,PRD0117,400,437,51,786,R4,0.47,0
2023-11-26,STR008,PRD0134,845,299,292,852,R2,3.32,0
2023-11-05,STR007,PRD0044,909,421,21,1309,R5,3.38,0
2024-12-29,STR018,PRD0037,659,397,472,584,R5,1.81,0
2024-07-14,STR020,PRD0087,424,79,322,181,R3,0.6,0
2024-03-03,STR037,PRD0097,986,348,131,1203,R1,2.22,0
2024-04-07,STR044,PRD0083,117,461,218,360,R5,0.75,0
2024-06-09,STR015,PRD0013,530,296,47,779,R5,1.8,0
2024-01-21,STR008,PRD0024,739,383,39,1083,R2,4.55,0
2024-12-01,STR004,PRD0082,803,19,49,773,R4,2.77,0
2024-11-24,STR008,PRD0009,913,98,563,448,R2,1.7,0
2024-09-08,STR004,PRD0068,131,217,210,138,R4,4.04,0
2023-10-01,STR024,PRD0160,965,454,181,1238,R5,0.39,0
2024-02-18,STR005,PRD0007,991,364,501,854,R1,4.71,0
2024-03-17,STR015,PRD0124,457,366,184,639,R5,2.95,0
2023-12-31,STR009,PRD0008,771,118,448,441,R5,1.21,0
2023-10-22,STR028,PRD0009,497,405,426,476,R3,0.7,0
2023-02-19,STR043,PRD0120,381,238,500,119,R1,4.28,0
2023-03-19,STR036,PRD0092,563,404,215,752,R3,2.42,0
2023-07-16,STR017,PRD0122,460,136,449,147,R2,4.09,0
2024-07-07,STR011,PRD0028,143,59,23,179,R4,1.9,0
2023-08-20,STR018,PRD0136,180,154,230,104,R5,4.9,0
2024-07-28,STR001,PRD0110,881,186,484,583,R2,0.39,0
2024-05-12,STR040,PRD0039,114,210,205,119,R2,4.68,0
2023-07-30,STR045,PRD0120,368,207,21,554,R4,2.13,0
2024-02-25,STR040,PRD0137,439,285,156,568,R2,2.08,0
2023-10-22,STR032,PRD0127,449,15,330,134,R2,4.64,0
2023-02-26,STR031,PRD0144,252,344,214,382,R5,3.76,0
2023-03-12,STR033,PRD0140,902,368,336,934,R1,0.91,0
2023-10-22,STR006,PRD0124,517,64,443,138,R2,1.27,0
2024-02-25,STR015,PRD0152,414,24,54,384,R5,1.65,0
2023-04-23,STR006,PRD0022,534,498,426,606,R2,1.47,0
2024-01-21,STR042,PRD0117,245,378,371,252,R3,0.82,0
2023-07-30,STR007,PRD0030,698,459,128,1029,R5,2.35,0
2023-05-21,STR025,PRD0022,903,308,590,621,R4,3.34,0
2024-01-28,STR007,PRD0093,133,316,160,289,R5,2.55,0
2023-06-04,STR004,PRD0033,703,55,338,420,R4,4.59,0
2023-03-12,STR016,PRD0002,663,491,394,760,R2,4.52,0
2024-03-17,STR046,PRD0057,745,404,331,818,R3,1.59,0
2023-09-03,STR012,PRD0159,176,278,219,235,R4,3.27,0
2024-02-18,STR022,PRD0025,760,411,178,993,R3,4.88,0
2024-06-09,STR033,PRD0079,157,48,2,203,R1,3.65,0
2024-05-12,STR017,PRD0071,829,424,208,1045,R2,2.99,0
2024-07-21,STR035,PRD0119,624,500,73,1051,R5,0.79,0
2024-11-03,STR017,PRD0054,724,69,28,765,R2,3.64,0
2023-09-03,STR014,PRD0143,500,190,287,403,R5,4.32,0
2024-12-29,STR048,PRD0022,526,1,67,460,R2,0.38,0
2023-08-13,STR022,PRD0059,526,390,380,536,R3,3.93,0
2024-12-08,STR046,PRD0151,881,204,110,975,R3,0.64,0
2024-02-25,STR015,PRD0067,307,88,27,368,R5,4.47,0
2023-08-20,STR045,PRD0155,379,416,271,524,R4,4.69,0
2023-08-27,STR019,PRD0053,365,366,421,310,R3,0.4,0
2023-04-30,STR050,PRD0160,312,149,208,253,R2,1.99,0
2023-10-22,STR002,PRD0124,770,260,587,443,R2,4.54,0
2024-12-08,STR034,PRD0101,840,459,304,995,R4,4.9,0
2024-03-31,STR026,PRD0129,255,243,378,120,R3,0.65,0
2024-12-29,STR036,PRD0055,810,45,360,495,R3,4.14,0
2024-12-01,STR049,PRD0115,953,394,375,972,R3,2.68,0
2024-03-03,STR048,PRD0131,193,97,32,258,R2,2.74,0
2024-12-22,STR050,PRD0047,236,78,106,208,R2,3.61,0
2024-01-21,STR040,PRD0043,335,174,123,386,R2,3.34,0
2024-10-06,STR042,PRD0094,268,474,387,355,R3,4.31,0
2023-04-09,STR029,PRD0095,358,358,416,300,R2,3.27,0
2024-04-14,STR044,PRD0086,585,7,198,394,R5,2.35,0
2024-12-15,STR031,PRD0098,392,447,127,712,R5,4.7,0
2023-04-09,STR050,PRD0069,126,100,188,38,R2,0.49,1
2023-01-22,STR018,PRD0102,840,3,66,777,R5,0.22,0
2023-07-23,STR046,PRD0102,167,68,148,87,R3,1.56,1
2023-01-29,STR041,PRD0153,519,127,409,237,R5,1.01,0
2023-12-17,STR045,PRD0016,522,148,4,666,R4,1.88,0
2023-07-09,STR021,PRD0100,516,492,245,763,R3,3.06,0
2023-02-26,STR002,PRD0004,708,438,225,921,R2,1.87,0
2023-07-16,STR039,PRD0149,551,362,403,510,R5,4.44,0
2024-10-13,STR012,PRD0100,252,141,22,371,R4,4.54,0
2024-10-20,STR015,PRD0151,836,223,282,777,R5,4.33,0
2024-03-17,STR024,PRD0108,643,278,246,675,R5,3.58,0
2023-09-10,STR021,PRD0111,758,7,561,204,R3,4.56,0
2024-10-13,STR016,PRD0013,203,380,410,173,R2,4.04,0
2024-10-20,STR005,PRD0016,975,368,196,1147,R1,0.18,0
2024-11-10,STR045,PRD0110,164,287,81,370,R4,3.84,0
2023-02-19,STR007,PRD0131,704,172,66,810,R5,1.23,0
2024-10-06,STR026,PRD0124,521,286,413,394,R3,1.6,0
2023-12-24,STR007,PRD0114,183,353,233,303,R5,4.94,0
2024-11-24,STR030,PRD0017,894,209,290,813,R5,0.69,0
2023-02-12,STR019,PRD0076,893,106,559,440,R3,0.05,0
2023-07-16,STR030,PRD0146,204,56,164,96,R5,2.52,1
2024-10-06,STR023,PRD0026,630,390,381,639,R5,2.0,0
2023-11-26,STR034,PRD0043,651,419,360,710,R4,2.73,0
2024-03-10,STR004,PRD0095,776,465,24,1217,R4,3.06,0
2024-04-21,STR011,PRD0122,389,259,523,125,R4,3.04,0
2023-11-05,STR014,PRD0004,672,471,550,593,R5,3.06,0
2023-12-24,STR043,PRD0128,245,333,306,272,R1,3.03,0
2023-01-15,STR008,PRD0004,158,333,13,478,R2,2.75,0
2023-08-20,STR042,PRD0078,113,163,52,224,R3,2.28,0
2023-12-10,STR036,PRD0026,153,219,139,233,R3,4.07,0
2023-10-08,STR029,PRD0015,253,151,399,5,R2,2.67,1
2023-01-29,STR003,PRD0156,944,57,196,805,R3,1.54,0
2023-09-24,STR010,PRD0148,979,7,308,678,R1,0.02,0
2023-01-01,STR014,PRD0073,418,167,284,301,R5,2.33,0
2024-12-01,STR018,PRD0038,871,419,199,1091,R5,0.76,0
2024-07-14,STR020,PRD0112,471,363,136,698,R3,4.06,0
2023-03-19,STR012,PRD0135,709,447,187,969,R4,1.2,0
2023-12-10,STR012,PRD0054,716,492,317,891,R4,0.63,0
2023-05-14,STR017,PRD0051,952,488,130,1310,R2,1.67,0
2023-11-12,STR017,PRD0022,182,16,146,52,R2,0.86,1
2023-10-08,STR021,PRD0120,507,110,462,155,R3,4.6,0
2023-05-28,STR001,PRD0065,493,9,256,246,R2,4.76,0
2024-07-21,STR038,PRD0103,252,6,121,137,R3,0.81,0
2023-12-03,STR037,PRD0029,884,361,357,888,R1,1.59,0
2024-08-04,STR016,PRD0085,598,94,243,449,R2,1.2,0
2024-09-22,STR045,PRD0037,987,241,239,989,R4,1.67,0
2024-09-15,STR001,PRD0141,357,200,377,180,R2,0.82,0
2023-08-13,STR023,PRD0036,477,368,485,360,R5,4.84,0
2023-04-16,STR021,PRD0025,272,309,568,13,R3,4.76,1
2024-03-10,STR047,PRD0060,211,416,168,459,R2,0.32,0
2023-08-06,STR042,PRD0123,819,457,43,1233,R3,2.07,0
2023-03-19,STR003,PRD0010,102,484,291,295,R3,3.38,0
2024-09-08,STR020,PRD0110,876,225,118,983,R3,1.61,0
2024-04-14,STR037,PRD0151,295,249,452,92,R1,1.13,1
2023-04-02,STR029,PRD0076,734,340,558,516,R2,3.81,0
2023-03-26,STR012,PRD0051,202,286,441,47,R4,0.12,1
2023-01-22,STR007,PRD0079,781,319,28,1072,R5,1.49,0
2024-08-18,STR015,PRD0078,535,28,349,214,R5,0.11,0
2023-05-07,STR050,PRD0091,463,328,552,239,R2,0.67,0
2023-11-19,STR037,PRD0136,689,457,365,781,R1,3.41,0
2024-12-29,STR036,PRD0155,114,72,51,135,R3,3.05,0
2023-06-18,STR026,PRD0148,389,10,160,239,R3,0.04,0
2024-12-29,STR007,PRD0055,803,68,164,707,R5,1.14,0
2024-01-07,STR019,PRD0005,479,236,161,554,R3,3.68,0
2023-09-03,STR031,PRD0015,149,154,77,226,R5,0.92,0
2023-01-15,STR037,PRD0089,192,248,91,349,R1,0.71,0
2024-04-28,STR002,PRD0154,768,356,452,672,R2,0.63,0
2024-04-14,STR017,PRD0092,545,202,213,534,R2,4.63,0
2023-05-28,STR039,PRD0043,676,232,583,325,R5,0.55,0
2024-09-08,STR035,PRD0153,220,76,150,146,R5,3.71,0
2023-10-08,STR006,PRD0016,622,81,90,613,R2,4.17,0
2024-08-11,STR003,PRD0049,578,458,293,743,R3,3.14,0
2024-07-14,STR029,PRD0054,630,156,590,196,R2,4.44,0
2024-07-07,STR010,PRD0113,518,296,434,380,R1,3.16,0
2023-05-14,STR037,PRD0031,431,437,192,676,R1,1.73,0
2024-10-20,STR009,PRD0091,976,350,196,1130,R5,3.94,0
2024-12-29,STR034,PRD0129,442,301,592,151,R4,2.55,0
2024-02-04,STR036,PRD0018,353,98,227,224,R3,3.42,0
2024-11-03,STR041,PRD0088,901,5,171,735,R5,4.96,0
2024-03-17,STR022,PRD0012,333,461,541,253,R3,4.74,0
2023-12-10,STR003,PRD0091,707,161,161,707,R3,0.81,0
2023-08-06,STR020,PRD0133,546,50,322,274,R3,3.89,0
2023-12-31,STR047,PRD0057,635,396,259,772,R2,1.04,0
2023-09-24,STR048,PRD0145,887,165,390,662,R2,4.89,0
2024-11-10,STR049,PRD0036,420,6,2,424,R3,3.04,0
2023-12-10,STR050,PRD0137,119,399,350,168,R2,2.78,0
2024-05-12,STR043,PRD0137,726,56,377,405,R1,4.12,0
2023-08-06,STR038,PRD0092,439,12,115,336,R3,3.13,0
2024-01-14,STR045,PRD0027,706,443,305,844,R4,2.08,0
2023-01-15,STR046,PRD0151,231,12,140,103,R3,3.58,0
2023-03-26,STR017,PRD0129,844,496,1,1339,R2,3.76,0
2023-02-26,STR044,PRD0049,780,414,409,785,R5,1.06,0
2024-09-01,STR009,PRD0130,582,286,114,754,R5,4.84,0
2024-09-29,STR005,PRD0084,215,387,106,496,R1,4.16,0
2023-12-31,STR025,PRD0129,679,411,276,814,R4,3.07,0
2023-06-11,STR001,PRD0121,315,265,505,75,R2,4.0,1
2023-07-23,STR006,PRD0153,384,496,120,760,R2,3.76,0
2024-02-11,STR016,PRD0040,821,462,39,1244,R2,1.82,0
2024-01-28,STR034,PRD0089,748,188,188,748,R4,2.48,0
2024-03-17,STR006,PRD0136,494,31,297,228,R2,3.68,0
2024-01-21,STR010,PRD0152,850,103,476,477,R1,0.38,0
2024-04-21,STR029,PRD0073,983,7,350,640,R2,0.26,0
2024-06-30,STR025,PRD0066,483,216,358,341,R4,3.52,0
2024-11-03,STR042,PRD0031,416,372,40,748,R3,0.9,0
2024-04-28,STR021,PRD0142,860,204,474,590,R3,0.27,0
2023-01-08,STR040,PRD0089,287,304,36,555,R2,2.82,0
2024-08-18,STR026,PRD0158,298,491,460,329,R3,0.08,0
2023-09-03,STR009,PRD0028,594,99,540,153,R5,0.26,0
2024-03-31,STR034,PRD0058,371,487,524,334,R4,2.45,0
2023-10-29,STR020,PRD0120,414,159,127,446,R3,0.21,0
2023-02-05,STR017,PRD0116,821,147,9,959,R2,1.14,0
2024-01-14,STR039,PRD0021,262,264,107,419,R5,1.59,0
2023-08-27,STR031,PRD0159,390,385,580,195,R5,2.32,0
2023-04-23,STR028,PRD0042,154,241,37,358,R3,3.47,0
2023-09-03,STR037,PRD0141,595,210,247,558,R1,2.93,0
2024-06-16,STR018,PRD0078,400,348,369,379,R5,1.23,0
2023-07-09,STR043,PRD0085,929,201,20,1110,R1,1.53,0
2023-09-24,STR029,PRD0029,383,214,424,173,R2,3.12,0
2024-10-06,STR029,PRD0122,547,3,215,335,R2,4.41,0
2024-10-13,STR012,PRD0059,937,142,309,770,R4,4.74,0
2023-11-12,STR031,PRD0001,790,324,40,1074,R5,2.18,0
2024-02-18,STR023,PRD0151,517,152,176,493,R5,1.66,0
2024-10-06,STR049,PRD0154,733,222,295,660,R3,0.59,0
2024-12-15,STR049,PRD0144,893,256,364,785,R3,4.13,0
2023-06-18,STR048,PRD0101,764,122,96,790,R2,4.2,0
2024-03-10,STR035,PRD0151,388,302,260,430,R5,2.68,0
2023-01-29,STR028,PRD0101,765,460,405,820,R3,0.97,0
2024-05-12,STR003,PRD0052,459,345,418,386,R3,4.87,0
2024-08-18,STR018,PRD0082,368,167,426,109,R5,0.31,0
2024-11-10,STR019,PRD0160,662,263,509,416,R3,4.86,0
2023-03-12,STR033,PRD0160,950,488,96,1342,R1,1.63,0
2024-01-14,STR007,PRD0160,679,380,457,602,R5,3.68,0
2023-04-02,STR011,PRD0062,224,381,373,232,R4,3.33,0
2024-05-19,STR043,PRD0132,531,26,317,240,R1,3.13,0
2024-07-07,STR036,PRD0092,206,12,149,69,R3,3.9,1
2023-10-15,STR047,PRD0003,968,377,31,1314,R2,4.1,0
2023-06-11,STR049,PRD0055,340,24,157,207,R3,3.64,0
2023-08-06,STR018,PRD0150,766,19,588,197,R5,2.37,0
2024-04-21,STR043,PRD0033,712,390,584,518,R1,3.96,0
2024-10-13,STR010,PRD0002,733,35,329,439,R1,1.83,0
2024-05-26,STR044,PRD0090,180,396,217,359,R5,4.8,0
2023-05-21,STR022,PRD0014,918,232,293,857,R3,0.56,0
2024-11-10,STR014,PRD0107,877,410,411,876,R5,2.57,0
2023-12-10,STR049,PRD0111,119,447,475,91,R3,4.81,1
2024-08-04,STR036,PRD0153,174,104,50,228,R3,0.31,0
2024-01-07,STR028,PRD0140,289,481,546,224,R3,4.22,0
2024-01-28,STR007,PRD0138,713,43,522,234,R5,1.71,0
2023-10-01,STR045,PRD0089,411,265,336,340,R4,0.5,0
2023-03-05,STR010,PRD0107,384,277,206,455,R1,2.27,0
2024-12-08,STR001,PRD0142,689,318,195,812,R2,3.77,0
2023-08-13,STR036,PRD0060,251,81,305,27,R3,1.1,1
2024-03-24,STR028,PRD0047,109,419,514,14,R3,0.37,1
2023-08-06,STR049,PRD0069,974,231,102,1103,R3,1.42,0
2024-02-18,STR005,PRD0141,171,175,301,45,R1,1.71,1
2023-02-12,STR042,PRD0108,716,473,420,769,R3,0.22,0
2024-10-13,STR026,PRD0096,703,38,403,338,R3,4.2,0
2024-10-06,STR022,PRD0148,971,274,156,1089,R3,3.79,0
2023-06-18,STR026,PRD0137,260,77,298,39,R3,3.52,1
2023-06-11,STR002,PRD0109,220,390,453,157,R2,0.64,0
2024-11-03,STR024,PRD0096,428,299,451,276,R5,0.16,0
2023-12-24,STR022,PRD0092,849,26,299,576,R3,4.73,0
2024-03-03,STR042,PRD0073,349,42,227,164,R3,0.13,0
2023-01-29,STR010,PRD0115,425,149,291,283,R1,0.57,0
2023-03-05,STR023,PRD0081,634,271,599,306,R5,2.93,0
2024-01-28,STR033,PRD0134,122,53,44,131,R1,2.61,0
2024-01-28,STR030,PRD0118,224,394,492,126,R5,2.57,0
2024-09-15,STR011,PRD0160,551,364,318,597,R4,0.37,0
2023-07-02,STR044,PRD0021,455,379,77,757,R5,1.07,0
2024-12-08,STR041,PRD0002,663,489,165,987,R5,1.75,0
2024-02-18,STR044,PRD0003,186,58,14,230,R5,0.27,0
2024-08-04,STR014,PRD0068,617,403,25,995,R5,3.94,0
2023-07-23,STR008,PRD0038,110,329,123,316,R2,3.9,0
2024-12-01,STR012,PRD0065,238,489,126,601,R4,4.92,0
2024-03-10,STR012,PRD0004,438,198,12,624,R4,1.69,0
2023-09-24,STR019,PRD0080,120,64,18,166,R3,1.65,0
2023-04-23,STR038,PRD0152,768,72,86,754,R3,2.55,0
2023-09-24,STR016,PRD0067,509,65,29,545,R2,0.83,0
2023-01-29,STR033,PRD0155,789,395,224,960,R1,0.21,0
2023-12-31,STR040,PRD0145,319,357,446,230,R2,2.39,0
2024-06-30,STR021,PRD0042,406,226,436,196,R3,4.56,0
2023-11-05,STR009,PRD0106,353,422,419,356,R5,4.62,0
2023-01-08,STR011,PRD0030,996,41,131,906,R4,0.05,0
2024-07-07,STR019,PRD0112,858,127,226,759,R3,2.17,0
2023-06-11,STR032,PRD0157,131,279,185,225,R2,0.3,0
2024-02-25,STR021,PRD0099,124,434,270,288,R3,1.47,0
2023-07-23,STR018,PRD0103,588,448,417,619,R5,3.45,0
2024-10-20,STR045,PRD0001,522,486,428,580,R4,2.16,0
2023-06-04,STR029,PRD0157,704,146,399,451,R2,1.21,0
2024-09-29,STR039,PRD0139,420,69,95,394,R5,2.96,0
2024-11-17,STR006,PRD0096,777,240,297,720,R2,0.55,0
2023-01-08,STR017,PRD0078,957,497,471,983,R2,4.8,0
2024-11-10,STR001,PRD0042,712,3,110,605,R2,4.85,0
2024-04-07,STR049,PRD0135,880,269,385,764,R3,2.54,0
2023-04-23,STR014,PRD0040,626,310,300,636,R5,3.55,0
2024-07-14,STR021,PRD0023,353,398,353,398,R3,4.07,0
2024-01-28,STR040,PRD0056,248,435,200,483,R2,4.4,0
2024-12-08,STR015,PRD0007,552,377,180,749,R5,4.71,0
2023-07-02,STR035,PRD0130,518,41,30,529,R5,2.58,0
2024-02-04,STR007,PRD0093,177,152,208,121,R5,4.64,0
2024-09-15,STR015,PRD0002,580,141,63,658,R5,0.13,0
2023-08-13,STR020,PRD0100,192,48,131,109,R3,2.4,0
2024-03-10,STR002,PRD0049,757,48,566,239,R2,2.61,0
2023-03-26,STR023,PRD0011,845,320,147,1018,R5,3.22,0
2023-08-13,STR004,PRD0060,778,184,296,666,R4,1.02,0
2024-05-19,STR013,PRD0140,830,159,451,538,R2,1.86,0
2023-09-10,STR023,PRD0156,890,262,562,590,R5,4.51,0
2024-12-29,STR019,PRD0092,950,17,426,541,R3,1.23,0
2023-03-19,STR020,PRD0067,815,67,543,339,R3,0.75,0
2023-04-23,STR028,PRD0108,418,398,431,385,R3,4.95,0
2023-08-13,STR012,PRD0026,212,249,377,84,R4,3.41,1
2023-06-11,STR025,PRD0115,346,348,266,428,R4,1.72,0
2023-10-08,STR026,PRD0157,227,296,137,386,R3,2.13,0
2023-05-21,STR026,PRD0115,459,156,0,615,R3,2.25,0
2024-07-28,STR021,PRD0048,134,18,46,106,R3,0.62,0
2023-01-29,STR026,PRD0054,730,446,211,965,R3,2.2,0
2023-08-27,STR005,PRD0051,238,373,320,291,R1,0.62,0
2024-12-01,STR012,PRD0084,543,291,157,677,R4,3.15,0
2024-01-07,STR007,PRD0157,823,500,1,1322,R5,4.95,0
2024-07-21,STR048,PRD0107,530,107,304,333,R2,2.5,0
2023-01-15,STR043,PRD0160,670,133,499,304,R1,4.38,0
2023-09-24,STR010,PRD0002,823,273,426,670,R1,0.29,0
2024-06-16,STR009,PRD0028,652,315,361,606,R5,3.61,0
2023-09-03,STR002,PRD0033,460,222,490,192,R2,0.1,0
2024-07-14,STR025,PRD0045,310,37,115,232,R4,4.55,0
2023-08-13,STR018,PRD0110,177,466,206,437,R5,3.73,0
2024-09-29,STR040,PRD0052,299,368,96,571,R2,1.69,0
2023-12-24,STR045,PRD0146,826,236,334,728,R4,1.39,0
2023-09-17,STR042,PRD0044,171,75,185,61,R3,4.85,1
2023-11-05,STR041,PRD0009,590,382,75,897,R5,3.61,0
2023-02-19,STR036,PRD0076,870,311,9,1172,R3,3.7,0
2023-04-16,STR015,PRD0115,987,318,303,1002,R5,2.67,0
2024-03-17,STR026,PRD0146,787,108,567,328,R3,2.23,0
2023-03-12,STR001,PRD0159,244,324,232,336,R2,4.36,0
2024-07-07,STR016,PRD0077,124,206,75,255,R2,2.09,0
2024-07-07,STR035,PRD0077,118,340,170,288,R5,0.35,0
2023-01-01,STR040,PRD0006,646,115,527,234,R2,4.04,0
2023-01-22,STR012,PRD0021,730,408,434,704,R4,3.76,0
2024-05-26,STR025,PRD0127,638,144,469,313,R4,1.52,0
2023-07-09,STR036,PRD0102,798,186,145,839,R3,2.23,0
2024-02-25,STR042,PRD0116,752,122,123,751,R3,2.24,0
2024-03-24,STR047,PRD0118,457,325,476,306,R2,2.06,0
2024-07-07,STR028,PRD0116,755,386,534,607,R3,2.4,0
2023-01-08,STR001,PRD0084,606,0,241,365,R2,3.26,0
2023-07-30,STR018,PRD0138,955,337,95,1197,R5,4.46,0
2024-04-28,STR002,PRD0041,751,392,253,890,R2,2.15,0
2023-04-30,STR025,PRD0061,168,309,315,162,R4,3.93,0
2023-01-01,STR033,PRD0130,960,341,275,1026,R1,4.81,0
2024-09-29,STR035,PRD0112,103,75,151,27,R5,0.17,1
2023-01-29,STR021,PRD0010,854,300,117,1037,R3,3.85,0
2024-01-07,STR030,PRD0135,842,30,566,306,R5,3.03,0
2024-09-08,STR019,PRD0116,954,112,560,506,R3,0.28,0
2024-03-31,STR045,PRD0026,738,361,36,1063,R4,0.43,0
2023-03-12,STR047,PRD0076,494,362,443,413,R2,0.99,0
2024-03-31,STR023,PRD0085,919,351,327,943,R5,2.42,0
2023-07-16,STR027,PRD0006,222,305,157,370,R1,4.93,0
2023-06-18,STR046,PRD0037,657,173,103,727,R3,4.32,0
2024-11-17,STR031,PRD0054,337,139,193,283,R5,2.76,0
2023-02-19,STR005,PRD0140,231,297,214,314,R1,3.02,0
2024-06-23,STR030,PRD0108,370,106,376,100,R5,3.1,0
2024-04-14,STR047,PRD0046,838,350,280,908,R2,3.0,0
2023-01-15,STR050,PRD0122,242,389,349,282,R2,4.92,0
2024-09-01,STR009,PRD0026,252,5,174,83,R5,4.16,1
2024-02-18,STR005,PRD0059,900,239,252,887,R1,2.62,0
2023-04-23,STR007,PRD0106,927,292,337,882,R5,1.89,0
2024-03-31,STR004,PRD0147,958,423,226,1155,R4,2.85,0
2024-06-30,STR039,PRD0112,216,290,337,169,R5,1.52,0
2024-11-10,STR048,PRD0050,922,369,364,927,R2,0.59,0
2024-08-18,STR050,PRD0020,285,323,60,548,R2,1.71,0
2023-03-26,STR049,PRD0075,268,76,344,0,R3,0.41,1
2024-06-16,STR027,PRD0130,297,208,79,426,R1,1.26,0
2023-12-31,STR010,PRD0036,812,196,407,601,R1,2.52,0
2023-04-02,STR011,PRD0048,741,308,134,915,R4,4.48,0
2023-01-29,STR007,PRD0104,534,78,327,285,R5,2.32,0
2023-07-30,STR038,PRD0049,760,363,481,642,R3,3.06,0
2023-04-09,STR036,PRD0142,318,128,418,28,R3,1.48,1
2024-02-25,STR018,PRD0067,942,181,122,1001,R5,1.16,0
2024-09-08,STR015,PRD0018,908,453,578,783,R5,1.21,0
2023-04-30,STR050,PRD0127,816,165,594,387,R2,4.17,0
2024-10-27,STR031,PRD0060,607,101,118,590,R5,4.31,0
2024-10-20,STR011,PRD0016,753,87,573,267,R4,0.21,0
2024-08-18,STR046,PRD0111,514,183,49,648,R3,0.0,0
2023-07-02,STR038,PRD0087,821,145,173,793,R3,0.26,0
2023-12-31,STR039,PRD0121,615,442,91,966,R5,1.19,0
2024-05-05,STR022,PRD0147,397,224,543,78,R3,2.06,1
2023-10-15,STR005,PRD0053,323,183,470,36,R1,1.55,1
2023-10-22,STR025,PRD0116,443,381,560,264,R4,1.85,0
2024-05-12,STR031,PRD0068,519,125,190,454,R5,4.91,0
2023-10-08,STR032,PRD0044,474,266,440,300,R2,3.53,0
2024-08-25,STR019,PRD0022,631,432,137,926,R3,1.22,0
2024-04-07,STR017,PRD0111,189,58,79,168,R2,0.47,0
2024-08-18,STR040,PRD0040,562,500,208,854,R2,4.8,0
2023-04-16,STR016,PRD0065,138,23,107,54,R2,4.75,1
2024-11-17,STR026,PRD0081,976,77,84,969,R3,4.57,0
2023-01-22,STR044,PRD0040,337,351,332,356,R5,4.16,0
2024-07-07,STR044,PRD0003,538,212,72,678,R5,1.97,0
2024-08-11,STR034,PRD0108,852,246,32,1066,R4,2.81,0
2024-06-09,STR035,PRD0049,882,359,303,938,R5,2.33,0
2023-03-19,STR015,PRD0150,333,35,299,69,R5,3.98,1
2024-09-01,STR043,PRD0127,212,134,110,236,R1,4.26,0
2024-09-29,STR046,PRD0003,851,192,140,903,R3,2.98,0
2023-07-30,STR015,PRD0082,313,116,62,367,R5,2.63,0
2024-03-17,STR025,PRD0119,694,450,15,1129,R4,0.67,0
2024-12-01,STR010,PRD0129,331,194,448,77,R1,1.47,1
2023-03-19,STR003,PRD0020,689,180,9,860,R3,1.88,0
2023-01-22,STR026,PRD0011,473,410,351,532,R3,0.88,0
2023-04-23,STR007,PRD0034,361,63,142,282,R5,1.88,0
2023-09-03,STR020,PRD0141,220,89,126,183,R3,3.52,0
2023-05-07,STR004,PRD0063,332,467,108,691,R4,1.79,0
2024-08-18,STR013,PRD0152,749,438,467,720,R2,2.68,0
2024-05-05,STR015,PRD0136,273,84,19,338,R5,3.3,0
2024-12-15,STR050,PRD0091,519,399,555,363,R2,1.83,0
2024-08-25,STR025,PRD0125,562,153,59,656,R4,1.49,0
2023-02-12,STR011,PRD0115,595,212,570,237,R4,0.21,0
2023-02-26,STR038,PRD0023,315,434,536,213,R3,1.12,0
2024-07-28,STR021,PRD0001,493,500,151,842,R3,4.59,0
2024-11-17,STR040,PRD0033,758,442,428,772,R2,1.21,0
2023-12-10,STR040,PRD0023,291,387,315,363,R2,2.01,0
2024-11-17,STR042,PRD0028,698,496,501,693,R3,3.82,0
2023-07-16,STR004,PRD0017,436,499,513,422,R4,2.82,0
2024-02-18,STR008,PRD0077,935,168,514,589,R2,3.07,0
2024-05-12,STR012,PRD0029,681,149,191,639,R4,3.48,0
2023-09-03,STR009,PRD0146,204,206,274,136,R5,3.31,0
2023-01-01,STR015,PRD0036,729,144,133,740,R5,3.23,0
2023-07-23,STR034,PRD0015,973,492,271,1194,R4,4.48,0
2023-09-17,STR013,PRD0097,724,500,383,841,R2,0.59,0
2024-03-24,STR041,PRD0113,574,282,279,577,R5,1.27,0
2024-09-29,STR012,PRD0017,830,325,66,1089,R4,1.69,0
2023-03-05,STR031,PRD0150,648,389,462,575,R5,2.73,0
2023-05-21,STR032,PRD0087,463,389,351,501,R2,4.31,0
2023-02-05,STR025,PRD0066,126,63,130,59,R4,3.98,1
2024-12-22,STR013,PRD0061,328,37,307,58,R2,4.09,1
2023-05-28,STR003,PRD0075,169,162,119,212,R3,0.31,0
2023-04-30,STR025,PRD0099,541,198,63,676,R4,1.32,0
2023-06-11,STR037,PRD0108,831,148,276,703,R1,4.63,0
2023-07-30,STR048,PRD0152,481,201,118,564,R2,3.46,0
2024-05-12,STR023,PRD0112,764,397,194,967,R5,1.56,0
2023-01-29,STR048,PRD0087,101,477,515,63,R2,3.93,1
2023-06-18,STR010,PRD0117,545,203,596,152,R1,1.45,0
2023-06-04,STR029,PRD0047,614,135,533,216,R2,2.2,0
2023-01-15,STR007,PRD0119,851,220,529,542,R5,1.6,0
2023-01-08,STR022,PRD0098,997,414,552,859,R3,4.87,0
2024-04-28,STR017,PRD0110,104,420,441,83,R2,2.13,1
2024-06-30,STR033,PRD0025,947,85,527,505,R1,1.09,0
2024-02-18,STR004,PRD0019,476,428,210,694,R4,4.05,0
2023-01-15,STR013,PRD0006,482,111,298,295,R2,0.86,0
2023-07-02,STR036,PRD0078,763,208,160,811,R3,2.15,0
2023-01-15,STR002,PRD0117,134,18,121,31,R2,3.64,1
2023-02-05,STR028,PRD0084,691,478,393,776,R3,0.11,0
2024-08-18,STR044,PRD0044,528,178,467,239,R5,0.44,0
2023-01-15,STR030,PRD0075,467,385,34,818,R5,0.45,0
2024-09-01,STR015,PRD0099,286,67,98,255,R5,4.84,0
2023-04-30,STR050,PRD0023,828,47,574,301,R2,4.27,0
2023-03-05,STR049,PRD0141,423,79,258,244,R3,4.52,0
2023-04-30,STR018,PRD0010,906,45,311,640,R5,4.94,0
2024-08-18,STR050,PRD0137,379,252,273,358,R2,2.43,0
2024-12-01,STR026,PRD0038,201,214,373,42,R3,3.83,1
2024-02-25,STR016,PRD0026,872,53,318,607,R2,2.3,0
2023-12-17,STR023,PRD0151,171,177,288,60,R5,4.02,1
2023-01-01,STR028,PRD0054,694,346,197,843,R3,0.66,0
2023-11-26,STR015,PRD0048,817,272,414,675,R5,1.56,0
2024-06-23,STR028,PRD0058,412,385,98,699,R3,4.13,0
2023-03-26,STR031,PRD0131,720,364,532,552,R5,4.98,0
2023-01-15,STR048,PRD0137,468,477,259,686,R2,0.55,0
2023-04-30,STR042,PRD0038,245,58,137,166,R3,1.05,0
2024-12-01,STR029,PRD0136,113,485,57,541,R2,1.42,0
2024-05-12,STR032,PRD0001,140,9,4,145,R2,1.98,0
2024-04-28,STR005,PRD0103,117,225,1,341,R1,4.04,0
2023-11-12,STR041,PRD0157,930,26,33,923,R5,0.2,0
2023-11-12,STR007,PRD0119,887,270,334,823,R5,1.66,0
2023-05-07,STR010,PRD0137,154,470,473,151,R1,2.42,0
2024-12-01,STR038,PRD0121,999,242,547,694,R3,0.07,0
2023-01-22,STR006,PRD0008,912,289,328,873,R2,4.48,0
2024-07-07,STR049,PRD0095,229,481,544,166,R3,1.65,0
2024-01-07,STR002,PRD0017,467,212,30,649,R2,3.78,0
2024-07-28,STR017,PRD0106,136,90,44,182,R2,4.34,0
2023-01-15,STR037,PRD0121,406,65,57,414,R1,1.55,0
2023-08-06,STR047,PRD0095,975,359,315,1019,R2,1.45,0
2024-11-10,STR010,PRD0077,614,251,370,495,R1,0.31,0
2023-12-03,STR042,PRD0137,623,340,216,747,R3,1.37,0
2024-07-07,STR026,PRD0069,200,123,164,159,R3,1.19,0
2023-12-24,STR015,PRD0160,656,441,403,694,R5,4.86,0
2024-05-05,STR011,PRD0004,296,1,292,5,R4,4.44,1
2024-01-07,STR049,PRD0097,564,51,169,446,R3,2.04,0
2024-02-11,STR048,PRD0027,964,465,47,1382,R2,2.86,0
2024-11-17,STR037,PRD0139,639,404,217,826,R1,4.74,0
2024-03-24,STR040,PRD0049,661,194,77,778,R2,1.03,0
2023-08-27,STR037,PRD0059,111,402,13,500,R1,1.1,0
2023-07-30,STR020,PRD0047,120,289,354,55,R3,1.49,1
2024-09-15,STR003,PRD0069,746,487,366,867,R3,3.09,0
2023-01-01,STR018,PRD0152,340,319,55,604,R5,0.02,0
2023-07-02,STR007,PRD0061,466,380,403,443,R5,4.08,0
2023-11-05,STR005,PRD0047,955,302,290,967,R1,2.4,0
2024-10-20,STR020,PRD0034,640,340,598,382,R3,0.92,0
2024-12-08,STR034,PRD0089,348,263,225,386,R4,1.43,0
2024-08-18,STR048,PRD0103,331,465,205,591,R2,0.22,0
2024-12-01,STR023,PRD0061,970,471,108,1333,R5,1.92,0
2024-11-10,STR034,PRD0046,480,352,266,566,R4,2.01,0
2023-02-05,STR040,PRD0120,202,239,293,148,R2,3.85,0
2023-10-08,STR040,PRD0105,611,211,523,299,R2,3.77,0
2024-07-28,STR009,PRD0037,478,117,489,106,R5,1.33,0
2024-06-02,STR013,PRD0127,201,104,53,252,R2,0.38,0
2023-09-17,STR007,PRD0052,933,397,585,745,R5,2.9,0
2023-06-11,STR025,PRD0048,617,366,226,757,R4,4.26,0
2024-09-01,STR016,PRD0143,918,339,449,808,R2,0.55,0
2023-05-28,STR033,PRD0012,671,334,4,1001,R1,4.16,0
2023-11-12,STR013,PRD0039,631,219,5,845,R2,4.94,0
2024-05-05,STR003,PRD0148,926,127,465,588,R3,3.2,0
2024-08-18,STR050,PRD0036,770,188,174,784,R2,3.59,0
2023-03-05,STR011,PRD0069,753,221,92,882,R4,4.41,0
2024-11-10,STR031,PRD0023,482,204,527,159,R5,3.64,0
2023-07-02,STR017,PRD0008,352,393,226,519,R2,1.53,0
2023-09-24,STR002,PRD0129,836,27,565,298,R2,3.93,0
2023-12-17,STR013,PRD0032,435,139,10,564,R2,4.09,0
2024-12-15,STR019,PRD0104,393,17,152,258,R3,2.77,0
2023-08-06,STR020,PRD0055,507,73,448,132,R3,1.96,0
2023-11-26,STR002,PRD0013,305,245,229,321,R2,4.46,0
2024-09-15,STR021,PRD0125,661,410,479,592,R3,0.3,0
2023-06-25,STR013,PRD0147,193,285,454,24,R2,4.9,1
2023-01-22,STR006,PRD0018,500,297,144,653,R2,2.66,0
2023-03-19,STR036,PRD0061,415,9,386,38,R3,1.02,1
2023-10-08,STR001,PRD0159,462,180,372,270,R2,1.67,0
2024-05-12,STR014,PRD0065,234,499,515,218,R5,1.38,0
2023-07-23,STR045,PRD0150,430,500,59,871,R4,3.83,0
2023-04-02,STR017,PRD0016,897,43,513,427,R2,3.89,0
2024-05-26,STR018,PRD0056,660,212,525,347,R5,0.71,0
2024-06-16,STR026,PRD0016,639,450,320,769,R3,4.92,0
2024-03-17,STR033,PRD0121,583,50,141,492,R1,2.63,0
2023-05-14,STR007,PRD0148,735,382,522,595,R5,1.99,0
2023-08-13,STR009,PRD0057,821,57,493,385,R5,1.17,0
2023-02-19,STR020,PRD0134,318,111,364,65,R3,1.39,1
2023-09-03,STR017,PRD0026,312,358,434,236,R2,1.76,0
2023-09-24,STR014,PRD0055,852,314,412,754,R5,4.04,0
2024-06-02,STR009,PRD0065,314,260,193,381,R5,2.44,0
2024-07-14,STR021,PRD0103,538,129,128,539,R3,1.91,0
2023-10-01,STR017,PRD0024,846,335,431,750,R2,2.76,0
2023-05-07,STR028,PRD0039,202,65,158,109,R3,1.87,0
2023-02-12,STR027,PRD0159,418,65,148,335,R1,4.35,0
2023-12-17,STR021,PRD0080,993,81,369,705,R3,2.99,0
2024-06-09,STR026,PRD0089,947,468,60,1355,R3,4.22,0
2023-05-21,STR032,PRD0095,141,289,93,337,R2,1.1,0
2024-07-14,STR022,PRD0112,384,35,96,323,R3,1.55,0
2023-09-10,STR035,PRD0109,387,95,472,10,R5,2.87,1
2023-06-04,STR040,PRD0142,935,138,187,886,R2,1.15,0
2024-05-26,STR022,PRD0082,839,235,466,608,R3,0.66,0
2023-09-24,STR027,PRD0029,131,469,183,417,R1,3.42,0
2023-02-19,STR047,PRD0077,384,77,333,128,R2,3.28,0
2024-12-15,STR015,PRD0095,971,240,12,1199,R5,0.64,0
2024-02-11,STR019,PRD0102,358,324,171,511,R3,2.97,0
2023-04-02,STR035,PRD0040,754,222,245,731,R5,3.29,0
2024-12-15,STR011,PRD0033,982,118,305,795,R4,0.54,0
2024-07-14,STR040,PRD0105,891,90,121,860,R2,2.41,0
2023-02-05,STR032,PRD0089,451,335,215,571,R2,3.95,0
2024-12-01,STR020,PRD0007,621,291,539,373,R3,2.13,0
2023-12-24,STR008,PRD0079,316,88,122,282,R2,4.02,0
2024-06-16,STR039,PRD0159,718,263,432,549,R5,1.0,0
2023-05-28,STR040,PRD0093,956,193,244,905,R2,2.4,0
2023-12-10,STR040,PRD0132,369,402,377,394,R2,2.58,0
2024-12-22,STR025,PRD0144,545,452,150,847,R4,4.17,0
2024-11-10,STR024,PRD0093,126,472,396,202,R5,2.1,0
2023-06-04,STR018,PRD0047,804,256,32,1028,R5,4.02,0
2023-07-30,STR033,PRD0102,715,348,281,782,R1,1.34,0
2023-01-15,STR010,PRD0013,443,319,407,355,R1,1.89,0
2023-08-06,STR046,PRD0070,615,37,434,218,R3,3.33,0
2024-02-11,STR035,PRD0005,260,302,535,27,R5,1.04,1
2023-03-19,STR033,PRD0007,786,472,413,845,R1,3.15,0
2023-01-22,STR043,PRD0027,505,389,360,534,R1,1.36,0
2023-04-30,STR003,PRD0031,762,123,442,443,R3,3.27,0
2023-05-14,STR009,PRD0093,345,167,203,309,R5,1.63,0
2024-08-04,STR013,PRD0142,306,99,348,57,R2,0.3,1
2023-10-01,STR039,PRD0115,192,274,194,272,R5,0.12,0
2024-12-15,STR031,PRD0007,990,199,560,629,R5,0.65,0
2024-09-29,STR015,PRD0109,335,288,543,80,R5,4.57,1
2024-12-15,STR033,PRD0148,132,189,155,166,R1,0.85,0
2024-09-01,STR033,PRD0071,649,287,568,368,R1,4.82,0
2023-02-19,STR040,PRD0012,964,367,15,1316,R2,1.59,0
2023-09-03,STR045,PRD0136,286,17,283,20,R4,2.65,1
2024-02-11,STR031,PRD0084,437,335,529,243,R5,4.6,0
2024-02-11,STR032,PRD0008,377,25,370,32,R2,4.78,1
2024-06-23,STR030,PRD0004,347,280,480,147,R5,3.09,0
2024-09-22,STR021,PRD0101,483,414,550,347,R3,4.09,0
2023-01-01,STR020,PRD0086,138,316,51,403,R3,4.83,0
2023-04-30,STR031,PRD0158,179,422,372,229,R5,4.8,0
2024-12-29,STR050,PRD0025,198,292,424,66,R2,3.59,1
2023-11-05,STR011,PRD0145,864,238,63,1039,R4,3.8,0
2023-11-12,STR016,PRD0145,958,342,276,1024,R2,0.7,0
2024-09-29,STR003,PRD0115,703,172,22,853,R3,1.52,0
2024-12-01,STR006,PRD0110,149,394,413,130,R2,2.03,0
2024-08-04,STR004,PRD0107,473,264,483,254,R4,2.22,0
2023-08-13,STR041,PRD0150,210,187,128,269,R5,4.78,0
2024-07-21,STR045,PRD0158,577,471,405,643,R4,3.03,0
2024-01-28,STR037,PRD0120,227,103,51,279,R1,0.61,0
2023-05-21,STR011,PRD0146,630,397,296,731,R4,4.95,0
2024-12-08,STR016,PRD0084,756,353,375,734,R2,2.28,0
2023-03-26,STR037,PRD0051,491,438,524,405,R1,1.72,0
2023-07-09,STR036,PRD0081,438,22,17,443,R3,0.12,0
2023-09-24,STR024,PRD0053,260,479,370,369,R5,2.56,0
2024-05-26,STR046,PRD0157,273,416,67,622,R3,2.13,0
2023-05-28,STR003,PRD0044,480,73,181,372,R3,1.05,0
2024-07-07,STR021,PRD0130,107,287,92,302,R3,0.47,0
2024-04-21,STR041,PRD0028,344,236,3,577,R5,0.67,0
2024-02-04,STR027,PRD0066,327,396,121,602,R1,1.67,0
2024-01-21,STR026,PRD0135,853,427,265,1015,R3,4.87,0
2023-07-16,STR006,PRD0072,594,266,456,404,R2,4.08,0
2024-09-29,STR041,PRD0113,661,387,195,853,R5,4.31,0
2023-01-01,STR042,PRD0051,187,142,53,276,R3,0.75,0
2023-08-06,STR049,PRD0069,109,409,197,321,R3,0.91,0
2023-03-19,STR022,PRD0022,121,441,449,113,R3,4.49,0
2024-08-11,STR011,PRD0108,189,40,126,103,R4,0.81,0
2024-04-21,STR042,PRD0130,253,307,253,307,R3,4.5,0
2024-09-22,STR015,PRD0089,518,12,164,366,R5,2.86,0
2024-07-28,STR034,PRD0114,600,403,424,579,R4,2.62,0
2023-04-23,STR037,PRD0011,468,378,467,379,R1,3.67,0
2024-04-07,STR043,PRD0026,486,325,456,355,R1,3.48,0
2023-02-12,STR011,PRD0009,699,56,439,316,R4,1.95,0
2023-01-15,STR018,PRD0005,729,237,26,940,R5,1.64,0
2023-05-07,STR050,PRD0142,389,458,3,844,R2,4.92,0
2024-06-09,STR032,PRD0042,461,190,199,452,R2,3.63,0
2024-05-19,STR011,PRD0118,307,343,408,242,R4,0.83,0
2023-04-30,STR045,PRD0128,346,91,208,229,R4,2.17,0
2024-12-22,STR013,PRD0127,508,100,250,358,R2,4.31,0
2023-12-10,STR002,PRD0028,714,333,74,973,R2,3.06,0
2024-09-29,STR002,PRD0157,980,355,548,787,R2,3.06,0
2023-06-18,STR050,PRD0103,593,495,581,507,R2,1.27,0
2024-09-01,STR014,PRD0025,450,352,434,368,R5,3.03,0
2023-05-14,STR013,PRD0027,119,140,117,142,R2,0.47,0
2024-07-14,STR050,PRD0006,923,98,339,682,R2,2.25,0
2024-08-11,STR050,PRD0013,861,448,385,924,R2,1.18,0
2024-12-29,STR049,PRD0012,397,302,125,574,R3,3.18,0
2023-09-03,STR009,PRD0084,410,76,98,388,R5,4.63,0
2024-12-08,STR046,PRD0014,770,270,395,645,R3,1.49,0
2023-11-19,STR040,PRD0097,946,421,314,1053,R2,2.31,0
2024-06-16,STR043,PRD0002,241,288,441,88,R1,1.48,1
2024-12-22,STR005,PRD0068,598,59,161,496,R1,3.51,0
2024-01-14,STR019,PRD0075,269,91,109,251,R3,4.43,0
2024-01-14,STR011,PRD0031,579,305,518,366,R4,1.47,0
2023-12-03,STR017,PRD0109,649,438,433,654,R2,2.58,0
2024-02-25,STR001,PRD0050,794,200,334,660,R2,3.75,0
2023-10-29,STR026,PRD0076,865,196,319,742,R3,4.54,0
2023-11-05,STR044,PRD0106,794,161,254,701,R5,2.78,0
2024-07-07,STR046,PRD0157,907,363,299,971,R3,3.68,0
2024-06-23,STR027,PRD0063,653,299,267,685,R1,4.23,0
2024-02-11,STR016,PRD0117,857,216,433,640,R2,4.84,0
2024-06-16,STR005,PRD0007,509,496,14,991,R1,1.08,0
2023-05-14,STR027,PRD0147,817,195,454,558,R1,1.25,0
2024-07-21,STR022,PRD0078,873,54,463,464,R3,3.12,0
2023-10-22,STR034,PRD0064,306,355,487,174,R4,0.42,0
2023-11-12,STR030,PRD0144,182,353,240,295,R5,3.05,0
2024-08-25,STR022,PRD0038,818,410,372,856,R3,2.84,0
2023-03-26,STR024,PRD0058,102,399,166,335,R5,2.45,0
2024-01-14,STR034,PRD0050,730,361,355,736,R4,0.88,0
2023-03-05,STR023,PRD0146,897,500,453,944,R5,3.73,0
2023-01-29,STR016,PRD0006,576,345,414,507,R2,0.86,0
2023-03-26,STR033,PRD0094,705,110,249,566,R1,2.0,0
2023-03-19,STR041,PRD0022,706,135,292,549,R5,1.25,0
2024-12-15,STR047,PRD0037,965,351,3,1313,R2,3.08,0
2023-06-25,STR032,PRD0149,386,315,405,296,R2,1.12,0
2023-12-24,STR010,PRD0144,442,399,35,806,R1,3.93,0
2024-12-22,STR034,PRD0113,545,112,417,240,R4,3.22,0
2023-09-10,STR037,PRD0078,150,33,151,32,R1,1.15,1
2023-08-13,STR017,PRD0129,573,248,242,579,R2,1.58,0
2023-06-18,STR038,PRD0137,557,353,568,342,R3,0.87,0
2024-01-07,STR048,PRD0107,988,9,290,707,R2,4.23,0
2023-07-02,STR032,PRD0109,458,81,235,304,R2,3.0,0
2024-05-26,STR023,PRD0009,458,382,206,634,R5,3.44,0
2023-07-23,STR045,PRD0150,290,473,361,402,R4,1.25,0
2023-07-16,STR021,PRD0069,525,170,440,255,R3,3.39,0
2024-03-03,STR002,PRD0002,635,456,194,897,R2,0.94,0
2023-11-12,STR010,PRD0030,928,195,496,627,R1,0.76,0
2024-03-31,STR026,PRD0084,191,279,166,304,R3,0.99,0
2023-07-30,STR034,PRD0017,775,70,501,344,R4,4.67,0
2023-11-05,STR049,PRD0075,462,98,69,491,R3,2.18,0
2023-07-02,STR008,PRD0071,1000,62,68,994,R2,4.96,0
2023-10-08,STR017,PRD0097,727,395,452,670,R2,3.22,0
2024-02-18,STR008,PRD0029,367,459,589,237,R2,0.49,0
2024-09-22,STR017,PRD0144,445,32,412,65,R2,3.48,1
2023-02-26,STR036,PRD0137,516,334,93,757,R3,1.13,0
2024-06-02,STR037,PRD0092,320,298,105,513,R1,3.8,0
2024-03-17,STR034,PRD0074,266,46,74,238,R4,4.38,0
2024-06-23,STR024,PRD0134,213,300,103,410,R5,1.18,0
2023-03-19,STR014,PRD0010,935,378,228,1085,R5,2.95,0
2024-10-13,STR012,PRD0047,443,246,545,144,R4,1.78,0
2023-09-03,STR018,PRD0155,523,498,454,567,R5,4.02,0
2023-05-07,STR030,PRD0010,818,239,348,709,R5,2.38,0
2023-05-07,STR039,PRD0093,989,198,164,1023,R5,2.49,0
2023-06-25,STR016,PRD0027,852,250,214,888,R2,1.17,0
2023-01-01,STR039,PRD0159,389,141,318,212,R5,4.14,0
2023-02-19,STR016,PRD0109,862,378,224,1016,R2,4.05,0
2024-06-16,STR003,PRD0123,812,195,274,733,R3,2.37,0
2024-03-17,STR022,PRD0152,611,235,246,600,R3,3.12,0
2024-05-19,STR034,PRD0125,750,230,338,642,R4,3.32,0
2024-04-14,STR027,PRD0088,166,419,116,469,R1,3.01,0
2023-12-10,STR005,PRD0094,867,247,142,972,R1,3.02,0
2023-02-26,STR032,PRD0090,514,193,379,328,R2,2.3,0
2023-11-05,STR039,PRD0065,462,314,89,687,R5,0.27,0
2024-10-13,STR011,PRD0085,688,296,475,509,R4,2.97,0
2024-06-30,STR002,PRD0031,143,410,128,425,R2,3.72,0
2024-06-30,STR014,PRD0057,579,484,62,1001,R5,2.47,0
2023-03-12,STR018,PRD0149,556,169,512,213,R5,3.89,0
2024-10-27,STR031,PRD0159,850,123,150,823,R5,4.9,0
2024-07-21,STR006,PRD0066,909,267,214,962,R2,4.01,0
2023-09-24,STR036,PRD0082,241,121,61,301,R3,1.4,0
2023-11-12,STR001,PRD0147,931,210,276,865,R2,2.83,0
2023-02-26,STR013,PRD0160,114,378,182,310,R2,3.17,0
2024-02-18,STR011,PRD0160,335,53,49,339,R4,4.17,0
2023-04-09,STR036,PRD0099,458,290,367,381,R3,4.35,0
2023-01-29,STR015,PRD0051,968,393,497,864,R5,2.32,0
2024-01-21,STR045,PRD0044,797,281,582,496,R4,3.82,0
2023-09-17,STR039,PRD0016,409,246,336,319,R5,1.19,0
2023-02-12,STR033,PRD0148,433,74,286,221,R1,1.76,0
2023-11-12,STR025,PRD0118,446,89,312,223,R4,0.41,0
2024-07-21,STR012,PRD0154,488,349,532,305,R4,2.62,0
2023-07-09,STR036,PRD0105,817,422,71,1168,R3,1.47,0
2024-09-08,STR030,PRD0109,543,482,155,870,R5,3.8,0
2023-03-05,STR048,PRD0125,117,78,94,101,R2,4.08,0
2024-11-03,STR027,PRD0122,610,401,427,584,R1,3.74,0
2023-09-17,STR022,PRD0149,639,141,435,345,R3,1.49,0
2023-12-10,STR008,PRD0064,802,68,301,569,R2,4.22,0
2024-12-29,STR034,PRD0122,885,416,144,1157,R4,2.07,0
2023-03-05,STR021,PRD0041,569,240,391,418,R3,2.57,0
2023-04-09,STR022,PRD0119,632,315,136,811,R3,1.1,0
2024-06-02,STR038,PRD0047,257,492,135,614,R3,2.96,0
2024-03-17,STR002,PRD0012,338,16,354,0,R2,1.01,1
2024-10-13,STR032,PRD0049,959,245,581,623,R2,1.69,0
2023-05-28,STR039,PRD0020,744,185,422,507,R5,1.45,0
2023-08-13,STR008,PRD0094,540,224,514,250,R2,1.66,0
2023-02-05,STR041,PRD0096,418,282,413,287,R5,3.63,0
2024-05-26,STR047,PRD0002,806,55,451,410,R2,1.51,0
2023-07-09,STR039,PRD0012,146,88,29,205,R5,1.72,0
2024-10-06,STR040,PRD0092,544,173,565,152,R2,0.95,0
2023-01-22,STR042,PRD0060,184,15,144,55,R3,3.14,1
2023-10-08,STR024,PRD0111,320,496,202,614,R5,0.29,0
2023-08-13,STR041,PRD0032,517,66,359,224,R5,0.14,0
2023-10-01,STR043,PRD0131,271,398,201,468,R1,1.37,0
2024-10-27,STR041,PRD0023,620,369,380,609,R5,2.33,0
2024-11-03,STR032,PRD0009,477,97,208,366,R2,4.75,0
2024-10-20,STR042,PRD0038,395,49,14,430,R3,3.09,0
2023-02-05,STR025,PRD0001,902,5,578,329,R4,0.93,0
2024-06-02,STR016,PRD0119,986,86,4,1068,R2,3.45,0
2024-05-26,STR043,PRD0005,819,335,480,674,R1,1.87,0
2024-08-25,STR034,PRD0114,760,443,460,743,R4,2.36,0
2023-03-26,STR012,PRD0107,461,398,317,542,R4,4.01,0
2023-12-24,STR011,PRD0075,419,332,311,440,R4,1.49,0
2024-09-08,STR042,PRD0094,184,487,209,462,R3,3.42,0
2024-09-01,STR022,PRD0150,407,373,80,700,R3,1.75,0
2024-11-17,STR029,PRD0124,629,115,91,653,R2,1.44,0
2024-07-14,STR036,PRD0040,536,2,357,181,R3,1.54,0
2024-03-10,STR005,PRD0065,133,101,28,206,R1,4.1,0
2024-04-14,STR012,PRD0118,211,30,141,100,R4,4.79,0
2023-10-22,STR019,PRD0140,317,299,137,479,R3,0.73,0
2024-06-09,STR035,PRD0150,910,289,196,1003,R5,1.81,0
2023-04-09,STR044,PRD0041,393,139,180,352,R5,3.16,0
2024-12-15,STR037,PRD0045,999,34,27,1006,R1,0.24,0
2023-12-10,STR019,PRD0038,167,276,403,40,R3,4.62,1
2024-11-17,STR026,PRD0082,635,366,546,455,R3,3.72,0
2023-06-04,STR018,PRD0070,323,174,21,476,R5,1.42,0
2024-02-25,STR036,PRD0135,122,187,229,80,R3,1.25,1
2023-09-10,STR024,PRD0098,557,165,577,145,R5,0.67,0
2023-07-09,STR006,PRD0156,418,53,71,400,R2,0.65,0
2023-05-07,STR007,PRD0013,206,323,137,392,R5,3.73,0
2024-08-04,STR025,PRD0004,503,455,355,603,R4,1.22,0
2023-07-09,STR006,PRD0151,253,69,154,168,R2,4.54,0
2024-07-28,STR013,PRD0017,546,481,68,959,R2,4.68,0
2023-05-14,STR050,PRD0013,999,48,319,728,R2,1.99,0
2024-12-22,STR015,PRD0027,268,285,531,22,R5,0.01,1
2023-03-12,STR041,PRD0043,806,388,109,1085,R5,2.04,0
2024-04-21,STR042,PRD0152,664,344,477,531,R3,0.78,0
2024-02-18,STR008,PRD0046,384,258,463,179,R2,0.32,0
2024-09-08,STR024,PRD0029,220,197,369,48,R5,0.36,1
2023-02-05,STR002,PRD0039,427,89,19,497,R2,4.9,0
2023-07-16,STR038,PRD0023,203,403,63,543,R3,2.5,0
2024-09-08,STR046,PRD0084,635,304,492,447,R3,0.0,0
2024-11-10,STR032,PRD0067,587,459,541,505,R2,1.58,0
2023-01-01,STR001,PRD0107,390,356,192,554,R2,0.14,0
2023-12-17,STR036,PRD0114,202,403,38,567,R3,1.17,0
2024-09-29,STR042,PRD0012,511,10,379,142,R3,1.57,0
2024-11-17,STR029,PRD0132,408,302,104,606,R2,2.54,0
2023-02-19,STR016,PRD0150,555,443,119,879,R2,1.31,0
2024-04-21,STR005,PRD0024,938,346,355,929,R1,0.79,0
2023-08-27,STR017,PRD0102,466,260,500,226,R2,0.02,0
2024-09-15,STR031,PRD0010,240,342,394,188,R5,3.72,0
2024-07-28,STR003,PRD0147,427,412,131,708,R3,3.63,0
2024-07-07,STR006,PRD0001,223,113,39,297,R2,4.57,0
2024-09-15,STR033,PRD0121,701,75,261,515,R1,3.84,0
2024-03-03,STR032,PRD0039,533,435,81,887,R2,0.89,0
2024-07-28,STR012,PRD0048,135,263,89,309,R4,4.95,0
2024-01-21,STR040,PRD0136,519,144,66,597,R2,2.61,0
2024-01-14,STR004,PRD0132,705,72,89,688,R4,4.62,0
2024-12-15,STR032,PRD0116,991,75,429,637,R2,2.63,0
2024-10-06,STR050,PRD0095,110,101,86,125,R2,4.35,0
2024-10-27,STR027,PRD0146,981,337,140,1178,R1,1.26,0
2024-01-07,STR035,PRD0079,804,283,442,645,R5,1.78,0
2023-08-06,STR019,PRD0142,114,328,184,258,R3,4.9,0
2024-08-25,STR010,PRD0097,553,481,526,508,R1,4.05,0
2024-08-11,STR044,PRD0046,611,114,326,399,R5,4.06,0
2024-12-08,STR012,PRD0119,494,140,485,149,R4,4.18,0
2023-09-10,STR003,PRD0048,718,11,47,682,R3,0.58,0
2023-12-03,STR048,PRD0049,141,409,268,282,R2,4.87,0
2024-08-04,STR021,PRD0050,174,344,322,196,R3,2.34,0
2023-07-30,STR014,PRD0122,209,141,257,93,R5,2.41,1
2023-05-14,STR020,PRD0114,638,203,335,506,R3,2.71,0
2024-07-07,STR010,PRD0022,642,403,195,850,R1,4.13,0
2024-10-27,STR006,PRD0144,379,206,575,10,R2,3.12,1
2023-09-17,STR046,PRD0109,817,51,325,543,R3,2.52,0
2024-04-14,STR008,PRD0105,195,205,90,310,R2,3.99,0
2023-12-10,STR016,PRD0103,771,439,97,1113,R2,1.24,0
2023-02-19,STR029,PRD0034,203,463,561,105,R2,4.62,0
2023-10-15,STR017,PRD0047,611,309,550,370,R2,3.64,0
2024-10-27,STR023,PRD0060,968,371,555,784,R5,3.53,0
2024-09-01,STR029,PRD0038,179,279,101,357,R2,0.7,0
2023-12-31,STR022,PRD0132,368,123,282,209,R3,0.11,0
2023-12-03,STR031,PRD0052,252,256,273,235,R5,2.69,0
2024-09-08,STR035,PRD0077,816,256,440,632,R5,4.27,0
2023-04-30,STR002,PRD0061,734,486,155,1065,R2,3.94,0
2024-01-07,STR024,PRD0098,393,56,260,189,R5,4.71,0
2024-03-24,STR046,PRD0066,385,173,357,201,R3,1.6,0
2024-06-09,STR034,PRD0079,439,217,523,133,R4,2.47,0
2023-10-29,STR024,PRD0080,804,475,209,1070,R5,2.68,0
2024-06-09,STR013,PRD0028,267,17,242,42,R2,2.09,1
2024-12-08,STR004,PRD0037,971,440,211,1200,R4,4.81,0
2023-05-21,STR022,PRD0153,497,447,67,877,R3,2.69,0
2024-10-06,STR023,PRD0097,118,331,323,126,R5,2.26,0
2023-06-11,STR019,PRD0122,284,403,546,141,R3,1.33,0
2023-12-10,STR026,PRD0129,372,216,96,492,R3,2.21,0
2023-06-25,STR019,PRD0071,843,280,409,714,R3,4.0,0
2024-02-11,STR015,PRD0050,169,130,37,262,R5,1.22,0
2023-07-23,STR021,PRD0143,513,454,289,678,R3,3.65,0
2023-11-05,STR022,PRD0046,744,479,32,1191,R3,1.04,0
2023-11-05,STR014,PRD0082,539,167,288,418,R5,3.84,0
2023-09-03,STR042,PRD0086,321,110,152,279,R3,4.46,0
2024-12-22,STR013,PRD0077,310,330,367,273,R2,4.22,0
2023-10-01,STR014,PRD0158,749,405,66,1088,R5,4.6,0
2024-10-27,STR015,PRD0104,453,441,262,632,R5,2.87,0
2023-03-12,STR044,PRD0096,647,409,196,860,R5,3.58,0
2023-08-13,STR047,PRD0067,106,83,110,79,R2,0.98,1
2024-12-22,STR029,PRD0067,135,97,142,90,R2,3.89,1
2024-06-09,STR041,PRD0111,524,144,305,363,R5,2.21,0
2023-02-05,STR037,PRD0074,668,328,525,471,R1,0.7,0
2024-11-24,STR045,PRD0117,254,398,496,156,R4,4.96,0
2023-08-20,STR045,PRD0016,149,24,9,164,R4,4.17,0
2023-06-18,STR025,PRD0100,858,235,414,679,R4,2.99,0
2023-04-09,STR007,PRD0027,480,265,407,338,R5,2.07,0
2024-06-23,STR011,PRD0050,761,403,318,846,R4,4.95,0
2024-10-06,STR037,PRD0064,360,235,355,240,R1,2.4,0
2024-12-01,STR003,PRD0135,844,308,572,580,R3,0.56,0
2024-09-15,STR041,PRD0039,678,300,511,467,R5,4.78,0
2023-02-05,STR035,PRD0084,589,172,205,556,R5,2.49,0
2023-08-13,STR037,PRD0128,509,401,125,785,R1,0.82,0
2023-11-19,STR016,PRD0110,370,84,329,125,R2,1.7,0
2023-12-03,STR003,PRD0035,984,143,265,862,R3,3.99,0
2023-02-19,STR007,PRD0050,608,141,190,559,R5,4.62,0
2024-12-08,STR049,PRD0084,777,33,316,494,R3,1.47,0
2024-05-19,STR017,PRD0152,838,32,533,337,R2,0.06,0
2023-03-19,STR001,PRD0085,687,124,288,523,R2,0.41,0
2023-05-07,STR029,PRD0016,184,388,25,547,R2,3.42,0
2024-08-04,STR004,PRD0156,446,79,221,304,R4,1.82,0
2023-09-17,STR037,PRD0126,357,163,145,375,R1,2.51,0
2023-04-09,STR014,PRD0126,233,438,397,274,R5,4.36,0
2024-03-10,STR018,PRD0092,302,65,89,278,R5,3.24,0
2023-02-26,STR011,PRD0158,339,463,17,785,R4,0.07,0
2024-04-21,STR031,PRD0002,586,112,144,554,R5,4.83,0
2024-07-21,STR024,PRD0137,585,442,231,796,R5,2.17,0
2024-03-17,STR046,PRD0110,782,240,430,592,R3,1.08,0
2023-10-29,STR010,PRD0006,212,132,247,97,R1,1.21,1
2024-08-25,STR004,PRD0152,143,272,341,74,R4,0.5,1
2023-12-24,STR021,PRD0076,332,463,408,387,R3,2.02,0
2023-03-05,STR046,PRD0104,967,500,63,1404,R3,0.62,0
2023-12-10,STR018,PRD0039,895,245,589,551,R5,0.41,0
2023-07-02,STR007,PRD0097,276,364,15,625,R5,4.07,0
2023-07-09,STR044,PRD0109,412,220,49,583,R5,2.12,0
2024-07-28,STR043,PRD0097,361,30,372,19,R1,4.19,1
2023-02-05,STR026,PRD0012,347,89,330,106,R3,4.99,0
2023-01-08,STR028,PRD0121,159,170,22,307,R3,4.75,0
2024-09-15,STR050,PRD0048,387,82,422,47,R2,1.15,1
2024-06-09,STR038,PRD0056,832,102,347,587,R3,3.82,0
2024-05-19,STR003,PRD0071,167,387,290,264,R3,0.0,0
2023-08-13,STR018,PRD0119,950,113,364,699,R5,3.78,0
2024-06-16,STR044,PRD0071,455,120,167,408,R5,4.65,0
2024-08-04,STR048,PRD0042,450,180,498,132,R2,4.22,0
2023-02-12,STR017,PRD0133,553,59,262,350,R2,4.0,0
2023-05-21,STR006,PRD0149,126,313,358,81,R2,2.23,1
2023-09-17,STR027,PRD0151,650,345,306,689,R1,4.59,0
2023-02-26,STR047,PRD0109,451,41,64,428,R2,4.27,0
2023-03-26,STR009,PRD0100,637,439,538,538,R5,0.56,0
2024-06-23,STR038,PRD0039,672,419,24,1067,R3,0.28,0
2024-04-14,STR042,PRD0086,142,392,39,495,R3,1.62,0
2024-02-11,STR045,PRD0040,471,442,295,618,R4,1.99,0
2024-02-25,STR024,PRD0130,343,310,487,166,R5,1.48,0
2023-01-29,STR035,PRD0020,775,268,104,939,R5,4.09,0
2024-06-23,STR032,PRD0110,490,286,492,284,R2,2.45,0
2023-03-12,STR032,PRD0055,197,377,64,510,R2,0.68,0
2024-04-28,STR025,PRD0105,670,484,422,732,R4,3.57,0
2023-11-26,STR025,PRD0097,552,190,436,306,R4,3.8,0
2024-05-26,STR028,PRD0052,684,341,499,526,R3,2.27,0
2024-12-08,STR010,PRD0013,403,460,598,265,R1,0.35,0
2024-01-28,STR012,PRD0126,657,261,99,819,R4,1.37,0
2024-12-15,STR016,PRD0009,372,287,219,440,R2,4.11,0
2024-09-29,STR002,PRD0042,932,266,469,729,R2,4.02,0
2024-01-07,STR036,PRD0002,554,0,314,240,R3,1.27,0
2023-05-07,STR015,PRD0028,414,67,337,144,R5,1.15,0
2023-08-13,STR015,PRD0118,862,214,220,856,R5,3.93,0
2024-08-11,STR033,PRD0084,797,247,146,898,R1,3.63,0
2024-10-20,STR043,PRD0073,132,372,245,259,R1,0.93,0
2024-10-20,STR005,PRD0066,584,203,373,414,R1,1.99,0
2023-01-08,STR027,PRD0152,716,31,71,676,R1,0.18,0
2024-03-17,STR007,PRD0083,570,491,232,829,R5,1.9,0
2023-11-19,STR043,PRD0116,991,58,133,916,R1,1.58,0
2023-01-29,STR025,PRD0029,554,472,440,586,R4,2.15,0
2023-01-29,STR003,PRD0151,555,365,251,669,R3,1.76,0
2023-05-28,STR007,PRD0034,886,341,86,1141,R5,4.55,0
2023-12-31,STR046,PRD0005,293,64,198,159,R3,4.68,0
2024-07-28,STR044,PRD0045,162,49,177,34,R5,3.27,1
2023-11-12,STR003,PRD0123,698,24,280,442,R3,0.17,0
2023-11-19,STR004,PRD0047,500,493,173,820,R4,3.39,0
2023-02-19,STR007,PRD0082,505,324,390,439,R5,3.74,0
2023-10-08,STR013,PRD0065,435,189,180,444,R2,1.63,0
2024-09-15,STR023,PRD0072,492,493,192,793,R5,1.79,0
2023-07-23,STR022,PRD0158,246,202,431,17,R3,1.59,1
2024-12-01,STR008,PRD0153,344,282,549,77,R2,2.13,1
2023-08-20,STR009,PRD0046,708,74,399,383,R5,2.86,0
2023-12-03,STR028,PRD0076,534,359,162,731,R3,3.09,0
2023-01-01,STR008,PRD0068,774,289,540,523,R2,1.1,0
2023-05-07,STR001,PRD0020,985,36,405,616,R2,0.6,0
2024-09-08,STR039,PRD0069,261,229,49,441,R5,1.76,0
2023-09-24,STR049,PRD0089,213,21,130,104,R3,4.5,0
2023-11-26,STR024,PRD0069,812,220,245,787,R5,4.78,0
2024-09-08,STR004,PRD0101,955,131,131,955,R4,1.69,0
2023-08-13,STR004,PRD0144,708,228,440,496,R4,1.04,0
2024-09-22,STR049,PRD0078,361,78,129,310,R3,3.77,0
2024-05-05,STR019,PRD0078,800,246,539,507,R3,3.97,0
2024-09-15,STR039,PRD0119,411,115,512,14,R5,2.44,1
2023-11-05,STR009,PRD0126,255,448,460,243,R5,1.85,0
2024-04-21,STR025,PRD0001,930,140,43,1027,R4,1.66,0
2023-02-05,STR003,PRD0001,382,376,243,515,R3,3.61,0
2024-10-27,STR050,PRD0128,358,398,458,298,R2,4.6,0
2024-06-30,STR036,PRD0087,764,196,122,838,R3,4.32,0
2023-03-05,STR050,PRD0013,873,150,106,917,R2,0.83,0
2024-09-15,STR028,PRD0065,168,284,86,366,R3,0.18,0
2024-11-17,STR013,PRD0117,410,462,461,411,R2,4.73,0
2023-05-28,STR032,PRD0136,143,108,69,182,R2,3.38,0
2023-08-27,STR014,PRD0108,414,199,557,56,R5,2.13,1
2023-01-15,STR027,PRD0155,609,439,141,907,R1,4.24,0
2024-12-01,STR039,PRD0005,716,345,410,651,R5,3.11,0
2023-02-19,STR016,PRD0080,876,237,275,838,R2,2.58,0
2024-08-04,STR031,PRD0031,959,469,545,883,R5,3.49,0
2024-03-10,STR019,PRD0020,346,196,137,405,R3,4.64,0
2024-01-28,STR031,PRD0104,876,145,66,955,R5,1.52,0
2023-01-22,STR016,PRD0027,858,299,54,1103,R2,1.33,0
2023-05-14,STR002,PRD0071,671,399,29,1041,R2,4.11,0
2023-03-26,STR024,PRD0004,569,148,17,700,R5,4.01,0
2023-08-27,STR002,PRD0075,343,419,488,274,R2,4.13,0
2023-07-02,STR006,PRD0084,493,28,27,494,R2,4.19,0
2023-11-26,STR022,PRD0051,585,96,187,494,R3,3.1,0
2024-01-07,STR045,PRD0094,513,236,122,627,R4,2.75,0
2024-07-21,STR017,PRD0058,388,131,94,425,R2,2.17,0
2023-04-09,STR019,PRD0004,643,397,109,931,R3,2.59,0
2024-06-09,STR022,PRD0121,575,483,597,461,R3,0.27,0
2023-10-01,STR048,PRD0116,580,126,418,288,R2,3.98,0
2024-01-28,STR046,PRD0125,849,217,208,858,R3,3.08,0
2024-05-26,STR012,PRD0028,410,73,17,466,R4,2.66,0
2023-02-12,STR021,PRD0052,544,311,214,641,R3,4.64,0
2024-09-08,STR018,PRD0063,107,286,180,213,R5,4.37,0
2023-10-08,STR031,PRD0129,490,34,112,412,R5,0.39,0
2024-03-03,STR017,PRD0157,408,370,53,725,R2,3.08,0
2024-11-03,STR004,PRD0096,475,294,72,697,R4,1.62,0
2023-01-29,STR036,PRD0122,102,144,159,87,R3,0.32,1
2024-10-13,STR038,PRD0006,569,149,211,507,R3,1.64,0
2023-03-19,STR033,PRD0087,549,86,366,269,R1,0.17,0
2023-08-13,STR031,PRD0109,934,472,73,1333,R5,4.86,0
2023-03-05,STR050,PRD0008,218,283,481,20,R2,2.65,1
2024-07-28,STR042,PRD0135,252,197,126,323,R3,0.13,0
2024-10-13,STR034,PRD0100,732,409,206,935,R4,4.83,0
2023-07-09,STR004,PRD0068,571,229,202,598,R4,3.85,0
2024-08-11,STR037,PRD0138,499,36,41,494,R1,4.44,0
2023-06-25,STR034,PRD0086,929,261,36,1154,R4,4.52,0
2024-09-08,STR034,PRD0007,405,423,89,739,R4,4.54,0
2023-04-09,STR030,PRD0059,260,419,438,241,R5,0.86,0
2023-10-29,STR040,PRD0085,142,380,430,92,R2,2.61,1
2024-08-18,STR033,PRD0129,150,448,538,60,R1,4.5,1
2023-01-08,STR012,PRD0115,332,137,431,38,R4,2.97,1
2024-01-14,STR003,PRD0035,854,18,19,853,R3,0.44,0
2023-10-22,STR034,PRD0159,647,232,165,714,R4,1.06,0
2024-09-08,STR019,PRD0023,528,411,261,678,R3,1.23,0
2024-02-25,STR001,PRD0005,740,90,171,659,R2,0.43,0
2023-07-23,STR030,PRD0060,825,168,196,797,R5,4.92,0
2023-06-04,STR022,PRD0025,714,342,315,741,R3,3.36,0
2024-12-22,STR001,PRD0110,980,206,593,593,R2,2.46,0
2023-09-24,STR021,PRD0018,505,56,151,410,R3,1.32,0
2023-08-06,STR043,PRD0003,386,244,174,456,R1,2.56,0
2024-06-16,STR038,PRD0151,139,82,14,207,R3,2.31,0
2023-03-05,STR048,PRD0121,812,86,557,341,R2,3.84,0
2024-02-11,STR016,PRD0154,990,61,468,583,R2,4.96,0
2024-04-14,STR013,PRD0112,293,385,251,427,R2,1.15,0
2024-06-02,STR016,PRD0142,912,375,286,1001,R2,0.77,0
2023-01-22,STR034,PRD0018,528,27,265,290,R4,1.27,0
2024-08-11,STR049,PRD0131,881,75,356,600,R3,3.63,0
2024-10-13,STR023,PRD0155,502,131,59,574,R5,1.75,0
2024-10-20,STR017,PRD0065,733,261,522,472,R2,1.38,0
2024-12-22,STR029,PRD0026,804,420,304,920,R2,0.08,0
2024-03-31,STR015,PRD0058,577,239,103,713,R5,0.03,0
2023-03-26,STR020,PRD0016,927,127,158,896,R3,4.65,0
2024-02-18,STR021,PRD0032,257,146,110,293,R3,2.82,0
2024-06-23,STR050,PRD0119,452,27,250,229,R2,0.11,0
2024-06-23,STR025,PRD0122,963,474,392,1045,R4,2.8,0
2023-02-19,STR022,PRD0021,573,307,346,534,R3,2.85,0
2023-09-17,STR002,PRD0032,450,439,220,669,R2,1.41,0
2023-11-26,STR025,PRD0014,411,152,226,337,R4,1.92,0
2024-03-03,STR031,PRD0107,566,1,3,564,R5,1.88,0
2024-06-09,STR002,PRD0114,349,396,574,171,R2,1.2,0
2023-11-19,STR017,PRD0155,208,330,368,170,R2,0.14,0
2023-10-29,STR045,PRD0062,100,262,282,80,R4,3.12,1
2024-02-11,STR012,PRD0036,669,284,369,584,R4,3.33,0
2024-01-28,STR028,PRD0065,366,114,379,101,R3,4.24,0
2023-01-08,STR035,PRD0074,948,97,545,500,R5,0.21,0
2023-04-09,STR043,PRD0070,534,358,230,662,R1,1.69,0
2023-08-20,STR031,PRD0074,456,434,268,622,R5,3.38,0
2023-04-30,STR038,PRD0039,838,223,55,1006,R3,0.93,0
2024-02-04,STR008,PRD0126,839,231,532,538,R2,1.3,0
2023-09-17,STR045,PRD0041,696,198,315,579,R4,0.26,0
2023-12-03,STR030,PRD0072,434,401,90,745,R5,4.18,0
2024-11-24,STR007,PRD0090,926,368,443,851,R5,3.24,0
2023-08-06,STR028,PRD0003,616,2,242,376,R3,4.13,0
2023-02-19,STR023,PRD0141,255,472,275,452,R5,3.08,0
2024-09-01,STR042,PRD0007,715,488,583,620,R3,4.14,0
2024-01-28,STR048,PRD0152,433,123,451,105,R2,3.28,0
2024-03-17,STR042,PRD0006,893,432,53,1272,R3,0.32,0
2023-11-12,STR025,PRD0076,227,156,32,351,R4,3.31,0
2023-11-05,STR019,PRD0076,508,411,569,350,R3,4.81,0
2023-05-28,STR035,PRD0008,903,447,548,802,R5,3.64,0
2024-09-29,STR031,PRD0067,325,142,16,451,R5,0.26,0
2023-08-06,STR022,PRD0054,736,121,184,673,R3,0.58,0
2023-01-15,STR036,PRD0016,394,384,333,445,R3,0.78,0
2023-05-21,STR028,PRD0054,251,281,358,174,R3,4.21,0
2024-06-09,STR049,PRD0091,229,132,292,69,R3,0.01,1
2024-06-30,STR035,PRD0135,359,246,563,42,R5,3.56,1
2024-11-10,STR037,PRD0034,688,324,70,942,R1,4.88,0
2023-11-05,STR018,PRD0130,352,271,338,285,R5,0.88,0
2023-01-15,STR030,PRD0072,798,396,281,913,R5,2.73,0
2023-01-29,STR046,PRD0158,450,423,66,807,R3,2.22,0
2024-03-31,STR020,PRD0158,954,226,490,690,R3,4.26,0
2024-06-02,STR033,PRD0138,313,305,576,42,R1,1.53,1
2023-09-10,STR033,PRD0145,801,381,76,1106,R1,1.32,0
2023-09-10,STR012,PRD0067,179,244,299,124,R4,1.36,0
2023-12-24,STR027,PRD0020,212,296,240,268,R1,2.67,0
2024-07-28,STR016,PRD0094,773,365,103,1035,R2,0.13,0
2023-06-11,STR009,PRD0107,983,444,584,843,R5,0.83,0
2024-06-23,STR006,PRD0131,675,288,12,951,R2,3.64,0
2023-06-18,STR026,PRD0031,803,280,184,899,R3,3.16,0
2024-10-13,STR002,PRD0005,239,254,276,217,R2,1.66,0
2023-12-17,STR015,PRD0115,599,225,102,722,R5,2.2,0
2023-10-22,STR007,PRD0075,788,233,76,945,R5,1.78,0
2024-01-07,STR041,PRD0152,524,315,593,246,R5,1.82,0
2024-03-10,STR037,PRD0109,257,30,254,33,R1,0.28,1
2024-05-12,STR014,PRD0077,109,272,178,203,R5,1.84,0
2024-09-15,STR050,PRD0026,433,240,158,515,R2,3.54,0
2024-06-23,STR012,PRD0142,522,453,373,602,R4,1.17,0
2023-11-26,STR027,PRD0011,609,60,85,584,R1,1.91,0
2023-07-09,STR036,PRD0130,243,87,35,295,R3,2.13,0
2024-07-21,STR021,PRD0081,619,232,334,517,R3,4.67,0
2024-12-08,STR029,PRD0077,993,99,533,559,R2,4.11,0
2024-03-31,STR035,PRD0014,229,221,35,415,R5,2.9,0
2023-04-09,STR031,PRD0092,163,410,344,229,R5,4.91,0
2023-02-05,STR038,PRD0094,175,379,80,474,R3,2.65,0
2024-07-21,STR007,PRD0105,701,339,36,1004,R5,1.57,0
2024-01-28,STR015,PRD0065,277,107,55,329,R5,4.1,0
2024-08-04,STR039,PRD0048,546,199,117,628,R5,0.44,0
2023-03-19,STR031,PRD0135,567,341,580,328,R5,2.56,0
2024-01-28,STR044,PRD0016,621,84,30,675,R5,3.59,0
2023-11-12,STR007,PRD0113,396,378,295,479,R5,4.43,0
2023-02-05,STR021,PRD0122,543,111,34,620,R3,3.17,0
2024-10-13,STR038,PRD0157,244,193,187,250,R3,0.15,0
2023-10-15,STR002,PRD0032,758,56,93,721,R2,2.48,0
2024-02-25,STR043,PRD0091,191,49,5,235,R1,2.43,0
2023-10-01,STR025,PRD0028,241,472,173,540,R4,4.67,0
2024-11-24,STR025,PRD0093,582,465,428,619,R4,4.44,0
2023-10-29,STR018,PRD0144,926,230,25,1131,R5,2.65,0
2023-01-22,STR048,PRD0069,670,224,10,884,R2,2.61,0
2023-08-06,STR040,PRD0025,123,332,306,149,R2,4.78,0
2024-03-24,STR049,PRD0104,631,294,540,385,R3,2.62,0
2024-08-25,STR035,PRD0048,401,223,56,568,R5,4.37,0
2023-01-29,STR018,PRD0155,447,273,83,637,R5,0.97,0
2024-06-23,STR003,PRD0087,890,195,455,630,R3,4.75,0
2023-12-31,STR034,PRD0160,624,18,486,156,R4,1.88,0
2023-12-31,STR041,PRD0046,879,431,98,1212,R5,3.29,0
2024-07-14,STR012,PRD0087,123,15,84,54,R4,4.84,1
2023-07-09,STR034,PRD0078,375,166,522,19,R4,0.9,1
2024-07-07,STR049,PRD0089,561,244,181,624,R3,2.97,0
2023-08-20,STR032,PRD0109,831,71,568,334,R2,1.34,0
2024-02-04,STR032,PRD0037,199,466,70,595,R2,1.88,0
2024-02-18,STR011,PRD0137,885,127,44,968,R4,2.58,0
2023-11-12,STR019,PRD0117,455,67,171,351,R3,2.02,0
2024-08-18,STR042,PRD0024,351,321,10,662,R3,2.58,0
2023-07-23,STR038,PRD0060,815,338,599,554,R3,4.11,0
2024-02-04,STR040,PRD0144,268,464,213,519,R2,4.74,0
2023-05-07,STR025,PRD0070,120,166,114,172,R4,2.71,0
2024-01-28,STR025,PRD0079,218,274,13,479,R4,3.64,0
2024-02-04,STR006,PRD0035,256,492,161,587,R2,2.72,0
2023-04-09,STR047,PRD0020,489,234,412,311,R2,4.17,0
2023-10-01,STR022,PRD0098,176,232,70,338,R3,2.98,0
2024-10-13,STR004,PRD0128,650,475,398,727,R4,0.07,0
2023-03-19,STR044,PRD0158,475,234,492,217,R5,0.85,0
2023-09-24,STR006,PRD0041,785,222,4,1003,R2,1.6,0
2024-03-03,STR030,PRD0146,595,372,339,628,R5,1.02,0
2024-06-09,STR042,PRD0154,621,350,138,833,R3,3.2,0
2024-11-24,STR033,PRD0086,260,371,30,601,R1,0.97,0
2024-08-25,STR026,PRD0137,512,134,161,485,R3,3.66,0
2023-12-31,STR001,PRD0109,276,316,28,564,R2,3.54,0
2024-12-29,STR010,PRD0083,472,449,76,845,R1,4.73,0
2023-05-07,STR028,PRD0029,382,258,317,323,R3,2.9,0
2023-10-01,STR004,PRD0147,791,377,474,694,R4,1.16,0
2024-11-03,STR002,PRD0028,597,67,72,592,R2,2.78,0
2023-01-29,STR043,PRD0106,966,32,435,563,R1,0.03,0
2024-11-10,STR016,PRD0003,361,181,429,113,R2,0.24,0
2024-05-05,STR009,PRD0098,639,486,277,848,R5,2.08,0
2023-09-17,STR026,PRD0098,445,482,145,782,R3,1.65,0
2023-11-12,STR009,PRD0118,298,261,49,510,R5,0.0,0
2024-11-17,STR036,PRD0002,466,129,518,77,R3,3.67,1
2024-07-14,STR008,PRD0138,135,62,91,106,R2,2.7,0
2024-01-14,STR026,PRD0145,254,91,133,212,R3,4.83,0
2024-02-25,STR033,PRD0026,200,350,535,15,R1,4.39,1
2024-11-10,STR003,PRD0128,201,145,69,277,R3,2.73,0
2024-09-08,STR043,PRD0071,559,473,363,669,R1,3.0,0
2024-06-09,STR018,PRD0057,301,322,218,405,R5,4.09,0
2023-09-10,STR004,PRD0022,820,19,469,370,R4,1.78,0
2024-03-03,STR038,PRD0087,992,18,382,628,R3,4.76,0
2023-05-28,STR027,PRD0072,811,193,178,826,R1,2.56,0
2023-12-24,STR034,PRD0020,750,122,242,630,R4,4.2,0
2023-03-26,STR046,PRD0138,702,1,330,373,R3,1.0,0
2023-10-08,STR011,PRD0053,131,44,164,11,R4,1.76,1
2024-02-11,STR027,PRD0007,372,3,325,50,R1,4.78,1
2024-05-12,STR021,PRD0074,426,71,103,394,R3,1.5,0
2024-04-14,STR029,PRD0126,140,438,258,320,R2,4.43,0
2024-01-14,STR002,PRD0005,799,265,590,474,R2,1.4,0
2023-09-10,STR037,PRD0136,518,234,142,610,R1,1.31,0
2023-04-09,STR021,PRD0001,678,413,110,981,R3,0.87,0
2023-08-20,STR050,PRD0112,515,151,167,499,R2,4.02,0
2023-01-08,STR029,PRD0135,999,159,53,1105,R2,2.61,0
2024-10-13,STR033,PRD0120,273,134,77,330,R1,0.21,0
2023-07-09,STR003,PRD0099,270,369,393,246,R3,2.22,0
2024-09-29,STR041,PRD0049,976,313,482,807,R5,4.67,0
2023-08-20,STR025,PRD0016,676,356,65,967,R4,1.72,0
2024-12-08,STR036,PRD0042,497,113,355,255,R3,1.08,0
2024-08-11,STR009,PRD0159,933,138,155,916,R5,4.81,0
2023-10-15,STR043,PRD0040,721,106,507,320,R1,3.25,0
2024-07-07,STR034,PRD0094,912,492,535,869,R4,0.23,0
2023-06-11,STR040,PRD0060,460,11,410,61,R2,2.2,1
2024-03-24,STR046,PRD0014,808,296,513,591,R3,3.93,0
2023-02-05,STR013,PRD0005,440,283,31,692,R2,0.59,0
2024-03-10,STR014,PRD0062,332,254,40,546,R5,3.27,0
2023-10-01,STR014,PRD0049,926,54,418,562,R5,4.54,0
2023-11-05,STR036,PRD0142,802,230,269,763,R3,0.52,0
2024-03-17,STR050,PRD0125,303,143,275,171,R2,4.66,0
2024-05-05,STR024,PRD0007,476,138,207,407,R5,2.64,0
2024-12-08,STR019,PRD0026,189,153,250,92,R3,4.78,1
2023-03-05,STR017,PRD0159,153,97,86,164,R2,0.34,0
2023-11-12,STR022,PRD0083,812,149,21,940,R3,1.87,0
2023-04-16,STR036,PRD0043,883,120,499,504,R3,0.9,0
2024-08-18,STR025,PRD0065,782,286,75,993,R4,4.3,0
2023-06-25,STR021,PRD0110,422,158,568,12,R3,0.5,1
2023-05-14,STR037,PRD0157,921,454,563,812,R1,2.74,0
2023-04-23,STR010,PRD0143,208,81,257,32,R1,0.7,1
2023-07-09,STR009,PRD0049,524,416,380,560,R5,1.33,0
2023-01-15,STR042,PRD0076,413,13,301,125,R3,0.94,0
2024-11-10,STR033,PRD0010,949,156,488,617,R1,3.46,0
2024-05-05,STR003,PRD0079,762,82,63,781,R3,3.71,0
2023-06-25,STR007,PRD0086,462,496,74,884,R5,4.86,0
2023-12-24,STR002,PRD0057,525,251,393,383,R2,4.69,0
2024-11-24,STR001,PRD0031,963,283,247,999,R2,2.5,0
2023-08-20,STR034,PRD0102,223,385,594,14,R4,1.24,1
2024-09-01,STR043,PRD0009,386,327,215,498,R1,3.11,0
2023-10-15,STR002,PRD0053,279,176,365,90,R2,0.58,1
2023-09-17,STR014,PRD0103,428,8,33,403,R5,0.07,0
2023-05-28,STR044,PRD0083,106,467,96,477,R5,1.35,0
2024-06-23,STR020,PRD0130,665,279,491,453,R3,2.61,0
2023-02-12,STR028,PRD0144,106,204,234,76,R3,2.42,1
2024-12-29,STR014,PRD0141,988,477,258,1207,R5,2.23,0
2024-03-31,STR029,PRD0045,278,490,150,618,R2,4.95,0
2024-10-06,STR044,PRD0002,587,188,22,753,R5,2.25,0
2023-11-05,STR032,PRD0123,427,213,82,558,R2,4.97,0
2023-01-15,STR007,PRD0002,994,92,531,555,R5,0.36,0
2023-03-05,STR028,PRD0100,980,243,480,743,R3,4.76,0
2024-03-31,STR017,PRD0090,862,235,336,761,R2,3.36,0
2023-09-10,STR010,PRD0113,336,46,280,102,R1,0.07,0
2023-02-26,STR047,PRD0038,982,490,532,940,R2,3.6,0
2024-02-11,STR017,PRD0134,931,397,502,826,R2,4.62,0
2023-01-29,STR018,PRD0139,985,117,7,1095,R5,2.09,0
2024-11-24,STR013,PRD0073,814,343,597,560,R2,2.51,0
2024-02-04,STR032,PRD0074,860,384,447,797,R2,1.47,0
2024-03-10,STR036,PRD0049,229,205,41,393,R3,3.87,0
2024-06-02,STR021,PRD0060,667,210,426,451,R3,1.13,0
2023-08-13,STR028,PRD0024,726,135,21,840,R3,4.18,0
2024-10-06,STR001,PRD0012,113,261,327,47,R2,1.19,1
2023-05-28,STR023,PRD0090,337,477,473,341,R5,1.39,0
2024-10-13,STR016,PRD0009,233,277,117,393,R2,3.88,0
2023-07-30,STR013,PRD0060,561,411,7,965,R2,2.25,0
2023-01-29,STR020,PRD0056,289,24,3,310,R3,3.36,0
2024-10-13,STR047,PRD0004,685,419,459,645,R2,4.36,0
2023-04-23,STR032,PRD0087,864,138,209,793,R2,2.28,0
2024-01-21,STR050,PRD0079,621,35,524,132,R2,1.0,0
2023-04-23,STR030,PRD0072,122,11,63,70,R5,0.45,1
2024-08-11,STR023,PRD0109,183,217,6,394,R5,2.42,0
2024-08-04,STR016,PRD0089,681,25,193,513,R2,1.23,0
2023-08-06,STR048,PRD0040,223,447,420,250,R2,0.27,0
2024-08-18,STR005,PRD0045,331,284,45,570,R1,1.02,0
2024-06-16,STR020,PRD0084,472,315,496,291,R3,2.89,0
2023-01-15,STR007,PRD0098,966,288,494,760,R5,0.14,0
2023-01-22,STR014,PRD0023,676,41,384,333,R5,0.98,0
2024-07-14,STR015,PRD0011,853,499,159,1193,R5,4.02,0
2024-08-18,STR040,PRD0123,952,226,262,916,R2,3.87,0
2024-06-23,STR025,PRD0067,923,250,169,1004,R4,1.65,0
2023-05-21,STR044,PRD0037,120,42,54,108,R5,3.49,0
2024-12-29,STR034,PRD0009,339,148,131,356,R4,4.48,0
2023-05-28,STR030,PRD0098,580,272,245,607,R5,3.55,0
2024-03-03,STR006,PRD0005,112,293,262,143,R2,1.51,0
2024-06-09,STR035,PRD0083,296,0,3,293,R5,2.88,0
2024-01-07,STR041,PRD0088,443,110,197,356,R5,2.05,0
2023-12-10,STR006,PRD0127,287,195,167,315,R2,4.29,0
2024-04-14,STR028,PRD0039,919,433,487,865,R3,4.99,0
2023-01-08,STR007,PRD0054,822,164,358,628,R5,3.07,0
2024-08-11,STR017,PRD0092,212,311,514,9,R2,0.22,1
2024-12-29,STR020,PRD0007,760,456,333,883,R3,4.41,0
2023-03-05,STR029,PRD0009,467,380,532,315,R2,3.73,0
2024-05-12,STR046,PRD0120,219,442,359,302,R3,4.7,0
2024-06-30,STR016,PRD0088,443,287,588,142,R2,3.38,0
2023-06-04,STR014,PRD0104,625,202,170,657,R5,3.53,0
2024-11-10,STR038,PRD0121,758,382,525,615,R3,0.13,0
2023-03-26,STR017,PRD0033,767,316,293,790,R2,2.32,0
2024-10-06,STR050,PRD0134,994,146,130,1010,R2,1.57,0
2024-09-29,STR039,PRD0072,920,375,449,846,R5,3.52,0
2024-10-13,STR038,PRD0138,961,12,252,721,R3,0.83,0
2024-05-05,STR034,PRD0078,788,491,372,907,R4,2.82,0
2024-05-12,STR023,PRD0030,106,42,27,121,R5,1.89,0
2024-01-28,STR036,PRD0030,636,274,563,347,R3,4.86,0
2023-10-29,STR043,PRD0113,166,68,192,42,R1,2.68,1
2024-09-01,STR032,PRD0086,283,348,503,128,R2,3.1,0
2024-12-15,STR040,PRD0072,575,249,47,777,R2,0.5,0
2023-03-12,STR047,PRD0144,676,299,192,783,R2,3.53,0
2024-09-22,STR047,PRD0010,694,219,322,591,R2,0.85,0
2023-04-30,STR020,PRD0075,223,155,179,199,R3,0.91,0
2024-01-14,STR027,PRD0036,890,50,455,485,R1,4.36,0
2024-09-15,STR026,PRD0141,464,467,178,753,R3,2.55,0
2023-07-09,STR010,PRD0157,283,354,562,75,R1,4.06,1
2023-02-26,STR038,PRD0053,323,477,329,471,R3,4.28,0
2024-12-15,STR002,PRD0064,391,296,86,601,R2,4.76,0
2023-09-10,STR021,PRD0073,360,259,305,314,R3,4.14,0
2024-09-29,STR023,PRD0059,301,268,96,473,R5,3.64,0
2023-12-31,STR036,PRD0027,468,478,498,448,R3,1.45,0
2023-08-06,STR010,PRD0160,690,474,592,572,R1,4.4,0
2024-07-07,STR045,PRD0056,288,114,196,206,R4,4.36,0
2023-09-03,STR009,PRD0057,646,498,227,917,R5,2.01,0
2024-03-10,STR025,PRD0034,163,127,112,178,R4,0.24,0
2023-01-15,STR035,PRD0118,904,303,66,1141,R5,2.22,0
2024-01-28,STR034,PRD0148,471,107,429,149,R4,2.85,0
2023-09-10,STR024,PRD0126,451,131,391,191,R5,0.55,0
2023-02-26,STR023,PRD0055,616,237,18,835,R5,3.4,0
2023-09-17,STR002,PRD0132,166,198,248,116,R2,4.57,0
2023-02-12,STR027,PRD0089,580,66,520,126,R1,4.64,0
2024-08-04,STR004,PRD0026,257,90,294,53,R4,1.8,1
2024-11-17,STR024,PRD0077,694,8,425,277,R5,1.67,0
2023-09-17,STR001,PRD0152,480,245,519,206,R2,2.09,0
2023-03-12,STR050,PRD0041,615,116,138,593,R2,4.95,0
2024-02-18,STR017,PRD0054,141,416,34,523,R2,0.49,0
2023-08-27,STR020,PRD0100,253,168,312,109,R3,4.65,0
2023-09-24,STR046,PRD0089,406,434,523,317,R3,0.83,0
2024-03-17,STR017,PRD0019,855,449,313,991,R2,3.23,0
2024-12-29,STR014,PRD0034,947,9,71,885,R5,4.36,0
2023-10-22,STR026,PRD0104,100,338,181,257,R3,2.26,0
2023-03-12,STR021,PRD0059,125,343,289,179,R3,4.58,0
2024-04-07,STR008,PRD0102,781,448,474,755,R2,0.06,0
2023-02-26,STR017,PRD0029,285,462,582,165,R2,2.5,0
2024-11-24,STR027,PRD0002,274,197,248,223,R1,4.1,0
2023-01-15,STR023,PRD0160,872,216,517,571,R5,2.74,0
2024-08-04,STR025,PRD0088,1000,313,333,980,R4,3.57,0
2023-05-28,STR029,PRD0075,744,290,133,901,R2,1.86,0
2024-10-20,STR008,PRD0152,216,51,152,115,R2,1.35,0
2023-07-02,STR044,PRD0112,337,323,58,602,R5,4.93,0
2023-02-26,STR029,PRD0136,557,120,391,286,R2,1.61,0
2024-11-17,STR037,PRD0110,975,307,368,914,R1,2.53,0
2023-12-24,STR011,PRD0103,856,13,185,684,R4,2.49,0
2023-02-05,STR038,PRD0002,675,200,220,655,R3,4.31,0
2024-03-10,STR009,PRD0048,605,37,520,122,R5,0.28,0
2024-05-19,STR005,PRD0079,341,440,265,516,R1,2.12,0
2024-12-22,STR025,PRD0011,972,97,463,606,R4,3.38,0
2024-06-23,STR020,PRD0011,500,384,83,801,R3,3.39,0
2023-01-08,STR049,PRD0041,137,146,25,258,R3,3.04,0
2024-06-02,STR019,PRD0020,301,282,10,573,R3,2.82,0
2023-09-03,STR004,PRD0053,473,413,69,817,R4,2.52,0
2023-12-10,STR032,PRD0061,297,51,185,163,R2,3.0,0
2023-08-13,STR040,PRD0009,834,270,169,935,R2,0.8,0
2023-04-16,STR001,PRD0067,749,142,430,461,R2,1.29,0
2024-11-24,STR019,PRD0033,978,278,212,1044,R3,4.83,0
2024-03-03,STR002,PRD0128,640,336,590,386,R2,3.2,0
2023-06-11,STR032,PRD0146,942,4,250,696,R2,1.65,0
2024-01-21,STR017,PRD0010,917,262,27,1152,R2,2.46,0
2023-05-28,STR002,PRD0090,453,461,596,318,R2,1.05,0
2024-06-30,STR010,PRD0003,767,433,283,917,R1,3.85,0
2023-10-08,STR024,PRD0044,330,434,44,720,R5,4.15,0
2023-12-24,STR001,PRD0062,880,325,90,1115,R2,4.12,0
2023-12-31,STR046,PRD0016,698,65,34,729,R3,1.47,0
2024-08-25,STR004,PRD0155,617,266,454,429,R4,3.12,0
2024-11-24,STR033,PRD0135,346,157,119,384,R1,3.03,0
2024-10-06,STR021,PRD0005,728,37,195,570,R3,2.98,0
2023-04-30,STR050,PRD0055,356,106,242,220,R2,0.27,0
2023-10-22,STR038,PRD0045,412,126,262,276,R3,4.3,0
2023-01-01,STR048,PRD0037,566,361,321,606,R2,4.7,0
2024-08-11,STR011,PRD0132,739,88,266,561,R4,0.51,0
2024-03-10,STR037,PRD0029,748,376,61,1063,R1,2.06,0
2024-12-22,STR024,PRD0055,224,89,118,195,R5,4.42,0
2023-09-10,STR029,PRD0020,447,166,132,481,R2,4.32,0
2023-04-23,STR035,PRD0021,425,164,272,317,R5,3.19,0
2023-05-21,STR020,PRD0009,920,363,138,1145,R3,1.5,0
2024-06-23,STR017,PRD0002,886,150,58,978,R2,1.16,0
2023-06-25,STR033,PRD0054,136,287,327,96,R1,0.82,1
2024-04-07,STR043,PRD0061,468,252,476,244,R1,1.79,0
2024-01-28,STR031,PRD0126,443,300,348,395,R5,2.95,0
2024-08-04,STR047,PRD0155,762,87,207,642,R2,3.39,0
2024-12-08,STR026,PRD0014,717,164,516,365,R3,1.47,0
2024-06-16,STR027,PRD0081,372,341,483,230,R1,4.28,0
2023-12-10,STR006,PRD0001,257,355,249,363,R2,0.99,0
2023-01-08,STR034,PRD0076,321,337,442,216,R4,1.26,0
2024-01-14,STR023,PRD0011,924,344,95,1173,R5,1.57,0
2023-07-23,STR007,PRD0106,622,407,318,711,R5,0.68,0
2024-05-12,STR032,PRD0061,383,314,578,119,R2,3.59,0
2024-09-29,STR049,PRD0011,319,420,561,178,R3,4.54,0
2023-01-22,STR024,PRD0117,726,267,151,842,R5,2.22,0
2024-06-02,STR012,PRD0061,488,368,185,671,R4,1.69,0
2023-10-22,STR041,PRD0129,652,312,286,678,R5,4.6,0
2024-09-01,STR002,PRD0055,559,242,284,517,R2,1.19,0
2023-07-30,STR006,PRD0023,881,128,256,753,R2,3.65,0
2023-08-06,STR013,PRD0152,421,371,72,720,R2,2.77,0
2023-05-21,STR050,PRD0044,581,257,337,501,R2,0.04,0
2024-12-29,STR018,PRD0100,800,158,492,466,R5,2.57,0
2024-05-19,STR034,PRD0035,476,133,395,214,R4,1.86,0
2023-05-28,STR036,PRD0076,349,214,183,380,R3,3.91,0
2023-09-17,STR034,PRD0002,619,0,42,577,R4,0.82,0
2024-08-04,STR024,PRD0148,436,197,535,98,R5,1.51,1
2023-04-23,STR049,PRD0045,846,320,548,618,R3,4.22,0
2024-06-02,STR024,PRD0150,643,96,505,234,R5,2.53,0
2024-06-30,STR009,PRD0115,709,257,382,584,R5,1.19,0
2023-02-05,STR018,PRD0113,703,168,495,376,R5,1.95,0
2024-03-10,STR016,PRD0077,403,89,320,172,R2,4.5,0
2023-02-05,STR044,PRD0142,521,489,34,976,R5,4.7,0
2024-04-21,STR010,PRD0020,968,79,335,712,R1,4.99,0
2023-12-24,STR050,PRD0135,266,198,66,398,R2,0.62,0
2024-09-01,STR007,PRD0134,542,254,550,246,R5,4.85,0
2024-12-08,STR022,PRD0144,697,5,263,439,R3,0.12,0
2023-05-21,STR014,PRD0019,643,94,180,557,R5,0.9,0
2024-02-18,STR001,PRD0002,795,198,234,759,R2,3.79,0
2023-10-22,STR047,PRD0038,384,133,447,70,R2,4.31,1
2023-09-24,STR020,PRD0160,616,201,488,329,R3,1.8,0
2023-01-01,STR044,PRD0128,176,380,329,227,R5,4.13,0
2024-08-25,STR020,PRD0045,961,240,109,1092,R3,2.26,0
2023-10-29,STR030,PRD0089,556,393,204,745,R5,1.96,0
2024-06-30,STR023,PRD0080,346,207,31,522,R5,1.86,0
2024-08-04,STR020,PRD0032,525,481,514,492,R3,0.22,0
2023-08-06,STR047,PRD0006,994,419,209,1204,R2,3.58,0
2023-06-25,STR012,PRD0007,662,432,195,899,R4,1.3,0
2024-05-12,STR045,PRD0006,655,487,352,790,R4,1.68,0
2024-11-03,STR043,PRD0086,414,299,292,421,R1,4.94,0
2024-08-18,STR025,PRD0016,941,402,48,1295,R4,1.44,0
2023-09-03,STR007,PRD0037,981,353,102,1232,R5,1.2,0
2023-12-17,STR027,PRD0109,791,380,122,1049,R1,1.19,0
2024-02-11,STR026,PRD0066,460,222,243,439,R3,4.4,0
2023-01-29,STR008,PRD0095,369,59,226,202,R2,0.48,0
2023-09-10,STR007,PRD0011,197,385,126,456,R5,4.89,0
2023-11-12,STR027,PRD0050,958,104,27,1035,R1,2.9,0
2023-09-10,STR024,PRD0145,730,119,289,560,R5,4.06,0
2023-06-18,STR005,PRD0078,649,454,339,764,R1,0.78,0
2024-12-01,STR038,PRD0088,887,449,246,1090,R3,0.79,0
2023-07-23,STR020,PRD0140,445,414,205,654,R3,3.92,0
2024-09-22,STR010,PRD0130,855,440,375,920,R1,1.29,0
2023-04-02,STR014,PRD0108,145,387,47,485,R5,1.06,0
2024-02-04,STR043,PRD0096,134,249,219,164,R1,2.27,0
2024-01-21,STR023,PRD0140,978,343,557,764,R5,1.52,0
2024-04-14,STR025,PRD0158,811,16,176,651,R4,3.02,0
2023-05-21,STR025,PRD0088,299,278,351,226,R4,0.29,0
2023-04-16,STR009,PRD0088,892,389,419,862,R5,2.3,0
2024-03-10,STR041,PRD0047,556,458,79,935,R5,0.88,0
2023-04-30,STR044,PRD0002,822,356,256,922,R5,0.34,0
2024-05-19,STR034,PRD0092,932,470,34,1368,R4,3.26,0
2023-03-05,STR007,PRD0150,421,446,486,381,R5,3.9,0
2023-12-03,STR014,PRD0016,194,157,95,256,R5,0.42,0
2024-11-17,STR035,PRD0108,419,422,296,545,R5,0.47,0
2024-04-14,STR038,PRD0051,587,426,600,413,R3,2.33,0
2024-09-15,STR030,PRD0141,332,171,446,57,R5,4.43,1
2024-08-25,STR042,PRD0145,962,334,428,868,R3,0.79,0
2024-01-28,STR040,PRD0006,617,248,395,470,R2,2.03,0
2024-10-06,STR026,PRD0047,533,341,476,398,R3,3.74,0
2024-09-22,STR008,PRD0113,376,190,197,369,R2,0.5,0
2024-11-03,STR030,PRD0101,341,434,213,562,R5,0.03,0
2023-04-09,STR025,PRD0139,114,34,45,103,R4,0.3,0
2024-08-25,STR048,PRD0082,131,448,271,308,R2,2.71,0
2024-05-05,STR034,PRD0098,449,341,565,225,R4,1.89,0
2023-07-23,STR042,PRD0092,710,16,325,401,R3,1.99,0
2023-01-08,STR022,PRD0093,260,54,98,216,R3,4.07,0
2024-03-24,STR026,PRD0008,744,73,76,741,R3,3.71,0
2023-12-17,STR013,PRD0054,209,177,30,356,R2,1.1,0
2024-06-09,STR003,PRD0107,731,238,462,507,R3,0.79,0
2024-07-14,STR020,PRD0009,391,93,165,319,R3,0.3,0
2023-07-23,STR002,PRD0084,389,92,119,362,R2,0.07,0
2023-10-15,STR039,PRD0091,277,128,155,250,R5,1.75,0
2023-10-08,STR001,PRD0132,663,382,21,1024,R2,1.83,0
2024-12-29,STR018,PRD0063,914,297,79,1132,R5,0.48,0
2023-01-29,STR026,PRD0031,817,492,146,1163,R3,0.56,0
2023-10-29,STR032,PRD0015,149,241,349,41,R2,3.63,1
2024-12-22,STR003,PRD0012,670,201,245,626,R3,2.69,0
2023-02-19,STR010,PRD0009,455,68,21,502,R1,4.07,0
2024-12-29,STR020,PRD0153,382,283,283,382,R3,3.83,0
2023-10-22,STR030,PRD0158,826,397,133,1090,R5,4.4,0
2024-12-29,STR042,PRD0094,956,137,49,1044,R3,4.01,0
2023-06-25,STR011,PRD0004,614,365,124,855,R4,3.94,0
2023-04-30,STR026,PRD0050,621,180,3,798,R3,1.37,0
2024-12-08,STR002,PRD0160,550,245,397,398,R2,3.4,0
2023-12-03,STR016,PRD0004,309,232,428,113,R2,4.34,0
2023-12-31,STR023,PRD0005,674,108,392,390,R5,3.89,0
2024-03-17,STR024,PRD0119,524,228,414,338,R5,3.85,0
2024-06-09,STR031,PRD0044,151,67,211,7,R5,4.26,1
2024-06-23,STR045,PRD0119,560,249,168,641,R4,1.88,0
2024-02-25,STR009,PRD0047,982,282,131,1133,R5,1.49,0
2023-10-15,STR043,PRD0100,671,100,163,608,R1,0.28,0
2023-08-13,STR016,PRD0036,478,23,100,401,R2,3.71,0
2023-10-29,STR043,PRD0089,408,176,440,144,R1,2.11,0
2023-03-19,STR010,PRD0097,413,438,101,750,R1,3.44,0
2023-06-04,STR027,PRD0127,943,268,213,998,R1,3.08,0
2023-03-26,STR029,PRD0117,425,269,358,336,R2,2.65,0
2023-10-22,STR036,PRD0110,597,118,464,251,R3,1.83,0
2024-03-03,STR044,PRD0031,663,86,304,445,R5,4.19,0
2023-12-31,STR011,PRD0043,177,339,269,247,R4,0.19,0
2023-09-03,STR035,PRD0026,507,436,46,897,R5,2.84,0
2023-06-11,STR021,PRD0142,325,186,434,77,R3,0.51,1
2023-04-23,STR022,PRD0073,812,116,161,767,R3,3.83,0
2024-09-29,STR046,PRD0018,532,462,592,402,R3,0.63,0
2023-05-21,STR018,PRD0142,956,269,463,762,R5,3.77,0
2024-04-28,STR024,PRD0024,454,360,473,341,R5,4.47,0
2024-06-16,STR035,PRD0156,772,91,581,282,R5,2.04,0
2024-05-19,STR044,PRD0016,771,26,599,198,R5,3.7,0
2023-07-30,STR044,PRD0134,813,30,461,382,R5,1.02,0
2024-03-24,STR005,PRD0124,360,476,505,331,R1,0.14,0
2024-08-25,STR011,PRD0033,474,123,2,595,R4,2.36,0
2024-08-18,STR008,PRD0095,954,185,551,588,R2,1.49,0
2024-08-18,STR030,PRD0089,746,11,363,394,R5,3.48,0
2023-07-16,STR003,PRD0046,854,128,201,781,R3,1.68,0
2023-01-08,STR047,PRD0143,808,471,4,1275,R2,3.08,0
2024-08-11,STR020,PRD0011,168,380,351,197,R3,4.61,0
2023-10-01,STR012,PRD0070,475,162,577,60,R4,4.07,1
2024-07-14,STR013,PRD0019,613,16,429,200,R2,2.27,0
2023-07-30,STR041,PRD0143,815,498,357,956,R5,2.8,0
2024-03-31,STR029,PRD0126,142,39,50,131,R2,2.76,0
2024-12-08,STR043,PRD0094,230,493,139,584,R1,0.2,0
2024-03-24,STR036,PRD0156,197,331,363,165,R3,4.08,0
2024-05-12,STR037,PRD0124,628,0,206,422,R1,2.19,0
2024-05-26,STR003,PRD0104,541,157,373,325,R3,1.67,0
2024-08-18,STR040,PRD0130,986,308,590,704,R2,2.0,0
2023-06-04,STR040,PRD0047,664,391,248,807,R2,4.63,0
2024-02-18,STR038,PRD0055,808,302,417,693,R3,2.09,0
2024-12-15,STR029,PRD0044,949,49,239,759,R2,2.9,0
2023-06-25,STR036,PRD0083,940,467,383,1024,R3,3.46,0
2024-05-12,STR015,PRD0159,932,151,41,1042,R5,2.93,0
2024-07-21,STR013,PRD0086,606,132,382,356,R2,1.8,0
2024-03-31,STR011,PRD0122,851,154,97,908,R4,1.62,0
2024-10-13,STR033,PRD0015,832,120,510,442,R1,3.21,0
2024-06-09,STR038,PRD0092,643,345,138,850,R3,2.26,0
2024-02-04,STR019,PRD0111,433,373,345,461,R3,1.78,0
2024-03-31,STR001,PRD0013,258,190,94,354,R2,2.82,0
2024-04-14,STR007,PRD0118,885,88,356,617,R5,3.02,0
2023-09-03,STR035,PRD0104,893,147,209,831,R5,4.36,0
2024-04-07,STR036,PRD0049,628,111,39,700,R3,2.34,0
2024-02-18,STR039,PRD0131,653,46,101,598,R5,1.46,0
2023-12-24,STR004,PRD0143,990,418,54,1354,R4,2.09,0
2023-10-29,STR028,PRD0034,142,164,168,138,R3,0.14,0
2023-04-23,STR048,PRD0002,764,461,259,966,R2,1.36,0
2024-03-10,STR042,PRD0132,653,467,570,550,R3,0.73,0
2023-06-25,STR033,PRD0127,432,217,574,75,R1,4.45,1
2023-11-05,STR049,PRD0086,196,335,446,85,R3,4.81,1
2024-11-17,STR007,PRD0138,518,225,511,232,R5,2.48,0
2024-09-08,STR002,PRD0103,576,153,359,370,R2,3.56,0
2024-01-21,STR021,PRD0150,909,85,421,573,R3,1.02,0
2023-03-26,STR041,PRD0092,534,22,79,477,R5,3.19,0
2024-03-10,STR042,PRD0014,572,247,181,638,R3,2.0,0
2023-08-13,STR020,PRD0097,581,362,213,730,R3,2.87,0
2023-04-23,STR025,PRD0039,603,456,458,601,R4,2.27,0
2023-10-15,STR038,PRD0121,368,351,227,492,R3,3.07,0
2024-06-16,STR026,PRD0003,364,402,413,353,R3,0.25,0
2024-05-26,STR020,PRD0005,671,249,302,618,R3,4.18,0
2024-02-25,STR036,PRD0083,240,386,268,358,R3,0.25,0
2024-10-27,STR011,PRD0115,134,182,111,205,R4,4.08,0
2023-07-09,STR017,PRD0003,444,257,175,526,R2,2.09,0
2024-10-20,STR050,PRD0122,409,222,589,42,R2,0.97,1
2023-01-15,STR032,PRD0078,494,176,177,493,R2,2.77,0
2023-12-31,STR020,PRD0130,761,331,335,757,R3,3.91,0
2023-07-16,STR017,PRD0114,675,49,478,246,R2,2.77,0
2024-11-03,STR007,PRD0040,866,472,594,744,R5,2.47,0
2023-06-18,STR041,PRD0109,303,140,387,56,R5,2.1,1
2024-04-07,STR026,PRD0075,171,405,180,396,R3,2.61,0
2023-12-24,STR021,PRD0080,574,416,199,791,R3,4.08,0
2024-12-08,STR016,PRD0094,412,22,149,285,R2,3.63,0
2023-07-23,STR025,PRD0124,112,352,406,58,R4,1.33,1
2024-05-19,STR032,PRD0035,113,451,313,251,R2,1.94,0
2024-11-17,STR033,PRD0151,111,429,258,282,R1,1.28,0
2024-10-27,STR041,PRD0082,103,217,263,57,R5,0.42,1
2023-01-08,STR021,PRD0048,198,357,550,5,R3,2.29,1
2024-12-29,STR002,PRD0154,907,66,302,671,R2,3.33,0
2023-08-13,STR036,PRD0134,260,389,190,459,R3,1.64,0
2023-11-26,STR002,PRD0140,643,368,374,637,R2,1.75,0
2023-06-18,STR020,PRD0057,857,120,207,770,R3,3.6,0
2024-09-22,STR015,PRD0032,946,417,263,1100,R5,2.55,0
2024-04-21,STR036,PRD0147,758,392,476,674,R3,2.29,0
2023-04-16,STR044,PRD0065,474,295,334,435,R5,1.6,0
2023-05-28,STR022,PRD0149,453,172,56,569,R3,2.33,0
2024-07-14,STR044,PRD0078,937,414,181,1170,R5,4.3,0
2023-06-25,STR013,PRD0098,522,128,340,310,R2,4.04,0
2024-03-17,STR025,PRD0159,514,157,23,648,R4,4.8,0
2024-11-17,STR030,PRD0096,927,454,35,1346,R5,2.55,0
2024-03-03,STR045,PRD0031,368,206,91,483,R4,1.06,0
2024-05-05,STR029,PRD0139,726,85,533,278,R2,0.71,0
2024-06-23,STR021,PRD0081,708,219,537,390,R3,2.31,0
2023-01-29,STR024,PRD0133,913,21,588,346,R5,1.4,0
2023-12-17,STR046,PRD0014,118,15,5,128,R3,3.77,0
2024-02-25,STR039,PRD0004,522,256,429,349,R5,1.83,0
2024-05-26,STR024,PRD0047,557,179,15,721,R5,1.13,0
2023-06-11,STR047,PRD0138,229,146,306,69,R2,1.03,1
2023-07-09,STR030,PRD0124,222,171,238,155,R5,0.91,0
2023-05-14,STR045,PRD0151,737,482,278,941,R4,0.48,0
2023-04-02,STR040,PRD0049,256,165,190,231,R2,1.49,0
2024-07-28,STR009,PRD0078,718,14,547,185,R5,4.6,0
2024-06-30,STR002,PRD0009,227,277,190,314,R2,0.99,0
2023-08-20,STR042,PRD0160,455,26,122,359,R3,4.95,0
2023-08-13,STR030,PRD0033,441,122,196,367,R5,2.75,0
2024-05-19,STR014,PRD0049,695,121,277,539,R5,3.57,0
2024-03-24,STR037,PRD0151,531,379,68,842,R1,3.05,0
2023-01-08,STR005,PRD0099,970,486,428,1028,R1,4.28,0
2023-01-15,STR039,PRD0010,678,203,45,836,R5,3.41,0
2023-09-24,STR046,PRD0090,760,184,413,531,R3,2.32,0
2024-10-20,STR028,PRD0099,609,351,517,443,R3,4.54,0
2024-07-28,STR034,PRD0102,417,9,343,83,R4,3.68,1
2024-09-22,STR003,PRD0033,367,79,405,41,R3,1.44,1
2024-09-08,STR035,PRD0048,138,237,37,338,R5,1.31,0
2023-09-24,STR003,PRD0134,539,359,286,612,R3,0.08,0
2024-07-21,STR012,PRD0104,178,305,34,449,R4,2.73,0
2024-12-01,STR049,PRD0093,732,223,258,697,R3,2.04,0
2023-11-05,STR015,PRD0050,136,353,12,477,R5,2.49,0
2024-02-11,STR017,PRD0144,904,485,121,1268,R2,1.97,0
2023-08-13,STR050,PRD0031,450,43,112,381,R2,4.6,0
2023-07-30,STR009,PRD0073,981,79,122,938,R5,2.44,0
2024-05-12,STR037,PRD0147,800,3,44,759,R1,0.68,0
2024-07-28,STR009,PRD0030,464,165,375,254,R5,3.76,0
2024-09-01,STR030,PRD0051,165,432,578,19,R5,1.81,1
2024-04-07,STR025,PRD0018,654,243,163,734,R4,4.66,0
2023-01-29,STR038,PRD0008,919,410,228,1101,R3,1.69,0
2024-06-09,STR031,PRD0064,668,482,103,1047,R5,3.22,0
2024-12-29,STR040,PRD0155,729,220,452,497,R2,4.62,0
2024-11-03,STR022,PRD0059,393,21,91,323,R3,2.98,0
2023-01-22,STR002,PRD0082,598,247,493,352,R2,4.37,0
2023-04-30,STR040,PRD0107,723,20,189,554,R2,1.59,0
2023-04-30,STR044,PRD0159,354,255,343,266,R5,1.42,0
2024-05-19,STR006,PRD0018,104,131,22,213,R2,4.13,0
2024-10-20,STR018,PRD0052,260,124,285,99,R5,2.49,1
2024-03-17,STR009,PRD0077,314,79,86,307,R5,4.46,0
2024-11-24,STR012,PRD0027,533,85,121,497,R4,0.97,0
2024-09-01,STR044,PRD0129,661,405,363,703,R5,4.68,0
2023-01-22,STR002,PRD0007,468,307,598,177,R2,0.17,0
2024-12-29,STR032,PRD0098,912,353,517,748,R2,3.24,0
2024-03-31,STR030,PRD0066,511,347,148,710,R5,1.25,0
2023-01-15,STR013,PRD0010,751,4,486,269,R2,1.34,0
2023-05-28,STR036,PRD0139,947,169,567,549,R3,0.37,0
2024-06-30,STR035,PRD0154,763,277,142,898,R5,2.97,0
2023-01-08,STR043,PRD0129,168,130,123,175,R1,3.56,0
2024-07-14,STR034,PRD0037,340,68,380,28,R4,1.32,1
2023-10-22,STR013,PRD0131,264,404,451,217,R2,2.07,0
2023-05-21,STR031,PRD0072,303,18,213,108,R5,3.69,0
2024-04-14,STR021,PRD0141,570,267,269,568,R3,4.5,0
2024-04-21,STR038,PRD0076,835,416,95,1156,R3,2.01,0
2024-03-31,STR019,PRD0150,636,25,102,559,R3,0.88,0
2024-09-01,STR012,PRD0149,731,468,213,986,R4,4.21,0
2024-03-17,STR011,PRD0103,220,303,508,15,R4,0.25,1
2023-10-15,STR026,PRD0117,820,44,342,522,R3,0.55,0
2024-12-29,STR011,PRD0093,974,294,508,760,R4,3.31,0
2023-11-05,STR011,PRD0089,701,288,254,735,R4,3.2,0
2023-09-24,STR013,PRD0115,397,491,411,477,R2,0.41,0
2024-02-04,STR006,PRD0130,392,320,329,383,R2,0.38,0
2024-02-18,STR036,PRD0041,864,377,364,877,R3,2.23,0
2023-04-30,STR016,PRD0055,170,273,308,135,R2,1.29,0
2023-06-18,STR012,PRD0048,845,121,328,638,R4,1.43,0
2024-04-28,STR042,PRD0069,310,72,172,210,R3,1.18,0
2023-10-22,STR005,PRD0015,404,474,102,776,R1,3.0,0
2024-05-12,STR049,PRD0012,203,349,184,368,R3,2.04,0
2023-11-26,STR020,PRD0007,241,242,143,340,R3,0.81,0
2024-07-21,STR037,PRD0156,484,281,343,422,R1,4.39,0
2024-06-16,STR044,PRD0012,808,135,435,508,R5,0.12,0
2024-05-26,STR004,PRD0148,247,29,15,261,R4,3.01,0
2024-01-07,STR035,PRD0127,926,60,516,470,R5,4.73,0
2023-09-10,STR012,PRD0086,797,147,12,932,R4,2.46,0
2024-09-22,STR024,PRD0042,421,385,266,540,R5,0.97,0
2024-08-04,STR003,PRD0106,876,278,476,678,R3,3.4,0
2024-01-28,STR037,PRD0035,252,373,108,517,R1,3.33,0
2023-09-03,STR020,PRD0026,689,225,480,434,R3,3.64,0
2023-01-01,STR021,PRD0083,511,330,319,522,R3,0.32,0
2024-12-15,STR010,PRD0131,750,372,55,1067,R1,1.07,0
2024-10-06,STR026,PRD0109,133,238,240,131,R3,3.71,0
2024-10-06,STR012,PRD0064,725,100,437,388,R4,0.29,0
2024-05-26,STR024,PRD0086,343,10,213,140,R5,3.06,0
2024-12-22,STR018,PRD0151,191,157,175,173,R5,4.11,0
2023-11-12,STR009,PRD0005,420,53,420,53,R5,1.59,1
2023-11-19,STR005,PRD0015,500,221,17,704,R1,4.7,0
2024-01-21,STR037,PRD0055,360,273,587,46,R1,0.67,1
2024-01-07,STR007,PRD0087,735,313,389,659,R5,4.96,0
2023-06-25,STR018,PRD0091,291,34,201,124,R5,1.3,0
2023-04-30,STR008,PRD0113,277,165,244,198,R2,3.18,0
2023-12-24,STR022,PRD0146,307,95,370,32,R3,2.48,1
2023-02-12,STR027,PRD0003,791,130,482,439,R1,3.01,0
2024-01-28,STR020,PRD0128,180,77,6,251,R3,3.29,0
2024-10-27,STR044,PRD0119,976,27,587,416,R5,4.49,0
2023-04-30,STR018,PRD0025,372,116,461,27,R5,4.5,1
2024-11-03,STR004,PRD0010,968,479,14,1433,R4,1.14,0
2024-01-28,STR044,PRD0158,646,142,217,571,R5,1.78,0
2023-01-29,STR010,PRD0147,881,166,436,611,R1,2.42,0
2023-07-30,STR023,PRD0076,495,398,386,507,R5,0.67,0
2023-04-23,STR041,PRD0155,463,384,383,464,R5,2.05,0
2024-10-13,STR039,PRD0027,586,216,461,341,R5,4.21,0
2023-10-01,STR040,PRD0145,647,186,429,404,R2,4.39,0
2023-07-02,STR044,PRD0020,332,434,230,536,R5,3.43,0
2024-12-22,STR022,PRD0072,641,369,490,520,R3,3.86,0
2024-09-29,STR024,PRD0086,371,361,535,197,R5,4.29,0
2023-09-17,STR041,PRD0098,759,456,83,1132,R5,0.58,0
2023-10-01,STR027,PRD0074,513,473,422,564,R1,0.91,0
2023-09-10,STR007,PRD0148,757,242,514,485,R5,4.77,0
2024-05-19,STR049,PRD0136,153,392,520,25,R3,4.3,1
2023-07-09,STR042,PRD0132,583,313,451,445,R3,2.5,0
2023-02-26,STR006,PRD0135,410,311,411,310,R2,0.37,0
2024-09-29,STR006,PRD0024,922,164,54,1032,R2,1.71,0
2024-02-04,STR018,PRD0160,548,138,323,363,R5,0.33,0
2024-08-11,STR015,PRD0133,996,181,95,1082,R5,2.21,0
2023-04-09,STR016,PRD0064,207,225,3,429,R2,3.33,0
2023-07-02,STR043,PRD0004,922,374,313,983,R1,1.32,0
2024-05-05,STR027,PRD0018,306,74,111,269,R1,4.56,0
2023-03-19,STR012,PRD0008,444,439,497,386,R4,3.49,0
2024-09-29,STR025,PRD0052,214,286,120,380,R4,3.87,0
2023-07-02,STR002,PRD0063,823,261,464,620,R2,2.42,0
2024-02-25,STR050,PRD0084,727,226,175,778,R2,2.35,0
2024-09-08,STR034,PRD0006,152,130,78,204,R4,1.29,0
2023-04-02,STR037,PRD0060,290,444,88,646,R1,1.66,0
2023-04-02,STR001,PRD0138,836,134,491,479,R2,0.61,0
2024-01-14,STR044,PRD0044,243,233,325,151,R5,1.11,0
2024-07-07,STR002,PRD0018,380,384,204,560,R2,1.32,0
2024-06-30,STR040,PRD0138,447,57,186,318,R2,0.0,0
2024-04-28,STR033,PRD0054,662,269,135,796,R1,0.85,0
2023-09-03,STR002,PRD0146,611,75,473,213,R2,3.96,0
2024-10-13,STR026,PRD0111,277,102,59,320,R3,4.76,0
2023-12-17,STR050,PRD0017,964,300,43,1221,R2,0.79,0
2023-11-05,STR026,PRD0112,535,95,552,78,R3,4.38,1
2023-09-03,STR011,PRD0002,723,316,574,465,R4,1.83,0
2024-01-21,STR001,PRD0039,746,231,289,688,R2,0.07,0
2023-05-28,STR034,PRD0117,226,70,137,159,R4,2.4,0
2024-02-11,STR024,PRD0054,225,344,13,556,R5,1.48,0
2024-06-16,STR038,PRD0157,882,28,72,838,R3,3.89,0
2024-11-10,STR048,PRD0133,563,228,321,470,R2,3.64,0
2024-11-10,STR042,PRD0036,167,365,142,390,R3,3.75,0
2024-01-07,STR023,PRD0031,298,97,288,107,R5,3.09,0
2023-02-12,STR048,PRD0055,275,215,378,112,R2,1.24,0
2024-12-29,STR035,PRD0082,730,484,67,1147,R5,3.45,0
2023-02-19,STR019,PRD0032,593,190,202,581,R3,4.39,0
2023-01-29,STR022,PRD0021,753,316,257,812,R3,0.3,0
2023-05-28,STR004,PRD0145,891,318,48,1161,R4,0.45,0
2024-06-30,STR018,PRD0031,369,313,248,434,R5,3.02,0
2024-01-28,STR036,PRD0061,182,199,215,166,R3,2.82,0
2023-05-07,STR049,PRD0112,649,213,32,830,R3,4.76,0
2024-09-29,STR008,PRD0085,129,246,4,371,R2,0.11,0
2024-10-06,STR008,PRD0119,480,82,479,83,R2,2.19,1
2023-04-23,STR040,PRD0142,507,437,480,464,R2,3.11,0
2024-03-03,STR007,PRD0139,291,365,29,627,R5,2.36,0
2023-01-22,STR003,PRD0023,146,357,189,314,R3,3.23,0
2023-01-22,STR012,PRD0151,329,302,141,490,R4,1.54,0
2023-10-08,STR005,PRD0143,480,189,507,162,R1,4.86,0
2023-06-04,STR039,PRD0041,285,57,231,111,R5,1.06,0
2023-07-30,STR006,PRD0028,478,46,149,375,R2,1.26,0
2024-09-15,STR012,PRD0008,945,170,184,931,R4,2.24,0
2023-10-08,STR005,PRD0130,637,265,156,746,R1,3.61,0
2024-12-22,STR011,PRD0072,744,35,79,700,R4,2.56,0
2024-06-02,STR048,PRD0158,225,154,1,378,R2,0.26,0
2023-12-31,STR038,PRD0031,953,136,427,662,R3,0.8,0
2024-05-12,STR035,PRD0049,250,340,244,346,R5,2.66,0
2024-08-04,STR004,PRD0120,291,321,551,61,R4,0.33,1
2024-11-03,STR014,PRD0152,777,499,522,754,R5,2.92,0
2024-03-03,STR021,PRD0047,661,82,212,531,R3,3.6,0
2023-12-17,STR046,PRD0019,417,216,103,530,R3,0.19,0
2023-09-03,STR004,PRD0110,514,199,181,532,R4,0.51,0
2024-04-14,STR038,PRD0001,913,244,508,649,R3,1.0,0
2024-06-09,STR034,PRD0120,833,250,383,700,R4,1.74,0
2024-06-30,STR029,PRD0065,819,265,378,706,R2,1.18,0
2024-03-17,STR031,PRD0070,116,160,259,17,R5,3.69,1
2023-11-19,STR029,PRD0021,777,81,67,791,R2,2.18,0
2023-01-01,STR028,PRD0127,658,446,311,793,R3,0.3,0
2024-02-25,STR035,PRD0054,642,40,0,682,R5,1.99,0
2023-09-24,STR033,PRD0038,483,477,44,916,R1,1.54,0
2023-01-29,STR022,PRD0058,856,125,481,500,R3,3.05,0
2024-02-25,STR035,PRD0160,786,325,344,767,R5,4.28,0
2024-09-29,STR016,PRD0150,459,367,459,367,R2,3.58,0
2024-03-24,STR009,PRD0034,355,39,54,340,R5,0.71,0
2024-02-18,STR043,PRD0001,419,161,515,65,R1,4.42,1
2024-01-07,STR012,PRD0005,223,25,188,60,R4,1.83,1
2023-05-14,STR027,PRD0044,574,103,570,107,R1,2.34,0
2024-06-23,STR020,PRD0084,472,271,353,390,R3,2.84,0
2023-06-11,STR046,PRD0029,803,366,86,1083,R3,0.84,0
2023-11-26,STR032,PRD0140,883,125,313,695,R2,0.57,0
2023-03-19,STR026,PRD0042,308,285,264,329,R3,1.59,0
2023-04-30,STR034,PRD0093,133,178,28,283,R4,1.51,0
2024-07-07,STR029,PRD0119,359,444,79,724,R2,3.24,0
2024-08-25,STR025,PRD0110,184,89,170,103,R4,4.94,0
2023-03-12,STR021,PRD0121,117,32,3,146,R3,1.29,0
2023-08-06,STR026,PRD0039,676,443,398,721,R3,3.54,0
2024-10-13,STR028,PRD0128,422,407,145,684,R3,0.46,0
2023-06-18,STR003,PRD0089,300,26,143,183,R3,4.34,0
2023-05-21,STR034,PRD0059,623,463,90,996,R4,4.6,0
2023-12-17,STR015,PRD0143,825,87,254,658,R5,2.5,0
2024-12-01,STR032,PRD0078,862,312,356,818,R2,2.74,0
2024-03-24,STR031,PRD0054,732,453,241,944,R5,2.9,0
2023-02-26,STR028,PRD0022,137,307,145,299,R3,4.83,0
2024-08-25,STR009,PRD0008,336,457,536,257,R5,1.86,0
2023-04-23,STR029,PRD0059,681,309,449,541,R2,0.34,0
2024-09-08,STR018,PRD0117,557,420,460,517,R5,4.28,0
2023-02-12,STR026,PRD0088,420,392,80,732,R3,4.67,0
2024-06-30,STR050,PRD0108,224,193,374,43,R2,0.46,1
2023-01-08,STR026,PRD0086,835,347,415,767,R3,3.72,0
2024-11-03,STR011,PRD0078,107,327,410,24,R4,4.49,1
2023-05-28,STR028,PRD0028,386,142,65,463,R3,3.6,0
2023-10-01,STR039,PRD0030,260,261,500,21,R5,2.62,1
2023-08-06,STR021,PRD0134,594,285,306,573,R3,1.09,0
2023-03-26,STR016,PRD0110,154,4,8,150,R2,4.25,0
2024-08-04,STR029,PRD0085,136,53,189,0,R2,3.25,1
2023-05-07,STR031,PRD0012,260,58,312,6,R5,1.9,1
2023-07-16,STR015,PRD0069,825,174,356,643,R5,4.74,0
2024-11-24,STR017,PRD0146,927,459,436,950,R2,0.87,0
2024-08-11,STR015,PRD0104,661,2,426,237,R5,1.81,0
2024-07-07,STR042,PRD0005,986,180,98,1068,R3,0.65,0
2024-12-08,STR031,PRD0126,965,21,474,512,R5,3.61,0
2023-10-22,STR046,PRD0091,205,427,499,133,R3,3.65,0
2024-02-25,STR049,PRD0105,259,446,384,321,R3,0.68,0
2024-11-24,STR013,PRD0111,119,373,324,168,R2,4.68,0
2023-03-05,STR026,PRD0108,909,291,278,922,R3,2.27,0
2023-03-12,STR019,PRD0138,810,131,425,516,R3,2.85,0
2024-02-04,STR033,PRD0071,341,88,382,47,R1,3.93,1
2024-06-09,STR010,PRD0115,146,50,134,62,R1,3.08,1
2023-02-26,STR005,PRD0083,580,301,141,740,R1,0.28,0
2023-10-22,STR029,PRD0022,592,166,368,390,R2,0.53,0
2024-06-23,STR006,PRD0023,175,151,202,124,R2,1.61,0
2023-06-11,STR005,PRD0030,533,363,236,660,R1,1.09,0
2024-11-24,STR042,PRD0063,744,159,505,398,R3,4.47,0
2024-08-04,STR049,PRD0111,394,261,13,642,R3,2.42,0
2024-11-10,STR011,PRD0106,839,134,322,651,R4,2.65,0
2024-04-28,STR014,PRD0076,464,11,275,200,R5,2.34,0
2023-01-08,STR023,PRD0088,689,465,291,863,R5,0.47,0
2024-12-08,STR005,PRD0140,461,467,30,898,R1,2.99,0
2024-07-07,STR022,PRD0126,150,483,538,95,R3,1.56,1
2024-02-25,STR024,PRD0062,125,128,94,159,R5,0.2,0
2023-03-12,STR036,PRD0037,360,156,409,107,R3,0.26,0
2024-12-08,STR010,PRD0091,321,461,225,557,R1,2.33,0
2024-07-07,STR011,PRD0010,587,283,196,674,R4,1.13,0
2024-06-02,STR050,PRD0008,143,257,343,57,R2,2.6,1
2024-09-22,STR012,PRD0059,645,309,492,462,R4,3.59,0
2024-10-06,STR008,PRD0082,809,72,591,290,R2,3.58,0
2023-12-31,STR013,PRD0157,508,483,378,613,R2,0.64,0
2024-06-30,STR037,PRD0078,875,80,270,685,R1,0.89,0
2024-05-05,STR016,PRD0064,844,3,36,811,R2,1.58,0
2023-02-05,STR009,PRD0134,524,20,92,452,R5,0.26,0
2024-12-15,STR020,PRD0001,402,115,471,46,R3,4.13,1
2023-10-08,STR039,PRD0043,247,463,482,228,R5,4.15,0
2023-11-19,STR038,PRD0130,172,76,72,176,R3,3.38,0
2023-01-01,STR048,PRD0037,185,311,5,491,R2,1.46,0
2023-08-13,STR041,PRD0008,277,140,88,329,R5,2.06,0
2023-12-03,STR004,PRD0054,932,376,391,917,R4,2.68,0
2023-02-05,STR019,PRD0077,835,278,282,831,R3,0.14,0
2024-12-22,STR014,PRD0035,408,302,99,611,R5,4.61,0
2024-12-29,STR030,PRD0058,329,329,343,315,R5,2.71,0
2024-10-27,STR028,PRD0136,637,383,317,703,R3,4.62,0
2023-10-08,STR022,PRD0059,559,170,515,214,R3,1.75,0
2024-03-10,STR047,PRD0032,115,104,44,175,R2,4.31,0
2024-01-14,STR026,PRD0146,142,120,155,107,R3,4.42,0
2024-05-05,STR040,PRD0087,841,238,555,524,R2,1.89,0
2024-02-04,STR024,PRD0025,883,443,312,1014,R5,0.68,0
2024-05-05,STR032,PRD0018,284,371,193,462,R2,3.54,0
2023-07-02,STR031,PRD0032,146,345,241,250,R5,0.58,0
2024-05-19,STR011,PRD0072,968,5,150,823,R4,4.08,0
2023-02-26,STR045,PRD0155,911,404,65,1250,R4,4.23,0
2024-01-21,STR043,PRD0120,265,460,478,247,R1,0.79,0
2023-07-30,STR029,PRD0107,315,308,260,363,R2,1.08,0
2023-06-18,STR031,PRD0135,678,114,411,381,R5,3.5,0
2024-04-14,STR019,PRD0006,418,230,411,237,R3,0.97,0
2024-02-25,STR022,PRD0061,661,100,32,729,R3,0.37,0
2023-09-24,STR025,PRD0127,972,333,248,1057,R4,4.29,0
2023-03-05,STR044,PRD0095,938,435,578,795,R5,2.23,0
2023-12-24,STR011,PRD0160,569,467,91,945,R4,1.39,0
2024-04-07,STR013,PRD0005,582,266,4,844,R2,2.63,0
2023-10-08,STR007,PRD0063,674,136,181,629,R5,1.37,0
2023-09-24,STR030,PRD0017,254,195,181,268,R5,3.01,0
2023-06-11,STR012,PRD0133,770,257,529,498,R4,0.05,0
2023-12-03,STR036,PRD0050,688,10,547,151,R3,2.01,0
2024-04-21,STR031,PRD0001,386,337,153,570,R5,1.97,0
2023-08-13,STR008,PRD0038,724,356,303,777,R2,0.05,0
2023-10-22,STR029,PRD0032,598,421,210,809,R2,1.81,0
2024-11-10,STR027,PRD0041,528,12,196,344,R1,4.97,0
2024-01-28,STR026,PRD0071,239,273,346,166,R3,2.49,0
2023-01-08,STR018,PRD0140,906,412,132,1186,R5,3.26,0
2024-06-02,STR032,PRD0056,537,83,481,139,R2,4.9,0
2023-05-14,STR038,PRD0072,472,96,414,154,R3,2.28,0
2024-03-10,STR033,PRD0151,839,194,229,804,R1,2.13,0
2024-10-20,STR032,PRD0134,176,487,381,282,R2,2.96,0
2023-05-14,STR045,PRD0124,519,249,244,524,R4,2.55,0
2024-11-17,STR038,PRD0155,525,355,540,340,R3,1.03,0
2024-11-03,STR050,PRD0131,325,324,583,66,R2,3.84,1
2024-01-14,STR009,PRD0149,741,71,486,326,R5,1.86,0
2024-07-21,STR004,PRD0140,113,288,384,17,R4,0.97,1
2024-10-06,STR019,PRD0007,105,214,166,153,R3,1.36,0
2023-07-16,STR049,PRD0106,180,441,198,423,R3,1.84,0
2023-08-27,STR018,PRD0159,806,126,529,403,R5,3.67,0
2023-04-23,STR015,PRD0118,619,124,130,613,R5,4.77,0
2023-06-18,STR014,PRD0067,846,3,427,422,R5,4.86,0
2023-03-12,STR035,PRD0131,675,28,352,351,R5,4.0,0
2024-01-28,STR027,PRD0113,820,107,54,873,R1,2.52,0
2024-05-26,STR023,PRD0017,292,261,311,242,R5,4.68,0
2023-04-30,STR038,PRD0050,111,53,158,6,R3,1.22,1
2024-09-01,STR004,PRD0129,614,363,509,468,R4,4.66,0
2024-01-07,STR042,PRD0004,224,104,211,117,R3,1.86,0
2024-06-30,STR001,PRD0067,282,25,209,98,R2,4.86,1
2023-09-03,STR029,PRD0028,819,285,347,757,R2,0.63,0
2023-03-12,STR002,PRD0079,905,463,484,884,R2,0.58,0
2024-03-10,STR028,PRD0094,673,228,325,576,R3,3.59,0
2023-06-11,STR029,PRD0119,498,159,159,498,R2,4.26,0
2024-03-17,STR029,PRD0108,789,171,392,568,R2,4.67,0
2023-07-30,STR012,PRD0143,607,333,215,725,R4,3.1,0
2024-10-20,STR027,PRD0075,171,398,129,440,R1,1.33,0
2024-05-19,STR044,PRD0051,392,318,598,112,R5,0.5,0
2023-01-01,STR030,PRD0027,484,94,577,1,R5,3.2,1
2024-04-07,STR026,PRD0088,662,396,135,923,R3,3.88,0
2023-07-23,STR002,PRD0083,860,384,523,721,R2,3.39,0
2024-05-26,STR013,PRD0023,311,429,274,466,R2,4.46,0
2023-10-29,STR018,PRD0087,633,282,257,658,R5,3.08,0
2024-12-01,STR012,PRD0012,535,87,239,383,R4,1.63,0
2024-12-22,STR020,PRD0018,897,100,103,894,R3,4.15,0
2024-07-28,STR025,PRD0063,103,458,300,261,R4,2.88,0
2023-01-08,STR034,PRD0158,819,173,509,483,R4,1.47,0
2024-06-09,STR038,PRD0085,174,30,186,18,R3,3.07,1
2024-09-22,STR033,PRD0153,919,337,345,911,R1,3.25,0
2023-02-26,STR020,PRD0141,637,280,523,394,R3,4.09,0
2024-09-15,STR016,PRD0042,437,182,263,356,R2,3.12,0
2023-07-02,STR014,PRD0126,290,242,78,454,R5,4.0,0
2023-07-16,STR028,PRD0054,454,341,288,507,R3,4.29,0
2023-12-03,STR030,PRD0130,203,186,28,361,R5,4.41,0
2024-12-29,STR032,PRD0072,465,224,247,442,R2,1.57,0
2024-07-21,STR031,PRD0037,126,48,137,37,R5,0.88,1
2024-11-24,STR032,PRD0131,884,66,216,734,R2,2.18,0
2023-02-12,STR048,PRD0041,666,450,556,560,R2,0.88,0
2024-04-21,STR037,PRD0106,857,224,203,878,R1,2.19,0
2023-01-08,STR039,PRD0068,366,141,221,286,R5,4.2,0
2024-05-19,STR032,PRD0131,291,440,476,255,R2,1.51,0
2023-11-26,STR031,PRD0125,941,345,147,1139,R5,3.9,0
2023-08-20,STR049,PRD0023,559,60,441,178,R3,0.24,0
2023-11-26,STR017,PRD0143,244,96,1,339,R2,4.47,0
2024-10-13,STR039,PRD0036,997,342,435,904,R5,0.61,0
2023-05-07,STR048,PRD0144,345,442,450,337,R2,4.63,0
2024-10-20,STR010,PRD0037,523,414,548,389,R1,4.79,0
2023-06-25,STR043,PRD0013,531,379,469,441,R1,2.32,0
2023-02-19,STR004,PRD0004,125,375,185,315,R4,1.72,0
2024-09-08,STR037,PRD0069,913,484,322,1075,R1,2.48,0
2023-09-24,STR015,PRD0029,875,218,29,1064,R5,0.76,0
2024-03-31,STR028,PRD0140,872,56,23,905,R3,0.74,0
2024-02-11,STR002,PRD0124,524,139,417,246,R2,2.91,0
2023-05-28,STR030,PRD0036,824,125,226,723,R5,4.31,0
2024-09-08,STR004,PRD0016,245,38,53,230,R4,2.48,0
2023-07-23,STR030,PRD0101,249,366,245,370,R5,4.21,0
2024-02-25,STR002,PRD0013,473,232,81,624,R2,1.7,0
2024-01-21,STR023,PRD0021,733,225,123,835,R5,4.83,0
2023-04-16,STR043,PRD0040,938,429,456,911,R1,0.72,0
2024-03-03,STR002,PRD0051,261,490,297,454,R2,2.44,0
2024-07-07,STR033,PRD0059,879,323,161,1041,R1,0.12,0
2023-11-12,STR004,PRD0044,631,159,445,345,R4,1.56,0
2024-03-24,STR042,PRD0012,365,134,62,437,R3,2.76,0
2023-01-08,STR029,PRD0002,692,319,68,943,R2,2.65,0
2023-04-09,STR048,PRD0083,277,238,116,399,R2,3.16,0
2023-05-14,STR014,PRD0039,993,346,443,896,R5,3.51,0
2023-06-11,STR008,PRD0045,296,296,268,324,R2,3.94,0
2023-06-04,STR047,PRD0032,561,406,32,935,R2,0.9,0
2023-01-22,STR038,PRD0037,157,457,598,16,R3,0.2,1
2023-06-11,STR035,PRD0099,202,324,201,325,R5,4.37,0
2024-08-18,STR028,PRD0117,244,126,49,321,R3,1.71,0
2023-11-19,STR028,PRD0069,640,297,533,404,R3,1.36,0
2024-09-15,STR017,PRD0125,545,260,146,659,R2,3.11,0
2024-06-16,STR032,PRD0108,734,333,34,1033,R2,0.54,0
2024-02-18,STR040,PRD0062,471,4,108,367,R2,1.2,0
2024-10-06,STR049,PRD0146,506,202,116,592,R3,3.69,0
2024-11-10,STR049,PRD0099,151,119,83,187,R3,3.33,0
2023-01-15,STR007,PRD0114,986,125,121,990,R5,3.76,0
2023-06-11,STR040,PRD0105,449,393,318,524,R2,2.18,0
2024-12-22,STR046,PRD0119,548,339,208,679,R3,4.46,0
2023-09-10,STR043,PRD0034,341,384,372,353,R1,1.95,0
2024-06-02,STR020,PRD0154,975,436,251,1160,R3,0.21,0
2023-05-07,STR046,PRD0155,757,170,176,751,R3,4.72,0
2023-08-06,STR034,PRD0155,756,15,181,590,R4,3.27,0
2024-10-06,STR050,PRD0076,751,384,535,600,R2,4.07,0
2023-10-08,STR035,PRD0100,998,288,555,731,R5,0.55,0
2023-04-23,STR003,PRD0005,220,291,201,310,R3,0.45,0
2023-11-26,STR040,PRD0137,368,43,174,237,R2,4.69,0
2023-12-24,STR020,PRD0103,835,262,445,652,R3,4.47,0
2024-11-03,STR017,PRD0058,706,1,128,579,R2,4.78,0
2023-03-26,STR036,PRD0136,927,363,420,870,R3,3.67,0
2024-01-21,STR015,PRD0042,596,85,288,393,R5,0.17,0
2024-11-24,STR041,PRD0029,359,439,157,641,R5,3.64,0
2023-05-28,STR039,PRD0030,108,274,268,114,R5,3.35,0
2024-02-18,STR015,PRD0043,678,383,234,827,R5,1.71,0
2024-07-21,STR044,PRD0137,547,485,336,696,R5,2.99,0
2023-09-03,STR036,PRD0149,340,127,278,189,R3,3.13,0
2024-07-21,STR036,PRD0105,321,166,414,73,R3,2.52,1
2023-03-19,STR004,PRD0033,388,100,264,224,R4,4.47,0
2024-02-11,STR020,PRD0072,309,416,41,684,R3,1.87,0
2024-04-07,STR006,PRD0103,958,399,381,976,R2,1.9,0
2024-08-25,STR039,PRD0057,677,30,56,651,R5,4.14,0
2024-01-21,STR009,PRD0136,510,117,26,601,R5,2.8,0
2024-09-15,STR028,PRD0133,305,106,79,332,R3,1.35,0
2023-12-24,STR009,PRD0095,242,305,541,6,R5,3.8,1
2024-05-05,STR050,PRD0128,874,172,441,605,R2,2.12,0
2024-03-17,STR019,PRD0102,732,69,530,271,R3,1.21,0
2023-03-12,STR028,PRD0139,268,74,153,189,R3,3.35,0
2023-08-13,STR043,PRD0108,713,471,244,940,R1,4.96,0
2024-09-01,STR031,PRD0091,499,198,218,479,R5,0.42,0
2023-07-02,STR046,PRD0079,793,97,164,726,R3,4.44,0
2023-11-05,STR005,PRD0133,125,207,111,221,R1,4.85,0
2024-04-21,STR046,PRD0073,188,121,65,244,R3,1.34,0
2024-12-08,STR042,PRD0023,413,77,230,260,R3,3.31,0
2023-05-28,STR045,PRD0005,569,175,552,192,R4,0.87,0
2023-01-08,STR042,PRD0091,173,438,492,119,R3,2.37,0
2023-01-29,STR011,PRD0023,427,313,107,633,R4,2.61,0
2024-08-11,STR050,PRD0145,864,484,552,796,R2,0.65,0
2024-11-10,STR025,PRD0134,701,22,125,598,R4,1.93,0
2023-02-12,STR025,PRD0006,339,458,347,450,R4,1.93,0
2023-12-10,STR020,PRD0084,180,444,482,142,R3,0.57,0
2023-10-15,STR035,PRD0153,104,305,68,341,R5,3.77,0
2023-11-26,STR005,PRD0032,537,99,109,527,R1,2.91,0
2024-03-24,STR005,PRD0048,719,409,517,611,R1,1.71,0
2024-07-07,STR014,PRD0089,425,189,168,446,R5,1.15,0
2023-07-16,STR027,PRD0120,463,386,80,769,R1,4.21,0
2024-06-02,STR005,PRD0128,175,346,368,153,R1,0.55,0
2024-10-06,STR019,PRD0113,256,65,272,49,R3,4.75,1
2023-05-07,STR043,PRD0009,652,84,298,438,R1,4.23,0
2024-12-29,STR007,PRD0151,239,153,199,193,R5,1.63,0
2024-06-30,STR017,PRD0132,314,21,299,36,R2,0.47,1
2024-09-08,STR022,PRD0122,437,33,87,383,R3,3.89,0
2023-01-29,STR012,PRD0017,904,407,598,713,R4,4.94,0
2024-05-26,STR041,PRD0092,610,487,203,894,R5,3.28,0
2024-11-10,STR046,PRD0055,673,469,586,556,R3,2.0,0
2024-01-14,STR029,PRD0104,392,172,223,341,R2,4.76,0
2023-03-05,STR042,PRD0107,841,255,440,656,R3,3.59,0
2023-06-25,STR027,PRD0121,381,390,377,394,R1,0.58,0
2024-10-20,STR041,PRD0153,380,213,344,249,R5,4.27,0
2024-01-21,STR019,PRD0153,907,122,226,803,R3,1.07,0
2024-07-21,STR011,PRD0120,414,190,229,375,R4,3.47,0
2023-05-28,STR047,PRD0040,488,64,107,445,R2,0.76,0
2024-11-24,STR006,PRD0157,154,39,16,177,R2,0.27,0
2023-12-17,STR042,PRD0146,816,355,292,879,R3,4.84,0
2023-08-27,STR029,PRD0126,452,258,181,529,R2,1.16,0
2024-03-24,STR034,PRD0112,274,63,316,21,R4,5.0,1
2023-12-10,STR007,PRD0124,441,167,184,424,R5,3.63,0
2023-01-01,STR035,PRD0102,790,44,377,457,R5,3.05,0
2023-07-16,STR027,PRD0088,150,16,127,39,R1,4.62,1
2023-12-17,STR020,PRD0118,831,45,378,498,R3,0.76,0
2023-12-31,STR015,PRD0021,778,192,203,767,R5,4.73,0
2023-03-12,STR031,PRD0077,791,216,342,665,R5,2.6,0
2024-03-31,STR050,PRD0059,232,398,597,33,R2,1.24,1
2024-12-15,STR044,PRD0087,246,388,311,323,R5,0.05,0
2023-08-27,STR009,PRD0106,174,473,221,426,R5,1.12,0
2023-08-27,STR008,PRD0106,319,333,267,385,R2,0.38,0
2024-06-30,STR026,PRD0018,346,3,274,75,R3,1.39,1
2024-06-30,STR004,PRD0118,980,147,568,559,R4,2.28,0
2024-04-21,STR040,PRD0077,735,145,583,297,R2,0.9,0
2023-03-26,STR014,PRD0156,277,309,484,102,R5,1.11,0
2024-12-15,STR009,PRD0068,775,425,97,1103,R5,2.14,0
2024-09-01,STR032,PRD0102,538,382,247,673,R2,0.68,0
2023-02-12,STR023,PRD0108,644,465,410,699,R5,1.65,0
2023-06-18,STR005,PRD0130,285,289,154,420,R1,0.52,0
2024-01-21,STR023,PRD0132,945,99,193,851,R5,4.63,0
2024-12-15,STR045,PRD0128,819,164,240,743,R4,0.05,0
2023-05-21,STR013,PRD0127,358,499,565,292,R2,3.22,0
2023-07-30,STR048,PRD0072,175,213,335,53,R2,3.64,1
2024-09-01,STR044,PRD0058,300,254,24,530,R5,4.74,0
2023-12-17,STR001,PRD0111,125,74,68,131,R2,3.45,0
2023-11-12,STR040,PRD0146,597,201,263,535,R2,0.58,0
2024-03-10,STR016,PRD0086,261,444,439,266,R2,0.32,0
2023-06-25,STR009,PRD0096,582,95,421,256,R5,0.21,0
2023-09-17,STR010,PRD0065,508,247,165,590,R1,3.59,0
2024-12-08,STR030,PRD0065,702,392,138,956,R5,2.97,0
2024-06-23,STR036,PRD0128,985,443,155,1273,R3,3.16,0
2023-08-20,STR035,PRD0090,341,234,505,70,R5,3.21,1
2024-02-18,STR047,PRD0114,314,14,310,18,R2,2.19,1
2024-11-17,STR033,PRD0041,877,398,384,891,R1,0.32,0
2023-04-30,STR003,PRD0072,424,67,304,187,R3,1.75,0
2023-05-21,STR026,PRD0017,422,481,593,310,R3,2.28,0
2024-10-27,STR045,PRD0025,972,47,567,452,R4,3.47,0
2024-02-11,STR021,PRD0089,961,430,595,796,R3,0.66,0
2023-09-24,STR046,PRD0148,459,36,217,278,R3,4.79,0
2024-02-18,STR008,PRD0146,965,190,3,1152,R2,0.64,0
2024-01-28,STR045,PRD0047,478,482,447,513,R4,3.62,0
2023-12-24,STR020,PRD0097,448,142,587,3,R3,2.18,1
2023-08-13,STR033,PRD0053,987,447,170,1264,R1,2.17,0
2023-01-08,STR034,PRD0013,568,281,130,719,R4,2.12,0
2024-08-11,STR012,PRD0111,755,480,169,1066,R4,1.64,0
2024-09-29,STR041,PRD0043,232,369,91,510,R5,2.18,0
2024-11-03,STR028,PRD0072,857,5,330,532,R3,4.25,0
2023-03-26,STR047,PRD0086,811,439,223,1027,R2,2.65,0
2023-09-03,STR037,PRD0003,196,352,266,282,R1,3.4,0
2023-12-17,STR039,PRD0116,185,98,262,21,R5,3.43,1
2024-02-25,STR032,PRD0122,646,457,19,1084,R2,3.56,0
2023-10-15,STR045,PRD0074,460,84,494,50,R4,4.41,1
2023-06-18,STR046,PRD0086,540,404,311,633,R3,3.43,0
2023-07-09,STR013,PRD0147,927,105,570,462,R2,3.47,0
2024-09-15,STR041,PRD0064,788,342,62,1068,R5,0.99,0
2023-01-15,STR034,PRD0061,933,256,324,865,R4,0.96,0
2024-11-10,STR004,PRD0025,829,243,104,968,R4,3.01,0
2023-11-05,STR029,PRD0104,297,318,370,245,R2,2.05,0
2023-05-28,STR024,PRD0082,993,319,565,747,R5,0.64,0
2024-04-07,STR040,PRD0127,416,241,80,577,R2,1.37,0
2023-09-17,STR020,PRD0142,459,14,27,446,R3,3.4,0
2023-10-08,STR045,PRD0072,815,97,183,729,R4,3.55,0
2023-06-25,STR030,PRD0023,631,203,21,813,R5,1.32,0
2024-08-04,STR014,PRD0050,846,350,276,920,R5,3.89,0
2024-12-15,STR020,PRD0089,282,220,492,10,R3,3.07,1
2023-10-08,STR009,PRD0049,752,117,333,536,R5,3.6,0
2024-12-08,STR048,PRD0056,663,170,483,350,R2,4.17,0
2023-07-23,STR026,PRD0080,432,212,47,597,R3,0.65,0
2024-10-20,STR011,PRD0068,331,245,367,209,R4,2.26,0
2023-02-19,STR038,PRD0010,204,313,98,419,R3,1.32,0
2024-05-19,STR047,PRD0149,919,367,579,707,R2,4.87,0
2023-06-18,STR037,PRD0070,683,404,325,762,R1,0.34,0
2024-03-10,STR017,PRD0093,318,93,225,186,R2,0.8,0
2024-04-14,STR030,PRD0038,153,170,219,104,R5,3.06,0
2023-10-15,STR040,PRD0015,1000,478,594,884,R2,3.92,0
2024-02-18,STR028,PRD0080,447,407,534,320,R3,2.38,0
2024-07-21,STR018,PRD0019,681,461,219,923,R5,0.12,0
2023-02-12,STR034,PRD0076,351,423,272,502,R4,3.74,0
2024-09-15,STR036,PRD0128,938,24,112,850,R3,5.0,0
2023-04-16,STR005,PRD0010,965,486,492,959,R1,1.85,0
2024-11-10,STR027,PRD0053,996,381,480,897,R1,4.52,0
2023-12-03,STR001,PRD0083,558,226,407,377,R2,0.5,0
2023-06-11,STR035,PRD0018,602,234,576,260,R5,0.77,0
2023-08-13,STR001,PRD0097,707,231,249,689,R2,1.79,0
2023-06-25,STR007,PRD0007,740,178,589,329,R5,1.85,0
2024-07-28,STR023,PRD0039,727,104,107,724,R5,4.12,0
2024-07-07,STR003,PRD0009,767,46,375,438,R3,0.94,0
2024-10-13,STR031,PRD0015,631,324,338,617,R5,4.51,0
2023-07-30,STR048,PRD0092,420,447,45,822,R2,1.11,0
2024-10-06,STR032,PRD0032,543,385,102,826,R2,0.03,0
2023-04-23,STR013,PRD0105,131,257,359,29,R2,2.71,1
2024-12-15,STR025,PRD0159,126,205,263,68,R4,1.58,1
2023-08-20,STR029,PRD0080,536,160,436,260,R2,2.97,0
2024-12-22,STR012,PRD0066,632,280,399,513,R4,2.94,0
2024-06-09,STR004,PRD0104,336,204,311,229,R4,1.32,0
2024-09-15,STR028,PRD0055,349,187,437,99,R3,0.45,1
2023-04-23,STR024,PRD0030,469,349,531,287,R5,3.05,0
2023-01-08,STR016,PRD0056,460,316,471,305,R2,3.72,0
2023-08-27,STR034,PRD0081,551,246,530,267,R4,2.24,0
2024-06-23,STR037,PRD0151,622,378,98,902,R1,2.92,0
2024-07-21,STR001,PRD0019,573,385,276,682,R2,4.1,0
2024-12-08,STR002,PRD0029,973,222,486,709,R2,2.36,0
2024-12-29,STR049,PRD0117,119,81,81,119,R3,0.15,0
2023-12-17,STR021,PRD0045,350,73,344,79,R3,0.16,1
2024-01-21,STR036,PRD0042,278,480,5,753,R3,0.24,0
2024-01-21,STR005,PRD0065,902,339,4,1237,R1,4.94,0
2023-01-15,STR035,PRD0117,571,220,361,430,R5,3.34,0
2024-06-02,STR008,PRD0011,403,165,313,255,R2,0.9,0
2024-08-04,STR010,PRD0121,678,174,503,349,R1,4.93,0
2024-12-29,STR009,PRD0024,859,355,404,810,R5,0.13,0
2023-07-16,STR029,PRD0082,524,364,503,385,R2,2.62,0
2023-04-30,STR041,PRD0122,724,96,95,725,R5,3.88,0
2024-01-07,STR031,PRD0138,808,89,498,399,R5,3.01,0
2024-08-04,STR012,PRD0127,341,454,277,518,R4,3.59,0
2024-12-29,STR039,PRD0073,315,201,79,437,R5,3.94,0
2023-07-30,STR003,PRD0038,528,223,406,345,R3,3.65,0
2023-12-31,STR016,PRD0031,750,273,487,536,R2,3.78,0
2024-11-24,STR013,PRD0104,500,188,334,354,R2,0.24,0
2023-10-22,STR038,PRD0083,784,304,584,504,R3,4.68,0
2024-10-13,STR036,PRD0081,985,434,42,1377,R3,2.14,0
2024-12-08,STR045,PRD0091,442,408,115,735,R4,0.77,0
2023-01-15,STR020,PRD0114,141,241,44,338,R3,2.29,0
2024-07-28,STR046,PRD0036,882,169,500,551,R3,3.75,0
2023-04-23,STR044,PRD0043,670,278,27,921,R5,3.26,0
2023-05-07,STR047,PRD0035,228,57,237,48,R2,4.82,1
2023-06-11,STR034,PRD0020,828,232,445,615,R4,1.4,0
2023-10-15,STR005,PRD0135,895,245,91,1049,R1,0.82,0
2024-10-13,STR042,PRD0064,979,456,286,1149,R3,4.66,0
2024-07-07,STR003,PRD0037,655,294,429,520,R3,1.46,0
2024-03-03,STR019,PRD0036,494,464,369,589,R3,1.75,0
2023-09-24,STR012,PRD0026,855,74,173,756,R4,3.83,0
2024-06-30,STR041,PRD0028,421,456,123,754,R5,2.33,0
2023-03-19,STR011,PRD0123,628,450,42,1036,R4,1.58,0
2023-11-12,STR032,PRD0113,496,171,580,87,R2,0.59,1
2023-08-27,STR020,PRD0030,636,305,137,804,R3,2.3,0
2024-12-29,STR021,PRD0141,836,213,314,735,R3,0.61,0
2023-10-29,STR025,PRD0148,321,493,284,530,R4,3.41,0
2024-08-11,STR030,PRD0069,823,119,166,776,R5,4.33,0
2023-08-06,STR045,PRD0144,637,115,531,221,R4,4.69,0
2023-10-22,STR042,PRD0054,956,271,514,713,R3,1.31,0
2023-03-05,STR037,PRD0063,703,123,316,510,R1,4.05,0
2023-06-25,STR025,PRD0135,387,442,286,543,R4,3.4,0
2024-02-04,STR018,PRD0054,986,80,415,651,R5,3.26,0
2024-09-08,STR031,PRD0009,921,447,143,1225,R5,0.03,0
2023-06-04,STR012,PRD0101,185,245,113,317,R4,1.35,0
2024-12-29,STR012,PRD0021,832,326,501,657,R4,0.38,0
2023-02-05,STR024,PRD0077,162,173,242,93,R5,3.87,1
2024-02-04,STR045,PRD0041,983,432,36,1379,R4,3.0,0
2023-05-28,STR017,PRD0159,913,129,29,1013,R2,1.01,0
2024-03-10,STR044,PRD0122,471,76,331,216,R5,1.47,0
2023-05-28,STR015,PRD0054,440,168,257,351,R5,1.72,0
2024-01-28,STR015,PRD0135,612,454,84,982,R5,3.85,0
2023-04-16,STR042,PRD0040,114,304,354,64,R3,2.65,1
2023-09-24,STR019,PRD0115,103,386,34,455,R3,4.49,0
2024-03-03,STR007,PRD0087,695,496,560,631,R5,3.79,0
2024-02-04,STR040,PRD0160,936,373,247,1062,R2,2.15,0
2023-01-08,STR023,PRD0092,953,138,12,1079,R5,4.99,0
2023-11-05,STR028,PRD0066,679,455,597,537,R3,3.18,0
2024-02-11,STR044,PRD0138,773,135,419,489,R5,4.91,0
2024-01-21,STR033,PRD0109,448,77,175,350,R1,0.41,0
2024-12-15,STR041,PRD0121,720,16,12,724,R5,3.42,0
2024-01-28,STR006,PRD0001,313,442,91,664,R2,0.99,0
2024-02-11,STR046,PRD0042,214,424,10,628,R3,2.02,0
2023-03-12,STR012,PRD0127,877,47,597,327,R4,3.43,0
2023-03-19,STR006,PRD0039,793,47,500,340,R2,3.53,0
2024-05-19,STR027,PRD0077,826,405,394,837,R1,2.09,0
2024-09-08,STR023,PRD0104,850,265,278,837,R5,4.16,0
2024-12-08,STR010,PRD0154,519,205,497,227,R1,1.03,0
2024-06-16,STR012,PRD0029,756,443,507,692,R4,3.06,0
2024-04-14,STR032,PRD0042,462,95,109,448,R2,1.07,0
2024-09-08,STR007,PRD0037,348,364,380,332,R5,0.38,0
2024-01-07,STR012,PRD0075,988,68,167,889,R4,4.64,0
2023-03-05,STR032,PRD0117,391,95,372,114,R2,0.24,0
2023-05-14,STR031,PRD0058,455,79,76,458,R5,4.17,0
2024-10-20,STR016,PRD0042,886,224,599,511,R2,1.9,0
2023-09-24,STR001,PRD0104,849,241,259,831,R2,3.48,0
2024-11-03,STR047,PRD0080,600,489,2,1087,R2,4.73,0
2024-10-06,STR011,PRD0113,893,6,464,435,R4,3.15,0
2024-01-21,STR025,PRD0078,757,11,129,639,R4,1.33,0
2023-10-01,STR045,PRD0026,867,60,322,605,R4,4.03,0
2023-05-14,STR032,PRD0089,415,470,423,462,R2,0.19,0
2024-09-22,STR043,PRD0041,650,265,504,411,R1,1.24,0
2024-06-02,STR010,PRD0153,954,245,63,1136,R1,1.53,0
2024-06-30,STR022,PRD0057,654,31,549,136,R3,3.36,0
2024-01-21,STR040,PRD0075,129,52,164,17,R2,3.39,1
2024-12-22,STR016,PRD0127,722,325,55,992,R2,2.55,0
2023-11-19,STR003,PRD0047,669,121,277,513,R3,3.72,0
2024-06-30,STR012,PRD0020,903,464,356,1011,R4,3.94,0
2023-07-02,STR017,PRD0152,502,110,39,573,R2,0.02,0
2024-08-04,STR034,PRD0030,818,414,285,947,R4,0.21,0
2023-06-25,STR037,PRD0060,719,28,16,731,R1,3.22,0
2023-07-09,STR049,PRD0059,487,439,552,374,R3,2.23,0
2023-12-17,STR050,PRD0005,163,409,436,136,R2,0.26,0
2024-07-28,STR047,PRD0150,606,253,484,375,R2,2.1,0
2024-12-01,STR033,PRD0091,227,20,136,111,R1,4.08,0
2023-11-05,STR048,PRD0067,303,248,100,451,R2,2.55,0
2024-10-27,STR026,PRD0143,562,470,256,776,R3,3.85,0
2024-08-25,STR003,PRD0049,454,197,60,591,R3,1.73,0
2023-11-19,STR001,PRD0001,277,137,123,291,R2,1.71,0
2023-01-29,STR019,PRD0125,928,125,230,823,R3,1.5,0
2023-09-10,STR038,PRD0133,463,93,454,102,R3,1.74,0
2024-01-21,STR031,PRD0046,591,79,79,591,R5,4.28,0
2024-08-11,STR026,PRD0080,280,145,379,46,R3,3.67,1
2024-11-24,STR026,PRD0004,903,420,511,812,R3,3.46,0
2024-11-03,STR007,PRD0032,633,203,303,533,R5,4.29,0
2024-03-03,STR044,PRD0079,308,424,48,684,R5,2.25,0
2024-03-10,STR002,PRD0077,147,8,108,47,R2,1.12,1
2024-06-30,STR024,PRD0117,254,126,341,39,R5,1.35,1
2024-09-22,STR033,PRD0106,1000,358,548,810,R1,1.01,0
2023-09-24,STR037,PRD0097,970,350,70,1250,R1,4.03,0
2023-05-28,STR017,PRD0092,615,52,190,477,R2,1.58,0
2024-05-19,STR040,PRD0141,830,66,11,885,R2,0.67,0
2024-01-21,STR016,PRD0019,886,459,583,762,R2,2.69,0
2023-06-11,STR045,PRD0102,811,125,185,751,R4,4.8,0
2024-07-28,STR047,PRD0085,288,262,88,462,R2,4.04,0
2023-05-14,STR035,PRD0063,879,233,521,591,R5,2.53,0
2023-09-17,STR004,PRD0140,567,346,188,725,R4,3.86,0
2024-07-07,STR004,PRD0037,233,220,222,231,R4,4.91,0
2023-02-19,STR010,PRD0066,863,117,302,678,R1,2.36,0
2024-10-27,STR025,PRD0130,318,385,451,252,R4,4.24,0
2023-06-11,STR011,PRD0130,389,87,175,301,R4,0.36,0
2023-04-23,STR047,PRD0083,192,149,167,174,R2,4.04,0
2024-06-30,STR050,PRD0057,365,128,8,485,R2,4.09,0
2024-08-25,STR049,PRD0141,392,286,216,462,R3,4.7,0
2023-08-13,STR013,PRD0124,990,3,187,806,R2,1.06,0
2024-01-14,STR001,PRD0042,153,390,3,540,R2,1.06,0
2024-02-25,STR013,PRD0110,663,310,405,568,R2,3.41,0
2024-05-26,STR021,PRD0069,927,294,555,666,R3,3.46,0
2024-10-13,STR033,PRD0104,995,127,239,883,R1,4.99,0
2023-03-12,STR002,PRD0089,228,9,145,92,R2,4.11,1
2024-12-22,STR039,PRD0031,933,380,53,1260,R5,2.29,0
2023-12-31,STR043,PRD0081,295,426,282,439,R1,0.99,0
2024-02-18,STR041,PRD0103,682,212,170,724,R5,3.09,0
2024-09-29,STR040,PRD0010,155,103,191,67,R2,4.07,1
2024-02-18,STR029,PRD0041,941,451,582,810,R2,3.35,0
2024-10-27,STR028,PRD0018,250,353,278,325,R3,0.36,0
2023-12-10,STR028,PRD0024,244,364,149,459,R3,0.49,0
2023-12-31,STR050,PRD0143,519,323,105,737,R2,2.46,0
2023-04-09,STR031,PRD0049,268,169,221,216,R5,2.73,0
2024-06-30,STR045,PRD0074,769,408,511,666,R4,3.34,0
2024-04-28,STR023,PRD0119,628,175,455,348,R5,0.95,0
2023-06-25,STR005,PRD0077,694,432,440,686,R1,3.57,0
2024-12-29,STR028,PRD0022,876,494,505,865,R3,0.94,0
2024-05-26,STR043,PRD0049,177,90,230,37,R1,4.3,1
2023-08-20,STR012,PRD0095,911,82,488,505,R4,1.3,0
2024-05-05,STR024,PRD0115,962,310,472,800,R5,2.62,0
2024-10-13,STR038,PRD0075,251,173,51,373,R3,1.57,0
2024-09-08,STR043,PRD0020,841,242,312,771,R1,1.57,0
2023-02-12,STR008,PRD0104,592,259,498,353,R2,3.44,0
2024-09-08,STR042,PRD0120,416,261,384,293,R3,1.55,0
2023-08-20,STR036,PRD0020,228,33,261,0,R3,1.74,1
2023-02-26,STR018,PRD0018,436,239,494,181,R5,0.05,0
2023-12-17,STR018,PRD0070,950,22,549,423,R5,0.31,0
2024-02-11,STR027,PRD0045,176,490,221,445,R1,3.0,0
2023-05-21,STR002,PRD0119,903,419,523,799,R2,1.33,0
2024-07-21,STR012,PRD0042,181,41,204,18,R4,1.01,1
2023-10-22,STR024,PRD0030,416,28,186,258,R5,4.96,0
2024-12-22,STR005,PRD0135,586,157,280,463,R1,0.81,0
2024-06-23,STR018,PRD0078,269,496,155,610,R5,3.15,0
2024-11-03,STR036,PRD0139,444,317,192,569,R3,2.71,0
2024-01-07,STR003,PRD0133,869,329,9,1189,R3,4.32,0
2023-07-30,STR042,PRD0098,219,437,93,563,R3,0.53,0
2023-05-14,STR039,PRD0141,625,265,415,475,R5,1.87,0
2024-09-29,STR048,PRD0134,908,332,508,732,R2,0.46,0
2023-02-26,STR050,PRD0016,266,369,583,52,R2,4.77,1
2023-04-02,STR002,PRD0084,343,72,362,53,R2,4.8,1
2024-02-04,STR037,PRD0119,584,340,57,867,R1,0.51,0
2023-09-10,STR044,PRD0150,268,470,341,397,R5,1.27,0
2023-08-27,STR015,PRD0128,909,444,35,1318,R5,3.57,0
2024-12-22,STR039,PRD0087,678,170,549,299,R5,3.94,0
2023-10-29,STR008,PRD0079,636,142,137,641,R2,0.49,0
2023-02-19,STR037,PRD0002,690,356,4,1042,R1,1.71,0
2024-10-27,STR020,PRD0085,343,267,474,136,R3,0.53,0
2023-04-02,STR022,PRD0117,942,352,340,954,R3,3.77,0
2023-04-23,STR005,PRD0028,772,412,175,1009,R1,3.17,0
2023-06-11,STR049,PRD0026,559,149,190,518,R3,3.18,0
2024-08-25,STR001,PRD0139,944,407,92,1259,R2,4.46,0
2024-07-07,STR045,PRD0097,288,447,7,728,R4,0.01,0
2024-09-22,STR023,PRD0124,464,47,432,79,R5,2.18,1
2023-07-02,STR045,PRD0085,300,278,200,378,R4,3.93,0
2023-01-15,STR017,PRD0080,804,70,392,482,R2,4.61,0
2024-03-03,STR023,PRD0151,411,109,510,10,R5,1.44,1
2024-02-11,STR038,PRD0099,429,58,422,65,R3,0.12,1
2024-12-22,STR044,PRD0092,745,158,311,592,R5,1.8,0
2023-07-16,STR032,PRD0096,377,297,308,366,R2,3.65,0
2024-07-21,STR016,PRD0101,480,33,477,36,R2,2.92,1
2023-10-08,STR006,PRD0060,118,122,55,185,R2,3.92,0
2023-11-12,STR034,PRD0024,727,3,136,594,R4,3.55,0
2023-10-15,STR031,PRD0102,457,413,163,707,R5,3.1,0
2023-03-12,STR008,PRD0068,269,395,485,179,R2,2.28,0
2024-05-19,STR028,PRD0019,179,434,453,160,R3,2.44,0
2024-02-04,STR020,PRD0029,160,206,146,220,R3,4.94,0
2023-03-05,STR004,PRD0074,270,25,124,171,R4,4.05,0
2023-01-15,STR010,PRD0069,223,205,310,118,R1,4.72,0
2023-06-25,STR025,PRD0031,188,455,587,56,R4,2.45,1
2023-02-19,STR041,PRD0043,968,197,133,1032,R5,0.7,0
2024-11-17,STR032,PRD0096,740,377,216,901,R2,2.3,0
2023-02-12,STR033,PRD0128,911,87,586,412,R1,2.39,0
2023-05-21,STR035,PRD0079,828,437,466,799,R5,4.33,0
2023-07-23,STR045,PRD0057,177,485,11,651,R4,0.43,0
2024-07-28,STR042,PRD0096,632,419,222,829,R3,1.01,0
2024-12-22,STR047,PRD0158,164,7,48,123,R2,1.32,0
2023-10-29,STR021,PRD0009,541,13,490,64,R3,3.35,1
2024-05-26,STR030,PRD0084,193,314,375,132,R5,3.81,0
2024-08-04,STR037,PRD0154,329,36,48,317,R1,4.09,0
2023-07-02,STR044,PRD0007,516,16,48,484,R5,1.39,0
2023-01-22,STR010,PRD0064,632,62,462,232,R1,4.3,0
2023-01-15,STR022,PRD0038,985,173,539,619,R3,0.77,0
2023-02-12,STR042,PRD0121,546,39,334,251,R3,1.87,0
2024-04-21,STR037,PRD0109,210,182,116,276,R1,3.12,0
2024-08-11,STR042,PRD0007,579,68,376,271,R3,0.03,0
2023-04-23,STR029,PRD0124,438,236,559,115,R2,4.55,0
2023-10-29,STR046,PRD0119,544,3,133,414,R3,4.41,0
2023-06-25,STR042,PRD0096,600,214,429,385,R3,2.92,0
2024-11-03,STR024,PRD0159,698,46,332,412,R5,3.77,0
2024-07-21,STR043,PRD0123,151,121,82,190,R1,3.68,0
2024-07-07,STR008,PRD0028,158,262,93,327,R2,2.98,0
2023-05-14,STR007,PRD0069,808,476,390,894,R5,2.23,0
2023-01-01,STR027,PRD0021,103,500,182,421,R1,4.56,0
2024-10-20,STR004,PRD0031,221,306,276,251,R4,4.41,0
2024-12-29,STR035,PRD0076,177,162,106,233,R5,3.31,0
2023-06-18,STR040,PRD0022,165,30,11,184,R2,0.88,0
2023-01-08,STR023,PRD0147,758,111,303,566,R5,1.35,0
2024-09-01,STR027,PRD0093,528,153,237,444,R1,2.73,0
2023-08-20,STR047,PRD0077,287,316,292,311,R2,2.13,0
2023-04-09,STR038,PRD0070,251,17,178,90,R3,2.08,1
2023-09-10,STR004,PRD0122,345,222,437,130,R4,1.31,0
2024-01-14,STR020,PRD0032,926,306,232,1000,R3,3.33,0
2024-09-01,STR004,PRD0130,684,248,67,865,R4,2.72,0
2024-08-18,STR050,PRD0055,892,148,334,706,R2,1.44,0
2024-05-19,STR004,PRD0072,651,208,289,570,R4,3.07,0
2023-07-30,STR002,PRD0030,707,129,82,754,R2,2.52,0
2024-10-27,STR039,PRD0082,312,448,370,390,R5,4.89,0
2023-01-01,STR007,PRD0074,159,372,436,95,R5,2.89,1
2024-03-31,STR041,PRD0083,306,245,474,77,R5,0.75,1
2023-12-24,STR045,PRD0014,408,104,171,341,R4,1.09,0
2023-07-30,STR023,PRD0048,437,219,513,143,R5,1.83,0
2023-03-19,STR021,PRD0056,336,447,406,377,R3,0.48,0
2024-11-24,STR004,PRD0142,299,201,376,124,R4,3.57,0
2023-01-01,STR047,PRD0018,557,262,123,696,R2,4.99,0
2024-12-29,STR017,PRD0003,506,454,108,852,R2,3.37,0
2024-02-18,STR038,PRD0063,510,480,475,515,R3,4.29,0
2024-10-06,STR017,PRD0134,830,469,566,733,R2,1.02,0
2023-11-12,STR014,PRD0070,657,235,239,653,R5,0.48,0
2023-08-27,STR049,PRD0152,576,111,325,362,R3,3.12,0
2024-09-15,STR015,PRD0054,741,372,471,642,R5,1.92,0
2024-12-01,STR040,PRD0073,559,150,526,183,R2,0.74,0
2024-10-06,STR003,PRD0157,313,331,169,475,R3,3.27,0
2024-04-21,STR025,PRD0114,852,239,537,554,R4,4.89,0
2024-05-19,STR048,PRD0107,582,444,360,666,R2,0.05,0
2023-06-04,STR037,PRD0004,742,73,293,522,R1,4.7,0
2024-06-09,STR014,PRD0156,868,432,112,1188,R5,3.78,0
2023-11-12,STR048,PRD0129,135,277,126,286,R2,1.39,0
2023-05-14,STR010,PRD0111,807,492,42,1257,R1,3.48,0
2024-11-10,STR030,PRD0022,701,293,488,506,R5,4.7,0
2023-06-04,STR036,PRD0070,708,406,358,756,R3,0.5,0
2023-06-18,STR004,PRD0092,704,247,509,442,R4,4.95,0
2023-12-03,STR048,PRD0045,689,210,544,355,R2,0.43,0
2024-12-15,STR011,PRD0009,136,399,111,424,R4,2.15,0
2023-01-15,STR037,PRD0137,315,55,119,251,R1,1.99,0
2024-01-21,STR009,PRD0009,786,332,368,750,R5,0.37,0
2024-11-03,STR026,PRD0018,158,81,12,227,R3,0.04,0
2023-04-16,STR024,PRD0123,617,137,414,340,R5,1.8,0
2023-06-18,STR012,PRD0052,499,401,34,866,R4,1.25,0
2024-06-30,STR010,PRD0098,583,325,565,343,R1,1.73,0
2023-07-02,STR047,PRD0131,717,429,142,1004,R2,4.0,0
2023-07-09,STR020,PRD0051,464,281,124,621,R3,3.19,0
2023-08-13,STR011,PRD0065,752,262,337,677,R4,1.93,0
2024-10-06,STR044,PRD0090,757,400,219,938,R5,4.86,0
2024-02-18,STR021,PRD0022,806,389,537,658,R3,2.57,0
2024-05-26,STR020,PRD0131,176,96,110,162,R3,0.26,0
2023-07-02,STR019,PRD0059,658,331,466,523,R3,4.9,0
2023-05-07,STR006,PRD0098,761,108,455,414,R2,1.65,0
2023-01-29,STR035,PRD0040,851,155,90,916,R5,2.03,0
2023-02-05,STR032,PRD0095,458,484,347,595,R2,4.17,0
2023-12-24,STR022,PRD0095,768,203,448,523,R3,1.38,0
2024-01-14,STR035,PRD0146,934,97,69,962,R5,4.05,0
2023-10-29,STR011,PRD0143,976,261,530,707,R4,4.31,0
2023-04-30,STR002,PRD0123,324,41,117,248,R2,3.18,0
2023-06-18,STR044,PRD0011,454,333,391,396,R5,0.31,0
2023-07-23,STR025,PRD0142,742,288,278,752,R4,3.04,0
2024-12-15,STR004,PRD0043,225,206,392,39,R4,4.31,1
2024-12-22,STR014,PRD0159,727,269,82,914,R5,2.28,0
2024-12-01,STR011,PRD0071,441,151,361,231,R4,2.28,0
2023-11-26,STR034,PRD0042,732,482,378,836,R4,3.9,0
2023-12-17,STR028,PRD0025,325,161,305,181,R3,2.82,0
2024-07-28,STR004,PRD0116,306,190,286,210,R4,2.48,0
2023-11-05,STR004,PRD0136,329,258,423,164,R4,4.14,0
2023-08-27,STR018,PRD0004,231,274,263,242,R5,1.33,0
2024-07-14,STR016,PRD0025,553,400,462,491,R2,0.29,0
2024-01-14,STR025,PRD0033,203,475,83,595,R4,2.27,0
2024-11-10,STR002,PRD0143,559,218,104,673,R2,3.68,0
2024-09-15,STR050,PRD0037,881,225,514,592,R2,0.88,0
2024-01-14,STR009,PRD0023,136,258,305,89,R5,2.04,1
2024-07-07,STR015,PRD0018,300,112,205,207,R5,1.1,0
2023-07-16,STR047,PRD0144,880,181,131,930,R2,4.68,0
2024-05-26,STR048,PRD0020,920,61,18,963,R2,1.06,0
2024-03-31,STR005,PRD0128,286,378,440,224,R1,2.77,0
2024-02-25,STR018,PRD0053,188,223,398,13,R5,1.34,1
2024-05-26,STR021,PRD0014,705,468,98,1075,R3,0.7,0
2023-12-31,STR001,PRD0133,664,181,403,442,R2,1.89,0
2023-01-08,STR014,PRD0074,779,275,362,692,R5,0.04,0
2023-12-31,STR029,PRD0144,965,264,43,1186,R2,0.48,0
2023-07-09,STR024,PRD0081,816,431,466,781,R5,1.51,0
2024-09-08,STR001,PRD0144,825,110,247,688,R2,1.13,0
2023-07-23,STR010,PRD0121,560,452,516,496,R1,0.24,0
2024-06-09,STR003,PRD0098,714,338,166,886,R3,4.02,0
2024-11-24,STR041,PRD0072,986,278,112,1152,R5,1.78,0
2024-04-28,STR048,PRD0069,577,340,306,611,R2,1.03,0
2024-10-20,STR001,PRD0149,295,391,460,226,R2,4.26,0
2024-01-07,STR010,PRD0072,201,428,390,239,R1,0.29,0
2023-05-07,STR022,PRD0021,852,489,366,975,R3,0.17,0
2024-01-07,STR043,PRD0150,203,422,147,478,R1,0.83,0
2023-06-25,STR041,PRD0087,359,97,262,194,R5,1.75,0
2023-01-01,STR032,PRD0146,380,406,145,641,R2,1.8,0
2024-09-22,STR019,PRD0095,780,190,389,581,R3,1.58,0
2024-02-11,STR027,PRD0136,257,79,203,133,R1,2.01,0
2023-10-15,STR018,PRD0111,590,214,140,664,R5,0.22,0
2023-10-29,STR006,PRD0095,725,326,171,880,R2,1.91,0
2024-09-22,STR045,PRD0121,698,145,3,840,R4,0.69,0
2023-03-26,STR018,PRD0112,105,283,205,183,R5,3.15,0
2024-01-14,STR011,PRD0073,748,152,393,507,R4,4.98,0
2023-03-19,STR012,PRD0100,477,209,75,611,R4,4.57,0
2023-03-19,STR028,PRD0128,860,81,299,642,R3,4.25,0
2023-05-21,STR031,PRD0075,540,151,524,167,R5,2.53,0
2023-02-12,STR032,PRD0050,750,148,287,611,R2,1.38,0
2024-01-21,STR026,PRD0080,842,186,341,687,R3,3.13,0
2024-04-21,STR039,PRD0102,231,498,163,566,R5,1.83,0
2023-07-30,STR008,PRD0004,752,322,544,530,R2,1.34,0
2023-09-10,STR018,PRD0085,419,57,44,432,R5,4.62,0
2024-08-25,STR049,PRD0068,550,457,457,550,R3,1.24,0
2023-01-08,STR045,PRD0146,274,67,29,312,R4,1.39,0
2024-08-18,STR041,PRD0047,583,102,510,175,R5,3.56,0
2023-01-22,STR046,PRD0118,334,267,76,525,R3,2.53,0
2024-05-19,STR030,PRD0049,819,435,7,1247,R5,4.67,0
2023-09-17,STR022,PRD0059,413,175,301,287,R3,2.81,0
2023-09-10,STR010,PRD0013,709,64,492,281,R1,4.73,0
2023-01-08,STR019,PRD0043,135,425,345,215,R3,2.87,0
2024-04-21,STR027,PRD0130,866,136,39,963,R1,4.82,0
2023-12-10,STR030,PRD0040,367,209,525,51,R5,2.81,1
2024-04-07,STR024,PRD0031,763,496,517,742,R5,2.77,0
2024-03-31,STR036,PRD0120,358,300,126,532,R3,0.92,0
2023-09-10,STR014,PRD0148,299,394,23,670,R5,3.57,0
2024-03-03,STR009,PRD0113,501,450,329,622,R5,4.83,0
2024-07-14,STR006,PRD0041,556,309,475,390,R2,0.05,0
2023-01-08,STR016,PRD0016,227,370,85,512,R2,1.49,0
2024-03-17,STR005,PRD0031,655,298,353,600,R1,4.87,0
2024-05-19,STR028,PRD0128,333,1,19,315,R3,2.43,0
2024-10-06,STR027,PRD0114,742,167,176,733,R1,0.54,0
2023-08-20,STR009,PRD0116,424,461,190,695,R5,3.49,0
2023-11-19,STR037,PRD0145,941,395,161,1175,R1,3.43,0
2023-12-31,STR017,PRD0018,334,417,101,650,R2,0.72,0
2023-06-18,STR011,PRD0059,760,437,72,1125,R4,1.33,0
2024-06-02,STR037,PRD0046,600,257,591,266,R1,3.69,0
2024-10-27,STR013,PRD0082,670,258,81,847,R2,4.35,0
2023-12-17,STR006,PRD0141,369,295,457,207,R2,4.14,0
2023-11-19,STR032,PRD0065,271,164,46,389,R2,2.49,0
2023-07-09,STR032,PRD0116,466,305,247,524,R2,1.26,0
2024-05-05,STR030,PRD0076,517,424,565,376,R5,0.15,0
2023-07-16,STR001,PRD0075,498,472,288,682,R2,4.92,0
2023-08-27,STR043,PRD0145,233,436,222,447,R1,1.68,0
2024-10-13,STR008,PRD0157,568,65,366,267,R2,2.49,0
2023-09-10,STR020,PRD0103,536,447,402,581,R3,1.86,0
2023-09-10,STR035,PRD0157,292,217,134,375,R5,3.07,0
2023-03-05,STR009,PRD0149,985,329,256,1058,R5,3.87,0
2023-11-12,STR048,PRD0003,889,303,69,1123,R2,0.06,0
2023-08-20,STR025,PRD0094,100,201,169,132,R4,2.42,0
2024-06-02,STR001,PRD0117,921,498,122,1297,R2,0.13,0
2023-01-01,STR009,PRD0048,339,92,254,177,R5,1.13,0
2024-05-12,STR003,PRD0150,121,259,296,84,R3,4.47,1
2024-10-13,STR001,PRD0160,474,148,42,580,R2,0.97,0
2024-05-19,STR022,PRD0049,910,258,87,1081,R3,0.42,0
2023-10-15,STR007,PRD0088,414,454,29,839,R5,1.55,0
2023-09-10,STR029,PRD0125,507,267,446,328,R2,0.87,0
2023-03-05,STR047,PRD0016,148,59,18,189,R2,3.95,0
2023-10-29,STR002,PRD0141,629,130,533,226,R2,3.35,0
2023-08-06,STR020,PRD0121,532,18,78,472,R3,4.86,0
2024-03-31,STR003,PRD0068,843,243,405,681,R3,4.85,0
2024-06-30,STR043,PRD0070,588,328,284,632,R1,4.21,0
2024-10-06,STR001,PRD0124,452,121,193,380,R2,0.89,0
2023-04-23,STR012,PRD0017,169,156,84,241,R4,0.37,0
2023-05-14,STR002,PRD0098,272,151,182,241,R2,1.22,0
2023-03-12,STR034,PRD0149,594,81,552,123,R4,0.96,0
2023-12-24,STR006,PRD0097,809,28,348,489,R2,3.98,0
2024-04-21,STR003,PRD0047,526,255,228,553,R3,0.65,0
2023-04-23,STR047,PRD0137,201,482,478,205,R2,2.72,0
2023-07-30,STR018,PRD0134,143,423,27,539,R5,4.03,0
2024-07-28,STR005,PRD0029,491,153,402,242,R1,2.99,0
2023-02-05,STR030,PRD0104,645,41,322,364,R5,0.17,0
2024-05-05,STR001,PRD0034,112,315,426,1,R2,0.45,1
2023-03-19,STR032,PRD0088,124,222,7,339,R2,1.77,0
2023-01-15,STR028,PRD0061,743,377,351,769,R3,2.07,0
2024-03-03,STR050,PRD0106,270,237,338,169,R2,4.95,0
2024-12-01,STR009,PRD0102,107,99,171,35,R5,0.61,1
2023-08-20,STR048,PRD0054,990,105,552,543,R2,2.02,0
2024-11-24,STR049,PRD0063,120,136,153,103,R3,4.72,0
2024-01-28,STR004,PRD0026,769,270,226,813,R4,3.15,0
2024-12-29,STR036,PRD0113,357,443,267,533,R3,0.04,0
2023-11-05,STR005,PRD0145,327,209,16,520,R1,3.4,0
2024-10-13,STR009,PRD0011,877,209,393,693,R5,1.92,0
2024-04-14,STR029,PRD0066,157,137,234,60,R2,0.45,1
2023-08-13,STR007,PRD0124,302,114,79,337,R5,0.44,0
2024-12-08,STR020,PRD0010,413,187,266,334,R3,4.55,0
2023-12-24,STR028,PRD0046,760,101,247,614,R3,0.07,0
2023-07-30,STR038,PRD0100,972,152,164,960,R3,4.78,0
2024-07-07,STR042,PRD0082,627,130,588,169,R3,2.53,0
2023-10-22,STR014,PRD0015,104,498,182,420,R5,4.7,0
2023-06-04,STR011,PRD0156,871,401,171,1101,R4,4.71,0
2023-04-30,STR032,PRD0061,966,434,44,1356,R2,0.85,0
2023-06-11,STR042,PRD0064,598,358,421,535,R3,0.1,0
2023-12-10,STR015,PRD0118,125,164,169,120,R5,2.49,0
2023-01-22,STR010,PRD0066,590,413,53,950,R1,3.11,0
2023-11-05,STR030,PRD0027,855,345,560,640,R5,1.88,0
2024-09-22,STR020,PRD0047,721,72,362,431,R3,1.82,0
2023-12-31,STR043,PRD0144,147,223,21,349,R1,1.32,0
2023-08-06,STR011,PRD0121,714,194,93,815,R4,4.37,0
2024-04-28,STR029,PRD0154,221,304,431,94,R2,4.89,1
2023-04-09,STR049,PRD0031,480,473,191,762,R3,1.74,0
2023-09-17,STR039,PRD0159,172,69,54,187,R5,2.94,0
2024-05-19,STR040,PRD0033,193,184,234,143,R2,0.69,0
2023-11-05,STR024,PRD0122,403,85,150,338,R5,2.67,0
2024-07-21,STR015,PRD0057,944,408,444,908,R5,1.51,0
2023-12-17,STR022,PRD0097,371,268,331,308,R3,1.83,0
2023-04-02,STR033,PRD0090,284,337,516,105,R1,0.64,0
2023-04-02,STR017,PRD0036,221,427,385,263,R2,1.52,0
2024-02-25,STR029,PRD0071,853,493,250,1096,R2,4.55,0
2024-11-10,STR026,PRD0009,746,490,265,971,R3,2.3,0
2024-01-28,STR041,PRD0062,650,79,111,618,R5,1.12,0
2023-01-01,STR030,PRD0052,243,232,118,357,R5,4.03,0
2023-04-16,STR003,PRD0105,309,192,91,410,R3,1.85,0
2024-01-07,STR021,PRD0090,469,24,138,355,R3,3.98,0
2023-03-19,STR044,PRD0050,485,46,143,388,R5,4.7,0
2023-12-24,STR050,PRD0020,297,259,170,386,R2,2.96,0
2023-03-12,STR037,PRD0056,515,67,7,575,R1,4.6,0
2024-09-15,STR020,PRD0061,292,274,557,9,R3,2.95,1
2024-09-01,STR008,PRD0004,869,290,453,706,R2,1.6,0
2023-09-03,STR033,PRD0050,249,369,585,33,R1,1.85,1
2023-04-30,STR015,PRD0149,979,181,425,735,R5,4.24,0
2024-01-07,STR043,PRD0090,531,432,106,857,R1,3.42,0
2024-02-25,STR018,PRD0027,875,231,181,925,R5,1.17,0
2024-09-08,STR013,PRD0116,777,176,306,647,R2,4.42,0
2023-09-17,STR048,PRD0134,934,1,220,715,R2,4.02,0
2024-10-20,STR013,PRD0039,991,285,589,687,R2,1.76,0
2023-05-14,STR025,PRD0082,299,389,358,330,R4,1.9,0
2023-11-26,STR015,PRD0147,345,29,305,69,R5,0.74,1
2024-06-16,STR043,PRD0145,157,423,515,65,R1,0.86,1
2023-04-09,STR005,PRD0060,419,172,10,581,R1,4.25,0
2024-05-12,STR049,PRD0160,266,397,547,116,R3,1.85,0
2024-09-22,STR011,PRD0104,172,105,230,47,R4,4.36,1
2024-08-25,STR037,PRD0023,107,197,269,35,R1,3.62,1
2024-01-14,STR024,PRD0108,181,206,332,55,R5,4.42,1
2024-10-06,STR028,PRD0052,295,240,129,406,R3,1.79,0
2023-07-30,STR040,PRD0125,695,27,38,684,R2,0.09,0
2024-10-13,STR030,PRD0098,671,299,439,531,R5,0.44,0
2023-07-23,STR015,PRD0108,828,165,91,902,R5,1.47,0
2023-12-17,STR016,PRD0012,738,90,467,361,R2,2.64,0
2024-03-03,STR020,PRD0154,473,454,49,878,R3,3.95,0
2024-10-13,STR023,PRD0125,587,258,140,705,R5,1.87,0
2023-11-19,STR020,PRD0003,700,273,339,634,R3,0.22,0
2024-05-05,STR020,PRD0154,793,392,496,689,R3,0.7,0
2024-10-06,STR010,PRD0029,206,444,233,417,R1,2.47,0
2023-01-29,STR042,PRD0034,605,54,402,257,R3,3.06,0
2023-12-03,STR026,PRD0130,383,125,175,333,R3,4.75,0
2023-09-24,STR006,PRD0107,312,420,382,350,R2,4.22,0
2023-08-20,STR049,PRD0081,727,202,375,554,R3,0.4,0
2024-04-14,STR033,PRD0078,678,103,406,375,R1,3.36,0
2023-08-06,STR046,PRD0007,589,409,124,874,R3,0.54,0
2023-08-06,STR027,PRD0073,132,138,194,76,R1,1.35,1
2024-12-29,STR033,PRD0155,459,281,139,601,R1,4.58,0
2023-05-07,STR019,PRD0141,905,15,224,696,R3,3.11,0
2023-01-15,STR018,PRD0054,273,48,170,151,R5,3.12,0
2023-01-29,STR008,PRD0065,490,219,501,208,R2,4.6,0
2023-07-30,STR031,PRD0028,982,288,360,910,R5,0.94,0
2023-12-31,STR027,PRD0101,151,130,158,123,R1,2.71,0
2023-10-08,STR030,PRD0116,881,396,262,1015,R5,0.32,0
2023-01-29,STR031,PRD0037,824,26,416,434,R5,2.1,0
2023-07-02,STR034,PRD0088,669,420,243,846,R4,3.63,0
2023-04-30,STR037,PRD0122,972,450,557,865,R1,3.78,0
2023-10-29,STR030,PRD0151,494,358,281,571,R5,1.36,0
2024-04-28,STR039,PRD0092,127,267,258,136,R5,0.26,0
2023-07-09,STR022,PRD0028,396,428,586,238,R3,4.11,0
2023-04-16,STR015,PRD0087,350,303,489,164,R5,4.06,0
2023-07-16,STR006,PRD0092,218,414,512,120,R2,1.51,0
2023-12-03,STR023,PRD0160,767,249,450,566,R5,2.66,0
2023-10-08,STR005,PRD0015,282,474,480,276,R1,4.84,0
2024-02-11,STR048,PRD0055,184,250,233,201,R2,1.53,0
2023-10-22,STR030,PRD0084,240,284,50,474,R5,0.97,0
2023-10-22,STR048,PRD0098,572,490,47,1015,R2,3.44,0
2023-06-04,STR005,PRD0112,720,166,14,872,R1,2.66,0
2023-09-24,STR032,PRD0077,166,36,111,91,R2,3.77,1
2023-04-02,STR011,PRD0125,665,436,477,624,R4,4.89,0
2023-10-01,STR006,PRD0116,389,416,351,454,R2,2.09,0
2023-09-03,STR029,PRD0061,516,92,293,315,R2,2.29,0
2023-06-25,STR046,PRD0059,377,246,338,285,R3,4.17,0
2024-10-27,STR012,PRD0052,204,34,150,88,R4,0.74,1
2023-09-10,STR019,PRD0060,382,182,474,90,R3,3.43,1
2023-11-12,STR041,PRD0022,970,156,20,1106,R5,4.51,0
2024-06-23,STR050,PRD0100,117,364,323,158,R2,1.85,0
2023-07-16,STR018,PRD0085,963,128,411,680,R5,4.89,0
2024-11-10,STR012,PRD0159,175,219,379,15,R4,4.47,1
2023-08-27,STR041,PRD0131,972,25,133,864,R5,0.57,0
2024-06-16,STR024,PRD0093,920,269,380,809,R5,3.77,0
2023-11-05,STR029,PRD0091,448,464,105,807,R2,3.01,0
2023-01-01,STR008,PRD0114,194,156,172,178,R2,1.32,0
2024-02-11,STR031,PRD0130,244,144,318,70,R5,0.3,1
2023-10-01,STR029,PRD0008,359,398,152,605,R2,2.46,0
2023-02-19,STR027,PRD0111,763,140,42,861,R1,1.66,0
2023-07-30,STR049,PRD0138,752,441,484,709,R3,2.5,0
2023-05-14,STR033,PRD0099,223,444,158,509,R1,3.13,0
2024-04-14,STR007,PRD0097,520,289,126,683,R5,4.98,0
2023-07-23,STR042,PRD0116,572,269,354,487,R3,3.11,0
2023-09-24,STR013,PRD0039,603,433,321,715,R2,2.37,0
2024-11-24,STR047,PRD0102,472,417,78,811,R2,1.63,0
2024-05-19,STR033,PRD0044,328,331,247,412,R1,0.82,0
2023-07-09,STR026,PRD0091,660,137,304,493,R3,0.3,0
2024-10-13,STR007,PRD0151,801,54,366,489,R5,2.38,0
2023-12-17,STR003,PRD0077,751,4,576,179,R3,2.23,0
2024-01-07,STR044,PRD0154,123,19,117,25,R5,4.28,1
2023-10-15,STR014,PRD0039,402,15,248,169,R5,3.74,0
2023-12-31,STR038,PRD0137,841,356,411,786,R3,1.54,0
2023-11-19,STR031,PRD0074,350,257,579,28,R5,1.69,1
2023-08-13,STR004,PRD0067,653,317,107,863,R4,0.09,0
2024-12-15,STR003,PRD0156,594,103,447,250,R3,2.95,0
2024-02-04,STR014,PRD0080,244,388,232,400,R5,3.96,0
2024-08-25,STR009,PRD0069,736,489,563,662,R5,3.36,0
2023-05-21,STR017,PRD0078,442,406,180,668,R2,0.17,0
2023-06-25,STR047,PRD0135,385,474,323,536,R2,4.45,0
2023-04-30,STR004,PRD0127,301,174,59,416,R4,0.78,0
2023-11-19,STR036,PRD0071,196,75,150,121,R3,0.3,0
2023-03-19,STR025,PRD0157,221,236,187,270,R4,0.34,0
2024-06-30,STR015,PRD0010,962,315,534,743,R5,4.14,0
2023-01-01,STR008,PRD0013,515,293,416,392,R2,2.2,0
2023-03-19,STR038,PRD0062,525,47,552,20,R3,5.0,1
2023-09-10,STR033,PRD0133,506,76,227,355,R1,0.63,0
2023-08-27,STR034,PRD0098,376,296,464,208,R4,1.26,0
2023-04-23,STR043,PRD0111,223,469,122,570,R1,0.23,0
2024-03-03,STR025,PRD0087,836,247,185,898,R4,0.29,0
2024-08-11,STR031,PRD0155,172,437,445,164,R5,1.95,0
2023-11-12,STR022,PRD0141,763,46,12,797,R3,3.93,0
2023-10-01,STR006,PRD0080,895,470,342,1023,R2,3.93,0
2023-05-28,STR042,PRD0130,179,155,263,71,R3,4.07,1
2023-11-19,STR017,PRD0114,876,24,12,888,R2,2.18,0
2023-10-15,STR008,PRD0048,127,436,525,38,R2,4.85,1
2024-01-14,STR032,PRD0069,110,482,109,483,R2,1.93,0
2023-11-05,STR046,PRD0058,113,302,284,131,R3,3.24,0
2024-10-27,STR012,PRD0159,492,220,161,551,R4,0.95,0
2024-07-28,STR026,PRD0127,738,21,570,189,R3,1.22,0
2024-02-25,STR003,PRD0155,709,211,109,811,R3,2.33,0
2023-07-23,STR039,PRD0037,159,416,293,282,R5,3.55,0
2024-08-25,STR027,PRD0091,919,436,183,1172,R1,1.8,0
2023-06-25,STR018,PRD0117,757,491,426,822,R5,2.35,0
2024-01-28,STR041,PRD0023,615,98,463,250,R5,0.95,0
2023-02-05,STR011,PRD0036,438,231,464,205,R4,3.24,0
2024-12-01,STR046,PRD0108,139,143,9,273,R3,3.1,0
2024-07-21,STR041,PRD0124,945,22,533,434,R5,0.25,0
2023-09-17,STR022,PRD0052,703,125,475,353,R3,0.41,0
2023-04-30,STR025,PRD0081,648,398,263,783,R4,1.79,0
2023-03-12,STR013,PRD0121,488,272,34,726,R2,2.22,0
2024-07-28,STR036,PRD0143,674,84,571,187,R3,3.83,0
2024-03-10,STR006,PRD0013,1000,277,336,941,R2,1.26,0
2024-05-26,STR032,PRD0073,656,200,186,670,R2,4.26,0
2023-07-16,STR029,PRD0157,953,41,422,572,R2,2.9,0
2024-11-17,STR015,PRD0041,515,478,24,969,R5,3.56,0
2023-03-19,STR006,PRD0026,873,432,405,900,R2,4.27,0
2023-07-02,STR002,PRD0117,310,345,308,347,R2,4.57,0
2023-12-24,STR012,PRD0108,177,265,297,145,R4,0.13,0
2023-10-22,STR048,PRD0070,875,339,270,944,R2,4.07,0
2024-01-28,STR043,PRD0130,628,484,499,613,R1,1.07,0
2024-05-12,STR027,PRD0032,763,424,46,1141,R1,4.37,0
2023-10-29,STR005,PRD0003,530,103,219,414,R1,2.42,0
2024-10-06,STR021,PRD0077,856,67,401,522,R3,2.34,0
2024-10-13,STR024,PRD0152,128,6,77,57,R5,4.1,1
2023-10-29,STR014,PRD0125,381,435,19,797,R5,0.74,0
2024-09-08,STR022,PRD0077,410,499,15,894,R3,1.64,0
2023-10-15,STR016,PRD0074,887,125,405,607,R2,3.85,0
2024-07-21,STR046,PRD0012,119,425,159,385,R3,4.11,0
2024-11-10,STR029,PRD0147,765,113,229,649,R2,3.08,0
2023-04-30,STR021,PRD0021,466,469,12,923,R3,2.58,0
2023-02-12,STR024,PRD0060,824,372,392,804,R5,4.87,0
2024-04-07,STR023,PRD0033,899,438,39,1298,R5,2.5,0
2024-11-10,STR038,PRD0152,499,382,132,749,R3,1.46,0
2024-10-06,STR024,PRD0027,728,110,499,339,R5,2.21,0
2023-10-01,STR008,PRD0075,999,347,597,749,R2,3.25,0
2023-06-04,STR030,PRD0140,735,105,230,610,R5,0.23,0
2023-01-01,STR015,PRD0067,481,359,564,276,R5,1.89,0
2024-10-06,STR034,PRD0011,834,196,4,1026,R4,3.29,0
2023-05-28,STR049,PRD0148,781,109,140,750,R3,0.37,0
2023-11-12,STR019,PRD0130,325,449,440,334,R3,4.28,0
2023-11-19,STR048,PRD0010,934,189,88,1035,R2,0.35,0
2023-03-05,STR011,PRD0009,121,30,30,121,R4,1.87,0
2023-10-29,STR006,PRD0054,991,248,181,1058,R2,1.44,0
2024-12-22,STR047,PRD0021,139,282,245,176,R2,3.08,0
2024-01-14,STR011,PRD0039,351,1,288,64,R4,2.34,1
2023-08-06,STR004,PRD0010,231,424,113,542,R4,3.76,0
2024-04-28,STR018,PRD0027,350,328,2,676,R5,1.03,0
2024-03-17,STR007,PRD0104,444,363,336,471,R5,4.82,0
2024-01-28,STR034,PRD0146,186,455,460,181,R4,2.89,0
2024-02-11,STR038,PRD0034,399,223,480,142,R3,4.06,0
2023-01-22,STR015,PRD0152,696,460,306,850,R5,4.51,0
2024-04-28,STR021,PRD0106,333,39,122,250,R3,4.52,0
2024-07-28,STR024,PRD0022,269,139,314,94,R5,4.79,1
2023-09-24,STR017,PRD0137,768,366,389,745,R2,0.35,0
2023-07-16,STR049,PRD0148,166,211,49,328,R3,1.89,0
2024-03-03,STR001,PRD0056,966,308,393,881,R2,3.1,0
2023-12-03,STR016,PRD0126,342,35,43,334,R2,4.85,0
2023-03-05,STR031,PRD0021,936,72,25,983,R5,1.49,0
2024-01-21,STR011,PRD0057,908,42,460,490,R4,2.5,0
2023-10-22,STR004,PRD0053,800,88,375,513,R4,3.07,0
2024-02-18,STR037,PRD0050,847,46,52,841,R1,1.52,0
2024-10-13,STR043,PRD0001,282,398,505,175,R1,1.84,0
2023-03-26,STR015,PRD0104,613,404,514,503,R5,0.2,0
2024-03-03,STR017,PRD0124,841,348,576,613,R2,1.16,0
2023-10-29,STR010,PRD0040,138,214,14,338,R1,2.24,0
2024-07-14,STR044,PRD0060,491,490,434,547,R5,0.87,0
2024-03-10,STR048,PRD0006,756,17,593,180,R2,4.73,0
2024-01-07,STR036,PRD0132,474,173,403,244,R3,0.72,0
2023-03-05,STR033,PRD0012,806,79,143,742,R1,4.27,0
2023-11-26,STR046,PRD0065,580,289,44,825,R3,1.2,0
2023-01-08,STR007,PRD0027,582,26,188,420,R5,0.78,0
2023-10-15,STR018,PRD0155,981,75,197,859,R5,0.49,0
2024-09-22,STR024,PRD0063,420,327,577,170,R5,0.11,0
2023-02-26,STR034,PRD0132,921,34,186,769,R4,2.78,0
2023-04-23,STR017,PRD0029,669,281,31,919,R2,0.82,0
2023-08-13,STR036,PRD0035,339,267,478,128,R3,3.92,0
2024-08-11,STR026,PRD0143,373,390,171,592,R3,1.24,0
2023-07-16,STR007,PRD0152,816,21,419,418,R5,3.03,0
2023-08-06,STR038,PRD0160,792,500,576,716,R3,0.65,0
2023-03-19,STR046,PRD0013,516,82,139,459,R3,4.3,0
2024-02-04,STR021,PRD0063,892,58,117,833,R3,0.63,0
2024-11-03,STR025,PRD0026,740,377,198,919,R4,3.64,0
2024-03-17,STR034,PRD0077,969,58,206,821,R4,4.66,0
2023-06-04,STR013,PRD0077,932,231,440,723,R2,2.56,0
2023-10-15,STR008,PRD0117,477,253,569,161,R2,3.17,0
2024-01-14,STR050,PRD0061,766,178,552,392,R2,4.31,0
2024-07-14,STR018,PRD0071,839,123,35,927,R5,0.57,0
2023-08-27,STR023,PRD0108,483,332,312,503,R5,4.36,0
2024-05-05,STR009,PRD0090,468,33,445,56,R5,4.47,1
2024-09-15,STR023,PRD0055,118,102,45,175,R5,2.82,0
2023-01-22,STR029,PRD0039,412,15,95,332,R2,2.33,0
2024-08-25,STR046,PRD0050,516,92,479,129,R3,2.62,0
2024-01-14,STR006,PRD0145,739,64,526,277,R2,1.27,0
2024-07-07,STR041,PRD0116,122,360,418,64,R5,1.32,1
2024-06-30,STR034,PRD0130,858,387,75,1170,R4,2.61,0
2023-10-15,STR024,PRD0059,558,292,142,708,R5,0.17,0
2023-02-12,STR013,PRD0051,606,449,86,969,R2,3.03,0
2023-08-06,STR041,PRD0023,110,344,424,30,R5,3.94,1
2024-07-14,STR027,PRD0003,862,388,85,1165,R1,2.52,0
2024-09-29,STR040,PRD0059,829,27,557,299,R2,2.92,0
2023-07-30,STR022,PRD0091,289,134,33,390,R3,3.71,0
2024-01-28,STR039,PRD0093,141,26,62,105,R5,0.97,0
2023-05-14,STR014,PRD0026,392,478,365,505,R5,3.93,0
2023-07-02,STR001,PRD0115,504,201,154,551,R2,2.44,0
2024-08-04,STR047,PRD0153,907,397,153,1151,R2,4.36,0
2024-03-10,STR033,PRD0057,398,60,303,155,R1,4.82,0
2023-02-12,STR014,PRD0037,292,391,315,368,R5,4.54,0
2023-03-19,STR039,PRD0020,619,463,193,889,R5,1.15,0
2024-03-17,STR048,PRD0040,511,445,167,789,R2,0.52,0
2023-02-26,STR006,PRD0125,391,159,315,235,R2,0.22,0
2023-10-01,STR005,PRD0057,943,353,445,851,R1,1.86,0
2023-12-03,STR020,PRD0075,927,323,69,1181,R3,3.19,0
2024-03-03,STR029,PRD0125,914,109,241,782,R2,0.61,0
2023-12-17,STR010,PRD0091,850,113,53,910,R1,0.41,0
2023-04-16,STR028,PRD0023,479,67,284,262,R3,3.11,0
2024-09-29,STR028,PRD0009,733,238,167,804,R3,0.7,0
2023-11-26,STR049,PRD0120,202,244,124,322,R3,4.36,0
2024-02-25,STR009,PRD0135,172,408,364,216,R5,3.03,0
2023-07-23,STR034,PRD0019,558,218,110,666,R4,0.88,0
2023-06-11,STR017,PRD0135,185,13,43,155,R2,0.33,0
2024-07-07,STR031,PRD0076,909,448,366,991,R5,4.79,0
2023-04-30,STR027,PRD0030,406,61,322,145,R1,4.12,0
2023-10-22,STR016,PRD0142,468,50,147,371,R2,2.92,0
2023-04-16,STR011,PRD0070,656,55,132,579,R4,2.83,0
2024-12-08,STR044,PRD0058,348,429,120,657,R5,2.9,0
2023-09-03,STR038,PRD0007,691,55,27,719,R3,2.1,0
2024-01-28,STR033,PRD0100,880,46,518,408,R1,0.52,0
2023-10-29,STR012,PRD0135,139,93,226,6,R4,2.02,1
2024-04-28,STR046,PRD0065,694,11,229,476,R3,1.67,0
2024-08-25,STR040,PRD0078,106,49,17,138,R2,4.48,0
2023-11-19,STR042,PRD0100,219,152,103,268,R3,0.25,0
2023-03-12,STR029,PRD0130,218,125,174,169,R2,1.73,0
2024-06-23,STR031,PRD0099,803,64,109,758,R5,4.01,0
2024-06-16,STR013,PRD0144,580,299,336,543,R2,2.66,0
2023-09-10,STR049,PRD0118,199,229,30,398,R3,0.6,0
2024-04-14,STR020,PRD0059,988,313,0,1301,R3,3.35,0
2024-12-01,STR016,PRD0106,291,496,551,236,R2,3.71,0
2023-02-05,STR009,PRD0045,692,127,195,624,R5,2.96,0
2024-08-11,STR004,PRD0154,195,458,267,386,R4,1.58,0
2023-08-06,STR002,PRD0006,877,118,306,689,R2,3.63,0
2023-08-06,STR037,PRD0002,834,378,467,745,R1,0.51,0
2023-06-25,STR009,PRD0088,604,176,208,572,R5,1.07,0
2023-11-05,STR004,PRD0026,931,343,444,830,R4,3.94,0
2024-10-06,STR005,PRD0046,103,314,367,50,R1,3.35,1
2023-05-07,STR045,PRD0057,732,12,505,239,R4,1.28,0
2023-08-20,STR032,PRD0121,451,339,487,303,R2,2.09,0
2023-09-17,STR014,PRD0077,304,461,147,618,R5,1.5,0
2023-11-05,STR023,PRD0155,709,358,151,916,R5,1.13,0
2024-12-22,STR023,PRD0103,558,308,458,408,R5,0.4,0
2024-03-03,STR014,PRD0045,173,364,469,68,R5,1.46,1
2024-04-07,STR043,PRD0155,874,293,131,1036,R1,4.3,0
2024-07-07,STR036,PRD0089,544,415,356,603,R3,0.14,0
2023-04-02,STR033,PRD0065,565,187,217,535,R1,4.06,0
2023-02-12,STR012,PRD0153,795,203,61,937,R4,4.27,0
2024-06-09,STR023,PRD0103,545,145,503,187,R5,4.22,0
2023-10-15,STR038,PRD0126,184,500,271,413,R3,4.63,0
2023-12-03,STR041,PRD0157,190,317,211,296,R5,4.3,0
2023-08-06,STR040,PRD0147,450,425,415,460,R2,0.53,0
2023-12-17,STR011,PRD0007,700,308,360,648,R4,1.09,0
2023-05-28,STR003,PRD0092,797,43,348,492,R3,0.05,0
2023-05-07,STR024,PRD0081,992,489,566,915,R5,2.52,0
2024-11-24,STR009,PRD0132,347,40,367,20,R5,1.78,1
2024-02-18,STR022,PRD0095,713,143,387,469,R3,1.24,0
2024-01-28,STR047,PRD0149,160,442,522,80,R2,0.53,1
2024-09-08,STR034,PRD0027,996,437,367,1066,R4,1.05,0
2023-07-30,STR039,PRD0058,912,29,292,649,R5,4.5,0
2023-01-29,STR029,PRD0077,726,73,237,562,R2,0.19,0
2024-07-28,STR035,PRD0148,833,461,183,1111,R5,2.34,0
2024-06-02,STR009,PRD0105,532,248,495,285,R5,2.69,0
2023-10-08,STR010,PRD0041,609,425,204,830,R1,3.8,0
2024-12-22,STR008,PRD0059,715,392,290,817,R2,2.12,0
2023-11-12,STR021,PRD0097,581,49,233,397,R3,1.87,0
2024-11-24,STR030,PRD0111,270,86,97,259,R5,1.45,0
2023-07-23,STR010,PRD0010,832,355,426,761,R1,1.23,0
2024-03-24,STR022,PRD0064,218,100,73,245,R3,4.41,0
2024-06-16,STR038,PRD0150,309,432,395,346,R3,2.11,0
2024-12-22,STR023,PRD0090,815,243,471,587,R5,2.67,0
2024-12-15,STR003,PRD0105,372,472,259,585,R3,0.51,0
2023-09-24,STR027,PRD0024,508,426,10,924,R1,3.51,0
2023-09-03,STR005,PRD0053,468,2,74,396,R1,2.76,0
2024-07-28,STR038,PRD0147,765,491,239,1017,R3,0.99,0
2023-12-31,STR023,PRD0072,342,70,95,317,R5,2.36,0
2024-11-10,STR049,PRD0048,482,398,438,442,R3,4.32,0
2024-06-02,STR021,PRD0015,663,488,159,992,R3,2.71,0
2024-05-05,STR047,PRD0061,344,129,456,17,R2,4.81,1
2023-12-17,STR010,PRD0118,794,190,393,591,R1,2.63,0
2024-06-02,STR041,PRD0004,685,178,538,325,R5,3.67,0
2024-05-26,STR029,PRD0130,241,27,208,60,R2,0.27,1
2023-10-22,STR022,PRD0127,840,205,258,787,R3,4.65,0
2023-01-01,STR002,PRD0038,503,323,508,318,R2,1.87,0
2023-08-27,STR013,PRD0096,517,346,193,670,R2,2.31,0
2024-07-21,STR018,PRD0097,978,2,199,781,R5,1.07,0
2023-11-05,STR036,PRD0028,471,162,407,226,R3,3.76,0
2023-10-22,STR023,PRD0015,642,383,1,1024,R5,0.99,0
2024-06-09,STR003,PRD0119,394,309,517,186,R3,1.38,0
2024-12-22,STR035,PRD0002,830,331,362,799,R5,4.9,0
2023-08-20,STR025,PRD0053,796,61,42,815,R4,3.85,0
2024-03-10,STR044,PRD0062,898,356,574,680,R5,0.55,0
2024-03-31,STR038,PRD0036,329,250,386,193,R3,4.82,0
2023-04-23,STR029,PRD0156,110,166,141,135,R2,2.73,0
2023-12-31,STR041,PRD0028,410,142,357,195,R5,3.71,0
2024-03-31,STR009,PRD0150,440,269,56,653,R5,2.94,0
2023-05-21,STR026,PRD0100,361,16,318,59,R3,3.73,1
2023-02-05,STR049,PRD0138,358,301,147,512,R3,0.17,0
2023-08-13,STR038,PRD0081,524,83,298,309,R3,3.43,0
2023-01-22,STR030,PRD0074,462,96,282,276,R5,0.33,0
2024-04-07,STR006,PRD0078,856,214,23,1047,R2,1.06,0
2024-12-01,STR024,PRD0079,495,159,483,171,R5,1.68,0
2024-01-14,STR017,PRD0064,362,10,227,145,R2,3.91,0
2024-07-21,STR015,PRD0068,477,484,336,625,R5,3.43,0
2023-09-10,STR015,PRD0160,275,249,307,217,R5,2.69,0
2024-03-03,STR010,PRD0086,306,272,490,88,R1,1.37,1
2023-12-17,STR049,PRD0032,464,120,453,131,R3,3.59,0
2024-01-28,STR006,PRD0103,206,372,545,33,R2,0.64,1
2024-07-14,STR028,PRD0011,653,252,121,784,R3,2.64,0
2023-01-01,STR026,PRD0160,791,141,151,781,R3,3.01,0
2024-01-07,STR025,PRD0115,184,168,317,35,R4,2.59,1
2023-10-29,STR036,PRD0029,426,243,301,368,R3,2.08,0
2024-03-17,STR041,PRD0159,305,434,534,205,R5,4.81,0
2023-05-14,STR027,PRD0029,444,335,329,450,R1,2.16,0
2023-10-22,STR037,PRD0089,425,238,520,143,R1,4.46,0
2024-07-28,STR002,PRD0086,656,35,292,399,R2,0.37,0
2024-06-30,STR024,PRD0089,512,477,300,689,R5,1.99,0
2024-05-26,STR047,PRD0080,616,54,66,604,R2,3.16,0
2023-10-22,STR015,PRD0142,237,417,356,298,R5,1.26,0
2023-04-16,STR045,PRD0129,102,373,450,25,R4,1.4,1
2024-12-08,STR021,PRD0068,447,220,58,609,R3,0.14,0
2024-07-21,STR030,PRD0157,733,195,497,431,R5,2.77,0
2023-02-19,STR008,PRD0018,460,77,175,362,R2,2.52,0
2023-10-01,STR006,PRD0077,474,96,264,306,R2,3.22,0
2023-09-03,STR029,PRD0053,444,128,141,431,R2,2.06,0
2023-04-02,STR035,PRD0128,636,275,506,405,R5,2.97,0
2023-09-24,STR047,PRD0159,657,13,400,270,R2,3.78,0
2024-08-18,STR004,PRD0006,717,495,593,619,R4,0.4,0
2024-05-05,STR045,PRD0152,204,89,287,6,R4,0.05,1
2023-06-25,STR019,PRD0078,231,32,258,5,R3,1.93,1
2024-01-14,STR026,PRD0074,382,457,401,438,R3,0.28,0
2023-03-26,STR042,PRD0143,387,19,123,283,R3,0.62,0
2023-08-20,STR040,PRD0113,310,188,52,446,R2,1.34,0
2023-03-12,STR004,PRD0023,710,355,113,952,R4,0.79,0
2024-06-02,STR012,PRD0070,486,421,60,847,R4,3.42,0
2023-05-28,STR050,PRD0008,865,254,460,659,R2,3.78,0
2024-07-07,STR022,PRD0086,502,39,460,81,R3,3.86,1
2024-09-01,STR049,PRD0089,402,320,313,409,R3,0.23,0
2023-01-15,STR004,PRD0132,116,460,244,332,R4,4.55,0
2023-06-11,STR005,PRD0042,410,261,462,209,R1,3.34,0
2023-07-02,STR037,PRD0127,950,190,99,1041,R1,4.31,0
2023-04-02,STR049,PRD0081,860,88,210,738,R3,3.96,0
2023-05-07,STR002,PRD0104,285,156,198,243,R2,1.1,0
2023-04-02,STR020,PRD0072,503,218,55,666,R3,3.61,0
2023-08-20,STR039,PRD0134,811,349,83,1077,R5,1.16,0
2024-11-17,STR027,PRD0159,835,222,500,557,R1,2.28,0
2024-10-06,STR050,PRD0074,639,445,273,811,R2,2.47,0
2024-08-18,STR002,PRD0153,545,310,366,489,R2,4.88,0
2024-01-28,STR029,PRD0136,701,359,134,926,R2,4.7,0
2023-05-21,STR041,PRD0044,885,66,163,788,R5,2.78,0
2023-06-25,STR034,PRD0076,954,121,109,966,R4,3.74,0
2023-03-19,STR031,PRD0005,200,260,418,42,R5,4.69,1
2023-02-26,STR020,PRD0088,852,466,208,1110,R3,2.93,0
2024-09-08,STR044,PRD0018,588,93,90,591,R5,4.97,0
2024-08-11,STR034,PRD0122,734,83,359,458,R4,1.58,0
2024-10-27,STR006,PRD0154,391,397,522,266,R2,0.89,0
2023-05-21,STR023,PRD0131,671,397,15,1053,R5,0.4,0
2023-10-01,STR040,PRD0092,812,21,346,487,R2,4.47,0
2023-05-07,STR020,PRD0004,188,209,43,354,R3,3.44,0
2024-09-08,STR005,PRD0131,583,361,147,797,R1,0.26,0
2023-12-24,STR036,PRD0136,947,455,292,1110,R3,4.85,0
2023-08-27,STR009,PRD0104,737,81,98,720,R5,0.55,0
2024-06-02,STR044,PRD0102,179,287,222,244,R5,3.35,0
2023-07-30,STR025,PRD0076,127,189,170,146,R4,3.45,0
2024-03-03,STR018,PRD0127,536,133,50,619,R5,4.86,0
2023-04-16,STR046,PRD0088,295,353,283,365,R3,4.07,0
2023-12-17,STR014,PRD0149,881,97,341,637,R5,1.36,0
2023-06-18,STR010,PRD0006,900,393,34,1259,R1,4.92,0
2023-01-01,STR044,PRD0109,668,232,490,410,R5,1.66,0
2023-09-10,STR018,PRD0056,869,195,114,950,R5,4.68,0
2023-06-18,STR028,PRD0064,735,92,231,596,R3,1.27,0
2023-04-30,STR001,PRD0127,316,361,475,202,R2,4.67,0
2024-10-06,STR044,PRD0016,347,358,547,158,R5,0.31,0
2023-09-17,STR021,PRD0016,726,207,309,624,R3,4.3,0
2024-09-15,STR023,PRD0020,854,431,300,985,R5,0.33,0
2024-06-16,STR007,PRD0007,959,472,364,1067,R5,3.65,0
2024-07-07,STR043,PRD0042,838,475,147,1166,R1,4.08,0
2024-12-22,STR037,PRD0077,791,155,394,552,R1,3.13,0
2024-02-25,STR032,PRD0020,802,402,109,1095,R2,0.04,0
2024-05-12,STR047,PRD0135,850,23,350,523,R2,0.81,0
2023-08-06,STR045,PRD0096,932,174,385,721,R4,2.51,0
2024-10-20,STR046,PRD0053,512,224,423,313,R3,4.36,0
2024-12-22,STR049,PRD0123,566,432,426,572,R3,4.25,0
2024-05-05,STR020,PRD0067,910,375,416,869,R3,0.82,0
2024-12-15,STR035,PRD0140,203,238,317,124,R5,1.73,0
2024-12-01,STR023,PRD0129,280,107,328,59,R5,2.45,1
2023-07-23,STR046,PRD0039,348,96,313,131,R3,3.31,0
2023-10-22,STR018,PRD0080,325,442,54,713,R5,0.87,0
2023-12-17,STR037,PRD0080,359,453,280,532,R1,3.67,0
2023-02-19,STR046,PRD0087,730,297,572,455,R3,2.93,0
2023-12-10,STR030,PRD0110,262,424,405,281,R5,0.95,0
2023-05-21,STR006,PRD0029,970,476,300,1146,R2,3.05,0
2023-12-03,STR035,PRD0018,353,226,235,344,R5,3.79,0
2024-04-14,STR020,PRD0092,829,66,228,667,R3,1.62,0
2023-08-06,STR006,PRD0097,466,169,222,413,R2,2.99,0
2023-12-31,STR012,PRD0057,685,418,179,924,R4,2.23,0
2023-05-14,STR022,PRD0053,584,121,73,632,R3,5.0,0
2023-02-12,STR046,PRD0050,618,243,446,415,R3,3.75,0
2024-07-28,STR046,PRD0095,965,346,5,1306,R3,0.31,0
2023-09-17,STR018,PRD0106,550,227,461,316,R5,0.0,0
2024-04-07,STR030,PRD0076,225,205,62,368,R5,2.87,0
2024-01-21,STR046,PRD0090,375,379,106,648,R3,1.34,0
2023-03-26,STR003,PRD0093,611,355,7,959,R3,2.83,0
2023-07-23,STR007,PRD0141,658,209,155,712,R5,4.2,0
2024-09-08,STR027,PRD0145,746,154,527,373,R1,2.41,0
2023-03-19,STR050,PRD0139,370,3,100,273,R2,1.19,0
2024-06-23,STR033,PRD0039,578,380,436,522,R1,4.73,0
2024-06-23,STR040,PRD0036,272,81,114,239,R2,4.07,0
2023-09-10,STR012,PRD0118,306,154,390,70,R4,1.15,1
2023-06-11,STR003,PRD0083,813,65,158,720,R3,4.95,0
2024-05-26,STR009,PRD0145,395,271,74,592,R5,0.55,0
2024-08-18,STR048,PRD0127,385,219,265,339,R2,0.02,0
2024-06-23,STR011,PRD0004,301,59,306,54,R4,0.36,1
2023-02-26,STR038,PRD0034,116,19,105,30,R3,3.29,1
2023-03-05,STR023,PRD0134,461,79,308,232,R5,2.11,0
2023-04-02,STR031,PRD0023,429,30,323,136,R5,1.66,0
2024-07-07,STR001,PRD0109,478,499,108,869,R2,0.39,0
2024-05-05,STR021,PRD0145,429,380,187,622,R3,3.68,0
2023-04-16,STR035,PRD0034,204,107,283,28,R5,0.33,1
2024-04-28,STR046,PRD0020,793,428,261,960,R3,4.91,0
2024-08-04,STR050,PRD0124,482,124,589,17,R2,0.11,1
2023-07-30,STR031,PRD0081,319,71,256,134,R5,3.64,0
2023-02-26,STR047,PRD0048,921,384,111,1194,R2,1.33,0
2024-05-12,STR004,PRD0092,489,408,463,434,R4,0.52,0
2024-04-14,STR032,PRD0034,437,491,335,593,R2,3.64,0
2023-04-02,STR007,PRD0022,365,380,576,169,R5,1.02,0
2024-04-14,STR014,PRD0153,748,343,512,579,R5,3.94,0
2024-10-27,STR001,PRD0121,402,228,400,230,R2,0.04,0
2024-01-28,STR039,PRD0122,273,408,507,174,R5,1.19,0
2024-04-21,STR036,PRD0145,906,438,361,983,R3,0.28,0
2024-06-16,STR015,PRD0114,472,479,193,758,R5,4.54,0
2023-10-15,STR042,PRD0038,797,394,75,1116,R3,0.85,0
2023-09-10,STR004,PRD0119,584,479,145,918,R4,3.56,0
2023-08-27,STR043,PRD0031,626,78,544,160,R1,0.81,0
2023-03-19,STR017,PRD0127,159,289,344,104,R2,0.74,0
2023-06-11,STR032,PRD0149,873,98,547,424,R2,2.51,0
2023-07-16,STR025,PRD0091,261,237,140,358,R4,1.36,0
2023-05-07,STR019,PRD0065,302,34,216,120,R3,4.93,0
2024-05-12,STR008,PRD0047,692,282,177,797,R2,4.46,0
2023-02-05,STR017,PRD0008,477,249,144,582,R2,3.73,0
2023-04-23,STR002,PRD0085,920,63,109,874,R2,4.9,0
2023-09-17,STR022,PRD0008,738,88,377,449,R3,3.56,0
2023-08-20,STR029,PRD0124,488,2,366,124,R2,1.82,0
2023-09-03,STR031,PRD0119,955,331,299,987,R5,1.43,0
2024-06-02,STR021,PRD0151,143,167,0,310,R3,0.62,0
2024-06-30,STR030,PRD0103,650,284,88,846,R5,1.46,0
2024-01-28,STR014,PRD0066,551,331,3,879,R5,1.34,0
2024-03-03,STR039,PRD0016,555,20,431,144,R5,0.43,0
2023-09-10,STR038,PRD0033,521,204,556,169,R3,3.1,0
2024-05-19,STR044,PRD0090,398,268,79,587,R5,2.86,0
2024-06-09,STR044,PRD0115,157,351,40,468,R5,2.26,0
2024-05-26,STR021,PRD0004,379,413,348,444,R3,0.56,0
2024-02-11,STR014,PRD0126,758,492,180,1070,R5,3.75,0
2023-12-03,STR007,PRD0100,666,24,277,413,R5,0.38,0
2024-06-16,STR050,PRD0013,191,48,178,61,R2,4.7,1
2024-01-14,STR038,PRD0038,456,202,323,335,R3,4.92,0
2024-06-09,STR050,PRD0149,158,436,253,341,R2,2.58,0
2024-11-10,STR041,PRD0036,432,143,220,355,R5,0.13,0
2023-04-16,STR039,PRD0148,275,393,244,424,R5,1.3,0
2024-11-10,STR013,PRD0028,810,328,138,1000,R2,2.93,0
2024-01-21,STR001,PRD0137,897,488,389,996,R2,0.29,0
2023-07-09,STR045,PRD0021,850,0,198,652,R4,0.15,0
2024-09-29,STR023,PRD0155,676,496,318,854,R5,1.13,0
2024-06-23,STR032,PRD0004,145,153,161,137,R2,1.81,0
2024-05-05,STR034,PRD0089,705,274,523,456,R4,2.39,0
2023-12-17,STR014,PRD0115,891,194,445,640,R5,3.27,0
2023-01-08,STR005,PRD0082,871,70,104,837,R1,1.63,0
2024-06-23,STR049,PRD0001,747,0,110,637,R3,3.93,0
2024-05-26,STR027,PRD0135,185,153,248,90,R1,2.81,1
2024-06-02,STR031,PRD0072,869,102,455,516,R5,0.31,0
2023-04-09,STR010,PRD0117,966,107,148,925,R1,0.68,0
2023-05-21,STR046,PRD0117,993,466,14,1445,R3,4.22,0
2024-08-04,STR005,PRD0055,584,141,318,407,R1,0.6,0
2024-03-31,STR029,PRD0135,589,185,299,475,R2,0.81,0
2023-08-20,STR022,PRD0119,128,463,493,98,R3,1.31,1
2024-03-24,STR042,PRD0069,782,292,135,939,R3,2.09,0
2023-06-25,STR021,PRD0144,363,332,43,652,R3,1.56,0
2024-04-28,STR048,PRD0105,923,446,295,1074,R2,3.97,0
2023-08-27,STR004,PRD0005,774,125,454,445,R4,0.37,0
2024-05-05,STR008,PRD0060,508,260,552,216,R2,4.44,0
2024-09-01,STR036,PRD0092,757,290,547,500,R3,4.44,0
2024-01-14,STR018,PRD0015,803,194,115,882,R5,3.94,0
2024-06-16,STR006,PRD0050,716,0,64,652,R2,4.54,0
2023-03-19,STR027,PRD0003,792,284,241,835,R1,4.77,0
2024-05-05,STR030,PRD0102,334,276,452,158,R5,3.7,0
2024-07-07,STR034,PRD0085,852,157,506,503,R4,0.62,0
2023-11-12,STR043,PRD0055,357,20,312,65,R1,4.58,1
2024-09-08,STR029,PRD0032,661,286,153,794,R2,4.5,0
2023-11-12,STR021,PRD0113,868,491,218,1141,R3,4.88,0
2023-03-26,STR040,PRD0102,638,231,351,518,R2,2.95,0
2024-05-12,STR010,PRD0071,270,279,500,49,R1,0.82,1
2024-05-19,STR006,PRD0149,763,285,112,936,R2,0.27,0
2024-08-04,STR040,PRD0070,544,135,437,242,R2,2.51,0
2024-01-21,STR037,PRD0041,400,350,105,645,R1,1.21,0
2024-03-24,STR015,PRD0100,617,87,39,665,R5,0.74,0
2024-02-11,STR002,PRD0002,131,68,108,91,R2,2.16,1
2024-03-17,STR029,PRD0096,549,295,171,673,R2,2.13,0
2024-05-12,STR020,PRD0149,245,207,83,369,R3,1.74,0
2024-04-21,STR038,PRD0154,377,492,163,706,R3,2.28,0
2023-11-26,STR011,PRD0098,809,395,46,1158,R4,3.21,0
2024-05-12,STR043,PRD0067,295,445,104,636,R1,1.14,0
2023-09-17,STR048,PRD0070,996,495,554,937,R2,3.63,0
2024-06-09,STR046,PRD0115,395,16,30,381,R3,3.18,0
2024-02-11,STR015,PRD0134,839,134,578,395,R5,2.26,0
2024-06-02,STR030,PRD0029,739,499,575,663,R5,0.76,0
2024-04-07,STR023,PRD0027,945,28,525,448,R5,4.13,0
2024-04-28,STR016,PRD0071,619,39,169,489,R2,4.99,0
2024-10-27,STR033,PRD0093,563,103,319,347,R1,0.37,0
2024-10-20,STR008,PRD0125,503,245,227,521,R2,4.82,0
2024-09-22,STR006,PRD0019,723,236,315,644,R2,0.5,0
2024-04-28,STR042,PRD0156,484,230,545,169,R3,3.95,0
2023-03-26,STR045,PRD0067,674,273,268,679,R4,1.86,0
2023-04-23,STR036,PRD0125,853,289,249,893,R3,3.36,0
2024-02-04,STR019,PRD0044,952,140,407,685,R3,4.22,0
2024-05-05,STR001,PRD0004,780,105,548,337,R2,4.95,0
2024-06-02,STR041,PRD0001,540,496,315,721,R5,0.04,0
2024-04-14,STR041,PRD0076,765,3,30,738,R5,4.35,0
2024-04-21,STR014,PRD0158,955,441,241,1155,R5,4.32,0
2023-03-26,STR017,PRD0062,856,179,527,508,R2,1.53,0
2024-07-28,STR011,PRD0077,951,415,303,1063,R4,2.02,0
2023-05-07,STR010,PRD0084,743,9,493,259,R1,3.74,0
2023-10-29,STR013,PRD0103,657,179,449,387,R2,2.07,0
2023-08-13,STR031,PRD0138,377,500,208,669,R5,4.7,0
2024-03-10,STR010,PRD0118,448,149,491,106,R1,4.29,0
2023-08-27,STR043,PRD0070,339,410,451,298,R1,0.36,0
2023-09-10,STR039,PRD0049,593,344,216,721,R5,4.93,0
2023-08-13,STR040,PRD0033,120,493,76,537,R2,4.22,0
2024-06-02,STR003,PRD0076,842,251,120,973,R3,4.86,0
2023-01-15,STR018,PRD0055,995,7,187,815,R5,4.33,0
2024-05-19,STR024,PRD0019,166,295,421,40,R5,1.33,1
2024-09-29,STR032,PRD0098,273,5,105,173,R2,1.64,0
2023-07-23,STR044,PRD0063,861,310,226,945,R5,3.65,0
2023-12-03,STR014,PRD0034,660,303,0,963,R5,0.33,0
2023-02-12,STR029,PRD0077,544,35,497,82,R2,4.02,1
2024-12-29,STR001,PRD0029,413,167,356,224,R2,2.23,0
2023-12-10,STR027,PRD0115,811,146,187,770,R1,4.78,0
2024-05-12,STR033,PRD0022,321,471,208,584,R1,0.24,0
2023-09-24,STR012,PRD0130,531,257,173,615,R4,0.27,0
2023-12-03,STR030,PRD0125,774,24,346,452,R5,3.49,0
2023-12-24,STR025,PRD0040,557,379,431,505,R4,1.36,0
2024-01-28,STR021,PRD0131,294,373,245,422,R3,2.68,0
2023-10-22,STR043,PRD0038,451,318,129,640,R1,2.68,0
2024-11-24,STR027,PRD0108,842,233,255,820,R1,0.7,0
2024-11-24,STR019,PRD0156,578,69,189,458,R3,1.3,0
2024-11-24,STR044,PRD0053,659,483,416,726,R5,4.06,0
2024-03-03,STR038,PRD0036,448,126,502,72,R3,4.31,1
2023-04-30,STR015,PRD0051,821,179,420,580,R5,2.13,0
2023-08-13,STR010,PRD0019,775,237,343,669,R1,2.31,0
2023-05-28,STR048,PRD0157,166,441,155,452,R2,3.85,0
2024-04-07,STR044,PRD0021,521,32,369,184,R5,4.75,0
2024-04-28,STR007,PRD0115,104,375,121,358,R5,2.47,0
2024-05-26,STR005,PRD0154,989,297,204,1082,R1,1.18,0
2023-07-02,STR018,PRD0053,378,345,296,427,R5,1.85,0
2024-03-31,STR037,PRD0135,672,40,26,686,R1,2.26,0
2024-12-01,STR050,PRD0135,147,427,71,503,R2,2.07,0
2023-11-19,STR040,PRD0063,190,428,224,394,R2,0.42,0
2024-12-15,STR035,PRD0105,467,498,36,929,R5,2.69,0
2024-04-07,STR029,PRD0010,422,341,131,632,R2,3.13,0
2023-09-24,STR020,PRD0150,629,255,21,863,R3,0.6,0
2023-04-16,STR001,PRD0139,945,165,140,970,R2,3.74,0
2023-03-12,STR040,PRD0153,201,438,563,76,R2,2.07,1
2024-03-24,STR050,PRD0066,773,134,305,602,R2,2.38,0
2023-08-06,STR015,PRD0012,969,232,73,1128,R5,2.86,0
2023-11-19,STR050,PRD0155,425,70,36,459,R2,4.78,0
2024-11-24,STR033,PRD0160,277,256,233,300,R1,4.64,0
2024-12-01,STR026,PRD0107,571,4,504,71,R3,2.03,1
2024-07-28,STR040,PRD0065,870,296,249,917,R2,3.68,0
2024-01-21,STR011,PRD0033,298,93,76,315,R4,1.6,0
2024-02-18,STR012,PRD0133,333,223,20,536,R4,1.81,0
2024-02-11,STR033,PRD0055,813,457,265,1005,R1,4.18,0
2024-03-03,STR030,PRD0146,624,257,411,470,R5,4.21,0
2023-06-25,STR034,PRD0096,408,292,581,119,R4,3.25,0
2024-05-19,STR007,PRD0053,762,76,409,429,R5,2.36,0
2023-02-05,STR033,PRD0047,245,320,114,451,R1,1.04,0
2023-03-26,STR009,PRD0091,126,401,163,364,R5,4.08,0
2024-05-19,STR041,PRD0142,600,87,491,196,R5,3.43,0
2023-10-22,STR012,PRD0087,226,51,211,66,R4,2.81,1
2023-12-24,STR017,PRD0088,150,351,372,129,R2,3.97,0
2023-05-28,STR036,PRD0159,104,389,426,67,R3,0.2,1
2024-12-22,STR015,PRD0112,136,234,270,100,R5,3.44,0
2023-11-12,STR035,PRD0053,389,55,41,403,R5,1.08,0
2024-04-21,STR008,PRD0128,166,32,121,77,R2,3.38,1
2023-07-16,STR012,PRD0087,942,395,496,841,R4,4.57,0
2023-02-26,STR031,PRD0054,264,302,472,94,R5,3.34,1
2023-01-29,STR011,PRD0001,593,97,289,401,R4,4.83,0
2023-09-17,STR001,PRD0051,506,469,338,637,R2,3.06,0
2024-11-10,STR049,PRD0068,867,50,580,337,R3,1.18,0
2024-05-19,STR031,PRD0148,643,363,411,595,R5,0.26,0
2024-01-21,STR008,PRD0001,773,199,321,651,R2,4.79,0
2023-08-06,STR018,PRD0078,707,380,206,881,R5,3.82,0
2024-07-07,STR002,PRD0057,679,495,63,1111,R2,2.19,0
2024-12-29,STR042,PRD0101,528,277,492,313,R3,3.11,0
2023-06-11,STR037,PRD0154,760,207,232,735,R1,2.39,0
2023-10-01,STR014,PRD0001,490,167,260,397,R5,2.71,0
2024-06-16,STR015,PRD0153,191,211,245,157,R5,1.03,0
2023-01-22,STR003,PRD0025,985,371,429,927,R3,3.47,0
2024-02-18,STR048,PRD0022,301,395,81,615,R2,4.99,0
2024-07-14,STR035,PRD0160,123,304,8,419,R5,2.24,0
2023-10-22,STR002,PRD0004,997,458,527,928,R2,3.45,0
2024-04-21,STR039,PRD0148,842,374,361,855,R5,2.74,0
2024-06-30,STR022,PRD0015,230,443,496,177,R3,3.23,0
2023-02-05,STR033,PRD0027,159,169,265,63,R1,3.31,1
2024-07-14,STR007,PRD0075,1000,46,38,1008,R5,2.93,0
2023-08-13,STR036,PRD0135,792,487,272,1007,R3,3.51,0
2023-09-03,STR003,PRD0136,612,432,127,917,R3,1.49,0
2024-04-14,STR040,PRD0150,360,136,241,255,R2,0.94,0
2024-09-29,STR039,PRD0039,834,188,526,496,R5,2.63,0
2024-12-29,STR014,PRD0004,794,439,536,697,R5,2.26,0
2023-03-19,STR028,PRD0110,351,461,167,645,R3,3.46,0
2023-10-29,STR005,PRD0149,276,181,353,104,R1,2.37,0
2024-03-10,STR009,PRD0075,843,343,545,641,R5,4.0,0
2024-03-24,STR029,PRD0121,475,449,33,891,R2,4.63,0
2023-01-22,STR033,PRD0111,293,140,193,240,R1,3.65,0
2024-07-21,STR014,PRD0061,237,374,390,221,R5,2.25,0
2024-06-23,STR035,PRD0007,462,176,206,432,R5,0.3,0
2024-08-18,STR034,PRD0064,561,212,326,447,R4,2.73,0
2024-02-11,STR018,PRD0096,589,71,495,165,R5,2.24,0
2023-04-16,STR029,PRD0029,231,421,512,140,R2,2.13,0
2023-06-18,STR044,PRD0014,845,33,352,526,R5,0.67,0
2024-12-22,STR047,PRD0129,473,121,290,304,R2,3.06,0
2023-10-22,STR043,PRD0043,900,158,20,1038,R1,1.45,0
2024-05-12,STR040,PRD0067,640,130,110,660,R2,4.23,0
2023-11-05,STR001,PRD0117,813,339,54,1098,R2,4.02,0
2024-07-14,STR016,PRD0079,137,50,127,60,R2,4.32,1
2024-01-28,STR012,PRD0087,522,111,462,171,R4,3.48,0
2024-02-11,STR029,PRD0070,683,165,468,380,R2,0.39,0
2023-05-21,STR016,PRD0048,957,157,116,998,R2,2.07,0
2023-01-08,STR044,PRD0010,597,248,265,580,R5,4.79,0
2024-09-08,STR049,PRD0056,551,128,522,157,R3,1.83,0
2024-02-04,STR003,PRD0124,187,222,127,282,R3,1.14,0
2023-04-09,STR012,PRD0024,965,213,109,1069,R4,4.99,0
2024-06-16,STR049,PRD0130,826,185,325,686,R3,1.54,0
2024-01-21,STR013,PRD0044,650,306,437,519,R2,0.92,0
2023-03-12,STR031,PRD0118,796,85,15,866,R5,1.67,0
2024-07-28,STR005,PRD0124,184,152,37,299,R1,3.24,0
2023-09-10,STR035,PRD0015,406,436,22,820,R5,1.4,0
2023-01-15,STR025,PRD0005,727,70,67,730,R4,0.53,0
2024-10-06,STR047,PRD0047,473,440,253,660,R2,2.79,0
2024-09-22,STR047,PRD0138,333,222,53,502,R2,4.97,0
2024-06-23,STR025,PRD0132,264,412,19,657,R4,3.49,0
2023-01-15,STR028,PRD0074,856,219,10,1065,R3,2.75,0
2023-04-30,STR014,PRD0148,493,117,31,579,R5,3.74,0
2024-09-22,STR037,PRD0151,316,337,480,173,R1,0.32,0
2023-11-19,STR042,PRD0085,665,174,519,320,R3,2.65,0
2024-09-08,STR021,PRD0060,528,18,134,412,R3,0.12,0
2024-07-14,STR044,PRD0004,678,107,39,746,R5,3.21,0
2023-01-08,STR006,PRD0135,313,483,216,580,R2,3.46,0
2024-12-08,STR014,PRD0106,578,384,526,436,R5,4.41,0
2023-08-20,STR042,PRD0015,949,240,519,670,R3,0.71,0
2023-04-23,STR041,PRD0022,398,75,304,169,R5,0.68,0
2023-12-17,STR020,PRD0001,424,104,521,7,R3,3.32,1
2023-10-29,STR046,PRD0084,444,397,115,726,R3,2.43,0
2024-04-28,STR018,PRD0063,288,7,242,53,R5,0.9,1
2023-12-10,STR001,PRD0040,741,334,166,909,R2,3.82,0
2024-07-07,STR031,PRD0055,563,490,184,869,R5,1.8,0
2023-04-09,STR006,PRD0039,920,102,394,628,R2,4.56,0
2023-06-11,STR003,PRD0041,456,189,434,211,R3,0.1,0
2023-11-05,STR032,PRD0121,432,222,561,93,R2,4.75,1
2024-09-22,STR026,PRD0094,163,30,9,184,R3,2.73,0
2024-08-04,STR020,PRD0015,771,412,561,622,R3,2.76,0
2024-05-12,STR021,PRD0119,167,226,203,190,R3,1.94,0
2023-10-15,STR040,PRD0100,596,261,296,561,R2,4.58,0
2024-09-01,STR020,PRD0060,246,15,190,71,R3,0.99,1
2023-11-05,STR033,PRD0079,760,383,203,940,R1,2.38,0
2024-12-15,STR044,PRD0049,645,485,523,607,R5,1.14,0
2024-09-29,STR009,PRD0109,423,213,48,588,R5,0.14,0
2023-12-24,STR012,PRD0077,103,127,188,42,R4,2.54,1
2023-03-12,STR001,PRD0003,555,316,89,782,R2,2.22,0
2023-08-20,STR027,PRD0154,663,437,243,857,R1,3.96,0
2024-06-09,STR006,PRD0063,469,38,125,382,R2,2.74,0
2023-03-05,STR045,PRD0025,474,337,366,445,R4,0.83,0
2024-03-24,STR029,PRD0047,848,197,337,708,R2,0.87,0
2023-09-03,STR029,PRD0026,663,264,450,477,R2,2.72,0
2024-08-04,STR050,PRD0093,885,303,203,985,R2,4.37,0
2023-10-29,STR035,PRD0080,484,40,246,278,R5,2.27,0
2023-02-19,STR017,PRD0050,789,297,342,744,R2,3.4,0
2024-12-29,STR018,PRD0091,531,275,83,723,R5,2.18,0
2023-12-24,STR019,PRD0003,897,139,434,602,R3,3.58,0
2023-10-22,STR044,PRD0109,226,219,309,136,R5,4.86,0
2023-10-08,STR012,PRD0140,177,15,17,175,R4,3.12,0
2024-09-01,STR036,PRD0087,203,470,99,574,R3,0.82,0
2023-01-29,STR033,PRD0090,553,328,482,399,R1,4.65,0
2024-03-10,STR012,PRD0152,390,2,376,16,R4,2.48,1
2023-07-30,STR011,PRD0138,655,254,281,628,R4,2.24,0
2024-05-26,STR031,PRD0119,657,493,141,1009,R5,2.66,0
2023-10-22,STR028,PRD0157,310,100,80,330,R3,3.44,0
2024-09-08,STR003,PRD0098,701,335,361,675,R3,0.3,0
2023-02-12,STR048,PRD0136,453,472,416,509,R2,2.14,0
2024-01-07,STR038,PRD0110,948,248,417,779,R3,3.56,0
2024-01-14,STR043,PRD0037,851,385,567,669,R1,3.33,0
2023-05-28,STR045,PRD0087,687,93,567,213,R4,2.49,0
2023-07-23,STR022,PRD0018,856,477,263,1070,R3,4.54,0
2023-12-31,STR020,PRD0153,612,240,162,690,R3,2.26,0
2024-07-07,STR049,PRD0026,965,395,483,877,R3,0.13,0
2023-01-01,STR003,PRD0013,909,109,261,757,R3,2.86,0
2024-03-17,STR007,PRD0034,441,441,199,683,R5,1.2,0
2023-09-03,STR006,PRD0103,659,181,217,623,R2,1.43,0
2023-06-11,STR044,PRD0053,185,209,192,202,R5,4.91,0
2023-01-29,STR012,PRD0063,717,7,458,266,R4,2.93,0
2024-06-30,STR024,PRD0097,732,107,472,367,R5,0.07,0
2024-11-10,STR041,PRD0052,303,2,226,79,R5,3.28,1
2023-04-02,STR036,PRD0019,535,101,481,155,R3,1.34,0
2023-10-08,STR050,PRD0048,241,250,280,211,R2,3.12,0
2024-04-14,STR046,PRD0020,262,404,147,519,R3,2.27,0
2023-05-14,STR050,PRD0140,372,274,595,51,R2,4.37,1
2023-07-30,STR007,PRD0125,728,330,459,599,R5,2.24,0
2024-08-18,STR003,PRD0154,672,225,451,446,R3,1.32,0
2023-06-18,STR014,PRD0018,231,241,180,292,R5,0.8,0
2023-08-06,STR009,PRD0042,274,242,348,168,R5,4.31,0
2024-08-04,STR034,PRD0141,696,182,236,642,R4,1.35,0
2024-07-21,STR011,PRD0083,149,254,349,54,R4,4.45,1
2023-12-24,STR018,PRD0018,225,222,304,143,R5,0.53,0
2024-05-19,STR026,PRD0079,956,38,343,651,R3,4.02,0
2023-09-03,STR030,PRD0096,250,415,470,195,R5,0.88,0
2024-01-07,STR037,PRD0019,669,175,238,606,R1,4.89,0
2023-12-17,STR044,PRD0033,946,242,567,621,R5,3.86,0
2024-02-04,STR041,PRD0151,430,252,279,403,R5,0.47,0
2024-06-30,STR019,PRD0065,551,136,577,110,R3,0.42,0
2023-09-03,STR047,PRD0035,639,12,381,270,R2,4.79,0
2024-10-27,STR048,PRD0156,932,360,583,709,R2,3.14,0
2023-01-15,STR024,PRD0010,679,186,129,736,R5,1.39,0
2024-10-20,STR019,PRD0027,342,323,488,177,R3,3.0,0
2024-03-24,STR025,PRD0096,717,470,378,809,R4,0.31,0
2024-02-04,STR005,PRD0158,497,72,73,496,R1,4.99,0
2023-12-24,STR014,PRD0100,551,378,373,556,R5,3.22,0
2024-08-25,STR024,PRD0104,839,44,28,855,R5,4.18,0
2024-10-13,STR040,PRD0053,174,194,13,355,R2,1.37,0
2023-05-07,STR019,PRD0123,157,242,246,153,R3,0.82,0
2024-04-21,STR006,PRD0043,586,70,230,426,R2,2.26,0
2024-02-18,STR036,PRD0020,811,269,149,931,R3,3.19,0
2024-11-17,STR028,PRD0045,622,264,571,315,R3,2.67,0
2023-04-23,STR043,PRD0026,579,50,18,611,R1,4.64,0
2024-10-13,STR013,PRD0021,365,78,338,105,R2,3.31,0
2023-02-05,STR001,PRD0084,334,453,317,470,R2,3.27,0
2024-08-04,STR019,PRD0131,453,295,10,738,R3,1.98,0
2024-04-21,STR022,PRD0022,814,353,168,999,R3,4.27,0
2024-11-03,STR040,PRD0098,972,406,393,985,R2,1.23,0
2023-08-27,STR001,PRD0071,749,271,268,752,R2,0.2,0
2023-12-24,STR032,PRD0105,360,411,411,360,R2,2.33,0
2023-12-31,STR019,PRD0090,645,281,110,816,R3,0.47,0
2024-02-04,STR042,PRD0098,545,232,324,453,R3,1.25,0
2023-04-09,STR038,PRD0038,990,266,352,904,R3,0.3,0
2023-10-08,STR020,PRD0080,128,398,448,78,R3,1.92,1
2024-12-08,STR035,PRD0016,585,480,235,830,R5,0.2,0
2024-01-07,STR048,PRD0015,694,220,461,453,R2,0.93,0
2024-04-14,STR007,PRD0002,679,228,592,315,R5,0.6,0
2024-06-30,STR044,PRD0008,213,466,269,410,R5,4.44,0
2023-09-24,STR043,PRD0007,160,301,125,336,R1,2.73,0
2024-09-01,STR001,PRD0096,615,341,366,590,R2,1.0,0
2023-12-03,STR010,PRD0155,519,170,369,320,R1,0.25,0
2024-09-01,STR045,PRD0125,572,421,486,507,R4,0.96,0
2024-03-24,STR014,PRD0080,198,161,186,173,R5,0.46,0
2023-09-17,STR035,PRD0022,322,187,399,110,R5,1.15,0
2023-12-24,STR015,PRD0035,812,441,513,740,R5,0.7,0
2023-07-09,STR029,PRD0128,493,5,389,109,R2,2.63,0
2024-07-14,STR009,PRD0020,116,312,343,85,R5,3.29,1
2023-07-02,STR010,PRD0035,245,133,257,121,R1,4.65,0
2024-07-28,STR036,PRD0157,828,464,244,1048,R3,2.24,0
2024-02-25,STR033,PRD0118,686,49,314,421,R1,3.64,0
2023-10-08,STR040,PRD0063,406,344,430,320,R2,0.25,0
2023-11-12,STR026,PRD0156,882,404,548,738,R3,4.11,0
2024-12-22,STR037,PRD0142,407,3,276,134,R1,4.93,0
2023-06-04,STR038,PRD0006,801,306,495,612,R3,3.3,0
2023-09-03,STR026,PRD0023,812,350,511,651,R3,4.62,0
2023-09-10,STR034,PRD0044,997,406,499,904,R4,4.17,0
2024-11-17,STR046,PRD0028,916,428,506,838,R3,2.54,0
2023-11-26,STR045,PRD0077,180,479,168,491,R4,4.1,0
2023-10-22,STR003,PRD0075,230,317,180,367,R3,1.62,0
2023-12-17,STR031,PRD0039,767,199,396,570,R5,3.2,0
2024-03-03,STR012,PRD0074,271,61,63,269,R4,2.74,0
2023-09-03,STR035,PRD0005,924,234,108,1050,R5,2.54,0
2023-02-05,STR038,PRD0070,245,314,501,58,R3,4.3,1
2023-07-09,STR037,PRD0114,871,498,377,992,R1,2.78,0
2023-06-11,STR041,PRD0037,201,256,420,37,R5,0.57,1
2024-07-21,STR010,PRD0122,361,366,384,343,R1,1.06,0
2024-03-03,STR008,PRD0126,150,268,72,346,R2,2.63,0
2023-05-28,STR032,PRD0121,951,68,487,532,R2,1.14,0
2024-10-20,STR004,PRD0040,929,12,428,513,R4,0.43,0
2023-03-26,STR046,PRD0030,145,168,143,170,R3,4.83,0
2023-09-03,STR009,PRD0029,486,79,78,487,R5,0.14,0
2024-01-14,STR008,PRD0128,779,15,468,326,R2,2.63,0
2023-10-01,STR016,PRD0068,861,248,192,917,R2,2.42,0
2024-09-22,STR010,PRD0036,251,306,210,347,R1,3.93,0
2024-06-02,STR039,PRD0107,583,133,513,203,R5,3.76,0
2023-08-13,STR046,PRD0063,138,329,452,15,R3,3.41,1
2023-10-15,STR044,PRD0156,210,250,147,313,R5,4.98,0
2023-03-19,STR020,PRD0134,348,185,47,486,R3,4.6,0
2024-03-31,STR003,PRD0160,246,3,125,124,R3,0.5,0
2023-12-03,STR038,PRD0128,336,28,353,11,R3,4.88,1
2024-02-18,STR024,PRD0026,144,73,72,145,R5,1.15,0
2023-11-26,STR039,PRD0068,134,10,8,136,R5,0.07,0
2023-08-20,STR023,PRD0118,708,59,484,283,R5,3.82,0
2023-03-05,STR015,PRD0092,885,338,396,827,R5,3.81,0
2023-09-24,STR019,PRD0026,155,491,231,415,R3,4.36,0
2023-01-22,STR014,PRD0020,523,390,296,617,R5,4.54,0
2024-08-04,STR045,PRD0002,641,466,25,1082,R4,2.94,0
2024-03-03,STR050,PRD0122,652,368,475,545,R2,4.58,0
2024-11-03,STR008,PRD0127,637,47,498,186,R2,3.74,0
2024-01-07,STR043,PRD0072,882,307,218,971,R1,1.74,0
2023-10-15,STR025,PRD0051,937,431,79,1289,R4,3.83,0
2023-01-08,STR040,PRD0068,977,493,3,1467,R2,2.69,0
2024-09-15,STR041,PRD0159,520,60,218,362,R5,4.14,0
2024-12-29,STR019,PRD0086,171,45,110,106,R3,4.58,0
2023-07-02,STR040,PRD0142,976,299,461,814,R2,2.96,0
2023-01-15,STR042,PRD0027,515,192,244,463,R3,1.14,0
2023-01-01,STR035,PRD0019,707,343,227,823,R5,2.55,0
2024-04-21,STR024,PRD0135,800,165,312,653,R5,3.92,0
2024-08-18,STR007,PRD0113,582,416,120,878,R5,4.52,0
2023-04-30,STR022,PRD0003,861,17,504,374,R3,4.7,0
2023-01-15,STR015,PRD0053,500,414,333,581,R5,3.68,0
2024-10-27,STR009,PRD0076,483,391,510,364,R5,0.08,0
2024-07-28,STR023,PRD0022,165,336,343,158,R5,0.11,0
2024-02-25,STR033,PRD0155,721,399,350,770,R1,4.59,0
2024-07-28,STR001,PRD0113,681,8,301,388,R2,3.95,0
2024-12-01,STR005,PRD0057,473,168,298,343,R1,4.19,0
2023-04-30,STR018,PRD0040,622,5,203,424,R5,1.16,0
2023-11-12,STR007,PRD0013,260,299,354,205,R5,0.94,0
2023-04-02,STR029,PRD0023,952,127,168,911,R2,4.26,0
2024-08-11,STR008,PRD0138,230,54,87,197,R2,1.81,0
2024-12-01,STR012,PRD0053,948,72,142,878,R4,1.84,0
2024-04-14,STR043,PRD0150,245,289,322,212,R1,1.37,0
2024-03-10,STR022,PRD0102,271,297,555,13,R3,0.81,1
2024-02-25,STR048,PRD0087,118,307,281,144,R2,4.56,0
2023-01-01,STR038,PRD0015,105,169,155,119,R3,4.25,0
2024-09-15,STR039,PRD0004,536,254,412,378,R5,0.94,0
2023-04-30,STR006,PRD0131,899,246,178,967,R2,1.3,0
2023-07-09,STR027,PRD0148,972,9,118,863,R1,2.77,0
2023-04-09,STR048,PRD0149,617,179,362,434,R2,3.24,0
2023-07-16,STR043,PRD0072,315,91,94,312,R1,4.14,0
2024-10-13,STR044,PRD0084,548,293,565,276,R5,2.49,0
2024-01-28,STR002,PRD0057,507,73,346,234,R2,0.77,0
2023-04-16,STR022,PRD0146,251,189,427,13,R3,4.46,1
2024-10-20,STR047,PRD0002,226,449,444,231,R2,3.75,0
2024-05-05,STR007,PRD0092,937,442,421,958,R5,2.05,0
2024-01-21,STR015,PRD0017,904,134,100,938,R5,0.79,0
2024-03-03,STR009,PRD0106,536,179,53,662,R5,3.63,0
2024-06-30,STR050,PRD0014,726,279,372,633,R2,1.9,0
2023-11-12,STR034,PRD0061,812,2,600,214,R4,3.12,0
2023-07-02,STR038,PRD0119,773,231,351,653,R3,0.32,0
2023-03-19,STR036,PRD0017,617,154,372,399,R3,3.02,0
2024-06-02,STR040,PRD0158,523,133,72,584,R2,1.13,0
2023-07-09,STR001,PRD0076,744,33,135,642,R2,3.51,0
2023-05-28,STR014,PRD0102,572,374,290,656,R5,4.92,0
2023-04-16,STR011,PRD0141,518,378,496,400,R4,4.93,0
2023-03-12,STR040,PRD0148,667,467,493,641,R2,4.69,0
2024-10-27,STR020,PRD0023,987,33,277,743,R3,2.46,0
2023-08-20,STR027,PRD0132,385,321,92,614,R1,4.35,0
2024-02-11,STR033,PRD0102,451,238,537,152,R1,3.79,0
2024-07-28,STR007,PRD0034,270,327,248,349,R5,2.29,0
2023-07-02,STR043,PRD0129,291,253,261,283,R1,4.47,0
2024-01-14,STR020,PRD0003,299,357,30,626,R3,1.72,0
2023-09-10,STR014,PRD0136,990,397,483,904,R5,1.02,0
2023-01-01,STR045,PRD0093,634,203,317,520,R4,3.63,0
2024-09-22,STR045,PRD0144,581,400,356,625,R4,3.49,0
2024-03-17,STR035,PRD0144,347,371,71,647,R5,0.95,0
2023-01-22,STR014,PRD0028,314,212,373,153,R5,4.64,0
2023-12-24,STR030,PRD0110,220,384,524,80,R5,1.72,1
2023-10-29,STR012,PRD0121,158,432,200,390,R4,1.68,0
2024-04-28,STR037,PRD0129,826,483,477,832,R1,4.06,0
2023-02-05,STR019,PRD0146,256,135,69,322,R3,2.93,0
2024-12-29,STR031,PRD0151,320,6,98,228,R5,1.93,0
2024-10-06,STR006,PRD0137,966,236,202,1000,R2,0.22,0
2023-06-25,STR018,PRD0148,489,412,177,724,R5,4.64,0
2024-12-01,STR007,PRD0151,341,296,119,518,R5,0.84,0
2024-07-14,STR016,PRD0143,141,344,410,75,R2,2.82,1
2023-10-22,STR036,PRD0118,530,396,104,822,R3,2.66,0
2024-07-07,STR041,PRD0104,548,166,327,387,R5,3.96,0
2023-02-26,STR042,PRD0048,830,333,5,1158,R3,0.64,0
2023-10-15,STR039,PRD0123,672,107,351,428,R5,1.6,0
2023-11-12,STR001,PRD0011,831,8,106,733,R2,0.26,0
2023-02-19,STR001,PRD0092,759,465,524,700,R2,4.73,0
2023-01-22,STR011,PRD0114,291,384,542,133,R4,2.76,0
2024-08-18,STR048,PRD0126,457,383,288,552,R2,4.29,0
2024-03-17,STR031,PRD0107,609,166,503,272,R5,3.78,0
2024-05-26,STR036,PRD0003,749,185,149,785,R3,2.79,0
2024-12-15,STR038,PRD0094,400,470,561,309,R3,2.96,0
2024-11-03,STR005,PRD0125,642,350,358,634,R1,4.05,0
2023-05-07,STR011,PRD0086,643,431,512,562,R4,3.89,0
2023-12-17,STR034,PRD0095,831,70,313,588,R4,2.12,0
2024-12-22,STR018,PRD0112,143,299,391,51,R5,3.55,1
2023-12-10,STR004,PRD0098,770,208,203,775,R4,4.5,0
2024-07-07,STR045,PRD0067,682,281,227,736,R4,1.37,0
2023-04-09,STR030,PRD0081,461,313,377,397,R5,1.51,0
2024-04-07,STR030,PRD0124,896,372,584,684,R5,0.15,0
2023-12-24,STR035,PRD0091,425,392,593,224,R5,4.88,0
2024-11-24,STR018,PRD0086,768,307,30,1045,R5,2.4,0
2024-08-11,STR033,PRD0049,709,260,43,926,R1,4.0,0
2024-08-18,STR043,PRD0049,430,30,307,153,R1,3.16,0
2024-07-14,STR043,PRD0017,729,470,529,670,R1,4.35,0
2024-02-18,STR049,PRD0040,375,47,98,324,R3,4.05,0
2023-06-04,STR019,PRD0117,786,43,279,550,R3,4.93,0
2023-04-02,STR044,PRD0025,365,314,198,481,R5,2.92,0
2023-01-08,STR029,PRD0029,804,394,66,1132,R2,3.35,0
2024-09-29,STR027,PRD0134,587,246,420,413,R1,4.09,0
2024-08-11,STR049,PRD0027,535,218,428,325,R3,4.71,0
2024-06-23,STR039,PRD0158,499,99,78,520,R5,0.71,0
2023-01-08,STR004,PRD0022,343,123,301,165,R4,4.42,0
2024-12-22,STR032,PRD0075,664,77,438,303,R2,3.4,0
2023-08-06,STR025,PRD0154,636,0,438,198,R4,3.06,0
2024-02-04,STR026,PRD0106,472,60,52,480,R3,2.85,0
2023-04-23,STR044,PRD0106,975,406,111,1270,R5,4.39,0
2024-12-15,STR033,PRD0094,421,240,2,659,R1,0.91,0
2023-11-19,STR030,PRD0081,658,7,530,135,R5,0.06,0
2023-07-30,STR004,PRD0153,643,148,448,343,R4,3.8,0
2024-11-24,STR028,PRD0123,968,132,469,631,R3,0.91,0
2023-12-24,STR047,PRD0128,327,468,468,327,R2,1.93,0
2023-11-19,STR039,PRD0141,541,140,83,598,R5,3.35,0
2024-08-11,STR003,PRD0127,802,34,231,605,R3,4.65,0
2023-11-12,STR040,PRD0096,974,211,220,965,R2,1.68,0
2023-09-10,STR008,PRD0059,108,279,70,317,R2,1.63,0
2024-06-30,STR023,PRD0081,393,211,238,366,R5,0.77,0
2023-04-16,STR041,PRD0146,827,17,225,619,R5,2.44,0
2024-01-28,STR025,PRD0137,152,4,65,91,R4,2.36,1
2024-05-12,STR014,PRD0015,385,104,175,314,R5,2.67,0
2023-11-26,STR021,PRD0043,622,494,94,1022,R3,4.48,0
2023-05-28,STR005,PRD0004,529,31,273,287,R1,3.84,0
2024-05-19,STR029,PRD0022,924,457,58,1323,R2,4.4,0
2024-10-27,STR006,PRD0095,922,229,334,817,R2,2.67,0
2024-06-23,STR017,PRD0057,964,204,275,893,R2,4.05,0
2024-03-03,STR050,PRD0043,979,84,364,699,R2,2.49,0
2024-11-03,STR043,PRD0116,363,282,226,419,R1,4.53,0
2024-05-12,STR004,PRD0059,140,393,161,372,R4,2.51,0
2024-10-27,STR048,PRD0138,208,450,528,130,R2,0.39,0
2023-06-11,STR023,PRD0140,937,406,184,1159,R5,3.25,0
2024-10-27,STR039,PRD0140,439,246,166,519,R5,0.32,0
2024-06-30,STR005,PRD0096,507,456,448,515,R1,1.21,0
2023-12-17,STR005,PRD0094,169,368,532,5,R1,0.64,1
2024-02-18,STR008,PRD0004,503,70,130,443,R2,0.65,0
2024-10-06,STR027,PRD0040,935,417,436,916,R1,2.63,0
2024-10-06,STR003,PRD0103,727,202,582,347,R3,2.0,0
2023-04-02,STR019,PRD0062,903,369,104,1168,R3,3.72,0
2023-01-08,STR034,PRD0047,898,110,266,742,R4,0.5,0
2023-02-05,STR044,PRD0131,806,328,189,945,R5,4.19,0
2024-05-12,STR019,PRD0138,120,281,240,161,R3,3.43,0
2023-05-21,STR032,PRD0069,190,499,267,422,R2,4.05,0
2023-07-30,STR044,PRD0127,334,171,209,296,R5,1.19,0
2023-04-30,STR036,PRD0016,294,309,58,545,R3,0.55,0
2023-06-11,STR036,PRD0023,872,109,31,950,R3,4.61,0
2023-05-07,STR025,PRD0159,538,495,59,974,R4,1.62,0
2023-10-08,STR011,PRD0015,306,224,21,509,R4,1.89,0
2023-12-10,STR021,PRD0077,959,32,25,966,R3,2.04,0
2023-07-09,STR005,PRD0117,526,52,462,116,R1,0.37,0
2024-04-28,STR012,PRD0158,244,329,469,104,R4,1.53,0
2024-12-08,STR039,PRD0157,408,271,508,171,R5,2.81,0
2024-06-16,STR004,PRD0120,888,438,202,1124,R4,4.87,0
2023-05-14,STR030,PRD0038,612,489,555,546,R5,0.3,0
2024-03-31,STR044,PRD0044,135,323,122,336,R5,4.48,0
2023-08-27,STR044,PRD0138,218,424,600,42,R5,1.35,1
2023-11-05,STR030,PRD0102,151,335,123,363,R5,0.84,0
2023-07-23,STR035,PRD0110,792,80,298,574,R5,4.55,0
2024-06-09,STR014,PRD0087,391,330,452,269,R5,0.02,0
2024-02-11,STR006,PRD0040,643,81,169,555,R2,3.14,0
2024-10-06,STR050,PRD0072,627,353,80,900,R2,4.27,0
2023-08-27,STR049,PRD0075,870,297,85,1082,R3,0.77,0
2023-10-22,STR013,PRD0065,399,164,131,432,R2,1.94,0
2023-11-12,STR037,PRD0055,279,259,313,225,R1,1.96,0
2023-10-22,STR024,PRD0156,346,479,17,808,R5,3.63,0
2023-12-10,STR043,PRD0109,424,342,365,401,R1,0.75,0
2023-11-19,STR025,PRD0104,399,15,186,228,R4,2.28,0
2024-10-20,STR005,PRD0141,602,464,2,1064,R1,4.99,0
2024-11-24,STR026,PRD0098,697,35,204,528,R3,3.69,0
2023-07-09,STR047,PRD0010,242,422,222,442,R2,2.3,0
2024-11-24,STR022,PRD0078,103,142,155,90,R3,3.97,1
2024-08-11,STR039,PRD0123,959,279,188,1050,R5,1.16,0
2024-09-01,STR039,PRD0156,481,139,291,329,R5,0.01,0
2023-08-06,STR020,PRD0111,987,472,41,1418,R3,4.91,0
2024-07-14,STR049,PRD0087,802,268,481,589,R3,1.09,0
2024-06-23,STR038,PRD0140,498,190,248,440,R3,0.14,0
2024-08-04,STR015,PRD0056,649,442,234,857,R5,4.6,0
2023-12-10,STR030,PRD0133,128,449,187,390,R5,3.84,0
2024-04-28,STR019,PRD0094,276,432,398,310,R3,4.57,0
2023-06-25,STR031,PRD0072,154,375,248,281,R5,2.22,0
2024-09-29,STR015,PRD0154,785,258,373,670,R5,0.15,0
2024-07-28,STR033,PRD0008,845,121,545,421,R1,4.1,0
2023-10-08,STR016,PRD0154,307,141,429,19,R2,3.12,1
2023-12-10,STR016,PRD0036,217,485,119,583,R2,1.61,0
2023-12-17,STR006,PRD0133,407,299,573,133,R2,4.46,0
2023-04-16,STR042,PRD0151,240,146,302,84,R3,2.37,1
2024-07-21,STR014,PRD0110,653,221,92,782,R5,4.21,0
2024-08-11,STR001,PRD0001,937,233,376,794,R2,1.09,0
2024-02-04,STR048,PRD0091,103,336,5,434,R2,0.55,0
2023-08-20,STR048,PRD0073,566,432,192,806,R2,0.16,0
2023-09-03,STR029,PRD0031,311,181,445,47,R2,2.55,1
2023-04-02,STR034,PRD0148,647,240,495,392,R4,3.0,0
2024-09-08,STR041,PRD0060,513,111,464,160,R5,3.18,0
2024-07-21,STR048,PRD0150,563,91,536,118,R2,4.82,0
2024-12-01,STR007,PRD0108,903,387,260,1030,R5,0.6,0
2024-08-04,STR049,PRD0136,495,266,495,266,R3,1.66,0
2024-03-10,STR035,PRD0119,923,380,72,1231,R5,2.43,0
2023-09-10,STR003,PRD0024,728,211,218,721,R3,2.74,0
2024-12-29,STR042,PRD0116,197,59,84,172,R3,0.72,0
2024-03-24,STR012,PRD0048,327,462,414,375,R4,0.04,0
2023-12-31,STR032,PRD0087,929,358,538,749,R2,1.27,0
2024-12-22,STR001,PRD0043,620,18,211,427,R2,2.44,0
2023-09-17,STR030,PRD0089,736,336,177,895,R5,4.4,0
2024-09-29,STR010,PRD0014,113,113,11,215,R1,1.34,0
2023-02-19,STR047,PRD0129,680,456,145,991,R2,2.67,0
2024-01-21,STR026,PRD0049,647,279,549,377,R3,2.73,0
2023-06-18,STR040,PRD0029,492,34,327,199,R2,0.26,0
2023-12-03,STR013,PRD0061,498,423,389,532,R2,1.82,0
2023-01-22,STR010,PRD0069,598,75,516,157,R1,4.94,0
2023-03-05,STR019,PRD0008,843,172,476,539,R3,1.37,0
2023-12-31,STR045,PRD0070,867,56,29,894,R4,3.63,0
2024-04-14,STR004,PRD0075,488,425,305,608,R4,0.57,0
2024-11-24,STR025,PRD0005,212,257,24,445,R4,2.68,0
2024-12-15,STR013,PRD0051,350,189,61,478,R2,1.53,0
2024-09-08,STR007,PRD0149,979,42,188,833,R5,3.08,0
2023-06-04,STR037,PRD0079,889,303,283,909,R1,3.38,0
2024-11-24,STR026,PRD0056,241,92,202,131,R3,2.98,0
2023-09-03,STR033,PRD0142,754,166,491,429,R1,2.31,0
2023-10-08,STR002,PRD0074,712,266,371,607,R2,0.77,0
2024-06-30,STR022,PRD0011,629,187,110,706,R3,4.53,0
2023-04-09,STR006,PRD0042,396,422,537,281,R2,2.77,0
2024-11-10,STR026,PRD0035,619,300,265,654,R3,2.61,0
2024-04-07,STR008,PRD0061,561,259,409,411,R2,1.26,0
2023-03-05,STR002,PRD0099,339,184,511,12,R2,3.78,1
2023-05-28,STR023,PRD0154,603,406,227,782,R5,1.36,0
2024-11-10,STR018,PRD0041,725,194,366,553,R5,4.41,0
2024-06-16,STR020,PRD0093,744,124,31,837,R3,4.64,0
2023-10-22,STR020,PRD0102,952,433,58,1327,R3,1.31,0
2023-06-25,STR001,PRD0079,821,441,592,670,R2,4.14,0
2024-12-29,STR023,PRD0118,675,327,507,495,R5,3.95,0
2024-12-22,STR012,PRD0017,531,472,146,857,R4,0.27,0
2024-12-08,STR046,PRD0141,796,452,97,1151,R3,4.18,0
2024-02-25,STR045,PRD0064,235,3,172,66,R4,3.76,1
2023-06-18,STR047,PRD0118,136,186,68,254,R2,3.76,0
2024-02-04,STR028,PRD0157,387,391,586,192,R3,4.66,0
2024-06-02,STR047,PRD0151,175,366,139,402,R2,1.05,0
2024-02-04,STR012,PRD0088,939,306,392,853,R4,4.76,0
2024-03-03,STR043,PRD0057,596,372,531,437,R1,4.14,0
2023-03-19,STR019,PRD0133,896,497,302,1091,R3,2.68,0
2023-07-30,STR012,PRD0003,390,9,370,29,R4,3.09,1
2024-10-27,STR044,PRD0074,442,29,114,357,R5,0.62,0
2024-11-24,STR003,PRD0150,288,462,97,653,R3,4.29,0
2023-06-25,STR043,PRD0142,653,18,442,229,R1,4.18,0
2024-05-19,STR006,PRD0156,602,59,172,489,R2,4.52,0
2024-10-20,STR025,PRD0087,868,190,508,550,R4,3.39,0
2024-05-12,STR034,PRD0134,778,464,243,999,R4,0.43,0
2024-06-23,STR026,PRD0094,171,476,168,479,R3,0.04,0
2024-11-17,STR013,PRD0003,607,78,553,132,R2,1.35,0
2024-07-14,STR043,PRD0093,308,429,46,691,R1,0.95,0
2024-09-22,STR050,PRD0106,999,403,236,1166,R2,1.6,0
2023-02-05,STR034,PRD0014,719,236,64,891,R4,1.57,0
2024-01-14,STR020,PRD0004,249,427,7,669,R3,1.12,0
2024-11-24,STR011,PRD0048,511,279,431,359,R4,4.58,0
2024-01-14,STR025,PRD0001,737,273,177,833,R4,4.73,0
2024-06-23,STR035,PRD0117,263,21,271,13,R5,2.8,1
2024-03-17,STR015,PRD0101,857,248,539,566,R5,4.0,0
2023-11-26,STR049,PRD0140,817,485,16,1286,R3,2.45,0
2024-06-16,STR003,PRD0116,439,114,296,257,R3,0.14,0
2023-04-23,STR023,PRD0149,944,443,295,1092,R5,3.66,0
2024-02-04,STR033,PRD0008,196,356,341,211,R1,4.0,0
2024-06-23,STR037,PRD0076,595,265,597,263,R1,0.93,0
2023-11-05,STR050,PRD0144,118,15,48,85,R2,2.53,1
2024-06-30,STR047,PRD0139,277,397,394,280,R2,1.48,0
2023-05-07,STR035,PRD0010,473,464,337,600,R5,3.49,0
2023-06-11,STR003,PRD0027,218,159,149,228,R3,0.04,0
2023-06-18,STR025,PRD0105,626,262,533,355,R4,2.79,0
2024-07-14,STR036,PRD0123,227,368,374,221,R3,0.52,0
2023-02-05,STR015,PRD0142,875,84,46,913,R5,3.8,0
2024-07-07,STR029,PRD0156,755,8,253,510,R2,0.96,0
2023-09-03,STR042,PRD0068,642,146,99,689,R3,3.1,0
2023-10-15,STR038,PRD0108,664,285,548,401,R3,2.88,0
2024-01-14,STR026,PRD0056,394,231,446,179,R3,3.59,0
2024-08-25,STR043,PRD0156,202,361,514,49,R1,1.82,1
2023-03-05,STR016,PRD0003,646,292,376,562,R2,1.39,0
2023-02-26,STR015,PRD0065,964,89,35,1018,R5,2.25,0
2023-12-03,STR007,PRD0106,630,270,212,688,R5,0.74,0
2024-03-17,STR038,PRD0086,146,442,370,218,R3,3.62,0
2023-07-16,STR003,PRD0086,984,306,54,1236,R3,1.93,0
2023-03-19,STR012,PRD0007,683,313,163,833,R4,2.37,0
2024-09-15,STR050,PRD0042,791,403,38,1156,R2,4.56,0
2024-07-14,STR046,PRD0066,574,200,45,729,R3,4.19,0
2024-09-22,STR042,PRD0131,341,12,265,88,R3,2.6,1
2024-10-06,STR028,PRD0005,418,291,126,583,R3,2.05,0
2023-06-04,STR022,PRD0116,470,49,193,326,R3,0.76,0
2024-07-28,STR014,PRD0029,782,282,453,611,R5,1.23,0
2024-01-21,STR033,PRD0150,532,388,557,363,R1,1.48,0
2024-09-01,STR030,PRD0113,900,242,552,590,R5,1.97,0
2024-01-14,STR048,PRD0089,148,264,295,117,R2,2.75,0
2023-07-23,STR014,PRD0050,996,362,104,1254,R5,0.62,0
2023-12-03,STR042,PRD0084,501,300,202,599,R3,4.94,0
2024-10-13,STR050,PRD0046,846,496,412,930,R2,4.11,0
2023-08-20,STR030,PRD0018,575,76,326,325,R5,3.05,0
2024-01-28,STR006,PRD0131,579,13,460,132,R2,4.71,0
2024-06-09,STR032,PRD0119,197,193,376,14,R2,1.14,1
2023-07-23,STR039,PRD0066,967,419,30,1356,R5,4.96,0
2023-05-07,STR015,PRD0116,228,404,424,208,R5,4.7,0
2024-01-21,STR045,PRD0114,318,455,452,321,R4,2.15,0
2024-03-10,STR020,PRD0092,746,417,457,706,R3,0.28,0
2024-10-27,STR038,PRD0072,655,64,17,702,R3,4.6,0
2024-07-21,STR006,PRD0107,792,155,363,584,R2,0.14,0
2023-12-24,STR014,PRD0127,264,427,441,250,R5,4.51,0
2024-11-10,STR028,PRD0030,434,362,410,386,R3,2.07,0
2024-03-17,STR017,PRD0035,804,240,315,729,R2,0.24,0
2024-04-14,STR050,PRD0098,660,196,323,533,R2,1.19,0
2024-05-12,STR012,PRD0027,398,450,91,757,R4,3.5,0
2024-08-04,STR017,PRD0132,408,130,311,227,R2,4.84,0
2024-12-01,STR007,PRD0150,459,8,152,315,R5,3.14,0
2024-08-11,STR035,PRD0003,875,145,147,873,R5,4.66,0
2024-08-04,STR044,PRD0073,284,107,375,16,R5,4.14,1
2023-05-07,STR002,PRD0145,535,467,292,710,R2,3.17,0
2024-04-14,STR045,PRD0012,720,373,272,821,R4,2.05,0
2024-11-10,STR019,PRD0045,409,2,196,215,R3,4.08,0
2024-06-30,STR010,PRD0002,394,9,327,76,R1,3.33,1
2024-08-18,STR041,PRD0016,897,138,465,570,R5,2.67,0
2023-06-04,STR031,PRD0029,168,426,288,306,R5,3.4,0
2023-10-08,STR029,PRD0029,968,45,391,622,R2,3.59,0
2023-03-26,STR016,PRD0105,464,500,128,836,R2,1.33,0
2024-04-07,STR046,PRD0042,861,210,472,599,R3,1.5,0
2023-11-05,STR029,PRD0054,425,140,387,178,R2,4.75,0
2023-08-27,STR021,PRD0151,947,223,348,822,R3,4.55,0
2024-06-30,STR002,PRD0116,128,441,523,46,R2,0.73,1
2023-07-30,STR032,PRD0065,878,118,594,402,R2,2.34,0
2023-09-10,STR003,PRD0095,798,153,289,662,R3,2.57,0
2023-07-23,STR035,PRD0124,376,254,547,83,R5,3.14,1
2024-12-22,STR011,PRD0090,626,461,302,785,R4,1.68,0
2023-08-27,STR014,PRD0080,656,78,374,360,R5,4.74,0
2023-10-22,STR021,PRD0081,736,461,441,756,R3,0.26,0
2023-04-16,STR005,PRD0023,723,461,480,704,R1,1.69,0
2023-10-01,STR008,PRD0033,297,170,168,299,R2,4.0,0
2024-06-09,STR040,PRD0149,392,31,159,264,R2,2.33,0
2024-06-30,STR019,PRD0076,511,143,377,277,R3,1.8,0
2024-07-07,STR042,PRD0010,313,413,238,488,R3,2.87,0
2024-12-01,STR045,PRD0074,446,254,527,173,R4,1.59,0
2023-07-16,STR003,PRD0151,832,338,535,635,R3,3.24,0
2023-01-08,STR034,PRD0086,181,0,131,50,R4,3.66,1
2023-03-12,STR024,PRD0115,945,318,581,682,R5,4.63,0
2024-11-10,STR043,PRD0069,271,214,305,180,R1,1.46,0
2024-04-28,STR012,PRD0147,741,176,294,623,R4,3.55,0
2024-09-29,STR035,PRD0088,638,260,420,478,R5,1.2,0
2023-12-24,STR012,PRD0091,456,257,76,637,R4,4.51,0
2024-06-16,STR002,PRD0075,701,347,519,529,R2,0.75,0
2024-03-10,STR050,PRD0028,482,62,353,191,R2,3.28,0
2023-02-26,STR021,PRD0056,472,415,244,643,R3,0.38,0
2023-11-12,STR022,PRD0087,241,316,124,433,R3,0.37,0
2024-11-03,STR021,PRD0153,248,400,555,93,R3,2.18,1
2023-09-10,STR002,PRD0141,418,296,226,488,R2,1.7,0
2024-04-21,STR040,PRD0113,530,76,368,238,R2,2.62,0
2023-06-11,STR009,PRD0142,955,132,170,917,R5,0.37,0
2024-04-14,STR008,PRD0081,153,271,317,107,R2,4.78,0
2024-11-03,STR033,PRD0107,510,38,253,295,R1,0.75,0
2024-12-08,STR050,PRD0076,117,319,110,326,R2,3.05,0
2023-12-10,STR043,PRD0104,364,480,501,343,R1,0.94,0
2024-12-29,STR046,PRD0055,275,344,578,41,R3,1.77,1
2023-11-19,STR022,PRD0065,479,402,150,731,R3,1.4,0
2023-10-29,STR015,PRD0036,208,423,116,515,R5,4.45,0
2023-02-12,STR003,PRD0014,545,175,495,225,R3,0.7,0
2023-06-04,STR047,PRD0040,834,448,84,1198,R2,2.66,0
2023-06-11,STR013,PRD0139,404,211,453,162,R2,2.1,0
2023-07-09,STR026,PRD0124,711,349,106,954,R3,0.37,0
2024-09-15,STR043,PRD0097,609,491,348,752,R1,3.09,0
2023-11-12,STR050,PRD0126,857,346,333,870,R2,2.78,0
2024-01-07,STR047,PRD0079,511,311,157,665,R2,0.16,0
2024-09-15,STR037,PRD0079,666,293,29,930,R1,2.06,0
2023-10-01,STR016,PRD0065,938,74,372,640,R2,3.97,0
2024-10-20,STR011,PRD0047,755,402,119,1038,R4,1.21,0
2024-04-28,STR013,PRD0122,832,14,585,261,R2,4.15,0
2024-05-05,STR019,PRD0063,159,158,141,176,R3,4.9,0
2024-10-20,STR044,PRD0137,993,388,537,844,R5,2.23,0
2023-03-26,STR006,PRD0042,408,171,81,498,R2,0.07,0
2024-11-17,STR023,PRD0017,742,298,231,809,R5,2.63,0
2023-08-27,STR020,PRD0057,348,420,96,672,R3,2.42,0
2024-11-17,STR042,PRD0007,404,111,15,500,R3,1.43,0
2024-03-24,STR050,PRD0072,644,134,135,643,R2,0.58,0
2023-11-05,STR010,PRD0118,262,238,275,225,R1,2.97,0
2023-09-24,STR029,PRD0087,301,133,17,417,R2,1.4,0
2024-05-05,STR036,PRD0033,678,427,414,691,R3,3.12,0
2023-12-31,STR031,PRD0093,903,210,578,535,R5,1.96,0
2024-02-18,STR029,PRD0118,345,73,390,28,R2,2.62,1
2023-12-03,STR040,PRD0046,856,221,498,579,R2,3.85,0
2023-02-12,STR025,PRD0007,994,14,166,842,R4,0.24,0
2023-05-21,STR020,PRD0081,597,277,521,353,R3,4.77,0
2023-07-30,STR050,PRD0044,604,431,544,491,R2,0.77,0
2024-07-07,STR041,PRD0052,740,313,235,818,R5,2.65,0
2024-12-15,STR027,PRD0036,374,75,240,209,R1,1.85,0
2023-09-10,STR014,PRD0019,329,10,317,22,R5,3.25,1
2023-09-03,STR007,PRD0132,740,94,552,282,R5,1.42,0
2024-12-29,STR050,PRD0135,335,250,265,320,R2,1.3,0
2023-08-27,STR048,PRD0104,468,380,215,633,R2,4.12,0
2024-08-04,STR045,PRD0051,265,135,279,121,R4,2.54,0
2023-07-16,STR001,PRD0015,830,52,112,770,R2,4.18,0
2024-02-04,STR010,PRD0008,730,35,173,592,R1,1.36,0
2024-04-28,STR037,PRD0092,410,380,76,714,R1,0.61,0
2023-08-27,STR019,PRD0086,367,130,53,444,R3,4.91,0
2023-08-20,STR022,PRD0070,342,144,274,212,R3,3.21,0
2023-12-10,STR044,PRD0086,968,458,22,1404,R5,2.22,0
2024-07-14,STR020,PRD0026,249,12,64,197,R3,2.97,0
2023-01-08,STR038,PRD0032,850,216,267,799,R3,2.0,0
2024-03-31,STR016,PRD0095,816,325,27,1114,R2,2.98,0
2023-01-15,STR043,PRD0097,319,298,500,117,R1,2.69,0
2024-10-13,STR022,PRD0062,742,493,202,1033,R3,1.09,0
2023-01-22,STR008,PRD0102,416,151,234,333,R2,2.46,0
2023-01-08,STR021,PRD0033,145,341,23,463,R3,0.9,0
2023-09-03,STR042,PRD0113,566,479,177,868,R3,3.27,0
2024-04-14,STR018,PRD0042,562,78,452,188,R5,4.52,0
2024-03-31,STR019,PRD0153,561,239,76,724,R3,3.1,0
2023-08-06,STR040,PRD0059,258,407,436,229,R2,1.86,0
2023-08-27,STR019,PRD0107,503,126,447,182,R3,3.06,0
2023-08-13,STR045,PRD0096,993,44,159,878,R4,2.48,0
2024-09-29,STR018,PRD0053,618,381,332,667,R5,0.53,0
2024-08-04,STR049,PRD0032,538,149,258,429,R3,4.9,0
2024-10-06,STR007,PRD0135,126,452,464,114,R5,3.75,0
2024-11-24,STR036,PRD0042,406,110,174,342,R3,1.58,0
2023-03-12,STR003,PRD0078,835,88,298,625,R3,0.64,0
2023-04-30,STR020,PRD0112,373,11,88,296,R3,3.16,0
2024-08-25,STR032,PRD0040,765,485,491,759,R2,3.12,0
2024-02-25,STR025,PRD0114,722,208,469,461,R4,4.93,0
2024-08-25,STR032,PRD0070,534,318,11,841,R2,2.16,0
2024-07-07,STR030,PRD0041,779,329,41,1067,R5,3.49,0
2024-08-04,STR050,PRD0077,883,147,32,998,R2,2.95,0
2024-09-29,STR021,PRD0065,661,215,239,637,R3,0.01,0
2023-05-21,STR029,PRD0132,288,431,236,483,R2,4.7,0
2023-05-07,STR032,PRD0139,574,351,395,530,R2,4.09,0
2024-08-18,STR039,PRD0143,333,343,322,354,R5,1.29,0
2023-10-22,STR045,PRD0094,853,251,372,732,R4,2.49,0
2024-02-25,STR035,PRD0094,532,129,2,659,R5,1.92,0
2024-06-16,STR034,PRD0132,695,361,182,874,R4,0.05,0
2023-03-19,STR007,PRD0151,170,424,166,428,R5,2.93,0
2023-02-05,STR046,PRD0074,352,313,77,588,R3,2.85,0
2024-10-20,STR041,PRD0144,173,147,293,27,R5,2.69,1
2023-04-23,STR028,PRD0026,384,262,134,512,R3,1.69,0
2023-10-15,STR011,PRD0077,361,20,260,121,R4,3.66,0
2024-08-04,STR029,PRD0105,586,162,423,325,R2,2.03,0
2023-01-08,STR043,PRD0127,608,103,200,511,R1,4.3,0
2023-04-30,STR039,PRD0068,402,63,310,155,R5,0.99,0
2024-08-25,STR002,PRD0114,690,300,195,795,R2,0.7,0
2024-08-18,STR023,PRD0149,810,206,274,742,R5,0.34,0
2023-06-25,STR029,PRD0054,209,148,123,234,R2,4.18,0
2023-06-25,STR022,PRD0159,382,220,313,289,R3,4.1,0
2024-11-17,STR011,PRD0120,794,163,355,602,R4,4.0,0
2023-07-16,STR006,PRD0127,204,178,119,263,R2,4.41,0
2023-12-24,STR003,PRD0051,115,244,17,342,R3,1.35,0
2024-03-17,STR002,PRD0127,893,483,231,1145,R2,3.66,0
2023-05-28,STR023,PRD0003,983,83,244,822,R5,1.87,0
2023-12-24,STR021,PRD0035,961,227,90,1098,R3,1.02,0
2024-06-09,STR050,PRD0071,520,234,349,405,R2,1.67,0
2024-12-22,STR041,PRD0108,895,225,141,979,R5,3.86,0
2024-04-28,STR037,PRD0083,506,381,568,319,R1,2.45,0
2024-11-17,STR045,PRD0052,431,448,292,587,R4,3.45,0
2024-09-29,STR003,PRD0124,722,443,100,1065,R3,2.9,0
2024-09-15,STR042,PRD0076,319,397,140,576,R3,4.05,0
2024-12-01,STR037,PRD0023,187,107,264,30,R1,3.65,1
2023-04-02,STR024,PRD0092,462,87,283,266,R5,1.92,0
2024-09-29,STR014,PRD0140,620,195,505,310,R5,3.41,0
2023-04-02,STR029,PRD0003,741,278,504,515,R2,3.81,0
2024-02-04,STR011,PRD0151,859,442,265,1036,R4,0.49,0
2024-01-21,STR002,PRD0097,510,345,29,826,R2,2.7,0
2024-08-25,STR034,PRD0108,262,93,169,186,R4,4.57,0
2023-04-16,STR042,PRD0004,447,400,223,624,R3,1.35,0
2024-09-01,STR026,PRD0097,804,432,49,1187,R3,0.69,0
2023-08-13,STR007,PRD0111,490,94,239,345,R5,3.21,0
2024-03-31,STR025,PRD0080,137,32,115,54,R4,2.98,1
2024-12-29,STR033,PRD0150,262,400,98,564,R1,4.43,0
2024-06-16,STR032,PRD0140,652,359,50,961,R2,0.76,0
2024-01-14,STR043,PRD0135,930,276,72,1134,R1,0.5,0
2024-04-07,STR001,PRD0122,859,263,414,708,R2,1.17,0
2023-08-06,STR020,PRD0112,506,360,97,769,R3,1.39,0
2024-04-28,STR002,PRD0101,340,416,425,331,R2,1.22,0
2024-08-25,STR012,PRD0077,124,20,119,25,R4,3.53,1
2023-06-25,STR009,PRD0134,863,244,88,1019,R5,3.9,0
2024-11-03,STR033,PRD0026,942,290,531,701,R1,3.41,0
2024-06-02,STR021,PRD0124,554,94,297,351,R3,1.52,0
2023-07-09,STR024,PRD0068,106,61,107,60,R5,1.63,1
2024-09-29,STR041,PRD0124,351,438,65,724,R5,2.24,0
2023-02-05,STR010,PRD0121,515,112,257,370,R1,1.53,0
2023-07-02,STR027,PRD0058,889,156,192,853,R1,2.64,0
2024-07-07,STR049,PRD0153,382,159,181,360,R3,3.19,0
2024-12-08,STR045,PRD0062,728,36,464,300,R4,2.48,0
2024-09-01,STR011,PRD0007,591,238,271,558,R4,2.55,0
2023-03-12,STR027,PRD0099,402,72,243,231,R1,4.17,0
2023-06-11,STR001,PRD0103,253,478,59,672,R2,4.13,0
2024-07-07,STR049,PRD0029,821,255,37,1039,R3,3.41,0
2023-11-26,STR008,PRD0058,774,14,287,501,R2,3.15,0
2023-08-27,STR036,PRD0022,210,29,95,144,R3,0.68,0
2023-08-06,STR033,PRD0127,373,170,274,269,R1,4.3,0
2024-07-28,STR020,PRD0010,823,48,409,462,R3,3.53,0
2024-12-01,STR045,PRD0043,273,90,91,272,R4,3.63,0
2024-09-08,STR033,PRD0008,729,148,257,620,R1,4.13,0
2024-04-28,STR025,PRD0092,938,78,201,815,R4,1.75,0
2024-04-07,STR044,PRD0089,884,413,330,967,R5,0.78,0
2024-11-24,STR004,PRD0027,935,462,90,1307,R4,0.57,0
2024-09-15,STR036,PRD0127,159,333,354,138,R3,0.51,0
2023-09-17,STR036,PRD0041,271,487,580,178,R3,4.96,0
2024-06-30,STR030,PRD0012,221,124,86,259,R5,3.4,0
2024-03-17,STR042,PRD0052,402,70,287,185,R3,1.82,0
2024-02-18,STR036,PRD0145,839,394,10,1223,R3,0.23,0
2023-06-04,STR028,PRD0009,115,277,61,331,R3,1.83,0
2023-02-12,STR008,PRD0141,723,226,26,923,R2,3.66,0
2024-06-09,STR027,PRD0151,926,120,39,1007,R1,4.2,0
2024-11-24,STR033,PRD0009,949,114,530,533,R1,3.15,0
2023-01-29,STR037,PRD0029,706,358,101,963,R1,0.17,0
2023-08-13,STR020,PRD0073,657,300,194,763,R3,3.41,0
2023-01-22,STR044,PRD0042,288,153,309,132,R5,1.97,0
2023-02-12,STR013,PRD0036,860,1,253,608,R2,2.78,0
2023-08-20,STR050,PRD0031,876,333,469,740,R2,2.01,0
2023-04-30,STR041,PRD0134,352,24,115,261,R5,2.3,0
2023-08-13,STR012,PRD0111,789,462,410,841,R4,3.44,0
2024-12-08,STR017,PRD0061,725,394,349,770,R2,4.65,0
2023-09-03,STR037,PRD0045,950,13,383,580,R1,1.73,0
2024-12-15,STR020,PRD0086,751,410,484,677,R3,0.28,0
2024-04-21,STR029,PRD0062,437,172,560,49,R2,4.19,1
2023-03-05,STR050,PRD0116,500,272,232,540,R2,0.2,0
2024-12-15,STR018,PRD0087,905,307,147,1065,R5,3.62,0
2024-10-20,STR012,PRD0036,297,2,198,101,R4,3.5,0
2024-06-30,STR002,PRD0098,425,276,219,482,R2,3.43,0
2023-07-23,STR017,PRD0054,289,20,142,167,R2,0.38,0
2023-06-04,STR016,PRD0099,241,191,381,51,R2,3.42,1
2024-04-07,STR011,PRD0149,861,229,53,1037,R4,0.89,0
2023-04-02,STR021,PRD0028,1000,369,203,1166,R3,1.99,0
2024-06-30,STR049,PRD0123,914,72,197,789,R3,4.93,0
2024-10-06,STR028,PRD0040,321,411,11,721,R3,2.86,0
2023-04-02,STR046,PRD0056,520,206,492,234,R3,1.61,0
2024-10-13,STR029,PRD0107,493,87,505,75,R2,3.01,1
2024-03-31,STR037,PRD0087,337,356,27,666,R1,2.27,0
2024-06-16,STR001,PRD0023,963,396,222,1137,R2,0.97,0
2024-06-23,STR011,PRD0070,192,162,338,16,R4,4.73,1
2024-12-22,STR024,PRD0088,525,201,481,245,R5,4.97,0
2023-08-13,STR045,PRD0073,979,302,529,752,R4,2.53,0
2023-04-16,STR032,PRD0077,436,182,361,257,R2,3.75,0
2024-02-04,STR029,PRD0033,860,128,502,486,R2,2.28,0
2023-01-15,STR030,PRD0119,445,105,266,284,R5,4.75,0
2023-09-24,STR031,PRD0154,994,131,330,795,R5,3.67,0
2023-05-28,STR032,PRD0004,877,160,53,984,R2,0.49,0
2024-06-09,STR049,PRD0078,256,205,46,415,R3,2.06,0
2024-01-07,STR043,PRD0020,156,144,261,39,R1,0.93,1
2024-07-07,STR049,PRD0045,941,333,235,1039,R3,2.69,0
2024-08-18,STR003,PRD0104,887,57,10,934,R3,5.0,0
2024-03-24,STR040,PRD0030,621,216,243,594,R2,1.08,0
2024-09-29,STR006,PRD0013,354,48,336,66,R2,2.3,1
2024-10-27,STR016,PRD0068,935,147,592,490,R2,1.4,0
2023-10-15,STR045,PRD0025,292,196,130,358,R4,3.9,0
2023-05-14,STR049,PRD0035,578,323,505,396,R3,2.32,0
2023-05-14,STR013,PRD0011,848,63,416,495,R2,2.54,0
2023-11-12,STR017,PRD0041,742,162,381,523,R2,3.49,0
2023-12-03,STR007,PRD0102,203,457,518,142,R5,1.14,0
2023-09-24,STR050,PRD0108,600,285,90,795,R2,3.98,0
2024-07-14,STR026,PRD0042,258,130,376,12,R3,1.52,1
2023-12-03,STR004,PRD0085,134,125,22,237,R4,2.79,0
2023-11-26,STR032,PRD0097,574,42,402,214,R2,4.44,0
2023-12-03,STR016,PRD0090,198,472,307,363,R2,0.01,0
2023-09-24,STR019,PRD0011,458,178,392,244,R3,2.71,0
2024-01-14,STR038,PRD0055,490,32,397,125,R3,1.19,0
2023-02-12,STR025,PRD0037,709,8,333,384,R4,0.01,0
2024-04-07,STR044,PRD0049,152,270,351,71,R5,1.5,1
2024-09-22,STR011,PRD0100,165,465,480,150,R4,1.27,0
2024-03-31,STR006,PRD0134,784,489,152,1121,R2,4.08,0
2024-08-04,STR013,PRD0144,612,211,60,763,R2,1.82,0
2024-01-07,STR011,PRD0139,682,266,533,415,R4,1.36,0
2024-10-06,STR033,PRD0028,364,250,219,395,R1,0.73,0
2023-02-05,STR034,PRD0089,814,388,544,658,R4,2.0,0
2023-12-10,STR035,PRD0106,622,305,126,801,R5,0.98,0
2024-02-25,STR027,PRD0012,960,183,310,833,R1,0.45,0
2023-11-05,STR030,PRD0135,385,390,354,421,R5,1.89,0
2023-04-23,STR020,PRD0012,930,126,462,594,R3,4.4,0
2023-11-26,STR006,PRD0134,707,450,422,735,R2,4.09,0
2023-05-14,STR048,PRD0123,158,131,213,76,R2,4.53,1
2024-09-15,STR004,PRD0041,891,351,79,1163,R4,0.38,0
2024-12-29,STR045,PRD0139,110,55,123,42,R4,3.71,1
2024-05-12,STR018,PRD0003,715,82,381,416,R5,0.76,0
2023-12-17,STR045,PRD0102,311,483,128,666,R4,2.65,0
2023-11-05,STR020,PRD0089,446,251,69,628,R3,3.82,0
2024-10-27,STR001,PRD0110,232,381,586,27,R2,0.71,1
2023-11-26,STR019,PRD0121,305,118,423,0,R3,0.27,1
2024-03-31,STR021,PRD0077,383,275,128,530,R3,2.46,0
2024-03-03,STR020,PRD0156,906,109,63,952,R3,2.03,0
2024-06-09,STR010,PRD0051,514,455,536,433,R1,3.94,0
2023-12-24,STR012,PRD0029,476,277,448,305,R4,2.5,0
2024-12-22,STR010,PRD0025,901,18,588,331,R1,1.63,0
2023-09-17,STR041,PRD0020,609,207,141,675,R5,3.72,0
2023-04-30,STR026,PRD0019,499,114,143,470,R3,2.7,0
2023-07-09,STR010,PRD0035,333,19,36,316,R1,2.41,0
2024-02-04,STR010,PRD0072,408,309,184,533,R1,3.65,0
2023-01-22,STR042,PRD0127,253,377,244,386,R3,3.83,0
2023-01-01,STR009,PRD0069,253,336,82,507,R5,2.82,0
2023-02-19,STR039,PRD0032,826,328,232,922,R5,4.03,0
2024-06-02,STR012,PRD0066,920,173,521,572,R4,3.42,0
2023-11-05,STR013,PRD0042,785,60,361,484,R2,3.31,0
2023-12-31,STR031,PRD0093,188,190,376,2,R5,1.52,1
2023-05-21,STR039,PRD0005,502,172,429,245,R5,2.48,0
2024-08-18,STR022,PRD0145,177,93,269,1,R3,2.95,1
2023-05-14,STR009,PRD0119,242,302,180,364,R5,3.02,0
2024-07-21,STR037,PRD0160,656,293,424,525,R1,1.02,0
2023-01-29,STR036,PRD0159,502,177,113,566,R3,4.03,0
2023-11-05,STR010,PRD0087,993,30,299,724,R1,1.59,0
2024-05-26,STR015,PRD0062,803,69,315,557,R5,2.75,0
2023-10-22,STR005,PRD0126,250,320,74,496,R1,0.94,0
2024-07-28,STR015,PRD0083,809,61,257,613,R5,3.07,0
2023-04-09,STR003,PRD0069,965,420,183,1202,R3,3.9,0
2023-04-23,STR032,PRD0107,478,130,409,199,R2,3.66,0
2023-04-02,STR047,PRD0102,667,157,361,463,R2,4.59,0
2023-10-29,STR041,PRD0076,340,231,160,411,R5,1.39,0
2024-05-12,STR010,PRD0040,197,442,106,533,R1,1.68,0
2024-09-29,STR043,PRD0130,958,251,104,1105,R1,0.85,0
2023-07-02,STR041,PRD0058,998,6,427,577,R5,4.26,0
2023-11-26,STR045,PRD0122,519,382,347,554,R4,2.46,0
2023-09-10,STR025,PRD0064,689,90,490,289,R4,2.5,0
2024-07-07,STR033,PRD0026,852,169,433,588,R1,2.62,0
2024-12-01,STR019,PRD0114,924,196,295,825,R3,4.08,0
2024-11-24,STR013,PRD0052,800,233,72,961,R2,0.91,0
2023-12-17,STR035,PRD0101,499,47,117,429,R5,0.73,0
2023-07-16,STR044,PRD0065,563,348,479,432,R5,4.67,0
2023-12-24,STR028,PRD0113,729,5,513,221,R3,4.67,0
2024-09-01,STR025,PRD0116,350,370,353,367,R4,4.03,0
2023-04-16,STR029,PRD0055,158,104,204,58,R2,3.3,1
2024-11-10,STR015,PRD0080,937,263,65,1135,R5,3.41,0
2024-08-25,STR003,PRD0126,964,130,466,628,R3,0.12,0
2024-01-28,STR032,PRD0102,945,427,252,1120,R2,1.31,0
2023-06-04,STR031,PRD0127,707,21,307,421,R5,3.97,0
2024-05-05,STR002,PRD0074,654,221,285,590,R2,0.38,0
2024-06-02,STR013,PRD0130,790,267,171,886,R2,4.29,0
2024-05-12,STR049,PRD0032,516,364,391,489,R3,2.73,0
2023-07-02,STR005,PRD0032,696,49,600,145,R1,3.27,0
2023-04-02,STR020,PRD0142,720,132,403,449,R3,4.45,0
2024-11-03,STR009,PRD0154,948,209,12,1145,R5,1.27,0
2023-10-15,STR035,PRD0139,719,296,441,574,R5,2.61,0
2024-12-08,STR042,PRD0133,681,430,162,949,R3,3.65,0
2024-12-08,STR048,PRD0035,315,369,248,436,R2,3.16,0
2023-02-26,STR006,PRD0057,364,292,572,84,R2,1.25,1
2023-05-07,STR014,PRD0038,721,245,86,880,R5,1.08,0
2023-04-30,STR031,PRD0051,838,214,295,757,R5,4.32,0
2024-03-03,STR013,PRD0051,849,483,219,1113,R2,0.26,0
2024-09-29,STR038,PRD0025,108,138,87,159,R3,1.19,0
2024-08-25,STR033,PRD0117,884,70,176,778,R1,1.96,0
2024-06-30,STR004,PRD0019,228,372,35,565,R4,0.48,0
2024-04-14,STR041,PRD0060,784,297,569,512,R5,1.61,0
2023-02-19,STR025,PRD0119,719,432,541,610,R4,2.16,0
2024-12-15,STR004,PRD0065,759,295,497,557,R4,1.55,0
2023-04-09,STR044,PRD0028,248,449,364,333,R5,0.24,0
2023-07-30,STR028,PRD0065,806,46,98,754,R3,0.97,0
2024-01-28,STR043,PRD0077,509,500,238,771,R1,4.4,0
2024-12-01,STR007,PRD0083,416,401,247,570,R5,0.81,0
2024-10-27,STR017,PRD0073,590,319,552,357,R2,1.11,0
2023-09-03,STR002,PRD0133,356,154,187,323,R2,1.38,0
2024-03-31,STR003,PRD0073,391,438,219,610,R3,1.8,0
2024-01-21,STR018,PRD0067,696,371,173,894,R5,2.57,0
2023-09-10,STR039,PRD0033,414,287,323,378,R5,3.22,0
2023-11-05,STR049,PRD0074,139,471,26,584,R3,4.3,0
2023-06-04,STR030,PRD0029,489,391,361,519,R5,1.87,0
2024-08-25,STR018,PRD0143,784,293,444,633,R5,0.78,0
2024-06-30,STR002,PRD0015,169,16,31,154,R2,0.79,0
2024-02-11,STR019,PRD0024,398,387,159,626,R3,3.55,0
2023-04-16,STR027,PRD0027,152,157,153,156,R1,2.3,0
2024-06-30,STR032,PRD0140,686,359,253,792,R2,1.87,0
2024-07-28,STR036,PRD0056,173,16,116,73,R3,0.59,1
2023-10-15,STR010,PRD0091,695,207,592,310,R1,0.97,0
2023-04-16,STR030,PRD0090,514,169,388,295,R5,4.51,0
2024-05-12,STR050,PRD0032,761,427,576,612,R2,3.22,0
2023-07-09,STR023,PRD0128,163,117,219,61,R5,3.04,1
2024-07-07,STR019,PRD0032,746,336,526,556,R3,3.62,0
2023-10-22,STR048,PRD0072,271,267,358,180,R2,1.43,0
2024-08-18,STR046,PRD0064,761,445,531,675,R3,2.21,0
2023-04-02,STR037,PRD0040,278,120,26,372,R1,0.89,0
2024-01-28,STR049,PRD0074,706,126,370,462,R3,4.77,0
2023-09-17,STR033,PRD0089,829,25,31,823,R1,1.92,0
2024-02-25,STR016,PRD0047,627,457,410,674,R2,1.38,0
2023-11-05,STR015,PRD0029,785,209,493,501,R5,3.01,0
2024-07-14,STR043,PRD0080,378,211,129,460,R1,0.76,0
2023-10-29,STR005,PRD0141,212,371,63,520,R1,1.28,0
2023-01-08,STR018,PRD0056,413,105,148,370,R5,3.79,0
2023-09-24,STR010,PRD0022,924,204,357,771,R1,0.88,0
2023-05-28,STR014,PRD0021,111,152,60,203,R5,4.99,0
2023-03-26,STR049,PRD0002,985,90,592,483,R3,2.12,0
2023-10-08,STR043,PRD0130,422,24,318,128,R1,0.33,0
2023-09-17,STR035,PRD0124,241,139,259,121,R5,2.23,0
2023-01-22,STR023,PRD0154,348,23,366,5,R5,4.45,1
2023-09-03,STR034,PRD0133,751,232,26,957,R4,3.21,0
2024-11-10,STR025,PRD0073,360,380,94,646,R4,4.41,0
2024-01-21,STR045,PRD0084,514,281,276,519,R4,2.08,0
2024-09-15,STR028,PRD0006,771,352,336,787,R3,1.86,0
2024-12-22,STR039,PRD0130,389,83,13,459,R5,0.67,0
2024-05-12,STR021,PRD0012,381,154,9,526,R3,4.72,0
2023-06-25,STR025,PRD0081,991,6,175,822,R4,3.36,0
2024-06-30,STR050,PRD0012,770,148,136,782,R2,4.26,0
2024-07-28,STR045,PRD0146,163,495,28,630,R4,3.72,0
2024-12-22,STR032,PRD0139,688,0,198,490,R2,1.06,0
2024-08-11,STR031,PRD0019,422,491,484,429,R5,1.71,0
2024-03-17,STR026,PRD0040,597,489,293,793,R3,3.11,0
2023-01-29,STR018,PRD0104,674,297,253,718,R5,4.26,0
2023-10-15,STR014,PRD0073,576,282,125,733,R5,4.49,0
2023-02-05,STR049,PRD0037,339,243,42,540,R3,0.06,0
2024-09-29,STR050,PRD0030,862,38,348,552,R2,4.46,0
2024-12-15,STR010,PRD0083,382,311,98,595,R1,0.45,0
2023-02-19,STR008,PRD0039,689,444,359,774,R2,4.13,0
2023-03-12,STR008,PRD0058,692,357,101,948,R2,4.89,0
2023-12-03,STR029,PRD0030,822,44,473,393,R2,0.34,0
2024-09-08,STR036,PRD0077,579,468,213,834,R3,3.69,0
2023-07-16,STR009,PRD0001,403,470,365,508,R5,0.15,0
2023-11-12,STR036,PRD0136,199,301,70,430,R3,2.27,0
2024-10-13,STR011,PRD0105,385,161,148,398,R4,0.82,0
2024-04-07,STR035,PRD0108,222,161,284,99,R5,1.49,1
2023-10-22,STR006,PRD0064,436,464,212,688,R2,4.43,0
2024-09-29,STR012,PRD0096,936,408,430,914,R4,0.43,0
2024-10-13,STR024,PRD0124,183,190,30,343,R5,1.62,0
2024-03-17,STR002,PRD0028,878,223,468,633,R2,1.3,0
2024-07-14,STR039,PRD0064,886,105,253,738,R5,0.4,0
2023-11-19,STR013,PRD0136,639,278,55,862,R2,1.07,0
2023-05-14,STR010,PRD0047,108,319,165,262,R1,0.75,0
2023-01-01,STR039,PRD0005,108,402,224,286,R5,1.13,0
2023-03-12,STR049,PRD0106,607,425,97,935,R3,3.63,0
2023-08-20,STR003,PRD0068,451,351,278,524,R3,0.28,0
2024-08-04,STR034,PRD0041,432,189,319,302,R4,3.81,0
2023-08-27,STR034,PRD0034,468,84,237,315,R4,4.46,0
2023-01-29,STR001,PRD0117,271,300,203,368,R2,2.85,0
2023-01-29,STR019,PRD0153,901,156,265,792,R3,0.8,0
2023-08-13,STR022,PRD0160,729,289,425,593,R3,3.83,0
2024-09-15,STR027,PRD0114,719,179,573,325,R1,3.17,0
2023-07-02,STR033,PRD0043,633,72,316,389,R1,4.9,0
2023-12-17,STR010,PRD0159,104,320,127,297,R1,0.49,0
2023-12-17,STR025,PRD0085,749,210,112,847,R4,1.29,0
2024-03-17,STR010,PRD0091,388,97,477,8,R1,4.07,1
2024-12-15,STR011,PRD0010,779,320,504,595,R4,3.24,0
2024-01-21,STR009,PRD0110,468,8,314,162,R5,4.66,0
2024-01-07,STR035,PRD0012,797,450,518,729,R5,3.93,0
2024-01-28,STR016,PRD0117,482,482,263,701,R2,4.26,0
2024-03-31,STR014,PRD0021,240,266,100,406,R5,0.86,0
2023-04-30,STR016,PRD0128,560,243,369,434,R2,2.22,0
2023-11-05,STR001,PRD0074,351,420,214,557,R2,2.12,0
2024-03-03,STR036,PRD0036,528,349,547,330,R3,2.75,0
2023-08-20,STR050,PRD0123,386,202,66,522,R2,4.39,0
2024-04-28,STR018,PRD0096,797,219,379,637,R5,2.33,0
2023-06-18,STR019,PRD0068,661,234,321,574,R3,1.1,0
2024-03-17,STR001,PRD0080,352,38,46,344,R2,1.99,0
2023-10-15,STR014,PRD0095,474,191,44,621,R5,4.8,0
2023-05-21,STR039,PRD0077,131,487,402,216,R5,4.65,0
2024-04-07,STR039,PRD0104,252,282,425,109,R5,1.43,0
2024-04-14,STR029,PRD0158,757,432,7,1182,R2,4.74,0
2023-02-12,STR010,PRD0033,904,24,434,494,R1,2.35,0
2024-08-25,STR034,PRD0103,337,288,336,289,R4,2.13,0
2024-05-26,STR039,PRD0056,912,372,6,1278,R5,1.57,0
2023-06-11,STR003,PRD0046,344,34,52,326,R3,1.57,0
2023-08-06,STR041,PRD0153,408,187,82,513,R5,1.26,0
2023-04-30,STR016,PRD0072,679,347,149,877,R2,2.11,0
2023-05-14,STR021,PRD0109,414,214,477,151,R3,4.73,0
2024-09-22,STR026,PRD0121,256,292,522,26,R3,1.09,1
2024-10-13,STR030,PRD0080,963,223,563,623,R5,3.52,0
2023-10-22,STR035,PRD0047,720,115,123,712,R5,3.25,0
2024-01-28,STR041,PRD0023,583,232,153,662,R5,2.22,0
2024-03-10,STR030,PRD0046,470,131,425,176,R5,0.57,0
2024-07-07,STR037,PRD0051,778,433,371,840,R1,3.46,0
2024-04-21,STR039,PRD0081,456,136,321,271,R5,0.33,0
2024-10-13,STR010,PRD0022,776,349,279,846,R1,4.16,0
2024-11-17,STR011,PRD0007,787,311,373,725,R4,1.31,0
2024-03-03,STR043,PRD0146,162,123,56,229,R1,0.41,0
2023-01-29,STR035,PRD0152,673,214,112,775,R5,4.94,0
2024-03-24,STR029,PRD0107,520,55,232,343,R2,1.71,0
2024-01-14,STR038,PRD0037,363,483,267,579,R3,2.74,0
2023-09-10,STR026,PRD0095,890,451,319,1022,R3,3.79,0
2023-04-30,STR023,PRD0078,430,439,455,414,R5,2.79,0
2023-03-12,STR035,PRD0038,373,317,538,152,R5,4.65,0
2024-08-25,STR043,PRD0014,731,418,65,1084,R1,1.8,0
2024-03-17,STR009,PRD0030,216,6,184,38,R5,4.03,1
2024-02-04,STR027,PRD0071,741,438,293,886,R1,4.27,0
2024-08-04,STR042,PRD0111,395,320,233,482,R3,0.95,0
2023-01-08,STR049,PRD0024,739,211,536,414,R3,3.66,0
2023-01-08,STR018,PRD0057,473,400,192,681,R5,3.75,0
2023-07-30,STR016,PRD0059,184,451,334,301,R2,2.61,0
2024-06-16,STR045,PRD0065,618,147,420,345,R4,2.04,0
2023-01-01,STR036,PRD0049,110,170,278,2,R3,3.79,1
2023-03-12,STR032,PRD0015,463,269,197,535,R2,4.35,0
2023-03-19,STR028,PRD0108,194,104,204,94,R3,1.09,1
2023-01-29,STR034,PRD0144,648,348,86,910,R4,0.93,0
2024-05-05,STR019,PRD0098,800,18,506,312,R3,3.41,0
2023-06-18,STR012,PRD0146,319,142,44,417,R4,3.58,0
2023-05-28,STR012,PRD0057,887,359,329,917,R4,0.17,0
2023-09-17,STR026,PRD0135,482,223,425,280,R3,4.98,0
2024-09-08,STR039,PRD0047,138,422,530,30,R5,3.04,1
2024-07-21,STR020,PRD0081,911,315,231,995,R3,2.58,0
2024-12-08,STR006,PRD0056,607,41,157,491,R2,3.93,0
2024-02-18,STR001,PRD0087,572,493,410,655,R2,2.4,0
2024-09-01,STR030,PRD0066,687,363,112,938,R5,0.86,0
2023-01-29,STR045,PRD0061,416,488,400,504,R4,3.02,0
2023-05-21,STR005,PRD0121,115,397,128,384,R1,4.09,0
2024-06-02,STR045,PRD0140,847,64,105,806,R4,4.02,0
2023-10-29,STR025,PRD0139,540,297,413,424,R4,0.64,0
2023-11-05,STR021,PRD0067,644,343,63,924,R3,1.04,0
2024-07-14,STR024,PRD0085,617,433,522,528,R5,4.97,0
2024-11-10,STR018,PRD0009,782,111,391,502,R5,0.27,0
2023-03-12,STR009,PRD0057,447,345,429,363,R5,1.68,0
2023-02-12,STR023,PRD0027,298,301,24,575,R5,3.16,0
2023-05-07,STR042,PRD0102,113,240,335,18,R3,0.2,1
2024-08-04,STR011,PRD0009,413,238,228,423,R4,4.56,0
2024-04-28,STR006,PRD0023,677,172,76,773,R2,1.53,0
2023-05-14,STR008,PRD0069,405,206,129,482,R2,2.3,0
2023-08-27,STR009,PRD0069,957,374,226,1105,R5,2.98,0
2024-09-15,STR031,PRD0025,306,197,466,37,R5,3.36,1
2024-12-08,STR003,PRD0036,788,338,451,675,R3,3.21,0
2024-06-16,STR022,PRD0038,110,99,55,154,R3,2.96,0
2024-10-27,STR041,PRD0025,702,93,431,364,R5,4.58,0
2024-06-02,STR024,PRD0043,467,76,145,398,R5,3.41,0
2024-08-25,STR013,PRD0023,510,88,22,576,R2,4.91,0
2024-06-02,STR006,PRD0003,788,308,240,856,R2,3.15,0
2023-02-05,STR031,PRD0053,182,196,175,203,R5,3.24,0
2023-05-21,STR047,PRD0127,170,215,371,14,R2,2.22,1
2024-09-08,STR002,PRD0039,990,38,529,499,R2,4.85,0
2023-05-21,STR038,PRD0075,914,406,416,904,R3,3.27,0
2023-09-03,STR035,PRD0068,909,385,55,1239,R5,1.04,0
2024-03-03,STR007,PRD0155,329,171,50,450,R5,2.47,0
2023-12-10,STR002,PRD0032,106,147,66,187,R2,2.21,0
2024-06-09,STR046,PRD0059,801,251,19,1033,R3,2.9,0
2024-09-01,STR022,PRD0140,534,451,528,457,R3,0.88,0
2023-04-02,STR006,PRD0153,556,130,589,97,R2,0.94,1
2024-10-20,STR046,PRD0025,843,435,50,1228,R3,2.81,0
2024-11-24,STR031,PRD0102,413,479,598,294,R5,0.51,0
2024-05-19,STR015,PRD0132,568,34,549,53,R5,1.03,1
2023-01-22,STR014,PRD0016,558,12,509,61,R5,0.65,1
2023-05-28,STR043,PRD0095,127,466,434,159,R1,2.23,0
2024-12-08,STR008,PRD0100,202,14,174,42,R2,2.54,1
2024-05-05,STR006,PRD0106,576,359,328,607,R2,0.41,0
2024-05-12,STR046,PRD0023,134,22,47,109,R3,3.29,0
2024-11-17,STR036,PRD0073,563,347,475,435,R3,3.28,0
2023-02-05,STR041,PRD0084,283,284,155,412,R5,0.81,0
2023-09-03,STR030,PRD0097,641,440,95,986,R5,1.27,0
2023-01-01,STR048,PRD0105,517,295,374,438,R2,2.59,0
2023-12-17,STR030,PRD0070,378,128,489,17,R5,0.24,1
2023-02-26,STR043,PRD0099,281,449,504,226,R1,4.9,0
2024-02-25,STR046,PRD0159,752,63,393,422,R3,2.09,0
2024-12-15,STR037,PRD0158,770,144,598,316,R1,4.51,0
2023-12-17,STR001,PRD0149,640,311,104,847,R2,2.02,0
2024-03-24,STR019,PRD0149,730,296,174,852,R3,3.9,0
2023-06-11,STR001,PRD0030,414,200,513,101,R2,1.18,0
2023-07-02,STR020,PRD0135,629,5,562,72,R3,2.95,1
2024-05-26,STR014,PRD0075,696,316,468,544,R5,2.74,0
2023-01-29,STR043,PRD0075,190,43,75,158,R1,1.38,0
2024-09-01,STR006,PRD0083,170,487,417,240,R2,1.43,0
2024-11-24,STR027,PRD0112,427,221,490,158,R1,2.63,0
2024-02-11,STR038,PRD0088,203,390,476,117,R3,2.03,0
2023-05-07,STR022,PRD0019,503,407,463,447,R3,1.89,0
2023-06-04,STR039,PRD0158,306,275,422,159,R5,0.46,0
2023-06-25,STR018,PRD0040,858,292,11,1139,R5,0.71,0
2023-06-18,STR036,PRD0011,116,494,384,226,R3,1.49,0
2023-03-05,STR007,PRD0086,296,359,398,257,R5,1.09,0
2024-07-21,STR033,PRD0037,462,236,468,230,R1,0.12,0
2024-03-24,STR034,PRD0123,150,159,210,99,R4,0.25,1
2023-11-12,STR002,PRD0044,354,211,97,468,R2,0.7,0
2023-12-24,STR025,PRD0068,183,342,292,233,R4,3.49,0
2023-06-18,STR016,PRD0068,427,335,4,758,R2,4.33,0
2023-12-31,STR020,PRD0141,887,96,437,546,R3,4.64,0
2023-12-24,STR045,PRD0150,535,114,558,91,R4,1.16,1
2024-10-13,STR026,PRD0094,953,420,433,940,R3,4.83,0
2024-12-29,STR001,PRD0131,150,138,34,254,R2,0.2,0
2023-03-26,STR034,PRD0105,439,320,290,469,R4,2.48,0
2023-06-25,STR005,PRD0062,178,200,206,172,R1,1.94,0
2024-10-13,STR041,PRD0005,710,301,354,657,R5,0.72,0
2023-03-05,STR015,PRD0155,198,42,200,40,R5,3.95,1
2024-08-04,STR049,PRD0072,476,84,198,362,R3,4.27,0
2024-11-03,STR016,PRD0057,938,107,149,896,R2,3.96,0
2024-06-30,STR017,PRD0128,266,197,145,318,R2,5.0,0
2024-03-03,STR005,PRD0101,979,183,368,794,R1,3.35,0
2024-03-24,STR030,PRD0136,315,406,528,193,R5,4.15,0
2023-05-07,STR047,PRD0071,934,297,508,723,R2,1.82,0
2024-08-25,STR015,PRD0138,598,103,222,479,R5,2.69,0
2023-04-30,STR014,PRD0025,890,244,71,1063,R5,2.88,0
2023-08-27,STR007,PRD0044,995,346,372,969,R5,4.56,0
2024-04-21,STR019,PRD0130,809,430,511,728,R3,3.54,0
2023-11-26,STR046,PRD0003,489,221,383,327,R3,3.04,0
2023-10-29,STR037,PRD0149,709,229,527,411,R1,0.41,0
2024-04-28,STR038,PRD0024,976,66,294,748,R3,2.96,0
2024-03-03,STR042,PRD0006,282,369,370,281,R3,0.97,0
2024-09-29,STR028,PRD0092,206,82,47,241,R3,2.47,0
2023-01-29,STR002,PRD0143,525,33,107,451,R2,4.82,0
2023-12-17,STR016,PRD0039,577,40,287,330,R2,2.52,0
2023-09-03,STR030,PRD0099,538,321,158,701,R5,1.14,0
2023-05-28,STR025,PRD0098,276,39,175,140,R4,0.78,0
2024-01-21,STR015,PRD0149,292,194,367,119,R5,3.74,0
2023-03-12,STR018,PRD0017,357,44,236,165,R5,3.36,0
2024-04-14,STR046,PRD0078,390,457,218,629,R3,1.23,0
2024-04-28,STR003,PRD0078,445,6,194,257,R3,0.3,0
2023-09-03,STR023,PRD0135,756,25,118,663,R5,1.64,0
2023-10-15,STR035,PRD0100,153,402,126,429,R5,2.88,0
2024-03-31,STR039,PRD0012,458,129,30,557,R5,4.93,0
2024-03-03,STR003,PRD0072,811,264,378,697,R3,1.0,0
2023-09-03,STR046,PRD0028,308,419,545,182,R3,0.25,0
2024-04-28,STR042,PRD0050,293,9,184,118,R3,0.1,0
2023-04-09,STR050,PRD0076,718,348,360,706,R2,1.5,0
2024-11-03,STR029,PRD0005,185,440,58,567,R2,2.08,0
2024-05-05,STR008,PRD0081,105,370,285,190,R2,4.79,0
2023-08-20,STR013,PRD0031,691,72,144,619,R2,3.25,0
2024-04-28,STR005,PRD0036,684,386,196,874,R1,4.7,0
2024-06-30,STR021,PRD0073,732,100,548,284,R3,3.68,0
2023-03-12,STR031,PRD0080,338,487,237,588,R5,1.16,0
2024-01-21,STR028,PRD0113,351,90,204,237,R3,0.64,0
2024-02-11,STR019,PRD0088,595,64,102,557,R3,3.14,0
2024-02-04,STR035,PRD0014,547,419,109,857,R5,2.57,0
2024-06-16,STR043,PRD0038,786,166,432,520,R1,2.6,0
2023-10-01,STR027,PRD0157,457,190,452,195,R1,3.28,0
2024-07-21,STR048,PRD0102,1000,82,113,969,R2,4.43,0
2023-12-17,STR006,PRD0077,394,71,67,398,R2,2.97,0
2024-08-04,STR004,PRD0002,610,86,143,553,R4,2.29,0
2023-03-19,STR008,PRD0084,453,45,176,322,R2,1.18,0
2024-02-11,STR018,PRD0109,601,106,79,628,R5,1.18,0
2023-06-18,STR015,PRD0026,533,3,510,26,R5,2.94,1
2023-06-04,STR022,PRD0034,853,128,442,539,R3,1.57,0
2024-06-09,STR010,PRD0146,571,369,374,566,R1,2.55,0
2023-08-20,STR050,PRD0086,1000,338,519,819,R2,3.61,0
2024-09-22,STR047,PRD0008,864,396,590,670,R2,2.74,0
2024-04-21,STR049,PRD0002,472,282,323,431,R3,1.09,0
2024-03-10,STR008,PRD0018,899,396,229,1066,R2,4.61,0
2023-10-15,STR022,PRD0158,848,333,21,1160,R3,3.89,0
2023-11-19,STR022,PRD0049,914,165,86,993,R3,1.06,0
2023-03-19,STR037,PRD0157,824,494,214,1104,R1,1.04,0
2023-09-03,STR024,PRD0050,464,192,359,297,R5,3.39,0
2024-10-06,STR049,PRD0104,678,439,351,766,R3,1.31,0
2023-02-05,STR043,PRD0056,739,227,444,522,R1,3.47,0
2023-03-19,STR044,PRD0089,779,343,83,1039,R5,3.58,0
2024-04-07,STR023,PRD0006,354,412,412,354,R5,3.02,0
2023-03-05,STR015,PRD0047,669,50,333,386,R5,2.14,0
2024-02-04,STR008,PRD0133,289,374,109,554,R2,1.55,0
2023-01-01,STR050,PRD0115,533,355,529,359,R2,3.65,0
2023-03-19,STR036,PRD0146,267,488,39,716,R3,1.75,0
2024-05-12,STR027,PRD0067,823,358,298,883,R1,4.83,0
2023-05-07,STR037,PRD0016,231,55,17,269,R1,4.46,0
2024-03-10,STR001,PRD0105,361,152,22,491,R2,2.02,0
2023-05-21,STR022,PRD0039,889,475,369,995,R3,0.12,0
2023-02-05,STR021,PRD0056,473,339,227,585,R3,1.11,0
2023-01-01,STR025,PRD0084,131,43,57,117,R4,0.94,0
2024-08-04,STR033,PRD0155,888,124,213,799,R1,2.04,0
2023-05-28,STR042,PRD0051,522,238,287,473,R3,2.58,0
2024-03-10,STR029,PRD0096,311,177,292,196,R2,2.32,0
2023-10-15,STR040,PRD0107,455,156,75,536,R2,4.63,0
2023-03-26,STR046,PRD0104,154,416,221,349,R3,3.97,0
2024-03-10,STR019,PRD0109,262,32,277,17,R3,1.44,1
2024-11-24,STR028,PRD0078,134,155,202,87,R3,2.02,1
2023-04-09,STR029,PRD0088,736,201,597,340,R2,1.06,0
2023-08-20,STR050,PRD0144,446,308,513,241,R2,3.49,0
2023-01-15,STR020,PRD0055,795,56,398,453,R3,3.31,0
2023-12-24,STR024,PRD0095,270,269,306,233,R5,4.02,0
2023-09-10,STR016,PRD0147,840,436,169,1107,R2,1.9,0
2023-09-17,STR038,PRD0080,749,355,347,757,R3,3.95,0
2024-06-30,STR010,PRD0061,798,391,263,926,R1,0.37,0
2023-08-20,STR047,PRD0120,137,403,303,237,R2,1.78,0
2024-12-22,STR004,PRD0074,698,358,64,992,R4,4.32,0
2024-11-10,STR034,PRD0003,660,28,69,619,R4,3.41,0
2024-12-08,STR009,PRD0097,760,75,186,649,R5,3.17,0
2023-09-24,STR020,PRD0107,616,411,368,659,R3,0.51,0
2024-07-28,STR046,PRD0097,872,257,4,1125,R3,1.84,0
2024-02-18,STR020,PRD0038,361,302,495,168,R3,0.74,0
2024-09-15,STR045,PRD0019,523,401,92,832,R4,4.49,0
2023-11-12,STR030,PRD0132,370,9,238,141,R5,1.07,0
2024-11-10,STR009,PRD0072,643,159,569,233,R5,0.51,0
2023-08-20,STR007,PRD0002,380,218,55,543,R5,1.46,0
2023-12-31,STR022,PRD0083,987,7,343,651,R3,1.2,0
2024-07-07,STR002,PRD0140,781,261,160,882,R2,2.51,0
2024-02-25,STR021,PRD0158,942,492,85,1349,R3,4.28,0
2023-01-01,STR045,PRD0058,704,484,384,804,R4,4.04,0
2024-01-14,STR007,PRD0017,674,241,503,412,R5,2.19,0
2023-06-18,STR046,PRD0115,523,428,561,390,R3,4.6,0
2024-05-26,STR041,PRD0092,939,331,404,866,R5,1.71,0
2024-07-14,STR044,PRD0091,762,448,335,875,R5,0.58,0
2023-07-23,STR045,PRD0029,479,456,399,536,R4,4.13,0
2023-04-02,STR011,PRD0066,330,75,377,28,R4,3.95,1
2024-09-08,STR032,PRD0018,203,117,180,140,R2,3.85,0
2023-11-19,STR008,PRD0081,374,115,487,2,R2,1.56,1
2023-04-16,STR005,PRD0004,211,243,369,85,R1,1.88,1
2024-08-11,STR049,PRD0039,733,266,537,462,R3,1.81,0
2023-09-10,STR023,PRD0129,997,47,599,445,R5,3.79,0
2023-09-10,STR045,PRD0100,661,2,75,588,R4,4.59,0
2023-07-16,STR039,PRD0058,398,197,197,398,R5,2.87,0
2023-02-19,STR011,PRD0061,173,267,18,422,R4,4.53,0
2024-05-19,STR027,PRD0152,799,219,428,590,R1,4.99,0
2023-08-13,STR034,PRD0110,640,493,337,796,R4,4.77,0
2023-10-22,STR014,PRD0015,550,208,76,682,R5,1.85,0
2023-03-12,STR041,PRD0039,528,353,293,588,R5,0.83,0
2024-12-01,STR012,PRD0084,606,49,347,308,R4,0.34,0
2024-07-28,STR042,PRD0115,875,380,345,910,R3,4.7,0
2024-09-01,STR002,PRD0001,464,193,321,336,R2,3.63,0
2023-02-26,STR037,PRD0033,904,26,193,737,R1,0.14,0
2024-10-27,STR050,PRD0109,504,430,136,798,R2,4.45,0
2023-09-10,STR015,PRD0144,446,138,393,191,R5,0.34,0
2024-09-29,STR036,PRD0052,446,124,77,493,R3,4.26,0
2024-09-29,STR034,PRD0028,701,452,101,1052,R4,3.63,0
2023-01-01,STR018,PRD0070,606,416,351,671,R5,3.21,0
2023-04-09,STR038,PRD0141,973,120,440,653,R3,4.82,0
2023-06-11,STR017,PRD0007,852,240,164,928,R2,1.45,0
2024-09-01,STR022,PRD0045,116,283,157,242,R3,0.92,0
2023-05-14,STR040,PRD0086,586,338,170,754,R2,2.72,0
2023-06-11,STR030,PRD0082,260,384,536,108,R5,2.61,0
2023-09-24,STR030,PRD0154,949,443,332,1060,R5,2.72,0
2024-09-15,STR007,PRD0129,486,338,34,790,R5,3.11,0
2023-04-16,STR027,PRD0034,853,395,486,762,R1,2.43,0
2023-09-03,STR003,PRD0160,814,386,508,692,R3,3.73,0
2023-06-11,STR025,PRD0083,265,400,465,200,R4,0.88,0
2024-12-29,STR005,PRD0054,651,312,18,945,R1,0.32,0
2023-05-21,STR048,PRD0024,430,10,10,430,R2,4.0,0
2024-12-22,STR029,PRD0022,543,86,227,402,R2,1.8,0
2023-12-31,STR034,PRD0056,244,341,395,190,R4,4.67,0
2024-04-21,STR013,PRD0117,501,349,457,393,R2,1.76,0
2023-03-26,STR026,PRD0027,591,142,401,332,R3,0.19,0
2023-01-01,STR025,PRD0140,593,41,480,154,R4,4.66,0
2024-06-23,STR033,PRD0022,958,174,288,844,R1,3.63,0
2024-02-11,STR015,PRD0016,691,188,52,827,R5,3.22,0
2024-03-03,STR041,PRD0047,417,277,459,235,R5,1.99,0
2024-12-15,STR001,PRD0086,347,220,330,237,R2,2.16,0
2024-01-21,STR048,PRD0137,774,287,583,478,R2,0.75,0
2023-02-05,STR031,PRD0110,348,315,149,514,R5,0.73,0
2024-01-28,STR018,PRD0104,414,407,35,786,R5,3.23,0
2023-01-22,STR016,PRD0154,175,362,303,234,R2,2.83,0
2023-03-12,STR005,PRD0131,805,29,117,717,R1,0.65,0
2024-10-20,STR042,PRD0046,271,74,175,170,R3,1.33,0
2024-03-03,STR011,PRD0159,624,409,524,509,R4,2.79,0
2024-12-22,STR022,PRD0144,122,223,26,319,R3,1.57,0
2023-04-16,STR001,PRD0045,409,9,343,75,R2,1.37,1
2024-11-17,STR035,PRD0032,414,427,550,291,R5,3.3,0
2024-07-21,STR031,PRD0124,740,381,522,599,R5,0.01,0
2023-07-30,STR017,PRD0022,114,232,59,287,R2,3.0,0
2023-09-17,STR024,PRD0004,147,171,161,157,R5,4.18,0
2024-04-28,STR049,PRD0057,621,261,200,682,R3,3.07,0
2023-10-15,STR009,PRD0102,672,181,415,438,R5,2.1,0
2023-06-25,STR025,PRD0157,402,157,18,541,R4,4.6,0
2024-02-25,STR021,PRD0122,354,192,228,318,R3,2.05,0
2024-11-17,STR030,PRD0109,613,191,299,505,R5,3.23,0
2024-06-23,STR050,PRD0037,465,142,241,366,R2,4.29,0
2023-07-30,STR045,PRD0106,842,261,369,734,R4,1.37,0
2024-06-23,STR029,PRD0109,209,164,63,310,R2,4.94,0
2023-03-12,STR001,PRD0040,977,11,472,516,R2,2.58,0
2024-03-10,STR026,PRD0098,358,448,431,375,R3,2.9,0
2024-11-17,STR046,PRD0041,950,215,362,803,R3,4.31,0
2023-09-17,STR020,PRD0150,725,358,41,1042,R3,0.05,0
2024-02-25,STR017,PRD0072,510,211,237,484,R2,3.61,0
2024-03-17,STR048,PRD0057,130,322,131,321,R2,0.22,0
2023-12-17,STR026,PRD0065,343,271,499,115,R3,0.52,0
2024-10-20,STR032,PRD0001,737,49,424,362,R2,0.65,0
2024-05-19,STR026,PRD0043,851,56,27,880,R3,3.13,0
2023-07-23,STR017,PRD0019,928,126,535,519,R2,3.07,0
2024-12-22,STR005,PRD0085,646,410,365,691,R1,2.83,0
2023-04-09,STR042,PRD0096,707,188,159,736,R3,0.08,0
2023-09-03,STR022,PRD0138,551,390,301,640,R3,3.7,0
2023-01-08,STR031,PRD0131,558,411,283,686,R5,2.93,0
2024-10-06,STR027,PRD0085,474,288,204,558,R1,0.54,0
2023-02-12,STR036,PRD0043,233,308,30,511,R3,1.14,0
2023-07-09,STR030,PRD0124,620,238,492,366,R5,0.17,0
2023-01-22,STR015,PRD0078,664,365,142,887,R5,2.88,0
2024-10-20,STR027,PRD0011,872,147,370,649,R1,0.66,0
2023-11-26,STR021,PRD0115,706,10,358,358,R3,2.22,0
2024-05-05,STR001,PRD0011,589,317,274,632,R2,3.98,0
2024-07-21,STR005,PRD0123,877,433,520,790,R1,0.44,0
2023-12-03,STR023,PRD0028,721,493,485,729,R5,0.89,0
2023-01-08,STR025,PRD0009,522,421,34,909,R4,1.56,0
2023-11-05,STR013,PRD0057,345,462,553,254,R2,1.37,0
2024-11-17,STR037,PRD0006,780,40,457,363,R1,1.68,0
2024-09-01,STR017,PRD0151,865,344,144,1065,R2,1.96,0
2024-12-15,STR040,PRD0134,114,475,575,14,R2,2.1,1
2024-10-13,STR007,PRD0153,893,30,312,611,R5,2.96,0
2023-06-04,STR041,PRD0008,110,188,190,108,R5,2.82,0
2023-11-05,STR045,PRD0106,157,431,347,241,R4,1.56,0
2024-04-21,STR031,PRD0110,933,266,377,822,R5,0.92,0
2024-01-07,STR035,PRD0036,656,192,325,523,R5,2.63,0
2024-11-17,STR037,PRD0121,639,127,144,622,R1,4.47,0
2024-03-31,STR012,PRD0075,895,409,206,1098,R4,0.82,0
2023-10-01,STR007,PRD0067,841,278,307,812,R5,3.83,0
2024-02-11,STR033,PRD0105,659,253,532,380,R1,0.21,0
2024-12-01,STR033,PRD0121,133,127,207,53,R1,2.37,1
2024-10-27,STR044,PRD0115,488,234,366,356,R5,0.13,0
2023-01-29,STR006,PRD0146,960,151,119,992,R2,2.2,0
2023-12-24,STR036,PRD0015,790,313,236,867,R3,3.02,0
2023-10-22,STR030,PRD0128,610,11,566,55,R5,0.48,1
2023-08-13,STR006,PRD0116,328,106,265,169,R2,3.66,0
2023-05-28,STR018,PRD0113,778,125,218,685,R5,3.3,0
2023-03-05,STR048,PRD0064,541,424,436,529,R2,3.58,0
2023-12-03,STR044,PRD0134,181,120,140,161,R5,0.04,0
2024-02-11,STR042,PRD0141,367,117,336,148,R3,1.48,0
2023-04-30,STR043,PRD0093,457,156,366,247,R1,1.15,0
2024-05-05,STR039,PRD0098,131,252,171,212,R5,3.44,0
2024-06-09,STR021,PRD0060,394,56,73,377,R3,1.86,0
2023-05-07,STR038,PRD0034,708,97,565,240,R3,1.68,0
2024-10-27,STR004,PRD0038,852,207,241,818,R4,4.56,0
2024-11-24,STR011,PRD0151,990,114,570,534,R4,0.42,0
2024-06-02,STR010,PRD0095,981,309,104,1186,R1,1.06,0
2024-06-23,STR036,PRD0102,274,191,141,324,R3,1.49,0
2023-02-26,STR036,PRD0081,788,432,505,715,R3,1.1,0
2023-09-24,STR007,PRD0098,672,153,15,810,R5,1.62,0
2024-12-15,STR009,PRD0105,149,446,30,565,R5,0.22,0
2024-06-30,STR039,PRD0130,201,88,285,4,R5,3.54,1
2024-02-25,STR003,PRD0003,851,171,244,778,R3,0.7,0
2024-09-15,STR011,PRD0013,127,445,418,154,R4,0.73,0
2023-05-14,STR044,PRD0136,353,375,91,637,R5,3.18,0
2024-04-28,STR036,PRD0087,948,414,95,1267,R3,4.55,0
2024-02-11,STR022,PRD0131,997,229,89,1137,R3,2.31,0
2023-03-26,STR031,PRD0118,533,382,331,584,R5,1.87,0
2023-04-02,STR022,PRD0002,495,121,52,564,R3,4.49,0
2023-02-26,STR011,PRD0094,832,438,119,1151,R4,3.04,0
2024-08-18,STR050,PRD0062,617,426,115,928,R2,4.26,0
2024-01-07,STR043,PRD0117,523,127,569,81,R1,2.92,1
2024-02-25,STR008,PRD0140,270,175,54,391,R2,3.01,0
2024-11-17,STR028,PRD0046,453,350,490,313,R3,4.7,0
2023-06-11,STR014,PRD0062,375,407,594,188,R5,0.96,0
2023-02-19,STR023,PRD0010,580,324,12,892,R5,3.12,0
2023-12-03,STR019,PRD0157,203,487,414,276,R3,2.95,0
2024-11-10,STR015,PRD0160,510,458,57,911,R5,3.27,0
2023-06-11,STR008,PRD0061,323,43,64,302,R2,1.27,0
2023-08-06,STR050,PRD0029,755,212,360,607,R2,3.44,0
2023-06-18,STR048,PRD0015,726,401,446,681,R2,1.9,0
2024-08-04,STR045,PRD0129,808,330,126,1012,R4,0.39,0
2024-02-18,STR007,PRD0086,641,471,302,810,R5,2.48,0
2024-07-28,STR030,PRD0064,358,211,509,60,R5,0.16,1
2023-09-17,STR003,PRD0128,949,345,243,1051,R3,4.19,0
2023-02-19,STR025,PRD0004,563,168,10,721,R4,4.93,0
2023-09-03,STR048,PRD0035,698,146,37,807,R2,4.14,0
2024-04-07,STR037,PRD0006,113,437,352,198,R1,3.3,0
2023-01-29,STR048,PRD0122,900,103,563,440,R2,3.37,0
2024-03-17,STR049,PRD0121,982,10,412,580,R3,2.32,0
2023-05-07,STR001,PRD0075,717,103,313,507,R2,4.81,0
2024-03-24,STR043,PRD0138,864,282,249,897,R1,3.5,0
2024-01-21,STR038,PRD0038,529,294,425,398,R3,1.33,0
2024-12-15,STR048,PRD0076,450,47,382,115,R2,3.61,0
2023-08-20,STR030,PRD0110,825,466,516,775,R5,0.41,0
2023-11-05,STR047,PRD0144,241,447,368,320,R2,1.72,0
2023-08-06,STR030,PRD0121,343,425,389,379,R5,0.59,0
2024-02-11,STR047,PRD0091,816,8,81,743,R2,3.64,0
2023-04-16,STR018,PRD0089,618,418,580,456,R5,3.66,0
2024-08-04,STR012,PRD0048,156,71,214,13,R4,1.08,1
2023-03-05,STR026,PRD0070,160,171,198,133,R3,3.9,0
2023-10-29,STR024,PRD0122,313,336,231,418,R5,1.86,0
2023-08-06,STR010,PRD0145,488,444,539,393,R1,3.54,0
2024-06-09,STR047,PRD0106,873,63,356,580,R2,2.26,0
2023-01-15,STR033,PRD0047,410,332,163,579,R1,1.68,0
2024-01-07,STR028,PRD0058,727,148,140,735,R3,4.61,0
2024-12-01,STR025,PRD0013,870,414,459,825,R4,3.71,0
2024-02-11,STR005,PRD0080,634,233,31,836,R1,4.53,0
2023-01-08,STR005,PRD0042,598,349,30,917,R1,2.59,0
2024-03-17,STR035,PRD0111,853,206,553,506,R5,3.0,0
2024-10-27,STR017,PRD0159,815,157,84,888,R2,0.63,0
2023-12-24,STR046,PRD0018,322,287,155,454,R3,1.8,0
2024-09-22,STR048,PRD0107,259,160,312,107,R2,2.72,0
2023-07-16,STR010,PRD0119,733,378,576,535,R1,2.46,0
2024-02-18,STR026,PRD0071,498,338,464,372,R3,1.27,0
2024-05-05,STR011,PRD0108,860,385,59,1186,R4,3.64,0
2023-06-18,STR034,PRD0029,917,16,72,861,R4,3.33,0
2023-10-15,STR044,PRD0108,577,150,520,207,R5,0.38,0
2023-09-10,STR030,PRD0091,292,31,95,228,R5,1.0,0
2023-07-16,STR034,PRD0032,791,189,425,555,R4,3.58,0
2023-11-05,STR019,PRD0013,529,213,99,643,R3,0.67,0
2024-08-11,STR020,PRD0024,268,302,6,564,R3,2.67,0
2023-03-26,STR020,PRD0069,275,366,381,260,R3,3.59,0
2024-10-27,STR023,PRD0125,337,23,62,298,R5,3.32,0
2024-07-21,STR001,PRD0030,177,169,72,274,R2,1.59,0
2024-12-15,STR009,PRD0159,510,266,248,528,R5,2.5,0
2023-01-29,STR049,PRD0083,896,282,263,915,R3,0.35,0
2024-07-28,STR010,PRD0111,975,142,512,605,R1,1.64,0
2023-11-05,STR027,PRD0039,290,34,263,61,R1,4.9,1
2023-04-02,STR024,PRD0022,402,121,500,23,R5,0.74,1
2024-02-18,STR008,PRD0003,736,69,101,704,R2,3.63,0
2023-01-01,STR023,PRD0154,890,190,315,765,R5,1.53,0
2023-03-05,STR044,PRD0018,335,65,80,320,R5,0.12,0
2024-05-05,STR006,PRD0097,603,145,300,448,R2,1.68,0
2024-04-21,STR015,PRD0142,644,301,577,368,R5,4.41,0
2023-10-08,STR007,PRD0083,258,398,390,266,R5,1.9,0
2023-08-13,STR032,PRD0005,697,473,259,911,R2,3.37,0
2024-04-28,STR044,PRD0071,781,335,309,807,R5,4.1,0
2023-10-22,STR036,PRD0044,665,322,76,911,R3,1.38,0
2024-04-07,STR004,PRD0152,922,223,358,787,R4,1.9,0
2023-09-17,STR005,PRD0151,930,367,227,1070,R1,2.69,0
2024-09-01,STR040,PRD0083,966,420,454,932,R2,3.5,0
2023-05-21,STR045,PRD0056,109,62,17,154,R4,2.14,0
2023-07-16,STR037,PRD0058,868,237,209,896,R1,0.7,0
2024-05-05,STR035,PRD0051,865,68,119,814,R5,4.11,0
2023-11-05,STR035,PRD0020,936,224,224,936,R5,2.6,0
2023-06-18,STR002,PRD0027,525,118,66,577,R2,3.4,0
2024-09-08,STR017,PRD0065,839,159,328,670,R2,4.32,0
2024-11-17,STR010,PRD0058,625,442,414,653,R1,2.92,0
2023-02-12,STR045,PRD0135,743,417,367,793,R4,4.85,0
2023-11-12,STR014,PRD0011,275,477,415,337,R5,1.08,0
2024-06-30,STR018,PRD0157,529,201,537,193,R5,2.82,0
2023-09-17,STR007,PRD0050,864,166,510,520,R5,0.03,0
2023-08-13,STR041,PRD0072,266,297,49,514,R5,2.62,0
2023-10-15,STR046,PRD0142,738,409,518,629,R3,3.97,0
2024-10-27,STR013,PRD0045,671,320,316,675,R2,1.3,0
2023-02-05,STR020,PRD0064,622,230,397,455,R3,3.41,0
2023-03-12,STR017,PRD0087,825,203,254,774,R2,2.65,0
2023-06-25,STR020,PRD0086,285,30,238,77,R3,4.12,1
2023-06-18,STR007,PRD0070,256,468,573,151,R5,3.14,0
2024-09-01,STR005,PRD0070,930,222,107,1045,R1,0.53,0
2023-01-15,STR024,PRD0117,282,120,353,49,R5,1.41,1
2023-01-29,STR038,PRD0038,466,41,437,70,R3,3.81,1
2024-09-08,STR004,PRD0156,233,376,566,43,R4,3.08,1
2024-04-21,STR020,PRD0053,151,153,142,162,R3,3.51,0
2024-06-30,STR004,PRD0152,188,27,177,38,R4,3.48,1
2023-06-04,STR018,PRD0141,506,213,275,444,R5,3.23,0
2023-02-26,STR021,PRD0136,909,389,160,1138,R3,0.59,0
2024-10-27,STR026,PRD0105,657,162,208,611,R3,4.89,0
2023-02-19,STR036,PRD0139,181,365,285,261,R3,2.76,0
2023-05-28,STR017,PRD0060,466,346,64,748,R2,3.5,0
2023-06-11,STR001,PRD0119,183,192,353,22,R2,4.68,1
2023-10-29,STR047,PRD0009,508,224,534,198,R2,0.7,0
2023-08-13,STR038,PRD0098,241,414,520,135,R3,3.03,0
2023-02-05,STR022,PRD0116,924,462,422,964,R3,2.89,0
2024-07-21,STR040,PRD0078,281,459,383,357,R2,2.79,0
2024-11-17,STR031,PRD0147,351,46,68,329,R5,3.96,0
2023-04-16,STR046,PRD0153,616,326,173,769,R3,4.23,0
2024-10-06,STR049,PRD0010,279,174,151,302,R3,4.18,0
2023-11-05,STR046,PRD0086,545,432,191,786,R3,2.27,0
2023-01-01,STR001,PRD0021,664,113,590,187,R2,0.33,0
2024-08-25,STR025,PRD0059,313,286,326,273,R4,0.19,0
2024-05-05,STR027,PRD0057,265,400,437,228,R1,3.56,0
2024-11-03,STR029,PRD0092,323,201,503,21,R2,3.59,1
2024-05-19,STR031,PRD0155,425,438,239,624,R5,3.55,0
2023-11-26,STR024,PRD0151,979,125,157,947,R5,1.86,0
2023-04-09,STR050,PRD0118,392,140,70,462,R2,1.76,0
2024-12-29,STR005,PRD0084,715,291,481,525,R1,3.78,0
2023-06-11,STR023,PRD0100,479,384,452,411,R5,3.46,0
2024-12-15,STR039,PRD0007,524,194,108,610,R5,2.4,0
2024-07-21,STR044,PRD0123,374,490,53,811,R5,3.76,0
2024-09-15,STR026,PRD0051,519,344,456,407,R3,2.76,0
2023-05-07,STR008,PRD0122,993,396,102,1287,R2,2.76,0
2024-12-22,STR036,PRD0050,847,35,478,404,R3,3.82,0
2024-02-18,STR049,PRD0023,188,379,451,116,R3,1.19,0
2023-10-22,STR029,PRD0108,628,450,354,724,R2,3.25,0
2023-03-12,STR023,PRD0062,902,21,285,638,R5,1.3,0
2024-05-26,STR001,PRD0120,661,291,155,797,R2,4.11,0
2024-08-25,STR021,PRD0068,211,325,157,379,R3,0.39,0
2023-07-23,STR006,PRD0064,640,101,481,260,R2,3.7,0
2024-11-03,STR050,PRD0024,282,286,69,499,R2,3.12,0
2023-11-26,STR016,PRD0025,385,234,267,352,R2,1.71,0
2023-07-30,STR025,PRD0113,190,254,439,5,R4,2.13,1
2023-05-28,STR041,PRD0004,388,277,387,278,R5,1.67,0
2024-09-08,STR028,PRD0153,817,98,518,397,R3,4.32,0
2023-03-26,STR007,PRD0048,147,327,273,201,R5,4.56,0
2024-11-03,STR028,PRD0094,462,313,414,361,R3,1.02,0
2024-04-21,STR007,PRD0084,259,484,274,469,R5,1.02,0
2024-12-15,STR018,PRD0079,926,325,600,651,R5,2.43,0
2023-10-08,STR027,PRD0054,303,58,128,233,R1,3.61,0
2023-10-08,STR013,PRD0137,628,441,437,632,R2,2.64,0
2023-12-17,STR012,PRD0122,869,125,177,817,R4,1.71,0
2024-08-11,STR019,PRD0127,802,49,58,793,R3,3.77,0
2024-08-18,STR029,PRD0033,644,452,152,944,R2,1.85,0
2024-10-06,STR005,PRD0010,108,179,88,199,R1,2.55,0
2024-06-16,STR003,PRD0082,396,258,276,378,R3,3.29,0
2023-03-19,STR040,PRD0092,783,80,474,389,R2,3.27,0
2023-01-29,STR005,PRD0126,452,23,184,291,R1,3.5,0
2023-04-30,STR001,PRD0035,407,175,342,240,R2,1.33,0
2023-05-07,STR044,PRD0093,728,242,107,863,R5,1.26,0
2024-03-24,STR048,PRD0072,368,452,554,266,R2,0.84,0
2023-12-03,STR031,PRD0108,339,307,497,149,R5,0.96,0
2023-03-12,STR027,PRD0094,651,323,578,396,R1,1.43,0
2024-06-02,STR006,PRD0032,786,348,465,669,R2,2.7,0
2023-12-24,STR008,PRD0156,862,134,375,621,R2,4.49,0
2023-10-01,STR005,PRD0040,245,480,269,456,R1,0.61,0
2023-10-08,STR030,PRD0017,775,144,161,758,R5,0.9,0
2023-10-22,STR020,PRD0043,261,31,264,28,R3,1.72,1
2024-02-25,STR042,PRD0113,881,39,112,808,R3,3.27,0
2024-07-21,STR048,PRD0108,384,434,439,379,R2,0.06,0
2023-12-03,STR019,PRD0026,853,236,552,537,R3,1.28,0
2024-07-21,STR007,PRD0032,841,230,326,745,R5,3.51,0
2023-03-19,STR008,PRD0121,696,191,590,297,R2,3.9,0
2024-01-21,STR047,PRD0026,133,26,11,148,R2,3.11,0
2023-09-03,STR005,PRD0154,848,114,201,761,R1,3.58,0
2023-05-07,STR007,PRD0083,370,84,319,135,R5,2.39,0
2023-08-27,STR048,PRD0005,865,333,91,1107,R2,2.77,0
2024-02-25,STR047,PRD0119,499,199,228,470,R2,1.21,0
2023-12-24,STR005,PRD0106,646,423,355,714,R1,3.25,0
2023-04-16,STR021,PRD0145,534,221,417,338,R3,2.87,0
2024-08-04,STR017,PRD0059,165,241,214,192,R2,0.67,0
2024-01-21,STR005,PRD0066,313,120,301,132,R1,0.81,0
2024-05-19,STR014,PRD0060,721,14,82,653,R5,4.78,0
2023-07-23,STR045,PRD0004,941,72,271,742,R4,4.06,0
2024-02-18,STR023,PRD0009,596,374,205,765,R5,3.22,0
2024-11-03,STR025,PRD0067,757,13,55,715,R4,0.93,0
2024-12-08,STR046,PRD0138,147,482,599,30,R3,2.35,1
2023-07-09,STR013,PRD0091,940,27,403,564,R2,2.34,0
2024-07-21,STR016,PRD0145,629,87,390,326,R2,4.55,0
2023-07-23,STR038,PRD0003,357,358,403,312,R3,1.14,0
2023-08-13,STR037,PRD0065,816,304,473,647,R1,2.44,0
2023-03-19,STR050,PRD0054,445,326,102,669,R2,2.52,0
2024-10-06,STR022,PRD0145,744,125,544,325,R3,2.55,0
2024-12-22,STR032,PRD0058,858,129,338,649,R2,3.7,0
2024-09-29,STR003,PRD0143,513,374,587,300,R3,3.28,0
2023-01-15,STR023,PRD0144,324,491,383,432,R5,2.91,0
2024-03-24,STR045,PRD0094,746,295,573,468,R4,0.44,0
2023-08-20,STR036,PRD0009,444,252,570,126,R3,4.45,0
2024-03-17,STR020,PRD0134,128,370,328,170,R3,4.32,0
2023-02-26,STR046,PRD0032,599,419,550,468,R3,0.12,0
2023-09-24,STR048,PRD0157,685,337,38,984,R2,3.93,0
2023-01-01,STR035,PRD0003,364,168,478,54,R5,1.28,1
2023-01-29,STR030,PRD0115,172,257,401,28,R5,1.75,1
2023-12-17,STR028,PRD0002,834,424,367,891,R3,0.42,0
2023-10-08,STR032,PRD0068,872,472,128,1216,R2,2.09,0
2023-03-26,STR047,PRD0024,879,282,469,692,R2,1.32,0
2023-12-10,STR006,PRD0084,556,5,142,419,R2,1.85,0
2024-12-08,STR029,PRD0123,786,236,592,430,R2,0.92,0
2024-09-01,STR017,PRD0081,421,495,118,798,R2,0.93,0
2024-10-20,STR044,PRD0105,981,465,477,969,R5,0.47,0
2024-07-07,STR001,PRD0031,958,219,523,654,R2,4.08,0
2023-10-22,STR016,PRD0134,764,204,533,435,R2,1.97,0
2023-10-22,STR044,PRD0058,837,274,386,725,R5,1.75,0
2023-07-16,STR040,PRD0137,575,143,240,478,R2,0.81,0
2024-04-07,STR017,PRD0103,611,288,225,674,R2,1.31,0
2024-10-06,STR047,PRD0089,624,485,374,735,R2,4.4,0
2024-05-05,STR036,PRD0049,381,473,157,697,R3,2.7,0
2024-11-03,STR024,PRD0125,273,481,341,413,R5,1.38,0
2023-05-21,STR034,PRD0103,578,453,361,670,R4,0.96,0
2023-11-26,STR025,PRD0138,383,58,183,258,R4,3.16,0
2024-03-17,STR027,PRD0027,370,324,305,389,R1,1.57,0
2024-07-07,STR040,PRD0022,640,95,572,163,R2,4.64,0
2023-03-05,STR021,PRD0139,923,264,350,837,R3,2.7,0
2024-04-21,STR025,PRD0101,748,216,551,413,R4,3.32,0
2024-07-28,STR017,PRD0008,958,241,421,778,R2,2.1,0
2023-08-27,STR045,PRD0152,478,166,185,459,R4,1.43,0
2023-09-03,STR042,PRD0143,131,214,150,195,R3,1.3,0
2023-10-29,STR032,PRD0073,276,1,246,31,R2,0.04,1
2024-11-03,STR016,PRD0048,358,322,108,572,R2,1.45,0
2023-03-19,STR049,PRD0007,938,145,103,980,R3,1.73,0
2023-09-10,STR036,PRD0078,718,277,240,755,R3,1.04,0
2024-04-28,STR021,PRD0150,214,268,76,406,R3,3.14,0
2024-07-07,STR008,PRD0054,127,248,254,121,R2,1.4,0
2023-08-06,STR003,PRD0153,186,308,337,157,R3,0.99,0
2023-09-03,STR039,PRD0132,990,79,31,1038,R5,2.84,0
2023-09-03,STR014,PRD0081,594,176,248,522,R5,4.53,0
2023-05-21,STR017,PRD0110,288,223,273,238,R2,3.93,0
2024-06-16,STR015,PRD0153,775,455,501,729,R5,1.67,0
2023-07-16,STR011,PRD0074,676,378,410,644,R4,1.17,0
2023-06-11,STR022,PRD0030,207,121,267,61,R3,3.51,1
2023-02-05,STR017,PRD0006,707,390,428,669,R2,4.39,0
2023-10-01,STR017,PRD0153,787,453,235,1005,R2,2.34,0
2024-04-28,STR028,PRD0142,824,281,539,566,R3,1.95,0
2023-04-16,STR022,PRD0134,396,411,202,605,R3,1.0,0
2024-11-03,STR009,PRD0018,891,209,591,509,R5,1.67,0
2024-01-21,STR014,PRD0127,289,373,480,182,R5,2.04,0
2023-01-29,STR038,PRD0050,796,13,20,789,R3,4.76,0
2024-06-09,STR007,PRD0044,233,93,271,55,R5,4.83,1
2023-12-24,STR047,PRD0053,640,234,1,873,R2,0.05,0
2024-07-21,STR037,PRD0049,273,68,262,79,R1,2.62,1
2023-12-17,STR013,PRD0130,166,345,106,405,R2,3.1,0
2024-09-22,STR025,PRD0046,279,98,286,91,R4,1.09,1
2023-05-21,STR016,PRD0003,364,363,236,491,R2,2.7,0
2023-01-15,STR025,PRD0067,654,355,152,857,R4,0.74,0
2024-10-13,STR043,PRD0104,672,428,117,983,R1,1.4,0
2024-12-29,STR026,PRD0129,635,108,222,521,R3,4.49,0
2024-03-10,STR017,PRD0031,948,181,360,769,R2,3.08,0
2023-01-22,STR025,PRD0032,249,75,319,5,R4,3.85,1
2023-06-11,STR008,PRD0099,974,283,452,805,R2,2.55,0
2023-12-03,STR043,PRD0095,574,260,104,730,R1,3.42,0
2024-06-30,STR031,PRD0033,430,196,504,122,R5,0.36,0
2023-09-24,STR034,PRD0091,568,291,225,634,R4,2.93,0
2023-07-16,STR042,PRD0046,114,420,527,7,R3,0.94,1
2023-01-01,STR015,PRD0148,465,267,429,303,R5,2.46,0
2024-05-12,STR007,PRD0119,556,55,220,391,R5,3.9,0
2023-05-21,STR046,PRD0098,165,50,65,150,R3,1.91,0
2023-10-08,STR019,PRD0132,348,312,581,79,R3,2.79,1
2024-01-14,STR007,PRD0102,783,141,413,511,R5,3.52,0
2024-03-17,STR017,PRD0067,905,80,213,772,R2,0.32,0
2023-04-02,STR013,PRD0030,360,168,347,181,R2,0.89,0
2024-11-10,STR047,PRD0086,745,321,116,950,R2,1.73,0
2024-01-28,STR033,PRD0126,450,233,104,579,R1,0.25,0
2023-10-01,STR048,PRD0155,677,20,11,686,R2,3.94,0
2024-03-10,STR006,PRD0059,837,284,294,827,R2,2.99,0
2023-01-15,STR034,PRD0041,925,65,271,719,R4,1.95,0
2024-01-28,STR035,PRD0070,691,262,28,925,R5,4.44,0
2023-06-18,STR010,PRD0049,447,94,178,363,R1,2.61,0
2023-01-15,STR039,PRD0079,216,48,229,35,R5,4.36,1
2023-06-04,STR002,PRD0124,701,91,163,629,R2,0.91,0
2024-05-05,STR009,PRD0057,569,110,124,555,R5,1.41,0
2023-07-09,STR036,PRD0148,199,294,272,221,R3,1.19,0
2023-07-16,STR004,PRD0072,469,332,168,633,R4,0.96,0
2024-12-01,STR031,PRD0033,523,390,185,728,R5,4.18,0
2023-10-29,STR007,PRD0038,254,463,496,221,R5,2.64,0
2024-07-14,STR047,PRD0092,143,139,236,46,R2,1.62,1
2024-07-14,STR012,PRD0154,969,251,175,1045,R4,1.9,0
2023-01-01,STR041,PRD0064,485,287,297,475,R5,3.59,0
2024-12-08,STR033,PRD0137,477,403,273,607,R1,4.25,0
2024-04-28,STR036,PRD0122,790,451,546,695,R3,0.84,0
2023-01-22,STR046,PRD0090,372,215,584,3,R3,2.56,1
2024-09-15,STR024,PRD0072,137,60,195,2,R5,3.08,1
2023-06-11,STR020,PRD0061,894,36,243,687,R3,0.88,0
2023-12-24,STR038,PRD0105,857,367,174,1050,R3,3.41,0
2024-07-28,STR050,PRD0103,165,325,26,464,R2,3.49,0
2023-01-22,STR008,PRD0136,335,271,467,139,R2,2.45,0
2024-04-21,STR011,PRD0047,708,473,150,1031,R4,3.2,0
2023-12-17,STR038,PRD0108,957,399,239,1117,R3,1.24,0
2024-10-06,STR025,PRD0121,181,162,196,147,R4,0.72,0
2023-07-09,STR003,PRD0072,312,0,254,58,R3,3.05,1
2024-04-21,STR036,PRD0151,272,126,173,225,R3,1.56,0
2024-11-24,STR006,PRD0093,704,472,113,1063,R2,2.44,0
2024-04-21,STR023,PRD0040,253,304,184,373,R5,1.92,0
2023-10-22,STR014,PRD0107,908,496,393,1011,R5,1.33,0
2024-10-20,STR023,PRD0011,898,243,239,902,R5,4.72,0
2023-01-29,STR015,PRD0108,271,409,540,140,R5,1.16,0
2023-09-17,STR025,PRD0039,936,103,367,672,R4,3.18,0
2024-12-01,STR031,PRD0037,465,311,29,747,R5,4.46,0
2023-04-16,STR020,PRD0082,934,482,580,836,R3,1.66,0
2023-01-22,STR011,PRD0151,311,80,299,92,R4,2.81,1
2023-01-15,STR033,PRD0031,697,40,406,331,R1,4.87,0
2023-12-03,STR044,PRD0116,618,48,73,593,R5,2.12,0
2023-12-17,STR003,PRD0047,739,236,579,396,R3,1.53,0
2023-05-28,STR003,PRD0040,724,96,392,428,R3,2.16,0
2023-12-10,STR025,PRD0049,500,474,477,497,R4,2.62,0
2024-04-28,STR028,PRD0055,726,297,106,917,R3,3.52,0
2023-06-11,STR001,PRD0048,367,132,259,240,R2,2.08,0
2023-10-08,STR015,PRD0049,321,376,121,576,R5,2.03,0
2023-07-02,STR017,PRD0159,277,359,552,84,R2,0.62,1
2024-01-21,STR038,PRD0030,339,499,522,316,R3,4.83,0
2024-12-01,STR018,PRD0109,343,67,353,57,R5,2.1,1
2023-11-19,STR006,PRD0127,693,412,367,738,R2,2.62,0
2024-09-22,STR047,PRD0094,155,46,42,159,R2,2.7,0
2024-12-08,STR009,PRD0129,556,367,91,832,R5,3.59,0
2024-05-12,STR037,PRD0157,225,386,290,321,R1,2.23,0
2023-01-08,STR001,PRD0071,185,103,23,265,R2,0.88,0
2024-02-25,STR004,PRD0079,981,109,420,670,R4,2.73,0
2023-06-25,STR019,PRD0087,205,63,113,155,R3,2.36,0
2024-06-23,STR047,PRD0061,776,64,320,520,R2,1.32,0
2024-06-16,STR049,PRD0126,411,236,402,245,R3,2.65,0
2023-11-05,STR011,PRD0113,701,119,494,326,R4,1.53,0
2023-01-22,STR030,PRD0044,905,341,479,767,R5,4.65,0
2023-06-18,STR034,PRD0098,929,385,134,1180,R4,2.21,0
2023-05-28,STR017,PRD0079,884,378,438,824,R2,0.57,0
2023-09-03,STR002,PRD0029,534,345,499,380,R2,4.35,0
2024-03-17,STR046,PRD0076,730,440,216,954,R3,5.0,0
2024-11-24,STR003,PRD0096,228,115,44,299,R3,0.08,0
2024-12-15,STR040,PRD0076,833,288,173,948,R2,1.33,0
2023-08-20,STR035,PRD0119,203,401,150,454,R5,0.37,0
2023-02-26,STR030,PRD0041,490,14,420,84,R5,1.28,1
2024-09-01,STR047,PRD0050,542,423,190,775,R2,1.76,0
2024-05-12,STR025,PRD0131,388,176,391,173,R4,0.47,0
2024-07-28,STR036,PRD0101,784,17,221,580,R3,1.89,0
2023-02-05,STR050,PRD0008,220,394,513,101,R2,0.29,0
2024-07-28,STR039,PRD0011,939,405,527,817,R5,3.59,0
2024-03-10,STR005,PRD0122,478,484,52,910,R1,1.12,0
2024-02-11,STR019,PRD0132,461,114,405,170,R3,3.06,0
2024-06-30,STR022,PRD0105,149,102,56,195,R3,2.6,0
2024-11-03,STR016,PRD0013,262,231,127,366,R2,2.73,0
2024-07-28,STR020,PRD0040,553,208,282,479,R3,3.68,0
2024-08-18,STR008,PRD0147,907,200,63,1044,R2,3.17,0
2023-12-24,STR021,PRD0024,113,478,91,500,R3,0.63,0
2024-07-28,STR044,PRD0124,696,340,167,869,R5,3.66,0
2024-02-18,STR005,PRD0064,218,249,215,252,R1,4.24,0
2024-05-05,STR029,PRD0047,488,64,190,362,R2,0.73,0
2024-12-01,STR023,PRD0066,770,427,548,649,R5,1.58,0
2023-07-23,STR040,PRD0150,216,293,426,83,R2,4.68,1
2024-03-31,STR046,PRD0096,257,144,194,207,R3,2.66,0
2024-06-09,STR042,PRD0041,639,350,192,797,R3,3.12,0
2023-02-26,STR039,PRD0113,765,425,416,774,R5,2.12,0
2023-03-26,STR048,PRD0140,436,297,194,539,R2,0.17,0
2023-06-11,STR027,PRD0028,474,437,257,654,R1,2.48,0
2023-01-01,STR017,PRD0075,986,9,487,508,R2,0.46,0
2024-09-01,STR015,PRD0090,342,413,160,595,R5,1.07,0
2023-10-29,STR031,PRD0108,751,209,2,958,R5,2.45,0
2023-04-23,STR044,PRD0132,165,69,70,164,R5,4.93,0
2023-10-01,STR005,PRD0006,960,146,486,620,R1,1.77,0
2023-08-06,STR011,PRD0131,764,274,155,883,R4,1.94,0
2024-05-19,STR032,PRD0016,434,57,355,136,R2,3.87,0
2024-07-21,STR047,PRD0146,602,152,203,551,R2,3.4,0
2024-07-21,STR014,PRD0032,182,139,205,116,R5,0.35,0
2024-03-03,STR047,PRD0067,100,415,496,19,R2,2.5,1
2023-04-16,STR042,PRD0142,763,8,7,764,R3,4.86,0
2024-03-31,STR027,PRD0130,423,193,26,590,R1,4.27,0
2024-07-07,STR029,PRD0126,955,23,593,385,R2,1.94,0
2024-04-21,STR032,PRD0131,454,108,112,450,R2,0.83,0
2024-06-30,STR013,PRD0077,240,343,277,306,R2,2.11,0
2024-12-15,STR014,PRD0116,222,352,534,40,R5,1.42,1
2023-09-24,STR040,PRD0147,365,459,150,674,R2,1.7,0
2024-04-28,STR011,PRD0041,256,246,40,462,R4,3.1,0
2023-01-22,STR021,PRD0067,848,426,140,1134,R3,4.99,0
2024-01-21,STR002,PRD0146,485,385,160,710,R2,3.63,0
2024-04-28,STR027,PRD0085,545,222,159,608,R1,3.49,0
2023-09-10,STR038,PRD0134,312,442,367,387,R3,3.16,0
2024-12-29,STR004,PRD0071,851,443,261,1033,R4,1.29,0
2024-08-25,STR013,PRD0056,155,423,134,444,R2,3.72,0
2024-07-28,STR021,PRD0152,493,249,304,438,R3,2.85,0
2024-11-24,STR016,PRD0068,860,45,599,306,R2,4.44,0
2023-04-23,STR008,PRD0058,828,406,387,847,R2,0.06,0
2023-08-06,STR044,PRD0019,329,427,257,499,R5,3.86,0
2024-02-04,STR012,PRD0054,949,457,544,862,R4,3.02,0
2023-09-17,STR018,PRD0034,562,475,270,767,R5,0.89,0
2024-07-28,STR041,PRD0090,493,112,530,75,R5,1.37,1
2024-12-08,STR047,PRD0053,757,101,384,474,R2,1.86,0
2024-07-07,STR003,PRD0127,199,397,44,552,R3,4.83,0
2024-08-25,STR028,PRD0099,106,404,311,199,R3,0.13,0
2024-10-06,STR016,PRD0053,268,385,327,326,R2,1.55,0
2023-01-01,STR010,PRD0160,517,143,237,423,R1,1.64,0
2024-11-10,STR038,PRD0115,721,341,49,1013,R3,1.51,0
2024-06-23,STR015,PRD0052,969,458,393,1034,R5,4.95,0
2024-10-06,STR014,PRD0082,436,152,187,401,R5,2.52,0
2024-11-17,STR013,PRD0030,520,93,459,154,R2,4.01,0
2024-05-12,STR042,PRD0048,346,195,420,121,R3,4.41,0
2023-07-16,STR045,PRD0028,108,411,444,75,R4,3.07,1
2023-12-24,STR005,PRD0106,767,222,131,858,R1,0.98,0
2023-05-07,STR034,PRD0044,834,265,160,939,R4,4.61,0
2023-04-23,STR033,PRD0083,695,418,97,1016,R1,3.87,0
2024-06-09,STR037,PRD0155,452,25,290,187,R1,4.51,0
2023-07-09,STR042,PRD0086,205,266,204,267,R3,1.13,0
2024-11-03,STR017,PRD0071,233,9,55,187,R2,4.3,0
2024-03-24,STR031,PRD0101,329,113,332,110,R5,3.04,0
2023-08-27,STR027,PRD0058,636,177,84,729,R1,4.22,0
2023-02-12,STR002,PRD0113,866,295,93,1068,R2,3.7,0
2024-03-03,STR041,PRD0135,423,385,89,719,R5,3.07,0
2024-04-28,STR015,PRD0081,629,395,335,689,R5,4.89,0
2023-06-04,STR001,PRD0024,686,92,428,350,R2,0.85,0
2023-02-05,STR039,PRD0013,269,39,69,239,R5,4.16,0
2023-03-05,STR027,PRD0144,387,214,404,197,R1,4.51,0
2023-10-15,STR047,PRD0155,253,307,147,413,R2,0.59,0
2024-06-02,STR044,PRD0081,562,320,575,307,R5,2.21,0
2024-05-26,STR016,PRD0017,631,299,103,827,R2,2.18,0
2023-11-05,STR003,PRD0100,141,425,18,548,R3,3.68,0
2023-03-26,STR022,PRD0076,919,156,369,706,R3,2.42,0
2024-06-16,STR004,PRD0075,372,142,18,496,R4,4.72,0
2024-10-06,STR002,PRD0119,464,186,398,252,R2,4.11,0
2023-04-16,STR032,PRD0029,227,387,225,389,R2,3.3,0
2023-12-17,STR009,PRD0022,635,26,278,383,R5,1.17,0
2023-10-15,STR015,PRD0110,791,126,88,829,R5,0.13,0
2024-01-21,STR007,PRD0037,502,283,297,488,R5,4.93,0
2023-04-23,STR041,PRD0023,350,91,255,186,R5,0.1,0
2023-05-14,STR049,PRD0125,671,221,500,392,R3,2.35,0
2024-02-04,STR043,PRD0020,528,61,523,66,R1,3.1,1
2024-08-04,STR038,PRD0063,670,451,292,829,R3,1.89,0
2023-05-07,STR048,PRD0050,838,1,150,689,R2,1.6,0
2024-12-22,STR019,PRD0020,719,416,167,968,R3,4.36,0
2024-01-21,STR044,PRD0100,574,172,272,474,R5,2.95,0
2024-06-16,STR014,PRD0027,857,383,84,1156,R5,0.84,0
2024-05-26,STR042,PRD0081,614,200,289,525,R3,3.97,0
2023-04-23,STR047,PRD0078,952,103,215,840,R2,3.64,0
2023-12-10,STR022,PRD0079,162,193,31,324,R3,3.57,0
2024-07-14,STR031,PRD0085,565,312,32,845,R5,4.36,0
2024-09-08,STR019,PRD0066,790,27,471,346,R3,2.17,0
2023-01-15,STR039,PRD0043,743,7,383,367,R5,4.34,0
2023-04-30,STR013,PRD0010,420,100,457,63,R2,1.64,1
2023-02-19,STR003,PRD0017,282,57,286,53,R3,0.9,1
2023-06-25,STR044,PRD0120,971,387,100,1258,R5,4.13,0
2024-10-06,STR011,PRD0141,794,235,48,981,R4,1.32,0
2024-02-04,STR001,PRD0152,449,413,297,565,R2,3.74,0
2024-06-16,STR018,PRD0031,301,284,62,523,R5,4.56,0
2023-03-12,STR006,PRD0153,517,285,16,786,R2,2.46,0
2023-04-02,STR039,PRD0157,467,320,317,470,R5,2.3,0
2024-09-29,STR001,PRD0059,625,381,462,544,R2,1.4,0
2024-01-14,STR033,PRD0010,553,411,193,771,R1,0.83,0
2023-01-08,STR029,PRD0064,888,413,599,702,R2,3.44,0
2023-09-10,STR047,PRD0132,593,47,194,446,R2,3.7,0
2023-01-29,STR003,PRD0075,169,143,124,188,R3,4.97,0
2024-03-31,STR032,PRD0112,323,41,302,62,R2,1.96,1
2023-06-04,STR032,PRD0046,641,356,250,747,R2,0.99,0
2023-10-08,STR009,PRD0060,122,240,298,64,R5,0.58,1
2024-07-28,STR032,PRD0037,218,74,165,127,R2,1.46,0
2023-12-17,STR018,PRD0142,840,15,61,794,R5,4.2,0
2024-06-02,STR022,PRD0125,869,98,78,889,R3,1.94,0
2023-11-05,STR035,PRD0128,955,405,351,1009,R5,0.27,0
2024-06-30,STR033,PRD0150,111,43,1,153,R1,3.28,0
2024-03-17,STR008,PRD0080,687,384,386,685,R2,3.45,0
2024-01-28,STR010,PRD0137,619,495,209,905,R1,4.83,0
2023-04-09,STR022,PRD0071,674,182,309,547,R3,2.03,0
2023-03-12,STR025,PRD0083,264,6,262,8,R4,4.88,1
2023-04-02,STR007,PRD0021,309,263,469,103,R5,4.88,0
2024-01-28,STR003,PRD0097,587,235,209,613,R3,0.21,0
2023-10-15,STR022,PRD0127,481,36,111,406,R3,1.51,0
2024-08-25,STR021,PRD0072,559,168,457,270,R3,1.82,0
2023-10-22,STR005,PRD0098,935,33,261,707,R1,3.43,0
2023-07-30,STR037,PRD0124,480,485,460,505,R1,4.77,0
2023-01-29,STR016,PRD0065,840,353,339,854,R2,4.5,0
2024-01-21,STR036,PRD0059,669,13,151,531,R3,2.43,0
2023-09-03,STR003,PRD0090,302,326,520,108,R3,3.63,0
2024-02-11,STR042,PRD0036,467,98,120,445,R3,2.33,0
2024-08-04,STR042,PRD0071,189,68,232,25,R3,2.64,1
2023-07-23,STR020,PRD0153,197,435,412,220,R3,0.39,0
2023-01-01,STR012,PRD0091,538,427,32,933,R4,2.01,0
2024-06-23,STR037,PRD0024,960,398,589,769,R1,0.66,0
2024-12-29,STR048,PRD0126,718,369,542,545,R2,3.76,0
2023-07-23,STR016,PRD0109,624,198,7,815,R2,4.73,0
2024-11-24,STR022,PRD0067,448,43,221,270,R3,3.06,0
2024-04-07,STR010,PRD0152,909,220,579,550,R1,2.08,0
2023-01-22,STR007,PRD0080,734,168,53,849,R5,3.56,0
2024-12-01,STR024,PRD0149,685,253,447,491,R5,0.69,0
2024-09-22,STR030,PRD0029,953,108,203,858,R5,2.08,0
2023-03-26,STR003,PRD0025,818,456,19,1255,R3,1.76,0
2023-07-16,STR045,PRD0024,359,230,534,55,R4,2.8,1
2024-06-02,STR040,PRD0046,288,131,332,87,R2,2.51,1
2024-11-10,STR038,PRD0140,114,249,52,311,R3,4.75,0
2023-02-12,STR018,PRD0054,239,81,85,235,R5,1.85,0
2024-08-11,STR018,PRD0069,848,386,271,963,R5,3.77,0
2023-03-05,STR037,PRD0083,448,76,324,200,R1,1.39,0
2023-05-14,STR016,PRD0073,190,195,51,334,R2,4.76,0
2024-03-31,STR049,PRD0140,436,265,297,404,R3,0.43,0
2023-06-25,STR028,PRD0013,655,306,137,824,R3,4.31,0
2024-10-27,STR036,PRD0025,982,493,192,1283,R3,3.77,0
2023-12-31,STR025,PRD0137,261,368,120,509,R4,1.26,0
2024-03-31,STR014,PRD0137,784,170,395,559,R5,4.49,0
2024-08-18,STR010,PRD0045,731,373,129,975,R1,1.18,0
2023-12-31,STR040,PRD0062,295,462,228,529,R2,0.37,0
2024-02-25,STR026,PRD0013,877,225,88,1014,R3,3.99,0
2023-12-17,STR006,PRD0141,894,324,37,1181,R2,2.92,0
2023-06-11,STR014,PRD0019,759,303,285,777,R5,2.89,0
2024-06-30,STR037,PRD0147,973,187,117,1043,R1,0.16,0
2024-04-28,STR021,PRD0002,985,350,115,1220,R3,3.64,0
2023-12-24,STR018,PRD0002,488,205,397,296,R5,4.65,0
2024-01-14,STR011,PRD0070,924,278,307,895,R4,0.75,0
2024-08-18,STR013,PRD0039,527,58,361,224,R2,1.6,0
2023-01-29,STR050,PRD0145,642,442,539,545,R2,4.77,0
2024-12-22,STR022,PRD0116,558,187,88,657,R3,3.49,0
2023-03-05,STR007,PRD0023,963,26,138,851,R5,0.2,0
2023-03-19,STR011,PRD0008,153,462,86,529,R4,3.09,0
2024-06-09,STR024,PRD0116,792,97,205,684,R5,3.75,0
2023-08-06,STR006,PRD0129,530,330,114,746,R2,2.98,0
2024-04-21,STR034,PRD0049,503,77,520,60,R4,1.95,1
2023-02-19,STR028,PRD0106,700,268,553,415,R3,0.83,0
2024-03-24,STR002,PRD0080,373,222,463,132,R2,3.08,0
2024-08-04,STR022,PRD0073,960,454,140,1274,R3,4.5,0
2024-05-05,STR029,PRD0036,362,76,241,197,R2,4.03,0
2023-07-30,STR042,PRD0108,905,186,279,812,R3,3.62,0
2023-01-15,STR047,PRD0134,558,425,310,673,R2,0.59,0
2024-10-06,STR037,PRD0025,444,230,453,221,R1,3.0,0
2024-06-16,STR035,PRD0102,292,362,427,227,R5,0.86,0
2023-09-17,STR042,PRD0131,871,224,121,974,R3,2.4,0
2024-03-03,STR041,PRD0019,580,427,570,437,R5,4.92,0
2024-01-07,STR003,PRD0085,515,210,385,340,R3,3.65,0
2023-10-08,STR033,PRD0109,496,499,391,604,R1,0.18,0
2024-03-31,STR038,PRD0083,253,264,55,462,R3,4.16,0
2024-02-11,STR040,PRD0029,366,321,473,214,R2,4.81,0
2024-12-29,STR011,PRD0091,228,26,39,215,R4,4.68,0
2023-06-04,STR015,PRD0015,498,154,379,273,R5,0.08,0
2024-02-25,STR050,PRD0133,839,312,530,621,R2,2.54,0
2023-09-10,STR014,PRD0054,926,478,171,1233,R5,1.25,0
2024-06-16,STR048,PRD0082,552,330,491,391,R2,3.41,0
2023-06-04,STR025,PRD0042,972,196,211,957,R4,0.79,0
2023-09-17,STR012,PRD0144,600,386,542,444,R4,1.44,0
2023-04-30,STR019,PRD0107,640,290,415,515,R3,3.43,0
2023-11-19,STR006,PRD0098,583,22,307,298,R2,4.57,0
2023-04-30,STR005,PRD0121,727,482,310,899,R1,4.54,0
2023-11-26,STR008,PRD0119,214,114,107,221,R2,0.51,0
2023-03-05,STR042,PRD0124,584,131,464,251,R3,0.98,0
2023-04-16,STR020,PRD0147,600,195,196,599,R3,3.48,0
2024-12-08,STR016,PRD0033,864,176,186,854,R2,1.08,0
2023-07-09,STR012,PRD0150,566,458,407,617,R4,2.55,0
2023-05-07,STR049,PRD0120,954,1,231,724,R3,2.96,0
2024-02-25,STR014,PRD0066,142,325,354,113,R5,2.62,0
2024-11-03,STR019,PRD0003,737,465,25,1177,R3,4.32,0
2024-03-31,STR015,PRD0149,431,320,274,477,R5,0.08,0
2024-05-05,STR036,PRD0109,625,242,15,852,R3,4.54,0
2023-12-10,STR048,PRD0034,772,154,565,361,R2,2.37,0
2023-11-12,STR010,PRD0117,235,374,258,351,R1,3.76,0
2024-11-03,STR043,PRD0036,397,320,146,571,R1,0.76,0
2023-09-03,STR049,PRD0146,229,500,209,520,R3,2.44,0
2024-04-28,STR017,PRD0015,801,199,568,432,R2,1.84,0
2023-09-17,STR043,PRD0076,665,348,322,691,R1,3.3,0
2023-05-21,STR012,PRD0099,738,391,363,766,R4,2.92,0
2023-02-19,STR045,PRD0056,315,386,425,276,R4,0.32,0
2023-04-30,STR043,PRD0020,901,126,102,925,R1,0.55,0
2024-12-15,STR036,PRD0068,112,254,145,221,R3,1.86,0
2024-12-15,STR005,PRD0131,432,362,75,719,R1,4.48,0
2024-01-07,STR015,PRD0058,541,127,493,175,R5,4.92,0
2024-04-21,STR027,PRD0151,520,43,165,398,R1,3.13,0
2024-03-10,STR004,PRD0153,749,57,62,744,R4,2.12,0
2024-12-22,STR019,PRD0119,855,292,318,829,R3,3.95,0
2024-09-22,STR008,PRD0136,388,327,461,254,R2,3.8,0
2023-07-16,STR022,PRD0135,864,49,286,627,R3,4.51,0
2024-12-15,STR042,PRD0089,452,105,475,82,R3,1.89,1
2023-02-12,STR036,PRD0112,599,460,143,916,R3,1.55,0
2023-08-27,STR024,PRD0045,119,369,432,56,R5,1.65,1
2023-07-09,STR030,PRD0009,669,490,271,888,R5,3.16,0
2023-02-26,STR016,PRD0075,347,162,220,289,R2,3.63,0
2023-01-01,STR023,PRD0088,547,205,504,248,R5,0.44,0
2023-05-07,STR031,PRD0044,808,389,250,947,R5,1.97,0
2023-07-02,STR017,PRD0054,684,44,495,233,R2,0.88,0
2024-11-10,STR030,PRD0132,702,284,237,749,R5,2.44,0
2024-07-14,STR002,PRD0122,999,164,564,599,R2,0.83,0
2023-11-26,STR039,PRD0156,657,203,346,514,R5,3.69,0
2023-05-14,STR044,PRD0129,993,196,103,1086,R5,4.09,0
2024-05-26,STR040,PRD0072,107,96,98,105,R2,0.35,0
2024-12-15,STR050,PRD0048,172,198,196,174,R2,1.25,0
2023-12-03,STR020,PRD0106,770,23,444,349,R3,1.0,0
2024-03-10,STR016,PRD0060,709,21,513,217,R2,2.73,0
2023-09-03,STR016,PRD0018,476,180,309,347,R2,3.19,0
2024-08-04,STR019,PRD0043,379,409,16,772,R3,3.3,0
2024-05-12,STR009,PRD0092,663,321,358,626,R5,1.92,0
2023-10-08,STR019,PRD0072,523,167,157,533,R3,0.55,0
2024-04-28,STR046,PRD0148,169,341,107,403,R3,1.44,0
2023-03-26,STR019,PRD0064,188,374,352,210,R3,1.29,0
2024-05-05,STR042,PRD0108,670,190,313,547,R3,1.41,0
2024-01-14,STR028,PRD0146,162,25,82,105,R3,2.9,0
2023-05-14,STR014,PRD0064,573,386,332,627,R5,1.32,0
2024-07-21,STR010,PRD0103,402,80,39,443,R1,4.22,0
2024-03-31,STR028,PRD0038,689,14,255,448,R3,4.95,0
2023-08-06,STR005,PRD0032,321,323,94,550,R1,2.11,0
2024-04-14,STR008,PRD0141,566,387,369,584,R2,1.34,0
2023-03-05,STR020,PRD0069,639,316,509,446,R3,2.85,0
2024-04-14,STR004,PRD0101,956,470,299,1127,R4,3.01,0
2023-09-10,STR016,PRD0158,312,468,53,727,R2,3.01,0
2024-10-27,STR013,PRD0075,111,102,58,155,R2,2.67,0
2023-12-03,STR042,PRD0061,206,479,570,115,R3,4.96,0
2024-04-28,STR029,PRD0084,641,270,456,455,R2,1.59,0
2023-10-01,STR044,PRD0052,343,260,290,313,R5,5.0,0
2023-12-31,STR013,PRD0125,775,148,477,446,R2,3.44,0
2023-11-05,STR033,PRD0157,123,457,444,136,R1,1.96,0
2024-01-21,STR033,PRD0157,531,182,152,561,R1,1.43,0
2024-11-17,STR005,PRD0144,443,253,269,427,R1,4.37,0
2024-09-29,STR046,PRD0124,278,62,29,311,R3,1.96,0
2024-11-10,STR047,PRD0068,746,494,547,693,R2,4.05,0
2023-07-30,STR012,PRD0062,177,119,118,178,R4,3.46,0
2023-01-01,STR026,PRD0065,480,427,43,864,R3,3.64,0
2024-11-10,STR017,PRD0063,519,452,54,917,R2,3.83,0
2023-10-08,STR049,PRD0055,350,107,145,312,R3,0.57,0
2023-01-22,STR026,PRD0118,690,275,475,490,R3,2.3,0
2023-08-27,STR031,PRD0059,272,345,354,263,R5,4.92,0
2024-10-06,STR041,PRD0065,217,460,558,119,R5,2.96,0
2024-10-13,STR027,PRD0093,639,119,352,406,R1,2.97,0
2023-01-29,STR040,PRD0157,706,110,299,517,R2,4.5,0
2023-04-30,STR047,PRD0133,535,356,484,407,R2,0.04,0
2023-03-26,STR025,PRD0108,768,27,497,298,R4,2.85,0
2024-12-22,STR016,PRD0053,120,6,54,72,R2,2.03,1
2023-07-09,STR023,PRD0106,223,112,280,55,R5,0.64,1
2023-04-02,STR007,PRD0100,543,3,321,225,R5,2.89,0
2024-03-31,STR026,PRD0141,718,50,503,265,R3,1.82,0
2024-06-09,STR004,PRD0066,320,223,360,183,R4,3.1,0
2023-05-28,STR020,PRD0051,777,142,76,843,R3,3.07,0
2023-05-28,STR040,PRD0147,683,290,465,508,R2,0.71,0
2023-12-17,STR017,PRD0022,900,107,40,967,R2,2.57,0
2023-03-19,STR009,PRD0098,996,62,273,785,R5,3.51,0
2024-10-13,STR023,PRD0074,822,333,106,1049,R5,3.8,0
2023-07-30,STR025,PRD0003,848,113,273,688,R4,3.91,0
2024-12-01,STR043,PRD0034,755,368,114,1009,R1,2.44,0
2023-07-09,STR003,PRD0133,824,92,396,520,R3,1.01,0
2024-04-14,STR001,PRD0048,162,131,262,31,R2,1.52,1
2024-06-09,STR014,PRD0146,585,66,461,190,R5,4.42,0
2024-07-07,STR017,PRD0126,547,371,416,502,R2,2.68,0
2024-09-29,STR030,PRD0002,920,441,291,1070,R5,2.96,0
2024-05-19,STR002,PRD0062,155,201,313,43,R2,0.26,1
2023-07-09,STR022,PRD0106,612,442,57,997,R3,1.72,0
2023-07-09,STR039,PRD0136,362,447,13,796,R5,2.83,0
2024-12-29,STR026,PRD0081,456,362,323,495,R3,1.8,0
2023-05-14,STR010,PRD0039,618,305,491,432,R1,4.81,0
2024-04-07,STR010,PRD0160,775,16,202,589,R1,0.4,0
2024-07-14,STR002,PRD0030,146,266,207,205,R2,2.54,0
2024-01-28,STR008,PRD0102,244,178,13,409,R2,1.59,0
2023-10-01,STR021,PRD0003,697,227,270,654,R3,1.27,0
2023-12-31,STR042,PRD0053,623,457,463,617,R3,0.25,0
2024-01-21,STR001,PRD0044,101,83,6,178,R2,4.48,0
2024-11-17,STR003,PRD0103,694,83,279,498,R3,4.51,0
2023-12-03,STR042,PRD0001,134,348,315,167,R3,4.26,0
2024-07-14,STR023,PRD0043,957,269,169,1057,R5,1.25,0
2023-12-03,STR005,PRD0043,401,417,405,413,R1,2.54,0
2024-09-22,STR022,PRD0106,191,434,146,479,R3,2.19,0
2023-04-02,STR020,PRD0156,555,282,225,612,R3,1.0,0
2024-12-08,STR046,PRD0063,473,73,510,36,R3,1.4,1
2023-03-26,STR026,PRD0080,775,415,457,733,R3,4.52,0
2024-02-25,STR014,PRD0132,755,359,334,780,R5,1.77,0
2024-11-24,STR025,PRD0019,868,440,66,1242,R4,3.11,0
2023-06-25,STR048,PRD0143,793,62,137,718,R2,3.26,0
2023-10-08,STR018,PRD0016,669,436,598,507,R5,3.39,0
2023-06-04,STR037,PRD0004,855,283,356,782,R1,3.21,0
2023-06-11,STR022,PRD0071,780,275,305,750,R3,4.77,0
2023-09-10,STR034,PRD0141,898,22,57,863,R4,0.95,0
2024-09-15,STR036,PRD0137,863,172,2,1033,R3,3.34,0
2023-05-28,STR050,PRD0115,124,396,519,1,R2,3.84,1
2024-01-28,STR041,PRD0127,812,184,371,625,R5,2.36,0
2023-12-03,STR034,PRD0065,519,373,37,855,R4,1.82,0
2024-06-16,STR049,PRD0058,156,492,545,103,R3,4.79,0
2023-05-14,STR015,PRD0038,927,333,158,1102,R5,3.14,0
2024-05-12,STR010,PRD0056,455,137,355,237,R1,4.28,0
2024-12-01,STR046,PRD0071,558,435,180,813,R3,4.66,0
2024-07-14,STR003,PRD0032,839,157,494,502,R3,2.72,0
2024-11-10,STR033,PRD0009,844,191,443,592,R1,1.27,0
2023-10-08,STR050,PRD0008,677,86,181,582,R2,0.74,0
2024-03-24,STR011,PRD0051,633,321,320,634,R4,4.04,0
2024-08-25,STR032,PRD0069,361,389,26,724,R2,0.65,0
2024-04-07,STR025,PRD0056,591,32,187,436,R4,3.92,0
2023-01-29,STR029,PRD0144,196,474,511,159,R2,2.89,0
2023-12-31,STR021,PRD0085,736,113,508,341,R3,2.11,0
2024-08-04,STR050,PRD0058,516,499,412,603,R2,0.83,0
2023-04-30,STR028,PRD0128,943,77,550,470,R3,1.09,0
2024-05-12,STR016,PRD0044,757,270,17,1010,R2,4.56,0
2023-01-29,STR013,PRD0151,537,469,153,853,R2,0.08,0
2023-09-10,STR025,PRD0108,962,433,341,1054,R4,3.92,0
2024-08-18,STR031,PRD0103,216,211,288,139,R5,4.82,0
2024-05-05,STR028,PRD0038,384,319,300,403,R3,0.16,0
2024-09-15,STR009,PRD0065,267,375,509,133,R5,4.85,0
2024-12-15,STR025,PRD0037,934,77,370,641,R4,0.23,0
2023-03-05,STR047,PRD0100,704,121,579,246,R2,0.52,0
2024-03-03,STR019,PRD0073,938,395,562,771,R3,4.22,0
2024-03-24,STR026,PRD0036,529,210,599,140,R3,1.19,0
2024-07-07,STR002,PRD0105,757,231,71,917,R2,4.37,0
2023-05-14,STR037,PRD0089,855,498,360,993,R1,3.38,0
2024-06-23,STR012,PRD0012,392,357,385,364,R4,3.61,0
2024-05-12,STR030,PRD0027,637,162,11,788,R5,3.59,0
2023-07-30,STR009,PRD0114,371,113,470,14,R5,4.94,1
2024-07-21,STR027,PRD0006,661,102,526,237,R1,4.8,0
2024-10-20,STR036,PRD0125,231,8,160,79,R3,1.52,1
2024-01-21,STR009,PRD0070,196,272,282,186,R5,4.45,0
2024-08-25,STR009,PRD0026,831,168,246,753,R5,0.15,0
2023-10-01,STR017,PRD0081,537,452,553,436,R2,1.67,0
2023-01-01,STR049,PRD0053,360,264,214,410,R3,1.18,0
2023-06-18,STR034,PRD0157,250,144,62,332,R4,0.31,0
2024-10-06,STR005,PRD0118,775,249,327,697,R1,1.3,0
2024-03-24,STR002,PRD0039,562,491,462,591,R2,2.2,0
2023-03-26,STR012,PRD0006,116,216,259,73,R4,3.6,1
2024-06-02,STR013,PRD0046,685,60,22,723,R2,0.63,0
2024-06-16,STR043,PRD0124,834,75,549,360,R1,0.01,0
2024-09-01,STR042,PRD0073,911,319,314,916,R3,4.75,0
2023-07-16,STR028,PRD0009,440,26,422,44,R3,1.06,1
2024-03-31,STR046,PRD0090,391,284,384,291,R3,1.87,0
2024-04-14,STR044,PRD0047,191,122,16,297,R5,2.32,0
2023-05-21,STR033,PRD0112,310,243,5,548,R1,3.07,0
2024-03-31,STR004,PRD0135,153,388,220,321,R4,1.82,0
2024-07-28,STR016,PRD0111,320,22,289,53,R2,1.79,1
2023-08-13,STR014,PRD0123,538,288,497,329,R5,2.74,0
2023-03-19,STR034,PRD0035,897,408,96,1209,R4,3.9,0
2024-12-08,STR036,PRD0017,699,490,527,662,R3,4.72,0
2023-10-29,STR020,PRD0130,982,237,572,647,R3,3.49,0
2024-05-05,STR048,PRD0092,136,281,247,170,R2,2.15,0
2024-06-09,STR041,PRD0099,278,279,131,426,R5,0.59,0
2023-11-12,STR015,PRD0154,768,492,78,1182,R5,2.25,0
2024-09-08,STR047,PRD0101,849,265,125,989,R2,3.74,0
2024-06-02,STR039,PRD0025,614,80,162,532,R5,0.13,0
2024-10-13,STR022,PRD0032,418,119,148,389,R3,1.01,0
2023-05-07,STR029,PRD0045,466,389,76,779,R2,0.49,0
2024-03-24,STR009,PRD0115,113,311,330,94,R5,0.8,1
2023-06-11,STR046,PRD0078,420,99,32,487,R3,3.44,0
2023-02-05,STR029,PRD0079,762,269,93,938,R2,4.96,0
2023-08-20,STR014,PRD0077,514,69,506,77,R5,2.03,1
2024-03-03,STR043,PRD0010,752,109,12,849,R1,0.71,0
2024-08-11,STR006,PRD0122,413,301,338,376,R2,2.69,0
2024-11-10,STR050,PRD0067,683,443,419,707,R2,4.22,0
2023-01-01,STR021,PRD0132,613,263,487,389,R3,2.43,0
2023-09-03,STR009,PRD0087,135,200,16,319,R5,4.38,0
2023-05-21,STR040,PRD0100,325,315,447,193,R2,4.0,0
2023-07-02,STR010,PRD0022,365,94,51,408,R1,3.0,0
2023-07-30,STR039,PRD0144,279,110,113,276,R5,2.44,0
2023-02-26,STR042,PRD0063,947,448,545,850,R3,4.16,0
2023-06-04,STR003,PRD0034,754,326,351,729,R3,2.14,0
2023-09-03,STR032,PRD0158,309,13,184,138,R2,0.72,0
2023-10-08,STR015,PRD0108,378,344,255,467,R5,3.58,0
2024-12-29,STR001,PRD0098,572,336,60,848,R2,4.12,0
2024-05-12,STR009,PRD0107,920,47,97,870,R5,4.15,0
2024-05-12,STR022,PRD0148,391,116,24,483,R3,0.53,0
2023-12-24,STR030,PRD0091,235,2,189,48,R5,1.04,1
2024-04-28,STR010,PRD0028,288,270,376,182,R1,2.56,0
2023-12-17,STR021,PRD0123,607,302,263,646,R3,1.39,0
2024-12-01,STR037,PRD0129,400,403,240,563,R1,3.42,0
2024-09-29,STR016,PRD0113,302,489,456,335,R2,3.56,0
2023-01-29,STR023,PRD0094,454,471,499,426,R5,4.59,0
2023-12-03,STR037,PRD0069,385,269,217,437,R1,1.31,0
2023-07-09,STR003,PRD0061,762,283,29,1016,R3,3.89,0
2023-03-05,STR031,PRD0123,200,83,78,205,R5,1.54,0
2024-02-25,STR041,PRD0141,157,172,269,60,R5,3.81,1
2024-05-12,STR021,PRD0141,547,72,79,540,R3,1.33,0
2023-01-29,STR045,PRD0159,548,141,507,182,R4,2.33,0
2023-05-07,STR032,PRD0036,135,86,183,38,R2,0.1,1
2023-02-19,STR006,PRD0114,389,256,87,558,R2,1.55,0
2023-11-26,STR018,PRD0040,741,395,440,696,R5,2.38,0
2023-04-09,STR014,PRD0043,760,400,107,1053,R5,2.67,0
2023-11-26,STR033,PRD0119,145,188,157,176,R1,0.55,0
2024-09-01,STR029,PRD0031,382,457,168,671,R2,1.75,0
2023-09-24,STR021,PRD0017,657,467,410,714,R3,2.35,0
2024-10-20,STR020,PRD0037,517,209,118,608,R3,4.98,0
2024-04-28,STR041,PRD0054,478,396,489,385,R5,1.81,0
2024-09-29,STR042,PRD0034,556,223,569,210,R3,3.85,0
2023-12-17,STR032,PRD0080,409,96,279,226,R2,0.3,0
2023-11-26,STR032,PRD0137,254,415,232,437,R2,4.41,0
2023-08-20,STR023,PRD0050,234,48,54,228,R5,3.29,0
2023-05-07,STR048,PRD0095,776,131,219,688,R2,4.45,0
2023-07-09,STR037,PRD0061,291,458,425,324,R1,2.0,0
2023-01-08,STR028,PRD0070,613,329,585,357,R3,2.08,0
2024-12-01,STR049,PRD0011,517,112,553,76,R3,2.97,1
2023-04-23,STR032,PRD0081,162,408,149,421,R2,1.75,0
2023-08-20,STR047,PRD0132,996,498,318,1176,R2,4.57,0
2024-11-10,STR017,PRD0107,925,138,287,776,R2,4.75,0
2024-04-07,STR042,PRD0149,256,318,225,349,R3,2.64,0
2023-10-29,STR015,PRD0005,569,418,33,954,R5,2.6,0
2023-01-15,STR021,PRD0079,903,136,437,602,R3,3.52,0
2024-08-18,STR050,PRD0059,945,285,361,869,R2,0.78,0
2023-04-09,STR039,PRD0052,377,218,103,492,R5,1.89,0
2024-04-07,STR001,PRD0146,380,432,586,226,R2,3.23,0
2023-04-02,STR021,PRD0111,845,325,439,731,R3,1.32,0
2023-08-20,STR001,PRD0011,348,270,466,152,R2,3.75,0
2024-12-29,STR036,PRD0125,963,103,543,523,R3,1.77,0
2023-10-08,STR004,PRD0043,207,95,132,170,R4,1.34,0
2024-07-14,STR016,PRD0121,111,422,478,55,R2,0.93,1
2023-03-12,STR002,PRD0067,269,217,316,170,R2,0.71,0
2024-03-03,STR014,PRD0111,130,262,83,309,R5,0.92,0
2023-10-22,STR005,PRD0086,857,456,455,858,R1,1.7,0
2023-01-29,STR024,PRD0066,939,491,237,1193,R5,4.82,0
2023-06-04,STR026,PRD0044,804,276,455,625,R3,0.76,0
2023-09-24,STR037,PRD0062,822,421,32,1211,R1,1.75,0
2024-12-08,STR044,PRD0149,874,465,294,1045,R5,4.62,0
2024-09-29,STR010,PRD0145,888,29,458,459,R1,3.57,0
2023-12-31,STR024,PRD0031,311,413,457,267,R5,2.27,0
2024-09-29,STR029,PRD0152,913,165,300,778,R2,2.7,0
2023-09-10,STR046,PRD0033,167,366,527,6,R3,1.44,1
2024-04-21,STR037,PRD0112,813,451,563,701,R1,0.7,0
2023-07-23,STR014,PRD0123,721,426,311,836,R5,0.77,0
2023-11-05,STR046,PRD0160,211,96,120,187,R3,4.97,0
2023-09-10,STR035,PRD0136,376,455,206,625,R5,2.23,0
2023-12-24,STR028,PRD0073,177,42,186,33,R3,0.36,1
2023-01-08,STR030,PRD0116,923,61,258,726,R5,2.47,0
2023-10-08,STR039,PRD0077,798,478,551,725,R5,1.72,0
2023-01-08,STR014,PRD0151,911,331,449,793,R5,3.63,0
2024-06-16,STR039,PRD0038,600,239,264,575,R5,2.39,0
2024-11-17,STR039,PRD0092,282,45,263,64,R5,1.24,1
2024-04-14,STR040,PRD0125,411,226,195,442,R2,1.3,0
2023-10-29,STR027,PRD0114,964,183,112,1035,R1,4.6,0
2024-12-22,STR027,PRD0114,334,33,261,106,R1,1.82,0
2023-11-12,STR048,PRD0041,314,221,157,378,R2,4.05,0
2023-11-26,STR027,PRD0137,226,199,83,342,R1,3.32,0
2023-06-11,STR014,PRD0147,715,137,275,577,R5,1.48,0
2024-11-03,STR032,PRD0025,789,415,200,1004,R2,4.93,0
2023-10-08,STR037,PRD0045,271,86,300,57,R1,0.1,1
2023-01-15,STR020,PRD0129,954,373,521,806,R3,0.08,0
2023-12-10,STR024,PRD0115,294,421,58,657,R5,3.68,0
2023-07-09,STR036,PRD0079,907,310,397,820,R3,2.41,0
2024-11-24,STR045,PRD0015,156,113,93,176,R4,0.54,0
2023-07-30,STR026,PRD0034,357,495,557,295,R3,1.72,0
2024-09-01,STR026,PRD0117,774,253,18,1009,R3,3.2,0
2023-06-18,STR035,PRD0155,709,258,44,923,R5,4.38,0
2024-01-21,STR031,PRD0125,883,464,499,848,R5,4.13,0
2024-06-09,STR013,PRD0152,234,169,208,195,R2,0.52,0
2023-03-19,STR034,PRD0118,529,134,156,507,R4,3.91,0
2023-06-18,STR045,PRD0051,412,106,505,13,R4,1.37,1
2024-02-11,STR028,PRD0018,661,243,294,610,R3,1.32,0
2024-10-13,STR038,PRD0140,136,334,72,398,R3,0.8,0
2024-02-11,STR031,PRD0057,574,89,148,515,R5,4.93,0
2023-07-02,STR037,PRD0050,503,315,253,565,R1,3.63,0
2024-12-01,STR002,PRD0072,682,312,481,513,R2,3.52,0
2023-01-08,STR046,PRD0087,344,374,375,343,R3,3.12,0
2023-01-22,STR001,PRD0144,511,239,446,304,R2,3.51,0
2024-07-28,STR006,PRD0071,739,375,335,779,R2,1.3,0
2023-06-11,STR042,PRD0143,465,223,544,144,R3,1.64,0
2023-12-24,STR044,PRD0027,874,83,176,781,R5,4.49,0
2024-02-18,STR045,PRD0054,385,191,477,99,R4,3.81,1
2024-03-17,STR026,PRD0156,159,229,212,176,R3,2.28,0
2024-07-14,STR008,PRD0130,413,423,560,276,R2,4.49,0
2024-06-09,STR010,PRD0010,851,451,537,765,R1,2.58,0
2023-10-01,STR039,PRD0149,135,414,6,543,R5,3.41,0
2023-11-05,STR002,PRD0130,401,377,96,682,R2,4.41,0
2024-09-01,STR027,PRD0145,942,419,241,1120,R1,1.93,0
2023-07-16,STR013,PRD0032,426,70,131,365,R2,3.81,0
2024-04-14,STR045,PRD0129,831,372,310,893,R4,4.1,0
2024-05-26,STR018,PRD0159,601,367,498,470,R5,0.62,0
2023-09-17,STR028,PRD0062,115,166,207,74,R3,2.1,1
2024-03-10,STR045,PRD0139,610,370,488,492,R4,2.02,0
2024-07-07,STR019,PRD0033,455,408,560,303,R3,0.17,0
2023-01-15,STR013,PRD0152,821,283,359,745,R2,4.41,0
2023-11-12,STR019,PRD0156,391,108,128,371,R3,4.69,0
2024-04-14,STR049,PRD0058,710,37,570,177,R3,3.17,0
2023-04-09,STR035,PRD0072,977,342,51,1268,R5,2.31,0
2024-07-14,STR045,PRD0051,895,452,123,1224,R4,3.74,0
2023-10-22,STR007,PRD0041,805,31,430,406,R5,4.21,0
2024-11-03,STR009,PRD0065,625,437,23,1039,R5,0.96,0
2023-08-13,STR030,PRD0065,300,414,365,349,R5,4.99,0
2024-04-21,STR013,PRD0053,522,416,239,699,R2,4.23,0
2023-12-03,STR040,PRD0038,722,83,271,534,R2,2.57,0
2024-12-01,STR007,PRD0145,357,284,270,371,R5,1.17,0
2023-08-27,STR036,PRD0094,481,75,297,259,R3,1.09,0
2024-04-21,STR047,PRD0098,874,72,565,381,R2,0.86,0
2023-12-10,STR007,PRD0098,839,449,72,1216,R5,3.28,0
2024-09-08,STR048,PRD0058,650,136,393,393,R2,0.55,0
2024-10-06,STR010,PRD0057,157,78,39,196,R1,0.83,0
2023-05-28,STR001,PRD0097,439,130,127,442,R2,4.15,0
2023-02-05,STR002,PRD0149,765,163,121,807,R2,0.6,0
2023-04-30,STR008,PRD0010,973,447,498,922,R2,2.26,0
2023-11-05,STR039,PRD0063,1000,315,470,845,R5,3.16,0
2024-07-21,STR011,PRD0142,131,463,62,532,R4,2.12,0
2023-11-19,STR013,PRD0143,762,213,76,899,R2,2.4,0
2023-06-25,STR004,PRD0024,605,196,87,714,R4,4.13,0
2024-06-02,STR013,PRD0137,202,7,180,29,R2,0.2,1
2024-01-14,STR008,PRD0044,588,11,166,433,R2,1.1,0
2024-12-01,STR008,PRD0138,569,414,503,480,R2,4.28,0
2024-09-15,STR047,PRD0062,685,483,191,977,R2,0.63,0
2023-07-16,STR036,PRD0047,643,2,408,237,R3,2.18,0
2024-06-16,STR024,PRD0131,480,418,291,607,R5,1.13,0
2023-10-01,STR015,PRD0076,632,66,554,144,R5,1.97,0
2023-09-17,STR001,PRD0057,648,82,115,615,R2,3.63,0
2024-10-27,STR023,PRD0016,172,460,215,417,R5,3.54,0
2023-12-31,STR045,PRD0119,764,223,352,635,R4,3.41,0
2023-04-02,STR038,PRD0049,953,321,370,904,R3,1.03,0
2024-05-26,STR009,PRD0011,559,208,367,400,R5,1.85,0
2023-05-07,STR028,PRD0134,237,368,547,58,R3,0.66,1
2024-02-18,STR036,PRD0095,678,255,189,744,R3,3.11,0
2024-11-10,STR012,PRD0010,969,186,93,1062,R4,0.83,0
2024-06-09,STR007,PRD0090,635,95,163,567,R5,3.73,0
2024-09-29,STR031,PRD0076,115,171,22,264,R5,1.28,0
2024-10-06,STR021,PRD0089,822,327,221,928,R3,1.71,0
2024-01-21,STR011,PRD0064,492,277,4,765,R4,3.46,0
2023-10-29,STR016,PRD0147,327,105,89,343,R2,1.86,0
2024-04-28,STR037,PRD0047,931,276,561,646,R1,1.99,0
2024-02-18,STR047,PRD0044,804,61,205,660,R2,2.05,0
2023-03-26,STR016,PRD0079,112,355,34,433,R2,0.71,0
2023-06-04,STR017,PRD0019,123,387,335,175,R2,3.59,0
2023-01-01,STR033,PRD0116,419,42,431,30,R1,5.0,1
2024-07-14,STR002,PRD0026,273,242,444,71,R2,4.96,1
2023-11-26,STR039,PRD0089,594,97,175,516,R5,2.18,0
2023-01-15,STR001,PRD0023,645,249,504,390,R2,2.68,0
2024-12-01,STR015,PRD0075,573,488,439,622,R5,4.74,0
2024-06-02,STR041,PRD0023,728,443,488,683,R5,3.47,0
2023-01-29,STR040,PRD0159,465,382,321,526,R2,3.87,0
2024-03-03,STR028,PRD0061,192,215,199,208,R3,0.21,0
2024-06-16,STR004,PRD0065,525,433,162,796,R4,1.46,0
2024-04-14,STR043,PRD0088,691,34,168,557,R1,2.35,0
2024-02-25,STR033,PRD0110,290,285,216,359,R1,3.2,0
2024-08-18,STR030,PRD0138,991,306,80,1217,R5,4.92,0
2024-02-11,STR011,PRD0009,466,348,547,267,R4,3.8,0
2023-09-03,STR034,PRD0075,664,290,419,535,R4,2.41,0
2024-07-07,STR004,PRD0034,525,48,248,325,R4,1.08,0
2024-10-13,STR026,PRD0013,825,6,592,239,R3,2.21,0
2024-11-24,STR007,PRD0009,442,68,135,375,R5,1.8,0
2024-08-04,STR023,PRD0131,880,64,508,436,R5,3.85,0
2023-09-17,STR049,PRD0003,385,394,531,248,R3,3.47,0
2024-01-14,STR022,PRD0149,438,382,546,274,R3,1.45,0
2023-02-05,STR022,PRD0028,271,34,287,18,R3,2.92,1
2024-12-22,STR036,PRD0133,253,346,278,321,R3,0.98,0
2024-03-03,STR031,PRD0019,568,143,559,152,R5,0.49,0
2023-04-16,STR010,PRD0130,494,393,121,766,R1,1.52,0
2023-06-18,STR045,PRD0046,557,12,379,190,R4,0.94,0
2024-07-14,STR036,PRD0048,425,13,173,265,R3,2.64,0
2023-05-28,STR037,PRD0145,535,111,588,58,R1,2.05,1
2024-06-02,STR001,PRD0078,872,422,113,1181,R2,3.54,0
2024-02-11,STR032,PRD0092,100,204,241,63,R2,1.65,1
2024-12-01,STR021,PRD0147,124,336,176,284,R3,1.23,0
2023-12-31,STR024,PRD0017,766,369,294,841,R5,1.95,0
2024-10-27,STR045,PRD0147,589,315,247,657,R4,4.68,0
2024-04-28,STR001,PRD0016,785,335,337,783,R2,0.48,0
2024-10-06,STR025,PRD0057,996,392,546,842,R4,3.0,0
2023-06-18,STR050,PRD0002,204,258,45,417,R2,2.66,0
2023-10-15,STR043,PRD0096,987,234,173,1048,R1,0.35,0
2023-10-15,STR039,PRD0146,935,131,423,643,R5,1.74,0
2024-09-22,STR006,PRD0059,969,253,420,802,R2,1.87,0
2024-05-26,STR010,PRD0015,616,493,342,767,R1,2.38,0
2023-11-19,STR041,PRD0093,475,202,192,485,R5,1.81,0
2023-07-30,STR007,PRD0081,592,74,352,314,R5,4.71,0
2023-04-30,STR038,PRD0050,173,440,283,330,R3,0.29,0
2024-08-25,STR004,PRD0108,446,116,562,0,R4,1.46,1
2023-06-18,STR032,PRD0079,862,176,111,927,R2,2.37,0
2023-11-05,STR003,PRD0113,606,438,50,994,R3,0.68,0
2023-08-13,STR010,PRD0062,312,345,333,324,R1,1.75,0
2023-06-04,STR017,PRD0019,169,203,134,238,R2,4.83,0
2023-03-05,STR015,PRD0131,931,419,115,1235,R5,2.25,0
2023-08-13,STR020,PRD0077,845,354,525,674,R3,4.79,0
2023-10-29,STR012,PRD0042,774,309,60,1023,R4,0.01,0
2023-05-07,STR040,PRD0044,559,374,203,730,R2,4.4,0
2024-02-11,STR014,PRD0147,166,183,177,172,R5,1.53,0
2023-12-31,STR003,PRD0097,441,397,311,527,R3,0.59,0
2023-12-17,STR041,PRD0141,772,29,87,714,R5,3.06,0
2024-05-19,STR035,PRD0132,191,204,54,341,R5,1.12,0
2023-11-19,STR021,PRD0084,146,92,185,53,R3,3.57,1
2023-05-21,STR014,PRD0013,981,83,438,626,R5,4.46,0
2023-02-12,STR018,PRD0103,153,151,261,43,R5,4.21,1
2024-05-12,STR019,PRD0021,365,218,402,181,R3,4.11,0
2024-04-07,STR039,PRD0095,820,55,317,558,R5,2.87,0
2024-03-31,STR045,PRD0026,948,69,597,420,R4,4.96,0
2024-08-18,STR008,PRD0092,283,278,439,122,R2,3.23,0
2024-01-28,STR026,PRD0112,198,305,439,64,R3,3.68,1
2024-10-27,STR020,PRD0065,334,481,44,771,R3,4.3,0
2023-10-01,STR037,PRD0018,163,401,284,280,R1,1.5,0
2023-10-08,STR005,PRD0145,291,348,395,244,R1,1.93,0
2024-03-17,STR024,PRD0142,183,273,218,238,R5,1.42,0
2024-06-02,STR020,PRD0127,787,3,314,476,R3,1.12,0
2023-08-06,STR007,PRD0058,897,343,96,1144,R5,3.49,0
2023-06-25,STR036,PRD0011,696,84,295,485,R3,4.84,0
2024-05-19,STR019,PRD0135,528,270,275,523,R3,1.5,0
2024-03-03,STR031,PRD0024,351,413,310,454,R5,3.71,0
2024-02-04,STR028,PRD0069,909,267,355,821,R3,1.27,0
2023-10-08,STR017,PRD0020,273,266,116,423,R2,1.48,0
2024-04-28,STR002,PRD0017,939,156,37,1058,R2,2.02,0
2024-03-17,STR040,PRD0057,884,350,336,898,R2,1.69,0
2023-01-01,STR034,PRD0011,607,201,79,729,R4,0.14,0
2023-01-01,STR044,PRD0080,338,45,323,60,R5,4.79,1
2024-09-29,STR007,PRD0083,201,349,32,518,R5,1.54,0
2023-02-19,STR044,PRD0013,247,339,37,549,R5,2.33,0
2024-10-27,STR010,PRD0148,917,91,60,948,R1,2.5,0
2024-03-10,STR007,PRD0105,471,470,330,611,R5,2.9,0
2023-03-26,STR015,PRD0069,798,262,497,563,R5,4.32,0
2023-06-25,STR004,PRD0144,802,105,317,590,R4,0.95,0
2023-11-12,STR045,PRD0108,669,365,458,576,R4,3.19,0
2023-04-02,STR036,PRD0044,154,32,62,124,R3,0.93,0
2023-01-15,STR034,PRD0113,715,30,389,356,R4,0.63,0
2024-06-09,STR039,PRD0097,211,426,39,598,R5,3.91,0
2024-12-01,STR045,PRD0135,991,345,37,1299,R4,3.42,0
2023-08-13,STR033,PRD0001,906,152,393,665,R1,0.4,0
2023-06-04,STR017,PRD0126,195,240,51,384,R2,2.04,0
2023-09-17,STR003,PRD0090,766,214,146,834,R3,0.37,0
2023-07-16,STR027,PRD0130,478,374,268,584,R1,4.04,0
2024-07-07,STR004,PRD0025,284,492,132,644,R4,0.88,0
2023-10-22,STR041,PRD0123,764,380,529,615,R5,0.31,0
2023-07-30,STR018,PRD0009,192,17,106,103,R5,1.89,0
2023-05-07,STR040,PRD0123,928,105,381,652,R2,1.96,0
2023-12-31,STR040,PRD0065,865,244,421,688,R2,1.27,0
2023-07-09,STR029,PRD0066,168,29,133,64,R2,0.26,1
2023-10-15,STR026,PRD0056,572,47,91,528,R3,2.29,0
2023-04-30,STR003,PRD0107,535,469,158,846,R3,0.68,0
2024-04-07,STR022,PRD0129,993,56,548,501,R3,1.09,0
2023-09-03,STR042,PRD0141,381,373,495,259,R3,0.93,0
2023-08-06,STR022,PRD0020,593,377,420,550,R3,2.34,0
2023-04-30,STR029,PRD0095,260,110,8,362,R2,1.24,0
2024-06-02,STR020,PRD0149,796,317,344,769,R3,0.67,0
2023-06-11,STR015,PRD0055,546,235,342,439,R5,2.41,0
2023-08-13,STR013,PRD0012,795,4,530,269,R2,2.04,0
2024-02-18,STR008,PRD0097,962,78,355,685,R2,0.26,0
2023-10-01,STR019,PRD0042,478,443,536,385,R3,3.21,0
2024-06-09,STR043,PRD0120,399,284,590,93,R1,4.0,1
2023-02-26,STR005,PRD0073,814,342,451,705,R1,1.49,0
2023-04-23,STR041,PRD0098,949,392,566,775,R5,1.96,0
2024-05-12,STR046,PRD0029,112,382,53,441,R3,3.47,0
2023-04-16,STR039,PRD0017,614,224,492,346,R5,0.05,0
2024-02-11,STR040,PRD0137,532,346,366,512,R2,2.32,0
2023-07-09,STR013,PRD0018,128,407,152,383,R2,4.16,0
2023-01-15,STR024,PRD0051,781,394,261,914,R5,2.76,0
2024-06-02,STR046,PRD0146,889,387,85,1191,R3,4.09,0
2024-08-25,STR012,PRD0077,650,171,573,248,R4,0.21,0
2023-10-01,STR043,PRD0020,377,259,466,170,R1,0.23,0
2023-07-09,STR033,PRD0051,828,426,393,861,R1,4.63,0
2024-08-18,STR043,PRD0003,628,138,303,463,R1,0.41,0
2024-06-09,STR049,PRD0048,572,484,516,540,R3,0.35,0
2024-04-07,STR032,PRD0150,503,342,554,291,R2,1.52,0
2024-03-03,STR013,PRD0049,621,222,293,550,R2,1.42,0
2024-09-22,STR032,PRD0050,984,415,442,957,R2,3.76,0
2023-11-26,STR017,PRD0115,996,426,573,849,R2,0.88,0
2024-09-15,STR008,PRD0092,117,32,76,73,R2,1.25,1
2023-10-29,STR004,PRD0061,530,309,35,804,R4,2.52,0
2024-07-14,STR029,PRD0086,965,82,402,645,R2,2.67,0
2023-07-30,STR010,PRD0049,741,116,327,530,R1,1.15,0
2024-04-28,STR010,PRD0093,899,347,155,1091,R1,3.37,0
2023-12-31,STR049,PRD0121,614,173,348,439,R3,2.09,0
2024-05-26,STR026,PRD0046,812,316,159,969,R3,4.06,0
2024-05-26,STR024,PRD0053,958,500,590,868,R5,0.43,0
2023-04-09,STR040,PRD0056,675,187,558,304,R2,3.84,0
2023-11-19,STR021,PRD0043,441,79,52,468,R3,4.12,0
2023-09-17,STR007,PRD0088,872,183,594,461,R5,4.2,0
2023-11-12,STR009,PRD0134,528,166,419,275,R5,3.22,0
2023-01-22,STR032,PRD0048,136,167,169,134,R2,2.79,0
2023-05-21,STR031,PRD0138,194,3,114,83,R5,3.63,1
2023-05-14,STR045,PRD0094,444,392,298,538,R4,2.18,0
2024-02-04,STR049,PRD0079,454,341,17,778,R3,2.53,0
2023-06-18,STR043,PRD0030,655,441,454,642,R1,4.94,0
2023-12-24,STR013,PRD0033,897,280,199,978,R2,1.18,0
2024-10-27,STR033,PRD0158,505,229,506,228,R1,2.24,0
2024-07-21,STR019,PRD0069,381,235,559,57,R3,1.56,1
2024-11-17,STR008,PRD0030,515,407,33,889,R2,3.99,0
2023-02-05,STR025,PRD0025,422,72,349,145,R4,4.43,0
2024-12-01,STR042,PRD0015,835,73,63,845,R3,0.67,0
2024-08-04,STR025,PRD0044,399,4,47,356,R4,2.47,0
2024-05-05,STR038,PRD0116,935,59,170,824,R3,3.31,0
2024-11-24,STR017,PRD0016,750,288,378,660,R2,4.6,0
2024-09-08,STR037,PRD0066,806,7,211,602,R1,2.76,0
2023-07-23,STR013,PRD0099,778,425,18,1185,R2,4.41,0
2024-08-18,STR015,PRD0049,973,498,288,1183,R5,0.2,0
2023-03-12,STR022,PRD0154,654,140,106,688,R3,1.03,0
2023-05-14,STR031,PRD0104,478,55,339,194,R5,0.29,0
2024-11-03,STR036,PRD0130,376,262,221,417,R3,2.78,0
2023-10-08,STR024,PRD0049,940,481,263,1158,R5,0.32,0
2024-01-28,STR006,PRD0066,755,394,60,1089,R2,0.76,0
2023-04-23,STR040,PRD0066,386,408,134,660,R2,1.18,0
2024-12-15,STR006,PRD0049,306,96,249,153,R2,0.17,0
2024-10-27,STR023,PRD0099,250,324,295,279,R5,2.62,0
2023-02-19,STR013,PRD0125,600,416,578,438,R2,2.64,0
2024-12-15,STR008,PRD0116,753,205,416,542,R2,3.48,0
2024-07-28,STR043,PRD0046,196,425,253,368,R1,0.27,0
2024-11-17,STR019,PRD0101,763,474,109,1128,R3,0.62,0
2024-08-25,STR015,PRD0017,775,102,458,419,R5,1.87,0
2023-04-02,STR045,PRD0074,522,322,435,409,R4,0.24,0
2023-04-16,STR030,PRD0005,803,487,572,718,R5,0.59,0
2024-01-28,STR001,PRD0036,257,60,229,88,R2,4.24,1
2023-03-26,STR023,PRD0022,823,309,569,563,R5,3.2,0
2023-06-25,STR037,PRD0016,443,179,130,492,R1,4.08,0
2024-09-22,STR006,PRD0123,239,101,86,254,R2,1.33,0
2023-01-29,STR023,PRD0008,898,495,482,911,R5,1.99,0
2023-12-31,STR049,PRD0036,210,438,51,597,R3,0.94,0
2024-02-04,STR026,PRD0160,191,188,165,214,R3,4.95,0
2023-05-21,STR039,PRD0043,135,452,231,356,R5,1.17,0
2023-02-26,STR009,PRD0114,338,269,476,131,R5,4.94,0
2023-12-10,STR007,PRD0132,612,49,100,561,R5,0.31,0
2024-01-28,STR043,PRD0086,378,287,212,453,R1,0.35,0
2023-04-23,STR002,PRD0008,197,438,497,138,R2,3.51,0
2024-08-11,STR004,PRD0102,395,206,333,268,R4,0.77,0
2023-02-26,STR040,PRD0083,532,311,555,288,R2,3.93,0
2023-07-09,STR047,PRD0096,613,67,489,191,R2,0.44,0
2023-08-27,STR011,PRD0138,168,475,57,586,R4,0.1,0
2023-11-19,STR010,PRD0124,539,417,107,849,R1,4.01,0
2024-06-23,STR036,PRD0138,457,324,432,349,R3,3.74,0
2024-01-07,STR006,PRD0134,185,346,43,488,R2,1.47,0
2023-04-02,STR024,PRD0093,758,108,74,792,R5,2.49,0
2023-02-05,STR035,PRD0132,109,343,81,371,R5,1.67,0
2024-12-22,STR042,PRD0013,649,52,268,433,R3,1.68,0
2023-06-25,STR024,PRD0006,111,281,242,150,R5,4.13,0
2023-01-08,STR028,PRD0157,452,497,102,847,R3,4.4,0
2023-12-10,STR045,PRD0134,654,376,116,914,R4,4.55,0
2024-05-26,STR010,PRD0131,914,62,370,606,R1,0.32,0
2024-02-25,STR046,PRD0121,356,279,510,125,R3,2.21,0
2023-10-22,STR039,PRD0117,946,383,13,1316,R5,3.45,0
2023-06-18,STR042,PRD0150,845,136,39,942,R3,2.04,0
2023-11-19,STR016,PRD0148,510,23,208,325,R2,0.46,0
2024-04-21,STR036,PRD0031,463,363,222,604,R3,1.51,0
2024-03-31,STR001,PRD0118,756,222,115,863,R2,3.58,0
2023-10-15,STR008,PRD0096,424,471,278,617,R2,1.93,0
2024-12-29,STR027,PRD0046,344,399,437,306,R1,0.57,0
2023-02-26,STR031,PRD0089,683,202,579,306,R5,3.48,0
2023-01-29,STR015,PRD0158,461,87,411,137,R5,1.25,0
2023-05-07,STR009,PRD0112,597,287,375,509,R5,2.18,0
2023-08-27,STR013,PRD0112,192,209,60,341,R2,0.38,0
2023-12-31,STR023,PRD0011,258,100,191,167,R5,4.62,0
2024-04-07,STR024,PRD0013,741,334,193,882,R5,4.48,0
2024-06-09,STR025,PRD0089,888,258,71,1075,R4,3.16,0
2023-09-24,STR007,PRD0062,519,45,217,347,R5,4.4,0
2024-10-06,STR033,PRD0131,759,417,446,730,R1,2.03,0
2023-10-08,STR019,PRD0032,882,103,195,790,R3,4.25,0
2024-03-31,STR046,PRD0146,153,24,168,9,R3,3.0,1
2024-04-28,STR018,PRD0122,952,240,235,957,R5,0.66,0
2024-02-18,STR026,PRD0034,624,201,524,301,R3,0.92,0
2023-06-25,STR032,PRD0092,643,188,583,248,R2,0.5,0
2024-01-14,STR050,PRD0002,990,87,591,486,R2,0.31,0
2023-10-22,STR033,PRD0060,593,128,457,264,R1,4.72,0
2023-04-23,STR032,PRD0068,234,41,157,118,R2,1.79,0
2024-11-03,STR045,PRD0035,197,115,6,306,R4,1.33,0
2023-09-10,STR002,PRD0074,868,106,215,759,R2,4.15,0
2023-10-29,STR013,PRD0070,912,247,429,730,R2,3.72,0
2024-08-11,STR008,PRD0088,378,39,388,29,R2,1.81,1
2023-05-07,STR039,PRD0012,256,345,124,477,R5,2.55,0
2024-08-25,STR012,PRD0156,277,312,225,364,R4,0.85,0
2024-08-25,STR024,PRD0117,781,478,286,973,R5,1.26,0
2024-06-30,STR008,PRD0105,393,162,357,198,R2,2.62,0
2023-11-05,STR044,PRD0097,544,447,268,723,R5,2.97,0
2023-08-27,STR042,PRD0092,564,480,84,960,R3,1.49,0
2023-05-07,STR014,PRD0065,170,487,359,298,R5,0.75,0
2024-06-16,STR005,PRD0109,177,135,141,171,R1,2.06,0
2023-08-06,STR020,PRD0144,660,433,237,856,R3,4.22,0
2023-04-02,STR049,PRD0010,614,86,254,446,R3,0.96,0
2024-06-02,STR039,PRD0110,255,242,337,160,R5,3.95,0
2024-06-16,STR040,PRD0007,578,50,558,70,R2,2.8,1
2023-11-12,STR039,PRD0118,909,102,77,934,R5,2.61,0
2024-03-17,STR016,PRD0019,247,266,237,276,R2,4.36,0
2023-12-24,STR024,PRD0137,880,147,233,794,R5,1.32,0
2024-05-26,STR006,PRD0057,172,351,78,445,R2,0.53,0
2023-02-05,STR024,PRD0064,845,76,235,686,R5,3.22,0
2023-10-01,STR001,PRD0092,136,66,51,151,R2,2.39,0
2024-05-05,STR040,PRD0108,336,271,541,66,R2,1.5,1
2023-08-20,STR040,PRD0117,917,407,466,858,R2,3.98,0
2023-08-06,STR018,PRD0127,742,208,492,458,R5,3.29,0
2023-07-23,STR005,PRD0124,686,416,403,699,R1,2.43,0
2024-03-17,STR013,PRD0073,649,208,536,321,R2,1.19,0
2023-02-05,STR006,PRD0139,428,38,109,357,R2,0.75,0
2024-09-29,STR004,PRD0130,982,444,466,960,R4,4.62,0
2023-01-08,STR010,PRD0046,535,259,183,611,R1,2.51,0
2024-09-08,STR025,PRD0125,618,368,395,591,R4,3.5,0
2024-01-14,STR009,PRD0071,392,470,86,776,R5,0.24,0
2024-02-11,STR021,PRD0065,646,381,597,430,R3,0.53,0
2024-10-27,STR004,PRD0140,819,120,271,668,R4,3.57,0
2023-03-19,STR032,PRD0098,525,292,21,796,R2,3.7,0
2024-09-08,STR027,PRD0139,339,137,373,103,R1,1.73,0
2023-12-31,STR013,PRD0081,384,403,256,531,R2,3.8,0
2023-01-29,STR013,PRD0011,998,474,100,1372,R2,0.12,0
2024-11-24,STR029,PRD0074,165,260,268,157,R2,2.26,0
2024-10-27,STR018,PRD0081,741,447,585,603,R5,1.96,0
2023-02-19,STR014,PRD0069,338,260,523,75,R5,4.34,1
2024-05-12,STR041,PRD0146,235,30,169,96,R5,3.78,1
2023-11-05,STR036,PRD0004,654,435,471,618,R3,2.79,0
2023-12-10,STR012,PRD0089,835,108,235,708,R4,1.81,0
2023-01-29,STR034,PRD0094,599,448,205,842,R4,0.65,0
2023-05-21,STR003,PRD0092,466,182,117,531,R3,2.68,0
2024-02-25,STR015,PRD0117,564,289,377,476,R5,1.46,0
2024-04-14,STR045,PRD0111,908,373,370,911,R4,0.78,0
2023-01-22,STR046,PRD0151,456,144,405,195,R3,4.74,0
2024-04-14,STR020,PRD0010,454,8,102,360,R3,1.93,0
2023-01-15,STR046,PRD0052,330,333,77,586,R3,3.22,0
2023-09-10,STR049,PRD0103,883,29,299,613,R3,2.36,0
2024-09-29,STR046,PRD0043,933,343,37,1239,R3,4.93,0
2023-11-05,STR030,PRD0115,607,135,117,625,R5,3.59,0
2023-10-01,STR008,PRD0138,837,481,130,1188,R2,4.33,0
2023-02-12,STR048,PRD0036,103,368,179,292,R2,4.7,0
2024-10-20,STR034,PRD0039,641,116,177,580,R4,3.93,0
2024-06-30,STR020,PRD0072,727,207,178,756,R3,4.38,0
2023-06-18,STR033,PRD0045,609,67,136,540,R1,4.8,0
2024-02-04,STR019,PRD0138,878,498,110,1266,R3,0.95,0
2023-01-29,STR010,PRD0095,756,450,580,626,R1,3.33,0
2024-08-25,STR047,PRD0120,770,406,478,698,R2,1.38,0
2023-11-05,STR039,PRD0119,681,198,435,444,R5,1.31,0
2023-01-15,STR031,PRD0017,432,61,381,112,R5,0.76,0
2024-09-01,STR031,PRD0070,458,243,480,221,R5,1.13,0
2023-04-09,STR042,PRD0007,606,406,456,556,R3,0.28,0
2024-10-13,STR028,PRD0027,741,214,454,501,R3,0.84,0
2023-10-01,STR048,PRD0060,846,209,526,529,R2,1.98,0
2023-11-26,STR021,PRD0049,295,177,146,326,R3,1.82,0
2024-12-08,STR011,PRD0110,929,260,69,1120,R4,1.45,0
2024-12-22,STR013,PRD0025,442,318,540,220,R2,2.95,0
2023-10-15,STR008,PRD0119,512,433,565,380,R2,1.02,0
2023-03-12,STR016,PRD0033,364,25,281,108,R2,2.01,0
2024-03-10,STR029,PRD0061,307,329,390,246,R2,0.62,0
2024-08-25,STR045,PRD0119,887,289,507,669,R4,2.21,0
2023-01-22,STR048,PRD0057,689,194,316,567,R2,2.2,0
2024-12-01,STR024,PRD0155,968,18,205,781,R5,4.83,0
2024-07-28,STR047,PRD0084,264,495,17,742,R2,4.15,0
2024-02-11,STR018,PRD0062,259,186,210,235,R5,3.25,0
2024-07-28,STR033,PRD0022,815,355,238,932,R1,1.93,0
2023-09-03,STR007,PRD0061,579,410,329,660,R5,2.96,0
2024-11-17,STR004,PRD0051,718,248,215,751,R4,2.48,0
2024-01-07,STR006,PRD0115,157,487,417,227,R2,1.96,0
2023-01-29,STR019,PRD0006,815,416,83,1148,R3,1.9,0
2024-09-29,STR036,PRD0078,629,29,352,306,R3,0.45,0
2024-03-03,STR020,PRD0068,429,373,156,646,R3,4.92,0
2024-03-31,STR016,PRD0083,247,474,179,542,R2,2.9,0
2024-01-07,STR011,PRD0154,746,224,123,847,R4,3.09,0
2023-02-26,STR041,PRD0031,796,274,507,563,R5,0.81,0
2023-04-16,STR004,PRD0050,572,298,472,398,R4,4.08,0
2024-08-11,STR046,PRD0131,419,399,117,701,R3,3.83,0
2024-09-01,STR028,PRD0069,948,156,413,691,R3,0.95,0
2023-03-26,STR012,PRD0058,703,152,219,636,R4,2.9,0
2024-07-28,STR012,PRD0157,909,304,194,1019,R4,0.84,0
2024-07-28,STR031,PRD0123,221,120,93,248,R5,0.71,0
2024-01-21,STR004,PRD0046,699,341,597,443,R4,0.38,0
2023-08-20,STR006,PRD0119,449,199,452,196,R2,4.88,0
2024-06-09,STR035,PRD0155,223,232,148,307,R5,0.03,0
2023-05-28,STR024,PRD0138,375,259,131,503,R5,3.64,0
2023-05-21,STR009,PRD0069,644,429,302,771,R5,4.84,0
2024-05-05,STR018,PRD0071,869,356,6,1219,R5,4.99,0
2024-09-08,STR009,PRD0056,940,264,586,618,R5,1.85,0
2024-06-30,STR034,PRD0023,401,249,366,284,R4,3.37,0
2023-05-07,STR006,PRD0102,801,191,140,852,R2,1.93,0
2023-03-12,STR012,PRD0007,707,415,89,1033,R4,0.5,0
2024-03-31,STR049,PRD0106,678,400,79,999,R3,1.62,0
2024-07-14,STR020,PRD0053,993,348,428,913,R3,1.56,0
2023-08-27,STR018,PRD0158,974,96,600,470,R5,2.5,0
2023-06-11,STR015,PRD0045,476,29,186,319,R5,0.32,0
2023-11-26,STR043,PRD0133,924,316,459,781,R1,0.75,0
2023-11-05,STR043,PRD0058,929,259,515,673,R1,0.73,0
2023-09-17,STR019,PRD0130,833,77,123,787,R3,4.34,0
2023-01-01,STR023,PRD0061,832,308,85,1055,R5,2.41,0
2024-03-10,STR017,PRD0018,717,255,207,765,R2,0.37,0
2023-02-19,STR029,PRD0086,623,402,218,807,R2,2.74,0
2024-09-22,STR034,PRD0081,957,484,476,965,R4,0.07,0
2023-10-22,STR033,PRD0109,208,308,422,94,R1,1.39,1
2024-03-31,STR013,PRD0101,956,103,75,984,R2,4.71,0
2024-11-17,STR039,PRD0062,181,420,278,323,R5,1.61,0
2024-04-28,STR019,PRD0131,627,406,438,595,R3,1.89,0
2023-05-07,STR002,PRD0089,359,21,197,183,R2,0.05,0
2023-08-27,STR017,PRD0082,854,238,249,843,R2,0.95,0
2024-12-29,STR028,PRD0038,332,127,157,302,R3,0.76,0
2023-02-12,STR022,PRD0147,440,52,144,348,R3,2.4,0
2024-12-01,STR044,PRD0036,706,359,494,571,R5,3.02,0
2023-05-21,STR034,PRD0138,804,247,469,582,R4,0.54,0
2023-01-08,STR028,PRD0035,151,375,507,19,R3,0.29,1
2023-09-24,STR016,PRD0119,793,183,591,385,R2,0.89,0
2023-09-03,STR022,PRD0158,174,318,35,457,R3,2.02,0
2024-01-07,STR017,PRD0132,293,42,180,155,R2,4.45,0
2024-09-01,STR047,PRD0077,171,400,292,279,R2,0.15,0
2024-07-07,STR034,PRD0126,145,414,31,528,R4,4.25,0
2023-05-21,STR042,PRD0008,707,455,319,843,R3,4.24,0
2024-07-14,STR048,PRD0016,844,354,414,784,R2,2.93,0
2023-11-19,STR019,PRD0111,223,473,276,420,R3,2.08,0
2024-08-25,STR034,PRD0071,288,264,78,474,R4,0.3,0
2024-12-08,STR021,PRD0095,396,464,577,283,R3,4.98,0
2023-07-30,STR009,PRD0160,853,283,297,839,R5,0.76,0
2023-06-18,STR020,PRD0086,204,217,371,50,R3,3.94,1
2023-07-16,STR038,PRD0103,233,366,295,304,R3,4.62,0
2024-10-06,STR049,PRD0094,263,239,467,35,R3,4.73,1
2023-12-24,STR016,PRD0118,376,366,267,475,R2,1.01,0
2024-04-21,STR043,PRD0095,350,418,461,307,R1,2.97,0
2023-05-14,STR032,PRD0123,929,332,307,954,R2,1.52,0
2024-07-28,STR032,PRD0006,720,56,429,347,R2,1.31,0
2023-12-03,STR013,PRD0066,979,11,354,636,R2,3.42,0
2024-05-19,STR038,PRD0069,399,93,295,197,R3,2.01,0
2024-06-23,STR022,PRD0101,655,445,333,767,R3,3.43,0
2023-11-19,STR003,PRD0044,205,147,24,328,R3,3.02,0
2023-01-08,STR022,PRD0016,411,345,268,488,R3,0.94,0
2024-04-28,STR035,PRD0144,655,137,302,490,R5,3.19,0
2024-08-25,STR043,PRD0053,988,270,28,1230,R1,0.53,0
2024-05-19,STR022,PRD0029,943,230,302,871,R3,1.11,0
2023-03-12,STR006,PRD0148,130,254,381,3,R2,4.01,1
2023-01-01,STR019,PRD0147,706,382,248,840,R3,4.07,0
2024-07-21,STR016,PRD0044,792,28,549,271,R2,0.99,0
2023-07-23,STR044,PRD0070,581,302,70,813,R5,2.03,0
2023-07-23,STR030,PRD0136,891,320,348,863,R5,3.3,0
2024-05-19,STR031,PRD0154,662,172,381,453,R5,4.53,0
2024-09-01,STR050,PRD0032,791,52,379,464,R2,0.69,0
2023-05-07,STR038,PRD0033,828,140,152,816,R3,3.35,0
2023-11-26,STR002,PRD0039,111,84,142,53,R2,4.1,1
2023-02-19,STR030,PRD0158,881,172,527,526,R5,0.03,0
2024-06-30,STR012,PRD0122,625,428,355,698,R4,4.27,0
2024-08-04,STR035,PRD0099,443,150,575,18,R5,2.91,1
2024-10-20,STR036,PRD0069,153,456,549,60,R3,3.27,1
2023-11-05,STR003,PRD0148,625,200,402,423,R3,4.77,0
2024-03-31,STR044,PRD0056,430,182,559,53,R5,2.07,1
2023-06-04,STR028,PRD0023,740,385,224,901,R3,4.98,0
2023-02-19,STR037,PRD0030,346,425,257,514,R1,0.12,0
2023-06-04,STR033,PRD0011,270,46,31,285,R1,1.3,0
2024-09-29,STR018,PRD0069,334,110,256,188,R5,4.81,0
2023-07-16,STR042,PRD0155,741,109,486,364,R3,1.51,0
2024-11-10,STR050,PRD0139,927,39,21,945,R2,1.77,0
2023-02-05,STR033,PRD0024,963,31,296,698,R1,4.97,0
2024-06-23,STR013,PRD0060,144,365,173,336,R2,1.09,0
2024-08-25,STR013,PRD0135,505,104,255,354,R2,0.09,0
2023-12-10,STR002,PRD0110,268,191,250,209,R2,2.55,0
2023-11-12,STR028,PRD0102,940,81,411,610,R3,0.14,0
2024-03-03,STR017,PRD0062,236,381,368,249,R2,4.68,0
2023-06-11,STR028,PRD0075,576,11,208,379,R3,0.7,0
2023-06-25,STR028,PRD0025,781,368,429,720,R3,2.81,0
2023-10-08,STR027,PRD0077,169,425,194,400,R1,3.05,0
2024-08-11,STR034,PRD0118,974,253,178,1049,R4,0.2,0
2023-07-09,STR037,PRD0012,823,32,574,281,R1,1.54,0
2023-10-22,STR023,PRD0132,314,447,546,215,R5,4.95,0
2024-01-21,STR045,PRD0018,215,67,129,153,R4,1.79,0
2023-01-29,STR013,PRD0089,863,140,130,873,R2,2.17,0
2023-07-23,STR010,PRD0025,503,131,96,538,R1,2.35,0
2023-06-04,STR015,PRD0070,630,123,293,460,R5,2.57,0
2023-02-19,STR020,PRD0072,103,66,116,53,R3,4.92,1
2024-08-11,STR009,PRD0130,365,424,516,273,R5,0.99,0
2023-06-25,STR031,PRD0105,966,52,452,566,R5,3.66,0
2024-05-12,STR004,PRD0090,460,93,543,10,R4,2.03,1
2023-05-21,STR009,PRD0138,807,417,69,1155,R5,0.5,0
2023-02-19,STR035,PRD0033,464,427,303,588,R5,3.91,0
2024-08-04,STR042,PRD0017,296,169,232,233,R3,2.69,0
2023-11-12,STR031,PRD0077,778,488,437,829,R5,2.95,0
2024-06-30,STR029,PRD0041,397,86,188,295,R2,4.55,0
2024-05-12,STR006,PRD0155,980,403,83,1300,R2,4.37,0
2024-03-17,STR002,PRD0050,799,59,109,749,R2,1.65,0
2024-03-24,STR021,PRD0124,229,173,76,326,R3,1.8,0
2024-03-24,STR024,PRD0115,283,212,381,114,R5,3.63,0
2023-04-23,STR027,PRD0024,281,188,424,45,R1,1.64,1
2023-12-17,STR022,PRD0082,494,150,6,638,R3,2.65,0
2023-07-23,STR027,PRD0008,353,49,72,330,R1,2.53,0
2024-06-09,STR046,PRD0008,620,491,1,1110,R3,2.19,0
2023-09-24,STR040,PRD0030,908,52,94,866,R2,3.82,0
2023-06-11,STR006,PRD0046,740,453,309,884,R2,3.4,0
2023-07-30,STR045,PRD0129,637,279,540,376,R4,2.89,0
2024-02-25,STR041,PRD0036,840,444,449,835,R5,4.01,0
2023-02-12,STR008,PRD0095,641,202,60,783,R2,1.13,0
2023-12-10,STR045,PRD0045,747,75,381,441,R4,2.63,0
2024-07-14,STR048,PRD0051,500,499,316,683,R2,2.56,0
2023-01-22,STR040,PRD0025,567,359,295,631,R2,3.3,0
2023-01-22,STR002,PRD0070,526,127,18,635,R2,0.24,0
2023-07-02,STR019,PRD0156,995,436,193,1238,R3,0.71,0
2024-05-05,STR027,PRD0145,879,442,221,1100,R1,3.32,0
2023-07-09,STR038,PRD0131,451,422,400,473,R3,4.08,0
2024-06-16,STR013,PRD0014,334,308,267,375,R2,3.35,0
2023-04-30,STR033,PRD0087,359,305,458,206,R1,1.65,0
2024-09-01,STR020,PRD0120,464,290,291,463,R3,2.79,0
2023-01-15,STR029,PRD0095,104,498,60,542,R2,2.22,0
2024-03-17,STR027,PRD0032,300,365,120,545,R1,0.43,0
2023-10-08,STR019,PRD0113,400,265,452,213,R3,4.59,0
2024-08-04,STR044,PRD0099,452,268,63,657,R5,0.19,0
2023-09-10,STR041,PRD0029,254,11,63,202,R5,4.39,0
2024-04-21,STR027,PRD0013,937,311,99,1149,R1,1.67,0
2024-03-24,STR011,PRD0019,971,261,256,976,R4,2.31,0
2023-05-28,STR027,PRD0019,662,205,553,314,R1,3.65,0
2024-08-18,STR003,PRD0128,398,464,572,290,R3,3.18,0
2023-12-17,STR039,PRD0040,835,357,173,1019,R5,3.44,0
2024-02-25,STR024,PRD0079,527,122,149,500,R5,2.8,0
2023-09-24,STR013,PRD0005,428,76,293,211,R2,2.35,0
2024-12-15,STR036,PRD0040,586,206,546,246,R3,3.58,0
2023-06-25,STR038,PRD0025,253,412,500,165,R3,3.43,0
2024-07-21,STR016,PRD0127,548,14,46,516,R2,4.05,0
2024-09-01,STR026,PRD0053,669,128,31,766,R3,2.14,0
2024-04-14,STR012,PRD0025,918,413,584,747,R4,4.15,0
2024-08-18,STR038,PRD0152,469,1,118,352,R3,3.29,0
2024-11-03,STR037,PRD0081,271,158,82,347,R1,0.57,0
2023-12-10,STR033,PRD0020,790,460,455,795,R1,4.45,0
2023-05-21,STR031,PRD0088,384,483,356,511,R5,0.83,0
2024-04-14,STR014,PRD0104,809,46,262,593,R5,4.88,0
2023-12-17,STR010,PRD0121,662,80,582,160,R1,0.01,0
2023-10-22,STR040,PRD0033,956,90,237,809,R2,0.25,0
2023-04-02,STR019,PRD0091,882,97,481,498,R3,1.68,0
2023-10-01,STR006,PRD0132,602,458,173,887,R2,3.24,0
2024-12-22,STR038,PRD0119,153,126,244,35,R3,3.93,1
2023-08-06,STR045,PRD0149,228,264,93,399,R4,3.13,0
2024-02-04,STR014,PRD0001,990,164,104,1050,R5,3.42,0
2023-07-30,STR025,PRD0080,640,193,215,618,R4,1.6,0
2023-06-11,STR013,PRD0119,414,112,481,45,R2,3.67,1
2024-08-04,STR036,PRD0004,217,254,76,395,R3,1.12,0
2023-06-04,STR007,PRD0072,821,316,232,905,R5,2.87,0
2024-01-07,STR049,PRD0046,502,304,218,588,R3,3.28,0
2023-11-05,STR024,PRD0047,374,459,281,552,R5,0.56,0
2023-01-01,STR035,PRD0012,937,251,276,912,R5,4.11,0
2024-12-15,STR007,PRD0079,510,121,387,244,R5,2.53,0
2023-04-02,STR017,PRD0108,661,155,392,424,R2,1.7,0
2024-08-25,STR029,PRD0115,227,104,69,262,R2,4.61,0
2024-04-28,STR002,PRD0061,518,299,522,295,R2,0.65,0
2023-10-29,STR034,PRD0130,704,218,491,431,R4,3.32,0
2024-02-04,STR005,PRD0138,959,365,213,1111,R1,1.16,0
2024-06-30,STR025,PRD0108,739,127,404,462,R4,3.35,0
2023-09-24,STR043,PRD0087,932,145,226,851,R1,0.47,0
2023-10-22,STR046,PRD0022,599,205,139,665,R3,2.48,0
2023-02-26,STR046,PRD0012,991,42,503,530,R3,4.61,0
2023-10-22,STR041,PRD0138,179,432,79,532,R5,2.71,0
2023-11-12,STR004,PRD0009,518,329,45,802,R4,1.58,0
2023-11-19,STR034,PRD0035,447,81,123,405,R4,2.16,0
2024-05-26,STR046,PRD0118,730,201,171,760,R3,0.84,0
2023-12-03,STR048,PRD0148,822,315,238,899,R2,0.98,0
2023-06-11,STR028,PRD0105,316,458,558,216,R3,2.9,0
2023-10-29,STR046,PRD0070,645,248,44,849,R3,2.64,0
2023-07-16,STR048,PRD0083,563,47,353,257,R2,1.35,0
2023-12-10,STR028,PRD0125,701,239,213,727,R3,2.54,0
2023-05-14,STR027,PRD0134,279,220,26,473,R1,1.6,0
2024-04-07,STR018,PRD0128,519,474,488,505,R5,0.02,0
2024-07-28,STR018,PRD0099,999,49,12,1036,R5,3.25,0
2024-10-27,STR019,PRD0102,418,375,337,456,R3,2.11,0
2023-07-23,STR037,PRD0069,219,138,129,228,R1,0.99,0
2024-06-02,STR015,PRD0051,929,18,467,480,R5,3.78,0
2024-10-06,STR005,PRD0016,151,407,347,211,R1,0.37,0
2023-09-24,STR040,PRD0155,268,124,212,180,R2,0.43,0
2023-06-04,STR045,PRD0132,443,311,346,408,R4,3.14,0
2024-02-25,STR037,PRD0137,384,327,316,395,R1,4.19,0
2023-09-03,STR027,PRD0060,375,54,191,238,R1,2.25,0
2024-05-26,STR034,PRD0063,976,138,65,1049,R4,3.36,0
2024-06-23,STR005,PRD0098,520,6,164,362,R1,1.72,0
2024-12-08,STR010,PRD0077,780,45,348,477,R1,1.72,0
2024-06-23,STR017,PRD0040,193,57,48,202,R2,3.92,0
2024-09-08,STR029,PRD0124,898,268,226,940,R2,3.85,0
2024-08-18,STR001,PRD0060,716,290,326,680,R2,4.98,0
2024-04-28,STR036,PRD0103,665,16,0,681,R3,4.81,0
2023-02-26,STR003,PRD0158,714,33,505,242,R3,4.78,0
2023-06-11,STR008,PRD0117,608,481,105,984,R2,1.75,0
2024-05-26,STR038,PRD0077,675,6,387,294,R3,0.03,0
2024-12-15,STR041,PRD0003,421,285,210,496,R5,1.08,0
2024-06-16,STR005,PRD0137,789,280,384,685,R1,0.91,0
2023-12-03,STR034,PRD0002,258,254,72,440,R4,1.41,0
2024-09-01,STR018,PRD0016,897,438,303,1032,R5,3.37,0
2023-06-11,STR007,PRD0063,878,31,5,904,R5,4.48,0
2023-12-24,STR043,PRD0048,606,270,523,353,R1,3.02,0
2024-12-29,STR020,PRD0131,323,96,46,373,R3,3.86,0
2023-01-08,STR024,PRD0110,378,272,292,358,R5,3.58,0
2024-11-17,STR005,PRD0109,795,119,212,702,R1,2.83,0
2024-03-31,STR037,PRD0085,291,445,190,546,R1,3.33,0
2023-01-15,STR023,PRD0096,252,317,300,269,R5,4.78,0
2024-06-09,STR042,PRD0052,534,449,314,669,R3,0.06,0
2023-11-05,STR045,PRD0049,944,278,336,886,R4,4.84,0
2023-12-31,STR011,PRD0111,704,68,330,442,R4,3.86,0
2023-07-09,STR044,PRD0147,446,147,438,155,R5,3.23,0
2023-05-21,STR035,PRD0060,838,229,415,652,R5,2.03,0
2024-02-25,STR007,PRD0086,470,290,378,382,R5,2.69,0
2023-07-02,STR049,PRD0146,692,297,357,632,R3,3.55,0
2024-07-28,STR004,PRD0104,387,267,204,450,R4,1.14,0
2023-03-19,STR045,PRD0065,815,405,292,928,R4,2.68,0
2024-12-08,STR049,PRD0021,663,7,416,254,R3,4.34,0
2024-06-16,STR013,PRD0028,982,50,76,956,R2,1.51,0
2024-11-10,STR020,PRD0100,783,402,438,747,R3,0.16,0
2023-02-19,STR010,PRD0112,597,344,591,350,R1,0.56,0
2024-05-26,STR044,PRD0046,124,163,109,178,R5,0.02,0
2023-06-04,STR033,PRD0015,756,270,156,870,R1,0.71,0
2024-08-25,STR038,PRD0054,161,160,157,164,R3,2.42,0
2023-12-31,STR018,PRD0081,393,200,298,295,R5,2.31,0
2023-10-08,STR038,PRD0015,125,21,15,131,R3,2.56,0
2024-10-20,STR005,PRD0088,194,249,126,317,R1,1.01,0
2023-03-05,STR005,PRD0057,663,238,27,874,R1,2.95,0
2023-10-01,STR015,PRD0050,134,67,18,183,R5,4.52,0
2023-03-26,STR040,PRD0065,971,485,567,889,R2,4.03,0
2024-11-03,STR032,PRD0117,147,265,142,270,R2,3.19,0
2023-03-26,STR007,PRD0122,265,234,143,356,R5,4.46,0
2024-11-10,STR018,PRD0058,254,268,245,277,R5,0.89,0
2023-12-24,STR013,PRD0078,169,213,126,256,R2,0.44,0
2023-10-29,STR003,PRD0026,308,115,334,89,R3,3.13,1
2023-04-02,STR009,PRD0030,795,351,51,1095,R5,1.64,0
2024-09-08,STR015,PRD0030,449,18,88,379,R5,2.29,0
2024-08-18,STR022,PRD0033,434,488,96,826,R3,0.17,0
2023-10-15,STR046,PRD0057,311,336,101,546,R3,2.69,0
2023-04-30,STR042,PRD0157,115,270,196,189,R3,4.93,0
2023-11-12,STR037,PRD0094,533,474,493,514,R1,4.48,0
2023-05-07,STR024,PRD0126,948,413,62,1299,R5,1.25,0
2023-09-03,STR035,PRD0138,607,187,137,657,R5,3.2,0
2024-06-02,STR015,PRD0104,331,31,362,0,R5,4.06,1
2023-10-15,STR021,PRD0094,206,86,126,166,R3,0.73,0
2023-06-18,STR006,PRD0154,915,48,0,963,R2,2.71,0
2023-12-31,STR036,PRD0150,649,240,430,459,R3,3.25,0
2024-11-17,STR047,PRD0065,772,105,570,307,R2,3.95,0
2024-01-28,STR022,PRD0006,875,301,263,913,R3,3.51,0
2024-04-07,STR049,PRD0054,815,307,268,854,R3,4.81,0
2023-08-06,STR013,PRD0062,744,107,146,705,R2,4.15,0
2024-12-08,STR015,PRD0028,217,87,164,140,R5,0.23,0
2023-06-25,STR026,PRD0093,613,292,294,611,R3,0.88,0
2024-09-08,STR020,PRD0138,186,195,307,74,R3,3.58,1
2024-02-11,STR016,PRD0033,802,177,181,798,R2,3.86,0
2024-02-11,STR047,PRD0149,576,347,352,571,R2,0.2,0
2023-04-09,STR028,PRD0030,734,29,581,182,R3,2.95,0
2024-09-29,STR006,PRD0157,902,33,581,354,R2,3.37,0
2023-04-09,STR016,PRD0033,915,420,323,1012,R2,0.33,0
2024-03-17,STR004,PRD0094,660,423,7,1076,R4,1.53,0
2024-12-01,STR033,PRD0096,364,490,553,301,R1,1.07,0
2023-02-26,STR037,PRD0067,620,280,488,412,R1,1.71,0
2023-04-02,STR010,PRD0049,274,396,375,295,R1,0.61,0
2024-10-06,STR036,PRD0109,413,53,315,151,R3,2.74,0
2024-05-05,STR013,PRD0053,975,281,97,1159,R2,3.89,0
2024-10-27,STR031,PRD0034,220,119,205,134,R5,1.63,0
2023-02-05,STR043,PRD0037,597,13,438,172,R1,2.88,0
2023-10-29,STR024,PRD0113,854,403,153,1104,R5,2.79,0
2024-02-25,STR046,PRD0065,507,197,392,312,R3,0.44,0
2024-05-05,STR043,PRD0020,282,111,37,356,R1,3.41,0
2023-05-28,STR032,PRD0117,592,118,589,121,R2,4.41,0
2024-12-15,STR003,PRD0008,499,171,98,572,R3,1.1,0
2023-05-28,STR045,PRD0128,858,123,539,442,R4,1.54,0
2024-07-14,STR045,PRD0077,731,81,64,748,R4,1.11,0
2024-06-30,STR024,PRD0064,349,245,254,340,R5,0.22,0
2024-11-10,STR029,PRD0137,393,56,297,152,R2,2.43,0
2023-05-14,STR042,PRD0117,117,454,498,73,R3,3.87,1
2023-11-12,STR008,PRD0057,162,407,64,505,R2,3.48,0
2023-08-27,STR046,PRD0140,804,54,126,732,R3,3.06,0
2024-08-25,STR003,PRD0151,896,113,589,420,R3,3.05,0
2023-02-19,STR025,PRD0068,222,423,408,237,R4,1.85,0
2023-04-30,STR040,PRD0086,520,140,339,321,R2,1.65,0
2023-08-13,STR043,PRD0096,677,410,486,601,R1,2.83,0
2024-03-17,STR028,PRD0108,143,145,86,202,R3,4.85,0
2024-06-09,STR044,PRD0023,143,252,336,59,R5,3.04,1
2024-12-22,STR032,PRD0033,413,348,306,455,R2,3.92,0
2023-01-15,STR034,PRD0048,123,266,341,48,R4,2.66,1
2023-06-11,STR043,PRD0131,681,431,120,992,R1,1.86,0
2023-02-26,STR005,PRD0003,408,343,489,262,R1,2.07,0
2023-12-03,STR020,PRD0010,475,324,498,301,R3,0.77,0
2024-05-12,STR046,PRD0136,455,447,359,543,R3,4.48,0
2023-12-31,STR035,PRD0110,396,405,345,456,R5,1.32,0
2023-11-26,STR007,PRD0015,397,67,249,215,R5,3.81,0
2024-05-19,STR006,PRD0133,222,311,225,308,R2,0.28,0
2024-07-21,STR039,PRD0041,656,54,256,454,R5,3.84,0
2023-01-22,STR047,PRD0121,944,137,208,873,R2,0.8,0
2023-10-22,STR024,PRD0056,110,455,204,361,R5,4.14,0
2024-01-21,STR012,PRD0147,742,387,187,942,R4,2.65,0
2023-04-16,STR017,PRD0039,648,142,184,606,R2,1.1,0
2023-12-31,STR019,PRD0080,880,334,493,721,R3,1.58,0
2023-04-09,STR022,PRD0054,439,358,581,216,R3,2.35,0
2024-03-03,STR017,PRD0116,878,215,381,712,R2,0.76,0
2024-04-07,STR033,PRD0037,666,186,95,757,R1,3.72,0
2023-05-14,STR049,PRD0101,353,3,46,310,R3,0.61,0
2023-11-05,STR003,PRD0144,545,13,150,408,R3,2.15,0
2023-02-12,STR046,PRD0042,692,287,458,521,R3,1.38,0
2024-07-28,STR040,PRD0109,672,302,239,735,R2,1.43,0
2024-08-25,STR004,PRD0110,165,487,118,534,R4,4.74,0
2024-12-01,STR013,PRD0080,784,101,139,746,R2,0.71,0
2024-06-09,STR028,PRD0143,179,498,488,189,R3,2.44,0
2024-03-10,STR046,PRD0116,754,188,409,533,R3,2.86,0
2023-06-25,STR014,PRD0026,964,73,41,996,R5,0.32,0
2023-07-23,STR005,PRD0109,576,484,23,1037,R1,1.21,0
2023-05-14,STR037,PRD0041,177,428,103,502,R1,2.94,0
2023-03-05,STR027,PRD0073,561,183,297,447,R1,2.18,0
2023-02-26,STR039,PRD0146,120,234,351,3,R5,3.23,1
2023-07-09,STR005,PRD0100,741,71,317,495,R1,4.89,0
2024-12-01,STR041,PRD0008,818,406,340,884,R5,4.52,0
2024-11-03,STR028,PRD0141,655,358,216,797,R3,0.38,0
2023-12-10,STR029,PRD0012,702,69,62,709,R2,3.96,0
2023-10-15,STR035,PRD0034,336,453,195,594,R5,4.9,0
2023-09-24,STR015,PRD0041,754,391,463,682,R5,0.27,0
2024-10-20,STR015,PRD0106,437,461,374,524,R5,0.13,0
2023-05-14,STR004,PRD0075,400,202,360,242,R4,1.05,0
2024-08-18,STR022,PRD0038,985,166,488,663,R3,3.2,0
2024-04-21,STR044,PRD0123,384,189,25,548,R5,1.91,0
2024-08-11,STR003,PRD0127,189,353,312,230,R3,0.94,0
2024-09-15,STR003,PRD0025,857,380,27,1210,R3,0.92,0
2023-09-03,STR034,PRD0145,654,177,204,627,R4,0.55,0
2024-09-01,STR018,PRD0115,499,142,342,299,R5,4.02,0
2024-04-28,STR045,PRD0093,931,235,476,690,R4,0.04,0
2023-07-09,STR016,PRD0075,766,132,465,433,R2,1.69,0
2023-12-24,STR046,PRD0127,286,163,128,321,R3,0.3,0
2024-05-26,STR016,PRD0153,818,361,155,1024,R2,3.24,0
2023-10-01,STR015,PRD0042,193,159,48,304,R5,0.57,0
2023-02-05,STR020,PRD0070,782,309,315,776,R3,0.8,0
2023-12-24,STR010,PRD0100,578,249,370,457,R1,0.14,0
2024-04-28,STR026,PRD0084,939,149,346,742,R3,3.65,0
2023-10-29,STR019,PRD0023,399,148,68,479,R3,0.42,0
2023-12-31,STR006,PRD0128,770,42,251,561,R2,3.46,0
2023-04-02,STR022,PRD0023,525,210,584,151,R3,0.11,0
2023-08-27,STR043,PRD0105,653,416,93,976,R1,4.59,0
2023-09-03,STR036,PRD0141,825,18,138,705,R3,1.32,0
2024-06-02,STR036,PRD0138,458,0,358,100,R3,4.03,0
2024-05-26,STR001,PRD0143,388,305,64,629,R2,3.3,0
2023-12-31,STR024,PRD0097,628,90,158,560,R5,3.53,0
2023-04-09,STR026,PRD0145,516,113,541,88,R3,1.73,1
2024-03-10,STR030,PRD0073,815,309,477,647,R5,4.13,0
2024-11-10,STR026,PRD0130,322,332,89,565,R3,2.78,0
2023-12-10,STR001,PRD0006,595,466,475,586,R2,1.19,0
2023-07-16,STR041,PRD0124,948,444,560,832,R5,2.12,0
2024-05-19,STR021,PRD0090,975,28,346,657,R3,1.46,0
2024-06-30,STR021,PRD0063,646,195,158,683,R3,4.09,0
2023-12-10,STR049,PRD0070,105,104,20,189,R3,3.12,0
2024-05-12,STR028,PRD0123,949,131,388,692,R3,0.73,0
2024-08-11,STR014,PRD0050,695,170,327,538,R5,3.38,0
2024-11-03,STR047,PRD0074,319,482,225,576,R2,0.37,0
2024-08-04,STR027,PRD0069,224,55,38,241,R1,1.94,0
2024-09-29,STR021,PRD0039,409,81,213,277,R3,2.87,0
2024-01-21,STR022,PRD0033,463,349,33,779,R3,0.3,0
2023-04-09,STR003,PRD0042,973,434,495,912,R3,3.95,0
2024-02-18,STR049,PRD0056,641,251,62,830,R3,0.3,0
2024-07-07,STR034,PRD0081,687,2,54,635,R4,4.07,0
2024-04-14,STR028,PRD0132,310,165,32,443,R3,2.69,0
2023-03-05,STR041,PRD0052,917,366,141,1142,R5,2.53,0
2024-07-28,STR007,PRD0121,959,407,578,788,R5,1.51,0
2023-03-19,STR018,PRD0081,496,404,596,304,R5,1.69,0
2024-03-17,STR031,PRD0020,130,9,55,84,R5,4.96,1
2024-08-18,STR007,PRD0136,229,386,383,232,R5,4.21,0
2023-06-04,STR042,PRD0003,285,246,265,266,R3,3.84,0
2024-07-07,STR042,PRD0113,385,102,300,187,R3,0.4,0
2023-09-10,STR038,PRD0156,753,193,471,475,R3,0.24,0
2023-12-24,STR047,PRD0058,957,64,563,458,R2,2.67,0
2023-07-16,STR049,PRD0088,730,153,327,556,R3,1.73,0
2023-08-20,STR031,PRD0106,475,414,399,490,R5,4.81,0
2024-01-28,STR008,PRD0047,796,211,331,676,R2,3.58,0
2024-10-06,STR044,PRD0158,976,400,446,930,R5,4.12,0
2023-04-30,STR010,PRD0144,851,449,97,1203,R1,0.39,0
2023-07-16,STR047,PRD0019,404,340,330,414,R2,2.89,0
2023-12-31,STR002,PRD0054,925,282,201,1006,R2,1.76,0
2023-11-19,STR021,PRD0129,978,211,548,641,R3,3.49,0
2024-10-20,STR036,PRD0095,276,121,37,360,R3,3.11,0
2023-03-12,STR033,PRD0127,136,200,113,223,R1,3.54,0
2024-05-26,STR006,PRD0058,704,13,74,643,R2,0.59,0
2023-07-02,STR048,PRD0072,279,93,149,223,R2,1.51,0
2023-10-15,STR027,PRD0029,710,160,52,818,R1,3.91,0
2023-01-29,STR016,PRD0064,457,434,316,575,R2,1.0,0
2024-02-11,STR029,PRD0047,301,196,361,136,R2,3.8,0
2024-03-31,STR009,PRD0160,261,0,170,91,R5,4.8,1
2024-12-01,STR032,PRD0116,391,73,31,433,R2,4.85,0
2024-10-27,STR007,PRD0088,321,0,69,252,R5,4.09,0
2024-09-08,STR039,PRD0038,305,53,102,256,R5,0.3,0
2023-10-01,STR015,PRD0101,854,130,316,668,R5,3.32,0
2024-06-02,STR004,PRD0042,310,299,120,489,R4,0.19,0
2023-10-29,STR033,PRD0099,925,448,240,1133,R1,3.63,0
2023-07-23,STR050,PRD0021,725,404,538,591,R2,1.24,0
2024-07-14,STR028,PRD0110,406,470,448,428,R3,4.13,0
2024-09-08,STR049,PRD0006,511,469,52,928,R3,3.12,0
2024-12-22,STR003,PRD0019,707,246,189,764,R3,2.36,0
2024-09-08,STR032,PRD0089,587,135,418,304,R2,0.03,0
2024-03-24,STR015,PRD0006,511,65,41,535,R5,0.42,0
2023-12-24,STR017,PRD0015,357,437,422,372,R2,0.57,0
2024-12-01,STR033,PRD0136,435,227,133,529,R1,1.09,0
2023-05-28,STR050,PRD0093,577,119,93,603,R2,1.97,0
2024-09-22,STR048,PRD0036,650,415,126,939,R2,0.3,0
2024-01-07,STR033,PRD0023,702,427,151,978,R1,3.12,0
2023-09-03,STR034,PRD0092,437,175,551,61,R4,2.84,1
2023-10-15,STR044,PRD0159,164,56,149,71,R5,2.14,1
2024-01-07,STR016,PRD0040,715,191,576,330,R2,2.03,0
2023-06-18,STR022,PRD0145,963,482,134,1311,R3,1.25,0
2023-10-01,STR032,PRD0097,340,198,250,288,R2,3.73,0
2024-06-09,STR007,PRD0078,626,355,504,477,R5,1.3,0
2023-05-14,STR050,PRD0140,959,123,85,997,R2,3.06,0
2024-10-13,STR004,PRD0115,429,421,16,834,R4,2.37,0
2024-08-18,STR008,PRD0124,289,399,396,292,R2,1.73,0
2023-12-24,STR044,PRD0063,848,62,548,362,R5,2.03,0
2024-04-21,STR024,PRD0019,390,260,116,534,R5,1.76,0
2023-06-04,STR005,PRD0088,986,379,235,1130,R1,1.54,0
2023-05-28,STR002,PRD0122,626,141,268,499,R2,3.91,0
2023-10-22,STR022,PRD0103,695,299,228,766,R3,4.65,0
2023-02-26,STR048,PRD0048,634,86,474,246,R2,4.44,0
2024-10-13,STR044,PRD0130,524,2,219,307,R5,2.52,0
2024-11-24,STR010,PRD0150,233,290,233,290,R1,3.6,0
2024-08-04,STR049,PRD0139,357,299,365,291,R3,4.18,0
2023-03-19,STR038,PRD0104,439,267,79,627,R3,2.63,0
2024-07-07,STR028,PRD0003,250,128,12,366,R3,1.91,0
2023-12-31,STR030,PRD0102,290,126,128,288,R5,3.5,0
2023-03-12,STR011,PRD0143,790,147,58,879,R4,1.57,0
2024-09-08,STR033,PRD0002,395,388,265,518,R1,2.75,0
2023-05-21,STR042,PRD0088,933,455,150,1238,R3,4.0,0
2024-11-17,STR011,PRD0042,553,439,474,518,R4,2.42,0
2024-03-31,STR008,PRD0067,735,447,422,760,R2,0.43,0
2024-10-27,STR044,PRD0006,583,293,68,808,R5,2.71,0
2023-04-16,STR012,PRD0158,619,97,276,440,R4,1.13,0
2024-10-06,STR011,PRD0042,439,27,377,89,R4,3.1,1
2024-02-11,STR049,PRD0111,911,288,568,631,R3,2.55,0
2023-11-26,STR028,PRD0060,463,419,16,866,R3,3.12,0
2024-04-14,STR007,PRD0106,729,34,549,214,R5,3.13,0
2024-06-30,STR028,PRD0044,675,8,57,626,R3,2.57,0
2023-10-08,STR035,PRD0151,700,296,42,954,R5,0.93,0
2024-05-05,STR036,PRD0157,421,92,71,442,R3,1.96,0
2023-01-08,STR047,PRD0088,557,130,457,230,R2,3.28,0
2024-03-17,STR014,PRD0036,300,446,273,473,R5,0.3,0
2023-11-19,STR005,PRD0005,992,157,279,870,R1,4.86,0
2023-10-15,STR030,PRD0130,936,4,68,872,R5,3.59,0
2024-11-17,STR004,PRD0070,864,151,285,730,R4,1.57,0
2023-11-05,STR011,PRD0101,332,480,419,393,R4,1.3,0
2023-02-12,STR015,PRD0037,932,478,104,1306,R5,3.57,0
2023-08-27,STR009,PRD0148,744,457,315,886,R5,2.7,0
2024-04-21,STR015,PRD0093,838,496,380,954,R5,3.41,0
2023-12-10,STR015,PRD0086,616,423,591,448,R5,1.03,0
2024-07-21,STR039,PRD0102,740,229,534,435,R5,2.13,0
2024-01-14,STR008,PRD0054,817,210,158,869,R2,1.25,0
2023-09-17,STR040,PRD0099,472,169,69,572,R2,1.83,0
2024-12-15,STR021,PRD0016,582,437,28,991,R3,3.99,0
2023-09-10,STR015,PRD0110,725,441,592,574,R5,3.25,0
2024-07-14,STR038,PRD0114,940,490,5,1425,R3,1.24,0
2024-02-04,STR049,PRD0015,756,388,486,658,R3,3.84,0
2023-07-23,STR047,PRD0017,102,316,269,149,R2,4.14,0
2024-06-16,STR034,PRD0121,339,189,148,380,R4,0.35,0
2023-08-13,STR036,PRD0033,855,465,518,802,R3,2.07,0
2023-09-24,STR042,PRD0067,882,139,494,527,R3,4.33,0
2023-12-17,STR003,PRD0011,598,485,381,702,R3,2.04,0
2023-03-26,STR024,PRD0028,309,335,341,303,R5,3.91,0
2023-12-31,STR047,PRD0027,982,364,455,891,R2,1.45,0
2023-02-26,STR050,PRD0085,253,250,157,346,R2,1.61,0
2023-12-03,STR004,PRD0058,688,172,4,856,R4,4.7,0
2023-12-31,STR046,PRD0132,239,179,211,207,R3,0.88,0
2023-08-13,STR045,PRD0041,238,40,182,96,R4,2.47,1
2024-10-20,STR005,PRD0116,100,444,366,178,R1,0.47,0
2023-12-03,STR034,PRD0062,831,318,352,797,R4,3.8,0
2024-02-25,STR020,PRD0018,443,74,240,277,R3,1.05,0
2023-11-05,STR028,PRD0157,623,414,13,1024,R3,4.11,0
2024-06-09,STR017,PRD0009,749,205,300,654,R2,3.75,0
2024-06-09,STR008,PRD0096,644,375,414,605,R2,3.46,0
2024-10-20,STR028,PRD0060,335,226,482,79,R3,2.69,1
2024-02-18,STR015,PRD0028,584,309,582,311,R5,4.72,0
2024-09-22,STR036,PRD0117,684,204,55,833,R3,3.96,0
2023-01-22,STR006,PRD0157,653,479,116,1016,R2,1.36,0
2023-10-15,STR046,PRD0123,831,255,278,808,R3,3.1,0
2024-02-18,STR038,PRD0078,180,273,35,418,R3,0.05,0
2023-10-29,STR016,PRD0148,353,20,12,361,R2,3.94,0
2024-07-28,STR035,PRD0073,569,68,550,87,R5,3.76,1
2024-05-12,STR036,PRD0158,107,18,57,68,R3,3.7,1
2023-10-01,STR002,PRD0055,274,20,196,98,R2,0.38,1
2023-10-22,STR037,PRD0156,453,54,505,2,R1,4.21,1
2023-01-01,STR005,PRD0116,668,431,544,555,R1,1.56,0
2024-02-11,STR013,PRD0076,943,242,104,1081,R2,1.32,0
2024-03-31,STR034,PRD0028,967,494,269,1192,R4,1.52,0
2023-07-30,STR020,PRD0105,944,85,210,819,R3,4.02,0
2024-10-20,STR005,PRD0141,395,422,244,573,R1,4.73,0
2024-07-14,STR036,PRD0153,239,142,226,155,R3,3.62,0
2023-12-10,STR013,PRD0083,859,393,224,1028,R2,0.52,0
2023-02-26,STR025,PRD0004,959,473,85,1347,R4,1.15,0
2023-04-02,STR040,PRD0004,515,12,444,83,R2,3.54,1
2024-02-04,STR016,PRD0005,712,469,154,1027,R2,4.97,0
2023-02-26,STR044,PRD0108,333,195,169,359,R5,0.99,0
2023-07-09,STR024,PRD0070,261,349,297,313,R5,4.13,0
2024-02-25,STR011,PRD0105,747,347,333,761,R4,0.57,0
2023-12-17,STR026,PRD0090,888,108,250,746,R3,0.54,0
2023-04-30,STR018,PRD0154,123,313,261,175,R5,4.22,0
2024-01-28,STR044,PRD0067,500,482,272,710,R5,2.57,0
2023-12-31,STR024,PRD0090,551,434,350,635,R5,0.83,0
2023-01-08,STR031,PRD0066,853,94,339,608,R5,2.13,0
2024-06-09,STR033,PRD0140,310,481,395,396,R1,0.53,0
2023-11-05,STR028,PRD0027,487,333,472,348,R3,1.95,0
2023-04-23,STR021,PRD0112,624,166,26,764,R3,1.25,0
2023-07-23,STR039,PRD0091,495,291,248,538,R5,3.97,0
2024-06-23,STR041,PRD0133,878,377,566,689,R5,3.52,0
2023-12-17,STR040,PRD0037,539,74,552,61,R2,3.64,1
2023-03-05,STR036,PRD0105,417,292,207,502,R3,1.86,0
2023-02-19,STR049,PRD0127,123,234,308,49,R3,1.18,1
2024-05-05,STR034,PRD0037,392,483,346,529,R4,4.28,0
2023-09-24,STR036,PRD0014,816,95,91,820,R3,2.68,0
2024-04-28,STR033,PRD0137,283,36,100,219,R1,3.18,0
2024-04-07,STR038,PRD0045,148,419,248,319,R3,1.34,0
2023-06-04,STR019,PRD0142,638,102,419,321,R3,4.98,0
2024-05-26,STR037,PRD0065,418,410,210,618,R1,1.86,0
2023-06-04,STR043,PRD0098,198,450,478,170,R1,2.44,0
2024-03-24,STR034,PRD0083,113,135,225,23,R4,4.76,1
2023-07-16,STR033,PRD0077,790,102,180,712,R1,4.41,0
2023-04-02,STR012,PRD0023,319,224,306,237,R4,2.25,0
2023-02-26,STR013,PRD0015,364,345,413,296,R2,1.27,0
2024-03-03,STR044,PRD0130,846,7,523,330,R5,4.42,0
2024-12-08,STR013,PRD0025,792,246,158,880,R2,2.7,0
2023-05-28,STR035,PRD0032,597,473,76,994,R5,1.77,0
2023-01-01,STR041,PRD0073,190,286,104,372,R5,1.35,0
2023-10-22,STR049,PRD0158,101,403,314,190,R3,0.28,0
2024-09-01,STR026,PRD0100,130,431,537,24,R3,2.38,1
2024-01-07,STR047,PRD0036,574,164,200,538,R2,0.84,0
2023-03-19,STR030,PRD0157,175,430,431,174,R5,0.77,0
2023-02-12,STR030,PRD0076,769,3,450,322,R5,4.25,0
2023-06-04,STR007,PRD0127,603,382,549,436,R5,3.84,0
2024-03-31,STR006,PRD0079,425,496,352,569,R2,1.86,0
2024-08-11,STR048,PRD0021,272,52,201,123,R2,4.21,0
2024-07-28,STR049,PRD0103,703,260,425,538,R3,3.72,0
2024-08-04,STR049,PRD0067,593,286,562,317,R3,0.04,0
2024-08-18,STR008,PRD0043,851,456,373,934,R2,1.91,0
2023-06-11,STR001,PRD0160,206,187,294,99,R2,3.85,1
2023-10-01,STR025,PRD0063,257,129,97,289,R4,2.07,0
2023-10-01,STR002,PRD0043,454,201,250,405,R2,2.92,0
2023-12-17,STR034,PRD0069,761,112,180,693,R4,1.2,0
2023-04-16,STR022,PRD0091,822,156,530,448,R3,0.84,0
2023-05-07,STR005,PRD0018,806,441,434,813,R1,3.88,0
2024-09-15,STR042,PRD0110,654,383,325,712,R3,0.61,0
2023-05-21,STR045,PRD0012,825,141,445,521,R4,1.32,0
2023-05-28,STR008,PRD0109,666,409,273,802,R2,4.81,0
2023-08-20,STR037,PRD0079,203,356,528,31,R1,3.12,1
2023-02-12,STR007,PRD0139,157,330,344,143,R5,2.83,0
2024-09-01,STR044,PRD0031,362,340,58,644,R5,1.37,0
2024-04-28,STR010,PRD0015,215,105,66,254,R1,4.03,0
2023-04-30,STR026,PRD0068,484,40,334,190,R3,1.26,0
2023-07-02,STR038,PRD0087,219,402,294,327,R3,4.95,0
2024-05-19,STR028,PRD0121,375,408,422,361,R3,2.25,0
2024-05-12,STR043,PRD0006,244,250,324,170,R1,4.3,0
2023-07-16,STR005,PRD0060,660,235,125,770,R1,2.69,0
2024-08-18,STR044,PRD0078,312,43,151,204,R5,1.24,0
2024-10-27,STR012,PRD0016,243,494,482,255,R4,4.71,0
2024-01-28,STR007,PRD0053,232,55,232,55,R5,0.13,1
2023-10-08,STR021,PRD0009,130,113,42,201,R3,2.72,0
2023-03-05,STR046,PRD0075,790,9,266,533,R3,0.41,0
2024-11-17,STR031,PRD0097,131,399,246,284,R5,2.12,0
2023-05-14,STR026,PRD0115,859,217,313,763,R3,4.4,0
2024-12-01,STR033,PRD0013,835,32,52,815,R1,2.5,0
2023-01-01,STR022,PRD0023,989,24,256,757,R3,4.23,0
2024-12-08,STR036,PRD0072,175,131,52,254,R3,4.85,0
2024-12-22,STR019,PRD0105,586,473,81,978,R3,2.52,0
2023-08-06,STR034,PRD0066,262,65,126,201,R4,4.33,0
2024-05-19,STR013,PRD0017,835,70,205,700,R2,1.56,0
2023-08-20,STR014,PRD0100,140,358,212,286,R5,0.04,0
2023-12-03,STR017,PRD0048,292,202,170,324,R2,2.6,0
2024-04-14,STR043,PRD0038,538,239,340,437,R1,4.75,0
2024-03-24,STR036,PRD0129,783,96,415,464,R3,3.11,0
2024-08-25,STR019,PRD0091,880,75,15,940,R3,0.35,0
2023-08-27,STR007,PRD0028,234,456,243,447,R5,3.38,0
2024-04-28,STR022,PRD0038,609,242,107,744,R3,2.96,0
2024-07-21,STR013,PRD0018,693,486,102,1077,R2,0.24,0
2023-09-03,STR031,PRD0003,137,273,65,345,R5,1.84,0
2023-06-04,STR028,PRD0133,717,437,255,899,R3,4.8,0
2024-04-07,STR043,PRD0113,490,242,452,280,R1,2.25,0
2024-10-13,STR012,PRD0133,960,463,219,1204,R4,3.43,0
2024-08-11,STR006,PRD0079,993,90,192,891,R2,0.98,0
2023-08-20,STR017,PRD0051,240,379,407,212,R2,1.21,0
2024-02-04,STR034,PRD0093,115,284,183,216,R4,2.62,0
2023-11-12,STR020,PRD0141,896,56,475,477,R3,1.21,0
2024-12-15,STR032,PRD0123,207,384,201,390,R2,1.85,0
2024-12-15,STR027,PRD0033,131,223,104,250,R1,2.74,0
2024-11-24,STR023,PRD0105,306,142,31,417,R5,0.17,0
2024-12-29,STR004,PRD0136,831,233,77,987,R4,4.89,0
2024-12-01,STR015,PRD0102,470,338,398,410,R5,0.05,0
2024-09-08,STR031,PRD0145,111,342,233,220,R5,2.56,0
2024-09-22,STR017,PRD0015,243,73,87,229,R2,0.46,0
2024-09-22,STR023,PRD0055,279,255,186,348,R5,1.51,0
2024-07-14,STR027,PRD0084,312,336,259,389,R1,4.79,0
2023-11-19,STR039,PRD0082,719,348,177,890,R5,2.9,0
2024-12-29,STR046,PRD0032,694,75,175,594,R3,2.96,0
2023-08-06,STR019,PRD0099,382,376,460,298,R3,0.17,0
2024-06-30,STR015,PRD0009,556,436,116,876,R5,4.59,0
2024-04-14,STR015,PRD0026,174,420,49,545,R5,4.1,0
2024-10-13,STR050,PRD0019,762,446,254,954,R2,4.27,0
2023-01-29,STR017,PRD0046,144,106,116,134,R2,0.93,0
2023-03-26,STR001,PRD0150,332,185,27,490,R2,1.65,0
2023-10-08,STR022,PRD0058,899,98,557,440,R3,3.89,0
2024-03-10,STR028,PRD0141,182,342,13,511,R3,4.4,0
2023-03-12,STR025,PRD0081,724,46,137,633,R4,0.05,0
2024-07-21,STR048,PRD0043,284,181,383,82,R2,1.54,1
2023-10-08,STR001,PRD0141,219,422,115,526,R2,1.71,0
2023-12-03,STR017,PRD0099,391,134,96,429,R2,1.6,0
2023-07-16,STR022,PRD0012,680,479,324,835,R3,1.2,0
2024-03-31,STR005,PRD0074,338,300,276,362,R1,4.51,0
2023-04-30,STR024,PRD0097,534,44,360,218,R5,3.99,0
2024-01-28,STR046,PRD0109,628,97,315,410,R3,1.55,0
2023-10-08,STR004,PRD0060,341,250,437,154,R4,1.01,0
2023-02-26,STR029,PRD0040,998,249,131,1116,R2,1.19,0
2024-11-10,STR007,PRD0001,799,420,34,1185,R5,3.54,0
2023-07-30,STR004,PRD0112,278,392,77,593,R4,0.91,0
2023-02-26,STR029,PRD0063,166,431,313,284,R2,0.72,0
2023-03-12,STR013,PRD0025,209,352,208,353,R2,1.94,0
2024-08-18,STR033,PRD0032,321,96,183,234,R1,5.0,0
2024-10-20,STR043,PRD0108,350,164,414,100,R1,3.91,0
2023-04-02,STR037,PRD0070,394,290,44,640,R1,0.79,0
2024-08-18,STR040,PRD0040,853,282,391,744,R2,4.32,0
2023-07-02,STR004,PRD0135,216,202,302,116,R4,4.93,0
2023-11-19,STR038,PRD0079,496,265,578,183,R3,4.59,0
2024-05-19,STR029,PRD0080,307,426,199,534,R2,0.21,0
2023-03-05,STR004,PRD0082,407,133,24,516,R4,4.63,0
2024-07-28,STR046,PRD0001,123,417,463,77,R3,1.53,1
2024-01-28,STR034,PRD0083,886,281,464,703,R4,4.85,0
2023-08-13,STR005,PRD0014,224,82,231,75,R1,4.39,1
2024-07-28,STR020,PRD0033,665,491,80,1076,R3,4.68,0
2023-02-26,STR029,PRD0106,360,234,440,154,R2,3.37,0
2023-01-22,STR002,PRD0062,451,202,440,213,R2,3.42,0
2023-07-02,STR014,PRD0014,198,273,109,362,R5,0.63,0
2024-12-08,STR022,PRD0070,546,144,490,200,R3,3.76,0
2023-11-05,STR017,PRD0096,279,393,463,209,R2,3.73,0
2023-01-01,STR037,PRD0006,638,36,181,493,R1,3.64,0
2024-04-21,STR006,PRD0149,757,495,511,741,R2,4.5,0
2024-05-12,STR045,PRD0034,589,412,373,628,R4,0.45,0
2024-08-04,STR017,PRD0044,890,288,293,885,R2,4.89,0
2023-02-05,STR036,PRD0001,444,489,558,375,R3,1.66,0
2023-05-07,STR007,PRD0026,266,276,375,167,R5,2.62,0
2024-03-31,STR014,PRD0064,799,250,238,811,R5,2.87,0
2024-03-03,STR017,PRD0154,780,424,162,1042,R2,4.08,0
2024-03-03,STR008,PRD0058,804,137,149,792,R2,2.19,0
2023-08-20,STR032,PRD0022,938,18,235,721,R2,2.21,0
2024-05-05,STR049,PRD0116,134,392,24,502,R3,4.47,0
2023-07-23,STR011,PRD0007,451,96,50,497,R4,0.34,0
2024-03-17,STR020,PRD0119,968,214,519,663,R3,1.49,0
2023-11-26,STR003,PRD0142,903,152,459,596,R3,1.05,0
2023-07-09,STR031,PRD0119,852,496,545,803,R5,1.49,0
2024-05-05,STR037,PRD0110,593,434,175,852,R1,4.57,0
2023-07-23,STR025,PRD0062,593,370,268,695,R4,1.8,0
2024-03-10,STR049,PRD0006,168,193,21,340,R3,4.69,0
2024-10-13,STR035,PRD0103,771,406,72,1105,R5,1.5,0
2023-02-26,STR001,PRD0128,928,386,582,732,R2,1.33,0
2023-10-08,STR007,PRD0019,217,57,156,118,R5,4.76,0
2024-11-24,STR021,PRD0104,480,310,550,240,R3,4.92,0
2024-02-11,STR005,PRD0158,382,11,304,89,R1,4.49,1
2024-12-22,STR028,PRD0009,574,472,341,705,R3,1.38,0
2024-07-07,STR029,PRD0041,442,384,424,402,R2,3.44,0
2024-04-28,STR005,PRD0120,170,436,129,477,R1,3.18,0
2023-12-24,STR031,PRD0055,273,468,348,393,R5,3.97,0
2024-06-09,STR035,PRD0123,567,107,539,135,R5,3.23,0
2023-03-26,STR034,PRD0137,895,55,106,844,R4,2.25,0
2024-02-18,STR036,PRD0142,392,342,171,563,R3,2.99,0
2024-09-22,STR012,PRD0039,231,155,234,152,R4,1.34,0
2023-10-22,STR033,PRD0020,615,88,210,493,R1,0.36,0
2023-09-24,STR047,PRD0042,224,312,332,204,R2,1.58,0
2023-12-10,STR035,PRD0026,246,182,166,262,R5,4.66,0
2023-03-12,STR011,PRD0025,517,25,378,164,R4,2.85,0
2023-07-02,STR024,PRD0064,363,22,146,239,R5,0.45,0
2023-01-01,STR020,PRD0086,237,2,69,170,R3,3.01,0
2024-09-15,STR022,PRD0153,179,308,419,68,R3,2.85,1
2023-08-13,STR038,PRD0051,736,84,34,786,R3,4.51,0
2024-09-15,STR020,PRD0123,860,200,427,633,R3,1.41,0
2024-03-31,STR025,PRD0011,340,5,329,16,R4,3.34,1
2023-08-06,STR027,PRD0041,991,124,193,922,R1,1.12,0
2024-08-04,STR047,PRD0033,319,91,139,271,R2,3.29,0
2024-09-15,STR002,PRD0140,994,458,92,1360,R2,3.74,0
2023-01-22,STR010,PRD0081,214,321,40,495,R1,3.38,0
2023-01-08,STR035,PRD0160,851,476,144,1183,R5,3.52,0
2023-10-29,STR006,PRD0084,168,381,409,140,R2,3.12,0
2023-04-16,STR022,PRD0056,477,118,356,239,R3,1.17,0
2023-08-13,STR046,PRD0066,604,5,255,354,R3,1.37,0
2023-09-24,STR024,PRD0100,577,110,508,179,R5,0.37,0
2023-10-29,STR014,PRD0159,832,336,443,725,R5,3.89,0
2024-07-14,STR038,PRD0134,309,97,95,311,R3,1.28,0
2023-07-02,STR020,PRD0145,375,30,129,276,R3,3.95,0
2023-09-03,STR010,PRD0133,457,66,246,277,R1,1.71,0
2023-01-01,STR033,PRD0133,486,157,516,127,R1,1.5,0
2024-10-27,STR050,PRD0023,208,347,132,423,R2,2.34,0
2023-04-16,STR025,PRD0005,125,470,130,465,R4,4.08,0
2023-10-15,STR026,PRD0118,967,491,578,880,R3,0.33,0
2024-04-14,STR037,PRD0097,625,283,431,477,R1,4.02,0
2024-01-28,STR046,PRD0048,879,447,53,1273,R3,3.31,0
2023-07-09,STR021,PRD0133,335,106,94,347,R3,2.05,0
2024-03-10,STR048,PRD0099,313,206,268,251,R2,0.43,0
2023-03-12,STR032,PRD0125,412,409,534,287,R2,1.08,0
2024-02-11,STR011,PRD0007,638,241,505,374,R4,3.75,0
2023-12-24,STR010,PRD0052,955,342,274,1023,R1,1.48,0
2024-06-16,STR045,PRD0034,984,360,367,977,R4,1.16,0
2024-07-21,STR037,PRD0148,684,393,185,892,R1,1.78,0
2023-10-29,STR019,PRD0028,378,98,79,397,R3,1.46,0
2023-02-26,STR026,PRD0079,821,135,561,395,R3,3.13,0
2023-06-18,STR024,PRD0087,566,241,119,688,R5,4.83,0
2023-01-29,STR009,PRD0045,837,8,209,636,R5,2.53,0
2023-01-15,STR003,PRD0127,519,373,203,689,R3,1.51,0
2023-11-19,STR025,PRD0006,147,183,210,120,R4,1.64,0
2024-01-28,STR020,PRD0043,724,388,129,983,R3,2.83,0
2023-12-17,STR045,PRD0099,999,321,203,1117,R4,2.53,0
2023-05-28,STR016,PRD0148,224,143,292,75,R2,1.36,1
2023-10-22,STR037,PRD0115,606,485,301,790,R1,1.49,0
2023-10-15,STR010,PRD0065,923,77,189,811,R1,0.12,0
2023-02-05,STR007,PRD0155,489,289,144,634,R5,0.54,0
2024-11-17,STR015,PRD0119,204,116,76,244,R5,4.14,0
2023-10-22,STR039,PRD0138,824,85,570,339,R5,2.47,0
2023-05-07,STR049,PRD0109,896,355,288,963,R3,1.32,0
2023-11-12,STR031,PRD0149,911,264,439,736,R5,2.83,0
2024-08-04,STR021,PRD0068,705,478,514,669,R3,0.31,0
2023-02-19,STR024,PRD0150,512,159,528,143,R5,4.66,0
2023-11-05,STR047,PRD0042,707,102,346,463,R2,1.0,0
2023-05-28,STR031,PRD0035,384,190,380,194,R5,1.83,0
2024-09-08,STR045,PRD0025,391,385,575,201,R4,3.79,0
2024-08-25,STR016,PRD0056,421,104,340,185,R2,0.05,0
2024-09-15,STR019,PRD0010,513,224,143,594,R3,1.85,0
2023-06-04,STR047,PRD0160,737,210,175,772,R2,1.41,0
2024-10-27,STR022,PRD0009,610,43,15,638,R3,4.01,0
2024-11-17,STR040,PRD0104,289,457,162,584,R2,0.09,0
2023-10-01,STR039,PRD0128,219,448,561,106,R5,3.49,0
2024-08-25,STR007,PRD0020,691,377,116,952,R5,2.78,0
2024-07-21,STR046,PRD0079,846,195,134,907,R3,4.29,0
2023-05-14,STR005,PRD0158,745,368,309,804,R1,4.46,0
2023-07-30,STR013,PRD0075,158,151,144,165,R2,2.48,0
2023-06-18,STR020,PRD0084,827,395,487,735,R3,1.75,0
2023-10-08,STR043,PRD0015,234,24,29,229,R1,0.8,0
2024-07-28,STR039,PRD0040,305,420,2,723,R5,1.6,0
2024-04-07,STR048,PRD0003,144,126,37,233,R2,0.66,0
2023-08-20,STR005,PRD0122,240,55,92,203,R1,2.4,0
2023-02-12,STR046,PRD0023,154,499,52,601,R3,3.25,0
2023-04-30,STR004,PRD0045,865,194,85,974,R4,1.89,0
2023-02-26,STR036,PRD0032,362,198,504,56,R3,0.49,1
2023-07-02,STR046,PRD0140,578,317,454,441,R3,1.49,0
2023-05-21,STR045,PRD0080,457,473,518,412,R4,4.7,0
2023-06-11,STR005,PRD0019,432,436,99,769,R1,3.37,0
2024-07-14,STR049,PRD0030,295,156,357,94,R3,1.57,1
2023-01-01,STR007,PRD0123,155,245,341,59,R5,1.73,1
2023-01-08,STR041,PRD0096,597,446,543,500,R5,4.5,0
2023-09-24,STR019,PRD0096,384,234,382,236,R3,1.11,0
2024-04-14,STR023,PRD0159,924,279,351,852,R5,2.97,0
2024-05-26,STR042,PRD0128,892,119,463,548,R3,4.91,0
2024-10-20,STR024,PRD0036,971,350,86,1235,R5,3.48,0
2023-10-22,STR007,PRD0050,872,268,195,945,R5,4.25,0
2023-11-26,STR007,PRD0041,404,495,588,311,R5,2.17,0
2023-04-30,STR017,PRD0105,478,338,291,525,R2,1.8,0
2024-09-08,STR011,PRD0069,139,415,550,4,R4,2.83,1
2024-07-14,STR030,PRD0124,750,439,400,789,R5,2.2,0
2023-05-28,STR011,PRD0076,581,25,20,586,R4,1.33,0
2024-03-24,STR003,PRD0024,301,34,258,77,R3,2.14,1
2024-03-24,STR029,PRD0155,302,52,127,227,R2,0.41,0
2024-05-12,STR034,PRD0042,165,496,432,229,R4,0.2,0
2023-07-23,STR021,PRD0081,544,77,553,68,R3,0.93,1
2023-04-02,STR002,PRD0140,811,305,362,754,R2,3.24,0
2024-08-11,STR032,PRD0134,492,196,299,389,R2,3.4,0
2023-03-19,STR022,PRD0098,557,303,253,607,R3,0.85,0
2023-07-30,STR041,PRD0101,114,256,13,357,R5,1.53,0
2024-11-17,STR028,PRD0026,686,216,344,558,R3,2.34,0
2024-03-24,STR025,PRD0020,577,149,359,367,R4,2.18,0
2023-07-23,STR046,PRD0030,262,493,462,293,R3,3.98,0
2023-07-16,STR046,PRD0032,155,246,54,347,R3,3.85,0
2024-09-08,STR001,PRD0092,191,115,303,3,R2,1.44,1
2024-03-31,STR034,PRD0025,917,405,61,1261,R4,1.91,0
2023-11-26,STR007,PRD0080,564,435,543,456,R5,0.23,0
2024-08-25,STR044,PRD0052,181,59,207,33,R5,1.2,1
2024-12-15,STR035,PRD0072,296,38,91,243,R5,0.99,0
2023-12-10,STR034,PRD0148,676,261,483,454,R4,2.8,0
2024-01-28,STR003,PRD0081,664,160,577,247,R3,0.34,0
2023-11-05,STR013,PRD0108,907,338,195,1050,R2,1.19,0
2024-05-19,STR009,PRD0139,372,282,213,441,R5,4.14,0
2024-05-19,STR043,PRD0096,816,372,355,833,R1,0.18,0
2024-03-03,STR002,PRD0002,876,232,569,539,R2,2.53,0
2023-04-09,STR010,PRD0021,890,84,332,642,R1,3.58,0
2023-03-05,STR001,PRD0092,722,97,118,701,R2,4.06,0
2024-09-08,STR023,PRD0029,640,496,376,760,R5,3.2,0
2024-10-13,STR030,PRD0148,731,189,82,838,R5,1.56,0
2023-04-02,STR031,PRD0002,872,491,535,828,R5,3.53,0
2023-03-26,STR040,PRD0139,977,90,208,859,R2,3.14,0
2024-09-29,STR048,PRD0103,430,57,199,288,R2,4.83,0
2023-10-29,STR031,PRD0151,483,469,18,934,R5,4.9,0
2023-06-11,STR034,PRD0035,900,273,496,677,R4,3.35,0
2024-01-28,STR015,PRD0095,449,356,210,595,R5,2.22,0
2023-09-03,STR050,PRD0145,611,92,252,451,R2,4.73,0
2023-11-12,STR023,PRD0044,973,439,572,840,R5,4.72,0
2023-01-22,STR049,PRD0132,483,277,171,589,R3,4.52,0
2024-06-02,STR004,PRD0112,449,202,491,160,R4,3.83,0
2024-02-11,STR037,PRD0079,574,65,267,372,R1,3.59,0
2023-07-09,STR037,PRD0082,875,328,336,867,R1,4.62,0
2024-06-30,STR016,PRD0004,934,157,202,889,R2,4.95,0
2024-08-11,STR016,PRD0073,369,405,292,482,R2,0.76,0
2024-08-11,STR032,PRD0075,375,402,305,472,R2,2.48,0
2023-11-05,STR024,PRD0121,651,229,286,594,R5,0.04,0
2023-04-23,STR026,PRD0018,417,455,472,400,R3,1.86,0
2023-06-18,STR048,PRD0067,839,149,293,695,R2,2.53,0
2023-01-22,STR026,PRD0143,219,62,60,221,R3,0.94,0
2023-06-11,STR022,PRD0018,103,87,56,134,R3,3.78,0
2023-08-06,STR020,PRD0010,152,414,450,116,R3,0.68,0
2024-04-21,STR035,PRD0081,712,215,486,441,R5,3.15,0
2024-11-03,STR034,PRD0121,299,497,273,523,R4,3.16,0
2024-08-11,STR026,PRD0016,498,473,131,840,R3,3.09,0
2024-05-05,STR003,PRD0077,874,221,156,939,R3,4.31,0
2024-05-12,STR047,PRD0064,928,162,221,869,R2,0.96,0
2023-07-23,STR042,PRD0009,399,339,211,527,R3,1.67,0
2024-09-29,STR011,PRD0132,348,462,586,224,R4,3.04,0
2024-12-15,STR050,PRD0127,967,500,311,1156,R2,0.45,0
2024-06-02,STR025,PRD0151,292,352,295,349,R4,4.91,0
2024-10-20,STR037,PRD0157,304,72,232,144,R1,2.07,0
2023-11-12,STR012,PRD0080,188,233,39,382,R4,1.6,0
2024-02-25,STR044,PRD0029,611,164,304,471,R5,1.85,0
2023-10-22,STR036,PRD0142,742,187,457,472,R3,1.65,0
2023-04-02,STR009,PRD0072,292,305,142,455,R5,2.48,0
2024-10-06,STR035,PRD0106,678,163,529,312,R5,0.21,0
2024-05-26,STR042,PRD0102,947,453,22,1378,R3,1.65,0
2023-10-29,STR045,PRD0157,321,156,328,149,R4,4.49,0
2023-12-31,STR003,PRD0052,436,343,41,738,R3,0.86,0
2024-03-17,STR045,PRD0114,176,119,26,269,R4,1.5,0
2023-07-30,STR010,PRD0098,936,383,434,885,R1,4.35,0
2024-08-11,STR011,PRD0072,934,195,523,606,R4,1.2,0
2024-09-22,STR048,PRD0084,930,150,519,561,R2,1.89,0
2023-12-03,STR050,PRD0076,855,19,156,718,R2,4.9,0
2023-04-02,STR028,PRD0036,578,452,317,713,R3,4.06,0
2023-11-12,STR045,PRD0020,345,83,332,96,R4,1.84,1
2023-01-29,STR009,PRD0108,373,133,7,499,R5,1.47,0
2024-04-14,STR038,PRD0045,147,226,317,56,R3,2.51,1
2023-02-26,STR029,PRD0130,945,478,501,922,R2,0.03,0
2024-10-20,STR025,PRD0041,144,406,170,380,R4,4.1,0
2024-06-30,STR049,PRD0118,755,6,170,591,R3,0.81,0
2024-06-23,STR014,PRD0135,929,15,525,419,R5,3.82,0
2024-06-02,STR043,PRD0080,259,98,353,4,R1,3.61,1
2024-12-01,STR049,PRD0022,337,92,18,411,R3,2.02,0
2023-07-16,STR013,PRD0075,814,452,192,1074,R2,1.14,0
2023-09-03,STR006,PRD0148,730,280,162,848,R2,2.43,0
2024-03-03,STR018,PRD0067,524,277,111,690,R5,3.23,0
2024-05-26,STR013,PRD0003,825,3,388,440,R2,1.26,0
2023-12-03,STR013,PRD0114,158,208,177,189,R2,2.3,0
2023-09-03,STR042,PRD0101,445,417,428,434,R3,0.88,0
2023-01-01,STR042,PRD0128,470,276,369,377,R3,4.17,0
2023-07-02,STR046,PRD0087,692,462,526,628,R3,3.14,0
2023-12-03,STR040,PRD0028,245,203,49,399,R2,3.96,0
2024-01-21,STR005,PRD0049,784,126,65,845,R1,3.31,0
2023-12-03,STR002,PRD0153,632,211,81,762,R2,4.37,0
2023-03-19,STR014,PRD0141,649,481,590,540,R5,1.27,0
2023-05-21,STR009,PRD0047,819,167,550,436,R5,1.18,0
2023-01-22,STR024,PRD0121,932,200,366,766,R5,3.42,0
2024-03-10,STR032,PRD0115,741,407,568,580,R2,0.88,0
2024-11-24,STR017,PRD0099,814,160,256,718,R2,1.98,0
2024-09-01,STR012,PRD0142,869,163,133,899,R4,3.97,0
2023-09-03,STR023,PRD0078,806,367,238,935,R5,1.42,0
2023-04-23,STR033,PRD0147,999,220,478,741,R1,4.43,0
2023-12-03,STR028,PRD0138,616,469,253,832,R3,2.65,0
2024-11-17,STR017,PRD0050,177,149,271,55,R2,4.59,1
2024-12-15,STR007,PRD0023,463,322,470,315,R5,0.6,0
2023-10-01,STR025,PRD0106,271,368,460,179,R4,2.73,0
2023-04-02,STR045,PRD0103,286,283,428,141,R4,0.75,0
2024-01-28,STR046,PRD0012,393,296,492,197,R3,4.82,0
2024-04-28,STR023,PRD0068,905,275,341,839,R5,3.0,0
2024-02-18,STR003,PRD0044,179,242,385,36,R3,4.13,1
2024-02-18,STR017,PRD0003,172,197,27,342,R2,3.39,0
2024-08-11,STR014,PRD0151,811,39,131,719,R5,2.55,0
2023-08-20,STR007,PRD0008,263,175,113,325,R5,3.23,0
2024-11-24,STR037,PRD0019,448,37,132,353,R1,1.57,0
2024-01-28,STR007,PRD0082,507,96,233,370,R5,3.16,0
2024-02-18,STR004,PRD0028,251,491,117,625,R4,1.88,0
2024-09-15,STR009,PRD0040,764,249,330,683,R5,0.12,0
2023-09-03,STR002,PRD0112,408,31,91,348,R2,1.94,0
2024-07-21,STR014,PRD0146,682,93,542,233,R5,3.8,0
2023-09-10,STR011,PRD0012,485,325,38,772,R4,2.62,0
2024-12-22,STR031,PRD0129,269,162,280,151,R5,1.53,0
2024-02-04,STR011,PRD0062,494,415,588,321,R4,4.26,0
2024-07-28,STR047,PRD0079,443,54,407,90,R2,2.88,1
2024-11-10,STR042,PRD0014,123,240,9,354,R3,1.52,0
2024-01-14,STR023,PRD0031,140,379,264,255,R5,2.96,0
2024-12-08,STR011,PRD0019,846,371,99,1118,R4,0.96,0
2024-12-29,STR026,PRD0071,108,205,124,189,R3,0.13,0
2024-12-22,STR005,PRD0084,913,194,291,816,R1,1.64,0
2023-09-17,STR047,PRD0023,185,318,296,207,R2,4.27,0
2024-08-04,STR038,PRD0138,442,232,175,499,R3,0.77,0
2023-02-05,STR036,PRD0093,686,372,600,458,R3,3.42,0
2024-05-26,STR043,PRD0137,686,207,590,303,R1,1.75,0
2024-09-15,STR004,PRD0042,833,197,211,819,R4,4.05,0
2023-05-07,STR043,PRD0014,829,282,10,1101,R1,0.38,0
2023-09-10,STR048,PRD0016,383,19,388,14,R2,4.49,1
2023-05-28,STR005,PRD0071,638,430,151,917,R1,3.17,0
2024-04-07,STR022,PRD0041,497,59,215,341,R3,3.79,0
2023-01-08,STR034,PRD0033,977,328,62,1243,R4,0.17,0
2024-02-04,STR019,PRD0122,326,127,359,94,R3,4.63,1
2023-03-26,STR040,PRD0090,424,368,488,304,R2,3.03,0
2023-09-17,STR023,PRD0104,423,347,268,502,R5,0.27,0
2023-10-22,STR008,PRD0135,542,459,122,879,R2,2.5,0
2024-03-17,STR004,PRD0013,159,291,111,339,R4,2.95,0
2024-07-28,STR033,PRD0007,637,467,390,714,R1,0.3,0
2023-05-07,STR013,PRD0048,845,286,10,1121,R2,2.42,0
2023-02-05,STR033,PRD0057,713,185,299,599,R1,3.39,0
2023-09-03,STR035,PRD0096,467,374,55,786,R5,2.06,0
2023-02-05,STR011,PRD0024,449,436,127,758,R4,3.28,0
2023-04-23,STR012,PRD0130,229,435,184,480,R4,3.12,0
2023-04-09,STR050,PRD0047,375,304,543,136,R2,2.29,0
2023-12-24,STR029,PRD0087,154,403,489,68,R2,0.68,1
2023-06-04,STR028,PRD0059,116,116,228,4,R3,3.2,1
2023-02-05,STR001,PRD0152,221,54,186,89,R2,4.94,1
2024-12-15,STR023,PRD0129,826,108,465,469,R5,0.34,0
2023-03-12,STR049,PRD0102,348,174,178,344,R3,3.4,0
2023-09-24,STR007,PRD0069,573,252,94,731,R5,0.28,0
2024-02-25,STR006,PRD0156,892,192,435,649,R2,0.31,0
2023-02-19,STR013,PRD0097,662,146,307,501,R2,2.78,0
2023-03-19,STR006,PRD0019,675,187,436,426,R2,1.21,0
2023-11-12,STR041,PRD0058,114,185,114,185,R5,4.18,0
2023-08-27,STR024,PRD0050,229,193,312,110,R5,2.66,0
2023-06-18,STR025,PRD0098,361,312,528,145,R4,3.09,0
2024-10-27,STR015,PRD0137,827,209,340,696,R5,2.87,0
2023-01-01,STR037,PRD0060,739,397,599,537,R1,0.86,0
2023-12-03,STR029,PRD0066,949,34,478,505,R2,1.51,0
2023-01-15,STR018,PRD0111,948,62,135,875,R5,0.32,0
2023-11-19,STR045,PRD0100,991,253,351,893,R4,1.34,0
2023-04-02,STR010,PRD0093,186,111,206,91,R1,2.91,1
2024-08-25,STR038,PRD0119,234,335,194,375,R3,1.47,0
2024-04-14,STR011,PRD0033,736,275,161,850,R4,0.79,0
2023-06-25,STR045,PRD0158,203,176,230,149,R4,4.88,0
2024-07-21,STR002,PRD0112,334,478,248,564,R2,2.87,0
2024-04-14,STR012,PRD0037,630,211,108,733,R4,3.15,0
2024-05-12,STR013,PRD0021,251,53,227,77,R2,3.45,1
2024-03-31,STR010,PRD0018,526,237,523,240,R1,3.73,0
2023-12-03,STR004,PRD0003,738,288,329,697,R4,1.85,0
2024-09-01,STR022,PRD0032,795,479,100,1174,R3,0.63,0
2024-01-14,STR048,PRD0013,749,386,307,828,R2,4.84,0
2023-07-16,STR012,PRD0027,135,39,153,21,R4,4.87,1
2024-07-28,STR010,PRD0144,503,415,14,904,R1,4.59,0
2023-05-21,STR041,PRD0044,712,416,41,1087,R5,1.19,0
2023-07-23,STR037,PRD0108,461,405,160,706,R1,2.17,0
2024-08-25,STR005,PRD0118,481,72,208,345,R1,0.7,0
2024-01-07,STR013,PRD0004,450,234,564,120,R2,3.46,0
2024-08-18,STR014,PRD0157,273,273,525,21,R5,0.37,1
2024-09-22,STR022,PRD0022,876,309,61,1124,R3,1.03,0
2023-11-19,STR047,PRD0051,381,246,147,480,R2,1.47,0
2024-09-01,STR040,PRD0101,238,146,23,361,R2,2.11,0
2023-02-19,STR030,PRD0158,582,184,113,653,R5,2.74,0
2023-10-22,STR015,PRD0009,565,306,504,367,R5,3.19,0
2024-02-04,STR026,PRD0072,724,325,158,891,R3,4.11,0
2024-06-09,STR030,PRD0119,716,33,576,173,R5,0.54,0
2023-01-01,STR025,PRD0146,166,58,16,208,R4,0.16,0
2023-07-09,STR040,PRD0044,189,95,89,195,R2,3.44,0
2024-03-17,STR025,PRD0011,655,57,254,458,R4,3.22,0
2023-07-30,STR025,PRD0049,449,484,321,612,R4,3.84,0
2023-02-19,STR041,PRD0059,761,379,327,813,R5,2.88,0
2023-03-05,STR044,PRD0001,267,362,521,108,R5,1.78,0
2024-09-08,STR032,PRD0098,696,44,122,618,R2,4.52,0
2024-02-04,STR034,PRD0021,307,99,13,393,R4,3.64,0
2023-04-30,STR028,PRD0082,200,370,165,405,R3,1.94,0
2023-12-03,STR036,PRD0025,992,360,31,1321,R3,3.73,0
2024-01-07,STR037,PRD0014,298,495,260,533,R1,0.45,0
2024-05-19,STR033,PRD0096,974,321,5,1290,R1,0.51,0
2023-01-22,STR013,PRD0148,983,319,372,930,R2,3.59,0
2024-07-14,STR049,PRD0103,152,245,24,373,R3,3.88,0
2024-01-07,STR025,PRD0116,329,99,275,153,R4,1.9,0
2024-03-03,STR041,PRD0114,334,208,291,251,R5,1.19,0
2023-01-29,STR013,PRD0141,345,147,405,87,R2,2.53,1
2024-07-28,STR017,PRD0044,485,481,243,723,R2,2.34,0
2023-01-08,STR041,PRD0088,181,448,13,616,R5,4.19,0
2023-07-30,STR016,PRD0149,949,96,201,844,R2,3.25,0
2024-09-01,STR018,PRD0013,687,414,383,718,R5,2.17,0
2024-03-10,STR033,PRD0088,499,147,355,291,R1,3.11,0
2023-06-04,STR018,PRD0050,693,372,166,899,R5,4.08,0
2023-08-20,STR039,PRD0005,977,232,27,1182,R5,3.12,0
2024-12-15,STR011,PRD0152,731,440,329,842,R4,1.8,0
2023-01-15,STR012,PRD0066,337,39,72,304,R4,2.04,0
2023-02-05,STR002,PRD0035,146,321,271,196,R2,2.79,0
2024-01-14,STR009,PRD0116,949,393,93,1249,R5,3.95,0
2023-10-15,STR043,PRD0044,104,92,112,84,R1,1.65,1
2023-08-13,STR027,PRD0120,704,115,17,802,R1,0.37,0
2023-07-23,STR030,PRD0028,426,5,156,275,R5,0.77,0
2023-09-10,STR039,PRD0153,532,156,468,220,R5,1.85,0
2024-03-03,STR047,PRD0111,379,114,380,113,R2,2.58,0
2023-03-12,STR047,PRD0010,479,470,169,780,R2,0.98,0
2023-09-17,STR026,PRD0013,762,102,33,831,R3,3.5,0
2024-04-07,STR017,PRD0099,891,211,437,665,R2,0.27,0
2023-01-01,STR020,PRD0051,486,164,318,332,R3,0.85,0
2023-05-14,STR025,PRD0155,952,21,363,610,R4,3.74,0
2023-01-08,STR027,PRD0127,103,25,105,23,R1,4.22,1
2024-08-25,STR008,PRD0074,190,462,562,90,R2,1.76,1
2023-01-29,STR041,PRD0048,838,408,585,661,R5,2.84,0
2023-05-07,STR001,PRD0136,291,192,74,409,R2,0.35,0
2024-03-03,STR021,PRD0019,989,339,263,1065,R3,3.17,0
2023-01-01,STR025,PRD0100,444,422,483,383,R4,4.77,0
2023-04-02,STR024,PRD0140,711,470,11,1170,R5,0.03,0
2024-09-08,STR035,PRD0148,201,15,36,180,R5,4.39,0
2024-12-08,STR042,PRD0141,234,202,78,358,R3,1.02,0
2023-06-18,STR039,PRD0071,286,368,69,585,R5,1.12,0
2024-10-06,STR041,PRD0055,597,316,330,583,R5,3.72,0
2024-03-24,STR035,PRD0097,623,183,561,245,R5,3.21,0
2023-03-19,STR018,PRD0056,278,277,8,547,R5,4.38,0
2023-07-02,STR037,PRD0033,397,477,152,722,R1,1.88,0
2023-09-03,STR043,PRD0126,593,82,517,158,R1,1.45,0
2023-01-08,STR025,PRD0076,961,370,567,764,R4,2.43,0
2024-09-15,STR016,PRD0127,476,41,210,307,R2,4.24,0
2023-02-26,STR021,PRD0013,679,52,86,645,R3,1.99,0
2023-02-26,STR043,PRD0083,444,258,164,538,R1,3.64,0
2024-09-29,STR030,PRD0139,767,123,131,759,R5,1.85,0
2024-11-10,STR024,PRD0063,867,323,240,950,R5,1.07,0
2023-09-24,STR013,PRD0108,191,166,26,331,R2,1.63,0
2023-07-23,STR043,PRD0033,879,495,283,1091,R1,1.3,0
2024-02-11,STR019,PRD0015,136,326,109,353,R3,0.83,0
2024-12-29,STR017,PRD0148,422,34,153,303,R2,4.64,0
2023-12-03,STR013,PRD0153,387,438,575,250,R2,4.51,0
2023-12-17,STR021,PRD0139,265,191,191,265,R3,2.57,0
2023-04-16,STR039,PRD0014,810,152,30,932,R5,3.34,0
2024-03-10,STR016,PRD0149,627,411,318,720,R2,3.61,0
2024-12-15,STR016,PRD0016,193,70,68,195,R2,3.87,0
2024-11-03,STR046,PRD0015,977,262,146,1093,R3,4.68,0
2023-03-26,STR026,PRD0140,780,198,472,506,R3,2.32,0
2024-08-04,STR026,PRD0140,158,173,225,106,R3,1.56,0
2023-11-26,STR008,PRD0020,179,125,13,291,R2,3.63,0
2023-06-11,STR028,PRD0105,822,98,456,464,R3,3.62,0
2024-03-03,STR028,PRD0079,979,239,309,909,R3,0.96,0
2023-06-25,STR026,PRD0032,597,48,412,233,R3,1.32,0
2024-08-25,STR025,PRD0061,785,416,185,1016,R4,0.46,0
2024-06-30,STR032,PRD0043,230,324,463,91,R2,3.01,1
2023-11-12,STR038,PRD0092,205,276,370,111,R3,2.46,0
2024-03-31,STR034,PRD0004,860,215,103,972,R4,0.22,0
2023-10-22,STR001,PRD0124,388,19,106,301,R2,4.54,0
2023-06-11,STR043,PRD0093,933,302,87,1148,R1,1.49,0
2023-07-02,STR018,PRD0137,698,435,372,761,R5,0.05,0
2023-03-12,STR037,PRD0060,227,266,330,163,R1,2.4,0
2024-01-14,STR025,PRD0036,769,331,366,734,R4,0.99,0
2023-03-26,STR050,PRD0107,717,441,206,952,R2,4.01,0
2024-06-09,STR009,PRD0004,808,473,305,976,R5,2.08,0
2024-04-14,STR036,PRD0056,521,40,149,412,R3,3.4,0
2023-02-26,STR048,PRD0078,267,447,249,465,R2,0.02,0
2024-11-10,STR017,PRD0057,810,165,392,583,R2,0.73,0
2023-10-08,STR042,PRD0069,287,50,75,262,R3,3.92,0
2023-05-07,STR043,PRD0121,293,211,301,203,R1,1.43,0
2024-04-07,STR043,PRD0086,150,156,176,130,R1,1.29,0
2024-03-10,STR035,PRD0124,408,370,360,418,R5,4.18,0
2023-01-29,STR032,PRD0101,918,180,231,867,R2,2.66,0
2024-06-09,STR034,PRD0002,496,140,562,74,R4,2.56,1
2023-06-18,STR039,PRD0133,743,84,168,659,R5,0.39,0
2024-06-23,STR023,PRD0090,150,161,141,170,R5,1.8,0
2024-09-22,STR033,PRD0150,660,50,557,153,R1,0.6,0
2023-10-01,STR025,PRD0136,359,113,237,235,R4,3.1,0
2024-04-21,STR022,PRD0003,632,227,139,720,R3,4.51,0
2023-10-22,STR007,PRD0043,949,426,102,1273,R5,3.76,0
2024-09-08,STR027,PRD0121,755,496,564,687,R1,0.06,0
2023-08-20,STR037,PRD0076,684,253,486,451,R1,2.44,0
2024-09-29,STR044,PRD0150,173,289,128,334,R5,4.42,0
2024-06-09,STR018,PRD0099,698,363,568,493,R5,1.24,0
2024-03-17,STR004,PRD0090,682,50,517,215,R4,4.05,0
2024-09-29,STR014,PRD0085,824,184,127,881,R5,1.88,0
2023-07-30,STR038,PRD0129,202,358,25,535,R3,3.6,0
2024-07-21,STR045,PRD0036,534,381,528,387,R4,1.92,0
2024-12-29,STR007,PRD0003,961,9,94,876,R5,2.71,0
2024-07-28,STR023,PRD0019,102,46,17,131,R5,4.01,0
2023-07-30,STR036,PRD0010,596,479,455,620,R3,4.58,0
2024-12-22,STR010,PRD0056,121,344,357,108,R1,3.09,0
2023-11-19,STR033,PRD0136,457,329,481,305,R1,3.74,0
2023-05-14,STR036,PRD0029,164,438,527,75,R3,2.97,1
2023-09-17,STR036,PRD0107,312,239,376,175,R3,2.97,0
2023-05-21,STR011,PRD0076,791,195,33,953,R4,2.36,0
2023-06-11,STR030,PRD0002,728,312,20,1020,R5,3.38,0
2024-03-24,STR022,PRD0006,571,297,350,518,R3,2.84,0
2024-06-16,STR006,PRD0052,297,221,218,300,R2,3.06,0
2023-10-22,STR048,PRD0109,318,404,217,505,R2,3.22,0
2023-05-14,STR032,PRD0053,151,29,12,168,R2,0.02,0
2024-03-31,STR049,PRD0032,714,334,267,781,R3,4.2,0
2023-12-24,STR043,PRD0020,922,172,310,784,R1,3.68,0
2023-01-08,STR031,PRD0159,724,332,390,666,R5,4.85,0
2024-07-28,STR039,PRD0124,167,147,138,176,R5,3.43,0
2024-08-04,STR044,PRD0093,602,44,291,355,R5,3.48,0
2024-11-17,STR017,PRD0147,710,458,588,580,R2,0.73,0
2024-09-29,STR037,PRD0012,580,228,534,274,R1,4.33,0
2024-11-03,STR021,PRD0024,799,38,15,822,R3,1.31,0
2024-11-10,STR023,PRD0080,274,55,87,242,R5,3.95,0
2024-04-07,STR024,PRD0142,346,380,339,387,R5,3.73,0
2024-03-31,STR048,PRD0014,214,479,201,492,R2,0.45,0
2024-06-09,STR013,PRD0061,591,311,406,496,R2,0.91,0
2023-01-08,STR025,PRD0095,614,405,0,1019,R4,2.08,0
2024-03-24,STR011,PRD0032,340,271,161,450,R4,3.24,0
2024-11-24,STR014,PRD0089,717,306,361,662,R5,3.68,0
2024-05-05,STR013,PRD0146,941,458,116,1283,R2,4.28,0
2023-08-13,STR019,PRD0030,552,367,462,457,R3,1.02,0
2024-05-26,STR022,PRD0031,464,102,74,492,R3,4.78,0
2023-11-12,STR022,PRD0147,392,308,392,308,R3,3.22,0
2024-02-04,STR030,PRD0133,175,403,132,446,R5,0.73,0
2024-06-30,STR043,PRD0136,346,89,359,76,R1,1.67,1
2024-07-14,STR036,PRD0152,649,451,460,640,R3,0.04,0
2023-11-05,STR028,PRD0064,944,196,300,840,R3,1.25,0
2024-03-31,STR029,PRD0040,238,163,336,65,R2,2.67,1
2023-07-23,STR043,PRD0109,716,133,355,494,R1,1.98,0
2023-12-03,STR039,PRD0084,229,99,16,312,R5,1.35,0
2023-07-16,STR013,PRD0112,586,392,176,802,R2,3.29,0
2023-05-14,STR030,PRD0079,492,334,392,434,R5,0.74,0
2023-04-09,STR042,PRD0013,964,249,537,676,R3,2.94,0
2024-03-10,STR024,PRD0056,756,80,492,344,R5,3.93,0
2024-12-15,STR027,PRD0053,204,230,152,282,R1,4.74,0
2023-06-04,STR038,PRD0130,761,156,139,778,R3,4.33,0
2023-06-11,STR001,PRD0098,202,149,273,78,R2,2.24,1
2024-12-15,STR013,PRD0019,269,455,28,696,R2,2.12,0
2024-04-28,STR001,PRD0142,325,36,179,182,R2,1.7,0
2024-05-26,STR042,PRD0081,255,386,364,277,R3,2.45,0
2024-07-28,STR007,PRD0083,770,254,523,501,R5,1.37,0
2024-10-06,STR023,PRD0042,233,387,437,183,R5,2.83,0
2024-11-03,STR018,PRD0159,479,336,450,365,R5,3.79,0
2023-04-02,STR001,PRD0089,202,41,81,162,R2,4.29,0
2024-03-03,STR045,PRD0087,354,256,120,490,R4,4.61,0
2023-12-03,STR002,PRD0051,592,188,262,518,R2,0.19,0
2023-11-19,STR034,PRD0065,769,31,413,387,R4,2.17,0
2023-12-17,STR007,PRD0058,742,186,293,635,R5,2.38,0
2024-06-16,STR002,PRD0073,773,203,475,501,R2,1.21,0
2023-04-23,STR033,PRD0007,403,316,217,502,R1,0.44,0
2023-04-02,STR025,PRD0154,632,51,222,461,R4,1.7,0
2024-07-14,STR026,PRD0112,197,430,499,128,R3,2.41,0
2024-06-09,STR004,PRD0043,767,7,344,430,R4,3.24,0
2024-06-16,STR009,PRD0131,757,365,355,767,R5,4.69,0
2023-10-01,STR017,PRD0009,451,6,150,307,R2,3.29,0
2023-03-26,STR018,PRD0152,152,440,392,200,R5,2.96,0
2024-02-04,STR033,PRD0124,506,157,108,555,R1,0.37,0
2024-02-04,STR017,PRD0062,832,204,378,658,R2,4.63,0
2023-03-12,STR013,PRD0090,486,56,394,148,R2,4.02,0
2023-09-03,STR016,PRD0064,103,100,93,110,R2,2.42,0
2023-04-23,STR023,PRD0147,515,34,284,265,R5,2.44,0
2023-05-14,STR017,PRD0063,245,300,169,376,R2,0.97,0
2024-12-22,STR029,PRD0021,472,477,387,562,R2,1.6,0
2023-11-19,STR032,PRD0128,261,161,273,149,R2,0.51,0
2023-09-10,STR045,PRD0120,994,244,307,931,R4,0.9,0
2024-05-19,STR015,PRD0125,830,113,257,686,R5,2.29,0
2024-06-23,STR037,PRD0019,749,190,274,665,R1,0.15,0
2024-08-25,STR038,PRD0084,424,25,239,210,R3,1.23,0
2023-10-29,STR048,PRD0050,531,70,122,479,R2,2.42,0
2023-04-23,STR033,PRD0111,503,144,102,545,R1,3.39,0
2024-05-19,STR015,PRD0094,832,374,454,752,R5,5.0,0
2024-07-14,STR032,PRD0078,415,327,256,486,R2,0.99,0
2024-12-01,STR031,PRD0132,451,111,19,543,R5,4.08,0
2023-01-22,STR010,PRD0098,728,339,96,971,R1,4.35,0
2023-04-09,STR021,PRD0160,691,219,276,634,R3,3.67,0
2024-07-14,STR041,PRD0090,770,37,450,357,R5,0.1,0
2023-03-05,STR039,PRD0052,967,191,407,751,R5,2.3,0
2023-10-15,STR021,PRD0143,591,336,254,673,R3,4.84,0
2023-12-03,STR035,PRD0046,271,9,257,23,R5,3.5,1
2023-06-04,STR005,PRD0009,619,492,553,558,R1,4.07,0
2024-12-29,STR023,PRD0076,704,10,570,144,R5,1.94,0
2023-10-01,STR042,PRD0008,295,3,159,139,R3,0.39,0
2023-01-15,STR050,PRD0147,272,320,84,508,R2,0.45,0
2024-04-21,STR040,PRD0049,556,62,33,585,R2,3.85,0
2023-03-05,STR034,PRD0077,678,282,83,877,R4,3.59,0
2024-01-14,STR007,PRD0142,466,85,255,296,R5,4.81,0
2024-06-02,STR035,PRD0036,300,217,91,426,R5,4.32,0
2024-06-30,STR019,PRD0078,531,482,253,760,R3,2.84,0
2023-12-31,STR048,PRD0121,671,464,295,840,R2,2.61,0
2024-04-14,STR036,PRD0129,397,9,24,382,R3,0.95,0
2024-08-04,STR030,PRD0125,241,352,79,514,R5,3.67,0
2024-04-21,STR026,PRD0125,898,478,387,989,R3,3.69,0
2024-09-15,STR049,PRD0021,526,407,57,876,R3,0.42,0
2023-01-29,STR023,PRD0113,493,365,10,848,R5,3.69,0
2023-12-31,STR011,PRD0076,759,159,113,805,R4,1.52,0
2024-01-28,STR007,PRD0131,940,351,15,1276,R5,3.04,0
2024-12-29,STR019,PRD0157,217,416,412,221,R3,3.39,0
2023-03-05,STR022,PRD0159,113,110,64,159,R3,2.48,0
2023-02-26,STR049,PRD0041,290,133,71,352,R3,1.99,0
2024-08-04,STR049,PRD0040,659,296,239,716,R3,2.12,0
2023-01-08,STR049,PRD0146,452,316,541,227,R3,2.74,0
2024-01-14,STR024,PRD0071,644,470,490,624,R5,3.57,0
2024-01-21,STR045,PRD0009,493,213,525,181,R4,0.95,0
2024-11-24,STR014,PRD0042,122,15,116,21,R5,4.0,1
2024-03-24,STR004,PRD0090,625,133,469,289,R4,4.21,0
2024-04-14,STR041,PRD0016,791,294,390,695,R5,3.98,0
2023-07-09,STR025,PRD0018,425,67,280,212,R4,3.26,0
2023-01-29,STR028,PRD0044,461,440,266,635,R3,2.04,0
2023-12-10,STR049,PRD0160,846,372,179,1039,R3,4.29,0
2023-01-08,STR017,PRD0006,435,144,148,431,R2,2.12,0
2023-04-02,STR001,PRD0058,729,16,165,580,R2,1.75,0
2023-07-30,STR050,PRD0076,679,441,235,885,R2,1.97,0
2023-07-02,STR023,PRD0032,319,176,130,365,R5,0.61,0
2023-01-22,STR002,PRD0115,895,397,288,1004,R2,0.76,0
2023-10-15,STR041,PRD0132,252,36,61,227,R5,4.89,0
2024-08-11,STR046,PRD0104,635,20,70,585,R3,4.19,0
2024-08-04,STR036,PRD0014,118,408,179,347,R3,1.31,0
2023-07-30,STR028,PRD0097,302,176,171,307,R3,0.81,0
2023-02-19,STR032,PRD0032,309,200,229,280,R2,0.09,0
2024-09-29,STR011,PRD0041,956,103,108,951,R4,1.27,0
2023-07-02,STR017,PRD0160,454,337,179,612,R2,3.34,0
2024-10-13,STR006,PRD0018,194,58,24,228,R2,2.19,0
2023-06-11,STR035,PRD0154,823,39,524,338,R5,3.04,0
2024-01-14,STR002,PRD0043,761,445,597,609,R2,2.05,0
2024-08-04,STR019,PRD0115,261,182,216,227,R3,0.06,0
2023-04-30,STR016,PRD0075,936,318,392,862,R2,2.16,0
2024-11-24,STR026,PRD0077,895,30,89,836,R3,4.33,0
2024-04-14,STR033,PRD0055,430,191,585,36,R1,1.24,1
2024-06-16,STR001,PRD0035,617,178,392,403,R2,1.92,0
2023-05-07,STR012,PRD0139,239,213,321,131,R4,0.7,0
2023-12-24,STR031,PRD0062,376,177,417,136,R5,1.61,0
2024-06-30,STR018,PRD0148,927,405,140,1192,R5,0.49,0
2024-03-10,STR004,PRD0033,410,413,595,228,R4,2.47,0
2024-08-11,STR007,PRD0003,760,364,348,776,R5,2.71,0
2023-04-02,STR022,PRD0025,452,256,279,429,R3,3.53,0
2024-05-26,STR048,PRD0140,779,490,3,1266,R2,1.01,0
2023-03-05,STR031,PRD0152,424,175,253,346,R5,2.47,0
2023-01-01,STR014,PRD0022,936,497,50,1383,R5,2.39,0
2024-07-07,STR022,PRD0054,302,458,422,338,R3,0.49,0
2023-12-31,STR024,PRD0137,386,238,581,43,R5,3.84,1
2023-07-23,STR014,PRD0144,128,478,229,377,R5,3.57,0
2024-08-11,STR019,PRD0037,971,208,0,1179,R3,2.72,0
2023-06-04,STR012,PRD0074,261,3,47,217,R4,1.81,0
2024-02-18,STR022,PRD0012,102,449,42,509,R3,3.23,0
2024-08-25,STR031,PRD0145,306,104,321,89,R5,3.67,1
2024-03-24,STR019,PRD0051,972,392,235,1129,R3,3.8,0
2024-04-21,STR037,PRD0156,467,297,19,745,R1,3.8,0
2024-05-05,STR016,PRD0063,888,44,594,338,R2,4.19,0
2023-09-17,STR018,PRD0003,449,289,550,188,R5,3.07,0
2023-10-08,STR021,PRD0048,493,91,330,254,R3,3.3,0
2024-01-28,STR040,PRD0026,519,419,76,862,R2,4.24,0
2023-05-07,STR018,PRD0090,156,120,141,135,R5,0.88,0
2024-10-20,STR004,PRD0059,210,365,235,340,R4,0.73,0
2024-07-28,STR035,PRD0159,694,497,42,1149,R5,3.46,0
2023-11-05,STR036,PRD0039,710,8,423,295,R3,4.42,0
2023-11-05,STR023,PRD0056,184,363,518,29,R5,4.13,1
2024-09-01,STR022,PRD0131,954,247,315,886,R3,3.22,0
2023-04-02,STR032,PRD0041,316,279,256,339,R2,3.26,0
2023-06-04,STR013,PRD0066,748,124,317,555,R2,0.75,0
2024-02-25,STR028,PRD0152,595,287,591,291,R3,3.57,0
2024-12-01,STR034,PRD0059,635,223,14,844,R4,2.41,0
2024-07-07,STR003,PRD0112,274,19,51,242,R3,3.84,0
2023-04-09,STR035,PRD0080,379,248,162,465,R5,4.64,0
2024-06-02,STR012,PRD0122,192,321,354,159,R4,3.17,0
2023-10-15,STR048,PRD0005,101,28,78,51,R2,3.6,1
2024-07-07,STR035,PRD0001,946,246,318,874,R5,2.65,0
2024-06-09,STR023,PRD0063,642,211,151,702,R5,2.97,0
2023-12-24,STR043,PRD0057,183,260,115,328,R1,0.43,0
2023-03-26,STR033,PRD0086,585,375,492,468,R1,4.65,0
2023-06-04,STR002,PRD0130,796,272,356,712,R2,3.91,0
2023-01-08,STR001,PRD0104,454,316,32,738,R2,2.31,0
2023-02-26,STR019,PRD0048,182,462,263,381,R3,2.4,0
2024-12-15,STR042,PRD0078,412,491,199,704,R3,4.64,0
2024-02-25,STR025,PRD0070,381,22,253,150,R4,0.38,0
2023-05-07,STR014,PRD0103,426,480,429,477,R5,0.13,0
2023-11-12,STR047,PRD0047,218,394,405,207,R2,0.96,0
2024-09-01,STR017,PRD0112,296,452,518,230,R2,2.34,0
2023-07-16,STR003,PRD0037,363,302,285,380,R3,3.29,0
2023-10-22,STR002,PRD0094,316,39,89,266,R2,2.75,0
2023-04-30,STR018,PRD0055,970,384,564,790,R5,1.14,0
2023-11-12,STR002,PRD0012,871,477,111,1237,R2,0.6,0
2024-12-15,STR044,PRD0008,591,423,194,820,R5,1.42,0
2024-08-11,STR040,PRD0078,209,267,302,174,R2,1.47,0
2024-05-05,STR001,PRD0079,232,408,108,532,R2,0.3,0
2023-10-15,STR038,PRD0004,101,303,403,1,R3,2.44,1
2024-01-21,STR043,PRD0026,876,173,227,822,R1,0.76,0
2023-12-03,STR031,PRD0061,105,89,14,180,R5,0.5,0
2023-11-26,STR034,PRD0030,378,96,438,36,R4,0.47,1
2024-07-28,STR032,PRD0100,359,69,258,170,R2,0.1,0
2024-11-03,STR042,PRD0050,358,325,319,364,R3,2.68,0
2024-08-11,STR025,PRD0035,914,215,444,685,R4,4.03,0
2024-04-21,STR015,PRD0061,393,258,498,153,R5,2.9,0
2023-06-11,STR026,PRD0075,111,194,273,32,R3,0.96,1
2023-04-16,STR004,PRD0102,114,41,32,123,R4,0.87,0
2023-11-05,STR027,PRD0074,747,371,30,1088,R1,2.58,0
2023-05-07,STR019,PRD0099,636,54,74,616,R3,3.43,0
2024-01-14,STR030,PRD0007,599,451,156,894,R5,3.7,0
2023-02-12,STR047,PRD0132,371,341,142,570,R2,1.9,0
2024-11-03,STR046,PRD0023,125,43,10,158,R3,1.73,0
2024-10-06,STR048,PRD0157,796,107,600,303,R2,3.3,0
2023-10-15,STR045,PRD0050,231,3,130,104,R4,2.84,0
2024-06-16,STR014,PRD0006,443,301,207,537,R5,2.21,0
2023-03-12,STR043,PRD0134,606,34,455,185,R1,1.4,0
2024-01-28,STR024,PRD0088,678,115,500,293,R5,1.69,0
2024-06-02,STR037,PRD0159,964,274,30,1208,R1,4.45,0
2023-07-23,STR049,PRD0115,394,193,383,204,R3,0.65,0
2024-07-07,STR022,PRD0128,476,22,141,357,R3,3.55,0
2024-03-24,STR047,PRD0094,653,449,63,1039,R2,0.5,0
2023-02-19,STR031,PRD0059,105,457,13,549,R5,2.76,0
2023-11-19,STR044,PRD0035,395,371,275,491,R5,0.99,0
2024-09-29,STR029,PRD0012,607,78,462,223,R2,3.86,0
2023-01-22,STR030,PRD0024,159,467,345,281,R5,2.67,0
2023-04-16,STR039,PRD0045,512,473,499,486,R5,0.55,0
2023-05-28,STR030,PRD0137,131,38,129,40,R5,4.26,1
2023-03-26,STR017,PRD0077,196,310,453,53,R2,0.26,1
2023-10-08,STR044,PRD0073,783,73,417,439,R5,4.7,0
2024-11-17,STR003,PRD0054,744,73,193,624,R3,1.31,0
2024-04-28,STR023,PRD0045,545,443,24,964,R5,2.82,0
2024-05-05,STR021,PRD0101,475,351,517,309,R3,4.4,0
2024-07-14,STR014,PRD0147,158,168,233,93,R5,1.57,1
2024-04-14,STR024,PRD0032,896,33,522,407,R5,1.71,0
2024-09-29,STR028,PRD0006,408,21,2,427,R3,4.2,0
2023-02-12,STR033,PRD0067,415,439,559,295,R1,3.96,0
2023-07-09,STR002,PRD0063,287,253,457,83,R2,1.47,1
2023-06-11,STR025,PRD0061,541,470,563,448,R4,0.42,0
2024-01-28,STR008,PRD0142,311,172,33,450,R2,4.14,0
2023-05-07,STR009,PRD0026,422,24,96,350,R5,3.49,0
2023-01-01,STR025,PRD0036,543,324,490,377,R4,3.82,0
2024-03-03,STR015,PRD0131,256,186,222,220,R5,3.15,0
2023-10-15,STR044,PRD0002,499,185,373,311,R5,0.75,0
2024-02-11,STR034,PRD0108,418,469,159,728,R4,3.25,0
2023-03-12,STR041,PRD0080,430,459,11,878,R5,2.95,0
2024-12-08,STR031,PRD0122,276,298,175,399,R5,0.25,0
2024-02-18,STR021,PRD0004,130,400,528,2,R3,0.44,1
2023-01-15,STR049,PRD0066,464,487,86,865,R3,4.55,0
2023-07-09,STR032,PRD0006,518,362,400,480,R2,1.72,0
2023-03-19,STR048,PRD0110,899,93,586,406,R2,2.95,0
2024-02-04,STR045,PRD0093,397,51,360,88,R4,0.7,1
2024-06-23,STR002,PRD0077,420,326,254,492,R2,0.4,0
2023-01-29,STR046,PRD0142,145,263,254,154,R3,1.67,0
2023-02-05,STR025,PRD0094,459,242,54,647,R4,1.79,0
2023-12-31,STR017,PRD0043,961,286,442,805,R2,1.94,0
2023-04-16,STR011,PRD0133,745,174,66,853,R4,2.0,0
2024-06-30,STR029,PRD0046,900,78,110,868,R2,0.46,0
2023-08-13,STR011,PRD0144,386,40,381,45,R4,4.19,1
2023-01-29,STR033,PRD0127,819,440,571,688,R1,0.14,0
2023-05-14,STR025,PRD0136,238,248,382,104,R4,2.97,0
2024-12-29,STR018,PRD0083,689,407,109,987,R5,0.55,0
2024-04-14,STR034,PRD0146,409,135,97,447,R4,3.65,0
2023-06-04,STR026,PRD0129,594,422,66,950,R3,0.14,0
2024-06-23,STR040,PRD0158,878,333,159,1052,R2,1.29,0
2024-03-10,STR033,PRD0113,207,171,186,192,R1,4.37,0
2023-01-15,STR012,PRD0107,980,164,263,881,R4,0.72,0
2024-12-22,STR014,PRD0050,644,499,155,988,R5,3.07,0
2023-04-02,STR030,PRD0112,504,402,77,829,R5,1.89,0
2024-06-02,STR008,PRD0016,504,385,364,525,R2,2.13,0
2024-07-28,STR028,PRD0071,571,150,406,315,R3,1.92,0
2023-07-09,STR034,PRD0037,517,214,54,677,R4,3.51,0
2023-08-20,STR023,PRD0034,549,345,433,461,R5,2.04,0
2023-09-24,STR029,PRD0016,277,136,184,229,R2,1.5,0
2024-05-05,STR018,PRD0058,965,38,212,791,R5,4.99,0
2024-12-22,STR026,PRD0160,430,386,129,687,R3,1.82,0
2023-03-12,STR022,PRD0063,399,462,86,775,R3,3.64,0
2024-08-25,STR042,PRD0015,457,81,382,156,R3,2.44,0
2023-09-03,STR020,PRD0112,921,105,117,909,R3,2.73,0
2024-02-25,STR044,PRD0089,788,289,364,713,R5,0.19,0
2023-10-08,STR020,PRD0077,890,128,94,924,R3,1.76,0
2024-01-21,STR025,PRD0129,279,337,114,502,R4,2.82,0
2023-10-01,STR024,PRD0107,861,225,393,693,R5,2.82,0
2024-06-16,STR024,PRD0125,547,237,137,647,R5,4.71,0
2024-08-25,STR039,PRD0160,468,126,476,118,R5,1.18,0
2024-09-15,STR050,PRD0077,163,291,227,227,R2,3.2,0
2023-01-08,STR026,PRD0021,105,105,56,154,R3,3.1,0
2024-01-07,STR010,PRD0150,667,84,600,151,R1,5.0,0
2023-04-23,STR040,PRD0103,379,56,243,192,R2,4.12,0
2024-02-18,STR037,PRD0101,243,414,422,235,R1,2.12,0
2023-09-10,STR030,PRD0013,249,136,49,336,R5,1.8,0
2023-01-15,STR010,PRD0119,789,69,551,307,R1,3.32,0
2024-01-07,STR001,PRD0106,505,377,567,315,R2,4.17,0
2024-07-14,STR016,PRD0148,260,475,435,300,R2,0.1,0
2024-06-16,STR026,PRD0120,743,200,393,550,R3,4.41,0
2024-03-03,STR004,PRD0152,277,498,126,649,R4,0.68,0
2024-06-16,STR041,PRD0002,750,68,484,334,R5,4.76,0
2024-10-06,STR023,PRD0127,476,471,61,886,R5,3.51,0
2024-10-06,STR025,PRD0159,471,368,330,509,R4,0.71,0
2023-06-11,STR017,PRD0149,545,147,110,582,R2,4.35,0
2024-01-21,STR050,PRD0049,646,316,34,928,R2,2.38,0
2023-08-27,STR045,PRD0067,669,329,49,949,R4,1.24,0
2024-11-24,STR009,PRD0141,831,90,121,800,R5,4.75,0
2024-03-17,STR003,PRD0137,966,488,330,1124,R3,3.19,0
2024-02-04,STR033,PRD0087,327,118,281,164,R1,1.83,0
2023-02-26,STR050,PRD0158,857,418,434,841,R2,0.07,0
2024-07-14,STR028,PRD0053,380,159,116,423,R3,2.18,0
2023-04-02,STR031,PRD0013,723,481,446,758,R5,4.88,0
2024-01-14,STR015,PRD0001,229,378,206,401,R5,4.79,0
2023-08-27,STR017,PRD0066,238,361,294,305,R2,4.57,0
2024-01-14,STR046,PRD0027,128,205,214,119,R3,4.22,0
2024-11-03,STR017,PRD0155,518,329,377,470,R2,1.08,0
2023-07-30,STR002,PRD0016,292,40,16,316,R2,3.16,0
2024-03-31,STR036,PRD0137,706,439,191,954,R3,0.19,0
2024-09-29,STR041,PRD0132,875,420,313,982,R5,3.21,0
2023-05-14,STR015,PRD0047,658,279,349,588,R5,2.47,0
2023-10-15,STR004,PRD0055,905,458,162,1201,R4,4.33,0
2024-05-05,STR005,PRD0113,345,34,306,73,R1,1.44,1
2023-06-25,STR014,PRD0066,904,500,404,1000,R5,4.99,0
2024-05-05,STR038,PRD0071,981,120,51,1050,R3,0.78,0
2024-06-16,STR020,PRD0139,911,80,91,900,R3,3.25,0
2024-12-08,STR010,PRD0127,601,279,98,782,R1,4.24,0
2023-08-27,STR045,PRD0153,707,66,131,642,R4,3.68,0
2024-02-25,STR018,PRD0016,749,383,252,880,R5,3.18,0
2023-04-23,STR030,PRD0114,253,58,17,294,R5,2.23,0
2023-01-08,STR006,PRD0078,828,361,536,653,R2,3.9,0
2024-08-11,STR045,PRD0092,582,57,15,624,R4,3.56,0
2024-07-14,STR049,PRD0160,890,122,265,747,R3,0.5,0
2023-10-01,STR008,PRD0081,214,32,64,182,R2,2.61,0
2023-02-05,STR014,PRD0024,490,168,460,198,R5,4.01,0
2024-12-22,STR014,PRD0128,564,19,310,273,R5,3.19,0
2024-09-29,STR039,PRD0081,361,129,476,14,R5,3.92,1
2023-02-26,STR006,PRD0155,803,294,239,858,R2,3.19,0
2023-06-11,STR046,PRD0074,248,288,427,109,R3,0.66,0
2023-09-24,STR037,PRD0040,287,290,367,210,R1,0.24,0
2024-10-27,STR022,PRD0151,953,312,462,803,R3,1.75,0
2024-09-01,STR006,PRD0103,502,433,37,898,R2,1.77,0
2023-01-15,STR011,PRD0004,246,32,125,153,R4,1.38,0
2023-01-15,STR026,PRD0028,558,105,73,590,R3,1.49,0
2023-06-25,STR034,PRD0093,932,271,249,954,R4,3.95,0
2023-04-23,STR016,PRD0049,649,363,448,564,R2,2.89,0
2023-04-02,STR023,PRD0130,334,312,66,580,R5,0.2,0
2023-06-18,STR004,PRD0063,768,340,361,747,R4,2.55,0
2023-01-01,STR035,PRD0049,652,323,54,921,R5,4.99,0
2024-09-01,STR048,PRD0106,772,326,362,736,R2,4.91,0
2023-03-19,STR015,PRD0102,576,165,236,505,R5,1.37,0
2024-04-21,STR050,PRD0146,891,193,172,912,R2,0.55,0
2024-03-03,STR038,PRD0039,561,9,432,138,R3,4.64,0
2024-06-16,STR003,PRD0112,994,256,553,697,R3,1.29,0
2024-05-05,STR014,PRD0055,261,9,221,49,R5,3.08,1
2023-01-01,STR003,PRD0061,763,25,231,557,R3,1.39,0
2024-02-25,STR014,PRD0050,617,430,423,624,R5,4.16,0
2024-09-15,STR042,PRD0109,266,367,534,99,R3,3.06,1
2024-10-06,STR007,PRD0155,841,265,331,775,R5,3.45,0
2023-09-17,STR016,PRD0147,477,330,225,582,R2,1.71,0
2024-12-01,STR031,PRD0024,665,357,56,966,R5,1.96,0
2024-12-01,STR005,PRD0079,275,288,18,545,R1,3.93,0
2023-09-10,STR037,PRD0003,768,106,235,639,R1,0.52,0
2023-10-29,STR015,PRD0049,903,459,592,770,R5,1.61,0
2024-08-25,STR038,PRD0155,964,374,429,909,R3,3.26,0
2024-09-08,STR044,PRD0058,323,243,363,203,R5,1.27,0
2023-10-15,STR011,PRD0129,794,213,375,632,R4,4.55,0
2024-12-29,STR012,PRD0140,909,452,163,1198,R4,2.38,0
2024-03-17,STR020,PRD0073,991,34,307,718,R3,0.15,0
2023-11-12,STR001,PRD0005,474,97,302,269,R2,4.67,0
2023-10-01,STR013,PRD0064,215,196,337,74,R2,0.24,1
2024-07-28,STR044,PRD0053,209,218,81,346,R5,2.07,0
2024-03-31,STR039,PRD0023,901,490,173,1218,R5,2.3,0
2023-11-05,STR007,PRD0007,906,250,114,1042,R5,3.31,0
2024-10-27,STR043,PRD0125,482,469,322,629,R1,4.74,0
2024-08-18,STR048,PRD0034,697,418,231,884,R2,2.26,0
2024-12-01,STR006,PRD0049,121,91,3,209,R2,3.2,0
2024-01-14,STR049,PRD0061,440,308,284,464,R3,1.09,0
2024-08-11,STR028,PRD0091,887,355,285,957,R3,2.52,0
2024-03-31,STR041,PRD0136,448,114,389,173,R5,3.55,0
2023-10-08,STR030,PRD0117,656,104,108,652,R5,4.82,0
2024-06-09,STR034,PRD0006,995,229,193,1031,R4,0.37,0
2024-12-01,STR024,PRD0032,231,52,262,21,R5,0.66,1
2024-01-21,STR047,PRD0053,205,240,212,233,R2,3.48,0
2023-12-10,STR021,PRD0043,906,194,445,655,R3,0.33,0
2023-10-15,STR012,PRD0107,278,349,4,623,R4,4.05,0
2023-11-19,STR030,PRD0044,807,220,491,536,R5,2.97,0
2024-06-02,STR007,PRD0089,580,64,136,508,R5,4.4,0
2024-09-08,STR013,PRD0075,277,292,509,60,R2,3.06,1
2024-04-14,STR040,PRD0091,793,214,566,441,R2,4.17,0
2024-07-14,STR025,PRD0009,589,240,595,234,R4,4.11,0
2024-01-14,STR041,PRD0066,975,442,97,1320,R5,4.82,0
2024-11-17,STR017,PRD0105,586,481,495,572,R2,4.41,0
2023-10-01,STR041,PRD0011,647,64,86,625,R5,0.2,0
2023-01-15,STR015,PRD0139,994,354,447,901,R5,4.48,0
2024-11-17,STR001,PRD0030,804,192,469,527,R2,3.46,0
2024-06-30,STR040,PRD0073,607,56,159,504,R2,1.59,0
2024-03-03,STR027,PRD0028,855,439,238,1056,R1,1.9,0
2024-05-26,STR025,PRD0035,196,263,457,2,R4,2.41,1
2023-08-13,STR028,PRD0131,153,34,90,97,R3,2.45,1
2023-01-15,STR015,PRD0143,546,37,428,155,R5,4.5,0
2024-11-10,STR027,PRD0048,920,280,116,1084,R1,3.1,0
2023-10-08,STR002,PRD0071,997,415,446,966,R2,4.61,0
2023-05-14,STR015,PRD0009,249,0,77,172,R5,2.14,0
2024-11-10,STR012,PRD0144,704,362,244,822,R4,1.84,0
2023-12-31,STR031,PRD0039,206,14,148,72,R5,4.36,1
2023-04-23,STR004,PRD0121,976,165,397,744,R4,3.11,0
2024-09-15,STR033,PRD0148,499,231,458,272,R1,2.03,0
2023-07-09,STR017,PRD0103,448,95,480,63,R2,1.12,1
2024-02-25,STR003,PRD0045,618,422,170,870,R3,2.27,0
2023-06-11,STR031,PRD0030,403,297,319,381,R5,0.29,0
2023-09-17,STR041,PRD0046,930,244,31,1143,R5,2.25,0
2024-06-09,STR050,PRD0145,187,341,245,283,R2,3.45,0
2023-01-15,STR001,PRD0017,551,417,213,755,R2,0.79,0
2024-10-20,STR012,PRD0006,397,79,349,127,R4,4.88,0
2024-09-08,STR043,PRD0152,137,351,235,253,R1,0.79,0
2024-07-21,STR010,PRD0129,415,167,315,267,R1,3.8,0
2023-10-29,STR010,PRD0036,861,179,134,906,R1,1.68,0
2024-02-18,STR025,PRD0088,898,415,484,829,R4,0.49,0
2024-12-08,STR048,PRD0084,407,346,492,261,R2,0.95,0
2023-04-02,STR046,PRD0002,378,251,542,87,R3,2.95,1
2023-02-26,STR039,PRD0034,168,210,347,31,R5,0.37,1
2024-05-26,STR020,PRD0008,836,457,244,1049,R3,1.37,0
2024-04-28,STR041,PRD0003,168,379,86,461,R5,1.12,0
2023-03-12,STR007,PRD0156,662,351,85,928,R5,3.12,0
2024-04-28,STR026,PRD0108,512,178,125,565,R3,2.9,0
2024-08-11,STR004,PRD0147,912,122,10,1024,R4,4.34,0
2023-11-19,STR027,PRD0080,570,441,138,873,R1,3.53,0
2024-06-09,STR042,PRD0117,315,248,427,136,R3,0.09,0
2023-05-07,STR047,PRD0079,615,67,215,467,R2,3.73,0
2023-03-12,STR043,PRD0102,681,180,80,781,R1,3.88,0
2023-08-13,STR019,PRD0025,715,216,287,644,R3,4.19,0
2024-12-15,STR028,PRD0092,448,59,48,459,R3,2.67,0
2024-03-17,STR046,PRD0034,885,415,353,947,R3,1.21,0
2023-08-06,STR023,PRD0160,735,78,197,616,R5,4.69,0
2024-10-27,STR007,PRD0074,434,65,265,234,R5,2.04,0
2023-04-30,STR032,PRD0037,528,235,432,331,R2,0.12,0
2024-02-25,STR019,PRD0040,863,248,190,921,R3,3.05,0
2024-04-07,STR006,PRD0062,146,148,8,286,R2,3.71,0
2023-07-16,STR008,PRD0118,724,302,407,619,R2,2.93,0
2023-08-27,STR006,PRD0106,303,340,145,498,R2,0.61,0
2023-01-22,STR003,PRD0017,822,345,478,689,R3,0.62,0
2024-07-07,STR033,PRD0138,293,61,333,21,R1,2.91,1
2023-01-29,STR020,PRD0057,994,432,490,936,R3,0.75,0
2023-04-02,STR024,PRD0080,737,310,460,587,R5,0.2,0
2023-02-19,STR015,PRD0058,853,4,377,480,R5,0.09,0
2024-01-21,STR005,PRD0121,683,263,451,495,R1,3.09,0
2024-12-08,STR003,PRD0146,461,439,262,638,R3,1.52,0
2023-03-12,STR002,PRD0125,172,5,91,86,R2,3.96,1
2024-01-21,STR015,PRD0096,237,113,197,153,R5,2.52,0
2023-06-25,STR015,PRD0110,491,351,83,759,R5,0.94,0
2023-07-23,STR037,PRD0064,167,58,96,129,R1,3.46,0
2023-07-02,STR047,PRD0099,845,283,436,692,R2,3.82,0
2024-12-29,STR036,PRD0136,208,183,317,74,R3,2.26,1
2024-01-07,STR035,PRD0085,860,82,69,873,R5,1.21,0
2023-02-19,STR041,PRD0147,667,492,121,1038,R5,0.01,0
2024-05-12,STR019,PRD0009,657,75,212,520,R3,3.64,0
2023-11-26,STR037,PRD0027,687,76,76,687,R1,3.22,0
2024-06-09,STR047,PRD0048,242,268,386,124,R2,0.15,0
2023-09-24,STR032,PRD0025,129,378,477,30,R2,3.16,1
2023-07-30,STR047,PRD0123,612,63,468,207,R2,0.45,0
2023-08-13,STR007,PRD0158,914,334,589,659,R5,1.81,0
2023-12-24,STR037,PRD0118,370,220,217,373,R1,3.57,0
2024-05-19,STR025,PRD0097,291,316,119,488,R4,3.39,0
2024-10-13,STR042,PRD0132,907,408,302,1013,R3,1.13,0
2023-06-04,STR004,PRD0052,129,324,393,60,R4,4.28,1
2023-06-11,STR048,PRD0065,723,31,113,641,R2,4.82,0
2024-02-18,STR027,PRD0010,805,169,376,598,R1,2.74,0
2023-09-10,STR015,PRD0143,793,413,485,721,R5,4.28,0
2023-12-10,STR027,PRD0028,152,473,336,289,R1,4.7,0
2024-03-17,STR020,PRD0095,370,356,274,452,R3,2.77,0
2024-10-13,STR034,PRD0126,426,86,222,290,R4,1.93,0
2024-07-28,STR008,PRD0078,820,374,333,861,R2,0.82,0
2023-07-30,STR046,PRD0154,178,307,75,410,R3,0.36,0
2024-01-07,STR026,PRD0066,142,121,46,217,R3,3.67,0
2024-02-04,STR034,PRD0053,918,381,419,880,R4,4.08,0
2023-01-15,STR010,PRD0060,737,419,512,644,R1,1.05,0
2024-03-31,STR031,PRD0049,331,495,400,426,R5,3.02,0
2023-04-02,STR020,PRD0088,879,322,292,909,R3,1.05,0
2023-07-09,STR016,PRD0078,114,225,290,49,R2,2.12,1
2024-01-14,STR010,PRD0078,716,451,138,1029,R1,3.44,0
2024-08-25,STR009,PRD0046,233,471,433,271,R5,2.89,0
2023-06-25,STR022,PRD0055,971,8,96,883,R3,3.99,0
2023-05-28,STR021,PRD0123,453,274,484,243,R3,4.12,0
2023-05-21,STR034,PRD0057,852,345,465,732,R4,1.35,0
2024-08-04,STR008,PRD0062,104,80,122,62,R2,0.38,1
2024-04-21,STR003,PRD0152,611,29,234,406,R3,0.2,0
2023-08-20,STR013,PRD0065,886,156,309,733,R2,2.34,0
2024-10-13,STR014,PRD0080,869,433,457,845,R5,4.48,0
2024-12-08,STR022,PRD0116,451,93,174,370,R3,4.31,0
2023-08-27,STR040,PRD0084,294,364,214,444,R2,3.3,0
2023-04-02,STR048,PRD0097,229,403,528,104,R2,4.03,0
2024-11-24,STR043,PRD0158,966,190,249,907,R1,2.97,0
2024-10-06,STR030,PRD0024,576,490,530,536,R5,1.93,0
2024-06-16,STR025,PRD0086,489,172,522,139,R4,0.66,0
2024-04-07,STR042,PRD0005,547,495,209,833,R3,4.09,0
2024-05-19,STR012,PRD0071,738,245,181,802,R4,2.09,0
2024-02-25,STR005,PRD0071,795,257,474,578,R1,2.6,0
2023-05-28,STR020,PRD0009,732,19,555,196,R3,1.32,0
2023-08-13,STR033,PRD0031,316,259,284,291,R1,1.0,0
2024-05-26,STR037,PRD0053,459,29,268,220,R1,1.39,0
2024-09-22,STR020,PRD0112,811,111,459,463,R3,1.76,0
2024-09-08,STR015,PRD0114,385,152,286,251,R5,0.31,0
2024-04-14,STR030,PRD0104,447,133,353,227,R5,1.72,0
2023-10-15,STR006,PRD0048,157,372,517,12,R2,4.59,1
2024-08-11,STR043,PRD0093,519,147,68,598,R1,3.83,0
2024-11-03,STR005,PRD0037,919,403,443,879,R1,1.23,0
2024-03-24,STR034,PRD0110,876,132,357,651,R4,0.92,0
2023-09-03,STR002,PRD0072,904,244,588,560,R2,3.36,0
2024-07-07,STR027,PRD0145,448,195,462,181,R1,0.67,0
2023-07-16,STR046,PRD0044,746,336,32,1050,R3,3.06,0
2023-05-28,STR026,PRD0003,343,479,465,357,R3,0.94,0
2023-01-15,STR038,PRD0135,179,191,156,214,R3,1.41,0
2023-11-19,STR022,PRD0150,440,307,174,573,R3,2.7,0
2024-06-16,STR036,PRD0158,442,162,189,415,R3,0.43,0
2024-09-29,STR032,PRD0043,486,67,365,188,R2,4.64,0
2024-07-28,STR034,PRD0155,857,395,378,874,R4,0.5,0
2023-03-12,STR015,PRD0140,472,48,144,376,R5,0.11,0
2023-01-08,STR048,PRD0012,630,458,424,664,R2,0.21,0
2024-06-23,STR034,PRD0017,436,112,221,327,R4,0.22,0
2023-06-18,STR037,PRD0118,566,319,187,698,R1,0.37,0
2023-06-25,STR031,PRD0135,119,192,120,191,R5,0.29,0
2023-12-17,STR006,PRD0123,693,374,191,876,R2,0.48,0
2024-01-14,STR011,PRD0038,633,276,190,719,R4,0.3,0
2024-11-03,STR004,PRD0149,777,178,227,728,R4,3.96,0
2024-07-14,STR050,PRD0129,311,104,392,23,R2,3.57,1
2023-08-06,STR009,PRD0070,752,450,553,649,R5,3.36,0
2023-09-17,STR033,PRD0025,531,460,246,745,R1,0.57,0
2023-05-14,STR009,PRD0112,211,307,244,274,R5,2.15,0
2024-05-05,STR044,PRD0015,287,346,498,135,R5,4.51,0
2023-07-09,STR002,PRD0122,937,201,179,959,R2,0.0,0
2023-03-26,STR026,PRD0099,977,347,108,1216,R3,4.27,0
2024-03-31,STR004,PRD0025,468,77,358,187,R4,2.04,0
2024-02-18,STR039,PRD0109,291,332,285,338,R5,4.3,0
2024-10-20,STR026,PRD0130,457,370,35,792,R3,0.77,0
2024-06-23,STR010,PRD0121,141,24,63,102,R1,1.71,0
2024-03-17,STR011,PRD0051,250,52,95,207,R4,2.89,0
2023-06-11,STR047,PRD0083,565,329,272,622,R2,4.54,0
2023-10-15,STR004,PRD0096,104,468,64,508,R4,3.06,0
2023-06-18,STR036,PRD0117,576,402,484,494,R3,3.6,0
2023-04-09,STR005,PRD0039,234,476,78,632,R1,0.67,0
2024-06-23,STR021,PRD0026,618,211,217,612,R3,1.44,0
2023-03-05,STR049,PRD0143,228,173,140,261,R3,2.14,0
2023-03-05,STR032,PRD0036,938,374,356,956,R2,4.72,0
2024-06-23,STR033,PRD0075,546,305,204,647,R1,2.78,0
2023-07-09,STR029,PRD0104,528,148,526,150,R2,1.53,0
2024-08-11,STR049,PRD0120,139,30,121,48,R3,3.51,1
2023-05-28,STR002,PRD0106,830,309,447,692,R2,1.92,0
2023-10-15,STR010,PRD0108,286,230,33,483,R1,2.2,0
2024-06-09,STR001,PRD0137,778,171,296,653,R2,4.92,0
2024-05-26,STR046,PRD0116,827,406,516,717,R3,3.26,0
2024-04-28,STR030,PRD0010,499,222,229,492,R5,3.12,0
2024-08-18,STR043,PRD0006,406,99,499,6,R1,2.23,1
2024-03-24,STR039,PRD0012,431,73,158,346,R5,0.25,0
2024-07-14,STR008,PRD0071,529,19,455,93,R2,1.1,1
2023-02-12,STR046,PRD0034,786,11,358,439,R3,1.39,0
2024-01-14,STR041,PRD0083,168,428,64,532,R5,1.63,0
2024-09-22,STR010,PRD0126,636,91,309,418,R1,0.32,0
2023-06-25,STR023,PRD0037,690,331,449,572,R5,3.95,0
2023-01-08,STR028,PRD0089,915,96,235,776,R3,2.7,0
2024-05-12,STR048,PRD0103,915,366,488,793,R2,3.45,0
2023-07-30,STR006,PRD0020,958,331,135,1154,R2,4.04,0
2024-10-20,STR009,PRD0081,208,272,84,396,R5,2.39,0
2023-05-21,STR016,PRD0096,151,395,62,484,R2,0.22,0
2024-06-30,STR032,PRD0057,978,351,585,744,R2,1.61,0
2024-01-14,STR002,PRD0142,315,413,419,309,R2,1.01,0
2024-08-25,STR048,PRD0047,621,26,83,564,R2,1.62,0
2024-12-08,STR028,PRD0120,384,27,297,114,R3,2.85,0
2024-03-10,STR011,PRD0120,910,193,105,998,R4,0.09,0
2024-02-04,STR036,PRD0112,912,36,594,354,R3,3.46,0
2024-07-14,STR048,PRD0054,472,398,72,798,R2,2.87,0
2023-01-08,STR021,PRD0050,839,23,188,674,R3,1.13,0
2024-06-02,STR048,PRD0115,305,52,130,227,R2,2.14,0
2024-03-10,STR050,PRD0059,236,321,404,153,R2,4.72,0
2024-02-04,STR003,PRD0136,225,312,516,21,R3,1.03,1
2023-09-10,STR046,PRD0046,532,336,483,385,R3,3.73,0
2023-02-19,STR024,PRD0085,903,423,144,1182,R5,3.57,0
2023-07-02,STR044,PRD0096,399,26,349,76,R5,2.73,1
2023-08-20,STR043,PRD0144,984,384,373,995,R1,0.31,0
2023-04-16,STR021,PRD0139,739,471,426,784,R3,0.11,0
2023-02-05,STR023,PRD0147,321,362,47,636,R5,4.87,0
2024-03-17,STR021,PRD0137,995,219,367,847,R3,3.85,0
2023-11-19,STR023,PRD0065,194,277,214,257,R5,3.79,0
2024-11-17,STR012,PRD0148,800,331,590,541,R4,3.07,0
2024-09-08,STR020,PRD0140,860,419,455,824,R3,1.86,0
2023-05-21,STR048,PRD0073,318,92,299,111,R2,1.64,0
2024-06-02,STR029,PRD0058,282,92,180,194,R2,4.37,0
2024-12-22,STR019,PRD0120,877,293,54,1116,R3,3.54,0
2024-12-29,STR014,PRD0071,792,40,369,463,R5,0.4,0
2024-10-20,STR002,PRD0024,433,208,527,114,R2,1.26,0
2023-04-23,STR011,PRD0005,120,12,69,63,R4,0.74,1
2024-06-30,STR021,PRD0100,457,462,168,751,R3,1.33,0
2023-02-19,STR021,PRD0037,759,168,553,374,R3,2.94,0
2024-09-29,STR038,PRD0107,794,481,322,953,R3,2.86,0
2024-01-28,STR038,PRD0039,344,470,219,595,R3,0.64,0
2023-07-02,STR019,PRD0094,543,219,444,318,R3,3.25,0
2023-07-16,STR042,PRD0148,864,498,598,764,R3,2.3,0
2024-02-18,STR037,PRD0051,801,12,327,486,R1,4.53,0
2024-03-31,STR029,PRD0054,290,339,190,439,R2,4.98,0
2024-02-11,STR022,PRD0110,760,389,31,1118,R3,3.64,0
2024-05-26,STR021,PRD0113,930,378,139,1169,R3,2.33,0
2023-07-02,STR050,PRD0146,744,170,489,425,R2,4.54,0
2024-12-08,STR048,PRD0036,757,499,329,927,R2,2.8,0
2024-12-08,STR003,PRD0098,986,269,117,1138,R3,0.12,0
2023-05-14,STR002,PRD0056,483,282,408,357,R2,4.4,0
2023-08-13,STR028,PRD0085,952,299,406,845,R3,2.35,0
2023-01-01,STR036,PRD0110,836,379,259,956,R3,3.6,0
2024-09-08,STR039,PRD0110,277,298,197,378,R5,4.26,0
2024-10-13,STR025,PRD0116,585,218,141,662,R4,3.97,0
2024-09-08,STR023,PRD0124,792,493,166,1119,R5,3.33,0
2023-01-15,STR019,PRD0084,832,19,73,778,R3,1.06,0
2023-10-08,STR048,PRD0117,910,39,402,547,R2,0.67,0
2024-09-08,STR031,PRD0038,189,261,12,438,R5,0.36,0
2023-09-10,STR019,PRD0127,332,62,335,59,R3,3.9,1
2024-06-16,STR018,PRD0150,382,159,391,150,R5,0.48,0
2023-12-10,STR027,PRD0069,422,194,363,253,R1,3.49,0
2024-03-24,STR023,PRD0012,674,39,84,629,R5,4.05,0
2023-01-01,STR004,PRD0074,687,495,17,1165,R4,1.57,0
2023-06-04,STR030,PRD0125,495,289,40,744,R5,1.23,0
2024-07-14,STR029,PRD0125,518,98,239,377,R2,2.66,0
2024-11-03,STR028,PRD0160,523,180,107,596,R3,1.36,0
2023-03-26,STR050,PRD0070,969,495,546,918,R2,3.39,0
2024-10-06,STR002,PRD0034,466,165,194,437,R2,2.19,0
2024-08-11,STR009,PRD0128,848,82,374,556,R5,2.92,0
2023-12-24,STR004,PRD0087,127,479,313,293,R4,4.47,0
2024-11-03,STR046,PRD0145,196,178,355,19,R3,3.01,1
2023-06-18,STR044,PRD0103,698,58,152,604,R5,0.64,0
2023-05-21,STR048,PRD0141,806,292,328,770,R2,3.94,0
2024-07-28,STR009,PRD0016,883,347,31,1199,R5,2.43,0
2023-07-23,STR006,PRD0027,662,139,64,737,R2,0.99,0
2024-10-13,STR036,PRD0052,884,206,294,796,R3,2.09,0
2023-10-01,STR001,PRD0160,418,339,269,488,R2,0.89,0
2024-07-14,STR034,PRD0023,316,460,181,595,R4,0.92,0
2023-09-10,STR008,PRD0069,945,280,166,1059,R2,4.28,0
2024-06-30,STR017,PRD0151,616,396,288,724,R2,2.48,0
2024-09-22,STR024,PRD0046,127,315,252,190,R5,1.87,0
2024-03-10,STR027,PRD0018,412,424,552,284,R1,0.93,0
2023-07-23,STR041,PRD0098,540,205,580,165,R5,0.81,0
2023-11-05,STR020,PRD0129,661,72,209,524,R3,1.32,0
2024-04-28,STR014,PRD0041,768,151,85,834,R5,4.14,0
2023-01-22,STR005,PRD0148,497,425,33,889,R1,3.05,0
2023-05-14,STR037,PRD0064,426,434,209,651,R1,2.42,0
2023-03-26,STR012,PRD0028,333,386,26,693,R4,2.66,0
2023-07-02,STR026,PRD0018,605,250,481,374,R3,3.67,0
2024-10-13,STR002,PRD0067,708,62,299,471,R2,2.65,0
2023-05-07,STR040,PRD0014,950,383,401,932,R2,2.5,0
2023-11-05,STR035,PRD0145,881,324,277,928,R5,3.36,0
2024-06-30,STR046,PRD0062,249,122,33,338,R3,2.82,0
2024-11-17,STR010,PRD0044,547,66,257,356,R1,1.68,0
2024-01-07,STR042,PRD0047,469,61,443,87,R3,2.09,1
2023-03-26,STR034,PRD0137,878,114,21,971,R4,2.86,0
2024-01-21,STR010,PRD0025,859,279,174,964,R1,2.9,0
2024-02-04,STR026,PRD0047,691,91,190,592,R3,1.98,0
2024-12-29,STR012,PRD0135,627,409,286,750,R4,0.95,0
2023-07-16,STR038,PRD0037,364,341,263,442,R3,1.1,0
2023-12-17,STR006,PRD0056,890,480,9,1361,R2,4.91,0
2023-07-23,STR003,PRD0007,568,239,65,742,R3,1.97,0
2023-06-18,STR028,PRD0044,993,109,557,545,R3,1.11,0
2024-07-14,STR015,PRD0076,992,157,41,1108,R5,2.02,0
2023-07-09,STR041,PRD0051,528,348,45,831,R5,3.36,0
2024-05-05,STR012,PRD0020,710,286,535,461,R4,0.21,0
2023-10-01,STR008,PRD0051,538,241,172,607,R2,4.0,0
2023-05-14,STR048,PRD0014,885,280,164,1001,R2,3.17,0
2024-01-28,STR005,PRD0036,717,142,356,503,R1,0.55,0
2023-09-10,STR042,PRD0160,805,23,1,827,R3,4.93,0
2024-07-14,STR050,PRD0045,151,172,98,225,R2,1.66,0
2023-10-08,STR026,PRD0100,191,488,262,417,R3,3.5,0
2023-08-20,STR023,PRD0024,625,191,273,543,R5,4.38,0
2024-02-25,STR021,PRD0138,231,385,75,541,R3,1.91,0
2024-02-11,STR004,PRD0004,464,268,435,297,R4,1.61,0
2024-03-03,STR007,PRD0086,568,262,147,683,R5,3.17,0
2024-06-23,STR023,PRD0063,899,135,49,985,R5,3.79,0
2024-03-10,STR049,PRD0022,961,217,431,747,R3,0.68,0
2023-02-19,STR028,PRD0092,943,457,77,1323,R3,0.69,0
2024-07-14,STR008,PRD0125,928,275,84,1119,R2,0.91,0
2023-12-10,STR003,PRD0083,619,236,131,724,R3,4.06,0
2023-03-26,STR005,PRD0053,757,353,513,597,R1,0.44,0
2023-06-25,STR004,PRD0059,317,255,178,394,R4,3.29,0
2023-08-06,STR024,PRD0040,494,75,17,552,R5,0.85,0
2024-06-09,STR034,PRD0095,186,49,163,72,R4,1.06,1
2024-08-04,STR034,PRD0112,657,500,51,1106,R4,4.58,0
2024-12-01,STR045,PRD0137,717,437,30,1124,R4,3.32,0
2023-02-05,STR002,PRD0012,120,425,167,378,R2,1.71,0
2024-01-28,STR035,PRD0100,901,63,278,686,R5,4.2,0
2024-03-24,STR017,PRD0014,105,300,405,0,R2,0.25,1
2023-08-27,STR021,PRD0098,989,371,98,1262,R3,0.49,0
2023-02-19,STR044,PRD0018,932,427,59,1300,R5,4.04,0
2023-02-26,STR002,PRD0077,234,104,6,332,R2,2.79,0
2023-09-17,STR046,PRD0021,547,32,51,528,R3,4.17,0
2024-09-29,STR045,PRD0033,819,371,88,1102,R4,2.13,0
2023-11-26,STR035,PRD0028,521,111,219,413,R5,3.59,0
2023-09-17,STR026,PRD0073,900,196,62,1034,R3,2.93,0
2023-05-07,STR047,PRD0049,900,347,310,937,R2,1.19,0
2023-09-10,STR021,PRD0149,476,124,124,476,R3,1.94,0
2023-06-04,STR002,PRD0024,302,251,396,157,R2,0.14,0
2023-12-24,STR005,PRD0002,332,392,90,634,R1,3.16,0
2023-03-19,STR035,PRD0125,409,462,581,290,R5,4.17,0
2023-09-10,STR040,PRD0042,324,55,207,172,R2,2.52,0
2023-06-04,STR043,PRD0079,873,224,357,740,R1,1.25,0
2023-02-19,STR048,PRD0117,894,31,584,341,R2,1.89,0
2023-07-09,STR018,PRD0122,578,267,537,308,R5,2.64,0
2024-12-08,STR040,PRD0094,841,52,388,505,R2,0.3,0
2024-02-25,STR012,PRD0140,939,457,217,1179,R4,1.69,0
2024-04-07,STR035,PRD0029,757,69,518,308,R5,0.59,0
2023-12-24,STR002,PRD0106,874,417,80,1211,R2,1.93,0
2024-03-03,STR041,PRD0085,554,349,269,634,R5,4.03,0
2023-09-24,STR024,PRD0038,767,129,226,670,R5,4.2,0
2023-09-10,STR022,PRD0012,260,193,332,121,R3,0.86,0
2023-11-19,STR008,PRD0023,542,14,38,518,R2,4.49,0
2024-05-19,STR049,PRD0044,638,87,78,647,R3,0.07,0
2024-04-07,STR032,PRD0050,106,359,23,442,R2,3.03,0
2024-06-16,STR019,PRD0054,751,499,198,1052,R3,0.43,0
2023-02-19,STR009,PRD0103,391,442,480,353,R5,0.16,0
2023-10-22,STR040,PRD0070,634,406,278,762,R2,1.59,0
2024-04-21,STR005,PRD0122,258,162,113,307,R1,2.83,0
2023-01-08,STR001,PRD0122,617,264,273,608,R2,0.57,0
2024-09-15,STR020,PRD0027,241,103,137,207,R3,1.23,0
2024-06-23,STR042,PRD0129,218,115,167,166,R3,4.76,0
2024-01-21,STR019,PRD0117,429,230,182,477,R3,0.53,0
2023-02-05,STR007,PRD0063,555,426,547,434,R5,2.45,0
2024-05-12,STR029,PRD0112,345,101,413,33,R2,1.59,1
2024-06-16,STR038,PRD0070,691,29,91,629,R3,4.48,0
2023-09-17,STR013,PRD0049,490,192,113,569,R2,4.97,0
2023-12-31,STR042,PRD0112,728,310,267,771,R3,0.43,0
2023-07-09,STR044,PRD0137,431,289,543,177,R5,1.94,0
2023-06-11,STR047,PRD0065,361,420,599,182,R2,2.78,0
2023-06-18,STR004,PRD0028,211,464,329,346,R4,1.37,0
2024-01-21,STR022,PRD0123,620,254,568,306,R3,2.69,0
2023-12-03,STR039,PRD0066,190,471,413,248,R5,1.18,0
2024-01-07,STR043,PRD0038,226,424,562,88,R1,3.19,1
2024-11-17,STR030,PRD0065,437,483,582,338,R5,4.51,0
2023-06-25,STR041,PRD0045,990,61,8,1043,R5,4.79,0
2024-10-27,STR022,PRD0080,907,370,2,1275,R3,4.77,0
2023-01-01,STR003,PRD0012,357,131,28,460,R3,3.95,0
2024-06-23,STR020,PRD0034,192,141,211,122,R3,1.02,0
2024-01-14,STR027,PRD0121,835,274,320,789,R1,0.93,0
2024-11-10,STR015,PRD0005,837,192,22,1007,R5,2.59,0
2023-05-28,STR026,PRD0105,555,218,166,607,R3,1.02,0
2023-07-16,STR038,PRD0110,651,77,377,351,R3,4.93,0
2023-01-29,STR039,PRD0015,628,473,58,1043,R5,4.75,0
2023-07-30,STR021,PRD0074,776,123,43,856,R3,1.74,0
2024-06-30,STR025,PRD0035,765,427,32,1160,R4,4.09,0
2024-04-21,STR024,PRD0066,118,465,84,499,R5,0.35,0
2024-01-21,STR002,PRD0132,823,54,581,296,R2,1.08,0
2023-07-16,STR030,PRD0041,466,345,353,458,R5,2.07,0
2024-06-02,STR020,PRD0118,787,401,368,820,R3,2.47,0
2024-04-28,STR043,PRD0043,952,299,167,1084,R1,1.87,0
2023-05-28,STR043,PRD0090,679,383,377,685,R1,1.24,0
2024-02-18,STR015,PRD0155,783,463,579,667,R5,4.05,0
2023-01-29,STR008,PRD0157,647,250,465,432,R2,4.54,0
2024-01-14,STR027,PRD0041,237,102,49,290,R1,0.36,0
2023-06-11,STR044,PRD0108,515,26,17,524,R5,4.18,0
2024-01-21,STR042,PRD0007,622,440,181,881,R3,3.54,0
2023-12-17,STR022,PRD0067,547,92,71,568,R3,4.49,0
2023-04-16,STR001,PRD0131,898,10,537,371,R2,4.77,0
2023-04-16,STR002,PRD0066,328,399,573,154,R2,4.23,0
2024-09-29,STR026,PRD0009,369,41,98,312,R3,0.7,0
2023-03-26,STR032,PRD0066,102,204,301,5,R2,3.64,1
2023-11-19,STR032,PRD0058,495,247,382,360,R2,1.26,0
2024-07-07,STR019,PRD0055,532,98,362,268,R3,1.08,0
2023-01-29,STR004,PRD0066,839,56,32,863,R4,3.96,0
2024-07-07,STR031,PRD0060,547,436,4,979,R5,2.92,0
2023-05-28,STR039,PRD0079,953,311,319,945,R5,1.79,0
2023-04-02,STR008,PRD0070,529,500,431,598,R2,3.16,0
2024-09-29,STR029,PRD0066,523,476,172,827,R2,0.23,0
2024-01-21,STR048,PRD0105,380,331,376,335,R2,4.42,0
2023-02-05,STR009,PRD0106,424,81,70,435,R5,1.4,0
2023-02-05,STR003,PRD0126,212,470,156,526,R3,2.38,0
2023-09-24,STR027,PRD0044,164,32,62,134,R1,2.78,0
2024-01-21,STR030,PRD0097,996,496,406,1086,R5,4.25,0
2023-06-18,STR030,PRD0123,540,160,235,465,R5,2.23,0
2023-02-05,STR032,PRD0045,209,471,191,489,R2,4.85,0
2024-09-08,STR044,PRD0132,871,439,268,1042,R5,3.63,0
2024-05-12,STR028,PRD0082,215,296,472,39,R3,0.01,1
2024-08-18,STR012,PRD0106,871,98,262,707,R4,1.15,0
2023-06-11,STR005,PRD0044,918,310,84,1144,R1,4.42,0
2023-09-24,STR048,PRD0032,551,220,345,426,R2,2.48,0
2023-11-12,STR005,PRD0030,612,181,235,558,R1,2.21,0
2024-05-26,STR036,PRD0024,236,154,16,374,R3,0.68,0
2023-08-13,STR014,PRD0110,296,95,182,209,R5,2.53,0
2024-05-26,STR027,PRD0054,661,260,553,368,R1,4.67,0
2023-01-29,STR012,PRD0053,499,314,573,240,R4,2.63,0
2024-01-07,STR033,PRD0138,536,6,285,257,R1,0.2,0
2023-08-06,STR015,PRD0064,299,457,573,183,R5,0.73,0
2023-07-09,STR006,PRD0083,843,0,286,557,R2,0.41,0
2023-03-26,STR017,PRD0147,450,26,165,311,R2,0.51,0
2024-08-11,STR011,PRD0089,970,128,46,1052,R4,1.12,0
2024-03-31,STR049,PRD0037,473,496,292,677,R3,3.27,0
2023-01-08,STR031,PRD0048,617,166,379,404,R5,1.05,0
2024-01-28,STR011,PRD0153,870,312,426,756,R4,0.29,0
2023-01-29,STR044,PRD0087,952,198,10,1140,R5,1.25,0
2024-05-05,STR037,PRD0152,763,41,314,490,R1,0.08,0
2024-05-05,STR009,PRD0073,899,256,401,754,R5,2.6,0
2024-08-11,STR026,PRD0118,346,417,366,397,R3,4.54,0
2023-09-24,STR026,PRD0020,225,141,199,167,R3,3.73,0
2023-11-12,STR046,PRD0055,425,94,349,170,R3,1.19,0
2024-07-07,STR038,PRD0093,224,353,274,303,R3,1.79,0
2024-04-28,STR007,PRD0108,901,0,582,319,R5,0.07,0
2023-06-04,STR033,PRD0047,505,236,231,510,R1,4.59,0
2023-12-17,STR027,PRD0106,748,105,486,367,R1,4.48,0
2024-02-04,STR025,PRD0026,964,49,401,612,R4,4.13,0
2024-08-04,STR048,PRD0124,590,122,149,563,R2,1.54,0
2024-01-14,STR008,PRD0142,874,147,273,748,R2,3.18,0
2024-10-27,STR044,PRD0077,394,495,579,310,R5,2.8,0
2024-10-20,STR027,PRD0090,503,329,129,703,R1,4.78,0
2023-01-15,STR022,PRD0050,558,381,487,452,R3,4.65,0
2023-07-16,STR006,PRD0101,170,147,240,77,R2,4.91,1
2024-12-08,STR019,PRD0056,736,137,478,395,R3,2.08,0
2023-01-22,STR002,PRD0055,227,382,93,516,R2,2.88,0
2024-05-12,STR010,PRD0115,723,357,506,574,R1,3.25,0
2023-11-26,STR028,PRD0065,771,449,432,788,R3,3.17,0
2024-09-15,STR009,PRD0061,326,219,271,274,R5,3.22,0
2023-03-12,STR029,PRD0028,224,233,435,22,R2,0.58,1
2024-10-13,STR020,PRD0078,766,252,569,449,R3,0.81,0
2023-05-21,STR047,PRD0132,376,114,112,378,R2,0.69,0
2024-11-03,STR019,PRD0134,797,409,396,810,R3,3.61,0
2023-05-21,STR006,PRD0124,681,245,49,877,R2,2.55,0
2024-06-23,STR033,PRD0042,560,451,353,658,R1,1.08,0
2024-06-02,STR019,PRD0016,234,154,362,26,R3,3.06,1
2023-07-23,STR031,PRD0019,311,466,85,692,R5,1.89,0
2024-05-05,STR018,PRD0054,912,244,58,1098,R5,4.21,0
2024-09-01,STR011,PRD0124,237,421,240,418,R4,0.75,0
2024-01-28,STR024,PRD0016,677,420,488,609,R5,2.74,0
2023-01-01,STR041,PRD0036,180,173,127,226,R5,1.85,0
2024-08-18,STR044,PRD0112,643,274,169,748,R5,0.14,0
2023-12-31,STR030,PRD0080,924,433,506,851,R5,2.44,0
2023-07-09,STR001,PRD0154,355,292,246,401,R2,3.39,0
2023-04-23,STR023,PRD0159,997,128,129,996,R5,2.22,0
2024-11-03,STR008,PRD0045,250,251,238,263,R2,3.04,0
2023-03-12,STR016,PRD0005,412,14,265,161,R2,3.59,0
2023-10-01,STR020,PRD0147,123,10,116,17,R3,2.17,1
2023-01-15,STR047,PRD0021,561,358,158,761,R2,2.5,0
2023-06-11,STR032,PRD0018,786,330,380,736,R2,4.4,0
2024-04-21,STR005,PRD0107,879,198,358,719,R1,3.95,0
2024-07-28,STR003,PRD0074,681,272,257,696,R3,1.19,0
2023-04-09,STR047,PRD0083,771,267,270,768,R2,2.23,0
2023-04-09,STR027,PRD0003,347,269,308,308,R1,3.36,0
2024-03-03,STR044,PRD0071,544,60,318,286,R5,4.16,0
2024-12-22,STR029,PRD0135,631,140,145,626,R2,0.95,0
2023-04-02,STR030,PRD0113,402,12,147,267,R5,2.71,0
2024-03-10,STR047,PRD0019,715,119,339,495,R2,3.61,0
2023-04-02,STR014,PRD0151,598,429,377,650,R5,2.6,0
2023-11-26,STR017,PRD0008,589,412,114,887,R2,2.58,0
2023-03-05,STR016,PRD0095,794,406,47,1153,R2,4.27,0
2023-06-25,STR016,PRD0142,607,495,336,766,R2,0.0,0
2023-08-13,STR009,PRD0159,285,71,124,232,R5,0.2,0
2024-02-25,STR005,PRD0066,282,413,20,675,R1,3.44,0
2023-11-05,STR036,PRD0078,235,348,55,528,R3,4.1,0
2024-11-03,STR010,PRD0037,464,463,280,647,R1,3.32,0
2024-07-07,STR023,PRD0099,309,42,94,257,R5,0.31,0
2024-06-02,STR017,PRD0083,392,421,108,705,R2,1.75,0
2023-06-18,STR022,PRD0021,553,452,587,418,R3,2.16,0
2023-12-03,STR040,PRD0070,873,315,545,643,R2,3.73,0
2023-10-01,STR033,PRD0071,848,74,443,479,R1,1.12,0
2024-05-05,STR037,PRD0148,265,336,394,207,R1,2.16,0
2024-08-04,STR015,PRD0150,535,419,391,563,R5,4.44,0
2023-08-13,STR026,PRD0017,727,129,140,716,R3,2.49,0
2023-06-11,STR033,PRD0036,271,483,31,723,R1,0.66,0
2024-07-28,STR006,PRD0076,669,322,47,944,R2,2.42,0
2023-03-12,STR025,PRD0116,738,35,591,182,R4,2.96,0
2023-03-12,STR011,PRD0030,421,29,239,211,R4,0.94,0
2024-06-16,STR036,PRD0062,561,67,46,582,R3,0.96,0
2023-04-09,STR003,PRD0001,931,132,61,1002,R3,1.36,0
2024-02-18,STR005,PRD0076,475,407,298,584,R1,3.67,0
2024-06-23,STR022,PRD0085,582,26,271,337,R3,0.32,0
2024-09-08,STR001,PRD0003,630,370,33,967,R2,4.58,0
2023-10-01,STR015,PRD0001,341,90,233,198,R5,0.61,0
2023-07-16,STR043,PRD0013,145,91,4,232,R1,2.6,0
2024-09-29,STR010,PRD0147,680,103,453,330,R1,1.03,0
2023-01-29,STR042,PRD0102,375,231,54,552,R3,3.22,0
2023-12-17,STR001,PRD0047,637,341,232,746,R2,2.41,0
2024-05-19,STR050,PRD0055,449,151,32,568,R2,3.03,0
2023-07-16,STR040,PRD0078,678,349,321,706,R2,3.33,0
2024-01-14,STR008,PRD0041,640,52,508,184,R2,4.16,0
2024-06-23,STR012,PRD0132,903,264,376,791,R4,3.3,0
2023-07-16,STR011,PRD0116,727,101,316,512,R4,3.89,0
2023-02-19,STR031,PRD0067,758,75,14,819,R5,0.27,0
2024-02-18,STR019,PRD0010,331,380,243,468,R3,2.59,0
2023-07-09,STR042,PRD0098,390,403,230,563,R3,3.34,0
2023-12-03,STR031,PRD0069,281,373,52,602,R5,2.8,0
2024-05-19,STR008,PRD0132,690,107,395,402,R2,2.92,0
2023-09-10,STR034,PRD0095,669,401,259,811,R4,2.5,0
2024-02-18,STR014,PRD0079,713,417,558,572,R5,3.1,0
2024-08-18,STR038,PRD0033,415,275,111,579,R3,2.18,0
2024-08-25,STR045,PRD0031,501,67,84,484,R4,4.12,0
2024-02-18,STR015,PRD0153,338,295,499,134,R5,2.76,0
2023-04-30,STR001,PRD0034,829,44,489,384,R2,2.35,0
2024-02-11,STR018,PRD0014,521,413,489,445,R5,2.13,0
2023-09-24,STR023,PRD0147,181,500,532,149,R5,1.47,0
2023-03-26,STR047,PRD0101,351,305,165,491,R2,2.51,0
2024-02-04,STR009,PRD0084,836,57,278,615,R5,4.47,0
2024-02-18,STR050,PRD0026,915,47,425,537,R2,1.3,0
2024-11-17,STR005,PRD0028,103,152,65,190,R1,1.49,0
2023-06-25,STR039,PRD0108,321,107,187,241,R5,3.18,0
2023-07-09,STR040,PRD0159,419,14,297,136,R2,0.72,0
2023-01-29,STR021,PRD0064,287,469,291,465,R3,0.1,0
2024-06-23,STR031,PRD0110,337,457,81,713,R5,3.3,0
2024-04-28,STR016,PRD0090,513,471,438,546,R2,0.66,0
2024-01-21,STR027,PRD0139,966,341,196,1111,R1,1.72,0
2024-10-20,STR042,PRD0055,578,297,203,672,R3,0.23,0
2023-09-17,STR044,PRD0153,747,262,494,515,R5,2.46,0
2024-03-17,STR044,PRD0012,806,57,303,560,R5,1.11,0
2024-05-19,STR007,PRD0158,474,419,139,754,R5,1.53,0
2023-06-04,STR030,PRD0050,262,235,292,205,R5,2.59,0
2023-11-26,STR038,PRD0127,390,240,402,228,R3,0.93,0
2023-12-31,STR048,PRD0114,854,160,364,650,R2,3.32,0
2024-02-04,STR040,PRD0080,801,53,583,271,R2,3.04,0
2024-02-25,STR015,PRD0150,112,65,148,29,R5,4.23,1
2023-02-26,STR032,PRD0155,943,335,379,899,R2,1.03,0
2024-05-19,STR018,PRD0067,812,246,322,736,R5,3.63,0
2024-09-22,STR049,PRD0129,608,377,135,850,R3,3.19,0
2024-07-21,STR012,PRD0032,704,444,322,826,R4,0.14,0
2023-11-05,STR048,PRD0085,992,337,312,1017,R2,3.95,0
2024-12-01,STR032,PRD0056,512,71,86,497,R2,3.55,0
2023-04-16,STR007,PRD0033,122,472,207,387,R5,3.54,0
2023-09-24,STR014,PRD0010,202,127,5,324,R5,4.08,0
2023-01-15,STR034,PRD0152,616,231,63,784,R4,2.4,0
2024-03-31,STR046,PRD0142,388,492,454,426,R3,1.16,0
2023-01-22,STR013,PRD0015,416,282,375,323,R2,2.82,0
2023-10-08,STR030,PRD0059,432,103,473,62,R5,3.19,1
2023-03-19,STR048,PRD0103,772,155,22,905,R2,1.52,0
2023-09-24,STR007,PRD0084,758,338,584,512,R5,3.27,0
2024-03-03,STR029,PRD0025,635,333,586,382,R2,0.99,0
2024-02-04,STR006,PRD0043,592,460,328,724,R2,0.96,0
2023-06-18,STR009,PRD0104,966,85,392,659,R5,3.54,0
2024-04-28,STR048,PRD0015,645,178,503,320,R2,0.14,0
2024-03-24,STR035,PRD0137,543,174,299,418,R5,3.51,0
2023-05-14,STR032,PRD0111,354,380,177,557,R2,0.37,0
2024-05-12,STR014,PRD0084,305,388,192,501,R5,0.91,0
2023-07-09,STR030,PRD0004,821,266,19,1068,R5,0.29,0
2024-05-26,STR046,PRD0141,406,187,461,132,R3,2.03,0
2023-09-03,STR038,PRD0039,225,54,68,211,R3,4.44,0
2023-12-31,STR026,PRD0046,851,377,84,1144,R3,0.52,0
2023-11-05,STR023,PRD0040,701,355,82,974,R5,4.12,0
2024-11-10,STR048,PRD0061,474,317,160,631,R2,0.23,0
2024-07-14,STR023,PRD0117,769,145,506,408,R5,1.06,0
2024-03-03,STR027,PRD0055,727,146,255,618,R1,4.23,0
2024-02-11,STR023,PRD0123,396,101,195,302,R5,4.86,0
2023-01-15,STR035,PRD0118,216,375,128,463,R5,1.62,0
2024-10-06,STR007,PRD0062,663,404,545,522,R5,2.85,0
2024-10-06,STR012,PRD0115,520,47,63,504,R4,0.29,0
2024-08-18,STR045,PRD0025,320,201,308,213,R4,3.94,0
2023-04-23,STR022,PRD0119,242,250,423,69,R3,1.85,1
2024-06-16,STR043,PRD0061,888,420,443,865,R1,1.35,0
2024-03-31,STR028,PRD0091,937,183,349,771,R3,3.02,0
2023-09-17,STR042,PRD0127,714,101,109,706,R3,1.75,0
2023-09-17,STR015,PRD0011,794,150,342,602,R5,0.1,0
2023-12-17,STR031,PRD0122,303,238,535,6,R5,4.4,1
2023-03-05,STR046,PRD0010,975,257,285,947,R3,4.26,0
2024-03-24,STR033,PRD0147,515,54,1,568,R1,3.14,0
2024-04-07,STR009,PRD0116,494,5,485,14,R5,0.03,1
2024-05-12,STR038,PRD0156,154,493,43,604,R3,3.39,0
2023-07-09,STR046,PRD0112,508,115,361,262,R3,2.06,0
2024-09-15,STR041,PRD0051,474,417,356,535,R5,3.73,0
2023-11-19,STR009,PRD0082,173,327,81,419,R5,0.91,0
2024-02-04,STR037,PRD0106,846,152,168,830,R1,2.01,0
2024-07-07,STR029,PRD0133,432,497,194,735,R2,1.98,0
2024-07-28,STR004,PRD0130,402,321,529,194,R4,0.54,0
2024-11-17,STR028,PRD0083,630,290,181,739,R3,0.32,0
2024-07-14,STR033,PRD0103,656,156,589,223,R1,0.61,0
2023-09-03,STR004,PRD0064,147,161,174,134,R4,1.84,0
2023-08-06,STR015,PRD0023,457,17,365,109,R5,1.15,0
2024-02-04,STR018,PRD0068,272,315,442,145,R5,3.98,0
2024-05-26,STR014,PRD0037,245,360,188,417,R5,3.75,0
2023-08-20,STR023,PRD0120,647,328,360,615,R5,0.51,0
2024-03-10,STR036,PRD0152,725,232,93,864,R3,1.58,0
2024-07-14,STR047,PRD0050,487,483,42,928,R2,3.48,0
2023-06-25,STR021,PRD0031,703,224,282,645,R3,0.99,0
2023-01-15,STR040,PRD0079,780,431,19,1192,R2,1.0,0
2024-11-17,STR020,PRD0091,457,149,459,147,R3,4.46,0
2024-06-09,STR039,PRD0158,230,261,359,132,R5,4.26,0
2023-11-26,STR016,PRD0160,273,236,436,73,R2,3.27,1
2023-11-12,STR025,PRD0038,470,357,185,642,R4,0.99,0
2023-07-16,STR027,PRD0050,568,227,345,450,R1,1.76,0
2024-06-02,STR045,PRD0030,990,272,99,1163,R4,1.8,0
2024-09-01,STR046,PRD0049,732,364,244,852,R3,4.3,0
2024-03-31,STR046,PRD0159,501,289,462,328,R3,2.11,0
2023-08-13,STR003,PRD0028,899,319,166,1052,R3,3.18,0
2023-12-03,STR020,PRD0016,303,311,377,237,R3,3.47,0
2024-02-25,STR039,PRD0058,966,419,440,945,R5,2.86,0
2024-05-12,STR041,PRD0100,742,500,77,1165,R5,2.03,0
2024-05-12,STR045,PRD0056,233,364,488,109,R4,0.72,0
2023-04-09,STR015,PRD0022,472,118,86,504,R5,2.93,0
2023-04-02,STR011,PRD0039,948,195,246,897,R4,0.71,0
2023-08-13,STR043,PRD0144,717,145,297,565,R1,1.49,0
2024-06-30,STR039,PRD0076,742,304,513,533,R5,2.55,0
2023-11-26,STR047,PRD0052,624,255,308,571,R2,1.1,0
2023-09-10,STR023,PRD0042,951,89,451,589,R5,4.76,0
2024-12-22,STR048,PRD0144,995,226,442,779,R2,4.17,0
2023-11-05,STR014,PRD0038,647,457,316,788,R5,2.04,0
2024-08-11,STR034,PRD0112,320,12,210,122,R4,3.09,0
2023-12-03,STR033,PRD0067,670,81,457,294,R1,2.75,0
2023-09-03,STR035,PRD0089,933,60,480,513,R5,3.99,0
2023-09-03,STR008,PRD0150,816,67,437,446,R2,4.6,0
2024-02-11,STR017,PRD0104,410,322,33,699,R2,0.13,0
2024-04-28,STR032,PRD0047,881,225,50,1056,R2,2.03,0
2023-04-23,STR002,PRD0108,723,383,202,904,R2,1.21,0
2024-07-21,STR023,PRD0087,400,445,367,478,R5,2.86,0
2023-02-05,STR035,PRD0072,830,478,405,903,R5,1.5,0
2023-01-08,STR033,PRD0155,543,392,123,812,R1,1.65,0
2023-05-28,STR039,PRD0140,741,415,367,789,R5,1.83,0
2024-01-07,STR004,PRD0049,720,277,152,845,R4,4.84,0
2023-03-26,STR015,PRD0152,848,143,388,603,R5,1.93,0
2024-10-13,STR007,PRD0099,700,273,197,776,R5,3.09,0
2024-06-30,STR009,PRD0075,472,381,141,712,R5,3.67,0
2023-07-09,STR016,PRD0132,779,223,406,596,R2,0.0,0
2023-01-22,STR030,PRD0132,285,275,447,113,R5,1.54,0
2024-07-21,STR028,PRD0067,668,224,404,488,R3,1.87,0
2024-08-11,STR016,PRD0085,514,199,316,397,R2,2.68,0
2023-04-23,STR040,PRD0147,909,497,170,1236,R2,4.26,0
2023-02-19,STR017,PRD0139,313,362,268,407,R2,0.65,0
2023-05-07,STR033,PRD0004,288,440,80,648,R1,2.35,0
2023-04-16,STR032,PRD0002,634,195,129,700,R2,1.84,0
2024-07-21,STR006,PRD0050,750,321,162,909,R2,1.62,0
2024-04-07,STR001,PRD0129,552,367,267,652,R2,3.75,0
2024-09-08,STR007,PRD0090,229,500,50,679,R5,4.69,0
2023-08-06,STR032,PRD0053,333,76,187,222,R2,4.42,0
2024-08-04,STR013,PRD0152,240,390,430,200,R2,0.17,0
2024-07-07,STR046,PRD0018,488,261,199,550,R3,4.12,0
2023-03-05,STR001,PRD0005,738,270,23,985,R2,1.79,0
2023-09-03,STR036,PRD0080,751,198,431,518,R3,0.72,0
2024-11-17,STR018,PRD0053,815,492,198,1109,R5,0.65,0
2023-06-04,STR029,PRD0152,968,314,306,976,R2,0.48,0
2024-09-15,STR037,PRD0064,464,207,589,82,R1,3.35,1
2024-11-24,STR010,PRD0108,817,474,421,870,R1,0.28,0
2023-01-22,STR004,PRD0047,534,235,494,275,R4,0.49,0
2023-02-12,STR048,PRD0056,901,263,489,675,R2,0.07,0
2024-08-11,STR018,PRD0068,143,376,282,237,R5,4.87,0
2024-06-16,STR016,PRD0012,999,110,466,643,R2,3.54,0
2024-01-28,STR024,PRD0138,550,332,510,372,R5,0.59,0
2023-01-22,STR019,PRD0135,313,78,85,306,R3,1.02,0
2024-04-14,STR028,PRD0134,816,217,269,764,R3,1.15,0
2023-06-25,STR006,PRD0121,882,41,379,544,R2,1.84,0
2023-10-01,STR032,PRD0037,152,10,153,9,R2,4.2,1
2024-08-11,STR017,PRD0069,862,327,125,1064,R2,0.41,0
2023-12-17,STR026,PRD0111,132,255,259,128,R3,3.75,0
2023-08-20,STR020,PRD0107,778,399,419,758,R3,0.31,0
2024-10-20,STR016,PRD0056,448,271,104,615,R2,1.75,0
2024-02-25,STR027,PRD0105,205,24,2,227,R1,2.54,0
2024-02-11,STR045,PRD0066,695,58,96,657,R4,0.31,0
2023-08-20,STR029,PRD0154,946,93,495,544,R2,4.42,0
2023-02-05,STR030,PRD0057,664,316,414,566,R5,0.27,0
2023-04-23,STR038,PRD0023,352,337,143,546,R3,3.19,0
2024-01-07,STR017,PRD0013,291,404,180,515,R2,2.49,0
2024-04-14,STR043,PRD0155,383,445,532,296,R1,1.55,0
2024-02-11,STR020,PRD0158,978,168,16,1130,R3,1.06,0
2023-04-30,STR029,PRD0002,719,436,457,698,R2,1.46,0
2023-02-19,STR050,PRD0098,434,349,549,234,R2,0.3,0
2023-01-22,STR024,PRD0055,308,324,183,449,R5,1.23,0
2024-09-15,STR028,PRD0076,439,323,293,469,R3,2.36,0
2024-06-09,STR005,PRD0082,858,257,236,879,R1,2.55,0
2023-03-05,STR050,PRD0103,797,263,118,942,R2,0.08,0
2023-11-12,STR023,PRD0062,946,58,301,703,R5,4.93,0
2024-06-23,STR043,PRD0152,170,57,134,93,R1,3.42,1
2024-05-05,STR028,PRD0156,887,379,549,717,R3,3.24,0
2024-03-10,STR001,PRD0042,284,415,527,172,R2,4.82,0
2024-11-10,STR006,PRD0154,454,76,277,253,R2,0.05,0
2023-02-05,STR017,PRD0012,458,66,256,268,R2,0.1,0
2023-01-15,STR016,PRD0124,556,320,340,536,R2,1.29,0
2023-03-05,STR046,PRD0031,588,71,213,446,R3,1.7,0
2024-04-21,STR038,PRD0114,620,403,565,458,R3,3.3,0
2024-07-07,STR028,PRD0061,618,72,423,267,R3,0.28,0
2024-04-28,STR019,PRD0017,704,201,402,503,R3,3.84,0
2024-10-13,STR003,PRD0098,239,214,254,199,R3,0.69,0
2023-01-15,STR044,PRD0121,284,409,427,266,R5,0.67,0
2023-10-01,STR028,PRD0011,793,481,402,872,R3,0.25,0
2024-10-13,STR029,PRD0027,577,25,289,313,R2,2.36,0
2024-05-12,STR005,PRD0133,432,177,309,300,R1,2.11,0
2024-06-02,STR002,PRD0124,208,498,187,519,R2,4.59,0
2023-01-15,STR032,PRD0095,734,10,359,385,R2,2.37,0
2024-01-28,STR014,PRD0003,537,132,262,407,R5,2.54,0
2023-12-31,STR050,PRD0122,194,436,293,337,R2,0.79,0
2024-03-24,STR048,PRD0101,554,1,37,518,R2,3.93,0
2023-07-02,STR019,PRD0125,277,190,412,55,R3,0.0,1
2024-07-21,STR050,PRD0152,919,2,319,602,R2,3.85,0
2024-04-07,STR033,PRD0074,751,105,354,502,R1,1.01,0
2023-09-10,STR024,PRD0011,690,354,125,919,R5,4.26,0
2023-01-01,STR040,PRD0098,767,419,387,799,R2,3.96,0
2023-06-11,STR042,PRD0018,739,109,6,842,R3,0.89,0
2023-09-10,STR034,PRD0158,399,371,292,478,R4,0.6,0
2023-02-12,STR002,PRD0075,250,455,282,423,R2,3.18,0
2024-05-19,STR037,PRD0066,779,239,573,445,R1,3.59,0
2024-12-15,STR050,PRD0081,665,343,403,605,R2,4.14,0
2024-03-10,STR017,PRD0065,479,55,76,458,R2,2.83,0
2024-05-26,STR030,PRD0107,333,440,591,182,R5,2.55,0
2024-06-02,STR047,PRD0121,266,107,112,261,R2,4.03,0
2024-03-17,STR003,PRD0093,573,203,401,375,R3,2.3,0
2024-11-10,STR004,PRD0096,165,402,508,59,R4,2.22,1
2023-02-19,STR011,PRD0088,134,380,162,352,R4,0.69,0
2023-06-11,STR014,PRD0135,865,114,195,784,R5,3.64,0
2024-03-24,STR014,PRD0069,231,139,339,31,R5,4.1,1
2024-03-03,STR040,PRD0075,884,367,318,933,R2,0.82,0
2024-02-18,STR019,PRD0081,892,23,584,331,R3,0.85,0
2024-07-14,STR045,PRD0034,783,311,37,1057,R4,2.99,0
2023-08-13,STR001,PRD0068,673,181,501,353,R2,1.74,0
2023-06-04,STR015,PRD0073,573,222,246,549,R5,4.45,0
2023-07-02,STR048,PRD0091,859,1,471,389,R2,3.02,0
2023-03-05,STR014,PRD0075,807,454,587,674,R5,4.87,0
2023-07-23,STR046,PRD0017,382,480,533,329,R3,3.96,0
2023-06-04,STR031,PRD0036,394,286,462,218,R5,3.16,0
2023-10-22,STR032,PRD0116,926,100,437,589,R2,2.55,0
2024-08-11,STR023,PRD0052,517,22,522,17,R5,4.6,1
2023-05-21,STR032,PRD0141,166,499,32,633,R2,1.66,0
2023-08-06,STR044,PRD0081,769,262,419,612,R5,0.19,0
2024-09-01,STR034,PRD0089,893,186,61,1018,R4,0.38,0
2024-02-11,STR024,PRD0066,320,446,408,358,R5,1.25,0
2023-03-12,STR024,PRD0069,995,238,189,1044,R5,4.77,0
2024-03-17,STR038,PRD0014,122,410,518,14,R3,3.92,1
2024-04-28,STR003,PRD0152,252,168,373,47,R3,0.48,1
2023-04-09,STR048,PRD0158,831,21,257,595,R2,0.09,0
2023-08-06,STR049,PRD0017,776,232,340,668,R3,2.32,0
2023-07-02,STR031,PRD0003,368,336,188,516,R5,4.89,0
2024-11-10,STR026,PRD0131,401,221,308,314,R3,2.43,0
2024-08-25,STR023,PRD0139,403,44,118,329,R5,4.83,0
2024-10-06,STR038,PRD0065,975,406,576,805,R3,3.73,0
2023-09-10,STR004,PRD0084,525,205,179,551,R4,0.16,0
2024-09-01,STR025,PRD0058,721,25,503,243,R4,2.45,0
2023-12-03,STR027,PRD0110,645,113,536,222,R1,2.84,0
2023-09-17,STR046,PRD0100,950,373,428,895,R3,0.99,0
2024-03-03,STR011,PRD0124,726,181,279,628,R4,2.87,0
2023-05-07,STR006,PRD0016,959,271,453,777,R2,3.29,0
2023-01-01,STR050,PRD0095,563,417,407,573,R2,4.45,0
2024-12-15,STR040,PRD0062,502,259,185,576,R2,3.62,0
2023-12-10,STR033,PRD0109,972,103,216,859,R1,0.84,0
2023-07-16,STR041,PRD0018,546,264,208,602,R5,3.93,0
2023-07-02,STR017,PRD0067,767,386,392,761,R2,0.96,0
2024-05-26,STR029,PRD0091,476,119,77,518,R2,3.83,0
2024-07-07,STR022,PRD0158,365,257,468,154,R3,1.09,0
2023-12-24,STR042,PRD0054,211,108,44,275,R3,2.12,0
2023-05-14,STR037,PRD0153,711,490,94,1107,R1,4.95,0
2023-09-24,STR039,PRD0108,518,209,174,553,R5,3.49,0
2024-08-18,STR034,PRD0021,532,389,282,639,R4,3.19,0
2024-11-03,STR027,PRD0131,719,289,255,753,R1,4.41,0
2023-12-31,STR012,PRD0097,678,449,499,628,R4,0.72,0
2024-03-31,STR025,PRD0087,580,268,398,450,R4,3.94,0
2024-09-01,STR040,PRD0048,807,290,449,648,R2,3.47,0
2023-04-30,STR014,PRD0086,521,449,114,856,R5,3.1,0
2023-04-09,STR021,PRD0083,988,208,555,641,R3,3.58,0
2024-05-19,STR049,PRD0038,523,472,370,625,R3,1.0,0
2023-05-21,STR012,PRD0085,357,100,392,65,R4,2.63,1
2023-12-31,STR023,PRD0077,613,72,361,324,R5,1.89,0
2024-08-04,STR047,PRD0104,439,451,383,507,R2,2.16,0
2024-06-09,STR036,PRD0140,260,45,40,265,R3,2.09,0
2024-12-22,STR023,PRD0019,356,8,293,71,R5,4.35,1
2024-03-03,STR016,PRD0134,785,438,55,1168,R2,2.85,0
2023-01-08,STR031,PRD0002,998,498,137,1359,R5,4.86,0
2023-02-19,STR014,PRD0014,463,384,120,727,R5,4.89,0
2023-10-22,STR035,PRD0046,360,193,515,38,R5,3.98,1
2023-10-01,STR030,PRD0021,447,234,101,580,R5,0.59,0
2024-10-13,STR029,PRD0057,525,279,579,225,R2,0.01,0
2024-11-24,STR020,PRD0003,459,218,295,382,R3,1.0,0
2023-01-22,STR010,PRD0054,970,227,330,867,R1,3.63,0
2024-11-10,STR048,PRD0118,163,66,152,77,R2,2.68,1
2024-12-01,STR021,PRD0005,511,399,97,813,R3,3.5,0
2023-10-15,STR032,PRD0009,880,225,356,749,R2,4.51,0
2023-09-24,STR039,PRD0147,821,174,182,813,R5,2.83,0
2023-02-26,STR042,PRD0025,510,71,155,426,R3,4.93,0
2023-10-15,STR005,PRD0018,116,116,162,70,R1,1.96,1
2024-07-14,STR012,PRD0061,502,359,165,696,R4,4.62,0
2024-09-29,STR003,PRD0006,175,267,372,70,R3,1.67,1
2023-05-14,STR047,PRD0031,984,23,520,487,R2,2.89,0
2024-09-15,STR030,PRD0048,662,430,366,726,R5,1.52,0
2024-11-03,STR022,PRD0023,508,318,74,752,R3,2.31,0
2024-06-16,STR045,PRD0065,438,176,394,220,R4,4.07,0
2023-04-09,STR009,PRD0052,610,471,164,917,R5,2.57,0
2023-08-20,STR039,PRD0081,230,481,262,449,R5,4.66,0
2024-09-08,STR030,PRD0090,877,0,72,805,R5,4.21,0
2024-06-09,STR044,PRD0009,159,437,514,82,R5,0.04,1
2023-09-10,STR004,PRD0036,294,347,587,54,R4,5.0,1
2023-03-19,STR013,PRD0156,895,409,95,1209,R2,3.03,0
2024-02-11,STR049,PRD0002,546,207,374,379,R3,3.37,0
2024-07-14,STR045,PRD0026,541,50,12,579,R4,2.38,0
2024-12-29,STR005,PRD0031,232,171,198,205,R1,1.49,0
2023-02-19,STR018,PRD0013,727,254,566,415,R5,2.25,0
2023-01-15,STR035,PRD0057,524,134,502,156,R5,2.86,0
2023-06-04,STR015,PRD0051,567,237,128,676,R5,3.28,0
2024-09-22,STR035,PRD0040,830,468,104,1194,R5,3.04,0
2023-01-29,STR026,PRD0156,285,106,322,69,R3,0.94,1
2023-12-17,STR041,PRD0099,746,30,285,491,R5,4.46,0
2023-12-10,STR029,PRD0100,297,314,160,451,R2,3.02,0
2023-03-26,STR008,PRD0117,812,436,148,1100,R2,4.92,0
2023-07-30,STR002,PRD0001,728,345,478,595,R2,1.39,0
2024-04-07,STR013,PRD0044,654,204,340,518,R2,0.81,0
2023-06-18,STR021,PRD0046,654,16,494,176,R3,0.07,0
2024-08-11,STR023,PRD0027,133,215,178,170,R5,4.44,0
2023-04-09,STR033,PRD0140,346,34,233,147,R1,2.75,0
2024-12-29,STR040,PRD0099,221,444,458,207,R2,4.36,0
2023-04-02,STR043,PRD0134,214,481,14,681,R1,2.01,0
2024-09-08,STR018,PRD0142,815,168,110,873,R5,1.98,0
2024-06-30,STR047,PRD0052,239,63,300,2,R2,3.55,1
2024-02-11,STR045,PRD0101,174,157,304,27,R4,2.13,1
2024-12-22,STR007,PRD0003,626,184,567,243,R5,3.52,0
2023-01-08,STR034,PRD0095,163,457,584,36,R4,2.88,1
2023-01-08,STR025,PRD0027,827,73,593,307,R4,2.49,0
2023-11-19,STR004,PRD0017,550,101,307,344,R4,3.04,0
2023-05-14,STR022,PRD0090,121,292,114,299,R3,4.15,0
2023-09-03,STR025,PRD0033,206,409,324,291,R4,4.97,0
2024-10-20,STR041,PRD0007,609,133,24,718,R5,3.52,0
2024-11-10,STR031,PRD0134,110,440,525,25,R5,3.13,1
2024-12-29,STR011,PRD0159,915,301,17,1199,R4,3.06,0
2023-01-29,STR037,PRD0046,141,204,139,206,R1,4.98,0
2024-10-06,STR037,PRD0072,649,81,106,624,R1,3.4,0
2023-05-21,STR032,PRD0066,683,220,496,407,R2,4.93,0
2024-07-28,STR016,PRD0160,323,338,149,512,R2,2.31,0
2024-08-18,STR037,PRD0108,876,426,291,1011,R1,0.13,0
2023-02-12,STR015,PRD0057,939,418,290,1067,R5,4.77,0
2023-10-15,STR039,PRD0133,878,457,28,1307,R5,4.89,0
2024-01-28,STR025,PRD0137,148,107,173,82,R4,0.24,1
2024-03-31,STR038,PRD0037,313,457,203,567,R3,0.12,0
2023-10-29,STR012,PRD0131,822,223,103,942,R4,4.91,0
2023-11-26,STR013,PRD0077,905,340,303,942,R2,1.81,0
2023-12-03,STR036,PRD0055,126,410,283,253,R3,0.8,0
2024-06-16,STR036,PRD0135,470,95,499,66,R3,3.11,1
2023-04-16,STR035,PRD0016,753,444,0,1197,R5,1.83,0
2023-09-10,STR046,PRD0133,973,22,484,511,R3,1.57,0
2024-02-18,STR038,PRD0138,750,302,574,478,R3,3.2,0
2024-04-21,STR018,PRD0008,234,186,103,317,R5,1.45,0
2024-11-24,STR002,PRD0037,721,192,348,565,R2,1.6,0
2024-06-30,STR035,PRD0109,182,286,71,397,R5,4.66,0
2023-08-27,STR012,PRD0128,738,209,338,609,R4,1.09,0
2023-07-09,STR024,PRD0104,347,261,388,220,R5,4.59,0
2023-01-29,STR027,PRD0111,675,456,207,924,R1,1.83,0
2023-05-21,STR034,PRD0116,164,378,39,503,R4,0.11,0
2023-12-31,STR018,PRD0156,195,100,14,281,R5,1.57,0
2024-10-27,STR012,PRD0096,462,202,365,299,R4,2.32,0
2024-02-04,STR041,PRD0028,636,390,82,944,R5,0.81,0
2024-03-10,STR034,PRD0080,196,128,90,234,R4,4.65,0
2023-06-18,STR045,PRD0150,490,134,530,94,R4,2.98,1
2023-07-30,STR030,PRD0075,761,182,158,785,R5,4.28,0
2023-05-07,STR041,PRD0110,880,102,99,883,R5,0.79,0
2024-04-14,STR038,PRD0154,688,479,596,571,R3,4.83,0
2024-06-02,STR016,PRD0109,428,495,205,718,R2,1.65,0
2023-08-20,STR026,PRD0109,242,242,38,446,R3,3.56,0
2024-11-17,STR007,PRD0070,263,410,599,74,R5,0.8,1
2023-12-03,STR019,PRD0138,750,235,101,884,R3,1.03,0
2023-08-27,STR019,PRD0149,486,370,120,736,R3,0.31,0
2023-11-19,STR042,PRD0142,527,79,110,496,R3,0.89,0
2024-05-19,STR043,PRD0024,299,209,356,152,R1,3.15,0
2024-11-24,STR016,PRD0121,107,431,360,178,R2,3.71,0
2024-08-11,STR043,PRD0104,358,459,280,537,R1,2.4,0
2023-06-11,STR015,PRD0023,368,439,280,527,R5,1.92,0
2024-10-13,STR044,PRD0082,424,441,553,312,R5,1.33,0
2023-07-30,STR031,PRD0120,610,176,419,367,R5,1.61,0
2023-06-04,STR037,PRD0119,326,405,485,246,R1,0.03,0
2023-10-15,STR005,PRD0060,342,169,492,19,R1,1.45,1
2023-11-12,STR044,PRD0026,382,317,279,420,R5,0.04,0
2023-08-27,STR024,PRD0105,773,301,256,818,R5,0.01,0
2023-12-17,STR011,PRD0135,150,265,129,286,R4,4.3,0
2023-08-20,STR033,PRD0015,516,390,121,785,R1,1.16,0
2023-07-09,STR022,PRD0129,328,199,183,344,R3,2.45,0
2024-10-13,STR010,PRD0002,802,220,214,808,R1,3.12,0
2023-05-28,STR038,PRD0147,811,157,450,518,R3,3.92,0
2023-11-05,STR004,PRD0037,768,340,193,915,R4,1.44,0
2023-04-16,STR011,PRD0085,125,51,100,76,R4,0.8,1
2024-08-18,STR015,PRD0025,892,144,341,695,R5,2.36,0
2024-02-18,STR020,PRD0117,593,178,31,740,R3,4.3,0
2024-04-21,STR020,PRD0015,649,357,252,754,R3,4.92,0
2024-12-01,STR020,PRD0145,157,494,283,368,R3,1.27,0
2024-06-30,STR023,PRD0005,191,274,148,317,R5,2.24,0
2023-08-06,STR030,PRD0116,309,166,405,70,R5,3.01,1
2023-06-04,STR011,PRD0148,462,181,66,577,R4,1.23,0
2024-06-23,STR016,PRD0049,920,165,102,983,R2,2.5,0
2024-03-03,STR005,PRD0016,598,151,24,725,R1,3.42,0
2023-02-26,STR009,PRD0021,861,478,454,885,R5,3.49,0
2024-09-15,STR045,PRD0116,280,142,282,140,R4,3.88,0
2024-11-17,STR047,PRD0063,753,48,549,252,R2,1.53,0
2024-02-25,STR034,PRD0130,149,55,21,183,R4,3.05,0
2024-01-07,STR006,PRD0027,134,176,44,266,R2,0.48,0
2023-07-30,STR046,PRD0001,775,341,447,669,R3,1.8,0
2024-09-15,STR042,PRD0115,513,161,210,464,R3,3.25,0
2024-11-03,STR012,PRD0088,189,492,518,163,R4,0.51,0
2023-08-06,STR003,PRD0152,625,91,328,388,R3,4.51,0
2023-02-12,STR004,PRD0077,321,93,75,339,R4,2.14,0
2023-10-01,STR011,PRD0110,530,458,479,509,R4,4.02,0
2024-07-07,STR022,PRD0025,520,379,570,329,R3,2.91,0
2023-10-15,STR027,PRD0055,713,120,18,815,R1,2.03,0
2023-03-19,STR006,PRD0034,390,25,190,225,R2,2.38,0
2023-09-24,STR004,PRD0034,990,447,542,895,R4,4.86,0
2024-12-15,STR024,PRD0010,426,350,463,313,R5,1.75,0
2024-08-18,STR020,PRD0129,788,423,527,684,R3,4.4,0
2023-04-02,STR004,PRD0142,990,282,504,768,R4,3.92,0
2024-12-08,STR028,PRD0009,666,68,78,656,R3,2.08,0
2024-01-07,STR041,PRD0088,574,326,90,810,R5,3.11,0
2023-04-23,STR002,PRD0085,947,270,492,725,R2,4.77,0
2023-05-21,STR015,PRD0160,290,195,134,351,R5,0.75,0
2023-10-08,STR012,PRD0063,396,130,355,171,R4,4.95,0
2023-01-22,STR026,PRD0002,641,224,577,288,R3,3.43,0
2024-12-08,STR009,PRD0094,663,452,204,911,R5,4.25,0
2023-10-15,STR032,PRD0098,234,117,192,159,R2,3.56,0
2024-08-25,STR007,PRD0049,991,370,323,1038,R5,3.18,0
2024-11-24,STR026,PRD0105,294,122,386,30,R3,1.72,1
2023-12-03,STR032,PRD0103,768,37,31,774,R2,1.08,0
2024-09-01,STR015,PRD0146,743,92,64,771,R5,2.15,0
2023-04-16,STR024,PRD0049,440,187,310,317,R5,1.14,0
2023-12-10,STR031,PRD0083,640,151,410,381,R5,0.36,0
2023-02-19,STR011,PRD0106,957,362,222,1097,R4,1.32,0
2024-04-14,STR042,PRD0055,935,487,232,1190,R3,3.04,0
2023-03-05,STR039,PRD0007,310,216,18,508,R5,1.04,0
2023-07-30,STR013,PRD0072,995,467,32,1430,R2,3.55,0
2023-09-03,STR015,PRD0076,913,488,292,1109,R5,2.75,0
2024-01-28,STR011,PRD0027,867,177,161,883,R4,3.58,0
2023-08-06,STR001,PRD0092,682,445,280,847,R2,0.78,0
2023-10-29,STR050,PRD0078,754,356,166,944,R2,1.29,0
2023-05-14,STR012,PRD0044,877,232,484,625,R4,0.37,0
2024-12-01,STR044,PRD0073,576,406,151,831,R5,3.18,0
2024-11-17,STR034,PRD0067,915,49,205,759,R4,4.83,0
2023-10-15,STR011,PRD0028,607,489,195,901,R4,3.25,0
2023-08-06,STR047,PRD0082,529,379,8,900,R2,2.01,0
2023-11-19,STR017,PRD0095,801,263,180,884,R2,4.0,0
2023-01-01,STR007,PRD0143,625,246,587,284,R5,3.74,0
2024-06-23,STR023,PRD0025,842,132,31,943,R5,4.82,0
2023-01-01,STR009,PRD0085,551,205,381,375,R5,0.63,0
2024-11-17,STR027,PRD0132,382,311,266,427,R1,3.08,0
2023-02-19,STR018,PRD0024,784,351,111,1024,R5,4.95,0
2024-11-03,STR009,PRD0135,368,176,311,233,R5,0.94,0
2023-08-27,STR026,PRD0002,178,170,66,282,R3,0.56,0
2024-04-14,STR016,PRD0106,242,376,220,398,R2,4.83,0
2023-05-14,STR027,PRD0117,186,458,587,57,R1,0.6,1
2023-09-10,STR027,PRD0116,153,256,3,406,R1,2.01,0
2024-04-28,STR030,PRD0063,463,153,187,429,R5,1.98,0
2024-08-11,STR010,PRD0062,103,406,406,103,R1,3.11,0
2023-06-11,STR031,PRD0159,466,88,135,419,R5,0.38,0
2024-05-19,STR011,PRD0156,776,280,75,981,R4,4.63,0
2023-06-11,STR029,PRD0087,827,466,582,711,R2,3.36,0
2024-10-06,STR036,PRD0138,527,164,404,287,R3,2.1,0
2024-03-24,STR047,PRD0155,849,306,25,1130,R2,0.31,0
2023-08-13,STR019,PRD0135,140,86,53,173,R3,1.61,0
2023-12-31,STR018,PRD0054,221,223,211,233,R5,2.0,0
2023-08-13,STR009,PRD0062,334,414,432,316,R5,1.63,0
2023-11-12,STR004,PRD0001,270,316,472,114,R4,2.75,0
2023-04-30,STR011,PRD0050,364,57,37,384,R4,4.74,0
2024-10-27,STR039,PRD0125,384,222,254,352,R5,0.68,0
2023-08-13,STR031,PRD0022,955,58,595,418,R5,3.79,0
2024-06-09,STR038,PRD0144,405,233,31,607,R3,4.25,0
2024-05-05,STR040,PRD0126,918,224,392,750,R2,1.33,0
2023-02-05,STR010,PRD0126,728,281,370,639,R1,3.86,0
2023-05-14,STR003,PRD0065,267,306,494,79,R3,1.99,1
2024-07-21,STR019,PRD0098,465,274,268,471,R3,3.05,0
2023-07-30,STR006,PRD0054,970,24,183,811,R2,3.43,0
2024-03-17,STR035,PRD0145,884,268,220,932,R5,0.15,0
2024-04-21,STR019,PRD0148,878,33,364,547,R3,2.62,0
2023-08-13,STR024,PRD0142,757,154,288,623,R5,1.83,0
2024-12-15,STR032,PRD0154,486,192,95,583,R2,2.11,0
2024-09-01,STR049,PRD0040,752,162,94,820,R3,3.62,0
2024-08-25,STR007,PRD0149,983,445,365,1063,R5,3.87,0
2024-12-29,STR032,PRD0140,201,103,300,4,R2,3.28,1
2024-09-01,STR032,PRD0082,893,377,341,929,R2,3.17,0
2024-04-07,STR011,PRD0014,823,114,218,719,R4,2.16,0
2024-09-01,STR008,PRD0115,441,397,172,666,R2,3.63,0
2024-06-09,STR006,PRD0151,378,455,429,404,R2,0.02,0
2023-08-27,STR026,PRD0159,406,93,8,491,R3,1.77,0
2023-07-16,STR036,PRD0015,329,362,88,603,R3,3.84,0
2023-03-26,STR001,PRD0024,479,281,26,734,R2,3.65,0
2023-07-23,STR032,PRD0053,704,283,309,678,R2,2.22,0
2023-12-31,STR034,PRD0054,532,83,517,98,R4,1.28,1
2024-04-28,STR045,PRD0132,589,406,126,869,R4,4.98,0
2024-07-21,STR040,PRD0103,651,110,561,200,R2,4.21,0
2023-08-27,STR004,PRD0030,222,241,418,45,R4,3.58,1
2023-04-30,STR007,PRD0143,833,341,75,1099,R5,2.27,0
2023-01-29,STR036,PRD0006,262,16,41,237,R3,1.89,0
2023-08-13,STR038,PRD0067,634,4,513,125,R3,4.39,0
2023-08-13,STR011,PRD0072,144,74,46,172,R4,0.69,0
2023-09-17,STR036,PRD0020,194,331,159,366,R3,3.09,0
2023-04-02,STR027,PRD0113,418,149,9,558,R1,4.62,0
2023-09-10,STR023,PRD0097,125,320,268,177,R5,4.86,0
2023-07-16,STR008,PRD0143,123,463,16,570,R2,1.21,0
2023-12-10,STR036,PRD0070,844,30,65,809,R3,1.39,0
2023-01-22,STR001,PRD0035,332,414,598,148,R2,0.34,0
2024-08-18,STR047,PRD0122,154,231,123,262,R2,1.25,0
2024-12-01,STR001,PRD0112,909,242,135,1016,R2,1.73,0
2024-12-08,STR041,PRD0036,549,133,212,470,R5,3.81,0
2023-01-29,STR023,PRD0068,425,121,430,116,R5,2.19,0
2024-01-28,STR018,PRD0010,642,214,389,467,R5,4.19,0
2024-08-25,STR011,PRD0061,797,401,484,714,R4,3.26,0
2024-05-26,STR039,PRD0037,921,80,585,416,R5,4.91,0
2024-06-30,STR039,PRD0094,238,288,249,277,R5,1.57,0
2023-04-30,STR016,PRD0129,221,263,410,74,R2,0.81,1
2023-02-05,STR034,PRD0026,359,66,105,320,R4,0.13,0
2024-01-07,STR044,PRD0011,494,85,203,376,R5,3.64,0
2023-07-09,STR025,PRD0149,291,89,98,282,R4,3.65,0
2024-11-17,STR045,PRD0071,584,98,449,233,R4,2.75,0
2023-08-06,STR012,PRD0112,839,456,244,1051,R4,2.63,0
2023-02-05,STR040,PRD0152,530,343,525,348,R2,3.33,0
2023-05-28,STR026,PRD0089,224,305,361,168,R3,4.78,0
2023-12-10,STR020,PRD0057,439,119,152,406,R3,4.47,0
2024-12-15,STR010,PRD0101,267,362,381,248,R1,3.75,0
2024-10-27,STR038,PRD0030,304,239,420,123,R3,2.73,0
2024-10-13,STR014,PRD0046,836,80,352,564,R5,3.42,0
2023-07-02,STR016,PRD0014,669,130,137,662,R2,1.15,0
2024-09-15,STR036,PRD0031,901,449,284,1066,R3,3.47,0
2024-05-19,STR046,PRD0091,389,79,16,452,R3,4.51,0
2023-02-12,STR024,PRD0154,161,177,98,240,R5,1.88,0
2023-09-17,STR049,PRD0092,920,140,544,516,R3,2.35,0
2024-06-09,STR020,PRD0113,184,409,127,466,R3,0.26,0
2023-09-17,STR043,PRD0086,766,489,348,907,R1,1.19,0
2024-02-25,STR030,PRD0122,140,472,12,600,R5,0.4,0
2023-04-30,STR034,PRD0040,529,463,344,648,R4,3.48,0
2024-03-31,STR044,PRD0111,931,92,425,598,R5,4.29,0
2024-10-20,STR048,PRD0122,182,113,107,188,R2,4.29,0
2024-03-10,STR044,PRD0146,902,58,530,430,R5,0.4,0
2024-06-09,STR011,PRD0138,720,69,467,322,R4,3.85,0
2024-02-11,STR005,PRD0040,158,62,95,125,R1,4.63,0
2024-09-08,STR020,PRD0025,615,132,250,497,R3,2.88,0
2023-12-03,STR030,PRD0115,243,73,180,136,R5,3.84,0
2023-09-17,STR022,PRD0090,295,13,226,82,R3,4.44,1
2023-02-12,STR027,PRD0145,596,164,14,746,R1,0.96,0
2023-10-01,STR038,PRD0114,808,493,142,1159,R3,2.52,0
2024-12-08,STR030,PRD0068,909,339,78,1170,R5,4.0,0
2024-02-11,STR028,PRD0141,705,306,66,945,R3,2.62,0
2023-04-30,STR044,PRD0059,665,152,546,271,R5,3.02,0
2024-11-24,STR002,PRD0062,469,439,114,794,R2,1.78,0
2024-03-31,STR035,PRD0046,104,360,134,330,R5,4.65,0
2023-04-16,STR011,PRD0030,941,328,361,908,R4,2.32,0
2024-12-08,STR016,PRD0020,149,476,509,116,R2,0.94,0
2023-04-02,STR009,PRD0103,714,487,324,877,R5,0.5,0
2023-09-03,STR047,PRD0144,283,476,549,210,R2,2.27,0
2024-02-11,STR023,PRD0088,475,372,378,469,R5,1.27,0
2024-03-17,STR001,PRD0117,632,24,196,460,R2,2.76,0
2024-02-04,STR007,PRD0100,188,362,170,380,R5,0.26,0
2023-04-02,STR033,PRD0107,331,238,316,253,R1,0.18,0
2024-09-22,STR004,PRD0049,423,184,584,23,R4,1.0,1
2024-03-31,STR020,PRD0097,343,338,26,655,R3,1.88,0
2023-07-02,STR042,PRD0049,307,249,37,519,R3,0.23,0
2024-02-18,STR014,PRD0050,248,203,204,247,R5,3.28,0
2023-06-18,STR025,PRD0128,300,95,58,337,R4,3.48,0
2024-05-05,STR011,PRD0101,538,317,387,468,R4,0.73,0
2024-01-28,STR039,PRD0065,457,479,251,685,R5,1.87,0
2024-08-25,STR006,PRD0033,323,316,299,340,R2,3.88,0
2023-12-10,STR007,PRD0058,573,216,126,663,R5,0.85,0
2024-10-06,STR012,PRD0016,716,210,332,594,R4,1.4,0
2024-12-01,STR001,PRD0027,607,494,481,620,R2,4.46,0
2023-02-19,STR048,PRD0054,149,192,77,264,R2,3.39,0
2023-02-19,STR018,PRD0109,939,79,161,857,R5,3.3,0
2024-03-24,STR024,PRD0011,987,121,343,765,R5,0.79,0
2024-09-29,STR014,PRD0072,196,46,157,85,R5,3.85,1
2024-11-17,STR029,PRD0117,726,332,183,875,R2,1.97,0
2024-07-07,STR047,PRD0120,576,284,317,543,R2,4.78,0
2024-08-11,STR027,PRD0002,111,424,81,454,R1,4.18,0
2023-08-13,STR045,PRD0071,689,410,563,536,R4,1.63,0
2024-05-19,STR040,PRD0090,556,311,345,522,R2,2.86,0
2024-07-21,STR025,PRD0085,367,151,496,22,R4,1.66,1
2024-11-03,STR016,PRD0085,268,110,140,238,R2,2.92,0
2024-10-13,STR017,PRD0106,541,256,496,301,R2,4.78,0
2023-08-06,STR025,PRD0036,939,331,266,1004,R4,1.44,0
2023-07-02,STR041,PRD0115,443,420,108,755,R5,2.36,0
2023-11-12,STR018,PRD0132,607,362,89,880,R5,3.46,0
2023-05-07,STR009,PRD0159,573,252,146,679,R5,4.15,0
2024-02-11,STR018,PRD0159,457,456,118,795,R5,3.81,0
2023-01-08,STR015,PRD0009,851,87,58,880,R5,3.53,0
2023-02-12,STR031,PRD0124,539,22,265,296,R5,1.64,0
2024-06-16,STR023,PRD0075,759,67,220,606,R5,0.77,0
2023-10-15,STR043,PRD0146,126,85,15,196,R1,3.78,0
2023-02-12,STR015,PRD0030,436,467,370,533,R5,4.97,0
2023-07-09,STR024,PRD0127,633,69,275,427,R5,3.3,0
2023-09-03,STR005,PRD0132,661,263,534,390,R1,2.25,0
2023-10-08,STR013,PRD0045,250,122,282,90,R2,2.66,1
2023-05-07,STR012,PRD0016,796,133,552,377,R4,3.06,0
2024-07-14,STR004,PRD0100,658,433,528,563,R4,0.79,0
2024-04-14,STR011,PRD0040,651,334,145,840,R4,4.32,0
2024-07-21,STR015,PRD0118,100,394,52,442,R5,1.34,0
2023-06-18,STR036,PRD0112,551,298,163,686,R3,3.36,0
2023-08-27,STR049,PRD0149,681,244,444,481,R3,4.37,0
2024-09-22,STR031,PRD0144,304,446,23,727,R5,3.06,0
2024-12-08,STR013,PRD0154,759,470,440,789,R2,4.52,0
2024-11-17,STR008,PRD0074,562,258,50,770,R2,4.14,0
2024-02-18,STR012,PRD0118,665,373,21,1017,R4,3.47,0
2024-01-21,STR041,PRD0002,241,351,10,582,R5,3.07,0
2024-08-04,STR007,PRD0089,424,250,91,583,R5,4.34,0
2023-07-02,STR046,PRD0058,299,115,159,255,R3,3.04,0
2024-08-25,STR032,PRD0155,241,346,482,105,R2,4.22,0
2023-04-09,STR046,PRD0078,679,171,169,681,R3,4.74,0
2024-04-28,STR006,PRD0126,239,110,98,251,R2,4.55,0
2024-09-29,STR018,PRD0016,239,202,20,421,R5,2.91,0
2023-03-05,STR010,PRD0046,264,351,556,59,R1,2.24,1
2023-04-16,STR005,PRD0077,775,467,122,1120,R1,1.16,0
2024-04-21,STR028,PRD0133,987,77,493,571,R3,4.05,0
2024-12-08,STR050,PRD0143,600,172,441,331,R2,3.4,0
2024-02-11,STR002,PRD0155,467,87,141,413,R2,2.76,0
2024-06-23,STR006,PRD0110,729,418,550,597,R2,1.66,0
2024-01-28,STR037,PRD0149,646,56,383,319,R1,0.34,0
2024-03-10,STR003,PRD0066,749,227,258,718,R3,0.25,0
2024-03-17,STR034,PRD0099,393,475,97,771,R4,2.19,0
2023-07-02,STR035,PRD0010,978,439,374,1043,R5,4.42,0
2023-01-01,STR045,PRD0065,250,204,59,395,R4,2.22,0
2024-09-22,STR017,PRD0069,926,22,231,717,R2,0.43,0
2023-03-12,STR009,PRD0021,980,178,250,908,R5,1.65,0
2024-02-18,STR036,PRD0089,362,378,71,669,R3,2.55,0
2024-12-15,STR045,PRD0158,646,172,423,395,R4,2.0,0
2023-11-12,STR005,PRD0157,148,404,180,372,R1,3.53,0
2023-01-22,STR005,PRD0121,898,417,291,1024,R1,1.56,0
2024-08-18,STR037,PRD0089,770,338,299,809,R1,0.78,0
2023-10-29,STR050,PRD0044,577,470,130,917,R2,1.07,0
2024-06-02,STR048,PRD0034,101,220,275,46,R2,0.41,1
2023-09-24,STR034,PRD0007,371,102,388,85,R4,3.15,1
2024-11-24,STR016,PRD0133,501,85,249,337,R2,2.39,0
2024-10-13,STR015,PRD0061,762,62,504,320,R5,4.96,0
2024-03-24,STR018,PRD0090,734,349,365,718,R5,4.91,0
2023-08-13,STR025,PRD0153,204,55,169,90,R4,0.7,1
2023-12-17,STR014,PRD0097,578,51,226,403,R5,2.73,0
2023-10-29,STR050,PRD0005,853,409,470,792,R2,1.45,0
2023-11-12,STR033,PRD0037,354,310,539,125,R1,4.31,0
2023-11-26,STR029,PRD0107,579,456,121,914,R2,0.85,0
2023-07-02,STR028,PRD0002,476,251,246,481,R3,0.14,0
2024-06-02,STR001,PRD0029,358,157,448,67,R2,2.39,1
2023-06-25,STR011,PRD0139,710,358,537,531,R4,3.68,0
2023-01-08,STR026,PRD0134,905,45,245,705,R3,1.58,0
2024-06-16,STR013,PRD0089,816,442,579,679,R2,1.7,0
2024-06-09,STR014,PRD0057,998,373,403,968,R5,3.93,0
2024-12-15,STR008,PRD0158,861,343,272,932,R2,4.54,0
2024-08-11,STR016,PRD0061,284,116,223,177,R2,4.01,0
2023-11-05,STR005,PRD0044,677,483,102,1058,R1,1.94,0
2024-11-17,STR027,PRD0153,921,82,9,994,R1,4.27,0
2023-03-05,STR041,PRD0135,227,363,250,340,R5,1.65,0
2024-11-10,STR050,PRD0031,116,112,125,103,R2,0.13,0
2023-06-18,STR009,PRD0026,645,223,562,306,R5,3.08,0
2024-01-14,STR045,PRD0030,556,82,244,394,R4,3.86,0
2024-05-12,STR015,PRD0011,438,139,213,364,R5,0.9,0
2023-07-16,STR046,PRD0008,221,4,87,138,R3,2.3,0
2024-06-30,STR014,PRD0143,462,222,21,663,R5,3.26,0
2023-04-16,STR044,PRD0116,980,440,320,1100,R5,0.79,0
2024-11-03,STR003,PRD0079,657,340,390,607,R3,4.35,0
2024-07-21,STR041,PRD0134,801,59,164,696,R5,3.52,0
2024-04-14,STR002,PRD0089,131,458,471,118,R2,4.62,0
2023-10-22,STR019,PRD0081,596,51,520,127,R3,0.42,0
2023-04-23,STR002,PRD0072,583,158,431,310,R2,4.28,0
2023-08-06,STR034,PRD0107,789,462,163,1088,R4,0.4,0
2024-10-27,STR009,PRD0043,639,463,245,857,R5,4.91,0
2024-11-24,STR024,PRD0115,266,397,17,646,R5,3.17,0
2024-06-23,STR015,PRD0064,159,417,38,538,R5,2.52,0
2023-07-30,STR030,PRD0039,402,458,502,358,R5,2.69,0
2023-02-19,STR001,PRD0042,416,120,62,474,R2,3.08,0
2024-01-21,STR048,PRD0029,436,278,516,198,R2,2.59,0
2024-06-30,STR027,PRD0148,204,44,34,214,R1,2.6,0
2024-03-17,STR006,PRD0075,207,496,54,649,R2,0.97,0
2023-06-04,STR046,PRD0143,142,297,203,236,R3,4.99,0
2024-02-25,STR017,PRD0017,432,255,590,97,R2,4.27,1
2024-07-21,STR034,PRD0014,693,382,138,937,R4,3.6,0
2024-06-16,STR007,PRD0079,277,351,13,615,R5,2.03,0
2024-03-17,STR047,PRD0017,168,122,195,95,R2,0.64,1
2023-05-28,STR040,PRD0088,413,346,374,385,R2,2.64,0
2024-01-21,STR041,PRD0116,553,207,350,410,R5,4.58,0
2023-10-15,STR013,PRD0135,100,14,103,11,R2,4.81,1
2024-10-13,STR046,PRD0099,721,446,429,738,R3,3.63,0
2023-03-12,STR032,PRD0084,765,246,56,955,R2,0.59,0
2024-02-25,STR031,PRD0091,341,385,277,449,R5,1.54,0
2024-08-25,STR028,PRD0095,105,471,519,57,R3,4.6,1
2024-07-28,STR034,PRD0069,848,288,520,616,R4,4.77,0
2024-02-11,STR021,PRD0018,233,311,266,278,R3,2.23,0
2024-11-24,STR049,PRD0009,695,295,275,715,R3,0.8,0
2023-10-15,STR036,PRD0080,409,280,585,104,R3,0.73,0
2024-06-16,STR031,PRD0060,360,216,218,358,R5,4.84,0
2024-09-01,STR036,PRD0082,592,315,389,518,R3,2.19,0
2024-09-01,STR023,PRD0160,611,204,108,707,R5,2.84,0
2024-06-30,STR043,PRD0023,398,32,52,378,R1,4.46,0
2023-04-09,STR026,PRD0128,866,452,417,901,R3,2.29,0
2024-09-01,STR015,PRD0114,167,55,15,207,R5,1.24,0
2024-03-03,STR008,PRD0034,324,106,148,282,R2,2.45,0
2023-04-16,STR020,PRD0023,604,161,247,518,R3,0.57,0
2024-07-28,STR006,PRD0016,617,148,193,572,R2,2.41,0
2024-01-28,STR001,PRD0098,344,30,109,265,R2,0.12,0
2024-07-28,STR036,PRD0151,389,90,421,58,R3,4.15,1
2023-12-03,STR021,PRD0079,745,445,419,771,R3,0.22,0
2023-09-24,STR026,PRD0135,459,455,520,394,R3,4.81,0
2023-10-29,STR016,PRD0138,652,376,528,500,R2,2.5,0
2024-11-17,STR029,PRD0137,766,232,48,950,R2,4.94,0
2023-11-19,STR050,PRD0054,674,415,57,1032,R2,0.68,0
2023-05-07,STR039,PRD0159,875,213,135,953,R5,1.51,0
2023-02-12,STR033,PRD0009,998,444,419,1023,R1,2.71,0
2023-04-02,STR013,PRD0006,967,70,348,689,R2,4.51,0
2024-07-07,STR013,PRD0048,861,451,281,1031,R2,1.98,0
2023-07-02,STR047,PRD0021,255,258,124,389,R2,4.52,0
2024-01-14,STR045,PRD0051,675,79,212,542,R4,4.06,0
2023-01-01,STR050,PRD0057,342,65,326,81,R2,0.71,1
2024-04-21,STR012,PRD0141,593,26,98,521,R4,1.82,0
2023-07-09,STR025,PRD0120,290,485,372,403,R4,2.85,0
2024-11-24,STR050,PRD0068,142,166,93,215,R2,1.01,0
2024-12-08,STR038,PRD0022,543,480,344,679,R3,3.4,0
2024-04-28,STR050,PRD0061,244,273,219,298,R2,3.04,0
2023-12-31,STR036,PRD0054,301,20,245,76,R3,4.57,1
2023-02-26,STR025,PRD0033,521,352,592,281,R4,3.2,0
2023-08-13,STR006,PRD0109,695,303,174,824,R2,0.73,0
2024-06-16,STR014,PRD0060,642,172,291,523,R5,0.17,0
2023-12-03,STR004,PRD0150,561,372,570,363,R4,3.36,0
2023-06-18,STR037,PRD0070,162,218,178,202,R1,0.72,0
2024-09-29,STR032,PRD0131,830,165,258,737,R2,2.87,0
2024-11-03,STR026,PRD0050,181,326,179,328,R3,4.74,0
2024-04-28,STR048,PRD0066,128,282,249,161,R2,2.86,0
2023-11-05,STR010,PRD0034,643,460,580,523,R1,2.52,0
2023-01-15,STR021,PRD0067,420,79,247,252,R3,3.1,0
2024-11-24,STR036,PRD0027,203,378,191,390,R3,1.72,0
2023-07-09,STR022,PRD0155,744,123,338,529,R3,1.69,0
2023-11-19,STR032,PRD0131,774,287,222,839,R2,3.25,0
2024-06-02,STR012,PRD0150,451,347,480,318,R4,0.26,0
2024-04-14,STR021,PRD0015,464,134,410,188,R3,1.85,0
2023-09-24,STR024,PRD0143,174,190,117,247,R5,4.58,0
2023-08-27,STR040,PRD0041,220,256,254,222,R2,2.73,0
2024-12-01,STR020,PRD0144,671,397,539,529,R3,4.47,0
2024-06-09,STR036,PRD0143,619,130,498,251,R3,2.24,0
2024-07-14,STR016,PRD0147,120,32,2,150,R2,2.57,0
2024-10-06,STR020,PRD0041,476,414,472,418,R3,1.84,0
2023-06-25,STR007,PRD0004,899,46,330,615,R5,4.22,0
2024-12-29,STR039,PRD0063,234,99,294,39,R5,2.84,1
2023-02-26,STR018,PRD0032,489,349,413,425,R5,0.51,0
2023-06-18,STR045,PRD0055,516,122,452,186,R4,4.7,0
2024-10-06,STR017,PRD0139,808,443,520,731,R2,3.36,0
2024-02-11,STR036,PRD0008,325,448,422,351,R3,2.91,0
2024-08-18,STR038,PRD0085,455,103,289,269,R3,4.52,0
2024-03-31,STR021,PRD0106,846,44,404,486,R3,1.14,0
2024-11-03,STR028,PRD0068,221,69,107,183,R3,3.79,0
2023-06-04,STR028,PRD0068,324,472,230,566,R3,4.07,0
2023-01-08,STR032,PRD0006,591,126,487,230,R2,3.81,0
2024-06-23,STR003,PRD0149,717,479,27,1169,R3,0.82,0
2024-06-16,STR025,PRD0009,661,228,374,515,R4,2.45,0
2024-04-14,STR005,PRD0022,405,488,275,618,R1,3.64,0
2023-05-07,STR009,PRD0038,853,486,410,929,R5,0.18,0
2024-09-08,STR028,PRD0004,422,379,501,300,R3,2.0,0
2024-09-29,STR028,PRD0039,982,43,35,990,R3,2.99,0
2023-11-12,STR031,PRD0043,163,67,125,105,R5,0.45,0
2024-05-19,STR037,PRD0056,406,377,120,663,R1,1.54,0
2024-10-20,STR045,PRD0141,357,402,135,624,R4,2.35,0
2024-08-18,STR021,PRD0038,897,69,309,657,R3,2.31,0
2024-12-22,STR041,PRD0130,412,309,265,456,R5,3.13,0
2024-01-21,STR042,PRD0129,135,281,285,131,R3,2.46,0
2023-03-19,STR035,PRD0141,326,97,132,291,R5,2.96,0
2024-09-29,STR017,PRD0154,387,439,471,355,R2,3.44,0
2024-12-15,STR040,PRD0059,171,347,71,447,R2,4.06,0
2023-02-05,STR013,PRD0085,121,187,121,187,R2,2.13,0
2024-09-22,STR018,PRD0037,107,453,360,200,R5,1.26,0
2024-05-05,STR023,PRD0037,307,211,309,209,R5,3.22,0
2023-07-30,STR039,PRD0026,775,144,573,346,R5,3.57,0
2023-12-24,STR010,PRD0158,528,81,537,72,R1,3.34,1
2023-05-07,STR018,PRD0044,895,108,143,860,R5,1.0,0
2023-07-30,STR023,PRD0061,862,369,441,790,R5,2.64,0
2024-02-11,STR040,PRD0032,265,388,294,359,R2,3.74,0
2023-03-19,STR045,PRD0151,160,476,180,456,R4,3.41,0
2024-01-14,STR033,PRD0030,306,251,238,319,R1,1.83,0
2023-07-02,STR047,PRD0044,131,480,399,212,R2,4.05,0
2023-10-08,STR019,PRD0030,979,487,34,1432,R3,3.81,0
2023-10-15,STR021,PRD0137,614,34,497,151,R3,4.5,0
2024-05-26,STR030,PRD0121,508,315,365,458,R5,1.88,0
2023-10-01,STR007,PRD0077,246,128,162,212,R5,0.78,0
2024-11-24,STR001,PRD0096,719,81,106,694,R2,1.48,0
2023-01-22,STR014,PRD0120,159,295,195,259,R5,4.31,0
2023-07-16,STR026,PRD0150,480,477,583,374,R3,4.95,0
2023-10-29,STR024,PRD0040,775,268,226,817,R5,3.66,0
2023-05-07,STR020,PRD0123,750,10,384,376,R3,0.76,0
2024-09-08,STR013,PRD0150,220,163,264,119,R2,2.49,0
2024-12-08,STR020,PRD0019,362,10,190,182,R3,1.46,0
2024-07-14,STR043,PRD0154,785,311,488,608,R1,0.47,0
