CUST_NUM,Accessory,status,amount,renewal
CUST83481,Earphones,PENDING,269,YES
CUST83481,Bluetooth Speaker,PENDING,2810,NO
CUST83481,Smart Watch,ACTIVE,2947,NO
CUST83481,Power Bank,ACTIVE,2347,YES
CUST83481,Phone Stand,PENDING,2800,YES
CUST83481,Bluetooth Speaker,EXPIRED,1899,NO
CUST83481,Charger,PENDING,3063,YES
CUST83481,Memory Card,ACTIVE,4233,NO
CUST83481,Screen Guard,ACTIVE,3845,NO
CUST83481,Smart Watch,ACTIVE,4156,YES
CUST83481,Memory Card,PENDING,272,YES
CUST83481,USB Cable,EXPIRED,4392,YES
CUST83481,Phone Stand,ACTIVE,665,YES
CUST36378,Power Bank,PENDING,4774,NO
CUST36378,Memory Card,ACTIVE,3516,NO
CUST36378,Charger,PENDING,3441,YES
CUST36378,Screen Guard,PENDING,4408,NO
CUST36378,Memory Card,ACTIVE,2921,YES
CUST36378,Phone Stand,PENDING,3479,YES
CUST36378,Screen Guard,EXPIRED,4225,YES
CUST36378,Charger,ACTIVE,321,NO
CUST36378,Smart Watch,EXPIRED,3829,YES
CUST74936,Bluetooth Speaker,ACTIVE,4435,YES
CUST74936,Power Bank,EXPIRED,587,NO
CUST74936,Power Bank,ACTIVE,1737,YES
CUST74936,Memory Card,EXPIRED,2497,NO
CUST74936,Power Bank,ACTIVE,3896,NO
CUST74936,Charger,ACTIVE,4460,YES
CUST74936,USB Cable,PENDING,3285,YES
CUST74936,Bluetooth Speaker,PENDING,3347,NO
CUST66647,Power Bank,PENDING,640,NO
CUST66647,Earphones,PENDING,116,NO
CUST66647,Screen Guard,ACTIVE,1891,YES
CUST66647,Screen Guard,PENDING,1073,NO
CUST66647,Memory Card,EXPIRED,4759,NO
CUST66647,Mobile Cover,PENDING,2469,NO
CUST66647,Screen Guard,ACTIVE,4593,NO
CUST66647,Screen Guard,ACTIVE,3378,YES
CUST66647,Screen Guard,PENDING,233,YES
CUST66647,Smart Watch,EXPIRED,4985,YES
CUST66647,Screen Guard,PENDING,4460,NO
CUST90755,Power Bank,EXPIRED,2630,YES
CUST90755,Smart Watch,PENDING,2852,YES
CUST90755,Memory Card,EXPIRED,2722,YES
CUST90755,Bluetooth Speaker,EXPIRED,1053,YES
CUST90755,Earphones,PENDING,1616,NO
CUST90755,Smart Watch,EXPIRED,1155,YES
CUST90755,Memory Card,EXPIRED,1096,YES
CUST90755,Charger,EXPIRED,3033,NO
CUST90755,Screen Guard,PENDING,4787,YES
CUST90755,Bluetooth Speaker,ACTIVE,2550,NO
CUST90755,Memory Card,EXPIRED,3438,NO
CUST90755,Memory Card,EXPIRED,2515,NO
CUST90755,Screen Guard,EXPIRED,3453,NO
CUST49313,Charger,EXPIRED,723,NO
CUST49313,Smart Watch,EXPIRED,3177,YES
CUST49313,USB Cable,PENDING,4233,NO
CUST49313,USB Cable,PENDING,3287,NO
CUST49313,Power Bank,EXPIRED,816,YES
CUST49313,Smart Watch,PENDING,1878,NO
CUST49313,Earphones,EXPIRED,4361,NO
CUST22689,Memory Card,ACTIVE,1527,NO
CUST22689,Screen Guard,ACTIVE,1796,NO
CUST22689,Mobile Cover,EXPIRED,1230,NO
CUST22689,Phone Stand,ACTIVE,4820,NO
CUST22689,USB Cable,ACTIVE,4214,NO
CUST22689,Charger,EXPIRED,1899,YES
CUST22689,Mobile Cover,PENDING,400,YES
CUST22689,Power Bank,ACTIVE,2847,YES
CUST22689,Mobile Cover,PENDING,1274,NO
CUST22689,Smart Watch,EXPIRED,2327,NO
CUST22689,Smart Watch,ACTIVE,1771,NO
CUST22689,Charger,ACTIVE,2592,NO
CUST22689,Charger,ACTIVE,4186,YES
CUST22689,Memory Card,PENDING,4594,NO
CUST86570,Bluetooth Speaker,PENDING,4187,YES
CUST86570,Charger,EXPIRED,499,YES
CUST86570,Earphones,PENDING,3200,YES
CUST86570,Screen Guard,ACTIVE,2218,YES
CUST86570,Memory Card,EXPIRED,3566,YES
CUST86570,Phone Stand,PENDING,4307,YES
CUST86570,Charger,ACTIVE,1138,YES
CUST86570,Phone Stand,ACTIVE,3971,YES
CUST86570,Screen Guard,EXPIRED,1869,YES
CUST74874,Screen Guard,PENDING,4092,NO
CUST74874,Memory Card,PENDING,3668,YES
CUST74874,Screen Guard,EXPIRED,3262,NO
CUST74874,Smart Watch,ACTIVE,1144,YES
CUST74874,USB Cable,EXPIRED,754,NO
CUST74874,USB Cable,PENDING,2695,YES
CUST74874,Power Bank,ACTIVE,3606,YES
CUST74874,Charger,ACTIVE,3151,YES
CUST74874,Earphones,PENDING,634,YES
CUST74874,Charger,EXPIRED,664,YES
CUST74874,Charger,PENDING,355,NO
CUST74874,Power Bank,ACTIVE,4849,YES
CUST74874,Screen Guard,EXPIRED,2184,NO
CUST89636,Smart Watch,ACTIVE,1685,NO
CUST89636,Charger,PENDING,2610,YES
CUST89636,Phone Stand,PENDING,3666,NO
CUST89636,Earphones,EXPIRED,4621,NO
CUST89636,Screen Guard,EXPIRED,1162,YES
CUST89636,Bluetooth Speaker,EXPIRED,3869,YES
CUST89636,Earphones,PENDING,4231,NO
CUST98498,Screen Guard,EXPIRED,385,YES
CUST98498,Smart Watch,EXPIRED,4177,NO
CUST98498,Phone Stand,ACTIVE,3226,NO
CUST98498,Mobile Cover,EXPIRED,2837,NO
CUST98498,Bluetooth Speaker,ACTIVE,3693,NO
CUST63710,Power Bank,EXPIRED,2509,NO
CUST63710,Mobile Cover,EXPIRED,4951,NO
CUST63710,Earphones,ACTIVE,2449,NO
CUST63710,Memory Card,EXPIRED,2978,YES
CUST63710,Mobile Cover,ACTIVE,2100,YES
CUST63710,Phone Stand,ACTIVE,2472,YES
CUST63710,Phone Stand,ACTIVE,1397,NO
CUST63710,USB Cable,EXPIRED,1293,YES
CUST63710,Mobile Cover,PENDING,3008,YES
CUST63710,Mobile Cover,EXPIRED,389,NO
CUST83314,Mobile Cover,PENDING,4783,YES
CUST83314,Power Bank,EXPIRED,664,YES
CUST83314,Phone Stand,PENDING,134,YES
CUST83314,Earphones,PENDING,2665,NO
CUST83314,Screen Guard,PENDING,2849,YES
CUST83314,USB Cable,EXPIRED,1688,NO
CUST90109,Bluetooth Speaker,PENDING,3921,YES
CUST90109,USB Cable,PENDING,4151,NO
CUST90109,Phone Stand,PENDING,1910,YES
CUST90109,Phone Stand,EXPIRED,1576,YES
CUST90109,Bluetooth Speaker,ACTIVE,2444,NO
CUST90109,Power Bank,ACTIVE,2523,YES
CUST90109,USB Cable,ACTIVE,4908,YES
CUST90109,Smart Watch,PENDING,4941,NO
CUST90109,Earphones,PENDING,922,NO
CUST90109,Earphones,EXPIRED,4058,YES
CUST52966,Mobile Cover,EXPIRED,1345,NO
CUST52966,Bluetooth Speaker,EXPIRED,2850,YES
CUST52966,USB Cable,PENDING,4652,YES
CUST52966,Smart Watch,ACTIVE,2305,NO
CUST52966,Phone Stand,PENDING,3410,NO
CUST52966,Memory Card,PENDING,1422,YES
CUST52966,Power Bank,ACTIVE,4505,YES
CUST52966,Phone Stand,ACTIVE,4024,YES
CUST52966,Charger,EXPIRED,2837,NO
CUST52966,USB Cable,PENDING,2373,YES
CUST72581,Earphones,ACTIVE,2819,YES
CUST72581,Power Bank,ACTIVE,1716,YES
CUST72581,Memory Card,ACTIVE,2773,YES
CUST72581,Mobile Cover,PENDING,2465,NO
CUST72581,Memory Card,PENDING,2278,NO
CUST74134,USB Cable,ACTIVE,1122,NO
CUST74134,Phone Stand,PENDING,3066,YES
CUST74134,Earphones,PENDING,2277,YES
CUST74134,Memory Card,ACTIVE,1959,NO
CUST74134,USB Cable,EXPIRED,2151,NO
CUST74955,Bluetooth Speaker,ACTIVE,3262,NO
CUST74955,Charger,ACTIVE,3060,NO
CUST74955,Smart Watch,PENDING,2525,YES
CUST74955,Smart Watch,ACTIVE,2808,YES
CUST74955,Mobile Cover,PENDING,1846,NO
CUST74955,Mobile Cover,ACTIVE,2846,YES
CUST74955,Earphones,ACTIVE,219,NO
CUST74955,Screen Guard,EXPIRED,1038,YES
CUST74955,USB Cable,PENDING,2551,YES
CUST74955,Screen Guard,PENDING,1386,NO
CUST74955,Smart Watch,PENDING,1624,NO
CUST74955,Power Bank,PENDING,4362,NO
CUST74955,Phone Stand,PENDING,3502,NO
CUST74955,Earphones,EXPIRED,1897,NO
CUST74955,Power Bank,PENDING,1263,YES
CUST14051,Screen Guard,ACTIVE,3616,NO
CUST14051,Charger,ACTIVE,2591,YES
CUST14051,Power Bank,PENDING,4026,YES
CUST14051,Mobile Cover,EXPIRED,3858,YES
CUST14051,Bluetooth Speaker,PENDING,478,YES
CUST14051,Phone Stand,PENDING,277,NO
CUST14051,Screen Guard,EXPIRED,1144,YES
CUST14051,Phone Stand,EXPIRED,2006,YES
CUST67117,Phone Stand,PENDING,176,NO
CUST67117,Smart Watch,ACTIVE,3615,YES
CUST67117,Mobile Cover,PENDING,905,YES
CUST67117,Phone Stand,ACTIVE,2860,NO
CUST67117,Smart Watch,PENDING,1782,YES
CUST67117,Smart Watch,ACTIVE,2508,NO
CUST67117,USB Cable,PENDING,3228,YES
CUST67117,Phone Stand,EXPIRED,3285,YES
CUST67117,Charger,PENDING,3826,NO
CUST67117,Memory Card,PENDING,986,NO
CUST67117,Bluetooth Speaker,PENDING,2678,YES
CUST67117,Bluetooth Speaker,ACTIVE,2690,YES
CUST67117,Phone Stand,PENDING,3507,NO
CUST67117,Bluetooth Speaker,PENDING,1390,YES
CUST67117,Memory Card,ACTIVE,3122,NO
CUST66739,Phone Stand,ACTIVE,2094,YES
CUST66739,Earphones,EXPIRED,3082,YES
CUST66739,Memory Card,EXPIRED,503,NO
CUST66739,Mobile Cover,PENDING,1485,YES
CUST66739,Screen Guard,ACTIVE,1736,NO
CUST66739,Bluetooth Speaker,PENDING,3999,YES
CUST66739,Mobile Cover,ACTIVE,3302,NO
CUST66739,Bluetooth Speaker,ACTIVE,4514,NO
CUST66739,Smart Watch,PENDING,2170,NO
CUST52869,Smart Watch,EXPIRED,2526,NO
CUST52869,Earphones,EXPIRED,4841,YES
CUST52869,USB Cable,EXPIRED,789,NO
CUST52869,Earphones,PENDING,1680,NO
CUST52869,Mobile Cover,PENDING,3999,YES
CUST52869,USB Cable,ACTIVE,3619,NO
CUST52869,Power Bank,PENDING,3175,NO
CUST52869,Memory Card,ACTIVE,850,NO
CUST52869,Mobile Cover,PENDING,3293,NO
CUST52869,USB Cable,PENDING,248,NO
CUST52869,Memory Card,EXPIRED,4100,NO
CUST52869,Power Bank,ACTIVE,4541,NO
CUST52869,Charger,EXPIRED,3934,NO
CUST76112,Mobile Cover,ACTIVE,1402,YES
CUST76112,Memory Card,EXPIRED,2421,YES
CUST76112,Mobile Cover,PENDING,4611,YES
CUST76112,Earphones,ACTIVE,696,YES
CUST76112,Charger,PENDING,1485,NO
CUST76112,Charger,PENDING,1728,YES
CUST76112,Mobile Cover,EXPIRED,4002,YES
CUST76112,Power Bank,PENDING,3760,NO
CUST76112,Power Bank,ACTIVE,4270,NO
CUST76112,Smart Watch,ACTIVE,2475,NO
CUST76112,Earphones,PENDING,3665,NO
CUST76112,Memory Card,ACTIVE,1028,NO
CUST76112,Phone Stand,ACTIVE,1122,NO
CUST76112,Earphones,PENDING,4807,NO
CUST56670,Mobile Cover,PENDING,3289,NO
CUST56670,Charger,ACTIVE,4415,NO
CUST56670,Phone Stand,PENDING,1345,NO
CUST56670,Bluetooth Speaker,EXPIRED,3961,YES
CUST56670,Screen Guard,EXPIRED,3443,YES
CUST56670,Phone Stand,PENDING,3357,NO
CUST56670,Memory Card,ACTIVE,4576,YES
CUST56670,USB Cable,EXPIRED,2948,NO
CUST37108,USB Cable,ACTIVE,4589,NO
CUST37108,Power Bank,PENDING,4281,NO
CUST37108,Screen Guard,PENDING,3535,YES
CUST37108,Memory Card,PENDING,1581,YES
CUST37108,Mobile Cover,PENDING,2637,NO
CUST37108,USB Cable,PENDING,1225,NO
CUST37108,Earphones,ACTIVE,4649,YES
CUST37108,Mobile Cover,EXPIRED,4722,NO
CUST33386,Phone Stand,PENDING,1524,NO
CUST33386,Mobile Cover,PENDING,1515,NO
CUST33386,Mobile Cover,PENDING,278,YES
CUST33386,Smart Watch,PENDING,2152,YES
CUST33386,Power Bank,PENDING,2547,NO
CUST33386,Charger,ACTIVE,1569,NO
CUST33386,Earphones,ACTIVE,4536,NO
CUST33386,Earphones,ACTIVE,1067,YES
CUST33386,Memory Card,EXPIRED,1301,NO
CUST33386,Mobile Cover,EXPIRED,1212,YES
CUST39456,Memory Card,ACTIVE,3045,YES
CUST39456,Bluetooth Speaker,EXPIRED,1158,YES
CUST39456,Charger,EXPIRED,3683,NO
CUST39456,USB Cable,ACTIVE,2352,YES
CUST39456,Memory Card,ACTIVE,3135,NO
CUST10300,Earphones,PENDING,1272,NO
CUST10300,Mobile Cover,PENDING,2095,NO
CUST10300,Power Bank,PENDING,4256,NO
CUST10300,Mobile Cover,EXPIRED,3799,NO
CUST10300,Memory Card,ACTIVE,627,YES
CUST10300,Smart Watch,EXPIRED,2951,NO
CUST10300,Earphones,EXPIRED,2233,NO
CUST10300,USB Cable,ACTIVE,723,YES
CUST10300,Screen Guard,EXPIRED,4533,YES
CUST10300,USB Cable,EXPIRED,1500,NO
CUST10300,Power Bank,EXPIRED,963,YES
CUST10300,Screen Guard,PENDING,3753,YES
CUST10300,Phone Stand,PENDING,1223,NO
CUST63074,USB Cable,ACTIVE,2567,NO
CUST63074,Memory Card,PENDING,2108,NO
CUST63074,Power Bank,ACTIVE,1216,NO
CUST63074,Phone Stand,PENDING,342,NO
CUST63074,Charger,PENDING,2232,YES
CUST63074,Earphones,EXPIRED,1252,YES
CUST63074,Earphones,PENDING,4544,YES
CUST24424,Screen Guard,PENDING,1136,YES
CUST24424,Power Bank,EXPIRED,1601,YES
CUST24424,Memory Card,EXPIRED,453,YES
CUST24424,Phone Stand,ACTIVE,182,NO
CUST24424,Screen Guard,EXPIRED,2793,YES
CUST26255,Memory Card,PENDING,2889,NO
CUST26255,Screen Guard,PENDING,1092,YES
CUST26255,Smart Watch,PENDING,3303,NO
CUST26255,Power Bank,EXPIRED,4142,NO
CUST26255,Bluetooth Speaker,EXPIRED,1045,YES
CUST26255,Power Bank,PENDING,1892,NO
CUST26255,Phone Stand,EXPIRED,2714,YES
CUST26255,Screen Guard,PENDING,265,NO
CUST26255,Power Bank,ACTIVE,1552,NO
CUST26255,Bluetooth Speaker,ACTIVE,2045,YES
CUST26255,Phone Stand,EXPIRED,1839,NO
CUST26255,Smart Watch,EXPIRED,3630,YES
CUST35462,Smart Watch,EXPIRED,445,YES
CUST35462,Screen Guard,EXPIRED,3040,YES
CUST35462,Memory Card,EXPIRED,3509,YES
CUST35462,Charger,PENDING,3257,YES
CUST35462,Bluetooth Speaker,PENDING,1906,YES
CUST35462,Mobile Cover,PENDING,629,NO
CUST11840,Earphones,PENDING,1826,NO
CUST11840,Smart Watch,PENDING,3557,NO
CUST11840,Smart Watch,EXPIRED,3339,YES
CUST11840,Mobile Cover,ACTIVE,1574,NO
CUST11840,Charger,ACTIVE,3473,YES
CUST11840,Charger,EXPIRED,750,NO
CUST11840,Smart Watch,EXPIRED,4001,YES
CUST67348,Bluetooth Speaker,PENDING,2606,NO
CUST67348,Smart Watch,PENDING,1711,YES
CUST67348,Charger,PENDING,1000,NO
CUST67348,Smart Watch,EXPIRED,769,NO
CUST67348,Phone Stand,EXPIRED,4080,NO
CUST67348,USB Cable,EXPIRED,2887,YES
CUST40841,Phone Stand,PENDING,3898,YES
CUST40841,Bluetooth Speaker,ACTIVE,3240,YES
CUST40841,Earphones,PENDING,3579,NO
CUST40841,Mobile Cover,EXPIRED,3554,NO
CUST40841,Mobile Cover,PENDING,4076,NO
CUST40841,Mobile Cover,EXPIRED,3781,NO
CUST93954,Mobile Cover,EXPIRED,4642,YES
CUST93954,Bluetooth Speaker,PENDING,2298,YES
CUST93954,Phone Stand,PENDING,2823,YES
CUST93954,Smart Watch,ACTIVE,2098,YES
CUST93954,Phone Stand,ACTIVE,459,NO
CUST93954,Charger,ACTIVE,4849,NO
CUST93954,Screen Guard,EXPIRED,1336,YES
CUST93954,USB Cable,EXPIRED,1035,NO
CUST93954,Earphones,EXPIRED,1470,YES
CUST93954,Earphones,EXPIRED,444,NO
CUST93954,Smart Watch,PENDING,1524,NO
CUST93954,Smart Watch,EXPIRED,357,NO
CUST93954,Earphones,PENDING,4277,YES
CUST33844,USB Cable,EXPIRED,4977,NO
CUST33844,Bluetooth Speaker,EXPIRED,2337,YES
CUST33844,Mobile Cover,EXPIRED,843,YES
CUST33844,Mobile Cover,ACTIVE,2839,YES
CUST33844,Bluetooth Speaker,ACTIVE,4543,YES
CUST33844,Bluetooth Speaker,EXPIRED,457,NO
CUST33844,Memory Card,ACTIVE,782,YES
CUST33844,Bluetooth Speaker,EXPIRED,1036,YES
CUST33844,Memory Card,ACTIVE,3587,YES
CUST33844,USB Cable,PENDING,2555,NO
CUST33844,Memory Card,ACTIVE,3614,YES
CUST33844,Mobile Cover,EXPIRED,706,NO
CUST33844,Mobile Cover,PENDING,4576,NO
CUST86883,Earphones,PENDING,4548,NO
CUST86883,Smart Watch,PENDING,772,YES
CUST86883,USB Cable,EXPIRED,4479,NO
CUST86883,Memory Card,PENDING,3790,NO
CUST86883,Power Bank,ACTIVE,1815,NO
CUST86883,Power Bank,ACTIVE,240,YES
CUST86883,Smart Watch,EXPIRED,3445,NO
CUST86883,Memory Card,EXPIRED,4711,YES
CUST86883,Bluetooth Speaker,ACTIVE,3001,YES
CUST86883,Smart Watch,EXPIRED,1110,YES
CUST86883,USB Cable,PENDING,509,YES
CUST86883,USB Cable,EXPIRED,4265,NO
CUST86883,Memory Card,ACTIVE,3661,YES
CUST62566,Bluetooth Speaker,PENDING,1491,YES
CUST62566,Earphones,PENDING,888,YES
CUST62566,USB Cable,ACTIVE,1279,NO
CUST62566,Memory Card,EXPIRED,2840,NO
CUST62566,Charger,EXPIRED,464,YES
CUST62566,Earphones,ACTIVE,3993,NO
CUST62566,Charger,PENDING,4618,YES
CUST62566,Smart Watch,EXPIRED,2451,NO
CUST62566,Earphones,ACTIVE,967,NO
CUST62566,Bluetooth Speaker,EXPIRED,1982,YES
CUST19785,Smart Watch,EXPIRED,1392,YES
CUST19785,Charger,ACTIVE,2026,NO
CUST19785,Mobile Cover,ACTIVE,3658,YES
CUST19785,Mobile Cover,PENDING,552,YES
CUST19785,Power Bank,PENDING,4027,YES
CUST19785,Bluetooth Speaker,EXPIRED,4038,YES
CUST19785,Screen Guard,EXPIRED,1995,NO
CUST19785,Phone Stand,EXPIRED,3351,YES
CUST19952,Smart Watch,ACTIVE,518,YES
CUST19952,Mobile Cover,PENDING,1755,YES
CUST19952,Earphones,ACTIVE,417,YES
CUST19952,Earphones,ACTIVE,920,NO
CUST19952,Charger,EXPIRED,2866,YES
CUST19952,Memory Card,ACTIVE,3057,NO
CUST19952,Charger,ACTIVE,2421,YES
CUST19952,Phone Stand,EXPIRED,2275,NO
CUST19952,USB Cable,PENDING,4944,NO
CUST19952,USB Cable,EXPIRED,2534,NO
CUST19952,Mobile Cover,EXPIRED,3265,NO
CUST19952,USB Cable,EXPIRED,623,YES
CUST63970,Bluetooth Speaker,EXPIRED,3489,YES
CUST63970,USB Cable,PENDING,4965,YES
CUST63970,Power Bank,EXPIRED,3153,NO
CUST63970,Charger,PENDING,3777,NO
CUST63970,Earphones,EXPIRED,4130,YES
CUST63970,Screen Guard,ACTIVE,4445,NO
CUST63970,Phone Stand,PENDING,2027,NO
CUST63970,Memory Card,ACTIVE,3262,YES
CUST63970,Memory Card,PENDING,4788,YES
CUST63970,Mobile Cover,EXPIRED,280,YES
CUST63970,Charger,EXPIRED,305,YES
CUST63970,Mobile Cover,PENDING,3176,YES
CUST63970,Bluetooth Speaker,PENDING,1059,YES
CUST63970,Mobile Cover,PENDING,3723,NO
CUST94579,Memory Card,ACTIVE,2369,YES
CUST94579,Screen Guard,PENDING,3378,NO
CUST94579,Earphones,ACTIVE,3478,NO
CUST94579,Memory Card,EXPIRED,2603,YES
CUST94579,USB Cable,PENDING,2225,YES
CUST94579,Earphones,EXPIRED,1511,NO
CUST94579,Screen Guard,ACTIVE,246,YES
CUST94579,Phone Stand,EXPIRED,3714,NO
CUST94579,Bluetooth Speaker,EXPIRED,1282,NO
CUST94579,USB Cable,ACTIVE,4386,YES
CUST88715,Phone Stand,PENDING,1300,YES
CUST88715,Mobile Cover,ACTIVE,2654,YES
CUST88715,Smart Watch,EXPIRED,1030,YES
CUST88715,USB Cable,PENDING,2278,YES
CUST88715,Smart Watch,EXPIRED,2642,YES
CUST85004,Power Bank,PENDING,2511,NO
CUST85004,Mobile Cover,EXPIRED,1965,YES
CUST85004,Smart Watch,ACTIVE,3719,YES
CUST85004,Earphones,ACTIVE,4000,YES
CUST85004,Earphones,ACTIVE,1258,YES
CUST85004,Smart Watch,PENDING,3541,NO
CUST85004,Earphones,EXPIRED,1918,YES
CUST85004,Screen Guard,PENDING,376,NO
CUST85004,Smart Watch,EXPIRED,3566,YES
CUST85004,Power Bank,ACTIVE,1879,NO
CUST54753,Earphones,ACTIVE,3429,YES
CUST54753,Screen Guard,PENDING,190,NO
CUST54753,Mobile Cover,PENDING,642,YES
CUST54753,Memory Card,EXPIRED,1699,YES
CUST54753,Bluetooth Speaker,EXPIRED,2593,YES
CUST54753,Bluetooth Speaker,ACTIVE,4172,YES
CUST54753,Memory Card,ACTIVE,4569,NO
CUST54753,Power Bank,EXPIRED,4902,NO
CUST54753,Bluetooth Speaker,EXPIRED,2311,NO
CUST54753,Earphones,EXPIRED,317,YES
CUST54753,Smart Watch,EXPIRED,383,NO
CUST54753,Charger,EXPIRED,3084,NO
CUST54753,Earphones,EXPIRED,1918,NO
CUST43980,Power Bank,PENDING,2911,NO
CUST43980,Earphones,PENDING,1085,YES
CUST43980,Earphones,ACTIVE,1362,YES
CUST43980,Mobile Cover,EXPIRED,3900,YES
CUST43980,Screen Guard,EXPIRED,3162,YES
CUST43980,Bluetooth Speaker,EXPIRED,2341,NO
CUST43980,Earphones,ACTIVE,4911,YES
CUST43980,Power Bank,PENDING,2006,NO
CUST43980,Memory Card,ACTIVE,1746,NO
CUST43980,Memory Card,PENDING,674,NO
CUST43980,Earphones,EXPIRED,3668,YES
CUST43980,Screen Guard,EXPIRED,3600,YES
CUST43980,Power Bank,EXPIRED,251,YES
CUST43980,Bluetooth Speaker,PENDING,2926,NO
CUST45129,Smart Watch,ACTIVE,4344,YES
CUST45129,Memory Card,PENDING,2434,YES
CUST45129,Power Bank,PENDING,4217,NO
CUST45129,Memory Card,ACTIVE,1437,NO
CUST45129,Memory Card,ACTIVE,3813,NO
CUST45129,Mobile Cover,PENDING,2027,YES
CUST45129,Charger,PENDING,1073,YES
CUST45129,Smart Watch,PENDING,3693,YES
CUST45129,Bluetooth Speaker,EXPIRED,3937,NO
CUST45129,Power Bank,PENDING,2256,YES
CUST45129,Screen Guard,EXPIRED,3418,YES
CUST45129,Phone Stand,ACTIVE,3003,YES
CUST45129,Charger,ACTIVE,4305,NO
CUST81763,USB Cable,ACTIVE,1048,YES
CUST81763,Bluetooth Speaker,PENDING,472,YES
CUST81763,Screen Guard,ACTIVE,3037,NO
CUST81763,USB Cable,ACTIVE,1428,NO
CUST81763,Power Bank,EXPIRED,748,NO
CUST81763,Bluetooth Speaker,ACTIVE,4942,YES
CUST81763,Charger,EXPIRED,2707,YES
CUST58892,Smart Watch,ACTIVE,244,YES
CUST58892,Earphones,ACTIVE,1608,NO
CUST58892,Memory Card,ACTIVE,798,YES
CUST58892,Phone Stand,PENDING,3600,NO
CUST58892,Screen Guard,EXPIRED,1031,NO
CUST58892,Phone Stand,ACTIVE,1481,YES
CUST58892,Phone Stand,PENDING,2078,YES
CUST58892,Power Bank,PENDING,2734,NO
CUST58892,Mobile Cover,PENDING,4072,NO
CUST58892,Smart Watch,PENDING,3917,YES
CUST58892,Earphones,PENDING,1403,NO
CUST58892,Phone Stand,EXPIRED,4665,YES
CUST58892,Screen Guard,PENDING,922,NO
CUST58892,Power Bank,PENDING,2038,NO
CUST99061,Screen Guard,EXPIRED,838,NO
CUST99061,Bluetooth Speaker,ACTIVE,1724,YES
CUST99061,USB Cable,EXPIRED,3414,YES
CUST99061,Memory Card,PENDING,105,YES
CUST99061,Bluetooth Speaker,EXPIRED,4336,YES
CUST99061,Memory Card,ACTIVE,2818,NO
CUST99061,Earphones,ACTIVE,477,YES
CUST99061,Earphones,PENDING,4052,YES
CUST99061,Mobile Cover,ACTIVE,4887,YES
CUST99061,Memory Card,PENDING,1639,YES
CUST99061,Mobile Cover,PENDING,130,YES
CUST99061,Power Bank,ACTIVE,4963,YES
CUST99061,Memory Card,ACTIVE,4752,YES
CUST99061,Bluetooth Speaker,ACTIVE,2377,NO
CUST89641,Phone Stand,PENDING,4277,YES
CUST89641,Bluetooth Speaker,ACTIVE,4782,YES
CUST89641,Charger,PENDING,1035,NO
CUST89641,Charger,PENDING,602,YES
CUST89641,Bluetooth Speaker,PENDING,3389,NO
CUST95401,Charger,EXPIRED,2356,YES
CUST95401,Memory Card,ACTIVE,4200,NO
CUST95401,Screen Guard,ACTIVE,784,YES
CUST95401,USB Cable,PENDING,914,YES
CUST95401,Smart Watch,PENDING,4596,NO
CUST95401,Smart Watch,EXPIRED,2351,NO
CUST95401,Screen Guard,PENDING,2862,YES
CUST95401,Phone Stand,EXPIRED,1044,NO
CUST95401,Memory Card,ACTIVE,4484,YES
CUST95401,USB Cable,EXPIRED,4141,NO
CUST95401,Charger,ACTIVE,3862,NO
CUST95401,Power Bank,EXPIRED,719,YES
CUST95401,Charger,EXPIRED,2182,NO
CUST95401,Memory Card,PENDING,2463,NO
CUST95401,Charger,EXPIRED,4513,YES
CUST62276,Charger,ACTIVE,1801,NO
CUST62276,Screen Guard,PENDING,4447,YES
CUST62276,Memory Card,PENDING,810,NO
CUST62276,Charger,ACTIVE,4817,NO
CUST62276,Mobile Cover,PENDING,2547,NO
CUST62276,Phone Stand,EXPIRED,3312,YES
CUST10029,Earphones,PENDING,1021,YES
CUST10029,Earphones,EXPIRED,2527,YES
CUST10029,Bluetooth Speaker,ACTIVE,1317,YES
CUST10029,Screen Guard,EXPIRED,4323,NO
CUST10029,Phone Stand,EXPIRED,1245,YES
CUST10029,Charger,EXPIRED,1456,YES
CUST10029,Charger,EXPIRED,2740,NO
CUST10029,Mobile Cover,ACTIVE,4496,NO
CUST10029,Charger,EXPIRED,686,NO
CUST10029,Phone Stand,PENDING,3354,YES
CUST10029,Charger,EXPIRED,4775,YES
CUST10029,Charger,EXPIRED,4038,NO
CUST80549,Bluetooth Speaker,EXPIRED,3542,NO
CUST80549,Phone Stand,PENDING,2411,YES
CUST80549,USB Cable,PENDING,2063,YES
CUST80549,Mobile Cover,EXPIRED,1785,NO
CUST80549,Charger,ACTIVE,3861,NO
CUST80549,Mobile Cover,EXPIRED,292,YES
CUST67063,Phone Stand,ACTIVE,4883,YES
CUST67063,Screen Guard,EXPIRED,2444,NO
CUST67063,Memory Card,PENDING,1408,NO
CUST67063,Earphones,ACTIVE,295,NO
CUST67063,Phone Stand,EXPIRED,3636,YES
CUST67063,Earphones,EXPIRED,2751,NO
CUST67063,Charger,EXPIRED,2660,YES
CUST67063,Earphones,PENDING,4962,NO
CUST67063,Phone Stand,PENDING,3831,NO
CUST67063,Charger,PENDING,3513,YES
CUST67063,USB Cable,PENDING,3374,NO
CUST67063,Charger,ACTIVE,644,YES
CUST67063,Smart Watch,EXPIRED,2703,NO
CUST67063,Earphones,ACTIVE,3965,YES
CUST67063,Bluetooth Speaker,PENDING,2580,YES
CUST98863,Power Bank,PENDING,3967,YES
CUST98863,Memory Card,EXPIRED,708,NO
CUST98863,Screen Guard,EXPIRED,2809,NO
CUST98863,Mobile Cover,PENDING,1553,NO
CUST98863,USB Cable,ACTIVE,1091,NO
CUST47965,Power Bank,ACTIVE,3021,YES
CUST47965,Screen Guard,EXPIRED,830,YES
CUST47965,Phone Stand,PENDING,1244,NO
CUST47965,Phone Stand,ACTIVE,1055,NO
CUST47965,Phone Stand,ACTIVE,733,YES
CUST47965,Memory Card,EXPIRED,3801,NO
CUST47965,USB Cable,PENDING,626,NO
CUST47965,Earphones,PENDING,2437,YES
CUST47965,Mobile Cover,ACTIVE,3568,NO
CUST47965,Phone Stand,PENDING,652,NO
CUST47965,Earphones,EXPIRED,527,YES
CUST47965,Smart Watch,ACTIVE,2515,NO
CUST23520,Earphones,EXPIRED,2952,NO
CUST23520,Screen Guard,ACTIVE,1913,NO
CUST23520,USB Cable,ACTIVE,1418,NO
CUST23520,Bluetooth Speaker,PENDING,4113,NO
CUST23520,USB Cable,PENDING,1320,NO
CUST23520,Power Bank,ACTIVE,1981,NO
CUST23520,Charger,PENDING,910,NO
CUST23520,Mobile Cover,ACTIVE,1839,NO
CUST66782,Earphones,EXPIRED,3513,NO
CUST66782,Screen Guard,ACTIVE,985,NO
CUST66782,Screen Guard,PENDING,4685,NO
CUST66782,Power Bank,ACTIVE,2347,NO
CUST66782,Power Bank,ACTIVE,3204,YES
CUST66782,Screen Guard,PENDING,3422,NO
CUST66782,Phone Stand,EXPIRED,3581,YES
CUST66782,Memory Card,PENDING,1037,YES
CUST66782,Screen Guard,ACTIVE,1755,NO
CUST66782,Earphones,EXPIRED,2015,YES
CUST66782,Memory Card,EXPIRED,4816,NO
CUST66782,USB Cable,PENDING,4498,YES
CUST54546,Mobile Cover,PENDING,2470,NO
CUST54546,Smart Watch,PENDING,229,NO
CUST54546,Memory Card,ACTIVE,1233,NO
CUST54546,USB Cable,ACTIVE,3997,NO
CUST54546,Smart Watch,PENDING,3378,NO
CUST54546,Memory Card,ACTIVE,3488,YES
CUST54546,Mobile Cover,ACTIVE,2200,NO
CUST54546,Mobile Cover,PENDING,4325,NO
CUST79003,USB Cable,PENDING,2003,YES
CUST79003,Phone Stand,PENDING,3815,NO
CUST79003,Earphones,EXPIRED,3560,NO
CUST79003,Earphones,ACTIVE,1489,NO
CUST79003,Earphones,PENDING,3784,YES
CUST79003,Earphones,PENDING,4255,NO
CUST79003,Charger,PENDING,3351,NO
CUST79003,Memory Card,ACTIVE,1210,YES
CUST79003,USB Cable,ACTIVE,849,NO
CUST47089,Charger,PENDING,3615,NO
CUST47089,Phone Stand,ACTIVE,3428,YES
CUST47089,Screen Guard,EXPIRED,2416,NO
CUST47089,Charger,PENDING,3405,NO
CUST47089,Power Bank,EXPIRED,4610,NO
CUST47089,Smart Watch,ACTIVE,4995,NO
CUST47089,Screen Guard,PENDING,631,NO
CUST47089,Charger,ACTIVE,1914,NO
CUST47089,Phone Stand,ACTIVE,1696,YES
CUST47089,Power Bank,EXPIRED,475,NO
CUST47089,Charger,PENDING,532,NO
CUST47089,Power Bank,ACTIVE,217,YES
CUST47089,Phone Stand,PENDING,4239,YES
CUST45893,Bluetooth Speaker,ACTIVE,4152,NO
CUST45893,Phone Stand,PENDING,3276,NO
CUST45893,Memory Card,ACTIVE,3705,NO
CUST45893,Screen Guard,ACTIVE,3782,NO
CUST45893,USB Cable,PENDING,4681,NO
CUST45893,Bluetooth Speaker,ACTIVE,4125,NO
CUST45893,Memory Card,ACTIVE,2808,YES
CUST45893,Earphones,ACTIVE,4784,NO
CUST45893,Smart Watch,EXPIRED,4245,YES
CUST52013,Memory Card,EXPIRED,4340,NO
CUST52013,USB Cable,EXPIRED,1031,NO
CUST52013,USB Cable,ACTIVE,1663,NO
CUST52013,Smart Watch,EXPIRED,3524,YES
CUST52013,USB Cable,PENDING,3578,NO
CUST52013,Screen Guard,EXPIRED,317,YES
CUST52013,Smart Watch,ACTIVE,1418,YES
CUST52013,Mobile Cover,PENDING,3268,YES
CUST52013,Memory Card,PENDING,773,NO
CUST52013,Phone Stand,PENDING,4694,NO
CUST52013,USB Cable,PENDING,4815,YES
CUST52013,Smart Watch,EXPIRED,1064,NO
CUST52013,Phone Stand,EXPIRED,2002,NO
CUST52013,USB Cable,EXPIRED,3959,YES
CUST92479,Screen Guard,PENDING,3027,NO
CUST92479,Power Bank,PENDING,1962,YES
CUST92479,Power Bank,EXPIRED,1694,NO
CUST92479,Charger,ACTIVE,1972,NO
CUST92479,Phone Stand,ACTIVE,1778,NO
CUST92479,Earphones,PENDING,4803,NO
CUST92479,Power Bank,PENDING,4657,NO
CUST92479,USB Cable,PENDING,1267,NO
CUST21992,Smart Watch,ACTIVE,488,YES
CUST21992,Earphones,PENDING,3006,YES
CUST21992,Smart Watch,EXPIRED,137,YES
CUST21992,Phone Stand,PENDING,3624,YES
CUST21992,Bluetooth Speaker,PENDING,4322,NO
CUST21992,Power Bank,ACTIVE,2840,YES
CUST21992,Earphones,ACTIVE,1053,YES
CUST21992,Charger,EXPIRED,1432,YES
CUST21992,Screen Guard,PENDING,4069,YES
CUST21992,Screen Guard,PENDING,2588,YES
CUST21992,Mobile Cover,ACTIVE,4823,YES
CUST21992,Smart Watch,EXPIRED,722,YES
CUST21992,Mobile Cover,EXPIRED,1692,NO
CUST21992,Screen Guard,ACTIVE,2863,NO
CUST21992,Smart Watch,PENDING,415,YES
CUST18750,USB Cable,EXPIRED,1110,YES
CUST18750,Memory Card,PENDING,3721,NO
CUST18750,USB Cable,EXPIRED,2291,YES
CUST18750,Memory Card,EXPIRED,1804,YES
CUST18750,Screen Guard,EXPIRED,1031,NO
CUST54636,Phone Stand,PENDING,1713,NO
CUST54636,Earphones,EXPIRED,4780,YES
CUST54636,Power Bank,PENDING,3191,YES
CUST54636,Bluetooth Speaker,ACTIVE,2943,NO
CUST54636,Earphones,EXPIRED,3691,NO
CUST25547,Bluetooth Speaker,ACTIVE,4160,NO
CUST25547,Charger,PENDING,3197,NO
CUST25547,Earphones,PENDING,916,NO
CUST25547,Earphones,ACTIVE,4224,YES
CUST25547,Power Bank,ACTIVE,2506,NO
CUST25547,Phone Stand,PENDING,3959,YES
CUST25547,Phone Stand,PENDING,3705,YES
CUST25547,Memory Card,PENDING,3914,YES
CUST25547,Mobile Cover,PENDING,4466,NO
CUST25547,Power Bank,ACTIVE,3420,YES
CUST25547,Power Bank,PENDING,1963,NO
CUST22175,Smart Watch,PENDING,4847,YES
CUST22175,Mobile Cover,EXPIRED,3375,NO
CUST22175,Phone Stand,ACTIVE,4379,NO
CUST22175,Screen Guard,EXPIRED,805,NO
CUST22175,Mobile Cover,ACTIVE,606,YES
CUST22175,USB Cable,PENDING,2332,NO
CUST22175,Earphones,ACTIVE,1444,YES
CUST22175,Earphones,ACTIVE,4717,NO
CUST22175,Screen Guard,EXPIRED,4823,NO
CUST22175,Screen Guard,ACTIVE,3699,NO
CUST22175,Earphones,ACTIVE,4349,YES
CUST89149,Phone Stand,EXPIRED,4420,YES
CUST89149,Phone Stand,PENDING,1960,NO
CUST89149,Charger,EXPIRED,4713,NO
CUST89149,Smart Watch,PENDING,1250,YES
CUST89149,Screen Guard,ACTIVE,2139,NO
CUST89149,Phone Stand,PENDING,2339,NO
CUST89149,Mobile Cover,EXPIRED,1960,YES
CUST89149,Earphones,PENDING,2889,NO
CUST89149,Memory Card,EXPIRED,1427,YES
CUST89149,Phone Stand,ACTIVE,1090,NO
CUST89149,Charger,PENDING,4268,YES
CUST89149,Power Bank,EXPIRED,3305,NO
CUST89149,Screen Guard,PENDING,895,NO
CUST94146,Screen Guard,PENDING,3627,YES
CUST94146,Charger,PENDING,1728,NO
CUST94146,Power Bank,EXPIRED,3603,YES
CUST94146,Memory Card,PENDING,2655,NO
CUST94146,Smart Watch,PENDING,4472,YES
CUST94146,Bluetooth Speaker,EXPIRED,2769,YES
CUST62954,Bluetooth Speaker,ACTIVE,759,NO
CUST62954,Earphones,ACTIVE,3139,NO
CUST62954,USB Cable,EXPIRED,3866,NO
CUST62954,Earphones,PENDING,3013,YES
CUST62954,USB Cable,ACTIVE,3711,YES
CUST62954,Smart Watch,PENDING,1730,NO
CUST62954,USB Cable,PENDING,3642,YES
CUST62954,Charger,ACTIVE,231,NO
CUST62954,Memory Card,PENDING,704,NO
CUST38862,Mobile Cover,PENDING,1884,NO
CUST38862,Power Bank,ACTIVE,4873,YES
CUST38862,Mobile Cover,ACTIVE,3339,YES
CUST38862,Mobile Cover,PENDING,2030,NO
CUST38862,Smart Watch,PENDING,2417,NO
CUST38862,Smart Watch,EXPIRED,3716,NO
CUST38862,Smart Watch,EXPIRED,4323,NO
CUST38862,Phone Stand,PENDING,3759,YES
CUST38862,Charger,ACTIVE,3897,YES
CUST38862,USB Cable,ACTIVE,4919,NO
CUST38862,USB Cable,ACTIVE,1110,YES
CUST38862,Mobile Cover,ACTIVE,3634,YES
CUST38862,Smart Watch,EXPIRED,627,YES
CUST66675,Memory Card,ACTIVE,2632,YES
CUST66675,Charger,ACTIVE,1290,NO
CUST66675,Bluetooth Speaker,EXPIRED,4415,NO
CUST66675,Memory Card,EXPIRED,3698,YES
CUST66675,Power Bank,ACTIVE,1725,YES
CUST66675,Smart Watch,ACTIVE,1880,NO
CUST66675,Memory Card,ACTIVE,2451,NO
CUST66675,Memory Card,PENDING,4634,YES
CUST66675,USB Cable,PENDING,3210,NO
CUST66675,Bluetooth Speaker,PENDING,3606,NO
CUST66675,Power Bank,PENDING,478,YES
CUST66675,Smart Watch,PENDING,268,YES
CUST66675,Smart Watch,ACTIVE,1830,NO
CUST66675,Charger,ACTIVE,4953,NO
CUST66675,Power Bank,ACTIVE,1023,YES
CUST47883,Smart Watch,EXPIRED,4914,NO
CUST47883,Phone Stand,PENDING,2506,YES
CUST47883,Memory Card,EXPIRED,2809,NO
CUST47883,Charger,ACTIVE,858,NO
CUST47883,USB Cable,ACTIVE,200,YES
CUST47883,Smart Watch,ACTIVE,3763,NO
CUST47883,Memory Card,PENDING,3022,NO
CUST47883,Mobile Cover,EXPIRED,2628,YES
CUST47883,Phone Stand,PENDING,2031,YES
CUST47883,USB Cable,ACTIVE,2744,NO
CUST47883,USB Cable,ACTIVE,1152,NO
CUST47883,Mobile Cover,PENDING,3202,YES
CUST47883,Mobile Cover,PENDING,4181,YES
CUST47883,Screen Guard,PENDING,2728,NO
CUST14093,Earphones,ACTIVE,1202,NO
CUST14093,Earphones,EXPIRED,3752,YES
CUST14093,Memory Card,PENDING,3160,YES
CUST14093,Power Bank,ACTIVE,2327,YES
CUST14093,Screen Guard,ACTIVE,3665,NO
CUST14093,Smart Watch,PENDING,4790,NO
CUST14093,USB Cable,EXPIRED,581,NO
CUST14093,Bluetooth Speaker,ACTIVE,1778,YES
CUST87648,Screen Guard,ACTIVE,1563,NO
CUST87648,Phone Stand,PENDING,1916,NO
CUST87648,Earphones,ACTIVE,2493,YES
CUST87648,Mobile Cover,EXPIRED,330,NO
CUST87648,Mobile Cover,PENDING,944,YES
CUST87648,Bluetooth Speaker,PENDING,3018,YES
CUST87648,Phone Stand,ACTIVE,1198,YES
CUST87648,Phone Stand,PENDING,2683,YES
CUST87648,Mobile Cover,PENDING,1081,NO
CUST96712,Earphones,EXPIRED,1912,YES
CUST96712,Power Bank,ACTIVE,1971,YES
CUST96712,Memory Card,ACTIVE,3697,NO
CUST96712,Earphones,PENDING,2929,NO
CUST96712,Charger,ACTIVE,4960,NO
CUST96712,USB Cable,ACTIVE,452,YES
CUST96712,Memory Card,PENDING,3140,NO
CUST93753,Earphones,PENDING,3364,YES
CUST93753,Screen Guard,ACTIVE,4401,NO
CUST93753,Bluetooth Speaker,ACTIVE,2129,YES
CUST93753,Bluetooth Speaker,EXPIRED,2541,YES
CUST93753,Mobile Cover,ACTIVE,2279,YES
CUST93753,Memory Card,EXPIRED,1444,YES
CUST93753,Smart Watch,PENDING,1275,YES
CUST93753,Bluetooth Speaker,ACTIVE,1265,NO
CUST93753,Mobile Cover,PENDING,1939,YES
CUST93753,Phone Stand,ACTIVE,1688,YES
CUST93753,Memory Card,EXPIRED,2595,YES
CUST93753,Memory Card,PENDING,4382,NO
CUST68657,Mobile Cover,EXPIRED,3610,YES
CUST68657,Charger,EXPIRED,3877,YES
CUST68657,Charger,PENDING,1260,YES
CUST68657,USB Cable,EXPIRED,2011,YES
CUST68657,Memory Card,ACTIVE,4580,YES
CUST68657,Screen Guard,PENDING,3331,YES
CUST68657,Earphones,ACTIVE,1421,YES
CUST68657,Charger,EXPIRED,4980,YES
CUST68657,Bluetooth Speaker,EXPIRED,4439,NO
CUST68657,Memory Card,ACTIVE,2736,YES
CUST68657,Charger,EXPIRED,354,NO
CUST68657,Smart Watch,ACTIVE,3861,YES
CUST68657,USB Cable,ACTIVE,680,YES
CUST68657,Power Bank,PENDING,1304,YES
CUST40264,Mobile Cover,ACTIVE,3070,YES
CUST40264,Charger,ACTIVE,1404,NO
CUST40264,Earphones,PENDING,4094,YES
CUST40264,Power Bank,ACTIVE,1387,YES
CUST40264,Memory Card,PENDING,1152,YES
CUST40264,Earphones,PENDING,381,NO
CUST40264,Bluetooth Speaker,EXPIRED,3915,YES
CUST40264,USB Cable,PENDING,4808,YES
CUST40264,Smart Watch,PENDING,4876,NO
CUST40264,Bluetooth Speaker,ACTIVE,4717,NO
CUST40264,Bluetooth Speaker,EXPIRED,3916,YES
CUST40264,Bluetooth Speaker,ACTIVE,4674,NO
CUST17693,Smart Watch,ACTIVE,4836,YES
CUST17693,Smart Watch,EXPIRED,3025,YES
CUST17693,Memory Card,ACTIVE,2416,NO
CUST17693,Smart Watch,ACTIVE,1423,YES
CUST17693,Phone Stand,ACTIVE,1484,NO
CUST17693,Earphones,EXPIRED,4779,YES
CUST17693,Bluetooth Speaker,ACTIVE,887,NO
CUST17693,Earphones,PENDING,4948,YES
CUST17693,Charger,EXPIRED,152,YES
CUST17693,Earphones,EXPIRED,2455,NO
CUST17693,Earphones,PENDING,2747,YES
CUST17693,Mobile Cover,PENDING,1943,NO
CUST17693,Charger,ACTIVE,3725,NO
CUST34257,Power Bank,EXPIRED,895,NO
CUST34257,Power Bank,ACTIVE,3579,NO
CUST34257,Mobile Cover,ACTIVE,4254,NO
CUST34257,Smart Watch,EXPIRED,1329,YES
CUST34257,Power Bank,ACTIVE,1299,NO
CUST34257,Phone Stand,ACTIVE,2105,NO
CUST11159,Mobile Cover,ACTIVE,1826,YES
CUST11159,Smart Watch,EXPIRED,3746,NO
CUST11159,Earphones,ACTIVE,4150,NO
CUST11159,Screen Guard,EXPIRED,2762,NO
CUST11159,Smart Watch,EXPIRED,2143,NO
CUST11159,Screen Guard,PENDING,4845,NO
CUST32455,USB Cable,ACTIVE,3488,YES
CUST32455,USB Cable,ACTIVE,156,YES
CUST32455,USB Cable,PENDING,3552,YES
CUST32455,Bluetooth Speaker,PENDING,2584,NO
CUST32455,Charger,ACTIVE,956,NO
CUST32455,USB Cable,PENDING,1274,NO
CUST32455,USB Cable,ACTIVE,3814,YES
CUST32455,Bluetooth Speaker,EXPIRED,1870,NO
CUST32455,Charger,PENDING,723,NO
CUST76354,Bluetooth Speaker,EXPIRED,576,YES
CUST76354,Screen Guard,EXPIRED,4571,YES
CUST76354,Charger,PENDING,1009,NO
CUST76354,Memory Card,PENDING,4136,YES
CUST76354,Mobile Cover,ACTIVE,1666,YES
CUST80251,Phone Stand,ACTIVE,2754,NO
CUST80251,Mobile Cover,PENDING,3591,YES
CUST80251,Screen Guard,EXPIRED,1632,YES
CUST80251,Power Bank,PENDING,689,YES
CUST80251,USB Cable,EXPIRED,1713,YES
CUST80251,Bluetooth Speaker,EXPIRED,4757,NO
CUST80251,Memory Card,PENDING,2033,NO
CUST80251,Power Bank,EXPIRED,3516,YES
CUST80251,Screen Guard,PENDING,1990,YES
CUST80251,USB Cable,EXPIRED,1564,NO
CUST80251,Mobile Cover,EXPIRED,1123,NO
CUST80251,Power Bank,ACTIVE,3587,YES
CUST80251,Charger,PENDING,3902,NO
CUST80251,Charger,PENDING,3712,NO
CUST76039,Mobile Cover,EXPIRED,4045,NO
CUST76039,Mobile Cover,ACTIVE,4547,YES
CUST76039,Memory Card,PENDING,700,YES
CUST76039,Smart Watch,EXPIRED,2016,NO
CUST76039,Memory Card,ACTIVE,843,YES
CUST76039,Power Bank,ACTIVE,3954,YES
CUST76039,Earphones,PENDING,3078,NO
CUST76039,Memory Card,EXPIRED,3492,YES
CUST56145,Screen Guard,ACTIVE,3549,NO
CUST56145,Mobile Cover,PENDING,2235,NO
CUST56145,Memory Card,ACTIVE,547,NO
CUST56145,Charger,PENDING,4026,YES
CUST56145,Charger,PENDING,396,NO
CUST56145,Screen Guard,EXPIRED,378,YES
CUST56145,Mobile Cover,EXPIRED,2432,YES
CUST56145,Mobile Cover,EXPIRED,300,YES
CUST56145,Earphones,ACTIVE,4185,YES
CUST56145,Screen Guard,ACTIVE,2737,NO
CUST56145,Smart Watch,ACTIVE,2407,NO
CUST56145,Power Bank,ACTIVE,2932,NO
CUST56145,Charger,PENDING,1876,NO
CUST75205,Power Bank,ACTIVE,4289,NO
CUST75205,Charger,ACTIVE,4991,NO
CUST75205,Earphones,ACTIVE,1860,NO
CUST75205,Smart Watch,EXPIRED,2022,YES
CUST75205,Earphones,EXPIRED,3019,NO
CUST75205,Mobile Cover,ACTIVE,1548,NO
CUST75205,Mobile Cover,ACTIVE,4537,NO
CUST75205,Charger,EXPIRED,3686,YES
CUST75205,Screen Guard,PENDING,3262,YES
CUST75205,Charger,EXPIRED,1778,YES
CUST75205,Mobile Cover,EXPIRED,2028,YES
CUST19847,Smart Watch,PENDING,3912,YES
CUST19847,Mobile Cover,ACTIVE,4535,YES
CUST19847,Memory Card,PENDING,2817,NO
CUST19847,Power Bank,ACTIVE,4396,YES
CUST19847,Earphones,ACTIVE,4406,NO
CUST19847,Bluetooth Speaker,EXPIRED,3663,YES
CUST19847,Smart Watch,ACTIVE,4814,NO
CUST19847,Memory Card,EXPIRED,4939,NO
CUST19847,Phone Stand,ACTIVE,1771,NO
CUST19847,Smart Watch,EXPIRED,1307,NO
CUST19847,Charger,PENDING,3118,YES
CUST19847,Phone Stand,ACTIVE,1658,NO
CUST19847,Power Bank,ACTIVE,577,YES
CUST19847,USB Cable,ACTIVE,1371,YES
CUST19847,Smart Watch,ACTIVE,158,YES
CUST73917,Smart Watch,EXPIRED,3882,YES
CUST73917,Mobile Cover,EXPIRED,3744,YES
CUST73917,Power Bank,PENDING,785,YES
CUST73917,Phone Stand,PENDING,4837,NO
CUST73917,Charger,ACTIVE,1012,YES
CUST73917,Smart Watch,PENDING,803,YES
CUST73917,Bluetooth Speaker,PENDING,4875,NO
CUST73917,Memory Card,ACTIVE,2188,YES
CUST73917,Screen Guard,EXPIRED,1370,YES
CUST10253,Screen Guard,PENDING,3081,NO
CUST10253,Phone Stand,PENDING,3681,NO
CUST10253,Earphones,PENDING,967,YES
CUST10253,Memory Card,ACTIVE,4241,YES
CUST10253,USB Cable,ACTIVE,4188,NO
CUST10253,Mobile Cover,EXPIRED,4356,YES
CUST99845,USB Cable,ACTIVE,679,YES
CUST99845,Power Bank,EXPIRED,612,YES
CUST99845,Bluetooth Speaker,ACTIVE,4790,YES
CUST99845,Bluetooth Speaker,ACTIVE,3705,YES
CUST99845,Mobile Cover,ACTIVE,2054,YES
CUST99845,Power Bank,ACTIVE,2532,NO
CUST99845,Memory Card,EXPIRED,4777,NO
CUST99845,Mobile Cover,PENDING,1410,NO
CUST99845,Memory Card,PENDING,934,NO
CUST99845,Memory Card,PENDING,537,NO
CUST99845,Mobile Cover,PENDING,2509,NO
CUST99845,Memory Card,EXPIRED,3604,NO
CUST99845,Mobile Cover,ACTIVE,3840,YES
CUST99845,Memory Card,EXPIRED,194,YES
CUST34767,Screen Guard,PENDING,811,NO
CUST34767,Phone Stand,EXPIRED,703,YES
CUST34767,Memory Card,PENDING,4307,YES
CUST34767,Smart Watch,EXPIRED,3318,NO
CUST34767,Power Bank,EXPIRED,3491,YES
CUST34767,Mobile Cover,EXPIRED,3865,YES
CUST34767,Screen Guard,ACTIVE,2347,YES
CUST46676,Charger,PENDING,1381,NO
CUST46676,USB Cable,PENDING,4425,YES
CUST46676,Earphones,PENDING,3385,NO
CUST46676,Charger,ACTIVE,4871,NO
CUST46676,Charger,ACTIVE,3795,YES
CUST46676,Bluetooth Speaker,EXPIRED,4602,NO
CUST46676,Bluetooth Speaker,PENDING,3090,YES
CUST46676,Charger,PENDING,4733,NO
CUST46676,USB Cable,ACTIVE,2964,NO
CUST46676,USB Cable,EXPIRED,702,NO
CUST46676,USB Cable,ACTIVE,3624,YES
CUST46676,Charger,ACTIVE,1922,NO
CUST46676,Bluetooth Speaker,ACTIVE,3381,YES
CUST46676,Phone Stand,ACTIVE,1733,YES
CUST46676,Memory Card,ACTIVE,3929,YES
CUST26586,Memory Card,EXPIRED,3301,NO
CUST26586,Screen Guard,PENDING,1504,YES
CUST26586,Memory Card,PENDING,962,YES
CUST26586,Earphones,ACTIVE,4904,NO
CUST26586,Smart Watch,PENDING,1946,NO
CUST26586,Memory Card,ACTIVE,1471,YES
CUST70373,Charger,ACTIVE,2323,NO
CUST70373,Earphones,EXPIRED,274,NO
CUST70373,Mobile Cover,PENDING,2674,YES
CUST70373,USB Cable,PENDING,928,YES
CUST70373,Earphones,ACTIVE,3582,NO
CUST70373,Phone Stand,ACTIVE,401,NO
CUST70373,Earphones,EXPIRED,1303,NO
CUST70373,Smart Watch,EXPIRED,2498,NO
CUST70373,Charger,ACTIVE,3793,YES
CUST70373,USB Cable,PENDING,610,YES
CUST76977,Power Bank,EXPIRED,122,YES
CUST76977,Memory Card,PENDING,2968,NO
CUST76977,Charger,PENDING,4828,YES
CUST76977,Bluetooth Speaker,ACTIVE,4527,NO
CUST76977,Smart Watch,ACTIVE,4015,NO
CUST76977,Mobile Cover,ACTIVE,353,NO
CUST33423,Screen Guard,PENDING,4790,NO
CUST33423,Mobile Cover,ACTIVE,4076,YES
CUST33423,Phone Stand,EXPIRED,1892,NO
CUST33423,Screen Guard,ACTIVE,862,YES
CUST33423,Power Bank,EXPIRED,2732,YES
CUST33423,Phone Stand,ACTIVE,3134,NO
CUST33423,Bluetooth Speaker,ACTIVE,2474,YES
CUST33423,Screen Guard,PENDING,1802,NO
CUST33423,Mobile Cover,PENDING,2434,NO
CUST33423,Smart Watch,PENDING,871,NO
CUST33423,Charger,ACTIVE,2086,YES
CUST15085,Charger,ACTIVE,4297,YES
CUST15085,Earphones,ACTIVE,3509,NO
CUST15085,Power Bank,ACTIVE,3803,NO
CUST15085,Smart Watch,PENDING,3991,YES
CUST15085,Memory Card,ACTIVE,208,YES
CUST15085,Phone Stand,EXPIRED,1492,NO
CUST15085,Mobile Cover,PENDING,843,NO
CUST15085,Smart Watch,PENDING,2939,NO
CUST15085,Screen Guard,EXPIRED,1453,NO
CUST15085,USB Cable,PENDING,2298,NO
CUST15085,Smart Watch,EXPIRED,1810,YES
CUST15085,Earphones,ACTIVE,3903,NO
CUST15085,Charger,PENDING,4885,YES
CUST15085,Power Bank,PENDING,2976,NO
CUST56128,Phone Stand,ACTIVE,2536,NO
CUST56128,Memory Card,PENDING,1170,YES
CUST56128,USB Cable,ACTIVE,1954,NO
CUST56128,USB Cable,PENDING,484,NO
CUST56128,USB Cable,PENDING,842,YES
CUST56128,Bluetooth Speaker,PENDING,1754,YES
CUST56128,USB Cable,EXPIRED,4744,NO
CUST56128,Memory Card,EXPIRED,3910,NO
CUST56128,Smart Watch,ACTIVE,4798,YES
CUST56128,Charger,ACTIVE,4766,NO
CUST56128,Smart Watch,EXPIRED,1618,YES
CUST56128,Phone Stand,ACTIVE,4914,NO
CUST56128,Power Bank,PENDING,2059,YES
CUST56128,Memory Card,PENDING,2981,NO
CUST47427,Screen Guard,ACTIVE,4673,NO
CUST47427,Smart Watch,EXPIRED,2159,NO
CUST47427,Screen Guard,ACTIVE,1580,NO
CUST47427,Charger,PENDING,774,NO
CUST47427,Earphones,ACTIVE,1285,NO
CUST47427,USB Cable,EXPIRED,4349,YES
CUST47427,Bluetooth Speaker,EXPIRED,1724,YES
CUST47427,Charger,PENDING,2952,NO
CUST47427,Screen Guard,ACTIVE,2480,NO
CUST14355,Charger,PENDING,2230,NO
CUST14355,Memory Card,EXPIRED,3417,NO
CUST14355,Screen Guard,ACTIVE,2486,NO
CUST14355,Phone Stand,EXPIRED,3646,NO
CUST14355,Bluetooth Speaker,EXPIRED,3941,YES
CUST14355,Memory Card,PENDING,2419,YES
CUST14355,Memory Card,ACTIVE,4095,YES
CUST14355,USB Cable,PENDING,2445,YES
CUST14355,Mobile Cover,EXPIRED,856,YES
CUST14355,Power Bank,ACTIVE,2543,NO
CUST14355,USB Cable,PENDING,3213,YES
CUST14355,Bluetooth Speaker,EXPIRED,2790,NO
CUST14355,Earphones,EXPIRED,738,NO
CUST14355,Earphones,PENDING,914,NO
CUST21770,Bluetooth Speaker,ACTIVE,2059,NO
CUST21770,Memory Card,ACTIVE,879,NO
CUST21770,Power Bank,ACTIVE,1943,NO
CUST21770,Memory Card,ACTIVE,4942,YES
CUST21770,Phone Stand,EXPIRED,2763,YES
CUST21770,Phone Stand,PENDING,1347,YES
CUST21770,Power Bank,ACTIVE,3250,YES
CUST21770,Screen Guard,EXPIRED,2809,YES
CUST21770,Screen Guard,PENDING,713,NO
CUST21770,Screen Guard,PENDING,3954,YES
CUST21770,Bluetooth Speaker,PENDING,2080,NO
CUST21770,Bluetooth Speaker,PENDING,1600,YES
CUST21770,Earphones,PENDING,4848,NO
CUST21770,Smart Watch,EXPIRED,938,NO
CUST21770,Charger,PENDING,1878,YES
CUST29588,Bluetooth Speaker,ACTIVE,4135,YES
CUST29588,Mobile Cover,EXPIRED,4221,YES
CUST29588,Memory Card,ACTIVE,3392,NO
CUST29588,Bluetooth Speaker,EXPIRED,1726,NO
CUST29588,Mobile Cover,EXPIRED,4054,YES
CUST29588,Bluetooth Speaker,EXPIRED,1926,YES
CUST29588,Earphones,EXPIRED,2437,NO
CUST92408,Smart Watch,PENDING,1959,NO
CUST92408,Mobile Cover,EXPIRED,1411,NO
CUST92408,Power Bank,PENDING,612,NO
CUST92408,Phone Stand,ACTIVE,3976,NO
CUST92408,Charger,PENDING,1408,YES
CUST92408,Memory Card,EXPIRED,2837,YES
CUST92408,Memory Card,PENDING,272,NO
CUST92408,Power Bank,PENDING,2018,NO
CUST92408,USB Cable,ACTIVE,3660,NO
CUST92408,Memory Card,PENDING,4276,NO
CUST93415,Screen Guard,PENDING,3635,YES
CUST93415,USB Cable,PENDING,2885,YES
CUST93415,Bluetooth Speaker,ACTIVE,367,YES
CUST93415,USB Cable,PENDING,3178,NO
CUST93415,Memory Card,EXPIRED,2919,NO
CUST93415,Earphones,EXPIRED,4491,NO
CUST93415,Memory Card,PENDING,4324,YES
CUST93415,Mobile Cover,ACTIVE,2209,YES
CUST93415,Phone Stand,ACTIVE,4380,NO
CUST93415,Phone Stand,PENDING,2751,YES
CUST93415,USB Cable,EXPIRED,4687,YES
CUST93415,Memory Card,EXPIRED,1240,YES
CUST93415,Power Bank,EXPIRED,1628,NO
CUST85240,Screen Guard,ACTIVE,3489,YES
CUST85240,Earphones,PENDING,2067,NO
CUST85240,Smart Watch,PENDING,1067,YES
CUST85240,Phone Stand,ACTIVE,4859,YES
CUST85240,Memory Card,ACTIVE,4602,YES
CUST85240,Charger,ACTIVE,4224,NO
CUST85240,Phone Stand,PENDING,4100,YES
CUST85240,Earphones,EXPIRED,4332,YES
CUST85240,Screen Guard,PENDING,4615,YES
CUST68912,Mobile Cover,PENDING,4003,NO
CUST68912,Bluetooth Speaker,ACTIVE,809,NO
CUST68912,Bluetooth Speaker,ACTIVE,3373,YES
CUST68912,Smart Watch,EXPIRED,4305,YES
CUST68912,Memory Card,EXPIRED,998,YES
CUST68912,USB Cable,EXPIRED,415,NO
CUST68912,Phone Stand,PENDING,3754,YES
CUST68912,Screen Guard,PENDING,4729,NO
CUST68912,Bluetooth Speaker,ACTIVE,2456,NO
CUST68912,Mobile Cover,ACTIVE,1631,NO
CUST25147,Memory Card,ACTIVE,486,NO
CUST25147,USB Cable,PENDING,800,YES
CUST25147,USB Cable,PENDING,2088,NO
CUST25147,Earphones,ACTIVE,1641,YES
CUST25147,Mobile Cover,PENDING,1013,NO
CUST25147,Smart Watch,EXPIRED,4135,NO
CUST25147,Mobile Cover,PENDING,2391,YES
CUST25147,Charger,EXPIRED,1407,NO
CUST25147,Power Bank,PENDING,3027,YES
CUST25147,USB Cable,PENDING,2118,YES
CUST25147,Mobile Cover,PENDING,4614,NO
CUST25147,Screen Guard,ACTIVE,1173,NO
CUST25147,Smart Watch,PENDING,3153,YES
CUST25147,Smart Watch,PENDING,4793,NO
CUST25147,Smart Watch,PENDING,4569,YES
CUST82706,USB Cable,PENDING,3628,YES
CUST82706,Bluetooth Speaker,PENDING,3866,NO
CUST82706,Screen Guard,EXPIRED,2266,YES
CUST82706,Earphones,PENDING,861,YES
CUST82706,Charger,PENDING,3244,NO
CUST82706,Charger,PENDING,3968,NO
CUST82706,Earphones,EXPIRED,3648,YES
CUST82706,Bluetooth Speaker,ACTIVE,4765,NO
CUST82706,Screen Guard,PENDING,1770,NO
CUST18233,USB Cable,EXPIRED,254,YES
CUST18233,Earphones,ACTIVE,661,NO
CUST18233,Earphones,PENDING,4737,NO
CUST18233,Bluetooth Speaker,ACTIVE,4907,NO
CUST18233,Earphones,EXPIRED,2299,NO
CUST18233,Mobile Cover,EXPIRED,4541,NO
CUST18233,Charger,ACTIVE,3847,YES
CUST18233,Power Bank,EXPIRED,3679,YES
CUST18233,Smart Watch,ACTIVE,4320,YES
CUST18233,Charger,ACTIVE,3898,YES
CUST18233,Memory Card,EXPIRED,1046,NO
CUST18233,Memory Card,EXPIRED,973,NO
CUST18233,Power Bank,ACTIVE,3106,NO
CUST18233,Phone Stand,EXPIRED,702,NO
CUST18233,Memory Card,EXPIRED,2659,NO
CUST90604,Smart Watch,EXPIRED,3824,YES
CUST90604,Mobile Cover,ACTIVE,4790,YES
CUST90604,Phone Stand,EXPIRED,603,YES
CUST90604,Earphones,ACTIVE,1534,YES
CUST90604,Mobile Cover,PENDING,809,YES
CUST93837,Phone Stand,PENDING,1690,NO
CUST93837,Memory Card,EXPIRED,2514,YES
CUST93837,Phone Stand,EXPIRED,3901,NO
CUST93837,Earphones,ACTIVE,2561,NO
CUST93837,Charger,EXPIRED,1253,YES
CUST93837,USB Cable,ACTIVE,1731,NO
CUST93837,Earphones,EXPIRED,2264,NO
CUST93837,Memory Card,ACTIVE,3294,NO
CUST93837,Mobile Cover,EXPIRED,3545,NO
CUST93837,Charger,PENDING,2409,NO
CUST93837,Smart Watch,ACTIVE,3000,YES
CUST93837,USB Cable,PENDING,948,YES
CUST93837,Power Bank,PENDING,4723,NO
CUST93837,USB Cable,ACTIVE,3789,YES
CUST93837,Bluetooth Speaker,EXPIRED,2355,NO
CUST17805,Memory Card,ACTIVE,1058,NO
CUST17805,Mobile Cover,PENDING,1168,NO
CUST17805,Power Bank,ACTIVE,1207,NO
CUST17805,Smart Watch,ACTIVE,311,YES
CUST17805,Screen Guard,EXPIRED,1447,YES
CUST17805,Memory Card,ACTIVE,3999,NO
CUST17805,Screen Guard,PENDING,822,YES
CUST17805,Power Bank,PENDING,2937,NO
CUST58457,Smart Watch,ACTIVE,2150,NO
CUST58457,Earphones,EXPIRED,3134,YES
CUST58457,Mobile Cover,EXPIRED,1785,NO
CUST58457,Earphones,PENDING,4582,YES
CUST58457,Bluetooth Speaker,ACTIVE,4426,NO
CUST58457,Charger,PENDING,2481,YES
CUST58457,Earphones,ACTIVE,3736,NO
CUST58457,Phone Stand,PENDING,594,NO
CUST58457,Earphones,PENDING,3759,NO
CUST58457,Charger,ACTIVE,4943,YES
CUST58457,USB Cable,EXPIRED,4396,YES
CUST82568,Memory Card,EXPIRED,2478,YES
CUST82568,Smart Watch,ACTIVE,1320,NO
CUST82568,Mobile Cover,ACTIVE,2160,YES
CUST82568,Phone Stand,EXPIRED,1039,YES
CUST82568,Phone Stand,PENDING,920,YES
CUST82568,Bluetooth Speaker,EXPIRED,2821,NO
CUST82568,Earphones,ACTIVE,3810,NO
CUST82568,Bluetooth Speaker,EXPIRED,2022,NO
CUST92096,Memory Card,PENDING,4733,YES
CUST92096,Screen Guard,ACTIVE,3676,YES
CUST92096,Power Bank,EXPIRED,4606,YES
CUST92096,Power Bank,EXPIRED,208,NO
CUST92096,Earphones,EXPIRED,3656,NO
CUST92096,Charger,EXPIRED,1430,NO
CUST92096,Screen Guard,PENDING,2506,YES
CUST92096,Mobile Cover,PENDING,4879,YES
CUST92096,Phone Stand,EXPIRED,4793,NO
CUST92096,Bluetooth Speaker,ACTIVE,1827,YES
CUST92096,Screen Guard,PENDING,658,NO
CUST92096,Mobile Cover,EXPIRED,4083,YES
CUST31472,Screen Guard,ACTIVE,3679,YES
CUST31472,Power Bank,PENDING,1430,YES
CUST31472,USB Cable,ACTIVE,930,YES
CUST31472,Power Bank,PENDING,481,NO
CUST31472,Power Bank,EXPIRED,615,NO
CUST31472,Smart Watch,EXPIRED,3117,NO
CUST31472,Earphones,EXPIRED,3670,YES
CUST31472,Mobile Cover,ACTIVE,1531,NO
CUST31472,Smart Watch,EXPIRED,644,NO
CUST31472,Phone Stand,PENDING,2076,YES
CUST31472,Memory Card,EXPIRED,1480,YES
CUST31472,Bluetooth Speaker,PENDING,4067,YES
CUST31472,Power Bank,ACTIVE,2483,YES
CUST31472,Earphones,PENDING,5000,NO
CUST79845,Smart Watch,PENDING,649,NO
CUST79845,Memory Card,EXPIRED,4903,YES
CUST79845,Screen Guard,ACTIVE,2180,NO
CUST79845,Smart Watch,EXPIRED,3942,NO
CUST79845,Earphones,ACTIVE,3480,NO
CUST79845,Memory Card,PENDING,2172,NO
CUST79845,USB Cable,EXPIRED,1573,NO
CUST79845,Mobile Cover,EXPIRED,2777,NO
CUST79845,Screen Guard,ACTIVE,1452,YES
CUST79845,Phone Stand,ACTIVE,3975,YES
CUST24208,USB Cable,EXPIRED,4077,NO
CUST24208,USB Cable,EXPIRED,3955,NO
CUST24208,Smart Watch,ACTIVE,1452,YES
CUST24208,Charger,PENDING,3550,YES
CUST24208,Bluetooth Speaker,PENDING,2213,NO
CUST24208,USB Cable,PENDING,3776,NO
CUST24208,Earphones,ACTIVE,1760,YES
CUST24208,USB Cable,EXPIRED,609,YES
CUST24208,Charger,EXPIRED,3500,NO
CUST24208,Power Bank,PENDING,544,NO
CUST24208,Mobile Cover,ACTIVE,732,YES
CUST24208,Bluetooth Speaker,PENDING,2257,NO
CUST24208,Charger,PENDING,1026,YES
CUST93662,Mobile Cover,PENDING,1120,NO
CUST93662,USB Cable,PENDING,4100,YES
CUST93662,Smart Watch,ACTIVE,2926,YES
CUST93662,Screen Guard,PENDING,2433,NO
CUST93662,Mobile Cover,PENDING,2237,YES
CUST93662,Smart Watch,EXPIRED,2026,NO
CUST93662,Earphones,EXPIRED,4023,YES
CUST93662,Charger,PENDING,322,NO
CUST93662,Power Bank,EXPIRED,2345,YES
CUST93662,Mobile Cover,ACTIVE,117,NO
CUST93662,Charger,ACTIVE,4505,NO
CUST93662,Bluetooth Speaker,ACTIVE,1728,NO
CUST93662,Power Bank,EXPIRED,3824,YES
CUST93662,Mobile Cover,EXPIRED,3221,NO
CUST93662,Charger,PENDING,1638,NO
CUST15424,Memory Card,ACTIVE,4588,YES
CUST15424,USB Cable,EXPIRED,867,NO
CUST15424,Power Bank,EXPIRED,4129,NO
CUST15424,Charger,ACTIVE,3264,YES
CUST15424,Phone Stand,ACTIVE,2993,NO
CUST19196,Memory Card,EXPIRED,4251,YES
CUST19196,Earphones,PENDING,619,YES
CUST19196,Bluetooth Speaker,ACTIVE,3213,NO
CUST19196,Memory Card,EXPIRED,2960,YES
CUST19196,Charger,ACTIVE,2531,YES
CUST19196,Memory Card,ACTIVE,4855,NO
CUST19196,Charger,EXPIRED,3959,NO
CUST19196,Screen Guard,PENDING,2764,NO
CUST19196,Mobile Cover,PENDING,1274,YES
CUST19196,Phone Stand,PENDING,726,NO
CUST19196,Earphones,EXPIRED,4219,YES
CUST19196,Smart Watch,ACTIVE,3017,NO
CUST19196,Bluetooth Speaker,ACTIVE,1836,NO
CUST19196,Screen Guard,ACTIVE,3537,NO
CUST25894,Earphones,ACTIVE,4892,YES
CUST25894,Mobile Cover,ACTIVE,265,YES
CUST25894,Screen Guard,EXPIRED,3280,NO
CUST25894,Earphones,EXPIRED,356,NO
CUST25894,USB Cable,EXPIRED,1048,NO
CUST25894,Power Bank,PENDING,1032,YES
CUST25894,Memory Card,PENDING,520,YES
CUST25894,Memory Card,ACTIVE,1260,NO
CUST25894,Phone Stand,EXPIRED,1226,NO
CUST25894,Mobile Cover,EXPIRED,683,NO
CUST25894,Phone Stand,PENDING,2248,YES
CUST25894,Phone Stand,EXPIRED,554,YES
CUST25894,Smart Watch,EXPIRED,3971,YES
CUST25894,Screen Guard,ACTIVE,3432,NO
CUST25894,Screen Guard,ACTIVE,3775,NO
CUST26103,Phone Stand,ACTIVE,3091,YES
CUST26103,USB Cable,ACTIVE,568,NO
CUST26103,Smart Watch,PENDING,3202,NO
CUST26103,Earphones,ACTIVE,552,NO
CUST26103,Memory Card,PENDING,1598,YES
CUST26103,USB Cable,PENDING,1545,NO
CUST26103,Bluetooth Speaker,ACTIVE,4310,YES
CUST78983,Power Bank,ACTIVE,260,NO
CUST78983,Power Bank,ACTIVE,890,NO
CUST78983,Bluetooth Speaker,ACTIVE,1073,NO
CUST78983,Charger,ACTIVE,3448,NO
CUST78983,Charger,EXPIRED,3250,YES
CUST78983,Earphones,EXPIRED,644,YES
CUST78983,Bluetooth Speaker,ACTIVE,4278,NO
CUST78983,Bluetooth Speaker,EXPIRED,3708,NO
CUST78983,Charger,ACTIVE,2957,YES
CUST78983,Smart Watch,EXPIRED,931,YES
CUST97220,Smart Watch,PENDING,2950,YES
CUST97220,Smart Watch,EXPIRED,1300,YES
CUST97220,Mobile Cover,EXPIRED,3407,NO
CUST97220,Earphones,PENDING,4155,NO
CUST97220,Bluetooth Speaker,PENDING,2776,NO
CUST97220,Phone Stand,PENDING,2227,YES
CUST97220,Phone Stand,PENDING,3775,YES
CUST56032,Earphones,EXPIRED,1781,NO
CUST56032,Memory Card,EXPIRED,2678,NO
CUST56032,Screen Guard,ACTIVE,2968,NO
CUST56032,Phone Stand,ACTIVE,1861,NO
CUST56032,Bluetooth Speaker,ACTIVE,990,YES
CUST56032,Memory Card,EXPIRED,722,NO
CUST56032,Charger,EXPIRED,858,NO
CUST56032,Bluetooth Speaker,PENDING,3852,YES
CUST72424,Charger,PENDING,4665,YES
CUST72424,Mobile Cover,PENDING,1399,NO
CUST72424,Screen Guard,EXPIRED,1012,NO
CUST72424,Screen Guard,EXPIRED,4047,YES
CUST72424,Phone Stand,EXPIRED,4459,NO
CUST72424,USB Cable,ACTIVE,631,YES
CUST61543,Bluetooth Speaker,ACTIVE,337,NO
CUST61543,Screen Guard,EXPIRED,1610,NO
CUST61543,Charger,ACTIVE,4722,YES
CUST61543,USB Cable,EXPIRED,287,NO
CUST61543,USB Cable,ACTIVE,3467,NO
CUST61543,Earphones,EXPIRED,347,NO
CUST61543,Earphones,PENDING,980,NO
CUST61543,Mobile Cover,ACTIVE,1102,YES
CUST61543,Smart Watch,EXPIRED,3872,YES
CUST61543,Phone Stand,EXPIRED,4194,NO
CUST61543,USB Cable,EXPIRED,4057,NO
CUST61543,Smart Watch,PENDING,2221,NO
CUST61543,Memory Card,EXPIRED,718,NO
CUST61543,Power Bank,EXPIRED,3097,NO
CUST88034,Bluetooth Speaker,PENDING,355,NO
CUST88034,Power Bank,ACTIVE,513,YES
CUST88034,USB Cable,PENDING,1664,YES
CUST88034,Power Bank,PENDING,823,YES
CUST88034,Phone Stand,ACTIVE,3121,NO
CUST88034,Phone Stand,PENDING,347,NO
CUST88034,Mobile Cover,ACTIVE,783,YES
CUST88034,Power Bank,EXPIRED,2340,NO
CUST88034,Earphones,ACTIVE,2305,NO
CUST88034,Screen Guard,EXPIRED,1636,YES
CUST88034,Phone Stand,ACTIVE,1502,YES
CUST92022,Memory Card,EXPIRED,4749,YES
CUST92022,Mobile Cover,PENDING,4752,NO
CUST92022,Earphones,ACTIVE,3040,NO
CUST92022,Earphones,EXPIRED,4830,YES
CUST92022,Mobile Cover,PENDING,3424,YES
CUST92022,Memory Card,EXPIRED,763,YES
CUST92022,Earphones,PENDING,1910,YES
CUST92022,Memory Card,PENDING,818,NO
CUST92022,Power Bank,ACTIVE,3965,NO
CUST11507,Earphones,ACTIVE,4076,NO
CUST11507,Phone Stand,PENDING,1492,YES
CUST11507,Bluetooth Speaker,EXPIRED,2332,NO
CUST11507,Screen Guard,ACTIVE,2009,NO
CUST11507,Mobile Cover,PENDING,1843,YES
CUST11507,Mobile Cover,ACTIVE,3379,YES
CUST38953,Charger,PENDING,1979,NO
CUST38953,Mobile Cover,PENDING,3037,NO
CUST38953,Memory Card,EXPIRED,962,NO
CUST38953,USB Cable,PENDING,2561,YES
CUST38953,Memory Card,EXPIRED,4869,YES
CUST38953,Screen Guard,ACTIVE,2098,YES
CUST38953,Charger,ACTIVE,4581,YES
CUST38953,Screen Guard,EXPIRED,3077,NO
CUST38953,Earphones,PENDING,3428,YES
CUST38953,Screen Guard,ACTIVE,2499,YES
CUST38953,Mobile Cover,PENDING,2389,NO
CUST38953,Power Bank,PENDING,2632,NO
CUST38953,USB Cable,PENDING,2472,NO
CUST38953,Bluetooth Speaker,ACTIVE,3399,YES
CUST38953,Power Bank,ACTIVE,242,YES
CUST42836,Memory Card,EXPIRED,486,NO
CUST42836,Smart Watch,EXPIRED,2522,NO
CUST42836,Phone Stand,EXPIRED,489,NO
CUST42836,Screen Guard,PENDING,3443,NO
CUST42836,Power Bank,PENDING,3097,YES
CUST42836,Charger,PENDING,4808,YES
CUST42836,Bluetooth Speaker,EXPIRED,158,YES
CUST42836,Phone Stand,PENDING,2052,NO
CUST42836,Charger,ACTIVE,3539,YES
CUST42836,Bluetooth Speaker,ACTIVE,3304,NO
CUST42836,Memory Card,PENDING,596,NO
CUST42836,USB Cable,PENDING,2070,YES
CUST42836,USB Cable,PENDING,2010,NO
CUST42836,Bluetooth Speaker,ACTIVE,401,YES
CUST62255,Earphones,ACTIVE,4935,YES
CUST62255,Power Bank,EXPIRED,1939,NO
CUST62255,USB Cable,ACTIVE,3330,YES
CUST62255,Mobile Cover,ACTIVE,131,NO
CUST62255,Screen Guard,PENDING,2872,NO
CUST62255,Mobile Cover,EXPIRED,4374,NO
CUST15747,Smart Watch,ACTIVE,4968,YES
CUST15747,Screen Guard,EXPIRED,2794,NO
CUST15747,Mobile Cover,PENDING,4926,YES
CUST15747,Phone Stand,ACTIVE,3491,NO
CUST15747,Mobile Cover,EXPIRED,2715,NO
CUST15747,Memory Card,PENDING,1011,NO
CUST15747,Smart Watch,ACTIVE,4998,YES
CUST15747,Memory Card,ACTIVE,4514,NO
CUST13903,Earphones,EXPIRED,4364,YES
CUST13903,Charger,PENDING,1713,NO
CUST13903,Memory Card,PENDING,2015,NO
CUST13903,Mobile Cover,PENDING,700,NO
CUST13903,Power Bank,EXPIRED,3702,NO
CUST13903,Earphones,PENDING,1152,NO
CUST13903,Bluetooth Speaker,EXPIRED,2681,YES
CUST13903,Memory Card,EXPIRED,530,NO
CUST13903,USB Cable,PENDING,4733,NO
CUST13903,Screen Guard,EXPIRED,3856,YES
CUST13903,Phone Stand,ACTIVE,411,YES
CUST13903,Mobile Cover,ACTIVE,202,YES
CUST13903,Power Bank,PENDING,2372,NO
CUST32293,Mobile Cover,ACTIVE,2669,NO
CUST32293,USB Cable,EXPIRED,2224,NO
CUST32293,Bluetooth Speaker,ACTIVE,1525,YES
CUST32293,Charger,ACTIVE,2989,YES
CUST32293,Charger,PENDING,3029,NO
CUST32293,Phone Stand,EXPIRED,4366,NO
CUST32293,Memory Card,ACTIVE,3188,NO
CUST32293,Earphones,PENDING,1036,YES
CUST32293,USB Cable,EXPIRED,3688,YES
CUST32293,Bluetooth Speaker,ACTIVE,3160,YES
CUST68932,Charger,ACTIVE,2897,NO
CUST68932,Phone Stand,EXPIRED,3205,NO
CUST68932,Memory Card,EXPIRED,4623,NO
CUST68932,Bluetooth Speaker,EXPIRED,2069,YES
CUST68932,Screen Guard,PENDING,4024,YES
CUST68932,Smart Watch,EXPIRED,716,YES
CUST68932,Earphones,ACTIVE,917,NO
CUST68932,Power Bank,ACTIVE,553,NO
CUST68932,Earphones,ACTIVE,236,NO
CUST68932,Earphones,EXPIRED,4954,NO
CUST68932,Smart Watch,PENDING,651,NO
CUST68932,Smart Watch,ACTIVE,952,YES
CUST18643,Screen Guard,ACTIVE,2867,NO
CUST18643,Charger,EXPIRED,3090,YES
CUST18643,USB Cable,PENDING,580,YES
CUST18643,Phone Stand,EXPIRED,3651,NO
CUST18643,USB Cable,PENDING,3274,YES
CUST18643,USB Cable,PENDING,659,YES
CUST18643,Power Bank,PENDING,452,YES
CUST18643,Memory Card,EXPIRED,368,NO
CUST18643,Power Bank,ACTIVE,336,NO
CUST18643,Memory Card,EXPIRED,4012,YES
CUST18643,Bluetooth Speaker,ACTIVE,4745,YES
CUST18643,Memory Card,ACTIVE,4970,YES
CUST18643,Bluetooth Speaker,EXPIRED,4320,YES
CUST12923,Smart Watch,PENDING,3592,NO
CUST12923,Power Bank,ACTIVE,3707,YES
CUST12923,USB Cable,EXPIRED,4838,YES
CUST12923,Smart Watch,ACTIVE,4446,YES
CUST12923,Mobile Cover,EXPIRED,4475,YES
CUST12923,Bluetooth Speaker,ACTIVE,1008,NO
CUST12923,Memory Card,PENDING,3914,NO
CUST71649,Earphones,ACTIVE,1145,YES
CUST71649,Smart Watch,EXPIRED,4840,YES
CUST71649,Screen Guard,PENDING,3507,YES
CUST71649,Smart Watch,ACTIVE,3416,NO
CUST71649,Mobile Cover,PENDING,745,NO
CUST71649,Power Bank,PENDING,4016,NO
CUST71649,Smart Watch,PENDING,2953,YES
CUST71649,Earphones,ACTIVE,4529,YES
CUST71649,Memory Card,PENDING,1817,YES
CUST71649,Memory Card,ACTIVE,875,NO
CUST45290,Mobile Cover,ACTIVE,1117,NO
CUST45290,Smart Watch,EXPIRED,3151,YES
CUST45290,Screen Guard,PENDING,468,YES
CUST45290,Charger,ACTIVE,1088,NO
CUST45290,Memory Card,EXPIRED,878,YES
CUST45290,Power Bank,PENDING,2894,YES
CUST45290,Screen Guard,PENDING,4078,YES
CUST45290,USB Cable,ACTIVE,2896,YES
CUST45290,Earphones,ACTIVE,2347,YES
CUST45290,Mobile Cover,ACTIVE,148,NO
CUST45290,Power Bank,PENDING,4370,NO
CUST45290,Phone Stand,PENDING,877,NO
CUST45290,Power Bank,EXPIRED,1164,YES
CUST68651,Power Bank,ACTIVE,3587,NO
CUST68651,Mobile Cover,ACTIVE,3019,NO
CUST68651,Screen Guard,PENDING,4020,YES
CUST68651,Earphones,ACTIVE,2330,NO
CUST68651,Charger,ACTIVE,3818,NO
CUST88760,Phone Stand,PENDING,2715,NO
CUST88760,Smart Watch,ACTIVE,767,YES
CUST88760,USB Cable,ACTIVE,3699,NO
CUST88760,Screen Guard,PENDING,2220,NO
CUST88760,Smart Watch,ACTIVE,1395,YES
CUST88760,Screen Guard,PENDING,3987,NO
CUST88760,Earphones,ACTIVE,4205,NO
CUST84196,USB Cable,EXPIRED,2055,NO
CUST84196,Bluetooth Speaker,ACTIVE,295,YES
CUST84196,Phone Stand,EXPIRED,3540,NO
CUST84196,Charger,EXPIRED,1461,NO
CUST84196,Mobile Cover,EXPIRED,4561,YES
CUST84196,Mobile Cover,ACTIVE,2525,YES
CUST84196,Bluetooth Speaker,EXPIRED,3122,YES
CUST84196,Mobile Cover,PENDING,3770,YES
CUST84196,Phone Stand,EXPIRED,2238,NO
CUST35802,Memory Card,EXPIRED,2352,YES
CUST35802,Memory Card,EXPIRED,3558,YES
CUST35802,USB Cable,PENDING,3554,YES
CUST35802,Screen Guard,ACTIVE,4402,YES
CUST35802,Bluetooth Speaker,ACTIVE,3918,YES
CUST35802,USB Cable,EXPIRED,3947,YES
CUST35802,Smart Watch,ACTIVE,1803,YES
CUST41588,Bluetooth Speaker,PENDING,4597,YES
CUST41588,Mobile Cover,EXPIRED,1947,YES
CUST41588,Charger,EXPIRED,407,NO
CUST41588,Phone Stand,ACTIVE,4162,YES
CUST41588,Phone Stand,PENDING,4023,NO
CUST41588,Screen Guard,EXPIRED,4770,YES
CUST41588,Memory Card,EXPIRED,2156,YES
CUST41588,Charger,ACTIVE,861,NO
CUST41588,Power Bank,ACTIVE,534,YES
CUST41588,Charger,PENDING,4504,YES
CUST26663,Screen Guard,EXPIRED,3267,YES
CUST26663,Screen Guard,ACTIVE,914,NO
CUST26663,USB Cable,PENDING,4279,YES
CUST26663,Charger,EXPIRED,4189,NO
CUST26663,USB Cable,ACTIVE,3075,NO
CUST26663,Mobile Cover,EXPIRED,4845,YES
CUST26663,Smart Watch,EXPIRED,717,YES
CUST40182,Screen Guard,EXPIRED,3159,YES
CUST40182,Phone Stand,PENDING,2970,NO
CUST40182,Bluetooth Speaker,PENDING,3599,NO
CUST40182,Charger,ACTIVE,1028,NO
CUST40182,Charger,PENDING,2645,YES
CUST40182,Earphones,PENDING,716,YES
CUST40182,USB Cable,PENDING,3351,NO
CUST40182,Memory Card,ACTIVE,533,NO
CUST40182,Smart Watch,EXPIRED,1576,NO
CUST69842,USB Cable,PENDING,3439,NO
CUST69842,Memory Card,PENDING,844,NO
CUST69842,Bluetooth Speaker,PENDING,3599,YES
CUST69842,Mobile Cover,ACTIVE,284,NO
CUST69842,USB Cable,PENDING,2678,YES
CUST69842,Earphones,ACTIVE,272,NO
CUST69842,Bluetooth Speaker,ACTIVE,2077,NO
CUST69842,Screen Guard,EXPIRED,2671,NO
CUST69842,Screen Guard,PENDING,842,NO
CUST69842,Earphones,EXPIRED,2903,YES
CUST69842,USB Cable,EXPIRED,3070,NO
CUST69842,Power Bank,ACTIVE,2890,YES
CUST69842,Screen Guard,ACTIVE,2765,NO
CUST69842,Screen Guard,EXPIRED,2547,YES
CUST69842,Earphones,ACTIVE,2166,YES
CUST15850,USB Cable,EXPIRED,4528,YES
CUST15850,Charger,EXPIRED,2976,YES
CUST15850,Power Bank,EXPIRED,510,YES
CUST15850,Power Bank,EXPIRED,2481,YES
CUST15850,Power Bank,ACTIVE,1341,NO
CUST15850,Mobile Cover,PENDING,4298,NO
CUST15850,Mobile Cover,PENDING,3624,YES
CUST15850,Earphones,PENDING,3832,NO
CUST15850,Smart Watch,PENDING,3422,NO
CUST15850,Memory Card,PENDING,3866,NO
CUST15850,Phone Stand,PENDING,2694,YES
CUST15850,Earphones,EXPIRED,1706,YES
CUST15850,Screen Guard,PENDING,3398,YES
CUST25954,Charger,PENDING,1182,YES
CUST25954,Smart Watch,EXPIRED,4868,YES
CUST25954,Earphones,ACTIVE,944,YES
CUST25954,Smart Watch,ACTIVE,2806,YES
CUST25954,Memory Card,ACTIVE,3283,YES
CUST25954,Power Bank,ACTIVE,3763,NO
CUST25954,Charger,EXPIRED,3866,NO
CUST25954,USB Cable,PENDING,1139,YES
CUST25954,Earphones,ACTIVE,4919,NO
CUST25954,USB Cable,ACTIVE,4679,YES
CUST25954,Earphones,PENDING,774,NO
CUST25954,Memory Card,PENDING,3054,NO
CUST25954,USB Cable,ACTIVE,3287,NO
CUST78501,Screen Guard,ACTIVE,4510,YES
CUST78501,Earphones,EXPIRED,4969,YES
CUST78501,Phone Stand,EXPIRED,173,YES
CUST78501,Screen Guard,PENDING,3120,YES
CUST78501,Mobile Cover,ACTIVE,3110,YES
CUST92924,Memory Card,ACTIVE,2599,YES
CUST92924,Power Bank,EXPIRED,4441,NO
CUST92924,Phone Stand,PENDING,4515,YES
CUST92924,Phone Stand,ACTIVE,4269,YES
CUST92924,Bluetooth Speaker,ACTIVE,4967,YES
CUST92924,USB Cable,EXPIRED,3568,YES
CUST92924,Earphones,PENDING,2397,NO
CUST17130,Earphones,EXPIRED,257,NO
CUST17130,USB Cable,EXPIRED,3708,NO
CUST17130,Power Bank,PENDING,3468,NO
CUST17130,Mobile Cover,ACTIVE,2930,NO
CUST17130,Phone Stand,PENDING,4413,NO
CUST17130,Phone Stand,EXPIRED,3497,YES
CUST17130,Mobile Cover,PENDING,3005,NO
CUST17130,Memory Card,PENDING,3892,NO
CUST33372,Memory Card,EXPIRED,2437,NO
CUST33372,Mobile Cover,ACTIVE,4712,NO
CUST33372,Smart Watch,PENDING,572,NO
CUST33372,Earphones,PENDING,1045,NO
CUST33372,Screen Guard,EXPIRED,374,YES
CUST33372,Phone Stand,PENDING,543,YES
CUST33372,Phone Stand,ACTIVE,2696,YES
CUST33372,Bluetooth Speaker,EXPIRED,988,YES
CUST33372,Charger,ACTIVE,2773,NO
CUST66872,Earphones,EXPIRED,2398,NO
CUST66872,Bluetooth Speaker,PENDING,1760,NO
CUST66872,Smart Watch,ACTIVE,3257,NO
CUST66872,Mobile Cover,PENDING,1166,NO
CUST66872,USB Cable,PENDING,4631,NO
CUST66872,Charger,ACTIVE,2288,YES
CUST93187,Earphones,PENDING,1288,NO
CUST93187,USB Cable,ACTIVE,2396,YES
CUST93187,Screen Guard,PENDING,3257,YES
CUST93187,Smart Watch,PENDING,4672,YES
CUST93187,Memory Card,PENDING,2213,NO
CUST93187,USB Cable,EXPIRED,3568,YES
CUST93187,Phone Stand,EXPIRED,3199,YES
CUST93187,Mobile Cover,ACTIVE,1146,YES
CUST93187,Bluetooth Speaker,PENDING,4597,YES
CUST93187,Power Bank,EXPIRED,3705,YES
CUST93187,Phone Stand,PENDING,2731,NO
CUST86047,Phone Stand,PENDING,4760,NO
CUST86047,Mobile Cover,EXPIRED,4654,NO
CUST86047,Charger,PENDING,2440,NO
CUST86047,Charger,EXPIRED,1749,YES
CUST86047,Power Bank,ACTIVE,2819,NO
CUST86047,Power Bank,EXPIRED,3685,NO
CUST86047,Mobile Cover,EXPIRED,1401,YES
CUST86047,Memory Card,PENDING,2513,NO
CUST86047,Bluetooth Speaker,PENDING,3774,NO
CUST86047,Memory Card,EXPIRED,4319,NO
CUST17527,Power Bank,PENDING,2162,YES
CUST17527,Bluetooth Speaker,EXPIRED,3883,NO
CUST17527,Smart Watch,ACTIVE,3815,YES
CUST17527,Power Bank,PENDING,1244,NO
CUST17527,Screen Guard,PENDING,2720,NO
CUST17527,Earphones,EXPIRED,294,YES
CUST17527,Screen Guard,PENDING,2060,NO
CUST17527,Memory Card,ACTIVE,524,NO
CUST17527,Earphones,PENDING,3591,YES
CUST17527,Screen Guard,ACTIVE,3617,NO
CUST17527,Screen Guard,PENDING,4807,YES
CUST17527,Earphones,EXPIRED,4814,NO
CUST52889,Screen Guard,ACTIVE,4721,YES
CUST52889,USB Cable,EXPIRED,2967,NO
CUST52889,Mobile Cover,PENDING,4071,YES
CUST52889,Memory Card,EXPIRED,2867,YES
CUST52889,Screen Guard,PENDING,4853,NO
CUST52889,Phone Stand,EXPIRED,4060,YES
CUST52889,Bluetooth Speaker,ACTIVE,3219,NO
CUST86077,Phone Stand,PENDING,1908,NO
CUST86077,Mobile Cover,ACTIVE,1848,YES
CUST86077,Smart Watch,PENDING,573,YES
CUST86077,Earphones,EXPIRED,2398,NO
CUST86077,Earphones,EXPIRED,262,NO
CUST86077,Phone Stand,EXPIRED,1163,NO
CUST86077,Mobile Cover,PENDING,4125,YES
CUST86077,USB Cable,PENDING,1514,NO
CUST86077,Screen Guard,EXPIRED,1843,YES
CUST86077,Charger,EXPIRED,1703,YES
CUST86077,Bluetooth Speaker,ACTIVE,2296,NO
CUST86077,Power Bank,EXPIRED,357,YES
CUST86077,Screen Guard,EXPIRED,4756,NO
CUST86077,Smart Watch,EXPIRED,3118,NO
CUST86077,Screen Guard,ACTIVE,745,NO
CUST14487,Phone Stand,ACTIVE,1061,NO
CUST14487,Memory Card,ACTIVE,1684,YES
CUST14487,Charger,EXPIRED,3339,YES
CUST14487,Smart Watch,ACTIVE,2594,YES
CUST14487,Bluetooth Speaker,EXPIRED,2084,YES
CUST14487,Bluetooth Speaker,PENDING,4426,YES
CUST14487,Power Bank,EXPIRED,3257,YES
CUST14487,Charger,ACTIVE,4749,YES
CUST14487,Phone Stand,ACTIVE,375,NO
CUST14487,Earphones,EXPIRED,3199,NO
CUST14487,USB Cable,ACTIVE,229,NO
CUST14487,Smart Watch,PENDING,4593,NO
CUST14487,Power Bank,ACTIVE,2343,YES
CUST14487,USB Cable,EXPIRED,1118,NO
CUST65768,USB Cable,ACTIVE,3713,YES
CUST65768,Earphones,PENDING,622,NO
CUST65768,Memory Card,EXPIRED,2221,YES
CUST65768,Smart Watch,EXPIRED,1392,NO
CUST65768,Mobile Cover,PENDING,3743,NO
CUST65768,Earphones,PENDING,4939,NO
CUST65768,Charger,EXPIRED,4795,YES
CUST65768,USB Cable,EXPIRED,2083,NO
CUST65768,Memory Card,ACTIVE,3314,YES
CUST65768,Earphones,ACTIVE,2920,YES
CUST65768,Bluetooth Speaker,ACTIVE,2779,NO
CUST16594,Phone Stand,EXPIRED,4749,NO
CUST16594,Screen Guard,ACTIVE,2250,YES
CUST16594,Earphones,ACTIVE,2774,NO
CUST16594,Charger,ACTIVE,3743,YES
CUST16594,Charger,ACTIVE,4933,NO
CUST30384,Bluetooth Speaker,EXPIRED,4920,YES
CUST30384,Mobile Cover,EXPIRED,3414,YES
CUST30384,USB Cable,ACTIVE,2773,NO
CUST30384,Phone Stand,EXPIRED,4979,YES
CUST30384,Memory Card,EXPIRED,4617,YES
CUST30384,Power Bank,PENDING,210,NO
CUST30384,Memory Card,ACTIVE,3801,YES
CUST30384,Charger,ACTIVE,3889,YES
CUST30384,Memory Card,ACTIVE,3573,NO
CUST30384,Charger,EXPIRED,3384,NO
CUST30384,Power Bank,ACTIVE,1519,YES
CUST30384,Mobile Cover,ACTIVE,2420,YES
CUST30384,Memory Card,ACTIVE,4535,YES
CUST74069,Earphones,PENDING,4952,NO
CUST74069,USB Cable,EXPIRED,500,YES
CUST74069,Memory Card,PENDING,3639,NO
CUST74069,Smart Watch,PENDING,1344,NO
CUST74069,Power Bank,ACTIVE,2647,YES
CUST23484,Screen Guard,EXPIRED,3688,YES
CUST23484,Charger,EXPIRED,3773,NO
CUST23484,Memory Card,ACTIVE,3585,YES
CUST23484,Charger,EXPIRED,4141,YES
CUST23484,Earphones,PENDING,324,NO
CUST23484,Phone Stand,EXPIRED,644,YES
CUST23484,Memory Card,ACTIVE,785,YES
CUST23484,Memory Card,ACTIVE,3936,YES
CUST23484,Earphones,ACTIVE,1073,NO
CUST23484,Smart Watch,PENDING,4871,NO
CUST23484,Charger,ACTIVE,174,YES
CUST23484,USB Cable,EXPIRED,1296,YES
CUST23484,USB Cable,PENDING,4380,YES
CUST73315,Charger,EXPIRED,1986,YES
CUST73315,Mobile Cover,EXPIRED,1398,NO
CUST73315,Memory Card,EXPIRED,4750,NO
CUST73315,Earphones,EXPIRED,3642,YES
CUST73315,Bluetooth Speaker,ACTIVE,4106,NO
CUST73315,Phone Stand,EXPIRED,3279,YES
CUST73315,Screen Guard,ACTIVE,4371,YES
CUST73315,Memory Card,EXPIRED,3352,NO
CUST73315,Earphones,ACTIVE,4604,YES
CUST73315,Smart Watch,EXPIRED,2857,YES
CUST73315,Earphones,EXPIRED,2508,NO
CUST73315,Smart Watch,PENDING,3607,YES
CUST73315,Earphones,EXPIRED,3562,YES
CUST11608,Charger,PENDING,874,YES
CUST11608,Bluetooth Speaker,PENDING,4381,NO
CUST11608,USB Cable,EXPIRED,2290,NO
CUST11608,Power Bank,ACTIVE,1889,YES
CUST11608,Earphones,PENDING,3948,NO
CUST11608,USB Cable,EXPIRED,2900,YES
CUST11608,Mobile Cover,PENDING,3982,YES
CUST11608,Memory Card,EXPIRED,1484,NO
CUST11608,Phone Stand,ACTIVE,2093,NO
CUST11608,USB Cable,ACTIVE,1145,YES
CUST78919,Smart Watch,ACTIVE,1752,NO
CUST78919,Screen Guard,ACTIVE,3804,YES
CUST78919,Screen Guard,EXPIRED,1074,NO
CUST78919,Earphones,EXPIRED,816,YES
CUST78919,Bluetooth Speaker,PENDING,1738,NO
CUST78919,Earphones,ACTIVE,2127,NO
CUST78919,Bluetooth Speaker,ACTIVE,885,NO
CUST78919,Charger,ACTIVE,4045,NO
CUST90477,Earphones,ACTIVE,2486,YES
CUST90477,USB Cable,ACTIVE,2028,NO
CUST90477,Screen Guard,PENDING,4727,NO
CUST90477,Phone Stand,PENDING,614,NO
CUST90477,Phone Stand,ACTIVE,1584,YES
CUST90477,Power Bank,EXPIRED,1593,NO
CUST90477,Mobile Cover,ACTIVE,4657,YES
CUST90477,Power Bank,ACTIVE,4048,YES
CUST90477,Screen Guard,ACTIVE,1723,NO
CUST90477,Screen Guard,ACTIVE,2809,YES
CUST90477,Smart Watch,ACTIVE,100,NO
CUST90477,Phone Stand,ACTIVE,4184,NO
CUST90477,Charger,ACTIVE,119,NO
CUST90477,Earphones,EXPIRED,4059,NO
CUST83593,Bluetooth Speaker,EXPIRED,4844,YES
CUST83593,Bluetooth Speaker,PENDING,1687,NO
CUST83593,Memory Card,EXPIRED,3596,NO
CUST83593,Phone Stand,ACTIVE,111,NO
CUST83593,Memory Card,EXPIRED,4351,NO
CUST83593,Power Bank,EXPIRED,3075,YES
CUST83593,USB Cable,PENDING,928,NO
CUST83593,Mobile Cover,ACTIVE,2479,NO
CUST40991,Bluetooth Speaker,ACTIVE,712,YES
CUST40991,Screen Guard,ACTIVE,4758,YES
CUST40991,USB Cable,ACTIVE,2840,NO
CUST40991,Charger,ACTIVE,1310,YES
CUST40991,Smart Watch,PENDING,2718,NO
CUST40991,Memory Card,EXPIRED,4388,YES
CUST40991,Charger,PENDING,2858,NO
CUST71657,Bluetooth Speaker,PENDING,3603,YES
CUST71657,Charger,ACTIVE,4521,YES
CUST71657,Smart Watch,EXPIRED,4758,NO
CUST71657,USB Cable,ACTIVE,267,NO
CUST71657,Smart Watch,EXPIRED,1926,YES
CUST71657,USB Cable,ACTIVE,456,YES
CUST71657,Bluetooth Speaker,EXPIRED,3988,YES
CUST23912,Mobile Cover,ACTIVE,3898,NO
CUST23912,Power Bank,ACTIVE,2835,YES
CUST23912,Mobile Cover,ACTIVE,1340,YES
CUST23912,Phone Stand,EXPIRED,1070,YES
CUST23912,Memory Card,EXPIRED,3259,NO
CUST23912,Power Bank,EXPIRED,492,YES
CUST23912,Memory Card,ACTIVE,1673,YES
CUST23912,Bluetooth Speaker,EXPIRED,4268,YES
CUST23912,Charger,PENDING,3043,NO
CUST23912,USB Cable,ACTIVE,995,YES
CUST23912,Screen Guard,ACTIVE,1342,NO
CUST23912,Bluetooth Speaker,ACTIVE,4976,NO
CUST23912,Screen Guard,ACTIVE,779,YES
CUST53339,Bluetooth Speaker,EXPIRED,3652,NO
CUST53339,Screen Guard,PENDING,2845,NO
CUST53339,Smart Watch,EXPIRED,329,YES
CUST53339,Memory Card,ACTIVE,1553,NO
CUST53339,Smart Watch,EXPIRED,1706,YES
CUST53339,USB Cable,EXPIRED,3506,YES
CUST53339,Memory Card,PENDING,4938,YES
CUST95306,Memory Card,PENDING,3986,YES
CUST95306,Power Bank,ACTIVE,1263,YES
CUST95306,Phone Stand,PENDING,180,YES
CUST95306,USB Cable,PENDING,1389,NO
CUST95306,Smart Watch,EXPIRED,3072,YES
CUST95306,Phone Stand,EXPIRED,2117,NO
CUST52835,Charger,ACTIVE,1758,NO
CUST52835,Screen Guard,ACTIVE,660,YES
CUST52835,Phone Stand,EXPIRED,1506,YES
CUST52835,Earphones,ACTIVE,573,NO
CUST52835,Charger,EXPIRED,2405,NO
CUST16240,Smart Watch,ACTIVE,1460,YES
CUST16240,Memory Card,ACTIVE,2118,YES
CUST16240,Bluetooth Speaker,ACTIVE,4459,NO
CUST16240,USB Cable,EXPIRED,2392,YES
CUST16240,Smart Watch,PENDING,4386,NO
CUST16240,Earphones,PENDING,2212,YES
CUST21965,Smart Watch,PENDING,4728,YES
CUST21965,Earphones,PENDING,1415,NO
CUST21965,Screen Guard,EXPIRED,4113,YES
CUST21965,Smart Watch,ACTIVE,489,NO
CUST21965,Charger,EXPIRED,1545,NO
CUST21965,Earphones,EXPIRED,1890,YES
CUST21965,Screen Guard,ACTIVE,499,NO
CUST21965,Charger,PENDING,3852,YES
CUST21965,Mobile Cover,PENDING,1817,YES
CUST21965,Charger,ACTIVE,4998,YES
CUST30965,Memory Card,ACTIVE,2915,NO
CUST30965,Phone Stand,PENDING,300,NO
CUST30965,Screen Guard,EXPIRED,4371,NO
CUST30965,Phone Stand,PENDING,3278,NO
CUST30965,Mobile Cover,ACTIVE,3850,NO
CUST11020,Phone Stand,ACTIVE,2598,NO
CUST11020,Smart Watch,EXPIRED,344,NO
CUST11020,Mobile Cover,ACTIVE,2006,NO
CUST11020,Memory Card,ACTIVE,3203,NO
CUST11020,Screen Guard,PENDING,693,YES
CUST11020,Memory Card,EXPIRED,3227,NO
CUST95144,Mobile Cover,ACTIVE,4795,NO
CUST95144,Bluetooth Speaker,EXPIRED,3697,YES
CUST95144,Bluetooth Speaker,ACTIVE,770,YES
CUST95144,Earphones,ACTIVE,3782,NO
CUST95144,Bluetooth Speaker,EXPIRED,2339,YES
CUST95144,Mobile Cover,PENDING,693,YES
CUST95144,Bluetooth Speaker,PENDING,3520,NO
CUST95144,Smart Watch,EXPIRED,3694,YES
CUST95144,Smart Watch,PENDING,190,NO
CUST95144,Mobile Cover,ACTIVE,1767,NO
CUST82968,USB Cable,EXPIRED,4739,NO
CUST82968,Phone Stand,PENDING,1633,YES
CUST82968,USB Cable,EXPIRED,3354,YES
CUST82968,Memory Card,ACTIVE,117,NO
CUST82968,Bluetooth Speaker,EXPIRED,3976,YES
CUST82968,Phone Stand,PENDING,141,NO
CUST82968,Charger,EXPIRED,3174,NO
CUST82968,Screen Guard,PENDING,2180,YES
CUST47940,Mobile Cover,EXPIRED,4724,YES
CUST47940,Phone Stand,EXPIRED,143,YES
CUST47940,Earphones,EXPIRED,4524,YES
CUST47940,Power Bank,EXPIRED,3484,NO
CUST47940,Earphones,ACTIVE,4248,NO
CUST47940,USB Cable,EXPIRED,1255,YES
CUST47940,Earphones,PENDING,1324,NO
CUST47940,Smart Watch,EXPIRED,3001,YES
CUST47940,Memory Card,ACTIVE,1903,YES
CUST47940,Mobile Cover,EXPIRED,3530,NO
CUST47940,Charger,EXPIRED,3910,YES
CUST47940,Power Bank,EXPIRED,463,NO
CUST47940,Earphones,ACTIVE,1239,YES
CUST47940,Earphones,ACTIVE,3336,YES
CUST47940,USB Cable,PENDING,1183,YES
CUST56427,USB Cable,PENDING,2950,YES
CUST56427,Power Bank,ACTIVE,1520,NO
CUST56427,Earphones,PENDING,3998,YES
CUST56427,Charger,PENDING,1726,YES
CUST56427,Earphones,PENDING,4070,YES
CUST56427,Charger,PENDING,764,NO
CUST56427,Smart Watch,PENDING,3622,YES
CUST56427,Screen Guard,EXPIRED,1254,NO
CUST97506,Screen Guard,ACTIVE,1326,YES
CUST97506,Memory Card,PENDING,1135,NO
CUST97506,Screen Guard,EXPIRED,611,NO
CUST97506,Phone Stand,EXPIRED,2170,NO
CUST97506,Charger,EXPIRED,919,YES
CUST40423,Earphones,PENDING,1783,YES
CUST40423,Mobile Cover,ACTIVE,519,NO
CUST40423,Earphones,ACTIVE,146,NO
CUST40423,Bluetooth Speaker,ACTIVE,2916,YES
CUST40423,Screen Guard,EXPIRED,3773,YES
CUST40423,Phone Stand,PENDING,4923,NO
CUST40423,USB Cable,PENDING,1252,YES
CUST40423,Memory Card,ACTIVE,1416,YES
CUST40423,Bluetooth Speaker,PENDING,2400,YES
CUST40423,Bluetooth Speaker,EXPIRED,606,NO
CUST40423,Bluetooth Speaker,PENDING,1415,YES
CUST40423,Screen Guard,ACTIVE,2644,YES
CUST76275,Bluetooth Speaker,ACTIVE,677,NO
CUST76275,USB Cable,PENDING,4456,NO
CUST76275,Phone Stand,PENDING,2319,NO
CUST76275,Screen Guard,PENDING,2775,YES
CUST76275,Phone Stand,PENDING,4043,YES
CUST76275,Phone Stand,ACTIVE,1208,NO
CUST74393,Memory Card,EXPIRED,3517,NO
CUST74393,Charger,EXPIRED,4125,YES
CUST74393,Smart Watch,EXPIRED,1158,NO
CUST74393,Phone Stand,PENDING,3208,NO
CUST74393,Charger,ACTIVE,1528,YES
CUST74393,Smart Watch,ACTIVE,2452,NO
CUST74393,Smart Watch,PENDING,2803,NO
CUST74393,USB Cable,EXPIRED,1060,YES
CUST74393,Smart Watch,EXPIRED,3481,YES
CUST74393,Phone Stand,ACTIVE,4374,YES
CUST74393,Charger,ACTIVE,316,NO
CUST74393,Memory Card,ACTIVE,3546,NO
CUST74393,Charger,PENDING,2759,NO
CUST72900,Phone Stand,PENDING,4976,YES
CUST72900,Smart Watch,ACTIVE,1200,NO
CUST72900,Memory Card,ACTIVE,2993,NO
CUST72900,Earphones,EXPIRED,159,YES
CUST72900,Phone Stand,EXPIRED,3124,NO
CUST72900,Bluetooth Speaker,ACTIVE,3065,YES
CUST72900,Smart Watch,PENDING,4659,NO
CUST72900,Charger,PENDING,4061,NO
CUST72900,Earphones,ACTIVE,1498,YES
CUST72900,Power Bank,EXPIRED,3880,NO
CUST72900,Bluetooth Speaker,ACTIVE,3891,NO
CUST72900,Bluetooth Speaker,EXPIRED,2762,YES
CUST72900,USB Cable,EXPIRED,4082,YES
CUST72900,Bluetooth Speaker,PENDING,1386,YES
CUST72900,Phone Stand,EXPIRED,4339,NO
CUST36966,Charger,PENDING,733,NO
CUST36966,Screen Guard,ACTIVE,1734,NO
CUST36966,Charger,PENDING,1522,NO
CUST36966,Bluetooth Speaker,PENDING,950,YES
CUST36966,Charger,EXPIRED,521,NO
CUST36966,Screen Guard,PENDING,372,NO
CUST36966,Bluetooth Speaker,ACTIVE,1894,NO
CUST36966,Phone Stand,PENDING,4504,NO
CUST36966,Power Bank,ACTIVE,4004,YES
CUST36966,Earphones,EXPIRED,1957,YES
CUST36966,USB Cable,PENDING,4172,YES
CUST36966,Memory Card,PENDING,2432,NO
CUST36966,Charger,ACTIVE,481,NO
CUST36966,Memory Card,ACTIVE,3573,NO
CUST36966,Power Bank,EXPIRED,4738,YES
CUST57472,Screen Guard,ACTIVE,4110,YES
CUST57472,Phone Stand,ACTIVE,3088,YES
CUST57472,Smart Watch,PENDING,2911,NO
CUST57472,Bluetooth Speaker,ACTIVE,2436,NO
CUST57472,Smart Watch,PENDING,1995,YES
CUST57472,Bluetooth Speaker,ACTIVE,3283,NO
CUST57472,Mobile Cover,PENDING,2906,NO
CUST57472,Earphones,PENDING,705,YES
CUST92178,Charger,PENDING,2934,YES
CUST92178,Earphones,EXPIRED,2714,NO
CUST92178,Screen Guard,PENDING,1550,NO
CUST92178,Power Bank,ACTIVE,1076,YES
CUST92178,Power Bank,ACTIVE,4114,NO
CUST92178,Mobile Cover,ACTIVE,2079,NO
CUST92178,Mobile Cover,ACTIVE,1738,YES
CUST92178,USB Cable,EXPIRED,3030,YES
CUST92178,Phone Stand,PENDING,3802,YES
CUST92178,Memory Card,PENDING,2074,NO
CUST92178,Bluetooth Speaker,PENDING,2362,NO
CUST92178,Power Bank,EXPIRED,1488,NO
CUST92178,Mobile Cover,EXPIRED,4066,YES
CUST92178,Power Bank,EXPIRED,1210,NO
CUST92178,Charger,PENDING,781,NO
CUST92570,Smart Watch,EXPIRED,219,NO
CUST92570,Bluetooth Speaker,EXPIRED,1911,YES
CUST92570,Earphones,EXPIRED,4480,NO
CUST92570,USB Cable,EXPIRED,654,YES
CUST92570,Phone Stand,PENDING,4516,YES
CUST92570,Charger,ACTIVE,1189,YES
CUST92570,Mobile Cover,PENDING,3694,YES
CUST30698,Memory Card,EXPIRED,5000,YES
CUST30698,Bluetooth Speaker,PENDING,3761,NO
CUST30698,Power Bank,PENDING,492,YES
CUST30698,Earphones,ACTIVE,4350,NO
CUST30698,Charger,EXPIRED,4314,NO
CUST30698,Smart Watch,PENDING,3093,NO
CUST30698,Bluetooth Speaker,PENDING,3629,YES
CUST30698,Bluetooth Speaker,ACTIVE,3080,NO
CUST30698,Screen Guard,ACTIVE,3236,NO
CUST30698,Bluetooth Speaker,EXPIRED,1415,NO
CUST83416,Power Bank,EXPIRED,3097,YES
CUST83416,Mobile Cover,EXPIRED,2977,YES
CUST83416,Phone Stand,EXPIRED,518,NO
CUST83416,Bluetooth Speaker,EXPIRED,3290,NO
CUST83416,Phone Stand,PENDING,1607,YES
CUST83416,Memory Card,PENDING,1125,NO
CUST83416,Mobile Cover,PENDING,3968,YES
CUST83416,USB Cable,ACTIVE,1937,NO
CUST83416,USB Cable,PENDING,4446,YES
CUST83416,Earphones,EXPIRED,838,YES
CUST48569,USB Cable,EXPIRED,1397,YES
CUST48569,Bluetooth Speaker,ACTIVE,2112,NO
CUST48569,USB Cable,EXPIRED,2610,YES
CUST48569,Memory Card,EXPIRED,1237,YES
CUST48569,Mobile Cover,PENDING,3164,NO
CUST48569,Power Bank,PENDING,2584,YES
CUST48569,Power Bank,ACTIVE,888,NO
CUST48569,Charger,ACTIVE,1689,YES
CUST48569,Memory Card,PENDING,2747,YES
CUST48569,USB Cable,EXPIRED,908,YES
CUST48569,Smart Watch,EXPIRED,2058,YES
CUST25672,Power Bank,PENDING,2335,NO
CUST25672,Charger,ACTIVE,801,YES
CUST25672,Power Bank,EXPIRED,3526,YES
CUST25672,USB Cable,EXPIRED,1846,NO
CUST25672,Bluetooth Speaker,PENDING,2477,NO
CUST25672,Mobile Cover,PENDING,471,NO
CUST25672,Charger,EXPIRED,3336,NO
CUST25672,Phone Stand,ACTIVE,313,NO
CUST95577,Charger,ACTIVE,467,NO
CUST95577,Earphones,ACTIVE,2451,YES
CUST95577,Screen Guard,ACTIVE,2951,YES
CUST95577,USB Cable,ACTIVE,2345,YES
CUST95577,Phone Stand,PENDING,1678,YES
CUST95577,Smart Watch,ACTIVE,3752,NO
CUST95577,USB Cable,EXPIRED,344,NO
CUST95577,Charger,EXPIRED,721,NO
CUST95577,Bluetooth Speaker,EXPIRED,2442,YES
CUST95577,Smart Watch,EXPIRED,4390,YES
CUST88954,Power Bank,PENDING,1559,YES
CUST88954,USB Cable,PENDING,1972,NO
CUST88954,Charger,PENDING,1831,NO
CUST88954,Charger,EXPIRED,1713,YES
CUST88954,USB Cable,EXPIRED,440,NO
CUST12506,Phone Stand,PENDING,2624,NO
CUST12506,Power Bank,PENDING,4147,NO
CUST12506,Charger,PENDING,3449,NO
CUST12506,Screen Guard,ACTIVE,2085,YES
CUST12506,Screen Guard,ACTIVE,4029,NO
CUST12506,Bluetooth Speaker,PENDING,1969,YES
CUST12506,Power Bank,EXPIRED,3539,YES
CUST12506,Bluetooth Speaker,ACTIVE,945,YES
CUST12506,Power Bank,EXPIRED,2985,YES
CUST12506,Smart Watch,ACTIVE,3452,NO
CUST12506,USB Cable,EXPIRED,3481,NO
CUST66255,Power Bank,EXPIRED,1874,NO
CUST66255,Bluetooth Speaker,ACTIVE,2842,YES
CUST66255,Earphones,EXPIRED,2508,NO
CUST66255,Smart Watch,PENDING,1780,YES
CUST66255,Power Bank,EXPIRED,1649,NO
CUST66255,Power Bank,ACTIVE,4599,YES
CUST66255,Phone Stand,ACTIVE,3897,NO
CUST66255,Earphones,PENDING,3106,NO
CUST66255,Power Bank,ACTIVE,4062,NO
CUST66255,Mobile Cover,PENDING,1383,YES
CUST66255,Mobile Cover,ACTIVE,4209,YES
CUST66255,Mobile Cover,ACTIVE,2701,YES
CUST66255,USB Cable,ACTIVE,3258,NO
CUST66255,Earphones,EXPIRED,2846,NO
CUST66255,USB Cable,PENDING,3594,YES
CUST80839,Phone Stand,PENDING,3180,YES
CUST80839,Charger,EXPIRED,4569,YES
CUST80839,Bluetooth Speaker,ACTIVE,2976,YES
CUST80839,Mobile Cover,EXPIRED,4635,NO
CUST80839,Charger,EXPIRED,1105,YES
CUST80839,Earphones,ACTIVE,3063,YES
CUST80839,Earphones,ACTIVE,324,YES
CUST80839,Power Bank,EXPIRED,1067,NO
CUST80839,Screen Guard,ACTIVE,1581,YES
CUST80839,Bluetooth Speaker,ACTIVE,3668,NO
CUST80839,USB Cable,PENDING,4934,YES
CUST80839,Power Bank,EXPIRED,4392,NO
CUST80839,Memory Card,ACTIVE,2663,NO
CUST56418,Screen Guard,PENDING,212,YES
CUST56418,Charger,ACTIVE,1421,YES
CUST56418,Earphones,EXPIRED,3616,YES
CUST56418,Screen Guard,EXPIRED,1234,NO
CUST56418,USB Cable,PENDING,228,YES
CUST56418,Phone Stand,PENDING,2235,NO
CUST56418,Memory Card,PENDING,411,NO
CUST56418,Bluetooth Speaker,PENDING,4728,YES
CUST56418,Charger,PENDING,951,NO
CUST27291,Earphones,ACTIVE,1577,YES
CUST27291,Smart Watch,PENDING,4296,NO
CUST27291,Screen Guard,ACTIVE,1387,YES
CUST27291,Power Bank,ACTIVE,3384,YES
CUST27291,Mobile Cover,EXPIRED,4121,YES
CUST27291,Screen Guard,PENDING,252,YES
CUST27291,Earphones,EXPIRED,261,YES
CUST27291,Phone Stand,ACTIVE,1783,YES
CUST27291,Bluetooth Speaker,EXPIRED,3380,NO
CUST27291,Memory Card,PENDING,4500,NO
CUST27291,Charger,EXPIRED,551,YES
CUST27291,Mobile Cover,ACTIVE,2552,YES
CUST27291,USB Cable,EXPIRED,4693,NO
CUST27291,Bluetooth Speaker,PENDING,3012,YES
CUST27291,Screen Guard,ACTIVE,1047,NO
CUST97932,Mobile Cover,EXPIRED,4368,YES
CUST97932,Power Bank,EXPIRED,1804,YES
CUST97932,Power Bank,EXPIRED,1642,YES
CUST97932,Power Bank,PENDING,3214,YES
CUST97932,Earphones,PENDING,1715,YES
CUST97932,Charger,PENDING,3943,YES
CUST97932,Phone Stand,ACTIVE,2949,NO
CUST97932,Earphones,ACTIVE,4353,YES
CUST97932,USB Cable,ACTIVE,725,YES
CUST88398,Earphones,ACTIVE,983,YES
CUST88398,Power Bank,EXPIRED,4614,YES
CUST88398,Power Bank,EXPIRED,4868,YES
CUST88398,Phone Stand,EXPIRED,198,NO
CUST88398,Phone Stand,EXPIRED,4659,NO
CUST88398,Smart Watch,ACTIVE,4081,YES
CUST16688,Power Bank,PENDING,994,NO
CUST16688,Screen Guard,ACTIVE,3757,NO
CUST16688,Earphones,EXPIRED,2039,NO
CUST16688,Memory Card,EXPIRED,1651,NO
CUST16688,Bluetooth Speaker,PENDING,4759,NO
CUST16688,Bluetooth Speaker,ACTIVE,3145,YES
CUST16688,Screen Guard,EXPIRED,1892,YES
CUST16688,Bluetooth Speaker,PENDING,2491,NO
CUST16688,Mobile Cover,EXPIRED,845,YES
CUST16688,Bluetooth Speaker,ACTIVE,1432,YES
CUST35364,Smart Watch,ACTIVE,2307,NO
CUST35364,Power Bank,EXPIRED,2218,YES
CUST35364,Memory Card,PENDING,4131,NO
CUST35364,USB Cable,ACTIVE,4340,NO
CUST35364,Phone Stand,PENDING,4477,NO
CUST35364,USB Cable,EXPIRED,1574,YES
CUST35364,Power Bank,EXPIRED,1670,YES
CUST71103,Smart Watch,EXPIRED,759,NO
CUST71103,USB Cable,ACTIVE,2844,NO
CUST71103,Phone Stand,ACTIVE,2619,YES
CUST71103,Screen Guard,EXPIRED,4000,NO
CUST71103,USB Cable,ACTIVE,2683,NO
CUST36142,Power Bank,PENDING,3273,YES
CUST36142,Smart Watch,ACTIVE,407,NO
CUST36142,Memory Card,PENDING,946,YES
CUST36142,Mobile Cover,ACTIVE,4016,YES
CUST36142,Phone Stand,EXPIRED,1724,NO
CUST72840,Charger,ACTIVE,4484,NO
CUST72840,Earphones,EXPIRED,4423,NO
CUST72840,Smart Watch,ACTIVE,1352,YES
CUST72840,Mobile Cover,EXPIRED,1411,YES
CUST72840,Smart Watch,ACTIVE,1910,NO
CUST72840,Screen Guard,ACTIVE,4537,NO
CUST72840,Screen Guard,EXPIRED,4319,NO
CUST72840,Earphones,PENDING,4554,NO
CUST72840,Mobile Cover,PENDING,840,NO
CUST72840,Mobile Cover,PENDING,1420,YES
CUST72840,Memory Card,PENDING,3306,YES
CUST72840,Charger,EXPIRED,3831,NO
CUST72840,USB Cable,EXPIRED,1395,YES
CUST72840,Screen Guard,PENDING,4370,YES
CUST72840,Power Bank,PENDING,4874,YES
CUST97539,Power Bank,EXPIRED,2481,NO
CUST97539,Screen Guard,PENDING,3691,YES
CUST97539,USB Cable,ACTIVE,4656,YES
CUST97539,Screen Guard,EXPIRED,2724,NO
CUST97539,Mobile Cover,PENDING,3227,YES
CUST97539,Phone Stand,PENDING,4280,NO
CUST97539,Smart Watch,PENDING,2103,YES
CUST97539,Phone Stand,EXPIRED,4245,NO
CUST27040,USB Cable,PENDING,2787,NO
CUST27040,Smart Watch,ACTIVE,3673,NO
CUST27040,Charger,PENDING,3563,YES
CUST27040,Mobile Cover,PENDING,998,NO
CUST27040,Earphones,ACTIVE,1153,YES
CUST27040,Memory Card,PENDING,3662,YES
CUST27040,Memory Card,PENDING,3540,YES
CUST27040,Power Bank,EXPIRED,2097,YES
CUST40815,Screen Guard,PENDING,3071,YES
CUST40815,Mobile Cover,EXPIRED,4959,NO
CUST40815,Phone Stand,ACTIVE,156,YES
CUST40815,Smart Watch,ACTIVE,4874,NO
CUST40815,Earphones,ACTIVE,3162,NO
CUST40815,Mobile Cover,PENDING,3704,YES
CUST40815,USB Cable,EXPIRED,1326,NO
CUST40815,Power Bank,PENDING,1553,YES
CUST40815,Bluetooth Speaker,ACTIVE,3511,NO
CUST40815,Bluetooth Speaker,PENDING,331,YES
CUST40815,Smart Watch,EXPIRED,2260,YES
CUST60261,Earphones,EXPIRED,2571,NO
CUST60261,Mobile Cover,PENDING,2833,NO
CUST60261,Smart Watch,PENDING,4466,NO
CUST60261,Power Bank,EXPIRED,4170,NO
CUST60261,Bluetooth Speaker,ACTIVE,1165,YES
CUST60261,Power Bank,EXPIRED,4258,NO
CUST60261,Bluetooth Speaker,EXPIRED,4277,NO
CUST60261,Earphones,ACTIVE,3334,YES
CUST60261,Charger,ACTIVE,1033,YES
CUST40640,Screen Guard,ACTIVE,4409,NO
CUST40640,Memory Card,EXPIRED,3240,YES
CUST40640,Power Bank,ACTIVE,3144,YES
CUST40640,Bluetooth Speaker,PENDING,3065,NO
CUST40640,Earphones,ACTIVE,1661,YES
CUST40640,Phone Stand,ACTIVE,503,NO
CUST40640,Screen Guard,PENDING,3541,YES
CUST40640,Phone Stand,ACTIVE,1907,YES
CUST40640,Bluetooth Speaker,EXPIRED,3173,YES
CUST40640,Bluetooth Speaker,ACTIVE,4697,NO
CUST40640,Mobile Cover,EXPIRED,2778,NO
CUST40640,Memory Card,PENDING,4226,NO
CUST40640,Power Bank,PENDING,1708,NO
CUST65511,Screen Guard,PENDING,1336,YES
CUST65511,Mobile Cover,ACTIVE,1146,NO
CUST65511,Earphones,EXPIRED,2489,NO
CUST65511,Power Bank,ACTIVE,4411,YES
CUST65511,Screen Guard,ACTIVE,2064,NO
CUST65511,Mobile Cover,PENDING,4790,NO
CUST86229,Phone Stand,ACTIVE,3563,YES
CUST86229,Power Bank,PENDING,3337,NO
CUST86229,Smart Watch,ACTIVE,1894,NO
CUST86229,Mobile Cover,ACTIVE,1342,YES
CUST86229,Screen Guard,PENDING,3824,NO
CUST50519,Screen Guard,EXPIRED,1167,YES
CUST50519,Bluetooth Speaker,EXPIRED,384,NO
CUST50519,Memory Card,ACTIVE,3359,NO
CUST50519,Earphones,EXPIRED,4117,YES
CUST50519,Screen Guard,EXPIRED,1249,NO
CUST50519,Bluetooth Speaker,PENDING,3277,YES
CUST50519,Mobile Cover,PENDING,4099,NO
CUST50519,Mobile Cover,ACTIVE,2744,NO
CUST50519,Phone Stand,PENDING,1483,NO
CUST50519,Power Bank,ACTIVE,2076,NO
CUST44961,Bluetooth Speaker,ACTIVE,1591,NO
CUST44961,Smart Watch,ACTIVE,3991,YES
CUST44961,USB Cable,PENDING,1946,YES
CUST44961,Memory Card,PENDING,2332,NO
CUST44961,Earphones,EXPIRED,3113,YES
CUST60289,Power Bank,ACTIVE,4106,NO
CUST60289,Bluetooth Speaker,ACTIVE,3742,YES
CUST60289,Power Bank,PENDING,420,YES
CUST60289,Screen Guard,ACTIVE,987,YES
CUST60289,USB Cable,PENDING,2961,YES
CUST60289,USB Cable,EXPIRED,3667,YES
CUST60289,Memory Card,PENDING,4233,YES
CUST60289,Earphones,ACTIVE,160,NO
CUST60289,Smart Watch,ACTIVE,1214,YES
CUST60289,Smart Watch,PENDING,1260,NO
CUST60289,Mobile Cover,ACTIVE,2133,YES
CUST60289,Phone Stand,PENDING,3246,NO
CUST60289,Smart Watch,ACTIVE,109,NO
CUST60289,Earphones,PENDING,3699,NO
CUST75235,Memory Card,PENDING,527,YES
CUST75235,Smart Watch,EXPIRED,2871,YES
CUST75235,Bluetooth Speaker,PENDING,201,NO
CUST75235,Phone Stand,PENDING,3050,NO
CUST75235,Power Bank,PENDING,923,YES
CUST75235,Memory Card,ACTIVE,2426,YES
CUST49258,Phone Stand,ACTIVE,3391,NO
CUST49258,Memory Card,PENDING,2019,NO
CUST49258,Power Bank,ACTIVE,851,YES
CUST49258,Screen Guard,EXPIRED,3962,NO
CUST49258,Memory Card,EXPIRED,1426,NO
CUST49258,USB Cable,PENDING,4766,NO
CUST49258,Earphones,PENDING,3274,YES
CUST49258,USB Cable,EXPIRED,1496,NO
CUST49258,Bluetooth Speaker,PENDING,3264,YES
CUST49258,Earphones,EXPIRED,3916,YES
CUST59327,Memory Card,PENDING,1108,YES
CUST59327,Mobile Cover,ACTIVE,2594,YES
CUST59327,Smart Watch,EXPIRED,2673,YES
CUST59327,Phone Stand,EXPIRED,3083,NO
CUST59327,Memory Card,PENDING,2458,YES
CUST59327,Smart Watch,PENDING,3931,NO
CUST59327,Smart Watch,ACTIVE,3304,NO
CUST59327,Mobile Cover,PENDING,3276,NO
CUST59327,Charger,ACTIVE,1470,YES
CUST59327,Smart Watch,PENDING,2843,NO
CUST59327,Mobile Cover,PENDING,2818,YES
CUST59327,USB Cable,PENDING,4206,YES
CUST59327,Earphones,EXPIRED,3016,NO
CUST59327,Mobile Cover,EXPIRED,708,NO
CUST64144,Earphones,ACTIVE,3332,YES
CUST64144,Power Bank,ACTIVE,3280,NO
CUST64144,USB Cable,PENDING,2948,NO
CUST64144,Bluetooth Speaker,EXPIRED,1248,YES
CUST64144,Phone Stand,ACTIVE,2529,NO
CUST64144,Memory Card,PENDING,4479,YES
CUST64144,Phone Stand,ACTIVE,1026,YES
CUST64144,Earphones,PENDING,1514,YES
CUST64144,Memory Card,PENDING,3275,YES
CUST64144,Phone Stand,PENDING,1853,YES
CUST64144,USB Cable,PENDING,3637,NO
CUST58458,USB Cable,ACTIVE,1434,NO
CUST58458,Memory Card,PENDING,2417,NO
CUST58458,Memory Card,EXPIRED,1478,NO
CUST58458,Charger,ACTIVE,4031,YES
CUST58458,Charger,PENDING,1895,YES
CUST58458,USB Cable,ACTIVE,4072,NO
CUST58458,Mobile Cover,EXPIRED,1714,NO
CUST58458,Mobile Cover,ACTIVE,1037,YES
CUST58458,USB Cable,ACTIVE,2765,YES
CUST19705,Phone Stand,PENDING,2685,YES
CUST19705,Screen Guard,PENDING,1181,NO
CUST19705,Bluetooth Speaker,ACTIVE,4801,YES
CUST19705,Bluetooth Speaker,ACTIVE,3861,YES
CUST19705,Screen Guard,PENDING,552,NO
CUST19705,Bluetooth Speaker,PENDING,4657,YES
CUST19705,Memory Card,ACTIVE,926,NO
CUST19705,Mobile Cover,ACTIVE,4407,NO
CUST16369,USB Cable,ACTIVE,3389,NO
CUST16369,Earphones,ACTIVE,4771,NO
CUST16369,Earphones,PENDING,3253,NO
CUST16369,Power Bank,EXPIRED,2566,NO
CUST16369,Bluetooth Speaker,ACTIVE,1571,NO
CUST16369,Screen Guard,EXPIRED,4001,NO
CUST16369,Power Bank,PENDING,355,NO
CUST16369,Power Bank,ACTIVE,1046,YES
CUST16369,Power Bank,PENDING,3415,YES
CUST16369,Power Bank,ACTIVE,1616,NO
CUST88043,Power Bank,ACTIVE,4350,NO
CUST88043,Mobile Cover,ACTIVE,531,YES
CUST88043,Charger,EXPIRED,2950,NO
CUST88043,Power Bank,EXPIRED,594,YES
CUST88043,Charger,PENDING,1855,YES
CUST88043,USB Cable,EXPIRED,3026,NO
CUST88043,Mobile Cover,PENDING,1087,YES
CUST88043,Screen Guard,PENDING,3123,YES
CUST88043,Screen Guard,ACTIVE,3427,YES
CUST88043,Phone Stand,EXPIRED,3562,YES
CUST88043,Memory Card,ACTIVE,4251,NO
CUST88043,Charger,PENDING,2052,NO
CUST88043,Mobile Cover,EXPIRED,198,NO
CUST88043,Mobile Cover,PENDING,2428,YES
CUST23882,Memory Card,ACTIVE,4387,NO
CUST23882,Phone Stand,ACTIVE,866,YES
CUST23882,Power Bank,ACTIVE,4227,NO
CUST23882,Screen Guard,PENDING,4247,NO
CUST23882,Charger,PENDING,894,YES
CUST23882,USB Cable,PENDING,1750,NO
CUST23882,Mobile Cover,PENDING,1164,NO
CUST23882,Screen Guard,ACTIVE,2485,NO
CUST23882,USB Cable,ACTIVE,2791,NO
CUST20721,USB Cable,EXPIRED,2172,NO
CUST20721,Phone Stand,ACTIVE,2180,YES
CUST20721,Charger,ACTIVE,3263,NO
CUST20721,Bluetooth Speaker,PENDING,2660,NO
CUST20721,Earphones,EXPIRED,2283,YES
CUST20721,USB Cable,PENDING,620,NO
CUST20721,Screen Guard,EXPIRED,2694,NO
CUST20721,Screen Guard,EXPIRED,1653,NO
CUST20721,Mobile Cover,EXPIRED,1385,NO
CUST20721,Screen Guard,PENDING,1322,NO
CUST20721,Smart Watch,ACTIVE,393,YES
CUST20721,Charger,PENDING,2931,YES
CUST20721,Memory Card,EXPIRED,3522,YES
CUST20721,Screen Guard,PENDING,2567,NO
CUST62229,Mobile Cover,ACTIVE,3979,YES
CUST62229,Smart Watch,EXPIRED,808,YES
CUST62229,Memory Card,ACTIVE,4253,NO
CUST62229,Smart Watch,EXPIRED,947,YES
CUST62229,Screen Guard,ACTIVE,334,NO
CUST62229,Memory Card,PENDING,3475,NO
CUST62229,Mobile Cover,ACTIVE,4663,NO
CUST62229,Earphones,ACTIVE,206,YES
CUST62229,Memory Card,PENDING,2869,NO
CUST62229,USB Cable,EXPIRED,3061,NO
CUST13795,Phone Stand,ACTIVE,4876,NO
CUST13795,Memory Card,ACTIVE,2259,YES
CUST13795,Power Bank,ACTIVE,2129,YES
CUST13795,USB Cable,PENDING,850,YES
CUST13795,Phone Stand,PENDING,4274,NO
CUST13795,Power Bank,ACTIVE,4619,YES
CUST13795,Memory Card,EXPIRED,232,YES
CUST68920,Mobile Cover,EXPIRED,3596,YES
CUST68920,Memory Card,ACTIVE,3431,YES
CUST68920,Smart Watch,PENDING,4166,NO
CUST68920,Mobile Cover,EXPIRED,265,YES
CUST68920,Memory Card,EXPIRED,4944,YES
CUST68920,Phone Stand,ACTIVE,2816,NO
CUST68920,Bluetooth Speaker,EXPIRED,3209,YES
CUST68920,Charger,PENDING,4276,YES
CUST68920,Phone Stand,EXPIRED,2670,YES
CUST72929,Memory Card,EXPIRED,2126,YES
CUST72929,Mobile Cover,EXPIRED,2514,NO
CUST72929,Memory Card,EXPIRED,3522,YES
CUST72929,Memory Card,ACTIVE,3932,YES
CUST72929,Power Bank,EXPIRED,3119,NO
CUST25288,Power Bank,ACTIVE,2886,NO
CUST25288,Bluetooth Speaker,PENDING,3311,NO
CUST25288,Phone Stand,EXPIRED,2215,YES
CUST25288,Earphones,PENDING,1483,YES
CUST25288,Power Bank,ACTIVE,2631,YES
CUST25288,Earphones,EXPIRED,1867,YES
CUST25288,Mobile Cover,PENDING,2157,YES
CUST25288,Bluetooth Speaker,EXPIRED,1021,YES
CUST25288,Bluetooth Speaker,PENDING,2340,YES
CUST73526,Mobile Cover,EXPIRED,4374,NO
CUST73526,USB Cable,PENDING,802,YES
CUST73526,Screen Guard,ACTIVE,3964,YES
CUST73526,Power Bank,PENDING,120,YES
CUST73526,Screen Guard,ACTIVE,4378,YES
CUST73526,Memory Card,EXPIRED,1275,NO
CUST73526,Screen Guard,ACTIVE,4516,YES
CUST73526,Memory Card,PENDING,3468,NO
CUST73526,Earphones,PENDING,2214,YES
CUST73526,Memory Card,EXPIRED,3092,NO
CUST38842,Bluetooth Speaker,ACTIVE,1322,YES
CUST38842,Charger,PENDING,539,YES
CUST38842,USB Cable,ACTIVE,2930,YES
CUST38842,Memory Card,EXPIRED,343,NO
CUST38842,Charger,ACTIVE,365,NO
CUST38842,Bluetooth Speaker,ACTIVE,161,YES
CUST38842,Bluetooth Speaker,ACTIVE,3595,YES
CUST38842,Power Bank,ACTIVE,2143,NO
CUST38842,USB Cable,EXPIRED,2955,YES
CUST38842,Screen Guard,ACTIVE,4339,YES
CUST38842,Power Bank,PENDING,525,YES
CUST38842,Mobile Cover,EXPIRED,4328,NO
CUST38842,Phone Stand,PENDING,3484,YES
CUST71065,Memory Card,PENDING,947,YES
CUST71065,Smart Watch,PENDING,3697,YES
CUST71065,Smart Watch,ACTIVE,2113,NO
CUST71065,Memory Card,EXPIRED,1565,YES
CUST71065,Mobile Cover,EXPIRED,3285,YES
CUST46414,Bluetooth Speaker,PENDING,595,YES
CUST46414,Mobile Cover,EXPIRED,4535,NO
CUST46414,Phone Stand,PENDING,2075,NO
CUST46414,USB Cable,ACTIVE,419,NO
CUST46414,Phone Stand,ACTIVE,4070,NO
CUST46414,Mobile Cover,PENDING,1189,YES
CUST46414,Mobile Cover,ACTIVE,4969,YES
CUST46414,Phone Stand,PENDING,982,YES
CUST46414,Power Bank,PENDING,4729,NO
CUST46414,Bluetooth Speaker,ACTIVE,2993,NO
CUST46414,Memory Card,PENDING,735,YES
CUST46414,Smart Watch,PENDING,2415,NO
CUST46414,Bluetooth Speaker,PENDING,1685,NO
CUST63926,Power Bank,ACTIVE,4519,YES
CUST63926,Memory Card,ACTIVE,1816,NO
CUST63926,Charger,ACTIVE,934,YES
CUST63926,USB Cable,EXPIRED,181,NO
CUST63926,Phone Stand,ACTIVE,2796,NO
CUST63926,USB Cable,ACTIVE,4239,NO
CUST63926,Memory Card,EXPIRED,2900,NO
CUST63926,Mobile Cover,PENDING,798,NO
CUST63926,Memory Card,ACTIVE,1894,NO
CUST63926,Screen Guard,PENDING,3180,YES
CUST63926,Screen Guard,EXPIRED,2332,NO
CUST63926,Power Bank,PENDING,3621,YES
CUST63926,Charger,EXPIRED,3352,YES
CUST63926,Charger,ACTIVE,3787,YES
CUST63926,Smart Watch,PENDING,268,YES
CUST10727,Charger,ACTIVE,2657,YES
CUST10727,Power Bank,PENDING,1576,YES
CUST10727,Mobile Cover,EXPIRED,1849,NO
CUST10727,Smart Watch,PENDING,4558,YES
CUST10727,Charger,ACTIVE,3625,YES
CUST10727,Memory Card,ACTIVE,274,YES
CUST10727,Smart Watch,EXPIRED,4166,NO
CUST10727,Charger,EXPIRED,2992,YES
CUST23163,Phone Stand,PENDING,1728,NO
CUST23163,Smart Watch,ACTIVE,2386,NO
CUST23163,Memory Card,PENDING,4870,NO
CUST23163,Power Bank,PENDING,4194,NO
CUST23163,Memory Card,EXPIRED,1504,NO
CUST23163,Smart Watch,PENDING,4806,NO
CUST23163,Power Bank,ACTIVE,146,NO
CUST23163,Screen Guard,ACTIVE,3387,YES
CUST23163,Bluetooth Speaker,PENDING,1372,YES
CUST23163,Charger,PENDING,4111,YES
CUST23163,Phone Stand,PENDING,2868,NO
CUST23163,Phone Stand,ACTIVE,2864,YES
CUST23163,Mobile Cover,PENDING,4541,YES
CUST26498,Power Bank,ACTIVE,3577,NO
CUST26498,USB Cable,PENDING,1707,NO
CUST26498,Mobile Cover,ACTIVE,4010,NO
CUST26498,Screen Guard,ACTIVE,146,NO
CUST26498,Power Bank,EXPIRED,1589,NO
CUST26498,Charger,EXPIRED,1284,YES
CUST26498,USB Cable,PENDING,1002,NO
CUST26498,Charger,PENDING,4533,YES
CUST32524,Phone Stand,PENDING,3759,NO
CUST32524,Earphones,EXPIRED,2449,NO
CUST32524,Bluetooth Speaker,ACTIVE,526,NO
CUST32524,Bluetooth Speaker,PENDING,781,YES
CUST32524,Charger,ACTIVE,2204,NO
CUST32524,Phone Stand,EXPIRED,3116,YES
CUST32524,Screen Guard,ACTIVE,2855,YES
CUST32524,Charger,ACTIVE,2682,NO
CUST32524,Smart Watch,EXPIRED,2660,NO
CUST32524,Mobile Cover,EXPIRED,822,NO
CUST32524,Power Bank,ACTIVE,4877,YES
CUST32524,Bluetooth Speaker,ACTIVE,1958,NO
CUST32524,Phone Stand,ACTIVE,2925,NO
CUST51985,Mobile Cover,ACTIVE,4893,NO
CUST51985,Phone Stand,PENDING,2653,NO
CUST51985,Charger,PENDING,382,NO
CUST51985,Smart Watch,PENDING,4553,YES
CUST51985,Smart Watch,EXPIRED,935,YES
CUST51985,Mobile Cover,ACTIVE,2200,NO
CUST51985,Mobile Cover,ACTIVE,507,YES
CUST51985,Phone Stand,PENDING,703,YES
CUST38197,Charger,EXPIRED,1592,NO
CUST38197,Phone Stand,EXPIRED,4717,YES
CUST38197,Screen Guard,PENDING,2194,NO
CUST38197,Phone Stand,EXPIRED,1599,YES
CUST38197,Smart Watch,EXPIRED,156,NO
CUST38197,Smart Watch,PENDING,2859,NO
CUST38197,Charger,ACTIVE,1534,YES
CUST38197,Earphones,PENDING,925,NO
CUST38197,USB Cable,PENDING,3002,YES
CUST38197,Screen Guard,PENDING,2606,YES
CUST38197,Smart Watch,ACTIVE,1181,NO
CUST38197,Mobile Cover,ACTIVE,1254,YES
CUST38197,Memory Card,ACTIVE,2577,YES
CUST69212,Phone Stand,PENDING,272,NO
CUST69212,Bluetooth Speaker,ACTIVE,894,YES
CUST69212,Bluetooth Speaker,EXPIRED,1937,YES
CUST69212,Screen Guard,PENDING,4791,NO
CUST69212,Mobile Cover,ACTIVE,1899,YES
CUST69212,Bluetooth Speaker,ACTIVE,1391,YES
CUST37483,Phone Stand,EXPIRED,4957,YES
CUST37483,Charger,ACTIVE,4320,YES
CUST37483,USB Cable,ACTIVE,4269,YES
CUST37483,USB Cable,EXPIRED,4581,NO
CUST37483,Phone Stand,EXPIRED,3318,NO
CUST37483,Smart Watch,ACTIVE,4056,YES
CUST37483,Phone Stand,ACTIVE,2283,NO
CUST37483,Mobile Cover,ACTIVE,4305,NO
CUST37483,USB Cable,EXPIRED,2330,NO
CUST88633,Earphones,EXPIRED,2752,NO
CUST88633,Power Bank,EXPIRED,916,NO
CUST88633,Mobile Cover,PENDING,1745,NO
CUST88633,USB Cable,EXPIRED,1278,NO
CUST88633,Mobile Cover,PENDING,4619,NO
CUST88633,Smart Watch,PENDING,3262,NO
CUST88633,Memory Card,ACTIVE,3973,NO
CUST88633,Charger,PENDING,2497,NO
CUST88633,Power Bank,ACTIVE,2127,YES
CUST88633,Earphones,ACTIVE,724,YES
CUST57252,Smart Watch,EXPIRED,1708,NO
CUST57252,Power Bank,ACTIVE,1882,YES
CUST57252,Mobile Cover,PENDING,4636,NO
CUST57252,USB Cable,ACTIVE,2689,YES
CUST57252,Mobile Cover,PENDING,3372,YES
CUST57252,Screen Guard,PENDING,3680,NO
CUST57252,Bluetooth Speaker,PENDING,788,NO
CUST57252,USB Cable,PENDING,1388,NO
CUST57252,Charger,ACTIVE,4894,NO
CUST57252,Screen Guard,EXPIRED,1149,YES
CUST57252,Power Bank,ACTIVE,4997,YES
CUST57252,USB Cable,EXPIRED,2895,NO
CUST57252,Screen Guard,EXPIRED,2970,NO
CUST57252,Earphones,EXPIRED,3969,YES
CUST57252,Earphones,ACTIVE,327,YES
CUST27840,Charger,PENDING,2371,YES
CUST27840,Memory Card,PENDING,711,YES
CUST27840,Mobile Cover,PENDING,120,NO
CUST27840,Screen Guard,ACTIVE,4378,NO
CUST27840,Smart Watch,PENDING,1370,NO
CUST27840,USB Cable,PENDING,2726,YES
CUST27840,USB Cable,EXPIRED,2817,YES
CUST27840,Smart Watch,PENDING,1518,YES
CUST27840,Charger,ACTIVE,4049,YES
CUST27840,USB Cable,ACTIVE,1931,NO
CUST27840,Bluetooth Speaker,PENDING,4587,NO
CUST57011,Phone Stand,PENDING,2828,NO
CUST57011,Phone Stand,ACTIVE,3224,NO
CUST57011,Phone Stand,EXPIRED,2789,NO
CUST57011,Charger,ACTIVE,2916,YES
CUST57011,Charger,ACTIVE,4007,YES
CUST57011,Mobile Cover,ACTIVE,3799,NO
CUST57011,Bluetooth Speaker,PENDING,3955,YES
CUST57011,Earphones,EXPIRED,2155,YES
CUST57011,Earphones,ACTIVE,4775,NO
CUST57011,Charger,ACTIVE,2600,NO
CUST57011,Bluetooth Speaker,PENDING,3185,YES
CUST57011,Phone Stand,PENDING,1079,YES
CUST57011,USB Cable,ACTIVE,963,YES
CUST57011,Bluetooth Speaker,EXPIRED,2548,NO
CUST57011,Earphones,ACTIVE,3022,NO
CUST60213,USB Cable,PENDING,579,YES
CUST60213,Charger,EXPIRED,1420,NO
CUST60213,Phone Stand,ACTIVE,2605,NO
CUST60213,Screen Guard,PENDING,3337,YES
CUST60213,Charger,EXPIRED,2782,YES
CUST60213,Earphones,ACTIVE,2034,YES
CUST60213,Earphones,PENDING,2792,NO
CUST60213,Charger,ACTIVE,3576,YES
CUST60213,Bluetooth Speaker,ACTIVE,4812,NO
CUST60213,Charger,EXPIRED,4051,YES
CUST98771,Smart Watch,PENDING,895,YES
CUST98771,Phone Stand,EXPIRED,434,NO
CUST98771,Memory Card,EXPIRED,1136,YES
CUST98771,Bluetooth Speaker,ACTIVE,3453,NO
CUST98771,Phone Stand,PENDING,4415,NO
CUST16380,Memory Card,EXPIRED,3320,NO
CUST16380,USB Cable,EXPIRED,127,YES
CUST16380,Earphones,PENDING,4890,NO
CUST16380,Power Bank,EXPIRED,399,YES
CUST16380,Screen Guard,ACTIVE,1479,NO
CUST16380,Mobile Cover,ACTIVE,1889,YES
CUST16380,Screen Guard,EXPIRED,2188,YES
CUST16380,Charger,PENDING,4762,YES
CUST16380,Charger,PENDING,4222,YES
CUST34196,Earphones,PENDING,973,NO
CUST34196,USB Cable,PENDING,1183,NO
CUST34196,Mobile Cover,ACTIVE,2200,NO
CUST34196,Power Bank,PENDING,3980,YES
CUST34196,Phone Stand,EXPIRED,2045,NO
CUST34196,Screen Guard,EXPIRED,3405,NO
CUST34196,Phone Stand,EXPIRED,4269,YES
CUST34196,USB Cable,EXPIRED,3711,NO
CUST34196,USB Cable,ACTIVE,4972,YES
CUST34196,Charger,EXPIRED,1022,YES
CUST34196,Memory Card,PENDING,3768,YES
CUST34196,Charger,ACTIVE,4851,NO
CUST68963,Memory Card,PENDING,151,NO
CUST68963,Bluetooth Speaker,ACTIVE,655,YES
CUST68963,Smart Watch,ACTIVE,3138,NO
CUST68963,Screen Guard,EXPIRED,4597,YES
CUST68963,Mobile Cover,ACTIVE,1230,YES
CUST68963,Bluetooth Speaker,ACTIVE,3732,YES
CUST47113,Phone Stand,EXPIRED,4018,YES
CUST47113,Memory Card,ACTIVE,2994,NO
CUST47113,Screen Guard,PENDING,2116,NO
CUST47113,Power Bank,ACTIVE,3475,NO
CUST47113,Screen Guard,EXPIRED,2118,YES
CUST47113,Power Bank,EXPIRED,4041,NO
CUST47113,Screen Guard,EXPIRED,3621,YES
CUST50650,Phone Stand,EXPIRED,2865,NO
CUST50650,Mobile Cover,EXPIRED,1523,NO
CUST50650,Memory Card,EXPIRED,1524,YES
CUST50650,Power Bank,EXPIRED,2196,YES
CUST50650,Screen Guard,PENDING,3274,NO
CUST50650,Screen Guard,ACTIVE,4757,YES
CUST50650,USB Cable,ACTIVE,3045,NO
CUST50650,Screen Guard,ACTIVE,2405,YES
CUST50650,Phone Stand,PENDING,2939,YES
CUST50650,Screen Guard,EXPIRED,1322,NO
CUST50650,USB Cable,EXPIRED,4966,YES
CUST50650,Smart Watch,ACTIVE,2290,NO
CUST41160,Charger,ACTIVE,4632,NO
CUST41160,Smart Watch,EXPIRED,2442,YES
CUST41160,Charger,PENDING,4958,YES
CUST41160,Memory Card,PENDING,2570,NO
CUST41160,Smart Watch,EXPIRED,1601,NO
CUST41160,Earphones,EXPIRED,206,NO
CUST41160,Memory Card,EXPIRED,2848,NO
CUST41160,Power Bank,ACTIVE,4236,YES
CUST41160,Earphones,PENDING,174,YES
CUST50786,Mobile Cover,ACTIVE,3620,YES
CUST50786,Screen Guard,EXPIRED,4068,NO
CUST50786,Smart Watch,ACTIVE,3725,YES
CUST50786,USB Cable,ACTIVE,110,NO
CUST50786,Phone Stand,EXPIRED,1583,NO
CUST50786,Memory Card,PENDING,182,NO
CUST50786,USB Cable,ACTIVE,4065,YES
CUST50786,Smart Watch,EXPIRED,370,NO
CUST50786,Power Bank,PENDING,397,YES
CUST50786,Memory Card,ACTIVE,1485,NO
CUST50786,Phone Stand,ACTIVE,2964,NO
CUST50786,Earphones,EXPIRED,4933,NO
CUST50786,USB Cable,ACTIVE,1824,NO
CUST91195,Memory Card,ACTIVE,2905,YES
CUST91195,Power Bank,EXPIRED,907,NO
CUST91195,Mobile Cover,EXPIRED,4776,NO
CUST91195,Phone Stand,PENDING,2304,YES
CUST91195,Memory Card,ACTIVE,1195,YES
CUST91195,Memory Card,ACTIVE,2573,YES
CUST91195,Mobile Cover,ACTIVE,4872,YES
CUST91195,USB Cable,ACTIVE,4582,NO
CUST91195,Mobile Cover,PENDING,2483,NO
CUST91195,Mobile Cover,ACTIVE,4148,NO
CUST91195,Earphones,PENDING,1305,NO
CUST91195,Screen Guard,ACTIVE,388,YES
CUST91195,Screen Guard,PENDING,3750,NO
CUST91195,Bluetooth Speaker,ACTIVE,3960,NO
CUST88197,Memory Card,PENDING,276,YES
CUST88197,Earphones,PENDING,3465,NO
CUST88197,Phone Stand,PENDING,331,NO
CUST88197,USB Cable,PENDING,4745,NO
CUST88197,Mobile Cover,ACTIVE,2787,YES
CUST88197,Mobile Cover,PENDING,4034,YES
CUST88197,Smart Watch,PENDING,1611,YES
CUST88197,Smart Watch,ACTIVE,3891,YES
CUST88197,Earphones,PENDING,4521,YES
CUST88197,Screen Guard,PENDING,1195,YES
CUST58010,Earphones,PENDING,1961,NO
CUST58010,Smart Watch,EXPIRED,4649,YES
CUST58010,Power Bank,PENDING,394,NO
CUST58010,USB Cable,ACTIVE,2959,YES
CUST58010,Smart Watch,ACTIVE,1030,NO
CUST58010,Phone Stand,PENDING,2470,NO
CUST44447,Bluetooth Speaker,ACTIVE,1728,NO
CUST44447,Screen Guard,PENDING,1005,YES
CUST44447,USB Cable,ACTIVE,2989,YES
CUST44447,Screen Guard,PENDING,4696,YES
CUST44447,Power Bank,PENDING,1346,YES
CUST99029,Smart Watch,ACTIVE,576,NO
CUST99029,Phone Stand,PENDING,3580,YES
CUST99029,Memory Card,PENDING,3824,NO
CUST99029,Phone Stand,PENDING,2111,YES
CUST99029,Mobile Cover,PENDING,2070,NO
CUST99029,USB Cable,PENDING,3033,YES
CUST99029,Memory Card,EXPIRED,3715,YES
CUST99029,Phone Stand,PENDING,4448,YES
CUST99029,Screen Guard,ACTIVE,642,NO
CUST99029,Mobile Cover,ACTIVE,3879,YES
CUST99029,USB Cable,EXPIRED,2880,YES
CUST99029,Bluetooth Speaker,ACTIVE,2955,YES
CUST99029,Smart Watch,EXPIRED,2520,YES
CUST99029,Charger,EXPIRED,2937,YES
CUST99029,Bluetooth Speaker,EXPIRED,1409,NO
CUST33017,Bluetooth Speaker,PENDING,2373,YES
CUST33017,Smart Watch,ACTIVE,252,NO
CUST33017,Bluetooth Speaker,PENDING,851,NO
CUST33017,Memory Card,EXPIRED,222,YES
CUST33017,Mobile Cover,EXPIRED,4712,NO
CUST33017,Mobile Cover,PENDING,3350,NO
CUST33017,Bluetooth Speaker,PENDING,962,NO
CUST33017,Phone Stand,ACTIVE,2298,NO
CUST33017,USB Cable,PENDING,1431,YES
CUST33017,Memory Card,ACTIVE,4766,NO
CUST22465,Bluetooth Speaker,ACTIVE,3901,NO
CUST22465,Power Bank,ACTIVE,3119,YES
CUST22465,Smart Watch,ACTIVE,3953,YES
CUST22465,Smart Watch,ACTIVE,3559,YES
CUST22465,Memory Card,ACTIVE,2028,YES
CUST22465,Bluetooth Speaker,EXPIRED,1701,YES
CUST22465,Mobile Cover,PENDING,1239,NO
CUST22465,Phone Stand,PENDING,4592,YES
CUST22465,USB Cable,ACTIVE,1846,YES
CUST93258,Earphones,ACTIVE,3696,NO
CUST93258,Phone Stand,EXPIRED,2950,NO
CUST93258,Memory Card,PENDING,3950,NO
CUST93258,Power Bank,PENDING,359,NO
CUST93258,Memory Card,PENDING,3873,YES
CUST93258,USB Cable,PENDING,1393,YES
CUST93258,Bluetooth Speaker,ACTIVE,2337,NO
CUST93258,Screen Guard,ACTIVE,4557,NO
CUST93258,Memory Card,PENDING,1593,NO
CUST94144,Earphones,PENDING,2891,YES
CUST94144,Bluetooth Speaker,PENDING,3989,NO
CUST94144,Phone Stand,PENDING,3445,YES
CUST94144,Screen Guard,PENDING,4578,NO
CUST94144,Memory Card,PENDING,2198,NO
CUST94144,Earphones,EXPIRED,941,NO
CUST94144,Bluetooth Speaker,PENDING,1854,YES
CUST94144,Memory Card,PENDING,2230,YES
CUST94144,Earphones,EXPIRED,3094,YES
CUST94144,Charger,EXPIRED,4942,NO
CUST94144,Mobile Cover,PENDING,2663,NO
CUST14254,Charger,PENDING,2892,NO
CUST14254,Bluetooth Speaker,EXPIRED,1633,YES
CUST14254,Screen Guard,EXPIRED,514,YES
CUST14254,Mobile Cover,PENDING,4437,NO
CUST14254,Power Bank,EXPIRED,399,NO
CUST14254,Bluetooth Speaker,EXPIRED,2347,NO
CUST14254,Memory Card,ACTIVE,148,NO
CUST14254,Earphones,PENDING,127,YES
CUST14254,USB Cable,ACTIVE,4201,NO
CUST42714,Earphones,EXPIRED,967,YES
CUST42714,Mobile Cover,ACTIVE,320,NO
CUST42714,Earphones,ACTIVE,1588,NO
CUST42714,Bluetooth Speaker,PENDING,1209,YES
CUST42714,Power Bank,EXPIRED,1024,NO
CUST42714,Screen Guard,EXPIRED,3742,YES
CUST42714,Smart Watch,ACTIVE,420,NO
CUST42714,Earphones,ACTIVE,4004,NO
CUST42714,Mobile Cover,PENDING,3549,NO
CUST42714,Charger,PENDING,1320,YES
CUST42714,Phone Stand,ACTIVE,4044,NO
CUST42714,Mobile Cover,PENDING,4420,YES
CUST42714,Earphones,EXPIRED,4530,YES
CUST47172,Charger,PENDING,3510,YES
CUST47172,Smart Watch,EXPIRED,2296,NO
CUST47172,Charger,ACTIVE,3268,YES
CUST47172,Bluetooth Speaker,EXPIRED,4128,NO
CUST47172,Power Bank,ACTIVE,1312,NO
CUST47172,USB Cable,PENDING,1470,YES
CUST72241,Memory Card,EXPIRED,2254,NO
CUST72241,USB Cable,PENDING,2297,NO
CUST72241,Charger,EXPIRED,873,NO
CUST72241,USB Cable,PENDING,3795,NO
CUST72241,Screen Guard,ACTIVE,3684,YES
CUST72241,Phone Stand,EXPIRED,2356,NO
CUST72241,Phone Stand,ACTIVE,4120,YES
CUST72241,Charger,EXPIRED,2386,NO
CUST72241,Earphones,PENDING,2631,YES
CUST72241,USB Cable,PENDING,2933,YES
CUST72241,Power Bank,PENDING,1797,NO
CUST72241,Phone Stand,ACTIVE,810,NO
CUST72241,Smart Watch,EXPIRED,226,YES
CUST57258,Mobile Cover,ACTIVE,4719,NO
CUST57258,Memory Card,ACTIVE,487,NO
CUST57258,Earphones,ACTIVE,540,NO
CUST57258,USB Cable,PENDING,1901,NO
CUST57258,Mobile Cover,ACTIVE,2894,NO
CUST57258,Memory Card,ACTIVE,1867,NO
CUST57258,Phone Stand,PENDING,2016,NO
CUST57258,Phone Stand,PENDING,3112,YES
CUST57258,Screen Guard,EXPIRED,2360,NO
CUST57258,Phone Stand,ACTIVE,4623,NO
CUST36702,Memory Card,EXPIRED,3206,YES
CUST36702,Charger,EXPIRED,2637,NO
CUST36702,Phone Stand,PENDING,3489,YES
CUST36702,Mobile Cover,PENDING,2539,YES
CUST36702,Screen Guard,PENDING,135,NO
CUST10419,USB Cable,PENDING,4967,NO
CUST10419,Phone Stand,PENDING,2036,YES
CUST10419,Bluetooth Speaker,ACTIVE,2294,YES
CUST10419,Earphones,PENDING,1177,YES
CUST10419,Earphones,EXPIRED,3853,NO
CUST10419,Memory Card,ACTIVE,1021,YES
CUST10419,Power Bank,ACTIVE,3080,NO
CUST10419,Screen Guard,ACTIVE,458,NO
CUST10419,Earphones,PENDING,2769,YES
CUST10419,Charger,PENDING,3656,NO
CUST10419,USB Cable,EXPIRED,3098,NO
CUST10419,Smart Watch,EXPIRED,3876,YES
CUST10419,Screen Guard,PENDING,3133,YES
CUST10419,Screen Guard,PENDING,4979,NO
CUST89303,Earphones,ACTIVE,838,YES
CUST89303,Charger,EXPIRED,189,YES
CUST89303,Bluetooth Speaker,PENDING,4051,NO
CUST89303,Power Bank,PENDING,4013,YES
CUST89303,Earphones,ACTIVE,4501,NO
CUST89303,USB Cable,ACTIVE,3017,YES
CUST89303,Phone Stand,EXPIRED,3147,YES
CUST89303,Memory Card,ACTIVE,697,NO
CUST89303,Charger,EXPIRED,611,YES
CUST89303,Mobile Cover,PENDING,2382,NO
CUST54464,Earphones,PENDING,3832,YES
CUST54464,Screen Guard,PENDING,1811,NO
CUST54464,Power Bank,EXPIRED,548,NO
CUST54464,Mobile Cover,EXPIRED,1441,YES
CUST54464,USB Cable,ACTIVE,4074,YES
CUST54464,Bluetooth Speaker,ACTIVE,3344,YES
CUST54464,Earphones,ACTIVE,1803,YES
CUST54464,Charger,PENDING,4509,YES
CUST54464,Smart Watch,EXPIRED,399,NO
CUST54464,Memory Card,PENDING,1856,NO
CUST54464,Smart Watch,ACTIVE,1103,NO
CUST63784,Earphones,ACTIVE,2438,NO
CUST63784,Mobile Cover,EXPIRED,3623,NO
CUST63784,USB Cable,EXPIRED,4789,YES
CUST63784,Charger,EXPIRED,952,YES
CUST63784,Smart Watch,ACTIVE,2803,NO
CUST63784,Phone Stand,PENDING,4519,YES
CUST63784,Bluetooth Speaker,PENDING,3698,NO
CUST32243,Mobile Cover,EXPIRED,330,NO
CUST32243,Screen Guard,PENDING,4232,YES
CUST32243,Smart Watch,ACTIVE,2983,YES
CUST32243,Charger,EXPIRED,4075,NO
CUST32243,Mobile Cover,PENDING,4277,YES
CUST32243,Mobile Cover,ACTIVE,1943,YES
CUST32243,Charger,EXPIRED,4058,NO
CUST83523,Screen Guard,EXPIRED,4257,NO
CUST83523,Charger,PENDING,3532,YES
CUST83523,Charger,ACTIVE,2691,YES
CUST83523,Mobile Cover,ACTIVE,4324,NO
CUST83523,Memory Card,ACTIVE,4606,YES
CUST83523,Screen Guard,ACTIVE,1764,YES
CUST83523,Mobile Cover,ACTIVE,4237,NO
CUST83523,Mobile Cover,PENDING,150,YES
CUST83523,Charger,ACTIVE,132,YES
CUST83523,Charger,PENDING,3092,NO
CUST83523,Charger,PENDING,1787,YES
CUST83523,Screen Guard,ACTIVE,958,NO
CUST83523,Screen Guard,ACTIVE,3370,NO
CUST83523,USB Cable,EXPIRED,468,NO
CUST56772,Earphones,EXPIRED,2121,NO
CUST56772,Screen Guard,PENDING,148,YES
CUST56772,Bluetooth Speaker,EXPIRED,4007,YES
CUST56772,Phone Stand,PENDING,778,YES
CUST56772,Smart Watch,PENDING,1273,NO
CUST56772,Phone Stand,PENDING,356,YES
CUST56772,Memory Card,PENDING,646,YES
CUST56772,Mobile Cover,PENDING,676,YES
CUST56772,Memory Card,PENDING,1876,NO
CUST96670,Screen Guard,EXPIRED,2895,NO
CUST96670,Phone Stand,PENDING,1454,NO
CUST96670,Smart Watch,PENDING,505,YES
CUST96670,Power Bank,EXPIRED,3997,YES
CUST96670,Bluetooth Speaker,EXPIRED,854,YES
CUST96670,Phone Stand,PENDING,3589,YES
CUST96670,Bluetooth Speaker,PENDING,2289,YES
CUST96670,Phone Stand,ACTIVE,3152,YES
CUST96670,Smart Watch,PENDING,1419,YES
CUST28161,USB Cable,EXPIRED,2324,YES
CUST28161,Earphones,ACTIVE,1038,NO
CUST28161,Power Bank,EXPIRED,2395,NO
CUST28161,USB Cable,PENDING,2542,NO
CUST28161,Memory Card,EXPIRED,171,NO
CUST28161,Smart Watch,ACTIVE,4046,YES
CUST28161,Power Bank,PENDING,277,YES
CUST28161,Power Bank,ACTIVE,4701,NO
CUST28161,USB Cable,PENDING,3187,NO
CUST28161,Charger,EXPIRED,357,YES
CUST28161,Smart Watch,ACTIVE,2261,NO
CUST28161,Bluetooth Speaker,EXPIRED,351,YES
CUST28161,Power Bank,ACTIVE,602,NO
CUST38903,Screen Guard,ACTIVE,754,YES
CUST38903,Screen Guard,EXPIRED,3779,YES
CUST38903,Memory Card,EXPIRED,4174,YES
CUST38903,Mobile Cover,ACTIVE,4890,NO
CUST38903,Memory Card,PENDING,4627,NO
CUST38903,Bluetooth Speaker,PENDING,3005,NO
CUST38903,Earphones,EXPIRED,3487,YES
CUST38903,Power Bank,EXPIRED,4419,YES
CUST38903,Mobile Cover,EXPIRED,3288,NO
CUST58574,Charger,ACTIVE,4335,NO
CUST58574,Mobile Cover,PENDING,1346,NO
CUST58574,Memory Card,PENDING,2550,YES
CUST58574,Smart Watch,PENDING,4867,NO
CUST58574,Memory Card,EXPIRED,1704,YES
CUST62493,Power Bank,PENDING,1754,NO
CUST62493,Earphones,ACTIVE,1539,NO
CUST62493,Bluetooth Speaker,PENDING,4450,YES
CUST62493,Mobile Cover,ACTIVE,2609,NO
CUST62493,Earphones,EXPIRED,3993,NO
CUST48132,Earphones,PENDING,1657,NO
CUST48132,Mobile Cover,ACTIVE,1626,NO
CUST48132,Bluetooth Speaker,EXPIRED,3217,NO
CUST48132,Smart Watch,ACTIVE,2392,YES
CUST48132,Phone Stand,EXPIRED,2546,YES
CUST48132,Earphones,EXPIRED,2075,NO
CUST48132,Smart Watch,EXPIRED,4393,NO
CUST48132,Charger,PENDING,2602,NO
CUST48132,Smart Watch,ACTIVE,3017,NO
CUST48132,Earphones,ACTIVE,3617,NO
CUST40999,Charger,PENDING,2191,NO
CUST40999,Memory Card,PENDING,4262,NO
CUST40999,Charger,PENDING,2738,YES
CUST40999,Memory Card,ACTIVE,4054,NO
CUST40999,Phone Stand,PENDING,1030,NO
CUST40999,Power Bank,EXPIRED,664,YES
CUST40999,Charger,ACTIVE,3203,NO
CUST40999,USB Cable,EXPIRED,2584,YES
CUST40999,Smart Watch,ACTIVE,557,NO
CUST40999,Screen Guard,ACTIVE,1785,YES
CUST40999,Smart Watch,ACTIVE,1050,NO
CUST40999,Smart Watch,EXPIRED,1150,NO
CUST40999,Bluetooth Speaker,PENDING,3464,YES
CUST40999,Screen Guard,ACTIVE,1657,YES
CUST40999,Bluetooth Speaker,EXPIRED,1548,YES
CUST45589,Charger,PENDING,593,NO
CUST45589,Phone Stand,ACTIVE,3965,NO
CUST45589,Memory Card,EXPIRED,1015,NO
CUST45589,Mobile Cover,ACTIVE,4725,YES
CUST45589,Earphones,EXPIRED,1440,YES
CUST45589,Earphones,EXPIRED,1744,YES
CUST45589,Bluetooth Speaker,ACTIVE,2063,YES
CUST45589,Screen Guard,EXPIRED,3161,YES
CUST45589,Earphones,PENDING,3644,NO
CUST45589,Earphones,EXPIRED,4962,NO
CUST45589,Memory Card,ACTIVE,2172,YES
CUST45589,Power Bank,PENDING,4454,YES
CUST18284,Charger,ACTIVE,4672,YES
CUST18284,Charger,ACTIVE,530,NO
CUST18284,Smart Watch,ACTIVE,2884,NO
CUST18284,Earphones,ACTIVE,1850,YES
CUST18284,Screen Guard,PENDING,3619,NO
CUST18284,USB Cable,EXPIRED,3071,NO
CUST18284,Mobile Cover,PENDING,4692,YES
CUST18284,Charger,PENDING,3168,NO
CUST18284,Charger,PENDING,2628,NO
CUST18284,Charger,PENDING,2649,YES
CUST16849,Bluetooth Speaker,PENDING,396,YES
CUST16849,Screen Guard,EXPIRED,4374,NO
CUST16849,Earphones,PENDING,2517,NO
CUST16849,Memory Card,ACTIVE,536,NO
CUST16849,Bluetooth Speaker,PENDING,4805,YES
CUST16849,Bluetooth Speaker,PENDING,2274,NO
CUST16849,Memory Card,PENDING,3866,NO
CUST16849,Earphones,ACTIVE,1061,YES
CUST79345,Bluetooth Speaker,EXPIRED,3612,YES
CUST79345,Power Bank,EXPIRED,1863,YES
CUST79345,Mobile Cover,ACTIVE,4652,NO
CUST79345,Smart Watch,ACTIVE,4702,NO
CUST79345,Charger,PENDING,3953,YES
CUST79345,USB Cable,ACTIVE,2783,YES
CUST79345,Charger,ACTIVE,3800,NO
CUST24006,Screen Guard,PENDING,1231,NO
CUST24006,Charger,ACTIVE,1019,NO
CUST24006,Charger,ACTIVE,1880,YES
CUST24006,Phone Stand,EXPIRED,1012,YES
CUST24006,Smart Watch,PENDING,2645,NO
CUST12282,Power Bank,PENDING,1304,YES
CUST12282,Phone Stand,EXPIRED,2160,NO
CUST12282,Earphones,ACTIVE,3277,YES
CUST12282,Mobile Cover,PENDING,829,YES
CUST12282,Bluetooth Speaker,EXPIRED,2416,YES
CUST12282,Charger,ACTIVE,370,NO
CUST98885,Memory Card,PENDING,2599,NO
CUST98885,USB Cable,EXPIRED,1681,YES
CUST98885,Bluetooth Speaker,ACTIVE,1152,NO
CUST98885,Phone Stand,EXPIRED,1118,NO
CUST98885,Bluetooth Speaker,EXPIRED,2919,YES
CUST16011,Charger,PENDING,3017,NO
CUST16011,Mobile Cover,PENDING,2376,NO
CUST16011,Screen Guard,ACTIVE,3230,NO
CUST16011,Smart Watch,PENDING,3569,NO
CUST16011,Smart Watch,ACTIVE,3060,NO
CUST16011,Phone Stand,ACTIVE,464,YES
CUST16011,Mobile Cover,PENDING,3352,NO
CUST16011,Bluetooth Speaker,ACTIVE,921,YES
CUST16011,Charger,PENDING,813,YES
CUST79725,Power Bank,PENDING,2983,YES
CUST79725,Phone Stand,EXPIRED,3990,NO
CUST79725,Power Bank,EXPIRED,1996,NO
CUST79725,Mobile Cover,ACTIVE,3791,NO
CUST79725,Screen Guard,PENDING,165,YES
CUST79725,Smart Watch,EXPIRED,1157,NO
CUST79725,Power Bank,PENDING,2518,YES
CUST79725,Charger,EXPIRED,2751,YES
CUST79725,Memory Card,ACTIVE,2054,YES
CUST79725,Power Bank,PENDING,4985,YES
CUST79725,Memory Card,EXPIRED,4049,NO
CUST79725,Memory Card,EXPIRED,3574,NO
CUST79725,Memory Card,ACTIVE,497,NO
CUST90750,Mobile Cover,EXPIRED,3382,YES
CUST90750,USB Cable,EXPIRED,2956,YES
CUST90750,Smart Watch,PENDING,4897,YES
CUST90750,Earphones,ACTIVE,2281,NO
CUST90750,Phone Stand,ACTIVE,502,NO
CUST97972,Smart Watch,PENDING,4791,YES
CUST97972,Memory Card,ACTIVE,173,YES
CUST97972,USB Cable,EXPIRED,653,YES
CUST97972,Earphones,ACTIVE,2034,YES
CUST97972,Screen Guard,EXPIRED,3789,YES
CUST97972,Power Bank,EXPIRED,736,YES
CUST97972,Earphones,EXPIRED,3006,YES
CUST97972,Screen Guard,ACTIVE,4898,YES
CUST97972,Memory Card,ACTIVE,4372,YES
CUST97972,USB Cable,PENDING,3784,NO
CUST95617,Earphones,PENDING,2307,NO
CUST95617,Smart Watch,PENDING,1857,NO
CUST95617,Power Bank,ACTIVE,3734,YES
CUST95617,Charger,PENDING,1384,YES
CUST95617,Mobile Cover,ACTIVE,4305,YES
CUST95617,Charger,EXPIRED,3286,YES
CUST95617,Screen Guard,EXPIRED,1528,NO
CUST95617,USB Cable,PENDING,3057,YES
CUST95617,Mobile Cover,ACTIVE,2898,YES
CUST95617,Mobile Cover,EXPIRED,4344,NO
CUST51841,Memory Card,PENDING,2770,YES
CUST51841,Mobile Cover,EXPIRED,1480,NO
CUST51841,Smart Watch,EXPIRED,276,NO
CUST51841,Bluetooth Speaker,ACTIVE,1945,NO
CUST51841,Memory Card,EXPIRED,4953,YES
CUST90454,Bluetooth Speaker,EXPIRED,870,NO
CUST90454,USB Cable,ACTIVE,4603,NO
CUST90454,USB Cable,PENDING,3607,YES
CUST90454,Screen Guard,PENDING,2878,YES
CUST90454,Mobile Cover,ACTIVE,1907,YES
CUST40113,Mobile Cover,PENDING,2306,YES
CUST40113,USB Cable,PENDING,2273,NO
CUST40113,Memory Card,EXPIRED,4085,YES
CUST40113,Earphones,EXPIRED,670,NO
CUST40113,Screen Guard,EXPIRED,216,YES
CUST40113,Smart Watch,PENDING,1297,YES
CUST40113,Phone Stand,ACTIVE,4190,YES
CUST40113,Earphones,PENDING,3409,NO
CUST40113,Screen Guard,EXPIRED,3360,YES
CUST40113,Power Bank,PENDING,3288,YES
CUST11191,Phone Stand,PENDING,3049,YES
CUST11191,Bluetooth Speaker,ACTIVE,4042,YES
CUST11191,USB Cable,EXPIRED,4755,YES
CUST11191,Memory Card,EXPIRED,1823,NO
CUST11191,Power Bank,PENDING,4667,NO
CUST11191,Memory Card,PENDING,3947,YES
CUST11191,Earphones,EXPIRED,2506,YES
CUST11191,Power Bank,ACTIVE,3192,NO
CUST11191,Screen Guard,ACTIVE,1917,NO
CUST11191,Power Bank,PENDING,1692,YES
CUST11191,USB Cable,PENDING,290,YES
CUST11191,Memory Card,EXPIRED,3139,YES
CUST12439,Earphones,ACTIVE,2402,YES
CUST12439,Smart Watch,EXPIRED,551,NO
CUST12439,Bluetooth Speaker,ACTIVE,3312,NO
CUST12439,Power Bank,PENDING,4226,YES
CUST12439,Earphones,EXPIRED,2800,NO
CUST12439,Power Bank,PENDING,2344,NO
CUST12439,Mobile Cover,EXPIRED,3973,YES
CUST12439,Screen Guard,ACTIVE,2173,NO
CUST12439,Power Bank,EXPIRED,2786,YES
CUST12439,Earphones,ACTIVE,2613,YES
CUST12439,Screen Guard,EXPIRED,1992,YES
CUST50543,Power Bank,PENDING,2776,YES
CUST50543,Smart Watch,ACTIVE,481,YES
CUST50543,Bluetooth Speaker,EXPIRED,4059,YES
CUST50543,USB Cable,ACTIVE,848,YES
CUST50543,Phone Stand,EXPIRED,1206,YES
CUST50543,Screen Guard,ACTIVE,4539,YES
CUST50543,Charger,PENDING,2458,YES
CUST50543,Mobile Cover,ACTIVE,1918,NO
CUST50543,Mobile Cover,PENDING,1978,YES
CUST50543,Earphones,PENDING,4496,NO
CUST50543,USB Cable,EXPIRED,2113,NO
CUST50543,Bluetooth Speaker,ACTIVE,338,YES
CUST85504,Smart Watch,EXPIRED,2630,YES
CUST85504,Mobile Cover,PENDING,4879,NO
CUST85504,Phone Stand,ACTIVE,3136,YES
CUST85504,Smart Watch,ACTIVE,934,YES
CUST85504,Mobile Cover,ACTIVE,3054,NO
CUST85504,Charger,EXPIRED,1367,NO
CUST85504,Smart Watch,EXPIRED,4068,YES
CUST85504,Memory Card,PENDING,4581,YES
CUST85504,Earphones,EXPIRED,1919,YES
CUST85504,Phone Stand,ACTIVE,4969,NO
CUST85504,USB Cable,EXPIRED,1377,YES
CUST85504,Screen Guard,PENDING,1857,NO
CUST85504,Mobile Cover,PENDING,376,YES
CUST85504,Screen Guard,ACTIVE,1447,NO
CUST85504,Screen Guard,PENDING,1389,YES
CUST45648,Power Bank,PENDING,296,YES
CUST45648,USB Cable,ACTIVE,2563,YES
CUST45648,Screen Guard,PENDING,2381,NO
CUST45648,Mobile Cover,ACTIVE,4022,YES
CUST45648,Mobile Cover,PENDING,1446,NO
CUST45648,Charger,EXPIRED,4612,NO
CUST45648,Phone Stand,PENDING,2732,NO
CUST45648,Bluetooth Speaker,EXPIRED,3711,YES
CUST45648,Power Bank,PENDING,1487,NO
CUST45648,USB Cable,PENDING,3577,NO
CUST45648,Earphones,ACTIVE,4360,YES
CUST45648,Mobile Cover,EXPIRED,1433,NO
CUST45648,Screen Guard,EXPIRED,2370,NO
CUST45648,Power Bank,PENDING,2513,YES
CUST67113,Mobile Cover,PENDING,2582,NO
CUST67113,Charger,PENDING,4152,YES
CUST67113,Earphones,ACTIVE,3606,NO
CUST67113,Mobile Cover,ACTIVE,1285,YES
CUST67113,Earphones,PENDING,4888,YES
CUST67113,Power Bank,EXPIRED,320,NO
CUST24889,Bluetooth Speaker,PENDING,3886,YES
CUST24889,Earphones,PENDING,4125,YES
CUST24889,Mobile Cover,PENDING,3898,NO
CUST24889,Smart Watch,PENDING,2226,NO
CUST24889,Power Bank,PENDING,2720,NO
CUST24889,Charger,EXPIRED,4130,NO
CUST24889,Smart Watch,ACTIVE,4926,NO
CUST24889,Screen Guard,EXPIRED,1372,YES
CUST24889,Bluetooth Speaker,EXPIRED,1730,YES
CUST24889,USB Cable,ACTIVE,184,NO
CUST24889,Memory Card,EXPIRED,4451,YES
CUST24889,USB Cable,ACTIVE,914,YES
CUST24889,Screen Guard,ACTIVE,3201,YES
CUST24889,Phone Stand,ACTIVE,1801,YES
CUST63093,Memory Card,PENDING,4309,YES
CUST63093,Smart Watch,ACTIVE,1556,NO
CUST63093,Earphones,ACTIVE,2842,NO
CUST63093,Bluetooth Speaker,EXPIRED,693,NO
CUST63093,Memory Card,EXPIRED,141,NO
CUST63093,Earphones,PENDING,3563,YES
CUST63093,Smart Watch,ACTIVE,817,NO
CUST63093,Earphones,PENDING,3814,NO
CUST63093,Bluetooth Speaker,ACTIVE,3160,NO
CUST59977,Charger,PENDING,2621,YES
CUST59977,Earphones,EXPIRED,2780,YES
CUST59977,Earphones,ACTIVE,1445,NO
CUST59977,Mobile Cover,EXPIRED,3366,NO
CUST59977,Smart Watch,PENDING,4964,YES
CUST59977,USB Cable,PENDING,4601,YES
CUST81685,Mobile Cover,ACTIVE,1156,NO
CUST81685,Screen Guard,PENDING,2566,YES
CUST81685,Memory Card,ACTIVE,1400,NO
CUST81685,Bluetooth Speaker,EXPIRED,1203,NO
CUST81685,Bluetooth Speaker,ACTIVE,3087,NO
CUST81685,Earphones,PENDING,1155,NO
CUST81685,Phone Stand,PENDING,1339,NO
CUST81685,Earphones,ACTIVE,639,NO
CUST81685,Mobile Cover,PENDING,466,NO
CUST81685,USB Cable,PENDING,2720,NO
CUST81685,USB Cable,EXPIRED,2657,YES
CUST81685,Bluetooth Speaker,EXPIRED,294,NO
CUST81685,Memory Card,EXPIRED,3390,NO
CUST81685,USB Cable,ACTIVE,4944,YES
CUST81685,Smart Watch,ACTIVE,2467,NO
CUST41549,Charger,ACTIVE,4882,YES
CUST41549,Phone Stand,ACTIVE,4068,YES
CUST41549,USB Cable,EXPIRED,585,YES
CUST41549,Phone Stand,ACTIVE,1869,NO
CUST41549,Earphones,ACTIVE,1593,NO
CUST41549,Screen Guard,EXPIRED,1812,YES
CUST41549,Charger,EXPIRED,3360,YES
CUST41549,Earphones,ACTIVE,3811,NO
CUST41549,Power Bank,EXPIRED,3071,NO
CUST41549,Phone Stand,ACTIVE,2776,YES
CUST41549,Mobile Cover,PENDING,2466,NO
CUST20610,USB Cable,ACTIVE,2850,YES
CUST20610,Earphones,EXPIRED,4732,NO
CUST20610,Charger,EXPIRED,826,NO
CUST20610,Earphones,ACTIVE,4131,NO
CUST20610,Charger,EXPIRED,3403,NO
CUST20610,Mobile Cover,EXPIRED,3242,NO
CUST20610,Screen Guard,ACTIVE,953,NO
CUST20610,USB Cable,ACTIVE,3046,NO
CUST20610,Memory Card,ACTIVE,2564,NO
CUST20610,Smart Watch,PENDING,2706,NO
CUST20610,Memory Card,ACTIVE,1198,NO
CUST93018,Power Bank,PENDING,4528,YES
CUST93018,Earphones,ACTIVE,2940,NO
CUST93018,Smart Watch,EXPIRED,1265,NO
CUST93018,Phone Stand,EXPIRED,558,NO
CUST93018,Memory Card,EXPIRED,4876,YES
CUST93018,Charger,EXPIRED,1137,YES
CUST93018,Phone Stand,EXPIRED,1267,YES
CUST93018,Bluetooth Speaker,ACTIVE,514,YES
CUST93018,Smart Watch,ACTIVE,2339,NO
CUST96884,Phone Stand,ACTIVE,4991,NO
CUST96884,USB Cable,PENDING,3405,NO
CUST96884,USB Cable,ACTIVE,4512,YES
CUST96884,Phone Stand,PENDING,4022,YES
CUST96884,Earphones,EXPIRED,1049,NO
CUST96884,Bluetooth Speaker,EXPIRED,2818,YES
CUST96884,Charger,PENDING,4660,NO
CUST96884,Memory Card,PENDING,4788,YES
CUST96884,Phone Stand,ACTIVE,577,YES
CUST81411,Power Bank,PENDING,1014,YES
CUST81411,Charger,EXPIRED,2436,YES
CUST81411,Screen Guard,PENDING,170,YES
CUST81411,Bluetooth Speaker,PENDING,715,NO
CUST81411,USB Cable,ACTIVE,3514,YES
CUST81411,Memory Card,ACTIVE,4894,NO
CUST81411,Mobile Cover,ACTIVE,4308,YES
CUST81411,Bluetooth Speaker,PENDING,3448,NO
CUST81411,Charger,ACTIVE,2134,NO
CUST81411,Bluetooth Speaker,PENDING,2624,YES
CUST18420,Power Bank,EXPIRED,908,NO
CUST18420,Phone Stand,PENDING,3023,NO
CUST18420,Memory Card,EXPIRED,3118,YES
CUST18420,Screen Guard,ACTIVE,1116,NO
CUST18420,Power Bank,EXPIRED,4220,YES
CUST18420,Smart Watch,EXPIRED,1522,NO
CUST18420,Screen Guard,ACTIVE,656,YES
CUST18420,Mobile Cover,EXPIRED,2455,NO
CUST18420,Earphones,EXPIRED,3328,NO
CUST18420,Mobile Cover,EXPIRED,3998,NO
CUST18420,Power Bank,EXPIRED,1895,YES
CUST18420,Smart Watch,PENDING,2209,NO
CUST18420,USB Cable,ACTIVE,561,YES
CUST18420,USB Cable,PENDING,1243,NO
CUST18420,Smart Watch,PENDING,2117,YES
CUST39306,Smart Watch,EXPIRED,292,YES
CUST39306,Memory Card,ACTIVE,4953,NO
CUST39306,Power Bank,PENDING,3548,NO
CUST39306,USB Cable,PENDING,4055,YES
CUST39306,Power Bank,EXPIRED,2969,NO
CUST70719,Phone Stand,ACTIVE,3299,YES
CUST70719,Earphones,ACTIVE,3178,YES
CUST70719,Mobile Cover,PENDING,710,YES
CUST70719,Screen Guard,PENDING,2157,YES
CUST70719,Screen Guard,PENDING,667,NO
CUST70719,Charger,ACTIVE,3762,YES
CUST70719,Charger,ACTIVE,1050,YES
CUST97226,USB Cable,PENDING,4957,NO
CUST97226,Phone Stand,PENDING,3605,NO
CUST97226,Charger,ACTIVE,2034,YES
CUST97226,Earphones,EXPIRED,1334,NO
CUST97226,Smart Watch,EXPIRED,2959,YES
CUST97226,Bluetooth Speaker,EXPIRED,1442,YES
CUST97226,Bluetooth Speaker,EXPIRED,553,NO
CUST97226,Charger,ACTIVE,2200,NO
CUST97226,Memory Card,PENDING,2387,YES
CUST96510,Phone Stand,EXPIRED,4390,NO
CUST96510,Mobile Cover,EXPIRED,545,NO
CUST96510,Screen Guard,ACTIVE,3591,NO
CUST96510,Mobile Cover,PENDING,3260,NO
CUST96510,Power Bank,PENDING,4442,YES
CUST96510,Phone Stand,ACTIVE,1570,YES
CUST96510,Charger,ACTIVE,4104,NO
CUST96510,Screen Guard,PENDING,4376,YES
CUST96510,Phone Stand,PENDING,1707,NO
CUST96510,Mobile Cover,PENDING,3138,YES
CUST96510,Screen Guard,PENDING,4199,YES
CUST96510,Earphones,PENDING,3632,YES
CUST96510,Power Bank,ACTIVE,2168,NO
CUST96510,Earphones,ACTIVE,3045,NO
CUST96510,Screen Guard,EXPIRED,3962,YES
CUST53689,USB Cable,PENDING,782,NO
CUST53689,Power Bank,PENDING,4142,NO
CUST53689,Charger,EXPIRED,1242,NO
CUST53689,Phone Stand,EXPIRED,1584,YES
CUST53689,Earphones,EXPIRED,228,NO
CUST53689,Mobile Cover,PENDING,708,YES
CUST53689,USB Cable,EXPIRED,122,NO
CUST53689,Smart Watch,ACTIVE,788,NO
CUST53689,Charger,ACTIVE,1526,YES
CUST53689,Smart Watch,PENDING,385,YES
CUST53689,Memory Card,EXPIRED,1292,YES
CUST94463,Screen Guard,ACTIVE,997,YES
CUST94463,Bluetooth Speaker,ACTIVE,3537,NO
CUST94463,Charger,ACTIVE,3059,YES
CUST94463,USB Cable,PENDING,3006,YES
CUST94463,Memory Card,PENDING,3968,YES
CUST94463,Mobile Cover,PENDING,3362,NO
CUST69784,Phone Stand,ACTIVE,3901,YES
CUST69784,Earphones,ACTIVE,4580,NO
CUST69784,Power Bank,PENDING,1034,NO
CUST69784,Memory Card,PENDING,3958,YES
CUST69784,Power Bank,ACTIVE,433,YES
CUST69784,Mobile Cover,PENDING,2457,YES
CUST69784,Mobile Cover,EXPIRED,3752,NO
CUST69784,Bluetooth Speaker,PENDING,3654,NO
CUST69784,Power Bank,PENDING,1082,YES
CUST69784,Phone Stand,ACTIVE,540,YES
CUST69784,Earphones,EXPIRED,4169,YES
CUST69784,Screen Guard,ACTIVE,2911,NO
CUST11969,Power Bank,PENDING,2633,YES
CUST11969,Earphones,EXPIRED,1734,YES
CUST11969,Memory Card,PENDING,1692,NO
CUST11969,Screen Guard,PENDING,1922,NO
CUST11969,Charger,PENDING,511,YES
CUST11969,Bluetooth Speaker,PENDING,1957,YES
CUST11969,Memory Card,ACTIVE,1293,NO
CUST11969,Bluetooth Speaker,ACTIVE,3017,YES
CUST11969,Charger,ACTIVE,1587,NO
CUST11969,Charger,EXPIRED,2340,YES
CUST11969,USB Cable,PENDING,3583,YES
CUST11969,Smart Watch,EXPIRED,4526,YES
CUST11969,Earphones,ACTIVE,241,NO
CUST11969,Phone Stand,PENDING,4583,NO
CUST36865,Screen Guard,PENDING,4632,NO
CUST36865,Bluetooth Speaker,PENDING,493,YES
CUST36865,Phone Stand,PENDING,2062,NO
CUST36865,Phone Stand,EXPIRED,1506,NO
CUST36865,Power Bank,PENDING,2930,NO
CUST36865,Mobile Cover,PENDING,2706,NO
CUST36865,Bluetooth Speaker,PENDING,3685,YES
CUST36865,Earphones,EXPIRED,2666,YES
CUST11017,Memory Card,EXPIRED,3451,NO
CUST11017,Bluetooth Speaker,ACTIVE,3388,YES
CUST11017,Mobile Cover,ACTIVE,2562,YES
CUST11017,Charger,EXPIRED,4179,NO
CUST11017,Power Bank,EXPIRED,3209,YES
CUST11017,Power Bank,PENDING,2072,YES
CUST11017,USB Cable,ACTIVE,200,NO
CUST11017,Earphones,EXPIRED,1481,NO
CUST89642,Phone Stand,ACTIVE,3364,NO
CUST89642,Mobile Cover,EXPIRED,1290,NO
CUST89642,Earphones,PENDING,115,YES
CUST89642,USB Cable,EXPIRED,3598,NO
CUST89642,Bluetooth Speaker,EXPIRED,318,YES
CUST93916,Smart Watch,PENDING,1123,NO
CUST93916,Phone Stand,PENDING,1951,NO
CUST93916,Power Bank,EXPIRED,4720,NO
CUST93916,Mobile Cover,PENDING,4093,NO
CUST93916,Bluetooth Speaker,EXPIRED,1794,YES
CUST93916,Screen Guard,ACTIVE,3150,NO
CUST93916,Mobile Cover,ACTIVE,1143,NO
CUST93916,Memory Card,EXPIRED,555,NO
CUST93916,Bluetooth Speaker,ACTIVE,2978,YES
CUST93916,Earphones,ACTIVE,1019,NO
CUST93916,Mobile Cover,ACTIVE,4205,NO
CUST93916,Smart Watch,EXPIRED,2700,NO
CUST40667,USB Cable,ACTIVE,227,NO
CUST40667,Mobile Cover,EXPIRED,4684,NO
CUST40667,Memory Card,EXPIRED,1184,NO
CUST40667,Bluetooth Speaker,ACTIVE,3366,NO
CUST40667,Phone Stand,EXPIRED,2351,NO
CUST40667,Smart Watch,ACTIVE,3663,NO
CUST40667,Memory Card,EXPIRED,4550,YES
CUST40667,Charger,ACTIVE,2150,YES
CUST40667,Phone Stand,ACTIVE,2879,YES
CUST40667,Charger,EXPIRED,108,NO
CUST40667,Smart Watch,ACTIVE,1053,YES
CUST40667,Earphones,ACTIVE,4095,NO
CUST40667,Bluetooth Speaker,ACTIVE,786,YES
CUST80202,Smart Watch,EXPIRED,4482,YES
CUST80202,Earphones,PENDING,2993,NO
CUST80202,Power Bank,PENDING,4600,NO
CUST80202,USB Cable,EXPIRED,1274,YES
CUST80202,Smart Watch,ACTIVE,2917,NO
CUST80202,Bluetooth Speaker,EXPIRED,143,NO
CUST80202,Memory Card,EXPIRED,2110,YES
CUST80202,Power Bank,ACTIVE,2942,NO
CUST23031,USB Cable,PENDING,478,NO
CUST23031,Screen Guard,EXPIRED,920,NO
CUST23031,Earphones,PENDING,4259,YES
CUST23031,Power Bank,EXPIRED,4641,NO
CUST23031,Charger,ACTIVE,543,NO
CUST23031,Bluetooth Speaker,EXPIRED,2553,YES
CUST23031,Power Bank,ACTIVE,2339,NO
CUST23031,Smart Watch,ACTIVE,2160,YES
CUST23031,Power Bank,PENDING,4756,YES
CUST23031,Power Bank,EXPIRED,3111,YES
CUST23031,Memory Card,ACTIVE,186,YES
CUST23031,Phone Stand,PENDING,3894,NO
CUST23031,Screen Guard,ACTIVE,2961,YES
CUST96507,Mobile Cover,PENDING,3127,NO
CUST96507,Power Bank,PENDING,3387,NO
CUST96507,Screen Guard,PENDING,3066,NO
CUST96507,Bluetooth Speaker,PENDING,1419,YES
CUST96507,Power Bank,ACTIVE,840,NO
CUST21873,Bluetooth Speaker,ACTIVE,1810,YES
CUST21873,Earphones,EXPIRED,2571,NO
CUST21873,Phone Stand,EXPIRED,267,NO
CUST21873,Power Bank,EXPIRED,4543,YES
CUST21873,Smart Watch,ACTIVE,3833,NO
CUST21873,Memory Card,ACTIVE,2129,YES
CUST21873,Power Bank,ACTIVE,686,YES
CUST21873,Screen Guard,EXPIRED,2295,NO
CUST21873,Smart Watch,ACTIVE,1974,YES
CUST21873,Power Bank,PENDING,170,NO
CUST14050,USB Cable,PENDING,1959,YES
CUST14050,Charger,ACTIVE,3942,YES
CUST14050,Bluetooth Speaker,ACTIVE,2762,YES
CUST14050,Charger,PENDING,4490,NO
CUST14050,Earphones,EXPIRED,1311,NO
CUST14050,Bluetooth Speaker,PENDING,2752,YES
CUST14050,Mobile Cover,ACTIVE,1874,YES
CUST14050,Power Bank,EXPIRED,4880,NO
CUST14050,Smart Watch,PENDING,4428,NO
CUST14050,Screen Guard,ACTIVE,1310,YES
CUST14050,Mobile Cover,EXPIRED,1459,YES
CUST14050,Power Bank,EXPIRED,3435,YES
CUST14050,Screen Guard,ACTIVE,1809,YES
CUST22072,Phone Stand,PENDING,4682,YES
CUST22072,Charger,EXPIRED,2370,NO
CUST22072,Bluetooth Speaker,ACTIVE,4282,NO
CUST22072,Power Bank,PENDING,4408,YES
CUST22072,Mobile Cover,ACTIVE,330,YES
CUST22072,USB Cable,EXPIRED,320,YES
CUST22072,Mobile Cover,PENDING,1756,YES
CUST22072,Mobile Cover,EXPIRED,3455,YES
CUST22072,Phone Stand,PENDING,1902,YES
CUST65854,Mobile Cover,EXPIRED,4132,YES
CUST65854,Memory Card,ACTIVE,3484,YES
CUST65854,Screen Guard,ACTIVE,3786,YES
CUST65854,Phone Stand,PENDING,1507,NO
CUST65854,Smart Watch,EXPIRED,2719,YES
CUST65854,Smart Watch,EXPIRED,239,NO
CUST65854,Screen Guard,EXPIRED,2455,YES
CUST65854,Power Bank,ACTIVE,1130,YES
CUST65854,Bluetooth Speaker,PENDING,1758,YES
CUST65854,Smart Watch,EXPIRED,4451,YES
CUST65854,Mobile Cover,ACTIVE,2890,YES
CUST65854,USB Cable,EXPIRED,221,NO
CUST60023,Smart Watch,PENDING,2114,YES
CUST60023,Power Bank,EXPIRED,2118,YES
CUST60023,Earphones,ACTIVE,3379,NO
CUST60023,Screen Guard,PENDING,4963,NO
CUST60023,Phone Stand,ACTIVE,1037,NO
CUST60023,Memory Card,PENDING,672,NO
CUST60023,Screen Guard,EXPIRED,2941,NO
CUST16744,Power Bank,EXPIRED,1135,NO
CUST16744,Mobile Cover,EXPIRED,524,YES
CUST16744,Smart Watch,EXPIRED,384,NO
CUST16744,USB Cable,PENDING,791,NO
CUST16744,Memory Card,EXPIRED,901,NO
CUST16744,Bluetooth Speaker,ACTIVE,740,YES
CUST16744,Earphones,PENDING,1719,YES
CUST16744,Memory Card,ACTIVE,315,NO
CUST72924,Phone Stand,ACTIVE,3068,NO
CUST72924,Screen Guard,EXPIRED,1623,YES
CUST72924,Screen Guard,PENDING,2357,YES
CUST72924,Earphones,ACTIVE,116,NO
CUST72924,Screen Guard,ACTIVE,3533,YES
CUST98344,Smart Watch,EXPIRED,3561,YES
CUST98344,Charger,ACTIVE,3433,NO
CUST98344,USB Cable,EXPIRED,4265,NO
CUST98344,Phone Stand,PENDING,4338,YES
CUST98344,Earphones,EXPIRED,3433,NO
CUST98344,Phone Stand,PENDING,1825,YES
CUST98344,Charger,PENDING,244,NO
CUST98344,Bluetooth Speaker,ACTIVE,3005,YES
CUST98344,Screen Guard,EXPIRED,2162,NO
CUST98344,Bluetooth Speaker,EXPIRED,2784,YES
CUST98344,Charger,PENDING,4607,NO
CUST98344,USB Cable,PENDING,342,NO
CUST98344,Earphones,EXPIRED,612,YES
CUST32968,Bluetooth Speaker,EXPIRED,1885,YES
CUST32968,USB Cable,ACTIVE,3983,NO
CUST32968,Charger,ACTIVE,3955,NO
CUST32968,Charger,ACTIVE,4906,YES
CUST32968,Memory Card,EXPIRED,3084,YES
CUST32968,Phone Stand,ACTIVE,1333,NO
CUST32968,Bluetooth Speaker,ACTIVE,3404,NO
CUST72161,Charger,PENDING,4380,YES
CUST72161,Charger,EXPIRED,770,YES
CUST72161,Screen Guard,EXPIRED,206,NO
CUST72161,Memory Card,PENDING,1366,NO
CUST72161,Mobile Cover,EXPIRED,2869,NO
CUST72161,Charger,ACTIVE,2904,NO
CUST72161,Charger,PENDING,1279,YES
CUST72161,Mobile Cover,PENDING,4200,YES
CUST72161,Charger,ACTIVE,4330,NO
CUST72161,Earphones,ACTIVE,4192,NO
CUST72161,Memory Card,PENDING,4580,NO
CUST72161,Screen Guard,PENDING,4625,NO
CUST72161,USB Cable,ACTIVE,3387,NO
CUST96964,Earphones,EXPIRED,3278,YES
CUST96964,USB Cable,ACTIVE,289,YES
CUST96964,Smart Watch,EXPIRED,344,YES
CUST96964,Screen Guard,ACTIVE,2690,YES
CUST96964,Phone Stand,EXPIRED,699,YES
CUST96964,USB Cable,PENDING,2328,YES
CUST96964,USB Cable,EXPIRED,3356,YES
CUST96964,Charger,PENDING,2063,NO
CUST65985,Charger,PENDING,3917,YES
CUST65985,Power Bank,PENDING,2841,NO
CUST65985,Screen Guard,PENDING,3013,YES
CUST65985,Earphones,EXPIRED,242,YES
CUST65985,USB Cable,PENDING,4362,YES
CUST65985,Power Bank,EXPIRED,4834,YES
CUST65985,Earphones,EXPIRED,4995,NO
CUST65985,Earphones,PENDING,3992,YES
CUST65985,Phone Stand,ACTIVE,3060,YES
CUST65985,Earphones,PENDING,2657,NO
CUST65985,Bluetooth Speaker,PENDING,107,NO
CUST18523,Power Bank,ACTIVE,3686,NO
CUST18523,Mobile Cover,EXPIRED,4068,NO
CUST18523,Earphones,PENDING,4746,YES
CUST18523,Screen Guard,EXPIRED,2069,YES
CUST18523,Smart Watch,PENDING,1088,NO
CUST18523,Mobile Cover,EXPIRED,1342,YES
CUST18523,USB Cable,EXPIRED,2061,YES
CUST92193,Mobile Cover,EXPIRED,1639,YES
CUST92193,Phone Stand,EXPIRED,3405,NO
CUST92193,Mobile Cover,PENDING,4554,YES
CUST92193,Charger,PENDING,1318,NO
CUST92193,Bluetooth Speaker,EXPIRED,2422,YES
CUST92193,Earphones,PENDING,1152,NO
CUST92193,Earphones,ACTIVE,950,NO
CUST92193,Phone Stand,ACTIVE,3561,NO
CUST92193,Bluetooth Speaker,EXPIRED,2258,YES
CUST92193,Earphones,ACTIVE,1410,NO
CUST92193,Memory Card,ACTIVE,4488,YES
CUST92193,Earphones,ACTIVE,3254,NO
CUST92193,Charger,ACTIVE,592,YES
CUST92193,Earphones,ACTIVE,3270,NO
CUST92193,Power Bank,ACTIVE,3941,NO
CUST48488,USB Cable,PENDING,393,NO
CUST48488,Mobile Cover,EXPIRED,2014,NO
CUST48488,Earphones,PENDING,2152,NO
CUST48488,USB Cable,EXPIRED,2197,YES
CUST48488,Screen Guard,PENDING,2981,YES
CUST48488,Screen Guard,PENDING,3247,NO
CUST48488,Memory Card,ACTIVE,828,YES
CUST48488,Mobile Cover,EXPIRED,2793,YES
CUST48488,Mobile Cover,EXPIRED,2081,YES
CUST48488,Earphones,ACTIVE,3353,NO
CUST48488,Charger,PENDING,1622,YES
CUST48488,Smart Watch,ACTIVE,2423,YES
CUST81887,Phone Stand,PENDING,4664,YES
CUST81887,Phone Stand,EXPIRED,3831,YES
CUST81887,Smart Watch,PENDING,4502,YES
CUST81887,Power Bank,EXPIRED,3049,NO
CUST81887,USB Cable,ACTIVE,1511,NO
CUST81887,USB Cable,ACTIVE,4325,NO
CUST81887,Screen Guard,EXPIRED,2037,NO
CUST81887,Charger,ACTIVE,2600,NO
CUST81887,Screen Guard,ACTIVE,4552,NO
CUST81887,Smart Watch,EXPIRED,3002,NO
CUST81887,Smart Watch,PENDING,1060,NO
CUST81887,Charger,EXPIRED,1428,NO
CUST81887,Mobile Cover,ACTIVE,3034,NO
CUST81887,Mobile Cover,EXPIRED,4747,NO
CUST81887,Smart Watch,PENDING,4329,NO
CUST42994,Bluetooth Speaker,ACTIVE,1156,NO
CUST42994,Charger,ACTIVE,896,YES
CUST42994,Memory Card,PENDING,3369,YES
CUST42994,Memory Card,EXPIRED,2969,NO
CUST42994,Memory Card,EXPIRED,4199,NO
CUST42994,Screen Guard,ACTIVE,2229,YES
CUST42994,Memory Card,EXPIRED,1637,YES
CUST42994,Smart Watch,PENDING,3964,NO
CUST42994,Bluetooth Speaker,ACTIVE,4045,YES
CUST42994,Memory Card,ACTIVE,2617,NO
CUST42994,Memory Card,PENDING,1022,NO
CUST42994,Power Bank,EXPIRED,4062,NO
CUST97455,Screen Guard,ACTIVE,1239,NO
CUST97455,Earphones,EXPIRED,1830,YES
CUST97455,Phone Stand,ACTIVE,2243,NO
CUST97455,Charger,ACTIVE,3748,YES
CUST97455,Earphones,PENDING,1838,YES
CUST97455,Earphones,EXPIRED,2793,YES
CUST97455,Earphones,PENDING,4938,YES
CUST97455,Power Bank,ACTIVE,2890,YES
CUST97455,Earphones,PENDING,630,YES
CUST97455,Earphones,EXPIRED,3342,NO
CUST97455,Phone Stand,ACTIVE,3178,NO
CUST77753,Phone Stand,ACTIVE,2213,NO
CUST77753,Screen Guard,ACTIVE,2530,YES
CUST77753,Smart Watch,PENDING,3835,YES
CUST77753,Smart Watch,EXPIRED,2308,NO
CUST77753,Earphones,ACTIVE,2504,NO
CUST77753,Smart Watch,ACTIVE,2879,NO
CUST41768,Smart Watch,ACTIVE,4945,NO
CUST41768,Smart Watch,EXPIRED,4070,YES
CUST41768,Earphones,ACTIVE,3054,YES
CUST41768,Memory Card,ACTIVE,221,YES
CUST41768,USB Cable,EXPIRED,374,NO
CUST41768,Screen Guard,PENDING,2210,YES
CUST41768,Power Bank,EXPIRED,4326,NO
CUST10767,USB Cable,PENDING,4346,NO
CUST10767,Charger,ACTIVE,4096,YES
CUST10767,Earphones,EXPIRED,225,NO
CUST10767,Charger,EXPIRED,4459,NO
CUST10767,Mobile Cover,ACTIVE,3560,NO
CUST10767,Charger,EXPIRED,248,NO
CUST10767,Bluetooth Speaker,EXPIRED,2356,YES
CUST10767,Power Bank,PENDING,4967,NO
CUST10767,Smart Watch,ACTIVE,2106,YES
CUST10767,USB Cable,ACTIVE,1182,YES
CUST10767,Power Bank,EXPIRED,3574,NO
CUST10767,Earphones,ACTIVE,2326,NO
CUST10767,Screen Guard,PENDING,3991,NO
CUST26991,Charger,EXPIRED,2653,YES
CUST26991,Smart Watch,ACTIVE,1510,NO
CUST26991,Earphones,ACTIVE,1832,NO
CUST26991,Smart Watch,ACTIVE,2407,NO
CUST26991,Smart Watch,ACTIVE,3976,NO
CUST26991,Mobile Cover,PENDING,3362,YES
CUST26991,Memory Card,ACTIVE,2633,NO
CUST26991,Earphones,ACTIVE,395,YES
CUST26991,Memory Card,PENDING,665,YES
CUST26991,USB Cable,ACTIVE,2951,YES
CUST26991,Smart Watch,ACTIVE,208,NO
CUST26991,Earphones,EXPIRED,1085,NO
CUST37635,Phone Stand,ACTIVE,914,NO
CUST37635,Smart Watch,ACTIVE,580,NO
CUST37635,Memory Card,PENDING,4879,NO
CUST37635,Screen Guard,EXPIRED,1845,YES
CUST37635,Smart Watch,PENDING,1378,NO
CUST39702,USB Cable,PENDING,1496,NO
CUST39702,Smart Watch,EXPIRED,1535,NO
CUST39702,Bluetooth Speaker,PENDING,1502,NO
CUST39702,USB Cable,ACTIVE,3819,NO
CUST39702,USB Cable,PENDING,2813,YES
CUST39702,Earphones,EXPIRED,3226,NO
CUST39702,Screen Guard,PENDING,4292,YES
CUST39702,Charger,ACTIVE,4782,NO
CUST39702,Charger,ACTIVE,2149,YES
CUST39702,Mobile Cover,PENDING,3810,YES
CUST39702,Smart Watch,PENDING,2909,NO
CUST39702,Bluetooth Speaker,ACTIVE,537,NO
CUST39702,USB Cable,ACTIVE,3221,YES
CUST39702,Charger,PENDING,2787,YES
CUST48093,Charger,PENDING,4810,YES
CUST48093,Smart Watch,EXPIRED,3800,NO
CUST48093,USB Cable,PENDING,863,YES
CUST48093,Bluetooth Speaker,ACTIVE,189,YES
CUST48093,Power Bank,PENDING,2597,YES
CUST48093,Power Bank,PENDING,3794,NO
CUST48093,Bluetooth Speaker,PENDING,1332,NO
CUST48093,Mobile Cover,PENDING,2324,NO
CUST48093,Charger,EXPIRED,4003,YES
CUST48093,Screen Guard,EXPIRED,237,NO
CUST48093,Mobile Cover,EXPIRED,3811,NO
CUST48093,Smart Watch,ACTIVE,3383,YES
CUST48093,Power Bank,PENDING,4481,NO
CUST48093,Screen Guard,ACTIVE,2064,NO
CUST48093,Bluetooth Speaker,EXPIRED,3361,YES
CUST84440,Phone Stand,EXPIRED,4902,NO
CUST84440,Smart Watch,PENDING,1555,NO
CUST84440,Memory Card,ACTIVE,4901,NO
CUST84440,Screen Guard,ACTIVE,3176,NO
CUST84440,Mobile Cover,PENDING,505,NO
CUST84440,Charger,ACTIVE,4788,NO
CUST64085,Smart Watch,EXPIRED,4687,YES
CUST64085,Charger,EXPIRED,1446,YES
CUST64085,Charger,ACTIVE,2849,NO
CUST64085,Phone Stand,EXPIRED,1363,NO
CUST64085,Charger,EXPIRED,723,NO
CUST64085,Smart Watch,EXPIRED,3081,NO
CUST71113,Bluetooth Speaker,EXPIRED,1886,NO
CUST71113,Smart Watch,PENDING,4388,NO
CUST71113,Charger,ACTIVE,3912,NO
CUST71113,Phone Stand,ACTIVE,1232,YES
CUST71113,Mobile Cover,PENDING,2364,YES
CUST71113,Memory Card,EXPIRED,4691,NO
CUST71113,Phone Stand,PENDING,2874,NO
CUST71113,Smart Watch,EXPIRED,2669,NO
CUST71113,Mobile Cover,PENDING,3780,NO
CUST71113,Phone Stand,PENDING,4389,NO
CUST71113,Mobile Cover,ACTIVE,4961,YES
CUST71113,Mobile Cover,EXPIRED,3738,NO
CUST71113,Power Bank,PENDING,4431,NO
CUST71113,USB Cable,EXPIRED,2841,YES
CUST58555,Charger,ACTIVE,3631,YES
CUST58555,Power Bank,EXPIRED,1728,NO
CUST58555,Charger,ACTIVE,4718,NO
CUST58555,Smart Watch,EXPIRED,3776,NO
CUST58555,Earphones,PENDING,3364,YES
CUST58555,USB Cable,PENDING,1426,YES
CUST58555,Smart Watch,EXPIRED,159,YES
CUST58555,USB Cable,EXPIRED,3833,YES
CUST58555,USB Cable,PENDING,3132,NO
CUST58555,Phone Stand,ACTIVE,2947,YES
CUST58555,Earphones,PENDING,2359,NO
CUST58555,Charger,PENDING,2414,NO
CUST54821,USB Cable,ACTIVE,2454,YES
CUST54821,Earphones,PENDING,3151,YES
CUST54821,USB Cable,PENDING,1287,NO
CUST54821,Memory Card,ACTIVE,1394,NO
CUST54821,Earphones,PENDING,4122,YES
CUST54821,Phone Stand,EXPIRED,4102,YES
CUST54821,USB Cable,PENDING,4565,NO
CUST54821,Phone Stand,PENDING,2025,YES
CUST54821,Power Bank,PENDING,4243,YES
CUST54821,Earphones,PENDING,1886,YES
CUST54821,Mobile Cover,ACTIVE,4298,NO
CUST54821,Smart Watch,EXPIRED,4764,NO
CUST54821,Charger,ACTIVE,4077,NO
CUST54821,USB Cable,ACTIVE,104,NO
CUST14067,Charger,ACTIVE,4045,YES
CUST14067,USB Cable,EXPIRED,1400,YES
CUST14067,Memory Card,PENDING,4641,NO
CUST14067,Phone Stand,PENDING,1317,NO
CUST14067,Bluetooth Speaker,EXPIRED,1466,NO
CUST14067,Bluetooth Speaker,ACTIVE,1969,YES
CUST14067,USB Cable,ACTIVE,395,YES
CUST14067,Phone Stand,ACTIVE,4105,NO
CUST14067,Phone Stand,ACTIVE,4807,YES
CUST14067,Screen Guard,ACTIVE,4417,YES
CUST14067,Smart Watch,ACTIVE,2042,NO
CUST14067,Screen Guard,EXPIRED,916,NO
CUST14067,Charger,ACTIVE,389,YES
CUST14067,Charger,EXPIRED,1502,YES
CUST14067,Smart Watch,ACTIVE,2809,NO
CUST18900,Power Bank,EXPIRED,3347,YES
CUST18900,Phone Stand,PENDING,3270,YES
CUST18900,Charger,EXPIRED,3722,NO
CUST18900,Mobile Cover,PENDING,2043,NO
CUST18900,Memory Card,EXPIRED,3566,NO
CUST18900,Mobile Cover,ACTIVE,1802,YES
CUST18900,Phone Stand,PENDING,2780,NO
CUST71977,Charger,ACTIVE,3477,YES
CUST71977,Earphones,ACTIVE,335,NO
CUST71977,USB Cable,PENDING,782,NO
CUST71977,Charger,ACTIVE,1654,YES
CUST71977,Charger,ACTIVE,529,NO
CUST71977,Phone Stand,EXPIRED,4622,YES
CUST71977,Earphones,EXPIRED,2456,YES
CUST32461,Bluetooth Speaker,ACTIVE,1505,NO
CUST32461,Phone Stand,ACTIVE,903,NO
CUST32461,Phone Stand,EXPIRED,444,YES
CUST32461,Power Bank,PENDING,4336,YES
CUST32461,Smart Watch,EXPIRED,483,YES
CUST32461,Power Bank,EXPIRED,3725,NO
CUST32461,Phone Stand,PENDING,590,NO
CUST32461,Power Bank,PENDING,4824,YES
CUST32461,USB Cable,EXPIRED,4974,YES
CUST32461,Phone Stand,PENDING,128,YES
CUST32461,Earphones,ACTIVE,668,NO
CUST19884,Screen Guard,EXPIRED,375,YES
CUST19884,Memory Card,ACTIVE,340,YES
CUST19884,Bluetooth Speaker,ACTIVE,3841,YES
CUST19884,Screen Guard,ACTIVE,3848,YES
CUST19884,Bluetooth Speaker,ACTIVE,846,NO
CUST19884,Power Bank,ACTIVE,220,YES
CUST19884,Mobile Cover,EXPIRED,3319,NO
CUST19884,Memory Card,PENDING,3580,YES
CUST19884,Earphones,EXPIRED,1347,NO
CUST19884,Memory Card,PENDING,1711,NO
CUST19884,Bluetooth Speaker,ACTIVE,4101,NO
CUST19884,Power Bank,EXPIRED,2055,NO
CUST86893,Phone Stand,ACTIVE,1986,YES
CUST86893,Phone Stand,PENDING,4339,NO
CUST86893,Mobile Cover,ACTIVE,928,YES
CUST86893,Memory Card,ACTIVE,116,YES
CUST86893,Screen Guard,ACTIVE,1582,NO
CUST86893,Mobile Cover,PENDING,574,NO
CUST41755,Smart Watch,PENDING,3479,NO
CUST41755,Smart Watch,PENDING,1951,YES
CUST41755,Phone Stand,PENDING,4640,YES
CUST41755,Mobile Cover,EXPIRED,3472,YES
CUST41755,Phone Stand,PENDING,4681,YES
CUST41755,Power Bank,ACTIVE,1353,NO
CUST41755,Bluetooth Speaker,ACTIVE,2279,YES
CUST24715,Charger,EXPIRED,1814,NO
CUST24715,Screen Guard,EXPIRED,3411,YES
CUST24715,Memory Card,EXPIRED,338,YES
CUST24715,Mobile Cover,PENDING,2617,NO
CUST24715,Power Bank,EXPIRED,3888,YES
CUST24715,Power Bank,PENDING,3978,NO
CUST24715,Bluetooth Speaker,ACTIVE,4938,YES
CUST10507,Smart Watch,PENDING,2462,NO
CUST10507,Earphones,ACTIVE,2360,YES
CUST10507,Memory Card,EXPIRED,389,YES
CUST10507,Earphones,PENDING,1027,YES
CUST10507,Earphones,ACTIVE,1038,YES
CUST10507,Smart Watch,EXPIRED,851,YES
CUST10507,Screen Guard,ACTIVE,3601,NO
CUST10507,USB Cable,ACTIVE,2454,NO
CUST10507,Power Bank,ACTIVE,3464,YES
CUST10507,Phone Stand,ACTIVE,2110,NO
CUST10507,Memory Card,EXPIRED,490,YES
CUST10507,Memory Card,ACTIVE,1372,YES
CUST10507,Smart Watch,ACTIVE,3097,YES
CUST10507,Screen Guard,EXPIRED,222,NO
CUST90757,Smart Watch,PENDING,3999,NO
CUST90757,Charger,PENDING,4823,YES
CUST90757,Bluetooth Speaker,EXPIRED,945,NO
CUST90757,Phone Stand,ACTIVE,1124,NO
CUST90757,Smart Watch,EXPIRED,2123,NO
CUST90757,Earphones,EXPIRED,1339,NO
CUST90757,Phone Stand,ACTIVE,1822,YES
CUST90757,Smart Watch,EXPIRED,2134,YES
CUST90757,USB Cable,ACTIVE,2388,NO
CUST90757,Earphones,ACTIVE,1705,NO
CUST22165,USB Cable,ACTIVE,1175,YES
CUST22165,Screen Guard,ACTIVE,3337,NO
CUST22165,Memory Card,PENDING,925,YES
CUST22165,Earphones,PENDING,1993,YES
CUST22165,Smart Watch,PENDING,788,YES
CUST22165,Screen Guard,PENDING,3757,NO
CUST22165,Memory Card,ACTIVE,4164,YES
CUST22165,Earphones,ACTIVE,4724,YES
CUST22165,Charger,PENDING,1392,YES
CUST22165,Charger,EXPIRED,3198,NO
CUST53724,USB Cable,PENDING,4130,NO
CUST53724,Charger,PENDING,4064,NO
CUST53724,Smart Watch,EXPIRED,4526,NO
CUST53724,Memory Card,ACTIVE,4411,YES
CUST53724,Earphones,EXPIRED,4942,NO
CUST53724,Screen Guard,ACTIVE,4025,NO
CUST53724,Power Bank,EXPIRED,2796,YES
CUST49094,Earphones,PENDING,3666,NO
CUST49094,Phone Stand,ACTIVE,2265,YES
CUST49094,Smart Watch,ACTIVE,1417,NO
CUST49094,Mobile Cover,EXPIRED,699,NO
CUST49094,Charger,PENDING,3586,YES
CUST49094,Bluetooth Speaker,PENDING,1641,YES
CUST49094,Charger,ACTIVE,492,YES
CUST49094,Phone Stand,PENDING,2253,YES
CUST49094,USB Cable,ACTIVE,3918,NO
CUST49094,Bluetooth Speaker,PENDING,4284,YES
CUST49094,Smart Watch,ACTIVE,2300,NO
CUST49094,Smart Watch,EXPIRED,676,YES
CUST49094,Memory Card,PENDING,699,NO
CUST49094,Phone Stand,ACTIVE,2580,YES
CUST35103,Screen Guard,PENDING,2520,NO
CUST35103,Mobile Cover,ACTIVE,4608,NO
CUST35103,Memory Card,PENDING,1248,NO
CUST35103,Earphones,PENDING,4995,YES
CUST35103,USB Cable,EXPIRED,1830,NO
CUST35103,Bluetooth Speaker,ACTIVE,242,NO
CUST35103,Mobile Cover,PENDING,1672,NO
CUST35103,Bluetooth Speaker,PENDING,1531,NO
CUST35103,Bluetooth Speaker,PENDING,3246,NO
CUST35103,Power Bank,EXPIRED,277,NO
CUST35103,Screen Guard,PENDING,1975,NO
CUST35103,Mobile Cover,ACTIVE,1133,YES
CUST35103,Earphones,ACTIVE,4849,YES
CUST35103,Charger,EXPIRED,834,NO
CUST24833,Smart Watch,EXPIRED,2264,NO
CUST24833,Smart Watch,PENDING,4445,YES
CUST24833,Mobile Cover,EXPIRED,1295,NO
CUST24833,Phone Stand,ACTIVE,4028,YES
CUST24833,Smart Watch,EXPIRED,771,YES
CUST24833,Bluetooth Speaker,EXPIRED,4273,NO
CUST24833,Phone Stand,EXPIRED,1010,NO
CUST24833,Mobile Cover,PENDING,3110,NO
CUST42793,Phone Stand,EXPIRED,4430,YES
CUST42793,Mobile Cover,ACTIVE,2140,NO
CUST42793,Power Bank,PENDING,2021,NO
CUST42793,Mobile Cover,PENDING,158,YES
CUST42793,Memory Card,ACTIVE,2643,YES
CUST42793,Memory Card,EXPIRED,2110,NO
CUST42793,Power Bank,ACTIVE,1063,YES
CUST42793,Power Bank,EXPIRED,4069,YES
CUST42793,Smart Watch,EXPIRED,1086,YES
CUST81360,Phone Stand,ACTIVE,1831,NO
CUST81360,Memory Card,EXPIRED,2264,NO
CUST81360,Power Bank,EXPIRED,2306,NO
CUST81360,Mobile Cover,PENDING,1005,NO
CUST81360,Phone Stand,PENDING,4613,YES
CUST81360,Memory Card,EXPIRED,4537,NO
CUST91050,USB Cable,PENDING,1521,YES
CUST91050,Bluetooth Speaker,PENDING,469,NO
CUST91050,Mobile Cover,PENDING,409,NO
CUST91050,Mobile Cover,PENDING,3766,YES
CUST91050,Memory Card,ACTIVE,1609,YES
CUST91050,Charger,ACTIVE,600,YES
CUST91050,USB Cable,PENDING,3426,NO
CUST91050,Smart Watch,ACTIVE,1529,NO
CUST91050,Mobile Cover,PENDING,1156,NO
CUST91050,Earphones,EXPIRED,4174,YES
CUST91050,Smart Watch,EXPIRED,274,NO
CUST91050,Smart Watch,PENDING,505,NO
CUST91050,Screen Guard,PENDING,852,YES
CUST91050,USB Cable,PENDING,4567,YES
CUST91050,Screen Guard,ACTIVE,2875,NO
CUST81790,Phone Stand,ACTIVE,2682,NO
CUST81790,Charger,PENDING,1307,NO
CUST81790,Smart Watch,PENDING,4317,NO
CUST81790,Bluetooth Speaker,PENDING,970,NO
CUST81790,Memory Card,ACTIVE,1457,YES
CUST81790,Bluetooth Speaker,EXPIRED,2840,YES
CUST81790,Bluetooth Speaker,EXPIRED,3005,NO
CUST81790,Bluetooth Speaker,EXPIRED,3365,NO
CUST81790,Mobile Cover,ACTIVE,821,YES
CUST81790,Power Bank,ACTIVE,4118,YES
CUST81790,Mobile Cover,EXPIRED,1008,NO
CUST81790,Screen Guard,EXPIRED,2934,NO
CUST81790,Smart Watch,PENDING,794,NO
CUST81790,Memory Card,PENDING,687,YES
CUST27929,Smart Watch,PENDING,2659,YES
CUST27929,Charger,EXPIRED,2326,NO
CUST27929,USB Cable,PENDING,898,NO
CUST27929,Mobile Cover,ACTIVE,1154,NO
CUST27929,Screen Guard,PENDING,4667,NO
CUST27929,Phone Stand,ACTIVE,1579,YES
CUST27929,Bluetooth Speaker,EXPIRED,2257,NO
CUST27929,Bluetooth Speaker,EXPIRED,2905,NO
CUST27929,Bluetooth Speaker,ACTIVE,1942,NO
CUST27929,Phone Stand,PENDING,2709,NO
CUST27929,Earphones,ACTIVE,603,NO
CUST27929,Memory Card,ACTIVE,3140,NO
CUST27929,Screen Guard,PENDING,1081,YES
CUST59320,Memory Card,ACTIVE,4342,NO
CUST59320,Earphones,EXPIRED,1030,NO
CUST59320,USB Cable,PENDING,4397,YES
CUST59320,Earphones,PENDING,4795,NO
CUST59320,USB Cable,PENDING,940,YES
CUST59320,Smart Watch,ACTIVE,3134,YES
CUST59320,Earphones,EXPIRED,2141,NO
CUST59320,USB Cable,PENDING,2836,NO
CUST59320,Screen Guard,PENDING,4679,YES
CUST59320,Phone Stand,PENDING,3294,YES
CUST59320,Screen Guard,PENDING,250,YES
CUST59320,Bluetooth Speaker,ACTIVE,4404,YES
CUST59320,Memory Card,ACTIVE,1301,NO
CUST59320,Power Bank,ACTIVE,874,NO
CUST56592,Power Bank,ACTIVE,3802,YES
CUST56592,USB Cable,PENDING,4534,NO
CUST56592,Phone Stand,PENDING,1742,NO
CUST56592,Phone Stand,PENDING,3113,YES
CUST56592,Phone Stand,EXPIRED,3869,NO
CUST56592,Earphones,PENDING,4347,YES
CUST56592,Screen Guard,ACTIVE,3450,YES
CUST56592,Memory Card,PENDING,2230,YES
CUST56592,Memory Card,ACTIVE,1447,YES
CUST56592,Memory Card,PENDING,3265,YES
CUST21322,Mobile Cover,EXPIRED,1337,YES
CUST21322,Charger,EXPIRED,666,YES
CUST21322,Charger,ACTIVE,667,YES
CUST21322,Power Bank,PENDING,3429,NO
CUST21322,Mobile Cover,EXPIRED,1114,NO
CUST21322,Memory Card,ACTIVE,4862,YES
CUST21322,Screen Guard,EXPIRED,3774,YES
CUST53975,USB Cable,EXPIRED,1083,NO
CUST53975,Screen Guard,EXPIRED,2022,YES
CUST53975,Bluetooth Speaker,PENDING,1234,NO
CUST53975,Memory Card,PENDING,1969,YES
CUST53975,Memory Card,ACTIVE,820,YES
CUST53975,Earphones,EXPIRED,2096,YES
CUST53975,USB Cable,PENDING,3582,NO
CUST53975,Power Bank,PENDING,3567,YES
CUST53975,Memory Card,PENDING,2524,YES
CUST53975,Memory Card,EXPIRED,1416,YES
CUST53975,Power Bank,PENDING,2696,NO
CUST94708,USB Cable,ACTIVE,703,NO
CUST94708,Phone Stand,PENDING,2927,YES
CUST94708,Screen Guard,EXPIRED,1938,YES
CUST94708,Mobile Cover,PENDING,896,YES
CUST94708,Power Bank,ACTIVE,3257,NO
CUST94708,Power Bank,ACTIVE,4732,YES
CUST94708,Mobile Cover,ACTIVE,2607,NO
CUST94708,USB Cable,PENDING,838,NO
CUST94708,Bluetooth Speaker,PENDING,4396,NO
CUST94708,Phone Stand,ACTIVE,2517,YES
CUST94708,Screen Guard,ACTIVE,2175,YES
CUST94708,Screen Guard,PENDING,1963,NO
CUST94708,Memory Card,PENDING,4554,YES
CUST33931,Bluetooth Speaker,ACTIVE,206,YES
CUST33931,Phone Stand,PENDING,3906,YES
CUST33931,Phone Stand,ACTIVE,4707,YES
CUST33931,Charger,PENDING,3530,YES
CUST33931,Charger,ACTIVE,3948,NO
CUST33931,Mobile Cover,EXPIRED,3718,NO
CUST33931,Charger,ACTIVE,778,YES
CUST33931,Earphones,ACTIVE,3383,YES
CUST33931,Phone Stand,ACTIVE,4176,YES
CUST33931,Power Bank,ACTIVE,2412,YES
CUST33931,Bluetooth Speaker,PENDING,1507,YES
CUST33931,Memory Card,EXPIRED,2112,YES
CUST33931,Charger,ACTIVE,1573,NO
CUST33931,Memory Card,EXPIRED,914,YES
CUST33931,USB Cable,PENDING,772,NO
CUST56146,Screen Guard,ACTIVE,4089,NO
CUST56146,Phone Stand,EXPIRED,2179,YES
CUST56146,Bluetooth Speaker,ACTIVE,3572,NO
CUST56146,Screen Guard,EXPIRED,4991,NO
CUST56146,USB Cable,ACTIVE,4049,YES
CUST56146,Earphones,ACTIVE,5000,YES
CUST56146,Memory Card,ACTIVE,3103,YES
CUST56146,Smart Watch,PENDING,497,YES
CUST56146,Memory Card,PENDING,1457,YES
CUST56146,USB Cable,PENDING,291,NO
CUST56146,Mobile Cover,ACTIVE,4009,NO
CUST56146,USB Cable,PENDING,594,NO
CUST56146,Charger,EXPIRED,4541,YES
CUST56146,Charger,EXPIRED,885,YES
CUST56146,Mobile Cover,PENDING,1869,NO
CUST74327,Phone Stand,ACTIVE,3848,YES
CUST74327,Screen Guard,ACTIVE,2429,NO
CUST74327,Charger,EXPIRED,4010,NO
CUST74327,USB Cable,PENDING,2878,NO
CUST74327,Earphones,PENDING,796,YES
CUST74327,Power Bank,PENDING,4004,NO
CUST74327,Phone Stand,ACTIVE,4480,YES
CUST74327,Charger,PENDING,2337,YES
CUST74327,Bluetooth Speaker,ACTIVE,710,YES
CUST74327,Screen Guard,EXPIRED,4549,YES
CUST74327,Power Bank,ACTIVE,675,YES
CUST74327,Phone Stand,EXPIRED,678,YES
CUST74327,USB Cable,PENDING,1402,NO
CUST74327,Earphones,PENDING,4044,NO
CUST54869,Power Bank,EXPIRED,4884,YES
CUST54869,Memory Card,PENDING,3155,NO
CUST54869,USB Cable,PENDING,4274,NO
CUST54869,Screen Guard,EXPIRED,4673,YES
CUST54869,Screen Guard,PENDING,3068,YES
CUST54869,Bluetooth Speaker,ACTIVE,1534,NO
CUST54869,Phone Stand,ACTIVE,4087,YES
CUST54869,Power Bank,PENDING,3815,NO
CUST54869,Power Bank,PENDING,3842,YES
CUST54869,Earphones,PENDING,1215,NO
CUST47483,Power Bank,PENDING,2564,NO
CUST47483,Smart Watch,EXPIRED,2790,NO
CUST47483,Power Bank,PENDING,4128,NO
CUST47483,Bluetooth Speaker,EXPIRED,3706,NO
CUST47483,Mobile Cover,PENDING,1026,NO
CUST47483,Earphones,ACTIVE,4442,NO
CUST47483,Bluetooth Speaker,ACTIVE,4320,YES
CUST47483,Charger,PENDING,845,YES
CUST47483,Smart Watch,EXPIRED,3128,YES
CUST47483,Earphones,PENDING,1263,YES
CUST47483,Bluetooth Speaker,EXPIRED,3812,YES
CUST58318,Bluetooth Speaker,EXPIRED,2078,NO
CUST58318,Charger,EXPIRED,4169,YES
CUST58318,Phone Stand,PENDING,1746,YES
CUST58318,Mobile Cover,ACTIVE,424,YES
CUST58318,Charger,PENDING,2996,YES
CUST58318,Memory Card,ACTIVE,776,NO
CUST58318,Bluetooth Speaker,EXPIRED,2677,YES
CUST58318,Phone Stand,EXPIRED,3388,NO
CUST58318,Earphones,EXPIRED,1772,YES
CUST83775,Power Bank,EXPIRED,2786,YES
CUST83775,Charger,ACTIVE,2078,NO
CUST83775,Power Bank,PENDING,4536,NO
CUST83775,Memory Card,ACTIVE,339,YES
CUST83775,USB Cable,EXPIRED,1514,YES
CUST83775,Charger,PENDING,1782,YES
CUST83775,Memory Card,PENDING,4963,YES
CUST83775,Charger,PENDING,2051,NO
CUST83775,Phone Stand,EXPIRED,4209,NO
CUST83775,Bluetooth Speaker,EXPIRED,3729,NO
CUST83775,Phone Stand,PENDING,2724,NO
CUST83775,Earphones,ACTIVE,4911,YES
CUST55517,Screen Guard,PENDING,3834,YES
CUST55517,Bluetooth Speaker,PENDING,2244,NO
CUST55517,USB Cable,EXPIRED,3689,YES
CUST55517,Phone Stand,PENDING,2337,NO
CUST55517,Mobile Cover,ACTIVE,3001,YES
CUST55517,USB Cable,PENDING,595,NO
CUST55517,Smart Watch,EXPIRED,563,YES
CUST55517,Power Bank,PENDING,2080,YES
CUST55517,Screen Guard,EXPIRED,3402,YES
CUST55517,Smart Watch,PENDING,111,NO
CUST55517,Smart Watch,ACTIVE,3834,NO
CUST55517,Smart Watch,EXPIRED,3799,YES
CUST55517,Earphones,PENDING,3400,NO
CUST73698,Memory Card,ACTIVE,4522,YES
CUST73698,Mobile Cover,ACTIVE,4204,NO
CUST73698,Charger,ACTIVE,4521,YES
CUST73698,Phone Stand,ACTIVE,4602,NO
CUST73698,Mobile Cover,EXPIRED,3815,NO
CUST73698,Memory Card,EXPIRED,3097,YES
CUST73698,Screen Guard,ACTIVE,306,NO
CUST73698,Power Bank,EXPIRED,4885,NO
CUST73698,Memory Card,ACTIVE,4539,YES
CUST73698,Mobile Cover,EXPIRED,1273,NO
CUST73698,Charger,ACTIVE,1856,NO
CUST94155,Earphones,ACTIVE,2270,YES
CUST94155,Memory Card,PENDING,371,NO
CUST94155,Smart Watch,EXPIRED,2353,YES
CUST94155,Power Bank,EXPIRED,4341,YES
CUST94155,Power Bank,EXPIRED,4305,NO
CUST94155,Mobile Cover,EXPIRED,4759,NO
CUST94155,Smart Watch,EXPIRED,1738,YES
CUST94155,Phone Stand,ACTIVE,3404,YES
CUST94155,Power Bank,EXPIRED,4942,NO
CUST94155,Power Bank,EXPIRED,2363,YES
CUST94155,Memory Card,EXPIRED,3104,YES
CUST94155,Memory Card,PENDING,2674,YES
CUST94155,Charger,ACTIVE,863,YES
CUST94155,Earphones,ACTIVE,2150,NO
CUST30423,Bluetooth Speaker,PENDING,1633,NO
CUST30423,Phone Stand,ACTIVE,3065,YES
CUST30423,Charger,ACTIVE,4632,YES
CUST30423,Mobile Cover,ACTIVE,2216,NO
CUST30423,Charger,PENDING,1800,YES
CUST30423,USB Cable,EXPIRED,2719,YES
CUST30423,Smart Watch,PENDING,492,NO
CUST30423,Power Bank,PENDING,301,NO
CUST95405,Smart Watch,PENDING,2283,YES
CUST95405,Memory Card,EXPIRED,2345,YES
CUST95405,Smart Watch,ACTIVE,4986,YES
CUST95405,Mobile Cover,EXPIRED,3144,YES
CUST95405,Charger,EXPIRED,3324,NO
CUST95405,Phone Stand,EXPIRED,3143,NO
CUST85971,Smart Watch,EXPIRED,3180,NO
CUST85971,Charger,EXPIRED,426,YES
CUST85971,USB Cable,EXPIRED,332,YES
CUST85971,Screen Guard,ACTIVE,200,YES
CUST85971,Charger,PENDING,4226,YES
CUST85971,Bluetooth Speaker,ACTIVE,2575,YES
CUST85971,Earphones,ACTIVE,4797,YES
CUST85971,Phone Stand,EXPIRED,2659,YES
CUST85971,Bluetooth Speaker,EXPIRED,3918,NO
CUST85971,Charger,ACTIVE,4437,NO
CUST85971,Mobile Cover,EXPIRED,2592,YES
CUST85971,Screen Guard,PENDING,1006,NO
CUST85971,Mobile Cover,PENDING,2953,YES
CUST57573,Earphones,EXPIRED,4411,NO
CUST57573,Power Bank,EXPIRED,4936,YES
CUST57573,Bluetooth Speaker,PENDING,4763,YES
CUST57573,USB Cable,EXPIRED,3184,YES
CUST57573,Memory Card,PENDING,2456,YES
CUST57573,Charger,EXPIRED,1055,YES
CUST57573,Mobile Cover,PENDING,2489,YES
CUST57573,Charger,PENDING,4423,YES
CUST57573,Charger,ACTIVE,4210,NO
CUST57573,Charger,ACTIVE,2854,YES
CUST57573,Charger,PENDING,4531,NO
CUST57573,Screen Guard,PENDING,1865,YES
CUST57573,Phone Stand,EXPIRED,1100,YES
CUST57573,Memory Card,PENDING,3790,NO
CUST18999,Smart Watch,PENDING,3860,YES
CUST18999,Power Bank,ACTIVE,3719,NO
CUST18999,Screen Guard,ACTIVE,785,NO
CUST18999,Smart Watch,PENDING,481,NO
CUST18999,Memory Card,EXPIRED,4586,YES
CUST18999,Phone Stand,ACTIVE,2045,NO
CUST18999,Memory Card,ACTIVE,708,NO
CUST18999,Screen Guard,ACTIVE,3077,YES
CUST18999,Mobile Cover,ACTIVE,4969,YES
CUST18999,Phone Stand,PENDING,213,NO
CUST18999,Memory Card,EXPIRED,4062,NO
CUST18999,Charger,EXPIRED,4727,YES
CUST18999,Screen Guard,PENDING,567,YES
CUST18999,Smart Watch,ACTIVE,4395,YES
CUST18999,Bluetooth Speaker,PENDING,4702,NO
CUST16278,Phone Stand,ACTIVE,1600,NO
CUST16278,Bluetooth Speaker,ACTIVE,4006,YES
CUST16278,Bluetooth Speaker,ACTIVE,4714,YES
CUST16278,USB Cable,ACTIVE,277,YES
CUST16278,Earphones,ACTIVE,1717,YES
CUST16278,Phone Stand,ACTIVE,4109,NO
CUST16278,Charger,EXPIRED,933,NO
CUST16278,Bluetooth Speaker,EXPIRED,4846,NO
CUST16278,Phone Stand,EXPIRED,470,YES
CUST16278,Mobile Cover,PENDING,3277,YES
CUST16278,Memory Card,PENDING,2776,YES
CUST16278,Phone Stand,PENDING,769,YES
CUST34849,USB Cable,ACTIVE,1692,YES
CUST34849,Earphones,EXPIRED,3199,YES
CUST34849,Smart Watch,ACTIVE,356,YES
CUST34849,Earphones,ACTIVE,324,YES
CUST34849,Bluetooth Speaker,PENDING,956,YES
CUST34849,Earphones,EXPIRED,4541,YES
CUST34849,Power Bank,PENDING,2293,YES
CUST34849,Memory Card,ACTIVE,4013,NO
CUST34849,Power Bank,ACTIVE,733,NO
CUST34849,Smart Watch,ACTIVE,4471,YES
CUST34849,Smart Watch,ACTIVE,4955,NO
CUST34849,Memory Card,EXPIRED,4687,NO
CUST34849,Screen Guard,EXPIRED,754,NO
CUST34849,Bluetooth Speaker,PENDING,487,NO
CUST34849,Earphones,ACTIVE,2435,NO
CUST76914,Phone Stand,PENDING,4645,NO
CUST76914,Mobile Cover,PENDING,3926,NO
CUST76914,Phone Stand,ACTIVE,3871,YES
CUST76914,Charger,PENDING,3317,YES
CUST76914,Mobile Cover,PENDING,2933,YES
CUST76914,Phone Stand,ACTIVE,668,YES
CUST89645,Charger,ACTIVE,2082,YES
CUST89645,Smart Watch,ACTIVE,2510,NO
CUST89645,Charger,ACTIVE,2280,NO
CUST89645,Charger,PENDING,599,YES
CUST89645,Bluetooth Speaker,EXPIRED,4454,NO
CUST81898,Earphones,EXPIRED,1184,YES
CUST81898,Bluetooth Speaker,PENDING,1132,YES
CUST81898,Memory Card,PENDING,1738,YES
CUST81898,Bluetooth Speaker,ACTIVE,4669,YES
CUST81898,Smart Watch,ACTIVE,4001,NO
CUST65677,USB Cable,PENDING,1975,NO
CUST65677,USB Cable,EXPIRED,210,YES
CUST65677,Earphones,ACTIVE,1099,YES
CUST65677,Power Bank,PENDING,3505,NO
CUST65677,Memory Card,ACTIVE,533,YES
CUST65677,Earphones,ACTIVE,723,YES
CUST65677,Power Bank,ACTIVE,3293,NO
CUST65677,Mobile Cover,PENDING,3955,NO
CUST41897,Memory Card,ACTIVE,3966,YES
CUST41897,USB Cable,ACTIVE,4962,YES
CUST41897,Smart Watch,EXPIRED,820,NO
CUST41897,Smart Watch,EXPIRED,1985,YES
CUST41897,Power Bank,ACTIVE,2902,NO
CUST41897,Power Bank,EXPIRED,4422,YES
CUST41897,Charger,PENDING,4216,NO
CUST41897,Memory Card,EXPIRED,4947,NO
CUST41897,Earphones,ACTIVE,307,YES
CUST41897,Screen Guard,ACTIVE,521,YES
CUST41897,Bluetooth Speaker,ACTIVE,4526,YES
CUST19517,Memory Card,PENDING,3251,YES
CUST19517,Smart Watch,EXPIRED,923,YES
CUST19517,USB Cable,ACTIVE,1570,NO
CUST19517,Screen Guard,EXPIRED,3016,YES
CUST19517,Screen Guard,ACTIVE,941,YES
CUST31629,Smart Watch,ACTIVE,2948,YES
CUST31629,Earphones,ACTIVE,171,NO
CUST31629,USB Cable,EXPIRED,3776,NO
CUST31629,Power Bank,ACTIVE,4867,NO
CUST31629,Charger,PENDING,2447,NO
CUST35101,Power Bank,PENDING,257,YES
CUST35101,Screen Guard,PENDING,1304,NO
CUST35101,Mobile Cover,ACTIVE,2002,NO
CUST35101,Bluetooth Speaker,ACTIVE,1627,YES
CUST35101,Charger,ACTIVE,3808,NO
CUST35101,Bluetooth Speaker,EXPIRED,3277,YES
CUST35101,Power Bank,ACTIVE,449,NO
CUST35101,Power Bank,EXPIRED,2788,YES
CUST35101,USB Cable,ACTIVE,421,YES
CUST35101,Charger,ACTIVE,2868,NO
CUST35101,Power Bank,ACTIVE,3766,YES
CUST35101,Bluetooth Speaker,EXPIRED,334,NO
CUST35101,Mobile Cover,PENDING,4389,NO
CUST35101,Screen Guard,ACTIVE,1941,NO
CUST35101,Memory Card,ACTIVE,3810,NO
CUST59299,Bluetooth Speaker,ACTIVE,3200,YES
CUST59299,Power Bank,ACTIVE,3028,NO
CUST59299,USB Cable,EXPIRED,3608,YES
CUST59299,Charger,EXPIRED,909,NO
CUST59299,Screen Guard,PENDING,1670,YES
CUST59299,Smart Watch,ACTIVE,3224,YES
CUST59299,USB Cable,EXPIRED,2999,NO
CUST59299,Screen Guard,PENDING,2430,NO
CUST59299,Smart Watch,ACTIVE,2431,YES
CUST59299,Phone Stand,ACTIVE,824,YES
CUST59299,Phone Stand,EXPIRED,486,YES
CUST84688,Charger,ACTIVE,3390,NO
CUST84688,Earphones,PENDING,4283,YES
CUST84688,Mobile Cover,ACTIVE,627,NO
CUST84688,Phone Stand,EXPIRED,1126,NO
CUST84688,Power Bank,EXPIRED,570,YES
CUST84688,Screen Guard,EXPIRED,2778,NO
CUST84688,Mobile Cover,EXPIRED,4694,NO
CUST84688,Charger,PENDING,1436,YES
CUST84688,Charger,ACTIVE,3467,YES
CUST84688,Power Bank,PENDING,4230,YES
CUST84688,Bluetooth Speaker,PENDING,4927,NO
CUST47988,Screen Guard,PENDING,3013,YES
CUST47988,Charger,ACTIVE,1380,NO
CUST47988,Memory Card,ACTIVE,2641,NO
CUST47988,Smart Watch,PENDING,3976,NO
CUST47988,Screen Guard,EXPIRED,4732,YES
CUST47988,Phone Stand,PENDING,242,YES
CUST47988,USB Cable,ACTIVE,1371,YES
CUST69364,Bluetooth Speaker,EXPIRED,937,NO
CUST69364,Memory Card,ACTIVE,1055,NO
CUST69364,Mobile Cover,ACTIVE,1554,NO
CUST69364,Bluetooth Speaker,EXPIRED,1721,NO
CUST69364,Power Bank,ACTIVE,2377,YES
CUST69364,Power Bank,EXPIRED,2694,NO
CUST69364,Screen Guard,PENDING,1049,NO
CUST69364,Screen Guard,EXPIRED,3059,NO
CUST69364,USB Cable,ACTIVE,4652,NO
CUST92936,Power Bank,PENDING,1113,YES
CUST92936,Mobile Cover,ACTIVE,344,YES
CUST92936,Bluetooth Speaker,EXPIRED,4219,NO
CUST92936,Phone Stand,PENDING,3497,YES
CUST92936,Mobile Cover,ACTIVE,536,NO
CUST92936,Power Bank,EXPIRED,1905,NO
CUST83603,Earphones,EXPIRED,1753,YES
CUST83603,Power Bank,PENDING,2888,YES
CUST83603,Power Bank,ACTIVE,2024,YES
CUST83603,Memory Card,EXPIRED,1931,NO
CUST83603,Memory Card,PENDING,859,YES
CUST83603,Screen Guard,PENDING,3170,NO
CUST83603,USB Cable,EXPIRED,2419,YES
CUST37467,Smart Watch,ACTIVE,4280,YES
CUST37467,Earphones,EXPIRED,953,YES
CUST37467,Power Bank,ACTIVE,2638,NO
CUST37467,USB Cable,EXPIRED,1350,NO
CUST37467,Earphones,ACTIVE,4993,NO
CUST37467,Memory Card,PENDING,1618,NO
CUST37467,USB Cable,EXPIRED,1064,NO
CUST37467,Screen Guard,ACTIVE,2131,NO
CUST37467,Bluetooth Speaker,PENDING,2118,NO
CUST37467,Charger,ACTIVE,3230,YES
CUST37467,Charger,EXPIRED,1415,NO
CUST37467,Memory Card,PENDING,3942,YES
CUST37467,Earphones,PENDING,2685,YES
CUST37467,Memory Card,EXPIRED,3059,NO
CUST49504,Memory Card,EXPIRED,4286,YES
CUST49504,Memory Card,EXPIRED,1251,YES
CUST49504,Power Bank,EXPIRED,727,NO
CUST49504,Mobile Cover,EXPIRED,3773,YES
CUST49504,Power Bank,EXPIRED,1451,NO
CUST49504,Smart Watch,ACTIVE,3958,YES
CUST49504,Power Bank,ACTIVE,2397,NO
CUST49504,Bluetooth Speaker,EXPIRED,1924,NO
CUST49504,Phone Stand,EXPIRED,4179,NO
CUST25654,Charger,ACTIVE,4051,YES
CUST25654,USB Cable,ACTIVE,1040,NO
CUST25654,Screen Guard,ACTIVE,2886,NO
CUST25654,Power Bank,PENDING,112,YES
CUST25654,Phone Stand,EXPIRED,3958,NO
CUST25654,Earphones,ACTIVE,4663,NO
CUST25654,Memory Card,EXPIRED,1725,YES
CUST25654,Charger,PENDING,1717,YES
CUST34592,Memory Card,ACTIVE,760,NO
CUST34592,Charger,ACTIVE,1800,YES
CUST34592,Power Bank,ACTIVE,1497,YES
CUST34592,Bluetooth Speaker,ACTIVE,4027,YES
CUST34592,Phone Stand,PENDING,4553,NO
CUST40620,Earphones,ACTIVE,1690,YES
CUST40620,Charger,ACTIVE,2639,NO
CUST40620,Bluetooth Speaker,PENDING,2263,YES
CUST40620,Charger,ACTIVE,3108,YES
CUST40620,Memory Card,PENDING,3282,NO
CUST40620,Bluetooth Speaker,EXPIRED,4929,YES
CUST40620,Screen Guard,ACTIVE,1613,YES
CUST40620,Earphones,ACTIVE,3245,YES
CUST40620,Screen Guard,ACTIVE,349,YES
CUST40620,Bluetooth Speaker,ACTIVE,1334,YES
CUST40620,Power Bank,EXPIRED,2799,NO
CUST40620,Screen Guard,ACTIVE,1043,YES
CUST52254,Memory Card,PENDING,1701,YES
CUST52254,Smart Watch,PENDING,2226,YES
CUST52254,Charger,ACTIVE,4781,NO
CUST52254,Phone Stand,PENDING,3879,YES
CUST52254,Charger,EXPIRED,3131,YES
CUST43924,Screen Guard,PENDING,4845,YES
CUST43924,Charger,EXPIRED,317,NO
CUST43924,Power Bank,PENDING,2027,NO
CUST43924,USB Cable,EXPIRED,4747,YES
CUST43924,Mobile Cover,ACTIVE,3273,YES
CUST43924,Smart Watch,ACTIVE,1458,YES
CUST43924,Charger,ACTIVE,489,YES
CUST43924,Memory Card,PENDING,1322,NO
CUST98888,Memory Card,ACTIVE,2978,YES
CUST98888,Memory Card,PENDING,4710,NO
CUST98888,Earphones,ACTIVE,3345,NO
CUST98888,Bluetooth Speaker,PENDING,2498,YES
CUST98888,Smart Watch,PENDING,1136,YES
CUST98888,Bluetooth Speaker,PENDING,3332,YES
CUST98888,Power Bank,PENDING,3829,YES
CUST58396,Mobile Cover,PENDING,2824,YES
CUST58396,Mobile Cover,PENDING,2011,NO
CUST58396,Bluetooth Speaker,ACTIVE,3058,NO
CUST58396,Earphones,PENDING,1180,NO
CUST58396,Phone Stand,EXPIRED,4895,YES
CUST58396,Earphones,ACTIVE,4916,NO
CUST58396,Bluetooth Speaker,EXPIRED,214,YES
CUST58396,Bluetooth Speaker,EXPIRED,2839,NO
CUST58396,Charger,ACTIVE,1423,NO
CUST58396,Earphones,PENDING,3551,NO
CUST58396,Screen Guard,ACTIVE,2591,YES
CUST58396,Bluetooth Speaker,PENDING,2646,YES
CUST58396,Mobile Cover,ACTIVE,1791,NO
CUST58396,Memory Card,PENDING,695,YES
CUST58396,Charger,EXPIRED,2024,YES
CUST54535,Memory Card,ACTIVE,1502,NO
CUST54535,Screen Guard,ACTIVE,2692,YES
CUST54535,Power Bank,ACTIVE,950,NO
CUST54535,Earphones,ACTIVE,4344,NO
CUST54535,Mobile Cover,PENDING,2276,NO
CUST54535,Phone Stand,ACTIVE,3741,NO
CUST54535,Screen Guard,ACTIVE,1058,NO
CUST54535,Screen Guard,ACTIVE,213,NO
CUST22997,Power Bank,EXPIRED,3390,NO
CUST22997,Earphones,ACTIVE,2679,NO
CUST22997,Bluetooth Speaker,ACTIVE,4064,NO
CUST22997,USB Cable,PENDING,143,YES
CUST22997,Earphones,PENDING,3222,NO
CUST22997,Mobile Cover,EXPIRED,277,NO
CUST22997,Power Bank,PENDING,1903,NO
CUST22997,Screen Guard,PENDING,3131,NO
CUST22997,Mobile Cover,EXPIRED,954,NO
CUST22997,Earphones,EXPIRED,4896,NO
CUST83459,Charger,EXPIRED,4287,YES
CUST83459,Smart Watch,EXPIRED,4705,YES
CUST83459,Mobile Cover,ACTIVE,731,YES
CUST83459,Smart Watch,EXPIRED,901,NO
CUST83459,Earphones,PENDING,1370,YES
CUST83459,USB Cable,PENDING,1413,YES
CUST83459,Power Bank,EXPIRED,3856,YES
CUST83459,Smart Watch,PENDING,1194,NO
CUST83459,USB Cable,ACTIVE,4903,NO
CUST83459,Charger,PENDING,3589,YES
CUST83459,Charger,PENDING,3413,NO
CUST83459,Earphones,EXPIRED,2398,NO
CUST83459,USB Cable,EXPIRED,3966,NO
CUST74813,Memory Card,ACTIVE,1435,YES
CUST74813,Phone Stand,ACTIVE,611,YES
CUST74813,USB Cable,EXPIRED,1293,NO
CUST74813,Earphones,EXPIRED,4757,YES
CUST74813,Mobile Cover,PENDING,2818,YES
CUST74813,Phone Stand,PENDING,827,NO
CUST74813,Charger,ACTIVE,2031,NO
CUST74813,Bluetooth Speaker,EXPIRED,3814,YES
CUST74813,Smart Watch,EXPIRED,3077,YES
CUST64367,Memory Card,ACTIVE,1740,YES
CUST64367,Screen Guard,PENDING,4348,NO
CUST64367,Mobile Cover,PENDING,3374,YES
CUST64367,Earphones,EXPIRED,4173,NO
CUST64367,Phone Stand,PENDING,1881,YES
CUST64367,Earphones,PENDING,3727,NO
CUST64367,Screen Guard,EXPIRED,120,NO
CUST64367,Phone Stand,ACTIVE,2440,YES
CUST64367,Power Bank,ACTIVE,2105,YES
CUST64367,Memory Card,ACTIVE,2076,NO
CUST92235,USB Cable,ACTIVE,2205,YES
CUST92235,Bluetooth Speaker,PENDING,355,YES
CUST92235,Earphones,ACTIVE,2260,NO
CUST92235,Power Bank,PENDING,375,YES
CUST92235,Bluetooth Speaker,ACTIVE,2304,YES
CUST92235,Smart Watch,EXPIRED,937,NO
CUST92235,Smart Watch,ACTIVE,1006,NO
CUST92235,Charger,EXPIRED,4989,NO
CUST92235,Screen Guard,PENDING,3247,NO
CUST92235,Bluetooth Speaker,ACTIVE,3832,NO
CUST95430,Bluetooth Speaker,ACTIVE,3098,NO
CUST95430,Memory Card,EXPIRED,1445,YES
CUST95430,Smart Watch,ACTIVE,2287,YES
CUST95430,Earphones,PENDING,4207,YES
CUST95430,Charger,ACTIVE,4415,NO
CUST95430,Phone Stand,PENDING,3586,YES
CUST95430,USB Cable,EXPIRED,4594,YES
CUST95430,Power Bank,PENDING,1660,NO
CUST95430,Charger,PENDING,1445,YES
CUST95430,Phone Stand,EXPIRED,2720,YES
CUST95430,Bluetooth Speaker,EXPIRED,4252,NO
CUST95430,Phone Stand,ACTIVE,1786,YES
CUST95430,USB Cable,PENDING,4988,YES
CUST12475,Mobile Cover,EXPIRED,1213,YES
CUST12475,Bluetooth Speaker,EXPIRED,3502,YES
CUST12475,Smart Watch,PENDING,784,NO
CUST12475,Screen Guard,PENDING,4803,NO
CUST12475,Charger,PENDING,3371,NO
CUST12475,Charger,EXPIRED,2175,YES
CUST12475,Phone Stand,PENDING,2703,NO
CUST12475,Phone Stand,ACTIVE,4363,NO
CUST12475,Memory Card,ACTIVE,2146,NO
CUST12475,Power Bank,PENDING,1066,YES
CUST12475,Power Bank,ACTIVE,165,NO
CUST12475,Mobile Cover,ACTIVE,2020,NO
CUST12475,Smart Watch,EXPIRED,1840,NO
CUST12475,Earphones,ACTIVE,698,NO
CUST12475,Memory Card,EXPIRED,3775,NO
CUST86400,Phone Stand,PENDING,2295,YES
CUST86400,Bluetooth Speaker,ACTIVE,592,YES
CUST86400,Earphones,ACTIVE,4333,NO
CUST86400,Bluetooth Speaker,EXPIRED,796,NO
CUST86400,Phone Stand,EXPIRED,4564,NO
CUST72731,Mobile Cover,ACTIVE,2369,NO
CUST72731,Smart Watch,EXPIRED,324,NO
CUST72731,Bluetooth Speaker,ACTIVE,668,YES
CUST72731,Phone Stand,PENDING,513,YES
CUST72731,Earphones,ACTIVE,2409,NO
CUST72731,Bluetooth Speaker,ACTIVE,652,NO
CUST72731,Power Bank,ACTIVE,2224,NO
CUST72731,Mobile Cover,PENDING,984,YES
CUST68005,USB Cable,PENDING,2973,YES
CUST68005,Phone Stand,PENDING,3497,NO
CUST68005,Screen Guard,EXPIRED,1293,YES
CUST68005,Charger,ACTIVE,1833,YES
CUST68005,Screen Guard,EXPIRED,3055,YES
CUST68005,Phone Stand,EXPIRED,1749,YES
CUST68005,Earphones,EXPIRED,1721,YES
CUST68005,Power Bank,ACTIVE,1710,YES
CUST68005,USB Cable,ACTIVE,2397,YES
CUST68005,Memory Card,EXPIRED,4168,YES
CUST21888,Smart Watch,PENDING,412,NO
CUST21888,Earphones,PENDING,4097,NO
CUST21888,Charger,ACTIVE,872,YES
CUST21888,Mobile Cover,EXPIRED,4979,NO
CUST21888,Screen Guard,EXPIRED,3897,YES
CUST19533,USB Cable,EXPIRED,2479,NO
CUST19533,Smart Watch,PENDING,1199,NO
CUST19533,Memory Card,ACTIVE,2987,YES
CUST19533,Mobile Cover,EXPIRED,3191,YES
CUST19533,Screen Guard,ACTIVE,777,NO
CUST19533,Earphones,EXPIRED,1411,YES
CUST19533,Mobile Cover,EXPIRED,1353,YES
CUST19533,Charger,EXPIRED,1300,YES
CUST19533,Power Bank,EXPIRED,597,NO
CUST99327,Mobile Cover,ACTIVE,2195,YES
CUST99327,Power Bank,PENDING,2304,YES
CUST99327,Earphones,EXPIRED,1322,NO
CUST99327,Power Bank,PENDING,2457,NO
CUST99327,Screen Guard,EXPIRED,3456,YES
CUST99327,Charger,ACTIVE,1629,NO
CUST99327,Power Bank,ACTIVE,1945,NO
CUST99327,Phone Stand,PENDING,4807,YES
CUST21773,Smart Watch,ACTIVE,1758,NO
CUST21773,Charger,ACTIVE,1445,NO
CUST21773,USB Cable,ACTIVE,3246,NO
CUST21773,Phone Stand,EXPIRED,1240,YES
CUST21773,Charger,PENDING,4552,NO
CUST21773,Smart Watch,PENDING,486,YES
CUST21773,Power Bank,PENDING,2556,YES
CUST21773,Earphones,EXPIRED,1557,NO
CUST21773,Bluetooth Speaker,PENDING,910,YES
CUST21773,USB Cable,EXPIRED,2731,YES
CUST70635,Phone Stand,EXPIRED,4224,NO
CUST70635,Memory Card,PENDING,3522,NO
CUST70635,Power Bank,PENDING,227,YES
CUST70635,Smart Watch,ACTIVE,1621,NO
CUST70635,Phone Stand,ACTIVE,2985,YES
CUST70635,Charger,ACTIVE,837,YES
CUST70635,Bluetooth Speaker,PENDING,4497,NO
CUST70635,Smart Watch,EXPIRED,4110,YES
CUST70635,Screen Guard,PENDING,2120,YES
CUST70635,USB Cable,EXPIRED,4553,NO
CUST70635,Memory Card,EXPIRED,2927,YES
CUST82390,Charger,EXPIRED,3672,YES
CUST82390,Bluetooth Speaker,ACTIVE,1231,NO
CUST82390,Smart Watch,ACTIVE,479,YES
CUST82390,Earphones,PENDING,4157,NO
CUST82390,USB Cable,ACTIVE,4401,YES
CUST78537,Smart Watch,ACTIVE,871,NO
CUST78537,Charger,PENDING,4509,YES
CUST78537,Phone Stand,PENDING,4426,YES
CUST78537,USB Cable,PENDING,326,NO
CUST78537,USB Cable,EXPIRED,564,YES
CUST78537,Smart Watch,PENDING,4462,YES
CUST78537,Phone Stand,PENDING,1148,YES
CUST78537,Memory Card,EXPIRED,2788,YES
CUST78537,Bluetooth Speaker,PENDING,198,NO
CUST78537,Bluetooth Speaker,PENDING,1774,YES
CUST78537,Power Bank,EXPIRED,644,YES
CUST78537,Memory Card,EXPIRED,1234,NO
CUST81645,Mobile Cover,PENDING,3012,NO
CUST81645,USB Cable,EXPIRED,755,NO
CUST81645,Memory Card,PENDING,2184,YES
CUST81645,Power Bank,ACTIVE,560,YES
CUST81645,Mobile Cover,ACTIVE,2977,NO
CUST81645,Earphones,ACTIVE,2020,NO
CUST81645,Memory Card,ACTIVE,4516,NO
CUST61326,Earphones,ACTIVE,3009,NO
CUST61326,Earphones,ACTIVE,2444,NO
CUST61326,USB Cable,EXPIRED,829,NO
CUST61326,Earphones,PENDING,1753,YES
CUST61326,Power Bank,EXPIRED,1019,NO
CUST61326,Mobile Cover,EXPIRED,3442,YES
CUST58417,Mobile Cover,ACTIVE,2932,YES
CUST58417,Charger,ACTIVE,3853,YES
CUST58417,Charger,PENDING,2641,NO
CUST58417,Earphones,EXPIRED,616,NO
CUST58417,Power Bank,ACTIVE,3129,YES
CUST58417,Bluetooth Speaker,ACTIVE,2134,YES
CUST58417,Earphones,ACTIVE,282,YES
CUST58417,Phone Stand,ACTIVE,3723,YES
CUST58417,Earphones,PENDING,4884,NO
CUST49539,Memory Card,ACTIVE,2293,YES
CUST49539,Power Bank,PENDING,4247,NO
CUST49539,Power Bank,EXPIRED,196,NO
CUST49539,Power Bank,ACTIVE,2023,NO
CUST49539,Earphones,ACTIVE,3560,NO
CUST49539,Earphones,EXPIRED,4135,YES
CUST49539,Charger,ACTIVE,4339,YES
CUST49539,Smart Watch,EXPIRED,3956,NO
CUST49539,Mobile Cover,PENDING,2673,YES
CUST49539,Screen Guard,ACTIVE,1518,NO
CUST49539,Earphones,EXPIRED,2070,YES
CUST39512,Power Bank,ACTIVE,1618,YES
CUST39512,Smart Watch,EXPIRED,824,NO
CUST39512,Phone Stand,EXPIRED,3237,YES
CUST39512,Earphones,EXPIRED,3861,NO
CUST39512,Phone Stand,ACTIVE,847,NO
CUST39512,Smart Watch,EXPIRED,1411,YES
CUST39512,Bluetooth Speaker,PENDING,3877,NO
CUST39512,Power Bank,PENDING,1591,NO
CUST39512,Screen Guard,PENDING,452,NO
CUST94939,Charger,EXPIRED,4622,NO
CUST94939,Mobile Cover,ACTIVE,563,NO
CUST94939,Screen Guard,ACTIVE,326,YES
CUST94939,Mobile Cover,PENDING,738,NO
CUST94939,Screen Guard,EXPIRED,2856,NO
CUST94939,Smart Watch,ACTIVE,4541,YES
CUST94939,Mobile Cover,EXPIRED,4648,YES
CUST94939,Smart Watch,PENDING,3591,YES
CUST75932,Mobile Cover,PENDING,2731,NO
CUST75932,Phone Stand,EXPIRED,676,YES
CUST75932,Earphones,PENDING,2694,NO
CUST75932,Smart Watch,ACTIVE,4630,NO
CUST75932,Earphones,EXPIRED,2970,NO
CUST75932,Phone Stand,PENDING,2571,NO
CUST75932,Charger,PENDING,3906,NO
CUST75932,Smart Watch,ACTIVE,295,YES
CUST75932,Phone Stand,EXPIRED,3240,NO
CUST90878,Screen Guard,PENDING,3170,NO
CUST90878,USB Cable,EXPIRED,2598,YES
CUST90878,Power Bank,EXPIRED,1981,YES
CUST90878,Earphones,ACTIVE,4845,YES
CUST90878,Charger,EXPIRED,3207,NO
CUST90878,Phone Stand,EXPIRED,4880,YES
CUST90878,Mobile Cover,ACTIVE,3440,YES
CUST90878,USB Cable,ACTIVE,3139,YES
CUST90878,USB Cable,ACTIVE,2676,NO
CUST90878,USB Cable,EXPIRED,3103,NO
CUST90878,Memory Card,PENDING,4935,NO
CUST90878,Memory Card,ACTIVE,1188,YES
CUST90878,Power Bank,EXPIRED,764,NO
CUST90878,USB Cable,ACTIVE,1644,YES
CUST18571,Bluetooth Speaker,PENDING,3021,NO
CUST18571,Phone Stand,ACTIVE,3867,YES
CUST18571,Smart Watch,EXPIRED,3330,YES
CUST18571,USB Cable,EXPIRED,903,NO
CUST18571,Bluetooth Speaker,PENDING,508,NO
CUST18571,Memory Card,ACTIVE,2930,NO
CUST18571,Phone Stand,PENDING,3450,NO
CUST18571,Power Bank,ACTIVE,1143,NO
CUST18571,Smart Watch,EXPIRED,2478,NO
CUST19135,Power Bank,PENDING,1272,YES
CUST19135,Power Bank,PENDING,3940,YES
CUST19135,Smart Watch,EXPIRED,280,YES
CUST19135,Phone Stand,EXPIRED,4419,NO
CUST19135,Power Bank,ACTIVE,1064,NO
CUST19135,Earphones,ACTIVE,4448,NO
CUST19135,Memory Card,ACTIVE,4786,YES
CUST62649,USB Cable,ACTIVE,4473,YES
CUST62649,USB Cable,ACTIVE,355,YES
CUST62649,Mobile Cover,EXPIRED,2941,NO
CUST62649,Screen Guard,ACTIVE,4222,YES
CUST62649,Power Bank,ACTIVE,4822,NO
CUST62649,Phone Stand,EXPIRED,4902,NO
CUST62649,Smart Watch,ACTIVE,499,NO
CUST62649,Bluetooth Speaker,ACTIVE,1045,NO
CUST62649,Phone Stand,EXPIRED,3287,NO
CUST62649,Smart Watch,ACTIVE,2505,YES
CUST62649,Charger,EXPIRED,4635,YES
CUST62649,Phone Stand,ACTIVE,4685,YES
CUST62649,Smart Watch,ACTIVE,640,NO
CUST62649,USB Cable,ACTIVE,2256,NO
CUST62649,Bluetooth Speaker,ACTIVE,2792,YES
CUST59412,USB Cable,EXPIRED,3155,NO
CUST59412,Charger,PENDING,3155,NO
CUST59412,Charger,PENDING,1417,YES
CUST59412,USB Cable,EXPIRED,397,NO
CUST59412,Earphones,PENDING,3556,YES
CUST59412,Smart Watch,ACTIVE,3660,NO
CUST59412,USB Cable,PENDING,3988,NO
CUST59412,Mobile Cover,ACTIVE,3148,NO
CUST59412,Mobile Cover,PENDING,3616,YES
CUST53365,Screen Guard,EXPIRED,2670,YES
CUST53365,Smart Watch,EXPIRED,3604,NO
CUST53365,Power Bank,PENDING,3503,NO
CUST53365,Earphones,ACTIVE,989,NO
CUST53365,Mobile Cover,PENDING,2628,YES
CUST53365,Bluetooth Speaker,ACTIVE,3940,YES
CUST53365,Power Bank,EXPIRED,4678,NO
CUST53365,Smart Watch,ACTIVE,4998,NO
CUST53365,Mobile Cover,EXPIRED,3822,NO
CUST56611,Smart Watch,PENDING,3921,NO
CUST56611,Mobile Cover,ACTIVE,1789,YES
CUST56611,Screen Guard,PENDING,3938,NO
CUST56611,Bluetooth Speaker,EXPIRED,3165,NO
CUST56611,Screen Guard,EXPIRED,4577,NO
CUST56611,Earphones,EXPIRED,4663,NO
CUST56611,Mobile Cover,EXPIRED,3508,YES
CUST56611,Charger,ACTIVE,747,NO
CUST56611,Bluetooth Speaker,PENDING,4792,NO
CUST56611,USB Cable,ACTIVE,1137,YES
CUST20966,Screen Guard,PENDING,2327,YES
CUST20966,USB Cable,ACTIVE,563,YES
CUST20966,Smart Watch,PENDING,1235,YES
CUST20966,USB Cable,PENDING,771,NO
CUST20966,Mobile Cover,ACTIVE,4762,YES
CUST20966,Memory Card,EXPIRED,4643,NO
CUST20966,Smart Watch,EXPIRED,4071,YES
CUST20966,Bluetooth Speaker,EXPIRED,1824,YES
CUST64145,Smart Watch,EXPIRED,3647,YES
CUST64145,Mobile Cover,EXPIRED,3654,NO
CUST64145,Power Bank,PENDING,2230,NO
CUST64145,Charger,ACTIVE,163,YES
CUST64145,Memory Card,ACTIVE,2355,NO
CUST64145,Memory Card,EXPIRED,4039,NO
CUST64145,Bluetooth Speaker,PENDING,3758,YES
CUST64145,Smart Watch,ACTIVE,4076,NO
CUST64145,Phone Stand,PENDING,2270,NO
CUST64145,Smart Watch,EXPIRED,4757,NO
CUST64145,Phone Stand,ACTIVE,2022,YES
CUST64145,Mobile Cover,PENDING,968,YES
CUST64145,Power Bank,PENDING,4375,YES
CUST64145,Smart Watch,PENDING,1211,YES
CUST26322,Charger,PENDING,3717,NO
CUST26322,Screen Guard,PENDING,3366,YES
CUST26322,Smart Watch,ACTIVE,1818,YES
CUST26322,Smart Watch,PENDING,2347,YES
CUST26322,Power Bank,ACTIVE,419,NO
CUST26322,Earphones,ACTIVE,3116,NO
CUST26322,Memory Card,EXPIRED,3301,YES
CUST26322,Phone Stand,EXPIRED,3841,YES
CUST26322,Bluetooth Speaker,PENDING,3087,YES
CUST26322,Power Bank,ACTIVE,1005,YES
CUST26322,Mobile Cover,ACTIVE,1195,NO
CUST30081,Smart Watch,ACTIVE,1819,NO
CUST30081,Earphones,EXPIRED,1858,YES
CUST30081,Memory Card,ACTIVE,4031,NO
CUST30081,Memory Card,PENDING,2653,YES
CUST30081,Memory Card,EXPIRED,2797,NO
CUST30081,USB Cable,PENDING,2333,YES
CUST30081,Phone Stand,ACTIVE,599,YES
CUST30081,Phone Stand,ACTIVE,4266,YES
CUST30081,Bluetooth Speaker,EXPIRED,482,YES
CUST30081,USB Cable,PENDING,2338,NO
CUST30081,USB Cable,ACTIVE,2424,NO
CUST30081,Bluetooth Speaker,EXPIRED,1781,YES
CUST30081,Charger,PENDING,4224,NO
CUST30081,Memory Card,EXPIRED,1354,NO
CUST30081,Mobile Cover,EXPIRED,4357,NO
CUST23252,Mobile Cover,EXPIRED,4207,YES
CUST23252,Earphones,ACTIVE,1288,NO
CUST23252,Charger,EXPIRED,4365,NO
CUST23252,Smart Watch,PENDING,2352,NO
CUST23252,Mobile Cover,PENDING,740,NO
CUST23252,USB Cable,PENDING,2611,NO
CUST23252,Memory Card,ACTIVE,3860,YES
CUST23252,Mobile Cover,ACTIVE,4753,YES
CUST23252,Memory Card,ACTIVE,527,YES
CUST23252,Mobile Cover,EXPIRED,3754,NO
CUST66617,Bluetooth Speaker,ACTIVE,1461,YES
CUST66617,Mobile Cover,EXPIRED,1850,NO
CUST66617,Bluetooth Speaker,PENDING,4226,YES
CUST66617,Phone Stand,PENDING,750,YES
CUST66617,Phone Stand,EXPIRED,503,YES
CUST66617,Smart Watch,ACTIVE,776,YES
CUST25944,Screen Guard,ACTIVE,211,NO
CUST25944,Smart Watch,ACTIVE,503,NO
CUST25944,Phone Stand,EXPIRED,464,NO
CUST25944,Screen Guard,EXPIRED,190,YES
CUST25944,USB Cable,EXPIRED,3611,YES
CUST25944,Screen Guard,ACTIVE,4527,NO
CUST25944,Bluetooth Speaker,EXPIRED,1557,YES
CUST66170,Memory Card,ACTIVE,834,NO
CUST66170,Earphones,EXPIRED,4224,NO
CUST66170,Screen Guard,PENDING,1434,NO
CUST66170,Charger,ACTIVE,1060,YES
CUST66170,Mobile Cover,PENDING,4518,YES
CUST66170,Smart Watch,PENDING,1889,NO
CUST66170,Smart Watch,PENDING,2344,NO
CUST66170,Screen Guard,ACTIVE,3529,YES
CUST66170,USB Cable,PENDING,1172,NO
CUST66170,Bluetooth Speaker,ACTIVE,1128,NO
CUST66170,Earphones,ACTIVE,450,YES
CUST66170,Phone Stand,ACTIVE,4815,NO
CUST66170,Memory Card,PENDING,1222,NO
CUST80810,Bluetooth Speaker,PENDING,1953,NO
CUST80810,Bluetooth Speaker,PENDING,1537,NO
CUST80810,Phone Stand,ACTIVE,3384,NO
CUST80810,Smart Watch,EXPIRED,1672,YES
CUST80810,Smart Watch,PENDING,1638,YES
CUST60020,Charger,PENDING,1393,YES
CUST60020,Phone Stand,ACTIVE,3930,NO
CUST60020,Mobile Cover,EXPIRED,3118,YES
CUST60020,Screen Guard,ACTIVE,200,NO
CUST60020,Memory Card,EXPIRED,3235,NO
CUST60020,Charger,PENDING,2651,NO
CUST60020,Phone Stand,EXPIRED,2827,NO
CUST60020,Smart Watch,PENDING,2113,NO
CUST60020,Mobile Cover,PENDING,361,NO
CUST66703,Earphones,ACTIVE,3741,YES
CUST66703,Memory Card,PENDING,4552,YES
CUST66703,USB Cable,PENDING,3147,YES
CUST66703,USB Cable,EXPIRED,4519,YES
CUST66703,Memory Card,EXPIRED,1368,YES
CUST10158,Bluetooth Speaker,EXPIRED,1129,YES
CUST10158,Screen Guard,EXPIRED,2080,NO
CUST10158,Smart Watch,ACTIVE,310,NO
CUST10158,Smart Watch,EXPIRED,4228,NO
CUST10158,Earphones,EXPIRED,998,YES
CUST10158,Power Bank,PENDING,4658,NO
CUST10158,Bluetooth Speaker,ACTIVE,2520,YES
CUST10158,Phone Stand,EXPIRED,3504,NO
CUST10158,Bluetooth Speaker,PENDING,4595,NO
CUST55077,Smart Watch,EXPIRED,4793,NO
CUST55077,Mobile Cover,PENDING,2236,YES
CUST55077,Smart Watch,EXPIRED,4113,NO
CUST55077,Screen Guard,ACTIVE,1692,NO
CUST55077,Earphones,EXPIRED,1286,YES
CUST55077,Charger,PENDING,1654,YES
CUST86287,Mobile Cover,ACTIVE,705,YES
CUST86287,Smart Watch,PENDING,681,NO
CUST86287,Charger,EXPIRED,2546,YES
CUST86287,USB Cable,ACTIVE,817,YES
CUST86287,Mobile Cover,PENDING,1248,YES
CUST86287,Mobile Cover,PENDING,2693,YES
CUST86287,Mobile Cover,EXPIRED,4395,NO
CUST86287,Smart Watch,EXPIRED,1397,YES
CUST86287,Earphones,PENDING,137,YES
CUST13636,Earphones,PENDING,2542,YES
CUST13636,Bluetooth Speaker,ACTIVE,155,YES
CUST13636,Power Bank,ACTIVE,1629,NO
CUST13636,Charger,PENDING,4727,NO
CUST13636,Mobile Cover,ACTIVE,2168,NO
CUST13636,Earphones,PENDING,939,YES
CUST13636,Charger,ACTIVE,1136,YES
CUST13636,Screen Guard,EXPIRED,3007,NO
CUST13636,Charger,EXPIRED,774,YES
CUST13636,Bluetooth Speaker,ACTIVE,3412,YES
CUST13636,Earphones,ACTIVE,4091,NO
CUST54267,Power Bank,ACTIVE,1002,YES
CUST54267,Earphones,PENDING,3020,NO
CUST54267,Power Bank,PENDING,3220,YES
CUST54267,Smart Watch,ACTIVE,1452,YES
CUST54267,Earphones,PENDING,3064,NO
CUST54267,Charger,PENDING,1740,YES
CUST54267,Earphones,EXPIRED,4616,YES
CUST54267,Phone Stand,ACTIVE,4707,YES
CUST23420,Memory Card,EXPIRED,2457,YES
CUST23420,Earphones,EXPIRED,2513,YES
CUST23420,Screen Guard,PENDING,3788,YES
CUST23420,Smart Watch,EXPIRED,3319,NO
CUST23420,Earphones,ACTIVE,3787,YES
CUST23420,Phone Stand,ACTIVE,2422,NO
CUST23420,Smart Watch,PENDING,2113,NO
CUST23420,Memory Card,PENDING,4069,NO
CUST23420,Charger,EXPIRED,4062,NO
CUST23420,Smart Watch,PENDING,780,YES
CUST36062,Mobile Cover,EXPIRED,4141,YES
CUST36062,USB Cable,EXPIRED,1865,YES
CUST36062,Phone Stand,ACTIVE,3083,NO
CUST36062,Memory Card,EXPIRED,4848,NO
CUST36062,Power Bank,EXPIRED,2928,YES
CUST36062,Bluetooth Speaker,EXPIRED,3649,NO
CUST36062,Memory Card,EXPIRED,3380,YES
CUST36062,USB Cable,ACTIVE,1660,YES
CUST36062,Earphones,EXPIRED,4995,NO
CUST36062,Charger,EXPIRED,2613,NO
CUST36062,Phone Stand,ACTIVE,1107,YES
CUST56962,Power Bank,EXPIRED,2350,YES
CUST56962,Memory Card,EXPIRED,3871,YES
CUST56962,USB Cable,PENDING,2421,YES
CUST56962,Mobile Cover,PENDING,3979,NO
CUST56962,Bluetooth Speaker,ACTIVE,1479,YES
CUST56962,Earphones,EXPIRED,3111,YES
CUST56962,Mobile Cover,EXPIRED,3826,YES
CUST32611,Mobile Cover,EXPIRED,4797,NO
CUST32611,Charger,ACTIVE,4643,NO
CUST32611,Power Bank,ACTIVE,2594,YES
CUST32611,Mobile Cover,EXPIRED,3675,NO
CUST32611,Bluetooth Speaker,ACTIVE,3807,YES
CUST40140,Memory Card,ACTIVE,1654,YES
CUST40140,Charger,PENDING,4317,YES
CUST40140,USB Cable,PENDING,1256,NO
CUST40140,Mobile Cover,PENDING,676,YES
CUST40140,Power Bank,PENDING,3610,NO
CUST84207,Bluetooth Speaker,EXPIRED,3042,NO
CUST84207,Earphones,PENDING,1146,NO
CUST84207,Phone Stand,ACTIVE,2598,NO
CUST84207,Screen Guard,PENDING,4923,NO
CUST84207,Power Bank,EXPIRED,544,NO
CUST84207,Smart Watch,PENDING,1361,NO
CUST89823,Smart Watch,PENDING,4657,YES
CUST89823,Smart Watch,EXPIRED,3185,NO
CUST89823,Charger,PENDING,1548,NO
CUST89823,Mobile Cover,PENDING,1680,YES
CUST89823,Memory Card,ACTIVE,4546,NO
CUST89823,Memory Card,PENDING,482,NO
CUST89823,Phone Stand,ACTIVE,1447,NO
CUST89823,Bluetooth Speaker,ACTIVE,2959,NO
CUST89823,Charger,ACTIVE,3439,YES
CUST89823,Screen Guard,EXPIRED,615,YES
CUST89823,Charger,EXPIRED,3538,YES
CUST89823,Earphones,ACTIVE,2339,NO
CUST89823,Phone Stand,ACTIVE,2347,YES
CUST63101,Screen Guard,EXPIRED,1540,NO
CUST63101,Phone Stand,ACTIVE,2076,NO
CUST63101,Smart Watch,ACTIVE,3871,YES
CUST63101,Bluetooth Speaker,PENDING,3476,NO
CUST63101,USB Cable,ACTIVE,4653,YES
CUST62959,Earphones,ACTIVE,644,NO
CUST62959,Earphones,ACTIVE,2148,NO
CUST62959,Memory Card,ACTIVE,2950,YES
CUST62959,Charger,EXPIRED,131,YES
CUST62959,USB Cable,ACTIVE,510,NO
CUST62959,Memory Card,PENDING,3821,YES
CUST62959,Phone Stand,PENDING,308,YES
CUST62959,Memory Card,ACTIVE,3610,NO
CUST62959,Memory Card,PENDING,754,YES
CUST58319,Bluetooth Speaker,PENDING,2091,YES
CUST58319,USB Cable,ACTIVE,4592,YES
CUST58319,USB Cable,EXPIRED,2955,NO
CUST58319,Smart Watch,ACTIVE,2237,NO
CUST58319,USB Cable,PENDING,939,YES
CUST58319,Smart Watch,ACTIVE,4710,NO
CUST58319,Charger,ACTIVE,4497,YES
CUST13988,Charger,ACTIVE,4291,YES
CUST13988,Mobile Cover,EXPIRED,4259,YES
CUST13988,USB Cable,PENDING,168,YES
CUST13988,Bluetooth Speaker,ACTIVE,1624,YES
CUST13988,Memory Card,PENDING,3682,NO
CUST13988,Earphones,ACTIVE,3241,NO
CUST13988,Memory Card,ACTIVE,1250,YES
CUST13988,Earphones,ACTIVE,4775,NO
CUST13988,Earphones,PENDING,3401,YES
CUST41096,Memory Card,EXPIRED,1610,YES
CUST41096,Memory Card,EXPIRED,702,NO
CUST41096,Memory Card,ACTIVE,2439,NO
CUST41096,Power Bank,ACTIVE,309,NO
CUST41096,Power Bank,EXPIRED,4017,YES
CUST41096,Smart Watch,EXPIRED,3124,YES
CUST41096,Screen Guard,EXPIRED,1854,NO
CUST41096,Screen Guard,ACTIVE,1801,NO
CUST41096,USB Cable,EXPIRED,199,YES
CUST41096,Memory Card,ACTIVE,2631,NO
CUST41096,Mobile Cover,EXPIRED,4243,YES
CUST41096,Phone Stand,PENDING,4174,NO
CUST32097,Memory Card,EXPIRED,4712,NO
CUST32097,Memory Card,EXPIRED,4405,YES
CUST32097,Bluetooth Speaker,PENDING,2772,YES
CUST32097,Mobile Cover,ACTIVE,2748,YES
CUST32097,Mobile Cover,EXPIRED,3998,NO
CUST32097,Phone Stand,PENDING,3543,NO
CUST32097,Bluetooth Speaker,PENDING,4621,YES
CUST32097,Memory Card,EXPIRED,4409,YES
CUST32097,Mobile Cover,EXPIRED,1825,NO
CUST32097,Power Bank,ACTIVE,3271,NO
CUST32097,Smart Watch,ACTIVE,1680,YES
CUST32097,Screen Guard,PENDING,2718,YES
CUST32097,Charger,ACTIVE,1490,YES
CUST32097,Memory Card,PENDING,2750,NO
CUST32097,Phone Stand,ACTIVE,4926,NO
CUST63355,Earphones,ACTIVE,310,YES
CUST63355,Power Bank,ACTIVE,1693,NO
CUST63355,USB Cable,PENDING,206,NO
CUST63355,Mobile Cover,PENDING,2935,YES
CUST63355,Bluetooth Speaker,ACTIVE,3619,YES
CUST63355,Earphones,PENDING,3423,YES
CUST63355,Mobile Cover,EXPIRED,2353,NO
CUST63355,Screen Guard,EXPIRED,649,YES
CUST99051,Phone Stand,ACTIVE,833,NO
CUST99051,Smart Watch,PENDING,1043,YES
CUST99051,Charger,PENDING,3161,NO
CUST99051,Charger,EXPIRED,3592,YES
CUST99051,Earphones,ACTIVE,294,YES
CUST99051,Power Bank,EXPIRED,4860,YES
CUST99051,Screen Guard,PENDING,4223,YES
CUST99051,Smart Watch,PENDING,450,NO
CUST99051,Power Bank,EXPIRED,1507,YES
CUST99051,Screen Guard,ACTIVE,1036,YES
CUST99051,Phone Stand,PENDING,1161,YES
CUST99051,Screen Guard,PENDING,762,NO
CUST99051,Charger,EXPIRED,2466,NO
CUST97577,Screen Guard,PENDING,1973,NO
CUST97577,USB Cable,PENDING,4793,NO
CUST97577,Memory Card,PENDING,1546,YES
CUST97577,Charger,ACTIVE,2080,YES
CUST97577,Smart Watch,EXPIRED,2246,NO
CUST97577,USB Cable,EXPIRED,1055,YES
CUST97577,Screen Guard,ACTIVE,1483,NO
CUST97577,Charger,EXPIRED,3540,NO
CUST97577,Charger,EXPIRED,460,NO
CUST97577,USB Cable,EXPIRED,3506,NO
CUST97577,Memory Card,EXPIRED,495,NO
CUST79669,Mobile Cover,PENDING,2995,NO
CUST79669,USB Cable,EXPIRED,4959,YES
CUST79669,Smart Watch,ACTIVE,971,YES
CUST79669,USB Cable,PENDING,3912,YES
CUST79669,Smart Watch,PENDING,2531,NO
CUST21310,Bluetooth Speaker,EXPIRED,3212,YES
CUST21310,Mobile Cover,PENDING,1204,NO
CUST21310,Charger,EXPIRED,3230,NO
CUST21310,Memory Card,EXPIRED,4329,YES
CUST21310,Phone Stand,EXPIRED,2856,NO
CUST21310,Charger,EXPIRED,3206,YES
CUST21310,Screen Guard,EXPIRED,2479,NO
CUST21310,Earphones,ACTIVE,4552,NO
CUST21310,Power Bank,EXPIRED,539,YES
CUST21310,Screen Guard,ACTIVE,2845,NO
CUST21310,Phone Stand,PENDING,340,YES
CUST21310,Memory Card,PENDING,2091,YES
CUST42432,Earphones,PENDING,2730,NO
CUST42432,Memory Card,ACTIVE,3944,NO
CUST42432,Power Bank,ACTIVE,2482,YES
CUST42432,Earphones,EXPIRED,4406,YES
CUST42432,USB Cable,PENDING,3994,NO
CUST42432,Bluetooth Speaker,EXPIRED,458,NO
CUST42432,USB Cable,PENDING,3224,NO
CUST42432,USB Cable,EXPIRED,3053,YES
CUST42432,Memory Card,EXPIRED,116,YES
CUST42432,Earphones,ACTIVE,3037,YES
CUST42432,Mobile Cover,EXPIRED,4923,YES
CUST42432,USB Cable,ACTIVE,2997,NO
CUST50994,Charger,ACTIVE,4179,NO
CUST50994,USB Cable,PENDING,1382,NO
CUST50994,Bluetooth Speaker,PENDING,1116,YES
CUST50994,Mobile Cover,ACTIVE,359,NO
CUST50994,USB Cable,ACTIVE,4593,NO
CUST50994,Smart Watch,ACTIVE,4971,YES
CUST19105,USB Cable,ACTIVE,1243,NO
CUST19105,USB Cable,EXPIRED,4269,YES
CUST19105,Mobile Cover,EXPIRED,3075,YES
CUST19105,Earphones,ACTIVE,1733,NO
CUST19105,Earphones,EXPIRED,369,YES
CUST19105,Earphones,EXPIRED,1090,YES
CUST19105,USB Cable,ACTIVE,2884,YES
CUST59070,Earphones,EXPIRED,4115,YES
CUST59070,Phone Stand,PENDING,1102,YES
CUST59070,Screen Guard,EXPIRED,1988,NO
CUST59070,Earphones,PENDING,1199,YES
CUST59070,Memory Card,PENDING,1033,NO
CUST59070,Phone Stand,PENDING,1098,YES
CUST59070,Charger,PENDING,2892,YES
CUST59070,USB Cable,ACTIVE,3193,YES
CUST59070,Power Bank,EXPIRED,133,YES
CUST59070,Phone Stand,PENDING,1460,NO
CUST59070,Screen Guard,EXPIRED,4740,YES
CUST59070,USB Cable,ACTIVE,2780,NO
CUST59070,Phone Stand,EXPIRED,1286,YES
CUST59070,Phone Stand,ACTIVE,961,YES
CUST41974,Memory Card,EXPIRED,4995,YES
CUST41974,Memory Card,ACTIVE,2702,NO
CUST41974,Charger,ACTIVE,2621,NO
CUST41974,Bluetooth Speaker,EXPIRED,834,YES
CUST41974,Screen Guard,EXPIRED,2205,NO
CUST41974,Screen Guard,PENDING,433,NO
CUST41974,Charger,ACTIVE,3874,YES
CUST41974,Power Bank,ACTIVE,2843,NO
CUST93794,Bluetooth Speaker,PENDING,1176,NO
CUST93794,Smart Watch,EXPIRED,3894,NO
CUST93794,Smart Watch,EXPIRED,2431,NO
CUST93794,USB Cable,EXPIRED,3176,NO
CUST93794,Screen Guard,ACTIVE,4765,NO
CUST93794,USB Cable,EXPIRED,4003,YES
CUST93794,USB Cable,EXPIRED,118,NO
CUST93794,Power Bank,ACTIVE,1500,NO
CUST93794,Memory Card,EXPIRED,2553,NO
CUST93794,Smart Watch,EXPIRED,1204,NO
CUST93794,Smart Watch,EXPIRED,1742,NO
CUST49165,Mobile Cover,PENDING,1279,YES
CUST49165,Phone Stand,EXPIRED,3534,NO
CUST49165,Screen Guard,ACTIVE,3356,NO
CUST49165,Earphones,PENDING,1406,NO
CUST49165,Screen Guard,PENDING,1877,YES
CUST49165,Smart Watch,EXPIRED,4498,YES
CUST49165,Bluetooth Speaker,PENDING,721,NO
CUST49165,Smart Watch,ACTIVE,433,NO
CUST49165,Bluetooth Speaker,EXPIRED,4688,NO
CUST49165,Phone Stand,ACTIVE,2310,YES
CUST49165,Mobile Cover,PENDING,2018,NO
CUST49165,Earphones,ACTIVE,2754,NO
CUST45528,Bluetooth Speaker,EXPIRED,1423,NO
CUST45528,Smart Watch,EXPIRED,4060,YES
CUST45528,USB Cable,ACTIVE,2019,YES
CUST45528,Earphones,PENDING,1691,YES
CUST45528,Mobile Cover,PENDING,620,NO
CUST45528,Mobile Cover,PENDING,2705,NO
CUST45528,Phone Stand,EXPIRED,3091,YES
CUST45528,Memory Card,EXPIRED,3946,YES
CUST45528,Smart Watch,EXPIRED,4897,NO
CUST49712,Mobile Cover,EXPIRED,193,YES
CUST49712,Phone Stand,ACTIVE,602,YES
CUST49712,Memory Card,EXPIRED,4959,NO
CUST49712,Bluetooth Speaker,EXPIRED,343,NO
CUST49712,Charger,EXPIRED,2442,YES
CUST49712,Power Bank,PENDING,3786,YES
CUST49712,Power Bank,PENDING,2953,YES
CUST49712,Screen Guard,ACTIVE,464,NO
CUST49712,Screen Guard,EXPIRED,1489,NO
CUST49712,USB Cable,ACTIVE,553,NO
CUST49712,Mobile Cover,PENDING,733,YES
CUST49712,Smart Watch,EXPIRED,3870,YES
CUST49712,Memory Card,ACTIVE,864,NO
CUST49712,Mobile Cover,PENDING,4140,YES
CUST49712,Bluetooth Speaker,EXPIRED,4932,YES
CUST65027,Bluetooth Speaker,PENDING,3444,YES
CUST65027,Memory Card,PENDING,285,YES
CUST65027,USB Cable,PENDING,4602,YES
CUST65027,Bluetooth Speaker,PENDING,1012,NO
CUST65027,Screen Guard,ACTIVE,2444,NO
CUST65027,Screen Guard,PENDING,4954,NO
CUST65027,Power Bank,ACTIVE,1502,YES
CUST65027,Screen Guard,ACTIVE,4827,NO
CUST65027,Phone Stand,EXPIRED,2170,NO
CUST65027,Bluetooth Speaker,ACTIVE,2244,NO
CUST65027,Mobile Cover,PENDING,4809,YES
CUST65027,Bluetooth Speaker,PENDING,3070,NO
CUST65027,Bluetooth Speaker,EXPIRED,4708,NO
CUST65027,Memory Card,ACTIVE,2263,NO
CUST65027,Earphones,PENDING,1211,YES
CUST57400,Memory Card,PENDING,2840,YES
CUST57400,Earphones,ACTIVE,257,YES
CUST57400,Screen Guard,EXPIRED,493,YES
CUST57400,Mobile Cover,PENDING,4836,NO
CUST57400,Power Bank,PENDING,260,NO
CUST57400,Screen Guard,PENDING,2585,NO
CUST57400,Screen Guard,PENDING,1719,NO
CUST57400,Mobile Cover,EXPIRED,4499,NO
CUST57400,Earphones,ACTIVE,2331,YES
CUST57400,Smart Watch,ACTIVE,3530,YES
CUST95135,Screen Guard,ACTIVE,3665,NO
CUST95135,Power Bank,EXPIRED,311,NO
CUST95135,USB Cable,ACTIVE,611,NO
CUST95135,Memory Card,PENDING,3298,YES
CUST95135,Earphones,EXPIRED,4916,YES
CUST95135,Power Bank,ACTIVE,1098,YES
CUST95135,Charger,PENDING,1900,NO
CUST95135,Phone Stand,PENDING,3185,YES
CUST95135,Memory Card,EXPIRED,386,YES
CUST95135,Earphones,PENDING,352,NO
CUST95135,Smart Watch,EXPIRED,1357,YES
CUST95135,Charger,EXPIRED,2553,YES
CUST95135,Charger,ACTIVE,3731,NO
CUST31170,Memory Card,PENDING,4565,NO
CUST31170,Charger,PENDING,2912,NO
CUST31170,Charger,PENDING,3879,YES
CUST31170,Smart Watch,PENDING,1188,NO
CUST31170,Memory Card,EXPIRED,2554,YES
CUST31170,Smart Watch,ACTIVE,3501,YES
CUST31170,USB Cable,ACTIVE,4861,YES
CUST31170,Power Bank,ACTIVE,4997,NO
CUST31170,Mobile Cover,EXPIRED,233,YES
CUST31170,Memory Card,EXPIRED,1336,NO
CUST93518,Memory Card,PENDING,3319,NO
CUST93518,Mobile Cover,EXPIRED,2323,NO
CUST93518,Charger,EXPIRED,737,YES
CUST93518,Phone Stand,PENDING,4358,YES
CUST93518,Earphones,ACTIVE,3899,NO
CUST93518,Power Bank,EXPIRED,3932,YES
CUST93518,Earphones,ACTIVE,3291,YES
CUST93518,Phone Stand,PENDING,3526,NO
CUST93518,Power Bank,ACTIVE,2311,YES
CUST93518,Phone Stand,ACTIVE,2535,YES
CUST17715,Mobile Cover,ACTIVE,1870,NO
CUST17715,Mobile Cover,PENDING,3708,YES
CUST17715,Mobile Cover,EXPIRED,200,NO
CUST17715,Earphones,EXPIRED,4646,NO
CUST17715,Earphones,EXPIRED,3406,NO
CUST17715,Charger,ACTIVE,1737,YES
CUST17715,USB Cable,EXPIRED,2510,NO
CUST19736,USB Cable,ACTIVE,2742,NO
CUST19736,Charger,PENDING,2399,NO
CUST19736,Mobile Cover,ACTIVE,2643,NO
CUST19736,Earphones,ACTIVE,1615,YES
CUST19736,Mobile Cover,ACTIVE,3333,NO
CUST19736,Screen Guard,EXPIRED,3177,NO
CUST19736,Smart Watch,ACTIVE,2206,NO
CUST19736,Earphones,ACTIVE,1899,NO
CUST19736,Phone Stand,PENDING,1106,YES
CUST19736,Phone Stand,PENDING,3698,YES
CUST19736,Memory Card,PENDING,4631,NO
CUST19736,Memory Card,ACTIVE,3939,NO
CUST19736,Mobile Cover,EXPIRED,342,NO
CUST63149,Bluetooth Speaker,EXPIRED,4479,YES
CUST63149,Smart Watch,EXPIRED,625,NO
CUST63149,Screen Guard,PENDING,4009,NO
CUST63149,Screen Guard,ACTIVE,3125,NO
CUST63149,Memory Card,ACTIVE,3473,YES
CUST63149,Power Bank,ACTIVE,744,YES
CUST63149,Charger,PENDING,2930,YES
CUST63149,Power Bank,ACTIVE,3821,YES
CUST63149,Smart Watch,EXPIRED,1862,NO
CUST36470,Earphones,EXPIRED,260,NO
CUST36470,Smart Watch,PENDING,2932,YES
CUST36470,Memory Card,PENDING,3216,YES
CUST36470,Memory Card,ACTIVE,347,NO
CUST36470,Screen Guard,EXPIRED,1669,NO
CUST36470,Charger,EXPIRED,2880,NO
CUST36470,Phone Stand,ACTIVE,3031,YES
CUST36470,Earphones,PENDING,3891,NO
CUST36470,Earphones,ACTIVE,4968,YES
CUST36470,Phone Stand,EXPIRED,3776,NO
CUST36470,Power Bank,EXPIRED,2419,NO
CUST53157,Earphones,PENDING,3320,NO
CUST53157,USB Cable,EXPIRED,1461,NO
CUST53157,Mobile Cover,ACTIVE,3230,YES
CUST53157,Mobile Cover,ACTIVE,3137,YES
CUST53157,Memory Card,ACTIVE,4783,YES
CUST53157,Screen Guard,PENDING,288,NO
CUST53157,Power Bank,PENDING,969,NO
CUST53157,Bluetooth Speaker,ACTIVE,899,YES
CUST53157,Power Bank,EXPIRED,4970,NO
CUST53157,Memory Card,EXPIRED,843,YES
CUST53157,Phone Stand,ACTIVE,4622,YES
CUST53157,Bluetooth Speaker,ACTIVE,3502,NO
CUST53157,Power Bank,ACTIVE,4375,YES
CUST53157,Phone Stand,EXPIRED,2184,YES
CUST53157,Memory Card,PENDING,1650,YES
CUST90110,Mobile Cover,EXPIRED,2929,YES
CUST90110,Charger,PENDING,2419,YES
CUST90110,Memory Card,EXPIRED,1985,YES
CUST90110,Memory Card,PENDING,2742,NO
CUST90110,Screen Guard,EXPIRED,1692,NO
CUST90110,Mobile Cover,ACTIVE,3369,YES
CUST90110,Charger,PENDING,613,NO
CUST90110,Earphones,EXPIRED,1346,YES
CUST90110,Mobile Cover,EXPIRED,1721,YES
CUST90110,USB Cable,PENDING,2991,NO
CUST90110,Earphones,PENDING,2919,NO
CUST90110,Memory Card,EXPIRED,1389,NO
CUST90110,Memory Card,PENDING,758,NO
CUST18303,Power Bank,PENDING,2106,NO
CUST18303,USB Cable,EXPIRED,2463,YES
CUST18303,Memory Card,PENDING,1531,YES
CUST18303,Bluetooth Speaker,EXPIRED,2691,NO
CUST18303,Screen Guard,PENDING,2631,YES
CUST18303,Power Bank,ACTIVE,2119,NO
CUST18303,Bluetooth Speaker,PENDING,4289,NO
CUST18303,USB Cable,ACTIVE,879,YES
CUST18303,Screen Guard,EXPIRED,255,NO
CUST18303,Screen Guard,EXPIRED,1602,NO
CUST18303,Smart Watch,EXPIRED,4257,YES
CUST18303,Memory Card,PENDING,161,YES
CUST18303,Bluetooth Speaker,ACTIVE,2007,YES
CUST18303,Memory Card,EXPIRED,2920,NO
CUST66689,Phone Stand,EXPIRED,3775,YES
CUST66689,Screen Guard,EXPIRED,2540,NO
CUST66689,USB Cable,EXPIRED,730,NO
CUST66689,Smart Watch,ACTIVE,770,NO
CUST66689,Mobile Cover,PENDING,4125,NO
CUST66689,Mobile Cover,EXPIRED,558,YES
CUST66689,Charger,PENDING,3608,NO
CUST85456,Smart Watch,PENDING,4680,NO
CUST85456,USB Cable,ACTIVE,4342,YES
CUST85456,Power Bank,EXPIRED,4077,YES
CUST85456,Screen Guard,ACTIVE,1903,NO
CUST85456,Charger,PENDING,1752,NO
CUST85456,Earphones,EXPIRED,4631,NO
CUST85456,Earphones,ACTIVE,4506,YES
CUST85456,Smart Watch,ACTIVE,3854,YES
CUST85456,Charger,PENDING,620,NO
CUST85456,Charger,EXPIRED,2869,YES
CUST85456,Phone Stand,PENDING,367,YES
CUST85456,Mobile Cover,ACTIVE,3671,YES
CUST85456,USB Cable,PENDING,318,YES
CUST56104,Charger,ACTIVE,4699,YES
CUST56104,Phone Stand,ACTIVE,367,NO
CUST56104,Smart Watch,ACTIVE,3663,NO
CUST56104,Memory Card,ACTIVE,3438,YES
CUST56104,Memory Card,PENDING,3487,YES
CUST56104,Bluetooth Speaker,PENDING,2678,YES
CUST56104,USB Cable,ACTIVE,374,YES
CUST56104,Phone Stand,PENDING,1480,YES
CUST56104,Bluetooth Speaker,EXPIRED,2736,YES
CUST56104,Earphones,ACTIVE,4606,YES
CUST56104,Phone Stand,EXPIRED,4245,YES
CUST56104,Smart Watch,ACTIVE,3437,YES
CUST56104,USB Cable,EXPIRED,156,YES
CUST64563,Phone Stand,PENDING,1181,NO
CUST64563,Mobile Cover,ACTIVE,3254,NO
CUST64563,Charger,PENDING,2846,NO
CUST64563,Earphones,PENDING,4769,NO
CUST64563,USB Cable,EXPIRED,2581,NO
CUST20524,Smart Watch,PENDING,597,NO
CUST20524,Charger,PENDING,1890,NO
CUST20524,Power Bank,PENDING,2145,YES
CUST20524,Bluetooth Speaker,PENDING,1930,NO
CUST20524,Phone Stand,ACTIVE,901,NO
CUST20524,Mobile Cover,EXPIRED,109,YES
CUST20524,Power Bank,ACTIVE,4502,NO
CUST20524,Power Bank,EXPIRED,121,NO
CUST20524,Memory Card,PENDING,121,YES
CUST20524,Charger,ACTIVE,1578,NO
CUST20524,USB Cable,PENDING,2147,NO
CUST20524,Bluetooth Speaker,EXPIRED,2024,YES
CUST20524,Bluetooth Speaker,ACTIVE,1704,NO
CUST80776,Mobile Cover,ACTIVE,2536,NO
CUST80776,Smart Watch,ACTIVE,2623,NO
CUST80776,Phone Stand,ACTIVE,3784,NO
CUST80776,Bluetooth Speaker,ACTIVE,4290,YES
CUST80776,Charger,EXPIRED,4461,NO
CUST80776,Screen Guard,EXPIRED,4610,NO
CUST80776,USB Cable,ACTIVE,4213,NO
CUST80776,Bluetooth Speaker,EXPIRED,3830,YES
CUST80776,Memory Card,PENDING,2258,NO
CUST80776,Charger,ACTIVE,3267,YES
CUST80776,Phone Stand,EXPIRED,2586,YES
CUST32443,Earphones,ACTIVE,3939,YES
CUST32443,Earphones,EXPIRED,4972,NO
CUST32443,Earphones,PENDING,4439,YES
CUST32443,Smart Watch,EXPIRED,3113,NO
CUST32443,Charger,PENDING,3891,NO
CUST32443,Earphones,PENDING,4393,YES
CUST32443,Bluetooth Speaker,ACTIVE,2001,NO
CUST32443,USB Cable,ACTIVE,253,YES
CUST32443,Power Bank,PENDING,2292,YES
CUST32443,USB Cable,PENDING,927,NO
CUST32443,Power Bank,EXPIRED,4392,NO
CUST29141,Power Bank,EXPIRED,2395,NO
CUST29141,Mobile Cover,ACTIVE,1445,YES
CUST29141,Screen Guard,ACTIVE,4744,NO
CUST29141,USB Cable,PENDING,694,YES
CUST29141,Phone Stand,PENDING,4467,NO
CUST53329,Smart Watch,PENDING,580,YES
CUST53329,Bluetooth Speaker,PENDING,4229,YES
CUST53329,Phone Stand,PENDING,1931,NO
CUST53329,USB Cable,ACTIVE,3712,NO
CUST53329,Mobile Cover,PENDING,698,NO
CUST53329,Smart Watch,ACTIVE,475,YES
CUST53329,Phone Stand,ACTIVE,2119,NO
CUST53329,USB Cable,ACTIVE,1842,YES
CUST53329,Phone Stand,PENDING,2367,YES
CUST53329,Power Bank,EXPIRED,1893,YES
CUST53329,Power Bank,EXPIRED,1398,NO
CUST53329,Smart Watch,EXPIRED,1567,YES
CUST12043,USB Cable,EXPIRED,4249,NO
CUST12043,Screen Guard,ACTIVE,900,NO
CUST12043,Smart Watch,PENDING,4359,YES
CUST12043,Charger,PENDING,2409,YES
CUST12043,Phone Stand,EXPIRED,2073,NO
CUST12043,Mobile Cover,PENDING,3487,NO
CUST12043,Bluetooth Speaker,ACTIVE,4225,NO
CUST12043,Bluetooth Speaker,ACTIVE,1328,YES
CUST69017,Power Bank,EXPIRED,543,NO
CUST69017,Smart Watch,PENDING,700,NO
CUST69017,Bluetooth Speaker,PENDING,509,YES
CUST69017,Phone Stand,EXPIRED,2354,NO
CUST69017,Mobile Cover,PENDING,4435,NO
CUST70791,Bluetooth Speaker,PENDING,2370,NO
CUST70791,USB Cable,ACTIVE,367,YES
CUST70791,Memory Card,EXPIRED,878,YES
CUST70791,Mobile Cover,PENDING,1243,YES
CUST70791,USB Cable,ACTIVE,866,NO
CUST70791,Memory Card,ACTIVE,4198,NO
CUST70791,Bluetooth Speaker,PENDING,3702,NO
CUST70791,Bluetooth Speaker,EXPIRED,3881,NO
CUST77704,Mobile Cover,EXPIRED,153,YES
CUST77704,Mobile Cover,ACTIVE,1955,YES
CUST77704,Phone Stand,EXPIRED,1741,NO
CUST77704,Charger,PENDING,4537,YES
CUST77704,Memory Card,ACTIVE,3671,NO
CUST41569,USB Cable,PENDING,2903,YES
CUST41569,Memory Card,EXPIRED,4592,NO
CUST41569,USB Cable,PENDING,1857,NO
CUST41569,Power Bank,EXPIRED,1745,NO
CUST41569,Phone Stand,PENDING,3505,NO
CUST41569,Power Bank,PENDING,3106,NO
CUST41569,Power Bank,PENDING,2969,NO
CUST41569,USB Cable,ACTIVE,632,YES
CUST60304,Phone Stand,EXPIRED,1322,NO
CUST60304,Screen Guard,PENDING,758,YES
CUST60304,Earphones,EXPIRED,3109,YES
CUST60304,Screen Guard,PENDING,3839,NO
CUST60304,USB Cable,ACTIVE,4315,YES
CUST60304,Power Bank,ACTIVE,4739,NO
CUST60304,Mobile Cover,EXPIRED,4478,YES
CUST60304,Screen Guard,EXPIRED,1431,NO
CUST60304,USB Cable,EXPIRED,799,YES
CUST60304,Memory Card,EXPIRED,1048,NO
CUST60304,Smart Watch,EXPIRED,4633,YES
CUST60304,Charger,ACTIVE,944,YES
CUST60304,Power Bank,PENDING,3921,YES
CUST60304,Mobile Cover,ACTIVE,3579,YES
CUST60304,Charger,ACTIVE,3763,NO
CUST79117,Phone Stand,EXPIRED,3844,NO
CUST79117,Power Bank,EXPIRED,1963,YES
CUST79117,Smart Watch,ACTIVE,1203,YES
CUST79117,Bluetooth Speaker,EXPIRED,2786,YES
CUST79117,Phone Stand,EXPIRED,509,NO
CUST57399,Phone Stand,PENDING,2422,NO
CUST57399,Memory Card,PENDING,2211,YES
CUST57399,Memory Card,ACTIVE,4634,YES
CUST57399,Screen Guard,ACTIVE,4611,YES
CUST57399,Power Bank,EXPIRED,3349,NO
CUST57399,Smart Watch,EXPIRED,1624,NO
CUST57399,Charger,EXPIRED,2368,NO
CUST57399,Earphones,ACTIVE,1972,NO
CUST57399,Screen Guard,PENDING,2214,YES
CUST57399,Smart Watch,ACTIVE,897,YES
CUST57399,Power Bank,ACTIVE,4655,NO
CUST57399,Memory Card,EXPIRED,2590,YES
CUST57399,Mobile Cover,ACTIVE,1758,YES
CUST57399,Bluetooth Speaker,PENDING,3723,NO
CUST25187,Power Bank,ACTIVE,1177,NO
CUST25187,Charger,PENDING,4249,NO
CUST25187,Screen Guard,PENDING,845,YES
CUST25187,Power Bank,EXPIRED,586,NO
CUST25187,Bluetooth Speaker,ACTIVE,991,YES
CUST25187,Mobile Cover,EXPIRED,1106,NO
CUST25187,Power Bank,ACTIVE,1169,YES
CUST69974,Earphones,PENDING,3348,NO
CUST69974,Mobile Cover,PENDING,2398,NO
CUST69974,Screen Guard,PENDING,746,NO
CUST69974,Phone Stand,ACTIVE,2839,NO
CUST69974,Bluetooth Speaker,EXPIRED,3505,YES
CUST69974,Phone Stand,PENDING,2026,YES
CUST86938,Smart Watch,EXPIRED,2902,YES
CUST86938,Earphones,PENDING,3196,NO
CUST86938,USB Cable,PENDING,3346,NO
CUST86938,USB Cable,EXPIRED,4855,YES
CUST86938,Smart Watch,EXPIRED,4603,NO
CUST86938,Charger,EXPIRED,3973,NO
CUST86938,Smart Watch,EXPIRED,4922,YES
CUST86938,USB Cable,PENDING,2881,NO
CUST86938,Memory Card,PENDING,125,YES
CUST86938,USB Cable,ACTIVE,2133,NO
CUST39051,Memory Card,PENDING,2362,NO
CUST39051,Smart Watch,ACTIVE,4054,YES
CUST39051,Screen Guard,PENDING,398,NO
CUST39051,Mobile Cover,PENDING,1709,YES
CUST39051,Screen Guard,ACTIVE,3937,YES
CUST39051,USB Cable,EXPIRED,3995,NO
CUST39051,Earphones,PENDING,3999,YES
CUST39051,Power Bank,PENDING,751,NO
CUST39051,Screen Guard,EXPIRED,1768,NO
CUST39051,Power Bank,ACTIVE,1453,YES
CUST39051,Charger,PENDING,1177,NO
CUST49480,Earphones,ACTIVE,3955,NO
CUST49480,Power Bank,PENDING,1780,YES
CUST49480,Smart Watch,EXPIRED,1173,YES
CUST49480,Memory Card,EXPIRED,4267,NO
CUST49480,Memory Card,ACTIVE,2895,YES
CUST49480,Memory Card,ACTIVE,173,NO
CUST49480,Screen Guard,PENDING,3465,NO
CUST49480,Smart Watch,EXPIRED,1499,NO
CUST49480,Bluetooth Speaker,PENDING,3175,NO
CUST26872,Charger,EXPIRED,4056,NO
CUST26872,Mobile Cover,PENDING,807,NO
CUST26872,Bluetooth Speaker,PENDING,1320,YES
CUST26872,Screen Guard,PENDING,113,NO
CUST26872,Power Bank,ACTIVE,4132,YES
CUST26872,Memory Card,ACTIVE,3489,NO
CUST26872,Memory Card,EXPIRED,3043,NO
CUST26872,USB Cable,ACTIVE,595,YES
CUST26872,Memory Card,EXPIRED,4853,YES
CUST26872,Earphones,EXPIRED,1003,YES
CUST26872,Memory Card,ACTIVE,851,YES
CUST26872,Bluetooth Speaker,PENDING,3497,YES
CUST26872,Memory Card,PENDING,1627,NO
CUST26067,USB Cable,EXPIRED,3982,NO
CUST26067,Phone Stand,PENDING,2586,YES
CUST26067,Earphones,EXPIRED,1083,NO
CUST26067,USB Cable,EXPIRED,4064,NO
CUST26067,Memory Card,EXPIRED,4261,YES
CUST26067,Charger,EXPIRED,2861,YES
CUST26067,Phone Stand,EXPIRED,4630,NO
CUST26067,Screen Guard,ACTIVE,4301,NO
CUST71646,Charger,PENDING,2426,NO
CUST71646,Smart Watch,PENDING,3312,YES
CUST71646,Mobile Cover,PENDING,714,NO
CUST71646,Charger,PENDING,3442,YES
CUST71646,Smart Watch,PENDING,598,YES
CUST71646,Smart Watch,PENDING,4398,YES
CUST71646,Charger,ACTIVE,3057,YES
CUST88858,USB Cable,PENDING,4559,NO
CUST88858,USB Cable,EXPIRED,3388,NO
CUST88858,USB Cable,ACTIVE,2741,YES
CUST88858,Earphones,ACTIVE,3309,NO
CUST88858,Screen Guard,PENDING,3113,YES
CUST88858,Screen Guard,EXPIRED,445,NO
CUST88858,Smart Watch,EXPIRED,4543,YES
CUST88858,Smart Watch,ACTIVE,4916,YES
CUST88858,Phone Stand,PENDING,1340,YES
CUST88858,Phone Stand,PENDING,3859,YES
CUST88858,Power Bank,PENDING,3174,NO
CUST88858,Memory Card,PENDING,1986,YES
CUST32142,Bluetooth Speaker,EXPIRED,475,YES
CUST32142,Memory Card,PENDING,4384,NO
CUST32142,Earphones,PENDING,1976,YES
CUST32142,Screen Guard,EXPIRED,1628,YES
CUST32142,Phone Stand,ACTIVE,1105,NO
CUST32142,Mobile Cover,EXPIRED,1376,YES
CUST32142,Mobile Cover,PENDING,2513,YES
CUST32142,Smart Watch,EXPIRED,2521,YES
CUST32142,Phone Stand,ACTIVE,4490,YES
CUST32142,Charger,EXPIRED,4510,YES
CUST30205,Earphones,PENDING,999,NO
CUST30205,Screen Guard,ACTIVE,732,YES
CUST30205,Screen Guard,PENDING,1681,NO
CUST30205,USB Cable,EXPIRED,3277,YES
CUST30205,Bluetooth Speaker,PENDING,198,NO
CUST30205,Memory Card,ACTIVE,806,YES
CUST30205,Smart Watch,EXPIRED,264,YES
CUST30205,Memory Card,EXPIRED,3474,NO
CUST30205,Screen Guard,PENDING,1774,NO
CUST30205,Screen Guard,PENDING,578,NO
CUST30205,Charger,ACTIVE,2798,YES
CUST30205,Mobile Cover,PENDING,2737,NO
CUST30205,USB Cable,ACTIVE,4887,NO
CUST30205,Bluetooth Speaker,ACTIVE,1300,YES
CUST30205,Earphones,EXPIRED,2280,YES
CUST46998,Mobile Cover,EXPIRED,2443,YES
CUST46998,Bluetooth Speaker,EXPIRED,2102,YES
CUST46998,Earphones,EXPIRED,3325,YES
CUST46998,Phone Stand,EXPIRED,166,NO
CUST46998,Phone Stand,EXPIRED,4980,NO
CUST46998,Earphones,PENDING,3123,YES
CUST46998,Bluetooth Speaker,EXPIRED,3856,NO
CUST46998,Power Bank,PENDING,2178,NO
CUST58674,USB Cable,PENDING,809,YES
CUST58674,Screen Guard,EXPIRED,4138,NO
CUST58674,USB Cable,PENDING,3025,YES
CUST58674,Earphones,PENDING,472,NO
CUST58674,USB Cable,ACTIVE,2635,YES
CUST58674,Mobile Cover,PENDING,3824,NO
CUST58674,Mobile Cover,ACTIVE,2322,NO
CUST58674,Bluetooth Speaker,ACTIVE,792,YES
CUST58674,Phone Stand,PENDING,1815,YES
CUST58674,Bluetooth Speaker,PENDING,508,YES
CUST58674,Smart Watch,ACTIVE,877,NO
CUST95947,Smart Watch,PENDING,572,NO
CUST95947,Mobile Cover,ACTIVE,189,NO
CUST95947,Memory Card,EXPIRED,227,YES
CUST95947,Smart Watch,ACTIVE,960,NO
CUST95947,Bluetooth Speaker,PENDING,4921,YES
CUST95947,Charger,EXPIRED,1903,YES
CUST95947,Charger,ACTIVE,3945,YES
CUST95947,Earphones,EXPIRED,1449,YES
CUST95947,Phone Stand,EXPIRED,2569,NO
CUST95947,Phone Stand,ACTIVE,1700,YES
CUST95947,Charger,EXPIRED,3934,NO
CUST95947,Memory Card,EXPIRED,2825,YES
CUST95947,Power Bank,ACTIVE,2427,NO
CUST98473,Phone Stand,PENDING,3735,YES
CUST98473,Screen Guard,ACTIVE,784,YES
CUST98473,Mobile Cover,PENDING,3547,YES
CUST98473,Screen Guard,PENDING,4631,YES
CUST98473,Mobile Cover,PENDING,4266,YES
CUST98473,Earphones,PENDING,1534,NO
CUST98473,USB Cable,ACTIVE,3286,NO
CUST98473,Memory Card,ACTIVE,1225,YES
CUST98473,Memory Card,EXPIRED,4189,YES
CUST91852,USB Cable,PENDING,2193,YES
CUST91852,Phone Stand,ACTIVE,2603,YES
CUST91852,Memory Card,PENDING,2019,NO
CUST91852,Charger,PENDING,4415,YES
CUST91852,Mobile Cover,PENDING,3048,NO
CUST39705,Smart Watch,ACTIVE,1944,YES
CUST39705,Mobile Cover,PENDING,604,YES
CUST39705,USB Cable,ACTIVE,4581,YES
CUST39705,Mobile Cover,PENDING,3762,NO
CUST39705,Mobile Cover,PENDING,1593,YES
CUST39705,Charger,ACTIVE,418,YES
CUST39705,Smart Watch,EXPIRED,2691,NO
CUST39705,Bluetooth Speaker,PENDING,647,YES
CUST39705,Screen Guard,PENDING,776,YES
CUST39705,Bluetooth Speaker,ACTIVE,1671,NO
CUST39705,Mobile Cover,ACTIVE,2169,NO
CUST39705,Bluetooth Speaker,PENDING,3373,YES
CUST39705,Smart Watch,ACTIVE,2617,NO
CUST39705,Memory Card,EXPIRED,369,NO
CUST39705,USB Cable,EXPIRED,2789,NO
CUST81764,Mobile Cover,EXPIRED,3507,YES
CUST81764,Phone Stand,EXPIRED,1095,NO
CUST81764,USB Cable,PENDING,3103,YES
CUST81764,Bluetooth Speaker,ACTIVE,1677,YES
CUST81764,USB Cable,ACTIVE,2712,YES
CUST81764,USB Cable,ACTIVE,1094,NO
CUST81764,Screen Guard,ACTIVE,4649,NO
CUST81764,Earphones,PENDING,4745,YES
CUST81764,Bluetooth Speaker,EXPIRED,1060,YES
CUST81764,Charger,PENDING,2360,NO
CUST68226,Phone Stand,ACTIVE,2266,YES
CUST68226,Screen Guard,PENDING,1949,NO
CUST68226,Smart Watch,ACTIVE,4346,YES
CUST68226,Power Bank,ACTIVE,680,YES
CUST68226,Screen Guard,PENDING,3873,NO
CUST68226,Charger,ACTIVE,2758,YES
CUST68226,Screen Guard,PENDING,2195,YES
CUST68226,Earphones,PENDING,2583,YES
CUST68226,Charger,PENDING,2713,NO
CUST68226,Earphones,ACTIVE,175,YES
CUST68226,Bluetooth Speaker,ACTIVE,3008,YES
CUST46597,Bluetooth Speaker,PENDING,3327,YES
CUST46597,Mobile Cover,ACTIVE,315,YES
CUST46597,Bluetooth Speaker,PENDING,2640,NO
CUST46597,Earphones,ACTIVE,2186,NO
CUST46597,Smart Watch,EXPIRED,4049,NO
CUST46597,Charger,EXPIRED,1162,YES
CUST46597,USB Cable,ACTIVE,3240,NO
CUST46597,Charger,PENDING,3851,NO
CUST20331,Phone Stand,PENDING,1759,NO
CUST20331,Phone Stand,PENDING,4795,NO
CUST20331,Screen Guard,ACTIVE,2435,YES
CUST20331,Screen Guard,EXPIRED,938,YES
CUST20331,Smart Watch,ACTIVE,1974,YES
CUST20331,Earphones,EXPIRED,2905,NO
CUST20331,Phone Stand,EXPIRED,2777,NO
CUST20331,Screen Guard,PENDING,3296,YES
CUST20331,Phone Stand,EXPIRED,2137,NO
CUST20331,USB Cable,ACTIVE,2651,NO
CUST20331,Charger,PENDING,4935,NO
CUST20331,Mobile Cover,EXPIRED,2875,YES
CUST53870,USB Cable,PENDING,1748,YES
CUST53870,Memory Card,EXPIRED,510,NO
CUST53870,Earphones,EXPIRED,3388,NO
CUST53870,Charger,PENDING,3428,NO
CUST53870,USB Cable,PENDING,112,YES
CUST53870,Bluetooth Speaker,ACTIVE,3551,NO
CUST53870,Earphones,EXPIRED,4367,YES
CUST53870,USB Cable,PENDING,4578,YES
CUST53870,Earphones,PENDING,3487,YES
CUST92679,Mobile Cover,ACTIVE,821,YES
CUST92679,Mobile Cover,EXPIRED,2214,NO
CUST92679,Charger,EXPIRED,3726,NO
CUST92679,Charger,PENDING,2637,YES
CUST92679,Smart Watch,ACTIVE,2067,YES
CUST92679,Phone Stand,EXPIRED,4430,NO
CUST92679,USB Cable,EXPIRED,2456,NO
CUST92679,Bluetooth Speaker,PENDING,3666,NO
CUST92679,Smart Watch,ACTIVE,2921,YES
CUST92679,Earphones,ACTIVE,3561,YES
CUST92679,Bluetooth Speaker,EXPIRED,3870,NO
CUST92679,Memory Card,ACTIVE,3272,YES
CUST13850,USB Cable,ACTIVE,305,NO
CUST13850,Mobile Cover,PENDING,888,YES
CUST13850,Phone Stand,EXPIRED,3913,YES
CUST13850,Earphones,ACTIVE,3123,YES
CUST13850,Charger,EXPIRED,3745,YES
CUST13850,Bluetooth Speaker,EXPIRED,3041,NO
CUST13850,Bluetooth Speaker,ACTIVE,3456,YES
CUST13850,Power Bank,PENDING,1657,YES
CUST13850,Screen Guard,PENDING,3176,YES
CUST13850,Earphones,PENDING,3339,NO
CUST13850,Charger,EXPIRED,265,NO
CUST13850,USB Cable,EXPIRED,1093,YES
CUST13850,Bluetooth Speaker,EXPIRED,2796,NO
CUST14163,Smart Watch,EXPIRED,2191,NO
CUST14163,USB Cable,ACTIVE,2999,YES
CUST14163,Phone Stand,PENDING,946,YES
CUST14163,Earphones,EXPIRED,3566,YES
CUST14163,Earphones,EXPIRED,118,NO
CUST14163,Screen Guard,ACTIVE,569,YES
CUST14163,Power Bank,ACTIVE,3082,YES
CUST14163,USB Cable,EXPIRED,1662,NO
CUST75068,Mobile Cover,ACTIVE,1586,YES
CUST75068,USB Cable,EXPIRED,1215,YES
CUST75068,Screen Guard,EXPIRED,3380,NO
CUST75068,USB Cable,ACTIVE,634,NO
CUST75068,Bluetooth Speaker,EXPIRED,2816,NO
CUST75068,Smart Watch,ACTIVE,534,NO
CUST75068,Bluetooth Speaker,EXPIRED,1911,YES
CUST75068,Power Bank,EXPIRED,3945,NO
CUST75068,Bluetooth Speaker,ACTIVE,1402,NO
CUST75068,Memory Card,ACTIVE,4803,YES
CUST75068,Mobile Cover,PENDING,4402,NO
CUST18316,Bluetooth Speaker,EXPIRED,3494,NO
CUST18316,Screen Guard,ACTIVE,2272,YES
CUST18316,Memory Card,ACTIVE,3062,YES
CUST18316,USB Cable,EXPIRED,1563,YES
CUST18316,Bluetooth Speaker,ACTIVE,1428,YES
CUST18316,Earphones,EXPIRED,3285,YES
CUST18316,Bluetooth Speaker,EXPIRED,4833,NO
CUST18316,Mobile Cover,EXPIRED,4027,YES
CUST18316,Phone Stand,ACTIVE,4938,NO
CUST18316,Mobile Cover,ACTIVE,1220,NO
CUST18316,USB Cable,ACTIVE,3619,YES
CUST19799,USB Cable,ACTIVE,1711,YES
CUST19799,Phone Stand,PENDING,2770,NO
CUST19799,Power Bank,PENDING,2480,NO
CUST19799,Memory Card,EXPIRED,1818,YES
CUST19799,Charger,EXPIRED,4163,YES
CUST47141,Power Bank,ACTIVE,4212,NO
CUST47141,Phone Stand,PENDING,4735,YES
CUST47141,Bluetooth Speaker,ACTIVE,1795,YES
CUST47141,Bluetooth Speaker,EXPIRED,4912,NO
CUST47141,Memory Card,EXPIRED,2073,YES
CUST47141,Mobile Cover,EXPIRED,3704,NO
CUST47141,Smart Watch,EXPIRED,4377,NO
CUST47141,Earphones,PENDING,3081,NO
CUST47141,Mobile Cover,ACTIVE,3609,YES
CUST47141,USB Cable,EXPIRED,4646,YES
CUST47141,Phone Stand,PENDING,3801,NO
CUST19524,Phone Stand,PENDING,665,NO
CUST19524,Phone Stand,EXPIRED,4994,YES
CUST19524,USB Cable,ACTIVE,2800,NO
CUST19524,Phone Stand,ACTIVE,4239,NO
CUST19524,Phone Stand,ACTIVE,342,NO
CUST77974,Mobile Cover,ACTIVE,2250,YES
CUST77974,Smart Watch,ACTIVE,3957,YES
CUST77974,Earphones,EXPIRED,3825,YES
CUST77974,Memory Card,EXPIRED,1519,YES
CUST77974,Mobile Cover,ACTIVE,1127,NO
CUST77974,Earphones,EXPIRED,516,NO
CUST77974,Bluetooth Speaker,EXPIRED,2887,NO
CUST77974,Mobile Cover,PENDING,3414,YES
CUST49224,Smart Watch,PENDING,1610,YES
CUST49224,Charger,EXPIRED,302,NO
CUST49224,Phone Stand,PENDING,1918,NO
CUST49224,Earphones,PENDING,2446,YES
CUST49224,Charger,PENDING,4380,NO
CUST49224,Memory Card,EXPIRED,3720,YES
CUST49224,Bluetooth Speaker,ACTIVE,3036,YES
CUST49224,Smart Watch,PENDING,3578,YES
CUST49224,USB Cable,ACTIVE,4022,YES
CUST49224,USB Cable,ACTIVE,1148,YES
CUST49224,Earphones,ACTIVE,4283,NO
CUST49224,Earphones,EXPIRED,2912,NO
CUST49224,Earphones,EXPIRED,320,YES
CUST35222,Phone Stand,PENDING,1898,YES
CUST35222,Mobile Cover,PENDING,927,NO
CUST35222,Smart Watch,PENDING,1831,YES
CUST35222,Charger,ACTIVE,4956,YES
CUST35222,Smart Watch,PENDING,4124,YES
CUST35222,Smart Watch,ACTIVE,931,YES
CUST80329,Phone Stand,ACTIVE,3078,YES
CUST80329,Earphones,EXPIRED,4301,NO
CUST80329,Bluetooth Speaker,PENDING,1320,YES
CUST80329,USB Cable,EXPIRED,2832,NO
CUST80329,Charger,PENDING,4249,YES
CUST50038,Power Bank,ACTIVE,1743,YES
CUST50038,Charger,EXPIRED,1097,NO
CUST50038,USB Cable,EXPIRED,3085,NO
CUST50038,Charger,EXPIRED,4844,NO
CUST50038,Screen Guard,ACTIVE,404,YES
CUST50038,Bluetooth Speaker,ACTIVE,3857,YES
CUST50038,Mobile Cover,EXPIRED,2543,NO
CUST50038,Mobile Cover,PENDING,4554,YES
CUST50038,Earphones,PENDING,806,YES
CUST50038,Charger,PENDING,4459,YES
CUST50038,Earphones,PENDING,1818,YES
CUST50038,Mobile Cover,EXPIRED,1094,YES
CUST25324,Power Bank,EXPIRED,4246,YES
CUST25324,Screen Guard,PENDING,4743,YES
CUST25324,Mobile Cover,PENDING,1236,NO
CUST25324,Smart Watch,EXPIRED,3325,YES
CUST25324,Power Bank,PENDING,1039,YES
CUST25324,Mobile Cover,PENDING,1220,YES
CUST25324,Mobile Cover,PENDING,3387,YES
CUST25324,Mobile Cover,PENDING,3023,NO
CUST25324,Screen Guard,ACTIVE,4368,NO
CUST89390,Mobile Cover,ACTIVE,3418,NO
CUST89390,Smart Watch,ACTIVE,505,NO
CUST89390,Bluetooth Speaker,ACTIVE,2770,NO
CUST89390,USB Cable,PENDING,2708,YES
CUST89390,Earphones,EXPIRED,3608,YES
CUST90955,Memory Card,ACTIVE,2252,NO
CUST90955,Bluetooth Speaker,ACTIVE,2793,YES
CUST90955,Earphones,EXPIRED,1020,NO
CUST90955,Mobile Cover,EXPIRED,951,NO
CUST90955,USB Cable,ACTIVE,3421,YES
CUST90955,Bluetooth Speaker,EXPIRED,4812,YES
CUST90955,Phone Stand,PENDING,4204,YES
CUST90955,Mobile Cover,ACTIVE,403,NO
CUST90955,Mobile Cover,ACTIVE,649,NO
CUST90955,Power Bank,EXPIRED,4630,NO
CUST90955,Smart Watch,PENDING,4687,YES
CUST90955,Smart Watch,ACTIVE,4399,YES
CUST90955,Earphones,ACTIVE,3224,NO
CUST90955,Screen Guard,EXPIRED,1008,YES
CUST90955,Charger,EXPIRED,808,YES
CUST65722,Smart Watch,ACTIVE,1354,NO
CUST65722,Bluetooth Speaker,PENDING,2133,NO
CUST65722,Smart Watch,PENDING,4052,YES
CUST65722,USB Cable,EXPIRED,306,NO
CUST65722,Smart Watch,ACTIVE,540,NO
CUST65722,Smart Watch,ACTIVE,2763,YES
CUST65722,Charger,ACTIVE,3409,NO
CUST65722,Phone Stand,PENDING,269,YES
CUST51705,USB Cable,EXPIRED,3407,NO
CUST51705,Smart Watch,PENDING,2286,YES
CUST51705,Phone Stand,EXPIRED,441,YES
CUST51705,Mobile Cover,ACTIVE,2304,YES
CUST51705,USB Cable,ACTIVE,3954,NO
CUST51705,Power Bank,PENDING,3006,NO
CUST51705,Memory Card,EXPIRED,2247,NO
CUST51705,Smart Watch,PENDING,2837,YES
CUST51705,Bluetooth Speaker,EXPIRED,1029,NO
CUST51705,Screen Guard,ACTIVE,1653,NO
CUST51705,USB Cable,EXPIRED,4429,NO
CUST51705,Phone Stand,ACTIVE,1880,YES
CUST51705,USB Cable,EXPIRED,348,NO
CUST51705,Smart Watch,EXPIRED,1717,YES
CUST51705,Phone Stand,EXPIRED,2002,NO
CUST51944,USB Cable,PENDING,1404,NO
CUST51944,Phone Stand,ACTIVE,1160,YES
CUST51944,Smart Watch,PENDING,2815,YES
CUST51944,Mobile Cover,PENDING,3780,NO
CUST51944,Smart Watch,PENDING,2186,YES
CUST49996,Phone Stand,ACTIVE,3669,YES
CUST49996,Screen Guard,PENDING,4715,NO
CUST49996,USB Cable,PENDING,406,NO
CUST49996,Charger,ACTIVE,2113,YES
CUST49996,USB Cable,EXPIRED,2246,YES
CUST49996,Mobile Cover,ACTIVE,1563,NO
CUST49996,Mobile Cover,ACTIVE,649,YES
CUST49996,Earphones,EXPIRED,851,YES
CUST49996,Screen Guard,ACTIVE,2776,YES
CUST49996,Power Bank,EXPIRED,648,NO
CUST49996,Screen Guard,PENDING,3525,YES
CUST49996,Bluetooth Speaker,ACTIVE,2892,NO
CUST49996,Earphones,EXPIRED,4656,YES
CUST49996,Smart Watch,PENDING,1993,NO
CUST90847,Smart Watch,ACTIVE,2558,YES
CUST90847,Phone Stand,EXPIRED,925,NO
CUST90847,USB Cable,PENDING,2769,NO
CUST90847,Phone Stand,EXPIRED,3840,YES
CUST90847,Phone Stand,PENDING,192,NO
CUST63605,USB Cable,PENDING,1261,YES
CUST63605,Screen Guard,PENDING,175,YES
CUST63605,Screen Guard,EXPIRED,1322,YES
CUST63605,Earphones,ACTIVE,3285,NO
CUST63605,Memory Card,ACTIVE,3025,NO
CUST63605,Phone Stand,ACTIVE,2870,NO
CUST63605,Mobile Cover,ACTIVE,489,NO
CUST63605,Smart Watch,ACTIVE,2443,YES
CUST63605,USB Cable,PENDING,817,YES
CUST63605,USB Cable,ACTIVE,1120,YES
CUST63605,Mobile Cover,PENDING,664,NO
CUST63605,USB Cable,PENDING,3113,YES
CUST63605,Power Bank,ACTIVE,1701,NO
CUST63605,Power Bank,ACTIVE,4756,NO
CUST42202,Screen Guard,PENDING,4945,YES
CUST42202,Mobile Cover,ACTIVE,3570,YES
CUST42202,Memory Card,PENDING,145,NO
CUST42202,Screen Guard,PENDING,2355,YES
CUST42202,Earphones,PENDING,1664,NO
CUST42202,Power Bank,PENDING,1683,NO
CUST42202,Mobile Cover,EXPIRED,263,NO
CUST42202,Smart Watch,EXPIRED,2603,YES
CUST42202,Screen Guard,ACTIVE,445,NO
CUST42202,Smart Watch,ACTIVE,4295,YES
CUST42202,Phone Stand,ACTIVE,2581,YES
CUST42202,Smart Watch,PENDING,4870,YES
CUST42202,Earphones,PENDING,1037,YES
CUST42202,Mobile Cover,EXPIRED,4988,YES
CUST42202,Screen Guard,EXPIRED,1492,NO
CUST30320,Bluetooth Speaker,EXPIRED,1843,YES
CUST30320,USB Cable,ACTIVE,1467,NO
CUST30320,Mobile Cover,ACTIVE,556,YES
CUST30320,Screen Guard,ACTIVE,4805,NO
CUST30320,Bluetooth Speaker,ACTIVE,4616,YES
CUST30320,USB Cable,PENDING,998,YES
CUST30320,Screen Guard,EXPIRED,4615,NO
CUST30320,USB Cable,ACTIVE,524,YES
CUST30320,Power Bank,PENDING,2336,NO
CUST30320,Power Bank,PENDING,3476,NO
CUST30320,USB Cable,ACTIVE,1871,NO
CUST30320,Phone Stand,ACTIVE,1224,NO
CUST30320,Power Bank,PENDING,103,YES
CUST37646,Smart Watch,EXPIRED,1934,YES
CUST37646,Bluetooth Speaker,PENDING,332,YES
CUST37646,Smart Watch,PENDING,4336,YES
CUST37646,USB Cable,EXPIRED,361,YES
CUST37646,Smart Watch,ACTIVE,444,YES
CUST37646,Power Bank,ACTIVE,905,NO
CUST18790,Memory Card,PENDING,4444,YES
CUST18790,Smart Watch,PENDING,288,YES
CUST18790,Smart Watch,EXPIRED,2262,YES
CUST18790,Mobile Cover,EXPIRED,1670,YES
CUST18790,Bluetooth Speaker,PENDING,388,NO
CUST18790,Earphones,ACTIVE,440,NO
CUST18790,Smart Watch,EXPIRED,2694,YES
CUST18790,Mobile Cover,ACTIVE,3484,NO
CUST18790,Bluetooth Speaker,EXPIRED,1407,NO
CUST18790,Screen Guard,PENDING,1359,YES
CUST31780,USB Cable,EXPIRED,3178,YES
CUST31780,Memory Card,EXPIRED,3112,NO
CUST31780,USB Cable,EXPIRED,621,NO
CUST31780,Bluetooth Speaker,PENDING,2432,YES
CUST31780,Phone Stand,EXPIRED,1450,NO
CUST31780,Phone Stand,PENDING,1851,YES
CUST31780,Charger,EXPIRED,998,NO
CUST31780,Charger,PENDING,4638,YES
CUST31780,Screen Guard,PENDING,2729,NO
CUST31780,Earphones,EXPIRED,2031,YES
CUST87345,Memory Card,ACTIVE,3358,YES
CUST87345,Mobile Cover,EXPIRED,957,NO
CUST87345,Bluetooth Speaker,EXPIRED,3015,NO
CUST87345,Earphones,ACTIVE,1566,YES
CUST87345,Mobile Cover,EXPIRED,926,NO
CUST87345,Screen Guard,PENDING,2391,YES
CUST87345,Bluetooth Speaker,ACTIVE,3158,NO
CUST87345,Mobile Cover,ACTIVE,3088,NO
CUST87345,USB Cable,EXPIRED,4538,NO
CUST87345,Phone Stand,PENDING,2637,YES
CUST87345,Screen Guard,ACTIVE,4829,NO
CUST87345,USB Cable,ACTIVE,4301,YES
CUST87345,Mobile Cover,ACTIVE,1780,NO
CUST87345,Screen Guard,ACTIVE,4037,NO
CUST84005,Earphones,EXPIRED,4140,YES
CUST84005,Earphones,EXPIRED,1463,NO
CUST84005,Screen Guard,PENDING,1320,YES
CUST84005,Charger,ACTIVE,918,YES
CUST84005,Charger,EXPIRED,585,YES
CUST84005,Bluetooth Speaker,ACTIVE,1787,NO
CUST84005,Phone Stand,PENDING,4982,YES
CUST31853,Smart Watch,PENDING,4391,NO
CUST31853,Power Bank,PENDING,1124,YES
CUST31853,USB Cable,PENDING,1120,NO
CUST31853,Phone Stand,EXPIRED,3483,NO
CUST31853,Power Bank,ACTIVE,1934,NO
CUST31853,USB Cable,EXPIRED,366,YES
CUST31853,Bluetooth Speaker,ACTIVE,4979,NO
CUST31853,Bluetooth Speaker,EXPIRED,291,YES
CUST46594,Power Bank,ACTIVE,3110,YES
CUST46594,Earphones,PENDING,213,NO
CUST46594,Earphones,ACTIVE,2833,NO
CUST46594,Memory Card,ACTIVE,912,YES
CUST46594,Bluetooth Speaker,PENDING,4682,YES
CUST77709,Screen Guard,EXPIRED,3131,YES
CUST77709,Power Bank,ACTIVE,4135,NO
CUST77709,Phone Stand,EXPIRED,4531,YES
CUST77709,Screen Guard,PENDING,3205,YES
CUST77709,Memory Card,ACTIVE,1515,YES
CUST77709,Earphones,EXPIRED,4928,NO
CUST77709,Power Bank,PENDING,571,YES
CUST77709,Charger,PENDING,2541,YES
CUST77709,Phone Stand,ACTIVE,4293,YES
CUST79538,Power Bank,ACTIVE,1276,NO
CUST79538,Bluetooth Speaker,PENDING,968,YES
CUST79538,Power Bank,PENDING,3825,NO
CUST79538,USB Cable,EXPIRED,2893,YES
CUST79538,Power Bank,ACTIVE,2051,YES
CUST79538,Screen Guard,EXPIRED,3214,NO
CUST17971,Earphones,PENDING,4355,YES
CUST17971,Memory Card,ACTIVE,3066,NO
CUST17971,Screen Guard,EXPIRED,2859,NO
CUST17971,Bluetooth Speaker,PENDING,4074,NO
CUST17971,Bluetooth Speaker,PENDING,4231,NO
CUST47965,Earphones,PENDING,4965,YES
CUST47965,Memory Card,ACTIVE,809,NO
CUST47965,Memory Card,PENDING,3442,YES
CUST47965,Earphones,EXPIRED,3542,YES
CUST47965,Mobile Cover,EXPIRED,901,YES
CUST47965,Charger,ACTIVE,3801,YES
CUST47965,Mobile Cover,ACTIVE,4282,YES
CUST18755,Power Bank,PENDING,781,NO
CUST18755,Charger,EXPIRED,376,NO
CUST18755,Earphones,ACTIVE,4436,YES
CUST18755,Earphones,ACTIVE,4588,NO
CUST18755,Mobile Cover,PENDING,2717,YES
CUST42132,USB Cable,EXPIRED,3671,YES
CUST42132,Smart Watch,EXPIRED,4728,NO
CUST42132,Phone Stand,PENDING,4876,NO
CUST42132,Memory Card,PENDING,2647,YES
CUST42132,Screen Guard,ACTIVE,2934,YES
CUST42132,Phone Stand,EXPIRED,1502,YES
CUST42132,Memory Card,EXPIRED,2723,YES
CUST10615,Screen Guard,PENDING,2484,NO
CUST10615,Memory Card,PENDING,215,YES
CUST10615,Bluetooth Speaker,EXPIRED,478,NO
CUST10615,Screen Guard,EXPIRED,1475,NO
CUST10615,USB Cable,ACTIVE,3598,NO
CUST10615,Screen Guard,PENDING,1100,NO
CUST10615,Memory Card,PENDING,3205,YES
CUST10615,Smart Watch,PENDING,3123,NO
CUST10615,Mobile Cover,PENDING,4943,NO
CUST10615,Smart Watch,ACTIVE,1610,NO
CUST16033,Power Bank,ACTIVE,683,YES
CUST16033,Power Bank,ACTIVE,342,NO
CUST16033,Bluetooth Speaker,EXPIRED,2974,NO
CUST16033,USB Cable,PENDING,279,NO
CUST16033,Mobile Cover,ACTIVE,4696,NO
CUST16033,Charger,PENDING,555,YES
CUST16033,Earphones,PENDING,4923,YES
CUST16033,Memory Card,PENDING,3970,NO
CUST16033,Bluetooth Speaker,ACTIVE,4614,YES
CUST16033,USB Cable,ACTIVE,3856,NO
CUST16033,Phone Stand,EXPIRED,3001,YES
CUST16033,USB Cable,EXPIRED,3314,NO
CUST16033,Memory Card,EXPIRED,2965,NO
CUST67009,Smart Watch,ACTIVE,4161,NO
CUST67009,Memory Card,ACTIVE,4828,NO
CUST67009,Memory Card,ACTIVE,4146,YES
CUST67009,Power Bank,EXPIRED,2891,NO
CUST67009,Phone Stand,EXPIRED,180,NO
CUST67009,Bluetooth Speaker,PENDING,4255,NO
CUST54129,Memory Card,EXPIRED,3216,YES
CUST54129,Earphones,ACTIVE,4208,YES
CUST54129,Screen Guard,EXPIRED,178,YES
CUST54129,Screen Guard,EXPIRED,2031,NO
CUST54129,Power Bank,PENDING,4854,YES
CUST55599,Earphones,EXPIRED,1335,NO
CUST55599,USB Cable,ACTIVE,3001,NO
CUST55599,Earphones,PENDING,1476,YES
CUST55599,Memory Card,EXPIRED,1233,NO
CUST55599,Phone Stand,EXPIRED,715,NO
CUST55599,Bluetooth Speaker,EXPIRED,4969,YES
CUST55599,Bluetooth Speaker,EXPIRED,2753,NO
CUST55599,Phone Stand,PENDING,2488,YES
CUST55599,Screen Guard,ACTIVE,4881,NO
CUST55599,Power Bank,PENDING,204,NO
CUST55599,Charger,EXPIRED,2053,YES
CUST55599,Bluetooth Speaker,ACTIVE,4947,NO
CUST95197,USB Cable,PENDING,3102,NO
CUST95197,Memory Card,EXPIRED,332,NO
CUST95197,USB Cable,PENDING,4156,YES
CUST95197,Earphones,ACTIVE,1438,NO
CUST95197,Power Bank,PENDING,1645,NO
CUST95197,Smart Watch,PENDING,3671,NO
CUST95197,Charger,EXPIRED,4942,NO
CUST90888,Phone Stand,EXPIRED,3265,YES
CUST90888,Mobile Cover,EXPIRED,1590,YES
CUST90888,Phone Stand,PENDING,4949,YES
CUST90888,Earphones,PENDING,2224,NO
CUST90888,Screen Guard,PENDING,4891,YES
CUST90888,Earphones,EXPIRED,2786,YES
CUST90888,Mobile Cover,EXPIRED,704,YES
CUST80979,Earphones,EXPIRED,2636,NO
CUST80979,Bluetooth Speaker,PENDING,2433,NO
CUST80979,Bluetooth Speaker,ACTIVE,2505,YES
CUST80979,USB Cable,EXPIRED,4232,NO
CUST80979,Earphones,EXPIRED,3074,NO
CUST80979,Power Bank,PENDING,112,YES
CUST80979,Phone Stand,EXPIRED,915,YES
CUST80979,Bluetooth Speaker,ACTIVE,1783,NO
CUST80979,Power Bank,PENDING,3056,NO
CUST80979,Power Bank,EXPIRED,1817,NO
CUST80979,Screen Guard,PENDING,3956,NO
CUST80979,Bluetooth Speaker,PENDING,1425,NO
CUST80979,Phone Stand,ACTIVE,3731,YES
CUST80979,Memory Card,PENDING,1028,YES
CUST80979,Phone Stand,ACTIVE,1700,YES
CUST64698,Bluetooth Speaker,ACTIVE,202,NO
CUST64698,USB Cable,EXPIRED,3712,YES
CUST64698,Power Bank,ACTIVE,4159,NO
CUST64698,Smart Watch,PENDING,2696,NO
CUST64698,Mobile Cover,PENDING,4294,YES
CUST64698,Bluetooth Speaker,ACTIVE,3511,YES
CUST64698,Screen Guard,EXPIRED,4142,NO
CUST64698,Earphones,EXPIRED,3952,NO
CUST64698,Power Bank,ACTIVE,1235,YES
CUST64698,Bluetooth Speaker,ACTIVE,3358,NO
CUST64698,Memory Card,EXPIRED,2177,YES
CUST64698,Memory Card,ACTIVE,3754,NO
CUST64698,Power Bank,EXPIRED,1838,NO
CUST64698,Charger,EXPIRED,4449,NO
CUST57978,Earphones,PENDING,3203,YES
CUST57978,Mobile Cover,PENDING,3101,NO
CUST57978,Smart Watch,PENDING,3683,YES
CUST57978,Charger,ACTIVE,159,YES
CUST57978,Charger,EXPIRED,156,NO
CUST57978,Power Bank,EXPIRED,258,NO
CUST57978,Smart Watch,PENDING,4092,NO
CUST57978,Memory Card,ACTIVE,2694,NO
CUST57978,Smart Watch,PENDING,4959,YES
CUST57978,Bluetooth Speaker,PENDING,4228,YES
CUST57978,Phone Stand,ACTIVE,3631,YES
CUST57978,USB Cable,PENDING,2708,NO
CUST57978,Mobile Cover,ACTIVE,3884,NO
CUST57978,USB Cable,PENDING,1243,YES
CUST12226,USB Cable,ACTIVE,4636,NO
CUST12226,Screen Guard,PENDING,1359,NO
CUST12226,Earphones,EXPIRED,2550,YES
CUST12226,USB Cable,PENDING,2844,YES
CUST12226,Bluetooth Speaker,EXPIRED,3096,NO
CUST12226,Bluetooth Speaker,ACTIVE,4343,YES
CUST12226,Earphones,ACTIVE,4712,YES
CUST25196,USB Cable,EXPIRED,4836,NO
CUST25196,Mobile Cover,ACTIVE,1074,YES
CUST25196,Smart Watch,ACTIVE,2941,YES
CUST25196,Phone Stand,PENDING,1942,NO
CUST25196,Phone Stand,PENDING,476,YES
CUST25196,Mobile Cover,ACTIVE,1573,YES
CUST25196,Screen Guard,ACTIVE,4966,NO
CUST25196,Memory Card,PENDING,355,NO
CUST25196,Mobile Cover,EXPIRED,741,NO
CUST25196,Memory Card,PENDING,2585,NO
CUST25196,Bluetooth Speaker,EXPIRED,603,YES
CUST25196,Bluetooth Speaker,ACTIVE,2316,NO
CUST28842,Memory Card,ACTIVE,2478,NO
CUST28842,Mobile Cover,EXPIRED,817,NO
CUST28842,Screen Guard,ACTIVE,1378,YES
CUST28842,Mobile Cover,ACTIVE,2096,YES
CUST28842,USB Cable,PENDING,3364,YES
CUST28842,Screen Guard,ACTIVE,1834,YES
CUST55504,Mobile Cover,PENDING,1695,NO
CUST55504,Charger,EXPIRED,1244,NO
CUST55504,Mobile Cover,PENDING,3647,YES
CUST55504,Mobile Cover,ACTIVE,2659,YES
CUST55504,Screen Guard,EXPIRED,2813,YES
CUST55504,Power Bank,EXPIRED,4584,YES
CUST55504,Charger,ACTIVE,447,YES
CUST55504,Smart Watch,ACTIVE,4594,YES
CUST36660,Memory Card,ACTIVE,1891,NO
CUST36660,Mobile Cover,ACTIVE,3532,NO
CUST36660,Earphones,EXPIRED,3653,YES
CUST36660,Bluetooth Speaker,ACTIVE,3727,NO
CUST36660,Screen Guard,PENDING,1262,YES
CUST36660,Power Bank,PENDING,2613,NO
CUST36660,Earphones,PENDING,1525,NO
CUST36660,USB Cable,PENDING,2704,YES
CUST36660,Screen Guard,ACTIVE,4077,NO
CUST36660,Bluetooth Speaker,ACTIVE,2396,NO
CUST36660,Charger,ACTIVE,3850,NO
CUST67419,Screen Guard,ACTIVE,3519,YES
CUST67419,Charger,PENDING,2304,NO
CUST67419,Smart Watch,EXPIRED,4306,NO
CUST67419,Screen Guard,EXPIRED,1065,NO
CUST67419,Screen Guard,PENDING,621,NO
CUST67419,USB Cable,EXPIRED,4671,NO
CUST67419,Bluetooth Speaker,EXPIRED,4586,NO
CUST67419,Screen Guard,PENDING,1146,YES
CUST67419,Earphones,EXPIRED,4592,NO
CUST67419,Phone Stand,PENDING,2175,NO
CUST67419,Bluetooth Speaker,PENDING,4093,YES
CUST67419,Charger,EXPIRED,2102,YES
CUST14231,Smart Watch,EXPIRED,4764,NO
CUST14231,Phone Stand,EXPIRED,4941,NO
CUST14231,Screen Guard,ACTIVE,2984,NO
CUST14231,Screen Guard,ACTIVE,3634,YES
CUST14231,Earphones,PENDING,3152,YES
CUST18089,Charger,ACTIVE,371,NO
CUST18089,Charger,EXPIRED,3824,YES
CUST18089,Bluetooth Speaker,EXPIRED,1095,YES
CUST18089,USB Cable,PENDING,3193,NO
CUST18089,Charger,PENDING,4167,YES
CUST18089,Smart Watch,PENDING,1571,NO
CUST18089,Mobile Cover,PENDING,2728,YES
CUST18089,Charger,EXPIRED,2135,YES
CUST77561,Smart Watch,PENDING,4343,NO
CUST77561,Earphones,ACTIVE,1162,YES
CUST77561,USB Cable,ACTIVE,4869,NO
CUST77561,Mobile Cover,PENDING,3943,NO
CUST77561,Power Bank,ACTIVE,2821,NO
CUST77561,Memory Card,PENDING,2891,NO
CUST77561,Phone Stand,ACTIVE,4665,NO
CUST77561,Charger,ACTIVE,2030,YES
CUST77561,Memory Card,EXPIRED,2082,NO
CUST77561,Screen Guard,ACTIVE,4822,YES
CUST77561,Memory Card,ACTIVE,3230,NO
CUST41591,Mobile Cover,ACTIVE,4269,YES
CUST41591,USB Cable,PENDING,1609,NO
CUST41591,Screen Guard,EXPIRED,1359,YES
CUST41591,Charger,EXPIRED,1377,YES
CUST41591,Screen Guard,ACTIVE,2745,YES
CUST41591,Memory Card,EXPIRED,4245,NO
CUST41591,Screen Guard,PENDING,2860,YES
CUST41591,Power Bank,EXPIRED,431,YES
CUST41591,Phone Stand,EXPIRED,2083,NO
CUST41591,Screen Guard,PENDING,4431,NO
CUST41591,Screen Guard,ACTIVE,1727,YES
CUST41591,Charger,PENDING,1793,NO
CUST41591,Charger,EXPIRED,3444,NO
CUST41591,Charger,EXPIRED,4397,YES
CUST24983,Screen Guard,ACTIVE,3522,YES
CUST24983,Phone Stand,EXPIRED,745,YES
CUST24983,Memory Card,ACTIVE,3860,NO
CUST24983,Power Bank,PENDING,307,NO
CUST24983,Charger,PENDING,820,NO
CUST24983,Mobile Cover,EXPIRED,4664,NO
CUST24983,Memory Card,PENDING,3501,NO
CUST24983,USB Cable,ACTIVE,4276,NO
CUST24983,Screen Guard,ACTIVE,2260,YES
CUST99980,USB Cable,EXPIRED,1570,NO
CUST99980,Mobile Cover,ACTIVE,3418,NO
CUST99980,Mobile Cover,ACTIVE,2920,YES
CUST99980,Mobile Cover,EXPIRED,2963,NO
CUST99980,Charger,PENDING,4402,NO
CUST99980,Memory Card,ACTIVE,2033,NO
CUST99980,Screen Guard,ACTIVE,3433,YES
CUST99980,Earphones,PENDING,2678,NO
CUST99980,Screen Guard,PENDING,4443,YES
CUST99980,Charger,PENDING,1792,YES
CUST99980,Mobile Cover,PENDING,2899,NO
CUST81875,Memory Card,ACTIVE,4105,YES
CUST81875,Memory Card,ACTIVE,3236,NO
CUST81875,Earphones,EXPIRED,2277,YES
CUST81875,Bluetooth Speaker,EXPIRED,2429,YES
CUST81875,Charger,EXPIRED,4455,NO
CUST13724,Charger,EXPIRED,3836,YES
CUST13724,Earphones,PENDING,4872,YES
CUST13724,Phone Stand,EXPIRED,4606,NO
CUST13724,Power Bank,ACTIVE,3478,YES
CUST13724,Power Bank,ACTIVE,4883,NO
CUST13724,Phone Stand,PENDING,2465,NO
CUST13724,Charger,PENDING,1634,NO
CUST13724,Phone Stand,EXPIRED,3095,YES
CUST13724,Power Bank,EXPIRED,4644,NO
CUST97914,Screen Guard,ACTIVE,1423,NO
CUST97914,Memory Card,EXPIRED,1614,NO
CUST97914,Earphones,ACTIVE,2626,NO
CUST97914,USB Cable,EXPIRED,276,YES
CUST97914,Phone Stand,PENDING,1970,YES
CUST97914,Smart Watch,ACTIVE,4470,NO
CUST97914,Power Bank,ACTIVE,3406,NO
CUST97914,Charger,ACTIVE,3482,YES
CUST97914,Memory Card,EXPIRED,1042,YES
CUST97914,Earphones,EXPIRED,2394,YES
CUST97914,Earphones,ACTIVE,1174,NO
CUST24363,Charger,ACTIVE,2397,YES
CUST24363,Smart Watch,ACTIVE,4636,YES
CUST24363,Memory Card,PENDING,2467,NO
CUST24363,Memory Card,ACTIVE,2333,NO
CUST24363,Phone Stand,ACTIVE,2439,NO
CUST24363,Smart Watch,ACTIVE,4012,YES
CUST24363,Screen Guard,EXPIRED,4997,YES
CUST24363,Smart Watch,ACTIVE,1089,YES
CUST24363,Smart Watch,ACTIVE,3040,YES
CUST24363,Screen Guard,PENDING,2821,NO
CUST82024,Screen Guard,PENDING,2011,NO
CUST82024,Smart Watch,EXPIRED,1057,YES
CUST82024,Smart Watch,PENDING,3425,YES
CUST82024,Phone Stand,EXPIRED,1673,YES
CUST82024,Bluetooth Speaker,ACTIVE,1256,NO
CUST82024,Phone Stand,PENDING,2613,YES
CUST82024,Phone Stand,ACTIVE,122,YES
CUST56731,Power Bank,EXPIRED,4117,YES
CUST56731,Smart Watch,EXPIRED,775,YES
CUST56731,Earphones,ACTIVE,691,YES
CUST56731,Earphones,ACTIVE,2636,NO
CUST56731,Screen Guard,ACTIVE,2955,NO
CUST25593,Smart Watch,EXPIRED,3343,NO
CUST25593,Screen Guard,ACTIVE,3880,YES
CUST25593,USB Cable,ACTIVE,1405,NO
CUST25593,Mobile Cover,ACTIVE,1785,NO
CUST25593,Memory Card,EXPIRED,1919,NO
CUST25593,Mobile Cover,ACTIVE,552,NO
CUST25593,Earphones,EXPIRED,4806,YES
CUST25593,Earphones,PENDING,4527,YES
CUST25593,Mobile Cover,EXPIRED,2713,NO
CUST25593,Phone Stand,ACTIVE,4782,YES
CUST10725,Screen Guard,EXPIRED,3828,NO
CUST10725,Smart Watch,EXPIRED,3943,YES
CUST10725,Earphones,EXPIRED,4206,YES
CUST10725,Phone Stand,ACTIVE,1181,YES
CUST10725,Phone Stand,EXPIRED,4592,NO
CUST10725,Bluetooth Speaker,ACTIVE,3203,YES
CUST10725,Memory Card,EXPIRED,1484,NO
CUST10725,Earphones,ACTIVE,1151,NO
CUST10725,Screen Guard,ACTIVE,3516,YES
CUST49596,Earphones,PENDING,4513,NO
CUST49596,Mobile Cover,ACTIVE,4038,YES
CUST49596,Memory Card,EXPIRED,3241,NO
CUST49596,USB Cable,EXPIRED,3414,YES
CUST49596,Power Bank,ACTIVE,3160,NO
CUST49596,Power Bank,PENDING,3049,NO
CUST49596,Smart Watch,ACTIVE,4271,NO
CUST49596,Phone Stand,ACTIVE,1344,YES
CUST49596,Mobile Cover,ACTIVE,2907,YES
CUST49596,Bluetooth Speaker,PENDING,1687,YES
CUST69483,Power Bank,EXPIRED,4617,YES
CUST69483,Charger,EXPIRED,2430,NO
CUST69483,Memory Card,EXPIRED,3638,NO
CUST69483,Earphones,PENDING,2248,YES
CUST69483,USB Cable,PENDING,894,YES
CUST69483,Screen Guard,ACTIVE,1171,YES
CUST69483,Bluetooth Speaker,ACTIVE,2183,NO
CUST69483,Charger,ACTIVE,2815,NO
CUST69483,Charger,PENDING,4930,NO
CUST69483,Memory Card,PENDING,2497,NO
CUST69483,Bluetooth Speaker,PENDING,2519,NO
CUST69483,Phone Stand,PENDING,2507,NO
CUST69483,USB Cable,ACTIVE,3651,YES
CUST69483,Earphones,ACTIVE,1232,YES
CUST98047,Memory Card,ACTIVE,2689,NO
CUST98047,Power Bank,EXPIRED,3992,YES
CUST98047,Memory Card,EXPIRED,1209,YES
CUST98047,Phone Stand,EXPIRED,279,NO
CUST98047,Charger,EXPIRED,3894,NO
CUST98047,Bluetooth Speaker,EXPIRED,4061,YES
CUST98047,Charger,PENDING,3405,NO
CUST98047,Phone Stand,ACTIVE,2468,NO
CUST98047,Bluetooth Speaker,PENDING,2219,YES
CUST98047,Mobile Cover,ACTIVE,4499,NO
CUST98047,Mobile Cover,EXPIRED,898,YES
CUST98047,Screen Guard,EXPIRED,262,NO
CUST89209,Charger,EXPIRED,4706,NO
CUST89209,Screen Guard,PENDING,2951,YES
CUST89209,USB Cable,ACTIVE,2925,NO
CUST89209,Screen Guard,PENDING,478,YES
CUST89209,Phone Stand,PENDING,3632,YES
CUST89209,Bluetooth Speaker,PENDING,124,NO
CUST89209,USB Cable,EXPIRED,1153,NO
CUST89209,Earphones,PENDING,559,YES
CUST89209,Screen Guard,PENDING,1712,NO
CUST89209,Earphones,PENDING,3406,NO
CUST89209,Mobile Cover,ACTIVE,2087,NO
CUST89209,Earphones,EXPIRED,3134,NO
CUST45476,Power Bank,PENDING,1700,NO
CUST45476,USB Cable,ACTIVE,3589,NO
CUST45476,USB Cable,PENDING,4385,YES
CUST45476,USB Cable,EXPIRED,2018,YES
CUST45476,Memory Card,ACTIVE,3739,YES
CUST45476,Earphones,PENDING,1812,NO
CUST45476,Bluetooth Speaker,ACTIVE,2397,YES
CUST45476,Earphones,PENDING,4281,NO
CUST45476,Smart Watch,EXPIRED,4391,YES
CUST45476,USB Cable,PENDING,1632,NO
CUST45476,Phone Stand,PENDING,3786,YES
CUST45476,Charger,ACTIVE,3750,NO
CUST45476,Memory Card,PENDING,1418,YES
CUST45476,Memory Card,PENDING,3760,NO
CUST45476,USB Cable,ACTIVE,4985,YES
CUST83155,Power Bank,EXPIRED,4879,YES
CUST83155,Smart Watch,PENDING,2896,YES
CUST83155,Earphones,PENDING,555,NO
CUST83155,Smart Watch,PENDING,3275,NO
CUST83155,USB Cable,ACTIVE,2558,NO
CUST83155,Screen Guard,PENDING,478,NO
CUST83155,Phone Stand,ACTIVE,4243,NO
CUST83155,Mobile Cover,ACTIVE,2840,NO
CUST37127,Memory Card,EXPIRED,2593,NO
CUST37127,Mobile Cover,EXPIRED,2360,YES
CUST37127,Memory Card,EXPIRED,432,NO
CUST37127,Smart Watch,ACTIVE,1572,YES
CUST37127,Bluetooth Speaker,ACTIVE,4763,YES
CUST37127,Charger,PENDING,2950,YES
CUST37127,Phone Stand,PENDING,157,NO
CUST37127,Phone Stand,PENDING,2354,YES
CUST32296,Earphones,EXPIRED,3390,NO
CUST32296,USB Cable,PENDING,3302,NO
CUST32296,Charger,ACTIVE,861,NO
CUST32296,Smart Watch,ACTIVE,506,YES
CUST32296,Smart Watch,ACTIVE,3270,NO
CUST32296,Memory Card,PENDING,4875,YES
CUST32296,Earphones,PENDING,4983,NO
CUST32296,Mobile Cover,ACTIVE,705,YES
CUST32296,Screen Guard,PENDING,2420,YES
CUST32296,USB Cable,EXPIRED,2604,NO
CUST32296,Earphones,EXPIRED,4168,YES
CUST82836,Smart Watch,ACTIVE,4318,YES
CUST82836,Screen Guard,PENDING,3141,YES
CUST82836,Memory Card,ACTIVE,2820,YES
CUST82836,Phone Stand,PENDING,1156,NO
CUST82836,Smart Watch,PENDING,771,YES
CUST82836,Charger,EXPIRED,1641,YES
CUST82836,Mobile Cover,ACTIVE,3935,YES
CUST82836,Bluetooth Speaker,ACTIVE,1696,NO
CUST82836,Charger,ACTIVE,2806,NO
CUST82836,USB Cable,EXPIRED,692,YES
CUST82836,USB Cable,PENDING,1214,NO
CUST82836,Earphones,PENDING,3852,NO
CUST82836,Phone Stand,EXPIRED,3705,NO
CUST82836,Earphones,ACTIVE,4344,NO
CUST33966,Earphones,ACTIVE,248,NO
CUST33966,Phone Stand,ACTIVE,4429,YES
CUST33966,Mobile Cover,ACTIVE,3963,NO
CUST33966,Power Bank,EXPIRED,2913,YES
CUST33966,Smart Watch,ACTIVE,2668,YES
CUST33966,Memory Card,EXPIRED,1837,NO
CUST33966,Earphones,PENDING,4287,YES
CUST33966,Screen Guard,PENDING,4999,YES
CUST33966,Earphones,EXPIRED,2557,YES
CUST56179,Memory Card,ACTIVE,3290,YES
CUST56179,Smart Watch,EXPIRED,3455,NO
CUST56179,Charger,EXPIRED,1773,YES
CUST56179,Charger,PENDING,3160,NO
CUST56179,USB Cable,EXPIRED,4924,YES
CUST56179,Phone Stand,PENDING,152,NO
CUST56179,Charger,PENDING,3315,YES
CUST56179,Charger,PENDING,1911,NO
CUST56179,Smart Watch,EXPIRED,2326,YES
CUST56179,Earphones,PENDING,4002,YES
CUST56179,Charger,EXPIRED,2839,NO
CUST58891,Charger,ACTIVE,2166,YES
CUST58891,Smart Watch,ACTIVE,4745,YES
CUST58891,USB Cable,EXPIRED,3554,YES
CUST58891,Smart Watch,EXPIRED,3906,NO
CUST58891,Power Bank,PENDING,534,YES
CUST58891,Screen Guard,EXPIRED,913,NO
CUST58891,Smart Watch,ACTIVE,3563,NO
CUST58891,Bluetooth Speaker,ACTIVE,1599,YES
CUST58891,Memory Card,PENDING,487,YES
CUST58891,USB Cable,PENDING,3646,YES
CUST58891,Bluetooth Speaker,PENDING,127,YES
CUST58891,Earphones,PENDING,4309,NO
CUST58891,USB Cable,ACTIVE,2491,YES
CUST58891,Phone Stand,EXPIRED,3273,NO
CUST58891,USB Cable,EXPIRED,4541,NO
CUST28605,Earphones,PENDING,755,NO
CUST28605,Mobile Cover,ACTIVE,4941,YES
CUST28605,Power Bank,EXPIRED,724,NO
CUST28605,USB Cable,PENDING,2117,NO
CUST28605,USB Cable,EXPIRED,1116,YES
CUST28605,Smart Watch,PENDING,4735,NO
CUST28605,Smart Watch,EXPIRED,2336,YES
CUST28605,Screen Guard,EXPIRED,509,NO
CUST87907,Power Bank,ACTIVE,1705,YES
CUST87907,Phone Stand,ACTIVE,4034,NO
CUST87907,Bluetooth Speaker,ACTIVE,1333,NO
CUST87907,Smart Watch,EXPIRED,2445,NO
CUST87907,Screen Guard,EXPIRED,4576,YES
CUST13807,Mobile Cover,ACTIVE,4185,YES
CUST13807,Power Bank,PENDING,821,YES
CUST13807,Power Bank,EXPIRED,3878,YES
CUST13807,USB Cable,ACTIVE,4702,NO
CUST13807,Mobile Cover,EXPIRED,4608,YES
CUST13807,Charger,ACTIVE,3579,NO
CUST13807,Earphones,EXPIRED,4111,NO
CUST13807,Earphones,PENDING,3380,NO
CUST13807,Memory Card,ACTIVE,1788,NO
CUST13807,Power Bank,EXPIRED,2565,YES
CUST13807,Power Bank,EXPIRED,2474,YES
CUST13807,Mobile Cover,EXPIRED,2584,NO
CUST63602,Phone Stand,PENDING,2107,YES
CUST63602,Phone Stand,EXPIRED,1528,NO
CUST63602,Bluetooth Speaker,ACTIVE,2122,NO
CUST63602,Bluetooth Speaker,PENDING,4323,NO
CUST63602,Power Bank,EXPIRED,1414,NO
CUST63602,Earphones,EXPIRED,1485,YES
CUST63602,Smart Watch,PENDING,1156,YES
CUST60044,Smart Watch,ACTIVE,1077,NO
CUST60044,Charger,EXPIRED,3497,YES
CUST60044,Bluetooth Speaker,PENDING,2627,NO
CUST60044,Screen Guard,ACTIVE,3731,YES
CUST60044,Charger,ACTIVE,715,YES
CUST60044,Smart Watch,ACTIVE,2836,NO
CUST60044,Screen Guard,ACTIVE,3710,YES
CUST60044,Screen Guard,PENDING,3287,YES
CUST60044,Phone Stand,EXPIRED,2707,NO
CUST21701,Phone Stand,ACTIVE,3966,NO
CUST21701,Charger,ACTIVE,4045,NO
CUST21701,Phone Stand,ACTIVE,2677,YES
CUST21701,Screen Guard,ACTIVE,1450,YES
CUST21701,Charger,PENDING,3041,NO
CUST21701,Smart Watch,ACTIVE,3354,NO
CUST21701,Charger,EXPIRED,749,YES
CUST21701,Phone Stand,PENDING,3882,NO
CUST21701,Screen Guard,EXPIRED,4519,NO
CUST21701,Charger,EXPIRED,646,NO
CUST21701,USB Cable,PENDING,1054,YES
CUST21701,Earphones,PENDING,2709,NO
CUST86795,Memory Card,ACTIVE,826,NO
CUST86795,Memory Card,EXPIRED,784,YES
CUST86795,Mobile Cover,EXPIRED,4656,NO
CUST86795,Bluetooth Speaker,ACTIVE,4793,NO
CUST86795,Bluetooth Speaker,EXPIRED,3585,NO
CUST86795,Mobile Cover,EXPIRED,613,NO
CUST68830,USB Cable,PENDING,2419,YES
CUST68830,Power Bank,EXPIRED,4914,YES
CUST68830,Charger,ACTIVE,1753,NO
CUST68830,Mobile Cover,ACTIVE,718,NO
CUST68830,USB Cable,EXPIRED,973,NO
CUST68830,Mobile Cover,PENDING,589,NO
CUST68830,Screen Guard,EXPIRED,4309,NO
CUST68830,Earphones,ACTIVE,1644,YES
CUST68830,USB Cable,EXPIRED,3865,NO
CUST68830,Bluetooth Speaker,PENDING,3171,NO
CUST68830,Mobile Cover,EXPIRED,713,NO
CUST68830,Bluetooth Speaker,PENDING,4605,YES
CUST89275,Mobile Cover,PENDING,373,NO
CUST89275,Mobile Cover,ACTIVE,700,NO
CUST89275,Charger,EXPIRED,4717,YES
CUST89275,Phone Stand,EXPIRED,182,NO
CUST89275,Screen Guard,PENDING,3939,NO
CUST89275,Mobile Cover,EXPIRED,1223,NO
CUST89275,Bluetooth Speaker,EXPIRED,2916,YES
CUST89275,Power Bank,ACTIVE,3210,NO
CUST89275,USB Cable,EXPIRED,2721,YES
CUST89275,Memory Card,EXPIRED,767,YES
CUST89275,Earphones,ACTIVE,778,NO
CUST89275,Bluetooth Speaker,PENDING,2529,NO
CUST89275,Charger,ACTIVE,4453,NO
CUST25170,Memory Card,ACTIVE,2672,NO
CUST25170,Charger,ACTIVE,343,NO
CUST25170,USB Cable,ACTIVE,2766,YES
CUST25170,Earphones,PENDING,2348,YES
CUST25170,USB Cable,ACTIVE,2955,YES
CUST25170,Smart Watch,EXPIRED,4779,NO
CUST25170,Memory Card,ACTIVE,802,NO
CUST25170,Mobile Cover,PENDING,2311,NO
CUST25170,Smart Watch,EXPIRED,3260,NO
CUST25170,Earphones,PENDING,2855,YES
CUST25170,Bluetooth Speaker,PENDING,2709,NO
CUST25170,Power Bank,ACTIVE,304,YES
CUST25170,Screen Guard,ACTIVE,3730,YES
CUST77865,USB Cable,ACTIVE,194,NO
CUST77865,Phone Stand,ACTIVE,3305,NO
CUST77865,Phone Stand,ACTIVE,1253,YES
CUST77865,Bluetooth Speaker,ACTIVE,3478,YES
CUST77865,Bluetooth Speaker,PENDING,350,YES
CUST77865,Bluetooth Speaker,PENDING,1647,YES
CUST77865,Mobile Cover,ACTIVE,3218,YES
CUST77865,USB Cable,EXPIRED,827,NO
CUST77865,Power Bank,EXPIRED,3978,YES
CUST77865,Earphones,EXPIRED,300,NO
CUST77865,USB Cable,ACTIVE,3656,NO
CUST33896,Memory Card,PENDING,4364,NO
CUST33896,Smart Watch,EXPIRED,4601,YES
CUST33896,Charger,ACTIVE,4927,NO
CUST33896,Phone Stand,EXPIRED,1436,NO
CUST33896,Screen Guard,PENDING,1810,NO
CUST33896,USB Cable,EXPIRED,3655,NO
CUST33896,Memory Card,EXPIRED,1942,NO
CUST33896,Screen Guard,PENDING,205,NO
CUST33896,Phone Stand,PENDING,3937,NO
CUST33896,Smart Watch,EXPIRED,1327,NO
CUST33896,Memory Card,PENDING,297,NO
CUST33896,Memory Card,EXPIRED,569,NO
CUST50386,Mobile Cover,PENDING,2656,NO
CUST50386,Charger,EXPIRED,4459,NO
CUST50386,Bluetooth Speaker,ACTIVE,3283,YES
CUST50386,Phone Stand,PENDING,3224,YES
CUST50386,Mobile Cover,ACTIVE,3454,NO
CUST50386,Memory Card,EXPIRED,992,YES
CUST50386,Screen Guard,PENDING,1993,YES
CUST22031,Smart Watch,ACTIVE,865,NO
CUST22031,Power Bank,EXPIRED,992,YES
CUST22031,Smart Watch,EXPIRED,4111,YES
CUST22031,Phone Stand,EXPIRED,2662,YES
CUST22031,Charger,PENDING,4702,YES
CUST22031,Power Bank,ACTIVE,431,YES
CUST22031,Mobile Cover,PENDING,589,NO
CUST22031,Mobile Cover,PENDING,1482,NO
CUST16680,USB Cable,EXPIRED,2810,YES
CUST16680,Smart Watch,ACTIVE,4495,NO
CUST16680,Memory Card,PENDING,4649,YES
CUST16680,Charger,EXPIRED,4102,NO
CUST16680,Screen Guard,PENDING,2312,YES
CUST16680,Memory Card,ACTIVE,1749,NO
CUST16680,Memory Card,EXPIRED,4983,NO
CUST16680,Memory Card,PENDING,282,NO
CUST16680,Smart Watch,PENDING,3810,NO
CUST16680,Power Bank,ACTIVE,653,NO
CUST16680,Smart Watch,EXPIRED,134,NO
CUST45454,USB Cable,PENDING,3758,NO
CUST45454,Power Bank,ACTIVE,3371,NO
CUST45454,Smart Watch,EXPIRED,3936,NO
CUST45454,Phone Stand,EXPIRED,4851,NO
CUST45454,USB Cable,ACTIVE,2032,NO
CUST45454,Mobile Cover,EXPIRED,1504,NO
CUST68842,Phone Stand,ACTIVE,1012,YES
CUST68842,USB Cable,ACTIVE,2767,NO
CUST68842,Bluetooth Speaker,ACTIVE,2340,YES
CUST68842,Charger,PENDING,839,NO
CUST68842,Screen Guard,EXPIRED,2687,YES
CUST68842,Mobile Cover,EXPIRED,1050,YES
CUST68842,Mobile Cover,PENDING,381,NO
CUST68842,Mobile Cover,ACTIVE,1538,NO
CUST68842,Bluetooth Speaker,EXPIRED,760,YES
CUST68842,Screen Guard,ACTIVE,215,NO
CUST68842,Bluetooth Speaker,ACTIVE,3728,NO
CUST68842,Mobile Cover,EXPIRED,3596,NO
CUST68842,Charger,EXPIRED,733,YES
CUST68842,Earphones,PENDING,5000,NO
CUST78681,Mobile Cover,PENDING,2276,YES
CUST78681,Earphones,ACTIVE,1829,YES
CUST78681,USB Cable,ACTIVE,2933,NO
CUST78681,Screen Guard,EXPIRED,4506,YES
CUST78681,Phone Stand,PENDING,1248,YES
CUST78681,Smart Watch,ACTIVE,4870,YES
CUST78681,Earphones,ACTIVE,476,NO
CUST78681,Screen Guard,ACTIVE,4430,NO
CUST78681,Mobile Cover,EXPIRED,1951,NO
CUST78681,Charger,PENDING,2722,NO
CUST78681,Screen Guard,EXPIRED,1529,NO
CUST78681,Smart Watch,ACTIVE,311,YES
CUST78681,Smart Watch,ACTIVE,1276,YES
CUST17836,USB Cable,PENDING,3599,YES
CUST17836,Charger,PENDING,953,YES
CUST17836,Memory Card,ACTIVE,3686,NO
CUST17836,Charger,EXPIRED,836,YES
CUST17836,Charger,ACTIVE,4282,YES
CUST88702,Screen Guard,EXPIRED,865,NO
CUST88702,Smart Watch,PENDING,3486,YES
CUST88702,Earphones,PENDING,4558,NO
CUST88702,USB Cable,EXPIRED,3580,NO
CUST88702,Memory Card,ACTIVE,140,YES
CUST77627,Earphones,PENDING,4469,NO
CUST77627,Bluetooth Speaker,ACTIVE,222,NO
CUST77627,Screen Guard,ACTIVE,3221,NO
CUST77627,Memory Card,EXPIRED,4057,YES
CUST77627,Power Bank,EXPIRED,817,YES
CUST77627,Charger,EXPIRED,4002,YES
CUST77627,Bluetooth Speaker,ACTIVE,2592,YES
CUST77627,Mobile Cover,ACTIVE,3312,YES
CUST77627,Memory Card,PENDING,2441,NO
CUST77627,Bluetooth Speaker,PENDING,2899,NO
CUST77627,Memory Card,EXPIRED,4160,YES
CUST77627,Power Bank,PENDING,2216,NO
CUST22078,Smart Watch,EXPIRED,3556,YES
CUST22078,Power Bank,ACTIVE,3961,YES
CUST22078,Earphones,PENDING,3666,YES
CUST22078,Screen Guard,ACTIVE,4246,YES
CUST22078,Phone Stand,EXPIRED,1732,YES
CUST22078,Power Bank,PENDING,3120,NO
CUST57944,Smart Watch,EXPIRED,2595,YES
CUST57944,Bluetooth Speaker,ACTIVE,2633,YES
CUST57944,Screen Guard,EXPIRED,3857,NO
CUST57944,Earphones,EXPIRED,4618,YES
CUST57944,Bluetooth Speaker,EXPIRED,1954,NO
CUST57944,Charger,ACTIVE,453,YES
CUST57944,Smart Watch,EXPIRED,2363,NO
CUST57944,Charger,EXPIRED,1756,NO
CUST57944,USB Cable,ACTIVE,1228,YES
CUST57944,Bluetooth Speaker,PENDING,1739,YES
CUST57944,Smart Watch,EXPIRED,3422,YES
CUST57944,Memory Card,PENDING,839,NO
CUST57944,Phone Stand,PENDING,2719,YES
CUST25743,Screen Guard,ACTIVE,2926,YES
CUST25743,USB Cable,PENDING,4062,NO
CUST25743,Smart Watch,EXPIRED,1722,YES
CUST25743,Phone Stand,PENDING,1281,NO
CUST25743,USB Cable,EXPIRED,119,YES
CUST25743,Earphones,PENDING,642,YES
CUST25743,Memory Card,EXPIRED,2474,NO
CUST25743,Mobile Cover,PENDING,3702,YES
CUST25743,Charger,EXPIRED,635,NO
CUST25743,Charger,ACTIVE,3925,NO
CUST54380,Bluetooth Speaker,ACTIVE,3853,NO
CUST54380,Power Bank,EXPIRED,3992,YES
CUST54380,Phone Stand,PENDING,4133,YES
CUST54380,Phone Stand,PENDING,4663,YES
CUST54380,Memory Card,PENDING,4011,YES
CUST54380,Mobile Cover,ACTIVE,3713,NO
CUST54380,Phone Stand,EXPIRED,1370,NO
CUST54380,USB Cable,PENDING,2476,NO
CUST54380,Phone Stand,EXPIRED,375,YES
CUST54380,Smart Watch,EXPIRED,4696,YES
CUST54380,Memory Card,ACTIVE,1411,YES
CUST54380,Power Bank,EXPIRED,2230,NO
CUST54380,Screen Guard,PENDING,1957,YES
CUST68362,Earphones,ACTIVE,1663,NO
CUST68362,Phone Stand,PENDING,2234,NO
CUST68362,Bluetooth Speaker,EXPIRED,4646,NO
CUST68362,Phone Stand,ACTIVE,4006,NO
CUST68362,USB Cable,ACTIVE,134,NO
CUST68362,Smart Watch,PENDING,4774,YES
CUST68362,Screen Guard,PENDING,3908,YES
CUST68362,Phone Stand,ACTIVE,4881,NO
CUST68362,Phone Stand,PENDING,3243,NO
CUST68362,Smart Watch,PENDING,3327,NO
CUST68362,Mobile Cover,PENDING,1488,YES
CUST68362,Bluetooth Speaker,EXPIRED,3774,YES
CUST60868,Mobile Cover,ACTIVE,541,YES
CUST60868,Screen Guard,EXPIRED,2372,NO
CUST60868,Bluetooth Speaker,PENDING,3688,YES
CUST60868,Charger,ACTIVE,3795,NO
CUST60868,Phone Stand,ACTIVE,4132,YES
CUST60868,Smart Watch,EXPIRED,922,NO
CUST39907,Mobile Cover,ACTIVE,4078,NO
CUST39907,Screen Guard,ACTIVE,3284,NO
CUST39907,Power Bank,PENDING,2208,NO
CUST39907,Screen Guard,EXPIRED,4095,NO
CUST39907,Earphones,ACTIVE,4578,YES
CUST39907,USB Cable,ACTIVE,730,NO
CUST39907,Smart Watch,EXPIRED,4943,YES
CUST98239,Mobile Cover,EXPIRED,2897,NO
CUST98239,Screen Guard,ACTIVE,2796,YES
CUST98239,Phone Stand,PENDING,2778,YES
CUST98239,Earphones,ACTIVE,4275,NO
CUST98239,Earphones,ACTIVE,664,YES
CUST98239,Earphones,EXPIRED,1779,NO
CUST98239,Earphones,EXPIRED,2281,YES
CUST97903,Bluetooth Speaker,EXPIRED,2773,YES
CUST97903,Phone Stand,ACTIVE,4723,YES
CUST97903,Mobile Cover,ACTIVE,1223,YES
CUST97903,Bluetooth Speaker,EXPIRED,1106,YES
CUST97903,Earphones,PENDING,210,YES
CUST97903,Charger,ACTIVE,641,YES
CUST97903,Memory Card,PENDING,4456,NO
CUST97903,Earphones,ACTIVE,4161,NO
CUST97903,Earphones,PENDING,3061,YES
CUST97903,Earphones,EXPIRED,4687,NO
CUST97903,Screen Guard,PENDING,1063,YES
CUST97903,Screen Guard,PENDING,4676,YES
CUST97903,Mobile Cover,ACTIVE,3022,NO
CUST97903,Smart Watch,EXPIRED,232,NO
CUST97903,Earphones,EXPIRED,196,NO
CUST88805,Bluetooth Speaker,EXPIRED,3505,YES
CUST88805,Memory Card,EXPIRED,833,NO
CUST88805,Earphones,EXPIRED,3375,NO
CUST88805,Bluetooth Speaker,EXPIRED,1005,YES
CUST88805,USB Cable,EXPIRED,4318,NO
CUST88805,Phone Stand,EXPIRED,2011,YES
CUST88805,Screen Guard,PENDING,548,NO
CUST88805,Screen Guard,ACTIVE,1843,NO
CUST88805,Earphones,EXPIRED,4865,YES
CUST88805,Memory Card,EXPIRED,2913,YES
CUST22774,Smart Watch,EXPIRED,2547,NO
CUST22774,Smart Watch,EXPIRED,634,NO
CUST22774,Memory Card,PENDING,822,NO
CUST22774,Power Bank,EXPIRED,515,YES
CUST22774,Charger,ACTIVE,1020,NO
CUST22774,USB Cable,EXPIRED,4523,YES
CUST22774,Mobile Cover,ACTIVE,1891,NO
CUST22774,USB Cable,EXPIRED,4073,YES
CUST22774,Smart Watch,PENDING,1843,YES
CUST22774,Screen Guard,ACTIVE,2264,NO
CUST56635,Mobile Cover,EXPIRED,1835,NO
CUST56635,Screen Guard,ACTIVE,3366,NO
CUST56635,Charger,PENDING,2155,NO
CUST56635,Memory Card,ACTIVE,4706,YES
CUST56635,Phone Stand,PENDING,1837,NO
CUST56635,Memory Card,PENDING,4945,NO
CUST56635,Power Bank,EXPIRED,4229,YES
CUST56635,Phone Stand,EXPIRED,2781,YES
CUST56635,Smart Watch,EXPIRED,4135,YES
CUST56635,Mobile Cover,EXPIRED,663,NO
CUST56635,USB Cable,EXPIRED,2323,NO
CUST56635,Charger,ACTIVE,821,NO
CUST15934,Bluetooth Speaker,ACTIVE,1559,YES
CUST15934,Earphones,ACTIVE,3720,NO
CUST15934,Bluetooth Speaker,ACTIVE,4497,NO
CUST15934,Charger,ACTIVE,3762,YES
CUST15934,Earphones,PENDING,4693,NO
CUST15934,Power Bank,EXPIRED,4100,NO
CUST15934,Mobile Cover,PENDING,1367,YES
CUST15934,Bluetooth Speaker,PENDING,3163,NO
CUST15934,Screen Guard,EXPIRED,2555,NO
CUST15934,USB Cable,ACTIVE,3128,YES
CUST15934,Power Bank,EXPIRED,721,NO
CUST95904,Mobile Cover,ACTIVE,3027,NO
CUST95904,Power Bank,PENDING,1499,YES
CUST95904,USB Cable,EXPIRED,3560,NO
CUST95904,Earphones,ACTIVE,4207,NO
CUST95904,Phone Stand,EXPIRED,2738,NO
CUST95904,USB Cable,ACTIVE,1588,YES
CUST95904,Mobile Cover,ACTIVE,1290,YES
CUST95904,Screen Guard,EXPIRED,3685,NO
CUST95904,Screen Guard,PENDING,2355,YES
CUST95904,Power Bank,ACTIVE,766,NO
CUST26640,Screen Guard,EXPIRED,1030,NO
CUST26640,Earphones,PENDING,4435,YES
CUST26640,USB Cable,PENDING,2183,YES
CUST26640,Bluetooth Speaker,ACTIVE,2946,NO
CUST26640,Earphones,ACTIVE,2884,YES
CUST26640,Charger,PENDING,226,NO
CUST26640,Memory Card,PENDING,3206,NO
CUST26640,Charger,ACTIVE,987,NO
CUST26640,Phone Stand,ACTIVE,373,NO
CUST26640,Bluetooth Speaker,EXPIRED,2699,NO
CUST26640,Memory Card,ACTIVE,1245,NO
CUST29641,Mobile Cover,EXPIRED,2540,NO
CUST29641,Smart Watch,EXPIRED,915,NO
CUST29641,Smart Watch,EXPIRED,4992,YES
CUST29641,Mobile Cover,EXPIRED,2118,NO
CUST29641,Bluetooth Speaker,ACTIVE,1263,NO
CUST29641,Mobile Cover,EXPIRED,225,YES
CUST29641,Bluetooth Speaker,ACTIVE,3245,NO
CUST29641,Smart Watch,EXPIRED,3979,YES
CUST29641,USB Cable,ACTIVE,4859,NO
CUST29641,USB Cable,EXPIRED,2820,YES
CUST29641,Phone Stand,ACTIVE,4849,YES
CUST29641,Mobile Cover,EXPIRED,2804,YES
CUST29641,Smart Watch,ACTIVE,1789,NO
CUST53736,Mobile Cover,ACTIVE,1699,NO
CUST53736,Earphones,ACTIVE,3188,YES
CUST53736,Screen Guard,ACTIVE,3294,YES
CUST53736,Screen Guard,ACTIVE,1004,NO
CUST53736,Memory Card,ACTIVE,2211,YES
CUST53736,Charger,EXPIRED,1668,YES
CUST53736,Phone Stand,PENDING,4099,YES
CUST53736,Memory Card,PENDING,3105,YES
CUST53736,Screen Guard,PENDING,1054,YES
CUST53736,Memory Card,PENDING,1506,NO
CUST53736,Smart Watch,ACTIVE,1367,YES
CUST53736,Screen Guard,EXPIRED,2072,YES
CUST53736,Smart Watch,ACTIVE,341,NO
CUST53736,Earphones,ACTIVE,2200,YES
CUST53736,Memory Card,PENDING,2491,NO
CUST57587,Phone Stand,EXPIRED,3940,YES
CUST57587,Earphones,EXPIRED,2565,NO
CUST57587,Screen Guard,EXPIRED,334,YES
CUST57587,Phone Stand,ACTIVE,4111,YES
CUST57587,Mobile Cover,ACTIVE,1850,NO
CUST57587,Mobile Cover,EXPIRED,3424,NO
CUST57587,Power Bank,EXPIRED,1146,YES
CUST57587,Bluetooth Speaker,ACTIVE,1405,NO
CUST57587,Phone Stand,EXPIRED,3408,NO
CUST57587,Smart Watch,EXPIRED,4717,NO
CUST57587,Bluetooth Speaker,PENDING,3555,YES
CUST57587,Memory Card,PENDING,3365,YES
CUST14445,Smart Watch,PENDING,468,NO
CUST14445,Memory Card,EXPIRED,4602,NO
CUST14445,Smart Watch,ACTIVE,4090,NO
CUST14445,Memory Card,ACTIVE,4375,NO
CUST14445,Charger,ACTIVE,2410,YES
CUST14445,Power Bank,EXPIRED,2474,NO
CUST14445,Memory Card,PENDING,2485,NO
CUST14445,Screen Guard,PENDING,2237,YES
CUST14445,USB Cable,PENDING,1959,YES
CUST14445,Screen Guard,PENDING,479,YES
CUST14445,Charger,ACTIVE,4913,NO
CUST14445,Phone Stand,EXPIRED,2404,NO
CUST14445,Smart Watch,EXPIRED,575,YES
CUST14445,Screen Guard,EXPIRED,4200,YES
CUST14445,Smart Watch,ACTIVE,1147,YES
CUST73809,Smart Watch,PENDING,945,YES
CUST73809,Phone Stand,PENDING,3363,NO
CUST73809,Mobile Cover,EXPIRED,2641,NO
CUST73809,USB Cable,PENDING,4833,YES
CUST73809,Smart Watch,PENDING,1049,NO
CUST17745,USB Cable,PENDING,4402,NO
CUST17745,Smart Watch,PENDING,3040,YES
CUST17745,Charger,PENDING,1855,YES
CUST17745,Screen Guard,PENDING,2722,NO
CUST17745,Power Bank,PENDING,1014,YES
CUST17745,Bluetooth Speaker,PENDING,4305,NO
CUST17745,Earphones,PENDING,4082,NO
CUST17745,Bluetooth Speaker,ACTIVE,3509,NO
CUST17745,Earphones,ACTIVE,4454,YES
CUST17745,Mobile Cover,PENDING,1620,YES
CUST17745,Smart Watch,PENDING,207,NO
CUST17745,Memory Card,ACTIVE,2250,NO
CUST17745,Earphones,EXPIRED,4965,YES
CUST17745,Memory Card,EXPIRED,1463,NO
CUST17745,Charger,ACTIVE,1008,YES
CUST19742,Charger,EXPIRED,4817,NO
CUST19742,Earphones,EXPIRED,4451,NO
CUST19742,Earphones,EXPIRED,2545,YES
CUST19742,Charger,ACTIVE,1177,YES
CUST19742,Earphones,EXPIRED,2336,YES
CUST19742,Charger,PENDING,1760,NO
CUST19742,Smart Watch,PENDING,3215,YES
CUST19742,Power Bank,ACTIVE,2838,NO
CUST19742,Earphones,PENDING,3467,YES
CUST19742,Screen Guard,PENDING,3848,YES
CUST81852,Power Bank,PENDING,1363,YES
CUST81852,Power Bank,PENDING,3170,NO
CUST81852,Screen Guard,EXPIRED,3911,YES
CUST81852,USB Cable,ACTIVE,4171,NO
CUST81852,Smart Watch,PENDING,3432,NO
CUST81852,Mobile Cover,PENDING,2103,YES
CUST81852,Bluetooth Speaker,ACTIVE,3985,YES
CUST81852,Power Bank,PENDING,1404,NO
CUST81852,Bluetooth Speaker,PENDING,2579,YES
CUST81852,Mobile Cover,ACTIVE,908,YES
CUST81852,Phone Stand,EXPIRED,979,YES
CUST52763,Charger,EXPIRED,3038,YES
CUST52763,Charger,PENDING,4121,NO
CUST52763,Screen Guard,EXPIRED,954,NO
CUST52763,Power Bank,EXPIRED,3892,NO
CUST52763,Memory Card,EXPIRED,2935,YES
CUST52763,Screen Guard,EXPIRED,2066,YES
CUST52763,Bluetooth Speaker,PENDING,1008,YES
CUST52763,Screen Guard,PENDING,1165,NO
CUST52763,Charger,PENDING,3428,YES
CUST52763,Power Bank,EXPIRED,4821,YES
CUST84568,USB Cable,EXPIRED,537,YES
CUST84568,USB Cable,PENDING,1254,NO
CUST84568,USB Cable,PENDING,4854,YES
CUST84568,Bluetooth Speaker,ACTIVE,2241,YES
CUST84568,Earphones,EXPIRED,3749,YES
CUST84568,Memory Card,PENDING,2951,NO
CUST84568,Bluetooth Speaker,PENDING,2247,NO
CUST84568,Smart Watch,PENDING,2008,NO
CUST84568,Earphones,EXPIRED,1648,YES
CUST84568,Power Bank,ACTIVE,1589,NO
CUST84568,Memory Card,PENDING,991,NO
CUST84568,Earphones,EXPIRED,449,YES
CUST84568,Mobile Cover,PENDING,933,YES
CUST84568,Bluetooth Speaker,EXPIRED,4581,NO
CUST84568,Mobile Cover,EXPIRED,3389,NO
CUST28383,Memory Card,EXPIRED,4749,YES
CUST28383,Charger,PENDING,3436,YES
CUST28383,Earphones,ACTIVE,3440,NO
CUST28383,Screen Guard,ACTIVE,572,YES
CUST28383,Phone Stand,ACTIVE,2180,NO
CUST28383,Charger,EXPIRED,2909,YES
CUST28383,Power Bank,ACTIVE,121,NO
CUST28383,Power Bank,PENDING,4134,YES
CUST28383,Smart Watch,ACTIVE,3547,NO
CUST28383,USB Cable,PENDING,4417,YES
CUST28383,Phone Stand,ACTIVE,2148,YES
CUST80695,Bluetooth Speaker,EXPIRED,4315,YES
CUST80695,Screen Guard,EXPIRED,4075,YES
CUST80695,Mobile Cover,PENDING,441,YES
CUST80695,Mobile Cover,PENDING,2124,NO
CUST80695,Charger,ACTIVE,1499,YES
CUST80695,Screen Guard,PENDING,4426,YES
CUST80695,Power Bank,ACTIVE,4119,YES
CUST80695,Smart Watch,EXPIRED,2981,NO
CUST69446,Bluetooth Speaker,EXPIRED,2121,YES
CUST69446,Mobile Cover,PENDING,4052,NO
CUST69446,Smart Watch,ACTIVE,4075,YES
CUST69446,Mobile Cover,PENDING,2290,YES
CUST69446,Mobile Cover,PENDING,3616,YES
CUST69446,Screen Guard,EXPIRED,4028,NO
CUST69446,Screen Guard,PENDING,2829,YES
CUST69446,Power Bank,ACTIVE,1149,YES
CUST28610,USB Cable,ACTIVE,3255,YES
CUST28610,Phone Stand,ACTIVE,4783,YES
CUST28610,Bluetooth Speaker,PENDING,325,YES
CUST28610,Screen Guard,PENDING,840,YES
CUST28610,Earphones,EXPIRED,807,YES
CUST26461,Charger,ACTIVE,1319,NO
CUST26461,Power Bank,ACTIVE,433,NO
CUST26461,Screen Guard,PENDING,2257,YES
CUST26461,Smart Watch,PENDING,2018,NO
CUST26461,Bluetooth Speaker,ACTIVE,2177,NO
CUST26461,Smart Watch,ACTIVE,4193,YES
CUST26461,Smart Watch,EXPIRED,3519,NO
CUST26461,Mobile Cover,ACTIVE,1358,NO
CUST26461,Memory Card,EXPIRED,947,NO
CUST37275,Smart Watch,ACTIVE,1694,YES
CUST37275,Earphones,EXPIRED,2573,NO
CUST37275,Power Bank,PENDING,1154,YES
CUST37275,Charger,EXPIRED,704,NO
CUST37275,USB Cable,EXPIRED,3476,NO
CUST37275,Power Bank,EXPIRED,3048,NO
CUST37275,Earphones,ACTIVE,1708,NO
CUST37275,Bluetooth Speaker,ACTIVE,3946,NO
CUST37275,Charger,EXPIRED,1897,NO
CUST88119,Power Bank,EXPIRED,814,YES
CUST88119,Bluetooth Speaker,PENDING,1326,NO
CUST88119,Power Bank,ACTIVE,578,NO
CUST88119,Memory Card,EXPIRED,4057,NO
CUST88119,Phone Stand,ACTIVE,1011,YES
CUST88119,Power Bank,PENDING,462,NO
CUST88119,Mobile Cover,EXPIRED,748,YES
CUST88119,Bluetooth Speaker,EXPIRED,3188,YES
CUST88119,Screen Guard,EXPIRED,4685,YES
CUST88119,USB Cable,PENDING,3432,NO
CUST88119,Bluetooth Speaker,ACTIVE,1703,YES
CUST72176,Phone Stand,EXPIRED,1924,NO
CUST72176,Screen Guard,EXPIRED,1060,NO
CUST72176,Screen Guard,EXPIRED,2581,YES
CUST72176,Phone Stand,PENDING,3146,NO
CUST72176,USB Cable,EXPIRED,2886,NO
CUST72176,Smart Watch,ACTIVE,516,YES
CUST72176,USB Cable,ACTIVE,1628,NO
CUST72176,Bluetooth Speaker,PENDING,4952,YES
CUST38174,Bluetooth Speaker,PENDING,4284,YES
CUST38174,Bluetooth Speaker,ACTIVE,1506,YES
CUST38174,Memory Card,ACTIVE,1888,YES
CUST38174,Phone Stand,EXPIRED,4383,NO
CUST38174,Earphones,ACTIVE,2893,NO
CUST38174,Screen Guard,EXPIRED,170,NO
CUST38174,Screen Guard,PENDING,4188,NO
CUST38174,Screen Guard,ACTIVE,158,NO
CUST38174,Phone Stand,PENDING,3014,NO
CUST38174,Charger,ACTIVE,4945,NO
CUST38174,Screen Guard,EXPIRED,918,NO
CUST38174,Smart Watch,ACTIVE,4606,NO
CUST53315,Screen Guard,ACTIVE,1733,YES
CUST53315,Screen Guard,ACTIVE,302,YES
CUST53315,Bluetooth Speaker,ACTIVE,859,YES
CUST53315,Earphones,PENDING,3838,YES
CUST53315,Memory Card,ACTIVE,1993,YES
CUST53315,Earphones,ACTIVE,4940,YES
CUST53315,Screen Guard,PENDING,1274,YES
CUST53315,USB Cable,EXPIRED,4020,NO
CUST53315,Smart Watch,EXPIRED,3635,YES
CUST53315,Charger,EXPIRED,620,NO
CUST53315,Phone Stand,EXPIRED,899,YES
CUST24178,Smart Watch,PENDING,4731,YES
CUST24178,Bluetooth Speaker,EXPIRED,2554,YES
CUST24178,USB Cable,ACTIVE,3495,YES
CUST24178,Phone Stand,EXPIRED,1922,NO
CUST24178,USB Cable,EXPIRED,321,NO
CUST24178,Memory Card,PENDING,606,YES
CUST20997,Bluetooth Speaker,PENDING,4521,NO
CUST20997,USB Cable,ACTIVE,3842,NO
CUST20997,Power Bank,PENDING,2069,YES
CUST20997,Bluetooth Speaker,EXPIRED,3024,YES
CUST20997,Smart Watch,ACTIVE,4087,YES
CUST20997,Mobile Cover,PENDING,4507,YES
CUST63196,Phone Stand,PENDING,4366,NO
CUST63196,Mobile Cover,PENDING,4152,NO
CUST63196,Screen Guard,EXPIRED,472,YES
CUST63196,Phone Stand,PENDING,522,NO
CUST63196,Bluetooth Speaker,PENDING,189,YES
CUST63196,Bluetooth Speaker,PENDING,351,NO
CUST63196,Mobile Cover,EXPIRED,469,NO
CUST63196,USB Cable,EXPIRED,2075,YES
CUST63196,Smart Watch,EXPIRED,2270,YES
CUST63196,Smart Watch,PENDING,746,YES
CUST63196,USB Cable,ACTIVE,488,NO
CUST63196,Smart Watch,ACTIVE,1896,NO
CUST85550,Screen Guard,EXPIRED,3254,YES
CUST85550,Screen Guard,EXPIRED,2057,YES
CUST85550,Power Bank,ACTIVE,890,YES
CUST85550,Smart Watch,ACTIVE,3426,YES
CUST85550,Mobile Cover,PENDING,4773,NO
CUST85550,Screen Guard,EXPIRED,1694,NO
CUST85550,Charger,PENDING,1046,NO
CUST85550,USB Cable,EXPIRED,3537,YES
CUST85550,USB Cable,PENDING,2432,NO
CUST85550,Memory Card,EXPIRED,3335,YES
CUST85550,Bluetooth Speaker,ACTIVE,315,NO
CUST85550,Phone Stand,EXPIRED,751,YES
CUST94517,Bluetooth Speaker,PENDING,1126,NO
CUST94517,Earphones,ACTIVE,2390,NO
CUST94517,Smart Watch,ACTIVE,1422,YES
CUST94517,Phone Stand,PENDING,3575,YES
CUST94517,Power Bank,PENDING,1097,YES
CUST94517,Memory Card,ACTIVE,1154,YES
CUST94517,Screen Guard,PENDING,2674,YES
CUST94517,Memory Card,EXPIRED,1315,NO
CUST94517,USB Cable,PENDING,196,YES
CUST94517,Memory Card,ACTIVE,511,NO
CUST94517,USB Cable,PENDING,811,YES
CUST94517,Smart Watch,EXPIRED,4279,NO
CUST94517,Charger,EXPIRED,3991,NO
CUST51416,Phone Stand,EXPIRED,3467,NO
CUST51416,Charger,EXPIRED,1603,YES
CUST51416,Earphones,EXPIRED,3860,NO
CUST51416,USB Cable,EXPIRED,1692,YES
CUST51416,Earphones,PENDING,3640,YES
CUST51416,Screen Guard,PENDING,3607,NO
CUST51416,Phone Stand,PENDING,3272,NO
CUST51416,USB Cable,PENDING,4131,NO
CUST51416,Memory Card,EXPIRED,4744,YES
CUST51416,Charger,EXPIRED,4850,YES
CUST51416,Memory Card,PENDING,761,NO
CUST96733,Power Bank,EXPIRED,458,NO
CUST96733,Power Bank,EXPIRED,1648,YES
CUST96733,Smart Watch,PENDING,698,YES
CUST96733,Mobile Cover,EXPIRED,3085,YES
CUST96733,Phone Stand,ACTIVE,1555,YES
CUST96733,Phone Stand,PENDING,3108,YES
CUST96733,Screen Guard,EXPIRED,1829,YES
CUST67428,Power Bank,PENDING,2587,NO
CUST67428,Screen Guard,PENDING,4686,YES
CUST67428,USB Cable,PENDING,4135,NO
CUST67428,Charger,EXPIRED,2593,YES
CUST67428,Mobile Cover,EXPIRED,1249,NO
CUST67428,Charger,EXPIRED,3256,YES
CUST67428,Mobile Cover,ACTIVE,2652,NO
CUST67428,Mobile Cover,ACTIVE,1308,YES
CUST67428,Mobile Cover,EXPIRED,2630,YES
CUST67428,Phone Stand,PENDING,136,YES
CUST67428,Phone Stand,PENDING,2998,YES
CUST67428,Charger,EXPIRED,4404,YES
CUST67428,Memory Card,ACTIVE,3718,YES
CUST67428,Charger,PENDING,4888,NO
CUST85030,Smart Watch,ACTIVE,1381,NO
CUST85030,Mobile Cover,PENDING,2562,YES
CUST85030,Screen Guard,PENDING,1851,YES
CUST85030,Mobile Cover,PENDING,4897,YES
CUST85030,Earphones,ACTIVE,141,NO
CUST85030,Charger,ACTIVE,196,NO
CUST85030,Charger,ACTIVE,3242,NO
CUST85030,Phone Stand,EXPIRED,1744,YES
CUST85030,Earphones,ACTIVE,1191,NO
CUST85030,Mobile Cover,ACTIVE,225,YES
CUST85030,Mobile Cover,EXPIRED,4992,NO
CUST85030,Power Bank,ACTIVE,1052,YES
CUST85030,Mobile Cover,EXPIRED,392,NO
CUST85030,Charger,EXPIRED,644,NO
CUST69327,Power Bank,PENDING,4347,NO
CUST69327,Bluetooth Speaker,EXPIRED,2070,YES
CUST69327,Power Bank,ACTIVE,1651,YES
CUST69327,Power Bank,ACTIVE,1629,YES
CUST69327,Bluetooth Speaker,PENDING,1666,YES
CUST69327,Mobile Cover,ACTIVE,3972,YES
CUST69327,Memory Card,EXPIRED,3016,YES
CUST69327,Phone Stand,PENDING,1329,NO
CUST69327,Phone Stand,EXPIRED,142,YES
CUST69327,Phone Stand,ACTIVE,3652,NO
CUST69327,Screen Guard,ACTIVE,2047,YES
CUST69327,USB Cable,PENDING,1857,NO
CUST41020,Smart Watch,EXPIRED,1687,YES
CUST41020,USB Cable,EXPIRED,2199,YES
CUST41020,Phone Stand,ACTIVE,4209,YES
CUST41020,Mobile Cover,PENDING,4231,YES
CUST41020,Mobile Cover,ACTIVE,1137,YES
CUST41020,Memory Card,PENDING,1191,NO
CUST41020,Earphones,PENDING,3609,NO
CUST41020,Screen Guard,EXPIRED,1134,NO
CUST41020,Screen Guard,EXPIRED,4220,YES
CUST41020,Phone Stand,PENDING,3770,YES
CUST41020,Mobile Cover,PENDING,2791,YES
CUST41020,Charger,EXPIRED,1144,NO
CUST41020,Charger,ACTIVE,1364,YES
CUST68173,Charger,ACTIVE,1341,YES
CUST68173,Power Bank,PENDING,2941,NO
CUST68173,Phone Stand,ACTIVE,2575,YES
CUST68173,USB Cable,EXPIRED,743,NO
CUST68173,Bluetooth Speaker,ACTIVE,857,YES
CUST68173,Mobile Cover,ACTIVE,1728,YES
CUST68173,Smart Watch,ACTIVE,3587,NO
CUST79710,Bluetooth Speaker,EXPIRED,3650,NO
CUST79710,Memory Card,ACTIVE,4876,YES
CUST79710,Earphones,EXPIRED,4573,NO
CUST79710,Power Bank,EXPIRED,2138,NO
CUST79710,Phone Stand,PENDING,160,YES
CUST79710,Smart Watch,ACTIVE,1793,NO
CUST79710,USB Cable,PENDING,618,YES
CUST79710,Mobile Cover,PENDING,4292,NO
CUST79710,Phone Stand,EXPIRED,2057,NO
CUST79710,Charger,EXPIRED,4259,YES
CUST79710,Memory Card,PENDING,1745,NO
CUST79710,Earphones,EXPIRED,240,YES
CUST79710,USB Cable,ACTIVE,863,NO
CUST79710,Memory Card,PENDING,2264,YES
CUST79710,Power Bank,PENDING,2568,NO
CUST67616,USB Cable,ACTIVE,451,YES
CUST67616,Smart Watch,ACTIVE,1685,NO
CUST67616,USB Cable,EXPIRED,4165,NO
CUST67616,USB Cable,EXPIRED,4602,NO
CUST67616,Smart Watch,EXPIRED,1166,YES
CUST67616,Smart Watch,PENDING,3891,NO
CUST67616,Smart Watch,ACTIVE,4996,YES
CUST67616,Power Bank,PENDING,3908,YES
CUST67616,Screen Guard,PENDING,1888,NO
CUST67616,Memory Card,ACTIVE,476,NO
CUST67616,Phone Stand,ACTIVE,1741,NO
CUST67616,Bluetooth Speaker,PENDING,1192,YES
CUST67616,Screen Guard,EXPIRED,3049,YES
CUST67616,Phone Stand,PENDING,1068,YES
CUST72995,Charger,EXPIRED,4249,YES
CUST72995,Smart Watch,ACTIVE,1869,NO
CUST72995,Mobile Cover,PENDING,922,NO
CUST72995,Earphones,PENDING,644,NO
CUST72995,Memory Card,PENDING,3796,YES
CUST72995,Screen Guard,EXPIRED,4989,NO
CUST49910,Phone Stand,PENDING,3398,YES
CUST49910,Phone Stand,EXPIRED,3553,YES
CUST49910,Smart Watch,ACTIVE,2585,YES
CUST49910,Phone Stand,ACTIVE,491,YES
CUST49910,Charger,PENDING,268,YES
CUST49910,Screen Guard,PENDING,603,NO
CUST89336,USB Cable,ACTIVE,1867,NO
CUST89336,Bluetooth Speaker,EXPIRED,4483,YES
CUST89336,Memory Card,EXPIRED,4733,YES
CUST89336,Smart Watch,PENDING,206,YES
CUST89336,Power Bank,ACTIVE,3030,NO
CUST89336,Smart Watch,EXPIRED,2771,YES
CUST89336,Mobile Cover,ACTIVE,4699,NO
CUST89336,Mobile Cover,ACTIVE,4587,YES
CUST60949,Phone Stand,EXPIRED,4869,NO
CUST60949,Earphones,ACTIVE,1980,YES
CUST60949,Mobile Cover,EXPIRED,4012,NO
CUST60949,Memory Card,PENDING,4239,NO
CUST60949,Phone Stand,PENDING,2237,YES
CUST60949,Memory Card,EXPIRED,1948,YES
CUST60949,Smart Watch,ACTIVE,2463,NO
CUST60949,Earphones,EXPIRED,4478,YES
CUST60949,Mobile Cover,PENDING,2726,NO
CUST60949,Earphones,ACTIVE,3407,NO
CUST60949,Phone Stand,PENDING,3514,YES
CUST60949,Screen Guard,EXPIRED,3504,NO
CUST13732,Mobile Cover,ACTIVE,4407,NO
CUST13732,Power Bank,ACTIVE,776,NO
CUST13732,Smart Watch,EXPIRED,1299,NO
CUST13732,Memory Card,ACTIVE,3600,YES
CUST13732,USB Cable,PENDING,2649,YES
CUST13732,Power Bank,PENDING,1344,NO
CUST13732,Phone Stand,PENDING,3126,YES
CUST13732,Power Bank,ACTIVE,181,NO
CUST42115,Charger,PENDING,918,YES
CUST42115,Phone Stand,PENDING,4443,YES
CUST42115,Screen Guard,EXPIRED,2673,NO
CUST42115,Smart Watch,EXPIRED,2303,YES
CUST42115,Bluetooth Speaker,ACTIVE,587,YES
CUST39225,Bluetooth Speaker,EXPIRED,1984,NO
CUST39225,Bluetooth Speaker,EXPIRED,1327,YES
CUST39225,Memory Card,PENDING,4734,YES
CUST39225,Bluetooth Speaker,PENDING,1788,YES
CUST39225,Memory Card,EXPIRED,1687,NO
CUST36548,Bluetooth Speaker,ACTIVE,1928,YES
CUST36548,Charger,ACTIVE,4881,YES
CUST36548,Bluetooth Speaker,ACTIVE,2807,NO
CUST36548,Bluetooth Speaker,ACTIVE,3919,NO
CUST36548,Mobile Cover,PENDING,676,YES
CUST36548,Smart Watch,PENDING,2329,NO
CUST36548,USB Cable,EXPIRED,672,YES
CUST98187,Smart Watch,PENDING,2738,YES
CUST98187,USB Cable,ACTIVE,1684,YES
CUST98187,USB Cable,ACTIVE,4617,YES
CUST98187,Memory Card,PENDING,2174,YES
CUST98187,Charger,ACTIVE,4948,YES
CUST39676,Mobile Cover,ACTIVE,3414,NO
CUST39676,Charger,PENDING,3918,NO
CUST39676,Charger,PENDING,1718,NO
CUST39676,Memory Card,EXPIRED,487,YES
CUST39676,Charger,EXPIRED,3207,YES
CUST39676,Mobile Cover,EXPIRED,4253,NO
CUST39676,Power Bank,EXPIRED,1146,YES
CUST39676,Mobile Cover,PENDING,714,NO
CUST39676,Bluetooth Speaker,ACTIVE,3090,NO
CUST39676,Phone Stand,EXPIRED,314,NO
CUST39676,Screen Guard,EXPIRED,124,YES
CUST39676,Mobile Cover,PENDING,3063,YES
CUST59742,Charger,ACTIVE,2448,NO
CUST59742,USB Cable,PENDING,1596,NO
CUST59742,Earphones,EXPIRED,3521,NO
CUST59742,Phone Stand,EXPIRED,4960,NO
CUST59742,Screen Guard,ACTIVE,2314,NO
CUST59742,Charger,PENDING,3606,NO
CUST59742,Smart Watch,EXPIRED,4652,YES
CUST59742,Phone Stand,ACTIVE,2502,NO
CUST59742,Memory Card,ACTIVE,2598,YES
CUST59742,Earphones,EXPIRED,4935,YES
CUST59742,USB Cable,ACTIVE,4470,YES
CUST68326,Smart Watch,ACTIVE,2603,YES
CUST68326,Memory Card,ACTIVE,703,YES
CUST68326,USB Cable,PENDING,2944,NO
CUST68326,Bluetooth Speaker,EXPIRED,4182,YES
CUST68326,Power Bank,PENDING,1431,NO
CUST68326,Memory Card,ACTIVE,2006,NO
CUST68326,Screen Guard,PENDING,2115,NO
CUST68326,USB Cable,PENDING,1203,NO
CUST68326,Memory Card,PENDING,2053,YES
CUST68326,Memory Card,EXPIRED,3481,NO
CUST68326,Memory Card,PENDING,900,NO
CUST68326,Smart Watch,ACTIVE,387,YES
CUST68326,USB Cable,EXPIRED,3618,YES
CUST19852,Charger,ACTIVE,4479,YES
CUST19852,Power Bank,EXPIRED,3829,NO
CUST19852,Mobile Cover,EXPIRED,608,YES
CUST19852,Bluetooth Speaker,ACTIVE,3407,NO
CUST19852,Bluetooth Speaker,ACTIVE,2900,YES
CUST19852,Charger,PENDING,676,NO
CUST19852,Power Bank,EXPIRED,354,NO
CUST19852,Charger,PENDING,720,YES
CUST19852,USB Cable,EXPIRED,3726,NO
CUST72442,Charger,EXPIRED,370,NO
CUST72442,Screen Guard,PENDING,4743,NO
CUST72442,Memory Card,PENDING,2621,NO
CUST72442,USB Cable,EXPIRED,2850,NO
CUST72442,Mobile Cover,EXPIRED,3125,NO
CUST72442,Bluetooth Speaker,PENDING,4661,YES
CUST72442,Memory Card,EXPIRED,1093,NO
CUST72442,Mobile Cover,PENDING,3132,YES
CUST72442,Memory Card,EXPIRED,4786,YES
CUST72442,Mobile Cover,ACTIVE,1415,NO
CUST72442,Earphones,EXPIRED,3712,YES
CUST72442,Phone Stand,EXPIRED,4901,YES
CUST72442,Earphones,ACTIVE,809,YES
CUST72442,Memory Card,EXPIRED,2783,YES
CUST72442,Phone Stand,ACTIVE,2989,YES
CUST29222,Bluetooth Speaker,ACTIVE,3533,YES
CUST29222,Power Bank,ACTIVE,2449,NO
CUST29222,USB Cable,PENDING,1402,YES
CUST29222,Memory Card,ACTIVE,2496,YES
CUST29222,Bluetooth Speaker,PENDING,2767,NO
CUST29222,Power Bank,ACTIVE,4971,NO
CUST29222,Phone Stand,EXPIRED,1667,NO
CUST29222,Memory Card,ACTIVE,2693,NO
CUST79565,Bluetooth Speaker,PENDING,409,NO
CUST79565,Earphones,PENDING,1989,NO
CUST79565,USB Cable,PENDING,3437,NO
CUST79565,Bluetooth Speaker,EXPIRED,1843,YES
CUST79565,Mobile Cover,PENDING,1797,YES
CUST79565,Phone Stand,EXPIRED,4910,NO
CUST79565,Power Bank,PENDING,4680,NO
CUST79565,Screen Guard,EXPIRED,1548,YES
CUST79565,Power Bank,EXPIRED,602,NO
CUST79565,USB Cable,ACTIVE,3407,NO
CUST79565,Smart Watch,EXPIRED,2580,YES
CUST80179,Earphones,PENDING,1644,NO
CUST80179,USB Cable,EXPIRED,3371,NO
CUST80179,Memory Card,PENDING,3699,NO
CUST80179,Bluetooth Speaker,EXPIRED,4296,NO
CUST80179,Mobile Cover,PENDING,2209,NO
CUST80179,Earphones,ACTIVE,758,NO
CUST80179,Screen Guard,PENDING,471,NO
CUST80179,Smart Watch,PENDING,2845,NO
CUST80179,Screen Guard,EXPIRED,1026,YES
CUST80179,Screen Guard,PENDING,1461,YES
CUST80179,Earphones,ACTIVE,2588,YES
CUST80179,Bluetooth Speaker,EXPIRED,1545,YES
CUST80179,Bluetooth Speaker,PENDING,4539,YES
CUST80179,Mobile Cover,PENDING,3224,NO
CUST38745,Power Bank,EXPIRED,4443,YES
CUST38745,Smart Watch,PENDING,3690,YES
CUST38745,Charger,PENDING,4795,YES
CUST38745,Screen Guard,PENDING,3480,NO
CUST38745,Smart Watch,EXPIRED,3593,YES
CUST38745,Smart Watch,EXPIRED,2215,YES
CUST38745,Earphones,EXPIRED,1738,NO
CUST38745,Smart Watch,PENDING,3499,NO
CUST38745,Smart Watch,ACTIVE,3947,NO
CUST38745,Smart Watch,EXPIRED,3952,NO
CUST38745,USB Cable,ACTIVE,2076,NO
CUST38745,Power Bank,EXPIRED,2897,YES
CUST38745,Power Bank,ACTIVE,3886,NO
CUST87004,Earphones,EXPIRED,1456,NO
CUST87004,Screen Guard,EXPIRED,3851,NO
CUST87004,Mobile Cover,PENDING,2225,YES
CUST87004,Charger,PENDING,2441,YES
CUST87004,Phone Stand,EXPIRED,3267,YES
CUST87004,Memory Card,EXPIRED,4456,YES
CUST87004,Smart Watch,EXPIRED,4898,YES
CUST87004,Mobile Cover,PENDING,316,NO
CUST87004,Earphones,ACTIVE,2834,YES
CUST18734,Memory Card,EXPIRED,887,YES
CUST18734,Smart Watch,ACTIVE,1762,YES
CUST18734,Mobile Cover,PENDING,2656,YES
CUST18734,Bluetooth Speaker,ACTIVE,3340,YES
CUST18734,Smart Watch,PENDING,1128,YES
CUST18734,Screen Guard,EXPIRED,823,NO
CUST18734,Power Bank,PENDING,4148,YES
CUST18734,Power Bank,ACTIVE,2976,YES
CUST18734,Power Bank,ACTIVE,1214,NO
CUST18734,USB Cable,ACTIVE,1408,NO
CUST81424,USB Cable,EXPIRED,2127,YES
CUST81424,Power Bank,ACTIVE,3684,NO
CUST81424,Screen Guard,EXPIRED,3791,YES
CUST81424,Screen Guard,PENDING,1164,YES
CUST81424,Earphones,ACTIVE,840,YES
CUST81424,Phone Stand,PENDING,3175,NO
CUST81424,Smart Watch,PENDING,1744,NO
CUST81424,Screen Guard,PENDING,294,YES
CUST81424,Mobile Cover,EXPIRED,4263,YES
CUST81424,Charger,ACTIVE,1949,YES
CUST39254,Screen Guard,PENDING,1886,YES
CUST39254,USB Cable,EXPIRED,2943,NO
CUST39254,Screen Guard,ACTIVE,420,NO
CUST39254,Charger,PENDING,1508,NO
CUST39254,Memory Card,ACTIVE,4418,NO
CUST39254,Charger,PENDING,3708,YES
CUST37746,Mobile Cover,ACTIVE,1256,YES
CUST37746,Screen Guard,PENDING,849,NO
CUST37746,USB Cable,ACTIVE,238,YES
CUST37746,Power Bank,PENDING,1913,YES
CUST37746,Screen Guard,PENDING,2066,YES
CUST37746,Screen Guard,ACTIVE,2478,NO
CUST37746,Bluetooth Speaker,ACTIVE,1446,NO
CUST37746,Screen Guard,ACTIVE,2150,NO
CUST37746,Screen Guard,EXPIRED,2482,YES
CUST37746,Screen Guard,EXPIRED,3453,YES
CUST37746,Memory Card,ACTIVE,1093,NO
CUST37746,Phone Stand,EXPIRED,4232,YES
CUST94098,Phone Stand,ACTIVE,650,YES
CUST94098,USB Cable,PENDING,2199,NO
CUST94098,Screen Guard,PENDING,4740,NO
CUST94098,Charger,ACTIVE,3966,NO
CUST94098,Earphones,ACTIVE,3499,NO
CUST13932,Screen Guard,PENDING,1002,NO
CUST13932,Bluetooth Speaker,ACTIVE,4432,NO
CUST13932,Power Bank,ACTIVE,1011,YES
CUST13932,Phone Stand,PENDING,2381,YES
CUST13932,USB Cable,ACTIVE,4538,NO
CUST13932,Phone Stand,EXPIRED,3495,YES
CUST13932,Power Bank,ACTIVE,2387,NO
CUST13932,Mobile Cover,ACTIVE,2729,YES
CUST13932,Mobile Cover,ACTIVE,4556,YES
CUST13932,USB Cable,PENDING,947,YES
CUST13932,Phone Stand,ACTIVE,4561,NO
CUST57679,Earphones,PENDING,3467,YES
CUST57679,Power Bank,EXPIRED,2460,YES
CUST57679,Phone Stand,ACTIVE,2520,YES
CUST57679,Power Bank,ACTIVE,2624,NO
CUST57679,Screen Guard,ACTIVE,4851,YES
CUST57679,Bluetooth Speaker,ACTIVE,1316,YES
CUST57679,Bluetooth Speaker,PENDING,1343,NO
CUST57679,Smart Watch,PENDING,4015,NO
CUST57679,Bluetooth Speaker,PENDING,3579,NO
CUST52811,Memory Card,ACTIVE,1558,YES
CUST52811,Earphones,EXPIRED,2513,YES
CUST52811,Power Bank,EXPIRED,264,NO
CUST52811,Charger,EXPIRED,4370,YES
CUST52811,Memory Card,EXPIRED,1850,YES
CUST52811,Memory Card,PENDING,1391,NO
CUST52811,Smart Watch,ACTIVE,1352,NO
CUST52811,Charger,EXPIRED,430,NO
CUST52811,Bluetooth Speaker,EXPIRED,971,NO
CUST41735,USB Cable,PENDING,3346,YES
CUST41735,USB Cable,ACTIVE,3789,NO
CUST41735,Screen Guard,ACTIVE,4699,YES
CUST41735,Memory Card,EXPIRED,3539,NO
CUST41735,Phone Stand,ACTIVE,3916,NO
CUST41735,Smart Watch,ACTIVE,626,NO
CUST19997,Smart Watch,PENDING,2193,NO
CUST19997,Bluetooth Speaker,EXPIRED,2110,NO
CUST19997,USB Cable,ACTIVE,658,NO
CUST19997,Earphones,PENDING,4478,NO
CUST19997,Mobile Cover,ACTIVE,2806,YES
CUST19997,Power Bank,PENDING,4674,NO
CUST19997,Charger,ACTIVE,3581,YES
CUST19997,Memory Card,EXPIRED,650,YES
CUST19997,Phone Stand,PENDING,3827,NO
CUST19997,Power Bank,EXPIRED,3369,YES
CUST19997,Bluetooth Speaker,PENDING,4176,YES
CUST19997,Memory Card,EXPIRED,3990,YES
CUST19997,Memory Card,ACTIVE,1729,YES
CUST54239,Charger,PENDING,3686,NO
CUST54239,Earphones,PENDING,4837,NO
CUST54239,Smart Watch,EXPIRED,701,NO
CUST54239,USB Cable,PENDING,116,YES
CUST54239,USB Cable,ACTIVE,2020,YES
CUST54239,Phone Stand,ACTIVE,4120,YES
CUST54239,Phone Stand,PENDING,2404,NO
CUST54239,Phone Stand,PENDING,164,NO
CUST54239,Earphones,EXPIRED,767,YES
CUST54239,Power Bank,EXPIRED,1372,NO
CUST54239,Bluetooth Speaker,PENDING,1656,YES
CUST54239,Screen Guard,PENDING,2545,YES
CUST54239,USB Cable,ACTIVE,4215,YES
CUST54239,Memory Card,EXPIRED,2869,YES
CUST54239,Bluetooth Speaker,ACTIVE,4080,YES
CUST92841,Memory Card,ACTIVE,4393,YES
CUST92841,Mobile Cover,EXPIRED,2976,NO
CUST92841,Mobile Cover,PENDING,1737,YES
CUST92841,Earphones,ACTIVE,463,NO
CUST92841,Phone Stand,EXPIRED,3349,YES
CUST92841,Charger,PENDING,2287,NO
CUST92841,Memory Card,PENDING,4650,NO
CUST92841,Memory Card,ACTIVE,2229,YES
CUST92841,Phone Stand,ACTIVE,884,NO
CUST92841,Smart Watch,PENDING,1584,YES
CUST92841,Bluetooth Speaker,PENDING,1306,NO
CUST92841,Earphones,PENDING,2476,NO
CUST92841,Charger,EXPIRED,3605,YES
CUST41058,Mobile Cover,EXPIRED,3858,YES
CUST41058,Earphones,PENDING,4140,YES
CUST41058,Bluetooth Speaker,ACTIVE,1794,NO
CUST41058,Bluetooth Speaker,EXPIRED,690,YES
CUST41058,Mobile Cover,EXPIRED,1647,YES
CUST41058,Phone Stand,PENDING,2634,YES
CUST55058,Charger,PENDING,2085,YES
CUST55058,Charger,ACTIVE,692,NO
CUST55058,Bluetooth Speaker,ACTIVE,4344,NO
CUST55058,Screen Guard,PENDING,3158,NO
CUST55058,Phone Stand,PENDING,4561,YES
CUST55058,Earphones,EXPIRED,545,YES
CUST55058,Earphones,PENDING,273,YES
CUST55058,Phone Stand,ACTIVE,1637,YES
CUST55058,Smart Watch,ACTIVE,161,NO
CUST55058,Memory Card,EXPIRED,1499,NO
CUST55058,Screen Guard,ACTIVE,408,YES
CUST55058,Screen Guard,ACTIVE,1238,YES
CUST55058,Smart Watch,PENDING,4691,YES
CUST55058,Earphones,EXPIRED,3653,YES
CUST76458,Mobile Cover,EXPIRED,2611,NO
CUST76458,Mobile Cover,ACTIVE,921,NO
CUST76458,Screen Guard,PENDING,227,YES
CUST76458,Charger,ACTIVE,1095,YES
CUST76458,Charger,ACTIVE,2905,NO
CUST76458,Power Bank,PENDING,1463,NO
CUST76458,Bluetooth Speaker,EXPIRED,3375,YES
CUST76458,Bluetooth Speaker,PENDING,3050,YES
CUST76458,Power Bank,PENDING,3015,YES
CUST76458,Mobile Cover,EXPIRED,2279,NO
CUST76458,Mobile Cover,EXPIRED,1986,NO
CUST76458,Earphones,PENDING,3588,NO
CUST76458,Memory Card,PENDING,935,NO
CUST97285,Smart Watch,EXPIRED,4806,NO
CUST97285,Phone Stand,ACTIVE,761,YES
CUST97285,Phone Stand,PENDING,2967,NO
CUST97285,Charger,ACTIVE,696,NO
CUST97285,Memory Card,PENDING,1371,YES
CUST97285,Mobile Cover,PENDING,3589,YES
CUST97285,USB Cable,PENDING,3899,YES
CUST97285,Phone Stand,ACTIVE,4175,YES
CUST97285,Charger,ACTIVE,4323,YES
CUST97285,Charger,PENDING,4967,NO
CUST97285,Screen Guard,EXPIRED,1011,NO
CUST97285,USB Cable,EXPIRED,4131,NO
CUST97285,Bluetooth Speaker,EXPIRED,2733,NO
CUST97285,USB Cable,PENDING,356,NO
CUST97285,Mobile Cover,EXPIRED,414,YES
CUST46595,Phone Stand,ACTIVE,995,YES
CUST46595,Bluetooth Speaker,EXPIRED,960,YES
CUST46595,Charger,PENDING,2843,YES
CUST46595,Phone Stand,ACTIVE,1391,NO
CUST46595,USB Cable,PENDING,3476,NO
CUST46595,USB Cable,EXPIRED,430,YES
CUST46595,Charger,PENDING,1025,NO
CUST46595,Mobile Cover,PENDING,1738,YES
CUST46595,Phone Stand,ACTIVE,1052,NO
CUST46595,Smart Watch,EXPIRED,1756,NO
CUST46595,Memory Card,ACTIVE,4684,NO
CUST40015,Power Bank,EXPIRED,4526,YES
CUST40015,Smart Watch,ACTIVE,149,YES
CUST40015,Phone Stand,PENDING,456,YES
CUST40015,Phone Stand,PENDING,2015,YES
CUST40015,Memory Card,PENDING,1603,YES
CUST40015,Phone Stand,PENDING,4777,YES
CUST40015,Earphones,EXPIRED,3140,NO
CUST40015,Bluetooth Speaker,EXPIRED,4392,YES
CUST40015,Power Bank,EXPIRED,3144,NO
CUST40015,USB Cable,PENDING,4499,YES
CUST40015,Bluetooth Speaker,EXPIRED,2565,NO
CUST42064,Smart Watch,ACTIVE,829,YES
CUST42064,USB Cable,PENDING,3445,NO
CUST42064,USB Cable,EXPIRED,4603,YES
CUST42064,Smart Watch,PENDING,671,NO
CUST42064,USB Cable,EXPIRED,4192,YES
CUST55159,Power Bank,EXPIRED,4329,YES
CUST55159,Bluetooth Speaker,ACTIVE,3557,YES
CUST55159,Screen Guard,EXPIRED,4945,NO
CUST55159,Smart Watch,ACTIVE,1814,NO
CUST55159,Smart Watch,PENDING,390,YES
CUST55159,Power Bank,EXPIRED,4057,YES
CUST55159,Memory Card,EXPIRED,2162,YES
CUST55159,Earphones,EXPIRED,3861,NO
CUST55159,Bluetooth Speaker,PENDING,3935,NO
CUST55159,Smart Watch,ACTIVE,4323,YES
CUST55159,Power Bank,PENDING,2561,YES
CUST55159,Mobile Cover,EXPIRED,578,NO
CUST55159,Smart Watch,PENDING,446,YES
CUST55159,Power Bank,ACTIVE,2936,NO
CUST53506,Power Bank,ACTIVE,4441,YES
CUST53506,Earphones,ACTIVE,1196,NO
CUST53506,Earphones,ACTIVE,3248,YES
CUST53506,Mobile Cover,EXPIRED,1671,YES
CUST53506,Mobile Cover,PENDING,429,NO
CUST53506,Smart Watch,PENDING,3611,NO
CUST97086,Power Bank,EXPIRED,4348,NO
CUST97086,Phone Stand,PENDING,1835,NO
CUST97086,Mobile Cover,PENDING,1063,NO
CUST97086,Smart Watch,EXPIRED,3909,NO
CUST97086,Charger,ACTIVE,1149,NO
CUST97086,Earphones,EXPIRED,2160,YES
CUST97086,Phone Stand,ACTIVE,3145,NO
CUST97086,Screen Guard,EXPIRED,309,YES
CUST97086,Power Bank,PENDING,4848,NO
CUST97086,Screen Guard,EXPIRED,4650,YES
CUST78832,Charger,PENDING,2277,YES
CUST78832,Charger,ACTIVE,1215,YES
CUST78832,Bluetooth Speaker,ACTIVE,3193,YES
CUST78832,USB Cable,ACTIVE,4981,NO
CUST78832,Screen Guard,ACTIVE,1857,NO
CUST78832,Charger,EXPIRED,639,NO
CUST78832,Memory Card,PENDING,104,NO
CUST78832,USB Cable,ACTIVE,1540,YES
CUST78832,Earphones,PENDING,3275,NO
CUST78832,Screen Guard,PENDING,1255,NO
CUST78832,USB Cable,ACTIVE,2716,NO
CUST58012,Phone Stand,EXPIRED,2155,YES
CUST58012,Charger,EXPIRED,2360,YES
CUST58012,Bluetooth Speaker,EXPIRED,1475,YES
CUST58012,Memory Card,ACTIVE,3911,YES
CUST58012,Mobile Cover,PENDING,3912,NO
CUST58012,Earphones,ACTIVE,4249,YES
CUST58012,Power Bank,ACTIVE,1406,YES
CUST58012,Screen Guard,EXPIRED,1793,NO
CUST58012,Power Bank,ACTIVE,2157,NO
CUST58012,Mobile Cover,PENDING,4748,NO
CUST58012,Phone Stand,EXPIRED,2416,NO
CUST58012,Charger,ACTIVE,739,NO
CUST58012,USB Cable,EXPIRED,2276,NO
CUST58012,Mobile Cover,EXPIRED,233,YES
CUST48096,Earphones,ACTIVE,3363,NO
CUST48096,Phone Stand,ACTIVE,3837,NO
CUST48096,USB Cable,PENDING,2817,YES
CUST48096,Mobile Cover,EXPIRED,944,NO
CUST48096,Charger,EXPIRED,4081,YES
CUST48096,Memory Card,EXPIRED,441,YES
CUST48096,Screen Guard,EXPIRED,2142,NO
CUST48096,Mobile Cover,ACTIVE,417,NO
CUST48096,Screen Guard,ACTIVE,4508,NO
CUST48096,Charger,PENDING,1054,NO
CUST48096,Memory Card,PENDING,4410,YES
CUST48096,Phone Stand,ACTIVE,4514,YES
CUST48096,Bluetooth Speaker,EXPIRED,4200,NO
CUST48096,USB Cable,EXPIRED,3251,YES
CUST22299,Bluetooth Speaker,ACTIVE,1239,YES
CUST22299,USB Cable,PENDING,4717,YES
CUST22299,Mobile Cover,PENDING,872,NO
CUST22299,Screen Guard,EXPIRED,648,YES
CUST22299,USB Cable,PENDING,4619,YES
CUST22299,Phone Stand,ACTIVE,3267,YES
CUST22299,Smart Watch,PENDING,870,NO
CUST22299,USB Cable,ACTIVE,217,NO
CUST22299,Phone Stand,ACTIVE,3936,NO
CUST22299,Earphones,ACTIVE,1209,NO
CUST22299,USB Cable,EXPIRED,2430,YES
CUST22299,Charger,ACTIVE,3658,YES
CUST22299,Phone Stand,EXPIRED,3729,YES
CUST22299,Power Bank,EXPIRED,717,YES
CUST24643,Phone Stand,ACTIVE,4914,NO
CUST24643,USB Cable,ACTIVE,392,YES
CUST24643,Screen Guard,ACTIVE,4721,NO
CUST24643,Phone Stand,PENDING,3991,NO
CUST24643,Earphones,ACTIVE,4678,YES
CUST24643,Smart Watch,EXPIRED,2365,YES
CUST24643,Phone Stand,ACTIVE,3324,NO
CUST24643,Mobile Cover,PENDING,1770,YES
CUST24643,Charger,EXPIRED,2954,YES
CUST68442,Screen Guard,ACTIVE,569,YES
CUST68442,Phone Stand,ACTIVE,4931,YES
CUST68442,Smart Watch,EXPIRED,4198,YES
CUST68442,Smart Watch,PENDING,3985,YES
CUST68442,Bluetooth Speaker,EXPIRED,2918,YES
CUST68442,Smart Watch,PENDING,3272,YES
CUST68442,Phone Stand,ACTIVE,4735,YES
CUST68442,Mobile Cover,PENDING,2407,NO
CUST68442,Phone Stand,PENDING,3969,YES
CUST68442,Mobile Cover,EXPIRED,1459,NO
CUST97121,Earphones,ACTIVE,2606,NO
CUST97121,Charger,ACTIVE,1749,NO
CUST97121,Phone Stand,ACTIVE,2830,YES
CUST97121,Screen Guard,EXPIRED,1998,YES
CUST97121,Charger,PENDING,2054,NO
CUST97121,Smart Watch,EXPIRED,4553,NO
CUST97121,Smart Watch,ACTIVE,3320,NO
CUST97121,Mobile Cover,ACTIVE,2547,YES
CUST97121,Phone Stand,PENDING,4424,YES
CUST97121,Earphones,PENDING,4846,NO
CUST97121,USB Cable,ACTIVE,4074,YES
CUST97121,Charger,ACTIVE,4915,YES
CUST97121,Smart Watch,PENDING,4886,NO
CUST12257,Phone Stand,EXPIRED,2240,YES
CUST12257,Bluetooth Speaker,PENDING,819,NO
CUST12257,Memory Card,EXPIRED,538,NO
CUST12257,Earphones,EXPIRED,1355,NO
CUST12257,Screen Guard,EXPIRED,2456,NO
CUST12257,Power Bank,EXPIRED,3098,YES
CUST12257,Phone Stand,ACTIVE,3940,YES
CUST12257,USB Cable,ACTIVE,1093,NO
CUST12257,Screen Guard,PENDING,1179,NO
CUST12257,Phone Stand,ACTIVE,2596,YES
CUST12257,Memory Card,EXPIRED,3574,YES
CUST59120,Phone Stand,EXPIRED,124,NO
CUST59120,Earphones,PENDING,2709,YES
CUST59120,Memory Card,ACTIVE,1089,NO
CUST59120,Bluetooth Speaker,ACTIVE,4906,NO
CUST59120,Earphones,PENDING,4076,YES
CUST59120,Memory Card,EXPIRED,4580,YES
CUST59120,Charger,ACTIVE,4150,NO
CUST59120,Screen Guard,EXPIRED,2880,YES
CUST59120,Power Bank,PENDING,1291,YES
CUST59120,Bluetooth Speaker,EXPIRED,541,NO
CUST30751,Phone Stand,EXPIRED,4301,YES
CUST30751,Power Bank,PENDING,4833,NO
CUST30751,Earphones,PENDING,3255,YES
CUST30751,Phone Stand,ACTIVE,1687,YES
CUST30751,Smart Watch,PENDING,3031,NO
CUST30751,Charger,EXPIRED,1481,NO
CUST30751,Memory Card,PENDING,1605,NO
CUST30751,USB Cable,EXPIRED,2890,YES
CUST30751,Smart Watch,EXPIRED,4737,YES
CUST62051,Bluetooth Speaker,ACTIVE,405,YES
CUST62051,Power Bank,PENDING,705,YES
CUST62051,Memory Card,EXPIRED,2882,NO
CUST62051,Phone Stand,PENDING,4524,YES
CUST62051,USB Cable,EXPIRED,2285,NO
CUST62051,Mobile Cover,EXPIRED,1428,YES
CUST62051,Phone Stand,PENDING,701,YES
CUST62051,Phone Stand,EXPIRED,1078,YES
CUST62051,Screen Guard,ACTIVE,3601,YES
CUST68898,Bluetooth Speaker,EXPIRED,3387,YES
CUST68898,Memory Card,ACTIVE,4655,YES
CUST68898,Bluetooth Speaker,EXPIRED,2198,NO
CUST68898,Smart Watch,ACTIVE,1485,YES
CUST68898,Memory Card,ACTIVE,3583,YES
CUST68898,Screen Guard,ACTIVE,4765,YES
CUST68898,Mobile Cover,PENDING,4960,YES
CUST68898,Mobile Cover,PENDING,4189,YES
CUST68898,Memory Card,ACTIVE,3379,NO
CUST68898,Mobile Cover,PENDING,2510,YES
CUST68898,Power Bank,EXPIRED,3160,YES
CUST68898,USB Cable,EXPIRED,2594,YES
CUST68898,Smart Watch,EXPIRED,974,NO
CUST57310,Power Bank,PENDING,1191,NO
CUST57310,Smart Watch,ACTIVE,4856,YES
CUST57310,Charger,ACTIVE,2719,YES
CUST57310,Bluetooth Speaker,ACTIVE,2702,NO
CUST57310,Power Bank,ACTIVE,3463,NO
CUST57310,Smart Watch,EXPIRED,3077,YES
CUST57310,Earphones,ACTIVE,2212,YES
CUST57310,Mobile Cover,PENDING,2892,YES
CUST70362,Bluetooth Speaker,PENDING,1426,NO
CUST70362,Charger,ACTIVE,2428,NO
CUST70362,Power Bank,PENDING,399,NO
CUST70362,Charger,EXPIRED,1437,YES
CUST70362,Phone Stand,EXPIRED,1729,YES
CUST70362,Earphones,EXPIRED,2295,YES
CUST70362,Earphones,EXPIRED,3613,NO
CUST70362,Screen Guard,PENDING,3356,NO
CUST70362,Phone Stand,EXPIRED,1593,NO
CUST70362,Mobile Cover,ACTIVE,1849,YES
CUST87873,Memory Card,PENDING,3829,YES
CUST87873,Phone Stand,ACTIVE,478,NO
CUST87873,Bluetooth Speaker,ACTIVE,1098,YES
CUST87873,Smart Watch,ACTIVE,3582,YES
CUST87873,Bluetooth Speaker,PENDING,625,YES
CUST87873,Smart Watch,ACTIVE,764,NO
CUST87873,USB Cable,ACTIVE,4515,YES
CUST87873,USB Cable,PENDING,943,NO
CUST87873,Phone Stand,EXPIRED,1022,NO
CUST96752,Screen Guard,ACTIVE,4612,NO
CUST96752,Screen Guard,EXPIRED,2226,NO
CUST96752,Power Bank,ACTIVE,869,NO
CUST96752,Memory Card,ACTIVE,3023,YES
CUST96752,Smart Watch,EXPIRED,1701,NO
CUST96752,Power Bank,EXPIRED,3057,YES
CUST96752,Bluetooth Speaker,EXPIRED,499,NO
CUST96752,Smart Watch,EXPIRED,2427,YES
CUST96752,Memory Card,PENDING,3800,YES
CUST96752,Mobile Cover,EXPIRED,2148,NO
CUST96752,Screen Guard,PENDING,2649,NO
CUST31722,Bluetooth Speaker,PENDING,2358,NO
CUST31722,USB Cable,ACTIVE,3739,NO
CUST31722,Memory Card,ACTIVE,2322,NO
CUST31722,Phone Stand,PENDING,1556,NO
CUST31722,Phone Stand,PENDING,2189,YES
CUST31722,USB Cable,EXPIRED,4387,NO
CUST31722,USB Cable,ACTIVE,2639,YES
CUST31722,Phone Stand,PENDING,3605,NO
CUST31722,USB Cable,ACTIVE,1095,YES
CUST31722,Bluetooth Speaker,PENDING,4672,YES
CUST31722,Smart Watch,PENDING,4779,NO
CUST31722,Bluetooth Speaker,ACTIVE,1378,NO
CUST31722,USB Cable,EXPIRED,3068,YES
CUST31722,Screen Guard,PENDING,1232,NO
CUST57823,Mobile Cover,PENDING,2376,YES
CUST57823,Bluetooth Speaker,EXPIRED,2851,YES
CUST57823,Power Bank,EXPIRED,1107,YES
CUST57823,Earphones,EXPIRED,1770,YES
CUST57823,USB Cable,EXPIRED,3940,YES
CUST57823,Screen Guard,PENDING,2513,NO
CUST57823,Bluetooth Speaker,PENDING,4315,NO
CUST57823,Phone Stand,PENDING,3009,YES
CUST57823,Memory Card,PENDING,2228,YES
CUST52338,USB Cable,PENDING,4470,YES
CUST52338,Smart Watch,EXPIRED,893,YES
CUST52338,Power Bank,PENDING,2637,NO
CUST52338,Bluetooth Speaker,EXPIRED,4187,NO
CUST52338,Smart Watch,PENDING,1588,NO
CUST52338,Screen Guard,PENDING,3830,YES
CUST52338,Charger,ACTIVE,1634,YES
CUST52338,Mobile Cover,PENDING,4480,YES
CUST34633,Mobile Cover,PENDING,4759,NO
CUST34633,Bluetooth Speaker,EXPIRED,2716,NO
CUST34633,Bluetooth Speaker,ACTIVE,182,YES
CUST34633,Earphones,EXPIRED,2105,YES
CUST34633,Charger,PENDING,2198,YES
CUST34633,Smart Watch,ACTIVE,431,YES
CUST34633,Screen Guard,PENDING,3017,YES
CUST34633,Screen Guard,PENDING,2626,NO
CUST34633,Phone Stand,EXPIRED,1997,YES
CUST34633,Mobile Cover,ACTIVE,815,YES
CUST34633,Smart Watch,ACTIVE,2625,YES
CUST34633,USB Cable,EXPIRED,4872,NO
CUST82433,Power Bank,EXPIRED,2402,YES
CUST82433,Smart Watch,PENDING,3687,YES
CUST82433,Memory Card,ACTIVE,760,NO
CUST82433,Memory Card,EXPIRED,3336,YES
CUST82433,Phone Stand,ACTIVE,4192,YES
CUST82433,Charger,PENDING,1199,NO
CUST82433,Charger,EXPIRED,1366,NO
CUST82433,Power Bank,PENDING,3186,NO
CUST82433,Power Bank,ACTIVE,3426,NO
CUST82433,USB Cable,ACTIVE,1149,NO
CUST82433,Earphones,ACTIVE,4888,NO
CUST82433,Power Bank,PENDING,4956,NO
CUST82433,Screen Guard,EXPIRED,657,YES
CUST82433,Memory Card,ACTIVE,1444,NO
CUST82433,Charger,ACTIVE,4190,YES
CUST49137,Power Bank,PENDING,3657,NO
CUST49137,Memory Card,EXPIRED,1568,YES
CUST49137,Bluetooth Speaker,ACTIVE,1534,YES
CUST49137,Mobile Cover,ACTIVE,1489,YES
CUST49137,Power Bank,EXPIRED,203,NO
CUST49137,Charger,PENDING,1826,YES
CUST49137,Mobile Cover,ACTIVE,1632,NO
CUST49137,Power Bank,ACTIVE,2456,YES
CUST49137,Bluetooth Speaker,PENDING,2696,NO
CUST49137,Charger,ACTIVE,3942,NO
CUST49137,USB Cable,ACTIVE,1255,NO
CUST49137,Bluetooth Speaker,ACTIVE,3119,NO
CUST49137,Earphones,EXPIRED,2996,YES
CUST50669,Mobile Cover,EXPIRED,1144,YES
CUST50669,Screen Guard,EXPIRED,3385,YES
CUST50669,USB Cable,PENDING,2895,NO
CUST50669,Screen Guard,ACTIVE,1431,YES
CUST50669,Earphones,ACTIVE,3791,YES
CUST50669,Screen Guard,PENDING,2121,YES
CUST50669,Power Bank,PENDING,1780,YES
CUST50669,Charger,EXPIRED,4281,NO
CUST50669,Smart Watch,PENDING,545,NO
CUST50669,Memory Card,EXPIRED,1466,YES
CUST50669,Earphones,PENDING,2997,NO
CUST50669,Smart Watch,EXPIRED,3609,YES
CUST61562,Screen Guard,EXPIRED,1016,NO
CUST61562,Phone Stand,PENDING,279,NO
CUST61562,Phone Stand,PENDING,2089,NO
CUST61562,Charger,EXPIRED,1900,NO
CUST61562,Earphones,ACTIVE,510,NO
CUST61562,Screen Guard,PENDING,2208,YES
CUST61562,Smart Watch,EXPIRED,496,NO
CUST61562,Phone Stand,ACTIVE,3284,YES
CUST61562,Power Bank,PENDING,934,NO
CUST61562,Phone Stand,PENDING,4764,NO
CUST61562,Earphones,PENDING,1899,NO
CUST61562,Phone Stand,ACTIVE,3593,YES
CUST61562,USB Cable,PENDING,1857,NO
CUST61562,Power Bank,PENDING,1863,NO
CUST66716,Charger,PENDING,4086,NO
CUST66716,USB Cable,ACTIVE,3510,NO
CUST66716,Screen Guard,PENDING,753,YES
CUST66716,Memory Card,ACTIVE,2236,NO
CUST66716,Mobile Cover,EXPIRED,2045,YES
CUST66716,Power Bank,PENDING,2048,NO
CUST77206,USB Cable,ACTIVE,580,YES
CUST77206,Earphones,ACTIVE,569,NO
CUST77206,Earphones,EXPIRED,706,YES
CUST77206,Memory Card,PENDING,1911,YES
CUST77206,Smart Watch,ACTIVE,4164,NO
CUST77206,Memory Card,EXPIRED,1226,NO
CUST77206,Power Bank,ACTIVE,309,NO
CUST77206,Mobile Cover,PENDING,2406,YES
CUST77206,Bluetooth Speaker,EXPIRED,3592,NO
CUST15527,Bluetooth Speaker,EXPIRED,3660,NO
CUST15527,Earphones,PENDING,3650,NO
CUST15527,Phone Stand,PENDING,923,YES
CUST15527,Memory Card,ACTIVE,1365,NO
CUST15527,Earphones,ACTIVE,251,NO
CUST15527,Phone Stand,EXPIRED,4727,NO
CUST15527,Mobile Cover,ACTIVE,4158,NO
CUST62818,Charger,ACTIVE,3213,NO
CUST62818,Memory Card,PENDING,279,NO
CUST62818,Bluetooth Speaker,PENDING,4634,NO
CUST62818,Smart Watch,ACTIVE,3219,YES
CUST62818,Earphones,PENDING,4636,NO
CUST62818,Power Bank,ACTIVE,4761,NO
CUST62818,Charger,ACTIVE,1002,NO
CUST62818,Phone Stand,PENDING,2626,YES
CUST62818,USB Cable,EXPIRED,1922,YES
CUST62818,Power Bank,EXPIRED,4353,NO
CUST62818,Mobile Cover,ACTIVE,1236,NO
CUST62818,Charger,EXPIRED,4118,YES
CUST68865,Screen Guard,EXPIRED,3325,NO
CUST68865,Bluetooth Speaker,ACTIVE,4726,NO
CUST68865,Smart Watch,PENDING,4226,NO
CUST68865,Bluetooth Speaker,ACTIVE,365,YES
CUST68865,Power Bank,PENDING,3144,YES
CUST68865,USB Cable,PENDING,3258,YES
CUST68865,Smart Watch,ACTIVE,214,YES
CUST41912,Phone Stand,PENDING,4513,YES
CUST41912,Power Bank,ACTIVE,2039,NO
CUST41912,Memory Card,EXPIRED,1418,NO
CUST41912,Memory Card,EXPIRED,4275,YES
CUST41912,Mobile Cover,EXPIRED,1180,NO
CUST41912,Phone Stand,ACTIVE,4783,NO
CUST41912,Earphones,PENDING,3500,YES
CUST41912,Earphones,EXPIRED,1499,YES
CUST41912,Screen Guard,ACTIVE,2508,NO
CUST41912,Charger,EXPIRED,1140,NO
CUST41912,Power Bank,ACTIVE,209,YES
CUST41912,USB Cable,ACTIVE,3299,NO
CUST87672,Mobile Cover,PENDING,2679,YES
CUST87672,Earphones,EXPIRED,1728,NO
CUST87672,Earphones,ACTIVE,4804,NO
CUST87672,Charger,EXPIRED,2220,NO
CUST87672,Charger,EXPIRED,4178,NO
CUST87672,Memory Card,EXPIRED,1236,YES
CUST87672,USB Cable,PENDING,1502,NO
CUST87672,Mobile Cover,PENDING,2289,NO
CUST87672,Bluetooth Speaker,EXPIRED,464,YES
CUST87672,Memory Card,PENDING,915,NO
CUST87672,Screen Guard,ACTIVE,1565,NO
CUST87672,Smart Watch,PENDING,549,NO
CUST87672,Phone Stand,PENDING,572,NO
CUST87672,Bluetooth Speaker,PENDING,1947,NO
CUST51189,Charger,EXPIRED,4031,YES
CUST51189,Phone Stand,PENDING,4626,YES
CUST51189,USB Cable,EXPIRED,3443,NO
CUST51189,Earphones,ACTIVE,2707,NO
CUST51189,USB Cable,ACTIVE,1116,NO
CUST51189,Phone Stand,EXPIRED,2175,YES
CUST51189,Memory Card,ACTIVE,838,YES
CUST19230,Screen Guard,PENDING,3907,YES
CUST19230,Earphones,ACTIVE,2930,NO
CUST19230,Bluetooth Speaker,EXPIRED,617,YES
CUST19230,Phone Stand,PENDING,2945,NO
CUST19230,Bluetooth Speaker,PENDING,1784,YES
CUST19230,Screen Guard,EXPIRED,415,NO
CUST19230,USB Cable,ACTIVE,111,NO
CUST58351,Charger,ACTIVE,3321,YES
CUST58351,Screen Guard,EXPIRED,2694,NO
CUST58351,Memory Card,ACTIVE,361,NO
CUST58351,Mobile Cover,EXPIRED,4422,YES
CUST58351,USB Cable,EXPIRED,4755,YES
CUST58351,Phone Stand,PENDING,1522,NO
CUST58351,Mobile Cover,EXPIRED,4420,NO
CUST58351,Power Bank,EXPIRED,1212,YES
CUST58351,Smart Watch,PENDING,190,YES
CUST58351,Phone Stand,PENDING,4827,YES
CUST58351,Phone Stand,PENDING,2049,YES
CUST58351,Power Bank,ACTIVE,3329,YES
CUST26895,Memory Card,ACTIVE,3894,YES
CUST26895,Memory Card,EXPIRED,1191,YES
CUST26895,Bluetooth Speaker,PENDING,2571,NO
CUST26895,Phone Stand,PENDING,1717,NO
CUST26895,Bluetooth Speaker,EXPIRED,3795,YES
CUST26895,Charger,PENDING,4798,NO
CUST26895,Screen Guard,EXPIRED,3100,YES
CUST26895,Bluetooth Speaker,PENDING,4975,NO
CUST26895,Smart Watch,ACTIVE,1932,NO
CUST29701,Power Bank,EXPIRED,3968,NO
CUST29701,Smart Watch,EXPIRED,788,NO
CUST29701,USB Cable,EXPIRED,2451,NO
CUST29701,Smart Watch,EXPIRED,4474,YES
CUST29701,Bluetooth Speaker,ACTIVE,1188,YES
CUST29701,Memory Card,ACTIVE,638,NO
CUST52844,Bluetooth Speaker,EXPIRED,243,NO
CUST52844,Power Bank,EXPIRED,3944,YES
CUST52844,Earphones,ACTIVE,3335,NO
CUST52844,Screen Guard,PENDING,2078,YES
CUST52844,Memory Card,PENDING,2964,NO
CUST52844,Mobile Cover,EXPIRED,2764,YES
CUST52844,Charger,PENDING,4668,NO
CUST52844,Screen Guard,ACTIVE,3130,NO
CUST52844,Charger,EXPIRED,3982,NO
CUST45930,Mobile Cover,EXPIRED,3422,NO
CUST45930,Screen Guard,ACTIVE,3842,YES
CUST45930,USB Cable,PENDING,4770,YES
CUST45930,Mobile Cover,EXPIRED,4495,YES
CUST45930,Memory Card,PENDING,816,YES
CUST45930,Phone Stand,EXPIRED,112,NO
CUST45930,Memory Card,ACTIVE,393,NO
CUST45930,Mobile Cover,EXPIRED,2005,NO
CUST45930,Memory Card,PENDING,3018,YES
CUST45930,Screen Guard,EXPIRED,576,YES
CUST45930,Mobile Cover,ACTIVE,317,YES
CUST45930,Charger,EXPIRED,1564,NO
CUST45930,Earphones,PENDING,390,YES
CUST45930,Charger,ACTIVE,2226,NO
CUST94207,Earphones,PENDING,3197,NO
CUST94207,Power Bank,ACTIVE,3004,YES
CUST94207,Phone Stand,EXPIRED,4011,NO
CUST94207,Power Bank,EXPIRED,2727,YES
CUST94207,Phone Stand,EXPIRED,1289,NO
CUST94207,Phone Stand,ACTIVE,2312,YES
CUST94207,Bluetooth Speaker,PENDING,998,YES
CUST94207,Charger,PENDING,4851,YES
CUST94207,Mobile Cover,PENDING,4576,YES
CUST21967,Mobile Cover,ACTIVE,3196,YES
CUST21967,Screen Guard,PENDING,1794,YES
CUST21967,Phone Stand,PENDING,3168,NO
CUST21967,USB Cable,ACTIVE,265,YES
CUST21967,USB Cable,ACTIVE,337,NO
CUST21967,Memory Card,EXPIRED,4881,YES
CUST21967,Power Bank,PENDING,2026,NO
CUST21967,Charger,EXPIRED,3536,YES
CUST57092,Screen Guard,ACTIVE,2607,NO
CUST57092,USB Cable,ACTIVE,3832,YES
CUST57092,Phone Stand,ACTIVE,1413,YES
CUST57092,Bluetooth Speaker,EXPIRED,2249,YES
CUST57092,Power Bank,EXPIRED,1130,NO
CUST57092,Screen Guard,EXPIRED,2490,NO
CUST57092,Earphones,PENDING,1403,YES
CUST57092,Smart Watch,EXPIRED,4720,NO
CUST57092,Earphones,PENDING,3092,NO
CUST57092,USB Cable,EXPIRED,2714,NO
CUST57092,Power Bank,PENDING,1630,NO
CUST57092,Bluetooth Speaker,PENDING,2098,YES
CUST97635,Smart Watch,ACTIVE,3618,NO
CUST97635,Mobile Cover,EXPIRED,1242,NO
CUST97635,Phone Stand,PENDING,2766,YES
CUST97635,Screen Guard,ACTIVE,1457,NO
CUST97635,Phone Stand,EXPIRED,425,NO
CUST97635,Earphones,ACTIVE,1061,YES
CUST97635,Screen Guard,ACTIVE,2107,YES
CUST97635,Memory Card,PENDING,4120,NO
CUST97635,Screen Guard,PENDING,1248,YES
CUST97635,Power Bank,PENDING,1129,YES
CUST97635,Screen Guard,PENDING,1147,NO
CUST53299,USB Cable,EXPIRED,4233,NO
CUST53299,Memory Card,EXPIRED,4692,NO
CUST53299,Earphones,PENDING,3044,YES
CUST53299,USB Cable,ACTIVE,1525,NO
CUST53299,Smart Watch,EXPIRED,1194,NO
CUST53299,Power Bank,EXPIRED,3851,YES
CUST53299,Screen Guard,ACTIVE,1833,YES
CUST53299,Smart Watch,EXPIRED,4872,YES
CUST53299,Charger,ACTIVE,2869,NO
CUST53299,Charger,ACTIVE,268,YES
CUST53299,Screen Guard,EXPIRED,2699,NO
CUST53299,Power Bank,ACTIVE,2835,NO
CUST27448,Charger,ACTIVE,1987,YES
CUST27448,Smart Watch,ACTIVE,2298,NO
CUST27448,Earphones,EXPIRED,288,NO
CUST27448,Memory Card,EXPIRED,149,NO
CUST27448,Phone Stand,EXPIRED,3608,NO
CUST27448,Power Bank,EXPIRED,3160,YES
CUST27448,Charger,EXPIRED,1686,YES
CUST27448,Charger,ACTIVE,4223,YES
CUST47824,Screen Guard,PENDING,687,YES
CUST47824,Power Bank,ACTIVE,4927,NO
CUST47824,Memory Card,ACTIVE,4306,NO
CUST47824,Smart Watch,ACTIVE,178,YES
CUST47824,Smart Watch,EXPIRED,4289,YES
CUST47824,Memory Card,ACTIVE,4124,YES
CUST47824,Smart Watch,PENDING,3587,NO
CUST47824,Charger,ACTIVE,261,YES
CUST47824,Mobile Cover,ACTIVE,470,NO
CUST47824,Screen Guard,PENDING,2118,NO
CUST47824,Phone Stand,PENDING,4828,YES
CUST47824,Memory Card,EXPIRED,1076,NO
CUST47824,Memory Card,EXPIRED,375,NO
CUST47824,Smart Watch,PENDING,1528,NO
CUST47824,Smart Watch,ACTIVE,2131,YES
CUST55992,Phone Stand,PENDING,3481,YES
CUST55992,USB Cable,EXPIRED,3541,NO
CUST55992,Charger,EXPIRED,1587,YES
CUST55992,Earphones,ACTIVE,3532,YES
CUST55992,Earphones,EXPIRED,424,NO
CUST55992,Mobile Cover,PENDING,821,YES
CUST55992,Bluetooth Speaker,PENDING,771,NO
CUST55992,Bluetooth Speaker,ACTIVE,277,NO
CUST55992,USB Cable,PENDING,424,NO
CUST55992,Power Bank,PENDING,402,NO
CUST55992,Mobile Cover,EXPIRED,4283,NO
CUST55992,Charger,EXPIRED,4224,YES
CUST55992,Mobile Cover,PENDING,413,NO
CUST95433,Phone Stand,PENDING,4971,NO
CUST95433,Smart Watch,PENDING,3943,YES
CUST95433,Phone Stand,EXPIRED,2837,YES
CUST95433,Smart Watch,EXPIRED,3055,NO
CUST95433,Phone Stand,PENDING,3524,NO
CUST95433,Bluetooth Speaker,PENDING,4591,YES
CUST95433,USB Cable,ACTIVE,4762,YES
CUST95433,Charger,ACTIVE,1532,NO
CUST95433,Charger,EXPIRED,310,YES
CUST95433,Mobile Cover,ACTIVE,839,YES
CUST95433,Earphones,ACTIVE,4937,YES
CUST95433,Power Bank,EXPIRED,2669,NO
CUST95433,Memory Card,ACTIVE,2996,NO
CUST95433,Memory Card,PENDING,3857,YES
CUST95433,Charger,PENDING,744,YES
CUST59621,USB Cable,ACTIVE,885,NO
CUST59621,Smart Watch,EXPIRED,4775,YES
CUST59621,Bluetooth Speaker,ACTIVE,672,NO
CUST59621,USB Cable,EXPIRED,1043,YES
CUST59621,Earphones,PENDING,1448,YES
CUST59621,Memory Card,EXPIRED,1617,NO
CUST59621,Phone Stand,EXPIRED,2713,YES
CUST59621,Earphones,EXPIRED,290,YES
CUST59621,Earphones,PENDING,4572,YES
CUST59621,Bluetooth Speaker,PENDING,2874,NO
CUST59621,USB Cable,PENDING,2922,YES
CUST59621,Mobile Cover,ACTIVE,1962,YES
CUST21206,Charger,PENDING,3458,YES
CUST21206,Screen Guard,PENDING,4434,YES
CUST21206,Phone Stand,EXPIRED,3679,YES
CUST21206,Power Bank,EXPIRED,3174,NO
CUST21206,Smart Watch,ACTIVE,4951,YES
CUST21206,Screen Guard,PENDING,2897,YES
CUST21206,Phone Stand,EXPIRED,3470,YES
CUST30235,Charger,PENDING,3510,YES
CUST30235,Screen Guard,PENDING,4678,YES
CUST30235,USB Cable,PENDING,3352,YES
CUST30235,Power Bank,PENDING,3503,NO
CUST30235,Power Bank,ACTIVE,2145,NO
CUST30235,Bluetooth Speaker,ACTIVE,2174,YES
CUST53982,Bluetooth Speaker,EXPIRED,1073,NO
CUST53982,Screen Guard,EXPIRED,2934,NO
CUST53982,Smart Watch,PENDING,947,NO
CUST53982,Charger,ACTIVE,3177,YES
CUST53982,Power Bank,PENDING,243,NO
CUST53982,Power Bank,ACTIVE,3190,NO
CUST53982,USB Cable,EXPIRED,4490,NO
CUST53982,Screen Guard,PENDING,4938,YES
CUST53982,Memory Card,PENDING,967,NO
CUST53982,Screen Guard,EXPIRED,2668,YES
CUST53982,Smart Watch,PENDING,618,NO
CUST53982,Screen Guard,ACTIVE,194,YES
CUST55144,Smart Watch,EXPIRED,1882,YES
CUST55144,Bluetooth Speaker,EXPIRED,4537,YES
CUST55144,Mobile Cover,PENDING,4045,YES
CUST55144,Earphones,EXPIRED,1622,YES
CUST55144,USB Cable,EXPIRED,3047,YES
CUST55144,Mobile Cover,EXPIRED,4297,NO
CUST55144,Power Bank,EXPIRED,4086,YES
CUST55144,USB Cable,PENDING,2072,NO
CUST55144,Phone Stand,EXPIRED,1788,YES
CUST55144,Power Bank,PENDING,4399,NO
CUST55144,Memory Card,ACTIVE,173,YES
CUST23003,Earphones,EXPIRED,2562,NO
CUST23003,Memory Card,PENDING,2056,NO
CUST23003,Bluetooth Speaker,EXPIRED,4809,YES
CUST23003,Phone Stand,EXPIRED,4802,YES
CUST23003,USB Cable,EXPIRED,4804,YES
CUST23003,Phone Stand,EXPIRED,3727,YES
CUST23003,Power Bank,EXPIRED,4443,YES
CUST23003,Screen Guard,EXPIRED,3900,NO
CUST23003,Smart Watch,ACTIVE,912,YES
CUST23003,Bluetooth Speaker,ACTIVE,1802,YES
CUST82433,Phone Stand,PENDING,4979,NO
CUST82433,Smart Watch,ACTIVE,4212,NO
CUST82433,Mobile Cover,ACTIVE,1832,YES
CUST82433,Power Bank,PENDING,1945,YES
CUST82433,Smart Watch,EXPIRED,4713,YES
CUST82433,Phone Stand,ACTIVE,2092,NO
CUST82433,Charger,PENDING,2871,NO
CUST82433,Charger,PENDING,4646,YES
CUST82433,Memory Card,EXPIRED,1241,YES
CUST82433,Phone Stand,EXPIRED,2064,NO
CUST82433,Smart Watch,EXPIRED,2246,NO
CUST82433,Power Bank,PENDING,3134,NO
CUST82433,Power Bank,ACTIVE,4626,NO
CUST82433,Smart Watch,EXPIRED,3883,NO
CUST82433,Power Bank,ACTIVE,2304,NO
CUST10950,Earphones,EXPIRED,2821,YES
CUST10950,Bluetooth Speaker,EXPIRED,3217,NO
CUST10950,Power Bank,ACTIVE,2993,NO
CUST10950,Mobile Cover,EXPIRED,3756,YES
CUST10950,Bluetooth Speaker,EXPIRED,4351,YES
CUST61660,Smart Watch,PENDING,4025,YES
CUST61660,Power Bank,PENDING,1047,NO
CUST61660,Charger,PENDING,3005,YES
CUST61660,Power Bank,EXPIRED,4314,NO
CUST61660,Smart Watch,EXPIRED,4599,NO
CUST61660,Bluetooth Speaker,EXPIRED,1556,NO
CUST61660,Power Bank,ACTIVE,551,NO
CUST61660,USB Cable,EXPIRED,4631,NO
CUST61660,Smart Watch,PENDING,232,NO
CUST61660,USB Cable,PENDING,2862,YES
CUST61660,Phone Stand,EXPIRED,540,YES
CUST61660,Mobile Cover,ACTIVE,2360,NO
CUST61660,Smart Watch,ACTIVE,2855,YES
CUST61660,Smart Watch,PENDING,4860,YES
CUST61660,Mobile Cover,ACTIVE,1812,NO
CUST78406,Phone Stand,EXPIRED,1291,NO
CUST78406,Bluetooth Speaker,EXPIRED,4439,NO
CUST78406,Phone Stand,EXPIRED,4171,YES
CUST78406,Power Bank,PENDING,3491,YES
CUST78406,Memory Card,EXPIRED,2263,NO
CUST78406,Memory Card,EXPIRED,2791,YES
CUST78406,Earphones,PENDING,2218,YES
CUST78406,Charger,PENDING,3217,NO
CUST88139,Screen Guard,PENDING,4281,NO
CUST88139,Screen Guard,EXPIRED,627,NO
CUST88139,Memory Card,PENDING,3239,YES
CUST88139,Power Bank,ACTIVE,1925,NO
CUST88139,Memory Card,PENDING,518,YES
CUST88139,Smart Watch,ACTIVE,529,NO
CUST88139,Screen Guard,PENDING,405,NO
CUST88139,Earphones,PENDING,2863,YES
CUST88139,Memory Card,PENDING,1626,NO
CUST88139,Charger,ACTIVE,1767,YES
CUST88139,Power Bank,EXPIRED,3114,YES
CUST88139,Memory Card,EXPIRED,3929,NO
CUST88139,Phone Stand,EXPIRED,3456,YES
CUST88139,Bluetooth Speaker,PENDING,3438,YES
CUST15879,Charger,EXPIRED,2633,NO
CUST15879,Memory Card,PENDING,2890,NO
CUST15879,Mobile Cover,ACTIVE,1484,NO
CUST15879,Memory Card,EXPIRED,965,YES
CUST15879,Earphones,PENDING,2358,YES
CUST15879,Smart Watch,ACTIVE,2138,YES
CUST39463,Power Bank,EXPIRED,2672,NO
CUST39463,Mobile Cover,EXPIRED,3436,NO
CUST39463,Bluetooth Speaker,EXPIRED,957,NO
CUST39463,Mobile Cover,ACTIVE,2191,NO
CUST39463,Memory Card,ACTIVE,4860,YES
CUST39463,Bluetooth Speaker,ACTIVE,3472,NO
CUST39463,Power Bank,PENDING,266,NO
CUST39463,Charger,ACTIVE,1841,YES
CUST39463,Smart Watch,PENDING,3608,YES
CUST39463,Screen Guard,EXPIRED,4705,YES
CUST41820,Power Bank,EXPIRED,4448,NO
CUST41820,Power Bank,PENDING,2196,NO
CUST41820,Charger,ACTIVE,1370,YES
CUST41820,Bluetooth Speaker,EXPIRED,3218,YES
CUST41820,Screen Guard,ACTIVE,3074,YES
CUST41820,Screen Guard,ACTIVE,1076,NO
CUST41820,Charger,PENDING,1919,YES
CUST41820,Smart Watch,ACTIVE,959,YES
CUST41820,USB Cable,PENDING,738,YES
CUST41820,Memory Card,EXPIRED,4224,YES
CUST66694,USB Cable,EXPIRED,2265,YES
CUST66694,Mobile Cover,ACTIVE,4433,YES
CUST66694,Power Bank,ACTIVE,4083,NO
CUST66694,USB Cable,PENDING,1844,NO
CUST66694,Memory Card,EXPIRED,3869,NO
CUST66694,Smart Watch,ACTIVE,1002,YES
CUST66694,Power Bank,PENDING,152,NO
CUST66694,Memory Card,PENDING,1246,YES
CUST66694,Smart Watch,EXPIRED,189,NO
CUST66694,Mobile Cover,PENDING,2197,YES
CUST66694,Bluetooth Speaker,EXPIRED,3763,NO
CUST66694,Screen Guard,ACTIVE,4218,NO
CUST66694,Power Bank,EXPIRED,171,YES
CUST66694,Power Bank,PENDING,1840,NO
CUST66694,Power Bank,PENDING,278,NO
CUST50488,Earphones,ACTIVE,4443,YES
CUST50488,Mobile Cover,PENDING,4361,YES
CUST50488,Smart Watch,EXPIRED,3253,NO
CUST50488,Mobile Cover,EXPIRED,3166,YES
CUST50488,Memory Card,EXPIRED,3386,NO
CUST50488,Smart Watch,PENDING,3352,NO
CUST50488,Screen Guard,ACTIVE,3266,YES
CUST50488,Mobile Cover,PENDING,1231,YES
CUST50488,Charger,ACTIVE,3956,NO
CUST50488,Memory Card,ACTIVE,1011,YES
CUST78507,Smart Watch,EXPIRED,2304,YES
CUST78507,USB Cable,ACTIVE,133,YES
CUST78507,Smart Watch,EXPIRED,5000,NO
CUST78507,Mobile Cover,ACTIVE,3941,YES
CUST78507,Smart Watch,PENDING,2278,YES
CUST78507,Screen Guard,EXPIRED,2406,YES
CUST78507,USB Cable,PENDING,3898,YES
CUST78507,Power Bank,EXPIRED,3664,YES
CUST78507,Mobile Cover,EXPIRED,704,NO
CUST78507,Smart Watch,EXPIRED,1154,NO
CUST78507,Phone Stand,EXPIRED,4101,NO
CUST78507,USB Cable,ACTIVE,3914,NO
CUST78507,USB Cable,PENDING,2163,YES
CUST78507,Earphones,PENDING,3832,YES
CUST41257,Screen Guard,EXPIRED,320,YES
CUST41257,Smart Watch,EXPIRED,2034,NO
CUST41257,USB Cable,ACTIVE,4205,YES
CUST41257,Charger,EXPIRED,3781,NO
CUST41257,Screen Guard,PENDING,3972,YES
CUST41257,Power Bank,ACTIVE,2850,YES
CUST41257,Memory Card,PENDING,2583,NO
CUST41257,Bluetooth Speaker,ACTIVE,356,YES
CUST41257,Charger,EXPIRED,2307,YES
CUST86204,Phone Stand,EXPIRED,4685,NO
CUST86204,Mobile Cover,ACTIVE,977,NO
CUST86204,Smart Watch,ACTIVE,3066,NO
CUST86204,Phone Stand,ACTIVE,4983,YES
CUST86204,Screen Guard,EXPIRED,3994,YES
CUST86204,Bluetooth Speaker,EXPIRED,1441,NO
CUST86204,Memory Card,ACTIVE,3945,NO
CUST86204,Earphones,EXPIRED,4997,NO
CUST86204,Memory Card,PENDING,3775,NO
CUST86204,Mobile Cover,ACTIVE,3089,NO
CUST86204,Phone Stand,PENDING,901,NO
CUST86204,Bluetooth Speaker,ACTIVE,4301,NO
CUST86204,Mobile Cover,ACTIVE,375,NO
CUST86204,Memory Card,PENDING,2345,YES
CUST62764,Power Bank,PENDING,928,YES
CUST62764,Screen Guard,ACTIVE,1464,YES
CUST62764,Earphones,PENDING,461,YES
CUST62764,Earphones,ACTIVE,1729,YES
CUST62764,USB Cable,EXPIRED,4444,YES
CUST62764,Charger,ACTIVE,423,YES
CUST62764,Earphones,PENDING,4581,NO
CUST62764,Bluetooth Speaker,ACTIVE,1948,YES
CUST81534,Power Bank,ACTIVE,4116,YES
CUST81534,Mobile Cover,EXPIRED,609,NO
CUST81534,Screen Guard,ACTIVE,182,YES
CUST81534,Power Bank,PENDING,2981,YES
CUST81534,Bluetooth Speaker,ACTIVE,4986,NO
CUST81534,Screen Guard,PENDING,2930,YES
CUST81534,Memory Card,EXPIRED,4799,YES
CUST81534,Earphones,EXPIRED,4578,YES
CUST81534,USB Cable,ACTIVE,2298,YES
CUST81534,USB Cable,PENDING,1943,YES
CUST81534,Power Bank,ACTIVE,3678,YES
CUST81534,Mobile Cover,PENDING,4041,NO
CUST81534,Memory Card,PENDING,4889,NO
CUST79006,Mobile Cover,ACTIVE,1498,YES
CUST79006,Bluetooth Speaker,PENDING,1725,NO
CUST79006,USB Cable,ACTIVE,3696,NO
CUST79006,Mobile Cover,PENDING,3665,YES
CUST79006,Bluetooth Speaker,PENDING,1604,YES
CUST79006,Smart Watch,EXPIRED,590,NO
CUST79006,Power Bank,PENDING,4783,NO
CUST79006,Charger,EXPIRED,4220,NO
CUST79006,Phone Stand,ACTIVE,2119,YES
CUST79006,Phone Stand,PENDING,4954,YES
CUST79006,USB Cable,EXPIRED,2909,NO
CUST79006,Memory Card,EXPIRED,248,NO
CUST96473,Screen Guard,EXPIRED,2921,NO
CUST96473,Memory Card,ACTIVE,4129,YES
CUST96473,Mobile Cover,EXPIRED,224,NO
CUST96473,Smart Watch,PENDING,2225,YES
CUST96473,Mobile Cover,PENDING,1541,YES
CUST96473,Smart Watch,PENDING,3979,YES
CUST96473,Memory Card,PENDING,457,YES
CUST96473,Phone Stand,PENDING,4610,NO
CUST96473,Power Bank,ACTIVE,1656,NO
CUST96473,Earphones,ACTIVE,2917,NO
CUST96473,Smart Watch,EXPIRED,932,NO
CUST61491,USB Cable,ACTIVE,4134,NO
CUST61491,Charger,EXPIRED,3298,YES
CUST61491,Smart Watch,EXPIRED,4989,YES
CUST61491,Charger,ACTIVE,3040,NO
CUST61491,Earphones,ACTIVE,492,YES
CUST61491,Smart Watch,ACTIVE,3573,YES
CUST61491,Earphones,ACTIVE,3564,NO
CUST61491,Memory Card,PENDING,3079,NO
CUST61491,Mobile Cover,EXPIRED,2700,NO
CUST61491,Mobile Cover,EXPIRED,2798,YES
CUST61491,Phone Stand,PENDING,3160,NO
CUST61491,Memory Card,ACTIVE,2964,NO
CUST61491,Power Bank,ACTIVE,3471,NO
CUST61491,Memory Card,ACTIVE,3512,YES
CUST33155,Phone Stand,EXPIRED,954,YES
CUST33155,USB Cable,PENDING,4492,NO
CUST33155,USB Cable,EXPIRED,2600,NO
CUST33155,Mobile Cover,ACTIVE,2822,YES
CUST33155,Screen Guard,EXPIRED,2341,YES
CUST33155,Phone Stand,EXPIRED,3712,YES
CUST33155,USB Cable,ACTIVE,3847,NO
CUST33155,Mobile Cover,PENDING,3303,NO
CUST33155,Bluetooth Speaker,PENDING,2658,NO
CUST33155,Power Bank,ACTIVE,4227,NO
CUST33155,Smart Watch,PENDING,380,NO
CUST92178,Memory Card,PENDING,3642,YES
CUST92178,Screen Guard,EXPIRED,425,YES
CUST92178,USB Cable,ACTIVE,726,YES
CUST92178,Memory Card,ACTIVE,2010,YES
CUST92178,Mobile Cover,PENDING,3115,NO
CUST92178,Charger,PENDING,1682,NO
CUST92178,Mobile Cover,PENDING,2778,NO
CUST92178,Power Bank,EXPIRED,2354,NO
CUST92178,Smart Watch,EXPIRED,4241,NO
CUST92178,Screen Guard,ACTIVE,3403,YES
CUST92178,Smart Watch,EXPIRED,3468,YES
CUST92178,Mobile Cover,PENDING,641,NO
CUST98038,Mobile Cover,PENDING,825,YES
CUST98038,Phone Stand,ACTIVE,2134,NO
CUST98038,Mobile Cover,EXPIRED,2282,NO
CUST98038,Phone Stand,ACTIVE,3354,YES
CUST98038,Earphones,EXPIRED,2941,YES
CUST98038,Phone Stand,ACTIVE,366,YES
CUST98038,Screen Guard,PENDING,2617,NO
CUST98038,Power Bank,ACTIVE,3343,NO
CUST98038,Mobile Cover,PENDING,3530,NO
CUST98038,Mobile Cover,PENDING,3080,YES
CUST98038,Phone Stand,ACTIVE,2024,NO
CUST98038,Screen Guard,ACTIVE,2269,NO
CUST98038,Mobile Cover,ACTIVE,3252,NO
CUST56222,USB Cable,PENDING,4279,YES
CUST56222,Memory Card,ACTIVE,4879,YES
CUST56222,Bluetooth Speaker,EXPIRED,2084,YES
CUST56222,Charger,ACTIVE,4722,YES
CUST56222,USB Cable,ACTIVE,4723,NO
CUST56222,USB Cable,ACTIVE,769,YES
CUST56222,Memory Card,PENDING,1603,YES
CUST56222,Phone Stand,EXPIRED,1479,YES
CUST56222,Phone Stand,ACTIVE,3205,NO
CUST56222,Mobile Cover,EXPIRED,3157,NO
CUST56222,Bluetooth Speaker,ACTIVE,492,YES
CUST80634,Smart Watch,ACTIVE,902,NO
CUST80634,Memory Card,PENDING,1761,YES
CUST80634,Power Bank,EXPIRED,3499,NO
CUST80634,Earphones,ACTIVE,4814,NO
CUST80634,Charger,ACTIVE,2004,NO
CUST75353,Mobile Cover,EXPIRED,2719,YES
CUST75353,Power Bank,ACTIVE,2955,NO
CUST75353,Phone Stand,ACTIVE,2235,YES
CUST75353,Power Bank,PENDING,4783,NO
CUST75353,Smart Watch,EXPIRED,187,NO
CUST60641,Bluetooth Speaker,PENDING,2292,YES
CUST60641,Charger,ACTIVE,3400,NO
CUST60641,Memory Card,EXPIRED,485,YES
CUST60641,Charger,EXPIRED,901,YES
CUST60641,Screen Guard,ACTIVE,1443,NO
CUST60641,Mobile Cover,PENDING,2629,YES
CUST60641,USB Cable,PENDING,2346,NO
CUST60641,Memory Card,EXPIRED,1492,YES
CUST60641,Charger,EXPIRED,865,NO
CUST60641,Smart Watch,ACTIVE,3564,YES
CUST60641,Screen Guard,ACTIVE,742,NO
CUST60641,Phone Stand,PENDING,2342,NO
CUST60641,Phone Stand,PENDING,918,NO
CUST60641,Power Bank,EXPIRED,1843,YES
CUST60641,Smart Watch,PENDING,534,YES
CUST19775,USB Cable,ACTIVE,2479,YES
CUST19775,Memory Card,EXPIRED,3213,NO
CUST19775,Screen Guard,EXPIRED,2213,NO
CUST19775,Memory Card,PENDING,2503,YES
CUST19775,USB Cable,ACTIVE,351,YES
CUST19775,Earphones,PENDING,3876,YES
CUST19775,Earphones,EXPIRED,3162,YES
CUST19775,Charger,EXPIRED,2368,YES
CUST19775,Phone Stand,PENDING,2220,YES
CUST19775,Charger,ACTIVE,1594,YES
CUST19775,Mobile Cover,ACTIVE,2724,NO
CUST14989,Phone Stand,ACTIVE,3743,NO
CUST14989,Smart Watch,ACTIVE,2547,YES
CUST14989,Charger,EXPIRED,660,YES
CUST14989,Smart Watch,PENDING,2923,YES
CUST14989,Phone Stand,ACTIVE,4482,YES
CUST14989,Earphones,EXPIRED,4934,YES
CUST14989,Screen Guard,EXPIRED,4100,NO
CUST14989,Earphones,ACTIVE,3676,NO
CUST14989,Mobile Cover,EXPIRED,2918,YES
CUST14989,Mobile Cover,ACTIVE,779,NO
CUST14989,USB Cable,PENDING,3112,YES
CUST99262,Memory Card,PENDING,2896,YES
CUST99262,Mobile Cover,PENDING,675,YES
CUST99262,Smart Watch,EXPIRED,4541,YES
CUST99262,Phone Stand,ACTIVE,2475,NO
CUST99262,USB Cable,ACTIVE,3945,YES
CUST99262,Power Bank,EXPIRED,3144,YES
CUST99262,USB Cable,ACTIVE,2700,NO
CUST99262,Mobile Cover,PENDING,2390,YES
CUST99262,Screen Guard,ACTIVE,862,NO
CUST99262,Screen Guard,PENDING,3945,YES
CUST43505,Screen Guard,ACTIVE,2048,NO
CUST43505,Mobile Cover,ACTIVE,1145,NO
CUST43505,Charger,EXPIRED,2553,NO
CUST43505,Earphones,ACTIVE,3636,YES
CUST43505,Mobile Cover,ACTIVE,1267,YES
CUST43505,Bluetooth Speaker,PENDING,874,YES
CUST10874,Mobile Cover,EXPIRED,3614,NO
CUST10874,Screen Guard,PENDING,1291,NO
CUST10874,Phone Stand,PENDING,4533,YES
CUST10874,Phone Stand,PENDING,4551,NO
CUST10874,USB Cable,ACTIVE,4387,YES
CUST10874,Power Bank,EXPIRED,1448,NO
CUST10874,Phone Stand,ACTIVE,775,NO
CUST10874,Screen Guard,PENDING,4404,YES
CUST10874,Screen Guard,ACTIVE,2830,YES
CUST10874,Charger,PENDING,3700,YES
CUST10874,Earphones,PENDING,2180,YES
CUST10874,USB Cable,ACTIVE,1358,NO
CUST10874,Memory Card,EXPIRED,3473,YES
CUST10874,Bluetooth Speaker,EXPIRED,2247,NO
CUST10874,Memory Card,ACTIVE,4389,NO
CUST88436,Screen Guard,EXPIRED,407,YES
CUST88436,Earphones,EXPIRED,2353,NO
CUST88436,Mobile Cover,EXPIRED,1238,YES
CUST88436,Bluetooth Speaker,ACTIVE,3373,YES
CUST88436,USB Cable,PENDING,2080,NO
CUST88436,Bluetooth Speaker,ACTIVE,2710,YES
CUST88436,Power Bank,ACTIVE,812,NO
CUST88436,Mobile Cover,PENDING,247,NO
CUST88436,Charger,EXPIRED,1527,NO
CUST88436,Charger,ACTIVE,4939,YES
CUST88436,Mobile Cover,PENDING,4979,NO
CUST88436,Earphones,PENDING,3862,NO
CUST23676,Earphones,PENDING,509,NO
CUST23676,Power Bank,ACTIVE,1526,YES
CUST23676,Screen Guard,PENDING,1230,NO
CUST23676,Earphones,ACTIVE,3431,NO
CUST23676,Memory Card,PENDING,768,NO
CUST23676,USB Cable,EXPIRED,220,NO
CUST23676,Phone Stand,EXPIRED,719,YES
CUST23676,Screen Guard,PENDING,1432,YES
CUST23676,Smart Watch,ACTIVE,2310,NO
CUST23676,Screen Guard,EXPIRED,434,NO
CUST23676,Phone Stand,ACTIVE,2352,YES
CUST23676,Charger,EXPIRED,3573,NO
CUST23676,Phone Stand,EXPIRED,1259,YES
CUST21601,Charger,EXPIRED,2758,YES
CUST21601,Mobile Cover,ACTIVE,1480,NO
CUST21601,Screen Guard,ACTIVE,1742,YES
CUST21601,Mobile Cover,PENDING,3800,NO
CUST21601,Bluetooth Speaker,PENDING,3324,NO
CUST21601,Mobile Cover,ACTIVE,4828,NO
CUST21601,Bluetooth Speaker,PENDING,4562,YES
CUST21601,Mobile Cover,PENDING,4191,YES
CUST21601,Power Bank,PENDING,4629,YES
CUST21601,Memory Card,PENDING,2034,NO
CUST21601,Smart Watch,ACTIVE,1814,NO
CUST21601,Mobile Cover,EXPIRED,3726,NO
CUST21601,Screen Guard,ACTIVE,1793,YES
CUST21601,Memory Card,ACTIVE,3005,NO
CUST34989,Mobile Cover,ACTIVE,448,YES
CUST34989,Smart Watch,PENDING,3699,NO
CUST34989,USB Cable,EXPIRED,1144,NO
CUST34989,Smart Watch,ACTIVE,1584,NO
CUST34989,Power Bank,PENDING,3403,NO
CUST34989,Smart Watch,PENDING,4908,YES
CUST34989,Screen Guard,ACTIVE,2519,YES
CUST34989,USB Cable,EXPIRED,4821,YES
CUST34989,Memory Card,EXPIRED,2249,YES
CUST34989,Mobile Cover,ACTIVE,2242,YES
CUST34989,Phone Stand,EXPIRED,793,YES
CUST34989,Memory Card,EXPIRED,2900,NO
CUST34989,Smart Watch,EXPIRED,448,NO
CUST34989,Memory Card,ACTIVE,176,YES
CUST34989,Phone Stand,ACTIVE,983,NO
CUST24303,Charger,EXPIRED,2555,NO
CUST24303,Smart Watch,ACTIVE,507,NO
CUST24303,Bluetooth Speaker,ACTIVE,4702,YES
CUST24303,Phone Stand,EXPIRED,4830,YES
CUST24303,Phone Stand,EXPIRED,3330,YES
CUST24303,Screen Guard,EXPIRED,2014,YES
CUST24303,Earphones,PENDING,4423,YES
CUST79455,USB Cable,ACTIVE,3049,YES
CUST79455,Mobile Cover,PENDING,1905,YES
CUST79455,Mobile Cover,ACTIVE,2499,YES
CUST79455,Charger,EXPIRED,4019,NO
CUST79455,Screen Guard,PENDING,3164,YES
CUST79455,Earphones,PENDING,3145,YES
CUST79455,Mobile Cover,PENDING,4588,NO
CUST79455,Earphones,PENDING,920,YES
CUST79455,Charger,ACTIVE,3768,YES
CUST79455,Smart Watch,PENDING,752,NO
CUST79455,Screen Guard,EXPIRED,3400,NO
CUST50604,Bluetooth Speaker,ACTIVE,4958,NO
CUST50604,Phone Stand,ACTIVE,4549,YES
CUST50604,Smart Watch,PENDING,1470,NO
CUST50604,Charger,ACTIVE,3712,YES
CUST50604,Mobile Cover,PENDING,2146,YES
CUST50604,Screen Guard,PENDING,4966,YES
CUST50604,Power Bank,ACTIVE,166,NO
CUST50604,USB Cable,PENDING,1110,YES
CUST50604,Phone Stand,EXPIRED,3521,NO
CUST50604,Charger,ACTIVE,2264,NO
CUST50604,Smart Watch,ACTIVE,2815,YES
CUST50604,Power Bank,ACTIVE,3889,NO
CUST50604,Earphones,ACTIVE,1469,YES
CUST50604,USB Cable,EXPIRED,3791,NO
CUST50604,Smart Watch,EXPIRED,3541,YES
CUST56829,Smart Watch,PENDING,2922,YES
CUST56829,Bluetooth Speaker,EXPIRED,1352,YES
CUST56829,Screen Guard,ACTIVE,1678,YES
CUST56829,USB Cable,ACTIVE,165,YES
CUST56829,Memory Card,EXPIRED,2431,YES
CUST56829,Power Bank,ACTIVE,2109,NO
CUST56829,Charger,PENDING,1974,NO
CUST56829,Bluetooth Speaker,ACTIVE,3306,NO
CUST56829,Earphones,ACTIVE,431,NO
CUST56829,Screen Guard,ACTIVE,3938,YES
CUST56829,Bluetooth Speaker,PENDING,4934,YES
CUST56829,Mobile Cover,EXPIRED,3120,NO
CUST56829,USB Cable,ACTIVE,2908,NO
CUST56829,Earphones,ACTIVE,2077,YES
CUST93379,Screen Guard,PENDING,3036,NO
CUST93379,Power Bank,EXPIRED,4128,YES
CUST93379,Phone Stand,PENDING,157,YES
CUST93379,Bluetooth Speaker,PENDING,3168,YES
CUST93379,USB Cable,EXPIRED,2813,YES
CUST93379,Bluetooth Speaker,ACTIVE,2193,YES
CUST25545,Mobile Cover,EXPIRED,1479,NO
CUST25545,Earphones,EXPIRED,2889,NO
CUST25545,Charger,ACTIVE,3475,YES
CUST25545,USB Cable,ACTIVE,3531,YES
CUST25545,Earphones,ACTIVE,787,YES
CUST25545,Bluetooth Speaker,PENDING,4907,YES
CUST25545,Memory Card,PENDING,3614,NO
CUST25545,USB Cable,ACTIVE,3604,YES
CUST25545,Charger,EXPIRED,2142,YES
CUST25545,Earphones,EXPIRED,3914,YES
CUST25545,Charger,PENDING,1898,NO
CUST25545,Power Bank,PENDING,3015,YES
CUST25545,Smart Watch,ACTIVE,4707,YES
CUST88007,Power Bank,PENDING,4979,NO
CUST88007,Charger,PENDING,2920,YES
CUST88007,USB Cable,PENDING,694,NO
CUST88007,Phone Stand,EXPIRED,3243,NO
CUST88007,Earphones,PENDING,581,NO
CUST88007,Charger,ACTIVE,3066,YES
CUST44964,Bluetooth Speaker,PENDING,312,NO
CUST44964,Mobile Cover,ACTIVE,757,NO
CUST44964,Phone Stand,EXPIRED,235,YES
CUST44964,Mobile Cover,ACTIVE,4416,NO
CUST44964,Screen Guard,PENDING,4754,YES
CUST44964,Bluetooth Speaker,PENDING,2713,YES
CUST44964,Smart Watch,ACTIVE,2975,NO
CUST44964,Screen Guard,EXPIRED,4469,NO
CUST44964,Bluetooth Speaker,ACTIVE,1616,NO
CUST44964,Smart Watch,EXPIRED,2352,NO
CUST44964,Bluetooth Speaker,EXPIRED,1681,NO
CUST44964,Memory Card,EXPIRED,4289,YES
CUST44964,USB Cable,ACTIVE,4099,NO
CUST29531,Charger,PENDING,2557,NO
CUST29531,Screen Guard,EXPIRED,3057,YES
CUST29531,Power Bank,EXPIRED,4224,YES
CUST29531,Smart Watch,EXPIRED,4798,NO
CUST29531,Smart Watch,EXPIRED,2508,YES
CUST29531,Bluetooth Speaker,ACTIVE,2904,YES
CUST29531,Phone Stand,PENDING,760,YES
CUST29531,Memory Card,PENDING,1896,NO
CUST29531,USB Cable,ACTIVE,4425,YES
CUST29531,Screen Guard,ACTIVE,3385,YES
CUST29531,Charger,ACTIVE,322,NO
CUST29531,Smart Watch,ACTIVE,1950,NO
CUST41925,Bluetooth Speaker,ACTIVE,1268,YES
CUST41925,Memory Card,ACTIVE,1165,YES
CUST41925,Screen Guard,ACTIVE,4866,NO
CUST41925,Phone Stand,PENDING,1694,NO
CUST41925,Mobile Cover,EXPIRED,145,YES
CUST41925,Phone Stand,ACTIVE,2466,NO
CUST41925,Phone Stand,EXPIRED,4855,YES
CUST78891,Earphones,ACTIVE,2567,YES
CUST78891,Mobile Cover,PENDING,3969,NO
CUST78891,USB Cable,PENDING,1530,YES
CUST78891,Earphones,ACTIVE,828,NO
CUST78891,Smart Watch,PENDING,1810,NO
CUST78891,Charger,EXPIRED,3298,YES
CUST21097,Earphones,PENDING,2002,NO
CUST21097,Power Bank,EXPIRED,934,YES
CUST21097,Earphones,PENDING,1008,NO
CUST21097,USB Cable,PENDING,2048,YES
CUST21097,Power Bank,PENDING,3031,YES
CUST21097,Power Bank,ACTIVE,667,NO
CUST68547,Memory Card,ACTIVE,2612,NO
CUST68547,Earphones,PENDING,710,NO
CUST68547,Screen Guard,PENDING,3748,YES
CUST68547,Smart Watch,ACTIVE,229,NO
CUST68547,Power Bank,EXPIRED,3141,YES
CUST68547,Mobile Cover,PENDING,2975,NO
CUST47519,USB Cable,EXPIRED,2921,YES
CUST47519,Bluetooth Speaker,ACTIVE,1680,NO
CUST47519,Power Bank,EXPIRED,1839,YES
CUST47519,Memory Card,ACTIVE,3889,YES
CUST47519,Power Bank,EXPIRED,3537,NO
CUST47519,Mobile Cover,PENDING,1068,NO
CUST47519,Memory Card,ACTIVE,4017,YES
CUST47519,Bluetooth Speaker,PENDING,4291,YES
CUST70960,USB Cable,ACTIVE,941,NO
CUST70960,USB Cable,ACTIVE,3784,NO
CUST70960,Memory Card,EXPIRED,3541,YES
CUST70960,Earphones,EXPIRED,3389,NO
CUST70960,Smart Watch,PENDING,1742,NO
CUST70960,Charger,EXPIRED,318,NO
CUST70960,Phone Stand,EXPIRED,2290,NO
CUST70960,Phone Stand,EXPIRED,1309,NO
CUST70960,Bluetooth Speaker,EXPIRED,4941,YES
CUST70960,Power Bank,EXPIRED,3867,YES
CUST70960,USB Cable,PENDING,4165,NO
CUST70960,Earphones,ACTIVE,2114,YES
CUST70960,Screen Guard,ACTIVE,4678,YES
CUST88534,Earphones,PENDING,1469,YES
CUST88534,Mobile Cover,EXPIRED,1924,YES
CUST88534,Memory Card,PENDING,2705,NO
CUST88534,Smart Watch,EXPIRED,3408,YES
CUST88534,Bluetooth Speaker,PENDING,4598,YES
CUST88534,Power Bank,ACTIVE,516,YES
CUST88534,Mobile Cover,ACTIVE,1972,NO
CUST94302,Bluetooth Speaker,EXPIRED,799,YES
CUST94302,Screen Guard,ACTIVE,137,YES
CUST94302,Power Bank,ACTIVE,4964,NO
CUST94302,Phone Stand,PENDING,3855,YES
CUST94302,Earphones,ACTIVE,2141,NO
CUST94302,Bluetooth Speaker,PENDING,4220,NO
CUST94302,Earphones,EXPIRED,3963,NO
CUST94302,Charger,ACTIVE,862,NO
CUST94302,Smart Watch,EXPIRED,3395,NO
CUST94302,Phone Stand,PENDING,1177,NO
CUST94302,Phone Stand,ACTIVE,1865,NO
CUST94302,Bluetooth Speaker,PENDING,3789,NO
CUST94302,Power Bank,EXPIRED,511,YES
CUST94302,Mobile Cover,EXPIRED,3989,NO
CUST23078,Power Bank,PENDING,1807,NO
CUST23078,Charger,ACTIVE,741,YES
CUST23078,Smart Watch,ACTIVE,2532,NO
CUST23078,Phone Stand,ACTIVE,2745,YES
CUST23078,Power Bank,PENDING,1129,YES
CUST68154,Charger,EXPIRED,4082,NO
CUST68154,Screen Guard,PENDING,2992,YES
CUST68154,Phone Stand,ACTIVE,4833,NO
CUST68154,Screen Guard,ACTIVE,3448,NO
CUST68154,Smart Watch,PENDING,2648,YES
CUST68154,Earphones,ACTIVE,1897,NO
CUST68154,Smart Watch,ACTIVE,4823,YES
CUST68154,Power Bank,PENDING,4298,NO
CUST96385,USB Cable,ACTIVE,289,NO
CUST96385,Smart Watch,PENDING,4806,YES
CUST96385,Charger,EXPIRED,2926,YES
CUST96385,Memory Card,PENDING,4519,YES
CUST96385,Bluetooth Speaker,EXPIRED,1975,NO
CUST96385,Earphones,ACTIVE,885,NO
CUST96385,USB Cable,PENDING,4308,YES
CUST17791,Power Bank,PENDING,3303,YES
CUST17791,Smart Watch,EXPIRED,4313,YES
CUST17791,Smart Watch,ACTIVE,2974,YES
CUST17791,Memory Card,PENDING,752,YES
CUST17791,Smart Watch,PENDING,3682,NO
CUST17791,Mobile Cover,EXPIRED,4550,NO
CUST17791,Phone Stand,EXPIRED,3079,NO
CUST17791,Bluetooth Speaker,PENDING,4130,NO
CUST17791,Charger,ACTIVE,4961,NO
CUST17791,Charger,EXPIRED,1209,NO
CUST17791,Mobile Cover,PENDING,4577,YES
CUST17791,Mobile Cover,EXPIRED,304,NO
CUST17791,Mobile Cover,PENDING,2565,NO
CUST50575,Phone Stand,PENDING,1246,YES
CUST50575,Screen Guard,PENDING,824,YES
CUST50575,Bluetooth Speaker,EXPIRED,1286,YES
CUST50575,Bluetooth Speaker,EXPIRED,1068,YES
CUST50575,Memory Card,EXPIRED,850,YES
CUST50575,Power Bank,ACTIVE,757,NO
CUST50575,Mobile Cover,ACTIVE,4077,YES
CUST50575,Phone Stand,EXPIRED,499,NO
CUST50575,Phone Stand,PENDING,4389,NO
CUST50575,USB Cable,ACTIVE,1423,YES
CUST72798,Power Bank,ACTIVE,4047,YES
CUST72798,Earphones,ACTIVE,3785,YES
CUST72798,Mobile Cover,PENDING,1158,NO
CUST72798,Power Bank,ACTIVE,2753,NO
CUST72798,USB Cable,ACTIVE,2667,YES
CUST72798,Charger,PENDING,4683,YES
CUST72798,Bluetooth Speaker,ACTIVE,369,NO
CUST72798,Screen Guard,ACTIVE,3122,NO
CUST72798,Phone Stand,ACTIVE,2401,YES
CUST72798,Screen Guard,EXPIRED,2204,NO
CUST72798,Phone Stand,EXPIRED,4049,YES
CUST72798,Memory Card,PENDING,3746,NO
CUST72798,Charger,PENDING,4368,NO
CUST72798,Charger,EXPIRED,4446,NO
CUST17925,Bluetooth Speaker,ACTIVE,4183,NO
CUST17925,Memory Card,ACTIVE,4908,YES
CUST17925,USB Cable,EXPIRED,3382,NO
CUST17925,USB Cable,PENDING,2277,NO
CUST17925,Power Bank,PENDING,3461,YES
CUST17925,Power Bank,ACTIVE,1433,YES
CUST17925,Mobile Cover,PENDING,4115,NO
CUST17260,USB Cable,EXPIRED,2144,NO
CUST17260,Charger,ACTIVE,4916,YES
CUST17260,USB Cable,EXPIRED,677,NO
CUST17260,Earphones,ACTIVE,1972,YES
CUST17260,Phone Stand,ACTIVE,3638,YES
CUST17260,Smart Watch,EXPIRED,1795,YES
CUST17260,Phone Stand,EXPIRED,1264,NO
CUST17260,Bluetooth Speaker,ACTIVE,4237,YES
CUST17260,Memory Card,ACTIVE,2250,YES
CUST17260,Screen Guard,ACTIVE,139,NO
CUST17260,Charger,ACTIVE,2654,YES
CUST68777,Smart Watch,ACTIVE,2558,NO
CUST68777,Mobile Cover,ACTIVE,307,NO
CUST68777,Charger,EXPIRED,3439,NO
CUST68777,USB Cable,ACTIVE,4687,NO
CUST68777,Earphones,ACTIVE,872,YES
CUST68777,Mobile Cover,EXPIRED,3533,YES
CUST68777,Power Bank,PENDING,1422,YES
CUST68777,Charger,ACTIVE,4391,YES
CUST68777,Memory Card,ACTIVE,1676,NO
CUST68777,Bluetooth Speaker,ACTIVE,2133,NO
CUST68777,USB Cable,ACTIVE,176,NO
CUST68777,Phone Stand,PENDING,3171,NO
CUST68777,Screen Guard,ACTIVE,4595,YES
CUST68777,USB Cable,ACTIVE,968,YES
CUST68777,USB Cable,EXPIRED,1804,YES
CUST85865,Earphones,EXPIRED,2889,NO
CUST85865,Memory Card,PENDING,2712,NO
CUST85865,Phone Stand,PENDING,2389,YES
CUST85865,Smart Watch,EXPIRED,4411,YES
CUST85865,Charger,EXPIRED,3412,NO
CUST85865,Smart Watch,EXPIRED,2574,NO
CUST85865,Charger,EXPIRED,4334,YES
CUST85865,Screen Guard,PENDING,3117,YES
CUST85865,Phone Stand,ACTIVE,3708,YES
CUST85865,Mobile Cover,EXPIRED,4411,YES
CUST11976,Phone Stand,ACTIVE,4164,YES
CUST11976,Memory Card,PENDING,4053,NO
CUST11976,Earphones,ACTIVE,3131,NO
CUST11976,Screen Guard,EXPIRED,2450,NO
CUST11976,Earphones,ACTIVE,4910,YES
CUST90452,Memory Card,ACTIVE,978,NO
CUST90452,Smart Watch,ACTIVE,2968,YES
CUST90452,Earphones,ACTIVE,4598,YES
CUST90452,Phone Stand,PENDING,1873,NO
CUST90452,Bluetooth Speaker,EXPIRED,1932,NO
CUST90452,Screen Guard,PENDING,806,YES
CUST90452,USB Cable,ACTIVE,975,YES
CUST90452,Screen Guard,EXPIRED,255,NO
CUST90452,Smart Watch,EXPIRED,2860,NO
CUST90452,Phone Stand,EXPIRED,1815,YES
CUST90452,Charger,ACTIVE,1727,YES
CUST61957,Screen Guard,EXPIRED,2703,YES
CUST61957,Memory Card,EXPIRED,613,NO
CUST61957,Mobile Cover,PENDING,3922,NO
CUST61957,Smart Watch,ACTIVE,3088,YES
CUST61957,Charger,PENDING,4888,NO
CUST61957,Earphones,PENDING,4133,YES
CUST61957,USB Cable,ACTIVE,3579,NO
CUST61957,Memory Card,EXPIRED,1663,YES
CUST92006,USB Cable,PENDING,477,YES
CUST92006,Charger,PENDING,1049,NO
CUST92006,Mobile Cover,ACTIVE,3124,NO
CUST92006,Memory Card,ACTIVE,2493,NO
CUST92006,Screen Guard,EXPIRED,909,NO
CUST92006,Mobile Cover,ACTIVE,788,NO
CUST92006,USB Cable,PENDING,121,NO
CUST92006,USB Cable,PENDING,2315,NO
CUST92006,Bluetooth Speaker,EXPIRED,4025,NO
CUST92006,Phone Stand,ACTIVE,4602,YES
CUST62965,Screen Guard,EXPIRED,2439,NO
CUST62965,Phone Stand,PENDING,3659,NO
CUST62965,Mobile Cover,EXPIRED,4719,NO
CUST62965,Earphones,PENDING,4051,NO
CUST62965,Memory Card,PENDING,1440,NO
CUST62965,Earphones,PENDING,2952,YES
CUST62965,Screen Guard,EXPIRED,3798,YES
CUST62965,Screen Guard,EXPIRED,1248,NO
CUST62965,Power Bank,PENDING,3395,YES
CUST43963,Memory Card,EXPIRED,3234,YES
CUST43963,Memory Card,ACTIVE,2857,NO
CUST43963,Mobile Cover,ACTIVE,4447,YES
CUST43963,Smart Watch,ACTIVE,1319,YES
CUST43963,USB Cable,EXPIRED,1199,NO
CUST43963,Phone Stand,ACTIVE,3018,YES
CUST45847,Smart Watch,PENDING,2557,YES
CUST45847,USB Cable,PENDING,4809,YES
CUST45847,USB Cable,ACTIVE,4378,NO
CUST45847,Memory Card,EXPIRED,3329,YES
CUST45847,Charger,ACTIVE,2676,NO
CUST45847,Earphones,ACTIVE,1415,YES
CUST45847,Charger,PENDING,2560,NO
CUST45847,Phone Stand,PENDING,4940,NO
CUST68091,Screen Guard,PENDING,4520,YES
CUST68091,Power Bank,ACTIVE,643,YES
CUST68091,Memory Card,ACTIVE,2685,YES
CUST68091,Earphones,EXPIRED,4162,NO
CUST68091,Memory Card,PENDING,4115,NO
CUST68091,Earphones,EXPIRED,3614,YES
CUST68091,Memory Card,EXPIRED,885,NO
CUST68091,Memory Card,PENDING,3111,NO
CUST93519,USB Cable,EXPIRED,2008,YES
CUST93519,Phone Stand,ACTIVE,2435,NO
CUST93519,Smart Watch,ACTIVE,1910,NO
CUST93519,Power Bank,ACTIVE,418,NO
CUST93519,Phone Stand,ACTIVE,3874,YES
CUST93519,Power Bank,EXPIRED,2011,NO
CUST93519,Phone Stand,ACTIVE,499,YES
CUST93519,Charger,PENDING,4155,YES
CUST93519,Power Bank,ACTIVE,4480,YES
CUST93519,Mobile Cover,ACTIVE,2566,NO
CUST93519,USB Cable,PENDING,3633,NO
CUST93519,Charger,ACTIVE,369,YES
CUST68615,Bluetooth Speaker,EXPIRED,4485,NO
CUST68615,Smart Watch,PENDING,1879,YES
CUST68615,Power Bank,PENDING,4316,NO
CUST68615,Screen Guard,PENDING,4958,YES
CUST68615,Memory Card,PENDING,4031,NO
CUST68615,Mobile Cover,ACTIVE,3718,YES
CUST68615,Power Bank,ACTIVE,3486,YES
CUST68615,Power Bank,PENDING,104,YES
CUST68615,USB Cable,PENDING,3751,YES
CUST68615,Screen Guard,PENDING,1229,YES
CUST68615,USB Cable,ACTIVE,4308,NO
CUST91293,Phone Stand,PENDING,2515,YES
CUST91293,Screen Guard,EXPIRED,4133,YES
CUST91293,Smart Watch,ACTIVE,2681,NO
CUST91293,Smart Watch,ACTIVE,2805,NO
CUST91293,Screen Guard,ACTIVE,2037,YES
CUST91293,Charger,EXPIRED,1128,YES
CUST91293,Mobile Cover,EXPIRED,1588,NO
CUST91293,Mobile Cover,PENDING,2357,YES
CUST93138,Mobile Cover,PENDING,1112,NO
CUST93138,Smart Watch,ACTIVE,2848,NO
CUST93138,Power Bank,EXPIRED,3228,NO
CUST93138,Charger,PENDING,1860,NO
CUST93138,Screen Guard,ACTIVE,203,NO
CUST93138,Memory Card,EXPIRED,2514,NO
CUST93138,Bluetooth Speaker,PENDING,3063,YES
CUST93138,Screen Guard,ACTIVE,2332,NO
CUST13299,Mobile Cover,PENDING,3198,NO
CUST13299,Mobile Cover,EXPIRED,354,NO
CUST13299,Smart Watch,PENDING,1493,YES
CUST13299,Bluetooth Speaker,EXPIRED,1262,YES
CUST13299,Power Bank,PENDING,1369,NO
CUST13299,Memory Card,EXPIRED,1069,NO
CUST13299,Phone Stand,EXPIRED,2944,YES
CUST13299,Screen Guard,PENDING,3080,YES
CUST13299,Bluetooth Speaker,EXPIRED,3091,NO
CUST13299,USB Cable,EXPIRED,4042,YES
CUST27647,Mobile Cover,PENDING,671,NO
CUST27647,Screen Guard,EXPIRED,749,YES
CUST27647,Earphones,ACTIVE,175,NO
CUST27647,Earphones,EXPIRED,1401,NO
CUST27647,Power Bank,EXPIRED,4637,YES
CUST27647,Mobile Cover,ACTIVE,492,NO
CUST27647,Screen Guard,PENDING,2229,NO
CUST27647,Earphones,PENDING,1294,NO
CUST27647,Power Bank,PENDING,4602,NO
CUST27647,Mobile Cover,PENDING,4310,YES
CUST27647,Screen Guard,EXPIRED,4065,YES
CUST27647,Phone Stand,PENDING,3565,YES
CUST27647,Mobile Cover,EXPIRED,117,YES
CUST11752,Charger,PENDING,550,YES
CUST11752,Earphones,ACTIVE,311,NO
CUST11752,Memory Card,ACTIVE,2860,NO
CUST11752,Memory Card,PENDING,4514,NO
CUST11752,Power Bank,PENDING,191,YES
CUST11752,Memory Card,ACTIVE,1915,YES
CUST11752,Charger,ACTIVE,694,YES
CUST11752,Earphones,PENDING,4692,YES
CUST11752,Smart Watch,ACTIVE,2487,YES
CUST24822,USB Cable,EXPIRED,1034,YES
CUST24822,Bluetooth Speaker,ACTIVE,3986,NO
CUST24822,Phone Stand,ACTIVE,3765,YES
CUST24822,Screen Guard,EXPIRED,2278,NO
CUST24822,Mobile Cover,ACTIVE,3497,YES
CUST24822,Phone Stand,ACTIVE,4244,YES
CUST24822,Phone Stand,ACTIVE,4991,NO
CUST52250,Memory Card,ACTIVE,402,YES
CUST52250,Screen Guard,EXPIRED,768,NO
CUST52250,Memory Card,ACTIVE,893,YES
CUST52250,Earphones,PENDING,2432,YES
CUST52250,Smart Watch,ACTIVE,4048,NO
CUST52250,Smart Watch,PENDING,1491,YES
CUST52250,Memory Card,PENDING,459,NO
CUST52250,Charger,ACTIVE,3756,NO
CUST52250,Smart Watch,EXPIRED,2061,NO
CUST52250,Earphones,ACTIVE,3473,YES
CUST52250,Earphones,PENDING,4834,YES
CUST23501,Power Bank,EXPIRED,2170,NO
CUST23501,Smart Watch,PENDING,683,YES
CUST23501,Charger,EXPIRED,2301,NO
CUST23501,Smart Watch,PENDING,4145,NO
CUST23501,Earphones,ACTIVE,4275,NO
CUST28997,Smart Watch,PENDING,3711,YES
CUST28997,USB Cable,PENDING,3723,YES
CUST28997,Phone Stand,ACTIVE,2366,YES
CUST28997,Charger,EXPIRED,3945,NO
CUST28997,Screen Guard,ACTIVE,919,NO
CUST28997,Phone Stand,ACTIVE,1191,YES
CUST28997,Charger,PENDING,1941,YES
CUST64321,Earphones,PENDING,4780,NO
CUST64321,Screen Guard,EXPIRED,4088,YES
CUST64321,Phone Stand,ACTIVE,343,YES
CUST64321,Charger,EXPIRED,4002,NO
CUST64321,Power Bank,EXPIRED,2050,NO
CUST64321,USB Cable,EXPIRED,863,YES
CUST64321,Charger,PENDING,4742,NO
CUST64321,USB Cable,PENDING,3498,YES
CUST64321,Charger,ACTIVE,3766,YES
CUST64321,Power Bank,PENDING,4205,NO
CUST64321,Phone Stand,ACTIVE,3143,NO
CUST64321,Charger,PENDING,933,NO
CUST64321,Earphones,EXPIRED,1057,YES
CUST44817,Bluetooth Speaker,EXPIRED,2258,YES
CUST44817,Earphones,ACTIVE,1217,YES
CUST44817,Memory Card,PENDING,2947,YES
CUST44817,Earphones,ACTIVE,3421,YES
CUST44817,Mobile Cover,ACTIVE,704,NO
CUST44817,Smart Watch,PENDING,3127,YES
CUST44817,Screen Guard,ACTIVE,564,YES
CUST44817,Mobile Cover,PENDING,2022,YES
CUST44817,Screen Guard,EXPIRED,2543,NO
CUST44817,Power Bank,PENDING,4774,NO
CUST44817,Bluetooth Speaker,EXPIRED,1620,NO
CUST44817,Earphones,PENDING,853,YES
CUST44817,USB Cable,EXPIRED,3968,YES
CUST44817,Mobile Cover,ACTIVE,3532,YES
CUST44817,Phone Stand,PENDING,4260,NO
CUST72076,Memory Card,EXPIRED,4729,YES
CUST72076,Mobile Cover,EXPIRED,1570,YES
CUST72076,Bluetooth Speaker,PENDING,2012,YES
CUST72076,Phone Stand,PENDING,3994,YES
CUST72076,Mobile Cover,EXPIRED,3841,NO
CUST72076,Power Bank,ACTIVE,3746,YES
CUST72076,Smart Watch,EXPIRED,2222,NO
CUST72076,Bluetooth Speaker,PENDING,1754,NO
CUST72076,Earphones,ACTIVE,4277,YES
CUST72076,Charger,PENDING,4758,YES
CUST88818,Smart Watch,ACTIVE,3100,NO
CUST88818,Phone Stand,PENDING,1168,NO
CUST88818,Mobile Cover,EXPIRED,1470,NO
CUST88818,Power Bank,EXPIRED,1846,NO
CUST88818,Bluetooth Speaker,EXPIRED,4474,YES
CUST88818,USB Cable,ACTIVE,713,NO
CUST88818,Phone Stand,PENDING,4125,YES
CUST88818,Mobile Cover,PENDING,838,NO
CUST88818,USB Cable,PENDING,1319,YES
CUST88818,Screen Guard,ACTIVE,325,YES
CUST88818,Power Bank,ACTIVE,600,NO
CUST88818,Power Bank,EXPIRED,2885,YES
CUST88818,Power Bank,ACTIVE,1674,YES
CUST88818,Charger,EXPIRED,1700,NO
CUST88818,Screen Guard,EXPIRED,2522,NO
CUST44458,Smart Watch,ACTIVE,3869,NO
CUST44458,Smart Watch,EXPIRED,1780,NO
CUST44458,Mobile Cover,EXPIRED,2975,YES
CUST44458,Screen Guard,EXPIRED,3206,YES
CUST44458,Earphones,PENDING,4277,NO
CUST44458,Screen Guard,ACTIVE,3618,NO
CUST44458,Phone Stand,ACTIVE,3183,YES
CUST44458,Screen Guard,PENDING,3328,YES
CUST44458,Screen Guard,EXPIRED,240,YES
CUST44458,Mobile Cover,PENDING,2387,NO
CUST44458,Charger,EXPIRED,3808,YES
CUST44458,Phone Stand,EXPIRED,4735,NO
CUST44458,Charger,ACTIVE,3049,YES
CUST44458,Phone Stand,EXPIRED,4445,NO
CUST44458,Bluetooth Speaker,ACTIVE,2020,NO
CUST69864,Screen Guard,PENDING,4139,NO
CUST69864,USB Cable,EXPIRED,3990,NO
CUST69864,Memory Card,EXPIRED,2155,YES
CUST69864,Power Bank,ACTIVE,3269,YES
CUST69864,Earphones,ACTIVE,2361,YES
CUST69864,Earphones,EXPIRED,1891,YES
CUST69864,Memory Card,PENDING,2552,NO
CUST69864,Power Bank,ACTIVE,2425,NO
CUST69864,Memory Card,EXPIRED,1859,YES
CUST69864,Charger,ACTIVE,1050,NO
CUST69864,Mobile Cover,PENDING,2542,NO
CUST69864,Screen Guard,EXPIRED,3156,NO
CUST69864,Mobile Cover,EXPIRED,4814,NO
CUST77776,Phone Stand,PENDING,4455,NO
CUST77776,Phone Stand,EXPIRED,409,NO
CUST77776,Charger,EXPIRED,174,NO
CUST77776,Smart Watch,ACTIVE,3997,NO
CUST77776,Charger,PENDING,1136,YES
CUST77776,Earphones,ACTIVE,3056,NO
CUST77776,Memory Card,EXPIRED,165,YES
CUST77776,Screen Guard,PENDING,460,NO
CUST77776,Power Bank,EXPIRED,4560,NO
CUST77776,Smart Watch,EXPIRED,3867,NO
CUST77776,Screen Guard,EXPIRED,4060,NO
CUST77776,Smart Watch,PENDING,3943,NO
CUST77776,Bluetooth Speaker,ACTIVE,1426,NO
CUST77776,Earphones,ACTIVE,2311,YES
CUST77776,Bluetooth Speaker,EXPIRED,4001,NO
CUST51515,Earphones,EXPIRED,2714,NO
CUST51515,Charger,EXPIRED,2844,YES
CUST51515,Bluetooth Speaker,PENDING,2285,YES
CUST51515,Smart Watch,EXPIRED,4053,NO
CUST51515,Charger,ACTIVE,1365,NO
CUST51515,Screen Guard,PENDING,1319,NO
CUST51515,USB Cable,ACTIVE,1117,NO
CUST51515,Smart Watch,PENDING,3485,NO
CUST51515,Memory Card,PENDING,4042,YES
CUST41892,Charger,PENDING,4308,NO
CUST41892,Earphones,ACTIVE,965,YES
CUST41892,Smart Watch,EXPIRED,3529,NO
CUST41892,Screen Guard,ACTIVE,3229,NO
CUST41892,Charger,EXPIRED,3677,NO
CUST41892,USB Cable,PENDING,2664,NO
CUST41892,Phone Stand,PENDING,318,NO
CUST41892,Charger,ACTIVE,1556,YES
CUST41892,USB Cable,PENDING,2006,YES
CUST41892,Bluetooth Speaker,ACTIVE,3254,YES
CUST41892,Earphones,ACTIVE,2105,YES
CUST41892,Memory Card,PENDING,3061,YES
CUST11263,Earphones,EXPIRED,3868,YES
CUST11263,Bluetooth Speaker,ACTIVE,957,NO
CUST11263,Charger,PENDING,429,YES
CUST11263,USB Cable,PENDING,248,YES
CUST11263,Bluetooth Speaker,ACTIVE,3411,YES
CUST11263,Screen Guard,PENDING,4694,NO
CUST11263,USB Cable,ACTIVE,1170,YES
CUST97330,Mobile Cover,ACTIVE,3145,YES
CUST97330,Smart Watch,ACTIVE,4714,NO
CUST97330,Charger,EXPIRED,4117,YES
CUST97330,Charger,EXPIRED,1541,NO
CUST97330,Earphones,PENDING,623,YES
CUST97330,Phone Stand,EXPIRED,639,YES
CUST79251,Screen Guard,PENDING,4569,YES
CUST79251,Bluetooth Speaker,EXPIRED,4980,NO
CUST79251,USB Cable,EXPIRED,3761,YES
CUST79251,Memory Card,PENDING,4389,YES
CUST79251,Earphones,PENDING,4882,NO
CUST79251,Phone Stand,PENDING,3115,NO
CUST79251,Power Bank,ACTIVE,1246,YES
CUST79251,Smart Watch,EXPIRED,4652,NO
CUST79251,Bluetooth Speaker,ACTIVE,1693,NO
CUST79251,Screen Guard,EXPIRED,4589,NO
CUST79251,Screen Guard,EXPIRED,2990,NO
CUST45056,Earphones,PENDING,4761,NO
CUST45056,Bluetooth Speaker,ACTIVE,114,NO
CUST45056,USB Cable,EXPIRED,459,YES
CUST45056,Mobile Cover,PENDING,2800,NO
CUST45056,USB Cable,ACTIVE,3297,YES
CUST45056,Memory Card,PENDING,1908,YES
CUST45056,USB Cable,ACTIVE,4603,YES
CUST55812,Phone Stand,EXPIRED,3808,NO
CUST55812,Bluetooth Speaker,EXPIRED,3464,YES
CUST55812,Power Bank,PENDING,4575,YES
CUST55812,Mobile Cover,PENDING,4698,NO
CUST55812,Bluetooth Speaker,ACTIVE,2610,YES
CUST55812,Charger,ACTIVE,429,YES
CUST55812,Phone Stand,PENDING,3254,YES
CUST55812,USB Cable,ACTIVE,2643,YES
CUST55812,Phone Stand,PENDING,4467,YES
CUST55812,Smart Watch,ACTIVE,3470,YES
CUST93902,USB Cable,ACTIVE,3681,NO
CUST93902,Charger,EXPIRED,2493,YES
CUST93902,Smart Watch,ACTIVE,3523,YES
CUST93902,Charger,EXPIRED,1454,YES
CUST93902,Memory Card,ACTIVE,2389,YES
CUST93902,Smart Watch,ACTIVE,2736,YES
CUST93902,Mobile Cover,PENDING,4286,NO
CUST93902,Memory Card,PENDING,2153,YES
CUST93902,USB Cable,EXPIRED,578,NO
CUST93902,Mobile Cover,PENDING,4905,YES
CUST93902,Charger,PENDING,3138,YES
CUST93902,Smart Watch,PENDING,3382,YES
CUST93902,Memory Card,ACTIVE,2142,YES
CUST93902,Power Bank,ACTIVE,4352,YES
CUST38057,Smart Watch,PENDING,3561,NO
CUST38057,Power Bank,ACTIVE,4097,YES
CUST38057,Charger,PENDING,1393,NO
CUST38057,Earphones,PENDING,1178,NO
CUST38057,Memory Card,ACTIVE,2865,YES
CUST38057,Mobile Cover,PENDING,4384,YES
CUST38057,Phone Stand,PENDING,4364,YES
CUST38057,Phone Stand,PENDING,3882,NO
CUST38057,Phone Stand,PENDING,3201,NO
CUST38057,Screen Guard,ACTIVE,208,YES
CUST38057,Earphones,EXPIRED,3854,YES
CUST38057,Earphones,ACTIVE,3704,YES
CUST38057,Charger,ACTIVE,2640,NO
CUST38057,Phone Stand,PENDING,3630,NO
CUST74190,Phone Stand,PENDING,468,NO
CUST74190,Smart Watch,ACTIVE,3962,NO
CUST74190,Mobile Cover,ACTIVE,382,YES
CUST74190,USB Cable,ACTIVE,2308,NO
CUST74190,Power Bank,ACTIVE,1071,YES
CUST74190,Bluetooth Speaker,ACTIVE,1186,NO
CUST74190,Screen Guard,PENDING,2897,YES
CUST74190,Mobile Cover,PENDING,3580,NO
CUST74190,Memory Card,EXPIRED,4527,NO
CUST74190,Bluetooth Speaker,PENDING,3890,YES
CUST74190,Screen Guard,EXPIRED,3552,NO
CUST74190,Phone Stand,EXPIRED,1643,YES
CUST74190,Earphones,PENDING,3176,YES
CUST16517,Phone Stand,EXPIRED,1105,NO
CUST16517,Memory Card,EXPIRED,274,YES
CUST16517,Phone Stand,ACTIVE,2055,YES
CUST16517,Mobile Cover,EXPIRED,2935,YES
CUST16517,Earphones,PENDING,982,NO
CUST16517,Memory Card,PENDING,2951,YES
CUST16517,Phone Stand,EXPIRED,4873,NO
CUST16517,Memory Card,PENDING,4609,NO
CUST16517,Memory Card,PENDING,4244,NO
CUST77545,Screen Guard,PENDING,2660,YES
CUST77545,Power Bank,EXPIRED,2751,YES
CUST77545,Charger,ACTIVE,4534,YES
CUST77545,Phone Stand,ACTIVE,4380,NO
CUST77545,Memory Card,ACTIVE,3155,NO
CUST77545,Smart Watch,PENDING,4428,YES
CUST77545,USB Cable,PENDING,1918,NO
CUST77545,Charger,ACTIVE,290,YES
CUST77545,USB Cable,ACTIVE,1116,YES
CUST77545,Charger,EXPIRED,928,YES
CUST77545,Mobile Cover,PENDING,2867,NO
CUST77545,Mobile Cover,PENDING,1851,YES
CUST77545,Mobile Cover,PENDING,1482,YES
CUST77545,Earphones,EXPIRED,1007,YES
CUST95231,Smart Watch,EXPIRED,4162,NO
CUST95231,Bluetooth Speaker,PENDING,2753,NO
CUST95231,USB Cable,PENDING,1418,NO
CUST95231,Memory Card,PENDING,4046,NO
CUST95231,Mobile Cover,PENDING,2411,YES
CUST95231,Charger,EXPIRED,2163,YES
CUST95231,Memory Card,ACTIVE,4334,NO
CUST95231,USB Cable,ACTIVE,2077,YES
CUST95231,Bluetooth Speaker,ACTIVE,1145,YES
CUST27293,Screen Guard,PENDING,3978,NO
CUST27293,Screen Guard,PENDING,3427,YES
CUST27293,Smart Watch,ACTIVE,729,NO
CUST27293,Phone Stand,PENDING,3720,NO
CUST27293,USB Cable,ACTIVE,1191,NO
CUST27293,USB Cable,ACTIVE,1831,YES
CUST94265,Screen Guard,ACTIVE,721,NO
CUST94265,Power Bank,PENDING,986,NO
CUST94265,Power Bank,PENDING,4042,NO
CUST94265,Smart Watch,PENDING,3651,NO
CUST94265,Mobile Cover,PENDING,2636,NO
CUST94265,Mobile Cover,EXPIRED,891,NO
CUST94265,Smart Watch,EXPIRED,3701,YES
CUST94265,Memory Card,PENDING,450,YES
CUST94265,Memory Card,ACTIVE,4996,NO
CUST94265,Mobile Cover,ACTIVE,2472,YES
CUST94265,Screen Guard,EXPIRED,2375,YES
CUST94265,Bluetooth Speaker,EXPIRED,4824,YES
CUST94265,Smart Watch,ACTIVE,4128,NO
CUST94265,USB Cable,EXPIRED,1778,YES
CUST48614,Earphones,EXPIRED,1881,YES
CUST48614,Earphones,PENDING,1359,NO
CUST48614,Power Bank,ACTIVE,2991,NO
CUST48614,Screen Guard,ACTIVE,4479,YES
CUST48614,Screen Guard,EXPIRED,4491,YES
CUST48614,Phone Stand,EXPIRED,2510,YES
CUST48614,Smart Watch,EXPIRED,3967,YES
CUST48614,Bluetooth Speaker,ACTIVE,348,YES
CUST48614,Smart Watch,ACTIVE,1452,NO
CUST48614,Memory Card,ACTIVE,1700,NO
CUST48614,Screen Guard,PENDING,4051,YES
CUST48614,Power Bank,ACTIVE,4115,NO
CUST65314,Screen Guard,ACTIVE,1320,YES
CUST65314,Screen Guard,ACTIVE,4147,NO
CUST65314,Mobile Cover,EXPIRED,1642,YES
CUST65314,Phone Stand,ACTIVE,2478,NO
CUST65314,Earphones,EXPIRED,2815,YES
CUST65314,Smart Watch,EXPIRED,4132,NO
CUST56304,Power Bank,PENDING,1408,NO
CUST56304,Phone Stand,ACTIVE,4762,YES
CUST56304,Charger,EXPIRED,2361,NO
CUST56304,Mobile Cover,ACTIVE,1703,NO
CUST56304,Earphones,PENDING,3601,NO
CUST56304,Power Bank,ACTIVE,3676,YES
CUST56304,Mobile Cover,PENDING,1462,YES
CUST56304,Power Bank,PENDING,670,NO
CUST56304,Smart Watch,EXPIRED,3857,YES
CUST20140,Memory Card,EXPIRED,1829,YES
CUST20140,Screen Guard,ACTIVE,4346,NO
CUST20140,Charger,ACTIVE,393,YES
CUST20140,Phone Stand,EXPIRED,2827,NO
CUST20140,USB Cable,EXPIRED,519,NO
CUST20140,USB Cable,ACTIVE,1170,NO
CUST20140,Power Bank,PENDING,4029,NO
CUST20140,Smart Watch,ACTIVE,4180,NO
CUST20140,Phone Stand,PENDING,1807,NO
CUST20140,USB Cable,PENDING,3191,NO
CUST20140,Earphones,PENDING,3129,NO
CUST20140,Smart Watch,ACTIVE,3579,YES
CUST20140,Charger,EXPIRED,4520,NO
CUST59449,Bluetooth Speaker,PENDING,1016,YES
CUST59449,Memory Card,PENDING,2498,YES
CUST59449,Charger,ACTIVE,1884,YES
CUST59449,Screen Guard,ACTIVE,4957,YES
CUST59449,Phone Stand,PENDING,2552,NO
CUST59449,Charger,ACTIVE,587,YES
CUST59449,Smart Watch,ACTIVE,2566,NO
CUST59449,Mobile Cover,PENDING,3745,NO
CUST59449,Memory Card,PENDING,1933,NO
CUST59449,Screen Guard,PENDING,4336,NO
CUST59449,Smart Watch,PENDING,524,YES
CUST59449,Memory Card,ACTIVE,1996,NO
CUST59449,Smart Watch,PENDING,4832,YES
CUST44823,Phone Stand,PENDING,3879,NO
CUST44823,Bluetooth Speaker,PENDING,3987,NO
CUST44823,USB Cable,PENDING,1118,NO
CUST44823,Memory Card,ACTIVE,2070,NO
CUST44823,Screen Guard,PENDING,4677,NO
CUST40609,Mobile Cover,PENDING,4979,YES
CUST40609,Earphones,PENDING,3161,NO
CUST40609,Phone Stand,ACTIVE,4548,NO
CUST40609,Phone Stand,ACTIVE,571,NO
CUST40609,Phone Stand,PENDING,1719,YES
CUST40609,Smart Watch,EXPIRED,2463,YES
CUST40609,Screen Guard,EXPIRED,3219,YES
CUST40609,Phone Stand,ACTIVE,2070,NO
CUST40609,Smart Watch,ACTIVE,689,NO
CUST40609,USB Cable,EXPIRED,812,YES
CUST36760,Earphones,ACTIVE,1469,NO
CUST36760,Charger,PENDING,4822,NO
CUST36760,Charger,EXPIRED,4618,NO
CUST36760,Power Bank,EXPIRED,3615,YES
CUST36760,Smart Watch,ACTIVE,2200,NO
CUST36760,Power Bank,PENDING,3420,YES
CUST36760,Mobile Cover,EXPIRED,4863,YES
CUST36760,Mobile Cover,EXPIRED,3127,NO
CUST36760,Bluetooth Speaker,EXPIRED,555,NO
CUST36760,Screen Guard,ACTIVE,969,NO
CUST36760,Power Bank,ACTIVE,3235,YES
CUST36760,Mobile Cover,ACTIVE,2500,YES
CUST79018,Mobile Cover,ACTIVE,4491,YES
CUST79018,Phone Stand,ACTIVE,2278,YES
CUST79018,Power Bank,ACTIVE,2278,NO
CUST79018,Bluetooth Speaker,ACTIVE,4619,NO
CUST79018,Screen Guard,PENDING,1208,NO
CUST79018,Power Bank,EXPIRED,4857,YES
CUST79018,USB Cable,EXPIRED,3474,NO
CUST79018,Smart Watch,ACTIVE,3209,YES
CUST79018,Charger,PENDING,4981,YES
CUST79018,Bluetooth Speaker,ACTIVE,416,YES
CUST79018,Charger,PENDING,487,NO
CUST79018,Phone Stand,PENDING,739,YES
CUST79018,Phone Stand,PENDING,2491,NO
CUST79018,Mobile Cover,EXPIRED,3771,YES
CUST54217,USB Cable,EXPIRED,111,YES
CUST54217,Memory Card,ACTIVE,707,YES
CUST54217,Bluetooth Speaker,PENDING,4149,YES
CUST54217,USB Cable,EXPIRED,837,NO
CUST54217,Memory Card,EXPIRED,1011,YES
CUST54217,Memory Card,ACTIVE,2264,NO
CUST54217,Screen Guard,ACTIVE,3643,NO
CUST63549,Screen Guard,EXPIRED,1168,YES
CUST63549,Power Bank,ACTIVE,3460,YES
CUST63549,Smart Watch,ACTIVE,3127,NO
CUST63549,Charger,EXPIRED,109,NO
CUST63549,Mobile Cover,EXPIRED,4789,YES
CUST55556,Smart Watch,ACTIVE,1978,NO
CUST55556,Screen Guard,PENDING,3602,NO
CUST55556,Screen Guard,PENDING,1875,YES
CUST55556,Screen Guard,ACTIVE,1932,NO
CUST55556,Power Bank,ACTIVE,2775,NO
CUST55556,Earphones,ACTIVE,3698,YES
CUST85170,USB Cable,PENDING,221,YES
CUST85170,Smart Watch,ACTIVE,4143,YES
CUST85170,Memory Card,PENDING,3455,YES
CUST85170,Charger,ACTIVE,4388,NO
CUST85170,Power Bank,EXPIRED,4535,NO
CUST85170,Smart Watch,PENDING,2444,NO
CUST85170,Phone Stand,PENDING,4317,YES
CUST85170,Phone Stand,ACTIVE,2804,YES
CUST85170,Earphones,ACTIVE,3579,YES
CUST85170,Mobile Cover,PENDING,1638,YES
CUST85170,Screen Guard,ACTIVE,103,NO
CUST85170,USB Cable,ACTIVE,3921,YES
CUST48775,USB Cable,ACTIVE,3440,NO
CUST48775,Smart Watch,ACTIVE,3072,YES
CUST48775,Charger,EXPIRED,1135,NO
CUST48775,Memory Card,EXPIRED,2167,YES
CUST48775,Bluetooth Speaker,PENDING,2611,YES
CUST48775,Earphones,ACTIVE,2946,YES
CUST98643,Earphones,PENDING,1164,NO
CUST98643,USB Cable,PENDING,187,YES
CUST98643,Smart Watch,EXPIRED,2686,YES
CUST98643,Phone Stand,ACTIVE,2419,NO
CUST98643,Mobile Cover,PENDING,1753,YES
CUST98643,Power Bank,PENDING,402,YES
CUST98643,Earphones,ACTIVE,1815,YES
CUST98643,Earphones,EXPIRED,3018,NO
CUST98643,Bluetooth Speaker,EXPIRED,3587,YES
CUST98643,Earphones,EXPIRED,2028,NO
CUST98643,Screen Guard,PENDING,4896,YES
CUST98643,USB Cable,EXPIRED,3964,YES
CUST98643,Smart Watch,EXPIRED,3430,YES
CUST59588,Charger,ACTIVE,2972,YES
CUST59588,Power Bank,EXPIRED,2283,NO
CUST59588,Smart Watch,PENDING,3007,NO
CUST59588,Power Bank,ACTIVE,2967,YES
CUST59588,Screen Guard,ACTIVE,1780,YES
CUST59588,Bluetooth Speaker,ACTIVE,1027,NO
CUST59588,Earphones,ACTIVE,2963,NO
CUST59588,Screen Guard,EXPIRED,4582,NO
CUST59588,Power Bank,EXPIRED,1885,YES
CUST59588,Bluetooth Speaker,ACTIVE,1750,YES
CUST59588,Charger,ACTIVE,4740,NO
CUST59588,Phone Stand,ACTIVE,4572,YES
CUST22852,Mobile Cover,ACTIVE,4072,YES
CUST22852,Power Bank,EXPIRED,2093,YES
CUST22852,Charger,EXPIRED,2803,YES
CUST22852,Power Bank,PENDING,2479,YES
CUST22852,Memory Card,ACTIVE,1015,NO
CUST22852,Earphones,PENDING,3660,NO
CUST22852,Screen Guard,PENDING,449,NO
CUST22852,Screen Guard,PENDING,2972,NO
CUST22852,Mobile Cover,ACTIVE,2158,NO
CUST22852,Charger,PENDING,1091,NO
CUST85479,Power Bank,EXPIRED,2590,YES
CUST85479,USB Cable,EXPIRED,2101,NO
CUST85479,Charger,EXPIRED,4696,NO
CUST85479,Bluetooth Speaker,ACTIVE,2348,NO
CUST85479,Mobile Cover,EXPIRED,3355,YES
CUST85479,Power Bank,PENDING,533,NO
CUST85479,Bluetooth Speaker,ACTIVE,4277,YES
CUST85479,Smart Watch,PENDING,1557,NO
CUST85479,Power Bank,ACTIVE,960,NO
CUST85479,Charger,ACTIVE,434,YES
CUST85479,USB Cable,PENDING,2812,NO
CUST85479,Earphones,PENDING,4873,YES
CUST99488,Memory Card,EXPIRED,2784,NO
CUST99488,Memory Card,PENDING,3095,YES
CUST99488,Phone Stand,PENDING,2876,NO
CUST99488,Bluetooth Speaker,PENDING,617,YES
CUST99488,Smart Watch,ACTIVE,814,YES
CUST39417,Bluetooth Speaker,ACTIVE,471,YES
CUST39417,Power Bank,PENDING,1292,YES
CUST39417,Power Bank,PENDING,4662,YES
CUST39417,Mobile Cover,EXPIRED,3113,NO
CUST39417,Phone Stand,PENDING,3066,YES
CUST39417,Smart Watch,ACTIVE,2882,YES
CUST39417,Power Bank,ACTIVE,4548,NO
CUST39417,Memory Card,ACTIVE,2724,YES
CUST80295,Bluetooth Speaker,PENDING,622,NO
CUST80295,Bluetooth Speaker,PENDING,3700,NO
CUST80295,Bluetooth Speaker,PENDING,3375,NO
CUST80295,Screen Guard,PENDING,662,NO
CUST80295,Screen Guard,EXPIRED,4708,YES
CUST80295,Memory Card,EXPIRED,3916,NO
CUST80295,Screen Guard,ACTIVE,895,NO
CUST80295,Phone Stand,PENDING,4636,YES
CUST80295,Smart Watch,EXPIRED,4163,YES
CUST80295,Charger,PENDING,4583,NO
CUST80295,Smart Watch,PENDING,2858,YES
CUST80295,Bluetooth Speaker,PENDING,560,YES
CUST80295,Earphones,PENDING,1912,NO
CUST55774,Phone Stand,ACTIVE,1589,NO
CUST55774,Mobile Cover,ACTIVE,787,YES
CUST55774,Bluetooth Speaker,EXPIRED,3755,YES
CUST55774,Mobile Cover,EXPIRED,4621,NO
CUST55774,Smart Watch,EXPIRED,4274,NO
CUST55447,Charger,ACTIVE,4109,YES
CUST55447,Phone Stand,EXPIRED,2288,YES
CUST55447,Mobile Cover,PENDING,272,YES
CUST55447,USB Cable,PENDING,4411,YES
CUST55447,Smart Watch,EXPIRED,4100,NO
CUST55447,Earphones,ACTIVE,656,NO
CUST55447,Phone Stand,ACTIVE,1635,NO
CUST55447,Phone Stand,ACTIVE,955,NO
CUST55447,Charger,EXPIRED,3295,NO
CUST55447,Phone Stand,ACTIVE,1722,YES
CUST55447,Memory Card,EXPIRED,3658,NO
CUST55447,Smart Watch,ACTIVE,3589,NO
CUST55447,Power Bank,EXPIRED,424,NO
CUST55447,Smart Watch,ACTIVE,4086,NO
CUST55447,USB Cable,ACTIVE,3974,YES
CUST12604,Earphones,EXPIRED,4120,YES
CUST12604,Smart Watch,ACTIVE,3873,YES
CUST12604,Smart Watch,PENDING,4050,YES
CUST12604,Earphones,PENDING,2083,NO
CUST12604,Charger,EXPIRED,549,NO
CUST12604,Mobile Cover,EXPIRED,2484,YES
CUST83962,Smart Watch,EXPIRED,1633,NO
CUST83962,Smart Watch,ACTIVE,4009,YES
CUST83962,Power Bank,ACTIVE,2912,YES
CUST83962,Phone Stand,EXPIRED,3339,YES
CUST83962,Bluetooth Speaker,ACTIVE,1038,NO
CUST83962,Bluetooth Speaker,ACTIVE,3350,YES
CUST83962,Memory Card,PENDING,3299,YES
CUST83962,Mobile Cover,ACTIVE,4527,NO
CUST83962,Bluetooth Speaker,PENDING,1360,YES
CUST83962,Bluetooth Speaker,PENDING,3444,NO
CUST83962,Charger,EXPIRED,2748,NO
CUST83962,Memory Card,PENDING,900,NO
CUST83962,Charger,EXPIRED,2367,YES
CUST83962,Bluetooth Speaker,ACTIVE,329,NO
CUST22947,Mobile Cover,ACTIVE,1784,YES
CUST22947,Mobile Cover,PENDING,1000,NO
CUST22947,Memory Card,PENDING,1026,NO
CUST22947,Mobile Cover,PENDING,302,NO
CUST22947,Charger,PENDING,307,NO
CUST22947,Charger,EXPIRED,2484,YES
CUST91984,Earphones,EXPIRED,844,YES
CUST91984,Memory Card,ACTIVE,3795,YES
CUST91984,USB Cable,PENDING,1045,NO
CUST91984,Screen Guard,ACTIVE,4363,NO
CUST91984,Charger,PENDING,2231,YES
CUST91984,Screen Guard,EXPIRED,1196,YES
CUST91984,Phone Stand,EXPIRED,786,NO
CUST91984,Screen Guard,EXPIRED,3331,NO
CUST91984,Mobile Cover,EXPIRED,2659,NO
CUST91984,Charger,EXPIRED,1178,YES
CUST44128,USB Cable,PENDING,4829,NO
CUST44128,Screen Guard,EXPIRED,214,YES
CUST44128,USB Cable,PENDING,3692,YES
CUST44128,Bluetooth Speaker,EXPIRED,616,NO
CUST44128,Memory Card,ACTIVE,630,NO
CUST44128,Phone Stand,EXPIRED,4909,YES
CUST44128,Screen Guard,ACTIVE,3828,NO
CUST44128,Charger,EXPIRED,175,YES
CUST44128,Bluetooth Speaker,PENDING,3870,NO
CUST44128,Smart Watch,EXPIRED,1469,NO
CUST76660,Screen Guard,EXPIRED,3799,NO
CUST76660,Earphones,ACTIVE,2623,NO
CUST76660,Bluetooth Speaker,PENDING,3487,YES
CUST76660,Mobile Cover,PENDING,602,YES
CUST76660,Charger,EXPIRED,4782,NO
CUST76660,Bluetooth Speaker,EXPIRED,2052,NO
CUST76660,USB Cable,PENDING,3876,NO
CUST76660,Screen Guard,ACTIVE,2714,NO
CUST76660,Smart Watch,EXPIRED,3595,NO
CUST76660,Memory Card,ACTIVE,1948,NO
CUST76660,Power Bank,EXPIRED,1780,NO
CUST76660,Power Bank,EXPIRED,3478,YES
CUST76660,Bluetooth Speaker,ACTIVE,2314,NO
CUST76660,USB Cable,EXPIRED,1478,NO
CUST15038,Mobile Cover,PENDING,1988,YES
CUST15038,Smart Watch,EXPIRED,2518,NO
CUST15038,Power Bank,ACTIVE,2896,YES
CUST15038,Bluetooth Speaker,PENDING,1533,YES
CUST15038,Memory Card,PENDING,2507,NO
CUST15038,Memory Card,PENDING,1531,NO
CUST15038,Mobile Cover,PENDING,3658,NO
CUST15038,Phone Stand,ACTIVE,4581,NO
CUST15038,USB Cable,ACTIVE,784,YES
CUST15038,Screen Guard,ACTIVE,4713,NO
CUST15038,Power Bank,ACTIVE,2395,YES
CUST15038,Smart Watch,PENDING,1742,NO
CUST22361,Bluetooth Speaker,PENDING,3984,NO
CUST22361,Smart Watch,EXPIRED,934,YES
CUST22361,Mobile Cover,PENDING,787,NO
CUST22361,Mobile Cover,ACTIVE,4998,NO
CUST22361,Charger,EXPIRED,1930,YES
CUST22361,Earphones,EXPIRED,2166,NO
CUST22361,Earphones,ACTIVE,192,YES
CUST22361,Smart Watch,PENDING,3811,YES
CUST22361,Bluetooth Speaker,ACTIVE,2630,YES
CUST22361,USB Cable,EXPIRED,630,YES
CUST22361,Screen Guard,ACTIVE,3453,YES
CUST22361,Charger,ACTIVE,1092,NO
CUST22361,USB Cable,ACTIVE,556,YES
CUST22361,Earphones,EXPIRED,1257,NO
CUST22361,Charger,EXPIRED,1827,NO
CUST99767,Bluetooth Speaker,ACTIVE,2215,NO
CUST99767,Phone Stand,EXPIRED,2651,NO
CUST99767,Bluetooth Speaker,EXPIRED,2066,NO
CUST99767,Mobile Cover,ACTIVE,4020,YES
CUST99767,Bluetooth Speaker,EXPIRED,1033,YES
CUST99767,Earphones,ACTIVE,1369,NO
CUST99767,Charger,PENDING,4584,YES
CUST99767,Bluetooth Speaker,EXPIRED,1925,NO
CUST99767,Screen Guard,ACTIVE,4846,NO
CUST59863,Bluetooth Speaker,PENDING,4124,YES
CUST59863,Power Bank,ACTIVE,3346,YES
CUST59863,Power Bank,ACTIVE,1619,NO
CUST59863,Smart Watch,PENDING,3258,NO
CUST59863,Mobile Cover,PENDING,3240,NO
CUST59863,Charger,PENDING,2501,NO
CUST59863,Charger,ACTIVE,4107,YES
CUST59863,Phone Stand,PENDING,2075,YES
CUST59863,Smart Watch,PENDING,2748,NO
CUST59863,Mobile Cover,PENDING,3113,YES
CUST59863,Charger,EXPIRED,1043,NO
CUST59863,Memory Card,EXPIRED,3484,NO
CUST59863,Bluetooth Speaker,EXPIRED,1851,YES
CUST15633,Charger,EXPIRED,1505,NO
CUST15633,Earphones,PENDING,2290,YES
CUST15633,Screen Guard,ACTIVE,3034,YES
CUST15633,Mobile Cover,ACTIVE,1644,YES
CUST15633,USB Cable,EXPIRED,1748,NO
CUST99211,Bluetooth Speaker,EXPIRED,3981,NO
CUST99211,Power Bank,EXPIRED,4129,YES
CUST99211,Charger,EXPIRED,3898,YES
CUST99211,Power Bank,EXPIRED,2357,NO
CUST99211,Mobile Cover,PENDING,1594,YES
CUST99211,USB Cable,ACTIVE,4302,NO
CUST99211,Earphones,EXPIRED,360,YES
CUST99211,Screen Guard,EXPIRED,4102,YES
CUST99211,Mobile Cover,ACTIVE,884,YES
CUST99211,Memory Card,EXPIRED,2340,NO
CUST99211,Memory Card,ACTIVE,1376,NO
CUST87341,Mobile Cover,EXPIRED,1797,YES
CUST87341,Power Bank,ACTIVE,892,YES
CUST87341,Power Bank,ACTIVE,4779,NO
CUST87341,Bluetooth Speaker,ACTIVE,3254,NO
CUST87341,Memory Card,ACTIVE,1182,NO
CUST87341,Smart Watch,EXPIRED,4205,YES
CUST87341,Power Bank,ACTIVE,352,NO
CUST87341,Mobile Cover,EXPIRED,2676,YES
CUST87341,Screen Guard,EXPIRED,2117,YES
CUST87341,Mobile Cover,PENDING,2666,YES
CUST96399,Power Bank,EXPIRED,3627,YES
CUST96399,Screen Guard,PENDING,4365,YES
CUST96399,USB Cable,PENDING,1545,NO
CUST96399,Power Bank,ACTIVE,2316,NO
CUST96399,Mobile Cover,PENDING,1578,NO
CUST70649,Earphones,PENDING,2270,NO
CUST70649,Mobile Cover,ACTIVE,4003,NO
CUST70649,Smart Watch,EXPIRED,3768,YES
CUST70649,Memory Card,EXPIRED,4460,NO
CUST70649,Earphones,PENDING,4452,NO
CUST70649,Screen Guard,PENDING,3256,NO
CUST70649,Smart Watch,EXPIRED,3572,NO
CUST70649,Phone Stand,ACTIVE,4681,NO
CUST11936,Bluetooth Speaker,EXPIRED,1970,NO
CUST11936,Mobile Cover,ACTIVE,1300,YES
CUST11936,Screen Guard,ACTIVE,3793,NO
CUST11936,Smart Watch,ACTIVE,1372,NO
CUST11936,Memory Card,PENDING,4352,YES
CUST11936,Memory Card,EXPIRED,1069,NO
CUST11936,Mobile Cover,EXPIRED,3443,NO
CUST11936,Mobile Cover,EXPIRED,446,NO
CUST11936,USB Cable,ACTIVE,692,NO
CUST11936,Charger,PENDING,1570,NO
CUST11936,Phone Stand,PENDING,2035,YES
CUST72591,Screen Guard,ACTIVE,4432,NO
CUST72591,Charger,PENDING,1467,NO
CUST72591,Power Bank,ACTIVE,2901,NO
CUST72591,Earphones,PENDING,2536,YES
CUST72591,Smart Watch,ACTIVE,4472,NO
CUST23604,Smart Watch,EXPIRED,2432,NO
CUST23604,Earphones,EXPIRED,3335,YES
CUST23604,Bluetooth Speaker,ACTIVE,1845,YES
CUST23604,Power Bank,PENDING,3035,YES
CUST23604,Charger,PENDING,2625,YES
CUST45466,Screen Guard,ACTIVE,4587,NO
CUST45466,Earphones,EXPIRED,4250,YES
CUST45466,USB Cable,ACTIVE,4315,YES
CUST45466,Charger,EXPIRED,2579,NO
CUST45466,Screen Guard,PENDING,3078,NO
CUST45466,Memory Card,EXPIRED,4290,NO
CUST45466,Earphones,ACTIVE,4535,YES
CUST45466,USB Cable,EXPIRED,3894,YES
CUST45466,Memory Card,PENDING,521,NO
CUST45466,Earphones,EXPIRED,4336,NO
CUST45466,Charger,PENDING,4357,NO
CUST45466,Memory Card,ACTIVE,4888,YES
CUST45466,Smart Watch,PENDING,3768,YES
CUST45466,Power Bank,ACTIVE,1509,YES
CUST45466,Power Bank,ACTIVE,803,NO
CUST52983,Smart Watch,PENDING,3902,YES
CUST52983,Charger,ACTIVE,3926,NO
CUST52983,Mobile Cover,PENDING,4318,NO
CUST52983,Power Bank,ACTIVE,3108,YES
CUST52983,Smart Watch,EXPIRED,2262,YES
CUST52983,Mobile Cover,PENDING,3089,NO
CUST52983,Charger,ACTIVE,1015,NO
CUST70150,Smart Watch,EXPIRED,840,NO
CUST70150,Phone Stand,PENDING,3206,YES
CUST70150,Mobile Cover,EXPIRED,457,NO
CUST70150,Mobile Cover,PENDING,4856,YES
CUST70150,Phone Stand,ACTIVE,4431,YES
CUST70150,Memory Card,EXPIRED,709,YES
CUST70150,Mobile Cover,EXPIRED,1404,NO
CUST70150,USB Cable,PENDING,1974,YES
CUST70150,Smart Watch,PENDING,3984,NO
CUST70150,Mobile Cover,PENDING,352,NO
CUST65722,Screen Guard,ACTIVE,2546,YES
CUST65722,Charger,EXPIRED,503,YES
CUST65722,Bluetooth Speaker,ACTIVE,880,YES
CUST65722,Mobile Cover,PENDING,1676,YES
CUST65722,Mobile Cover,EXPIRED,3653,NO
CUST65722,Earphones,ACTIVE,4924,NO
CUST95534,USB Cable,EXPIRED,853,YES
CUST95534,Charger,PENDING,376,YES
CUST95534,Charger,PENDING,2248,NO
CUST95534,Phone Stand,PENDING,2072,NO
CUST95534,Smart Watch,EXPIRED,3984,YES
CUST95534,Bluetooth Speaker,ACTIVE,4788,YES
CUST95534,Mobile Cover,PENDING,1144,YES
CUST95534,Bluetooth Speaker,EXPIRED,4291,YES
CUST95534,Screen Guard,EXPIRED,1714,YES
CUST95534,Earphones,PENDING,244,NO
CUST95534,Smart Watch,EXPIRED,3923,YES
CUST95534,Screen Guard,ACTIVE,362,YES
CUST95534,Power Bank,ACTIVE,296,YES
CUST95534,Power Bank,EXPIRED,1763,YES
CUST47041,Earphones,PENDING,2418,NO
CUST47041,Earphones,PENDING,1554,NO
CUST47041,USB Cable,ACTIVE,3135,YES
CUST47041,Earphones,EXPIRED,3860,NO
CUST47041,Smart Watch,PENDING,2252,NO
CUST47041,Bluetooth Speaker,EXPIRED,1496,NO
CUST47041,Bluetooth Speaker,ACTIVE,1839,NO
CUST59367,Screen Guard,ACTIVE,2347,YES
CUST59367,Bluetooth Speaker,ACTIVE,139,NO
CUST59367,Phone Stand,EXPIRED,3514,NO
CUST59367,Smart Watch,ACTIVE,2828,NO
CUST59367,Smart Watch,ACTIVE,2524,NO
CUST59367,USB Cable,PENDING,4168,YES
CUST59367,Bluetooth Speaker,ACTIVE,2270,NO
CUST59367,Phone Stand,EXPIRED,4556,YES
CUST59367,Bluetooth Speaker,ACTIVE,4954,YES
CUST13313,Smart Watch,EXPIRED,630,YES
CUST13313,Charger,PENDING,3454,NO
CUST13313,USB Cable,PENDING,2171,YES
CUST13313,USB Cable,EXPIRED,1866,YES
CUST13313,Bluetooth Speaker,PENDING,4497,YES
CUST13313,Screen Guard,EXPIRED,1265,YES
CUST13313,Bluetooth Speaker,EXPIRED,459,YES
CUST13313,Screen Guard,PENDING,1911,NO
CUST13313,Bluetooth Speaker,ACTIVE,957,NO
CUST13313,Screen Guard,EXPIRED,1018,NO
CUST71898,Screen Guard,EXPIRED,3180,YES
CUST71898,Screen Guard,PENDING,3076,NO
CUST71898,Bluetooth Speaker,ACTIVE,3603,YES
CUST71898,Smart Watch,ACTIVE,2216,YES
CUST71898,USB Cable,PENDING,216,YES
CUST71898,Smart Watch,ACTIVE,4915,YES
CUST71898,Mobile Cover,PENDING,2083,NO
CUST71898,Phone Stand,PENDING,4549,NO
CUST71898,Phone Stand,ACTIVE,3984,YES
CUST71898,Screen Guard,PENDING,2057,NO
CUST71898,Smart Watch,PENDING,2427,YES
CUST10840,Charger,ACTIVE,2198,YES
CUST10840,Power Bank,PENDING,677,YES
CUST10840,Phone Stand,ACTIVE,4782,YES
CUST10840,Earphones,EXPIRED,3430,YES
CUST10840,Mobile Cover,EXPIRED,3694,YES
CUST10840,Earphones,EXPIRED,3185,YES
CUST10840,Phone Stand,PENDING,1543,NO
CUST10840,Charger,ACTIVE,3150,YES
CUST10840,Power Bank,PENDING,1069,NO
CUST10840,Power Bank,PENDING,4528,YES
CUST10840,Power Bank,PENDING,660,YES
CUST10840,Charger,PENDING,4247,NO
CUST10840,Phone Stand,PENDING,3572,YES
CUST10840,Charger,PENDING,4808,YES
CUST30286,Smart Watch,EXPIRED,4819,YES
CUST30286,Smart Watch,PENDING,576,NO
CUST30286,Memory Card,ACTIVE,341,YES
CUST30286,Memory Card,ACTIVE,2722,NO
CUST30286,Phone Stand,EXPIRED,1692,NO
CUST30286,Memory Card,EXPIRED,4055,YES
CUST30286,Phone Stand,EXPIRED,800,NO
CUST30286,Screen Guard,EXPIRED,3742,YES
CUST30286,Phone Stand,ACTIVE,2097,NO
CUST30286,Power Bank,PENDING,3699,NO
CUST30286,Earphones,EXPIRED,4006,YES
CUST30286,Earphones,ACTIVE,263,NO
CUST30286,Screen Guard,PENDING,1953,NO
CUST91243,Screen Guard,EXPIRED,3682,YES
CUST91243,Phone Stand,EXPIRED,1303,NO
CUST91243,Earphones,EXPIRED,808,YES
CUST91243,USB Cable,ACTIVE,2857,NO
CUST91243,Smart Watch,EXPIRED,2222,NO
CUST91243,USB Cable,EXPIRED,2770,YES
CUST91243,Screen Guard,PENDING,3402,YES
CUST12338,Charger,EXPIRED,1943,YES
CUST12338,Phone Stand,EXPIRED,1908,YES
CUST12338,Charger,ACTIVE,3990,YES
CUST12338,Charger,EXPIRED,3263,YES
CUST12338,Memory Card,PENDING,287,NO
CUST12338,Phone Stand,EXPIRED,1152,YES
CUST12338,Mobile Cover,EXPIRED,1541,YES
CUST12338,USB Cable,ACTIVE,757,YES
CUST12338,Smart Watch,EXPIRED,2787,YES
CUST12338,Charger,EXPIRED,3381,NO
CUST12338,Power Bank,EXPIRED,2288,NO
CUST12338,Phone Stand,PENDING,1012,NO
CUST12338,Screen Guard,PENDING,2139,YES
CUST12338,Charger,PENDING,4334,NO
CUST70821,Memory Card,PENDING,3436,YES
CUST70821,Bluetooth Speaker,EXPIRED,2157,NO
CUST70821,USB Cable,PENDING,871,YES
CUST70821,Bluetooth Speaker,EXPIRED,1954,YES
CUST70821,Smart Watch,ACTIVE,4605,YES
CUST70821,Power Bank,ACTIVE,3371,NO
CUST70821,USB Cable,PENDING,305,NO
CUST70821,Mobile Cover,ACTIVE,3742,NO
CUST70821,Phone Stand,ACTIVE,1769,YES
CUST70821,Memory Card,ACTIVE,1279,NO
CUST70821,Mobile Cover,PENDING,4479,YES
CUST70821,Memory Card,ACTIVE,4525,YES
CUST70821,Mobile Cover,ACTIVE,4057,YES
CUST60060,Smart Watch,PENDING,4067,YES
CUST60060,Charger,PENDING,2463,NO
CUST60060,Mobile Cover,EXPIRED,2032,YES
CUST60060,Smart Watch,ACTIVE,1767,NO
CUST60060,Memory Card,PENDING,2555,YES
CUST60060,Charger,PENDING,1647,YES
CUST60060,Memory Card,PENDING,1440,NO
CUST60060,Mobile Cover,ACTIVE,994,NO
CUST60060,Mobile Cover,ACTIVE,1581,NO
CUST60060,Mobile Cover,EXPIRED,2847,YES
CUST60060,Earphones,ACTIVE,1099,YES
CUST60060,Phone Stand,PENDING,4198,NO
CUST60060,Charger,PENDING,2632,NO
CUST60060,Memory Card,PENDING,1793,NO
CUST60060,Earphones,PENDING,2164,NO
CUST86695,Charger,EXPIRED,3924,NO
CUST86695,USB Cable,ACTIVE,2748,YES
CUST86695,Phone Stand,EXPIRED,741,NO
CUST86695,Charger,ACTIVE,3340,NO
CUST86695,Earphones,ACTIVE,4748,NO
CUST86695,Charger,ACTIVE,4507,NO
CUST78270,Earphones,PENDING,2985,YES
CUST78270,Memory Card,ACTIVE,2843,NO
CUST78270,Charger,EXPIRED,3108,NO
CUST78270,Power Bank,ACTIVE,3456,NO
CUST78270,Smart Watch,EXPIRED,2978,NO
CUST78270,Bluetooth Speaker,ACTIVE,1883,NO
CUST78270,Screen Guard,ACTIVE,781,YES
CUST78270,Smart Watch,EXPIRED,3427,YES
CUST78270,Earphones,EXPIRED,568,NO
CUST78270,Mobile Cover,EXPIRED,2155,NO
CUST78270,Memory Card,EXPIRED,2512,NO
CUST57390,Screen Guard,EXPIRED,2461,YES
CUST57390,Memory Card,ACTIVE,3275,YES
CUST57390,Power Bank,PENDING,3305,NO
CUST57390,Earphones,PENDING,620,YES
CUST57390,Earphones,EXPIRED,3617,NO
CUST57390,Phone Stand,EXPIRED,2522,NO
CUST57390,Power Bank,PENDING,3628,YES
CUST57390,USB Cable,ACTIVE,4529,NO
CUST57390,Screen Guard,ACTIVE,3095,YES
CUST74574,Mobile Cover,PENDING,1994,NO
CUST74574,Mobile Cover,ACTIVE,415,NO
CUST74574,Power Bank,ACTIVE,1472,YES
CUST74574,Memory Card,ACTIVE,1681,NO
CUST74574,Smart Watch,PENDING,4233,YES
CUST74574,USB Cable,EXPIRED,1825,NO
CUST74574,Earphones,PENDING,1926,YES
CUST74574,Power Bank,EXPIRED,1125,YES
CUST29101,Smart Watch,ACTIVE,2725,NO
CUST29101,Smart Watch,PENDING,288,YES
CUST29101,USB Cable,PENDING,3826,NO
CUST29101,Memory Card,EXPIRED,1525,YES
CUST29101,Screen Guard,PENDING,1326,YES
CUST29101,Mobile Cover,ACTIVE,3276,NO
CUST29101,Screen Guard,ACTIVE,4966,YES
CUST29101,Earphones,PENDING,3391,YES
CUST29101,Earphones,ACTIVE,1478,NO
CUST29101,Mobile Cover,ACTIVE,4151,NO
CUST29101,Mobile Cover,EXPIRED,4920,NO
CUST29101,Power Bank,ACTIVE,2127,NO
CUST29101,USB Cable,EXPIRED,4128,NO
CUST29101,Earphones,ACTIVE,2238,YES
CUST77237,Smart Watch,PENDING,605,NO
CUST77237,Mobile Cover,PENDING,2607,NO
CUST77237,Power Bank,ACTIVE,451,NO
CUST77237,Mobile Cover,PENDING,1346,YES
CUST77237,Smart Watch,PENDING,3829,YES
CUST77237,USB Cable,ACTIVE,1790,NO
CUST77237,USB Cable,PENDING,3467,NO
CUST77237,Mobile Cover,EXPIRED,298,NO
CUST77237,Earphones,ACTIVE,530,NO
CUST77237,Mobile Cover,ACTIVE,3295,YES
CUST77237,Screen Guard,ACTIVE,4845,NO
CUST77237,Phone Stand,PENDING,465,NO
CUST54728,Earphones,EXPIRED,4251,YES
CUST54728,Earphones,PENDING,4156,NO
CUST54728,Phone Stand,EXPIRED,2155,YES
CUST54728,Earphones,EXPIRED,3920,YES
CUST54728,Phone Stand,PENDING,1227,NO
CUST54728,USB Cable,ACTIVE,3963,NO
CUST54728,Screen Guard,EXPIRED,2961,NO
CUST54728,Charger,PENDING,4054,YES
CUST54728,Mobile Cover,EXPIRED,2157,YES
CUST54728,Screen Guard,ACTIVE,4477,NO
CUST54728,USB Cable,ACTIVE,4313,NO
CUST54728,Phone Stand,PENDING,4104,NO
CUST54728,Mobile Cover,PENDING,4916,YES
CUST54728,Mobile Cover,ACTIVE,4611,NO
CUST17076,Earphones,EXPIRED,3000,NO
CUST17076,USB Cable,EXPIRED,2517,YES
CUST17076,Bluetooth Speaker,EXPIRED,2316,NO
CUST17076,Screen Guard,EXPIRED,4610,YES
CUST17076,Phone Stand,ACTIVE,1206,NO
CUST17076,USB Cable,ACTIVE,1202,NO
CUST17076,Screen Guard,EXPIRED,3755,YES
CUST17076,Bluetooth Speaker,EXPIRED,1148,YES
CUST17076,Screen Guard,EXPIRED,586,NO
CUST17076,Memory Card,ACTIVE,421,YES
CUST17076,Phone Stand,ACTIVE,1398,NO
CUST17076,Mobile Cover,EXPIRED,2248,YES
CUST35520,Smart Watch,ACTIVE,1234,YES
CUST35520,Smart Watch,EXPIRED,2753,YES
CUST35520,Screen Guard,ACTIVE,1217,NO
CUST35520,Phone Stand,ACTIVE,1966,NO
CUST35520,Mobile Cover,EXPIRED,1999,NO
CUST35520,Bluetooth Speaker,EXPIRED,3435,YES
CUST35520,Earphones,PENDING,4508,NO
CUST35520,Charger,ACTIVE,884,NO
CUST35520,Mobile Cover,EXPIRED,1073,NO
CUST35520,Mobile Cover,PENDING,1940,NO
CUST73668,Smart Watch,EXPIRED,1605,NO
CUST73668,Power Bank,PENDING,4034,NO
CUST73668,Mobile Cover,EXPIRED,984,NO
CUST73668,Memory Card,PENDING,1042,YES
CUST73668,Earphones,PENDING,2139,NO
CUST32202,Memory Card,ACTIVE,2771,YES
CUST32202,Screen Guard,ACTIVE,2618,NO
CUST32202,Smart Watch,EXPIRED,4754,YES
CUST32202,Memory Card,PENDING,1440,NO
CUST32202,Charger,ACTIVE,654,YES
CUST27525,USB Cable,EXPIRED,3044,NO
CUST27525,Bluetooth Speaker,PENDING,781,YES
CUST27525,Mobile Cover,PENDING,4889,NO
CUST27525,Screen Guard,PENDING,1094,NO
CUST27525,Smart Watch,ACTIVE,2580,YES
CUST27525,Power Bank,PENDING,1494,YES
CUST27525,Memory Card,ACTIVE,114,YES
CUST27525,Earphones,PENDING,1202,NO
CUST27525,Power Bank,EXPIRED,918,YES
CUST27525,Memory Card,PENDING,1057,NO
CUST27525,Charger,EXPIRED,1337,NO
CUST27525,Charger,PENDING,3925,YES
CUST27525,Memory Card,ACTIVE,3591,NO
CUST27525,Earphones,PENDING,2907,YES
CUST25561,Screen Guard,ACTIVE,1992,NO
CUST25561,Smart Watch,ACTIVE,1224,NO
CUST25561,USB Cable,EXPIRED,3717,YES
CUST25561,Screen Guard,PENDING,3958,YES
CUST25561,Bluetooth Speaker,ACTIVE,3582,NO
CUST25561,Power Bank,PENDING,4044,NO
CUST25561,Charger,EXPIRED,1596,NO
CUST25561,Mobile Cover,EXPIRED,575,YES
CUST25561,Smart Watch,ACTIVE,2514,YES
CUST25561,Phone Stand,ACTIVE,950,YES
CUST95577,Power Bank,EXPIRED,728,NO
CUST95577,Mobile Cover,ACTIVE,324,NO
CUST95577,Screen Guard,ACTIVE,2939,NO
CUST95577,Smart Watch,ACTIVE,228,NO
CUST95577,Screen Guard,EXPIRED,4176,NO
CUST95577,Mobile Cover,ACTIVE,5000,NO
CUST95577,Power Bank,ACTIVE,639,YES
CUST95577,USB Cable,EXPIRED,757,YES
CUST95577,USB Cable,EXPIRED,4084,NO
CUST95577,Mobile Cover,ACTIVE,4154,YES
CUST95577,Memory Card,PENDING,727,NO
CUST95577,Power Bank,ACTIVE,1354,NO
CUST95577,USB Cable,ACTIVE,2290,YES
CUST95577,USB Cable,ACTIVE,3638,NO
CUST95577,Bluetooth Speaker,EXPIRED,2373,NO
CUST69236,Bluetooth Speaker,ACTIVE,3322,NO
CUST69236,Screen Guard,ACTIVE,2043,YES
CUST69236,Memory Card,PENDING,4822,YES
CUST69236,Screen Guard,ACTIVE,1924,YES
CUST69236,Earphones,PENDING,565,YES
CUST69236,Mobile Cover,ACTIVE,1196,YES
CUST69236,Power Bank,ACTIVE,612,NO
CUST69236,Mobile Cover,PENDING,3140,YES
CUST34876,Phone Stand,ACTIVE,3293,YES
CUST34876,Earphones,ACTIVE,1941,NO
CUST34876,Smart Watch,ACTIVE,2132,YES
CUST34876,Screen Guard,EXPIRED,3899,NO
CUST34876,Earphones,PENDING,1730,NO
CUST34876,Bluetooth Speaker,ACTIVE,1840,NO
CUST34876,Smart Watch,EXPIRED,4719,NO
CUST34876,Mobile Cover,EXPIRED,1660,NO
CUST34876,Smart Watch,PENDING,3871,NO
CUST34876,Memory Card,EXPIRED,2122,NO
CUST34876,Power Bank,PENDING,1713,YES
CUST29370,Bluetooth Speaker,PENDING,1803,YES
CUST29370,Earphones,PENDING,2699,NO
CUST29370,USB Cable,ACTIVE,159,NO
CUST29370,Earphones,PENDING,718,YES
CUST29370,Earphones,PENDING,1457,NO
CUST29370,Screen Guard,ACTIVE,3273,NO
CUST29370,Phone Stand,ACTIVE,2826,NO
CUST29370,USB Cable,PENDING,4706,YES
CUST29370,Bluetooth Speaker,EXPIRED,4107,YES
CUST29370,Phone Stand,PENDING,3188,NO
CUST29370,Bluetooth Speaker,ACTIVE,1284,YES
CUST29370,Earphones,EXPIRED,123,NO
CUST29370,Earphones,PENDING,2051,NO
CUST29370,Phone Stand,ACTIVE,4621,YES
CUST97038,Smart Watch,PENDING,3342,YES
CUST97038,USB Cable,ACTIVE,2997,NO
CUST97038,Memory Card,EXPIRED,1185,YES
CUST97038,Charger,ACTIVE,4487,YES
CUST97038,Phone Stand,PENDING,2475,NO
CUST97038,Screen Guard,ACTIVE,261,YES
CUST97038,USB Cable,ACTIVE,2165,YES
CUST87233,Bluetooth Speaker,PENDING,3719,NO
CUST87233,Bluetooth Speaker,EXPIRED,969,YES
CUST87233,Charger,EXPIRED,2859,NO
CUST87233,Charger,ACTIVE,3880,YES
CUST87233,Phone Stand,EXPIRED,1910,YES
CUST87233,Smart Watch,EXPIRED,1089,NO
CUST87233,Bluetooth Speaker,EXPIRED,416,YES
CUST87233,Earphones,EXPIRED,4066,NO
CUST87233,Mobile Cover,ACTIVE,2740,NO
CUST87233,Screen Guard,PENDING,3901,NO
CUST87233,Mobile Cover,ACTIVE,1435,YES
CUST87233,Mobile Cover,ACTIVE,2249,NO
CUST87233,Phone Stand,PENDING,2243,YES
CUST87233,Phone Stand,ACTIVE,2431,YES
CUST18628,Memory Card,EXPIRED,3064,YES
CUST18628,Smart Watch,PENDING,4363,YES
CUST18628,Bluetooth Speaker,EXPIRED,673,YES
CUST18628,USB Cable,PENDING,624,NO
CUST18628,Smart Watch,EXPIRED,1630,NO
CUST18628,Bluetooth Speaker,PENDING,2130,NO
CUST18628,Mobile Cover,ACTIVE,2896,YES
CUST18628,Phone Stand,PENDING,715,YES
CUST18628,Screen Guard,PENDING,1620,YES
CUST18628,Screen Guard,EXPIRED,4311,NO
CUST18628,USB Cable,PENDING,109,YES
CUST18628,Phone Stand,EXPIRED,1866,YES
CUST18628,USB Cable,EXPIRED,1455,YES
CUST18628,Memory Card,EXPIRED,3429,YES
CUST18628,Phone Stand,PENDING,2965,NO
CUST62096,Memory Card,EXPIRED,905,YES
CUST62096,Smart Watch,PENDING,892,YES
CUST62096,Phone Stand,ACTIVE,1607,NO
CUST62096,Screen Guard,EXPIRED,1286,NO
CUST62096,USB Cable,PENDING,3196,NO
CUST62096,Phone Stand,PENDING,2894,NO
CUST62096,Bluetooth Speaker,EXPIRED,4124,YES
CUST62096,Power Bank,ACTIVE,1423,NO
CUST62096,Smart Watch,EXPIRED,2077,YES
CUST62096,Phone Stand,ACTIVE,723,YES
CUST62096,Bluetooth Speaker,ACTIVE,331,NO
CUST62096,Screen Guard,ACTIVE,4881,YES
CUST62096,Earphones,ACTIVE,3097,YES
CUST62096,Earphones,EXPIRED,1553,NO
CUST62096,Power Bank,EXPIRED,1978,NO
CUST59659,Charger,ACTIVE,3636,YES
CUST59659,Memory Card,ACTIVE,2483,NO
CUST59659,Phone Stand,PENDING,3438,YES
CUST59659,Phone Stand,PENDING,3017,YES
CUST59659,USB Cable,EXPIRED,3643,YES
CUST59659,Smart Watch,PENDING,4136,NO
CUST59659,Bluetooth Speaker,ACTIVE,1981,NO
CUST59659,Bluetooth Speaker,PENDING,4805,NO
CUST59659,Smart Watch,ACTIVE,1517,YES
CUST59659,USB Cable,EXPIRED,4149,YES
CUST59659,Memory Card,EXPIRED,119,YES
CUST59659,Phone Stand,PENDING,4292,NO
CUST59659,Charger,PENDING,3977,NO
CUST59659,USB Cable,ACTIVE,4825,NO
CUST59659,Smart Watch,PENDING,2504,NO
CUST83496,Mobile Cover,ACTIVE,1037,NO
CUST83496,Power Bank,EXPIRED,4807,YES
CUST83496,Screen Guard,EXPIRED,168,NO
CUST83496,Power Bank,EXPIRED,1067,YES
CUST83496,USB Cable,ACTIVE,4771,NO
CUST83496,Mobile Cover,EXPIRED,1107,YES
CUST97631,Power Bank,ACTIVE,4336,NO
CUST97631,Earphones,ACTIVE,200,YES
CUST97631,USB Cable,EXPIRED,3652,YES
CUST97631,Memory Card,ACTIVE,1723,NO
CUST97631,Screen Guard,ACTIVE,903,NO
CUST97631,Charger,PENDING,926,YES
CUST97631,Screen Guard,EXPIRED,2364,NO
CUST97631,USB Cable,EXPIRED,4630,YES
CUST97631,Smart Watch,EXPIRED,1622,YES
CUST97631,Bluetooth Speaker,ACTIVE,1294,YES
CUST70962,Power Bank,PENDING,218,YES
CUST70962,Mobile Cover,EXPIRED,3665,NO
CUST70962,Charger,EXPIRED,4034,YES
CUST70962,Earphones,PENDING,1634,NO
CUST70962,USB Cable,PENDING,3109,YES
CUST70962,Phone Stand,PENDING,4584,NO
CUST70962,Screen Guard,EXPIRED,3933,NO
CUST70962,Charger,EXPIRED,4807,NO
CUST70962,Earphones,PENDING,2537,NO
CUST70962,Bluetooth Speaker,EXPIRED,2874,YES
CUST70962,Bluetooth Speaker,EXPIRED,418,NO
CUST70962,Power Bank,EXPIRED,540,YES
CUST32547,USB Cable,EXPIRED,474,YES
CUST32547,Power Bank,PENDING,3749,YES
CUST32547,Mobile Cover,ACTIVE,3296,YES
CUST32547,Power Bank,ACTIVE,4858,YES
CUST32547,Screen Guard,ACTIVE,4525,NO
CUST32547,USB Cable,EXPIRED,4499,NO
CUST32547,Screen Guard,EXPIRED,1806,NO
CUST32547,Phone Stand,EXPIRED,4694,YES
CUST32547,Mobile Cover,PENDING,1809,YES
CUST32547,USB Cable,ACTIVE,3840,YES
CUST32547,Smart Watch,ACTIVE,585,NO
CUST32547,USB Cable,PENDING,485,NO
CUST55392,Screen Guard,ACTIVE,1430,YES
CUST55392,Phone Stand,EXPIRED,322,NO
CUST55392,Power Bank,PENDING,803,YES
CUST55392,Smart Watch,ACTIVE,3933,NO
CUST55392,Power Bank,EXPIRED,715,YES
CUST55392,USB Cable,PENDING,4357,YES
CUST55392,Bluetooth Speaker,ACTIVE,2709,YES
CUST55392,USB Cable,PENDING,1398,YES
CUST55392,Power Bank,EXPIRED,1320,NO
CUST20397,USB Cable,PENDING,1320,YES
CUST20397,Phone Stand,EXPIRED,2301,NO
CUST20397,Power Bank,EXPIRED,868,NO
